Timesteps,Collisions,Steps Waited,Real-Time Elapsed
38.0,3.0,3.0,0.014180660247802734
106.0,2.0,2.0,0.035366058349609375
125.0,10.0,10.0,0.0409853458404541
44.0,5.0,5.0,0.014456987380981445
79.0,12.0,12.0,0.03153705596923828
70.0,5.0,5.0,0.023412227630615234
31.0,0.0,0.0,0.013072729110717773
75.0,15.0,15.0,0.026854753494262695
13.0,0.0,0.0,0.0041351318359375
14.0,1.0,1.0,0.005133628845214844
133.0,12.0,12.0,0.04253697395324707
33.0,4.0,4.0,0.011460304260253906
15.0,2.0,2.0,0.006106376647949219
13.0,0.0,0.0,0.003892660140991211
56.0,7.0,7.0,0.016582250595092773
98.0,17.0,17.0,0.03342151641845703
30.0,2.0,2.0,0.010493755340576172
30.0,0.0,0.0,0.009132862091064453
13.0,1.0,1.0,0.0051000118255615234
24.0,5.0,5.0,0.007827520370483398
13.0,1.0,1.0,0.003943681716918945
35.0,8.0,8.0,0.013021707534790039
40.0,5.0,5.0,0.017391204833984375
26.0,4.0,4.0,0.012455224990844727
29.0,3.0,3.0,0.008996009826660156
65.0,6.0,6.0,0.030368566513061523
16.0,1.0,1.0,0.007193326950073242
21.0,1.0,1.0,0.008615493774414062
20.0,1.0,1.0,0.009083032608032227
36.0,4.0,4.0,0.01683831214904785
14.0,0.0,0.0,0.0071375370025634766
92.0,11.0,11.0,0.03293251991271973
19.0,3.0,3.0,0.006453514099121094
39.0,8.0,8.0,0.016356229782104492
37.0,2.0,2.0,0.010904550552368164
16.0,3.0,3.0,0.005498409271240234
32.0,3.0,3.0,0.011146783828735352
22.0,9.0,9.0,0.009159326553344727
17.0,2.0,2.0,0.006514072418212891
29.0,3.0,3.0,0.00903010368347168
86.0,5.0,5.0,0.027406692504882812
26.0,4.0,4.0,0.00804591178894043
22.0,2.0,2.0,0.007546186447143555
84.0,7.0,7.0,0.025577306747436523
47.0,6.0,6.0,0.018217086791992188
19.0,0.0,0.0,0.0073184967041015625
83.0,6.0,6.0,0.03029799461364746
128.0,13.0,13.0,0.04449009895324707
37.0,2.0,2.0,0.010986328125
162.0,20.0,20.0,0.053278446197509766
139.0,21.0,21.0,0.05434918403625488
23.0,3.0,3.0,0.011203527450561523
40.0,7.0,7.0,0.01116490364074707
48.0,8.0,8.0,0.016751766204833984
36.0,3.0,3.0,0.012668609619140625
34.0,1.0,1.0,0.010605096817016602
33.0,2.0,2.0,0.009036540985107422
32.0,5.0,5.0,0.009554147720336914
84.0,15.0,15.0,0.027271270751953125
64.0,16.0,16.0,0.023600101470947266
23.0,3.0,3.0,0.0063018798828125
43.0,2.0,2.0,0.013868093490600586
91.0,16.0,16.0,0.02655792236328125
18.0,4.0,4.0,0.005316257476806641
45.0,5.0,5.0,0.013422489166259766
46.0,4.0,4.0,0.015310525894165039
29.0,2.0,2.0,0.011059761047363281
57.0,7.0,7.0,0.02299356460571289
29.0,1.0,1.0,0.0094146728515625
13.0,1.0,1.0,0.005077362060546875
20.0,0.0,0.0,0.00599980354309082
29.0,5.0,5.0,0.008997440338134766
19.0,0.0,0.0,0.005997896194458008
21.0,3.0,3.0,0.006586313247680664
50.0,3.0,3.0,0.014892816543579102
39.0,2.0,2.0,0.012345075607299805
21.0,3.0,3.0,0.00747370719909668
66.0,16.0,16.0,0.023773908615112305
12.0,1.0,1.0,0.00428318977355957
15.0,2.0,2.0,0.004006385803222656
26.0,2.0,2.0,0.008000373840332031
16.0,1.0,1.0,0.0050694942474365234
14.0,2.0,2.0,0.00396728515625
17.0,0.0,0.0,0.005643367767333984
21.0,8.0,8.0,0.006245851516723633
45.0,5.0,5.0,0.014169931411743164
104.0,15.0,15.0,0.0378415584564209
19.0,2.0,2.0,0.00631403923034668
12.0,1.0,1.0,0.006000518798828125
62.0,13.0,13.0,0.025639057159423828
31.0,4.0,4.0,0.010511398315429688
56.0,2.0,2.0,0.018079757690429688
24.0,1.0,1.0,0.007947921752929688
35.0,5.0,5.0,0.011226415634155273
28.0,0.0,0.0,0.00935983657836914
22.0,9.0,9.0,0.008022308349609375
95.0,9.0,9.0,0.030316591262817383
16.0,4.0,4.0,0.005806446075439453
83.0,8.0,8.0,0.05315065383911133
13.0,1.0,1.0,0.007058143615722656
20.0,1.0,1.0,0.0059969425201416016
52.0,6.0,6.0,0.019156217575073242
27.0,5.0,5.0,0.013215780258178711
12.0,1.0,1.0,0.0032308101654052734
50.0,10.0,10.0,0.01528787612915039
85.0,2.0,2.0,0.025103330612182617
31.0,3.0,3.0,0.0096435546875
23.0,2.0,2.0,0.006592988967895508
126.0,10.0,10.0,0.041086673736572266
23.0,5.0,5.0,0.009423971176147461
63.0,8.0,8.0,0.02306389808654785
11.0,0.0,0.0,0.004007816314697266
56.0,10.0,10.0,0.02075338363647461
26.0,2.0,2.0,0.009105443954467773
49.0,9.0,9.0,0.019643545150756836
18.0,1.0,1.0,0.008419990539550781
19.0,6.0,6.0,0.0063762664794921875
18.0,5.0,5.0,0.005385637283325195
21.0,2.0,2.0,0.008634090423583984
14.0,0.0,0.0,0.00599980354309082
27.0,0.0,0.0,0.009811878204345703
31.0,5.0,5.0,0.011146068572998047
52.0,2.0,2.0,0.020627975463867188
26.0,0.0,0.0,0.009870529174804688
41.0,7.0,7.0,0.012877941131591797
22.0,2.0,2.0,0.009221792221069336
71.0,7.0,7.0,0.030628442764282227
12.0,1.0,1.0,0.004877328872680664
25.0,2.0,2.0,0.007325649261474609
54.0,7.0,7.0,0.016698598861694336
14.0,0.0,0.0,0.004131317138671875
34.0,1.0,1.0,0.011147737503051758
71.0,4.0,4.0,0.024693727493286133
80.0,14.0,14.0,0.02420210838317871
16.0,4.0,4.0,0.005033969879150391
195.0,20.0,20.0,0.0668032169342041
147.0,16.0,16.0,0.045440673828125
29.0,0.0,0.0,0.008292198181152344
37.0,7.0,7.0,0.011845588684082031
26.0,2.0,2.0,0.008998632431030273
15.0,2.0,2.0,0.006236076354980469
51.0,9.0,9.0,0.023586750030517578
30.0,4.0,4.0,0.010284185409545898
28.0,1.0,1.0,0.008999347686767578
15.0,2.0,2.0,0.0050334930419921875
75.0,5.0,5.0,0.026999950408935547
92.0,10.0,10.0,0.032000064849853516
25.0,3.0,3.0,0.0070002079010009766
19.0,2.0,2.0,0.007589817047119141
42.0,4.0,4.0,0.01900005340576172
31.0,6.0,6.0,0.01047968864440918
30.0,0.0,0.0,0.009387493133544922
153.0,16.0,16.0,0.049141883850097656
64.0,11.0,11.0,0.023046016693115234
23.0,3.0,3.0,0.0073049068450927734
14.0,1.0,1.0,0.007002353668212891
19.0,0.0,0.0,0.0060007572174072266
48.0,3.0,3.0,0.017140626907348633
22.0,3.0,3.0,0.006543874740600586
57.0,9.0,9.0,0.018556833267211914
24.0,2.0,2.0,0.010042667388916016
21.0,2.0,2.0,0.009000062942504883
24.0,3.0,3.0,0.014038801193237305
78.0,7.0,7.0,0.026449918746948242
18.0,2.0,2.0,0.0065021514892578125
12.0,0.0,0.0,0.005135297775268555
12.0,0.0,0.0,0.0035314559936523438
12.0,2.0,2.0,0.0075070858001708984
51.0,1.0,1.0,0.018234968185424805
13.0,1.0,1.0,0.004047393798828125
53.0,4.0,4.0,0.016553401947021484
93.0,16.0,16.0,0.030543804168701172
68.0,5.0,5.0,0.020787477493286133
78.0,24.0,24.0,0.023651838302612305
29.0,2.0,2.0,0.008641481399536133
51.0,3.0,3.0,0.017982959747314453
21.0,2.0,2.0,0.006718158721923828
51.0,0.0,0.0,0.017564773559570312
54.0,6.0,6.0,0.022794246673583984
81.0,12.0,12.0,0.030295610427856445
28.0,4.0,4.0,0.009397745132446289
56.0,5.0,5.0,0.0190887451171875
55.0,3.0,3.0,0.020554304122924805
25.0,0.0,0.0,0.014147520065307617
27.0,4.0,4.0,0.009511709213256836
37.0,2.0,2.0,0.010475635528564453
65.0,4.0,4.0,0.01941680908203125
56.0,11.0,11.0,0.018884897232055664
29.0,7.0,7.0,0.010343313217163086
20.0,0.0,0.0,0.0060863494873046875
18.0,1.0,1.0,0.005480289459228516
31.0,7.0,7.0,0.009773015975952148
15.0,0.0,0.0,0.006109714508056641
44.0,4.0,4.0,0.015397787094116211
49.0,2.0,2.0,0.023610591888427734
20.0,1.0,1.0,0.005133390426635742
24.0,0.0,0.0,0.007927656173706055
21.0,0.0,0.0,0.006036996841430664
18.0,3.0,3.0,0.005911827087402344
14.0,0.0,0.0,0.0050547122955322266
23.0,3.0,3.0,0.0058939456939697266
13.0,0.0,0.0,0.004761457443237305
58.0,7.0,7.0,0.023102998733520508
24.0,6.0,6.0,0.008719205856323242
40.0,8.0,8.0,0.01982259750366211
107.0,21.0,21.0,0.0460352897644043
59.0,4.0,4.0,0.0221865177154541
19.0,0.0,0.0,0.007088184356689453
21.0,2.0,2.0,0.007201433181762695
32.0,1.0,1.0,0.014885663986206055
48.0,8.0,8.0,0.02288341522216797
11.0,0.0,0.0,0.0052721500396728516
116.0,21.0,21.0,0.03590893745422363
25.0,3.0,3.0,0.0072557926177978516
53.0,5.0,5.0,0.027193784713745117
70.0,7.0,7.0,0.028265714645385742
101.0,7.0,7.0,0.03757166862487793
43.0,4.0,4.0,0.012566566467285156
34.0,5.0,5.0,0.015981435775756836
49.0,3.0,3.0,0.018810510635375977
20.0,0.0,0.0,0.0060558319091796875
23.0,11.0,11.0,0.007201671600341797
17.0,2.0,2.0,0.005160808563232422
111.0,13.0,13.0,0.03173112869262695
29.0,3.0,3.0,0.0084075927734375
62.0,9.0,9.0,0.023135662078857422
23.0,8.0,8.0,0.007232666015625
18.0,3.0,3.0,0.00721287727355957
80.0,7.0,7.0,0.027257919311523438
17.0,2.0,2.0,0.005151271820068359
45.0,8.0,8.0,0.014434099197387695
36.0,4.0,4.0,0.013315916061401367
40.0,5.0,5.0,0.014824390411376953
26.0,2.0,2.0,0.008626937866210938
20.0,3.0,3.0,0.00577235221862793
87.0,7.0,7.0,0.03142213821411133
20.0,7.0,7.0,0.0061244964599609375
13.0,1.0,1.0,0.004551887512207031
21.0,4.0,4.0,0.007199525833129883
78.0,8.0,8.0,0.02740764617919922
75.0,11.0,11.0,0.03334522247314453
15.0,2.0,2.0,0.00608372688293457
54.0,4.0,4.0,0.018087148666381836
57.0,1.0,1.0,0.020476579666137695
36.0,4.0,4.0,0.014732122421264648
95.0,9.0,9.0,0.04639768600463867
30.0,2.0,2.0,0.009677648544311523
20.0,7.0,7.0,0.00874185562133789
84.0,11.0,11.0,0.03136396408081055
49.0,8.0,8.0,0.0169680118560791
114.0,23.0,23.0,0.04247236251831055
13.0,0.0,0.0,0.008549690246582031
37.0,6.0,6.0,0.014382123947143555
95.0,7.0,7.0,0.038149118423461914
14.0,2.0,2.0,0.006189584732055664
81.0,10.0,10.0,0.03405928611755371
30.0,5.0,5.0,0.00975942611694336
18.0,2.0,2.0,0.0051882266998291016
16.0,4.0,4.0,0.003984212875366211
101.0,15.0,15.0,0.03063035011291504
77.0,11.0,11.0,0.022844791412353516
42.0,11.0,11.0,0.014307975769042969
45.0,8.0,8.0,0.013942241668701172
39.0,3.0,3.0,0.014359712600708008
62.0,6.0,6.0,0.017756223678588867
50.0,6.0,6.0,0.015563249588012695
53.0,8.0,8.0,0.02091360092163086
14.0,3.0,3.0,0.005766868591308594
23.0,6.0,6.0,0.010836601257324219
171.0,17.0,17.0,0.08556365966796875
46.0,2.0,2.0,0.014821767807006836
19.0,0.0,0.0,0.009912252426147461
105.0,11.0,11.0,0.03610658645629883
29.0,3.0,3.0,0.009697437286376953
35.0,5.0,5.0,0.011634588241577148
75.0,14.0,14.0,0.027404308319091797
20.0,9.0,9.0,0.007236480712890625
13.0,1.0,1.0,0.0040357112884521484
23.0,5.0,5.0,0.009551763534545898
17.0,2.0,2.0,0.005602598190307617
16.0,0.0,0.0,0.008275270462036133
51.0,3.0,3.0,0.017735719680786133
56.0,5.0,5.0,0.018278837203979492
65.0,12.0,12.0,0.023061275482177734
123.0,20.0,20.0,0.04875659942626953
38.0,5.0,5.0,0.014570236206054688
96.0,11.0,11.0,0.048850297927856445
39.0,2.0,2.0,0.014439105987548828
49.0,2.0,2.0,0.017129898071289062
54.0,11.0,11.0,0.021120309829711914
44.0,5.0,5.0,0.01587224006652832
40.0,3.0,3.0,0.012602806091308594
90.0,15.0,15.0,0.033503055572509766
54.0,9.0,9.0,0.020345449447631836
12.0,0.0,0.0,0.0058231353759765625
89.0,6.0,6.0,0.03217959403991699
12.0,0.0,0.0,0.003761768341064453
26.0,2.0,2.0,0.00831913948059082
194.0,24.0,24.0,0.06333637237548828
12.0,1.0,1.0,0.0037164688110351562
41.0,3.0,3.0,0.012572050094604492
15.0,1.0,1.0,0.0052318572998046875
28.0,6.0,6.0,0.013421058654785156
41.0,2.0,2.0,0.01235342025756836
41.0,1.0,1.0,0.013562917709350586
18.0,3.0,3.0,0.005140542984008789
82.0,20.0,20.0,0.03140878677368164
69.0,7.0,7.0,0.0233609676361084
25.0,4.0,4.0,0.011226177215576172
14.0,2.0,2.0,0.005292654037475586
36.0,6.0,6.0,0.012193679809570312
20.0,4.0,4.0,0.008198976516723633
14.0,0.0,0.0,0.006013154983520508
38.0,1.0,1.0,0.01808619499206543
21.0,8.0,8.0,0.006662845611572266
18.0,2.0,2.0,0.008812665939331055
61.0,9.0,9.0,0.025023221969604492
18.0,2.0,2.0,0.0065877437591552734
32.0,6.0,6.0,0.01099252700805664
57.0,3.0,3.0,0.01862335205078125
20.0,1.0,1.0,0.00677180290222168
78.0,11.0,11.0,0.02419734001159668
89.0,10.0,10.0,0.0283963680267334
21.0,4.0,4.0,0.007871627807617188
39.0,1.0,1.0,0.011866331100463867
43.0,3.0,3.0,0.015902280807495117
121.0,9.0,9.0,0.045487165451049805
45.0,11.0,11.0,0.015731334686279297
44.0,9.0,9.0,0.012893915176391602
42.0,9.0,9.0,0.015140056610107422
141.0,15.0,15.0,0.044614553451538086
12.0,0.0,0.0,0.0031402111053466797
31.0,2.0,2.0,0.00926351547241211
22.0,3.0,3.0,0.007414102554321289
15.0,1.0,1.0,0.00417780876159668
44.0,1.0,1.0,0.016488313674926758
43.0,1.0,1.0,0.017125844955444336
61.0,7.0,7.0,0.02361440658569336
61.0,2.0,2.0,0.03014683723449707
14.0,0.0,0.0,0.00638127326965332
25.0,7.0,7.0,0.015268087387084961
88.0,8.0,8.0,0.03991222381591797
15.0,2.0,2.0,0.005987644195556641
24.0,8.0,8.0,0.013199329376220703
39.0,3.0,3.0,0.014326810836791992
92.0,9.0,9.0,0.026784420013427734
13.0,0.0,0.0,0.004083871841430664
13.0,2.0,2.0,0.004893064498901367
58.0,5.0,5.0,0.016411304473876953
31.0,6.0,6.0,0.013237237930297852
53.0,2.0,2.0,0.0196382999420166
47.0,3.0,3.0,0.017463207244873047
76.0,15.0,15.0,0.02830815315246582
25.0,3.0,3.0,0.009060859680175781
31.0,3.0,3.0,0.011094331741333008
46.0,10.0,10.0,0.01943230628967285
25.0,1.0,1.0,0.009281635284423828
33.0,8.0,8.0,0.011058807373046875
18.0,1.0,1.0,0.005041599273681641
15.0,2.0,2.0,0.004755496978759766
37.0,6.0,6.0,0.009811639785766602
15.0,0.0,0.0,0.004679203033447266
27.0,3.0,3.0,0.008919239044189453
22.0,4.0,4.0,0.0076677799224853516
16.0,3.0,3.0,0.005793094635009766
32.0,4.0,4.0,0.010515213012695312
76.0,8.0,8.0,0.029179811477661133
19.0,0.0,0.0,0.00968790054321289
23.0,3.0,3.0,0.009178638458251953
69.0,9.0,9.0,0.03067469596862793
107.0,15.0,15.0,0.04159903526306152
119.0,16.0,16.0,0.04275393486022949
68.0,4.0,4.0,0.021278858184814453
23.0,4.0,4.0,0.006554365158081055
118.0,15.0,15.0,0.037972211837768555
25.0,1.0,1.0,0.008020639419555664
53.0,4.0,4.0,0.018028974533081055
100.0,11.0,11.0,0.03151249885559082
37.0,2.0,2.0,0.010946035385131836
124.0,16.0,16.0,0.0365300178527832
30.0,0.0,0.0,0.010902166366577148
22.0,2.0,2.0,0.007503986358642578
13.0,1.0,1.0,0.003457784652709961
23.0,10.0,10.0,0.006544589996337891
19.0,0.0,0.0,0.0057294368743896484
33.0,3.0,3.0,0.011966705322265625
26.0,3.0,3.0,0.008716821670532227
25.0,4.0,4.0,0.007542133331298828
26.0,3.0,3.0,0.007662296295166016
32.0,10.0,10.0,0.00886082649230957
83.0,9.0,9.0,0.03313159942626953
72.0,6.0,6.0,0.02407073974609375
22.0,7.0,7.0,0.0061872005462646484
15.0,1.0,1.0,0.004331827163696289
82.0,4.0,4.0,0.031411170959472656
19.0,0.0,0.0,0.0067615509033203125
35.0,2.0,2.0,0.012762784957885742
25.0,3.0,3.0,0.008286476135253906
84.0,13.0,13.0,0.033442020416259766
49.0,7.0,7.0,0.016087770462036133
22.0,1.0,1.0,0.00719761848449707
50.0,10.0,10.0,0.016183137893676758
25.0,2.0,2.0,0.007194042205810547
18.0,2.0,2.0,0.0050089359283447266
30.0,4.0,4.0,0.009649038314819336
55.0,2.0,2.0,0.01882457733154297
97.0,15.0,15.0,0.031032323837280273
20.0,4.0,4.0,0.0076558589935302734
63.0,4.0,4.0,0.019449472427368164
12.0,1.0,1.0,0.0029981136322021484
139.0,19.0,19.0,0.04702281951904297
25.0,0.0,0.0,0.007962703704833984
38.0,3.0,3.0,0.012685298919677734
21.0,2.0,2.0,0.0066564083099365234
138.0,2.0,2.0,0.05420684814453125
63.0,10.0,10.0,0.024822473526000977
45.0,7.0,7.0,0.018394947052001953
68.0,7.0,7.0,0.020078420639038086
47.0,3.0,3.0,0.015408039093017578
31.0,4.0,4.0,0.009747982025146484
39.0,8.0,8.0,0.013541936874389648
59.0,9.0,9.0,0.01943349838256836
52.0,1.0,1.0,0.021723508834838867
44.0,4.0,4.0,0.016458988189697266
18.0,3.0,3.0,0.00660395622253418
88.0,10.0,10.0,0.027959585189819336
61.0,7.0,7.0,0.020121335983276367
51.0,2.0,2.0,0.017453432083129883
12.0,1.0,1.0,0.004195690155029297
29.0,2.0,2.0,0.011355161666870117
51.0,7.0,7.0,0.019459247589111328
33.0,4.0,4.0,0.015389442443847656
33.0,3.0,3.0,0.011770009994506836
14.0,3.0,3.0,0.004685878753662109
13.0,1.0,1.0,0.004413127899169922
104.0,17.0,17.0,0.035320281982421875
17.0,1.0,1.0,0.0057485103607177734
18.0,4.0,4.0,0.0051953792572021484
15.0,2.0,2.0,0.0052030086517333984
58.0,6.0,6.0,0.018471479415893555
23.0,1.0,1.0,0.00819087028503418
13.0,1.0,1.0,0.008264780044555664
26.0,2.0,2.0,0.011880874633789062
43.0,13.0,13.0,0.016266584396362305
17.0,0.0,0.0,0.007374286651611328
29.0,4.0,4.0,0.010579347610473633
37.0,4.0,4.0,0.013053178787231445
45.0,8.0,8.0,0.014851093292236328
49.0,4.0,4.0,0.01679396629333496
12.0,1.0,1.0,0.003935813903808594
52.0,8.0,8.0,0.01571059226989746
74.0,8.0,8.0,0.024068355560302734
52.0,9.0,9.0,0.0164947509765625
37.0,2.0,2.0,0.014950037002563477
12.0,0.0,0.0,0.003993511199951172
13.0,0.0,0.0,0.004145145416259766
22.0,3.0,3.0,0.0062258243560791016
80.0,11.0,11.0,0.0267789363861084
40.0,9.0,9.0,0.013563156127929688
69.0,6.0,6.0,0.02569293975830078
11.0,0.0,0.0,0.004170894622802734
15.0,1.0,1.0,0.006356954574584961
19.0,3.0,3.0,0.006089687347412109
70.0,7.0,7.0,0.02180647850036621
30.0,4.0,4.0,0.01271200180053711
33.0,8.0,8.0,0.013170719146728516
11.0,0.0,0.0,0.0031447410583496094
106.0,11.0,11.0,0.034877777099609375
24.0,0.0,0.0,0.008907318115234375
25.0,5.0,5.0,0.009785890579223633
61.0,3.0,3.0,0.02167034149169922
35.0,2.0,2.0,0.010937690734863281
73.0,3.0,3.0,0.02558159828186035
69.0,11.0,11.0,0.02342844009399414
33.0,3.0,3.0,0.012884378433227539
20.0,0.0,0.0,0.010194778442382812
57.0,10.0,10.0,0.02010321617126465
19.0,1.0,1.0,0.006078481674194336
25.0,3.0,3.0,0.008308649063110352
16.0,1.0,1.0,0.005787849426269531
36.0,10.0,10.0,0.011958122253417969
15.0,1.0,1.0,0.005186319351196289
43.0,4.0,4.0,0.015333890914916992
28.0,5.0,5.0,0.008632659912109375
26.0,3.0,3.0,0.008640766143798828
39.0,1.0,1.0,0.012660741806030273
46.0,9.0,9.0,0.013855457305908203
34.0,8.0,8.0,0.010766744613647461
14.0,1.0,1.0,0.003999948501586914
27.0,2.0,2.0,0.011205673217773438
14.0,2.0,2.0,0.006597042083740234
51.0,12.0,12.0,0.019823312759399414
53.0,12.0,12.0,0.0211181640625
35.0,2.0,2.0,0.01651620864868164
13.0,1.0,1.0,0.005884408950805664
69.0,13.0,13.0,0.028328418731689453
52.0,5.0,5.0,0.0247652530670166
20.0,2.0,2.0,0.006497859954833984
21.0,5.0,5.0,0.006406545639038086
16.0,3.0,3.0,0.0048367977142333984
51.0,3.0,3.0,0.017814159393310547
104.0,5.0,5.0,0.041346073150634766
72.0,13.0,13.0,0.02351832389831543
26.0,1.0,1.0,0.009654760360717773
35.0,1.0,1.0,0.012798786163330078
23.0,4.0,4.0,0.007832050323486328
51.0,4.0,4.0,0.027228832244873047
13.0,1.0,1.0,0.00715947151184082
17.0,0.0,0.0,0.009509563446044922
19.0,1.0,1.0,0.006690025329589844
71.0,5.0,5.0,0.023152828216552734
55.0,4.0,4.0,0.016872406005859375
89.0,5.0,5.0,0.037169694900512695
31.0,2.0,2.0,0.011249542236328125
20.0,3.0,3.0,0.007603168487548828
24.0,1.0,1.0,0.008249759674072266
24.0,4.0,4.0,0.013881683349609375
14.0,2.0,2.0,0.0077173709869384766
183.0,15.0,15.0,0.07365036010742188
116.0,4.0,4.0,0.0497899055480957
20.0,3.0,3.0,0.008869409561157227
33.0,5.0,5.0,0.014770030975341797
46.0,8.0,8.0,0.01892566680908203
82.0,9.0,9.0,0.030151844024658203
93.0,10.0,10.0,0.03660702705383301
30.0,3.0,3.0,0.009666204452514648
50.0,3.0,3.0,0.017606735229492188
45.0,4.0,4.0,0.015175819396972656
47.0,7.0,7.0,0.015025138854980469
61.0,4.0,4.0,0.02152705192565918
18.0,1.0,1.0,0.006733417510986328
86.0,6.0,6.0,0.031885385513305664
19.0,1.0,1.0,0.006568431854248047
65.0,13.0,13.0,0.02252984046936035
119.0,13.0,13.0,0.04331707954406738
40.0,11.0,11.0,0.01953744888305664
119.0,14.0,14.0,0.046653032302856445
31.0,7.0,7.0,0.014242410659790039
14.0,0.0,0.0,0.005346536636352539
146.0,22.0,22.0,0.0521237850189209
63.0,4.0,4.0,0.023837804794311523
24.0,3.0,3.0,0.008667945861816406
14.0,2.0,2.0,0.004998445510864258
12.0,0.0,0.0,0.003024578094482422
53.0,5.0,5.0,0.020041704177856445
63.0,14.0,14.0,0.022004365921020508
76.0,4.0,4.0,0.0253140926361084
20.0,0.0,0.0,0.006898403167724609
29.0,2.0,2.0,0.00946664810180664
25.0,0.0,0.0,0.009177446365356445
148.0,27.0,27.0,0.04608798027038574
32.0,0.0,0.0,0.010433435440063477
15.0,2.0,2.0,0.005246877670288086
13.0,1.0,1.0,0.0042874813079833984
51.0,8.0,8.0,0.01742720603942871
24.0,2.0,2.0,0.012416601181030273
13.0,0.0,0.0,0.005161285400390625
14.0,3.0,3.0,0.004848003387451172
26.0,0.0,0.0,0.010282039642333984
19.0,4.0,4.0,0.008464813232421875
98.0,8.0,8.0,0.03688931465148926
30.0,2.0,2.0,0.013242959976196289
58.0,9.0,9.0,0.01885056495666504
55.0,4.0,4.0,0.018977880477905273
48.0,10.0,10.0,0.014587879180908203
54.0,5.0,5.0,0.0169374942779541
25.0,7.0,7.0,0.007929563522338867
40.0,8.0,8.0,0.014868974685668945
103.0,12.0,12.0,0.03472542762756348
12.0,0.0,0.0,0.002936124801635742
39.0,1.0,1.0,0.012356996536254883
111.0,15.0,15.0,0.03776407241821289
22.0,4.0,4.0,0.006743192672729492
92.0,12.0,12.0,0.028631210327148438
21.0,3.0,3.0,0.006826162338256836
12.0,2.0,2.0,0.0041010379791259766
19.0,5.0,5.0,0.005641937255859375
72.0,3.0,3.0,0.021949291229248047
111.0,7.0,7.0,0.039945125579833984
75.0,15.0,15.0,0.02643299102783203
53.0,2.0,2.0,0.01836395263671875
73.0,6.0,6.0,0.02372908592224121
42.0,4.0,4.0,0.013733148574829102
15.0,0.0,0.0,0.0062410831451416016
86.0,5.0,5.0,0.026356935501098633
65.0,12.0,12.0,0.020730972290039062
44.0,5.0,5.0,0.015980958938598633
17.0,1.0,1.0,0.0056340694427490234
19.0,2.0,2.0,0.00692296028137207
21.0,1.0,1.0,0.007932662963867188
34.0,3.0,3.0,0.016903162002563477
37.0,2.0,2.0,0.0200502872467041
65.0,4.0,4.0,0.02344489097595215
19.0,2.0,2.0,0.005993843078613281
18.0,2.0,2.0,0.008546829223632812
12.0,1.0,1.0,0.00401759147644043
15.0,4.0,4.0,0.006809711456298828
49.0,2.0,2.0,0.018990278244018555
21.0,3.0,3.0,0.009063482284545898
115.0,16.0,16.0,0.05155515670776367
12.0,1.0,1.0,0.005342960357666016
46.0,3.0,3.0,0.01451563835144043
17.0,0.0,0.0,0.006437778472900391
16.0,3.0,3.0,0.00521540641784668
27.0,4.0,4.0,0.007895469665527344
18.0,4.0,4.0,0.0054514408111572266
89.0,9.0,9.0,0.026626110076904297
37.0,3.0,3.0,0.011501073837280273
31.0,4.0,4.0,0.01069784164428711
22.0,1.0,1.0,0.0070836544036865234
12.0,0.0,0.0,0.0043675899505615234
26.0,0.0,0.0,0.007613420486450195
18.0,2.0,2.0,0.005622148513793945
19.0,5.0,5.0,0.006709575653076172
23.0,1.0,1.0,0.010357141494750977
13.0,2.0,2.0,0.004394054412841797
22.0,1.0,1.0,0.007198333740234375
36.0,7.0,7.0,0.012626409530639648
45.0,4.0,4.0,0.014300107955932617
18.0,2.0,2.0,0.00561976432800293
43.0,4.0,4.0,0.01885223388671875
35.0,6.0,6.0,0.01366424560546875
17.0,0.0,0.0,0.005286216735839844
99.0,15.0,15.0,0.03600788116455078
16.0,0.0,0.0,0.008786201477050781
23.0,2.0,2.0,0.010418176651000977
20.0,0.0,0.0,0.006383180618286133
46.0,5.0,5.0,0.014189958572387695
38.0,3.0,3.0,0.015258312225341797
43.0,4.0,4.0,0.013598203659057617
11.0,0.0,0.0,0.003530263900756836
14.0,1.0,1.0,0.0053863525390625
47.0,4.0,4.0,0.014308929443359375
36.0,3.0,3.0,0.010596752166748047
37.0,4.0,4.0,0.011479377746582031
13.0,0.0,0.0,0.00584101676940918
70.0,5.0,5.0,0.027617216110229492
82.0,7.0,7.0,0.025723934173583984
50.0,2.0,2.0,0.02605414390563965
14.0,0.0,0.0,0.008202075958251953
26.0,1.0,1.0,0.01301884651184082
16.0,2.0,2.0,0.007886409759521484
23.0,3.0,3.0,0.011185169219970703
81.0,14.0,14.0,0.03176617622375488
83.0,6.0,6.0,0.030714035034179688
14.0,2.0,2.0,0.006206512451171875
25.0,1.0,1.0,0.008547782897949219
32.0,3.0,3.0,0.01207423210144043
27.0,1.0,1.0,0.015056371688842773
24.0,7.0,7.0,0.011609077453613281
33.0,3.0,3.0,0.011072158813476562
29.0,3.0,3.0,0.011128902435302734
28.0,0.0,0.0,0.008231878280639648
113.0,14.0,14.0,0.03670048713684082
69.0,6.0,6.0,0.02961564064025879
37.0,4.0,4.0,0.013358831405639648
35.0,4.0,4.0,0.012392997741699219
44.0,2.0,2.0,0.014090538024902344
31.0,3.0,3.0,0.008658647537231445
36.0,7.0,7.0,0.01705622673034668
49.0,3.0,3.0,0.025713682174682617
12.0,1.0,1.0,0.004731893539428711
17.0,0.0,0.0,0.005526542663574219
16.0,0.0,0.0,0.0060236454010009766
61.0,15.0,15.0,0.020100116729736328
13.0,0.0,0.0,0.004756927490234375
24.0,0.0,0.0,0.006847381591796875
30.0,4.0,4.0,0.010128259658813477
27.0,2.0,2.0,0.008125543594360352
23.0,1.0,1.0,0.006335735321044922
16.0,0.0,0.0,0.005536556243896484
79.0,3.0,3.0,0.029090166091918945
55.0,10.0,10.0,0.024859189987182617
23.0,3.0,3.0,0.008842945098876953
50.0,4.0,4.0,0.018010377883911133
26.0,4.0,4.0,0.010149478912353516
22.0,1.0,1.0,0.011213064193725586
12.0,1.0,1.0,0.004628896713256836
31.0,1.0,1.0,0.018649816513061523
26.0,2.0,2.0,0.013330698013305664
14.0,0.0,0.0,0.007729291915893555
15.0,3.0,3.0,0.007048845291137695
17.0,1.0,1.0,0.00566554069519043
17.0,1.0,1.0,0.0051648616790771484
13.0,0.0,0.0,0.004190206527709961
30.0,2.0,2.0,0.008840560913085938
45.0,5.0,5.0,0.014318227767944336
42.0,6.0,6.0,0.014386177062988281
25.0,4.0,4.0,0.006776571273803711
26.0,1.0,1.0,0.0108184814453125
32.0,8.0,8.0,0.01184391975402832
36.0,10.0,10.0,0.012413263320922852
57.0,17.0,17.0,0.018001556396484375
76.0,8.0,8.0,0.02675032615661621
14.0,0.0,0.0,0.00402069091796875
40.0,8.0,8.0,0.017255544662475586
47.0,1.0,1.0,0.016536712646484375
88.0,19.0,19.0,0.030989885330200195
74.0,8.0,8.0,0.02154254913330078
32.0,0.0,0.0,0.009347677230834961
52.0,5.0,5.0,0.014932394027709961
44.0,4.0,4.0,0.01419520378112793
14.0,0.0,0.0,0.006024837493896484
82.0,7.0,7.0,0.0291440486907959
27.0,4.0,4.0,0.012033462524414062
254.0,20.0,20.0,0.11658954620361328
11.0,0.0,0.0,0.003965854644775391
13.0,0.0,0.0,0.005281925201416016
91.0,15.0,15.0,0.03789782524108887
46.0,11.0,11.0,0.015285491943359375
11.0,1.0,1.0,0.0032417774200439453
24.0,3.0,3.0,0.010116100311279297
30.0,2.0,2.0,0.00935983657836914
41.0,10.0,10.0,0.015574932098388672
23.0,3.0,3.0,0.011271238327026367
65.0,8.0,8.0,0.02472972869873047
17.0,1.0,1.0,0.0063877105712890625
91.0,8.0,8.0,0.03249382972717285
29.0,4.0,4.0,0.008382320404052734
41.0,16.0,16.0,0.01362299919128418
72.0,12.0,12.0,0.024311304092407227
50.0,5.0,5.0,0.014266252517700195
21.0,2.0,2.0,0.006411314010620117
43.0,9.0,9.0,0.018316268920898438
41.0,5.0,5.0,0.012198925018310547
11.0,0.0,0.0,0.004415273666381836
85.0,11.0,11.0,0.025360584259033203
14.0,2.0,2.0,0.004997730255126953
18.0,5.0,5.0,0.0051631927490234375
21.0,5.0,5.0,0.006171703338623047
33.0,4.0,4.0,0.009423494338989258
92.0,16.0,16.0,0.02629995346069336
74.0,6.0,6.0,0.022790193557739258
14.0,2.0,2.0,0.00435638427734375
24.0,3.0,3.0,0.0074574947357177734
19.0,1.0,1.0,0.005784273147583008
74.0,7.0,7.0,0.027446269989013672
53.0,5.0,5.0,0.015111446380615234
16.0,0.0,0.0,0.005617380142211914
114.0,12.0,12.0,0.036118507385253906
21.0,1.0,1.0,0.007815361022949219
63.0,3.0,3.0,0.02096080780029297
45.0,3.0,3.0,0.01864457130432129
17.0,2.0,2.0,0.005338430404663086
43.0,3.0,3.0,0.013959884643554688
13.0,1.0,1.0,0.003362417221069336
12.0,1.0,1.0,0.00403285026550293
56.0,6.0,6.0,0.019986867904663086
67.0,3.0,3.0,0.023725032806396484
29.0,1.0,1.0,0.011573076248168945
15.0,2.0,2.0,0.0056149959564208984
18.0,1.0,1.0,0.009320735931396484
19.0,1.0,1.0,0.008476495742797852
33.0,2.0,2.0,0.015764713287353516
23.0,4.0,4.0,0.009135961532592773
18.0,3.0,3.0,0.005785703659057617
28.0,0.0,0.0,0.009187459945678711
46.0,4.0,4.0,0.01978778839111328
27.0,2.0,2.0,0.010319709777832031
81.0,10.0,10.0,0.026998281478881836
96.0,18.0,18.0,0.032937049865722656
94.0,15.0,15.0,0.029547691345214844
64.0,4.0,4.0,0.02406764030456543
20.0,1.0,1.0,0.012251138687133789
67.0,4.0,4.0,0.02726459503173828
45.0,7.0,7.0,0.013545513153076172
55.0,5.0,5.0,0.018865346908569336
43.0,11.0,11.0,0.016971111297607422
27.0,0.0,0.0,0.013369560241699219
13.0,1.0,1.0,0.0050182342529296875
45.0,4.0,4.0,0.015512704849243164
29.0,2.0,2.0,0.009588241577148438
22.0,2.0,2.0,0.007260322570800781
31.0,2.0,2.0,0.011673688888549805
62.0,8.0,8.0,0.019588232040405273
17.0,0.0,0.0,0.005389213562011719
26.0,6.0,6.0,0.00786900520324707
21.0,0.0,0.0,0.007710933685302734
49.0,2.0,2.0,0.015344381332397461
26.0,3.0,3.0,0.012449026107788086
40.0,4.0,4.0,0.01589202880859375
83.0,11.0,11.0,0.025397062301635742
82.0,7.0,7.0,0.027100801467895508
24.0,2.0,2.0,0.015024662017822266
17.0,1.0,1.0,0.004511594772338867
156.0,24.0,24.0,0.05544900894165039
35.0,9.0,9.0,0.012341737747192383
14.0,3.0,3.0,0.004526853561401367
69.0,5.0,5.0,0.0228574275970459
73.0,8.0,8.0,0.025159120559692383
155.0,17.0,17.0,0.053441524505615234
34.0,4.0,4.0,0.010904312133789062
11.0,0.0,0.0,0.0040018558502197266
27.0,2.0,2.0,0.008888006210327148
39.0,5.0,5.0,0.014154672622680664
22.0,0.0,0.0,0.008642196655273438
63.0,16.0,16.0,0.02290511131286621
46.0,3.0,3.0,0.016635894775390625
37.0,5.0,5.0,0.011234521865844727
13.0,1.0,1.0,0.004908084869384766
46.0,10.0,10.0,0.014717340469360352
68.0,5.0,5.0,0.02153801918029785
15.0,1.0,1.0,0.0040090084075927734
26.0,1.0,1.0,0.009157180786132812
47.0,12.0,12.0,0.015395402908325195
25.0,1.0,1.0,0.007516145706176758
111.0,12.0,12.0,0.03369593620300293
16.0,0.0,0.0,0.0063016414642333984
21.0,2.0,2.0,0.008130550384521484
36.0,10.0,10.0,0.013208389282226562
37.0,8.0,8.0,0.01284170150756836
30.0,6.0,6.0,0.010240554809570312
63.0,7.0,7.0,0.024152755737304688
49.0,3.0,3.0,0.017308712005615234
30.0,1.0,1.0,0.01068735122680664
23.0,7.0,7.0,0.009506940841674805
32.0,0.0,0.0,0.010715961456298828
24.0,2.0,2.0,0.008304595947265625
15.0,0.0,0.0,0.005158662796020508
27.0,1.0,1.0,0.009096622467041016
17.0,2.0,2.0,0.006071329116821289
117.0,21.0,21.0,0.042783498764038086
49.0,2.0,2.0,0.01786041259765625
46.0,1.0,1.0,0.016047239303588867
97.0,12.0,12.0,0.034392595291137695
34.0,2.0,2.0,0.013261795043945312
43.0,7.0,7.0,0.016363143920898438
14.0,2.0,2.0,0.005385398864746094
13.0,0.0,0.0,0.0053861141204833984
21.0,0.0,0.0,0.0076787471771240234
18.0,2.0,2.0,0.006827592849731445
49.0,10.0,10.0,0.0166323184967041
34.0,3.0,3.0,0.010834693908691406
16.0,4.0,4.0,0.005280017852783203
12.0,0.0,0.0,0.003701925277709961
75.0,5.0,5.0,0.028814315795898438
65.0,1.0,1.0,0.024010658264160156
113.0,11.0,11.0,0.04076433181762695
32.0,0.0,0.0,0.013178586959838867
124.0,14.0,14.0,0.041588783264160156
71.0,4.0,4.0,0.02439737319946289
17.0,0.0,0.0,0.005369901657104492
68.0,11.0,11.0,0.024144649505615234
57.0,11.0,11.0,0.02021622657775879
68.0,11.0,11.0,0.022617340087890625
25.0,1.0,1.0,0.008635520935058594
45.0,2.0,2.0,0.014508485794067383
23.0,1.0,1.0,0.007836580276489258
62.0,17.0,17.0,0.021816492080688477
62.0,10.0,10.0,0.019029617309570312
28.0,4.0,4.0,0.010471343994140625
18.0,3.0,3.0,0.0056912899017333984
26.0,2.0,2.0,0.009864091873168945
43.0,6.0,6.0,0.012746810913085938
120.0,18.0,18.0,0.037806034088134766
19.0,3.0,3.0,0.0071294307708740234
82.0,13.0,13.0,0.025554656982421875
51.0,6.0,6.0,0.016917705535888672
20.0,1.0,1.0,0.007218360900878906
13.0,0.0,0.0,0.0043125152587890625
52.0,6.0,6.0,0.01514124870300293
20.0,2.0,2.0,0.005053043365478516
12.0,0.0,0.0,0.0027837753295898438
34.0,1.0,1.0,0.011361360549926758
11.0,0.0,0.0,0.0031800270080566406
26.0,3.0,3.0,0.007136106491088867
13.0,1.0,1.0,0.004518985748291016
20.0,5.0,5.0,0.006075620651245117
11.0,0.0,0.0,0.0036406517028808594
15.0,2.0,2.0,0.004408836364746094
21.0,11.0,11.0,0.006165027618408203
55.0,8.0,8.0,0.019451379776000977
36.0,7.0,7.0,0.011393070220947266
16.0,0.0,0.0,0.0053327083587646484
88.0,8.0,8.0,0.02856588363647461
92.0,10.0,10.0,0.02794623374938965
11.0,0.0,0.0,0.0029997825622558594
25.0,3.0,3.0,0.009651899337768555
148.0,18.0,18.0,0.05714011192321777
12.0,0.0,0.0,0.006181955337524414
66.0,6.0,6.0,0.02555704116821289
43.0,6.0,6.0,0.014701604843139648
34.0,4.0,4.0,0.011209964752197266
59.0,8.0,8.0,0.02370762825012207
13.0,2.0,2.0,0.00433039665222168
20.0,3.0,3.0,0.006342887878417969
14.0,2.0,2.0,0.0049021244049072266
153.0,19.0,19.0,0.05369853973388672
12.0,0.0,0.0,0.0041692256927490234
16.0,2.0,2.0,0.005007743835449219
45.0,6.0,6.0,0.015694379806518555
48.0,7.0,7.0,0.015797138214111328
54.0,7.0,7.0,0.01652359962463379
32.0,2.0,2.0,0.009342193603515625
14.0,2.0,2.0,0.004954099655151367
24.0,8.0,8.0,0.007984399795532227
51.0,2.0,2.0,0.014905452728271484
18.0,6.0,6.0,0.0051593780517578125
20.0,3.0,3.0,0.005843162536621094
40.0,9.0,9.0,0.01093602180480957
12.0,1.0,1.0,0.0027098655700683594
47.0,6.0,6.0,0.016548633575439453
54.0,6.0,6.0,0.01530599594116211
51.0,8.0,8.0,0.016986370086669922
13.0,2.0,2.0,0.0041201114654541016
27.0,11.0,11.0,0.007223367691040039
34.0,3.0,3.0,0.009855031967163086
23.0,2.0,2.0,0.007008552551269531
12.0,1.0,1.0,0.0035250186920166016
123.0,11.0,11.0,0.039264678955078125
105.0,18.0,18.0,0.03304123878479004
15.0,3.0,3.0,0.0045282840728759766
92.0,6.0,6.0,0.02700185775756836
19.0,0.0,0.0,0.0077893733978271484
84.0,13.0,13.0,0.026425838470458984
31.0,1.0,1.0,0.011894702911376953
22.0,2.0,2.0,0.006856679916381836
42.0,0.0,0.0,0.013851642608642578
41.0,2.0,2.0,0.014999628067016602
19.0,3.0,3.0,0.005808830261230469
62.0,7.0,7.0,0.01931929588317871
59.0,3.0,3.0,0.01792311668395996
43.0,4.0,4.0,0.0164642333984375
92.0,4.0,4.0,0.030804157257080078
61.0,5.0,5.0,0.020063400268554688
36.0,9.0,9.0,0.010179996490478516
18.0,2.0,2.0,0.005000114440917969
37.0,4.0,4.0,0.011260509490966797
83.0,8.0,8.0,0.027315616607666016
24.0,4.0,4.0,0.008103132247924805
57.0,9.0,9.0,0.01870441436767578
109.0,17.0,17.0,0.03294634819030762
18.0,3.0,3.0,0.006186008453369141
12.0,1.0,1.0,0.003998279571533203
16.0,2.0,2.0,0.004790306091308594
36.0,2.0,2.0,0.010866165161132812
68.0,9.0,9.0,0.01927495002746582
80.0,4.0,4.0,0.02346944808959961
31.0,4.0,4.0,0.009635448455810547
16.0,2.0,2.0,0.005128383636474609
37.0,3.0,3.0,0.011745691299438477
21.0,1.0,1.0,0.006398677825927734
26.0,10.0,10.0,0.007192134857177734
30.0,2.0,2.0,0.009663820266723633
21.0,3.0,3.0,0.007042407989501953
17.0,1.0,1.0,0.00552821159362793
90.0,11.0,11.0,0.028884410858154297
22.0,5.0,5.0,0.006256580352783203
15.0,2.0,2.0,0.005098819732666016
24.0,1.0,1.0,0.008080720901489258
172.0,23.0,23.0,0.04914140701293945
23.0,1.0,1.0,0.006072521209716797
14.0,2.0,2.0,0.003525972366333008
73.0,8.0,8.0,0.022994041442871094
13.0,2.0,2.0,0.005524873733520508
63.0,9.0,9.0,0.020437240600585938
41.0,3.0,3.0,0.013631343841552734
75.0,2.0,2.0,0.023725509643554688
34.0,14.0,14.0,0.010879039764404297
17.0,4.0,4.0,0.005566596984863281
54.0,7.0,7.0,0.019748926162719727
66.0,15.0,15.0,0.021627187728881836
98.0,11.0,11.0,0.030897140502929688
13.0,0.0,0.0,0.005220174789428711
53.0,13.0,13.0,0.01637578010559082
36.0,3.0,3.0,0.012960195541381836
66.0,13.0,13.0,0.02312469482421875
12.0,1.0,1.0,0.004131793975830078
17.0,4.0,4.0,0.00533604621887207
18.0,4.0,4.0,0.004997730255126953
136.0,12.0,12.0,0.04353737831115723
145.0,24.0,24.0,0.04646754264831543
43.0,6.0,6.0,0.02189493179321289
70.0,12.0,12.0,0.020837068557739258
24.0,2.0,2.0,0.008184432983398438
14.0,3.0,3.0,0.005518913269042969
18.0,0.0,0.0,0.008286714553833008
12.0,1.0,1.0,0.004856586456298828
27.0,2.0,2.0,0.01143503189086914
33.0,0.0,0.0,0.010984420776367188
43.0,6.0,6.0,0.016457319259643555
59.0,7.0,7.0,0.01913762092590332
60.0,7.0,7.0,0.016958951950073242
20.0,1.0,1.0,0.005875587463378906
29.0,2.0,2.0,0.00883936882019043
29.0,3.0,3.0,0.009132623672485352
23.0,3.0,3.0,0.007075309753417969
38.0,10.0,10.0,0.011561155319213867
48.0,1.0,1.0,0.014545679092407227
89.0,6.0,6.0,0.02611398696899414
16.0,0.0,0.0,0.005065441131591797
41.0,9.0,9.0,0.014059305191040039
23.0,3.0,3.0,0.007196903228759766
57.0,6.0,6.0,0.019168615341186523
11.0,0.0,0.0,0.003156423568725586
89.0,6.0,6.0,0.02654266357421875
14.0,1.0,1.0,0.004613399505615234
13.0,1.0,1.0,0.0046575069427490234
18.0,6.0,6.0,0.005706787109375
124.0,20.0,20.0,0.042745113372802734
12.0,0.0,0.0,0.0038428306579589844
16.0,1.0,1.0,0.006663322448730469
24.0,1.0,1.0,0.0074462890625
12.0,0.0,0.0,0.00501251220703125
23.0,6.0,6.0,0.007588386535644531
24.0,0.0,0.0,0.009302616119384766
16.0,0.0,0.0,0.005029201507568359
20.0,3.0,3.0,0.006600618362426758
100.0,5.0,5.0,0.039211273193359375
73.0,5.0,5.0,0.024866104125976562
137.0,16.0,16.0,0.04517173767089844
89.0,7.0,7.0,0.026711702346801758
99.0,12.0,12.0,0.028942346572875977
16.0,3.0,3.0,0.00599980354309082
84.0,16.0,16.0,0.039517879486083984
17.0,2.0,2.0,0.011864900588989258
26.0,3.0,3.0,0.012613058090209961
30.0,4.0,4.0,0.012499570846557617
39.0,6.0,6.0,0.014000654220581055
29.0,6.0,6.0,0.011165142059326172
21.0,2.0,2.0,0.007563352584838867
26.0,0.0,0.0,0.009563207626342773
34.0,1.0,1.0,0.01294398307800293
13.0,1.0,1.0,0.0048999786376953125
26.0,4.0,4.0,0.01098942756652832
23.0,0.0,0.0,0.010220527648925781
32.0,0.0,0.0,0.014562368392944336
36.0,4.0,4.0,0.012376070022583008
14.0,0.0,0.0,0.004689216613769531
121.0,17.0,17.0,0.04217958450317383
53.0,4.0,4.0,0.018879175186157227
40.0,4.0,4.0,0.01406240463256836
36.0,5.0,5.0,0.014594554901123047
50.0,8.0,8.0,0.017439842224121094
25.0,1.0,1.0,0.008248329162597656
16.0,0.0,0.0,0.004685401916503906
49.0,4.0,4.0,0.016878843307495117
100.0,10.0,10.0,0.031154870986938477
84.0,16.0,16.0,0.0288999080657959
34.0,2.0,2.0,0.010504484176635742
38.0,6.0,6.0,0.012946367263793945
70.0,6.0,6.0,0.021476030349731445
26.0,2.0,2.0,0.007697105407714844
114.0,10.0,10.0,0.034821271896362305
77.0,7.0,7.0,0.02510523796081543
115.0,7.0,7.0,0.036928415298461914
52.0,4.0,4.0,0.01657271385192871
12.0,0.0,0.0,0.0046384334564208984
13.0,2.0,2.0,0.004037380218505859
57.0,9.0,9.0,0.01887798309326172
16.0,4.0,4.0,0.007952451705932617
68.0,14.0,14.0,0.023798227310180664
21.0,5.0,5.0,0.006131410598754883
38.0,7.0,7.0,0.014404535293579102
11.0,0.0,0.0,0.006587505340576172
13.0,1.0,1.0,0.003681182861328125
27.0,4.0,4.0,0.008980989456176758
28.0,0.0,0.0,0.00957345962524414
55.0,5.0,5.0,0.020874738693237305
17.0,2.0,2.0,0.007173061370849609
25.0,6.0,6.0,0.007416963577270508
27.0,5.0,5.0,0.010169744491577148
33.0,3.0,3.0,0.010063409805297852
16.0,2.0,2.0,0.005876064300537109
20.0,1.0,1.0,0.006504535675048828
51.0,12.0,12.0,0.016258955001831055
11.0,0.0,0.0,0.003861665725708008
50.0,8.0,8.0,0.01624321937561035
12.0,0.0,0.0,0.004136085510253906
35.0,7.0,7.0,0.012426137924194336
21.0,2.0,2.0,0.0073659420013427734
125.0,9.0,9.0,0.04239773750305176
24.0,2.0,2.0,0.007444858551025391
13.0,2.0,2.0,0.004046201705932617
99.0,8.0,8.0,0.030539274215698242
24.0,2.0,2.0,0.008088827133178711
43.0,9.0,9.0,0.015541553497314453
17.0,4.0,4.0,0.0066814422607421875
61.0,1.0,1.0,0.019283533096313477
11.0,0.0,0.0,0.003368854522705078
16.0,0.0,0.0,0.006011962890625
45.0,3.0,3.0,0.014404058456420898
48.0,4.0,4.0,0.015987157821655273
52.0,3.0,3.0,0.015452861785888672
42.0,6.0,6.0,0.01327371597290039
26.0,5.0,5.0,0.008166790008544922
69.0,4.0,4.0,0.02182936668395996
51.0,2.0,2.0,0.015334844589233398
38.0,7.0,7.0,0.011215925216674805
42.0,5.0,5.0,0.011676788330078125
17.0,3.0,3.0,0.004903554916381836
25.0,3.0,3.0,0.007645368576049805
63.0,8.0,8.0,0.019965171813964844
36.0,8.0,8.0,0.013783693313598633
65.0,2.0,2.0,0.018829345703125
29.0,3.0,3.0,0.010152578353881836
37.0,7.0,7.0,0.011911392211914062
28.0,0.0,0.0,0.008408069610595703
32.0,4.0,4.0,0.00995779037475586
46.0,4.0,4.0,0.014581918716430664
11.0,1.0,1.0,0.0030002593994140625
130.0,11.0,11.0,0.04401659965515137
13.0,0.0,0.0,0.0062713623046875
43.0,4.0,4.0,0.013280153274536133
86.0,15.0,15.0,0.027547836303710938
56.0,5.0,5.0,0.01689004898071289
57.0,13.0,13.0,0.018682479858398438
16.0,5.0,5.0,0.006300687789916992
34.0,4.0,4.0,0.012886285781860352
23.0,1.0,1.0,0.007571220397949219
71.0,11.0,11.0,0.021958351135253906
26.0,1.0,1.0,0.007862567901611328
17.0,2.0,2.0,0.006832122802734375
49.0,7.0,7.0,0.01435708999633789
57.0,6.0,6.0,0.01694345474243164
66.0,8.0,8.0,0.02049851417541504
30.0,3.0,3.0,0.012947320938110352
59.0,6.0,6.0,0.018950700759887695
27.0,2.0,2.0,0.008223533630371094
58.0,1.0,1.0,0.01723504066467285
69.0,5.0,5.0,0.02285456657409668
38.0,6.0,6.0,0.013267278671264648
19.0,1.0,1.0,0.0063936710357666016
13.0,1.0,1.0,0.0040988922119140625
46.0,4.0,4.0,0.014324665069580078
13.0,2.0,2.0,0.003923177719116211
16.0,1.0,1.0,0.006410121917724609
22.0,3.0,3.0,0.00722193717956543
108.0,12.0,12.0,0.033471107482910156
29.0,5.0,5.0,0.010306835174560547
37.0,4.0,4.0,0.011734962463378906
47.0,9.0,9.0,0.02163529396057129
64.0,2.0,2.0,0.0215301513671875
98.0,8.0,8.0,0.030173301696777344
45.0,4.0,4.0,0.01655411720275879
47.0,11.0,11.0,0.014818668365478516
51.0,7.0,7.0,0.015599727630615234
45.0,3.0,3.0,0.01570582389831543
19.0,4.0,4.0,0.00682830810546875
28.0,1.0,1.0,0.008577108383178711
24.0,0.0,0.0,0.0072247982025146484
12.0,1.0,1.0,0.0032460689544677734
52.0,1.0,1.0,0.0157930850982666
11.0,0.0,0.0,0.002999544143676758
34.0,2.0,2.0,0.011645078659057617
51.0,12.0,12.0,0.016425132751464844
55.0,6.0,6.0,0.01939845085144043
43.0,2.0,2.0,0.013718605041503906
13.0,0.0,0.0,0.003747701644897461
40.0,7.0,7.0,0.012548685073852539
20.0,6.0,6.0,0.00600433349609375
34.0,2.0,2.0,0.010448217391967773
18.0,4.0,4.0,0.00696873664855957
18.0,3.0,3.0,0.007091045379638672
11.0,0.0,0.0,0.0056340694427490234
27.0,0.0,0.0,0.009305477142333984
22.0,1.0,1.0,0.006597995758056641
73.0,19.0,19.0,0.02325153350830078
15.0,3.0,3.0,0.004912853240966797
16.0,1.0,1.0,0.005814313888549805
95.0,11.0,11.0,0.0274655818939209
16.0,3.0,3.0,0.0054323673248291016
17.0,1.0,1.0,0.0052602291107177734
18.0,2.0,2.0,0.009829282760620117
16.0,4.0,4.0,0.005164384841918945
15.0,1.0,1.0,0.0056610107421875
15.0,0.0,0.0,0.005036592483520508
13.0,2.0,2.0,0.003997802734375
51.0,1.0,1.0,0.021393775939941406
21.0,2.0,2.0,0.010735034942626953
26.0,6.0,6.0,0.010569572448730469
27.0,2.0,2.0,0.008748531341552734
45.0,7.0,7.0,0.019419193267822266
29.0,1.0,1.0,0.009370565414428711
33.0,2.0,2.0,0.013074398040771484
20.0,3.0,3.0,0.007178306579589844
83.0,10.0,10.0,0.03143715858459473
66.0,10.0,10.0,0.0222625732421875
12.0,1.0,1.0,0.0033235549926757812
67.0,3.0,3.0,0.020279884338378906
18.0,1.0,1.0,0.0061719417572021484
14.0,3.0,3.0,0.004117488861083984
28.0,1.0,1.0,0.010374069213867188
44.0,3.0,3.0,0.01388692855834961
123.0,13.0,13.0,0.044344425201416016
40.0,11.0,11.0,0.013071775436401367
65.0,3.0,3.0,0.020185470581054688
12.0,0.0,0.0,0.00464177131652832
14.0,1.0,1.0,0.0052683353424072266
18.0,0.0,0.0,0.007044792175292969
26.0,4.0,4.0,0.008641481399536133
40.0,3.0,3.0,0.012499094009399414
19.0,1.0,1.0,0.006329536437988281
14.0,3.0,3.0,0.0050449371337890625
23.0,7.0,7.0,0.009014606475830078
35.0,4.0,4.0,0.010662317276000977
46.0,1.0,1.0,0.014635324478149414
65.0,10.0,10.0,0.020421266555786133
34.0,2.0,2.0,0.011713981628417969
17.0,2.0,2.0,0.005532026290893555
118.0,17.0,17.0,0.03716135025024414
26.0,5.0,5.0,0.008847475051879883
83.0,12.0,12.0,0.025728702545166016
26.0,3.0,3.0,0.007843732833862305
75.0,7.0,7.0,0.022840261459350586
71.0,8.0,8.0,0.022191286087036133
27.0,3.0,3.0,0.010840415954589844
13.0,2.0,2.0,0.0056552886962890625
17.0,5.0,5.0,0.004514217376708984
39.0,4.0,4.0,0.014714241027832031
31.0,2.0,2.0,0.007825613021850586
14.0,2.0,2.0,0.004611015319824219
45.0,5.0,5.0,0.016031980514526367
17.0,4.0,4.0,0.004271984100341797
32.0,1.0,1.0,0.008459329605102539
38.0,1.0,1.0,0.010884284973144531
11.0,0.0,0.0,0.0038781166076660156
38.0,14.0,14.0,0.01177835464477539
74.0,7.0,7.0,0.023932456970214844
28.0,3.0,3.0,0.008295536041259766
20.0,1.0,1.0,0.005538463592529297
13.0,0.0,0.0,0.0035505294799804688
21.0,6.0,6.0,0.007574319839477539
32.0,3.0,3.0,0.010305643081665039
37.0,12.0,12.0,0.012157678604125977
82.0,13.0,13.0,0.02406597137451172
60.0,5.0,5.0,0.018001079559326172
11.0,0.0,0.0,0.0030074119567871094
12.0,1.0,1.0,0.004704713821411133
96.0,8.0,8.0,0.02971649169921875
20.0,4.0,4.0,0.007159233093261719
26.0,4.0,4.0,0.00852513313293457
13.0,0.0,0.0,0.0030074119567871094
13.0,1.0,1.0,0.003782987594604492
44.0,4.0,4.0,0.01266789436340332
106.0,10.0,10.0,0.03533196449279785
31.0,4.0,4.0,0.009845972061157227
65.0,6.0,6.0,0.01844167709350586
55.0,10.0,10.0,0.016100645065307617
13.0,0.0,0.0,0.0035393238067626953
105.0,7.0,7.0,0.030324935913085938
83.0,16.0,16.0,0.02713942527770996
46.0,8.0,8.0,0.013623476028442383
120.0,13.0,13.0,0.037424564361572266
13.0,0.0,0.0,0.004621267318725586
58.0,15.0,15.0,0.0165097713470459
20.0,2.0,2.0,0.006185770034790039
44.0,3.0,3.0,0.013986349105834961
24.0,1.0,1.0,0.007939338684082031
14.0,2.0,2.0,0.006241798400878906
45.0,6.0,6.0,0.014762163162231445
70.0,6.0,6.0,0.023543119430541992
46.0,4.0,4.0,0.016870975494384766
24.0,3.0,3.0,0.010286808013916016
21.0,1.0,1.0,0.006158351898193359
60.0,7.0,7.0,0.02175164222717285
31.0,9.0,9.0,0.013465404510498047
37.0,6.0,6.0,0.01313018798828125
50.0,7.0,7.0,0.017369508743286133
15.0,3.0,3.0,0.006495952606201172
16.0,0.0,0.0,0.00599360466003418
39.0,5.0,5.0,0.011805295944213867
11.0,0.0,0.0,0.0031828880310058594
53.0,2.0,2.0,0.017400503158569336
58.0,7.0,7.0,0.019954681396484375
20.0,1.0,1.0,0.0076999664306640625
25.0,3.0,3.0,0.010651826858520508
16.0,6.0,6.0,0.007402896881103516
12.0,0.0,0.0,0.00587773323059082
80.0,7.0,7.0,0.025810718536376953
15.0,2.0,2.0,0.00577855110168457
14.0,3.0,3.0,0.006283998489379883
18.0,0.0,0.0,0.009061098098754883
35.0,5.0,5.0,0.012816190719604492
19.0,3.0,3.0,0.005584001541137695
20.0,2.0,2.0,0.007247209548950195
29.0,2.0,2.0,0.009203672409057617
27.0,6.0,6.0,0.009700775146484375
15.0,2.0,2.0,0.005023479461669922
104.0,18.0,18.0,0.033504486083984375
27.0,2.0,2.0,0.009155511856079102
35.0,7.0,7.0,0.009581804275512695
63.0,1.0,1.0,0.01749587059020996
23.0,1.0,1.0,0.007735252380371094
82.0,25.0,25.0,0.02729010581970215
93.0,6.0,6.0,0.03137612342834473
12.0,0.0,0.0,0.004259586334228516
57.0,8.0,8.0,0.022381305694580078
14.0,0.0,0.0,0.005237579345703125
37.0,3.0,3.0,0.014272689819335938
35.0,3.0,3.0,0.012683868408203125
18.0,0.0,0.0,0.00650334358215332
14.0,2.0,2.0,0.004334449768066406
42.0,3.0,3.0,0.014943361282348633
15.0,1.0,1.0,0.004899501800537109
54.0,2.0,2.0,0.01773858070373535
33.0,2.0,2.0,0.011449575424194336
13.0,1.0,1.0,0.0040051937103271484
41.0,7.0,7.0,0.017513751983642578
46.0,12.0,12.0,0.017647266387939453
113.0,13.0,13.0,0.0404965877532959
20.0,1.0,1.0,0.008153676986694336
80.0,5.0,5.0,0.03134036064147949
19.0,0.0,0.0,0.0074310302734375
14.0,2.0,2.0,0.004888057708740234
16.0,1.0,1.0,0.0065004825592041016
70.0,8.0,8.0,0.026870012283325195
123.0,11.0,11.0,0.04191088676452637
20.0,0.0,0.0,0.00702667236328125
91.0,8.0,8.0,0.02836322784423828
29.0,2.0,2.0,0.01296687126159668
85.0,8.0,8.0,0.026781320571899414
38.0,5.0,5.0,0.013048410415649414
32.0,4.0,4.0,0.010690927505493164
44.0,2.0,2.0,0.01558375358581543
39.0,3.0,3.0,0.014437437057495117
22.0,0.0,0.0,0.011655330657958984
14.0,0.0,0.0,0.0042858123779296875
16.0,4.0,4.0,0.005588531494140625
49.0,4.0,4.0,0.01884746551513672
141.0,13.0,13.0,0.047237396240234375
33.0,2.0,2.0,0.011490583419799805
119.0,19.0,19.0,0.039699554443359375
68.0,6.0,6.0,0.024955272674560547
157.0,25.0,25.0,0.056206703186035156
19.0,1.0,1.0,0.006521463394165039
44.0,4.0,4.0,0.015253067016601562
21.0,3.0,3.0,0.007676124572753906
21.0,4.0,4.0,0.007305622100830078
43.0,5.0,5.0,0.014970064163208008
25.0,4.0,4.0,0.008234024047851562
24.0,2.0,2.0,0.00792694091796875
25.0,1.0,1.0,0.00849604606628418
20.0,1.0,1.0,0.0065152645111083984
49.0,6.0,6.0,0.014267683029174805
11.0,0.0,0.0,0.003666400909423828
52.0,2.0,2.0,0.014562606811523438
53.0,3.0,3.0,0.015342235565185547
44.0,4.0,4.0,0.012855291366577148
99.0,11.0,11.0,0.028885841369628906
42.0,3.0,3.0,0.012538671493530273
27.0,1.0,1.0,0.008176088333129883
48.0,6.0,6.0,0.013853073120117188
23.0,0.0,0.0,0.007524728775024414
15.0,0.0,0.0,0.004647493362426758
139.0,15.0,15.0,0.04812788963317871
66.0,11.0,11.0,0.02130579948425293
14.0,1.0,1.0,0.004248857498168945
53.0,2.0,2.0,0.015901565551757812
53.0,10.0,10.0,0.020926475524902344
36.0,0.0,0.0,0.010824918746948242
83.0,9.0,9.0,0.024896860122680664
63.0,5.0,5.0,0.018911123275756836
108.0,23.0,23.0,0.03221774101257324
53.0,9.0,9.0,0.017352819442749023
45.0,2.0,2.0,0.014637470245361328
92.0,12.0,12.0,0.026555299758911133
58.0,8.0,8.0,0.01700305938720703
43.0,3.0,3.0,0.013688325881958008
56.0,10.0,10.0,0.018717050552368164
23.0,1.0,1.0,0.007889509201049805
71.0,3.0,3.0,0.020812273025512695
24.0,1.0,1.0,0.007718563079833984
17.0,2.0,2.0,0.006232023239135742
83.0,7.0,7.0,0.025780200958251953
71.0,9.0,9.0,0.023866653442382812
56.0,6.0,6.0,0.01732802391052246
36.0,2.0,2.0,0.011252880096435547
22.0,1.0,1.0,0.008754730224609375
65.0,2.0,2.0,0.02111983299255371
32.0,5.0,5.0,0.012134075164794922
28.0,0.0,0.0,0.009869098663330078
35.0,4.0,4.0,0.010434389114379883
19.0,1.0,1.0,0.006742954254150391
102.0,13.0,13.0,0.03177380561828613
55.0,6.0,6.0,0.01710367202758789
56.0,6.0,6.0,0.020299196243286133
15.0,2.0,2.0,0.004813194274902344
56.0,4.0,4.0,0.0218045711517334
43.0,4.0,4.0,0.012863636016845703
12.0,0.0,0.0,0.003000020980834961
14.0,3.0,3.0,0.004274845123291016
15.0,1.0,1.0,0.006045103073120117
18.0,2.0,2.0,0.0058879852294921875
15.0,3.0,3.0,0.004220485687255859
33.0,3.0,3.0,0.009862899780273438
24.0,2.0,2.0,0.008243560791015625
16.0,0.0,0.0,0.0060002803802490234
67.0,5.0,5.0,0.024404287338256836
76.0,8.0,8.0,0.023027420043945312
15.0,0.0,0.0,0.005391836166381836
26.0,4.0,4.0,0.010380029678344727
36.0,1.0,1.0,0.009855270385742188
22.0,4.0,4.0,0.00704503059387207
42.0,5.0,5.0,0.012480497360229492
26.0,2.0,2.0,0.011878728866577148
46.0,3.0,3.0,0.013387918472290039
16.0,0.0,0.0,0.0039942264556884766
13.0,0.0,0.0,0.004629850387573242
64.0,3.0,3.0,0.01938176155090332
40.0,7.0,7.0,0.012928247451782227
28.0,4.0,4.0,0.008657455444335938
18.0,3.0,3.0,0.006009101867675781
80.0,6.0,6.0,0.024323463439941406
58.0,7.0,7.0,0.02009296417236328
11.0,1.0,1.0,0.0030989646911621094
38.0,7.0,7.0,0.012370824813842773
46.0,7.0,7.0,0.014223814010620117
44.0,2.0,2.0,0.01320648193359375
46.0,5.0,5.0,0.013480901718139648
57.0,12.0,12.0,0.020116090774536133
43.0,3.0,3.0,0.015161275863647461
65.0,17.0,17.0,0.020462989807128906
13.0,0.0,0.0,0.0038962364196777344
17.0,1.0,1.0,0.005399942398071289
67.0,1.0,1.0,0.02017688751220703
12.0,0.0,0.0,0.0049970149993896484
33.0,0.0,0.0,0.010244607925415039
55.0,5.0,5.0,0.016745567321777344
53.0,8.0,8.0,0.017786502838134766
19.0,2.0,2.0,0.0066585540771484375
75.0,11.0,11.0,0.022341489791870117
53.0,7.0,7.0,0.0158538818359375
96.0,10.0,10.0,0.032245635986328125
15.0,0.0,0.0,0.005043983459472656
68.0,5.0,5.0,0.02037811279296875
17.0,0.0,0.0,0.00564265251159668
43.0,2.0,2.0,0.015644550323486328
33.0,3.0,3.0,0.009860754013061523
16.0,1.0,1.0,0.005525350570678711
51.0,4.0,4.0,0.0159456729888916
22.0,1.0,1.0,0.006875514984130859
41.0,7.0,7.0,0.013685941696166992
26.0,1.0,1.0,0.007683277130126953
16.0,3.0,3.0,0.004045724868774414
19.0,5.0,5.0,0.006928682327270508
127.0,16.0,16.0,0.040352582931518555
39.0,0.0,0.0,0.01582789421081543
112.0,16.0,16.0,0.03455352783203125
31.0,3.0,3.0,0.00906229019165039
18.0,1.0,1.0,0.0065801143646240234
23.0,4.0,4.0,0.007879972457885742
29.0,7.0,7.0,0.011156082153320312
54.0,7.0,7.0,0.016976118087768555
19.0,0.0,0.0,0.005674600601196289
59.0,12.0,12.0,0.01939868927001953
28.0,5.0,5.0,0.009742259979248047
35.0,5.0,5.0,0.011682510375976562
13.0,3.0,3.0,0.0036306381225585938
26.0,6.0,6.0,0.007000923156738281
82.0,11.0,11.0,0.04788637161254883
92.0,10.0,10.0,0.03739190101623535
48.0,4.0,4.0,0.01860833168029785
20.0,3.0,3.0,0.005615949630737305
27.0,3.0,3.0,0.012079954147338867
13.0,0.0,0.0,0.0044095516204833984
22.0,1.0,1.0,0.00951075553894043
85.0,1.0,1.0,0.031058788299560547
62.0,11.0,11.0,0.01939082145690918
38.0,1.0,1.0,0.013753652572631836
16.0,4.0,4.0,0.004639148712158203
35.0,9.0,9.0,0.011667728424072266
244.0,31.0,31.0,0.08225250244140625
35.0,2.0,2.0,0.013956308364868164
11.0,0.0,0.0,0.003000020980834961
27.0,3.0,3.0,0.0076067447662353516
12.0,1.0,1.0,0.00464177131652832
36.0,2.0,2.0,0.010866641998291016
26.0,1.0,1.0,0.009851455688476562
14.0,1.0,1.0,0.0056073665618896484
23.0,5.0,5.0,0.006850004196166992
25.0,2.0,2.0,0.007951736450195312
92.0,14.0,14.0,0.0327754020690918
70.0,6.0,6.0,0.022916316986083984
41.0,0.0,0.0,0.012905597686767578
23.0,4.0,4.0,0.006886482238769531
16.0,4.0,4.0,0.004857063293457031
19.0,1.0,1.0,0.006170034408569336
15.0,1.0,1.0,0.0039997100830078125
15.0,1.0,1.0,0.0054128170013427734
55.0,11.0,11.0,0.01778864860534668
24.0,1.0,1.0,0.0073087215423583984
23.0,3.0,3.0,0.006273746490478516
29.0,0.0,0.0,0.00966644287109375
21.0,3.0,3.0,0.00704503059387207
28.0,3.0,3.0,0.008642196655273438
72.0,8.0,8.0,0.022358179092407227
80.0,12.0,12.0,0.02443838119506836
34.0,0.0,0.0,0.013515233993530273
13.0,2.0,2.0,0.004000186920166016
27.0,3.0,3.0,0.008607864379882812
39.0,2.0,2.0,0.01253366470336914
20.0,3.0,3.0,0.006287574768066406
85.0,7.0,7.0,0.025758743286132812
14.0,3.0,3.0,0.0037927627563476562
55.0,7.0,7.0,0.019797086715698242
67.0,10.0,10.0,0.01975536346435547
12.0,1.0,1.0,0.0035600662231445312
109.0,8.0,8.0,0.03324770927429199
17.0,2.0,2.0,0.005046844482421875
32.0,3.0,3.0,0.010475873947143555
65.0,7.0,7.0,0.02241039276123047
18.0,0.0,0.0,0.0077877044677734375
57.0,4.0,4.0,0.021060943603515625
19.0,1.0,1.0,0.006793975830078125
14.0,2.0,2.0,0.005513429641723633
48.0,6.0,6.0,0.017588138580322266
46.0,5.0,5.0,0.01670694351196289
42.0,3.0,3.0,0.01435232162475586
53.0,5.0,5.0,0.01832103729248047
14.0,3.0,3.0,0.0054340362548828125
23.0,1.0,1.0,0.0071315765380859375
195.0,13.0,13.0,0.06157183647155762
32.0,4.0,4.0,0.01080942153930664
16.0,1.0,1.0,0.004999876022338867
110.0,19.0,19.0,0.03606462478637695
16.0,4.0,4.0,0.005791902542114258
12.0,1.0,1.0,0.0043487548828125
30.0,3.0,3.0,0.009317874908447266
58.0,2.0,2.0,0.018735170364379883
14.0,0.0,0.0,0.003991365432739258
13.0,1.0,1.0,0.004849672317504883
30.0,15.0,15.0,0.009287357330322266
207.0,23.0,23.0,0.07432913780212402
35.0,3.0,3.0,0.012228727340698242
60.0,6.0,6.0,0.019859790802001953
61.0,8.0,8.0,0.0202634334564209
52.0,9.0,9.0,0.01747751235961914
27.0,4.0,4.0,0.009193658828735352
13.0,0.0,0.0,0.0035305023193359375
15.0,3.0,3.0,0.004869222640991211
50.0,5.0,5.0,0.018198251724243164
13.0,0.0,0.0,0.006696462631225586
17.0,0.0,0.0,0.00876927375793457
42.0,4.0,4.0,0.016678810119628906
50.0,4.0,4.0,0.015874385833740234
20.0,1.0,1.0,0.005017995834350586
25.0,1.0,1.0,0.008433341979980469
17.0,3.0,3.0,0.0056989192962646484
78.0,11.0,11.0,0.02670884132385254
58.0,5.0,5.0,0.019563674926757812
27.0,2.0,2.0,0.009647130966186523
54.0,6.0,6.0,0.016550064086914062
14.0,2.0,2.0,0.003867626190185547
84.0,7.0,7.0,0.028211116790771484
26.0,6.0,6.0,0.009000778198242188
38.0,1.0,1.0,0.01533818244934082
91.0,7.0,7.0,0.03145289421081543
24.0,2.0,2.0,0.008996248245239258
67.0,13.0,13.0,0.026273727416992188
104.0,14.0,14.0,0.03887319564819336
18.0,0.0,0.0,0.006494045257568359
52.0,5.0,5.0,0.016855478286743164
154.0,22.0,22.0,0.05162525177001953
37.0,2.0,2.0,0.013670206069946289
13.0,0.0,0.0,0.004056215286254883
24.0,2.0,2.0,0.007952213287353516
19.0,6.0,6.0,0.007574796676635742
80.0,14.0,14.0,0.027208328247070312
30.0,3.0,3.0,0.009552478790283203
57.0,6.0,6.0,0.020246267318725586
33.0,7.0,7.0,0.01060938835144043
41.0,2.0,2.0,0.016658306121826172
19.0,2.0,2.0,0.008270025253295898
39.0,2.0,2.0,0.014150381088256836
26.0,2.0,2.0,0.009654521942138672
12.0,0.0,0.0,0.004331111907958984
14.0,3.0,3.0,0.0058972835540771484
30.0,2.0,2.0,0.009782791137695312
55.0,14.0,14.0,0.01774001121520996
14.0,2.0,2.0,0.004697561264038086
71.0,8.0,8.0,0.024547576904296875
140.0,29.0,29.0,0.04863691329956055
55.0,6.0,6.0,0.018392562866210938
70.0,5.0,5.0,0.02369236946105957
44.0,5.0,5.0,0.014853715896606445
26.0,2.0,2.0,0.010245323181152344
40.0,4.0,4.0,0.016795635223388672
47.0,2.0,2.0,0.014039278030395508
53.0,4.0,4.0,0.02355194091796875
21.0,2.0,2.0,0.013352394104003906
25.0,4.0,4.0,0.014190673828125
91.0,8.0,8.0,0.03629636764526367
37.0,2.0,2.0,0.013408184051513672
28.0,0.0,0.0,0.009427309036254883
31.0,8.0,8.0,0.009654045104980469
64.0,15.0,15.0,0.02477407455444336
23.0,1.0,1.0,0.008421659469604492
26.0,4.0,4.0,0.008183479309082031
14.0,3.0,3.0,0.0062122344970703125
12.0,0.0,0.0,0.004671812057495117
42.0,4.0,4.0,0.01611948013305664
60.0,7.0,7.0,0.01900649070739746
28.0,0.0,0.0,0.009731769561767578
24.0,2.0,2.0,0.008188486099243164
15.0,2.0,2.0,0.007158756256103516
19.0,1.0,1.0,0.005507230758666992
45.0,5.0,5.0,0.013964653015136719
76.0,10.0,10.0,0.025240421295166016
14.0,3.0,3.0,0.004532575607299805
25.0,2.0,2.0,0.008375883102416992
57.0,6.0,6.0,0.018325090408325195
31.0,6.0,6.0,0.010462760925292969
31.0,7.0,7.0,0.011298179626464844
12.0,0.0,0.0,0.003995656967163086
172.0,14.0,14.0,0.06059575080871582
48.0,3.0,3.0,0.014488935470581055
41.0,9.0,9.0,0.013460636138916016
46.0,5.0,5.0,0.014338016510009766
22.0,3.0,3.0,0.0066776275634765625
66.0,11.0,11.0,0.019741296768188477
14.0,2.0,2.0,0.004004001617431641
51.0,6.0,6.0,0.01622939109802246
24.0,4.0,4.0,0.007597684860229492
83.0,13.0,13.0,0.028032541275024414
45.0,6.0,6.0,0.015497922897338867
75.0,6.0,6.0,0.025444746017456055
86.0,14.0,14.0,0.028367042541503906
13.0,1.0,1.0,0.003998994827270508
21.0,1.0,1.0,0.0076541900634765625
53.0,5.0,5.0,0.019044160842895508
36.0,3.0,3.0,0.015073537826538086
26.0,0.0,0.0,0.008600950241088867
40.0,1.0,1.0,0.014413833618164062
76.0,12.0,12.0,0.02382683753967285
99.0,20.0,20.0,0.0342254638671875
40.0,0.0,0.0,0.011788129806518555
11.0,0.0,0.0,0.002997875213623047
46.0,6.0,6.0,0.014295339584350586
21.0,2.0,2.0,0.006662845611572266
22.0,4.0,4.0,0.00720524787902832
20.0,2.0,2.0,0.006164073944091797
18.0,1.0,1.0,0.007184505462646484
16.0,1.0,1.0,0.005727529525756836
29.0,8.0,8.0,0.00865626335144043
25.0,6.0,6.0,0.008669614791870117
16.0,1.0,1.0,0.005676984786987305
13.0,0.0,0.0,0.00428462028503418
26.0,2.0,2.0,0.00850820541381836
104.0,13.0,13.0,0.03542327880859375
43.0,8.0,8.0,0.013199806213378906
94.0,13.0,13.0,0.02831888198852539
15.0,1.0,1.0,0.003724813461303711
35.0,4.0,4.0,0.011040449142456055
78.0,9.0,9.0,0.02398991584777832
60.0,2.0,2.0,0.01860523223876953
20.0,1.0,1.0,0.0064547061920166016
51.0,2.0,2.0,0.016400575637817383
22.0,5.0,5.0,0.007906198501586914
21.0,2.0,2.0,0.006360054016113281
11.0,0.0,0.0,0.0036406517028808594
14.0,0.0,0.0,0.0038819313049316406
19.0,0.0,0.0,0.0061490535736083984
22.0,0.0,0.0,0.006133079528808594
54.0,7.0,7.0,0.018622875213623047
12.0,0.0,0.0,0.004710197448730469
69.0,8.0,8.0,0.02180337905883789
62.0,7.0,7.0,0.01982736587524414
40.0,3.0,3.0,0.012407779693603516
21.0,1.0,1.0,0.007241010665893555
56.0,4.0,4.0,0.019819974899291992
22.0,4.0,4.0,0.008660316467285156
52.0,4.0,4.0,0.01952362060546875
89.0,10.0,10.0,0.029966115951538086
62.0,7.0,7.0,0.019788742065429688
80.0,7.0,7.0,0.024718761444091797
60.0,8.0,8.0,0.018134117126464844
40.0,8.0,8.0,0.015285968780517578
41.0,5.0,5.0,0.017802000045776367
117.0,10.0,10.0,0.04371356964111328
25.0,3.0,3.0,0.008891582489013672
19.0,2.0,2.0,0.005671977996826172
39.0,1.0,1.0,0.012994050979614258
49.0,3.0,3.0,0.017890214920043945
15.0,4.0,4.0,0.004532575607299805
34.0,2.0,2.0,0.014754056930541992
25.0,2.0,2.0,0.008007287979125977
22.0,2.0,2.0,0.008183002471923828
24.0,1.0,1.0,0.009511947631835938
50.0,7.0,7.0,0.019519805908203125
21.0,4.0,4.0,0.012158632278442383
23.0,3.0,3.0,0.013189077377319336
28.0,3.0,3.0,0.014559507369995117
53.0,6.0,6.0,0.019530534744262695
32.0,5.0,5.0,0.010646820068359375
33.0,2.0,2.0,0.008690118789672852
13.0,2.0,2.0,0.00445556640625
45.0,2.0,2.0,0.014291763305664062
41.0,9.0,9.0,0.013406515121459961
13.0,2.0,2.0,0.005198955535888672
16.0,2.0,2.0,0.004485607147216797
16.0,2.0,2.0,0.004400014877319336
43.0,10.0,10.0,0.02043747901916504
33.0,5.0,5.0,0.01069498062133789
16.0,3.0,3.0,0.006230831146240234
11.0,0.0,0.0,0.004160881042480469
20.0,1.0,1.0,0.006132841110229492
208.0,22.0,22.0,0.06520247459411621
46.0,4.0,4.0,0.014894485473632812
76.0,5.0,5.0,0.025660037994384766
30.0,3.0,3.0,0.009061336517333984
14.0,0.0,0.0,0.006955862045288086
49.0,0.0,0.0,0.013570547103881836
64.0,9.0,9.0,0.018843650817871094
53.0,3.0,3.0,0.017263174057006836
35.0,12.0,12.0,0.014308691024780273
39.0,5.0,5.0,0.013397932052612305
51.0,8.0,8.0,0.017435312271118164
106.0,7.0,7.0,0.03493642807006836
32.0,9.0,9.0,0.011208772659301758
19.0,2.0,2.0,0.005654096603393555
79.0,14.0,14.0,0.023829221725463867
38.0,2.0,2.0,0.014079570770263672
18.0,3.0,3.0,0.008278131484985352
87.0,13.0,13.0,0.028018474578857422
27.0,4.0,4.0,0.00970911979675293
66.0,6.0,6.0,0.021773576736450195
57.0,3.0,3.0,0.02306342124938965
51.0,1.0,1.0,0.018623828887939453
50.0,6.0,6.0,0.01797032356262207
182.0,22.0,22.0,0.06899547576904297
47.0,14.0,14.0,0.013762712478637695
13.0,2.0,2.0,0.006468772888183594
17.0,3.0,3.0,0.005392789840698242
12.0,0.0,0.0,0.003940105438232422
29.0,2.0,2.0,0.010898828506469727
30.0,4.0,4.0,0.011118888854980469
13.0,1.0,1.0,0.006001710891723633
40.0,4.0,4.0,0.016110658645629883
30.0,3.0,3.0,0.010858297348022461
147.0,16.0,16.0,0.047098398208618164
66.0,7.0,7.0,0.019800901412963867
35.0,11.0,11.0,0.010170698165893555
11.0,0.0,0.0,0.0026960372924804688
19.0,3.0,3.0,0.006736278533935547
13.0,0.0,0.0,0.0045261383056640625
21.0,2.0,2.0,0.006144285202026367
15.0,0.0,0.0,0.0056531429290771484
19.0,1.0,1.0,0.008493661880493164
21.0,3.0,3.0,0.007556438446044922
67.0,7.0,7.0,0.026403427124023438
79.0,7.0,7.0,0.025476694107055664
39.0,0.0,0.0,0.01674509048461914
18.0,4.0,4.0,0.006289005279541016
38.0,7.0,7.0,0.012981891632080078
12.0,1.0,1.0,0.003698110580444336
28.0,5.0,5.0,0.009202241897583008
15.0,4.0,4.0,0.004694461822509766
31.0,4.0,4.0,0.011157989501953125
78.0,12.0,12.0,0.02332615852355957
22.0,3.0,3.0,0.008065938949584961
39.0,4.0,4.0,0.017189979553222656
21.0,1.0,1.0,0.009077310562133789
49.0,5.0,5.0,0.016082286834716797
27.0,7.0,7.0,0.013498067855834961
105.0,21.0,21.0,0.040071725845336914
16.0,1.0,1.0,0.006262302398681641
28.0,1.0,1.0,0.012202978134155273
34.0,6.0,6.0,0.011136054992675781
29.0,4.0,4.0,0.00928354263305664
113.0,19.0,19.0,0.03771662712097168
64.0,7.0,7.0,0.019329547882080078
138.0,13.0,13.0,0.04201149940490723
31.0,8.0,8.0,0.012562751770019531
12.0,0.0,0.0,0.0038819313049316406
92.0,10.0,10.0,0.03698420524597168
51.0,8.0,8.0,0.016330957412719727
18.0,1.0,1.0,0.0051496028900146484
55.0,11.0,11.0,0.01949906349182129
12.0,0.0,0.0,0.003586292266845703
72.0,10.0,10.0,0.02110123634338379
20.0,1.0,1.0,0.005605936050415039
21.0,2.0,2.0,0.006867647171020508
59.0,9.0,9.0,0.020176172256469727
42.0,6.0,6.0,0.014920711517333984
13.0,0.0,0.0,0.004136323928833008
44.0,5.0,5.0,0.015233278274536133
49.0,2.0,2.0,0.015491008758544922
17.0,5.0,5.0,0.006146669387817383
39.0,4.0,4.0,0.014886856079101562
11.0,0.0,0.0,0.0041234493255615234
47.0,4.0,4.0,0.016602277755737305
37.0,3.0,3.0,0.012182474136352539
61.0,5.0,5.0,0.021053075790405273
25.0,1.0,1.0,0.010683536529541016
14.0,1.0,1.0,0.004903078079223633
58.0,4.0,4.0,0.018634557723999023
13.0,1.0,1.0,0.004690647125244141
11.0,0.0,0.0,0.0041656494140625
72.0,8.0,8.0,0.024299144744873047
24.0,4.0,4.0,0.00825810432434082
12.0,1.0,1.0,0.0038056373596191406
17.0,0.0,0.0,0.006496906280517578
13.0,0.0,0.0,0.005001068115234375
17.0,1.0,1.0,0.005273580551147461
25.0,1.0,1.0,0.009395122528076172
15.0,2.0,2.0,0.005266427993774414
26.0,0.0,0.0,0.008695840835571289
32.0,3.0,3.0,0.010423898696899414
31.0,1.0,1.0,0.009320497512817383
47.0,10.0,10.0,0.015545368194580078
15.0,2.0,2.0,0.005289554595947266
11.0,0.0,0.0,0.004059791564941406
32.0,0.0,0.0,0.010283946990966797
21.0,4.0,4.0,0.006274223327636719
68.0,10.0,10.0,0.02181529998779297
19.0,3.0,3.0,0.006957054138183594
60.0,2.0,2.0,0.023627519607543945
25.0,3.0,3.0,0.010079145431518555
25.0,0.0,0.0,0.009923458099365234
13.0,1.0,1.0,0.004110097885131836
37.0,8.0,8.0,0.013199806213378906
23.0,2.0,2.0,0.007033586502075195
56.0,5.0,5.0,0.023211956024169922
54.0,3.0,3.0,0.024880409240722656
45.0,3.0,3.0,0.014971733093261719
12.0,1.0,1.0,0.005103111267089844
17.0,0.0,0.0,0.005295276641845703
17.0,0.0,0.0,0.006245136260986328
36.0,6.0,6.0,0.011406183242797852
22.0,1.0,1.0,0.011646270751953125
76.0,9.0,9.0,0.024697065353393555
95.0,15.0,15.0,0.03005695343017578
78.0,9.0,9.0,0.023959636688232422
36.0,3.0,3.0,0.014154434204101562
14.0,2.0,2.0,0.005264997482299805
51.0,4.0,4.0,0.01498723030090332
22.0,1.0,1.0,0.006650447845458984
49.0,5.0,5.0,0.01564955711364746
72.0,8.0,8.0,0.023464679718017578
21.0,3.0,3.0,0.007576704025268555
111.0,14.0,14.0,0.037526845932006836
28.0,4.0,4.0,0.009462356567382812
138.0,21.0,21.0,0.04544973373413086
12.0,0.0,0.0,0.00393366813659668
19.0,2.0,2.0,0.006583213806152344
14.0,0.0,0.0,0.004140138626098633
32.0,3.0,3.0,0.010123729705810547
43.0,5.0,5.0,0.014265298843383789
28.0,4.0,4.0,0.00966787338256836
74.0,11.0,11.0,0.022841691970825195
55.0,2.0,2.0,0.016999483108520508
42.0,3.0,3.0,0.01361846923828125
25.0,5.0,5.0,0.007529020309448242
14.0,2.0,2.0,0.004631996154785156
49.0,6.0,6.0,0.01642155647277832
24.0,1.0,1.0,0.006758928298950195
53.0,7.0,7.0,0.015464305877685547
55.0,4.0,4.0,0.015086650848388672
59.0,9.0,9.0,0.023448705673217773
14.0,0.0,0.0,0.005239963531494141
15.0,0.0,0.0,0.0054318904876708984
51.0,6.0,6.0,0.01558375358581543
44.0,2.0,2.0,0.015187263488769531
45.0,12.0,12.0,0.016416311264038086
14.0,0.0,0.0,0.005738735198974609
21.0,2.0,2.0,0.007134675979614258
12.0,1.0,1.0,0.003511190414428711
140.0,10.0,10.0,0.04270362854003906
18.0,2.0,2.0,0.004671812057495117
12.0,0.0,0.0,0.003612041473388672
12.0,0.0,0.0,0.003672361373901367
35.0,4.0,4.0,0.010571002960205078
43.0,10.0,10.0,0.013346672058105469
35.0,5.0,5.0,0.016359567642211914
77.0,13.0,13.0,0.029454946517944336
19.0,2.0,2.0,0.005484342575073242
16.0,4.0,4.0,0.004955768585205078
37.0,3.0,3.0,0.013607263565063477
43.0,5.0,5.0,0.013876676559448242
147.0,17.0,17.0,0.05529451370239258
29.0,4.0,4.0,0.009282350540161133
33.0,5.0,5.0,0.010747671127319336
12.0,1.0,1.0,0.004639148712158203
14.0,3.0,3.0,0.003999471664428711
16.0,1.0,1.0,0.00573277473449707
152.0,11.0,11.0,0.04516887664794922
105.0,5.0,5.0,0.03474283218383789
11.0,0.0,0.0,0.0031728744506835938
35.0,8.0,8.0,0.01044321060180664
46.0,6.0,6.0,0.015250921249389648
65.0,12.0,12.0,0.02028942108154297
53.0,4.0,4.0,0.017653942108154297
15.0,2.0,2.0,0.005023479461669922
23.0,2.0,2.0,0.006980419158935547
53.0,0.0,0.0,0.017045974731445312
35.0,5.0,5.0,0.011281251907348633
24.0,3.0,3.0,0.006665468215942383
105.0,14.0,14.0,0.03284811973571777
44.0,9.0,9.0,0.014095067977905273
23.0,6.0,6.0,0.0065250396728515625
24.0,5.0,5.0,0.00606536865234375
56.0,4.0,4.0,0.01644134521484375
13.0,0.0,0.0,0.0052127838134765625
11.0,0.0,0.0,0.003757476806640625
32.0,1.0,1.0,0.01004648208618164
71.0,11.0,11.0,0.02191162109375
32.0,6.0,6.0,0.010108709335327148
16.0,0.0,0.0,0.006020545959472656
69.0,10.0,10.0,0.02089238166809082
30.0,6.0,6.0,0.008608341217041016
28.0,1.0,1.0,0.00896143913269043
27.0,5.0,5.0,0.010625839233398438
18.0,5.0,5.0,0.0067615509033203125
13.0,0.0,0.0,0.00513458251953125
30.0,3.0,3.0,0.01143336296081543
46.0,3.0,3.0,0.014363765716552734
17.0,2.0,2.0,0.005527973175048828
61.0,4.0,4.0,0.018938541412353516
12.0,0.0,0.0,0.004674196243286133
15.0,3.0,3.0,0.003998279571533203
39.0,1.0,1.0,0.012609720230102539
56.0,6.0,6.0,0.019474506378173828
22.0,3.0,3.0,0.0064313411712646484
69.0,6.0,6.0,0.02311110496520996
43.0,7.0,7.0,0.014823198318481445
87.0,9.0,9.0,0.02587437629699707
38.0,1.0,1.0,0.013574361801147461
32.0,3.0,3.0,0.01079416275024414
50.0,3.0,3.0,0.01773381233215332
95.0,6.0,6.0,0.03056788444519043
79.0,8.0,8.0,0.023033618927001953
39.0,3.0,3.0,0.013494491577148438
25.0,2.0,2.0,0.006845712661743164
42.0,3.0,3.0,0.013314962387084961
52.0,1.0,1.0,0.024735450744628906
35.0,0.0,0.0,0.013688325881958008
21.0,1.0,1.0,0.006639242172241211
25.0,2.0,2.0,0.009154081344604492
33.0,0.0,0.0,0.010178327560424805
33.0,3.0,3.0,0.009448528289794922
130.0,19.0,19.0,0.04764056205749512
82.0,10.0,10.0,0.026146888732910156
16.0,0.0,0.0,0.005621671676635742
28.0,4.0,4.0,0.010338306427001953
22.0,8.0,8.0,0.007142066955566406
29.0,4.0,4.0,0.009837150573730469
85.0,12.0,12.0,0.02946162223815918
31.0,3.0,3.0,0.013773918151855469
49.0,13.0,13.0,0.01820659637451172
13.0,1.0,1.0,0.004155635833740234
58.0,8.0,8.0,0.020659446716308594
63.0,7.0,7.0,0.021764278411865234
96.0,9.0,9.0,0.04349684715270996
68.0,4.0,4.0,0.022158384323120117
13.0,0.0,0.0,0.004520416259765625
12.0,1.0,1.0,0.003996849060058594
18.0,1.0,1.0,0.005512714385986328
21.0,4.0,4.0,0.005906581878662109
16.0,0.0,0.0,0.005748271942138672
44.0,7.0,7.0,0.015091657638549805
11.0,1.0,1.0,0.004002809524536133
12.0,1.0,1.0,0.004140138626098633
12.0,1.0,1.0,0.003507375717163086
56.0,2.0,2.0,0.01929330825805664
76.0,9.0,9.0,0.025496482849121094
28.0,0.0,0.0,0.008907079696655273
93.0,18.0,18.0,0.02817535400390625
70.0,5.0,5.0,0.022000789642333984
15.0,2.0,2.0,0.0055141448974609375
37.0,2.0,2.0,0.011999845504760742
33.0,6.0,6.0,0.012144327163696289
39.0,8.0,8.0,0.012358665466308594
13.0,0.0,0.0,0.004310131072998047
55.0,11.0,11.0,0.01663804054260254
71.0,3.0,3.0,0.022669553756713867
55.0,4.0,4.0,0.01831674575805664
19.0,2.0,2.0,0.005997657775878906
31.0,0.0,0.0,0.008997678756713867
55.0,5.0,5.0,0.018700599670410156
44.0,7.0,7.0,0.013587713241577148
30.0,5.0,5.0,0.009813547134399414
30.0,4.0,4.0,0.0099945068359375
22.0,3.0,3.0,0.00595545768737793
27.0,3.0,3.0,0.007731199264526367
21.0,2.0,2.0,0.006085872650146484
48.0,3.0,3.0,0.01485133171081543
59.0,9.0,9.0,0.020183801651000977
57.0,10.0,10.0,0.018979787826538086
51.0,4.0,4.0,0.01683354377746582
35.0,2.0,2.0,0.011850833892822266
21.0,1.0,1.0,0.0066280364990234375
11.0,0.0,0.0,0.0040130615234375
11.0,0.0,0.0,0.0029726028442382812
26.0,2.0,2.0,0.009592056274414062
26.0,3.0,3.0,0.007990121841430664
39.0,2.0,2.0,0.011998891830444336
17.0,2.0,2.0,0.008538007736206055
15.0,1.0,1.0,0.00471806526184082
17.0,2.0,2.0,0.005036592483520508
37.0,11.0,11.0,0.011608600616455078
36.0,1.0,1.0,0.010769128799438477
31.0,5.0,5.0,0.010996103286743164
18.0,2.0,2.0,0.005918979644775391
28.0,8.0,8.0,0.00899815559387207
30.0,2.0,2.0,0.010483503341674805
16.0,1.0,1.0,0.0039997100830078125
31.0,0.0,0.0,0.008512735366821289
160.0,21.0,21.0,0.05423140525817871
28.0,5.0,5.0,0.0077762603759765625
17.0,1.0,1.0,0.00640559196472168
21.0,2.0,2.0,0.005997896194458008
91.0,11.0,11.0,0.033730506896972656
98.0,12.0,12.0,0.03177142143249512
27.0,3.0,3.0,0.008847236633300781
20.0,0.0,0.0,0.0072765350341796875
41.0,10.0,10.0,0.016973257064819336
33.0,6.0,6.0,0.013097763061523438
30.0,5.0,5.0,0.014534950256347656
60.0,6.0,6.0,0.019584178924560547
78.0,12.0,12.0,0.02837657928466797
43.0,1.0,1.0,0.01942276954650879
20.0,2.0,2.0,0.006330966949462891
38.0,4.0,4.0,0.01724410057067871
41.0,3.0,3.0,0.01623988151550293
79.0,2.0,2.0,0.030407190322875977
29.0,3.0,3.0,0.00819706916809082
34.0,2.0,2.0,0.017247438430786133
33.0,4.0,4.0,0.010565519332885742
24.0,4.0,4.0,0.008490324020385742
18.0,1.0,1.0,0.006003856658935547
48.0,3.0,3.0,0.014824390411376953
19.0,0.0,0.0,0.005529880523681641
13.0,0.0,0.0,0.0040035247802734375
29.0,5.0,5.0,0.008757829666137695
14.0,2.0,2.0,0.004000186920166016
23.0,3.0,3.0,0.007712364196777344
31.0,1.0,1.0,0.01036524772644043
62.0,8.0,8.0,0.01778578758239746
47.0,10.0,10.0,0.013999462127685547
108.0,10.0,10.0,0.035907745361328125
24.0,4.0,4.0,0.00655055046081543
44.0,2.0,2.0,0.016093969345092773
13.0,2.0,2.0,0.004044532775878906
18.0,2.0,2.0,0.0057795047760009766
47.0,7.0,7.0,0.024389028549194336
64.0,8.0,8.0,0.02353215217590332
90.0,6.0,6.0,0.03229999542236328
57.0,5.0,5.0,0.019683361053466797
73.0,3.0,3.0,0.023159027099609375
54.0,1.0,1.0,0.018843412399291992
172.0,35.0,35.0,0.06458330154418945
13.0,1.0,1.0,0.0038695335388183594
55.0,6.0,6.0,0.01756763458251953
119.0,19.0,19.0,0.053670406341552734
14.0,0.0,0.0,0.0037212371826171875
195.0,25.0,25.0,0.06607985496520996
21.0,0.0,0.0,0.007514238357543945
17.0,2.0,2.0,0.005635261535644531
46.0,2.0,2.0,0.016986846923828125
14.0,0.0,0.0,0.003975868225097656
91.0,15.0,15.0,0.029989004135131836
52.0,5.0,5.0,0.01664280891418457
39.0,5.0,5.0,0.012987852096557617
53.0,9.0,9.0,0.01762223243713379
14.0,2.0,2.0,0.005331754684448242
20.0,4.0,4.0,0.0066454410552978516
36.0,7.0,7.0,0.012091398239135742
13.0,0.0,0.0,0.0053730010986328125
55.0,12.0,12.0,0.018024444580078125
57.0,15.0,15.0,0.019837379455566406
45.0,6.0,6.0,0.014854907989501953
39.0,3.0,3.0,0.013591289520263672
51.0,11.0,11.0,0.015895843505859375
25.0,4.0,4.0,0.009454965591430664
17.0,0.0,0.0,0.005652427673339844
26.0,1.0,1.0,0.007337093353271484
12.0,0.0,0.0,0.004827737808227539
30.0,2.0,2.0,0.009346485137939453
21.0,0.0,0.0,0.0069997310638427734
16.0,3.0,3.0,0.005483865737915039
47.0,4.0,4.0,0.015128135681152344
28.0,2.0,2.0,0.008824825286865234
28.0,2.0,2.0,0.010570287704467773
15.0,3.0,3.0,0.0075244903564453125
60.0,0.0,0.0,0.020304441452026367
28.0,4.0,4.0,0.009691953659057617
151.0,10.0,10.0,0.049794673919677734
36.0,3.0,3.0,0.011522293090820312
143.0,13.0,13.0,0.04446268081665039
66.0,2.0,2.0,0.019335508346557617
27.0,0.0,0.0,0.007687807083129883
15.0,4.0,4.0,0.005007505416870117
26.0,2.0,2.0,0.007998943328857422
16.0,2.0,2.0,0.005463361740112305
46.0,3.0,3.0,0.012529373168945312
19.0,0.0,0.0,0.0052983760833740234
56.0,3.0,3.0,0.0181276798248291
62.0,6.0,6.0,0.01778888702392578
18.0,2.0,2.0,0.005504131317138672
52.0,4.0,4.0,0.017042875289916992
55.0,17.0,17.0,0.016589641571044922
27.0,5.0,5.0,0.008999824523925781
38.0,6.0,6.0,0.012000083923339844
21.0,6.0,6.0,0.006000041961669922
44.0,3.0,3.0,0.016000032424926758
127.0,14.0,14.0,0.041582345962524414
42.0,5.0,5.0,0.016000032424926758
49.0,6.0,6.0,0.016000032424926758
34.0,10.0,10.0,0.011999845504760742
24.0,2.0,2.0,0.007999420166015625
16.0,2.0,2.0,0.004999876022338867
12.0,1.0,1.0,0.0029997825622558594
26.0,1.0,1.0,0.008000373840332031
38.0,3.0,3.0,0.013042688369750977
23.0,0.0,0.0,0.007589578628540039
39.0,3.0,3.0,0.012000083923339844
45.0,4.0,4.0,0.014000177383422852
22.0,2.0,2.0,0.0069997310638427734
23.0,5.0,5.0,0.006999969482421875
12.0,0.0,0.0,0.004999876022338867
225.0,32.0,32.0,0.07662749290466309
18.0,1.0,1.0,0.005000114440917969
12.0,0.0,0.0,0.0029997825622558594
29.0,3.0,3.0,0.009000062942504883
17.0,2.0,2.0,0.00599980354309082
28.0,2.0,2.0,0.00800013542175293
48.0,3.0,3.0,0.01704263687133789
155.0,26.0,26.0,0.04958915710449219
79.0,12.0,12.0,0.02499985694885254
32.0,4.0,4.0,0.009999990463256836
19.0,3.0,3.0,0.0060422420501708984
17.0,0.0,0.0,0.00599980354309082
24.0,3.0,3.0,0.007585287094116211
12.0,0.0,0.0,0.003000020980834961
12.0,0.0,0.0,0.003999948501586914
17.0,5.0,5.0,0.006000041961669922
43.0,8.0,8.0,0.013000011444091797
37.0,7.0,7.0,0.011999845504760742
15.0,3.0,3.0,0.0060002803802490234
22.0,1.0,1.0,0.007999897003173828
11.0,1.0,1.0,0.003744363784790039
135.0,16.0,16.0,0.04057598114013672
13.0,2.0,2.0,0.005107402801513672
42.0,2.0,2.0,0.013301610946655273
16.0,1.0,1.0,0.004378080368041992
56.0,5.0,5.0,0.01956653594970703
33.0,3.0,3.0,0.010117769241333008
19.0,4.0,4.0,0.005200386047363281
24.0,2.0,2.0,0.00751948356628418
20.0,0.0,0.0,0.005998134613037109
25.0,4.0,4.0,0.0075113773345947266
11.0,0.0,0.0,0.003997087478637695
22.0,6.0,6.0,0.0071446895599365234
42.0,1.0,1.0,0.018033981323242188
15.0,2.0,2.0,0.007999897003173828
32.0,5.0,5.0,0.015657663345336914
16.0,0.0,0.0,0.004651784896850586
33.0,7.0,7.0,0.012203454971313477
24.0,2.0,2.0,0.00901031494140625
27.0,1.0,1.0,0.010201454162597656
121.0,17.0,17.0,0.04175996780395508
37.0,1.0,1.0,0.011309623718261719
47.0,3.0,3.0,0.015985727310180664
17.0,0.0,0.0,0.006379604339599609
131.0,18.0,18.0,0.043250322341918945
137.0,15.0,15.0,0.04153084754943848
17.0,0.0,0.0,0.006998777389526367
49.0,7.0,7.0,0.01487278938293457
15.0,1.0,1.0,0.003994941711425781
12.0,0.0,0.0,0.00441431999206543
30.0,2.0,2.0,0.00861668586730957
62.0,5.0,5.0,0.018718242645263672
13.0,0.0,0.0,0.004415988922119141
14.0,0.0,0.0,0.004500150680541992
83.0,9.0,9.0,0.0253140926361084
53.0,5.0,5.0,0.014990568161010742
83.0,4.0,4.0,0.027622222900390625
18.0,1.0,1.0,0.006000041961669922
14.0,2.0,2.0,0.00500035285949707
88.0,16.0,16.0,0.0280001163482666
15.0,0.0,0.0,0.004000186920166016
36.0,8.0,8.0,0.01100015640258789
21.0,0.0,0.0,0.006584644317626953
24.0,10.0,10.0,0.00800013542175293
21.0,1.0,1.0,0.006999969482421875
19.0,5.0,5.0,0.006000041961669922
24.0,3.0,3.0,0.009000062942504883
17.0,0.0,0.0,0.006000041961669922
30.0,1.0,1.0,0.010000228881835938
42.0,11.0,11.0,0.013000011444091797
65.0,9.0,9.0,0.021042823791503906
44.0,1.0,1.0,0.015589237213134766
99.0,5.0,5.0,0.031000137329101562
75.0,13.0,13.0,0.023999929428100586
23.0,3.0,3.0,0.007999897003173828
35.0,2.0,2.0,0.011042356491088867
54.0,7.0,7.0,0.017915725708007812
44.0,4.0,4.0,0.012999773025512695
28.0,4.0,4.0,0.007999658584594727
49.0,2.0,2.0,0.01699972152709961
16.0,5.0,5.0,0.004999637603759766
13.0,0.0,0.0,0.004000186920166016
99.0,13.0,13.0,0.03345632553100586
21.0,0.0,0.0,0.008695602416992188
16.0,4.0,4.0,0.005948305130004883
48.0,5.0,5.0,0.013536930084228516
47.0,8.0,8.0,0.015043258666992188
29.0,3.0,3.0,0.00852513313293457
14.0,3.0,3.0,0.0029973983764648438
36.0,2.0,2.0,0.01100778579711914
88.0,10.0,10.0,0.02738809585571289
12.0,0.0,0.0,0.004145145416259766
24.0,4.0,4.0,0.007671356201171875
51.0,3.0,3.0,0.016101360321044922
61.0,1.0,1.0,0.020032882690429688
37.0,9.0,9.0,0.012000322341918945
51.0,3.0,3.0,0.016042470932006836
58.0,7.0,7.0,0.01758551597595215
31.0,3.0,3.0,0.014040708541870117
38.0,9.0,9.0,0.018964529037475586
30.0,0.0,0.0,0.008499622344970703
57.0,12.0,12.0,0.022270679473876953
25.0,0.0,0.0,0.010334253311157227
20.0,0.0,0.0,0.00910043716430664
16.0,2.0,2.0,0.006429433822631836
50.0,6.0,6.0,0.02108478546142578
23.0,5.0,5.0,0.007088661193847656
13.0,1.0,1.0,0.0039975643157958984
20.0,3.0,3.0,0.005997896194458008
125.0,7.0,7.0,0.03853297233581543
30.0,3.0,3.0,0.01147150993347168
50.0,6.0,6.0,0.016034364700317383
34.0,2.0,2.0,0.011999845504760742
27.0,6.0,6.0,0.008999824523925781
39.0,3.0,3.0,0.01399993896484375
30.0,4.0,4.0,0.01100015640258789
50.0,7.0,7.0,0.015582799911499023
57.0,14.0,14.0,0.018000125885009766
46.0,5.0,5.0,0.01399993896484375
21.0,3.0,3.0,0.006999969482421875
16.0,1.0,1.0,0.004999876022338867
19.0,3.0,3.0,0.00599980354309082
13.0,2.0,2.0,0.003999948501586914
106.0,9.0,9.0,0.03655719757080078
84.0,8.0,8.0,0.025476932525634766
43.0,1.0,1.0,0.01287388801574707
23.0,1.0,1.0,0.006998777389526367
54.0,7.0,7.0,0.01500844955444336
57.0,9.0,9.0,0.016651153564453125
39.0,5.0,5.0,0.010846853256225586
20.0,1.0,1.0,0.007904529571533203
28.0,2.0,2.0,0.009512186050415039
26.0,4.0,4.0,0.007332563400268555
18.0,2.0,2.0,0.005932807922363281
51.0,3.0,3.0,0.015608549118041992
35.0,6.0,6.0,0.010109663009643555
20.0,0.0,0.0,0.006525993347167969
44.0,2.0,2.0,0.01276087760925293
29.0,1.0,1.0,0.008997917175292969
31.0,2.0,2.0,0.012490987777709961
21.0,4.0,4.0,0.008042573928833008
27.0,1.0,1.0,0.010825395584106445
25.0,1.0,1.0,0.008720874786376953
36.0,4.0,4.0,0.013608217239379883
64.0,8.0,8.0,0.021146059036254883
22.0,2.0,2.0,0.008090019226074219
77.0,11.0,11.0,0.02477860450744629
15.0,0.0,0.0,0.005988597869873047
12.0,1.0,1.0,0.0030090808868408203
82.0,9.0,9.0,0.02650904655456543
35.0,0.0,0.0,0.0103759765625
23.0,4.0,4.0,0.006831169128417969
151.0,14.0,14.0,0.04765963554382324
37.0,1.0,1.0,0.012040138244628906
25.0,4.0,4.0,0.007413625717163086
24.0,3.0,3.0,0.0066149234771728516
52.0,3.0,3.0,0.016144990921020508
26.0,6.0,6.0,0.007677316665649414
22.0,0.0,0.0,0.006999015808105469
53.0,4.0,4.0,0.01604294776916504
42.0,7.0,7.0,0.013000011444091797
21.0,2.0,2.0,0.006999969482421875
52.0,7.0,7.0,0.015999794006347656
32.0,1.0,1.0,0.009999752044677734
78.0,5.0,5.0,0.027042865753173828
25.0,2.0,2.0,0.008589506149291992
50.0,4.0,4.0,0.017000436782836914
92.0,11.0,11.0,0.029000282287597656
29.0,2.0,2.0,0.010000228881835938
88.0,7.0,7.0,0.0300443172454834
26.0,2.0,2.0,0.00800013542175293
25.0,3.0,3.0,0.007999897003173828
54.0,3.0,3.0,0.019999980926513672
25.0,1.0,1.0,0.01100015640258789
57.0,5.0,5.0,0.020999670028686523
59.0,4.0,4.0,0.02258896827697754
29.0,3.0,3.0,0.008858203887939453
68.0,12.0,12.0,0.022282123565673828
90.0,9.0,9.0,0.04038572311401367
28.0,3.0,3.0,0.013934612274169922
21.0,5.0,5.0,0.008766889572143555
56.0,2.0,2.0,0.021460533142089844
88.0,11.0,11.0,0.03821110725402832
35.0,5.0,5.0,0.011541128158569336
66.0,6.0,6.0,0.023491621017456055
98.0,17.0,17.0,0.03578019142150879
35.0,6.0,6.0,0.011016130447387695
19.0,0.0,0.0,0.006669759750366211
31.0,10.0,10.0,0.009760379791259766
40.0,4.0,4.0,0.012014389038085938
12.0,1.0,1.0,0.0035066604614257812
18.0,2.0,2.0,0.006730794906616211
47.0,5.0,5.0,0.01562190055847168
20.0,0.0,0.0,0.005947589874267578
39.0,2.0,2.0,0.012042760848999023
33.0,3.0,3.0,0.009896039962768555
16.0,2.0,2.0,0.005376577377319336
56.0,8.0,8.0,0.0176241397857666
81.0,9.0,9.0,0.024741411209106445
16.0,2.0,2.0,0.004433870315551758
73.0,9.0,9.0,0.02675461769104004
36.0,2.0,2.0,0.012421369552612305
144.0,8.0,8.0,0.04792499542236328
12.0,1.0,1.0,0.0045108795166015625
20.0,4.0,4.0,0.006786823272705078
20.0,1.0,1.0,0.005583286285400391
12.0,0.0,0.0,0.003599882125854492
50.0,14.0,14.0,0.017632722854614258
15.0,3.0,3.0,0.004560232162475586
38.0,4.0,4.0,0.012239933013916016
87.0,10.0,10.0,0.029190778732299805
36.0,3.0,3.0,0.013817548751831055
57.0,8.0,8.0,0.021237611770629883
23.0,2.0,2.0,0.007868289947509766
46.0,1.0,1.0,0.01471400260925293
18.0,2.0,2.0,0.005007505416870117
48.0,7.0,7.0,0.016479969024658203
69.0,13.0,13.0,0.024562597274780273
140.0,14.0,14.0,0.04668617248535156
35.0,7.0,7.0,0.01042032241821289
19.0,2.0,2.0,0.006201028823852539
17.0,0.0,0.0,0.005510091781616211
16.0,5.0,5.0,0.004917621612548828
12.0,2.0,2.0,0.003695964813232422
44.0,2.0,2.0,0.01359868049621582
35.0,1.0,1.0,0.010065555572509766
55.0,5.0,5.0,0.017076730728149414
17.0,3.0,3.0,0.005003213882446289
50.0,6.0,6.0,0.014007806777954102
18.0,3.0,3.0,0.005004167556762695
16.0,1.0,1.0,0.0038449764251708984
105.0,14.0,14.0,0.033194541931152344
38.0,4.0,4.0,0.01656055450439453
63.0,15.0,15.0,0.019683122634887695
33.0,6.0,6.0,0.011198997497558594
16.0,1.0,1.0,0.00462651252746582
25.0,2.0,2.0,0.008086442947387695
49.0,8.0,8.0,0.015475034713745117
25.0,3.0,3.0,0.00851750373840332
15.0,2.0,2.0,0.004111528396606445
57.0,5.0,5.0,0.016210556030273438
28.0,2.0,2.0,0.008268356323242188
63.0,13.0,13.0,0.021095752716064453
15.0,1.0,1.0,0.004998445510864258
52.0,5.0,5.0,0.015354394912719727
40.0,3.0,3.0,0.011554718017578125
160.0,28.0,28.0,0.05200004577636719
20.0,2.0,2.0,0.006000041961669922
72.0,8.0,8.0,0.025043010711669922
90.0,9.0,9.0,0.028584957122802734
40.0,3.0,3.0,0.012000083923339844
58.0,10.0,10.0,0.021000146865844727
67.0,8.0,8.0,0.022042274475097656
24.0,4.0,4.0,0.00800013542175293
18.0,1.0,1.0,0.006589651107788086
21.0,2.0,2.0,0.0070002079010009766
22.0,2.0,2.0,0.006999969482421875
51.0,1.0,1.0,0.017000198364257812
16.0,1.0,1.0,0.00500035285949707
29.0,3.0,3.0,0.010000228881835938
36.0,2.0,2.0,0.01100015640258789
30.0,4.0,4.0,0.00899958610534668
15.0,1.0,1.0,0.004000186920166016
38.0,4.0,4.0,0.010999917984008789
82.0,13.0,13.0,0.03194403648376465
34.0,4.0,4.0,0.011999845504760742
126.0,7.0,7.0,0.03999972343444824
46.0,9.0,9.0,0.014589071273803711
104.0,10.0,10.0,0.03500008583068848
31.0,1.0,1.0,0.010000228881835938
47.0,4.0,4.0,0.013999700546264648
76.0,15.0,15.0,0.024042367935180664
32.0,1.0,1.0,0.010585308074951172
105.0,9.0,9.0,0.03300023078918457
36.0,4.0,4.0,0.013000249862670898
26.0,4.0,4.0,0.010999679565429688
29.0,2.0,2.0,0.010999441146850586
30.0,9.0,9.0,0.00804281234741211
20.0,2.0,2.0,0.006000041961669922
53.0,6.0,6.0,0.017589330673217773
21.0,1.0,1.0,0.0060002803802490234
31.0,2.0,2.0,0.009000062942504883
25.0,2.0,2.0,0.007000446319580078
18.0,3.0,3.0,0.004999876022338867
26.0,2.0,2.0,0.007999897003173828
18.0,2.0,2.0,0.007999658584594727
13.0,0.0,0.0,0.004999876022338867
85.0,17.0,17.0,0.025042295455932617
36.0,5.0,5.0,0.011044979095458984
14.0,1.0,1.0,0.004000186920166016
28.0,5.0,5.0,0.009000062942504883
27.0,1.0,1.0,0.009000062942504883
16.0,3.0,3.0,0.004999637603759766
20.0,3.0,3.0,0.00599980354309082
14.0,3.0,3.0,0.004000186920166016
21.0,9.0,9.0,0.008999824523925781
22.0,2.0,2.0,0.009000062942504883
30.0,6.0,6.0,0.009617805480957031
21.0,0.0,0.0,0.006118059158325195
42.0,1.0,1.0,0.012763500213623047
12.0,1.0,1.0,0.003995180130004883
21.0,5.0,5.0,0.008000850677490234
16.0,0.0,0.0,0.004972934722900391
32.0,5.0,5.0,0.009689569473266602
97.0,11.0,11.0,0.02974534034729004
27.0,3.0,3.0,0.007993698120117188
25.0,1.0,1.0,0.007006168365478516
19.0,4.0,4.0,0.005000114440917969
16.0,1.0,1.0,0.0069065093994140625
27.0,11.0,11.0,0.008107662200927734
25.0,4.0,4.0,0.007997512817382812
19.0,2.0,2.0,0.007002115249633789
20.0,2.0,2.0,0.0060007572174072266
46.0,7.0,7.0,0.013069391250610352
14.0,3.0,3.0,0.0060007572174072266
20.0,3.0,3.0,0.005997896194458008
163.0,22.0,22.0,0.053870439529418945
42.0,7.0,7.0,0.012517690658569336
23.0,1.0,1.0,0.00666046142578125
12.0,1.0,1.0,0.002819538116455078
33.0,6.0,6.0,0.010219097137451172
23.0,2.0,2.0,0.007340669631958008
80.0,2.0,2.0,0.02490997314453125
29.0,3.0,3.0,0.011547565460205078
28.0,3.0,3.0,0.008999824523925781
37.0,0.0,0.0,0.013000011444091797
15.0,0.0,0.0,0.005000114440917969
34.0,4.0,4.0,0.013000011444091797
32.0,2.0,2.0,0.018000125885009766
13.0,0.0,0.0,0.0075528621673583984
17.0,1.0,1.0,0.0062503814697265625
46.0,5.0,5.0,0.020778894424438477
40.0,3.0,3.0,0.013788461685180664
12.0,0.0,0.0,0.006151676177978516
39.0,4.0,4.0,0.01763629913330078
52.0,2.0,2.0,0.019291400909423828
16.0,4.0,4.0,0.00475621223449707
163.0,14.0,14.0,0.049955129623413086
16.0,1.0,1.0,0.007226228713989258
16.0,2.0,2.0,0.0046613216400146484
14.0,0.0,0.0,0.005362033843994141
14.0,3.0,3.0,0.005435943603515625
43.0,5.0,5.0,0.01346135139465332
15.0,1.0,1.0,0.004361391067504883
55.0,9.0,9.0,0.015265464782714844
16.0,2.0,2.0,0.0055844783782958984
16.0,0.0,0.0,0.0060002803802490234
16.0,0.0,0.0,0.00500035285949707
24.0,1.0,1.0,0.007999420166015625
63.0,8.0,8.0,0.01900005340576172
20.0,1.0,1.0,0.006000041961669922
50.0,6.0,6.0,0.01600027084350586
43.0,0.0,0.0,0.016042470932006836
18.0,0.0,0.0,0.007083415985107422
78.0,5.0,5.0,0.024000167846679688
33.0,2.0,2.0,0.010999917984008789
84.0,11.0,11.0,0.026000261306762695
37.0,7.0,7.0,0.011999845504760742
15.0,3.0,3.0,0.00500035285949707
160.0,24.0,24.0,0.05359077453613281
45.0,6.0,6.0,0.01399993896484375
38.0,3.0,3.0,0.01199960708618164
35.0,4.0,4.0,0.012042760848999023
61.0,5.0,5.0,0.020584821701049805
25.0,2.0,2.0,0.009000301361083984
13.0,0.0,0.0,0.003000020980834961
15.0,0.0,0.0,0.003999948501586914
42.0,6.0,6.0,0.013000011444091797
19.0,5.0,5.0,0.0070002079010009766
116.0,19.0,19.0,0.03504228591918945
13.0,1.0,1.0,0.005000114440917969
13.0,2.0,2.0,0.004590749740600586
39.0,0.0,0.0,0.012999534606933594
99.0,10.0,10.0,0.03300023078918457
31.0,4.0,4.0,0.015000343322753906
27.0,8.0,8.0,0.00912332534790039
50.0,9.0,9.0,0.015061616897583008
48.0,3.0,3.0,0.015043258666992188
93.0,9.0,9.0,0.027688264846801758
15.0,0.0,0.0,0.004999637603759766
33.0,5.0,5.0,0.011466264724731445
21.0,0.0,0.0,0.00664520263671875
14.0,0.0,0.0,0.004130840301513672
17.0,0.0,0.0,0.005035400390625
30.0,2.0,2.0,0.009716033935546875
26.0,0.0,0.0,0.007412433624267578
29.0,6.0,6.0,0.008525848388671875
56.0,6.0,6.0,0.017159700393676758
44.0,3.0,3.0,0.011999845504760742
29.0,13.0,13.0,0.010958194732666016
23.0,2.0,2.0,0.009040355682373047
11.0,0.0,0.0,0.005854606628417969
27.0,3.0,3.0,0.010463237762451172
37.0,0.0,0.0,0.013580322265625
23.0,0.0,0.0,0.008287906646728516
27.0,3.0,3.0,0.007896900177001953
58.0,4.0,4.0,0.01984429359436035
18.0,3.0,3.0,0.0069580078125
16.0,2.0,2.0,0.005999088287353516
55.0,5.0,5.0,0.017461299896240234
14.0,0.0,0.0,0.004228115081787109
30.0,5.0,5.0,0.009680509567260742
31.0,4.0,4.0,0.009598493576049805
86.0,11.0,11.0,0.027209043502807617
90.0,16.0,16.0,0.027304649353027344
52.0,4.0,4.0,0.015594244003295898
43.0,5.0,5.0,0.01242971420288086
28.0,1.0,1.0,0.008268117904663086
70.0,5.0,5.0,0.022621870040893555
15.0,3.0,3.0,0.004998445510864258
33.0,5.0,5.0,0.011999845504760742
70.0,7.0,7.0,0.021033048629760742
75.0,9.0,9.0,0.024042367935180664
36.0,3.0,3.0,0.01058506965637207
26.0,3.0,3.0,0.006999969482421875
47.0,6.0,6.0,0.014999866485595703
39.0,4.0,4.0,0.01399993896484375
80.0,12.0,12.0,0.0279998779296875
70.0,4.0,4.0,0.022042274475097656
23.0,0.0,0.0,0.007043600082397461
22.0,1.0,1.0,0.006999969482421875
36.0,6.0,6.0,0.011999845504760742
38.0,4.0,4.0,0.01199960708618164
84.0,20.0,20.0,0.0280001163482666
37.0,4.0,4.0,0.016041994094848633
17.0,1.0,1.0,0.005538225173950195
17.0,0.0,0.0,0.006680965423583984
86.0,5.0,5.0,0.02712869644165039
41.0,4.0,4.0,0.013786077499389648
95.0,23.0,23.0,0.03419613838195801
23.0,5.0,5.0,0.007334232330322266
101.0,20.0,20.0,0.03345179557800293
36.0,2.0,2.0,0.011532783508300781
69.0,5.0,5.0,0.023115873336791992
48.0,4.0,4.0,0.016217947006225586
17.0,4.0,4.0,0.008007526397705078
18.0,2.0,2.0,0.005825519561767578
41.0,2.0,2.0,0.013744354248046875
62.0,3.0,3.0,0.02338409423828125
28.0,3.0,3.0,0.009387016296386719
18.0,2.0,2.0,0.005142688751220703
12.0,1.0,1.0,0.0035233497619628906
72.0,7.0,7.0,0.030811309814453125
15.0,2.0,2.0,0.0060863494873046875
29.0,1.0,1.0,0.009127140045166016
11.0,1.0,1.0,0.004663944244384766
15.0,3.0,3.0,0.004998207092285156
21.0,8.0,8.0,0.008822202682495117
34.0,6.0,6.0,0.011453866958618164
27.0,3.0,3.0,0.010375022888183594
29.0,2.0,2.0,0.010690689086914062
90.0,15.0,15.0,0.031219005584716797
35.0,1.0,1.0,0.012811660766601562
20.0,1.0,1.0,0.006891489028930664
38.0,5.0,5.0,0.015627384185791016
18.0,1.0,1.0,0.005009174346923828
13.0,0.0,0.0,0.00431370735168457
37.0,2.0,2.0,0.014725923538208008
43.0,5.0,5.0,0.014551162719726562
15.0,0.0,0.0,0.005822896957397461
16.0,0.0,0.0,0.005702495574951172
15.0,1.0,1.0,0.005012035369873047
14.0,1.0,1.0,0.0049283504486083984
114.0,6.0,6.0,0.036948442459106445
14.0,0.0,0.0,0.00400090217590332
51.0,3.0,3.0,0.019446134567260742
44.0,2.0,2.0,0.016089200973510742
61.0,12.0,12.0,0.022935152053833008
15.0,0.0,0.0,0.006001710891723633
16.0,1.0,1.0,0.007032632827758789
13.0,1.0,1.0,0.0070002079010009766
40.0,4.0,4.0,0.014000177383422852
45.0,10.0,10.0,0.015611410140991211
13.0,2.0,2.0,0.0037775039672851562
19.0,2.0,2.0,0.006958961486816406
14.0,0.0,0.0,0.005000591278076172
17.0,6.0,6.0,0.006380558013916016
21.0,4.0,4.0,0.0070493221282958984
18.0,2.0,2.0,0.008513927459716797
38.0,5.0,5.0,0.015623807907104492
153.0,27.0,27.0,0.06255054473876953
154.0,25.0,25.0,0.061878204345703125
42.0,9.0,9.0,0.016389131546020508
55.0,4.0,4.0,0.017253875732421875
50.0,9.0,9.0,0.0161285400390625
35.0,3.0,3.0,0.01113748550415039
38.0,5.0,5.0,0.010997533798217773
40.0,3.0,3.0,0.01144862174987793
115.0,22.0,22.0,0.038482666015625
55.0,4.0,4.0,0.018000125885009766
49.0,4.0,4.0,0.014999628067016602
14.0,3.0,3.0,0.005000114440917969
37.0,4.0,4.0,0.011999845504760742
29.0,1.0,1.0,0.009042024612426758
36.0,3.0,3.0,0.011589765548706055
31.0,3.0,3.0,0.009999752044677734
58.0,3.0,3.0,0.017999887466430664
20.0,5.0,5.0,0.00800013542175293
75.0,13.0,13.0,0.023999691009521484
24.0,1.0,1.0,0.008000373840332031
71.0,5.0,5.0,0.023637771606445312
23.0,2.0,2.0,0.008000373840332031
139.0,17.0,17.0,0.04357290267944336
82.0,8.0,8.0,0.025614023208618164
44.0,7.0,7.0,0.013189077377319336
21.0,4.0,4.0,0.007172346115112305
15.0,3.0,3.0,0.003552675247192383
219.0,24.0,24.0,0.06648683547973633
22.0,0.0,0.0,0.0063130855560302734
77.0,8.0,8.0,0.024086713790893555
174.0,15.0,15.0,0.05198168754577637
50.0,4.0,4.0,0.015580415725708008
30.0,1.0,1.0,0.009516239166259766
50.0,3.0,3.0,0.015866756439208984
34.0,9.0,9.0,0.009598493576049805
55.0,6.0,6.0,0.01776719093322754
44.0,8.0,8.0,0.01400446891784668
14.0,1.0,1.0,0.004999399185180664
76.0,13.0,13.0,0.02304220199584961
40.0,6.0,6.0,0.013585090637207031
13.0,1.0,1.0,0.004999876022338867
31.0,5.0,5.0,0.010000228881835938
52.0,10.0,10.0,0.015000104904174805
65.0,7.0,7.0,0.020000219345092773
65.0,11.0,11.0,0.02004241943359375
36.0,4.0,4.0,0.014590024948120117
24.0,3.0,3.0,0.00800013542175293
27.0,3.0,3.0,0.007999897003173828
29.0,3.0,3.0,0.008999824523925781
70.0,4.0,4.0,0.02499985694885254
46.0,7.0,7.0,0.015000104904174805
55.0,7.0,7.0,0.016042470932006836
21.0,3.0,3.0,0.006999969482421875
43.0,5.0,5.0,0.015176773071289062
29.0,4.0,4.0,0.011010885238647461
119.0,11.0,11.0,0.0429997444152832
29.0,1.0,1.0,0.009042739868164062
81.0,8.0,8.0,0.025585174560546875
32.0,2.0,2.0,0.008999824523925781
14.0,1.0,1.0,0.005000114440917969
22.0,5.0,5.0,0.0069997310638427734
60.0,5.0,5.0,0.021999597549438477
31.0,4.0,4.0,0.009999752044677734
59.0,5.0,5.0,0.0230100154876709
70.0,13.0,13.0,0.034124135971069336
19.0,0.0,0.0,0.0068359375
16.0,0.0,0.0,0.004998445510864258
13.0,1.0,1.0,0.003998517990112305
42.0,10.0,10.0,0.012512922286987305
45.0,3.0,3.0,0.01250600814819336
27.0,4.0,4.0,0.007980823516845703
17.0,2.0,2.0,0.0049860477447509766
61.0,13.0,13.0,0.01733708381652832
13.0,1.0,1.0,0.004096269607543945
15.0,0.0,0.0,0.0050089359283447266
139.0,27.0,27.0,0.03954339027404785
14.0,1.0,1.0,0.004586219787597656
14.0,0.0,0.0,0.005014657974243164
15.0,1.0,1.0,0.004357576370239258
30.0,7.0,7.0,0.009774208068847656
67.0,12.0,12.0,0.02006387710571289
26.0,1.0,1.0,0.007903575897216797
24.0,2.0,2.0,0.006495952606201172
21.0,0.0,0.0,0.0053441524505615234
53.0,5.0,5.0,0.01838970184326172
23.0,2.0,2.0,0.006997346878051758
13.0,0.0,0.0,0.003996849060058594
40.0,6.0,6.0,0.012008428573608398
61.0,8.0,8.0,0.018521785736083984
71.0,6.0,6.0,0.022153615951538086
15.0,0.0,0.0,0.0039997100830078125
184.0,27.0,27.0,0.0616605281829834
17.0,1.0,1.0,0.00599980354309082
18.0,0.0,0.0,0.004999876022338867
31.0,3.0,3.0,0.009999752044677734
13.0,2.0,2.0,0.0039997100830078125
60.0,6.0,6.0,0.017999649047851562
19.0,5.0,5.0,0.0060002803802490234
15.0,1.0,1.0,0.003999948501586914
31.0,1.0,1.0,0.009000301361083984
68.0,7.0,7.0,0.02263164520263672
24.0,4.0,4.0,0.006999969482421875
36.0,4.0,4.0,0.01199960708618164
126.0,12.0,12.0,0.04399991035461426
16.0,1.0,1.0,0.004999876022338867
63.0,3.0,3.0,0.0190427303314209
18.0,4.0,4.0,0.0059871673583984375
13.0,1.0,1.0,0.003999948501586914
105.0,12.0,12.0,0.03500008583068848
47.0,7.0,7.0,0.014999628067016602
17.0,0.0,0.0,0.004999637603759766
12.0,1.0,1.0,0.005000114440917969
37.0,3.0,3.0,0.012042522430419922
17.0,3.0,3.0,0.006000041961669922
37.0,10.0,10.0,0.01258993148803711
14.0,2.0,2.0,0.005000114440917969
31.0,4.0,4.0,0.012000083923339844
38.0,2.0,2.0,0.015771150588989258
21.0,3.0,3.0,0.007999420166015625
14.0,1.0,1.0,0.00533747673034668
18.0,3.0,3.0,0.006409406661987305
55.0,9.0,9.0,0.017586231231689453
106.0,9.0,9.0,0.0338747501373291
79.0,9.0,9.0,0.028136491775512695
22.0,3.0,3.0,0.007221698760986328
72.0,0.0,0.0,0.025415658950805664
113.0,18.0,18.0,0.03680753707885742
84.0,13.0,13.0,0.0511014461517334
16.0,1.0,1.0,0.005346775054931641
42.0,3.0,3.0,0.019705772399902344
45.0,7.0,7.0,0.01754140853881836
66.0,8.0,8.0,0.02271866798400879
116.0,12.0,12.0,0.04245805740356445
11.0,0.0,0.0,0.004940509796142578
125.0,21.0,21.0,0.04525899887084961
48.0,6.0,6.0,0.014689445495605469
19.0,1.0,1.0,0.005999088287353516
27.0,5.0,5.0,0.00869607925415039
12.0,1.0,1.0,0.004958629608154297
20.0,2.0,2.0,0.006041049957275391
18.0,1.0,1.0,0.00556182861328125
17.0,1.0,1.0,0.005465269088745117
34.0,6.0,6.0,0.011627435684204102
21.0,3.0,3.0,0.010229825973510742
97.0,14.0,14.0,0.033945322036743164
13.0,0.0,0.0,0.004995107650756836
52.0,5.0,5.0,0.020525455474853516
15.0,0.0,0.0,0.005001544952392578
29.0,2.0,2.0,0.008620023727416992
23.0,0.0,0.0,0.007025003433227539
19.0,5.0,5.0,0.005997180938720703
15.0,1.0,1.0,0.005004405975341797
50.0,4.0,4.0,0.018707752227783203
12.0,0.0,0.0,0.006002187728881836
33.0,3.0,3.0,0.013043403625488281
19.0,1.0,1.0,0.006020784378051758
41.0,9.0,9.0,0.012086153030395508
99.0,14.0,14.0,0.032863616943359375
34.0,1.0,1.0,0.01347804069519043
192.0,24.0,24.0,0.0760343074798584
23.0,3.0,3.0,0.010202884674072266
25.0,2.0,2.0,0.009519577026367188
14.0,2.0,2.0,0.0035982131958007812
35.0,4.0,4.0,0.012363672256469727
14.0,2.0,2.0,0.005001068115234375
17.0,2.0,2.0,0.005006551742553711
16.0,1.0,1.0,0.004999637603759766
31.0,2.0,2.0,0.013102054595947266
36.0,5.0,5.0,0.012968778610229492
12.0,0.0,0.0,0.0033779144287109375
52.0,5.0,5.0,0.016000986099243164
57.0,3.0,3.0,0.01801133155822754
22.0,2.0,2.0,0.009321451187133789
32.0,1.0,1.0,0.010566473007202148
14.0,1.0,1.0,0.004321575164794922
57.0,5.0,5.0,0.01786208152770996
38.0,1.0,1.0,0.013080358505249023
21.0,0.0,0.0,0.007436037063598633
33.0,1.0,1.0,0.015729665756225586
37.0,5.0,5.0,0.013502120971679688
40.0,5.0,5.0,0.012286901473999023
18.0,0.0,0.0,0.0052449703216552734
38.0,1.0,1.0,0.011873245239257812
66.0,9.0,9.0,0.019583940505981445
80.0,4.0,4.0,0.024445772171020508
13.0,2.0,2.0,0.004288196563720703
14.0,2.0,2.0,0.004391908645629883
12.0,0.0,0.0,0.003421306610107422
27.0,3.0,3.0,0.006970405578613281
30.0,6.0,6.0,0.009017705917358398
22.0,1.0,1.0,0.006525516510009766
16.0,2.0,2.0,0.0040013790130615234
42.0,6.0,6.0,0.012004613876342773
39.0,7.0,7.0,0.01620769500732422
12.0,0.0,0.0,0.0051190853118896484
33.0,3.0,3.0,0.013178825378417969
53.0,8.0,8.0,0.020495891571044922
16.0,1.0,1.0,0.0050029754638671875
61.0,3.0,3.0,0.023142337799072266
82.0,9.0,9.0,0.030295848846435547
14.0,1.0,1.0,0.003518819808959961
12.0,1.0,1.0,0.0044918060302734375
21.0,0.0,0.0,0.010423421859741211
46.0,2.0,2.0,0.01519632339477539
14.0,0.0,0.0,0.00609278678894043
139.0,16.0,16.0,0.04717135429382324
55.0,6.0,6.0,0.019123077392578125
76.0,5.0,5.0,0.03309798240661621
23.0,3.0,3.0,0.008648157119750977
53.0,4.0,4.0,0.018378019332885742
22.0,2.0,2.0,0.007148027420043945
49.0,6.0,6.0,0.015457868576049805
72.0,12.0,12.0,0.024057388305664062
30.0,5.0,5.0,0.010135650634765625
22.0,4.0,4.0,0.006009817123413086
181.0,23.0,23.0,0.06124448776245117
11.0,0.0,0.0,0.00418853759765625
35.0,4.0,4.0,0.015621423721313477
13.0,2.0,2.0,0.004867076873779297
30.0,4.0,4.0,0.011590957641601562
20.0,0.0,0.0,0.006206512451171875
51.0,2.0,2.0,0.02004265785217285
23.0,6.0,6.0,0.007699728012084961
84.0,6.0,6.0,0.026084184646606445
23.0,2.0,2.0,0.007701396942138672
31.0,6.0,6.0,0.01058816909790039
16.0,3.0,3.0,0.008365154266357422
11.0,0.0,0.0,0.004016399383544922
81.0,7.0,7.0,0.029837369918823242
12.0,0.0,0.0,0.004004716873168945
16.0,5.0,5.0,0.006999492645263672
18.0,2.0,2.0,0.006716489791870117
38.0,2.0,2.0,0.011812686920166016
26.0,3.0,3.0,0.013175487518310547
39.0,7.0,7.0,0.013519763946533203
20.0,4.0,4.0,0.005997657775878906
12.0,1.0,1.0,0.004534006118774414
21.0,0.0,0.0,0.007669687271118164
23.0,0.0,0.0,0.006926774978637695
41.0,7.0,7.0,0.016136884689331055
13.0,1.0,1.0,0.005757808685302734
55.0,3.0,3.0,0.02005147933959961
35.0,8.0,8.0,0.009841680526733398
246.0,16.0,16.0,0.0787203311920166
37.0,4.0,4.0,0.011968374252319336
53.0,8.0,8.0,0.015810728073120117
39.0,6.0,6.0,0.011008739471435547
28.0,4.0,4.0,0.008997917175292969
57.0,15.0,15.0,0.019997596740722656
36.0,4.0,4.0,0.011628150939941406
50.0,7.0,7.0,0.01501917839050293
16.0,1.0,1.0,0.005455493927001953
82.0,10.0,10.0,0.024216175079345703
30.0,0.0,0.0,0.008997917175292969
37.0,1.0,1.0,0.01399993896484375
50.0,6.0,6.0,0.01701045036315918
52.0,8.0,8.0,0.01623702049255371
24.0,1.0,1.0,0.0070116519927978516
113.0,13.0,13.0,0.035746097564697266
17.0,2.0,2.0,0.005002498626708984
12.0,1.0,1.0,0.004602909088134766
24.0,7.0,7.0,0.00828862190246582
12.0,1.0,1.0,0.004280567169189453
34.0,4.0,4.0,0.010019063949584961
26.0,1.0,1.0,0.008005380630493164
107.0,16.0,16.0,0.03217339515686035
14.0,0.0,0.0,0.004266262054443359
22.0,1.0,1.0,0.007819414138793945
61.0,10.0,10.0,0.01965165138244629
17.0,3.0,3.0,0.0050160884857177734
36.0,2.0,2.0,0.014085054397583008
21.0,3.0,3.0,0.006516695022583008
103.0,10.0,10.0,0.04065275192260742
67.0,8.0,8.0,0.02398848533630371
34.0,7.0,7.0,0.010289192199707031
38.0,2.0,2.0,0.01159977912902832
15.0,0.0,0.0,0.006324291229248047
61.0,5.0,5.0,0.02300119400024414
35.0,5.0,5.0,0.010192394256591797
30.0,11.0,11.0,0.010692119598388672
30.0,5.0,5.0,0.008564949035644531
39.0,3.0,3.0,0.011846065521240234
24.0,0.0,0.0,0.007004261016845703
15.0,2.0,2.0,0.003997802734375
28.0,2.0,2.0,0.009029388427734375
33.0,3.0,3.0,0.010249614715576172
18.0,7.0,7.0,0.005433082580566406
29.0,2.0,2.0,0.008524179458618164
48.0,6.0,6.0,0.016034603118896484
51.0,5.0,5.0,0.01600027084350586
20.0,0.0,0.0,0.0070002079010009766
159.0,15.0,15.0,0.05596160888671875
15.0,1.0,1.0,0.005313873291015625
13.0,1.0,1.0,0.0045588016510009766
25.0,2.0,2.0,0.006697416305541992
55.0,8.0,8.0,0.016516685485839844
110.0,15.0,15.0,0.03198528289794922
104.0,9.0,9.0,0.03141140937805176
12.0,1.0,1.0,0.003998517990112305
19.0,0.0,0.0,0.0060007572174072266
51.0,13.0,13.0,0.014523983001708984
81.0,8.0,8.0,0.023999691009521484
20.0,1.0,1.0,0.005997896194458008
29.0,3.0,3.0,0.009008646011352539
16.0,1.0,1.0,0.004998922348022461
21.0,4.0,4.0,0.007475852966308594
13.0,0.0,0.0,0.004191160202026367
50.0,5.0,5.0,0.016724348068237305
52.0,9.0,9.0,0.0168459415435791
91.0,8.0,8.0,0.02674579620361328
33.0,3.0,3.0,0.008886337280273438
28.0,1.0,1.0,0.008062124252319336
18.0,3.0,3.0,0.006098508834838867
24.0,2.0,2.0,0.007001161575317383
26.0,2.0,2.0,0.008033037185668945
27.0,7.0,7.0,0.007999658584594727
44.0,8.0,8.0,0.017999887466430664
13.0,0.0,0.0,0.0039997100830078125
21.0,6.0,6.0,0.00800013542175293
16.0,1.0,1.0,0.00500035285949707
93.0,9.0,9.0,0.027103185653686523
22.0,0.0,0.0,0.006940126419067383
56.0,6.0,6.0,0.017001628875732422
20.0,0.0,0.0,0.005970001220703125
17.0,0.0,0.0,0.0061779022216796875
21.0,2.0,2.0,0.00551915168762207
32.0,1.0,1.0,0.010777711868286133
14.0,0.0,0.0,0.004004478454589844
38.0,6.0,6.0,0.011998414993286133
20.0,1.0,1.0,0.006516933441162109
15.0,0.0,0.0,0.0039975643157958984
32.0,1.0,1.0,0.010512828826904297
28.0,2.0,2.0,0.007997274398803711
18.0,4.0,4.0,0.005998134613037109
17.0,2.0,2.0,0.004994869232177734
62.0,5.0,5.0,0.020033836364746094
115.0,15.0,15.0,0.03862762451171875
56.0,8.0,8.0,0.017000198364257812
62.0,17.0,17.0,0.019999980926513672
11.0,1.0,1.0,0.003000020980834961
17.0,1.0,1.0,0.006000041961669922
32.0,3.0,3.0,0.010000228881835938
34.0,3.0,3.0,0.009999752044677734
19.0,1.0,1.0,0.00604248046875
30.0,2.0,2.0,0.008546113967895508
16.0,0.0,0.0,0.004999876022338867
39.0,6.0,6.0,0.01399993896484375
75.0,14.0,14.0,0.028999805450439453
32.0,4.0,4.0,0.010016202926635742
21.0,2.0,2.0,0.005860805511474609
47.0,6.0,6.0,0.01297140121459961
13.0,2.0,2.0,0.00413823127746582
42.0,3.0,3.0,0.011904716491699219
32.0,0.0,0.0,0.012820005416870117
11.0,0.0,0.0,0.00466156005859375
11.0,0.0,0.0,0.004508018493652344
41.0,5.0,5.0,0.012476444244384766
12.0,0.0,0.0,0.003563404083251953
90.0,15.0,15.0,0.02628636360168457
62.0,9.0,9.0,0.026277542114257812
23.0,2.0,2.0,0.00800180435180664
25.0,2.0,2.0,0.008062362670898438
27.0,3.0,3.0,0.009034395217895508
71.0,13.0,13.0,0.024000167846679688
42.0,6.0,6.0,0.015042543411254883
13.0,1.0,1.0,0.003999948501586914
62.0,8.0,8.0,0.019585371017456055
56.0,8.0,8.0,0.017000198364257812
25.0,1.0,1.0,0.00800013542175293
60.0,8.0,8.0,0.018999814987182617
14.0,1.0,1.0,0.005000114440917969
42.0,10.0,10.0,0.015000104904174805
79.0,6.0,6.0,0.02458977699279785
41.0,11.0,11.0,0.012999773025512695
42.0,6.0,6.0,0.015000343322753906
15.0,5.0,5.0,0.006999969482421875
20.0,8.0,8.0,0.009738445281982422
20.0,0.0,0.0,0.008872032165527344
21.0,0.0,0.0,0.010514497756958008
20.0,1.0,1.0,0.0066471099853515625
26.0,3.0,3.0,0.009663105010986328
126.0,10.0,10.0,0.050689697265625
82.0,11.0,11.0,0.03393864631652832
32.0,1.0,1.0,0.011208057403564453
33.0,3.0,3.0,0.01402592658996582
17.0,2.0,2.0,0.007647991180419922
22.0,5.0,5.0,0.008041143417358398
12.0,0.0,0.0,0.005000114440917969
13.0,1.0,1.0,0.0050048828125
21.0,0.0,0.0,0.012599945068359375
43.0,4.0,4.0,0.020792484283447266
47.0,10.0,10.0,0.02039933204650879
12.0,1.0,1.0,0.007108926773071289
52.0,7.0,7.0,0.017606735229492188
27.0,3.0,3.0,0.010600566864013672
21.0,2.0,2.0,0.01316070556640625
162.0,16.0,16.0,0.06097292900085449
23.0,1.0,1.0,0.00770258903503418
15.0,1.0,1.0,0.0049991607666015625
67.0,10.0,10.0,0.022345781326293945
16.0,2.0,2.0,0.005645036697387695
31.0,2.0,2.0,0.008877992630004883
20.0,3.0,3.0,0.0060024261474609375
79.0,6.0,6.0,0.025606632232666016
13.0,1.0,1.0,0.004009723663330078
13.0,2.0,2.0,0.004305362701416016
51.0,7.0,7.0,0.020351648330688477
36.0,8.0,8.0,0.013900279998779297
41.0,5.0,5.0,0.014780282974243164
