Timesteps,Collisions,Steps Waited,Real-Time Elapsed
515.0,14.0,14.0,1.1764640808105469
182.0,1.0,1.0,0.34319210052490234
695.0,16.0,16.0,1.4740145206451416
133.0,2.0,2.0,0.319612979888916
119.0,6.0,6.0,0.25492429733276367
129.0,8.0,8.0,0.2732253074645996
109.0,1.0,1.0,0.20864057540893555
109.0,6.0,6.0,0.19912505149841309
432.0,13.0,13.0,0.8198592662811279
584.0,20.0,20.0,1.2074201107025146
46.0,2.0,2.0,0.09317612648010254
134.0,3.0,3.0,0.250866174697876
83.0,0.0,0.0,0.16448450088500977
473.0,10.0,10.0,0.9154918193817139
278.0,4.0,4.0,0.5531208515167236
498.0,13.0,13.0,0.9385790824890137
105.0,3.0,3.0,0.2010953426361084
1038.0,22.0,22.0,2.1372640132904053
605.0,13.0,13.0,1.2385361194610596
757.0,15.0,15.0,1.5684382915496826
117.0,1.0,1.0,0.22456765174865723
491.0,14.0,14.0,1.0814006328582764
378.0,14.0,14.0,0.7328262329101562
55.0,3.0,3.0,0.12280845642089844
339.0,12.0,12.0,0.7290802001953125
474.0,3.0,3.0,0.9411144256591797
374.0,4.0,4.0,0.811495304107666
595.0,15.0,15.0,1.277343511581421
1277.0,38.0,38.0,2.6999499797821045
182.0,3.0,3.0,0.3608744144439697
76.0,1.0,1.0,0.17506742477416992
178.0,5.0,5.0,0.407289981842041
512.0,6.0,6.0,1.027921438217163
716.0,14.0,14.0,1.4975953102111816
256.0,8.0,8.0,0.5102753639221191
251.0,8.0,8.0,0.523390531539917
152.0,1.0,1.0,0.37961506843566895
156.0,6.0,6.0,0.3195056915283203
603.0,6.0,6.0,1.2326130867004395
687.0,7.0,7.0,1.4513561725616455
805.0,16.0,16.0,1.571166753768921
242.0,7.0,7.0,0.5176823139190674
326.0,7.0,7.0,0.7219610214233398
314.0,3.0,3.0,0.6581485271453857
417.0,10.0,10.0,0.8881714344024658
583.0,11.0,11.0,1.246809959411621
415.0,10.0,10.0,0.8409373760223389
289.0,12.0,12.0,0.6024410724639893
370.0,7.0,7.0,0.7651963233947754
375.0,6.0,6.0,0.7931909561157227
736.0,15.0,15.0,1.5356285572052002
437.0,9.0,9.0,0.8974997997283936
59.0,1.0,1.0,0.14107608795166016
121.0,5.0,5.0,0.2877967357635498
420.0,8.0,8.0,0.8446757793426514
558.0,13.0,13.0,1.1257386207580566
106.0,5.0,5.0,0.25682950019836426
812.0,13.0,13.0,1.6013741493225098
78.0,0.0,0.0,0.17275261878967285
141.0,7.0,7.0,0.2910025119781494
737.0,23.0,23.0,1.5119383335113525
502.0,8.0,8.0,1.08748459815979
631.0,8.0,8.0,1.3034260272979736
705.0,19.0,19.0,1.4967820644378662
665.0,4.0,4.0,1.3547537326812744
56.0,0.0,0.0,0.11282587051391602
402.0,10.0,10.0,0.8576102256774902
81.0,0.0,0.0,0.1727287769317627
790.0,26.0,26.0,1.6228547096252441
145.0,2.0,2.0,0.2913703918457031
395.0,22.0,22.0,0.8397841453552246
467.0,16.0,16.0,1.0000033378601074
656.0,23.0,23.0,1.3520874977111816
171.0,3.0,3.0,0.3766920566558838
283.0,10.0,10.0,0.6401150226593018
770.0,23.0,23.0,1.5040638446807861
162.0,1.0,1.0,0.354661226272583
388.0,15.0,15.0,0.7997481822967529
343.0,9.0,9.0,0.6698670387268066
740.0,12.0,12.0,1.5366737842559814
1145.0,24.0,24.0,2.3686671257019043
94.0,2.0,2.0,0.1732804775238037
871.0,20.0,20.0,1.8104066848754883
556.0,10.0,10.0,1.083878755569458
540.0,17.0,17.0,1.1443548202514648
310.0,4.0,4.0,0.6363794803619385
715.0,20.0,20.0,1.4849600791931152
763.0,15.0,15.0,1.5360453128814697
318.0,7.0,7.0,0.6833169460296631
214.0,4.0,4.0,0.44434237480163574
231.0,5.0,5.0,0.4787940979003906
98.0,2.0,2.0,0.2101140022277832
42.0,0.0,0.0,0.09416723251342773
478.0,10.0,10.0,0.9752190113067627
97.0,3.0,3.0,0.23279905319213867
192.0,10.0,10.0,0.4132864475250244
418.0,11.0,11.0,0.8765106201171875
65.0,1.0,1.0,0.1380901336669922
67.0,2.0,2.0,0.14054441452026367
59.0,0.0,0.0,0.12587189674377441
288.0,7.0,7.0,0.6668498516082764
439.0,7.0,7.0,0.9270281791687012
1473.0,49.0,49.0,3.1002938747406006
915.0,18.0,18.0,1.824866771697998
266.0,6.0,6.0,0.5603029727935791
459.0,9.0,9.0,0.9197275638580322
180.0,10.0,10.0,0.40027308464050293
369.0,8.0,8.0,0.6824939250946045
307.0,7.0,7.0,0.6646347045898438
231.0,13.0,13.0,0.4295799732208252
550.0,8.0,8.0,1.1071815490722656
170.0,3.0,3.0,0.32988715171813965
123.0,1.0,1.0,0.2898416519165039
137.0,4.0,4.0,0.2770543098449707
146.0,6.0,6.0,0.29057908058166504
321.0,4.0,4.0,0.6357154846191406
222.0,2.0,2.0,0.4795386791229248
229.0,8.0,8.0,0.47905993461608887
46.0,6.0,6.0,0.11502408981323242
257.0,6.0,6.0,0.5157773494720459
410.0,9.0,9.0,0.86411452293396
550.0,10.0,10.0,1.1430332660675049
740.0,23.0,23.0,1.486323595046997
240.0,7.0,7.0,0.4857296943664551
293.0,3.0,3.0,0.5858161449432373
592.0,14.0,14.0,1.1395931243896484
438.0,13.0,13.0,0.8941354751586914
140.0,5.0,5.0,0.26731443405151367
166.0,4.0,4.0,0.32270121574401855
346.0,7.0,7.0,0.7009527683258057
818.0,22.0,22.0,1.704718828201294
476.0,24.0,24.0,0.910369873046875
153.0,1.0,1.0,0.3278663158416748
187.0,1.0,1.0,0.360443115234375
82.0,4.0,4.0,0.1739804744720459
705.0,14.0,14.0,1.3976948261260986
171.0,4.0,4.0,0.4033772945404053
134.0,2.0,2.0,0.2679612636566162
217.0,3.0,3.0,0.4072275161743164
181.0,8.0,8.0,0.36904072761535645
151.0,1.0,1.0,0.30700182914733887
222.0,2.0,2.0,0.4596529006958008
880.0,20.0,20.0,1.8221564292907715
292.0,5.0,5.0,0.6310722827911377
56.0,5.0,5.0,0.1254568099975586
356.0,10.0,10.0,0.7508840560913086
59.0,2.0,2.0,0.12610387802124023
675.0,12.0,12.0,1.3872804641723633
61.0,0.0,0.0,0.15134978294372559
982.0,15.0,15.0,2.0083489418029785
1958.0,60.0,60.0,3.9629998207092285
488.0,5.0,5.0,1.0427441596984863
257.0,6.0,6.0,0.5137414932250977
201.0,4.0,4.0,0.3851029872894287
143.0,2.0,2.0,0.3069286346435547
132.0,1.0,1.0,0.28255367279052734
271.0,9.0,9.0,0.6065073013305664
181.0,7.0,7.0,0.3568997383117676
629.0,24.0,24.0,1.3197112083435059
249.0,5.0,5.0,0.5259525775909424
186.0,3.0,3.0,0.3805367946624756
113.0,5.0,5.0,0.25903773307800293
185.0,4.0,4.0,0.3971576690673828
440.0,7.0,7.0,0.8568201065063477
512.0,10.0,10.0,1.0828490257263184
74.0,1.0,1.0,0.13996052742004395
487.0,8.0,8.0,1.022273302078247
1309.0,28.0,28.0,2.668926954269409
655.0,13.0,13.0,1.304199457168579
99.0,4.0,4.0,0.1883993148803711
150.0,3.0,3.0,0.30677080154418945
255.0,10.0,10.0,0.5942251682281494
402.0,4.0,4.0,0.8130874633789062
979.0,20.0,20.0,2.0345306396484375
310.0,12.0,12.0,0.6285996437072754
1246.0,31.0,31.0,2.5658910274505615
176.0,3.0,3.0,0.37004971504211426
136.0,3.0,3.0,0.25125575065612793
1157.0,29.0,29.0,2.500473976135254
69.0,1.0,1.0,0.14653277397155762
161.0,5.0,5.0,0.31021928787231445
493.0,5.0,5.0,1.0218639373779297
448.0,15.0,15.0,1.0012774467468262
440.0,22.0,22.0,0.871788740158081
556.0,12.0,12.0,1.1660234928131104
154.0,6.0,6.0,0.32602357864379883
757.0,18.0,18.0,1.6509618759155273
190.0,1.0,1.0,0.4103572368621826
67.0,4.0,4.0,0.12679314613342285
594.0,20.0,20.0,1.218780279159546
68.0,4.0,4.0,0.1414637565612793
365.0,8.0,8.0,0.79396653175354
257.0,1.0,1.0,0.5250711441040039
447.0,18.0,18.0,0.9292418956756592
185.0,3.0,3.0,0.3856465816497803
105.0,2.0,2.0,0.20397424697875977
74.0,0.0,0.0,0.20106291770935059
793.0,20.0,20.0,1.608919620513916
201.0,5.0,5.0,0.4093775749206543
655.0,17.0,17.0,1.3323218822479248
451.0,16.0,16.0,1.0064761638641357
151.0,3.0,3.0,0.34938621520996094
49.0,4.0,4.0,0.08651971817016602
60.0,2.0,2.0,0.10981917381286621
342.0,5.0,5.0,0.7393360137939453
274.0,8.0,8.0,0.5943081378936768
399.0,11.0,11.0,0.8368511199951172
46.0,0.0,0.0,0.10929584503173828
353.0,4.0,4.0,0.7080142498016357
82.0,1.0,1.0,0.17223072052001953
642.0,18.0,18.0,1.3686609268188477
146.0,8.0,8.0,0.2510232925415039
93.0,0.0,0.0,0.1727294921875
986.0,23.0,23.0,2.0394790172576904
189.0,12.0,12.0,0.40454959869384766
190.0,6.0,6.0,0.4129917621612549
411.0,14.0,14.0,0.8403258323669434
1253.0,24.0,24.0,2.6391239166259766
40.0,1.0,1.0,0.07096743583679199
409.0,7.0,7.0,0.8011987209320068
160.0,3.0,3.0,0.35394787788391113
705.0,12.0,12.0,1.5128893852233887
241.0,5.0,5.0,0.4951655864715576
310.0,3.0,3.0,0.6832113265991211
354.0,5.0,5.0,0.7599635124206543
76.0,0.0,0.0,0.165679931640625
156.0,3.0,3.0,0.3459053039550781
227.0,9.0,9.0,0.494887113571167
235.0,10.0,10.0,0.48784756660461426
569.0,17.0,17.0,1.1994218826293945
208.0,3.0,3.0,0.4642360210418701
130.0,2.0,2.0,0.2750849723815918
493.0,10.0,10.0,1.0150096416473389
85.0,1.0,1.0,0.17222309112548828
149.0,3.0,3.0,0.30617547035217285
369.0,7.0,7.0,0.731069803237915
37.0,0.0,0.0,0.07854700088500977
145.0,2.0,2.0,0.29120302200317383
48.0,4.0,4.0,0.1098012924194336
196.0,0.0,0.0,0.4052400588989258
374.0,9.0,9.0,0.7810015678405762
844.0,27.0,27.0,1.7321810722351074
701.0,13.0,13.0,1.4229230880737305
204.0,7.0,7.0,0.4110841751098633
263.0,2.0,2.0,0.5644314289093018
478.0,16.0,16.0,0.9899818897247314
283.0,10.0,10.0,0.6201882362365723
1040.0,20.0,20.0,2.1916756629943848
523.0,21.0,21.0,1.0751755237579346
220.0,2.0,2.0,0.5106723308563232
313.0,6.0,6.0,0.6524145603179932
182.0,3.0,3.0,0.41732072830200195
151.0,8.0,8.0,0.3378255367279053
339.0,8.0,8.0,0.6519536972045898
566.0,13.0,13.0,1.174539566040039
435.0,10.0,10.0,0.9155542850494385
435.0,7.0,7.0,0.8897881507873535
261.0,5.0,5.0,0.5425186157226562
251.0,3.0,3.0,0.5090978145599365
281.0,15.0,15.0,0.5886473655700684
221.0,9.0,9.0,0.4478890895843506
203.0,7.0,7.0,0.3923187255859375
726.0,9.0,9.0,1.4965722560882568
753.0,21.0,21.0,1.5593743324279785
390.0,4.0,4.0,0.7544534206390381
646.0,25.0,25.0,1.2877998352050781
225.0,2.0,2.0,0.4416038990020752
286.0,5.0,5.0,0.5866343975067139
53.0,2.0,2.0,0.1098167896270752
365.0,4.0,4.0,0.7694532871246338
183.0,2.0,2.0,0.42017126083374023
552.0,4.0,4.0,1.121654987335205
175.0,0.0,0.0,0.392315149307251
105.0,6.0,6.0,0.2120647430419922
311.0,6.0,6.0,0.6981461048126221
188.0,2.0,2.0,0.35680580139160156
521.0,16.0,16.0,0.9960460662841797
139.0,0.0,0.0,0.2613813877105713
326.0,6.0,6.0,0.6811971664428711
97.0,3.0,3.0,0.21289992332458496
580.0,13.0,13.0,1.224158525466919
470.0,13.0,13.0,0.9856624603271484
529.0,12.0,12.0,1.0540947914123535
202.0,2.0,2.0,0.4191474914550781
271.0,11.0,11.0,0.6268391609191895
234.0,10.0,10.0,0.44806432723999023
239.0,6.0,6.0,0.463134765625
220.0,9.0,9.0,0.46361327171325684
175.0,7.0,7.0,0.35654139518737793
122.0,3.0,3.0,0.25643396377563477
117.0,5.0,5.0,0.26676368713378906
760.0,14.0,14.0,1.5466547012329102
346.0,17.0,17.0,0.7382383346557617
395.0,7.0,7.0,0.7683372497558594
366.0,7.0,7.0,0.7799842357635498
233.0,4.0,4.0,0.5331642627716064
269.0,15.0,15.0,0.5434348583221436
220.0,7.0,7.0,0.43978190422058105
1048.0,16.0,16.0,2.268740653991699
268.0,7.0,7.0,0.5200660228729248
555.0,11.0,11.0,1.1559510231018066
367.0,9.0,9.0,0.7312390804290771
273.0,5.0,5.0,0.572401762008667
350.0,15.0,15.0,0.7140085697174072
423.0,5.0,5.0,0.8903484344482422
928.0,18.0,18.0,1.928422451019287
217.0,3.0,3.0,0.4488685131072998
146.0,3.0,3.0,0.2943863868713379
322.0,4.0,4.0,0.649794340133667
76.0,2.0,2.0,0.18832635879516602
321.0,4.0,4.0,0.6942019462585449
491.0,11.0,11.0,1.040374994277954
1061.0,38.0,38.0,2.1939432621002197
441.0,6.0,6.0,0.9689309597015381
260.0,8.0,8.0,0.5182690620422363
423.0,12.0,12.0,0.9128382205963135
1406.0,34.0,34.0,2.970473051071167
91.0,4.0,4.0,0.19882869720458984
228.0,8.0,8.0,0.4552297592163086
257.0,5.0,5.0,0.5426394939422607
129.0,4.0,4.0,0.23145270347595215
111.0,1.0,1.0,0.2590303421020508
58.0,3.0,3.0,0.12583374977111816
121.0,6.0,6.0,0.24399447441101074
61.0,1.0,1.0,0.14096522331237793
336.0,13.0,13.0,0.71195387840271
360.0,7.0,7.0,0.7539381980895996
80.0,6.0,6.0,0.15752053260803223
1189.0,20.0,20.0,2.4886438846588135
713.0,21.0,21.0,1.5053024291992188
806.0,30.0,30.0,1.7187895774841309
575.0,8.0,8.0,1.1928608417510986
350.0,3.0,3.0,0.7414815425872803
466.0,9.0,9.0,0.9950661659240723
1242.0,40.0,40.0,2.6394693851470947
205.0,2.0,2.0,0.4007413387298584
174.0,0.0,0.0,0.3531780242919922
344.0,5.0,5.0,0.7429120540618896
419.0,14.0,14.0,0.847846508026123
1155.0,19.0,19.0,2.3949148654937744
143.0,1.0,1.0,0.307117223739624
69.0,0.0,0.0,0.14131426811218262
910.0,23.0,23.0,1.9512064456939697
93.0,1.0,1.0,0.18834686279296875
73.0,2.0,2.0,0.15668869018554688
272.0,7.0,7.0,0.6025669574737549
197.0,14.0,14.0,0.38575148582458496
588.0,16.0,16.0,1.2337324619293213
594.0,18.0,18.0,1.2840776443481445
137.0,1.0,1.0,0.2825191020965576
131.0,5.0,5.0,0.30652451515197754
255.0,1.0,1.0,0.559361457824707
533.0,10.0,10.0,1.1736693382263184
564.0,7.0,7.0,1.1874418258666992
367.0,9.0,9.0,0.823732852935791
339.0,6.0,6.0,0.7517189979553223
131.0,1.0,1.0,0.282789945602417
252.0,9.0,9.0,0.6076576709747314
311.0,12.0,12.0,0.7133715152740479
397.0,11.0,11.0,0.8566493988037109
906.0,21.0,21.0,1.928164005279541
895.0,19.0,19.0,1.8845696449279785
1303.0,24.0,24.0,2.676588535308838
318.0,12.0,12.0,0.6607046127319336
308.0,3.0,3.0,0.6246511936187744
176.0,7.0,7.0,0.34510302543640137
1049.0,24.0,24.0,2.2106850147247314
997.0,34.0,34.0,2.0909483432769775
752.0,15.0,15.0,1.5309882164001465
106.0,11.0,11.0,0.1912548542022705
706.0,13.0,13.0,1.4540541172027588
877.0,30.0,30.0,1.858461618423462
385.0,6.0,6.0,0.7993690967559814
85.0,1.0,1.0,0.17311334609985352
441.0,7.0,7.0,0.9241712093353271
182.0,6.0,6.0,0.32285094261169434
298.0,5.0,5.0,0.6321747303009033
1017.0,24.0,24.0,2.1823031902313232
221.0,4.0,4.0,0.4163360595703125
149.0,2.0,2.0,0.3182542324066162
244.0,2.0,2.0,0.5459809303283691
169.0,2.0,2.0,0.365492582321167
279.0,4.0,4.0,0.589339017868042
180.0,8.0,8.0,0.38544392585754395
166.0,9.0,9.0,0.3610813617706299
48.0,0.0,0.0,0.1103358268737793
380.0,5.0,5.0,0.8673930168151855
602.0,10.0,10.0,1.3207356929779053
300.0,6.0,6.0,0.6750071048736572
212.0,3.0,3.0,0.4320638179779053
359.0,7.0,7.0,0.7771544456481934
198.0,5.0,5.0,0.40068936347961426
118.0,3.0,3.0,0.26619410514831543
613.0,18.0,18.0,1.2476563453674316
274.0,9.0,9.0,0.5765786170959473
1096.0,30.0,30.0,2.2869136333465576
722.0,12.0,12.0,1.4986693859100342
183.0,3.0,3.0,0.3618168830871582
263.0,5.0,5.0,0.5274069309234619
140.0,4.0,4.0,0.28174710273742676
503.0,11.0,11.0,1.0519616603851318
75.0,0.0,0.0,0.16546082496643066
716.0,11.0,11.0,1.464643955230713
745.0,9.0,9.0,1.5473933219909668
262.0,3.0,3.0,0.5809915065765381
1256.0,38.0,38.0,2.690458297729492
484.0,13.0,13.0,0.9916527271270752
601.0,8.0,8.0,1.3143367767333984
957.0,27.0,27.0,2.0192806720733643
260.0,5.0,5.0,0.5434999465942383
143.0,3.0,3.0,0.26902055740356445
539.0,9.0,9.0,1.0937340259552002
173.0,8.0,8.0,0.4007077217102051
342.0,6.0,6.0,0.6645581722259521
129.0,8.0,8.0,0.2668924331665039
128.0,3.0,3.0,0.2591977119445801
106.0,1.0,1.0,0.22040534019470215
395.0,5.0,5.0,0.8339557647705078
136.0,5.0,5.0,0.27094483375549316
321.0,13.0,13.0,0.6456379890441895
62.0,0.0,0.0,0.13466906547546387
1490.0,44.0,44.0,3.2055959701538086
635.0,17.0,17.0,1.3032026290893555
381.0,3.0,3.0,0.8168721199035645
241.0,1.0,1.0,0.5129578113555908
738.0,21.0,21.0,1.5083506107330322
98.0,2.0,2.0,0.17958354949951172
473.0,11.0,11.0,1.0146148204803467
108.0,5.0,5.0,0.20397520065307617
240.0,2.0,2.0,0.5111551284790039
372.0,15.0,15.0,0.7703659534454346
688.0,30.0,30.0,1.426619529724121
1000.0,31.0,31.0,2.1139397621154785
1321.0,28.0,28.0,2.7863216400146484
171.0,7.0,7.0,0.36426424980163574
775.0,20.0,20.0,1.6038131713867188
161.0,2.0,2.0,0.33547258377075195
445.0,10.0,10.0,0.9865636825561523
96.0,1.0,1.0,0.1727001667022705
368.0,7.0,7.0,0.7878386974334717
314.0,2.0,2.0,0.6839509010314941
176.0,2.0,2.0,0.3821413516998291
551.0,24.0,24.0,1.1489078998565674
69.0,0.0,0.0,0.14104270935058594
1560.0,45.0,45.0,3.2009212970733643
479.0,14.0,14.0,1.0066232681274414
79.0,0.0,0.0,0.1567063331604004
109.0,11.0,11.0,0.2278299331665039
1173.0,37.0,37.0,2.3801796436309814
112.0,1.0,1.0,0.22847414016723633
524.0,16.0,16.0,1.072082281112671
1397.0,36.0,36.0,2.8294806480407715
276.0,3.0,3.0,0.558457612991333
276.0,18.0,18.0,0.5569515228271484
415.0,5.0,5.0,0.9060611724853516
841.0,18.0,18.0,1.789599895477295
616.0,19.0,19.0,1.2271461486816406
211.0,10.0,10.0,0.4392819404602051
1432.0,29.0,29.0,2.9916632175445557
538.0,16.0,16.0,1.084301471710205
333.0,5.0,5.0,0.6833927631378174
64.0,2.0,2.0,0.1490311622619629
285.0,4.0,4.0,0.5865981578826904
58.0,0.0,0.0,0.12542414665222168
167.0,4.0,4.0,0.36969780921936035
136.0,4.0,4.0,0.2538583278656006
71.0,1.0,1.0,0.16231679916381836
257.0,1.0,1.0,0.5193424224853516
416.0,8.0,8.0,0.8846635818481445
711.0,15.0,15.0,1.4861094951629639
601.0,7.0,7.0,1.278139352798462
162.0,6.0,6.0,0.3533027172088623
81.0,1.0,1.0,0.1727290153503418
677.0,10.0,10.0,1.388211727142334
274.0,4.0,4.0,0.5890569686889648
181.0,1.0,1.0,0.3855724334716797
558.0,19.0,19.0,1.1784086227416992
290.0,4.0,4.0,0.5735573768615723
807.0,11.0,11.0,1.65657377243042
213.0,8.0,8.0,0.4310765266418457
548.0,7.0,7.0,1.1943938732147217
256.0,5.0,5.0,0.5651485919952393
948.0,28.0,28.0,2.038034439086914
110.0,3.0,3.0,0.2137751579284668
257.0,9.0,9.0,0.5435113906860352
144.0,5.0,5.0,0.29814982414245605
126.0,0.0,0.0,0.2678685188293457
646.0,10.0,10.0,1.330780267715454
671.0,17.0,17.0,1.422513484954834
450.0,11.0,11.0,0.9314594268798828
129.0,5.0,5.0,0.26730895042419434
384.0,15.0,15.0,0.8641870021820068
262.0,5.0,5.0,0.5893223285675049
550.0,11.0,11.0,1.1296906471252441
88.0,0.0,0.0,0.18703436851501465
183.0,3.0,3.0,0.40288352966308594
670.0,17.0,17.0,1.3807260990142822
291.0,5.0,5.0,0.5897493362426758
302.0,9.0,9.0,0.635491132736206
1090.0,16.0,16.0,2.3446881771087646
171.0,4.0,4.0,0.34653759002685547
336.0,5.0,5.0,0.679678201675415
709.0,15.0,15.0,1.4305894374847412
936.0,29.0,29.0,1.9523563385009766
140.0,1.0,1.0,0.29047679901123047
189.0,2.0,2.0,0.419649600982666
882.0,26.0,26.0,1.8589849472045898
272.0,1.0,1.0,0.5825467109680176
506.0,10.0,10.0,1.0485398769378662
548.0,15.0,15.0,1.0971734523773193
558.0,14.0,14.0,1.162416696548462
240.0,1.0,1.0,0.4993002414703369
727.0,22.0,22.0,1.5822677612304688
373.0,11.0,11.0,0.7941153049468994
155.0,4.0,4.0,0.3794558048248291
796.0,30.0,30.0,1.606123924255371
789.0,17.0,17.0,1.718916893005371
1338.0,21.0,21.0,2.838041067123413
196.0,5.0,5.0,0.40058088302612305
461.0,10.0,10.0,0.9477846622467041
777.0,25.0,25.0,1.6599016189575195
1319.0,31.0,31.0,2.7203049659729004
653.0,14.0,14.0,1.3833599090576172
855.0,19.0,19.0,1.7397549152374268
969.0,29.0,29.0,2.028197765350342
54.0,2.0,2.0,0.09418511390686035
401.0,7.0,7.0,0.7938730716705322
64.0,1.0,1.0,0.1197206974029541
176.0,5.0,5.0,0.3727760314941406
121.0,2.0,2.0,0.25069141387939453
343.0,7.0,7.0,0.6982626914978027
473.0,17.0,17.0,0.9760899543762207
258.0,5.0,5.0,0.5863010883331299
121.0,2.0,2.0,0.26691460609436035
118.0,1.0,1.0,0.21183204650878906
356.0,3.0,3.0,0.708345890045166
1107.0,34.0,34.0,2.282132863998413
198.0,4.0,4.0,0.4083833694458008
155.0,5.0,5.0,0.3656156063079834
262.0,4.0,4.0,0.5575439929962158
96.0,1.0,1.0,0.2039647102355957
76.0,3.0,3.0,0.1703934669494629
943.0,20.0,20.0,2.0261728763580322
169.0,7.0,7.0,0.36066555976867676
122.0,3.0,3.0,0.26331019401550293
1507.0,36.0,36.0,3.2948689460754395
103.0,7.0,7.0,0.18835711479187012
275.0,5.0,5.0,0.5350039005279541
283.0,15.0,15.0,0.535757303237915
339.0,6.0,6.0,0.6515326499938965
73.0,1.0,1.0,0.18100595474243164
393.0,19.0,19.0,0.8093307018280029
137.0,4.0,4.0,0.2907843589782715
900.0,22.0,22.0,1.8913700580596924
275.0,2.0,2.0,0.557269811630249
126.0,1.0,1.0,0.2750098705291748
315.0,1.0,1.0,0.7016534805297852
106.0,7.0,7.0,0.23475217819213867
104.0,1.0,1.0,0.21963024139404297
362.0,14.0,14.0,0.723804235458374
103.0,0.0,0.0,0.19676542282104492
763.0,22.0,22.0,1.618321418762207
532.0,6.0,6.0,1.133249044418335
341.0,5.0,5.0,0.7221674919128418
201.0,3.0,3.0,0.3867189884185791
430.0,15.0,15.0,0.8791224956512451
114.0,6.0,6.0,0.2349865436553955
132.0,1.0,1.0,0.2599306106567383
1201.0,14.0,14.0,2.416508674621582
347.0,13.0,13.0,0.7180764675140381
779.0,20.0,20.0,1.681257724761963
102.0,0.0,0.0,0.21933460235595703
193.0,6.0,6.0,0.3930673599243164
369.0,17.0,17.0,0.7930161952972412
240.0,6.0,6.0,0.49512672424316406
1528.0,40.0,40.0,3.1437621116638184
228.0,14.0,14.0,0.41530871391296387
220.0,5.0,5.0,0.4483330249786377
1006.0,18.0,18.0,2.1457104682922363
365.0,6.0,6.0,0.7859547138214111
612.0,22.0,22.0,1.29862380027771
397.0,13.0,13.0,0.832167387008667
244.0,11.0,11.0,0.5158357620239258
277.0,9.0,9.0,0.530876874923706
506.0,12.0,12.0,1.0367844104766846
99.0,0.0,0.0,0.20396971702575684
441.0,10.0,10.0,0.9241812229156494
185.0,8.0,8.0,0.36171984672546387
664.0,25.0,25.0,1.3686325550079346
617.0,11.0,11.0,1.2928688526153564
111.0,1.0,1.0,0.2346484661102295
818.0,25.0,25.0,1.6773416996002197
1080.0,29.0,29.0,2.2056126594543457
445.0,15.0,15.0,0.8718109130859375
285.0,11.0,11.0,0.5578548908233643
61.0,1.0,1.0,0.15912556648254395
150.0,4.0,4.0,0.300335168838501
372.0,10.0,10.0,0.8089356422424316
54.0,0.0,0.0,0.10436582565307617
98.0,3.0,3.0,0.20439410209655762
316.0,13.0,13.0,0.652585506439209
142.0,2.0,2.0,0.3347291946411133
245.0,4.0,4.0,0.5266039371490479
232.0,7.0,7.0,0.4950065612792969
86.0,0.0,0.0,0.17274165153503418
117.0,8.0,8.0,0.21400785446166992
1944.0,49.0,49.0,4.015035390853882
204.0,4.0,4.0,0.40099000930786133
216.0,3.0,3.0,0.4334700107574463
304.0,4.0,4.0,0.6642882823944092
490.0,19.0,19.0,0.9591524600982666
819.0,22.0,22.0,1.7587001323699951
560.0,15.0,15.0,1.146820306777954
218.0,4.0,4.0,0.5024287700653076
104.0,1.0,1.0,0.2005758285522461
836.0,17.0,17.0,1.6763298511505127
1047.0,28.0,28.0,2.236715793609619
75.0,1.0,1.0,0.14148926734924316
971.0,17.0,17.0,2.070371389389038
239.0,2.0,2.0,0.5018837451934814
1150.0,28.0,28.0,2.3663079738616943
70.0,2.0,2.0,0.12542057037353516
304.0,6.0,6.0,0.581305980682373
144.0,1.0,1.0,0.30059242248535156
382.0,11.0,11.0,0.7935242652893066
415.0,3.0,3.0,0.8531279563903809
398.0,3.0,3.0,0.7936286926269531
466.0,11.0,11.0,0.9750676155090332
323.0,14.0,14.0,0.6197783946990967
516.0,12.0,12.0,1.100407600402832
352.0,4.0,4.0,0.7255265712738037
429.0,7.0,7.0,0.8927485942840576
75.0,0.0,0.0,0.1504983901977539
693.0,15.0,15.0,1.3866748809814453
618.0,14.0,14.0,1.3046610355377197
555.0,12.0,12.0,1.1909725666046143
530.0,10.0,10.0,1.1332097053527832
270.0,6.0,6.0,0.5931823253631592
122.0,3.0,3.0,0.2527120113372803
1185.0,39.0,39.0,2.42859148979187
773.0,19.0,19.0,1.6138060092926025
60.0,2.0,2.0,0.13239049911499023
566.0,19.0,19.0,1.1763927936553955
59.0,1.0,1.0,0.12542223930358887
830.0,20.0,20.0,1.7325928211212158
191.0,7.0,7.0,0.40786027908325195
491.0,9.0,9.0,0.9813404083251953
431.0,13.0,13.0,0.9078810214996338
638.0,13.0,13.0,1.3114969730377197
1017.0,20.0,20.0,2.1892120838165283
430.0,8.0,8.0,0.8917684555053711
726.0,7.0,7.0,1.4614627361297607
651.0,19.0,19.0,1.376953125
57.0,0.0,0.0,0.1259620189666748
560.0,18.0,18.0,1.2359540462493896
515.0,11.0,11.0,1.060239315032959
1721.0,29.0,29.0,3.5745444297790527
51.0,0.0,0.0,0.09464883804321289
346.0,7.0,7.0,0.7457661628723145
392.0,8.0,8.0,0.8428299427032471
152.0,5.0,5.0,0.34044528007507324
295.0,7.0,7.0,0.6136727333068848
51.0,2.0,2.0,0.1098177433013916
83.0,3.0,3.0,0.18884968757629395
68.0,1.0,1.0,0.1253340244293213
225.0,6.0,6.0,0.4869072437286377
503.0,10.0,10.0,1.1115899085998535
840.0,14.0,14.0,1.7209107875823975
215.0,5.0,5.0,0.4804646968841553
172.0,4.0,4.0,0.37175679206848145
1340.0,33.0,33.0,2.816617727279663
417.0,5.0,5.0,0.8582339286804199
210.0,3.0,3.0,0.45845580101013184
1111.0,45.0,45.0,2.2971835136413574
585.0,25.0,25.0,1.1640470027923584
681.0,6.0,6.0,1.383678674697876
521.0,19.0,19.0,1.1207356452941895
233.0,4.0,4.0,0.4919548034667969
92.0,1.0,1.0,0.18005752563476562
307.0,7.0,7.0,0.6803419589996338
199.0,11.0,11.0,0.3836848735809326
104.0,6.0,6.0,0.2000751495361328
167.0,5.0,5.0,0.4091625213623047
181.0,1.0,1.0,0.42859411239624023
78.0,2.0,2.0,0.16280269622802734
295.0,6.0,6.0,0.6427597999572754
423.0,16.0,16.0,0.8565843105316162
884.0,14.0,14.0,1.9140510559082031
543.0,13.0,13.0,1.1111118793487549
765.0,17.0,17.0,1.5733985900878906
278.0,9.0,9.0,0.5677878856658936
1967.0,58.0,58.0,4.2001261711120605
142.0,6.0,6.0,0.3023529052734375
2243.0,32.0,32.0,4.624587774276733
1216.0,44.0,44.0,2.6647462844848633
56.0,1.0,1.0,0.11119890213012695
432.0,13.0,13.0,0.8700814247131348
136.0,2.0,2.0,0.2942194938659668
119.0,0.0,0.0,0.2609066963195801
263.0,7.0,7.0,0.5720682144165039
270.0,7.0,7.0,0.6832709312438965
706.0,17.0,17.0,1.4665658473968506
402.0,9.0,9.0,0.9032886028289795
701.0,14.0,14.0,1.5651254653930664
359.0,5.0,5.0,0.7644357681274414
88.0,2.0,2.0,0.19739079475402832
2098.0,39.0,39.0,4.424844264984131
49.0,0.0,0.0,0.1098015308380127
797.0,17.0,17.0,1.6771719455718994
399.0,15.0,15.0,0.8604304790496826
821.0,19.0,19.0,1.6157169342041016
75.0,1.0,1.0,0.1567821502685547
637.0,14.0,14.0,1.3348379135131836
333.0,4.0,4.0,0.7022125720977783
151.0,2.0,2.0,0.3294064998626709
351.0,5.0,5.0,0.738513708114624
166.0,8.0,8.0,0.3135793209075928
401.0,12.0,12.0,0.8151736259460449
188.0,5.0,5.0,0.36147546768188477
420.0,12.0,12.0,0.8998148441314697
721.0,22.0,22.0,1.4366016387939453
446.0,3.0,3.0,0.8779165744781494
1052.0,33.0,33.0,2.2450966835021973
691.0,20.0,20.0,1.47312331199646
567.0,18.0,18.0,1.1661767959594727
472.0,10.0,10.0,1.0341150760650635
196.0,5.0,5.0,0.4244554042816162
291.0,13.0,13.0,0.5963351726531982
181.0,7.0,7.0,0.37624120712280273
1046.0,19.0,19.0,2.1448681354522705
264.0,3.0,3.0,0.5873372554779053
360.0,16.0,16.0,0.6643023490905762
144.0,5.0,5.0,0.2976417541503906
38.0,0.0,0.0,0.07853960990905762
193.0,3.0,3.0,0.34644055366516113
909.0,17.0,17.0,1.8491544723510742
684.0,18.0,18.0,1.3944525718688965
56.0,1.0,1.0,0.10981321334838867
247.0,3.0,3.0,0.5185880661010742
1832.0,38.0,38.0,3.8488121032714844
461.0,8.0,8.0,0.8874650001525879
276.0,5.0,5.0,0.5654807090759277
85.0,2.0,2.0,0.17296624183654785
1344.0,25.0,25.0,2.825467586517334
177.0,1.0,1.0,0.36429405212402344
632.0,25.0,25.0,1.304304599761963
98.0,0.0,0.0,0.1878340244293213
312.0,2.0,2.0,0.6710238456726074
71.0,4.0,4.0,0.15709948539733887
528.0,4.0,4.0,1.1144917011260986
110.0,2.0,2.0,0.2130889892578125
675.0,7.0,7.0,1.379429578781128
254.0,4.0,4.0,0.48650479316711426
1131.0,17.0,17.0,2.3675830364227295
174.0,6.0,6.0,0.3767099380493164
485.0,12.0,12.0,1.0158271789550781
1329.0,11.0,11.0,2.8370275497436523
147.0,2.0,2.0,0.31379103660583496
318.0,3.0,3.0,0.6595096588134766
359.0,12.0,12.0,0.7495121955871582
787.0,10.0,10.0,1.7504222393035889
488.0,10.0,10.0,1.0397002696990967
787.0,10.0,10.0,1.676307201385498
136.0,2.0,2.0,0.31362199783325195
249.0,7.0,7.0,0.5492219924926758
154.0,2.0,2.0,0.3147869110107422
285.0,3.0,3.0,0.651423454284668
285.0,6.0,6.0,0.6343114376068115
132.0,0.0,0.0,0.28522562980651855
229.0,4.0,4.0,0.5068376064300537
434.0,19.0,19.0,0.9629042148590088
169.0,0.0,0.0,0.3656034469604492
592.0,9.0,9.0,1.320425033569336
54.0,1.0,1.0,0.11590075492858887
330.0,9.0,9.0,0.7182083129882812
320.0,17.0,17.0,0.722174882888794
798.0,21.0,21.0,1.769840955734253
102.0,3.0,3.0,0.2556924819946289
518.0,5.0,5.0,1.1239886283874512
680.0,14.0,14.0,1.4830896854400635
248.0,1.0,1.0,0.5538649559020996
89.0,4.0,4.0,0.2020735740661621
407.0,6.0,6.0,0.9161674976348877
273.0,4.0,4.0,0.6075406074523926
800.0,10.0,10.0,1.8003501892089844
137.0,0.0,0.0,0.29602789878845215
220.0,4.0,4.0,0.49381279945373535
185.0,9.0,9.0,0.4158337116241455
94.0,2.0,2.0,0.21095609664916992
303.0,2.0,2.0,0.7151994705200195
509.0,16.0,16.0,1.1256520748138428
74.0,0.0,0.0,0.16353464126586914
468.0,7.0,7.0,1.0032498836517334
301.0,5.0,5.0,0.700984001159668
448.0,15.0,15.0,0.9846415519714355
635.0,20.0,20.0,1.398860216140747
246.0,2.0,2.0,0.5321023464202881
277.0,6.0,6.0,0.6567072868347168
446.0,11.0,11.0,0.9462876319885254
320.0,6.0,6.0,0.7006490230560303
1034.0,22.0,22.0,2.3211960792541504
705.0,15.0,15.0,1.5422372817993164
96.0,2.0,2.0,0.19424891471862793
471.0,17.0,17.0,1.0043466091156006
214.0,3.0,3.0,0.4750635623931885
124.0,2.0,2.0,0.281937837600708
135.0,0.0,0.0,0.2801225185394287
77.0,1.0,1.0,0.17318177223205566
195.0,5.0,5.0,0.4219224452972412
86.0,2.0,2.0,0.19913434982299805
192.0,5.0,5.0,0.3962252140045166
222.0,8.0,8.0,0.49330639839172363
849.0,25.0,25.0,1.8926713466644287
116.0,7.0,7.0,0.2559852600097656
975.0,30.0,30.0,2.21460223197937
444.0,3.0,3.0,0.9765489101409912
865.0,20.0,20.0,1.7921836376190186
1218.0,34.0,34.0,2.6066627502441406
505.0,10.0,10.0,1.1267836093902588
56.0,2.0,2.0,0.14354419708251953
133.0,4.0,4.0,0.28458142280578613
256.0,8.0,8.0,0.5673620700836182
385.0,13.0,13.0,0.7912609577178955
95.0,4.0,4.0,0.17108654975891113
90.0,8.0,8.0,0.17674779891967773
879.0,29.0,29.0,1.809894323348999
36.0,1.0,1.0,0.07051944732666016
352.0,11.0,11.0,0.728766918182373
174.0,3.0,3.0,0.37423276901245117
390.0,13.0,13.0,0.831528902053833
1436.0,43.0,43.0,2.9252212047576904
324.0,6.0,6.0,0.6863822937011719
780.0,23.0,23.0,1.6234736442565918
355.0,17.0,17.0,0.7410969734191895
194.0,5.0,5.0,0.41257572174072266
233.0,4.0,4.0,0.49241185188293457
276.0,9.0,9.0,0.5827960968017578
342.0,10.0,10.0,0.7615973949432373
279.0,8.0,8.0,0.6248133182525635
355.0,4.0,4.0,0.8019068241119385
91.0,1.0,1.0,0.20024347305297852
155.0,3.0,3.0,0.35483670234680176
191.0,2.0,2.0,0.42632174491882324
312.0,13.0,13.0,0.6860523223876953
189.0,5.0,5.0,0.42423319816589355
186.0,2.0,2.0,0.415116548538208
592.0,13.0,13.0,1.2380201816558838
334.0,5.0,5.0,0.738525390625
187.0,5.0,5.0,0.41608572006225586
418.0,11.0,11.0,0.9305398464202881
115.0,0.0,0.0,0.2430424690246582
1470.0,27.0,27.0,3.113208532333374
87.0,1.0,1.0,0.17615032196044922
1328.0,20.0,20.0,2.99448823928833
388.0,10.0,10.0,0.8903014659881592
316.0,12.0,12.0,0.691277027130127
1753.0,40.0,40.0,3.759770631790161
206.0,5.0,5.0,0.43784046173095703
1249.0,30.0,30.0,2.6436495780944824
685.0,10.0,10.0,1.468949556350708
240.0,5.0,5.0,0.5332341194152832
616.0,9.0,9.0,1.3356220722198486
748.0,13.0,13.0,1.6299407482147217
911.0,15.0,15.0,2.0268006324768066
107.0,1.0,1.0,0.22906041145324707
611.0,15.0,15.0,1.3942327499389648
286.0,7.0,7.0,0.6492936611175537
39.0,0.0,0.0,0.09081292152404785
337.0,13.0,13.0,0.7730350494384766
976.0,39.0,39.0,2.1553707122802734
443.0,9.0,9.0,0.9834492206573486
250.0,9.0,9.0,0.5522313117980957
245.0,5.0,5.0,0.5660591125488281
895.0,21.0,21.0,1.9160442352294922
65.0,0.0,0.0,0.13652539253234863
384.0,12.0,12.0,0.8273880481719971
71.0,2.0,2.0,0.17954134941101074
1566.0,31.0,31.0,3.4730937480926514
222.0,6.0,6.0,0.4795398712158203
1039.0,20.0,20.0,2.240549087524414
722.0,17.0,17.0,1.5277533531188965
198.0,9.0,9.0,0.45217466354370117
659.0,14.0,14.0,1.441107988357544
533.0,13.0,13.0,1.1889233589172363
252.0,10.0,10.0,0.5678582191467285
101.0,1.0,1.0,0.23260211944580078
1025.0,19.0,19.0,2.3063251972198486
314.0,4.0,4.0,0.7316744327545166
310.0,11.0,11.0,0.6954019069671631
678.0,23.0,23.0,1.481374979019165
52.0,2.0,2.0,0.10653853416442871
61.0,1.0,1.0,0.14554667472839355
121.0,2.0,2.0,0.2625925540924072
235.0,5.0,5.0,0.5219082832336426
920.0,25.0,25.0,1.965942621231079
562.0,22.0,22.0,1.2509055137634277
342.0,3.0,3.0,0.7214853763580322
520.0,13.0,13.0,1.18513822555542
486.0,20.0,20.0,1.0386502742767334
419.0,15.0,15.0,0.9494016170501709
172.0,3.0,3.0,0.39261388778686523
211.0,3.0,3.0,0.44714808464050293
74.0,0.0,0.0,0.15007400512695312
654.0,10.0,10.0,1.4455478191375732
172.0,1.0,1.0,0.4031181335449219
1282.0,29.0,29.0,2.830226421356201
446.0,6.0,6.0,1.0287737846374512
426.0,6.0,6.0,0.9054570198059082
134.0,2.0,2.0,0.28459763526916504
59.0,5.0,5.0,0.12546443939208984
229.0,5.0,5.0,0.5116853713989258
174.0,2.0,2.0,0.3892240524291992
693.0,13.0,13.0,1.5066077709197998
58.0,0.0,0.0,0.12853765487670898
717.0,9.0,9.0,1.5681092739105225
257.0,5.0,5.0,0.5662333965301514
149.0,2.0,2.0,0.32956409454345703
525.0,14.0,14.0,1.1133995056152344
334.0,9.0,9.0,0.7227470874786377
127.0,3.0,3.0,0.2685880661010742
1013.0,43.0,43.0,2.2203636169433594
211.0,4.0,4.0,0.4757406711578369
475.0,9.0,9.0,1.038543701171875
245.0,3.0,3.0,0.5444502830505371
610.0,12.0,12.0,1.3027715682983398
96.0,3.0,3.0,0.22020268440246582
514.0,14.0,14.0,1.090533971786499
308.0,1.0,1.0,0.6731348037719727
61.0,1.0,1.0,0.12451601028442383
162.0,1.0,1.0,0.35646677017211914
627.0,12.0,12.0,1.3476929664611816
118.0,3.0,3.0,0.23047280311584473
1359.0,44.0,44.0,2.927793264389038
78.0,0.0,0.0,0.1690673828125
138.0,6.0,6.0,0.2915678024291992
873.0,21.0,21.0,1.8785555362701416
298.0,12.0,12.0,0.6192224025726318
471.0,10.0,10.0,1.0712647438049316
124.0,2.0,2.0,0.2715597152709961
726.0,18.0,18.0,1.6041626930236816
578.0,18.0,18.0,1.2872653007507324
547.0,16.0,16.0,1.2077338695526123
57.0,0.0,0.0,0.12254023551940918
346.0,9.0,9.0,0.7568888664245605
276.0,7.0,7.0,0.6072187423706055
197.0,1.0,1.0,0.42342257499694824
204.0,8.0,8.0,0.4813859462738037
445.0,7.0,7.0,0.9827675819396973
296.0,5.0,5.0,0.6597421169281006
280.0,2.0,2.0,0.6401538848876953
114.0,4.0,4.0,0.24860000610351562
331.0,9.0,9.0,0.6967461109161377
706.0,17.0,17.0,1.5418424606323242
50.0,1.0,1.0,0.09660983085632324
56.0,4.0,4.0,0.12553906440734863
456.0,19.0,19.0,0.9874258041381836
380.0,12.0,12.0,0.8538382053375244
100.0,2.0,2.0,0.22208356857299805
83.0,3.0,3.0,0.1817948818206787
418.0,8.0,8.0,0.9603054523468018
331.0,8.0,8.0,0.7416670322418213
223.0,5.0,5.0,0.4786696434020996
288.0,5.0,5.0,0.6188850402832031
247.0,8.0,8.0,0.5576808452606201
167.0,0.0,0.0,0.3766176700592041
1084.0,19.0,19.0,2.389209508895874
1027.0,36.0,36.0,2.3201560974121094
633.0,16.0,16.0,1.373455286026001
434.0,12.0,12.0,0.9798965454101562
666.0,21.0,21.0,1.436906337738037
403.0,14.0,14.0,0.9296092987060547
98.0,1.0,1.0,0.2224881649017334
584.0,9.0,9.0,1.2658288478851318
639.0,12.0,12.0,1.4220070838928223
230.0,6.0,6.0,0.500701904296875
86.0,2.0,2.0,0.18225455284118652
161.0,7.0,7.0,0.3761255741119385
180.0,3.0,3.0,0.39715075492858887
208.0,4.0,4.0,0.4874100685119629
282.0,13.0,13.0,0.6237001419067383
333.0,6.0,6.0,0.7336635589599609
888.0,19.0,19.0,1.9367685317993164
736.0,23.0,23.0,1.5742824077606201
214.0,5.0,5.0,0.49294400215148926
507.0,11.0,11.0,1.1323606967926025
317.0,14.0,14.0,0.6769561767578125
501.0,14.0,14.0,1.0870647430419922
100.0,0.0,0.0,0.22761106491088867
350.0,9.0,9.0,0.8446824550628662
101.0,2.0,2.0,0.22102689743041992
957.0,27.0,27.0,2.1225533485412598
276.0,3.0,3.0,0.5852823257446289
1461.0,32.0,32.0,3.2241523265838623
60.0,0.0,0.0,0.12153267860412598
55.0,0.0,0.0,0.13186168670654297
249.0,3.0,3.0,0.5577116012573242
246.0,3.0,3.0,0.5426604747772217
242.0,7.0,7.0,0.5422062873840332
104.0,4.0,4.0,0.21686458587646484
523.0,5.0,5.0,1.1534926891326904
117.0,0.0,0.0,0.2622339725494385
710.0,8.0,8.0,1.553729772567749
327.0,15.0,15.0,0.7421872615814209
1394.0,28.0,28.0,3.1134772300720215
432.0,9.0,9.0,0.9927692413330078
473.0,10.0,10.0,1.0395419597625732
1107.0,27.0,27.0,2.493374824523926
1083.0,26.0,26.0,2.3875670433044434
678.0,20.0,20.0,1.464689016342163
208.0,5.0,5.0,0.4868967533111572
188.0,2.0,2.0,0.40366554260253906
132.0,1.0,1.0,0.31371378898620605
375.0,7.0,7.0,0.8159499168395996
1528.0,48.0,48.0,3.268223524093628
451.0,7.0,7.0,0.9555048942565918
97.0,2.0,2.0,0.2138974666595459
302.0,5.0,5.0,0.6198315620422363
143.0,5.0,5.0,0.3244612216949463
546.0,9.0,9.0,1.2331295013427734
323.0,14.0,14.0,0.7101845741271973
141.0,3.0,3.0,0.30020880699157715
596.0,9.0,9.0,1.313584327697754
598.0,18.0,18.0,1.3029184341430664
387.0,18.0,18.0,0.8680472373962402
220.0,5.0,5.0,0.5021021366119385
107.0,1.0,1.0,0.21960163116455078
703.0,24.0,24.0,1.581636667251587
518.0,12.0,12.0,1.138709306716919
657.0,15.0,15.0,1.4713842868804932
377.0,14.0,14.0,0.8160827159881592
564.0,6.0,6.0,1.20479154586792
459.0,7.0,7.0,1.004021167755127
208.0,1.0,1.0,0.4555656909942627
162.0,7.0,7.0,0.392669677734375
158.0,0.0,0.0,0.37159228324890137
510.0,13.0,13.0,1.1777551174163818
392.0,8.0,8.0,0.89176344871521
130.0,2.0,2.0,0.2664673328399658
254.0,12.0,12.0,0.5342307090759277
72.0,1.0,1.0,0.15668201446533203
820.0,35.0,35.0,1.7268991470336914
939.0,21.0,21.0,2.004490852355957
1209.0,29.0,29.0,2.600783348083496
100.0,4.0,4.0,0.2196216583251953
154.0,0.0,0.0,0.33110690116882324
382.0,9.0,9.0,0.8488757610321045
191.0,2.0,2.0,0.4499979019165039
403.0,8.0,8.0,0.8178749084472656
266.0,12.0,12.0,0.5765676498413086
491.0,9.0,9.0,1.070648431777954
941.0,14.0,14.0,2.0828330516815186
909.0,22.0,22.0,1.9741125106811523
75.0,0.0,0.0,0.17496037483215332
99.0,1.0,1.0,0.20825695991516113
186.0,8.0,8.0,0.4018683433532715
454.0,14.0,14.0,0.9849121570587158
581.0,11.0,11.0,1.2552428245544434
175.0,11.0,11.0,0.38125109672546387
221.0,4.0,4.0,0.4651305675506592
491.0,15.0,15.0,1.0978116989135742
375.0,11.0,11.0,0.7889814376831055
135.0,1.0,1.0,0.3067948818206787
410.0,3.0,3.0,0.9092006683349609
765.0,22.0,22.0,1.6257882118225098
259.0,3.0,3.0,0.558424711227417
127.0,0.0,0.0,0.257720947265625
284.0,10.0,10.0,0.5710349082946777
118.0,4.0,4.0,0.24506497383117676
1301.0,28.0,28.0,2.785705327987671
224.0,8.0,8.0,0.5126786231994629
155.0,4.0,4.0,0.37725162506103516
242.0,5.0,5.0,0.5274300575256348
736.0,11.0,11.0,1.578507661819458
1110.0,36.0,36.0,2.4062154293060303
433.0,19.0,19.0,0.9490146636962891
189.0,3.0,3.0,0.4204995632171631
183.0,9.0,9.0,0.390200138092041
105.0,2.0,2.0,0.24023675918579102
129.0,0.0,0.0,0.29325056076049805
104.0,3.0,3.0,0.22523212432861328
174.0,0.0,0.0,0.36052775382995605
94.0,0.0,0.0,0.19516897201538086
59.0,3.0,3.0,0.1350386142730713
306.0,8.0,8.0,0.6755926609039307
462.0,14.0,14.0,1.0335838794708252
109.0,2.0,2.0,0.25525546073913574
143.0,1.0,1.0,0.3151845932006836
672.0,12.0,12.0,1.4690325260162354
158.0,4.0,4.0,0.3660244941711426
90.0,3.0,3.0,0.19396185874938965
202.0,9.0,9.0,0.4245424270629883
965.0,17.0,17.0,2.0870275497436523
102.0,2.0,2.0,0.23205780982971191
74.0,1.0,1.0,0.15293407440185547
455.0,6.0,6.0,0.9961915016174316
515.0,11.0,11.0,1.1080255508422852
266.0,7.0,7.0,0.5802798271179199
108.0,2.0,2.0,0.2360680103302002
461.0,10.0,10.0,1.0159070491790771
84.0,0.0,0.0,0.17302513122558594
422.0,14.0,14.0,0.9103100299835205
775.0,21.0,21.0,1.722428321838379
520.0,6.0,6.0,1.1442134380340576
383.0,5.0,5.0,0.8486685752868652
99.0,1.0,1.0,0.219681978225708
145.0,3.0,3.0,0.3139839172363281
74.0,1.0,1.0,0.1542189121246338
668.0,17.0,17.0,1.4873127937316895
395.0,0.0,0.0,0.8792126178741455
606.0,14.0,14.0,1.348714828491211
1122.0,28.0,28.0,2.4298408031463623
526.0,14.0,14.0,1.1484196186065674
856.0,13.0,13.0,1.9021563529968262
39.0,0.0,0.0,0.08278417587280273
71.0,0.0,0.0,0.14905858039855957
120.0,2.0,2.0,0.25730252265930176
116.0,6.0,6.0,0.26125121116638184
101.0,0.0,0.0,0.21744227409362793
128.0,0.0,0.0,0.27957844734191895
1539.0,32.0,32.0,3.442351818084717
251.0,6.0,6.0,0.5624768733978271
413.0,19.0,19.0,0.9296140670776367
268.0,10.0,10.0,0.6486504077911377
50.0,6.0,6.0,0.11453890800476074
446.0,10.0,10.0,0.9932985305786133
116.0,1.0,1.0,0.24762582778930664
149.0,0.0,0.0,0.3283805847167969
184.0,7.0,7.0,0.4176290035247803
260.0,15.0,15.0,0.588773250579834
254.0,11.0,11.0,0.570347785949707
111.0,2.0,2.0,0.21306133270263672
771.0,13.0,13.0,1.6206438541412354
157.0,1.0,1.0,0.36153149604797363
149.0,5.0,5.0,0.32282233238220215
1076.0,34.0,34.0,2.3459043502807617
831.0,21.0,21.0,1.8344571590423584
134.0,1.0,1.0,0.27678442001342773
555.0,13.0,13.0,1.210172176361084
310.0,7.0,7.0,0.6842296123504639
104.0,4.0,4.0,0.2261977195739746
1091.0,28.0,28.0,2.3941891193389893
1078.0,21.0,21.0,2.349776029586792
779.0,24.0,24.0,1.695880651473999
235.0,9.0,9.0,0.531909704208374
1212.0,30.0,30.0,2.722683906555176
547.0,15.0,15.0,1.1983294486999512
339.0,8.0,8.0,0.7581660747528076
712.0,17.0,17.0,1.510347843170166
146.0,4.0,4.0,0.32415294647216797
1297.0,31.0,31.0,2.8771262168884277
152.0,8.0,8.0,0.33066391944885254
714.0,14.0,14.0,1.5930900573730469
405.0,16.0,16.0,0.8595843315124512
111.0,2.0,2.0,0.2446134090423584
69.0,0.0,0.0,0.14867901802062988
41.0,0.0,0.0,0.0765237808227539
239.0,2.0,2.0,0.5279989242553711
132.0,5.0,5.0,0.29448771476745605
231.0,2.0,2.0,0.49288439750671387
619.0,17.0,17.0,1.3485875129699707
416.0,7.0,7.0,0.9194555282592773
77.0,2.0,2.0,0.1581122875213623
289.0,4.0,4.0,0.6298000812530518
280.0,11.0,11.0,0.5737287998199463
375.0,12.0,12.0,0.8411622047424316
57.0,0.0,0.0,0.11052989959716797
232.0,7.0,7.0,0.4757876396179199
459.0,6.0,6.0,1.0041241645812988
180.0,2.0,2.0,0.3851468563079834
141.0,4.0,4.0,0.30072832107543945
123.0,6.0,6.0,0.26059818267822266
976.0,20.0,20.0,2.081343412399292
112.0,2.0,2.0,0.24307465553283691
777.0,12.0,12.0,1.671109914779663
163.0,14.0,14.0,0.34845876693725586
183.0,3.0,3.0,0.40813446044921875
316.0,6.0,6.0,0.6742634773254395
448.0,5.0,5.0,0.9696638584136963
478.0,7.0,7.0,1.025132417678833
211.0,6.0,6.0,0.4811818599700928
313.0,9.0,9.0,0.6809179782867432
90.0,0.0,0.0,0.18254518508911133
753.0,18.0,18.0,1.6150665283203125
316.0,3.0,3.0,0.7048163414001465
265.0,2.0,2.0,0.5283238887786865
73.0,0.0,0.0,0.13207578659057617
611.0,9.0,9.0,1.347383737564087
168.0,2.0,2.0,0.3286781311035156
582.0,12.0,12.0,1.2967770099639893
390.0,15.0,15.0,0.8346195220947266
161.0,0.0,0.0,0.3286471366882324
78.0,0.0,0.0,0.14164161682128906
420.0,9.0,9.0,0.8637275695800781
774.0,23.0,23.0,1.7382895946502686
460.0,13.0,13.0,0.95975661277771
568.0,18.0,18.0,1.2606842517852783
226.0,3.0,3.0,0.4867281913757324
120.0,2.0,2.0,0.2981147766113281
259.0,7.0,7.0,0.5490996837615967
138.0,2.0,2.0,0.3004631996154785
542.0,8.0,8.0,1.1775474548339844
322.0,9.0,9.0,0.6755287647247314
336.0,5.0,5.0,0.7668371200561523
86.0,4.0,4.0,0.19683384895324707
297.0,4.0,4.0,0.6590011119842529
481.0,15.0,15.0,1.0733695030212402
66.0,2.0,2.0,0.14346575736999512
144.0,3.0,3.0,0.3102121353149414
233.0,7.0,7.0,0.5342264175415039
431.0,15.0,15.0,0.9249312877655029
309.0,7.0,7.0,0.6881265640258789
1533.0,42.0,42.0,3.3560702800750732
159.0,9.0,9.0,0.31383657455444336
155.0,1.0,1.0,0.34553050994873047
140.0,3.0,3.0,0.2982935905456543
345.0,5.0,5.0,0.744020938873291
129.0,7.0,7.0,0.28152918815612793
989.0,25.0,25.0,2.1533267498016357
412.0,9.0,9.0,0.8952937126159668
113.0,5.0,5.0,0.26926684379577637
310.0,6.0,6.0,0.6908290386199951
187.0,9.0,9.0,0.4179871082305908
715.0,17.0,17.0,1.555572509765625
59.0,0.0,0.0,0.12332487106323242
188.0,2.0,2.0,0.4182310104370117
162.0,0.0,0.0,0.3522770404815674
394.0,10.0,10.0,0.8145480155944824
2065.0,53.0,53.0,4.4625067710876465
565.0,7.0,7.0,1.243645429611206
367.0,11.0,11.0,0.7936134338378906
344.0,7.0,7.0,0.7501270771026611
400.0,5.0,5.0,0.7989273071289062
260.0,4.0,4.0,0.5661466121673584
590.0,13.0,13.0,1.2622313499450684
92.0,1.0,1.0,0.17624807357788086
162.0,3.0,3.0,0.34114742279052734
261.0,3.0,3.0,0.5728909969329834
859.0,25.0,25.0,1.8913331031799316
211.0,2.0,2.0,0.4732396602630615
231.0,5.0,5.0,0.5063135623931885
903.0,19.0,19.0,2.0124690532684326
1060.0,28.0,28.0,2.2874903678894043
90.0,1.0,1.0,0.20942330360412598
394.0,12.0,12.0,0.868433952331543
461.0,11.0,11.0,1.0461921691894531
454.0,9.0,9.0,1.0316166877746582
150.0,2.0,2.0,0.3299987316131592
144.0,2.0,2.0,0.4076104164123535
79.0,2.0,2.0,0.18711447715759277
154.0,1.0,1.0,0.3211398124694824
587.0,21.0,21.0,1.2501490116119385
145.0,4.0,4.0,0.3302955627441406
61.0,1.0,1.0,0.1320483684539795
955.0,28.0,28.0,2.050387144088745
302.0,5.0,5.0,0.6275732517242432
90.0,1.0,1.0,0.18834400177001953
672.0,18.0,18.0,1.4542620182037354
706.0,16.0,16.0,1.5536479949951172
175.0,5.0,5.0,0.339479923248291
133.0,2.0,2.0,0.29837822914123535
342.0,7.0,7.0,0.70652174949646
509.0,14.0,14.0,1.024423360824585
102.0,4.0,4.0,0.21963167190551758
234.0,4.0,4.0,0.4713561534881592
288.0,5.0,5.0,0.6208662986755371
1019.0,32.0,32.0,2.16257381439209
366.0,13.0,13.0,0.7782735824584961
542.0,22.0,22.0,1.1871044635772705
350.0,12.0,12.0,0.7396142482757568
83.0,0.0,0.0,0.18709993362426758
1008.0,19.0,19.0,2.1631879806518555
291.0,8.0,8.0,0.618217945098877
672.0,13.0,13.0,1.4322154521942139
596.0,14.0,14.0,1.3308990001678467
81.0,2.0,2.0,0.18008756637573242
748.0,19.0,19.0,1.6657140254974365
92.0,6.0,6.0,0.18035221099853516
790.0,28.0,28.0,1.7114360332489014
683.0,24.0,24.0,1.4701635837554932
694.0,13.0,13.0,1.5141510963439941
434.0,8.0,8.0,0.885465145111084
107.0,6.0,6.0,0.2251904010772705
305.0,2.0,2.0,0.7629005908966064
202.0,4.0,4.0,0.41422367095947266
95.0,1.0,1.0,0.20020079612731934
804.0,22.0,22.0,1.776761531829834
215.0,1.0,1.0,0.44797348976135254
253.0,6.0,6.0,0.5341017246246338
1357.0,25.0,25.0,2.823092222213745
251.0,8.0,8.0,0.5855021476745605
259.0,9.0,9.0,0.5700716972351074
136.0,3.0,3.0,0.31554508209228516
222.0,6.0,6.0,0.5002942085266113
177.0,7.0,7.0,0.39063382148742676
770.0,14.0,14.0,1.6221423149108887
77.0,0.0,0.0,0.16907000541687012
600.0,19.0,19.0,1.2734880447387695
703.0,21.0,21.0,1.4572970867156982
652.0,13.0,13.0,1.362452507019043
534.0,10.0,10.0,1.0414996147155762
380.0,4.0,4.0,0.8041954040527344
382.0,9.0,9.0,0.7993366718292236
127.0,6.0,6.0,0.26032304763793945
567.0,7.0,7.0,1.2313640117645264
145.0,4.0,4.0,0.28615736961364746
164.0,6.0,6.0,0.33768749237060547
1984.0,38.0,38.0,4.026396036148071
69.0,1.0,1.0,0.15607118606567383
456.0,10.0,10.0,0.9635696411132812
492.0,17.0,17.0,1.037809133529663
585.0,15.0,15.0,1.1582531929016113
406.0,8.0,8.0,0.8805592060089111
184.0,1.0,1.0,0.3896040916442871
384.0,6.0,6.0,0.8057861328125
375.0,10.0,10.0,0.7925057411193848
241.0,7.0,7.0,0.5320649147033691
156.0,2.0,2.0,0.2991793155670166
1629.0,44.0,44.0,3.459179162979126
648.0,7.0,7.0,1.4392945766448975
648.0,16.0,16.0,1.4084835052490234
594.0,9.0,9.0,1.3001503944396973
1326.0,29.0,29.0,2.8970413208007812
285.0,5.0,5.0,0.6431193351745605
286.0,9.0,9.0,0.5590922832489014
506.0,8.0,8.0,1.0745477676391602
1921.0,42.0,42.0,4.056706190109253
1018.0,17.0,17.0,2.155586004257202
680.0,16.0,16.0,1.428048849105835
114.0,4.0,4.0,0.23520684242248535
98.0,6.0,6.0,0.2090761661529541
291.0,6.0,6.0,0.5570833683013916
366.0,9.0,9.0,0.7474515438079834
714.0,18.0,18.0,1.5214834213256836
500.0,18.0,18.0,1.0998647212982178
1491.0,32.0,32.0,3.2474734783172607
657.0,8.0,8.0,1.382735013961792
164.0,1.0,1.0,0.3416876792907715
430.0,19.0,19.0,0.9162654876708984
466.0,10.0,10.0,1.0054066181182861
124.0,2.0,2.0,0.26979589462280273
933.0,19.0,19.0,1.992776870727539
579.0,25.0,25.0,1.206226110458374
379.0,6.0,6.0,0.8645584583282471
1721.0,46.0,46.0,3.596191883087158
190.0,2.0,2.0,0.3723576068878174
426.0,5.0,5.0,0.9577336311340332
119.0,11.0,11.0,0.26015448570251465
62.0,3.0,3.0,0.12003087997436523
93.0,2.0,2.0,0.20032501220703125
201.0,8.0,8.0,0.5006556510925293
453.0,11.0,11.0,0.957618236541748
355.0,17.0,17.0,0.7404861450195312
983.0,20.0,20.0,2.0872020721435547
293.0,4.0,4.0,0.6338860988616943
471.0,4.0,4.0,1.0202832221984863
481.0,13.0,13.0,0.9858841896057129
116.0,1.0,1.0,0.2204594612121582
537.0,18.0,18.0,1.1482479572296143
222.0,6.0,6.0,0.4717373847961426
108.0,1.0,1.0,0.24078702926635742
107.0,9.0,9.0,0.2590973377227783
56.0,0.0,0.0,0.12383341789245605
190.0,2.0,2.0,0.39249753952026367
160.0,4.0,4.0,0.3456261157989502
1107.0,35.0,35.0,2.2745988368988037
243.0,1.0,1.0,0.5128486156463623
103.0,3.0,3.0,0.20234417915344238
651.0,30.0,30.0,1.3505988121032715
552.0,14.0,14.0,1.1892147064208984
430.0,16.0,16.0,0.9263474941253662
194.0,9.0,9.0,0.4235396385192871
206.0,6.0,6.0,0.43965864181518555
163.0,4.0,4.0,0.3730776309967041
205.0,6.0,6.0,0.4708535671234131
341.0,18.0,18.0,0.7063798904418945
584.0,15.0,15.0,1.2693026065826416
570.0,24.0,24.0,1.1939294338226318
1221.0,25.0,25.0,2.638620615005493
159.0,0.0,0.0,0.355724573135376
71.0,0.0,0.0,0.15429210662841797
692.0,13.0,13.0,1.4896416664123535
227.0,6.0,6.0,0.48831677436828613
315.0,7.0,7.0,0.6416647434234619
652.0,13.0,13.0,1.4747419357299805
138.0,6.0,6.0,0.3286573886871338
618.0,17.0,17.0,1.2808222770690918
414.0,4.0,4.0,0.851703405380249
275.0,4.0,4.0,0.5865790843963623
270.0,4.0,4.0,0.5848338603973389
773.0,27.0,27.0,1.6529383659362793
262.0,2.0,2.0,0.5707089900970459
634.0,12.0,12.0,1.3568036556243896
535.0,11.0,11.0,1.0607349872589111
86.0,0.0,0.0,0.19160771369934082
129.0,3.0,3.0,0.26417088508605957
1274.0,18.0,18.0,2.6342720985412598
263.0,7.0,7.0,0.5407593250274658
339.0,8.0,8.0,0.7363677024841309
352.0,8.0,8.0,0.7306945323944092
176.0,4.0,4.0,0.360231876373291
94.0,3.0,3.0,0.21400809288024902
766.0,24.0,24.0,1.6041264533996582
359.0,3.0,3.0,0.8009357452392578
340.0,2.0,2.0,0.7196354866027832
407.0,5.0,5.0,0.8244612216949463
241.0,5.0,5.0,0.5132150650024414
102.0,1.0,1.0,0.2384786605834961
541.0,11.0,11.0,1.1340065002441406
143.0,6.0,6.0,0.29619455337524414
313.0,2.0,2.0,0.6692953109741211
913.0,10.0,10.0,1.906454086303711
192.0,2.0,2.0,0.4161713123321533
505.0,11.0,11.0,1.0779223442077637
80.0,1.0,1.0,0.17211318016052246
51.0,0.0,0.0,0.13681244850158691
70.0,1.0,1.0,0.14060330390930176
709.0,29.0,29.0,1.5155344009399414
81.0,3.0,3.0,0.18007898330688477
327.0,9.0,9.0,0.7055158615112305
329.0,14.0,14.0,0.7204701900482178
140.0,5.0,5.0,0.29721879959106445
223.0,8.0,8.0,0.4514002799987793
214.0,1.0,1.0,0.44967150688171387
96.0,3.0,3.0,0.21607160568237305
106.0,9.0,9.0,0.2295992374420166
950.0,23.0,23.0,2.0459771156311035
264.0,7.0,7.0,0.5423836708068848
277.0,4.0,4.0,0.616722822189331
572.0,13.0,13.0,1.160233736038208
273.0,5.0,5.0,0.569486141204834
132.0,2.0,2.0,0.3163490295410156
94.0,5.0,5.0,0.19233202934265137
526.0,10.0,10.0,1.177018404006958
1015.0,19.0,19.0,2.1905765533447266
102.0,1.0,1.0,0.18806838989257812
425.0,6.0,6.0,0.8993194103240967
60.0,2.0,2.0,0.10958170890808105
1197.0,30.0,30.0,2.5422399044036865
701.0,5.0,5.0,1.5147812366485596
117.0,3.0,3.0,0.2743723392486572
224.0,2.0,2.0,0.4808063507080078
187.0,4.0,4.0,0.3945460319519043
46.0,0.0,0.0,0.11954021453857422
375.0,8.0,8.0,0.7897577285766602
79.0,1.0,1.0,0.16161704063415527
352.0,8.0,8.0,0.7683680057525635
221.0,7.0,7.0,0.48935413360595703
90.0,0.0,0.0,0.2030642032623291
484.0,11.0,11.0,1.0400848388671875
482.0,7.0,7.0,1.0242207050323486
310.0,0.0,0.0,0.6106622219085693
642.0,20.0,20.0,1.3816215991973877
357.0,8.0,8.0,0.7683241367340088
827.0,20.0,20.0,1.7419795989990234
1342.0,25.0,25.0,2.9324238300323486
62.0,4.0,4.0,0.12607908248901367
1260.0,42.0,42.0,2.6086912155151367
726.0,16.0,16.0,1.5868339538574219
138.0,1.0,1.0,0.27589988708496094
78.0,1.0,1.0,0.1781005859375
199.0,10.0,10.0,0.43257713317871094
93.0,0.0,0.0,0.21082353591918945
778.0,16.0,16.0,1.6085600852966309
68.0,3.0,3.0,0.11954283714294434
601.0,7.0,7.0,1.2110204696655273
331.0,3.0,3.0,0.6909856796264648
298.0,6.0,6.0,0.6450073719024658
1068.0,30.0,30.0,2.246896743774414
217.0,5.0,5.0,0.5071792602539062
121.0,2.0,2.0,0.264817476272583
85.0,1.0,1.0,0.19667911529541016
258.0,2.0,2.0,0.5878772735595703
98.0,4.0,4.0,0.2001936435699463
305.0,6.0,6.0,0.6416184902191162
344.0,4.0,4.0,0.7481975555419922
948.0,21.0,21.0,1.9877915382385254
343.0,11.0,11.0,0.7484176158905029
308.0,3.0,3.0,0.6202137470245361
837.0,12.0,12.0,1.7452881336212158
74.0,3.0,3.0,0.15453457832336426
310.0,9.0,9.0,0.6583266258239746
782.0,13.0,13.0,1.5739784240722656
107.0,4.0,4.0,0.21606922149658203
82.0,2.0,2.0,0.16409540176391602
266.0,6.0,6.0,0.5475175380706787
547.0,12.0,12.0,1.1183581352233887
359.0,7.0,7.0,0.7128987312316895
306.0,3.0,3.0,0.6478111743927002
453.0,15.0,15.0,0.9850771427154541
384.0,9.0,9.0,0.8291969299316406
176.0,1.0,1.0,0.3912689685821533
565.0,6.0,6.0,1.1721196174621582
511.0,17.0,17.0,1.1320583820343018
363.0,6.0,6.0,0.7314267158508301
532.0,8.0,8.0,1.1180424690246582
258.0,10.0,10.0,0.5876686573028564
239.0,11.0,11.0,0.519507884979248
1262.0,24.0,24.0,2.741478443145752
741.0,20.0,20.0,1.70505952835083
1151.0,26.0,26.0,2.4378364086151123
771.0,27.0,27.0,1.6428890228271484
666.0,11.0,11.0,1.351179599761963
209.0,3.0,3.0,0.4248032569885254
666.0,16.0,16.0,1.3981266021728516
79.0,4.0,4.0,0.16289877891540527
464.0,9.0,9.0,0.9066104888916016
196.0,5.0,5.0,0.4295384883880615
341.0,7.0,7.0,0.7246558666229248
804.0,17.0,17.0,1.7310705184936523
80.0,1.0,1.0,0.16768574714660645
353.0,10.0,10.0,0.7008097171783447
189.0,3.0,3.0,0.3722968101501465
1509.0,37.0,37.0,3.3857226371765137
89.0,1.0,1.0,0.1832113265991211
147.0,5.0,5.0,0.3027684688568115
196.0,4.0,4.0,0.3954281806945801
594.0,21.0,21.0,1.320483922958374
1154.0,26.0,26.0,2.440458297729492
972.0,7.0,7.0,2.0735464096069336
674.0,9.0,9.0,1.4544603824615479
129.0,2.0,2.0,0.27111339569091797
185.0,2.0,2.0,0.38671183586120605
609.0,18.0,18.0,1.345280408859253
213.0,3.0,3.0,0.41910624504089355
361.0,6.0,6.0,0.761770486831665
694.0,12.0,12.0,1.4535515308380127
171.0,5.0,5.0,0.3690066337585449
323.0,13.0,13.0,0.6925930976867676
228.0,2.0,2.0,0.4495978355407715
340.0,6.0,6.0,0.7231349945068359
51.0,1.0,1.0,0.10007190704345703
124.0,3.0,3.0,0.23024392127990723
81.0,5.0,5.0,0.17011594772338867
106.0,3.0,3.0,0.28692173957824707
698.0,12.0,12.0,1.3864483833312988
189.0,8.0,8.0,0.38016366958618164
321.0,3.0,3.0,0.697918176651001
158.0,2.0,2.0,0.3167860507965088
113.0,2.0,2.0,0.23020195960998535
268.0,12.0,12.0,0.5640149116516113
124.0,1.0,1.0,0.27535200119018555
655.0,15.0,15.0,1.4101536273956299
307.0,5.0,5.0,0.623936653137207
176.0,1.0,1.0,0.40236663818359375
452.0,9.0,9.0,0.9237737655639648
101.0,1.0,1.0,0.20470690727233887
183.0,9.0,9.0,0.36099958419799805
610.0,15.0,15.0,1.3305816650390625
426.0,11.0,11.0,0.8444509506225586
330.0,3.0,3.0,0.6907143592834473
78.0,0.0,0.0,0.15708303451538086
360.0,11.0,11.0,0.7748715877532959
505.0,8.0,8.0,1.0347347259521484
206.0,1.0,1.0,0.4492485523223877
1351.0,28.0,28.0,2.7233710289001465
405.0,10.0,10.0,0.8246378898620605
466.0,11.0,11.0,0.9413902759552002
357.0,5.0,5.0,0.7646057605743408
259.0,8.0,8.0,0.5022509098052979
355.0,5.0,5.0,0.7373571395874023
692.0,13.0,13.0,1.5182991027832031
150.0,1.0,1.0,0.32389402389526367
645.0,21.0,21.0,1.418954849243164
259.0,6.0,6.0,0.4916222095489502
629.0,20.0,20.0,1.3019335269927979
163.0,3.0,3.0,0.3606536388397217
109.0,1.0,1.0,0.2586965560913086
204.0,2.0,2.0,0.4070265293121338
264.0,4.0,4.0,0.5806851387023926
81.0,3.0,3.0,0.15657782554626465
255.0,6.0,6.0,0.5490849018096924
954.0,18.0,18.0,1.8961882591247559
481.0,6.0,6.0,0.9866788387298584
907.0,17.0,17.0,1.774611473083496
307.0,13.0,13.0,0.6750774383544922
1504.0,37.0,37.0,3.0835959911346436
432.0,10.0,10.0,0.9420135021209717
419.0,11.0,11.0,0.8598768711090088
183.0,5.0,5.0,0.39850902557373047
859.0,17.0,17.0,1.76234769821167
282.0,12.0,12.0,0.5806729793548584
74.0,5.0,5.0,0.14106321334838867
205.0,2.0,2.0,0.40833044052124023
1061.0,25.0,25.0,2.13447904586792
296.0,2.0,2.0,0.5800352096557617
170.0,3.0,3.0,0.38997483253479004
185.0,0.0,0.0,0.37670207023620605
477.0,8.0,8.0,0.9890768527984619
458.0,15.0,15.0,0.9849145412445068
386.0,11.0,11.0,0.7690770626068115
246.0,6.0,6.0,0.5186405181884766
1068.0,21.0,21.0,2.2108383178710938
397.0,9.0,9.0,0.856043815612793
291.0,17.0,17.0,0.5988242626190186
214.0,5.0,5.0,0.4335784912109375
656.0,13.0,13.0,1.3539819717407227
93.0,2.0,2.0,0.1634502410888672
1622.0,30.0,30.0,3.432535409927368
530.0,9.0,9.0,1.1056995391845703
60.0,1.0,1.0,0.10020780563354492
204.0,2.0,2.0,0.4236736297607422
212.0,3.0,3.0,0.4712817668914795
63.0,7.0,7.0,0.10980415344238281
291.0,4.0,4.0,0.5654428005218506
402.0,6.0,6.0,0.8154568672180176
257.0,5.0,5.0,0.5021288394927979
281.0,4.0,4.0,0.5811758041381836
335.0,10.0,10.0,0.6905043125152588
59.0,0.0,0.0,0.12306880950927734
334.0,11.0,11.0,0.6736500263214111
1130.0,16.0,16.0,2.283078908920288
194.0,8.0,8.0,0.39230966567993164
87.0,0.0,0.0,0.1879410743713379
596.0,9.0,9.0,1.2213411331176758
329.0,1.0,1.0,0.6430058479309082
1473.0,49.0,49.0,3.0898196697235107
175.0,8.0,8.0,0.3767056465148926
498.0,5.0,5.0,1.0493066310882568
183.0,1.0,1.0,0.37714123725891113
1029.0,17.0,17.0,2.1018123626708984
506.0,21.0,21.0,1.0198140144348145
280.0,4.0,4.0,0.5863213539123535
1945.0,54.0,54.0,4.015806674957275
484.0,7.0,7.0,1.0163242816925049
346.0,9.0,9.0,0.7221670150756836
162.0,3.0,3.0,0.3137941360473633
156.0,2.0,2.0,0.32930445671081543
250.0,12.0,12.0,0.5333051681518555
355.0,7.0,7.0,0.7055981159210205
64.0,2.0,2.0,0.1414778232574463
891.0,30.0,30.0,1.897036075592041
880.0,23.0,23.0,1.8336641788482666
221.0,2.0,2.0,0.45566439628601074
413.0,8.0,8.0,0.8474667072296143
249.0,11.0,11.0,0.5515506267547607
1254.0,29.0,29.0,2.608560800552368
1148.0,24.0,24.0,2.383159637451172
110.0,2.0,2.0,0.20398306846618652
76.0,2.0,2.0,0.1258382797241211
178.0,6.0,6.0,0.40773963928222656
164.0,5.0,5.0,0.36100268363952637
141.0,1.0,1.0,0.2508511543273926
662.0,20.0,20.0,1.3791303634643555
899.0,18.0,18.0,1.849766492843628
337.0,2.0,2.0,0.6975312232971191
228.0,9.0,9.0,0.4946098327636719
360.0,15.0,15.0,0.8128447532653809
1343.0,31.0,31.0,2.8265392780303955
149.0,6.0,6.0,0.310161828994751
413.0,15.0,15.0,0.8322224617004395
255.0,5.0,5.0,0.5611579418182373
949.0,23.0,23.0,1.9156959056854248
936.0,19.0,19.0,1.895456075668335
244.0,1.0,1.0,0.5177457332611084
428.0,9.0,9.0,0.9381875991821289
1452.0,38.0,38.0,2.9821019172668457
68.0,3.0,3.0,0.14148449897766113
474.0,9.0,9.0,0.9852149486541748
454.0,6.0,6.0,0.8937673568725586
124.0,3.0,3.0,0.24626564979553223
168.0,5.0,5.0,0.33943796157836914
736.0,14.0,14.0,1.5094213485717773
542.0,12.0,12.0,1.1303677558898926
707.0,22.0,22.0,1.440479040145874
214.0,5.0,5.0,0.4562246799468994
116.0,10.0,10.0,0.23507928848266602
367.0,10.0,10.0,0.7509186267852783
369.0,5.0,5.0,0.7694504261016846
246.0,8.0,8.0,0.47089481353759766
359.0,13.0,13.0,0.7821052074432373
1026.0,13.0,13.0,2.0909929275512695
136.0,3.0,3.0,0.25957250595092773
83.0,3.0,3.0,0.16383767127990723
709.0,17.0,17.0,1.4587154388427734
280.0,6.0,6.0,0.584618330001831
327.0,1.0,1.0,0.6750149726867676
862.0,13.0,13.0,1.7687530517578125
109.0,0.0,0.0,0.21959352493286133
683.0,9.0,9.0,1.412414312362671
1582.0,36.0,36.0,3.26416277885437
47.0,2.0,2.0,0.08663487434387207
224.0,5.0,5.0,0.45526671409606934
285.0,6.0,6.0,0.5650432109832764
650.0,18.0,18.0,1.3776342868804932
152.0,7.0,7.0,0.29868006706237793
215.0,11.0,11.0,0.42359066009521484
386.0,6.0,6.0,0.8136909008026123
235.0,13.0,13.0,0.5031657218933105
153.0,2.0,2.0,0.2976505756378174
412.0,8.0,8.0,0.8328189849853516
437.0,7.0,7.0,0.9548244476318359
61.0,0.0,0.0,0.14104175567626953
260.0,6.0,6.0,0.5498156547546387
101.0,0.0,0.0,0.21962571144104004
407.0,10.0,10.0,0.8832812309265137
219.0,5.0,5.0,0.4294881820678711
793.0,30.0,30.0,1.6009891033172607
398.0,7.0,7.0,0.8246603012084961
139.0,1.0,1.0,0.29564905166625977
402.0,9.0,9.0,0.8162145614624023
132.0,3.0,3.0,0.2820882797241211
131.0,2.0,2.0,0.28296852111816406
1141.0,24.0,24.0,2.3661603927612305
409.0,13.0,13.0,0.7715060710906982
765.0,12.0,12.0,1.6283965110778809
319.0,14.0,14.0,0.5965571403503418
587.0,8.0,8.0,1.2395620346069336
160.0,3.0,3.0,0.36408424377441406
437.0,11.0,11.0,0.8580777645111084
43.0,1.0,1.0,0.10017037391662598
116.0,5.0,5.0,0.2003781795501709
119.0,2.0,2.0,0.2352452278137207
383.0,7.0,7.0,0.876009464263916
581.0,26.0,26.0,1.207995891571045
271.0,6.0,6.0,0.5333709716796875
429.0,10.0,10.0,0.9540627002716064
1155.0,33.0,33.0,2.291998863220215
643.0,14.0,14.0,1.2940566539764404
616.0,11.0,11.0,1.289520502090454
381.0,10.0,10.0,0.8108663558959961
543.0,11.0,11.0,1.1412088871002197
166.0,8.0,8.0,0.32979440689086914
98.0,0.0,0.0,0.20397734642028809
197.0,5.0,5.0,0.4204409122467041
140.0,1.0,1.0,0.2825281620025635
557.0,9.0,9.0,1.1907763481140137
75.0,3.0,3.0,0.14144587516784668
150.0,3.0,3.0,0.3138008117675781
1979.0,35.0,35.0,4.041716814041138
66.0,0.0,0.0,0.14147400856018066
151.0,4.0,4.0,0.2981536388397217
504.0,11.0,11.0,0.9894561767578125
99.0,1.0,1.0,0.24317288398742676
394.0,13.0,13.0,0.8352057933807373
191.0,6.0,6.0,0.372678279876709
356.0,5.0,5.0,0.7226605415344238
643.0,17.0,17.0,1.3631465435028076
229.0,3.0,3.0,0.47089338302612305
441.0,11.0,11.0,0.9140219688415527
277.0,3.0,3.0,0.546234130859375
267.0,8.0,8.0,0.6047930717468262
532.0,13.0,13.0,1.1383910179138184
52.0,0.0,0.0,0.08479905128479004
444.0,10.0,10.0,1.0291557312011719
725.0,18.0,18.0,1.6655700206756592
152.0,7.0,7.0,0.4699718952178955
104.0,3.0,3.0,0.32998037338256836
483.0,15.0,15.0,1.5289533138275146
86.0,1.0,1.0,0.2668342590332031
163.0,4.0,4.0,0.5093867778778076
421.0,12.0,12.0,1.3710167407989502
597.0,6.0,6.0,1.7897415161132812
1017.0,35.0,35.0,3.148414373397827
455.0,5.0,5.0,1.378516674041748
396.0,7.0,7.0,1.2841262817382812
44.0,0.0,0.0,0.1611924171447754
75.0,2.0,2.0,0.2200181484222412
336.0,0.0,0.0,1.0351743698120117
575.0,14.0,14.0,1.737097978591919
1039.0,19.0,19.0,3.2904062271118164
989.0,17.0,17.0,3.0505008697509766
497.0,13.0,13.0,1.5787088871002197
920.0,21.0,21.0,2.894458770751953
267.0,9.0,9.0,0.7853050231933594
143.0,2.0,2.0,0.4080209732055664
101.0,4.0,4.0,0.29807496070861816
79.0,1.0,1.0,0.25130653381347656
919.0,20.0,20.0,3.0484251976013184
85.0,3.0,3.0,0.23596644401550293
113.0,2.0,2.0,0.31426405906677246
1848.0,41.0,41.0,5.67729926109314
247.0,5.0,5.0,0.7682192325592041
110.0,5.0,5.0,0.3086724281311035
137.0,1.0,1.0,0.40778064727783203
134.0,1.0,1.0,0.3770732879638672
632.0,28.0,28.0,1.8744564056396484
931.0,23.0,23.0,2.902434825897217
432.0,13.0,13.0,1.3922367095947266
90.0,0.0,0.0,0.2774317264556885
120.0,2.0,2.0,0.33136677742004395
198.0,5.0,5.0,0.6433351039886475
476.0,20.0,20.0,1.476543664932251
805.0,21.0,21.0,2.4764225482940674
101.0,1.0,1.0,0.3139934539794922
209.0,1.0,1.0,0.6280550956726074
228.0,3.0,3.0,0.7055337429046631
132.0,2.0,2.0,0.4558553695678711
96.0,2.0,2.0,0.26429057121276855
462.0,12.0,12.0,1.4135878086090088
315.0,5.0,5.0,1.0030226707458496
144.0,5.0,5.0,0.47252488136291504
768.0,14.0,14.0,2.4457194805145264
913.0,23.0,23.0,2.8517818450927734
33.0,0.0,0.0,0.1098177433013916
170.0,3.0,3.0,0.5493969917297363
143.0,9.0,9.0,0.5240707397460938
486.0,11.0,11.0,1.4175446033477783
194.0,2.0,2.0,0.5968241691589355
441.0,6.0,6.0,1.3469603061676025
1797.0,40.0,40.0,5.697315692901611
147.0,3.0,3.0,0.5101768970489502
956.0,23.0,23.0,2.9432637691497803
286.0,16.0,16.0,0.8947334289550781
340.0,8.0,8.0,1.0642881393432617
230.0,3.0,3.0,0.6909470558166504
511.0,15.0,15.0,1.5631825923919678
174.0,4.0,4.0,0.5000395774841309
497.0,9.0,9.0,1.5864248275756836
140.0,6.0,6.0,0.4835996627807617
271.0,7.0,7.0,0.8163180351257324
398.0,9.0,9.0,1.207974910736084
786.0,17.0,17.0,2.6961371898651123
45.0,1.0,1.0,0.1298985481262207
651.0,12.0,12.0,1.923429250717163
1488.0,61.0,61.0,4.599506855010986
319.0,14.0,14.0,0.984454870223999
248.0,3.0,3.0,0.8163793087005615
181.0,4.0,4.0,0.5826661586761475
1063.0,24.0,24.0,3.4058027267456055
317.0,1.0,1.0,0.9986810684204102
93.0,1.0,1.0,0.26911330223083496
273.0,1.0,1.0,0.9253177642822266
631.0,15.0,15.0,2.021489381790161
192.0,2.0,2.0,0.5541744232177734
185.0,6.0,6.0,0.6247110366821289
370.0,8.0,8.0,1.1376690864562988
283.0,0.0,0.0,0.9312577247619629
776.0,14.0,14.0,2.529738187789917
632.0,12.0,12.0,2.0405666828155518
888.0,22.0,22.0,2.7693657875061035
268.0,8.0,8.0,0.8320984840393066
615.0,16.0,16.0,1.9291129112243652
84.0,1.0,1.0,0.2503647804260254
216.0,5.0,5.0,0.6752064228057861
589.0,13.0,13.0,1.7991838455200195
163.0,0.0,0.0,0.47095227241516113
460.0,6.0,6.0,1.4549474716186523
1132.0,32.0,32.0,3.6569995880126953
159.0,2.0,2.0,0.4673030376434326
61.0,1.0,1.0,0.17273664474487305
778.0,23.0,23.0,2.3824896812438965
652.0,11.0,11.0,2.0692055225372314
840.0,18.0,18.0,2.6327261924743652
117.0,8.0,8.0,0.3296020030975342
315.0,10.0,10.0,0.9832704067230225
251.0,7.0,7.0,0.8129665851593018
488.0,24.0,24.0,1.4290919303894043
161.0,6.0,6.0,0.5177712440490723
92.0,2.0,2.0,0.32730817794799805
142.0,1.0,1.0,0.4179961681365967
680.0,25.0,25.0,2.160845994949341
191.0,3.0,3.0,0.6200308799743652
135.0,6.0,6.0,0.3601987361907959
65.0,3.0,3.0,0.20439577102661133
392.0,7.0,7.0,1.2018334865570068
242.0,5.0,5.0,0.7538774013519287
254.0,4.0,4.0,0.7386298179626465
655.0,14.0,14.0,2.1319541931152344
363.0,17.0,17.0,1.1260993480682373
303.0,7.0,7.0,0.8688287734985352
86.0,1.0,1.0,0.28936314582824707
560.0,25.0,25.0,1.7644884586334229
54.0,4.0,4.0,0.17233872413635254
196.0,10.0,10.0,0.6203141212463379
352.0,9.0,9.0,1.1411054134368896
637.0,19.0,19.0,1.9170300960540771
195.0,3.0,3.0,0.6426386833190918
282.0,1.0,1.0,0.887540340423584
128.0,6.0,6.0,0.39349937438964844
826.0,19.0,19.0,2.6476352214813232
404.0,14.0,14.0,1.2600948810577393
900.0,27.0,27.0,2.663642168045044
224.0,4.0,4.0,0.6593828201293945
199.0,1.0,1.0,0.6650681495666504
857.0,12.0,12.0,2.6590442657470703
597.0,20.0,20.0,1.8614954948425293
186.0,4.0,4.0,0.6246671676635742
130.0,0.0,0.0,0.3928408622741699
70.0,0.0,0.0,0.20402002334594727
209.0,3.0,3.0,0.6628656387329102
560.0,9.0,9.0,1.8186533451080322
692.0,20.0,20.0,2.162205934524536
159.0,0.0,0.0,0.4865431785583496
267.0,16.0,16.0,0.8162508010864258
276.0,12.0,12.0,0.8661108016967773
281.0,6.0,6.0,0.8244199752807617
230.0,10.0,10.0,0.7374107837677002
846.0,18.0,18.0,2.6340203285217285
638.0,19.0,19.0,1.8882598876953125
54.0,2.0,2.0,0.1727585792541504
171.0,4.0,4.0,0.5754640102386475
1631.0,37.0,37.0,5.026827812194824
1183.0,37.0,37.0,3.6072335243225098
124.0,2.0,2.0,0.3928220272064209
62.0,0.0,0.0,0.18837833404541016
151.0,0.0,0.0,0.4848940372467041
347.0,2.0,2.0,1.0516300201416016
538.0,7.0,7.0,1.6905009746551514
786.0,25.0,25.0,2.4663333892822266
429.0,6.0,6.0,1.3654396533966064
298.0,4.0,4.0,1.0394620895385742
174.0,2.0,2.0,0.5180962085723877
128.0,6.0,6.0,0.3734734058380127
487.0,6.0,6.0,1.4652793407440186
551.0,16.0,16.0,1.8136651515960693
257.0,4.0,4.0,0.8129839897155762
240.0,2.0,2.0,0.7016720771789551
315.0,13.0,13.0,1.0401520729064941
746.0,10.0,10.0,2.2895748615264893
144.0,1.0,1.0,0.3955078125
106.0,4.0,4.0,0.32945895195007324
176.0,2.0,2.0,0.5497176647186279
539.0,9.0,9.0,1.7017271518707275
269.0,4.0,4.0,0.8156647682189941
93.0,3.0,3.0,0.28303003311157227
765.0,9.0,9.0,2.3661577701568604
94.0,2.0,2.0,0.3142819404602051
81.0,4.0,4.0,0.2825629711151123
164.0,5.0,5.0,0.4931206703186035
1172.0,38.0,38.0,3.616192102432251
133.0,0.0,0.0,0.4079701900482178
788.0,23.0,23.0,2.4692764282226562
272.0,7.0,7.0,0.8926305770874023
732.0,24.0,24.0,2.2280635833740234
581.0,5.0,5.0,1.8583245277404785
959.0,12.0,12.0,2.9173426628112793
43.0,2.0,2.0,0.1254277229309082
252.0,6.0,6.0,0.7692921161651611
428.0,7.0,7.0,1.393873691558838
359.0,13.0,13.0,1.113358497619629
368.0,6.0,6.0,1.1492831707000732
750.0,24.0,24.0,2.3992409706115723
349.0,12.0,12.0,1.0370237827301025
90.0,1.0,1.0,0.2986021041870117
76.0,2.0,2.0,0.2352733612060547
554.0,16.0,16.0,1.9044311046600342
42.0,0.0,0.0,0.12585783004760742
660.0,16.0,16.0,2.067721128463745
398.0,6.0,6.0,1.2525720596313477
315.0,1.0,1.0,0.9409103393554688
108.0,0.0,0.0,0.33296895027160645
279.0,6.0,6.0,0.8451108932495117
640.0,18.0,18.0,1.9608135223388672
288.0,10.0,10.0,0.9373302459716797
486.0,16.0,16.0,1.5073940753936768
104.0,0.0,0.0,0.3454148769378662
223.0,8.0,8.0,0.7333683967590332
252.0,12.0,12.0,0.8160700798034668
449.0,6.0,6.0,1.4276502132415771
548.0,15.0,15.0,1.6762909889221191
144.0,4.0,4.0,0.4812142848968506
102.0,1.0,1.0,0.3065309524536133
225.0,9.0,9.0,0.6912651062011719
88.0,2.0,2.0,0.26697611808776855
981.0,23.0,23.0,3.0632433891296387
169.0,6.0,6.0,0.5791635513305664
127.0,6.0,6.0,0.34619617462158203
214.0,7.0,7.0,0.690025806427002
162.0,4.0,4.0,0.4409785270690918
96.0,1.0,1.0,0.2829916477203369
805.0,26.0,26.0,2.5223615169525146
69.0,3.0,3.0,0.2758903503417969
34.0,0.0,0.0,0.1083366870880127
727.0,22.0,22.0,2.2965924739837646
423.0,23.0,23.0,1.27909255027771
590.0,16.0,16.0,1.8469421863555908
684.0,8.0,8.0,2.0806376934051514
740.0,19.0,19.0,2.327730655670166
686.0,18.0,18.0,2.07470440864563
459.0,6.0,6.0,1.4210615158081055
204.0,4.0,4.0,0.627680778503418
849.0,18.0,18.0,2.6464977264404297
675.0,17.0,17.0,2.1357672214508057
492.0,11.0,11.0,1.5513114929199219
1430.0,23.0,23.0,4.455089092254639
453.0,10.0,10.0,1.3812446594238281
528.0,8.0,8.0,1.6992814540863037
175.0,6.0,6.0,0.5126039981842041
499.0,18.0,18.0,1.5438082218170166
151.0,5.0,5.0,0.4714086055755615
355.0,10.0,10.0,1.1558382511138916
94.0,2.0,2.0,0.2669253349304199
132.0,4.0,4.0,0.3926513195037842
66.0,4.0,4.0,0.18839120864868164
83.0,1.0,1.0,0.23567867279052734
237.0,9.0,9.0,0.7058792114257812
227.0,9.0,9.0,0.7324576377868652
87.0,7.0,7.0,0.2825615406036377
70.0,2.0,2.0,0.21964287757873535
74.0,0.0,0.0,0.25154757499694824
96.0,5.0,5.0,0.32895612716674805
634.0,23.0,23.0,1.9267842769622803
471.0,9.0,9.0,1.5504977703094482
1549.0,39.0,39.0,4.9128289222717285
600.0,13.0,13.0,1.7770731449127197
383.0,9.0,9.0,1.1886048316955566
508.0,9.0,9.0,1.6054487228393555
550.0,14.0,14.0,1.700477123260498
152.0,5.0,5.0,0.5338797569274902
318.0,6.0,6.0,0.9367210865020752
357.0,8.0,8.0,1.1671128273010254
74.0,0.0,0.0,0.27695298194885254
178.0,1.0,1.0,0.5443339347839355
468.0,8.0,8.0,1.3239035606384277
362.0,6.0,6.0,1.1418075561523438
150.0,6.0,6.0,0.4889671802520752
188.0,4.0,4.0,0.5649564266204834
191.0,3.0,3.0,0.643294095993042
77.0,3.0,3.0,0.2480485439300537
337.0,16.0,16.0,0.988300085067749
503.0,9.0,9.0,1.517730712890625
177.0,4.0,4.0,0.5024628639221191
238.0,4.0,4.0,0.7556612491607666
806.0,24.0,24.0,2.5500621795654297
305.0,2.0,2.0,0.9400672912597656
136.0,3.0,3.0,0.4067838191986084
226.0,1.0,1.0,0.7217867374420166
135.0,5.0,5.0,0.439516544342041
398.0,27.0,27.0,1.2821500301361084
137.0,2.0,2.0,0.42407679557800293
726.0,30.0,30.0,2.242928981781006
271.0,7.0,7.0,0.7685787677764893
514.0,9.0,9.0,1.6279628276824951
1121.0,21.0,21.0,3.5272023677825928
580.0,20.0,20.0,1.8330967426300049
417.0,22.0,22.0,1.3627698421478271
130.0,3.0,3.0,0.3923828601837158
81.0,2.0,2.0,0.25132060050964355
109.0,0.0,0.0,0.31426262855529785
1013.0,38.0,38.0,3.1675572395324707
500.0,5.0,5.0,1.486135482788086
673.0,19.0,19.0,2.0352108478546143
78.0,1.0,1.0,0.26691222190856934
386.0,4.0,4.0,1.2294316291809082
118.0,4.0,4.0,0.3333301544189453
330.0,7.0,7.0,0.9887762069702148
145.0,3.0,3.0,0.4395899772644043
495.0,9.0,9.0,1.6128714084625244
285.0,7.0,7.0,0.831674337387085
342.0,5.0,5.0,1.0944585800170898
468.0,11.0,11.0,1.4827492237091064
271.0,5.0,5.0,0.8282730579376221
302.0,6.0,6.0,0.9735841751098633
201.0,3.0,3.0,0.6744651794433594
106.0,4.0,4.0,0.37523579597473145
46.0,1.0,1.0,0.13686275482177734
133.0,5.0,5.0,0.3833730220794678
235.0,9.0,9.0,0.7696382999420166
82.0,4.0,4.0,0.23612618446350098
516.0,11.0,11.0,1.59812593460083
230.0,5.0,5.0,0.689577579498291
121.0,1.0,1.0,0.3831954002380371
255.0,4.0,4.0,0.7901968955993652
127.0,1.0,1.0,0.39238905906677246
79.0,2.0,2.0,0.23450279235839844
278.0,1.0,1.0,0.8789887428283691
248.0,3.0,3.0,0.7974910736083984
73.0,1.0,1.0,0.20407676696777344
53.0,2.0,2.0,0.156325101852417
269.0,3.0,3.0,0.8484170436859131
1122.0,23.0,23.0,3.5040531158447266
426.0,17.0,17.0,1.30660080909729
521.0,10.0,10.0,1.5961360931396484
406.0,5.0,5.0,1.2397537231445312
559.0,18.0,18.0,1.8192229270935059
956.0,25.0,25.0,2.987626791000366
438.0,18.0,18.0,1.3446924686431885
1187.0,30.0,30.0,3.7209115028381348
120.0,3.0,3.0,0.41004037857055664
876.0,23.0,23.0,2.780400276184082
514.0,16.0,16.0,1.6459710597991943
324.0,9.0,9.0,1.0155434608459473
281.0,8.0,8.0,0.897777795791626
333.0,7.0,7.0,1.0704636573791504
115.0,1.0,1.0,0.32984066009521484
556.0,14.0,14.0,1.7444689273834229
563.0,16.0,16.0,1.7003865242004395
59.0,1.0,1.0,0.15693879127502441
155.0,2.0,2.0,0.5139479637145996
281.0,4.0,4.0,0.8431978225708008
743.0,13.0,13.0,2.3039839267730713
56.0,0.0,0.0,0.17276453971862793
348.0,6.0,6.0,1.0358524322509766
235.0,5.0,5.0,0.7482321262359619
678.0,13.0,13.0,2.166025400161743
268.0,5.0,5.0,0.8181309700012207
639.0,11.0,11.0,2.012681484222412
155.0,2.0,2.0,0.5027873516082764
344.0,5.0,5.0,0.9891400337219238
215.0,4.0,4.0,0.7022826671600342
741.0,20.0,20.0,2.2470662593841553
358.0,6.0,6.0,1.1364452838897705
150.0,4.0,4.0,0.48633384704589844
239.0,6.0,6.0,0.7989716529846191
36.0,1.0,1.0,0.10173344612121582
238.0,4.0,4.0,0.7531378269195557
233.0,12.0,12.0,0.7453393936157227
909.0,24.0,24.0,2.7705917358398438
398.0,10.0,10.0,1.2421040534973145
387.0,5.0,5.0,1.2399022579193115
164.0,0.0,0.0,0.5457484722137451
322.0,6.0,6.0,1.0679295063018799
95.0,3.0,3.0,0.3138113021850586
277.0,10.0,10.0,0.9371509552001953
701.0,15.0,15.0,2.0972073078155518
384.0,5.0,5.0,1.1631691455841064
194.0,6.0,6.0,0.5792546272277832
116.0,2.0,2.0,0.3625056743621826
737.0,14.0,14.0,2.2566909790039062
336.0,9.0,9.0,1.0963499546051025
419.0,11.0,11.0,1.2808489799499512
203.0,3.0,3.0,0.6419038772583008
306.0,2.0,2.0,0.9020125865936279
242.0,11.0,11.0,0.7699923515319824
70.0,4.0,4.0,0.19792413711547852
45.0,1.0,1.0,0.14802289009094238
69.0,1.0,1.0,0.2754690647125244
1050.0,22.0,22.0,3.348853349685669
400.0,19.0,19.0,1.3179571628570557
236.0,9.0,9.0,0.7174935340881348
379.0,10.0,10.0,1.162909984588623
333.0,5.0,5.0,1.1021099090576172
158.0,4.0,4.0,0.48643040657043457
612.0,10.0,10.0,1.9239451885223389
351.0,5.0,5.0,1.0954978466033936
275.0,9.0,9.0,0.8682076930999756
383.0,15.0,15.0,1.115734577178955
937.0,20.0,20.0,2.971712112426758
771.0,24.0,24.0,2.4148108959198
183.0,4.0,4.0,0.6061010360717773
239.0,13.0,13.0,0.7507810592651367
410.0,11.0,11.0,1.2248380184173584
565.0,13.0,13.0,1.721959114074707
192.0,4.0,4.0,0.5963995456695557
305.0,14.0,14.0,0.9372098445892334
132.0,10.0,10.0,0.42366480827331543
520.0,13.0,13.0,1.603938102722168
277.0,3.0,3.0,0.7893428802490234
853.0,17.0,17.0,2.608065605163574
647.0,16.0,16.0,1.9789764881134033
611.0,14.0,14.0,1.9554986953735352
165.0,2.0,2.0,0.5022273063659668
230.0,4.0,4.0,0.7057507038116455
228.0,2.0,2.0,0.7376317977905273
350.0,4.0,4.0,1.0617353916168213
497.0,7.0,7.0,1.4914937019348145
352.0,11.0,11.0,1.0593972206115723
269.0,8.0,8.0,0.8476767539978027
695.0,14.0,14.0,2.1305394172668457
867.0,29.0,29.0,2.6199822425842285
287.0,6.0,6.0,0.9540588855743408
244.0,9.0,9.0,0.7535836696624756
197.0,1.0,1.0,0.6276595592498779
816.0,22.0,22.0,2.5735280513763428
315.0,4.0,4.0,1.0122687816619873
305.0,7.0,7.0,0.9421513080596924
66.0,1.0,1.0,0.18838286399841309
441.0,8.0,8.0,1.3635101318359375
114.0,4.0,4.0,0.4006989002227783
715.0,12.0,12.0,2.136272430419922
95.0,2.0,2.0,0.2825803756713867
385.0,8.0,8.0,1.1459221839904785
420.0,12.0,12.0,1.3169705867767334
215.0,12.0,12.0,0.6432428359985352
69.0,4.0,4.0,0.21314311027526855
264.0,5.0,5.0,0.8497939109802246
309.0,11.0,11.0,0.9102747440338135
535.0,20.0,20.0,1.6778967380523682
708.0,17.0,17.0,2.2896342277526855
332.0,17.0,17.0,1.0647776126861572
237.0,11.0,11.0,0.7931606769561768
980.0,22.0,22.0,3.0378875732421875
121.0,11.0,11.0,0.37674617767333984
187.0,9.0,9.0,0.5807511806488037
787.0,21.0,21.0,2.3242390155792236
696.0,20.0,20.0,2.1336116790771484
845.0,13.0,13.0,2.695932149887085
229.0,12.0,12.0,0.6587531566619873
1573.0,49.0,49.0,4.891439199447632
319.0,2.0,2.0,0.9778578281402588
343.0,1.0,1.0,1.0204532146453857
197.0,3.0,3.0,0.6063427925109863
136.0,1.0,1.0,0.42119765281677246
249.0,0.0,0.0,0.7217984199523926
247.0,4.0,4.0,0.7715597152709961
461.0,3.0,3.0,1.4069087505340576
187.0,0.0,0.0,0.5651543140411377
191.0,2.0,2.0,0.5965104103088379
1699.0,35.0,35.0,5.243529796600342
1303.0,27.0,27.0,4.122378587722778
158.0,6.0,6.0,0.5180792808532715
112.0,2.0,2.0,0.3463890552520752
414.0,17.0,17.0,1.2585506439208984
146.0,6.0,6.0,0.483165979385376
226.0,1.0,1.0,0.6811294555664062
1158.0,36.0,36.0,3.6546471118927
79.0,1.0,1.0,0.2508723735809326
675.0,15.0,15.0,2.0972659587860107
252.0,4.0,4.0,0.8220970630645752
435.0,11.0,11.0,1.3542301654815674
804.0,25.0,25.0,2.471944570541382
111.0,3.0,3.0,0.34656548500061035
247.0,6.0,6.0,0.7977323532104492
122.0,7.0,7.0,0.3809218406677246
454.0,29.0,29.0,1.4229776859283447
382.0,11.0,11.0,1.1320507526397705
583.0,13.0,13.0,1.799335241317749
272.0,20.0,20.0,0.8009152412414551
919.0,20.0,20.0,2.75777268409729
574.0,18.0,18.0,1.8213801383972168
56.0,2.0,2.0,0.14109587669372559
329.0,6.0,6.0,1.052137851715088
118.0,1.0,1.0,0.41135644912719727
478.0,14.0,14.0,1.557729959487915
316.0,11.0,11.0,0.9735095500946045
986.0,17.0,17.0,3.144766092300415
165.0,2.0,2.0,0.5177526473999023
1389.0,32.0,32.0,4.247285842895508
143.0,3.0,3.0,0.44629764556884766
381.0,8.0,8.0,1.2025179862976074
1032.0,27.0,27.0,3.173931360244751
547.0,9.0,9.0,1.7235279083251953
967.0,11.0,11.0,3.1172451972961426
542.0,12.0,12.0,1.6862585544586182
60.0,3.0,3.0,0.183790922164917
408.0,6.0,6.0,1.2278470993041992
379.0,13.0,13.0,1.2023825645446777
542.0,16.0,16.0,1.6030261516571045
263.0,6.0,6.0,0.8268451690673828
184.0,2.0,2.0,0.5647234916687012
1743.0,38.0,38.0,5.350696325302124
380.0,11.0,11.0,1.1737046241760254
1738.0,43.0,43.0,5.358566522598267
345.0,10.0,10.0,1.0672032833099365
363.0,4.0,4.0,1.171766757965088
444.0,9.0,9.0,1.3347620964050293
1207.0,28.0,28.0,3.750009059906006
97.0,0.0,0.0,0.28238892555236816
208.0,6.0,6.0,0.6427593231201172
214.0,4.0,4.0,0.7172527313232422
372.0,10.0,10.0,1.1734931468963623
429.0,2.0,2.0,1.377711296081543
518.0,13.0,13.0,1.5672047138214111
40.0,1.0,1.0,0.12545204162597656
428.0,5.0,5.0,1.3663651943206787
1401.0,23.0,23.0,4.182906866073608
608.0,10.0,10.0,1.8675141334533691
520.0,12.0,12.0,1.5959787368774414
352.0,14.0,14.0,1.1896848678588867
517.0,9.0,9.0,1.5352108478546143
169.0,3.0,3.0,0.571162223815918
161.0,3.0,3.0,0.5361204147338867
132.0,2.0,2.0,0.4356217384338379
634.0,27.0,27.0,2.075552225112915
146.0,4.0,4.0,0.4276750087738037
83.0,1.0,1.0,0.25119638442993164
394.0,5.0,5.0,1.251479148864746
42.0,1.0,1.0,0.1469886302947998
580.0,19.0,19.0,1.7709155082702637
257.0,6.0,6.0,0.8432567119598389
371.0,4.0,4.0,1.1776392459869385
69.0,0.0,0.0,0.21468019485473633
248.0,8.0,8.0,0.8539023399353027
359.0,7.0,7.0,1.0590784549713135
736.0,15.0,15.0,2.2787463665008545
649.0,8.0,8.0,2.0352158546447754
75.0,1.0,1.0,0.23563170433044434
138.0,5.0,5.0,0.3923618793487549
367.0,8.0,8.0,1.2215814590454102
1078.0,38.0,38.0,3.3498899936676025
772.0,22.0,22.0,2.41316819190979
354.0,13.0,13.0,1.0990269184112549
590.0,6.0,6.0,1.8225176334381104
196.0,5.0,5.0,0.6311445236206055
316.0,4.0,4.0,0.9682626724243164
215.0,3.0,3.0,0.652071475982666
91.0,1.0,1.0,0.27295613288879395
340.0,5.0,5.0,1.0655577182769775
129.0,0.0,0.0,0.3912670612335205
84.0,4.0,4.0,0.23519444465637207
681.0,10.0,10.0,2.1771864891052246
318.0,11.0,11.0,0.9629306793212891
78.0,6.0,6.0,0.23567962646484375
1191.0,18.0,18.0,3.695775032043457
892.0,30.0,30.0,2.845198631286621
614.0,17.0,17.0,1.941310167312622
231.0,15.0,15.0,0.7379040718078613
312.0,11.0,11.0,1.001084327697754
86.0,4.0,4.0,0.25087761878967285
752.0,23.0,23.0,2.2901411056518555
298.0,8.0,8.0,0.9106652736663818
582.0,23.0,23.0,1.8809590339660645
127.0,5.0,5.0,0.4520528316497803
808.0,11.0,11.0,2.4763102531433105
325.0,6.0,6.0,0.9990811347961426
215.0,6.0,6.0,0.6119489669799805
137.0,3.0,3.0,0.423938512802124
348.0,4.0,4.0,0.9893646240234375
366.0,10.0,10.0,1.1911427974700928
275.0,5.0,5.0,0.8169295787811279
492.0,12.0,12.0,1.5020081996917725
577.0,25.0,25.0,1.8636093139648438
492.0,14.0,14.0,1.5297064781188965
607.0,16.0,16.0,1.9468297958374023
560.0,17.0,17.0,1.8021976947784424
242.0,5.0,5.0,0.7224979400634766
261.0,7.0,7.0,0.8482091426849365
149.0,2.0,2.0,0.45000362396240234
136.0,7.0,7.0,0.40802597999572754
75.0,0.0,0.0,0.22042369842529297
398.0,9.0,9.0,1.2562108039855957
155.0,8.0,8.0,0.493192195892334
165.0,0.0,0.0,0.48191308975219727
337.0,3.0,3.0,1.0212984085083008
424.0,10.0,10.0,1.3458688259124756
878.0,12.0,12.0,2.822256326675415
495.0,8.0,8.0,1.4875571727752686
210.0,8.0,8.0,0.6409707069396973
728.0,25.0,25.0,2.3081324100494385
203.0,1.0,1.0,0.6271548271179199
308.0,6.0,6.0,1.0389063358306885
512.0,8.0,8.0,1.5452826023101807
389.0,6.0,6.0,1.208031177520752
309.0,2.0,2.0,0.9261212348937988
1324.0,29.0,29.0,4.090799808502197
138.0,7.0,7.0,0.4553205966949463
310.0,5.0,5.0,0.9574868679046631
1190.0,34.0,34.0,3.655618667602539
275.0,10.0,10.0,0.8319375514984131
292.0,13.0,13.0,0.9677159786224365
251.0,7.0,7.0,0.8160431385040283
914.0,16.0,16.0,2.8754165172576904
495.0,10.0,10.0,1.4882259368896484
152.0,3.0,3.0,0.5030763149261475
237.0,10.0,10.0,0.7068502902984619
345.0,5.0,5.0,1.0792276859283447
2141.0,45.0,45.0,6.753236293792725
313.0,5.0,5.0,1.0201520919799805
142.0,6.0,6.0,0.4880821704864502
205.0,7.0,7.0,0.5928804874420166
205.0,2.0,2.0,0.7003560066223145
998.0,23.0,23.0,3.4333841800689697
86.0,1.0,1.0,0.2595846652984619
500.0,12.0,12.0,1.5216264724731445
510.0,14.0,14.0,1.597602367401123
426.0,9.0,9.0,1.3167474269866943
325.0,8.0,8.0,0.9477939605712891
1309.0,36.0,36.0,4.095528602600098
84.0,4.0,4.0,0.25736284255981445
538.0,21.0,21.0,1.7284207344055176
59.0,1.0,1.0,0.21334600448608398
240.0,4.0,4.0,0.739436149597168
414.0,9.0,9.0,1.3230886459350586
331.0,9.0,9.0,1.0341222286224365
122.0,1.0,1.0,0.37742114067077637
406.0,5.0,5.0,1.2743384838104248
600.0,8.0,8.0,1.8112072944641113
885.0,13.0,13.0,2.7407519817352295
710.0,12.0,12.0,2.2406153678894043
143.0,7.0,7.0,0.5049173831939697
448.0,7.0,7.0,1.3753678798675537
64.0,3.0,3.0,0.19804883003234863
774.0,21.0,21.0,2.5068535804748535
107.0,5.0,5.0,0.3452341556549072
420.0,9.0,9.0,1.378169298171997
134.0,4.0,4.0,0.4038519859313965
143.0,2.0,2.0,0.4397006034851074
95.0,1.0,1.0,0.33684849739074707
55.0,2.0,2.0,0.176344633102417
1372.0,39.0,39.0,4.285809278488159
470.0,15.0,15.0,1.4722263813018799
251.0,2.0,2.0,0.7849383354187012
863.0,33.0,33.0,2.6566977500915527
758.0,12.0,12.0,2.4218192100524902
101.0,1.0,1.0,0.3417091369628906
605.0,34.0,34.0,1.9162423610687256
536.0,10.0,10.0,1.7195515632629395
277.0,9.0,9.0,0.8874764442443848
832.0,17.0,17.0,2.6241981983184814
542.0,14.0,14.0,1.6690356731414795
426.0,9.0,9.0,1.3416831493377686
328.0,8.0,8.0,1.0366313457489014
172.0,4.0,4.0,0.578890323638916
630.0,12.0,12.0,1.9376354217529297
149.0,1.0,1.0,0.47415590286254883
559.0,12.0,12.0,1.7267076969146729
380.0,7.0,7.0,1.2344107627868652
662.0,12.0,12.0,2.210636854171753
277.0,6.0,6.0,0.8326747417449951
99.0,2.0,2.0,0.2983987331390381
493.0,8.0,8.0,1.5660736560821533
820.0,16.0,16.0,2.5861709117889404
175.0,1.0,1.0,0.5489952564239502
88.0,3.0,3.0,0.2669234275817871
432.0,5.0,5.0,1.3762938976287842
113.0,1.0,1.0,0.32948875427246094
524.0,13.0,13.0,1.6821935176849365
421.0,7.0,7.0,1.3037233352661133
167.0,7.0,7.0,0.5329413414001465
333.0,8.0,8.0,1.110621452331543
192.0,4.0,4.0,0.6305544376373291
156.0,2.0,2.0,0.5182912349700928
553.0,9.0,9.0,1.729428768157959
373.0,10.0,10.0,1.174401044845581
267.0,3.0,3.0,0.826134204864502
122.0,5.0,5.0,0.3746628761291504
705.0,18.0,18.0,2.1788878440856934
136.0,1.0,1.0,0.40868353843688965
366.0,13.0,13.0,1.1906771659851074
97.0,3.0,3.0,0.2826387882232666
99.0,6.0,6.0,0.29823780059814453
1200.0,30.0,30.0,3.784121036529541
218.0,9.0,9.0,0.6616663932800293
815.0,21.0,21.0,2.179539442062378
143.0,0.0,0.0,0.21957182884216309
71.0,0.0,0.0,0.11020565032958984
157.0,3.0,3.0,0.3117644786834717
1254.0,27.0,27.0,2.405031681060791
234.0,3.0,3.0,0.3571958541870117
197.0,1.0,1.0,0.2482893466949463
283.0,4.0,4.0,0.30912089347839355
189.0,3.0,3.0,0.2534329891204834
58.0,1.0,1.0,0.07503271102905273
245.0,1.0,1.0,0.2820096015930176
457.0,6.0,6.0,1.2261147499084473
89.0,2.0,2.0,0.28254103660583496
188.0,10.0,10.0,0.6097421646118164
154.0,10.0,10.0,0.4557077884674072
94.0,0.0,0.0,0.3034489154815674
128.0,2.0,2.0,0.4347362518310547
445.0,3.0,3.0,1.368089199066162
83.0,0.0,0.0,0.15339350700378418
660.0,12.0,12.0,1.129479169845581
1057.0,18.0,18.0,1.5618205070495605
438.0,16.0,16.0,0.6450634002685547
208.0,2.0,2.0,0.30815720558166504
60.0,1.0,1.0,0.08233332633972168
738.0,18.0,18.0,1.0838160514831543
555.0,9.0,9.0,0.8123116493225098
430.0,8.0,8.0,0.6572847366333008
639.0,12.0,12.0,0.9596600532531738
761.0,18.0,18.0,1.1590776443481445
114.0,2.0,2.0,0.18335223197937012
484.0,14.0,14.0,0.6975324153900146
194.0,2.0,2.0,0.29874706268310547
1227.0,16.0,16.0,1.86244535446167
155.0,2.0,2.0,0.19313359260559082
87.0,6.0,6.0,0.11028051376342773
324.0,6.0,6.0,0.48923254013061523
329.0,9.0,9.0,0.4775075912475586
81.0,1.0,1.0,0.13587045669555664
658.0,12.0,12.0,1.0134282112121582
148.0,1.0,1.0,0.23087716102600098
122.0,1.0,1.0,0.19650650024414062
168.0,3.0,3.0,0.24207067489624023
1356.0,27.0,27.0,2.056675434112549
259.0,3.0,3.0,0.3816092014312744
159.0,4.0,4.0,0.23694372177124023
288.0,6.0,6.0,0.4213531017303467
73.0,2.0,2.0,0.11407327651977539
990.0,25.0,25.0,1.4785676002502441
77.0,1.0,1.0,0.11514425277709961
203.0,0.0,0.0,0.3251469135284424
687.0,23.0,23.0,1.0130622386932373
1025.0,24.0,24.0,1.5597472190856934
233.0,6.0,6.0,0.38211965560913086
477.0,11.0,11.0,0.7229437828063965
188.0,3.0,3.0,0.29276275634765625
59.0,1.0,1.0,0.08965086936950684
287.0,8.0,8.0,0.4187290668487549
574.0,20.0,20.0,0.8558850288391113
1144.0,28.0,28.0,1.6836495399475098
56.0,1.0,1.0,0.0847315788269043
344.0,6.0,6.0,0.4825470447540283
222.0,6.0,6.0,0.32245874404907227
86.0,3.0,3.0,0.11701631546020508
210.0,4.0,4.0,0.31778883934020996
565.0,12.0,12.0,0.8553509712219238
648.0,14.0,14.0,0.9339971542358398
108.0,2.0,2.0,0.15571284294128418
519.0,15.0,15.0,0.7912368774414062
110.0,5.0,5.0,0.17108988761901855
64.0,1.0,1.0,0.07064151763916016
199.0,1.0,1.0,0.3026890754699707
50.0,0.0,0.0,0.06316852569580078
65.0,1.0,1.0,0.10988974571228027
106.0,2.0,2.0,0.15667247772216797
106.0,4.0,4.0,0.15731120109558105
265.0,4.0,4.0,0.37403225898742676
996.0,29.0,29.0,1.4328362941741943
226.0,7.0,7.0,0.3288874626159668
388.0,7.0,7.0,0.5387296676635742
144.0,4.0,4.0,0.22087883949279785
816.0,16.0,16.0,1.2241606712341309
118.0,1.0,1.0,0.16280055046081543
563.0,18.0,18.0,0.8343696594238281
1129.0,18.0,18.0,1.6661202907562256
313.0,7.0,7.0,0.47894835472106934
157.0,0.0,0.0,0.25058841705322266
142.0,5.0,5.0,0.18908119201660156
261.0,3.0,3.0,0.386580228805542
111.0,1.0,1.0,0.17080402374267578
1268.0,28.0,28.0,1.827866554260254
993.0,26.0,26.0,1.3886613845825195
128.0,3.0,3.0,0.1797163486480713
425.0,7.0,7.0,0.6146800518035889
242.0,9.0,9.0,0.3527529239654541
69.0,2.0,2.0,0.10652875900268555
590.0,18.0,18.0,0.8399670124053955
268.0,8.0,8.0,0.4108104705810547
201.0,2.0,2.0,0.2962353229522705
336.0,10.0,10.0,0.47946977615356445
1210.0,43.0,43.0,1.742859125137329
79.0,1.0,1.0,0.15586566925048828
338.0,17.0,17.0,0.47481679916381836
240.0,5.0,5.0,0.3475632667541504
238.0,7.0,7.0,0.3544127941131592
244.0,11.0,11.0,0.32491540908813477
596.0,14.0,14.0,0.926776647567749
767.0,18.0,18.0,1.1323504447937012
44.0,3.0,3.0,0.06328558921813965
204.0,9.0,9.0,0.29768896102905273
80.0,4.0,4.0,0.12838530540466309
223.0,7.0,7.0,0.3623836040496826
247.0,8.0,8.0,0.3480844497680664
163.0,4.0,4.0,0.2529888153076172
711.0,16.0,16.0,1.046318531036377
562.0,8.0,8.0,0.8363771438598633
1354.0,16.0,16.0,1.9289014339447021
145.0,1.0,1.0,0.21132802963256836
58.0,0.0,0.0,0.09419393539428711
34.0,2.0,2.0,0.04687762260437012
368.0,8.0,8.0,0.5493757724761963
217.0,3.0,3.0,0.3150150775909424
313.0,12.0,12.0,0.45209527015686035
314.0,3.0,3.0,0.520310640335083
1345.0,42.0,42.0,1.9189722537994385
247.0,8.0,8.0,0.380690336227417
46.0,0.0,0.0,0.07061982154846191
831.0,20.0,20.0,1.1517560482025146
616.0,16.0,16.0,0.8495159149169922
69.0,2.0,2.0,0.13559508323669434
191.0,3.0,3.0,0.262073278427124
670.0,10.0,10.0,0.9535298347473145
148.0,3.0,3.0,0.21565771102905273
2165.0,42.0,42.0,3.2099101543426514
830.0,29.0,29.0,1.261350393295288
151.0,2.0,2.0,0.22119402885437012
371.0,2.0,2.0,0.5665669441223145
702.0,19.0,19.0,1.0188732147216797
681.0,15.0,15.0,0.9883558750152588
149.0,4.0,4.0,0.2364635467529297
1426.0,23.0,23.0,2.0148935317993164
555.0,12.0,12.0,0.7803168296813965
884.0,13.0,13.0,1.2892682552337646
301.0,9.0,9.0,0.44985342025756836
1119.0,27.0,27.0,1.5637016296386719
415.0,20.0,20.0,0.6216461658477783
464.0,15.0,15.0,0.6636443138122559
104.0,2.0,2.0,0.1414649486541748
458.0,14.0,14.0,0.6723651885986328
105.0,3.0,3.0,0.15487289428710938
224.0,1.0,1.0,0.34528183937072754
91.0,5.0,5.0,0.15350341796875
280.0,8.0,8.0,0.3959531784057617
1151.0,18.0,18.0,1.7083055973052979
952.0,21.0,21.0,1.3746366500854492
212.0,5.0,5.0,0.31856369972229004
1132.0,26.0,26.0,1.7056045532226562
433.0,13.0,13.0,0.6249246597290039
674.0,22.0,22.0,1.01646089553833
1240.0,21.0,21.0,1.789644479751587
245.0,6.0,6.0,0.33850622177124023
55.0,0.0,0.0,0.06863141059875488
240.0,1.0,1.0,0.336317777633667
146.0,5.0,5.0,0.21037626266479492
78.0,0.0,0.0,0.10921096801757812
305.0,8.0,8.0,0.4448366165161133
231.0,0.0,0.0,0.33579349517822266
800.0,17.0,17.0,1.1812660694122314
458.0,11.0,11.0,0.668893575668335
417.0,10.0,10.0,0.5973649024963379
792.0,9.0,9.0,1.0830883979797363
924.0,17.0,17.0,1.363884449005127
184.0,3.0,3.0,0.25091052055358887
789.0,31.0,31.0,1.1189780235290527
619.0,15.0,15.0,0.9018349647521973
46.0,1.0,1.0,0.06321501731872559
1103.0,24.0,24.0,1.5867376327514648
311.0,3.0,3.0,0.46019625663757324
215.0,8.0,8.0,0.3009004592895508
73.0,1.0,1.0,0.09861254692077637
159.0,11.0,11.0,0.23468399047851562
524.0,10.0,10.0,0.7854712009429932
967.0,30.0,30.0,1.412299394607544
445.0,18.0,18.0,0.6454975605010986
929.0,26.0,26.0,1.3446180820465088
1103.0,28.0,28.0,1.5887694358825684
478.0,10.0,10.0,0.673363208770752
984.0,23.0,23.0,1.4007551670074463
798.0,18.0,18.0,1.1177804470062256
348.0,11.0,11.0,0.4862940311431885
308.0,7.0,7.0,0.4555985927581787
220.0,4.0,4.0,0.34209561347961426
1051.0,17.0,17.0,1.5569334030151367
287.0,2.0,2.0,0.4241480827331543
1098.0,25.0,25.0,1.622955083847046
592.0,6.0,6.0,0.9030628204345703
165.0,4.0,4.0,0.24089956283569336
340.0,8.0,8.0,0.5061111450195312
312.0,3.0,3.0,0.4749608039855957
70.0,0.0,0.0,0.1229104995727539
743.0,18.0,18.0,1.0811150074005127
225.0,0.0,0.0,0.31568360328674316
272.0,3.0,3.0,0.42908453941345215
479.0,9.0,9.0,0.6829121112823486
557.0,15.0,15.0,0.8004608154296875
421.0,7.0,7.0,0.5682361125946045
51.0,2.0,2.0,0.07910585403442383
514.0,15.0,15.0,0.7547566890716553
292.0,16.0,16.0,0.4099600315093994
78.0,0.0,0.0,0.14054632186889648
516.0,12.0,12.0,0.7242248058319092
137.0,4.0,4.0,0.1941826343536377
90.0,2.0,2.0,0.12887072563171387
150.0,4.0,4.0,0.21838164329528809
822.0,17.0,17.0,1.140712022781372
120.0,3.0,3.0,0.15781021118164062
235.0,8.0,8.0,0.33173656463623047
837.0,21.0,21.0,1.2124972343444824
167.0,3.0,3.0,0.26302623748779297
343.0,2.0,2.0,0.45815110206604004
740.0,28.0,28.0,1.0863611698150635
438.0,7.0,7.0,0.6274745464324951
101.0,2.0,2.0,0.15398454666137695
424.0,18.0,18.0,0.6337234973907471
112.0,2.0,2.0,0.17818450927734375
551.0,12.0,12.0,0.8049561977386475
308.0,8.0,8.0,0.43227148056030273
43.0,1.0,1.0,0.07306694984436035
87.0,4.0,4.0,0.12043642997741699
142.0,2.0,2.0,0.18886566162109375
1188.0,20.0,20.0,1.7172791957855225
91.0,0.0,0.0,0.1493539810180664
46.0,0.0,0.0,0.07455921173095703
1024.0,24.0,24.0,1.469029188156128
111.0,3.0,3.0,0.1570744514465332
107.0,1.0,1.0,0.1571340560913086
190.0,3.0,3.0,0.273958683013916
416.0,2.0,2.0,0.6214656829833984
130.0,9.0,9.0,0.20373058319091797
605.0,13.0,13.0,0.8644270896911621
241.0,4.0,4.0,0.3633275032043457
109.0,1.0,1.0,0.18373632431030273
842.0,18.0,18.0,1.1775844097137451
89.0,0.0,0.0,0.12957286834716797
146.0,2.0,2.0,0.18881440162658691
118.0,7.0,7.0,0.1584784984588623
156.0,1.0,1.0,0.22002363204956055
290.0,14.0,14.0,0.4355478286743164
616.0,13.0,13.0,0.8529741764068604
327.0,9.0,9.0,0.48751282691955566
416.0,9.0,9.0,0.629486083984375
464.0,14.0,14.0,0.6584734916687012
735.0,16.0,16.0,1.03770112991333
885.0,12.0,12.0,1.2724804878234863
178.0,11.0,11.0,0.27065181732177734
208.0,1.0,1.0,0.28120970726013184
297.0,8.0,8.0,0.393726110458374
173.0,1.0,1.0,0.23505926132202148
96.0,2.0,2.0,0.13274478912353516
425.0,14.0,14.0,0.6210823059082031
282.0,2.0,2.0,0.38043212890625
332.0,11.0,11.0,0.4742918014526367
202.0,11.0,11.0,0.2976405620574951
314.0,6.0,6.0,0.48967552185058594
855.0,13.0,13.0,1.2570528984069824
1036.0,25.0,25.0,1.5111510753631592
778.0,17.0,17.0,1.1330034732818604
303.0,9.0,9.0,0.44228601455688477
199.0,0.0,0.0,0.2957637310028076
116.0,1.0,1.0,0.17264485359191895
1539.0,42.0,42.0,2.3589422702789307
623.0,8.0,8.0,0.9043853282928467
1025.0,31.0,31.0,1.438131332397461
180.0,4.0,4.0,0.2678518295288086
375.0,4.0,4.0,0.5519053936004639
347.0,10.0,10.0,0.4670734405517578
357.0,7.0,7.0,0.546159029006958
1121.0,37.0,37.0,1.5732593536376953
502.0,5.0,5.0,0.7352895736694336
793.0,24.0,24.0,1.1334781646728516
91.0,2.0,2.0,0.13053297996520996
167.0,3.0,3.0,0.25916528701782227
324.0,10.0,10.0,0.5012969970703125
272.0,6.0,6.0,0.4204905033111572
301.0,5.0,5.0,0.41971635818481445
301.0,5.0,5.0,0.4420299530029297
425.0,7.0,7.0,0.6151726245880127
616.0,17.0,17.0,0.8955028057098389
734.0,17.0,17.0,1.0542619228363037
78.0,3.0,3.0,0.12621569633483887
273.0,2.0,2.0,0.4324512481689453
694.0,22.0,22.0,0.9807732105255127
266.0,5.0,5.0,0.39722704887390137
504.0,20.0,20.0,0.740262508392334
340.0,10.0,10.0,0.5174074172973633
305.0,2.0,2.0,0.4558684825897217
161.0,2.0,2.0,0.24403858184814453
81.0,4.0,4.0,0.10106253623962402
1560.0,50.0,50.0,2.2451486587524414
165.0,4.0,4.0,0.21788930892944336
246.0,5.0,5.0,0.3772306442260742
1251.0,18.0,18.0,1.854992389678955
1349.0,43.0,43.0,1.9182603359222412
1211.0,22.0,22.0,1.7724428176879883
559.0,13.0,13.0,0.8734843730926514
182.0,2.0,2.0,0.2680957317352295
790.0,18.0,18.0,1.1310133934020996
237.0,3.0,3.0,0.3302953243255615
190.0,7.0,7.0,0.2674715518951416
289.0,11.0,11.0,0.3957662582397461
94.0,6.0,6.0,0.12818026542663574
545.0,14.0,14.0,0.800783634185791
564.0,8.0,8.0,0.7625222206115723
884.0,17.0,17.0,1.2409512996673584
775.0,14.0,14.0,1.1013696193695068
247.0,3.0,3.0,0.35855698585510254
471.0,10.0,10.0,0.7053654193878174
465.0,10.0,10.0,0.6456043720245361
132.0,4.0,4.0,0.19414138793945312
600.0,21.0,21.0,0.8299756050109863
125.0,1.0,1.0,0.18906235694885254
255.0,4.0,4.0,0.37580132484436035
311.0,5.0,5.0,0.4247620105743408
91.0,0.0,0.0,0.14122819900512695
44.0,0.0,0.0,0.06293439865112305
911.0,14.0,14.0,1.3173668384552002
202.0,5.0,5.0,0.3021430969238281
128.0,1.0,1.0,0.203108549118042
930.0,28.0,28.0,1.3840820789337158
477.0,7.0,7.0,0.7352519035339355
130.0,1.0,1.0,0.20661258697509766
295.0,4.0,4.0,0.45522522926330566
804.0,17.0,17.0,1.230616569519043
599.0,20.0,20.0,0.8158228397369385
229.0,7.0,7.0,0.3282740116119385
260.0,7.0,7.0,0.35202789306640625
903.0,26.0,26.0,1.299283504486084
165.0,1.0,1.0,0.24170422554016113
773.0,15.0,15.0,1.1566376686096191
545.0,15.0,15.0,0.8064768314361572
330.0,6.0,6.0,0.4896116256713867
92.0,6.0,6.0,0.12723612785339355
878.0,11.0,11.0,1.28594970703125
281.0,8.0,8.0,0.3934037685394287
141.0,5.0,5.0,0.2195878028869629
272.0,6.0,6.0,0.3936312198638916
239.0,9.0,9.0,0.34673547744750977
273.0,7.0,7.0,0.38655948638916016
232.0,3.0,3.0,0.36563825607299805
528.0,13.0,13.0,0.738447904586792
204.0,6.0,6.0,0.28339409828186035
558.0,11.0,11.0,0.8356943130493164
304.0,6.0,6.0,0.4411759376525879
514.0,14.0,14.0,0.7415001392364502
509.0,15.0,15.0,0.7255299091339111
541.0,16.0,16.0,0.7777266502380371
396.0,7.0,7.0,0.6125774383544922
812.0,26.0,26.0,1.1515259742736816
477.0,8.0,8.0,0.7204351425170898
113.0,5.0,5.0,0.14584589004516602
505.0,16.0,16.0,0.714585542678833
709.0,12.0,12.0,1.030449628829956
83.0,0.0,0.0,0.11979532241821289
354.0,14.0,14.0,0.4790937900543213
385.0,9.0,9.0,0.5815789699554443
421.0,9.0,9.0,0.5848684310913086
393.0,4.0,4.0,0.5457632541656494
820.0,22.0,22.0,1.1116509437561035
1154.0,34.0,34.0,1.6160328388214111
105.0,2.0,2.0,0.159102201461792
282.0,3.0,3.0,0.41329503059387207
553.0,7.0,7.0,0.7935404777526855
73.0,6.0,6.0,0.10729074478149414
235.0,5.0,5.0,0.31833887100219727
66.0,0.0,0.0,0.09530234336853027
378.0,4.0,4.0,0.51883864402771
521.0,17.0,17.0,0.7093555927276611
122.0,8.0,8.0,0.17363476753234863
1532.0,36.0,36.0,2.143232822418213
122.0,5.0,5.0,0.15528321266174316
183.0,3.0,3.0,0.2791905403137207
40.0,1.0,1.0,0.05405831336975098
172.0,6.0,6.0,0.2291731834411621
684.0,23.0,23.0,0.9805102348327637
95.0,2.0,2.0,0.1408088207244873
703.0,13.0,13.0,1.0922365188598633
466.0,11.0,11.0,0.7026278972625732
272.0,3.0,3.0,0.3921213150024414
176.0,6.0,6.0,0.22129011154174805
57.0,1.0,1.0,0.07170748710632324
435.0,9.0,9.0,0.6360416412353516
228.0,6.0,6.0,0.2987022399902344
402.0,5.0,5.0,0.583592414855957
442.0,7.0,7.0,0.5975868701934814
1010.0,29.0,29.0,1.3837101459503174
619.0,17.0,17.0,0.866553783416748
234.0,4.0,4.0,0.3278980255126953
1619.0,29.0,29.0,2.2021687030792236
527.0,5.0,5.0,0.7271721363067627
993.0,40.0,40.0,1.3808703422546387
492.0,14.0,14.0,0.7301568984985352
215.0,4.0,4.0,0.29550886154174805
258.0,15.0,15.0,0.3298225402832031
41.0,2.0,2.0,0.06532096862792969
257.0,1.0,1.0,0.36120128631591797
112.0,5.0,5.0,0.16239595413208008
137.0,4.0,4.0,0.17154359817504883
520.0,18.0,18.0,0.7372803688049316
530.0,8.0,8.0,0.7393558025360107
115.0,5.0,5.0,0.16703510284423828
813.0,24.0,24.0,1.1480515003204346
491.0,5.0,5.0,0.7528643608093262
268.0,9.0,9.0,0.41076159477233887
253.0,2.0,2.0,0.3296349048614502
81.0,0.0,0.0,0.11227941513061523
447.0,11.0,11.0,0.6719980239868164
374.0,12.0,12.0,0.5208117961883545
439.0,12.0,12.0,0.6329765319824219
105.0,3.0,3.0,0.1554253101348877
982.0,26.0,26.0,1.401925802230835
108.0,3.0,3.0,0.14982104301452637
409.0,15.0,15.0,0.550532341003418
190.0,5.0,5.0,0.28327345848083496
420.0,11.0,11.0,0.6165661811828613
192.0,4.0,4.0,0.27115607261657715
176.0,2.0,2.0,0.22820019721984863
999.0,17.0,17.0,1.4963798522949219
200.0,3.0,3.0,0.2903280258178711
142.0,2.0,2.0,0.18944740295410156
226.0,7.0,7.0,0.31436848640441895
63.0,1.0,1.0,0.09505367279052734
646.0,23.0,23.0,0.88553786277771
172.0,5.0,5.0,0.2600862979888916
306.0,7.0,7.0,0.4465909004211426
106.0,3.0,3.0,0.17377853393554688
767.0,20.0,20.0,1.0402629375457764
890.0,13.0,13.0,1.2585389614105225
58.0,3.0,3.0,0.07867193222045898
268.0,7.0,7.0,0.34803342819213867
60.0,3.0,3.0,0.07704758644104004
225.0,11.0,11.0,0.31072235107421875
232.0,3.0,3.0,0.30039334297180176
587.0,9.0,9.0,0.8384695053100586
144.0,0.0,0.0,0.19076228141784668
773.0,19.0,19.0,1.032562494277954
204.0,10.0,10.0,0.28270912170410156
608.0,15.0,15.0,0.8195698261260986
112.0,5.0,5.0,0.14120817184448242
622.0,13.0,13.0,0.8025190830230713
483.0,8.0,8.0,0.61700439453125
493.0,12.0,12.0,0.6713666915893555
348.0,3.0,3.0,0.4402172565460205
878.0,19.0,19.0,1.1796784400939941
158.0,3.0,3.0,0.24225640296936035
1425.0,35.0,35.0,1.82033109664917
167.0,5.0,5.0,0.2088918685913086
530.0,14.0,14.0,0.7085671424865723
354.0,3.0,3.0,0.45880842208862305
571.0,8.0,8.0,0.7269539833068848
151.0,1.0,1.0,0.18958187103271484
117.0,2.0,2.0,0.17574214935302734
204.0,5.0,5.0,0.26225852966308594
60.0,0.0,0.0,0.0825798511505127
508.0,11.0,11.0,0.6855857372283936
288.0,13.0,13.0,0.36133503913879395
95.0,1.0,1.0,0.11255431175231934
272.0,6.0,6.0,0.3577849864959717
462.0,14.0,14.0,0.6184370517730713
52.0,1.0,1.0,0.06249880790710449
763.0,11.0,11.0,0.9929890632629395
811.0,17.0,17.0,1.1114346981048584
349.0,3.0,3.0,0.48271751403808594
526.0,20.0,20.0,0.7486493587493896
379.0,6.0,6.0,0.505239725112915
417.0,14.0,14.0,0.6053495407104492
240.0,4.0,4.0,0.3065807819366455
851.0,13.0,13.0,1.1061286926269531
657.0,19.0,19.0,0.901564359664917
1985.0,33.0,33.0,2.653709888458252
669.0,6.0,6.0,0.8709979057312012
99.0,0.0,0.0,0.1283102035522461
237.0,1.0,1.0,0.33619070053100586
133.0,3.0,3.0,0.17223858833312988
340.0,5.0,5.0,0.44171643257141113
297.0,9.0,9.0,0.37866711616516113
62.0,2.0,2.0,0.07869768142700195
67.0,2.0,2.0,0.07868838310241699
214.0,11.0,11.0,0.2706305980682373
1132.0,30.0,30.0,1.5409345626831055
229.0,5.0,5.0,0.3125295639038086
223.0,6.0,6.0,0.27314329147338867
538.0,13.0,13.0,0.7245914936065674
242.0,3.0,3.0,0.31102919578552246
54.0,0.0,0.0,0.06279969215393066
108.0,3.0,3.0,0.13152813911437988
170.0,2.0,2.0,0.27277255058288574
890.0,30.0,30.0,1.3478105068206787
278.0,6.0,6.0,0.4273974895477295
1024.0,42.0,42.0,1.4897844791412354
887.0,20.0,20.0,1.3520164489746094
195.0,8.0,8.0,0.2886385917663574
286.0,9.0,9.0,0.4473605155944824
172.0,2.0,2.0,0.239227294921875
192.0,1.0,1.0,0.3013010025024414
240.0,4.0,4.0,0.36091041564941406
241.0,5.0,5.0,0.376798152923584
43.0,2.0,2.0,0.07511425018310547
460.0,7.0,7.0,0.6942505836486816
1226.0,30.0,30.0,1.7356698513031006
298.0,5.0,5.0,0.4398157596588135
173.0,2.0,2.0,0.25275349617004395
221.0,3.0,3.0,0.29999566078186035
872.0,21.0,21.0,1.1827971935272217
578.0,14.0,14.0,0.7589008808135986
1110.0,27.0,27.0,1.5319492816925049
1710.0,54.0,54.0,2.265425682067871
1582.0,35.0,35.0,2.1573104858398438
624.0,23.0,23.0,0.8944830894470215
512.0,22.0,22.0,0.7296469211578369
117.0,4.0,4.0,0.16481637954711914
1013.0,44.0,44.0,1.4041028022766113
682.0,16.0,16.0,0.9133353233337402
1203.0,23.0,23.0,1.6270842552185059
937.0,23.0,23.0,1.212346076965332
386.0,10.0,10.0,0.5057666301727295
113.0,4.0,4.0,0.14554095268249512
1102.0,16.0,16.0,1.4405264854431152
708.0,13.0,13.0,0.9439718723297119
243.0,2.0,2.0,0.30904078483581543
457.0,10.0,10.0,0.6644625663757324
445.0,10.0,10.0,0.6451706886291504
318.0,7.0,7.0,0.4568033218383789
820.0,22.0,22.0,1.1673016548156738
422.0,7.0,7.0,0.5989296436309814
659.0,8.0,8.0,0.9592404365539551
152.0,3.0,3.0,0.2194662094116211
283.0,15.0,15.0,0.40840840339660645
273.0,2.0,2.0,0.428145170211792
526.0,13.0,13.0,0.8351845741271973
174.0,8.0,8.0,0.23890137672424316
484.0,11.0,11.0,0.8355464935302734
57.0,1.0,1.0,0.09134221076965332
729.0,24.0,24.0,1.1482369899749756
211.0,6.0,6.0,0.3132784366607666
352.0,6.0,6.0,0.5359516143798828
381.0,12.0,12.0,0.4918832778930664
259.0,12.0,12.0,0.3601419925689697
273.0,8.0,8.0,0.3922848701477051
370.0,8.0,8.0,0.4667701721191406
305.0,8.0,8.0,0.3794238567352295
429.0,15.0,15.0,0.5506670475006104
144.0,6.0,6.0,0.1899416446685791
140.0,2.0,2.0,0.17840147018432617
120.0,1.0,1.0,0.14543604850769043
440.0,5.0,5.0,0.628948450088501
432.0,14.0,14.0,0.5478506088256836
295.0,4.0,4.0,0.37982916831970215
117.0,3.0,3.0,0.14513492584228516
130.0,2.0,2.0,0.1733400821685791
675.0,13.0,13.0,0.9100453853607178
269.0,8.0,8.0,0.3490164279937744
108.0,3.0,3.0,0.1398463249206543
862.0,16.0,16.0,1.1083199977874756
518.0,12.0,12.0,0.72216796875
871.0,28.0,28.0,1.1206965446472168
393.0,5.0,5.0,0.5333421230316162
207.0,3.0,3.0,0.27121448516845703
256.0,11.0,11.0,0.3298377990722656
376.0,10.0,10.0,0.5002419948577881
1785.0,31.0,31.0,2.468790054321289
245.0,5.0,5.0,0.3792293071746826
270.0,9.0,9.0,0.3600749969482422
330.0,6.0,6.0,0.4473609924316406
365.0,7.0,7.0,0.4732375144958496
355.0,5.0,5.0,0.45444393157958984
97.0,2.0,2.0,0.12655425071716309
138.0,3.0,3.0,0.1732175350189209
50.0,0.0,0.0,0.06488871574401855
193.0,1.0,1.0,0.2512357234954834
263.0,11.0,11.0,0.3804004192352295
146.0,5.0,5.0,0.17865347862243652
494.0,8.0,8.0,0.6694002151489258
657.0,14.0,14.0,0.8502762317657471
420.0,10.0,10.0,0.5973019599914551
288.0,6.0,6.0,0.3820481300354004
409.0,13.0,13.0,0.534313440322876
44.0,0.0,0.0,0.06249046325683594
614.0,8.0,8.0,0.8117597103118896
