Timesteps,Collisions,Steps Waited,Real-Time Elapsed
149.0,4.0,4.0,0.05523395538330078
498.0,2.0,2.0,0.1965467929840088
181.0,4.0,4.0,0.06434249877929688
460.0,11.0,11.0,0.1709582805633545
406.0,4.0,4.0,0.16300082206726074
979.0,10.0,10.0,0.36655735969543457
516.0,5.0,5.0,0.18834280967712402
516.0,4.0,4.0,0.19616246223449707
345.0,2.0,2.0,0.12878656387329102
162.0,8.0,8.0,0.06400346755981445
607.0,5.0,5.0,0.2376387119293213
100.0,0.0,0.0,0.038129568099975586
68.0,0.0,0.0,0.022840261459350586
40.0,0.0,0.0,0.016459226608276367
536.0,6.0,6.0,0.20365643501281738
527.0,2.0,2.0,0.20137619972229004
1039.0,3.0,3.0,0.3923614025115967
308.0,3.0,3.0,0.12816882133483887
469.0,6.0,6.0,0.18082499504089355
666.0,1.0,1.0,0.2611415386199951
424.0,2.0,2.0,0.15123414993286133
749.0,4.0,4.0,0.27504587173461914
229.0,7.0,7.0,0.08112359046936035
90.0,1.0,1.0,0.036285400390625
204.0,1.0,1.0,0.07635831832885742
808.0,14.0,14.0,0.2938973903656006
231.0,6.0,6.0,0.08086562156677246
540.0,2.0,2.0,0.19154953956604004
267.0,6.0,6.0,0.09581732749938965
98.0,3.0,3.0,0.03384113311767578
259.0,1.0,1.0,0.0954291820526123
46.0,0.0,0.0,0.01812124252319336
181.0,2.0,2.0,0.06570744514465332
984.0,9.0,9.0,0.37615251541137695
924.0,11.0,11.0,0.3439943790435791
193.0,1.0,1.0,0.06853127479553223
52.0,2.0,2.0,0.01828932762145996
258.0,8.0,8.0,0.10634732246398926
226.0,6.0,6.0,0.09439873695373535
339.0,2.0,2.0,0.12186217308044434
369.0,0.0,0.0,0.1524946689605713
297.0,3.0,3.0,0.11280369758605957
165.0,1.0,1.0,0.05800461769104004
287.0,2.0,2.0,0.1089468002319336
149.0,0.0,0.0,0.05789804458618164
381.0,1.0,1.0,0.13846611976623535
85.0,1.0,1.0,0.033512115478515625
557.0,0.0,0.0,0.22481393814086914
114.0,2.0,2.0,0.04270815849304199
125.0,1.0,1.0,0.047165632247924805
139.0,10.0,10.0,0.05243682861328125
231.0,0.0,0.0,0.10027027130126953
370.0,2.0,2.0,0.14442777633666992
137.0,0.0,0.0,0.05704474449157715
452.0,3.0,3.0,0.16898131370544434
352.0,1.0,1.0,0.12674403190612793
50.0,0.0,0.0,0.020029544830322266
169.0,3.0,3.0,0.06141209602355957
427.0,5.0,5.0,0.15546393394470215
105.0,3.0,3.0,0.03498244285583496
210.0,7.0,7.0,0.07539820671081543
309.0,2.0,2.0,0.1073613166809082
162.0,5.0,5.0,0.05683755874633789
594.0,2.0,2.0,0.23758172988891602
123.0,1.0,1.0,0.05327129364013672
418.0,6.0,6.0,0.16290855407714844
329.0,2.0,2.0,0.12036943435668945
92.0,0.0,0.0,0.03575396537780762
1149.0,8.0,8.0,0.4182140827178955
170.0,2.0,2.0,0.06407022476196289
180.0,5.0,5.0,0.0697629451751709
967.0,7.0,7.0,0.3811612129211426
813.0,4.0,4.0,0.3020176887512207
144.0,5.0,5.0,0.053642988204956055
181.0,0.0,0.0,0.07161307334899902
501.0,7.0,7.0,0.1948392391204834
620.0,5.0,5.0,0.2245779037475586
86.0,1.0,1.0,0.02953171730041504
273.0,7.0,7.0,0.09654664993286133
596.0,3.0,3.0,0.2399299144744873
585.0,1.0,1.0,0.21343183517456055
151.0,1.0,1.0,0.054414987564086914
610.0,1.0,1.0,0.24603939056396484
989.0,7.0,7.0,0.3701956272125244
314.0,5.0,5.0,0.11621904373168945
366.0,3.0,3.0,0.12724995613098145
388.0,1.0,1.0,0.13817620277404785
747.0,0.0,0.0,0.27002859115600586
187.0,5.0,5.0,0.07112002372741699
230.0,6.0,6.0,0.08184099197387695
526.0,7.0,7.0,0.18726348876953125
1530.0,12.0,12.0,0.5874602794647217
184.0,6.0,6.0,0.0648963451385498
126.0,3.0,3.0,0.04820394515991211
751.0,6.0,6.0,0.2967820167541504
94.0,0.0,0.0,0.03357815742492676
550.0,7.0,7.0,0.20834112167358398
440.0,5.0,5.0,0.1650092601776123
70.0,0.0,0.0,0.025791645050048828
968.0,4.0,4.0,0.38657355308532715
544.0,2.0,2.0,0.1909637451171875
163.0,4.0,4.0,0.05668377876281738
175.0,5.0,5.0,0.06284117698669434
964.0,5.0,5.0,0.3496873378753662
1420.0,12.0,12.0,0.5716354846954346
1078.0,10.0,10.0,0.3962705135345459
535.0,8.0,8.0,0.19202661514282227
61.0,0.0,0.0,0.023593902587890625
1083.0,11.0,11.0,0.4445791244506836
103.0,1.0,1.0,0.03959012031555176
522.0,3.0,3.0,0.19633173942565918
198.0,1.0,1.0,0.0776815414428711
106.0,5.0,5.0,0.04086589813232422
579.0,9.0,9.0,0.21386122703552246
871.0,12.0,12.0,0.3409738540649414
347.0,1.0,1.0,0.12932872772216797
64.0,0.0,0.0,0.022968769073486328
104.0,3.0,3.0,0.03611111640930176
294.0,2.0,2.0,0.11794137954711914
69.0,2.0,2.0,0.02786111831665039
299.0,2.0,2.0,0.12195587158203125
293.0,2.0,2.0,0.11848163604736328
336.0,8.0,8.0,0.13305354118347168
84.0,1.0,1.0,0.02864360809326172
171.0,3.0,3.0,0.0593869686126709
328.0,0.0,0.0,0.11773157119750977
168.0,2.0,2.0,0.06203007698059082
126.0,1.0,1.0,0.046176910400390625
219.0,4.0,4.0,0.0790863037109375
788.0,7.0,7.0,0.2998847961425781
524.0,5.0,5.0,0.18755865097045898
148.0,0.0,0.0,0.051454782485961914
80.0,0.0,0.0,0.02934861183166504
160.0,0.0,0.0,0.05791473388671875
68.0,8.0,8.0,0.022858381271362305
126.0,0.0,0.0,0.045072317123413086
684.0,7.0,7.0,0.25295543670654297
103.0,2.0,2.0,0.03653860092163086
416.0,5.0,5.0,0.16316914558410645
153.0,2.0,2.0,0.05834174156188965
74.0,2.0,2.0,0.029065370559692383
163.0,2.0,2.0,0.05783653259277344
489.0,4.0,4.0,0.1734180450439453
161.0,1.0,1.0,0.05785059928894043
296.0,1.0,1.0,0.11248326301574707
358.0,3.0,3.0,0.1325697898864746
484.0,2.0,2.0,0.1855311393737793
153.0,1.0,1.0,0.05469775199890137
277.0,5.0,5.0,0.0996408462524414
1044.0,5.0,5.0,0.38544201850891113
441.0,0.0,0.0,0.1703505516052246
123.0,1.0,1.0,0.04620170593261719
366.0,3.0,3.0,0.1293492317199707
168.0,4.0,4.0,0.07457447052001953
396.0,6.0,6.0,0.15128183364868164
268.0,1.0,1.0,0.10994696617126465
146.0,2.0,2.0,0.05713224411010742
300.0,0.0,0.0,0.11516737937927246
374.0,8.0,8.0,0.13492298126220703
230.0,6.0,6.0,0.08353638648986816
96.0,3.0,3.0,0.03519773483276367
281.0,3.0,3.0,0.10217022895812988
322.0,0.0,0.0,0.12819647789001465
291.0,2.0,2.0,0.1033780574798584
91.0,0.0,0.0,0.032196044921875
269.0,6.0,6.0,0.09644818305969238
503.0,5.0,5.0,0.18499183654785156
217.0,1.0,1.0,0.07789373397827148
192.0,1.0,1.0,0.06955265998840332
255.0,1.0,1.0,0.08937335014343262
251.0,6.0,6.0,0.0897367000579834
338.0,3.0,3.0,0.12069320678710938
347.0,1.0,1.0,0.12475943565368652
351.0,5.0,5.0,0.12731266021728516
242.0,2.0,2.0,0.08127522468566895
1061.0,7.0,7.0,0.38547849655151367
315.0,4.0,4.0,0.11984038352966309
334.0,2.0,2.0,0.1168830394744873
199.0,3.0,3.0,0.06977009773254395
74.0,2.0,2.0,0.02836441993713379
837.0,9.0,9.0,0.3176147937774658
534.0,4.0,4.0,0.1896650791168213
445.0,3.0,3.0,0.15945005416870117
193.0,2.0,2.0,0.07254743576049805
649.0,4.0,4.0,0.25974082946777344
543.0,6.0,6.0,0.2038111686706543
94.0,2.0,2.0,0.03656578063964844
102.0,0.0,0.0,0.04092693328857422
157.0,1.0,1.0,0.07039904594421387
321.0,2.0,2.0,0.11599874496459961
171.0,2.0,2.0,0.05781865119934082
678.0,6.0,6.0,0.25983715057373047
678.0,4.0,4.0,0.2577335834503174
1106.0,6.0,6.0,0.4219779968261719
110.0,2.0,2.0,0.04407167434692383
115.0,2.0,2.0,0.04109930992126465
1252.0,12.0,12.0,0.47594547271728516
162.0,0.0,0.0,0.06183815002441406
840.0,13.0,13.0,0.3161287307739258
408.0,6.0,6.0,0.1619884967803955
723.0,4.0,4.0,0.291409969329834
607.0,3.0,3.0,0.22753643989562988
118.0,2.0,2.0,0.04123210906982422
501.0,4.0,4.0,0.19057035446166992
159.0,7.0,7.0,0.06039261817932129
561.0,5.0,5.0,0.21184325218200684
404.0,10.0,10.0,0.14708948135375977
297.0,2.0,2.0,0.1102745532989502
69.0,2.0,2.0,0.026546478271484375
605.0,7.0,7.0,0.22629904747009277
823.0,10.0,10.0,0.3237876892089844
601.0,4.0,4.0,0.24203038215637207
393.0,4.0,4.0,0.1415421962738037
258.0,0.0,0.0,0.09427857398986816
170.0,3.0,3.0,0.06070375442504883
476.0,2.0,2.0,0.17010903358459473
382.0,1.0,1.0,0.13528847694396973
106.0,3.0,3.0,0.040997982025146484
328.0,13.0,13.0,0.12329840660095215
615.0,15.0,15.0,0.21419095993041992
460.0,4.0,4.0,0.17715072631835938
230.0,4.0,4.0,0.08802604675292969
1071.0,9.0,9.0,0.3917531967163086
322.0,0.0,0.0,0.14380311965942383
78.0,3.0,3.0,0.03322887420654297
163.0,2.0,2.0,0.06719303131103516
380.0,11.0,11.0,0.14877915382385254
322.0,2.0,2.0,0.1271805763244629
52.0,0.0,0.0,0.020562171936035156
174.0,0.0,0.0,0.07005476951599121
198.0,1.0,1.0,0.08646607398986816
602.0,8.0,8.0,0.2418355941772461
157.0,1.0,1.0,0.06228280067443848
1329.0,5.0,5.0,0.5252630710601807
730.0,5.0,5.0,0.2654914855957031
210.0,5.0,5.0,0.0723114013671875
207.0,1.0,1.0,0.07444000244140625
162.0,5.0,5.0,0.055242300033569336
114.0,0.0,0.0,0.04152274131774902
158.0,5.0,5.0,0.05647897720336914
101.0,1.0,1.0,0.03330588340759277
501.0,2.0,2.0,0.17631053924560547
531.0,6.0,6.0,0.18980145454406738
441.0,2.0,2.0,0.15892243385314941
150.0,4.0,4.0,0.05459475517272949
954.0,3.0,3.0,0.35883593559265137
164.0,5.0,5.0,0.061551570892333984
40.0,0.0,0.0,0.01448202133178711
161.0,3.0,3.0,0.06351566314697266
731.0,3.0,3.0,0.27768635749816895
230.0,1.0,1.0,0.09017610549926758
153.0,6.0,6.0,0.06251811981201172
429.0,8.0,8.0,0.1818392276763916
773.0,4.0,4.0,0.28103160858154297
1004.0,3.0,3.0,0.3619425296783447
808.0,3.0,3.0,0.3151233196258545
283.0,2.0,2.0,0.11100196838378906
377.0,6.0,6.0,0.14928817749023438
758.0,3.0,3.0,0.28311896324157715
756.0,9.0,9.0,0.27829718589782715
227.0,4.0,4.0,0.0806114673614502
457.0,2.0,2.0,0.16683053970336914
138.0,1.0,1.0,0.04699206352233887
1167.0,10.0,10.0,0.4519352912902832
136.0,0.0,0.0,0.0506134033203125
161.0,4.0,4.0,0.0613253116607666
1073.0,14.0,14.0,0.40836334228515625
302.0,2.0,2.0,0.11571955680847168
1484.0,19.0,19.0,0.5246591567993164
352.0,7.0,7.0,0.12596392631530762
311.0,6.0,6.0,0.11511850357055664
794.0,6.0,6.0,0.30954504013061523
495.0,3.0,3.0,0.19045376777648926
80.0,2.0,2.0,0.032059431076049805
146.0,4.0,4.0,0.0531766414642334
423.0,3.0,3.0,0.14638757705688477
1848.0,25.0,25.0,0.6889362335205078
80.0,0.0,0.0,0.038217782974243164
389.0,2.0,2.0,0.14781451225280762
380.0,1.0,1.0,0.14608979225158691
292.0,2.0,2.0,0.11878252029418945
149.0,1.0,1.0,0.05333995819091797
224.0,5.0,5.0,0.08046746253967285
857.0,3.0,3.0,0.3371264934539795
222.0,6.0,6.0,0.07455945014953613
363.0,3.0,3.0,0.127058744430542
689.0,7.0,7.0,0.27121520042419434
241.0,3.0,3.0,0.09190082550048828
178.0,2.0,2.0,0.06869220733642578
686.0,3.0,3.0,0.2533378601074219
602.0,4.0,4.0,0.21613216400146484
219.0,3.0,3.0,0.08486342430114746
559.0,3.0,3.0,0.20662713050842285
226.0,0.0,0.0,0.08033537864685059
108.0,1.0,1.0,0.03860592842102051
60.0,2.0,2.0,0.02169013023376465
179.0,2.0,2.0,0.06522011756896973
394.0,7.0,7.0,0.14443039894104004
656.0,7.0,7.0,0.2541196346282959
96.0,1.0,1.0,0.03784894943237305
228.0,3.0,3.0,0.08448386192321777
1893.0,15.0,15.0,0.7376186847686768
1084.0,5.0,5.0,0.3892703056335449
1296.0,4.0,4.0,0.478518009185791
1074.0,20.0,20.0,0.41031908988952637
145.0,0.0,0.0,0.05772805213928223
1012.0,11.0,11.0,0.3768444061279297
325.0,5.0,5.0,0.1257939338684082
288.0,1.0,1.0,0.12117576599121094
306.0,2.0,2.0,0.15826773643493652
139.0,4.0,4.0,0.06963539123535156
314.0,0.0,0.0,0.15699481964111328
169.0,2.0,2.0,0.08211231231689453
138.0,5.0,5.0,0.07300305366516113
218.0,0.0,0.0,0.10946130752563477
138.0,8.0,8.0,0.07424807548522949
72.0,3.0,3.0,0.033930063247680664
810.0,1.0,1.0,0.40789008140563965
158.0,3.0,3.0,0.07404136657714844
304.0,4.0,4.0,0.1495671272277832
136.0,4.0,4.0,0.06408286094665527
750.0,4.0,4.0,0.38674259185791016
126.0,1.0,1.0,0.05962061882019043
194.0,0.0,0.0,0.12903690338134766
548.0,2.0,2.0,0.2766730785369873
343.0,10.0,10.0,0.18240880966186523
317.0,9.0,9.0,0.15848088264465332
494.0,4.0,4.0,0.2588768005371094
401.0,19.0,19.0,0.1879870891571045
351.0,1.0,1.0,0.1744384765625
656.0,1.0,1.0,0.3860197067260742
350.0,7.0,7.0,0.16883420944213867
270.0,4.0,4.0,0.13848066329956055
751.0,5.0,5.0,0.37435078620910645
331.0,6.0,6.0,0.1556839942932129
95.0,1.0,1.0,0.046079397201538086
496.0,1.0,1.0,0.2409381866455078
308.0,6.0,6.0,0.1486201286315918
193.0,0.0,0.0,0.09634876251220703
280.0,3.0,3.0,0.14695191383361816
291.0,7.0,7.0,0.14079737663269043
1445.0,15.0,15.0,0.7856721878051758
37.0,1.0,1.0,0.01781773567199707
153.0,0.0,0.0,0.08164691925048828
269.0,1.0,1.0,0.1271347999572754
1255.0,5.0,5.0,0.6298336982727051
350.0,0.0,0.0,0.1845858097076416
184.0,1.0,1.0,0.08779692649841309
234.0,2.0,2.0,0.11507439613342285
200.0,0.0,0.0,0.08855152130126953
183.0,7.0,7.0,0.09210562705993652
422.0,4.0,4.0,0.2090303897857666
773.0,4.0,4.0,0.38931870460510254
273.0,7.0,7.0,0.13077521324157715
1509.0,10.0,10.0,0.7419681549072266
286.0,4.0,4.0,0.13947796821594238
823.0,2.0,2.0,0.41177797317504883
79.0,1.0,1.0,0.03585457801818848
455.0,2.0,2.0,0.22814106941223145
574.0,5.0,5.0,0.28238701820373535
32.0,1.0,1.0,0.01345515251159668
130.0,0.0,0.0,0.07470917701721191
332.0,2.0,2.0,0.16156911849975586
903.0,6.0,6.0,0.46622729301452637
435.0,6.0,6.0,0.22521567344665527
313.0,6.0,6.0,0.15419673919677734
227.0,4.0,4.0,0.10870170593261719
631.0,1.0,1.0,0.3089864253997803
732.0,5.0,5.0,0.34900951385498047
82.0,1.0,1.0,0.04372978210449219
1006.0,8.0,8.0,0.5094738006591797
224.0,0.0,0.0,0.1268014907836914
276.0,1.0,1.0,0.1340618133544922
90.0,1.0,1.0,0.04930472373962402
397.0,6.0,6.0,0.24042630195617676
185.0,2.0,2.0,0.11285972595214844
1240.0,7.0,7.0,0.7259445190429688
339.0,8.0,8.0,0.16908049583435059
121.0,7.0,7.0,0.05972909927368164
435.0,6.0,6.0,0.21487927436828613
555.0,2.0,2.0,0.30082249641418457
80.0,2.0,2.0,0.036963701248168945
91.0,0.0,0.0,0.04604291915893555
357.0,2.0,2.0,0.18460893630981445
475.0,4.0,4.0,0.23446893692016602
143.0,7.0,7.0,0.07970476150512695
272.0,4.0,4.0,0.14875125885009766
1130.0,10.0,10.0,0.5557582378387451
691.0,8.0,8.0,0.3448607921600342
1384.0,10.0,10.0,0.711205005645752
112.0,2.0,2.0,0.055208683013916016
337.0,2.0,2.0,0.16378045082092285
640.0,4.0,4.0,0.3126986026763916
333.0,9.0,9.0,0.16810202598571777
149.0,1.0,1.0,0.07586479187011719
49.0,1.0,1.0,0.02436542510986328
1044.0,3.0,3.0,0.5241072177886963
193.0,1.0,1.0,0.0926048755645752
58.0,1.0,1.0,0.028849124908447266
63.0,8.0,8.0,0.030438899993896484
751.0,9.0,9.0,0.39467477798461914
352.0,3.0,3.0,0.17438101768493652
845.0,2.0,2.0,0.41168785095214844
282.0,6.0,6.0,0.14272785186767578
222.0,8.0,8.0,0.10852742195129395
305.0,2.0,2.0,0.15857529640197754
462.0,9.0,9.0,0.21725869178771973
977.0,7.0,7.0,0.4921278953552246
211.0,3.0,3.0,0.11227250099182129
468.0,0.0,0.0,0.24964356422424316
81.0,1.0,1.0,0.04258227348327637
150.0,6.0,6.0,0.07783770561218262
69.0,2.0,2.0,0.04131197929382324
754.0,9.0,9.0,0.4072585105895996
1424.0,7.0,7.0,0.7279043197631836
140.0,3.0,3.0,0.07954549789428711
373.0,1.0,1.0,0.2056577205657959
109.0,3.0,3.0,0.05894184112548828
169.0,1.0,1.0,0.10142827033996582
56.0,0.0,0.0,0.03887367248535156
724.0,6.0,6.0,0.36133337020874023
156.0,5.0,5.0,0.08132386207580566
894.0,8.0,8.0,0.45821356773376465
146.0,6.0,6.0,0.07937860488891602
644.0,7.0,7.0,0.32635021209716797
167.0,0.0,0.0,0.0776982307434082
533.0,8.0,8.0,0.26498985290527344
242.0,1.0,1.0,0.12399697303771973
245.0,7.0,7.0,0.12572050094604492
307.0,0.0,0.0,0.15242981910705566
371.0,1.0,1.0,0.17866086959838867
438.0,8.0,8.0,0.21190094947814941
201.0,2.0,2.0,0.10317087173461914
243.0,1.0,1.0,0.14487004280090332
558.0,6.0,6.0,0.27817654609680176
100.0,7.0,7.0,0.05491375923156738
1115.0,10.0,10.0,0.5651726722717285
151.0,11.0,11.0,0.09007620811462402
186.0,0.0,0.0,0.09117889404296875
465.0,3.0,3.0,0.22134828567504883
1145.0,6.0,6.0,0.5782930850982666
745.0,6.0,6.0,0.3660142421722412
364.0,8.0,8.0,0.18326902389526367
119.0,0.0,0.0,0.05621838569641113
665.0,15.0,15.0,0.32033228874206543
835.0,6.0,6.0,0.43851137161254883
161.0,3.0,3.0,0.07000970840454102
1057.0,12.0,12.0,0.547029972076416
390.0,8.0,8.0,0.21198105812072754
235.0,1.0,1.0,0.11544203758239746
647.0,4.0,4.0,0.32205629348754883
237.0,3.0,3.0,0.11780548095703125
68.0,9.0,9.0,0.036516666412353516
217.0,5.0,5.0,0.10788774490356445
360.0,2.0,2.0,0.18854546546936035
494.0,3.0,3.0,0.24691343307495117
160.0,0.0,0.0,0.08215141296386719
46.0,1.0,1.0,0.02425670623779297
95.0,2.0,2.0,0.056940555572509766
510.0,4.0,4.0,0.2499217987060547
1475.0,18.0,18.0,0.7815840244293213
254.0,0.0,0.0,0.12250685691833496
202.0,2.0,2.0,0.09907817840576172
190.0,5.0,5.0,0.10670280456542969
223.0,1.0,1.0,0.10867738723754883
532.0,3.0,3.0,0.2737295627593994
1289.0,3.0,3.0,0.6725873947143555
396.0,3.0,3.0,0.19733262062072754
323.0,2.0,2.0,0.15291643142700195
751.0,2.0,2.0,0.37703371047973633
136.0,5.0,5.0,0.06717157363891602
339.0,1.0,1.0,0.17478704452514648
49.0,2.0,2.0,0.02491474151611328
480.0,2.0,2.0,0.2451951503753662
61.0,0.0,0.0,0.032860517501831055
201.0,1.0,1.0,0.0942080020904541
164.0,4.0,4.0,0.0826711654663086
117.0,3.0,3.0,0.05581331253051758
469.0,3.0,3.0,0.22971677780151367
387.0,6.0,6.0,0.1831209659576416
109.0,3.0,3.0,0.06697630882263184
46.0,5.0,5.0,0.023132801055908203
61.0,3.0,3.0,0.028667688369750977
134.0,0.0,0.0,0.058089494705200195
1162.0,3.0,3.0,0.5873262882232666
108.0,7.0,7.0,0.05318927764892578
820.0,9.0,9.0,0.41360926628112793
241.0,0.0,0.0,0.12035560607910156
435.0,3.0,3.0,0.22478365898132324
242.0,4.0,4.0,0.12103438377380371
735.0,10.0,10.0,0.3640272617340088
534.0,3.0,3.0,0.28230810165405273
195.0,3.0,3.0,0.09318828582763672
198.0,3.0,3.0,0.09856438636779785
496.0,7.0,7.0,0.2397449016571045
700.0,5.0,5.0,0.345491886138916
280.0,5.0,5.0,0.14499711990356445
165.0,3.0,3.0,0.07980489730834961
120.0,2.0,2.0,0.06103968620300293
65.0,0.0,0.0,0.03218555450439453
140.0,4.0,4.0,0.0742347240447998
312.0,2.0,2.0,0.1818699836730957
610.0,4.0,4.0,0.3223593235015869
224.0,5.0,5.0,0.11959600448608398
84.0,3.0,3.0,0.038651466369628906
542.0,7.0,7.0,0.2864375114440918
399.0,7.0,7.0,0.2041637897491455
267.0,2.0,2.0,0.12541437149047852
296.0,5.0,5.0,0.15285468101501465
146.0,4.0,4.0,0.07109761238098145
65.0,3.0,3.0,0.03141975402832031
140.0,1.0,1.0,0.0729665756225586
91.0,2.0,2.0,0.045978546142578125
458.0,4.0,4.0,0.2269277572631836
417.0,5.0,5.0,0.20777630805969238
833.0,4.0,4.0,0.4232664108276367
441.0,10.0,10.0,0.20458006858825684
247.0,1.0,1.0,0.12868785858154297
235.0,3.0,3.0,0.12199544906616211
184.0,6.0,6.0,0.09150266647338867
461.0,8.0,8.0,0.2415635585784912
215.0,5.0,5.0,0.10774469375610352
74.0,1.0,1.0,0.030084609985351562
664.0,6.0,6.0,0.34157299995422363
1217.0,15.0,15.0,0.6276381015777588
288.0,2.0,2.0,0.14070749282836914
433.0,11.0,11.0,0.22088027000427246
75.0,0.0,0.0,0.03780937194824219
325.0,2.0,2.0,0.16288208961486816
319.0,3.0,3.0,0.16171693801879883
124.0,4.0,4.0,0.05544328689575195
100.0,0.0,0.0,0.051163673400878906
256.0,10.0,10.0,0.14357376098632812
189.0,2.0,2.0,0.08559608459472656
456.0,2.0,2.0,0.23245739936828613
371.0,5.0,5.0,0.18516278266906738
1595.0,8.0,8.0,0.813969612121582
97.0,3.0,3.0,0.04702568054199219
149.0,2.0,2.0,0.07580351829528809
178.0,1.0,1.0,0.08778023719787598
181.0,3.0,3.0,0.08989810943603516
390.0,6.0,6.0,0.18764853477478027
1327.0,10.0,10.0,0.6633453369140625
651.0,0.0,0.0,0.32567334175109863
323.0,2.0,2.0,0.16113686561584473
287.0,5.0,5.0,0.14064264297485352
273.0,3.0,3.0,0.1386563777923584
123.0,2.0,2.0,0.06370782852172852
546.0,3.0,3.0,0.2785501480102539
188.0,1.0,1.0,0.09629106521606445
530.0,9.0,9.0,0.26591038703918457
593.0,4.0,4.0,0.2935500144958496
67.0,2.0,2.0,0.034832000732421875
487.0,2.0,2.0,0.2510945796966553
484.0,3.0,3.0,0.25008440017700195
307.0,2.0,2.0,0.16170811653137207
457.0,7.0,7.0,0.20939350128173828
821.0,1.0,1.0,0.3938901424407959
158.0,7.0,7.0,0.08220386505126953
110.0,2.0,2.0,0.05323648452758789
113.0,5.0,5.0,0.053449153900146484
46.0,1.0,1.0,0.022655248641967773
552.0,5.0,5.0,0.29201483726501465
817.0,9.0,9.0,0.3973715305328369
461.0,4.0,4.0,0.2203831672668457
235.0,5.0,5.0,0.11466431617736816
125.0,2.0,2.0,0.06380224227905273
72.0,0.0,0.0,0.03654909133911133
1821.0,8.0,8.0,0.959662675857544
363.0,8.0,8.0,0.17751407623291016
286.0,4.0,4.0,0.13961195945739746
76.0,4.0,4.0,0.04045248031616211
84.0,3.0,3.0,0.042269229888916016
1440.0,11.0,11.0,0.7513272762298584
114.0,0.0,0.0,0.06005239486694336
103.0,1.0,1.0,0.05378246307373047
136.0,2.0,2.0,0.07074427604675293
86.0,1.0,1.0,0.04292035102844238
437.0,4.0,4.0,0.21622490882873535
1369.0,12.0,12.0,0.693310022354126
86.0,0.0,0.0,0.04378843307495117
195.0,1.0,1.0,0.11101174354553223
296.0,6.0,6.0,0.15456891059875488
488.0,7.0,7.0,0.23461031913757324
293.0,4.0,4.0,0.14924073219299316
422.0,4.0,4.0,0.23092341423034668
864.0,1.0,1.0,0.41717004776000977
725.0,9.0,9.0,0.3399379253387451
892.0,9.0,9.0,0.46820545196533203
851.0,4.0,4.0,0.4315149784088135
356.0,2.0,2.0,0.18346619606018066
742.0,6.0,6.0,0.3750476837158203
311.0,3.0,3.0,0.13582706451416016
121.0,0.0,0.0,0.05721545219421387
550.0,1.0,1.0,0.32036638259887695
555.0,7.0,7.0,0.2970256805419922
51.0,0.0,0.0,0.024927139282226562
201.0,1.0,1.0,0.10227656364440918
601.0,6.0,6.0,0.2938232421875
94.0,5.0,5.0,0.04497957229614258
113.0,0.0,0.0,0.05713462829589844
184.0,2.0,2.0,0.09084725379943848
121.0,0.0,0.0,0.06108975410461426
178.0,4.0,4.0,0.08446025848388672
163.0,11.0,11.0,0.07792544364929199
888.0,6.0,6.0,0.46746826171875
889.0,3.0,3.0,0.4983983039855957
339.0,6.0,6.0,0.16565418243408203
492.0,3.0,3.0,0.2523338794708252
733.0,14.0,14.0,0.3673543930053711
98.0,6.0,6.0,0.05260205268859863
442.0,4.0,4.0,0.23082399368286133
884.0,6.0,6.0,0.4573829174041748
181.0,5.0,5.0,0.09647583961486816
756.0,3.0,3.0,0.38378000259399414
968.0,4.0,4.0,0.48246145248413086
359.0,2.0,2.0,0.19272279739379883
167.0,1.0,1.0,0.0836343765258789
91.0,3.0,3.0,0.04814648628234863
245.0,3.0,3.0,0.1332085132598877
259.0,5.0,5.0,0.1336967945098877
331.0,4.0,4.0,0.16785812377929688
55.0,0.0,0.0,0.02546238899230957
721.0,2.0,2.0,0.36379098892211914
147.0,1.0,1.0,0.07460212707519531
434.0,14.0,14.0,0.2221240997314453
567.0,11.0,11.0,0.3011598587036133
211.0,4.0,4.0,0.10750412940979004
281.0,4.0,4.0,0.13942909240722656
668.0,6.0,6.0,0.33351802825927734
434.0,0.0,0.0,0.21120119094848633
824.0,15.0,15.0,0.40903687477111816
1464.0,10.0,10.0,0.7327420711517334
717.0,14.0,14.0,0.3568394184112549
108.0,4.0,4.0,0.05544281005859375
325.0,1.0,1.0,0.15700840950012207
1471.0,11.0,11.0,0.7555828094482422
314.0,3.0,3.0,0.16003060340881348
1674.0,13.0,13.0,0.8782055377960205
180.0,2.0,2.0,0.08419466018676758
387.0,5.0,5.0,0.18655610084533691
736.0,6.0,6.0,0.3699953556060791
60.0,0.0,0.0,0.027946949005126953
129.0,0.0,0.0,0.06551861763000488
253.0,2.0,2.0,0.12975263595581055
118.0,7.0,7.0,0.058439016342163086
486.0,5.0,5.0,0.24892568588256836
80.0,1.0,1.0,0.0433347225189209
405.0,5.0,5.0,0.18371319770812988
491.0,3.0,3.0,0.2559666633605957
344.0,3.0,3.0,0.17920947074890137
538.0,8.0,8.0,0.281109094619751
170.0,1.0,1.0,0.08080053329467773
152.0,2.0,2.0,0.07057428359985352
1661.0,11.0,11.0,0.8095595836639404
201.0,5.0,5.0,0.10077619552612305
432.0,5.0,5.0,0.2150890827178955
480.0,3.0,3.0,0.2475755214691162
620.0,4.0,4.0,0.3285181522369385
527.0,4.0,4.0,0.276843786239624
275.0,6.0,6.0,0.14609169960021973
314.0,4.0,4.0,0.14934062957763672
166.0,7.0,7.0,0.08839058876037598
1012.0,6.0,6.0,0.5099012851715088
163.0,9.0,9.0,0.0824894905090332
1303.0,7.0,7.0,0.6587817668914795
120.0,2.0,2.0,0.06435346603393555
113.0,0.0,0.0,0.05606365203857422
337.0,0.0,0.0,0.17000794410705566
245.0,0.0,0.0,0.11881899833679199
890.0,4.0,4.0,0.45164060592651367
218.0,0.0,0.0,0.11002087593078613
481.0,4.0,4.0,0.23368048667907715
622.0,6.0,6.0,0.32030367851257324
892.0,8.0,8.0,0.45590853691101074
244.0,1.0,1.0,0.12200427055358887
457.0,10.0,10.0,0.23195552825927734
641.0,6.0,6.0,0.3185539245605469
911.0,0.0,0.0,0.47049570083618164
685.0,5.0,5.0,0.3521401882171631
200.0,1.0,1.0,0.11177992820739746
852.0,3.0,3.0,0.4379558563232422
205.0,2.0,2.0,0.09949398040771484
106.0,0.0,0.0,0.05230903625488281
246.0,8.0,8.0,0.13013768196105957
117.0,1.0,1.0,0.061348915100097656
698.0,7.0,7.0,0.3708958625793457
1861.0,15.0,15.0,0.9500858783721924
614.0,5.0,5.0,0.3339529037475586
422.0,2.0,2.0,0.21996307373046875
814.0,1.0,1.0,0.39052367210388184
439.0,4.0,4.0,0.22681617736816406
425.0,10.0,10.0,0.21341943740844727
228.0,5.0,5.0,0.11894536018371582
184.0,3.0,3.0,0.10603880882263184
199.0,0.0,0.0,0.09815549850463867
102.0,1.0,1.0,0.0454862117767334
736.0,5.0,5.0,0.3702683448791504
530.0,9.0,9.0,0.26606273651123047
366.0,7.0,7.0,0.20078825950622559
763.0,4.0,4.0,0.39200592041015625
138.0,0.0,0.0,0.07567882537841797
647.0,7.0,7.0,0.32277345657348633
199.0,2.0,2.0,0.09447574615478516
433.0,3.0,3.0,0.239166259765625
178.0,3.0,3.0,0.10376191139221191
152.0,2.0,2.0,0.07285380363464355
212.0,4.0,4.0,0.10238838195800781
835.0,5.0,5.0,0.42438244819641113
49.0,0.0,0.0,0.026230573654174805
735.0,10.0,10.0,0.3871119022369385
443.0,2.0,2.0,0.21637201309204102
197.0,5.0,5.0,0.0942680835723877
98.0,1.0,1.0,0.05318713188171387
252.0,4.0,4.0,0.12214255332946777
210.0,4.0,4.0,0.10966706275939941
333.0,4.0,4.0,0.16498565673828125
70.0,1.0,1.0,0.03631448745727539
446.0,6.0,6.0,0.22813987731933594
220.0,4.0,4.0,0.10664534568786621
224.0,4.0,4.0,0.10773229598999023
1121.0,2.0,2.0,0.5598294734954834
795.0,4.0,4.0,0.4042215347290039
242.0,5.0,5.0,0.12775540351867676
122.0,2.0,2.0,0.05975222587585449
406.0,5.0,5.0,0.20456814765930176
49.0,0.0,0.0,0.022629737854003906
99.0,5.0,5.0,0.06241488456726074
416.0,11.0,11.0,0.21208739280700684
180.0,0.0,0.0,0.09356141090393066
499.0,14.0,14.0,0.24742341041564941
201.0,11.0,11.0,0.11017751693725586
98.0,2.0,2.0,0.05162763595581055
181.0,0.0,0.0,0.08306455612182617
188.0,2.0,2.0,0.09155535697937012
456.0,8.0,8.0,0.24095392227172852
139.0,0.0,0.0,0.07019639015197754
460.0,4.0,4.0,0.23147845268249512
268.0,9.0,9.0,0.15197277069091797
457.0,6.0,6.0,0.21474671363830566
113.0,1.0,1.0,0.06559133529663086
1623.0,13.0,13.0,0.8239133358001709
68.0,1.0,1.0,0.032713890075683594
275.0,2.0,2.0,0.14513564109802246
102.0,2.0,2.0,0.05121660232543945
786.0,2.0,2.0,0.38416171073913574
366.0,2.0,2.0,0.18569207191467285
738.0,5.0,5.0,0.36352968215942383
83.0,4.0,4.0,0.041169166564941406
112.0,1.0,1.0,0.06670355796813965
162.0,1.0,1.0,0.0948793888092041
645.0,1.0,1.0,0.32674360275268555
1017.0,4.0,4.0,0.5350031852722168
137.0,1.0,1.0,0.08342623710632324
874.0,6.0,6.0,0.43865299224853516
35.0,1.0,1.0,0.01834273338317871
205.0,2.0,2.0,0.0987708568572998
207.0,7.0,7.0,0.10000991821289062
257.0,2.0,2.0,0.13543915748596191
134.0,2.0,2.0,0.0680837631225586
493.0,4.0,4.0,0.25162458419799805
113.0,2.0,2.0,0.05322718620300293
357.0,9.0,9.0,0.16997909545898438
128.0,4.0,4.0,0.06327939033508301
440.0,2.0,2.0,0.21544933319091797
1751.0,6.0,6.0,0.8702704906463623
906.0,7.0,7.0,0.4504270553588867
374.0,2.0,2.0,0.18010163307189941
452.0,3.0,3.0,0.23436188697814941
330.0,3.0,3.0,0.16540241241455078
693.0,8.0,8.0,0.35288071632385254
210.0,0.0,0.0,0.09772324562072754
215.0,7.0,7.0,0.10736203193664551
290.0,1.0,1.0,0.14417147636413574
150.0,2.0,2.0,0.08221769332885742
132.0,2.0,2.0,0.06484818458557129
186.0,4.0,4.0,0.11930012702941895
378.0,4.0,4.0,0.19190073013305664
166.0,6.0,6.0,0.08664727210998535
596.0,5.0,5.0,0.30272960662841797
360.0,0.0,0.0,0.1793653964996338
402.0,5.0,5.0,0.19042563438415527
66.0,0.0,0.0,0.03039717674255371
194.0,6.0,6.0,0.09639453887939453
708.0,3.0,3.0,0.3443572521209717
66.0,1.0,1.0,0.0355982780456543
139.0,0.0,0.0,0.0751030445098877
1390.0,14.0,14.0,0.7116835117340088
181.0,1.0,1.0,0.08216595649719238
129.0,3.0,3.0,0.05506324768066406
781.0,12.0,12.0,0.37971949577331543
494.0,2.0,2.0,0.25269317626953125
885.0,2.0,2.0,0.43160009384155273
217.0,0.0,0.0,0.10891222953796387
260.0,2.0,2.0,0.13135480880737305
365.0,3.0,3.0,0.22415590286254883
512.0,12.0,12.0,0.2702367305755615
267.0,2.0,2.0,0.13355612754821777
299.0,2.0,2.0,0.15008306503295898
215.0,5.0,5.0,0.1125633716583252
103.0,1.0,1.0,0.05237221717834473
713.0,3.0,3.0,0.3768439292907715
517.0,8.0,8.0,0.26057910919189453
1733.0,13.0,13.0,0.86895751953125
65.0,1.0,1.0,0.03213644027709961
562.0,6.0,6.0,0.2896270751953125
239.0,0.0,0.0,0.11698389053344727
209.0,1.0,1.0,0.11157369613647461
113.0,3.0,3.0,0.053537607192993164
531.0,2.0,2.0,0.2593114376068115
420.0,2.0,2.0,0.21761488914489746
197.0,6.0,6.0,0.0967414379119873
1120.0,11.0,11.0,0.5515792369842529
364.0,12.0,12.0,0.1693711280822754
606.0,3.0,3.0,0.3011763095855713
119.0,0.0,0.0,0.057801246643066406
364.0,2.0,2.0,0.18270468711853027
184.0,5.0,5.0,0.10051393508911133
374.0,2.0,2.0,0.2026071548461914
209.0,1.0,1.0,0.10544085502624512
297.0,7.0,7.0,0.15302348136901855
238.0,3.0,3.0,0.11368536949157715
349.0,5.0,5.0,0.1692502498626709
174.0,1.0,1.0,0.08991646766662598
284.0,3.0,3.0,0.14848685264587402
640.0,3.0,3.0,0.3066260814666748
166.0,4.0,4.0,0.08207845687866211
119.0,0.0,0.0,0.07010579109191895
864.0,7.0,7.0,0.4379270076751709
163.0,5.0,5.0,0.07964229583740234
181.0,2.0,2.0,0.08275270462036133
202.0,0.0,0.0,0.09272289276123047
49.0,0.0,0.0,0.024918556213378906
369.0,3.0,3.0,0.17805266380310059
58.0,0.0,0.0,0.036313533782958984
121.0,3.0,3.0,0.06613326072692871
60.0,0.0,0.0,0.027063369750976562
1236.0,12.0,12.0,0.5960092544555664
164.0,8.0,8.0,0.07878613471984863
97.0,5.0,5.0,0.049547433853149414
194.0,3.0,3.0,0.0922551155090332
59.0,2.0,2.0,0.029577255249023438
142.0,0.0,0.0,0.07001948356628418
380.0,4.0,4.0,0.1884768009185791
362.0,4.0,4.0,0.188920259475708
57.0,0.0,0.0,0.030147552490234375
1001.0,6.0,6.0,0.4982929229736328
405.0,7.0,7.0,0.19895315170288086
39.0,0.0,0.0,0.02064657211303711
739.0,2.0,2.0,0.3618619441986084
413.0,2.0,2.0,0.21360206604003906
110.0,0.0,0.0,0.056365966796875
465.0,4.0,4.0,0.23609042167663574
89.0,0.0,0.0,0.04982471466064453
1855.0,5.0,5.0,0.9221811294555664
393.0,4.0,4.0,0.195723295211792
284.0,1.0,1.0,0.13703608512878418
130.0,7.0,7.0,0.06197357177734375
628.0,2.0,2.0,0.34105563163757324
82.0,4.0,4.0,0.04173016548156738
447.0,7.0,7.0,0.22168231010437012
488.0,2.0,2.0,0.259990930557251
385.0,6.0,6.0,0.18737006187438965
164.0,4.0,4.0,0.07377052307128906
223.0,2.0,2.0,0.10966920852661133
311.0,13.0,13.0,0.16756772994995117
171.0,0.0,0.0,0.07402300834655762
173.0,3.0,3.0,0.08274340629577637
498.0,7.0,7.0,0.25232648849487305
190.0,3.0,3.0,0.09192776679992676
150.0,1.0,1.0,0.07843804359436035
224.0,1.0,1.0,0.11265206336975098
426.0,8.0,8.0,0.2307298183441162
542.0,2.0,2.0,0.2704470157623291
805.0,3.0,3.0,0.41896772384643555
271.0,6.0,6.0,0.15005230903625488
169.0,1.0,1.0,0.07965612411499023
462.0,1.0,1.0,0.23241782188415527
622.0,3.0,3.0,0.3310661315917969
495.0,5.0,5.0,0.25234031677246094
82.0,2.0,2.0,0.04170036315917969
226.0,2.0,2.0,0.1151282787322998
387.0,7.0,7.0,0.20714211463928223
219.0,3.0,3.0,0.1129608154296875
270.0,10.0,10.0,0.1435840129852295
83.0,0.0,0.0,0.04190564155578613
128.0,6.0,6.0,0.06904721260070801
310.0,5.0,5.0,0.15680289268493652
67.0,3.0,3.0,0.03235578536987305
633.0,6.0,6.0,0.327167272567749
338.0,4.0,4.0,0.16539764404296875
821.0,3.0,3.0,0.42816638946533203
691.0,5.0,5.0,0.3536562919616699
254.0,4.0,4.0,0.12007546424865723
956.0,5.0,5.0,0.4771904945373535
726.0,10.0,10.0,0.35649800300598145
270.0,2.0,2.0,0.14357209205627441
160.0,0.0,0.0,0.06912851333618164
377.0,3.0,3.0,0.19259285926818848
40.0,0.0,0.0,0.021230697631835938
136.0,4.0,4.0,0.0672311782836914
396.0,7.0,7.0,0.19831323623657227
97.0,2.0,2.0,0.04719185829162598
156.0,3.0,3.0,0.07817649841308594
387.0,5.0,5.0,0.20535588264465332
1400.0,6.0,6.0,0.7001082897186279
223.0,2.0,2.0,0.09840679168701172
179.0,2.0,2.0,0.09464001655578613
389.0,1.0,1.0,0.19845890998840332
820.0,1.0,1.0,0.416287899017334
925.0,8.0,8.0,0.4716975688934326
924.0,6.0,6.0,0.45545506477355957
100.0,0.0,0.0,0.0509793758392334
568.0,3.0,3.0,0.2818121910095215
350.0,2.0,2.0,0.1913607120513916
146.0,6.0,6.0,0.07476067543029785
732.0,10.0,10.0,0.36881136894226074
682.0,3.0,3.0,0.3413264751434326
435.0,2.0,2.0,0.2210700511932373
225.0,1.0,1.0,0.11636233329772949
924.0,5.0,5.0,0.48517537117004395
264.0,2.0,2.0,0.13976407051086426
276.0,0.0,0.0,0.14847254753112793
944.0,4.0,4.0,0.4955911636352539
410.0,3.0,3.0,0.21091175079345703
61.0,2.0,2.0,0.03287672996520996
486.0,3.0,3.0,0.25559544563293457
671.0,6.0,6.0,0.3315730094909668
155.0,4.0,4.0,0.07017922401428223
281.0,5.0,5.0,0.13574552536010742
197.0,3.0,3.0,0.10465621948242188
607.0,2.0,2.0,0.3144083023071289
524.0,6.0,6.0,0.2765798568725586
438.0,5.0,5.0,0.2319180965423584
954.0,10.0,10.0,0.48398494720458984
272.0,4.0,4.0,0.13235139846801758
469.0,7.0,7.0,0.2280266284942627
311.0,5.0,5.0,0.15720629692077637
209.0,0.0,0.0,0.11344647407531738
274.0,7.0,7.0,0.1294870376586914
741.0,1.0,1.0,0.36208629608154297
178.0,2.0,2.0,0.0826725959777832
486.0,5.0,5.0,0.2458653450012207
73.0,1.0,1.0,0.03853297233581543
380.0,2.0,2.0,0.19292187690734863
120.0,7.0,7.0,0.06308436393737793
938.0,7.0,7.0,0.47684144973754883
449.0,5.0,5.0,0.22826361656188965
95.0,6.0,6.0,0.05432438850402832
377.0,2.0,2.0,0.1960608959197998
166.0,2.0,2.0,0.08542227745056152
111.0,5.0,5.0,0.05339956283569336
134.0,10.0,10.0,0.06647157669067383
527.0,2.0,2.0,0.24528741836547852
144.0,0.0,0.0,0.07461762428283691
259.0,2.0,2.0,0.13458967208862305
348.0,5.0,5.0,0.184556245803833
247.0,4.0,4.0,0.12241339683532715
538.0,2.0,2.0,0.27575087547302246
324.0,3.0,3.0,0.15786123275756836
373.0,3.0,3.0,0.1860196590423584
211.0,1.0,1.0,0.1248176097869873
525.0,3.0,3.0,0.2805595397949219
108.0,0.0,0.0,0.05832815170288086
238.0,3.0,3.0,0.12156152725219727
350.0,1.0,1.0,0.17363858222961426
447.0,3.0,3.0,0.23540091514587402
322.0,2.0,2.0,0.15837383270263672
339.0,4.0,4.0,0.1733686923980713
600.0,3.0,3.0,0.3084533214569092
341.0,3.0,3.0,0.1761624813079834
152.0,2.0,2.0,0.07208943367004395
452.0,3.0,3.0,0.24439048767089844
780.0,9.0,9.0,0.4044175148010254
918.0,8.0,8.0,0.4745216369628906
183.0,5.0,5.0,0.10214638710021973
585.0,12.0,12.0,0.3001704216003418
435.0,5.0,5.0,0.22700834274291992
394.0,4.0,4.0,0.2023634910583496
764.0,2.0,2.0,0.38105130195617676
646.0,8.0,8.0,0.3360574245452881
272.0,3.0,3.0,0.13074398040771484
153.0,2.0,2.0,0.07432270050048828
404.0,6.0,6.0,0.20329666137695312
213.0,2.0,2.0,0.12280964851379395
514.0,9.0,9.0,0.24235129356384277
736.0,9.0,9.0,0.3705711364746094
365.0,6.0,6.0,0.17452383041381836
548.0,1.0,1.0,0.2973461151123047
213.0,4.0,4.0,0.10413289070129395
126.0,6.0,6.0,0.069671630859375
276.0,6.0,6.0,0.14183926582336426
103.0,2.0,2.0,0.054110050201416016
250.0,3.0,3.0,0.1350255012512207
153.0,3.0,3.0,0.07827138900756836
55.0,4.0,4.0,0.024118900299072266
428.0,2.0,2.0,0.25963377952575684
59.0,3.0,3.0,0.03220701217651367
310.0,5.0,5.0,0.15973877906799316
168.0,10.0,10.0,0.0835123062133789
166.0,4.0,4.0,0.0879828929901123
120.0,2.0,2.0,0.0657508373260498
298.0,1.0,1.0,0.16005778312683105
171.0,4.0,4.0,0.08415365219116211
929.0,4.0,4.0,0.4836580753326416
506.0,5.0,5.0,0.3010988235473633
913.0,9.0,9.0,0.5802583694458008
335.0,0.0,0.0,0.2040235996246338
340.0,4.0,4.0,0.17174935340881348
75.0,0.0,0.0,0.046684980392456055
740.0,15.0,15.0,0.3861401081085205
412.0,4.0,4.0,0.23071670532226562
207.0,2.0,2.0,0.10564422607421875
455.0,2.0,2.0,0.23876523971557617
68.0,0.0,0.0,0.04122161865234375
78.0,0.0,0.0,0.042344093322753906
75.0,1.0,1.0,0.037877559661865234
202.0,1.0,1.0,0.11038327217102051
284.0,6.0,6.0,0.1577465534210205
591.0,7.0,7.0,0.31024742126464844
298.0,2.0,2.0,0.1395406723022461
780.0,5.0,5.0,0.3977780342102051
564.0,6.0,6.0,0.2867727279663086
996.0,4.0,4.0,0.5153865814208984
555.0,4.0,4.0,0.27687811851501465
898.0,5.0,5.0,0.46610450744628906
52.0,0.0,0.0,0.026136159896850586
442.0,7.0,7.0,0.2138509750366211
463.0,5.0,5.0,0.2426738739013672
650.0,7.0,7.0,0.3262312412261963
563.0,8.0,8.0,0.3099832534790039
233.0,3.0,3.0,0.12037825584411621
380.0,15.0,15.0,0.1880044937133789
655.0,13.0,13.0,0.3398745059967041
123.0,0.0,0.0,0.058190107345581055
325.0,1.0,1.0,0.1548628807067871
360.0,2.0,2.0,0.18207144737243652
591.0,1.0,1.0,0.29717540740966797
152.0,4.0,4.0,0.07684826850891113
698.0,2.0,2.0,0.36975765228271484
122.0,0.0,0.0,0.06222057342529297
91.0,3.0,3.0,0.048087120056152344
133.0,2.0,2.0,0.06129813194274902
1238.0,4.0,4.0,0.6276419162750244
739.0,3.0,3.0,0.3876814842224121
264.0,2.0,2.0,0.13837218284606934
267.0,15.0,15.0,0.12686944007873535
914.0,3.0,3.0,0.4853994846343994
129.0,2.0,2.0,0.07219696044921875
309.0,1.0,1.0,0.17096972465515137
112.0,1.0,1.0,0.0601658821105957
161.0,1.0,1.0,0.09038281440734863
583.0,7.0,7.0,0.297137975692749
156.0,6.0,6.0,0.07697272300720215
1133.0,2.0,2.0,0.6027143001556396
66.0,1.0,1.0,0.03604388236999512
416.0,6.0,6.0,0.20374178886413574
354.0,4.0,4.0,0.1760551929473877
440.0,6.0,6.0,0.22589397430419922
916.0,8.0,8.0,0.45767974853515625
69.0,4.0,4.0,0.033426523208618164
101.0,1.0,1.0,0.046903371810913086
638.0,1.0,1.0,0.32773590087890625
540.0,6.0,6.0,0.2769894599914551
417.0,2.0,2.0,0.21038532257080078
160.0,1.0,1.0,0.08199334144592285
222.0,6.0,6.0,0.1082620620727539
688.0,2.0,2.0,0.33547234535217285
92.0,2.0,2.0,0.05229949951171875
147.0,1.0,1.0,0.07572007179260254
51.0,0.0,0.0,0.027980327606201172
930.0,6.0,6.0,0.4712259769439697
266.0,4.0,4.0,0.13604235649108887
213.0,2.0,2.0,0.11795258522033691
304.0,1.0,1.0,0.158951997756958
138.0,5.0,5.0,0.07791352272033691
1330.0,14.0,14.0,0.6804454326629639
603.0,6.0,6.0,0.30303001403808594
535.0,10.0,10.0,0.2702758312225342
363.0,3.0,3.0,0.1900653839111328
146.0,5.0,5.0,0.07319331169128418
130.0,1.0,1.0,0.06174039840698242
314.0,1.0,1.0,0.16745305061340332
240.0,2.0,2.0,0.1258559226989746
1538.0,8.0,8.0,0.7839436531066895
934.0,9.0,9.0,0.486844539642334
72.0,1.0,1.0,0.04205608367919922
731.0,2.0,2.0,0.36708641052246094
458.0,8.0,8.0,0.21489953994750977
211.0,2.0,2.0,0.10127997398376465
352.0,12.0,12.0,0.17306828498840332
62.0,1.0,1.0,0.033110857009887695
395.0,3.0,3.0,0.20058012008666992
548.0,5.0,5.0,0.2721285820007324
306.0,2.0,2.0,0.15394830703735352
398.0,2.0,2.0,0.19990277290344238
230.0,1.0,1.0,0.11609411239624023
1801.0,11.0,11.0,0.934490442276001
1118.0,7.0,7.0,0.5695819854736328
78.0,6.0,6.0,0.038538217544555664
183.0,7.0,7.0,0.08996748924255371
53.0,1.0,1.0,0.027536392211914062
1148.0,3.0,3.0,0.6063234806060791
695.0,6.0,6.0,0.3399016857147217
78.0,4.0,4.0,0.044043779373168945
193.0,10.0,10.0,0.10591506958007812
78.0,0.0,0.0,0.03901100158691406
260.0,12.0,12.0,0.13312506675720215
456.0,6.0,6.0,0.24092316627502441
428.0,0.0,0.0,0.20791125297546387
1315.0,10.0,10.0,0.6574883460998535
888.0,7.0,7.0,0.47130537033081055
498.0,9.0,9.0,0.2475745677947998
149.0,2.0,2.0,0.07623553276062012
61.0,0.0,0.0,0.028580665588378906
141.0,0.0,0.0,0.07079577445983887
79.0,1.0,1.0,0.0374760627746582
132.0,2.0,2.0,0.06937384605407715
312.0,6.0,6.0,0.1625068187713623
349.0,10.0,10.0,0.16975927352905273
768.0,3.0,3.0,0.39006567001342773
631.0,2.0,2.0,0.30397796630859375
59.0,0.0,0.0,0.028244972229003906
249.0,1.0,1.0,0.13337278366088867
287.0,0.0,0.0,0.14853715896606445
181.0,1.0,1.0,0.09454774856567383
156.0,1.0,1.0,0.07877230644226074
141.0,3.0,3.0,0.08325695991516113
568.0,6.0,6.0,0.2707936763763428
1087.0,5.0,5.0,0.5534508228302002
635.0,5.0,5.0,0.3277010917663574
266.0,1.0,1.0,0.1261436939239502
772.0,2.0,2.0,0.3945934772491455
776.0,8.0,8.0,0.40503716468811035
346.0,4.0,4.0,0.18499445915222168
284.0,4.0,4.0,0.12679123878479004
341.0,3.0,3.0,0.16928982734680176
258.0,6.0,6.0,0.13959622383117676
946.0,3.0,3.0,0.47711920738220215
818.0,11.0,11.0,0.42002058029174805
336.0,1.0,1.0,0.17357563972473145
962.0,4.0,4.0,0.5191144943237305
196.0,3.0,3.0,0.10108470916748047
651.0,6.0,6.0,0.3317584991455078
678.0,4.0,4.0,0.3469200134277344
147.0,1.0,1.0,0.07403707504272461
103.0,0.0,0.0,0.056409597396850586
144.0,3.0,3.0,0.07242155075073242
448.0,6.0,6.0,0.24000144004821777
141.0,7.0,7.0,0.07268452644348145
128.0,1.0,1.0,0.05949664115905762
1246.0,7.0,7.0,0.6436412334442139
82.0,0.0,0.0,0.03950381278991699
583.0,7.0,7.0,0.3214702606201172
527.0,8.0,8.0,0.2519717216491699
626.0,8.0,8.0,0.33707618713378906
310.0,1.0,1.0,0.15738129615783691
68.0,0.0,0.0,0.03317141532897949
352.0,10.0,10.0,0.17511272430419922
368.0,2.0,2.0,0.18660187721252441
773.0,7.0,7.0,0.3776254653930664
740.0,8.0,8.0,0.38489365577697754
903.0,10.0,10.0,0.4616127014160156
1583.0,18.0,18.0,0.7806310653686523
129.0,1.0,1.0,0.06470370292663574
295.0,1.0,1.0,0.15446090698242188
100.0,2.0,2.0,0.05170702934265137
399.0,4.0,4.0,0.19965076446533203
810.0,5.0,5.0,0.405073881149292
281.0,5.0,5.0,0.14428305625915527
499.0,8.0,8.0,0.28224873542785645
1324.0,15.0,15.0,0.666006326675415
429.0,4.0,4.0,0.2207648754119873
145.0,3.0,3.0,0.0654902458190918
1594.0,14.0,14.0,0.8146631717681885
228.0,5.0,5.0,0.11132621765136719
501.0,8.0,8.0,0.25191354751586914
172.0,3.0,3.0,0.08981180191040039
716.0,4.0,4.0,0.35854244232177734
541.0,3.0,3.0,0.2832343578338623
233.0,2.0,2.0,0.1461176872253418
113.0,3.0,3.0,0.06458067893981934
125.0,1.0,1.0,0.06519079208374023
176.0,5.0,5.0,0.09639358520507812
847.0,4.0,4.0,0.4274122714996338
126.0,0.0,0.0,0.06737089157104492
175.0,5.0,5.0,0.10441017150878906
308.0,5.0,5.0,0.15001797676086426
1043.0,9.0,9.0,0.5342452526092529
1075.0,6.0,6.0,0.5507731437683105
352.0,9.0,9.0,0.176025390625
868.0,6.0,6.0,0.4295964241027832
700.0,7.0,7.0,0.35891199111938477
520.0,3.0,3.0,0.28843116760253906
1017.0,8.0,8.0,0.5339515209197998
243.0,1.0,1.0,0.11817145347595215
195.0,6.0,6.0,0.10569143295288086
131.0,2.0,2.0,0.07523512840270996
721.0,5.0,5.0,0.35790348052978516
452.0,3.0,3.0,0.23475432395935059
156.0,1.0,1.0,0.08855319023132324
181.0,0.0,0.0,0.09188985824584961
188.0,4.0,4.0,0.10510730743408203
103.0,2.0,2.0,0.05150341987609863
340.0,3.0,3.0,0.1776440143585205
80.0,1.0,1.0,0.041414737701416016
339.0,5.0,5.0,0.1690213680267334
129.0,8.0,8.0,0.062413692474365234
85.0,4.0,4.0,0.047318458557128906
240.0,3.0,3.0,0.11635804176330566
350.0,9.0,9.0,0.1870129108428955
696.0,6.0,6.0,0.34531474113464355
126.0,2.0,2.0,0.05952644348144531
319.0,4.0,4.0,0.16602587699890137
89.0,1.0,1.0,0.04612112045288086
224.0,5.0,5.0,0.10518050193786621
455.0,8.0,8.0,0.22676801681518555
168.0,5.0,5.0,0.08343172073364258
83.0,0.0,0.0,0.04336357116699219
946.0,5.0,5.0,0.4771292209625244
169.0,1.0,1.0,0.0829017162322998
882.0,2.0,2.0,0.46514248847961426
574.0,2.0,2.0,0.2718653678894043
670.0,6.0,6.0,0.34206461906433105
158.0,3.0,3.0,0.09182405471801758
170.0,6.0,6.0,0.08643746376037598
77.0,2.0,2.0,0.03990983963012695
54.0,0.0,0.0,0.02696967124938965
271.0,3.0,3.0,0.1376340389251709
234.0,2.0,2.0,0.11868882179260254
299.0,2.0,2.0,0.1495368480682373
778.0,12.0,12.0,0.37857747077941895
53.0,0.0,0.0,0.02387690544128418
199.0,2.0,2.0,0.09455132484436035
329.0,3.0,3.0,0.15343022346496582
282.0,0.0,0.0,0.14808058738708496
207.0,4.0,4.0,0.1229085922241211
179.0,1.0,1.0,0.08679413795471191
83.0,0.0,0.0,0.04546236991882324
1153.0,8.0,8.0,0.581787109375
78.0,0.0,0.0,0.03670144081115723
77.0,4.0,4.0,0.038689374923706055
1073.0,8.0,8.0,0.5340094566345215
317.0,3.0,3.0,0.1616370677947998
154.0,1.0,1.0,0.07731389999389648
33.0,0.0,0.0,0.016158580780029297
94.0,4.0,4.0,0.04525041580200195
130.0,5.0,5.0,0.06439638137817383
235.0,2.0,2.0,0.1144568920135498
354.0,9.0,9.0,0.17600393295288086
132.0,0.0,0.0,0.07924556732177734
270.0,2.0,2.0,0.15324091911315918
122.0,0.0,0.0,0.05697035789489746
224.0,0.0,0.0,0.10577392578125
1299.0,12.0,12.0,0.6791908740997314
103.0,0.0,0.0,0.053842782974243164
235.0,3.0,3.0,0.11715149879455566
398.0,0.0,0.0,0.2021496295928955
139.0,0.0,0.0,0.06879734992980957
133.0,6.0,6.0,0.06633496284484863
445.0,1.0,1.0,0.22574925422668457
418.0,8.0,8.0,0.20884203910827637
164.0,7.0,7.0,0.08801651000976562
1174.0,2.0,2.0,0.6904196739196777
201.0,3.0,3.0,0.10473775863647461
1014.0,6.0,6.0,0.5077910423278809
218.0,1.0,1.0,0.10612869262695312
49.0,5.0,5.0,0.026457548141479492
835.0,3.0,3.0,0.4248983860015869
368.0,1.0,1.0,0.1727294921875
695.0,8.0,8.0,0.34616851806640625
309.0,3.0,3.0,0.16443705558776855
383.0,10.0,10.0,0.1805553436279297
112.0,3.0,3.0,0.055071353912353516
450.0,3.0,3.0,0.23952054977416992
315.0,2.0,2.0,0.16704654693603516
417.0,5.0,5.0,0.21339082717895508
464.0,10.0,10.0,0.23609161376953125
580.0,1.0,1.0,0.3010427951812744
162.0,1.0,1.0,0.0834040641784668
68.0,6.0,6.0,0.03489184379577637
333.0,1.0,1.0,0.16477155685424805
189.0,5.0,5.0,0.09833598136901855
242.0,5.0,5.0,0.12108349800109863
593.0,4.0,4.0,0.32092881202697754
391.0,6.0,6.0,0.19605660438537598
535.0,0.0,0.0,0.284503698348999
42.0,0.0,0.0,0.020864009857177734
716.0,10.0,10.0,0.38686132431030273
382.0,3.0,3.0,0.19365429878234863
68.0,2.0,2.0,0.03688168525695801
160.0,5.0,5.0,0.07626628875732422
274.0,4.0,4.0,0.13728618621826172
73.0,0.0,0.0,0.03751111030578613
260.0,1.0,1.0,0.13525080680847168
206.0,3.0,3.0,0.10385489463806152
938.0,2.0,2.0,0.4812784194946289
39.0,1.0,1.0,0.02712726593017578
627.0,6.0,6.0,0.32918834686279297
389.0,3.0,3.0,0.19814610481262207
213.0,1.0,1.0,0.10373926162719727
137.0,2.0,2.0,0.06654930114746094
440.0,1.0,1.0,0.21531128883361816
283.0,0.0,0.0,0.15235567092895508
341.0,2.0,2.0,0.17586326599121094
461.0,2.0,2.0,0.23105072975158691
973.0,10.0,10.0,0.5063972473144531
161.0,4.0,4.0,0.08381152153015137
246.0,3.0,3.0,0.12369656562805176
1514.0,3.0,3.0,0.7853784561157227
423.0,2.0,2.0,0.2211933135986328
148.0,9.0,9.0,0.07067441940307617
899.0,10.0,10.0,0.4664418697357178
310.0,10.0,10.0,0.1536698341369629
229.0,10.0,10.0,0.11790108680725098
69.0,4.0,4.0,0.03397202491760254
356.0,6.0,6.0,0.17737913131713867
64.0,5.0,5.0,0.02861618995666504
1521.0,10.0,10.0,0.7509491443634033
293.0,3.0,3.0,0.144561767578125
145.0,7.0,7.0,0.07254147529602051
130.0,1.0,1.0,0.0628974437713623
701.0,9.0,9.0,0.3415713310241699
972.0,4.0,4.0,0.48464226722717285
596.0,8.0,8.0,0.29921984672546387
540.0,8.0,8.0,0.2774794101715088
263.0,3.0,3.0,0.1380319595336914
259.0,2.0,2.0,0.1358203887939453
184.0,0.0,0.0,0.10037732124328613
1037.0,5.0,5.0,0.5170111656188965
72.0,7.0,7.0,0.0390782356262207
222.0,3.0,3.0,0.10315346717834473
595.0,9.0,9.0,0.29878783226013184
213.0,3.0,3.0,0.11526060104370117
241.0,2.0,2.0,0.12135124206542969
426.0,4.0,4.0,0.20433616638183594
509.0,3.0,3.0,0.26519083976745605
1059.0,9.0,9.0,0.5415971279144287
392.0,1.0,1.0,0.20023036003112793
924.0,7.0,7.0,0.47316694259643555
510.0,5.0,5.0,0.2616701126098633
74.0,1.0,1.0,0.03753185272216797
217.0,4.0,4.0,0.1059415340423584
60.0,0.0,0.0,0.029953956604003906
827.0,5.0,5.0,0.40882372856140137
125.0,1.0,1.0,0.059561967849731445
418.0,6.0,6.0,0.21639275550842285
59.0,0.0,0.0,0.030109405517578125
541.0,7.0,7.0,0.2774996757507324
1352.0,13.0,13.0,0.7004170417785645
753.0,6.0,6.0,0.3749120235443115
277.0,3.0,3.0,0.13865303993225098
60.0,0.0,0.0,0.028797626495361328
315.0,0.0,0.0,0.14994168281555176
873.0,5.0,5.0,0.4517982006072998
651.0,6.0,6.0,0.3218212127685547
465.0,8.0,8.0,0.2588376998901367
106.0,0.0,0.0,0.05306053161621094
260.0,5.0,5.0,0.12797045707702637
506.0,4.0,4.0,0.25086498260498047
132.0,2.0,2.0,0.06108665466308594
312.0,4.0,4.0,0.16382431983947754
100.0,5.0,5.0,0.05151700973510742
410.0,6.0,6.0,0.1961216926574707
470.0,2.0,2.0,0.2468724250793457
167.0,5.0,5.0,0.08413195610046387
705.0,3.0,3.0,0.35688066482543945
117.0,1.0,1.0,0.0626523494720459
47.0,0.0,0.0,0.025809049606323242
332.0,2.0,2.0,0.1712327003479004
499.0,4.0,4.0,0.23983001708984375
564.0,3.0,3.0,0.30237793922424316
1040.0,10.0,10.0,0.5089001655578613
608.0,8.0,8.0,0.31901025772094727
1192.0,17.0,17.0,0.6089520454406738
643.0,5.0,5.0,0.3349597454071045
147.0,4.0,4.0,0.07133984565734863
113.0,4.0,4.0,0.06152844429016113
449.0,4.0,4.0,0.2280418872833252
140.0,0.0,0.0,0.06681275367736816
231.0,2.0,2.0,0.14220476150512695
167.0,1.0,1.0,0.07986092567443848
311.0,4.0,4.0,0.15355968475341797
357.0,5.0,5.0,0.1737227439880371
900.0,8.0,8.0,0.4718630313873291
87.0,3.0,3.0,0.04753470420837402
82.0,1.0,1.0,0.04437541961669922
262.0,3.0,3.0,0.14276742935180664
322.0,0.0,0.0,0.1574385166168213
187.0,1.0,1.0,0.09644389152526855
193.0,0.0,0.0,0.1047828197479248
354.0,5.0,5.0,0.16626644134521484
196.0,1.0,1.0,0.10460233688354492
551.0,8.0,8.0,0.2968180179595947
386.0,4.0,4.0,0.19546103477478027
815.0,6.0,6.0,0.412827730178833
79.0,1.0,1.0,0.04033994674682617
339.0,3.0,3.0,0.16574716567993164
2152.0,11.0,11.0,1.1062631607055664
172.0,2.0,2.0,0.08624792098999023
507.0,9.0,9.0,0.25632810592651367
540.0,2.0,2.0,0.26999688148498535
443.0,6.0,6.0,0.2324538230895996
100.0,4.0,4.0,0.05190849304199219
384.0,3.0,3.0,0.1997063159942627
1573.0,5.0,5.0,0.7797894477844238
100.0,4.0,4.0,0.05955910682678223
915.0,6.0,6.0,0.45288515090942383
244.0,5.0,5.0,0.12752938270568848
109.0,2.0,2.0,0.05346274375915527
223.0,0.0,0.0,0.1158287525177002
544.0,3.0,3.0,0.2740330696105957
60.0,0.0,0.0,0.02841639518737793
184.0,0.0,0.0,0.0951547622680664
1134.0,11.0,11.0,0.5850491523742676
603.0,5.0,5.0,0.3043687343597412
717.0,4.0,4.0,0.3517625331878662
697.0,8.0,8.0,0.3528478145599365
82.0,3.0,3.0,0.040520668029785156
648.0,4.0,4.0,0.31766438484191895
65.0,0.0,0.0,0.03436684608459473
151.0,4.0,4.0,0.08218193054199219
1575.0,7.0,7.0,0.8155570030212402
416.0,7.0,7.0,0.22237181663513184
162.0,4.0,4.0,0.08190178871154785
411.0,1.0,1.0,0.21358728408813477
1469.0,13.0,13.0,0.7312150001525879
304.0,0.0,0.0,0.16177105903625488
778.0,13.0,13.0,0.3996152877807617
1040.0,17.0,17.0,0.5151855945587158
72.0,3.0,3.0,0.03507089614868164
526.0,3.0,3.0,0.26637935638427734
123.0,3.0,3.0,0.06219983100891113
196.0,0.0,0.0,0.09585452079772949
279.0,1.0,1.0,0.1315474510192871
352.0,1.0,1.0,0.17324328422546387
224.0,1.0,1.0,0.11274886131286621
78.0,1.0,1.0,0.039990901947021484
177.0,2.0,2.0,0.08814287185668945
163.0,3.0,3.0,0.07730555534362793
699.0,8.0,8.0,0.34865331649780273
182.0,2.0,2.0,0.10373854637145996
720.0,6.0,6.0,0.3924272060394287
1387.0,4.0,4.0,0.6980264186859131
269.0,2.0,2.0,0.12273192405700684
387.0,1.0,1.0,0.19158411026000977
325.0,3.0,3.0,0.15718770027160645
733.0,2.0,2.0,0.3682868480682373
242.0,1.0,1.0,0.11565017700195312
346.0,2.0,2.0,0.16826963424682617
163.0,4.0,4.0,0.08303022384643555
441.0,13.0,13.0,0.20839405059814453
128.0,0.0,0.0,0.06021547317504883
431.0,2.0,2.0,0.20868825912475586
159.0,0.0,0.0,0.0848543643951416
378.0,2.0,2.0,0.18585991859436035
477.0,6.0,6.0,0.23977160453796387
863.0,8.0,8.0,0.43176817893981934
148.0,2.0,2.0,0.07216715812683105
132.0,4.0,4.0,0.07018589973449707
391.0,1.0,1.0,0.20146799087524414
124.0,1.0,1.0,0.05686140060424805
407.0,4.0,4.0,0.207139253616333
744.0,11.0,11.0,0.35897088050842285
198.0,4.0,4.0,0.09896039962768555
203.0,4.0,4.0,0.09358406066894531
422.0,6.0,6.0,0.2081902027130127
255.0,0.0,0.0,0.11694717407226562
723.0,4.0,4.0,0.366668701171875
290.0,2.0,2.0,0.15565085411071777
548.0,8.0,8.0,0.2777976989746094
510.0,1.0,1.0,0.2420177459716797
198.0,1.0,1.0,0.09672665596008301
264.0,4.0,4.0,0.13307762145996094
185.0,8.0,8.0,0.09022378921508789
603.0,3.0,3.0,0.293102502822876
566.0,3.0,3.0,0.29656243324279785
391.0,8.0,8.0,0.19121718406677246
209.0,3.0,3.0,0.10626888275146484
115.0,5.0,5.0,0.05910444259643555
135.0,1.0,1.0,0.06952071189880371
556.0,1.0,1.0,0.2790970802307129
53.0,3.0,3.0,0.025795698165893555
263.0,1.0,1.0,0.12922453880310059
99.0,0.0,0.0,0.0442659854888916
370.0,7.0,7.0,0.18364477157592773
69.0,3.0,3.0,0.0337224006652832
63.0,0.0,0.0,0.0297396183013916
365.0,0.0,0.0,0.1761183738708496
56.0,0.0,0.0,0.027100801467895508
198.0,0.0,0.0,0.09450936317443848
675.0,2.0,2.0,0.3291196823120117
179.0,3.0,3.0,0.08217549324035645
310.0,3.0,3.0,0.15321946144104004
152.0,0.0,0.0,0.08049798011779785
883.0,5.0,5.0,0.4489455223083496
398.0,6.0,6.0,0.20746588706970215
139.0,3.0,3.0,0.055576324462890625
379.0,2.0,2.0,0.18433880805969238
638.0,5.0,5.0,0.31506967544555664
87.0,1.0,1.0,0.044910430908203125
176.0,0.0,0.0,0.09216952323913574
65.0,4.0,4.0,0.03689098358154297
222.0,0.0,0.0,0.10999488830566406
434.0,7.0,7.0,0.2240898609161377
201.0,2.0,2.0,0.10457444190979004
344.0,10.0,10.0,0.18094420433044434
123.0,0.0,0.0,0.06959724426269531
532.0,10.0,10.0,0.2824892997741699
901.0,11.0,11.0,0.46757030487060547
872.0,8.0,8.0,0.4318099021911621
671.0,8.0,8.0,0.3315255641937256
556.0,5.0,5.0,0.2782585620880127
803.0,6.0,6.0,0.4006001949310303
336.0,1.0,1.0,0.16971945762634277
123.0,4.0,4.0,0.06405115127563477
254.0,8.0,8.0,0.1261296272277832
297.0,4.0,4.0,0.14322996139526367
326.0,4.0,4.0,0.16246533393859863
398.0,4.0,4.0,0.20102357864379883
216.0,4.0,4.0,0.1095743179321289
180.0,4.0,4.0,0.09277486801147461
273.0,11.0,11.0,0.13510656356811523
357.0,4.0,4.0,0.1823735237121582
1068.0,7.0,7.0,0.5531806945800781
404.0,3.0,3.0,0.20367908477783203
178.0,0.0,0.0,0.09166812896728516
168.0,2.0,2.0,0.09415626525878906
278.0,6.0,6.0,0.13210678100585938
217.0,7.0,7.0,0.11507129669189453
281.0,1.0,1.0,0.1436936855316162
281.0,0.0,0.0,0.14631175994873047
134.0,0.0,0.0,0.07080197334289551
390.0,6.0,6.0,0.19012832641601562
153.0,2.0,2.0,0.07513546943664551
513.0,2.0,2.0,0.26869773864746094
436.0,4.0,4.0,0.23851370811462402
45.0,3.0,3.0,0.021658658981323242
49.0,0.0,0.0,0.027826547622680664
147.0,1.0,1.0,0.08952116966247559
100.0,3.0,3.0,0.04930615425109863
194.0,4.0,4.0,0.09539675712585449
351.0,4.0,4.0,0.17880630493164062
707.0,5.0,5.0,0.35544514656066895
803.0,11.0,11.0,0.4127516746520996
78.0,1.0,1.0,0.040174245834350586
93.0,1.0,1.0,0.045995235443115234
467.0,8.0,8.0,0.23075318336486816
341.0,0.0,0.0,0.17862892150878906
71.0,0.0,0.0,0.03691864013671875
169.0,0.0,0.0,0.08800506591796875
281.0,4.0,4.0,0.14106059074401855
594.0,3.0,3.0,0.2862222194671631
574.0,3.0,3.0,0.2838168144226074
242.0,3.0,3.0,0.12394356727600098
677.0,1.0,1.0,0.34562110900878906
1248.0,6.0,6.0,0.6140940189361572
269.0,6.0,6.0,0.12379980087280273
179.0,2.0,2.0,0.08938241004943848
264.0,1.0,1.0,0.13068938255310059
154.0,1.0,1.0,0.08090567588806152
474.0,9.0,9.0,0.2555851936340332
73.0,1.0,1.0,0.03769969940185547
1109.0,6.0,6.0,0.5485262870788574
607.0,5.0,5.0,0.2947423458099365
308.0,0.0,0.0,0.1495656967163086
291.0,9.0,9.0,0.21449565887451172
110.0,1.0,1.0,0.05789947509765625
150.0,3.0,3.0,0.08280730247497559
42.0,2.0,2.0,0.023858070373535156
167.0,4.0,4.0,0.09675216674804688
271.0,7.0,7.0,0.13813352584838867
239.0,3.0,3.0,0.1197664737701416
128.0,1.0,1.0,0.0631256103515625
608.0,6.0,6.0,0.3043694496154785
1013.0,13.0,13.0,0.48601603507995605
153.0,3.0,3.0,0.0819692611694336
174.0,1.0,1.0,0.09250807762145996
107.0,1.0,1.0,0.05248236656188965
653.0,9.0,9.0,0.3291194438934326
812.0,2.0,2.0,0.40564441680908203
269.0,2.0,2.0,0.1400461196899414
562.0,11.0,11.0,0.2842092514038086
183.0,4.0,4.0,0.0929403305053711
180.0,1.0,1.0,0.09165287017822266
41.0,0.0,0.0,0.019818782806396484
54.0,2.0,2.0,0.02756476402282715
1305.0,7.0,7.0,0.6609678268432617
321.0,1.0,1.0,0.15780925750732422
818.0,9.0,9.0,0.3969895839691162
214.0,1.0,1.0,0.10553932189941406
40.0,1.0,1.0,0.017513751983642578
87.0,2.0,2.0,0.04165482521057129
292.0,6.0,6.0,0.14774250984191895
177.0,1.0,1.0,0.10834956169128418
274.0,7.0,7.0,0.13419127464294434
528.0,2.0,2.0,0.291370153427124
721.0,4.0,4.0,0.3688650131225586
111.0,6.0,6.0,0.05388188362121582
435.0,8.0,8.0,0.21403717994689941
563.0,4.0,4.0,0.2793855667114258
187.0,5.0,5.0,0.09516334533691406
359.0,4.0,4.0,0.19109797477722168
594.0,5.0,5.0,0.2966434955596924
259.0,4.0,4.0,0.12587547302246094
760.0,1.0,1.0,0.3708970546722412
137.0,2.0,2.0,0.06952357292175293
113.0,1.0,1.0,0.05461239814758301
156.0,5.0,5.0,0.07645082473754883
241.0,2.0,2.0,0.12176871299743652
245.0,1.0,1.0,0.12714123725891113
451.0,7.0,7.0,0.21894574165344238
63.0,0.0,0.0,0.03012228012084961
438.0,0.0,0.0,0.2178633213043213
366.0,1.0,1.0,0.18311834335327148
46.0,1.0,1.0,0.02257227897644043
142.0,1.0,1.0,0.07169151306152344
386.0,3.0,3.0,0.19139790534973145
641.0,5.0,5.0,0.3133251667022705
876.0,8.0,8.0,0.4368596076965332
433.0,2.0,2.0,0.2259681224822998
331.0,7.0,7.0,0.17299294471740723
191.0,6.0,6.0,0.09652280807495117
195.0,2.0,2.0,0.10251736640930176
618.0,1.0,1.0,0.3121469020843506
1236.0,10.0,10.0,0.6168134212493896
81.0,2.0,2.0,0.04306912422180176
290.0,0.0,0.0,0.14935088157653809
266.0,6.0,6.0,0.14250421524047852
802.0,9.0,9.0,0.411635160446167
160.0,1.0,1.0,0.0832521915435791
707.0,1.0,1.0,0.36957836151123047
618.0,2.0,2.0,0.3056771755218506
402.0,4.0,4.0,0.1915740966796875
58.0,0.0,0.0,0.02988576889038086
394.0,8.0,8.0,0.19465327262878418
148.0,1.0,1.0,0.07370591163635254
480.0,12.0,12.0,0.23739218711853027
173.0,1.0,1.0,0.08397364616394043
385.0,9.0,9.0,0.18804335594177246
513.0,2.0,2.0,0.27087998390197754
223.0,0.0,0.0,0.10421490669250488
618.0,2.0,2.0,0.3084990978240967
623.0,0.0,0.0,0.31130337715148926
137.0,0.0,0.0,0.07105660438537598
375.0,1.0,1.0,0.18603873252868652
827.0,5.0,5.0,0.40268492698669434
561.0,11.0,11.0,0.28085923194885254
97.0,1.0,1.0,0.04896974563598633
504.0,6.0,6.0,0.2502782344818115
37.0,0.0,0.0,0.01656031608581543
382.0,8.0,8.0,0.20151925086975098
174.0,4.0,4.0,0.08212947845458984
853.0,5.0,5.0,0.4236164093017578
447.0,6.0,6.0,0.21919894218444824
141.0,2.0,2.0,0.07188844680786133
483.0,4.0,4.0,0.23430991172790527
540.0,5.0,5.0,0.2925407886505127
101.0,2.0,2.0,0.0511167049407959
695.0,6.0,6.0,0.3520548343658447
81.0,1.0,1.0,0.046033382415771484
71.0,0.0,0.0,0.03512763977050781
453.0,7.0,7.0,0.2181990146636963
275.0,0.0,0.0,0.13695645332336426
407.0,7.0,7.0,0.215501070022583
551.0,9.0,9.0,0.27309751510620117
402.0,1.0,1.0,0.19767165184020996
207.0,2.0,2.0,0.10524606704711914
303.0,4.0,4.0,0.14796113967895508
266.0,5.0,5.0,0.13170623779296875
406.0,2.0,2.0,0.2002878189086914
631.0,5.0,5.0,0.31572842597961426
152.0,1.0,1.0,0.0761404037475586
126.0,3.0,3.0,0.062102317810058594
76.0,3.0,3.0,0.03459572792053223
486.0,8.0,8.0,0.24211645126342773
240.0,2.0,2.0,0.11324381828308105
141.0,3.0,3.0,0.07051753997802734
46.0,1.0,1.0,0.027550220489501953
48.0,0.0,0.0,0.024410486221313477
198.0,4.0,4.0,0.1007997989654541
570.0,3.0,3.0,0.29700613021850586
374.0,3.0,3.0,0.18782877922058105
216.0,5.0,5.0,0.10220146179199219
631.0,5.0,5.0,0.324420690536499
68.0,5.0,5.0,0.037973880767822266
249.0,0.0,0.0,0.13230156898498535
309.0,7.0,7.0,0.1688241958618164
306.0,1.0,1.0,0.15935683250427246
510.0,15.0,15.0,0.2602202892303467
421.0,7.0,7.0,0.21746826171875
407.0,0.0,0.0,0.20524215698242188
66.0,2.0,2.0,0.039917945861816406
122.0,3.0,3.0,0.05743908882141113
259.0,5.0,5.0,0.13749980926513672
131.0,5.0,5.0,0.06216788291931152
144.0,0.0,0.0,0.07466602325439453
375.0,13.0,13.0,0.18471932411193848
562.0,5.0,5.0,0.27375125885009766
343.0,4.0,4.0,0.17026686668395996
280.0,2.0,2.0,0.14147353172302246
558.0,2.0,2.0,0.2745649814605713
130.0,6.0,6.0,0.06306862831115723
619.0,8.0,8.0,0.31752610206604004
76.0,4.0,4.0,0.036783456802368164
817.0,7.0,7.0,0.4069218635559082
391.0,7.0,7.0,0.17528295516967773
1110.0,6.0,6.0,0.57253098487854
881.0,13.0,13.0,0.4410703182220459
1086.0,5.0,5.0,0.5348353385925293
113.0,3.0,3.0,0.05313420295715332
34.0,0.0,0.0,0.016076326370239258
506.0,2.0,2.0,0.2485651969909668
41.0,0.0,0.0,0.020336151123046875
65.0,6.0,6.0,0.030444860458374023
592.0,0.0,0.0,0.29491138458251953
437.0,5.0,5.0,0.22040629386901855
159.0,0.0,0.0,0.08068180084228516
246.0,2.0,2.0,0.12324762344360352
306.0,4.0,4.0,0.15638351440429688
1618.0,14.0,14.0,0.7967407703399658
220.0,2.0,2.0,0.11116766929626465
102.0,4.0,4.0,0.048644065856933594
194.0,3.0,3.0,0.10014629364013672
338.0,2.0,2.0,0.15954852104187012
112.0,3.0,3.0,0.06000709533691406
318.0,2.0,2.0,0.18493437767028809
180.0,0.0,0.0,0.09937214851379395
722.0,8.0,8.0,0.38015270233154297
332.0,6.0,6.0,0.16901278495788574
1133.0,7.0,7.0,0.5456240177154541
693.0,10.0,10.0,0.3464479446411133
228.0,1.0,1.0,0.1094517707824707
215.0,2.0,2.0,0.10470175743103027
341.0,9.0,9.0,0.17762303352355957
579.0,4.0,4.0,0.2933793067932129
53.0,0.0,0.0,0.024917125701904297
632.0,3.0,3.0,0.3260536193847656
129.0,0.0,0.0,0.06689882278442383
210.0,2.0,2.0,0.09967827796936035
902.0,4.0,4.0,0.45238184928894043
144.0,1.0,1.0,0.07708191871643066
359.0,2.0,2.0,0.18928217887878418
85.0,4.0,4.0,0.04636025428771973
631.0,1.0,1.0,0.3107728958129883
230.0,5.0,5.0,0.11050987243652344
420.0,1.0,1.0,0.20818090438842773
917.0,1.0,1.0,0.4591085910797119
950.0,10.0,10.0,0.49408626556396484
881.0,14.0,14.0,0.46317553520202637
81.0,0.0,0.0,0.037206172943115234
787.0,6.0,6.0,0.4107370376586914
826.0,11.0,11.0,0.42561936378479004
36.0,1.0,1.0,0.018827199935913086
1247.0,4.0,4.0,0.6370759010314941
1796.0,13.0,13.0,0.9156157970428467
1320.0,10.0,10.0,0.6723825931549072
199.0,2.0,2.0,0.09589242935180664
379.0,3.0,3.0,0.1976308822631836
119.0,3.0,3.0,0.05716824531555176
258.0,4.0,4.0,0.1320030689239502
464.0,3.0,3.0,0.23366522789001465
104.0,0.0,0.0,0.05521535873413086
94.0,1.0,1.0,0.04763484001159668
1175.0,5.0,5.0,0.5871717929840088
284.0,9.0,9.0,0.14022159576416016
91.0,1.0,1.0,0.04561185836791992
246.0,2.0,2.0,0.11957693099975586
250.0,1.0,1.0,0.13129496574401855
2143.0,13.0,13.0,1.0719835758209229
447.0,6.0,6.0,0.22689318656921387
246.0,1.0,1.0,0.12347126007080078
258.0,6.0,6.0,0.1291356086730957
477.0,6.0,6.0,0.2371816635131836
314.0,0.0,0.0,0.16266894340515137
994.0,8.0,8.0,0.503709077835083
52.0,0.0,0.0,0.02625894546508789
92.0,1.0,1.0,0.04555225372314453
253.0,2.0,2.0,0.12454867362976074
293.0,6.0,6.0,0.1584794521331787
207.0,3.0,3.0,0.1043236255645752
38.0,0.0,0.0,0.018352031707763672
474.0,2.0,2.0,0.23505854606628418
309.0,3.0,3.0,0.15471243858337402
366.0,2.0,2.0,0.1914687156677246
737.0,9.0,9.0,0.3701503276824951
198.0,4.0,4.0,0.09911727905273438
1120.0,5.0,5.0,0.5878331661224365
1459.0,7.0,7.0,0.7802219390869141
702.0,5.0,5.0,0.3754911422729492
328.0,0.0,0.0,0.19467806816101074
1444.0,10.0,10.0,0.7404775619506836
241.0,2.0,2.0,0.12111568450927734
138.0,4.0,4.0,0.0794820785522461
680.0,5.0,5.0,0.3218250274658203
246.0,2.0,2.0,0.12381124496459961
285.0,3.0,3.0,0.15247559547424316
439.0,2.0,2.0,0.26114702224731445
171.0,4.0,4.0,0.11307191848754883
463.0,5.0,5.0,0.24630093574523926
564.0,11.0,11.0,0.2903432846069336
648.0,7.0,7.0,0.3258697986602783
171.0,3.0,3.0,0.10231471061706543
731.0,3.0,3.0,0.36047983169555664
205.0,1.0,1.0,0.1067655086517334
667.0,6.0,6.0,0.3376150131225586
331.0,0.0,0.0,0.17362713813781738
220.0,2.0,2.0,0.10904836654663086
735.0,10.0,10.0,0.37515830993652344
131.0,1.0,1.0,0.06359601020812988
329.0,2.0,2.0,0.1692202091217041
193.0,3.0,3.0,0.09898638725280762
123.0,3.0,3.0,0.05988287925720215
61.0,4.0,4.0,0.029788970947265625
1143.0,9.0,9.0,0.5867929458618164
775.0,7.0,7.0,0.4249436855316162
651.0,1.0,1.0,0.33735060691833496
723.0,6.0,6.0,0.3665008544921875
671.0,3.0,3.0,0.3394627571105957
261.0,7.0,7.0,0.14067745208740234
167.0,3.0,3.0,0.08493494987487793
386.0,1.0,1.0,0.19681239128112793
357.0,9.0,9.0,0.17864632606506348
168.0,8.0,8.0,0.0859684944152832
1136.0,11.0,11.0,0.5783038139343262
82.0,0.0,0.0,0.04188680648803711
1986.0,13.0,13.0,0.9784350395202637
525.0,5.0,5.0,0.25998735427856445
223.0,0.0,0.0,0.11839556694030762
320.0,0.0,0.0,0.1668412685394287
455.0,7.0,7.0,0.2343292236328125
539.0,5.0,5.0,0.2938570976257324
184.0,3.0,3.0,0.0866401195526123
1250.0,6.0,6.0,0.6361606121063232
309.0,3.0,3.0,0.15030860900878906
883.0,4.0,4.0,0.4628582000732422
81.0,0.0,0.0,0.04616403579711914
232.0,4.0,4.0,0.11801958084106445
55.0,4.0,4.0,0.030099868774414062
411.0,1.0,1.0,0.2066650390625
94.0,3.0,3.0,0.042246103286743164
673.0,3.0,3.0,0.326854944229126
908.0,3.0,3.0,0.45109033584594727
109.0,0.0,0.0,0.06485533714294434
78.0,1.0,1.0,0.03777432441711426
926.0,2.0,2.0,0.46153759956359863
945.0,3.0,3.0,0.47815465927124023
64.0,0.0,0.0,0.03000664710998535
64.0,1.0,1.0,0.03329944610595703
64.0,1.0,1.0,0.029701709747314453
177.0,0.0,0.0,0.09104800224304199
335.0,2.0,2.0,0.1684558391571045
95.0,2.0,2.0,0.04749631881713867
540.0,5.0,5.0,0.2671480178833008
218.0,2.0,2.0,0.1096196174621582
152.0,3.0,3.0,0.08885669708251953
416.0,3.0,3.0,0.20837926864624023
240.0,5.0,5.0,0.1239018440246582
577.0,4.0,4.0,0.2840452194213867
166.0,3.0,3.0,0.08102631568908691
344.0,14.0,14.0,0.17328763008117676
97.0,1.0,1.0,0.04838085174560547
573.0,10.0,10.0,0.28331589698791504
938.0,16.0,16.0,0.46532702445983887
615.0,6.0,6.0,0.3138151168823242
439.0,8.0,8.0,0.2315199375152588
324.0,3.0,3.0,0.1595163345336914
905.0,10.0,10.0,0.4363667964935303
659.0,5.0,5.0,0.338698148727417
131.0,1.0,1.0,0.06410717964172363
838.0,6.0,6.0,0.4220154285430908
284.0,4.0,4.0,0.14060187339782715
99.0,2.0,2.0,0.04726982116699219
695.0,6.0,6.0,0.34621667861938477
286.0,3.0,3.0,0.1545243263244629
48.0,1.0,1.0,0.026462316513061523
369.0,4.0,4.0,0.17572665214538574
62.0,1.0,1.0,0.03255629539489746
119.0,2.0,2.0,0.06520557403564453
209.0,3.0,3.0,0.1119692325592041
185.0,1.0,1.0,0.09397315979003906
494.0,3.0,3.0,0.26906728744506836
121.0,5.0,5.0,0.06336379051208496
293.0,4.0,4.0,0.14248371124267578
272.0,5.0,5.0,0.14091825485229492
402.0,9.0,9.0,0.20867347717285156
807.0,5.0,5.0,0.4085054397583008
422.0,4.0,4.0,0.213029146194458
761.0,7.0,7.0,0.3896927833557129
132.0,4.0,4.0,0.06851410865783691
756.0,5.0,5.0,0.3743453025817871
414.0,0.0,0.0,0.21731185913085938
212.0,5.0,5.0,0.10226202011108398
75.0,2.0,2.0,0.04061603546142578
288.0,3.0,3.0,0.15899157524108887
192.0,1.0,1.0,0.09625649452209473
499.0,12.0,12.0,0.2476367950439453
218.0,1.0,1.0,0.11457705497741699
327.0,9.0,9.0,0.187178373336792
559.0,3.0,3.0,0.2761268615722656
112.0,3.0,3.0,0.059668540954589844
602.0,2.0,2.0,0.3030526638031006
104.0,2.0,2.0,0.05473923683166504
993.0,3.0,3.0,0.504835844039917
346.0,7.0,7.0,0.17426037788391113
588.0,2.0,2.0,0.2874183654785156
270.0,1.0,1.0,0.12343716621398926
413.0,2.0,2.0,0.2159895896911621
427.0,1.0,1.0,0.2204735279083252
86.0,2.0,2.0,0.04398345947265625
666.0,7.0,7.0,0.3257718086242676
37.0,1.0,1.0,0.032320261001586914
95.0,3.0,3.0,0.056795597076416016
127.0,0.0,0.0,0.05830788612365723
133.0,7.0,7.0,0.06253719329833984
110.0,0.0,0.0,0.05271005630493164
678.0,8.0,8.0,0.3391263484954834
337.0,1.0,1.0,0.17268753051757812
132.0,0.0,0.0,0.0662236213684082
363.0,2.0,2.0,0.177016019821167
127.0,0.0,0.0,0.05845499038696289
213.0,0.0,0.0,0.10260295867919922
436.0,3.0,3.0,0.23574090003967285
206.0,2.0,2.0,0.11011672019958496
67.0,4.0,4.0,0.04134178161621094
493.0,3.0,3.0,0.24418139457702637
138.0,0.0,0.0,0.06966543197631836
85.0,1.0,1.0,0.039801597595214844
81.0,0.0,0.0,0.04061174392700195
257.0,5.0,5.0,0.13027596473693848
706.0,6.0,6.0,0.3566601276397705
39.0,0.0,0.0,0.01807093620300293
1218.0,11.0,11.0,0.6217048168182373
395.0,8.0,8.0,0.19911694526672363
1765.0,10.0,10.0,0.8900976181030273
367.0,2.0,2.0,0.18034577369689941
542.0,1.0,1.0,0.2732670307159424
504.0,8.0,8.0,0.2605586051940918
584.0,7.0,7.0,0.32076215744018555
1043.0,14.0,14.0,0.5398578643798828
569.0,6.0,6.0,0.28179049491882324
162.0,1.0,1.0,0.07603621482849121
545.0,4.0,4.0,0.2766878604888916
431.0,0.0,0.0,0.22626423835754395
40.0,0.0,0.0,0.019731998443603516
688.0,6.0,6.0,0.36191534996032715
213.0,3.0,3.0,0.111236572265625
456.0,6.0,6.0,0.22676610946655273
798.0,7.0,7.0,0.4084639549255371
885.0,4.0,4.0,0.44504857063293457
91.0,6.0,6.0,0.0460357666015625
337.0,0.0,0.0,0.17502117156982422
832.0,5.0,5.0,0.4374871253967285
410.0,4.0,4.0,0.20299887657165527
84.0,1.0,1.0,0.046817779541015625
595.0,2.0,2.0,0.29865407943725586
715.0,12.0,12.0,0.3642690181732178
504.0,3.0,3.0,0.23363089561462402
117.0,6.0,6.0,0.06032299995422363
631.0,4.0,4.0,0.3088722229003906
77.0,3.0,3.0,0.03793001174926758
852.0,3.0,3.0,0.4246511459350586
276.0,4.0,4.0,0.1326618194580078
342.0,1.0,1.0,0.17830324172973633
449.0,6.0,6.0,0.224320650100708
426.0,10.0,10.0,0.2226870059967041
143.0,0.0,0.0,0.06977510452270508
110.0,2.0,2.0,0.052280426025390625
167.0,6.0,6.0,0.08295822143554688
1361.0,3.0,3.0,0.6847116947174072
568.0,5.0,5.0,0.2662687301635742
335.0,4.0,4.0,0.16582298278808594
424.0,7.0,7.0,0.21345257759094238
1288.0,8.0,8.0,0.6634984016418457
119.0,1.0,1.0,0.05861854553222656
49.0,0.0,0.0,0.02759075164794922
678.0,10.0,10.0,0.3811924457550049
321.0,1.0,1.0,0.15948820114135742
60.0,4.0,4.0,0.03079080581665039
554.0,9.0,9.0,0.2659108638763428
1233.0,2.0,2.0,0.6220481395721436
482.0,3.0,3.0,0.2740776538848877
835.0,11.0,11.0,0.4996473789215088
127.0,5.0,5.0,0.06460881233215332
474.0,3.0,3.0,0.2404317855834961
907.0,9.0,9.0,0.46302151679992676
776.0,8.0,8.0,0.38524508476257324
97.0,0.0,0.0,0.04990696907043457
68.0,1.0,1.0,0.033273935317993164
210.0,1.0,1.0,0.10250401496887207
198.0,2.0,2.0,0.10333847999572754
142.0,3.0,3.0,0.0715951919555664
187.0,0.0,0.0,0.09486222267150879
791.0,7.0,7.0,0.40225815773010254
85.0,2.0,2.0,0.040459394454956055
679.0,1.0,1.0,0.3406245708465576
290.0,3.0,3.0,0.14125823974609375
206.0,3.0,3.0,0.10900235176086426
337.0,1.0,1.0,0.17434978485107422
354.0,9.0,9.0,0.17411518096923828
127.0,1.0,1.0,0.06688094139099121
481.0,8.0,8.0,0.24965620040893555
511.0,2.0,2.0,0.25641870498657227
536.0,4.0,4.0,0.29024672508239746
653.0,6.0,6.0,0.31828975677490234
2002.0,10.0,10.0,1.0386526584625244
488.0,8.0,8.0,0.2397153377532959
101.0,3.0,3.0,0.04514360427856445
162.0,5.0,5.0,0.08115530014038086
1017.0,16.0,16.0,0.5162069797515869
134.0,0.0,0.0,0.06485795974731445
228.0,6.0,6.0,0.1087946891784668
207.0,5.0,5.0,0.10678720474243164
68.0,1.0,1.0,0.035442352294921875
318.0,1.0,1.0,0.158644437789917
205.0,3.0,3.0,0.10137271881103516
1512.0,15.0,15.0,0.7563111782073975
1790.0,6.0,6.0,0.9178469181060791
288.0,2.0,2.0,0.1566324234008789
574.0,9.0,9.0,0.30898213386535645
383.0,6.0,6.0,0.26592159271240234
294.0,4.0,4.0,0.1495988368988037
83.0,2.0,2.0,0.037627458572387695
809.0,4.0,4.0,0.422119140625
135.0,1.0,1.0,0.06531357765197754
184.0,3.0,3.0,0.0920248031616211
297.0,4.0,4.0,0.1484992504119873
1072.0,17.0,17.0,0.5925872325897217
732.0,4.0,4.0,0.40152502059936523
354.0,4.0,4.0,0.1900157928466797
458.0,3.0,3.0,0.20613527297973633
556.0,3.0,3.0,0.2045891284942627
341.0,3.0,3.0,0.1260688304901123
1367.0,12.0,12.0,0.4493861198425293
360.0,1.0,1.0,0.11851835250854492
312.0,2.0,2.0,0.10310649871826172
593.0,7.0,7.0,0.19458746910095215
131.0,1.0,1.0,0.042999982833862305
415.0,1.0,1.0,0.13530921936035156
491.0,3.0,3.0,0.16025209426879883
95.0,3.0,3.0,0.033155202865600586
278.0,1.0,1.0,0.19599390029907227
360.0,1.0,1.0,0.18911409378051758
61.0,0.0,0.0,0.02500009536743164
1342.0,9.0,9.0,0.5056161880493164
147.0,4.0,4.0,0.05100607872009277
262.0,3.0,3.0,0.09406638145446777
377.0,7.0,7.0,0.12903976440429688
621.0,4.0,4.0,0.21317505836486816
248.0,2.0,2.0,0.08161687850952148
411.0,6.0,6.0,0.13897085189819336
434.0,3.0,3.0,0.14403414726257324
463.0,6.0,6.0,0.1563401222229004
209.0,1.0,1.0,0.0711052417755127
216.0,3.0,3.0,0.08315587043762207
99.0,3.0,3.0,0.043000221252441406
237.0,3.0,3.0,0.14400911331176758
292.0,3.0,3.0,0.22169780731201172
422.0,6.0,6.0,0.15305304527282715
426.0,3.0,3.0,0.16057610511779785
136.0,2.0,2.0,0.06452083587646484
783.0,3.0,3.0,0.41448473930358887
468.0,7.0,7.0,0.23112726211547852
181.0,7.0,7.0,0.10614991188049316
100.0,4.0,4.0,0.0580596923828125
207.0,6.0,6.0,0.10804224014282227
81.0,2.0,2.0,0.04702615737915039
337.0,4.0,4.0,0.20209145545959473
417.0,6.0,6.0,0.22510123252868652
485.0,10.0,10.0,0.2650778293609619
120.0,2.0,2.0,0.04999947547912598
385.0,5.0,5.0,0.21509885787963867
85.0,1.0,1.0,0.035516977310180664
663.0,4.0,4.0,0.34255504608154297
205.0,6.0,6.0,0.10806751251220703
104.0,3.0,3.0,0.059049129486083984
1342.0,14.0,14.0,0.504401683807373
456.0,2.0,2.0,166.39102292060852
129.0,0.0,0.0,0.03216552734375
262.0,2.0,2.0,0.06820988655090332
102.0,4.0,4.0,0.060996055603027344
113.0,3.0,3.0,0.0411992073059082
163.0,5.0,5.0,0.05115842819213867
334.0,1.0,1.0,0.12004542350769043
97.0,2.0,2.0,0.037053585052490234
49.0,0.0,0.0,0.016997098922729492
176.0,1.0,1.0,0.056027889251708984
340.0,3.0,3.0,0.10451436042785645
221.0,6.0,6.0,0.0795130729675293
858.0,12.0,12.0,0.22473883628845215
35.0,0.0,0.0,0.009000062942504883
545.0,9.0,9.0,0.13851356506347656
185.0,4.0,4.0,0.047512054443359375
312.0,1.0,1.0,0.08153128623962402
1133.0,6.0,6.0,0.4752931594848633
497.0,4.0,4.0,0.23659062385559082
283.0,0.0,0.0,0.13494539260864258
115.0,2.0,2.0,0.05089712142944336
333.0,2.0,2.0,0.149977445602417
310.0,8.0,8.0,0.15767693519592285
84.0,2.0,2.0,0.051834821701049805
288.0,1.0,1.0,0.13210725784301758
303.0,4.0,4.0,0.14383244514465332
874.0,2.0,2.0,0.3809995651245117
325.0,10.0,10.0,0.1430196762084961
290.0,5.0,5.0,0.13124442100524902
109.0,2.0,2.0,0.04859113693237305
169.0,0.0,0.0,0.06301164627075195
1257.0,7.0,7.0,0.4301331043243408
115.0,0.0,0.0,0.038515567779541016
452.0,6.0,6.0,0.15352749824523926
727.0,10.0,10.0,0.2689096927642822
292.0,7.0,7.0,0.13152146339416504
190.0,6.0,6.0,0.07852005958557129
536.0,2.0,2.0,0.1890430450439453
237.0,2.0,2.0,0.08552098274230957
153.0,2.0,2.0,0.05051684379577637
394.0,6.0,6.0,0.13151812553405762
543.0,6.0,6.0,0.18204021453857422
349.0,1.0,1.0,0.1354503631591797
366.0,4.0,4.0,0.12307238578796387
155.0,2.0,2.0,0.052510738372802734
349.0,6.0,6.0,0.1155250072479248
564.0,2.0,2.0,0.21004772186279297
188.0,5.0,5.0,0.07554173469543457
716.0,5.0,5.0,0.28455495834350586
114.0,5.0,5.0,0.1515359878540039
870.0,9.0,9.0,0.4367814064025879
222.0,3.0,3.0,0.0947120189666748
573.0,4.0,4.0,0.2308790683746338
598.0,9.0,9.0,0.2281665802001953
150.0,5.0,5.0,0.05899667739868164
406.0,4.0,4.0,0.15790653228759766
311.0,4.0,4.0,0.10652732849121094
72.0,4.0,4.0,0.024996042251586914
321.0,1.0,1.0,0.12604975700378418
98.0,0.0,0.0,0.03400015830993652
674.0,1.0,1.0,0.23887848854064941
352.0,4.0,4.0,0.12281179428100586
597.0,2.0,2.0,0.25704479217529297
1163.0,11.0,11.0,0.4133641719818115
99.0,1.0,1.0,0.03552365303039551
926.0,11.0,11.0,0.33155059814453125
356.0,1.0,1.0,0.13682126998901367
580.0,5.0,5.0,0.2527012825012207
56.0,0.0,0.0,0.021996498107910156
443.0,1.0,1.0,0.1623828411102295
422.0,6.0,6.0,0.15068864822387695
401.0,0.0,0.0,0.1505293846130371
95.0,0.0,0.0,0.03700542449951172
1093.0,12.0,12.0,0.39022326469421387
460.0,4.0,4.0,0.1570298671722412
765.0,4.0,4.0,0.25736474990844727
303.0,1.0,1.0,0.103515625
257.0,8.0,8.0,0.08503007888793945
363.0,7.0,7.0,0.12315487861633301
221.0,2.0,2.0,0.07913589477539062
352.0,11.0,11.0,0.12952947616577148
418.0,1.0,1.0,0.14287257194519043
897.0,4.0,4.0,0.32941508293151855
348.0,3.0,3.0,0.12306332588195801
227.0,0.0,0.0,0.08152580261230469
42.0,1.0,1.0,0.017997026443481445
168.0,2.0,2.0,0.06552863121032715
636.0,4.0,4.0,0.21203255653381348
353.0,4.0,4.0,0.11753153800964355
1058.0,11.0,11.0,0.35508298873901367
676.0,3.0,3.0,0.23161625862121582
260.0,3.0,3.0,0.08451986312866211
195.0,5.0,5.0,0.06351399421691895
691.0,10.0,10.0,0.23206448554992676
495.0,1.0,1.0,0.164031982421875
420.0,4.0,4.0,0.13851237297058105
402.0,8.0,8.0,0.13591861724853516
144.0,0.0,0.0,0.047638893127441406
652.0,7.0,7.0,0.2217855453491211
263.0,2.0,2.0,0.08654117584228516
399.0,4.0,4.0,0.13050007820129395
487.0,9.0,9.0,0.16138386726379395
691.0,2.0,2.0,0.2280416488647461
1132.0,11.0,11.0,0.37407827377319336
261.0,3.0,3.0,0.08951735496520996
46.0,1.0,1.0,0.01600193977355957
522.0,1.0,1.0,0.1760396957397461
172.0,2.0,2.0,0.057521820068359375
757.0,3.0,3.0,0.25510716438293457
83.0,1.0,1.0,0.027003049850463867
66.0,2.0,2.0,0.022997140884399414
164.0,1.0,1.0,0.054022789001464844
297.0,1.0,1.0,0.09851884841918945
212.0,0.0,0.0,0.06948971748352051
79.0,0.0,0.0,0.026997804641723633
1587.0,4.0,4.0,0.5361640453338623
686.0,2.0,2.0,0.23003816604614258
392.0,16.0,16.0,0.13152766227722168
637.0,3.0,3.0,0.21080875396728516
102.0,1.0,1.0,0.033000946044921875
655.0,10.0,10.0,0.21904468536376953
131.0,1.0,1.0,0.042523860931396484
60.0,1.0,1.0,0.019998788833618164
126.0,2.0,2.0,0.042999982833862305
101.0,1.0,1.0,0.033519744873046875
746.0,11.0,11.0,0.2450273036956787
1043.0,6.0,6.0,0.3451406955718994
296.0,2.0,2.0,0.09952139854431152
156.0,3.0,3.0,0.05199837684631348
245.0,3.0,3.0,0.0825202465057373
165.0,4.0,4.0,0.055310726165771484
844.0,6.0,6.0,0.2768666744232178
442.0,3.0,3.0,0.14502549171447754
51.0,4.0,4.0,0.016996145248413086
658.0,1.0,1.0,0.22104477882385254
793.0,9.0,9.0,0.2735598087310791
460.0,2.0,2.0,0.15153074264526367
193.0,0.0,0.0,0.06300115585327148
486.0,8.0,8.0,0.16103482246398926
786.0,1.0,1.0,0.2630434036254883
206.0,3.0,3.0,0.06951165199279785
253.0,3.0,3.0,0.08451604843139648
688.0,3.0,3.0,0.23109006881713867
183.0,0.0,0.0,0.0615081787109375
765.0,4.0,4.0,0.25521349906921387
898.0,8.0,8.0,0.29820895195007324
111.0,6.0,6.0,0.03799939155578613
146.0,4.0,4.0,0.04800534248352051
402.0,3.0,3.0,0.13251996040344238
276.0,3.0,3.0,0.09240531921386719
209.0,0.0,0.0,0.0705101490020752
146.0,1.0,1.0,0.0489964485168457
247.0,3.0,3.0,0.08251643180847168
520.0,6.0,6.0,0.18305492401123047
726.0,2.0,2.0,0.2429823875427246
1404.0,10.0,10.0,0.45952606201171875
362.0,6.0,6.0,0.11852097511291504
918.0,10.0,10.0,0.3027935028076172
88.0,0.0,0.0,0.03029918670654297
1609.0,16.0,16.0,0.529472827911377
117.0,3.0,3.0,0.03900313377380371
189.0,3.0,3.0,0.06211137771606445
1115.0,4.0,4.0,0.37147974967956543
60.0,1.0,1.0,0.019002676010131836
1012.0,20.0,20.0,0.3397810459136963
1372.0,5.0,5.0,0.4495532512664795
88.0,2.0,2.0,0.028998613357543945
575.0,4.0,4.0,0.18863964080810547
1258.0,7.0,7.0,0.4171726703643799
140.0,1.0,1.0,0.046517133712768555
1668.0,19.0,19.0,0.5619726181030273
161.0,4.0,4.0,0.055520057678222656
512.0,3.0,3.0,0.1700601577758789
329.0,4.0,4.0,0.11051321029663086
83.0,7.0,7.0,0.028000354766845703
180.0,1.0,1.0,0.06151700019836426
421.0,1.0,1.0,0.1385183334350586
285.0,6.0,6.0,0.09452295303344727
35.0,0.0,0.0,0.012001991271972656
218.0,7.0,7.0,0.07352685928344727
640.0,11.0,11.0,0.2150435447692871
641.0,2.0,2.0,0.21604299545288086
231.0,6.0,6.0,0.07850790023803711
124.0,3.0,3.0,0.042519569396972656
527.0,2.0,2.0,0.17915725708007812
794.0,4.0,4.0,0.26667261123657227
288.0,0.0,0.0,0.09612703323364258
487.0,2.0,2.0,0.16303753852844238
718.0,7.0,7.0,0.24003887176513672
355.0,3.0,3.0,0.11802983283996582
659.0,6.0,6.0,0.22003698348999023
313.0,4.0,4.0,0.10596847534179688
837.0,13.0,13.0,0.28055691719055176
77.0,0.0,0.0,0.025997400283813477
121.0,5.0,5.0,0.04100394248962402
372.0,1.0,1.0,0.12403059005737305
92.0,0.0,0.0,0.030997753143310547
83.0,0.0,0.0,0.02799844741821289
1009.0,7.0,7.0,0.3411526679992676
299.0,0.0,0.0,0.09984040260314941
565.0,6.0,6.0,0.18796324729919434
375.0,7.0,7.0,0.12551665306091309
359.0,2.0,2.0,0.12251567840576172
346.0,4.0,4.0,0.11452341079711914
233.0,5.0,5.0,0.07851386070251465
475.0,3.0,3.0,0.15803790092468262
290.0,0.0,0.0,0.09652113914489746
103.0,0.0,0.0,0.03402280807495117
134.0,2.0,2.0,0.044516801834106445
137.0,0.0,0.0,0.045998334884643555
437.0,9.0,9.0,0.145554780960083
169.0,5.0,5.0,0.05578732490539551
471.0,10.0,10.0,0.15703725814819336
352.0,1.0,1.0,0.11751627922058105
741.0,4.0,4.0,0.24775052070617676
127.0,1.0,1.0,0.04199790954589844
304.0,4.0,4.0,0.10151886940002441
141.0,0.0,0.0,0.047516584396362305
244.0,3.0,3.0,0.08100485801696777
538.0,4.0,4.0,0.18558382987976074
429.0,4.0,4.0,0.14328718185424805
53.0,1.0,1.0,0.017997264862060547
224.0,2.0,2.0,0.07451844215393066
921.0,7.0,7.0,0.3060882091522217
145.0,2.0,2.0,0.04702258110046387
621.0,4.0,4.0,0.20408058166503906
156.0,0.0,0.0,0.05151104927062988
495.0,4.0,4.0,0.16604852676391602
157.0,2.0,2.0,0.05099821090698242
258.0,3.0,3.0,0.0855255126953125
594.0,3.0,3.0,0.19980263710021973
782.0,6.0,6.0,0.25655412673950195
78.0,0.0,0.0,0.0260009765625
492.0,13.0,13.0,0.16111302375793457
1356.0,15.0,15.0,0.44542384147644043
163.0,4.0,4.0,0.052524566650390625
213.0,1.0,1.0,0.06999731063842773
293.0,3.0,3.0,0.09651494026184082
1397.0,8.0,8.0,0.46561336517333984
52.0,3.0,3.0,0.017000436782836914
513.0,5.0,5.0,0.1684129238128662
534.0,5.0,5.0,0.17610716819763184
208.0,3.0,3.0,0.06802248954772949
297.0,1.0,1.0,0.09755659103393555
210.0,1.0,1.0,0.06918597221374512
192.0,0.0,0.0,0.0635366439819336
167.0,0.0,0.0,0.05499982833862305
57.0,1.0,1.0,0.018027544021606445
414.0,0.0,0.0,0.13633251190185547
117.0,3.0,3.0,0.03900027275085449
182.0,0.0,0.0,0.059539794921875
111.0,2.0,2.0,0.03599810600280762
923.0,3.0,3.0,0.30329418182373047
135.0,1.0,1.0,0.044770240783691406
203.0,5.0,5.0,0.06728911399841309
50.0,1.0,1.0,0.016522884368896484
67.0,4.0,4.0,0.021997690200805664
134.0,1.0,1.0,0.045007944107055664
172.0,1.0,1.0,0.05753803253173828
54.0,0.0,0.0,0.017996788024902344
911.0,6.0,6.0,0.2996702194213867
223.0,4.0,4.0,0.07326483726501465
586.0,5.0,5.0,0.1927940845489502
569.0,5.0,5.0,0.1900160312652588
138.0,4.0,4.0,0.045996665954589844
628.0,11.0,11.0,0.20598316192626953
299.0,4.0,4.0,0.09852910041809082
91.0,2.0,2.0,0.0295107364654541
161.0,5.0,5.0,0.05302238464355469
1430.0,8.0,8.0,0.48049354553222656
81.0,0.0,0.0,0.026998043060302734
951.0,13.0,13.0,0.3112344741821289
1250.0,11.0,11.0,0.40819835662841797
404.0,4.0,4.0,0.13160085678100586
53.0,2.0,2.0,0.017976999282836914
81.0,1.0,1.0,0.027005434036254883
89.0,0.0,0.0,0.028556346893310547
227.0,2.0,2.0,0.07398772239685059
66.0,1.0,1.0,0.02151203155517578
127.0,4.0,4.0,0.0409998893737793
259.0,1.0,1.0,0.08582019805908203
299.0,4.0,4.0,0.09852337837219238
499.0,5.0,5.0,0.16338777542114258
492.0,2.0,2.0,0.16258525848388672
262.0,16.0,16.0,0.08655571937561035
560.0,8.0,8.0,0.18312573432922363
207.0,4.0,4.0,0.06760692596435547
1101.0,4.0,4.0,0.35973548889160156
494.0,4.0,4.0,0.16175436973571777
319.0,5.0,5.0,0.10458707809448242
225.0,1.0,1.0,0.0735166072845459
129.0,0.0,0.0,0.04199957847595215
252.0,6.0,6.0,0.08309340476989746
421.0,3.0,3.0,0.13761615753173828
170.0,5.0,5.0,0.055556297302246094
235.0,4.0,4.0,0.0765221118927002
303.0,5.0,5.0,0.09955072402954102
56.0,0.0,0.0,0.017999649047851562
414.0,5.0,5.0,0.1346127986907959
262.0,8.0,8.0,0.08551144599914551
1793.0,10.0,10.0,0.5919570922851562
37.0,1.0,1.0,0.013007164001464844
341.0,2.0,2.0,0.11468863487243652
499.0,7.0,7.0,0.16752982139587402
256.0,8.0,8.0,0.08552765846252441
103.0,0.0,0.0,0.035009145736694336
676.0,6.0,6.0,0.23252105712890625
90.0,3.0,3.0,0.02999734878540039
224.0,1.0,1.0,0.07551693916320801
631.0,7.0,7.0,0.21004581451416016
182.0,0.0,0.0,0.06051754951477051
83.0,0.0,0.0,0.02799820899963379
1028.0,6.0,6.0,0.33766961097717285
373.0,0.0,0.0,0.12427878379821777
288.0,1.0,1.0,0.09651660919189453
288.0,0.0,0.0,0.09651827812194824
104.0,5.0,5.0,0.03500080108642578
237.0,0.0,0.0,0.07952690124511719
875.0,5.0,5.0,0.286710262298584
223.0,13.0,13.0,0.07300376892089844
356.0,4.0,4.0,0.11707377433776855
496.0,5.0,5.0,0.16260981559753418
180.0,6.0,6.0,0.05949258804321289
487.0,5.0,5.0,0.16230297088623047
696.0,3.0,3.0,0.23160362243652344
186.0,2.0,2.0,0.06102800369262695
529.0,7.0,7.0,0.2782294750213623
326.0,4.0,4.0,0.10753726959228516
241.0,3.0,3.0,0.07958507537841797
84.0,2.0,2.0,0.02802872657775879
96.0,2.0,2.0,0.032529354095458984
172.0,1.0,1.0,0.0559999942779541
317.0,11.0,11.0,0.10451722145080566
156.0,7.0,7.0,0.05055642127990723
593.0,4.0,4.0,0.19504237174987793
356.0,2.0,2.0,0.1166069507598877
691.0,6.0,6.0,0.22638249397277832
148.0,6.0,6.0,0.04958653450012207
205.0,4.0,4.0,0.06758475303649902
110.0,3.0,3.0,0.03600025177001953
631.0,5.0,5.0,0.20708346366882324
97.0,2.0,2.0,0.03200078010559082
184.0,1.0,1.0,0.060516357421875
318.0,9.0,9.0,0.10587811470031738
710.0,1.0,1.0,0.23605632781982422
691.0,6.0,6.0,0.2305610179901123
150.0,1.0,1.0,0.049997806549072266
315.0,8.0,8.0,0.10572934150695801
169.0,0.0,0.0,0.05551409721374512
94.0,0.0,0.0,0.03101825714111328
583.0,4.0,4.0,0.19109702110290527
148.0,5.0,5.0,0.04913949966430664
721.0,2.0,2.0,0.23583984375
1157.0,8.0,8.0,0.3800384998321533
1024.0,8.0,8.0,0.3376045227050781
395.0,5.0,5.0,0.1318352222442627
137.0,4.0,4.0,0.04499626159667969
109.0,2.0,2.0,0.03500103950500488
926.0,4.0,4.0,0.30702829360961914
268.0,1.0,1.0,0.08800625801086426
403.0,0.0,0.0,0.1340489387512207
541.0,5.0,5.0,0.18004703521728516
1446.0,9.0,9.0,0.4781465530395508
254.0,1.0,1.0,0.0843510627746582
781.0,17.0,17.0,0.25653529167175293
95.0,0.0,0.0,0.0319974422454834
1401.0,12.0,12.0,0.4598219394683838
242.0,2.0,2.0,0.0805809497833252
84.0,2.0,2.0,0.026999711990356445
895.0,11.0,11.0,0.2940981388092041
650.0,1.0,1.0,0.21512579917907715
105.0,3.0,3.0,0.03402853012084961
331.0,2.0,2.0,0.10813522338867188
496.0,13.0,13.0,0.16450166702270508
501.0,3.0,3.0,0.1670389175415039
404.0,2.0,2.0,0.1351611614227295
428.0,2.0,2.0,0.14406251907348633
720.0,7.0,7.0,0.23905396461486816
149.0,0.0,0.0,0.04951286315917969
851.0,11.0,11.0,0.28064942359924316
147.0,4.0,4.0,0.048532724380493164
540.0,6.0,6.0,0.17696523666381836
63.0,4.0,4.0,0.020999908447265625
147.0,2.0,2.0,0.04902815818786621
459.0,3.0,3.0,0.1513667106628418
152.0,3.0,3.0,0.049832820892333984
1914.0,12.0,12.0,0.6313815116882324
133.0,0.0,0.0,0.044977426528930664
1002.0,9.0,9.0,0.3316934108734131
221.0,5.0,5.0,0.0740041732788086
235.0,1.0,1.0,0.07851076126098633
55.0,1.0,1.0,0.018006086349487305
90.0,2.0,2.0,0.02951669692993164
349.0,6.0,6.0,0.1155843734741211
178.0,1.0,1.0,0.060004472732543945
103.0,3.0,3.0,0.034514427185058594
525.0,3.0,3.0,0.17603659629821777
215.0,3.0,3.0,0.07199859619140625
1171.0,4.0,4.0,0.39314794540405273
182.0,3.0,3.0,0.06321263313293457
80.0,3.0,3.0,0.02683568000793457
1115.0,5.0,5.0,0.36827635765075684
123.0,0.0,0.0,0.04005098342895508
396.0,12.0,12.0,0.1301436424255371
272.0,1.0,1.0,0.09350275993347168
56.0,1.0,1.0,0.018000364303588867
87.0,2.0,2.0,0.029018640518188477
425.0,11.0,11.0,0.14016509056091309
348.0,3.0,3.0,0.11457467079162598
510.0,1.0,1.0,0.17054271697998047
121.0,1.0,1.0,0.040518760681152344
259.0,10.0,10.0,0.08652114868164062
205.0,1.0,1.0,0.06900358200073242
256.0,4.0,4.0,0.08359718322753906
39.0,0.0,0.0,0.013028144836425781
214.0,1.0,1.0,0.07111191749572754
151.0,4.0,4.0,0.05017209053039551
500.0,5.0,5.0,0.16456842422485352
296.0,4.0,4.0,0.09655618667602539
145.0,2.0,2.0,0.04755568504333496
370.0,9.0,9.0,0.12158775329589844
70.0,2.0,2.0,0.022977590560913086
657.0,14.0,14.0,0.22169256210327148
563.0,12.0,12.0,0.18852591514587402
531.0,5.0,5.0,0.1770319938659668
417.0,3.0,3.0,0.13984417915344238
94.0,2.0,2.0,0.031000375747680664
64.0,0.0,0.0,0.020996809005737305
342.0,2.0,2.0,0.11353397369384766
413.0,3.0,3.0,0.13803577423095703
1264.0,1.0,1.0,0.4227461814880371
114.0,2.0,2.0,0.03800821304321289
280.0,1.0,1.0,0.09209823608398438
256.0,4.0,4.0,0.08459234237670898
437.0,2.0,2.0,0.1436629295349121
80.0,1.0,1.0,0.02698063850402832
284.0,5.0,5.0,0.09356951713562012
401.0,8.0,8.0,0.13116455078125
511.0,6.0,6.0,0.16782355308532715
262.0,6.0,6.0,0.08612918853759766
1305.0,12.0,12.0,0.43573880195617676
241.0,4.0,4.0,0.08052730560302734
345.0,8.0,8.0,0.11451387405395508
220.0,1.0,1.0,0.07162046432495117
170.0,1.0,1.0,0.056519508361816406
541.0,2.0,2.0,0.17752385139465332
236.0,5.0,5.0,0.07852530479431152
179.0,0.0,0.0,0.05901002883911133
163.0,7.0,7.0,0.0540008544921875
762.0,7.0,7.0,0.25359368324279785
292.0,1.0,1.0,0.09752750396728516
280.0,5.0,5.0,0.0939946174621582
138.0,5.0,5.0,0.045996904373168945
154.0,1.0,1.0,0.051529645919799805
605.0,6.0,6.0,0.20205950736999512
193.0,5.0,5.0,0.06552839279174805
591.0,0.0,0.0,0.2008378505706787
201.0,5.0,5.0,0.06702184677124023
112.0,0.0,0.0,0.036539554595947266
276.0,5.0,5.0,0.09014248847961426
540.0,2.0,2.0,0.17782044410705566
764.0,10.0,10.0,0.2501225471496582
114.0,0.0,0.0,0.0383915901184082
728.0,3.0,3.0,0.2435750961303711
734.0,2.0,2.0,0.2401719093322754
357.0,6.0,6.0,0.1185445785522461
757.0,6.0,6.0,0.253554105758667
159.0,2.0,2.0,0.05300569534301758
199.0,10.0,10.0,0.06774735450744629
409.0,2.0,2.0,0.1355726718902588
64.0,0.0,0.0,0.021030664443969727
127.0,0.0,0.0,0.04198145866394043
408.0,4.0,4.0,0.13356709480285645
345.0,4.0,4.0,0.1130068302154541
172.0,3.0,3.0,0.057145118713378906
307.0,6.0,6.0,0.10164570808410645
790.0,5.0,5.0,0.2615790367126465
137.0,2.0,2.0,0.046004533767700195
361.0,3.0,3.0,0.11759543418884277
94.0,1.0,1.0,0.030998945236206055
154.0,0.0,0.0,0.05100131034851074
438.0,5.0,5.0,0.14502716064453125
166.0,4.0,4.0,0.0545809268951416
929.0,9.0,9.0,0.30902671813964844
1321.0,9.0,9.0,0.4413599967956543
616.0,9.0,9.0,0.2040421962738037
106.0,1.0,1.0,0.03599858283996582
369.0,6.0,6.0,0.12005329132080078
169.0,0.0,0.0,0.055999040603637695
79.0,1.0,1.0,0.02600550651550293
439.0,4.0,4.0,0.14529180526733398
347.0,10.0,10.0,0.11364912986755371
1649.0,7.0,7.0,0.54117751121521
308.0,1.0,1.0,0.1013941764831543
137.0,4.0,4.0,0.045023202896118164
311.0,3.0,3.0,0.10352802276611328
573.0,4.0,4.0,0.1900770664215088
340.0,4.0,4.0,0.11151504516601562
34.0,0.0,0.0,0.011977434158325195
190.0,0.0,0.0,0.06551766395568848
152.0,3.0,3.0,0.05051088333129883
328.0,4.0,4.0,0.1103057861328125
187.0,0.0,0.0,0.06299710273742676
272.0,9.0,9.0,0.09151816368103027
389.0,5.0,5.0,0.1300368309020996
109.0,6.0,6.0,0.03599905967712402
352.0,0.0,0.0,0.11751985549926758
299.0,3.0,3.0,0.10051798820495605
288.0,4.0,4.0,0.09498715400695801
665.0,5.0,5.0,0.22179245948791504
585.0,0.0,0.0,0.1940605640411377
155.0,3.0,3.0,0.05058765411376953
77.0,1.0,1.0,0.025977611541748047
57.0,1.0,1.0,0.019021987915039062
483.0,10.0,10.0,0.1591043472290039
217.0,1.0,1.0,0.0715169906616211
1611.0,7.0,7.0,0.528400182723999
219.0,3.0,3.0,0.0711374282836914
1278.0,10.0,10.0,0.4193449020385742
282.0,7.0,7.0,0.09258770942687988
165.0,5.0,5.0,0.05399155616760254
270.0,1.0,1.0,0.08904290199279785
166.0,8.0,8.0,0.05449390411376953
105.0,1.0,1.0,0.034002065658569336
639.0,5.0,5.0,0.21097922325134277
1351.0,5.0,5.0,0.44959282875061035
377.0,4.0,4.0,0.12451457977294922
432.0,4.0,4.0,0.14191222190856934
437.0,3.0,3.0,0.14361000061035156
166.0,2.0,2.0,0.05458498001098633
396.0,7.0,7.0,0.13006067276000977
377.0,6.0,6.0,0.12413406372070312
1323.0,5.0,5.0,0.4326822757720947
717.0,13.0,13.0,0.23558330535888672
341.0,5.0,5.0,0.11258578300476074
577.0,8.0,8.0,0.19392919540405273
176.0,4.0,4.0,0.057450294494628906
411.0,7.0,7.0,0.13458561897277832
746.0,6.0,6.0,0.24626779556274414
205.0,2.0,2.0,0.06852221488952637
340.0,7.0,7.0,0.11352682113647461
510.0,2.0,2.0,0.1700587272644043
304.0,3.0,3.0,0.10151553153991699
167.0,0.0,0.0,0.05651712417602539
260.0,3.0,3.0,0.08600497245788574
90.0,2.0,2.0,0.030007600784301758
154.0,2.0,2.0,0.051998138427734375
67.0,0.0,0.0,0.02251291275024414
351.0,6.0,6.0,0.11560392379760742
285.0,1.0,1.0,0.09359478950500488
52.0,0.0,0.0,0.017999887466430664
1779.0,1.0,1.0,0.5824894905090332
74.0,2.0,2.0,0.025223731994628906
459.0,4.0,4.0,0.1586928367614746
176.0,3.0,3.0,0.05899810791015625
306.0,5.0,5.0,0.10252881050109863
224.0,1.0,1.0,0.07452821731567383
527.0,7.0,7.0,0.17705917358398438
160.0,0.0,0.0,0.0530087947845459
109.0,3.0,3.0,0.03651857376098633
1152.0,15.0,15.0,0.38018202781677246
913.0,5.0,5.0,0.29957032203674316
817.0,4.0,4.0,0.2697453498840332
392.0,3.0,3.0,0.12909412384033203
202.0,1.0,1.0,0.0679786205291748
362.0,0.0,0.0,0.12003588676452637
481.0,1.0,1.0,0.16051530838012695
547.0,2.0,2.0,0.18766093254089355
209.0,0.0,0.0,0.0705265998840332
372.0,3.0,3.0,0.12451696395874023
251.0,2.0,2.0,0.08351588249206543
183.0,1.0,1.0,0.06151604652404785
348.0,0.0,0.0,0.11651873588562012
213.0,11.0,11.0,0.07100391387939453
340.0,6.0,6.0,0.11303043365478516
249.0,2.0,2.0,0.08300399780273438
210.0,4.0,4.0,0.06951189041137695
750.0,4.0,4.0,0.24556517601013184
532.0,3.0,3.0,0.17456912994384766
156.0,2.0,2.0,0.05151224136352539
426.0,6.0,6.0,0.1402301788330078
186.0,2.0,2.0,0.06151556968688965
255.0,2.0,2.0,0.08361005783081055
285.0,3.0,3.0,0.09358072280883789
35.0,0.0,0.0,0.010998249053955078
342.0,2.0,2.0,0.11149477958679199
281.0,6.0,6.0,0.09249401092529297
129.0,3.0,3.0,0.04301023483276367
259.0,6.0,6.0,0.08551192283630371
179.0,1.0,1.0,0.05998396873474121
73.0,2.0,2.0,0.025046110153198242
596.0,7.0,7.0,0.1973876953125
215.0,1.0,1.0,0.07151627540588379
932.0,1.0,1.0,0.3076505661010742
773.0,5.0,5.0,0.25272583961486816
138.0,2.0,2.0,0.045981645584106445
1138.0,7.0,7.0,0.3759331703186035
282.0,3.0,3.0,0.09252071380615234
236.0,9.0,9.0,0.07750177383422852
95.0,4.0,4.0,0.031000614166259766
369.0,4.0,4.0,0.12151026725769043
1349.0,13.0,13.0,0.4415130615234375
236.0,0.0,0.0,0.07785868644714355
224.0,1.0,1.0,0.07338666915893555
403.0,6.0,6.0,0.1317591667175293
518.0,8.0,8.0,0.16902637481689453
209.0,2.0,2.0,0.06851315498352051
33.0,0.0,0.0,0.011002779006958008
314.0,8.0,8.0,0.10312366485595703
50.0,1.0,1.0,0.01600360870361328
1307.0,11.0,11.0,0.4294750690460205
221.0,1.0,1.0,0.07399797439575195
447.0,0.0,0.0,0.14884185791015625
522.0,4.0,4.0,0.1721196174621582
293.0,4.0,4.0,0.09764814376831055
374.0,8.0,8.0,0.12508583068847656
313.0,5.0,5.0,0.10452890396118164
253.0,6.0,6.0,0.08452677726745605
371.0,5.0,5.0,0.12251806259155273
177.0,0.0,0.0,0.0585019588470459
34.0,0.0,0.0,0.010999679565429688
700.0,5.0,5.0,0.23004984855651855
360.0,1.0,1.0,0.11820316314697266
262.0,2.0,2.0,0.08555340766906738
100.0,1.0,1.0,0.0330510139465332
556.0,14.0,14.0,0.18619060516357422
140.0,7.0,7.0,0.04653000831604004
243.0,3.0,3.0,0.08151745796203613
1418.0,14.0,14.0,0.47212982177734375
303.0,6.0,6.0,0.0995633602142334
208.0,4.0,4.0,0.06755733489990234
360.0,2.0,2.0,0.1175839900970459
389.0,1.0,1.0,0.12713098526000977
459.0,3.0,3.0,0.15056562423706055
302.0,2.0,2.0,0.0996246337890625
491.0,1.0,1.0,0.16405797004699707
224.0,3.0,3.0,0.07552957534790039
443.0,10.0,10.0,0.14840126037597656
198.0,7.0,7.0,0.06856465339660645
97.0,1.0,1.0,0.03375387191772461
492.0,2.0,2.0,0.16905570030212402
137.0,1.0,1.0,0.04599738121032715
299.0,6.0,6.0,0.09952235221862793
580.0,2.0,2.0,0.19365215301513672
151.0,0.0,0.0,0.04911971092224121
333.0,1.0,1.0,0.10917544364929199
817.0,9.0,9.0,0.2686288356781006
44.0,0.0,0.0,0.014999866485595703
335.0,6.0,6.0,0.1105344295501709
86.0,2.0,2.0,0.028996706008911133
70.0,1.0,1.0,0.023006200790405273
863.0,1.0,1.0,0.2885744571685791
1533.0,12.0,12.0,0.5096521377563477
212.0,2.0,2.0,0.07051825523376465
836.0,10.0,10.0,0.283078670501709
210.0,0.0,0.0,0.06951665878295898
304.0,0.0,0.0,0.09957766532897949
600.0,3.0,3.0,0.197174072265625
61.0,3.0,3.0,0.019999980926513672
264.0,4.0,4.0,0.08658432960510254
98.0,0.0,0.0,0.031999826431274414
112.0,2.0,2.0,0.03758502006530762
192.0,1.0,1.0,0.06300044059753418
177.0,4.0,4.0,0.057587385177612305
72.0,2.0,2.0,0.023996829986572266
1183.0,5.0,5.0,0.39212799072265625
408.0,5.0,5.0,0.13651609420776367
277.0,6.0,6.0,0.09232902526855469
160.0,1.0,1.0,0.05351686477661133
142.0,2.0,2.0,0.0469968318939209
316.0,7.0,7.0,0.10552573204040527
451.0,5.0,5.0,0.15002870559692383
435.0,5.0,5.0,0.1455235481262207
359.0,4.0,4.0,0.1201016902923584
175.0,5.0,5.0,0.058151960372924805
74.0,2.0,2.0,0.02437877655029297
550.0,1.0,1.0,0.18052244186401367
600.0,2.0,2.0,0.20566391944885254
519.0,4.0,4.0,0.1901111602783203
453.0,2.0,2.0,0.16801786422729492
1438.0,6.0,6.0,0.5360798835754395
475.0,9.0,9.0,0.16207218170166016
155.0,3.0,3.0,0.054019927978515625
322.0,8.0,8.0,0.1105337142944336
796.0,8.0,8.0,0.27500343322753906
831.0,5.0,5.0,0.32230329513549805
933.0,17.0,17.0,0.3205995559692383
240.0,3.0,3.0,0.08129549026489258
219.0,7.0,7.0,0.07636809349060059
676.0,5.0,5.0,0.24891114234924316
64.0,3.0,3.0,0.022139549255371094
319.0,2.0,2.0,0.10809969902038574
338.0,4.0,4.0,0.11805391311645508
339.0,3.0,3.0,0.11827349662780762
130.0,4.0,4.0,0.044547080993652344
226.0,1.0,1.0,0.07590222358703613
668.0,4.0,4.0,0.22901535034179688
619.0,5.0,5.0,0.2129814624786377
277.0,4.0,4.0,0.09446048736572266
375.0,3.0,3.0,0.12943220138549805
147.0,3.0,3.0,0.05084514617919922
109.0,2.0,2.0,0.04646420478820801
1263.0,6.0,6.0,0.43768310546875
793.0,8.0,8.0,0.27119016647338867
332.0,5.0,5.0,0.11473512649536133
255.0,1.0,1.0,0.08775067329406738
482.0,5.0,5.0,0.16758418083190918
365.0,2.0,2.0,0.12257242202758789
339.0,0.0,0.0,0.11410999298095703
629.0,4.0,4.0,0.2158067226409912
274.0,8.0,8.0,0.09911298751831055
434.0,2.0,2.0,0.15246200561523438
146.0,2.0,2.0,0.055466413497924805
913.0,1.0,1.0,0.34612226486206055
892.0,11.0,11.0,0.366074800491333
187.0,2.0,2.0,0.0675206184387207
825.0,4.0,4.0,0.2834653854370117
204.0,6.0,6.0,0.07971382141113281
117.0,4.0,4.0,0.03906536102294922
465.0,3.0,3.0,0.1657416820526123
433.0,5.0,5.0,0.18240809440612793
127.0,1.0,1.0,0.055274248123168945
595.0,3.0,3.0,0.24638056755065918
219.0,5.0,5.0,0.09778285026550293
170.0,0.0,0.0,0.06998229026794434
407.0,6.0,6.0,0.17524385452270508
263.0,1.0,1.0,0.09589433670043945
291.0,7.0,7.0,0.10395669937133789
458.0,2.0,2.0,0.1775979995727539
414.0,6.0,6.0,0.15769219398498535
235.0,5.0,5.0,0.08082389831542969
241.0,0.0,0.0,0.08145451545715332
156.0,4.0,4.0,0.05268263816833496
750.0,11.0,11.0,0.2569746971130371
421.0,3.0,3.0,0.1434190273284912
146.0,3.0,3.0,0.04833364486694336
173.0,2.0,2.0,0.05925440788269043
640.0,13.0,13.0,0.22311902046203613
309.0,3.0,3.0,0.10736966133117676
263.0,1.0,1.0,0.09208941459655762
289.0,4.0,4.0,0.10184860229492188
1441.0,14.0,14.0,0.5084860324859619
95.0,7.0,7.0,0.032842159271240234
776.0,9.0,9.0,0.28913354873657227
659.0,8.0,8.0,0.2420330047607422
44.0,4.0,4.0,0.015353918075561523
132.0,1.0,1.0,0.0455625057220459
858.0,2.0,2.0,0.2933058738708496
1183.0,5.0,5.0,0.40224647521972656
141.0,10.0,10.0,0.04819750785827637
809.0,16.0,16.0,0.2825605869293213
327.0,3.0,3.0,0.11065101623535156
199.0,0.0,0.0,0.06761908531188965
563.0,12.0,12.0,0.19405555725097656
373.0,2.0,2.0,0.12785720825195312
284.0,3.0,3.0,0.09681487083435059
139.0,6.0,6.0,0.048632144927978516
425.0,0.0,0.0,0.1644279956817627
1237.0,20.0,20.0,0.4296095371246338
261.0,2.0,2.0,0.08780336380004883
215.0,0.0,0.0,0.07222557067871094
138.0,2.0,2.0,0.04789018630981445
2357.0,17.0,17.0,0.8219530582427979
1391.0,4.0,4.0,0.4716067314147949
338.0,2.0,2.0,0.1171565055847168
91.0,0.0,0.0,0.03059220314025879
115.0,2.0,2.0,0.040342092514038086
207.0,2.0,2.0,0.0929875373840332
471.0,8.0,8.0,0.18102455139160156
850.0,5.0,5.0,0.2902219295501709
267.0,0.0,0.0,0.09021258354187012
119.0,4.0,4.0,0.04129505157470703
415.0,1.0,1.0,0.14397072792053223
1030.0,9.0,9.0,0.3594491481781006
931.0,6.0,6.0,0.32091856002807617
943.0,6.0,6.0,0.33284735679626465
551.0,4.0,4.0,0.18893980979919434
67.0,2.0,2.0,0.022003173828125
546.0,6.0,6.0,0.20745086669921875
228.0,1.0,1.0,0.07996892929077148
271.0,2.0,2.0,0.09326720237731934
66.0,1.0,1.0,0.02308964729309082
211.0,8.0,8.0,0.07152819633483887
250.0,3.0,3.0,0.08540558815002441
282.0,1.0,1.0,0.09458065032958984
621.0,7.0,7.0,0.21739602088928223
86.0,2.0,2.0,0.03015279769897461
1854.0,22.0,22.0,0.6384291648864746
212.0,3.0,3.0,0.07217574119567871
166.0,0.0,0.0,0.05661892890930176
130.0,1.0,1.0,0.04395484924316406
198.0,0.0,0.0,0.08490800857543945
60.0,2.0,2.0,0.029315948486328125
321.0,0.0,0.0,0.10695981979370117
292.0,3.0,3.0,0.10377001762390137
387.0,0.0,0.0,0.1332845687866211
557.0,17.0,17.0,0.2392256259918213
340.0,0.0,0.0,0.11749124526977539
123.0,2.0,2.0,0.04106950759887695
150.0,1.0,1.0,0.051450252532958984
689.0,3.0,3.0,0.24232792854309082
206.0,1.0,1.0,0.0723123550415039
329.0,2.0,2.0,0.11262702941894531
205.0,0.0,0.0,0.06981492042541504
382.0,4.0,4.0,0.12926697731018066
128.0,0.0,0.0,0.05034923553466797
1387.0,10.0,10.0,0.47887420654296875
164.0,4.0,4.0,0.055909156799316406
268.0,2.0,2.0,0.09351873397827148
116.0,0.0,0.0,0.04013800621032715
1005.0,7.0,7.0,0.3407557010650635
1264.0,14.0,14.0,0.49306249618530273
620.0,0.0,0.0,0.2751009464263916
203.0,0.0,0.0,0.08765053749084473
177.0,1.0,1.0,0.07170248031616211
736.0,7.0,7.0,0.281322717666626
200.0,3.0,3.0,0.08313465118408203
676.0,5.0,5.0,0.2542595863342285
617.0,11.0,11.0,0.26979684829711914
128.0,0.0,0.0,0.0556185245513916
46.0,0.0,0.0,0.022081375122070312
169.0,3.0,3.0,0.07327079772949219
524.0,3.0,3.0,0.21500134468078613
484.0,4.0,4.0,0.17307710647583008
1212.0,12.0,12.0,0.45749616622924805
387.0,0.0,0.0,0.13234949111938477
323.0,0.0,0.0,0.11148953437805176
410.0,4.0,4.0,0.13954782485961914
62.0,3.0,3.0,0.02226734161376953
799.0,14.0,14.0,0.2766294479370117
307.0,4.0,4.0,0.10669493675231934
144.0,2.0,2.0,0.04961848258972168
94.0,2.0,2.0,0.03149247169494629
156.0,1.0,1.0,0.05308794975280762
177.0,2.0,2.0,0.0728302001953125
272.0,5.0,5.0,0.09469127655029297
702.0,10.0,10.0,0.2422494888305664
242.0,12.0,12.0,0.0826730728149414
110.0,6.0,6.0,0.03886866569519043
431.0,4.0,4.0,0.1472642421722412
318.0,9.0,9.0,0.11556696891784668
79.0,1.0,1.0,0.027816057205200195
1112.0,4.0,4.0,0.42064642906188965
554.0,8.0,8.0,0.1896052360534668
1007.0,7.0,7.0,0.34613037109375
154.0,4.0,4.0,0.05274224281311035
283.0,3.0,3.0,0.09536528587341309
62.0,0.0,0.0,0.019997596740722656
148.0,1.0,1.0,0.05001640319824219
63.0,3.0,3.0,0.020993947982788086
158.0,4.0,4.0,0.060373544692993164
228.0,1.0,1.0,0.07797694206237793
692.0,4.0,4.0,0.23642253875732422
579.0,11.0,11.0,0.2025160789489746
479.0,6.0,6.0,0.17058348655700684
174.0,4.0,4.0,0.07030892372131348
215.0,1.0,1.0,0.07721400260925293
111.0,4.0,4.0,0.037888526916503906
343.0,5.0,5.0,0.1711587905883789
1011.0,7.0,7.0,0.346843957901001
460.0,3.0,3.0,0.15410804748535156
622.0,4.0,4.0,0.2156832218170166
191.0,2.0,2.0,0.06611371040344238
425.0,0.0,0.0,0.14574217796325684
145.0,1.0,1.0,0.05035090446472168
410.0,1.0,1.0,0.14481019973754883
85.0,0.0,0.0,0.029189586639404297
836.0,1.0,1.0,0.2855651378631592
172.0,1.0,1.0,0.05869340896606445
223.0,9.0,9.0,0.0855400562286377
34.0,0.0,0.0,0.011818408966064453
185.0,0.0,0.0,0.06413793563842773
906.0,10.0,10.0,0.3348872661590576
196.0,0.0,0.0,0.06993460655212402
95.0,0.0,0.0,0.04967522621154785
82.0,1.0,1.0,0.031094074249267578
129.0,3.0,3.0,0.04713940620422363
1161.0,4.0,4.0,0.40367984771728516
186.0,8.0,8.0,0.06610894203186035
124.0,3.0,3.0,0.04200482368469238
540.0,5.0,5.0,0.19051647186279297
207.0,3.0,3.0,0.07236623764038086
555.0,0.0,0.0,0.19235992431640625
273.0,6.0,6.0,0.09690737724304199
106.0,6.0,6.0,0.03726649284362793
235.0,4.0,4.0,0.08243155479431152
258.0,1.0,1.0,0.08897972106933594
625.0,2.0,2.0,0.22286105155944824
179.0,2.0,2.0,0.06204938888549805
210.0,3.0,3.0,0.07224345207214355
68.0,1.0,1.0,0.0236971378326416
49.0,0.0,0.0,0.017597675323486328
586.0,4.0,4.0,0.20282864570617676
278.0,6.0,6.0,0.09391045570373535
165.0,1.0,1.0,0.06856012344360352
209.0,1.0,1.0,0.07923173904418945
139.0,1.0,1.0,0.05293846130371094
187.0,1.0,1.0,0.06340909004211426
87.0,2.0,2.0,0.029274702072143555
3063.0,11.0,11.0,1.0558788776397705
169.0,7.0,7.0,0.06059670448303223
544.0,11.0,11.0,0.21100711822509766
185.0,6.0,6.0,0.06575918197631836
198.0,2.0,2.0,0.07454824447631836
627.0,4.0,4.0,0.22329354286193848
921.0,10.0,10.0,0.33783793449401855
214.0,0.0,0.0,0.07445073127746582
766.0,3.0,3.0,0.26955604553222656
193.0,8.0,8.0,0.07086896896362305
701.0,0.0,0.0,0.23925280570983887
474.0,8.0,8.0,0.15977048873901367
202.0,3.0,3.0,0.06889677047729492
168.0,7.0,7.0,0.05695986747741699
271.0,4.0,4.0,0.09807372093200684
220.0,2.0,2.0,0.07372474670410156
69.0,3.0,3.0,0.024658918380737305
91.0,8.0,8.0,0.03176522254943848
45.0,0.0,0.0,0.016144275665283203
723.0,9.0,9.0,0.2462010383605957
221.0,2.0,2.0,0.07631659507751465
247.0,2.0,2.0,0.08464455604553223
57.0,0.0,0.0,0.02014946937561035
371.0,4.0,4.0,0.13158273696899414
