Timesteps,Collisions,Steps Waited,Real-Time Elapsed
19.0,3.0,3.0,0.00796651840209961
42.0,8.0,8.0,0.011278152465820312
26.0,12.0,12.0,0.007209062576293945
28.0,7.0,7.0,0.012986421585083008
19.0,7.0,7.0,0.004898548126220703
15.0,1.0,1.0,0.0045850276947021484
16.0,4.0,4.0,0.003586292266845703
20.0,4.0,4.0,0.004815578460693359
32.0,6.0,6.0,0.008672237396240234
50.0,3.0,3.0,0.015136241912841797
47.0,11.0,11.0,0.011222600936889648
22.0,5.0,5.0,0.006144523620605469
96.0,13.0,13.0,0.023259639739990234
72.0,9.0,9.0,0.02099895477294922
29.0,7.0,7.0,0.0070002079010009766
17.0,2.0,2.0,0.004048824310302734
44.0,6.0,6.0,0.010997772216796875
58.0,7.0,7.0,0.01651144027709961
29.0,5.0,5.0,0.007762908935546875
24.0,2.0,2.0,0.0061762332916259766
48.0,4.0,4.0,0.01110696792602539
19.0,6.0,6.0,0.004513740539550781
52.0,7.0,7.0,0.013607978820800781
17.0,2.0,2.0,0.00416111946105957
100.0,15.0,15.0,0.024612903594970703
48.0,12.0,12.0,0.011414289474487305
22.0,7.0,7.0,0.005520343780517578
18.0,8.0,8.0,0.0045130252838134766
90.0,11.0,11.0,0.023001670837402344
48.0,14.0,14.0,0.01393890380859375
81.0,6.0,6.0,0.020596742630004883
57.0,8.0,8.0,0.014028310775756836
26.0,5.0,5.0,0.0058214664459228516
38.0,6.0,6.0,0.009751319885253906
16.0,4.0,4.0,0.0039975643157958984
27.0,6.0,6.0,0.006627798080444336
53.0,15.0,15.0,0.012576580047607422
95.0,15.0,15.0,0.02386641502380371
41.0,5.0,5.0,0.012413978576660156
24.0,7.0,7.0,0.0060274600982666016
58.0,8.0,8.0,0.013578176498413086
17.0,4.0,4.0,0.0047016143798828125
55.0,10.0,10.0,0.013295412063598633
21.0,3.0,3.0,0.0049970149993896484
85.0,7.0,7.0,0.03250241279602051
54.0,10.0,10.0,0.015394926071166992
20.0,6.0,6.0,0.0050122737884521484
51.0,9.0,9.0,0.012756586074829102
22.0,4.0,4.0,0.005398988723754883
17.0,2.0,2.0,0.004469633102416992
71.0,8.0,8.0,0.01853346824645996
88.0,11.0,11.0,0.02258777618408203
18.0,2.0,2.0,0.004839420318603516
88.0,3.0,3.0,0.023702383041381836
22.0,4.0,4.0,0.005514621734619141
75.0,15.0,15.0,0.021365880966186523
61.0,7.0,7.0,0.018050670623779297
104.0,11.0,11.0,0.02878594398498535
25.0,4.0,4.0,0.005926847457885742
56.0,9.0,9.0,0.020114421844482422
35.0,9.0,9.0,0.008880376815795898
146.0,20.0,20.0,0.039992570877075195
38.0,4.0,4.0,0.01021122932434082
101.0,20.0,20.0,0.02899909019470215
15.0,1.0,1.0,0.0036716461181640625
17.0,6.0,6.0,0.004741191864013672
34.0,13.0,13.0,0.010504484176635742
24.0,5.0,5.0,0.006394386291503906
23.0,3.0,3.0,0.007989168167114258
14.0,3.0,3.0,0.003683328628540039
46.0,15.0,15.0,0.014767885208129883
91.0,9.0,9.0,0.02492547035217285
15.0,1.0,1.0,0.0036478042602539062
24.0,11.0,11.0,0.006750583648681641
18.0,5.0,5.0,0.004118680953979492
17.0,5.0,5.0,0.00490117073059082
60.0,6.0,6.0,0.015773296356201172
18.0,4.0,4.0,0.0045013427734375
42.0,4.0,4.0,0.010890960693359375
37.0,4.0,4.0,0.010540008544921875
71.0,16.0,16.0,0.019062519073486328
20.0,7.0,7.0,0.005228996276855469
22.0,7.0,7.0,0.004999637603759766
14.0,3.0,3.0,0.004597187042236328
86.0,5.0,5.0,0.020857810974121094
118.0,13.0,13.0,0.03683280944824219
15.0,2.0,2.0,0.004119157791137695
16.0,3.0,3.0,0.003589153289794922
39.0,4.0,4.0,0.009502410888671875
15.0,4.0,4.0,0.003948688507080078
60.0,8.0,8.0,0.016620397567749023
15.0,3.0,3.0,0.0035216808319091797
39.0,6.0,6.0,0.009845256805419922
41.0,7.0,7.0,0.009998559951782227
27.0,6.0,6.0,0.010004997253417969
37.0,15.0,15.0,0.010251045227050781
26.0,7.0,7.0,0.0071773529052734375
114.0,20.0,20.0,0.030696868896484375
18.0,4.0,4.0,0.005507469177246094
46.0,10.0,10.0,0.01044917106628418
24.0,6.0,6.0,0.005987405776977539
27.0,5.0,5.0,0.006604194641113281
34.0,2.0,2.0,0.009986639022827148
27.0,11.0,11.0,0.006635189056396484
92.0,19.0,19.0,0.023550987243652344
83.0,17.0,17.0,0.021447420120239258
80.0,16.0,16.0,0.02000260353088379
23.0,5.0,5.0,0.005409717559814453
21.0,6.0,6.0,0.005591869354248047
16.0,2.0,2.0,0.003518342971801758
61.0,2.0,2.0,0.01511240005493164
34.0,3.0,3.0,0.008843660354614258
33.0,5.0,5.0,0.007231712341308594
39.0,7.0,7.0,0.009768247604370117
18.0,4.0,4.0,0.005203723907470703
65.0,12.0,12.0,0.016341209411621094
38.0,5.0,5.0,0.008876323699951172
49.0,5.0,5.0,0.011693239212036133
43.0,11.0,11.0,0.011158943176269531
14.0,4.0,4.0,0.00549626350402832
53.0,8.0,8.0,0.014412879943847656
61.0,11.0,11.0,0.015728473663330078
62.0,10.0,10.0,0.015860795974731445
57.0,6.0,6.0,0.0160524845123291
23.0,4.0,4.0,0.005999565124511719
84.0,12.0,12.0,0.021117448806762695
49.0,7.0,7.0,0.01449894905090332
36.0,2.0,2.0,0.008324861526489258
45.0,10.0,10.0,0.01177978515625
28.0,7.0,7.0,0.007917404174804688
174.0,22.0,22.0,0.04769158363342285
13.0,2.0,2.0,0.0025730133056640625
24.0,7.0,7.0,0.008509159088134766
80.0,5.0,5.0,0.02005767822265625
62.0,4.0,4.0,0.0155792236328125
16.0,2.0,2.0,0.004007816314697266
37.0,7.0,7.0,0.009404420852661133
14.0,2.0,2.0,0.0040111541748046875
88.0,7.0,7.0,0.025760173797607422
61.0,18.0,18.0,0.015154361724853516
12.0,1.0,1.0,0.0028426647186279297
25.0,6.0,6.0,0.006424903869628906
35.0,6.0,6.0,0.009139060974121094
53.0,3.0,3.0,0.013694047927856445
28.0,5.0,5.0,0.006763935089111328
41.0,8.0,8.0,0.011510610580444336
39.0,7.0,7.0,0.009318828582763672
26.0,7.0,7.0,0.0058879852294921875
12.0,1.0,1.0,0.0043544769287109375
32.0,4.0,4.0,0.010117530822753906
69.0,20.0,20.0,0.01836395263671875
21.0,4.0,4.0,0.004998445510864258
21.0,9.0,9.0,0.005007743835449219
69.0,8.0,8.0,0.02070164680480957
23.0,5.0,5.0,0.008048295974731445
24.0,3.0,3.0,0.00708770751953125
22.0,6.0,6.0,0.0050525665283203125
22.0,7.0,7.0,0.007061958312988281
20.0,7.0,7.0,0.006000041961669922
179.0,13.0,13.0,0.045684814453125
63.0,8.0,8.0,0.014982461929321289
47.0,4.0,4.0,0.013523578643798828
121.0,11.0,11.0,0.029117584228515625
25.0,5.0,5.0,0.005739927291870117
38.0,4.0,4.0,0.00906515121459961
44.0,4.0,4.0,0.009997129440307617
14.0,2.0,2.0,0.003612041473388672
28.0,5.0,5.0,0.006514072418212891
15.0,4.0,4.0,0.003998756408691406
23.0,5.0,5.0,0.005568265914916992
25.0,7.0,7.0,0.005952358245849609
63.0,11.0,11.0,0.01591968536376953
42.0,12.0,12.0,0.009997367858886719
17.0,2.0,2.0,0.0040357112884521484
22.0,10.0,10.0,0.005515336990356445
16.0,3.0,3.0,0.003465414047241211
24.0,2.0,2.0,0.007002353668212891
69.0,4.0,4.0,0.01835036277770996
44.0,13.0,13.0,0.011532068252563477
25.0,13.0,13.0,0.00574803352355957
13.0,2.0,2.0,0.003665924072265625
34.0,13.0,13.0,0.007439136505126953
25.0,5.0,5.0,0.006188631057739258
38.0,12.0,12.0,0.008355379104614258
22.0,4.0,4.0,0.00783991813659668
84.0,12.0,12.0,0.024250030517578125
112.0,7.0,7.0,0.025873899459838867
55.0,7.0,7.0,0.014555215835571289
38.0,2.0,2.0,0.008777379989624023
26.0,5.0,5.0,0.006017923355102539
28.0,11.0,11.0,0.008034229278564453
78.0,15.0,15.0,0.018511056900024414
45.0,10.0,10.0,0.010510921478271484
27.0,7.0,7.0,0.005999088287353516
27.0,5.0,5.0,0.006517887115478516
25.0,5.0,5.0,0.007855653762817383
63.0,16.0,16.0,0.017366409301757812
38.0,11.0,11.0,0.009407520294189453
22.0,3.0,3.0,0.006232500076293945
52.0,16.0,16.0,0.015291452407836914
16.0,1.0,1.0,0.0045430660247802734
29.0,5.0,5.0,0.008333444595336914
109.0,28.0,28.0,0.02651047706604004
22.0,6.0,6.0,0.0059986114501953125
32.0,7.0,7.0,0.0077419281005859375
49.0,8.0,8.0,0.011998891830444336
24.0,5.0,5.0,0.0055768489837646484
21.0,4.0,4.0,0.005270242691040039
27.0,6.0,6.0,0.006869316101074219
104.0,8.0,8.0,0.026954174041748047
35.0,4.0,4.0,0.008020401000976562
89.0,12.0,12.0,0.022215604782104492
32.0,3.0,3.0,0.007882833480834961
36.0,13.0,13.0,0.008947134017944336
95.0,18.0,18.0,0.021973133087158203
15.0,3.0,3.0,0.006521940231323242
123.0,17.0,17.0,0.03562355041503906
35.0,6.0,6.0,0.008008718490600586
29.0,5.0,5.0,0.006727695465087891
30.0,15.0,15.0,0.007174491882324219
145.0,19.0,19.0,0.03322029113769531
43.0,12.0,12.0,0.010275125503540039
53.0,4.0,4.0,0.013755083084106445
17.0,3.0,3.0,0.004277706146240234
32.0,6.0,6.0,0.008150577545166016
29.0,10.0,10.0,0.006814002990722656
67.0,10.0,10.0,0.014609098434448242
29.0,4.0,4.0,0.007565736770629883
30.0,9.0,9.0,0.007531642913818359
61.0,7.0,7.0,0.01859736442565918
15.0,3.0,3.0,0.007653713226318359
36.0,10.0,10.0,0.010527610778808594
31.0,5.0,5.0,0.008692741394042969
20.0,5.0,5.0,0.006429910659790039
30.0,2.0,2.0,0.007936954498291016
32.0,7.0,7.0,0.008697509765625
21.0,2.0,2.0,0.006306648254394531
69.0,5.0,5.0,0.02447032928466797
65.0,14.0,14.0,0.0232086181640625
20.0,4.0,4.0,0.005896806716918945
26.0,8.0,8.0,0.007829666137695312
102.0,9.0,9.0,0.03212714195251465
49.0,5.0,5.0,0.011776208877563477
32.0,6.0,6.0,0.008659124374389648
17.0,5.0,5.0,0.00451970100402832
56.0,9.0,9.0,0.01324772834777832
52.0,5.0,5.0,0.012044191360473633
59.0,13.0,13.0,0.014626026153564453
88.0,20.0,20.0,0.026106834411621094
17.0,5.0,5.0,0.0045893192291259766
85.0,1.0,1.0,0.02609539031982422
36.0,7.0,7.0,0.013923406600952148
69.0,8.0,8.0,0.019416332244873047
17.0,2.0,2.0,0.003997802734375
60.0,11.0,11.0,0.0163877010345459
35.0,12.0,12.0,0.008980989456176758
94.0,14.0,14.0,0.027348995208740234
35.0,9.0,9.0,0.009405374526977539
16.0,2.0,2.0,0.004010677337646484
77.0,4.0,4.0,0.03620553016662598
41.0,5.0,5.0,0.011423349380493164
71.0,10.0,10.0,0.0203092098236084
24.0,7.0,7.0,0.007454872131347656
20.0,4.0,4.0,0.008546829223632812
90.0,11.0,11.0,0.022218704223632812
36.0,7.0,7.0,0.008020877838134766
21.0,5.0,5.0,0.005743503570556641
15.0,3.0,3.0,0.004010915756225586
28.0,2.0,2.0,0.007639884948730469
16.0,4.0,4.0,0.003506183624267578
29.0,5.0,5.0,0.006818294525146484
27.0,5.0,5.0,0.006509065628051758
18.0,2.0,2.0,0.0040018558502197266
35.0,5.0,5.0,0.011561393737792969
27.0,10.0,10.0,0.007540702819824219
68.0,8.0,8.0,0.01851511001586914
25.0,5.0,5.0,0.00572657585144043
103.0,19.0,19.0,0.02374887466430664
45.0,9.0,9.0,0.011202335357666016
39.0,12.0,12.0,0.009518146514892578
57.0,6.0,6.0,0.021012306213378906
53.0,4.0,4.0,0.012396812438964844
25.0,5.0,5.0,0.005280256271362305
20.0,5.0,5.0,0.005504608154296875
20.0,5.0,5.0,0.004746913909912109
28.0,5.0,5.0,0.006691932678222656
18.0,4.0,4.0,0.004682302474975586
27.0,8.0,8.0,0.00689697265625
55.0,4.0,4.0,0.015195131301879883
81.0,19.0,19.0,0.020581960678100586
28.0,6.0,6.0,0.012849569320678711
47.0,2.0,2.0,0.013726472854614258
20.0,5.0,5.0,0.005003213882446289
21.0,10.0,10.0,0.005773782730102539
15.0,1.0,1.0,0.006516456604003906
54.0,7.0,7.0,0.017000913619995117
124.0,15.0,15.0,0.03137063980102539
84.0,14.0,14.0,0.02191305160522461
24.0,8.0,8.0,0.006924867630004883
19.0,7.0,7.0,0.004998445510864258
14.0,2.0,2.0,0.004002809524536133
68.0,6.0,6.0,0.02323150634765625
81.0,21.0,21.0,0.02551126480102539
42.0,7.0,7.0,0.012813091278076172
95.0,8.0,8.0,0.028064727783203125
28.0,2.0,2.0,0.007402181625366211
20.0,4.0,4.0,0.006047964096069336
86.0,22.0,22.0,0.025937795639038086
51.0,5.0,5.0,0.017040491104125977
30.0,10.0,10.0,0.010541439056396484
23.0,5.0,5.0,0.006510257720947266
38.0,8.0,8.0,0.00999903678894043
41.0,5.0,5.0,0.011009931564331055
221.0,25.0,25.0,0.0563504695892334
19.0,3.0,3.0,0.0055806636810302734
30.0,6.0,6.0,0.00693202018737793
81.0,6.0,6.0,0.01963019371032715
191.0,17.0,17.0,0.049700021743774414
24.0,5.0,5.0,0.007519960403442383
29.0,4.0,4.0,0.007375240325927734
26.0,6.0,6.0,0.006906032562255859
22.0,5.0,5.0,0.005993843078613281
48.0,6.0,6.0,0.01418614387512207
62.0,6.0,6.0,0.01770186424255371
33.0,5.0,5.0,0.010522127151489258
23.0,4.0,4.0,0.0051937103271484375
134.0,19.0,19.0,0.033629417419433594
75.0,12.0,12.0,0.023083925247192383
43.0,2.0,2.0,0.011375904083251953
14.0,1.0,1.0,0.0035064220428466797
23.0,7.0,7.0,0.0066280364990234375
16.0,4.0,4.0,0.0040967464447021484
42.0,11.0,11.0,0.010425567626953125
23.0,4.0,4.0,0.006771087646484375
74.0,9.0,9.0,0.023647308349609375
15.0,4.0,4.0,0.004732847213745117
29.0,6.0,6.0,0.009303092956542969
15.0,2.0,2.0,0.0063097476959228516
42.0,5.0,5.0,0.013702869415283203
119.0,15.0,15.0,0.03377580642700195
30.0,5.0,5.0,0.011599540710449219
43.0,8.0,8.0,0.011284112930297852
23.0,5.0,5.0,0.00543975830078125
27.0,5.0,5.0,0.00699305534362793
12.0,1.0,1.0,0.0033724308013916016
23.0,4.0,4.0,0.005285024642944336
13.0,2.0,2.0,0.003371715545654297
44.0,7.0,7.0,0.01314854621887207
23.0,1.0,1.0,0.009248018264770508
41.0,5.0,5.0,0.01648092269897461
14.0,0.0,0.0,0.004189968109130859
50.0,9.0,9.0,0.012113094329833984
67.0,19.0,19.0,0.015680551528930664
28.0,7.0,7.0,0.010505914688110352
14.0,2.0,2.0,0.003998517990112305
54.0,7.0,7.0,0.015520334243774414
32.0,9.0,9.0,0.011451244354248047
59.0,8.0,8.0,0.018555879592895508
15.0,2.0,2.0,0.006632328033447266
23.0,4.0,4.0,0.004996776580810547
21.0,5.0,5.0,0.0049970149993896484
17.0,4.0,4.0,0.007762908935546875
40.0,5.0,5.0,0.013072729110717773
43.0,5.0,5.0,0.011003255844116211
66.0,18.0,18.0,0.020013809204101562
31.0,6.0,6.0,0.009800910949707031
16.0,5.0,5.0,0.006521701812744141
113.0,7.0,7.0,0.03222012519836426
22.0,6.0,6.0,0.006002187728881836
39.0,5.0,5.0,0.013612985610961914
80.0,18.0,18.0,0.02219104766845703
65.0,14.0,14.0,0.02675795555114746
48.0,5.0,5.0,0.01990485191345215
25.0,10.0,10.0,0.01075124740600586
34.0,6.0,6.0,0.014032363891601562
155.0,28.0,28.0,0.060571908950805664
34.0,2.0,2.0,0.011996269226074219
37.0,6.0,6.0,0.015338897705078125
23.0,11.0,11.0,0.008322954177856445
25.0,8.0,8.0,0.01205897331237793
22.0,5.0,5.0,0.00611424446105957
113.0,25.0,25.0,0.05266690254211426
25.0,2.0,2.0,0.008600473403930664
99.0,11.0,11.0,0.028367996215820312
153.0,16.0,16.0,0.04517340660095215
19.0,2.0,2.0,0.00620579719543457
47.0,5.0,5.0,0.011417865753173828
43.0,10.0,10.0,0.010070323944091797
56.0,13.0,13.0,0.013498306274414062
17.0,3.0,3.0,0.004739046096801758
26.0,5.0,5.0,0.006516695022583008
18.0,4.0,4.0,0.004511833190917969
53.0,11.0,11.0,0.014644384384155273
66.0,11.0,11.0,0.01603984832763672
42.0,7.0,7.0,0.010997295379638672
28.0,10.0,10.0,0.006997108459472656
47.0,10.0,10.0,0.012259244918823242
49.0,8.0,8.0,0.011507511138916016
15.0,4.0,4.0,0.0030488967895507812
19.0,3.0,3.0,0.005113840103149414
128.0,17.0,17.0,0.029994487762451172
76.0,11.0,11.0,0.01899409294128418
77.0,8.0,8.0,0.017911672592163086
95.0,10.0,10.0,0.022008180618286133
31.0,6.0,6.0,0.007695913314819336
70.0,11.0,11.0,0.019110918045043945
84.0,15.0,15.0,0.019071578979492188
69.0,14.0,14.0,0.015504598617553711
99.0,11.0,11.0,0.023661375045776367
20.0,3.0,3.0,0.0044460296630859375
41.0,8.0,8.0,0.009525299072265625
72.0,11.0,11.0,0.016450881958007812
32.0,4.0,4.0,0.008268356323242188
17.0,5.0,5.0,0.003731966018676758
36.0,4.0,4.0,0.010483980178833008
45.0,5.0,5.0,0.011006355285644531
25.0,8.0,8.0,0.00587153434753418
20.0,4.0,4.0,0.0047490596771240234
41.0,10.0,10.0,0.00978851318359375
21.0,1.0,1.0,0.005764484405517578
63.0,5.0,5.0,0.014796018600463867
16.0,4.0,4.0,0.003998756408691406
42.0,7.0,7.0,0.00999903678894043
20.0,7.0,7.0,0.004999876022338867
63.0,10.0,10.0,0.015307903289794922
84.0,11.0,11.0,0.021710634231567383
13.0,2.0,2.0,0.003120899200439453
45.0,9.0,9.0,0.009812116622924805
64.0,10.0,10.0,0.014646530151367188
21.0,3.0,3.0,0.005502223968505859
17.0,4.0,4.0,0.00421452522277832
28.0,4.0,4.0,0.006021976470947266
31.0,8.0,8.0,0.007512807846069336
66.0,7.0,7.0,0.015513896942138672
46.0,5.0,5.0,0.011005163192749023
84.0,9.0,9.0,0.02135014533996582
29.0,8.0,8.0,0.010997533798217773
17.0,2.0,2.0,0.004001140594482422
30.0,9.0,9.0,0.0069980621337890625
37.0,5.0,5.0,0.008993148803710938
40.0,4.0,4.0,0.009343862533569336
33.0,6.0,6.0,0.007998228073120117
49.0,9.0,9.0,0.010976791381835938
84.0,12.0,12.0,0.01951122283935547
42.0,8.0,8.0,0.009093284606933594
17.0,5.0,5.0,0.004514217376708984
21.0,2.0,2.0,0.00450444221496582
18.0,5.0,5.0,0.006947994232177734
25.0,6.0,6.0,0.007932662963867188
68.0,4.0,4.0,0.016816139221191406
20.0,2.0,2.0,0.004675626754760742
23.0,4.0,4.0,0.005099058151245117
36.0,4.0,4.0,0.008974313735961914
17.0,4.0,4.0,0.003995418548583984
16.0,3.0,3.0,0.0038619041442871094
51.0,9.0,9.0,0.012606143951416016
19.0,5.0,5.0,0.004316568374633789
51.0,6.0,6.0,0.012554407119750977
28.0,5.0,5.0,0.006447315216064453
41.0,4.0,4.0,0.010519266128540039
83.0,12.0,12.0,0.02151036262512207
17.0,5.0,5.0,0.003998279571533203
18.0,5.0,5.0,0.005487918853759766
40.0,7.0,7.0,0.00888204574584961
23.0,4.0,4.0,0.005516529083251953
105.0,14.0,14.0,0.02350926399230957
42.0,7.0,7.0,0.00978398323059082
111.0,19.0,19.0,0.028183698654174805
26.0,1.0,1.0,0.010470390319824219
18.0,7.0,7.0,0.005522966384887695
16.0,4.0,4.0,0.004776954650878906
75.0,4.0,4.0,0.02439713478088379
17.0,1.0,1.0,0.00400996208190918
12.0,1.0,1.0,0.0025069713592529297
32.0,2.0,2.0,0.00813436508178711
42.0,4.0,4.0,0.012329339981079102
77.0,10.0,10.0,0.01799917221069336
22.0,11.0,11.0,0.0057985782623291016
57.0,9.0,9.0,0.015567541122436523
23.0,7.0,7.0,0.008922100067138672
15.0,4.0,4.0,0.004579067230224609
15.0,1.0,1.0,0.0030286312103271484
102.0,14.0,14.0,0.025900840759277344
36.0,6.0,6.0,0.008188247680664062
65.0,12.0,12.0,0.016038894653320312
29.0,7.0,7.0,0.007350444793701172
110.0,8.0,8.0,0.027904510498046875
23.0,6.0,6.0,0.007426261901855469
21.0,1.0,1.0,0.005140066146850586
38.0,6.0,6.0,0.00870370864868164
20.0,5.0,5.0,0.005522489547729492
17.0,6.0,6.0,0.003997802734375
82.0,10.0,10.0,0.019001483917236328
24.0,6.0,6.0,0.005053281784057617
40.0,2.0,2.0,0.010159492492675781
41.0,2.0,2.0,0.00999760627746582
106.0,7.0,7.0,0.02868175506591797
20.0,4.0,4.0,0.005936622619628906
25.0,8.0,8.0,0.005998373031616211
32.0,12.0,12.0,0.00799870491027832
19.0,5.0,5.0,0.003995656967163086
114.0,15.0,15.0,0.03894829750061035
57.0,7.0,7.0,0.014253616333007812
13.0,2.0,2.0,0.0034792423248291016
27.0,4.0,4.0,0.0073621273040771484
22.0,6.0,6.0,0.005687713623046875
29.0,4.0,4.0,0.008594036102294922
20.0,6.0,6.0,0.005639076232910156
24.0,11.0,11.0,0.006525516510009766
71.0,15.0,15.0,0.019927978515625
60.0,2.0,2.0,0.014816045761108398
35.0,7.0,7.0,0.009396791458129883
24.0,1.0,1.0,0.0060083866119384766
93.0,15.0,15.0,0.02338242530822754
152.0,12.0,12.0,0.07563447952270508
27.0,5.0,5.0,0.010962724685668945
131.0,11.0,11.0,0.03609633445739746
18.0,3.0,3.0,0.00452876091003418
46.0,7.0,7.0,0.012802362442016602
27.0,4.0,4.0,0.00786447525024414
38.0,7.0,7.0,0.010812759399414062
57.0,3.0,3.0,0.014288187026977539
19.0,4.0,4.0,0.00587010383605957
39.0,5.0,5.0,0.009438037872314453
53.0,4.0,4.0,0.013075113296508789
17.0,3.0,3.0,0.003998517990112305
20.0,4.0,4.0,0.004000186920166016
53.0,3.0,3.0,0.012998104095458984
77.0,13.0,13.0,0.022817134857177734
94.0,15.0,15.0,0.029855728149414062
40.0,2.0,2.0,0.01082468032836914
56.0,6.0,6.0,0.01578378677368164
37.0,7.0,7.0,0.008885383605957031
18.0,2.0,2.0,0.0074541568756103516
45.0,10.0,10.0,0.013910293579101562
28.0,4.0,4.0,0.00887918472290039
85.0,6.0,6.0,0.024312496185302734
17.0,0.0,0.0,0.0042650699615478516
22.0,2.0,2.0,0.006106376647949219
20.0,3.0,3.0,0.007005929946899414
51.0,10.0,10.0,0.019138813018798828
44.0,7.0,7.0,0.011574506759643555
34.0,7.0,7.0,0.011073589324951172
64.0,10.0,10.0,0.01746368408203125
20.0,6.0,6.0,0.006300926208496094
112.0,12.0,12.0,0.0367584228515625
16.0,4.0,4.0,0.00637364387512207
20.0,8.0,8.0,0.0047190189361572266
11.0,0.0,0.0,0.0032732486724853516
81.0,11.0,11.0,0.02910637855529785
13.0,1.0,1.0,0.00809025764465332
95.0,14.0,14.0,0.03167462348937988
18.0,4.0,4.0,0.005369424819946289
94.0,5.0,5.0,0.028621912002563477
25.0,4.0,4.0,0.006902217864990234
93.0,16.0,16.0,0.023643016815185547
15.0,4.0,4.0,0.004616737365722656
46.0,12.0,12.0,0.012070417404174805
50.0,7.0,7.0,0.013471364974975586
27.0,10.0,10.0,0.00871896743774414
67.0,16.0,16.0,0.021398305892944336
33.0,3.0,3.0,0.010186433792114258
16.0,4.0,4.0,0.004904747009277344
20.0,4.0,4.0,0.0057413578033447266
49.0,6.0,6.0,0.012752294540405273
27.0,9.0,9.0,0.008646249771118164
15.0,2.0,2.0,0.005084514617919922
90.0,13.0,13.0,0.027371644973754883
27.0,6.0,6.0,0.007094621658325195
36.0,5.0,5.0,0.010854721069335938
41.0,6.0,6.0,0.012745380401611328
15.0,4.0,4.0,0.005163908004760742
42.0,7.0,7.0,0.013164520263671875
27.0,8.0,8.0,0.010526418685913086
22.0,3.0,3.0,0.011224508285522461
24.0,5.0,5.0,0.007551908493041992
18.0,4.0,4.0,0.005000114440917969
30.0,4.0,4.0,0.009292364120483398
28.0,9.0,9.0,0.011319160461425781
41.0,11.0,11.0,0.011754989624023438
37.0,12.0,12.0,0.010917901992797852
54.0,10.0,10.0,0.014606952667236328
17.0,1.0,1.0,0.006494283676147461
18.0,8.0,8.0,0.006662607192993164
49.0,7.0,7.0,0.019434690475463867
23.0,4.0,4.0,0.008121967315673828
21.0,1.0,1.0,0.006932735443115234
22.0,6.0,6.0,0.006582021713256836
26.0,4.0,4.0,0.00868368148803711
18.0,4.0,4.0,0.005010366439819336
16.0,4.0,4.0,0.006705284118652344
33.0,7.0,7.0,0.008934974670410156
17.0,6.0,6.0,0.004397392272949219
41.0,5.0,5.0,0.00974726676940918
47.0,6.0,6.0,0.015986204147338867
17.0,4.0,4.0,0.0061223506927490234
20.0,2.0,2.0,0.005838632583618164
28.0,8.0,8.0,0.007038593292236328
47.0,7.0,7.0,0.012986421585083008
61.0,10.0,10.0,0.015807151794433594
50.0,3.0,3.0,0.01302027702331543
23.0,4.0,4.0,0.006009340286254883
153.0,14.0,14.0,0.049939632415771484
24.0,6.0,6.0,0.006309986114501953
77.0,8.0,8.0,0.019482135772705078
32.0,11.0,11.0,0.012549638748168945
59.0,4.0,4.0,0.016435623168945312
28.0,11.0,11.0,0.008123159408569336
65.0,5.0,5.0,0.017426729202270508
37.0,3.0,3.0,0.014478921890258789
80.0,8.0,8.0,0.02662062644958496
19.0,8.0,8.0,0.005550384521484375
31.0,7.0,7.0,0.01251363754272461
21.0,4.0,4.0,0.006720542907714844
13.0,2.0,2.0,0.0050199031829833984
74.0,9.0,9.0,0.027966976165771484
19.0,6.0,6.0,0.0067365169525146484
22.0,7.0,7.0,0.006808042526245117
25.0,5.0,5.0,0.008562088012695312
45.0,5.0,5.0,0.010312080383300781
85.0,10.0,10.0,0.021520376205444336
15.0,4.0,4.0,0.0054094791412353516
29.0,11.0,11.0,0.006999492645263672
41.0,5.0,5.0,0.010287284851074219
21.0,4.0,4.0,0.005123615264892578
44.0,8.0,8.0,0.010287046432495117
41.0,5.0,5.0,0.011000633239746094
78.0,12.0,12.0,0.018521547317504883
20.0,4.0,4.0,0.004602909088134766
38.0,2.0,2.0,0.00996541976928711
91.0,4.0,4.0,0.025845050811767578
17.0,4.0,4.0,0.00555872917175293
92.0,9.0,9.0,0.023213863372802734
32.0,4.0,4.0,0.007538557052612305
36.0,4.0,4.0,0.010810613632202148
32.0,10.0,10.0,0.008156776428222656
23.0,5.0,5.0,0.0051381587982177734
12.0,1.0,1.0,0.002591848373413086
63.0,12.0,12.0,0.014518260955810547
23.0,6.0,6.0,0.005980491638183594
23.0,8.0,8.0,0.005598545074462891
29.0,5.0,5.0,0.008350610733032227
124.0,16.0,16.0,0.03304600715637207
51.0,3.0,3.0,0.01366734504699707
31.0,3.0,3.0,0.007763385772705078
79.0,5.0,5.0,0.020363569259643555
164.0,32.0,32.0,0.03917694091796875
42.0,9.0,9.0,0.010653972625732422
44.0,12.0,12.0,0.013424396514892578
32.0,4.0,4.0,0.009118318557739258
82.0,6.0,6.0,0.02496957778930664
85.0,15.0,15.0,0.020910024642944336
28.0,9.0,9.0,0.007250308990478516
17.0,4.0,4.0,0.004746437072753906
45.0,3.0,3.0,0.010719537734985352
51.0,3.0,3.0,0.012200593948364258
16.0,5.0,5.0,0.004004001617431641
46.0,10.0,10.0,0.010522603988647461
26.0,3.0,3.0,0.005455732345581055
93.0,18.0,18.0,0.02307415008544922
41.0,6.0,6.0,0.010087966918945312
24.0,4.0,4.0,0.006196260452270508
36.0,11.0,11.0,0.008179664611816406
13.0,2.0,2.0,0.0036253929138183594
28.0,6.0,6.0,0.0064775943756103516
20.0,4.0,4.0,0.006109952926635742
63.0,10.0,10.0,0.015604734420776367
18.0,2.0,2.0,0.004000186920166016
50.0,9.0,9.0,0.012307167053222656
99.0,10.0,10.0,0.026397705078125
29.0,3.0,3.0,0.006997823715209961
71.0,14.0,14.0,0.018399715423583984
72.0,12.0,12.0,0.020570039749145508
16.0,3.0,3.0,0.004171848297119141
62.0,3.0,3.0,0.014381885528564453
17.0,6.0,6.0,0.0038492679595947266
26.0,5.0,5.0,0.006011962890625
28.0,2.0,2.0,0.007067203521728516
25.0,6.0,6.0,0.006104230880737305
41.0,3.0,3.0,0.011414051055908203
36.0,1.0,1.0,0.011584758758544922
49.0,9.0,9.0,0.01251077651977539
25.0,7.0,7.0,0.005998849868774414
16.0,1.0,1.0,0.004064321517944336
72.0,11.0,11.0,0.017581939697265625
125.0,10.0,10.0,0.030244827270507812
52.0,2.0,2.0,0.01280975341796875
58.0,15.0,15.0,0.014756441116333008
16.0,5.0,5.0,0.004502058029174805
127.0,17.0,17.0,0.03537893295288086
122.0,12.0,12.0,0.038394927978515625
16.0,4.0,4.0,0.005621433258056641
33.0,9.0,9.0,0.00883173942565918
49.0,9.0,9.0,0.012959480285644531
16.0,5.0,5.0,0.0036804676055908203
14.0,3.0,3.0,0.004927635192871094
40.0,10.0,10.0,0.010998249053955078
32.0,5.0,5.0,0.009805679321289062
17.0,6.0,6.0,0.004046201705932617
16.0,4.0,4.0,0.005064487457275391
100.0,12.0,12.0,0.030039310455322266
29.0,2.0,2.0,0.00966644287109375
103.0,19.0,19.0,0.03789710998535156
44.0,11.0,11.0,0.01273202896118164
95.0,11.0,11.0,0.027181386947631836
15.0,3.0,3.0,0.0036287307739257812
94.0,12.0,12.0,0.021679401397705078
14.0,3.0,3.0,0.0040323734283447266
36.0,4.0,4.0,0.008799552917480469
73.0,5.0,5.0,0.019257068634033203
231.0,35.0,35.0,0.05537295341491699
57.0,6.0,6.0,0.013998985290527344
47.0,12.0,12.0,0.012694835662841797
28.0,9.0,9.0,0.006958484649658203
26.0,3.0,3.0,0.006684541702270508
16.0,4.0,4.0,0.0045146942138671875
60.0,14.0,14.0,0.017070293426513672
40.0,9.0,9.0,0.010252237319946289
24.0,9.0,9.0,0.005208253860473633
16.0,2.0,2.0,0.0036721229553222656
46.0,9.0,9.0,0.010513782501220703
39.0,9.0,9.0,0.008993864059448242
41.0,5.0,5.0,0.009512901306152344
18.0,3.0,3.0,0.004506349563598633
23.0,8.0,8.0,0.005332231521606445
55.0,13.0,13.0,0.014516830444335938
23.0,5.0,5.0,0.004698038101196289
66.0,5.0,5.0,0.015531778335571289
91.0,5.0,5.0,0.02398514747619629
13.0,2.0,2.0,0.003507375717163086
43.0,7.0,7.0,0.011663198471069336
16.0,4.0,4.0,0.00400233268737793
44.0,6.0,6.0,0.011049032211303711
37.0,13.0,13.0,0.009343862533569336
27.0,3.0,3.0,0.0058765411376953125
30.0,10.0,10.0,0.008468389511108398
202.0,21.0,21.0,0.05994677543640137
117.0,23.0,23.0,0.03936338424682617
24.0,4.0,4.0,0.006623268127441406
27.0,10.0,10.0,0.00743556022644043
14.0,3.0,3.0,0.0033867359161376953
38.0,6.0,6.0,0.010815143585205078
43.0,5.0,5.0,0.011156797409057617
20.0,6.0,6.0,0.006616830825805664
61.0,8.0,8.0,0.015343904495239258
47.0,3.0,3.0,0.011798381805419922
38.0,9.0,9.0,0.009092092514038086
49.0,7.0,7.0,0.012781381607055664
94.0,15.0,15.0,0.025408506393432617
20.0,4.0,4.0,0.005567312240600586
14.0,3.0,3.0,0.003690958023071289
48.0,4.0,4.0,0.018660783767700195
47.0,2.0,2.0,0.011795520782470703
29.0,5.0,5.0,0.010752439498901367
31.0,1.0,1.0,0.008640289306640625
17.0,6.0,6.0,0.005007028579711914
20.0,2.0,2.0,0.005002737045288086
17.0,5.0,5.0,0.004993438720703125
86.0,9.0,9.0,0.025820493698120117
59.0,10.0,10.0,0.015743494033813477
30.0,5.0,5.0,0.00849604606628418
24.0,6.0,6.0,0.0555417537689209
42.0,10.0,10.0,0.013507366180419922
194.0,22.0,22.0,0.049818992614746094
54.0,2.0,2.0,0.013512849807739258
96.0,13.0,13.0,0.02199864387512207
53.0,9.0,9.0,0.012514352798461914
29.0,3.0,3.0,0.006998300552368164
22.0,10.0,10.0,0.004999876022338867
128.0,12.0,12.0,0.031381845474243164
33.0,4.0,4.0,0.008222341537475586
65.0,12.0,12.0,0.015543222427368164
75.0,15.0,15.0,0.017199993133544922
28.0,5.0,5.0,0.00659632682800293
21.0,4.0,4.0,0.005043983459472656
16.0,3.0,3.0,0.003520965576171875
47.0,9.0,9.0,0.011513710021972656
34.0,10.0,10.0,0.0075109004974365234
35.0,2.0,2.0,0.008998394012451172
87.0,12.0,12.0,0.020511865615844727
104.0,18.0,18.0,0.02536177635192871
27.0,5.0,5.0,0.0067195892333984375
34.0,8.0,8.0,0.0090179443359375
18.0,8.0,8.0,0.004004478454589844
74.0,6.0,6.0,0.023321151733398438
37.0,13.0,13.0,0.011603832244873047
20.0,4.0,4.0,0.004909992218017578
18.0,7.0,7.0,0.004721879959106445
29.0,8.0,8.0,0.0071370601654052734
17.0,3.0,3.0,0.00720524787902832
19.0,4.0,4.0,0.007494449615478516
14.0,2.0,2.0,0.0041849613189697266
72.0,11.0,11.0,0.03326082229614258
35.0,9.0,9.0,0.02145242691040039
18.0,1.0,1.0,0.014409303665161133
48.0,12.0,12.0,0.02884650230407715
27.0,3.0,3.0,0.01621532440185547
43.0,4.0,4.0,0.032766103744506836
23.0,0.0,0.0,0.02152729034423828
41.0,8.0,8.0,0.03214144706726074
25.0,7.0,7.0,0.02502155303955078
22.0,10.0,10.0,0.01328277587890625
39.0,4.0,4.0,0.024201631546020508
29.0,6.0,6.0,0.020173072814941406
15.0,3.0,3.0,0.0071544647216796875
83.0,8.0,8.0,0.052025556564331055
29.0,14.0,14.0,0.019223690032958984
23.0,6.0,6.0,0.015503406524658203
19.0,7.0,7.0,0.013720989227294922
22.0,3.0,3.0,0.015315055847167969
20.0,5.0,5.0,0.013284444808959961
19.0,4.0,4.0,0.013081073760986328
37.0,7.0,7.0,0.02389073371887207
65.0,10.0,10.0,0.04556751251220703
68.0,6.0,6.0,0.044667959213256836
50.0,11.0,11.0,0.038370370864868164
21.0,4.0,4.0,0.01308751106262207
39.0,6.0,6.0,0.027575969696044922
47.0,6.0,6.0,0.03143787384033203
15.0,3.0,3.0,0.00997161865234375
21.0,3.0,3.0,0.011592626571655273
61.0,6.0,6.0,0.04880666732788086
20.0,2.0,2.0,0.02123570442199707
19.0,5.0,5.0,0.017160654067993164
17.0,6.0,6.0,0.013328790664672852
17.0,3.0,3.0,0.011769771575927734
32.0,7.0,7.0,0.02518010139465332
30.0,4.0,4.0,0.018207788467407227
25.0,3.0,3.0,0.018196582794189453
98.0,5.0,5.0,0.06923270225524902
63.0,5.0,5.0,0.039658546447753906
14.0,1.0,1.0,0.010101795196533203
28.0,11.0,11.0,0.019474267959594727
67.0,4.0,4.0,0.04937243461608887
20.0,6.0,6.0,0.014981269836425781
112.0,20.0,20.0,0.06566572189331055
61.0,14.0,14.0,0.026656150817871094
29.0,10.0,10.0,0.013680219650268555
13.0,2.0,2.0,0.005534648895263672
21.0,2.0,2.0,0.008030414581298828
42.0,6.0,6.0,0.014951467514038086
50.0,5.0,5.0,0.022198915481567383
50.0,12.0,12.0,0.015055656433105469
96.0,8.0,8.0,0.024769306182861328
43.0,10.0,10.0,0.011003732681274414
26.0,7.0,7.0,0.010820865631103516
31.0,5.0,5.0,0.009584665298461914
47.0,8.0,8.0,0.01444244384765625
13.0,2.0,2.0,0.002223491668701172
28.0,4.0,4.0,0.009099721908569336
109.0,14.0,14.0,0.03174781799316406
17.0,3.0,3.0,0.007976770401000977
12.0,1.0,1.0,0.006583690643310547
36.0,6.0,6.0,0.011293172836303711
44.0,12.0,12.0,0.013914108276367188
19.0,2.0,2.0,0.008039236068725586
35.0,8.0,8.0,0.016423940658569336
18.0,3.0,3.0,0.004744052886962891
78.0,8.0,8.0,0.0318150520324707
26.0,2.0,2.0,0.01124119758605957
96.0,15.0,15.0,0.03496050834655762
58.0,8.0,8.0,0.023350238800048828
63.0,6.0,6.0,0.02087569236755371
27.0,3.0,3.0,0.01201772689819336
20.0,8.0,8.0,0.007987260818481445
36.0,6.0,6.0,0.013448715209960938
43.0,7.0,7.0,0.015900135040283203
53.0,7.0,7.0,0.014994144439697266
31.0,6.0,6.0,0.008472681045532227
51.0,8.0,8.0,0.0133514404296875
97.0,18.0,18.0,0.03322911262512207
36.0,1.0,1.0,0.011284351348876953
25.0,5.0,5.0,0.011529684066772461
66.0,11.0,11.0,0.01599717140197754
29.0,11.0,11.0,0.007005929946899414
31.0,5.0,5.0,0.006999969482421875
41.0,4.0,4.0,0.009999990463256836
25.0,7.0,7.0,0.00679779052734375
35.0,3.0,3.0,0.009880542755126953
28.0,11.0,11.0,0.009056568145751953
150.0,15.0,15.0,0.053067922592163086
34.0,6.0,6.0,0.01400303840637207
100.0,16.0,16.0,0.033173561096191406
15.0,2.0,2.0,0.008088827133178711
22.0,5.0,5.0,0.013001680374145508
64.0,15.0,15.0,0.02963852882385254
30.0,5.0,5.0,0.013661861419677734
36.0,6.0,6.0,0.01117563247680664
93.0,14.0,14.0,0.032674312591552734
28.0,5.0,5.0,0.007931232452392578
46.0,12.0,12.0,0.017123937606811523
25.0,3.0,3.0,0.00922536849975586
31.0,4.0,4.0,0.010912895202636719
44.0,6.0,6.0,0.013221263885498047
18.0,6.0,6.0,0.006604194641113281
31.0,8.0,8.0,0.009251594543457031
16.0,5.0,5.0,0.004314899444580078
101.0,11.0,11.0,0.026589393615722656
18.0,6.0,6.0,0.004519224166870117
32.0,3.0,3.0,0.014828920364379883
18.0,3.0,3.0,0.004868984222412109
30.0,6.0,6.0,0.006750583648681641
62.0,10.0,10.0,0.01576709747314453
30.0,8.0,8.0,0.0077953338623046875
35.0,9.0,9.0,0.009638786315917969
24.0,4.0,4.0,0.011118650436401367
45.0,9.0,9.0,0.018392324447631836
35.0,4.0,4.0,0.01303410530090332
28.0,4.0,4.0,0.010570049285888672
58.0,5.0,5.0,0.026096820831298828
20.0,5.0,5.0,0.0064694881439208984
26.0,9.0,9.0,0.011215448379516602
27.0,5.0,5.0,0.012045860290527344
20.0,5.0,5.0,0.010880470275878906
42.0,5.0,5.0,0.02194046974182129
28.0,5.0,5.0,0.007505178451538086
27.0,2.0,2.0,0.010523080825805664
15.0,1.0,1.0,0.008558273315429688
40.0,12.0,12.0,0.015233993530273438
20.0,2.0,2.0,0.007259368896484375
51.0,1.0,1.0,0.019422531127929688
40.0,10.0,10.0,0.017749547958374023
31.0,5.0,5.0,0.01364898681640625
29.0,5.0,5.0,0.01573920249938965
52.0,12.0,12.0,0.025470972061157227
44.0,8.0,8.0,0.02303934097290039
53.0,10.0,10.0,0.030333518981933594
40.0,4.0,4.0,0.021259069442749023
155.0,20.0,20.0,0.09067010879516602
75.0,9.0,9.0,0.04400968551635742
79.0,16.0,16.0,0.03290104866027832
67.0,10.0,10.0,0.030102968215942383
132.0,12.0,12.0,0.045967817306518555
38.0,7.0,7.0,0.023505210876464844
39.0,7.0,7.0,0.0196990966796875
76.0,9.0,9.0,0.04000353813171387
46.0,13.0,13.0,0.018485069274902344
42.0,6.0,6.0,0.01588892936706543
47.0,7.0,7.0,0.021157264709472656
101.0,14.0,14.0,0.06729006767272949
18.0,5.0,5.0,0.010998964309692383
17.0,4.0,4.0,0.010988950729370117
85.0,14.0,14.0,0.045166015625
26.0,7.0,7.0,0.01054835319519043
16.0,4.0,4.0,0.008968114852905273
20.0,4.0,4.0,0.00857090950012207
25.0,7.0,7.0,0.011292695999145508
46.0,10.0,10.0,0.0308685302734375
23.0,8.0,8.0,0.010256290435791016
20.0,3.0,3.0,0.011063575744628906
32.0,6.0,6.0,0.025677204132080078
19.0,7.0,7.0,0.013404130935668945
44.0,5.0,5.0,0.029207706451416016
56.0,3.0,3.0,0.039732933044433594
18.0,4.0,4.0,0.011220693588256836
34.0,5.0,5.0,0.02370285987854004
31.0,18.0,18.0,0.01973414421081543
60.0,9.0,9.0,0.05921006202697754
91.0,7.0,7.0,0.06140494346618652
32.0,4.0,4.0,0.01903557777404785
50.0,8.0,8.0,0.027441024780273438
56.0,4.0,4.0,0.02947998046875
17.0,7.0,7.0,0.009794235229492188
19.0,8.0,8.0,0.00887918472290039
71.0,21.0,21.0,0.03230452537536621
51.0,8.0,8.0,0.025463104248046875
41.0,9.0,9.0,0.02352166175842285
29.0,8.0,8.0,0.016719818115234375
31.0,3.0,3.0,0.013164520263671875
43.0,9.0,9.0,0.016999483108520508
71.0,12.0,12.0,0.03376173973083496
18.0,5.0,5.0,0.010692358016967773
29.0,9.0,9.0,0.01475214958190918
13.0,3.0,3.0,0.008743047714233398
73.0,10.0,10.0,0.03305816650390625
33.0,21.0,21.0,0.018633127212524414
54.0,19.0,19.0,0.025522470474243164
24.0,5.0,5.0,0.012000560760498047
34.0,7.0,7.0,0.021612167358398438
40.0,9.0,9.0,0.026350021362304688
97.0,10.0,10.0,0.05543208122253418
71.0,9.0,9.0,0.040721893310546875
14.0,1.0,1.0,0.008102655410766602
40.0,6.0,6.0,0.029422521591186523
26.0,3.0,3.0,0.016993045806884766
83.0,11.0,11.0,0.05172872543334961
83.0,8.0,8.0,0.04848504066467285
61.0,8.0,8.0,0.03079843521118164
24.0,4.0,4.0,0.01632237434387207
22.0,4.0,4.0,0.012630701065063477
22.0,9.0,9.0,0.010590076446533203
60.0,12.0,12.0,0.024008512496948242
21.0,1.0,1.0,0.008069753646850586
39.0,9.0,9.0,0.021471738815307617
155.0,18.0,18.0,0.07678389549255371
19.0,6.0,6.0,0.006999492645263672
34.0,6.0,6.0,0.01700115203857422
100.0,10.0,10.0,0.0505366325378418
24.0,4.0,4.0,0.015124082565307617
140.0,19.0,19.0,0.08332395553588867
20.0,2.0,2.0,0.012399911880493164
30.0,4.0,4.0,0.017497777938842773
42.0,4.0,4.0,0.03288578987121582
21.0,7.0,7.0,0.01331329345703125
24.0,4.0,4.0,0.01604914665222168
16.0,4.0,4.0,0.01547551155090332
53.0,7.0,7.0,0.04137921333312988
47.0,6.0,6.0,0.03154873847961426
19.0,5.0,5.0,0.012082338333129883
29.0,9.0,9.0,0.019915342330932617
30.0,6.0,6.0,0.01932501792907715
19.0,5.0,5.0,0.014909029006958008
19.0,3.0,3.0,0.014264106750488281
76.0,9.0,9.0,0.04403424263000488
99.0,8.0,8.0,0.07274532318115234
19.0,2.0,2.0,0.017464399337768555
51.0,7.0,7.0,0.03470778465270996
33.0,7.0,7.0,0.023144006729125977
51.0,11.0,11.0,0.0429074764251709
31.0,6.0,6.0,0.023409605026245117
179.0,14.0,14.0,0.13390111923217773
100.0,13.0,13.0,0.05370593070983887
136.0,16.0,16.0,0.07310128211975098
18.0,2.0,2.0,0.007611513137817383
25.0,9.0,9.0,0.011098861694335938
93.0,13.0,13.0,0.05627942085266113
18.0,1.0,1.0,0.01819896697998047
20.0,3.0,3.0,0.017342567443847656
14.0,3.0,3.0,0.0073168277740478516
18.0,5.0,5.0,0.012647628784179688
45.0,7.0,7.0,0.028245925903320312
24.0,3.0,3.0,0.01734757423400879
65.0,7.0,7.0,0.05425667762756348
26.0,6.0,6.0,0.019056320190429688
14.0,2.0,2.0,0.01030111312866211
49.0,8.0,8.0,0.03873586654663086
63.0,9.0,9.0,0.045575857162475586
62.0,12.0,12.0,0.05401420593261719
13.0,2.0,2.0,0.008736371994018555
30.0,4.0,4.0,0.0208432674407959
60.0,6.0,6.0,0.039986371994018555
29.0,6.0,6.0,0.017951250076293945
26.0,6.0,6.0,0.022861242294311523
21.0,7.0,7.0,0.015723705291748047
43.0,12.0,12.0,0.025768518447875977
68.0,4.0,4.0,0.043547630310058594
116.0,8.0,8.0,0.06761932373046875
26.0,4.0,4.0,0.020003557205200195
25.0,3.0,3.0,0.01118922233581543
34.0,11.0,11.0,0.021600961685180664
19.0,4.0,4.0,0.012706756591796875
17.0,3.0,3.0,0.008659124374389648
81.0,15.0,15.0,0.04446864128112793
83.0,12.0,12.0,0.04317426681518555
16.0,5.0,5.0,0.008996963500976562
66.0,5.0,5.0,0.03452444076538086
49.0,7.0,7.0,0.02887868881225586
37.0,11.0,11.0,0.022890090942382812
32.0,6.0,6.0,0.017666339874267578
70.0,9.0,9.0,0.041791677474975586
20.0,1.0,1.0,0.015258312225341797
25.0,5.0,5.0,0.015021800994873047
54.0,2.0,2.0,0.02995467185974121
17.0,5.0,5.0,0.010561943054199219
28.0,1.0,1.0,0.01813530921936035
14.0,0.0,0.0,0.008008241653442383
86.0,13.0,13.0,0.0520634651184082
142.0,33.0,33.0,0.08625006675720215
14.0,3.0,3.0,0.00682377815246582
34.0,13.0,13.0,0.018871784210205078
34.0,9.0,9.0,0.021189212799072266
21.0,3.0,3.0,0.012082338333129883
15.0,2.0,2.0,0.009995222091674805
36.0,7.0,7.0,0.022909879684448242
77.0,12.0,12.0,0.037297964096069336
67.0,5.0,5.0,0.031554460525512695
22.0,3.0,3.0,0.007520914077758789
25.0,3.0,3.0,0.01282048225402832
24.0,6.0,6.0,0.01074361801147461
42.0,12.0,12.0,0.026539087295532227
90.0,10.0,10.0,0.04822373390197754
24.0,2.0,2.0,0.009586572647094727
90.0,19.0,19.0,0.05894351005554199
43.0,6.0,6.0,0.02376723289489746
28.0,4.0,4.0,0.02975773811340332
53.0,5.0,5.0,0.03286147117614746
13.0,2.0,2.0,0.0171511173248291
17.0,6.0,6.0,0.011292457580566406
33.0,3.0,3.0,0.021162986755371094
19.0,9.0,9.0,0.014241456985473633
25.0,3.0,3.0,0.02132892608642578
37.0,10.0,10.0,0.02136683464050293
22.0,1.0,1.0,0.007185459136962891
19.0,3.0,3.0,0.025907516479492188
18.0,7.0,7.0,0.011001348495483398
20.0,5.0,5.0,0.013613462448120117
33.0,3.0,3.0,0.01827836036682129
23.0,2.0,2.0,0.011523962020874023
51.0,11.0,11.0,0.031305551528930664
51.0,11.0,11.0,0.03346538543701172
18.0,6.0,6.0,0.01347804069519043
27.0,2.0,2.0,0.023591995239257812
29.0,8.0,8.0,0.021508455276489258
59.0,8.0,8.0,0.04048609733581543
16.0,5.0,5.0,0.012727022171020508
21.0,4.0,4.0,0.017330646514892578
25.0,2.0,2.0,0.022182703018188477
66.0,11.0,11.0,0.04712510108947754
20.0,6.0,6.0,0.014205217361450195
104.0,14.0,14.0,0.08451652526855469
21.0,3.0,3.0,0.023004770278930664
50.0,7.0,7.0,0.042578935623168945
27.0,4.0,4.0,0.016379833221435547
47.0,14.0,14.0,0.028028011322021484
40.0,4.0,4.0,0.025165796279907227
13.0,2.0,2.0,0.008139610290527344
29.0,4.0,4.0,0.014112234115600586
85.0,4.0,4.0,0.041486501693725586
19.0,6.0,6.0,0.0053558349609375
100.0,10.0,10.0,0.061083078384399414
37.0,8.0,8.0,0.015408039093017578
62.0,13.0,13.0,0.040129899978637695
72.0,3.0,3.0,0.047762393951416016
55.0,7.0,7.0,0.02740955352783203
25.0,6.0,6.0,0.013905763626098633
61.0,11.0,11.0,0.041005611419677734
33.0,5.0,5.0,0.017145395278930664
17.0,3.0,3.0,0.008571386337280273
98.0,14.0,14.0,0.08582782745361328
44.0,6.0,6.0,0.02991485595703125
78.0,11.0,11.0,0.05040907859802246
33.0,12.0,12.0,0.020048141479492188
99.0,9.0,9.0,0.06819629669189453
15.0,2.0,2.0,0.010381460189819336
82.0,8.0,8.0,0.05003929138183594
48.0,6.0,6.0,0.045369863510131836
52.0,4.0,4.0,0.047620534896850586
42.0,5.0,5.0,0.027121305465698242
27.0,5.0,5.0,0.018980979919433594
43.0,5.0,5.0,0.022858142852783203
53.0,11.0,11.0,0.02911233901977539
43.0,6.0,6.0,0.026549577713012695
24.0,9.0,9.0,0.01754593849182129
131.0,18.0,18.0,0.07071661949157715
22.0,3.0,3.0,0.013508319854736328
22.0,4.0,4.0,0.012886762619018555
14.0,3.0,3.0,0.008810043334960938
15.0,2.0,2.0,0.008544921875
18.0,5.0,5.0,0.013281106948852539
90.0,7.0,7.0,0.04109072685241699
14.0,1.0,1.0,0.008704423904418945
53.0,7.0,7.0,0.01991438865661621
12.0,1.0,1.0,0.0038063526153564453
23.0,9.0,9.0,0.010859251022338867
26.0,3.0,3.0,0.018472671508789062
26.0,6.0,6.0,0.011408090591430664
23.0,6.0,6.0,0.0063016414642333984
40.0,2.0,2.0,0.019213199615478516
106.0,15.0,15.0,0.07341814041137695
41.0,8.0,8.0,0.022896766662597656
107.0,10.0,10.0,0.06821775436401367
64.0,15.0,15.0,0.03875994682312012
146.0,20.0,20.0,0.07990479469299316
16.0,5.0,5.0,0.008175849914550781
21.0,7.0,7.0,0.011196374893188477
69.0,11.0,11.0,0.04034781455993652
13.0,2.0,2.0,0.005615949630737305
52.0,10.0,10.0,0.02575087547302246
49.0,3.0,3.0,0.030453920364379883
43.0,9.0,9.0,0.035370826721191406
90.0,11.0,11.0,0.04886460304260254
28.0,5.0,5.0,0.013505935668945312
24.0,11.0,11.0,0.012055635452270508
50.0,4.0,4.0,0.025825023651123047
23.0,1.0,1.0,0.0129547119140625
23.0,6.0,6.0,0.013796567916870117
114.0,6.0,6.0,0.08686685562133789
107.0,9.0,9.0,0.07047295570373535
100.0,15.0,15.0,0.0657498836517334
52.0,6.0,6.0,0.04554295539855957
14.0,3.0,3.0,0.012088775634765625
26.0,6.0,6.0,0.03601360321044922
31.0,7.0,7.0,0.019340991973876953
125.0,29.0,29.0,0.08424139022827148
127.0,11.0,11.0,0.09752845764160156
49.0,5.0,5.0,0.024903297424316406
16.0,5.0,5.0,0.005248546600341797
30.0,7.0,7.0,0.017776966094970703
71.0,5.0,5.0,0.04009747505187988
29.0,3.0,3.0,0.01484060287475586
38.0,5.0,5.0,0.020005226135253906
71.0,15.0,15.0,0.03789925575256348
23.0,4.0,4.0,0.011146306991577148
180.0,20.0,20.0,0.10743093490600586
33.0,9.0,9.0,0.016633033752441406
50.0,2.0,2.0,0.026535749435424805
25.0,9.0,9.0,0.011690855026245117
34.0,8.0,8.0,0.017718076705932617
30.0,8.0,8.0,0.011746644973754883
24.0,5.0,5.0,0.011135578155517578
55.0,12.0,12.0,0.01802206039428711
22.0,5.0,5.0,0.010634422302246094
17.0,5.0,5.0,0.008204936981201172
13.0,2.0,2.0,0.008866548538208008
13.0,1.0,1.0,0.005071878433227539
36.0,9.0,9.0,0.018114089965820312
21.0,3.0,3.0,0.01135706901550293
39.0,8.0,8.0,0.02222752571105957
43.0,11.0,11.0,0.0180816650390625
31.0,8.0,8.0,0.018710851669311523
36.0,4.0,4.0,0.016307830810546875
17.0,5.0,5.0,0.0050029754638671875
47.0,2.0,2.0,0.021200895309448242
20.0,6.0,6.0,0.011208057403564453
39.0,6.0,6.0,0.020127058029174805
57.0,7.0,7.0,0.021499156951904297
148.0,16.0,16.0,0.048978567123413086
59.0,8.0,8.0,0.02961254119873047
19.0,7.0,7.0,0.005895376205444336
54.0,6.0,6.0,0.027946949005126953
30.0,7.0,7.0,0.013035297393798828
63.0,11.0,11.0,0.03272247314453125
23.0,5.0,5.0,0.011243104934692383
88.0,14.0,14.0,0.047811269760131836
16.0,1.0,1.0,0.0060405731201171875
50.0,8.0,8.0,0.020338773727416992
150.0,20.0,20.0,0.05861163139343262
58.0,14.0,14.0,0.030137062072753906
59.0,12.0,12.0,0.024147748947143555
41.0,5.0,5.0,0.020270347595214844
18.0,4.0,4.0,0.008275032043457031
52.0,7.0,7.0,0.02726912498474121
27.0,5.0,5.0,0.013278961181640625
46.0,10.0,10.0,0.016437768936157227
50.0,8.0,8.0,0.01654839515686035
19.0,5.0,5.0,0.007006168365478516
101.0,11.0,11.0,0.03847455978393555
25.0,3.0,3.0,0.010737895965576172
82.0,8.0,8.0,0.050009727478027344
18.0,3.0,3.0,0.008836507797241211
50.0,12.0,12.0,0.030413389205932617
64.0,6.0,6.0,0.03737163543701172
23.0,3.0,3.0,0.012453556060791016
43.0,10.0,10.0,0.024991273880004883
27.0,2.0,2.0,0.01827836036682129
37.0,8.0,8.0,0.015877723693847656
29.0,14.0,14.0,0.016445159912109375
53.0,9.0,9.0,0.025208711624145508
24.0,7.0,7.0,0.010055303573608398
41.0,7.0,7.0,0.02590465545654297
51.0,11.0,11.0,0.024843215942382812
20.0,2.0,2.0,0.009716033935546875
14.0,2.0,2.0,0.01058650016784668
124.0,18.0,18.0,0.04622006416320801
33.0,4.0,4.0,0.009877920150756836
27.0,6.0,6.0,0.008710145950317383
29.0,4.0,4.0,0.012159585952758789
28.0,5.0,5.0,0.00841212272644043
26.0,9.0,9.0,0.009868144989013672
59.0,10.0,10.0,0.013887166976928711
46.0,10.0,10.0,0.009049415588378906
32.0,12.0,12.0,0.007992744445800781
17.0,6.0,6.0,0.005587339401245117
13.0,0.0,0.0,0.004779338836669922
33.0,7.0,7.0,0.011369705200195312
24.0,4.0,4.0,0.01011204719543457
63.0,6.0,6.0,0.054308176040649414
15.0,4.0,4.0,0.01277923583984375
35.0,6.0,6.0,0.022157907485961914
14.0,3.0,3.0,0.008082866668701172
32.0,10.0,10.0,0.017040014266967773
37.0,7.0,7.0,0.02414226531982422
49.0,6.0,6.0,0.028501033782958984
78.0,12.0,12.0,0.04597163200378418
53.0,6.0,6.0,0.037105560302734375
28.0,0.0,0.0,0.018007755279541016
83.0,12.0,12.0,0.046753883361816406
19.0,4.0,4.0,0.0058405399322509766
31.0,6.0,6.0,0.015188217163085938
47.0,7.0,7.0,0.024633407592773438
30.0,7.0,7.0,0.011927604675292969
22.0,8.0,8.0,0.00647735595703125
16.0,2.0,2.0,0.004373788833618164
39.0,7.0,7.0,0.010158777236938477
23.0,4.0,4.0,0.007258892059326172
16.0,5.0,5.0,0.0042040348052978516
31.0,4.0,4.0,0.008049964904785156
146.0,15.0,15.0,0.05811142921447754
76.0,10.0,10.0,0.024072647094726562
17.0,6.0,6.0,0.0036928653717041016
64.0,10.0,10.0,0.028675079345703125
72.0,7.0,7.0,0.024313688278198242
71.0,9.0,9.0,0.023998737335205078
93.0,25.0,25.0,0.028386831283569336
39.0,8.0,8.0,0.013004541397094727
19.0,3.0,3.0,0.00796818733215332
41.0,2.0,2.0,0.010296106338500977
66.0,6.0,6.0,0.017163515090942383
24.0,5.0,5.0,0.007332563400268555
22.0,2.0,2.0,0.006951093673706055
22.0,3.0,3.0,0.005945920944213867
106.0,10.0,10.0,0.03814196586608887
36.0,13.0,13.0,0.00975656509399414
70.0,6.0,6.0,0.0199129581451416
16.0,1.0,1.0,0.006157636642456055
172.0,17.0,17.0,0.06278347969055176
34.0,7.0,7.0,0.015510797500610352
93.0,11.0,11.0,0.02855515480041504
16.0,4.0,4.0,0.0074803829193115234
16.0,5.0,5.0,0.005715370178222656
61.0,13.0,13.0,0.01903533935546875
51.0,10.0,10.0,0.01308441162109375
16.0,5.0,5.0,0.0073850154876708984
52.0,6.0,6.0,0.012860536575317383
113.0,16.0,16.0,0.033974647521972656
17.0,6.0,6.0,0.00923609733581543
67.0,9.0,9.0,0.02074885368347168
20.0,7.0,7.0,0.005262136459350586
20.0,7.0,7.0,0.005469083786010742
39.0,10.0,10.0,0.009006500244140625
43.0,7.0,7.0,0.015014886856079102
20.0,3.0,3.0,0.008183002471923828
21.0,5.0,5.0,0.0072765350341796875
59.0,11.0,11.0,0.023851633071899414
35.0,6.0,6.0,0.012660026550292969
30.0,10.0,10.0,0.00803518295288086
33.0,7.0,7.0,0.008023262023925781
13.0,2.0,2.0,0.005391359329223633
17.0,3.0,3.0,0.002343893051147461
30.0,5.0,5.0,0.009716510772705078
18.0,4.0,4.0,0.0052297115325927734
17.0,5.0,5.0,0.006531953811645508
14.0,2.0,2.0,0.0
24.0,5.0,5.0,0.005000114440917969
61.0,9.0,9.0,0.017671823501586914
44.0,4.0,4.0,0.007760763168334961
40.0,11.0,11.0,0.00851750373840332
38.0,4.0,4.0,0.015249967575073242
35.0,2.0,2.0,0.010012626647949219
59.0,12.0,12.0,0.015171527862548828
51.0,7.0,7.0,0.007756233215332031
16.0,2.0,2.0,0.003787517547607422
25.0,6.0,6.0,0.004679441452026367
73.0,5.0,5.0,0.021178245544433594
19.0,5.0,5.0,0.009031295776367188
17.0,6.0,6.0,0.0049974918365478516
41.0,5.0,5.0,0.010440349578857422
30.0,4.0,4.0,0.008536100387573242
21.0,5.0,5.0,0.01032710075378418
20.0,9.0,9.0,0.011026144027709961
24.0,6.0,6.0,0.009150028228759766
76.0,12.0,12.0,0.02524733543395996
20.0,7.0,7.0,0.009677648544311523
43.0,6.0,6.0,0.011936426162719727
25.0,10.0,10.0,0.0051081180572509766
49.0,18.0,18.0,0.014433860778808594
45.0,11.0,11.0,0.008424997329711914
28.0,5.0,5.0,0.008032798767089844
69.0,18.0,18.0,0.015015602111816406
50.0,10.0,10.0,0.015030860900878906
32.0,9.0,9.0,0.0054759979248046875
43.0,11.0,11.0,0.010522842407226562
137.0,9.0,9.0,0.03994488716125488
16.0,4.0,4.0,0.005018949508666992
18.0,5.0,5.0,0.00502467155456543
75.0,6.0,6.0,0.020650625228881836
26.0,2.0,2.0,0.005959033966064453
28.0,4.0,4.0,0.005010843276977539
13.0,2.0,2.0,0.004992961883544922
69.0,4.0,4.0,0.01500082015991211
48.0,7.0,7.0,0.010081291198730469
122.0,23.0,23.0,0.03577852249145508
30.0,9.0,9.0,0.008796930313110352
25.0,7.0,7.0,0.0030798912048339844
63.0,3.0,3.0,0.015363454818725586
13.0,2.0,2.0,0.002674102783203125
60.0,6.0,6.0,0.011372566223144531
12.0,1.0,1.0,0.005530834197998047
65.0,8.0,8.0,0.014611959457397461
25.0,7.0,7.0,0.004994869232177734
14.0,2.0,2.0,0.0015106201171875
26.0,5.0,5.0,0.010015010833740234
22.0,8.0,8.0,0.0050013065338134766
20.0,5.0,5.0,0.007379293441772461
20.0,3.0,3.0,0.005113840103149414
54.0,17.0,17.0,0.019775390625
21.0,4.0,4.0,0.007264852523803711
24.0,3.0,3.0,0.007171154022216797
33.0,10.0,10.0,0.012113571166992188
119.0,10.0,10.0,0.030364513397216797
18.0,7.0,7.0,0.004994869232177734
216.0,23.0,23.0,0.07939791679382324
37.0,4.0,4.0,0.016669511795043945
17.0,5.0,5.0,0.004017353057861328
24.0,6.0,6.0,0.004998683929443359
14.0,2.0,2.0,0.0060482025146484375
15.0,3.0,3.0,0.0033996105194091797
116.0,15.0,15.0,0.032369375228881836
31.0,2.0,2.0,0.005393266677856445
16.0,2.0,2.0,0.010051965713500977
19.0,2.0,2.0,0.0054929256439208984
81.0,9.0,9.0,0.01977705955505371
36.0,6.0,6.0,0.00513768196105957
27.0,4.0,4.0,0.007027387619018555
26.0,4.0,4.0,0.005338907241821289
55.0,11.0,11.0,0.015009880065917969
38.0,6.0,6.0,0.009521245956420898
236.0,27.0,27.0,0.08068227767944336
63.0,9.0,9.0,0.018520832061767578
26.0,3.0,3.0,0.00869131088256836
27.0,5.0,5.0,0.00911855697631836
22.0,6.0,6.0,0.005889415740966797
14.0,2.0,2.0,0.007866621017456055
158.0,15.0,15.0,0.04596138000488281
15.0,4.0,4.0,0.0036110877990722656
87.0,13.0,13.0,0.025945186614990234
37.0,8.0,8.0,0.013662338256835938
81.0,14.0,14.0,0.019137859344482422
45.0,5.0,5.0,0.00902557373046875
18.0,4.0,4.0,0.00500178337097168
24.0,8.0,8.0,0.009998559951782227
20.0,7.0,7.0,0.006491422653198242
40.0,14.0,14.0,0.01153564453125
51.0,7.0,7.0,0.01252293586730957
32.0,10.0,10.0,0.010001420974731445
54.0,5.0,5.0,0.010378360748291016
40.0,13.0,13.0,0.009521245956420898
65.0,15.0,15.0,0.0149993896484375
53.0,12.0,12.0,0.0149993896484375
85.0,9.0,9.0,0.023233890533447266
28.0,6.0,6.0,0.00952005386352539
26.0,5.0,5.0,0.009999990463256836
21.0,10.0,10.0,0.005021572113037109
21.0,5.0,5.0,0.00501561164855957
38.0,5.0,5.0,0.004996299743652344
90.0,8.0,8.0,0.024280548095703125
19.0,3.0,3.0,0.004999876022338867
19.0,3.0,3.0,0.010116338729858398
50.0,6.0,6.0,0.020014286041259766
22.0,1.0,1.0,0.007045269012451172
30.0,4.0,4.0,0.010822534561157227
34.0,10.0,10.0,0.008137702941894531
18.0,5.0,5.0,0.005578041076660156
44.0,7.0,7.0,0.012323379516601562
36.0,5.0,5.0,0.011912822723388672
17.0,5.0,5.0,0.004120588302612305
28.0,5.0,5.0,0.00675654411315918
18.0,7.0,7.0,0.005008697509765625
42.0,15.0,15.0,0.011229276657104492
120.0,15.0,15.0,0.02528977394104004
29.0,7.0,7.0,0.010313034057617188
23.0,4.0,4.0,0.005011081695556641
39.0,5.0,5.0,0.009969234466552734
25.0,6.0,6.0,0.00452423095703125
78.0,12.0,12.0,0.015042304992675781
27.0,3.0,3.0,0.004996061325073242
107.0,18.0,18.0,0.025052547454833984
57.0,6.0,6.0,0.011909961700439453
64.0,12.0,12.0,0.015276193618774414
39.0,6.0,6.0,0.009958982467651367
73.0,5.0,5.0,0.020258665084838867
42.0,6.0,6.0,0.012099504470825195
141.0,18.0,18.0,0.03418469429016113
26.0,4.0,4.0,0.010001897811889648
33.0,7.0,7.0,0.011789321899414062
30.0,5.0,5.0,0.009073734283447266
44.0,7.0,7.0,0.012472152709960938
36.0,3.0,3.0,0.009713411331176758
16.0,5.0,5.0,0.006313800811767578
41.0,14.0,14.0,0.006067037582397461
25.0,5.0,5.0,0.005484104156494141
45.0,7.0,7.0,0.013890266418457031
45.0,6.0,6.0,0.00901651382446289
37.0,10.0,10.0,0.010444402694702148
24.0,3.0,3.0,0.010504484176635742
50.0,13.0,13.0,0.009499549865722656
32.0,13.0,13.0,0.005001068115234375
35.0,15.0,15.0,0.004993438720703125
18.0,5.0,5.0,0.01069784164428711
30.0,10.0,10.0,0.010387182235717773
27.0,10.0,10.0,0.010884761810302734
31.0,8.0,8.0,0.004008769989013672
42.0,7.0,7.0,0.015149831771850586
52.0,10.0,10.0,0.01295781135559082
49.0,11.0,11.0,0.010015726089477539
42.0,7.0,7.0,0.01000070571899414
19.0,3.0,3.0,0.001605987548828125
15.0,3.0,3.0,0.005243778228759766
83.0,13.0,13.0,0.02158665657043457
17.0,4.0,4.0,0.0045130252838134766
27.0,5.0,5.0,0.010281562805175781
20.0,2.0,2.0,0.005014896392822266
17.0,4.0,4.0,0.004998922348022461
83.0,5.0,5.0,0.024352312088012695
14.0,3.0,3.0,0.0033533573150634766
67.0,10.0,10.0,0.015635967254638672
25.0,6.0,6.0,0.0054929256439208984
32.0,8.0,8.0,0.008168697357177734
96.0,7.0,7.0,0.024539709091186523
21.0,4.0,4.0,0.0067975521087646484
15.0,5.0,5.0,0.0015096664428710938
59.0,5.0,5.0,0.0192263126373291
54.0,7.0,7.0,0.016384363174438477
17.0,3.0,3.0,0.003629446029663086
28.0,7.0,7.0,0.01328277587890625
54.0,11.0,11.0,0.015151023864746094
18.0,2.0,2.0,0.004354238510131836
31.0,3.0,3.0,0.011838674545288086
20.0,4.0,4.0,0.005744218826293945
53.0,6.0,6.0,0.02114415168762207
14.0,3.0,3.0,0.0035812854766845703
14.0,1.0,1.0,0.0047190189361572266
31.0,5.0,5.0,0.008781909942626953
20.0,8.0,8.0,0.005116462707519531
36.0,7.0,7.0,0.008765697479248047
16.0,3.0,3.0,0.0040760040283203125
91.0,10.0,10.0,0.018255949020385742
25.0,2.0,2.0,0.006450176239013672
15.0,4.0,4.0,0.0027701854705810547
24.0,6.0,6.0,0.007806062698364258
20.0,4.0,4.0,0.006033897399902344
26.0,4.0,4.0,0.0051763057708740234
22.0,7.0,7.0,0.0055234432220458984
24.0,3.0,3.0,0.005417823791503906
104.0,13.0,13.0,0.025142908096313477
69.0,13.0,13.0,0.016752004623413086
28.0,4.0,4.0,0.0060253143310546875
43.0,10.0,10.0,0.00786900520324707
104.0,10.0,10.0,0.03000926971435547
18.0,6.0,6.0,0.008913755416870117
41.0,7.0,7.0,0.017096519470214844
50.0,7.0,7.0,0.011987447738647461
23.0,7.0,7.0,0.005645751953125
33.0,1.0,1.0,0.0068051815032958984
105.0,10.0,10.0,0.025526046752929688
17.0,5.0,5.0,0.009090185165405273
38.0,7.0,7.0,0.009665727615356445
17.0,3.0,3.0,0.007509469985961914
46.0,9.0,9.0,0.011104822158813477
19.0,2.0,2.0,0.00452113151550293
36.0,2.0,2.0,0.006304502487182617
14.0,3.0,3.0,0.003751039505004883
26.0,3.0,3.0,0.006296396255493164
54.0,8.0,8.0,0.0152435302734375
16.0,2.0,2.0,0.006732940673828125
18.0,5.0,5.0,0.005375385284423828
23.0,4.0,4.0,0.00793313980102539
45.0,4.0,4.0,0.014370918273925781
52.0,9.0,9.0,0.01627516746520996
24.0,5.0,5.0,0.006512641906738281
18.0,4.0,4.0,0.005620718002319336
71.0,10.0,10.0,0.0166318416595459
17.0,3.0,3.0,0.008171796798706055
54.0,10.0,10.0,0.012292861938476562
21.0,4.0,4.0,0.004599094390869141
16.0,5.0,5.0,0.007058382034301758
28.0,3.0,3.0,0.008672952651977539
16.0,1.0,1.0,0.004411935806274414
40.0,7.0,7.0,0.012716531753540039
104.0,14.0,14.0,0.03051447868347168
13.0,2.0,2.0,0.0062198638916015625
21.0,5.0,5.0,0.006018638610839844
156.0,25.0,25.0,0.04333758354187012
23.0,8.0,8.0,0.005582571029663086
47.0,5.0,5.0,0.013920783996582031
18.0,5.0,5.0,0.002950906753540039
61.0,13.0,13.0,0.01617908477783203
20.0,3.0,3.0,0.005749702453613281
91.0,14.0,14.0,0.030304431915283203
31.0,3.0,3.0,0.008464336395263672
24.0,4.0,4.0,0.0076446533203125
33.0,6.0,6.0,0.007246732711791992
24.0,6.0,6.0,0.006030559539794922
32.0,4.0,4.0,0.00747227668762207
33.0,6.0,6.0,0.012030363082885742
40.0,7.0,7.0,0.013173580169677734
81.0,7.0,7.0,0.02626347541809082
25.0,7.0,7.0,0.01382303237915039
33.0,3.0,3.0,0.0132293701171875
14.0,2.0,2.0,0.0054950714111328125
79.0,11.0,11.0,0.023879528045654297
24.0,7.0,7.0,0.00919485092163086
26.0,11.0,11.0,0.0067806243896484375
33.0,9.0,9.0,0.010434150695800781
30.0,3.0,3.0,0.009630680084228516
91.0,7.0,7.0,0.02851414680480957
77.0,16.0,16.0,0.02087879180908203
19.0,4.0,4.0,0.0051059722900390625
47.0,5.0,5.0,0.009921550750732422
21.0,5.0,5.0,0.00648188591003418
35.0,5.0,5.0,0.010746479034423828
32.0,9.0,9.0,0.007858991622924805
18.0,4.0,4.0,0.004885673522949219
17.0,5.0,5.0,0.003017902374267578
22.0,2.0,2.0,0.006860256195068359
36.0,4.0,4.0,0.010766744613647461
26.0,7.0,7.0,0.005608320236206055
17.0,2.0,2.0,0.0037763118743896484
39.0,6.0,6.0,0.01002812385559082
23.0,2.0,2.0,0.006287813186645508
33.0,8.0,8.0,0.008881092071533203
55.0,12.0,12.0,0.01820659637451172
42.0,11.0,11.0,0.014658689498901367
94.0,11.0,11.0,0.0285799503326416
17.0,3.0,3.0,0.005082368850708008
13.0,2.0,2.0,0.00453948974609375
16.0,4.0,4.0,0.0049588680267333984
41.0,9.0,9.0,0.010542869567871094
19.0,7.0,7.0,0.006860494613647461
41.0,6.0,6.0,0.00930166244506836
30.0,10.0,10.0,0.004987001419067383
20.0,7.0,7.0,0.0016977787017822266
39.0,5.0,5.0,0.010015487670898438
44.0,4.0,4.0,0.00999903678894043
40.0,10.0,10.0,0.006923198699951172
27.0,2.0,2.0,0.005165815353393555
60.0,1.0,1.0,0.015579700469970703
29.0,10.0,10.0,0.010014533996582031
35.0,2.0,2.0,0.010018348693847656
38.0,6.0,6.0,0.015013933181762695
21.0,3.0,3.0,0.004998922348022461
115.0,20.0,20.0,0.039819955825805664
23.0,10.0,10.0,0.005049467086791992
139.0,25.0,25.0,0.03444671630859375
28.0,10.0,10.0,0.009999275207519531
70.0,14.0,14.0,0.016777515411376953
19.0,6.0,6.0,0.005146980285644531
19.0,1.0,1.0,0.0072939395904541016
26.0,7.0,7.0,0.008025884628295898
50.0,15.0,15.0,0.012044906616210938
25.0,10.0,10.0,0.00534367561340332
21.0,7.0,7.0,0.008111953735351562
25.0,5.0,5.0,0.005110740661621094
45.0,9.0,9.0,0.015524625778198242
17.0,5.0,5.0,0.006266355514526367
52.0,10.0,10.0,0.014415979385375977
124.0,18.0,18.0,0.027494192123413086
15.0,3.0,3.0,0.007220029830932617
70.0,6.0,6.0,0.027859926223754883
27.0,4.0,4.0,0.004631519317626953
13.0,1.0,1.0,0.005017995834350586
23.0,5.0,5.0,0.010022640228271484
20.0,2.0,2.0,0.0049974918365478516
53.0,13.0,13.0,0.012438774108886719
12.0,2.0,2.0,0.0055086612701416016
42.0,5.0,5.0,0.009636878967285156
26.0,3.0,3.0,0.004967927932739258
20.0,4.0,4.0,0.0050199031829833984
65.0,11.0,11.0,0.015026330947875977
66.0,7.0,7.0,0.019845962524414062
50.0,5.0,5.0,0.010523080825805664
58.0,2.0,2.0,0.01001429557800293
36.0,2.0,2.0,0.011940956115722656
17.0,1.0,1.0,0.005824565887451172
34.0,9.0,9.0,0.00775456428527832
33.0,3.0,3.0,0.007642269134521484
26.0,7.0,7.0,0.006189823150634766
90.0,13.0,13.0,0.02305126190185547
64.0,5.0,5.0,0.01520538330078125
45.0,5.0,5.0,0.010506391525268555
169.0,24.0,24.0,0.0498805046081543
44.0,9.0,9.0,0.008052349090576172
78.0,7.0,7.0,0.01547384262084961
38.0,4.0,4.0,0.005507946014404297
44.0,11.0,11.0,0.010014057159423828
50.0,5.0,5.0,0.020457029342651367
23.0,8.0,8.0,0.0069653987884521484
22.0,3.0,3.0,0.007028341293334961
25.0,7.0,7.0,0.007426261901855469
38.0,11.0,11.0,0.009293556213378906
20.0,1.0,1.0,0.0066335201263427734
20.0,4.0,4.0,0.0053403377532958984
20.0,4.0,4.0,0.009028434753417969
39.0,11.0,11.0,0.013805866241455078
73.0,16.0,16.0,0.023678302764892578
18.0,7.0,7.0,0.002746105194091797
62.0,9.0,9.0,0.014525413513183594
30.0,13.0,13.0,0.00982522964477539
30.0,7.0,7.0,0.0047228336334228516
127.0,14.0,14.0,0.040589332580566406
54.0,8.0,8.0,0.01451563835144043
34.0,4.0,4.0,0.00500178337097168
36.0,9.0,9.0,0.005505561828613281
16.0,4.0,4.0,0.0
32.0,3.0,3.0,0.004999876022338867
30.0,2.0,2.0,0.01000356674194336
27.0,7.0,7.0,0.010467767715454102
19.0,7.0,7.0,0.0046312808990478516
36.0,3.0,3.0,0.010011672973632812
20.0,4.0,4.0,0.004998922348022461
46.0,10.0,10.0,0.010509490966796875
36.0,17.0,17.0,0.011079788208007812
32.0,3.0,3.0,0.008018016815185547
144.0,27.0,27.0,0.03548932075500488
50.0,6.0,6.0,0.01526641845703125
12.0,1.0,1.0,0.004765987396240234
26.0,5.0,5.0,0.009665966033935547
18.0,2.0,2.0,0.0015218257904052734
24.0,2.0,2.0,0.011488199234008789
19.0,4.0,4.0,0.004919767379760742
42.0,3.0,3.0,0.010013818740844727
25.0,4.0,4.0,0.005223751068115234
21.0,2.0,2.0,0.004998683929443359
97.0,16.0,16.0,0.023350954055786133
34.0,9.0,9.0,0.012649059295654297
24.0,4.0,4.0,0.009187698364257812
32.0,10.0,10.0,0.010114908218383789
23.0,8.0,8.0,0.0051441192626953125
14.0,3.0,3.0,0.00327301025390625
124.0,20.0,20.0,0.030058622360229492
37.0,8.0,8.0,0.01176762580871582
63.0,8.0,8.0,0.01830601692199707
78.0,15.0,15.0,0.028368711471557617
40.0,9.0,9.0,0.017348051071166992
20.0,3.0,3.0,0.004177093505859375
25.0,3.0,3.0,0.006742715835571289
19.0,3.0,3.0,0.005403995513916016
17.0,3.0,3.0,0.004152774810791016
81.0,11.0,11.0,0.021553516387939453
96.0,14.0,14.0,0.023447751998901367
18.0,5.0,5.0,0.004000186920166016
51.0,8.0,8.0,0.012539148330688477
56.0,26.0,26.0,0.01881241798400879
28.0,6.0,6.0,0.007961034774780273
29.0,4.0,4.0,0.007827043533325195
71.0,11.0,11.0,0.01748943328857422
20.0,3.0,3.0,0.004668235778808594
26.0,3.0,3.0,0.011377334594726562
51.0,4.0,4.0,0.021323442459106445
21.0,5.0,5.0,0.007170200347900391
46.0,11.0,11.0,0.01634526252746582
87.0,13.0,13.0,0.022032976150512695
36.0,10.0,10.0,0.01030731201171875
23.0,2.0,2.0,0.006776332855224609
28.0,9.0,9.0,0.006425380706787109
38.0,7.0,7.0,0.008967399597167969
124.0,19.0,19.0,0.029540538787841797
45.0,9.0,9.0,0.01642584800720215
56.0,1.0,1.0,0.018932104110717773
21.0,4.0,4.0,0.007998466491699219
33.0,3.0,3.0,0.00800180435180664
143.0,17.0,17.0,0.040879249572753906
45.0,4.0,4.0,0.018414020538330078
40.0,12.0,12.0,0.01405644416809082
92.0,11.0,11.0,0.029675722122192383
88.0,19.0,19.0,0.025649070739746094
30.0,5.0,5.0,0.00877523422241211
37.0,4.0,4.0,0.013571739196777344
17.0,4.0,4.0,0.0041692256927490234
16.0,4.0,4.0,0.003707408905029297
16.0,4.0,4.0,0.004239559173583984
83.0,13.0,13.0,0.027583837509155273
30.0,4.0,4.0,0.00859832763671875
51.0,5.0,5.0,0.01445770263671875
33.0,1.0,1.0,0.008937597274780273
29.0,5.0,5.0,0.008947372436523438
136.0,18.0,18.0,0.0485987663269043
26.0,10.0,10.0,0.009671926498413086
18.0,2.0,2.0,0.00440669059753418
23.0,4.0,4.0,0.005570173263549805
96.0,17.0,17.0,0.022906780242919922
64.0,15.0,15.0,0.011998176574707031
35.0,7.0,7.0,0.007998466491699219
146.0,15.0,15.0,0.03914690017700195
53.0,6.0,6.0,0.021583080291748047
21.0,9.0,9.0,0.003209829330444336
30.0,4.0,4.0,0.011696577072143555
28.0,3.0,3.0,0.008011817932128906
135.0,11.0,11.0,0.03568577766418457
47.0,5.0,5.0,0.014182329177856445
66.0,4.0,4.0,0.021007537841796875
123.0,16.0,16.0,0.03447389602661133
53.0,8.0,8.0,0.01346278190612793
51.0,10.0,10.0,0.01173710823059082
41.0,5.0,5.0,0.015302419662475586
19.0,5.0,5.0,0.004214763641357422
66.0,5.0,5.0,0.01811981201171875
20.0,8.0,8.0,0.0037360191345214844
21.0,6.0,6.0,0.005007028579711914
30.0,2.0,2.0,0.007100343704223633
17.0,5.0,5.0,0.0040628910064697266
30.0,3.0,3.0,0.00655674934387207
102.0,22.0,22.0,0.03102397918701172
23.0,6.0,6.0,0.007120609283447266
79.0,24.0,24.0,0.022716045379638672
35.0,8.0,8.0,0.009922981262207031
39.0,3.0,3.0,0.012288808822631836
39.0,11.0,11.0,0.013715028762817383
57.0,10.0,10.0,0.020711660385131836
48.0,10.0,10.0,0.01577448844909668
130.0,20.0,20.0,0.03875470161437988
63.0,13.0,13.0,0.0248565673828125
32.0,5.0,5.0,0.012819051742553711
15.0,3.0,3.0,0.004298686981201172
99.0,23.0,23.0,0.027098655700683594
86.0,11.0,11.0,0.026921510696411133
96.0,13.0,13.0,0.030697345733642578
65.0,18.0,18.0,0.021790742874145508
19.0,1.0,1.0,0.00624394416809082
121.0,13.0,13.0,0.03705716133117676
38.0,10.0,10.0,0.013646364212036133
11.0,0.0,0.0,0.001529693603515625
16.0,4.0,4.0,0.006386756896972656
55.0,7.0,7.0,0.024625778198242188
36.0,10.0,10.0,0.012572765350341797
38.0,10.0,10.0,0.012602090835571289
33.0,6.0,6.0,0.01089620590209961
31.0,8.0,8.0,0.00908041000366211
23.0,3.0,3.0,0.007183551788330078
44.0,2.0,2.0,0.010600805282592773
18.0,2.0,2.0,0.0039827823638916016
54.0,11.0,11.0,0.016973257064819336
23.0,3.0,3.0,0.006529331207275391
30.0,5.0,5.0,0.010738849639892578
26.0,7.0,7.0,0.003507375717163086
15.0,3.0,3.0,0.004373073577880859
45.0,3.0,3.0,0.011519908905029297
43.0,8.0,8.0,0.014725446701049805
126.0,13.0,13.0,0.03465127944946289
25.0,2.0,2.0,0.007055997848510742
29.0,5.0,5.0,0.005992889404296875
33.0,13.0,13.0,0.010859251022338867
17.0,4.0,4.0,0.0053691864013671875
36.0,10.0,10.0,0.00826573371887207
21.0,1.0,1.0,0.00909876823425293
117.0,11.0,11.0,0.042842864990234375
55.0,8.0,8.0,0.01333308219909668
51.0,11.0,11.0,0.015230417251586914
14.0,2.0,2.0,0.00613093376159668
14.0,3.0,3.0,0.003687620162963867
67.0,6.0,6.0,0.016007661819458008
122.0,8.0,8.0,0.03016948699951172
127.0,14.0,14.0,0.031864166259765625
75.0,9.0,9.0,0.020267963409423828
18.0,4.0,4.0,0.005219221115112305
22.0,7.0,7.0,0.009687185287475586
61.0,11.0,11.0,0.020720243453979492
26.0,3.0,3.0,0.006513357162475586
21.0,3.0,3.0,0.005995750427246094
15.0,4.0,4.0,0.004014015197753906
85.0,11.0,11.0,0.02617621421813965
54.0,13.0,13.0,0.012611627578735352
96.0,4.0,4.0,0.025789737701416016
168.0,18.0,18.0,0.03978610038757324
13.0,2.0,2.0,0.003519296646118164
21.0,2.0,2.0,0.0049991607666015625
12.0,0.0,0.0,0.002577543258666992
32.0,9.0,9.0,0.010535001754760742
57.0,5.0,5.0,0.01738882064819336
47.0,5.0,5.0,0.016922473907470703
117.0,13.0,13.0,0.03072381019592285
14.0,2.0,2.0,0.0026760101318359375
69.0,7.0,7.0,0.016921043395996094
17.0,3.0,3.0,0.007683515548706055
39.0,7.0,7.0,0.01005411148071289
42.0,8.0,8.0,0.009991168975830078
18.0,2.0,2.0,0.0056078433990478516
80.0,6.0,6.0,0.024308204650878906
23.0,5.0,5.0,0.005498170852661133
18.0,6.0,6.0,0.004754304885864258
40.0,8.0,8.0,0.009853124618530273
26.0,5.0,5.0,0.0071277618408203125
35.0,3.0,3.0,0.008569955825805664
63.0,8.0,8.0,0.018229961395263672
19.0,7.0,7.0,0.0075190067291259766
54.0,8.0,8.0,0.01445770263671875
32.0,3.0,3.0,0.010449409484863281
13.0,2.0,2.0,0.005873680114746094
69.0,5.0,5.0,0.019084930419921875
47.0,4.0,4.0,0.011360406875610352
20.0,5.0,5.0,0.004575967788696289
20.0,3.0,3.0,0.004627227783203125
16.0,4.0,4.0,0.0035071372985839844
25.0,4.0,4.0,0.006175518035888672
57.0,6.0,6.0,0.013410329818725586
51.0,6.0,6.0,0.011809587478637695
39.0,6.0,6.0,0.008527517318725586
27.0,5.0,5.0,0.0060536861419677734
73.0,7.0,7.0,0.02048802375793457
32.0,5.0,5.0,0.007716178894042969
53.0,4.0,4.0,0.013559103012084961
28.0,1.0,1.0,0.007547855377197266
29.0,5.0,5.0,0.008672475814819336
64.0,12.0,12.0,0.025249719619750977
34.0,6.0,6.0,0.014681339263916016
53.0,1.0,1.0,0.023520708084106445
56.0,13.0,13.0,0.014621496200561523
14.0,1.0,1.0,0.0031690597534179688
18.0,7.0,7.0,0.007177591323852539
48.0,8.0,8.0,0.012101888656616211
38.0,6.0,6.0,0.01053166389465332
73.0,10.0,10.0,0.019362688064575195
20.0,2.0,2.0,0.005903482437133789
28.0,9.0,9.0,0.008696794509887695
18.0,7.0,7.0,0.006891012191772461
54.0,7.0,7.0,0.015354394912719727
35.0,6.0,6.0,0.009610891342163086
86.0,12.0,12.0,0.02472400665283203
104.0,13.0,13.0,0.028802156448364258
50.0,8.0,8.0,0.011849641799926758
80.0,14.0,14.0,0.03543233871459961
13.0,2.0,2.0,0.005877971649169922
39.0,5.0,5.0,0.017027616500854492
153.0,23.0,23.0,0.04042315483093262
93.0,16.0,16.0,0.024204015731811523
50.0,4.0,4.0,0.018279552459716797
26.0,12.0,12.0,0.008190631866455078
27.0,6.0,6.0,0.006703615188598633
63.0,14.0,14.0,0.020745515823364258
64.0,2.0,2.0,0.015095233917236328
96.0,8.0,8.0,0.02334284782409668
43.0,7.0,7.0,0.016016006469726562
81.0,10.0,10.0,0.020947694778442383
30.0,11.0,11.0,0.009715795516967773
42.0,10.0,10.0,0.012428998947143555
19.0,1.0,1.0,0.0068280696868896484
41.0,5.0,5.0,0.009768009185791016
30.0,3.0,3.0,0.008040666580200195
34.0,6.0,6.0,0.00900125503540039
69.0,13.0,13.0,0.020977497100830078
84.0,17.0,17.0,0.02004694938659668
46.0,8.0,8.0,0.011520147323608398
29.0,4.0,4.0,0.007721424102783203
21.0,8.0,8.0,0.006000041961669922
62.0,12.0,12.0,0.02113032341003418
31.0,5.0,5.0,0.011702775955200195
26.0,2.0,2.0,0.007665872573852539
88.0,15.0,15.0,0.028470277786254883
25.0,10.0,10.0,0.0070078372955322266
20.0,8.0,8.0,0.004998207092285156
49.0,21.0,21.0,0.015002727508544922
29.0,4.0,4.0,0.008394002914428711
37.0,10.0,10.0,0.010566473007202148
44.0,7.0,7.0,0.010557174682617188
49.0,17.0,17.0,0.013871192932128906
27.0,3.0,3.0,0.006100177764892578
28.0,1.0,1.0,0.009613513946533203
30.0,2.0,2.0,0.008455276489257812
41.0,6.0,6.0,0.013447761535644531
16.0,5.0,5.0,0.0030143260955810547
27.0,4.0,4.0,0.0067822933197021484
15.0,5.0,5.0,0.006254911422729492
50.0,11.0,11.0,0.011027097702026367
134.0,17.0,17.0,0.03111124038696289
28.0,8.0,8.0,0.007993936538696289
40.0,5.0,5.0,0.013766288757324219
12.0,1.0,1.0,0.0028858184814453125
45.0,22.0,22.0,0.011002302169799805
62.0,7.0,7.0,0.014995336532592773
40.0,4.0,4.0,0.014943361282348633
24.0,9.0,9.0,0.006005048751831055
71.0,13.0,13.0,0.016844749450683594
14.0,3.0,3.0,0.004001617431640625
27.0,12.0,12.0,0.0072901248931884766
38.0,10.0,10.0,0.011601448059082031
102.0,15.0,15.0,0.03066849708557129
146.0,15.0,15.0,0.038549184799194336
20.0,1.0,1.0,0.005510807037353516
17.0,6.0,6.0,0.004997730255126953
24.0,10.0,10.0,0.006913900375366211
31.0,4.0,4.0,0.01211857795715332
53.0,6.0,6.0,0.017605304718017578
18.0,6.0,6.0,0.007999420166015625
62.0,5.0,5.0,0.01659989356994629
46.0,18.0,18.0,0.016761064529418945
21.0,2.0,2.0,0.008001327514648438
27.0,7.0,7.0,0.00999593734741211
236.0,15.0,15.0,0.059103965759277344
30.0,3.0,3.0,0.008004903793334961
95.0,23.0,23.0,0.02403116226196289
239.0,16.0,16.0,0.06303787231445312
33.0,5.0,5.0,0.014771461486816406
30.0,3.0,3.0,0.009594440460205078
37.0,8.0,8.0,0.011142730712890625
18.0,5.0,5.0,0.0041692256927490234
45.0,7.0,7.0,0.010244369506835938
33.0,10.0,10.0,0.01530146598815918
104.0,18.0,18.0,0.026732921600341797
29.0,4.0,4.0,0.007002830505371094
17.0,6.0,6.0,0.006066560745239258
22.0,3.0,3.0,0.009532451629638672
27.0,4.0,4.0,0.006998538970947266
32.0,7.0,7.0,0.007999897003173828
25.0,7.0,7.0,0.010739564895629883
50.0,4.0,4.0,0.0174407958984375
32.0,6.0,6.0,0.013826131820678711
26.0,4.0,4.0,0.007663726806640625
73.0,7.0,7.0,0.024536848068237305
77.0,6.0,6.0,0.020830631256103516
15.0,2.0,2.0,0.003728151321411133
45.0,2.0,2.0,0.010300397872924805
74.0,8.0,8.0,0.01854252815246582
18.0,3.0,3.0,0.00553584098815918
14.0,2.0,2.0,0.004018068313598633
36.0,7.0,7.0,0.008996963500976562
39.0,6.0,6.0,0.011558294296264648
43.0,3.0,3.0,0.012653589248657227
25.0,6.0,6.0,0.005623817443847656
24.0,5.0,5.0,0.0059967041015625
126.0,11.0,11.0,0.029695510864257812
38.0,8.0,8.0,0.009999275207519531
33.0,8.0,8.0,0.008526325225830078
58.0,10.0,10.0,0.013999700546264648
15.0,3.0,3.0,0.003001689910888672
53.0,8.0,8.0,0.014446258544921875
15.0,4.0,4.0,0.004041910171508789
17.0,5.0,5.0,0.008563518524169922
70.0,13.0,13.0,0.02485823631286621
29.0,11.0,11.0,0.007053375244140625
42.0,4.0,4.0,0.010951042175292969
77.0,10.0,10.0,0.018698930740356445
42.0,3.0,3.0,0.010410785675048828
22.0,6.0,6.0,0.005658388137817383
64.0,13.0,13.0,0.014373779296875
20.0,6.0,6.0,0.004820108413696289
16.0,4.0,4.0,0.004027366638183594
34.0,7.0,7.0,0.008939027786254883
28.0,8.0,8.0,0.006998538970947266
26.0,5.0,5.0,0.005998134613037109
16.0,5.0,5.0,0.004999876022338867
24.0,10.0,10.0,0.007999181747436523
84.0,11.0,11.0,0.022511720657348633
17.0,3.0,3.0,0.007003307342529297
82.0,11.0,11.0,0.024070262908935547
18.0,6.0,6.0,0.004099845886230469
22.0,7.0,7.0,0.005827188491821289
19.0,5.0,5.0,0.0049974918365478516
21.0,5.0,5.0,0.006890535354614258
27.0,4.0,4.0,0.0102081298828125
35.0,10.0,10.0,0.008037567138671875
36.0,6.0,6.0,0.010093450546264648
119.0,14.0,14.0,0.03961372375488281
18.0,3.0,3.0,0.008013010025024414
111.0,13.0,13.0,0.04888272285461426
25.0,2.0,2.0,0.009026527404785156
37.0,9.0,9.0,0.01340031623840332
104.0,15.0,15.0,0.035794973373413086
124.0,8.0,8.0,0.05051112174987793
94.0,9.0,9.0,0.026083946228027344
43.0,6.0,6.0,0.011390447616577148
18.0,5.0,5.0,0.004168033599853516
30.0,8.0,8.0,0.008246421813964844
20.0,5.0,5.0,0.005056142807006836
57.0,10.0,10.0,0.013924837112426758
89.0,9.0,9.0,0.028400897979736328
58.0,8.0,8.0,0.016088247299194336
191.0,13.0,13.0,0.0585782527923584
36.0,8.0,8.0,0.011126041412353516
23.0,5.0,5.0,0.008404016494750977
71.0,11.0,11.0,0.02335500717163086
32.0,3.0,3.0,0.010022878646850586
36.0,8.0,8.0,0.013113021850585938
51.0,2.0,2.0,0.017991304397583008
80.0,7.0,7.0,0.023975610733032227
55.0,12.0,12.0,0.018131256103515625
18.0,2.0,2.0,0.006165742874145508
35.0,4.0,4.0,0.010310888290405273
50.0,11.0,11.0,0.014851808547973633
21.0,9.0,9.0,0.005552768707275391
23.0,6.0,6.0,0.01066899299621582
15.0,4.0,4.0,0.004108905792236328
48.0,6.0,6.0,0.01674938201904297
29.0,6.0,6.0,0.006998538970947266
51.0,9.0,9.0,0.017278432846069336
23.0,6.0,6.0,0.006532907485961914
20.0,6.0,6.0,0.005231380462646484
32.0,12.0,12.0,0.008554935455322266
29.0,3.0,3.0,0.007002830505371094
60.0,18.0,18.0,0.015551567077636719
22.0,6.0,6.0,0.005747079849243164
105.0,15.0,15.0,0.028919696807861328
53.0,10.0,10.0,0.013148069381713867
47.0,3.0,3.0,0.016547441482543945
48.0,12.0,12.0,0.01787281036376953
60.0,17.0,17.0,0.01839923858642578
32.0,3.0,3.0,0.0096435546875
49.0,5.0,5.0,0.014845609664916992
34.0,1.0,1.0,0.009217262268066406
17.0,3.0,3.0,0.005076169967651367
83.0,4.0,4.0,0.023931026458740234
31.0,5.0,5.0,0.00926828384399414
28.0,5.0,5.0,0.010098934173583984
35.0,7.0,7.0,0.010013580322265625
54.0,9.0,9.0,0.018807411193847656
21.0,2.0,2.0,0.007528543472290039
20.0,6.0,6.0,0.007999420166015625
48.0,5.0,5.0,0.018475055694580078
21.0,5.0,5.0,0.010758638381958008
22.0,4.0,4.0,0.008461713790893555
109.0,9.0,9.0,0.030262470245361328
36.0,7.0,7.0,0.008626699447631836
34.0,1.0,1.0,0.008422136306762695
74.0,4.0,4.0,0.02202153205871582
13.0,2.0,2.0,0.0038912296295166016
41.0,5.0,5.0,0.009929656982421875
27.0,8.0,8.0,0.0084991455078125
46.0,8.0,8.0,0.016379117965698242
56.0,12.0,12.0,0.013005733489990234
44.0,5.0,5.0,0.009605884552001953
30.0,6.0,6.0,0.0072138309478759766
44.0,10.0,10.0,0.010821104049682617
26.0,7.0,7.0,0.006273984909057617
85.0,12.0,12.0,0.019875764846801758
37.0,6.0,6.0,0.008500099182128906
33.0,9.0,9.0,0.009291648864746094
53.0,6.0,6.0,0.016089200973510742
99.0,8.0,8.0,0.024502038955688477
14.0,3.0,3.0,0.006000518798828125
125.0,14.0,14.0,0.045714616775512695
21.0,6.0,6.0,0.007161855697631836
70.0,7.0,7.0,0.019312620162963867
44.0,7.0,7.0,0.013208627700805664
25.0,5.0,5.0,0.006377458572387695
24.0,8.0,8.0,0.005904674530029297
33.0,3.0,3.0,0.008144617080688477
33.0,5.0,5.0,0.008550882339477539
75.0,7.0,7.0,0.01856207847595215
30.0,2.0,2.0,0.007262468338012695
81.0,9.0,9.0,0.02088642120361328
16.0,3.0,3.0,0.00462794303894043
74.0,9.0,9.0,0.020965576171875
18.0,4.0,4.0,0.0056304931640625
64.0,19.0,19.0,0.01923060417175293
111.0,11.0,11.0,0.038553476333618164
56.0,5.0,5.0,0.0171201229095459
25.0,2.0,2.0,0.012580633163452148
34.0,5.0,5.0,0.00999760627746582
39.0,8.0,8.0,0.013403177261352539
38.0,6.0,6.0,0.015443801879882812
26.0,4.0,4.0,0.00796818733215332
21.0,10.0,10.0,0.0075151920318603516
18.0,6.0,6.0,0.005179166793823242
43.0,10.0,10.0,0.010870933532714844
33.0,1.0,1.0,0.007948875427246094
23.0,5.0,5.0,0.004997730255126953
32.0,6.0,6.0,0.007999897003173828
18.0,4.0,4.0,0.004514932632446289
80.0,6.0,6.0,0.022054433822631836
21.0,3.0,3.0,0.005753993988037109
20.0,4.0,4.0,0.0046863555908203125
101.0,8.0,8.0,0.024175167083740234
38.0,5.0,5.0,0.008997678756713867
101.0,9.0,9.0,0.030512332916259766
32.0,3.0,3.0,0.012847661972045898
14.0,2.0,2.0,0.0070343017578125
25.0,5.0,5.0,0.007627964019775391
18.0,6.0,6.0,0.0050201416015625
18.0,5.0,5.0,0.003999948501586914
31.0,9.0,9.0,0.007997512817382812
51.0,7.0,7.0,0.012517452239990234
22.0,4.0,4.0,0.0059986114501953125
31.0,11.0,11.0,0.01151728630065918
65.0,7.0,7.0,0.0155181884765625
14.0,2.0,2.0,0.002999544143676758
59.0,9.0,9.0,0.015999794006347656
25.0,11.0,11.0,0.010040521621704102
61.0,6.0,6.0,0.01799750328063965
21.0,7.0,7.0,0.004511594772338867
16.0,3.0,3.0,0.00500035285949707
67.0,13.0,13.0,0.02301025390625
157.0,17.0,17.0,0.06662464141845703
36.0,6.0,6.0,0.016520023345947266
32.0,4.0,4.0,0.01403045654296875
35.0,8.0,8.0,0.014998912811279297
40.0,6.0,6.0,0.015671730041503906
15.0,2.0,2.0,0.0030646324157714844
20.0,4.0,4.0,0.00556635856628418
15.0,3.0,3.0,0.0035707950592041016
18.0,4.0,4.0,0.004667997360229492
18.0,7.0,7.0,0.006780862808227539
26.0,5.0,5.0,0.010867834091186523
50.0,9.0,9.0,0.019475221633911133
77.0,10.0,10.0,0.0216062068939209
44.0,4.0,4.0,0.014877557754516602
43.0,13.0,13.0,0.01151418685913086
22.0,1.0,1.0,0.006773948669433594
21.0,7.0,7.0,0.0072400569915771484
14.0,3.0,3.0,0.006177186965942383
38.0,6.0,6.0,0.013959884643554688
19.0,5.0,5.0,0.0047452449798583984
32.0,5.0,5.0,0.008273124694824219
29.0,1.0,1.0,0.013548851013183594
31.0,15.0,15.0,0.01408076286315918
15.0,4.0,4.0,0.0032918453216552734
14.0,2.0,2.0,0.004418373107910156
17.0,5.0,5.0,0.004246711730957031
84.0,10.0,10.0,0.020207881927490234
24.0,5.0,5.0,0.0052890777587890625
60.0,8.0,8.0,0.014924049377441406
54.0,7.0,7.0,0.014470100402832031
69.0,8.0,8.0,0.016544342041015625
21.0,4.0,4.0,0.004875659942626953
39.0,4.0,4.0,0.0098724365234375
22.0,7.0,7.0,0.005041599273681641
50.0,9.0,9.0,0.016225337982177734
52.0,10.0,10.0,0.011520862579345703
52.0,7.0,7.0,0.015545129776000977
102.0,23.0,23.0,0.024226903915405273
59.0,13.0,13.0,0.014102935791015625
158.0,13.0,13.0,0.038069963455200195
30.0,2.0,2.0,0.007352352142333984
72.0,9.0,9.0,0.017452478408813477
27.0,12.0,12.0,0.0074918270111083984
16.0,5.0,5.0,0.0035982131958007812
37.0,9.0,9.0,0.009734153747558594
93.0,6.0,6.0,0.024947404861450195
40.0,10.0,10.0,0.009015321731567383
67.0,6.0,6.0,0.014947652816772461
150.0,15.0,15.0,0.03453516960144043
37.0,8.0,8.0,0.008006811141967773
20.0,3.0,3.0,0.005001068115234375
64.0,4.0,4.0,0.014521598815917969
52.0,10.0,10.0,0.012637138366699219
65.0,19.0,19.0,0.01510167121887207
35.0,7.0,7.0,0.008822917938232422
47.0,5.0,5.0,0.01151132583618164
27.0,1.0,1.0,0.013000965118408203
19.0,3.0,3.0,0.006001710891723633
21.0,4.0,4.0,0.008630037307739258
16.0,3.0,3.0,0.007529020309448242
16.0,4.0,4.0,0.0041043758392333984
21.0,5.0,5.0,0.005529880523681641
89.0,16.0,16.0,0.022623062133789062
34.0,3.0,3.0,0.008275508880615234
131.0,14.0,14.0,0.036512136459350586
27.0,4.0,4.0,0.0062408447265625
24.0,7.0,7.0,0.005676984786987305
41.0,5.0,5.0,0.010049104690551758
28.0,1.0,1.0,0.008000850677490234
28.0,3.0,3.0,0.006361961364746094
22.0,4.0,4.0,0.00557255744934082
48.0,8.0,8.0,0.013606071472167969
23.0,5.0,5.0,0.005999565124511719
24.0,4.0,4.0,0.007000923156738281
30.0,4.0,4.0,0.00800013542175293
68.0,5.0,5.0,0.017744779586791992
39.0,3.0,3.0,0.009018898010253906
151.0,13.0,13.0,0.04230785369873047
37.0,5.0,5.0,0.010265111923217773
36.0,6.0,6.0,0.007999658584594727
21.0,8.0,8.0,0.004998445510864258
49.0,8.0,8.0,0.012516260147094727
44.0,8.0,8.0,0.010998010635375977
29.0,4.0,4.0,0.0075109004974365234
48.0,8.0,8.0,0.01851963996887207
47.0,9.0,9.0,0.017933368682861328
26.0,3.0,3.0,0.0059986114501953125
72.0,7.0,7.0,0.0169980525970459
67.0,15.0,15.0,0.017512083053588867
41.0,4.0,4.0,0.010513782501220703
77.0,8.0,8.0,0.023979663848876953
73.0,11.0,11.0,0.021097898483276367
53.0,11.0,11.0,0.012861013412475586
61.0,9.0,9.0,0.018050432205200195
32.0,6.0,6.0,0.01129913330078125
55.0,14.0,14.0,0.015482187271118164
61.0,3.0,3.0,0.014510631561279297
31.0,5.0,5.0,0.007998228073120117
79.0,11.0,11.0,0.019622802734375
25.0,6.0,6.0,0.0065228939056396484
46.0,1.0,1.0,0.012031078338623047
92.0,16.0,16.0,0.021715164184570312
30.0,1.0,1.0,0.0069997310638427734
47.0,5.0,5.0,0.01099848747253418
47.0,7.0,7.0,0.012006044387817383
25.0,4.0,4.0,0.006000518798828125
16.0,5.0,5.0,0.0040130615234375
44.0,7.0,7.0,0.01100015640258789
86.0,10.0,10.0,0.019995927810668945
39.0,7.0,7.0,0.009905099868774414
14.0,3.0,3.0,0.0027360916137695312
22.0,3.0,3.0,0.004731416702270508
44.0,8.0,8.0,0.010952234268188477
63.0,7.0,7.0,0.015009880065917969
37.0,4.0,4.0,0.009014606475830078
38.0,6.0,6.0,0.01489877700805664
27.0,4.0,4.0,0.00960850715637207
38.0,7.0,7.0,0.009116649627685547
55.0,3.0,3.0,0.01719069480895996
60.0,12.0,12.0,0.015630006790161133
36.0,12.0,12.0,0.008535385131835938
17.0,3.0,3.0,0.004086017608642578
19.0,4.0,4.0,0.00433802604675293
149.0,18.0,18.0,0.03580617904663086
25.0,4.0,4.0,0.005518198013305664
74.0,9.0,9.0,0.017388582229614258
16.0,2.0,2.0,0.006781816482543945
16.0,4.0,4.0,0.0037145614624023438
36.0,13.0,13.0,0.011060237884521484
37.0,10.0,10.0,0.010020971298217773
18.0,4.0,4.0,0.0041348934173583984
13.0,2.0,2.0,0.006220102310180664
90.0,20.0,20.0,0.030113935470581055
28.0,3.0,3.0,0.007522106170654297
32.0,16.0,16.0,0.0070950984954833984
65.0,5.0,5.0,0.014974117279052734
16.0,2.0,2.0,0.0041654109954833984
43.0,6.0,6.0,0.011252403259277344
42.0,8.0,8.0,0.010139226913452148
19.0,2.0,2.0,0.004008054733276367
18.0,3.0,3.0,0.0047380924224853516
35.0,9.0,9.0,0.009044408798217773
18.0,4.0,4.0,0.0051114559173583984
18.0,3.0,3.0,0.0047876834869384766
30.0,8.0,8.0,0.007999658584594727
15.0,2.0,2.0,0.0045163631439208984
37.0,5.0,5.0,0.009509086608886719
15.0,1.0,1.0,0.0035920143127441406
16.0,3.0,3.0,0.0034995079040527344
27.0,1.0,1.0,0.007480621337890625
94.0,14.0,14.0,0.030501365661621094
24.0,3.0,3.0,0.007008552551269531
38.0,4.0,4.0,0.010044097900390625
29.0,4.0,4.0,0.007874488830566406
36.0,5.0,5.0,0.008004188537597656
28.0,2.0,2.0,0.007514238357543945
19.0,5.0,5.0,0.00470733642578125
30.0,6.0,6.0,0.009330987930297852
66.0,12.0,12.0,0.01750016212463379
19.0,3.0,3.0,0.005499124526977539
109.0,6.0,6.0,0.026852846145629883
38.0,8.0,8.0,0.009999752044677734
47.0,14.0,14.0,0.012081384658813477
232.0,18.0,18.0,0.06734085083007812
40.0,6.0,6.0,0.010085821151733398
44.0,9.0,9.0,0.011054039001464844
25.0,8.0,8.0,0.007613420486450195
59.0,6.0,6.0,0.015333175659179688
15.0,3.0,3.0,0.004001617431640625
30.0,10.0,10.0,0.007203102111816406
23.0,6.0,6.0,0.004881858825683594
24.0,6.0,6.0,0.008021116256713867
44.0,3.0,3.0,0.009949207305908203
40.0,8.0,8.0,0.012062549591064453
24.0,5.0,5.0,0.008805513381958008
25.0,4.0,4.0,0.007004499435424805
22.0,5.0,5.0,0.005737781524658203
184.0,38.0,38.0,0.047121524810791016
63.0,11.0,11.0,0.017033100128173828
15.0,4.0,4.0,0.004206418991088867
30.0,6.0,6.0,0.01213979721069336
36.0,8.0,8.0,0.013280153274536133
66.0,15.0,15.0,0.022477388381958008
23.0,3.0,3.0,0.007002353668212891
19.0,5.0,5.0,0.007612943649291992
20.0,2.0,2.0,0.0071718692779541016
20.0,5.0,5.0,0.006020307540893555
13.0,2.0,2.0,0.004330873489379883
32.0,10.0,10.0,0.008552789688110352
25.0,5.0,5.0,0.006985187530517578
20.0,2.0,2.0,0.0056455135345458984
36.0,6.0,6.0,0.011028051376342773
37.0,8.0,8.0,0.011645078659057617
39.0,6.0,6.0,0.00975346565246582
13.0,2.0,2.0,0.0030465126037597656
73.0,4.0,4.0,0.017127513885498047
59.0,7.0,7.0,0.014258146286010742
47.0,16.0,16.0,0.01171255111694336
34.0,3.0,3.0,0.008999824523925781
21.0,4.0,4.0,0.004998445510864258
24.0,8.0,8.0,0.010507345199584961
28.0,5.0,5.0,0.012716293334960938
31.0,10.0,10.0,0.014083623886108398
40.0,3.0,3.0,0.008929967880249023
62.0,16.0,16.0,0.014602899551391602
19.0,4.0,4.0,0.0040094852447509766
24.0,9.0,9.0,0.0050008296966552734
19.0,8.0,8.0,0.004000186920166016
16.0,5.0,5.0,0.0029993057250976562
35.0,10.0,10.0,0.009508848190307617
35.0,7.0,7.0,0.008001565933227539
28.0,4.0,4.0,0.0070037841796875
43.0,5.0,5.0,0.009999513626098633
21.0,4.0,4.0,0.005514621734619141
21.0,5.0,5.0,0.005006074905395508
45.0,5.0,5.0,0.015531063079833984
28.0,7.0,7.0,0.009536027908325195
82.0,16.0,16.0,0.021068096160888672
13.0,2.0,2.0,0.0029981136322021484
103.0,14.0,14.0,0.03708600997924805
153.0,15.0,15.0,0.04872941970825195
46.0,4.0,4.0,0.011674880981445312
32.0,7.0,7.0,0.00809931755065918
26.0,7.0,7.0,0.010719537734985352
27.0,6.0,6.0,0.01105499267578125
46.0,12.0,12.0,0.01977992057800293
67.0,13.0,13.0,0.019634008407592773
55.0,19.0,19.0,0.013890981674194336
28.0,6.0,6.0,0.006997585296630859
51.0,5.0,5.0,0.013007879257202148
17.0,4.0,4.0,0.00400090217590332
113.0,20.0,20.0,0.027777433395385742
66.0,14.0,14.0,0.015989065170288086
33.0,7.0,7.0,0.007999897003173828
22.0,8.0,8.0,0.0049991607666015625
30.0,7.0,7.0,0.007013559341430664
40.0,3.0,3.0,0.011002779006958008
32.0,8.0,8.0,0.0077054500579833984
24.0,4.0,4.0,0.0055201053619384766
50.0,8.0,8.0,0.014518260955810547
22.0,3.0,3.0,0.010029792785644531
65.0,11.0,11.0,0.014695882797241211
49.0,11.0,11.0,0.013469696044921875
72.0,17.0,17.0,0.01766371726989746
18.0,5.0,5.0,0.004935503005981445
70.0,7.0,7.0,0.01700758934020996
53.0,10.0,10.0,0.012996673583984375
15.0,2.0,2.0,0.004008054733276367
55.0,8.0,8.0,0.01442718505859375
34.0,4.0,4.0,0.009082317352294922
91.0,16.0,16.0,0.022554636001586914
26.0,5.0,5.0,0.0068073272705078125
176.0,21.0,21.0,0.04343843460083008
29.0,6.0,6.0,0.0070209503173828125
43.0,8.0,8.0,0.00999760627746582
16.0,5.0,5.0,0.0029990673065185547
79.0,15.0,15.0,0.01851201057434082
16.0,5.0,5.0,0.003525972366333008
26.0,7.0,7.0,0.006522417068481445
27.0,3.0,3.0,0.008110523223876953
26.0,3.0,3.0,0.006518363952636719
31.0,16.0,16.0,0.0076427459716796875
59.0,5.0,5.0,0.015037775039672852
118.0,11.0,11.0,0.03117966651916504
13.0,2.0,2.0,0.0029973983764648438
43.0,2.0,2.0,0.010518074035644531
21.0,3.0,3.0,0.006693601608276367
25.0,3.0,3.0,0.005814313888549805
20.0,5.0,5.0,0.004965543746948242
22.0,8.0,8.0,0.005043506622314453
24.0,4.0,4.0,0.0066721439361572266
46.0,5.0,5.0,0.010726451873779297
33.0,3.0,3.0,0.008520126342773438
26.0,6.0,6.0,0.008293867111206055
46.0,6.0,6.0,0.012689590454101562
28.0,6.0,6.0,0.005996227264404297
15.0,4.0,4.0,0.0035126209259033203
79.0,9.0,9.0,0.0195162296295166
37.0,13.0,13.0,0.01498866081237793
53.0,9.0,9.0,0.0135345458984375
27.0,5.0,5.0,0.006227254867553711
16.0,2.0,2.0,0.003997325897216797
35.0,4.0,4.0,0.00921630859375
197.0,13.0,13.0,0.06405115127563477
62.0,5.0,5.0,0.018604040145874023
57.0,7.0,7.0,0.017022132873535156
38.0,7.0,7.0,0.011104345321655273
63.0,10.0,10.0,0.01854562759399414
17.0,3.0,3.0,0.004995107650756836
51.0,13.0,13.0,0.02187800407409668
35.0,3.0,3.0,0.009096622467041016
36.0,9.0,9.0,0.011812925338745117
30.0,1.0,1.0,0.009493112564086914
44.0,5.0,5.0,0.010305404663085938
73.0,10.0,10.0,0.0165102481842041
20.0,4.0,4.0,0.0056340694427490234
22.0,4.0,4.0,0.008115053176879883
61.0,9.0,9.0,0.026947975158691406
124.0,15.0,15.0,0.04303479194641113
27.0,9.0,9.0,0.011390447616577148
19.0,2.0,2.0,0.0046482086181640625
123.0,20.0,20.0,0.03148174285888672
97.0,16.0,16.0,0.02196359634399414
60.0,11.0,11.0,0.01351022720336914
38.0,7.0,7.0,0.008509635925292969
17.0,5.0,5.0,0.004006862640380859
23.0,4.0,4.0,0.005021095275878906
31.0,3.0,3.0,0.006819248199462891
90.0,12.0,12.0,0.021712779998779297
32.0,7.0,7.0,0.010516881942749023
35.0,7.0,7.0,0.009042739868164062
16.0,4.0,4.0,0.004027366638183594
27.0,16.0,16.0,0.00814366340637207
27.0,4.0,4.0,0.00980830192565918
87.0,21.0,21.0,0.02724456787109375
24.0,4.0,4.0,0.008646249771118164
26.0,6.0,6.0,0.006677150726318359
20.0,9.0,9.0,0.008140087127685547
23.0,4.0,4.0,0.0074880123138427734
25.0,5.0,5.0,0.007162570953369141
35.0,5.0,5.0,0.010773658752441406
96.0,7.0,7.0,0.02474045753479004
33.0,6.0,6.0,0.01037907600402832
29.0,6.0,6.0,0.007360935211181641
26.0,4.0,4.0,0.006575584411621094
18.0,7.0,7.0,0.004144430160522461
24.0,6.0,6.0,0.005805492401123047
52.0,7.0,7.0,0.018733978271484375
40.0,13.0,13.0,0.010510444641113281
30.0,11.0,11.0,0.010402917861938477
18.0,4.0,4.0,0.005906581878662109
12.0,1.0,1.0,0.0038633346557617188
32.0,3.0,3.0,0.010699748992919922
83.0,11.0,11.0,0.034881591796875
45.0,4.0,4.0,0.02112555503845215
16.0,4.0,4.0,0.005227088928222656
21.0,1.0,1.0,0.005841732025146484
46.0,10.0,10.0,0.011346578598022461
30.0,0.0,0.0,0.007933378219604492
45.0,7.0,7.0,0.011610269546508789
20.0,2.0,2.0,0.0073697566986083984
80.0,5.0,5.0,0.027022838592529297
52.0,12.0,12.0,0.01391744613647461
38.0,15.0,15.0,0.010396480560302734
47.0,13.0,13.0,0.013417482376098633
48.0,8.0,8.0,0.0129241943359375
39.0,7.0,7.0,0.009248018264770508
33.0,9.0,9.0,0.009280681610107422
22.0,4.0,4.0,0.005606651306152344
100.0,11.0,11.0,0.02496337890625
31.0,10.0,10.0,0.009997129440307617
45.0,5.0,5.0,0.01401209831237793
43.0,3.0,3.0,0.012227296829223633
48.0,8.0,8.0,0.01179814338684082
22.0,7.0,7.0,0.005303859710693359
34.0,8.0,8.0,0.008056640625
26.0,3.0,3.0,0.006190299987792969
14.0,2.0,2.0,0.003450155258178711
64.0,19.0,19.0,0.01770806312561035
30.0,12.0,12.0,0.008326530456542969
92.0,12.0,12.0,0.022956371307373047
15.0,3.0,3.0,0.0036690235137939453
44.0,3.0,3.0,0.011149883270263672
40.0,9.0,9.0,0.009346485137939453
59.0,13.0,13.0,0.015153646469116211
19.0,6.0,6.0,0.004872560501098633
67.0,8.0,8.0,0.026915311813354492
38.0,10.0,10.0,0.01731562614440918
29.0,2.0,2.0,0.008785724639892578
31.0,4.0,4.0,0.007737398147583008
20.0,7.0,7.0,0.004961729049682617
75.0,8.0,8.0,0.02875971794128418
34.0,4.0,4.0,0.013721227645874023
53.0,9.0,9.0,0.017322778701782227
119.0,16.0,16.0,0.033124685287475586
38.0,5.0,5.0,0.011057376861572266
30.0,9.0,9.0,0.008435726165771484
45.0,9.0,9.0,0.012218236923217773
28.0,4.0,4.0,0.007517099380493164
34.0,6.0,6.0,0.009232282638549805
31.0,6.0,6.0,0.007944107055664062
17.0,3.0,3.0,0.005247354507446289
43.0,9.0,9.0,0.013165712356567383
46.0,8.0,8.0,0.012481212615966797
25.0,3.0,3.0,0.007192373275756836
17.0,4.0,4.0,0.005129337310791016
84.0,9.0,9.0,0.02131509780883789
22.0,6.0,6.0,0.0057408809661865234
69.0,8.0,8.0,0.017217159271240234
33.0,3.0,3.0,0.00860595703125
37.0,5.0,5.0,0.011733531951904297
36.0,13.0,13.0,0.009431838989257812
83.0,17.0,17.0,0.021160125732421875
44.0,8.0,8.0,0.011295318603515625
61.0,8.0,8.0,0.01600813865661621
57.0,6.0,6.0,0.013505935668945312
56.0,11.0,11.0,0.014654874801635742
50.0,7.0,7.0,0.014364480972290039
88.0,12.0,12.0,0.026166915893554688
35.0,4.0,4.0,0.00893402099609375
33.0,5.0,5.0,0.013515710830688477
56.0,8.0,8.0,0.0241086483001709
63.0,9.0,9.0,0.021519899368286133
43.0,8.0,8.0,0.010820388793945312
52.0,6.0,6.0,0.014711141586303711
32.0,5.0,5.0,0.007852315902709961
47.0,15.0,15.0,0.011806011199951172
22.0,5.0,5.0,0.0063931941986083984
40.0,7.0,7.0,0.016187191009521484
25.0,11.0,11.0,0.006762981414794922
51.0,12.0,12.0,0.012493610382080078
23.0,9.0,9.0,0.0065267086029052734
20.0,4.0,4.0,0.0045049190521240234
15.0,4.0,4.0,0.007224559783935547
35.0,9.0,9.0,0.010845422744750977
44.0,17.0,17.0,0.011237144470214844
18.0,4.0,4.0,0.004559993743896484
49.0,7.0,7.0,0.012455940246582031
24.0,7.0,7.0,0.0067806243896484375
131.0,12.0,12.0,0.0333251953125
62.0,5.0,5.0,0.02738165855407715
51.0,9.0,9.0,0.01523900032043457
28.0,6.0,6.0,0.010638236999511719
30.0,8.0,8.0,0.007689476013183594
17.0,6.0,6.0,0.004269599914550781
35.0,6.0,6.0,0.008975505828857422
15.0,1.0,1.0,0.0036156177520751953
28.0,6.0,6.0,0.006986856460571289
133.0,21.0,21.0,0.03439140319824219
61.0,10.0,10.0,0.015509605407714844
49.0,5.0,5.0,0.01572418212890625
59.0,1.0,1.0,0.017143964767456055
13.0,1.0,1.0,0.003008604049682617
115.0,12.0,12.0,0.02976703643798828
35.0,3.0,3.0,0.00853729248046875
47.0,12.0,12.0,0.010810613632202148
30.0,6.0,6.0,0.007052183151245117
25.0,4.0,4.0,0.0077784061431884766
44.0,6.0,6.0,0.015063047409057617
17.0,3.0,3.0,0.003999948501586914
24.0,2.0,2.0,0.00599980354309082
13.0,0.0,0.0,0.0029976367950439453
20.0,7.0,7.0,0.007350921630859375
20.0,8.0,8.0,0.0060214996337890625
25.0,10.0,10.0,0.005997180938720703
34.0,5.0,5.0,0.009084701538085938
20.0,5.0,5.0,0.007421016693115234
33.0,8.0,8.0,0.008510112762451172
40.0,6.0,6.0,0.013229608535766602
74.0,7.0,7.0,0.02755880355834961
24.0,1.0,1.0,0.005003929138183594
58.0,5.0,5.0,0.013667821884155273
37.0,5.0,5.0,0.009187698364257812
53.0,6.0,6.0,0.012924671173095703
13.0,1.0,1.0,0.0035126209259033203
22.0,9.0,9.0,0.006999492645263672
73.0,17.0,17.0,0.017510652542114258
30.0,7.0,7.0,0.006515026092529297
75.0,8.0,8.0,0.01879572868347168
21.0,5.0,5.0,0.006247758865356445
23.0,5.0,5.0,0.005338191986083984
18.0,2.0,2.0,0.003833770751953125
35.0,8.0,8.0,0.009338617324829102
18.0,6.0,6.0,0.003998279571533203
14.0,1.0,1.0,0.00551915168762207
96.0,14.0,14.0,0.02951502799987793
16.0,3.0,3.0,0.003039121627807617
20.0,5.0,5.0,0.00590968132019043
44.0,3.0,3.0,0.017516613006591797
39.0,6.0,6.0,0.009333610534667969
11.0,0.0,0.0,0.0035049915313720703
46.0,2.0,2.0,0.013388872146606445
20.0,5.0,5.0,0.00600886344909668
32.0,8.0,8.0,0.012001276016235352
15.0,4.0,4.0,0.0070002079010009766
22.0,9.0,9.0,0.010025262832641602
61.0,8.0,8.0,0.016630887985229492
22.0,4.0,4.0,0.007854461669921875
60.0,9.0,9.0,0.015600442886352539
54.0,6.0,6.0,0.013867855072021484
24.0,7.0,7.0,0.008031606674194336
28.0,3.0,3.0,0.009703636169433594
146.0,23.0,23.0,0.03794121742248535
43.0,7.0,7.0,0.011799812316894531
17.0,4.0,4.0,0.004339933395385742
33.0,3.0,3.0,0.008840799331665039
26.0,6.0,6.0,0.006027936935424805
41.0,10.0,10.0,0.016372203826904297
39.0,6.0,6.0,0.01059412956237793
74.0,7.0,7.0,0.021203041076660156
16.0,5.0,5.0,0.004589080810546875
26.0,1.0,1.0,0.006291389465332031
18.0,3.0,3.0,0.007171630859375
52.0,5.0,5.0,0.015253305435180664
20.0,8.0,8.0,0.004616975784301758
42.0,5.0,5.0,0.011608123779296875
35.0,7.0,7.0,0.01710987091064453
35.0,10.0,10.0,0.014994144439697266
24.0,2.0,2.0,0.012960672378540039
30.0,10.0,10.0,0.01691269874572754
34.0,10.0,10.0,0.008532285690307617
33.0,10.0,10.0,0.013706684112548828
24.0,3.0,3.0,0.006320476531982422
18.0,5.0,5.0,0.0042514801025390625
12.0,0.0,0.0,0.0038437843322753906
30.0,6.0,6.0,0.01055455207824707
24.0,5.0,5.0,0.008600473403930664
81.0,10.0,10.0,0.035909414291381836
165.0,9.0,9.0,0.04784131050109863
51.0,13.0,13.0,0.021341562271118164
34.0,10.0,10.0,0.008272171020507812
15.0,1.0,1.0,0.00651097297668457
18.0,5.0,5.0,0.006530046463012695
43.0,9.0,9.0,0.01343536376953125
42.0,4.0,4.0,0.018811702728271484
71.0,12.0,12.0,0.017302513122558594
16.0,5.0,5.0,0.004000186920166016
38.0,6.0,6.0,0.009638547897338867
67.0,11.0,11.0,0.028094053268432617
28.0,8.0,8.0,0.009253978729248047
23.0,6.0,6.0,0.005452156066894531
51.0,14.0,14.0,0.012135505676269531
41.0,8.0,8.0,0.009736299514770508
44.0,9.0,9.0,0.010419845581054688
56.0,11.0,11.0,0.012784242630004883
33.0,3.0,3.0,0.008517742156982422
14.0,3.0,3.0,0.004566669464111328
28.0,11.0,11.0,0.007006645202636719
19.0,3.0,3.0,0.003999471664428711
27.0,5.0,5.0,0.010371923446655273
28.0,6.0,6.0,0.010524749755859375
55.0,10.0,10.0,0.017824649810791016
28.0,1.0,1.0,0.007841825485229492
48.0,6.0,6.0,0.0153045654296875
67.0,10.0,10.0,0.021495819091796875
16.0,3.0,3.0,0.004183053970336914
22.0,5.0,5.0,0.0050852298736572266
56.0,8.0,8.0,0.01270294189453125
61.0,19.0,19.0,0.01713252067565918
16.0,5.0,5.0,0.00560307502746582
97.0,11.0,11.0,0.03097057342529297
30.0,9.0,9.0,0.0066318511962890625
73.0,12.0,12.0,0.018828392028808594
145.0,25.0,25.0,0.044295549392700195
73.0,16.0,16.0,0.026080846786499023
15.0,3.0,3.0,0.0065729618072509766
25.0,5.0,5.0,0.007392168045043945
22.0,5.0,5.0,0.005339145660400391
191.0,19.0,19.0,0.04734992980957031
29.0,8.0,8.0,0.007166624069213867
52.0,14.0,14.0,0.011998414993286133
93.0,15.0,15.0,0.023598670959472656
64.0,20.0,20.0,0.02027153968811035
20.0,6.0,6.0,0.007578849792480469
16.0,3.0,3.0,0.006104707717895508
173.0,20.0,20.0,0.05370616912841797
21.0,4.0,4.0,0.00592803955078125
28.0,5.0,5.0,0.007135629653930664
40.0,7.0,7.0,0.00909566879272461
21.0,3.0,3.0,0.006688117980957031
92.0,14.0,14.0,0.03589296340942383
30.0,10.0,10.0,0.012412548065185547
16.0,4.0,4.0,0.0052645206451416016
105.0,15.0,15.0,0.026305675506591797
40.0,2.0,2.0,0.010011911392211914
80.0,9.0,9.0,0.021488428115844727
75.0,5.0,5.0,0.029545068740844727
22.0,1.0,1.0,0.007998466491699219
16.0,0.0,0.0,0.007910013198852539
25.0,8.0,8.0,0.00527501106262207
18.0,4.0,4.0,0.004001617431640625
53.0,10.0,10.0,0.0180056095123291
36.0,5.0,5.0,0.009337425231933594
42.0,8.0,8.0,0.010999441146850586
30.0,5.0,5.0,0.007747173309326172
76.0,4.0,4.0,0.017236948013305664
24.0,5.0,5.0,0.006779670715332031
23.0,1.0,1.0,0.006501436233520508
46.0,10.0,10.0,0.018334150314331055
17.0,5.0,5.0,0.005997180938720703
69.0,8.0,8.0,0.016510725021362305
18.0,3.0,3.0,0.0039975643157958984
25.0,3.0,3.0,0.0059986114501953125
16.0,3.0,3.0,0.003998279571533203
24.0,5.0,5.0,0.004998922348022461
22.0,6.0,6.0,0.004998922348022461
26.0,7.0,7.0,0.005997657775878906
47.0,5.0,5.0,0.016287565231323242
13.0,2.0,2.0,0.005722522735595703
71.0,10.0,10.0,0.020708322525024414
29.0,6.0,6.0,0.006946086883544922
11.0,0.0,0.0,0.002789020538330078
55.0,8.0,8.0,0.01572704315185547
68.0,5.0,5.0,0.0216214656829834
25.0,9.0,9.0,0.008128643035888672
24.0,4.0,4.0,0.0075299739837646484
109.0,9.0,9.0,0.0334315299987793
38.0,5.0,5.0,0.013792753219604492
20.0,4.0,4.0,0.007325887680053711
15.0,3.0,3.0,0.004517316818237305
48.0,10.0,10.0,0.014533519744873047
40.0,9.0,9.0,0.009999990463256836
14.0,3.0,3.0,0.003007650375366211
25.0,5.0,5.0,0.010090112686157227
19.0,4.0,4.0,0.008749008178710938
36.0,5.0,5.0,0.009541749954223633
89.0,13.0,13.0,0.025298595428466797
164.0,19.0,19.0,0.04155158996582031
22.0,9.0,9.0,0.004998445510864258
17.0,0.0,0.0,0.0042629241943359375
50.0,10.0,10.0,0.014244556427001953
33.0,4.0,4.0,0.008277416229248047
21.0,4.0,4.0,0.00536656379699707
23.0,8.0,8.0,0.008178472518920898
25.0,4.0,4.0,0.0111541748046875
28.0,3.0,3.0,0.009750604629516602
25.0,3.0,3.0,0.01064753532409668
24.0,9.0,9.0,0.005706310272216797
32.0,9.0,9.0,0.007097482681274414
39.0,12.0,12.0,0.008891820907592773
46.0,8.0,8.0,0.010409116744995117
64.0,11.0,11.0,0.015611410140991211
79.0,14.0,14.0,0.02227950096130371
83.0,9.0,9.0,0.01922297477722168
51.0,7.0,7.0,0.012464284896850586
24.0,4.0,4.0,0.004918098449707031
54.0,2.0,2.0,0.013657808303833008
44.0,6.0,6.0,0.012671947479248047
31.0,6.0,6.0,0.010202646255493164
194.0,23.0,23.0,0.061888933181762695
36.0,5.0,5.0,0.008700370788574219
120.0,19.0,19.0,0.028459787368774414
28.0,9.0,9.0,0.008867502212524414
38.0,7.0,7.0,0.009689807891845703
71.0,11.0,11.0,0.021244525909423828
21.0,1.0,1.0,0.007462739944458008
42.0,4.0,4.0,0.010410785675048828
34.0,5.0,5.0,0.008637666702270508
58.0,6.0,6.0,0.01755380630493164
16.0,3.0,3.0,0.005143880844116211
86.0,17.0,17.0,0.02868819236755371
65.0,8.0,8.0,0.02315998077392578
23.0,6.0,6.0,0.00959157943725586
23.0,3.0,3.0,0.008237600326538086
51.0,4.0,4.0,0.016156673431396484
15.0,1.0,1.0,0.004965066909790039
21.0,6.0,6.0,0.0058286190032958984
26.0,5.0,5.0,0.00639653205871582
20.0,4.0,4.0,0.0053751468658447266
29.0,8.0,8.0,0.007906675338745117
27.0,5.0,5.0,0.009336233139038086
80.0,13.0,13.0,0.027364253997802734
22.0,7.0,7.0,0.005639314651489258
18.0,5.0,5.0,0.006289482116699219
44.0,7.0,7.0,0.01192784309387207
18.0,5.0,5.0,0.005976438522338867
18.0,5.0,5.0,0.007054567337036133
50.0,6.0,6.0,0.014501571655273438
47.0,7.0,7.0,0.013633251190185547
48.0,9.0,9.0,0.012993097305297852
87.0,10.0,10.0,0.020755767822265625
38.0,8.0,8.0,0.014710187911987305
35.0,4.0,4.0,0.009451150894165039
71.0,15.0,15.0,0.0175323486328125
18.0,3.0,3.0,0.004260063171386719
30.0,3.0,3.0,0.008631229400634766
13.0,1.0,1.0,0.0038797855377197266
18.0,6.0,6.0,0.0041806697845458984
33.0,7.0,7.0,0.007937431335449219
19.0,5.0,5.0,0.0064601898193359375
43.0,9.0,9.0,0.011157989501953125
23.0,5.0,5.0,0.006005764007568359
32.0,5.0,5.0,0.008301258087158203
57.0,9.0,9.0,0.019768714904785156
30.0,8.0,8.0,0.007811307907104492
55.0,7.0,7.0,0.013783693313598633
49.0,8.0,8.0,0.011883258819580078
46.0,5.0,5.0,0.011060714721679688
32.0,7.0,7.0,0.008505105972290039
104.0,12.0,12.0,0.04095792770385742
24.0,12.0,12.0,0.006058216094970703
33.0,8.0,8.0,0.01030278205871582
18.0,4.0,4.0,0.0047833919525146484
62.0,9.0,9.0,0.014855384826660156
84.0,12.0,12.0,0.02252650260925293
32.0,8.0,8.0,0.007864713668823242
38.0,13.0,13.0,0.011885404586791992
56.0,18.0,18.0,0.02600693702697754
12.0,0.0,0.0,0.005597829818725586
35.0,7.0,7.0,0.009316682815551758
24.0,5.0,5.0,0.006829261779785156
29.0,9.0,9.0,0.009000301361083984
27.0,6.0,6.0,0.009429216384887695
34.0,7.0,7.0,0.008591651916503906
15.0,4.0,4.0,0.004061698913574219
13.0,0.0,0.0,0.004634380340576172
72.0,7.0,7.0,0.01720285415649414
22.0,7.0,7.0,0.005326509475708008
53.0,3.0,3.0,0.014538049697875977
29.0,5.0,5.0,0.006746530532836914
130.0,10.0,10.0,0.03332781791687012
35.0,1.0,1.0,0.011102676391601562
16.0,3.0,3.0,0.0050029754638671875
40.0,11.0,11.0,0.010060310363769531
85.0,15.0,15.0,0.023194313049316406
95.0,20.0,20.0,0.02563190460205078
38.0,18.0,18.0,0.009504079818725586
21.0,7.0,7.0,0.0061457157135009766
19.0,3.0,3.0,0.004076957702636719
32.0,8.0,8.0,0.009528398513793945
46.0,7.0,7.0,0.012998104095458984
52.0,9.0,9.0,0.012677669525146484
14.0,3.0,3.0,0.0035276412963867188
25.0,11.0,11.0,0.007433414459228516
34.0,6.0,6.0,0.008579730987548828
17.0,3.0,3.0,0.0056798458099365234
51.0,1.0,1.0,0.01923680305480957
22.0,2.0,2.0,0.0062923431396484375
35.0,5.0,5.0,0.009389400482177734
23.0,3.0,3.0,0.006852626800537109
17.0,3.0,3.0,0.006229877471923828
20.0,5.0,5.0,0.006699800491333008
79.0,8.0,8.0,0.031051158905029297
17.0,4.0,4.0,0.00876760482788086
63.0,8.0,8.0,0.02758336067199707
28.0,8.0,8.0,0.014724254608154297
72.0,7.0,7.0,0.036127328872680664
50.0,7.0,7.0,0.022589445114135742
34.0,10.0,10.0,0.016697406768798828
20.0,7.0,7.0,0.008970499038696289
47.0,10.0,10.0,0.01900649070739746
41.0,2.0,2.0,0.016579389572143555
35.0,11.0,11.0,0.009825944900512695
40.0,8.0,8.0,0.012758493423461914
55.0,12.0,12.0,0.025822877883911133
28.0,6.0,6.0,0.01599597930908203
17.0,3.0,3.0,0.0060460567474365234
15.0,1.0,1.0,0.003863096237182617
15.0,4.0,4.0,0.0065326690673828125
91.0,16.0,16.0,0.02929544448852539
19.0,3.0,3.0,0.007019519805908203
54.0,9.0,9.0,0.02061772346496582
35.0,5.0,5.0,0.009746551513671875
20.0,1.0,1.0,0.0067996978759765625
44.0,11.0,11.0,0.01368093490600586
31.0,9.0,9.0,0.011844635009765625
27.0,9.0,9.0,0.00924229621887207
71.0,8.0,8.0,0.01824355125427246
46.0,6.0,6.0,0.013712406158447266
25.0,4.0,4.0,0.007189035415649414
23.0,5.0,5.0,0.007233619689941406
60.0,8.0,8.0,0.017583847045898438
53.0,5.0,5.0,0.01565098762512207
35.0,6.0,6.0,0.011785507202148438
19.0,5.0,5.0,0.006772041320800781
33.0,7.0,7.0,0.008939266204833984
26.0,5.0,5.0,0.0070803165435791016
37.0,7.0,7.0,0.008601188659667969
71.0,9.0,9.0,0.019590377807617188
57.0,13.0,13.0,0.015385150909423828
17.0,1.0,1.0,0.007116556167602539
28.0,10.0,10.0,0.010842323303222656
54.0,14.0,14.0,0.01880931854248047
57.0,5.0,5.0,0.027571916580200195
72.0,17.0,17.0,0.0353085994720459
89.0,20.0,20.0,0.03688478469848633
73.0,6.0,6.0,0.027751445770263672
22.0,4.0,4.0,0.00794672966003418
42.0,9.0,9.0,0.012438535690307617
34.0,4.0,4.0,0.010123014450073242
31.0,7.0,7.0,0.009533166885375977
60.0,9.0,9.0,0.026822328567504883
28.0,9.0,9.0,0.0071659088134765625
16.0,5.0,5.0,0.004441976547241211
27.0,3.0,3.0,0.007224082946777344
82.0,8.0,8.0,0.024492502212524414
25.0,5.0,5.0,0.00600886344909668
30.0,4.0,4.0,0.011737346649169922
14.0,2.0,2.0,0.0042765140533447266
45.0,7.0,7.0,0.017777442932128906
20.0,4.0,4.0,0.010014057159423828
44.0,6.0,6.0,0.020659685134887695
14.0,2.0,2.0,0.007365703582763672
113.0,24.0,24.0,0.041677236557006836
21.0,8.0,8.0,0.0049991607666015625
27.0,6.0,6.0,0.009001970291137695
29.0,10.0,10.0,0.013553142547607422
18.0,2.0,2.0,0.008081197738647461
51.0,5.0,5.0,0.027599096298217773
20.0,5.0,5.0,0.008126974105834961
48.0,8.0,8.0,0.02450108528137207
81.0,7.0,7.0,0.039732933044433594
21.0,6.0,6.0,0.008706092834472656
16.0,3.0,3.0,0.008793830871582031
23.0,6.0,6.0,0.010257959365844727
36.0,7.0,7.0,0.017796993255615234
19.0,7.0,7.0,0.008369922637939453
12.0,1.0,1.0,0.005431413650512695
59.0,8.0,8.0,0.025048255920410156
53.0,12.0,12.0,0.021089792251586914
72.0,5.0,5.0,0.028410911560058594
27.0,16.0,16.0,0.00800466537475586
43.0,9.0,9.0,0.01421499252319336
84.0,9.0,9.0,0.02233266830444336
16.0,4.0,4.0,0.006021738052368164
48.0,11.0,11.0,0.01470804214477539
195.0,13.0,13.0,0.058834075927734375
14.0,1.0,1.0,0.004881381988525391
26.0,11.0,11.0,0.009042978286743164
22.0,2.0,2.0,0.009268760681152344
15.0,4.0,4.0,0.006577014923095703
27.0,12.0,12.0,0.00869607925415039
71.0,4.0,4.0,0.027482032775878906
65.0,7.0,7.0,0.022775650024414062
30.0,7.0,7.0,0.016391515731811523
30.0,1.0,1.0,0.012307405471801758
27.0,2.0,2.0,0.013654232025146484
16.0,5.0,5.0,0.008544683456420898
21.0,2.0,2.0,0.008711576461791992
23.0,5.0,5.0,0.008217811584472656
20.0,2.0,2.0,0.00763702392578125
120.0,11.0,11.0,0.04489421844482422
150.0,18.0,18.0,0.061412811279296875
35.0,5.0,5.0,0.010353565216064453
23.0,3.0,3.0,0.008130550384521484
20.0,3.0,3.0,0.007859468460083008
44.0,8.0,8.0,0.013934850692749023
42.0,7.0,7.0,0.013061046600341797
84.0,15.0,15.0,0.025367259979248047
92.0,10.0,10.0,0.026232481002807617
61.0,7.0,7.0,0.016048669815063477
30.0,7.0,7.0,0.008292675018310547
38.0,3.0,3.0,0.011841297149658203
58.0,7.0,7.0,0.019370555877685547
33.0,9.0,9.0,0.01586174964904785
21.0,8.0,8.0,0.006294965744018555
24.0,6.0,6.0,0.009041070938110352
68.0,9.0,9.0,0.023858308792114258
15.0,4.0,4.0,0.006281614303588867
49.0,4.0,4.0,0.019286394119262695
