Timesteps,Collisions,Steps Waited,Real-Time Elapsed
27.0,0.0,0.0,0.013589859008789062
59.0,0.0,0.0,0.03396010398864746
38.0,7.0,7.0,0.014321088790893555
19.0,2.0,2.0,0.007447957992553711
17.0,2.0,2.0,0.007702827453613281
49.0,7.0,7.0,0.019540786743164062
14.0,1.0,1.0,0.00432586669921875
44.0,3.0,3.0,0.01892828941345215
79.0,9.0,9.0,0.03126120567321777
41.0,3.0,3.0,0.021332979202270508
80.0,5.0,5.0,0.0421595573425293
16.0,1.0,1.0,0.0072803497314453125
75.0,4.0,4.0,0.038202762603759766
49.0,6.0,6.0,0.018122434616088867
37.0,2.0,2.0,0.012090206146240234
20.0,1.0,1.0,0.007908821105957031
11.0,0.0,0.0,0.004181861877441406
17.0,2.0,2.0,0.0055162906646728516
19.0,0.0,0.0,0.0064542293548583984
58.0,4.0,4.0,0.02257227897644043
18.0,2.0,2.0,0.0073201656341552734
47.0,2.0,2.0,0.017054319381713867
29.0,2.0,2.0,0.011674165725708008
24.0,2.0,2.0,0.00833892822265625
185.0,30.0,30.0,0.0805974006652832
47.0,12.0,12.0,0.020612478256225586
12.0,2.0,2.0,0.005700588226318359
19.0,0.0,0.0,0.009744405746459961
51.0,3.0,3.0,0.027990102767944336
30.0,3.0,3.0,0.010445594787597656
20.0,0.0,0.0,0.008990764617919922
42.0,4.0,4.0,0.016771316528320312
20.0,0.0,0.0,0.0072290897369384766
13.0,0.0,0.0,0.008268356323242188
38.0,8.0,8.0,0.016407251358032227
56.0,5.0,5.0,0.02334427833557129
26.0,6.0,6.0,0.011934757232666016
34.0,3.0,3.0,0.018290281295776367
20.0,1.0,1.0,0.009462594985961914
15.0,3.0,3.0,0.005547523498535156
23.0,1.0,1.0,0.008594989776611328
16.0,0.0,0.0,0.007073879241943359
76.0,7.0,7.0,0.031484365463256836
16.0,4.0,4.0,0.0069425106048583984
18.0,1.0,1.0,0.007195949554443359
18.0,0.0,0.0,0.008968591690063477
18.0,1.0,1.0,0.008600234985351562
67.0,7.0,7.0,0.028863906860351562
26.0,1.0,1.0,0.00901174545288086
29.0,5.0,5.0,0.013969898223876953
21.0,4.0,4.0,0.009060382843017578
15.0,1.0,1.0,0.005393505096435547
32.0,2.0,2.0,0.014310359954833984
37.0,2.0,2.0,0.01862621307373047
35.0,4.0,4.0,0.016704559326171875
109.0,15.0,15.0,0.0432286262512207
14.0,1.0,1.0,0.00629425048828125
60.0,9.0,9.0,0.026802778244018555
39.0,6.0,6.0,0.015634775161743164
23.0,2.0,2.0,0.010163307189941406
18.0,6.0,6.0,0.010853290557861328
68.0,8.0,8.0,0.029296398162841797
77.0,10.0,10.0,0.031106948852539062
11.0,0.0,0.0,0.004135608673095703
13.0,1.0,1.0,0.0072689056396484375
44.0,9.0,9.0,0.022890329360961914
14.0,1.0,1.0,0.005414009094238281
16.0,0.0,0.0,0.007222890853881836
32.0,1.0,1.0,0.015243291854858398
19.0,1.0,1.0,0.013448953628540039
21.0,2.0,2.0,0.009572505950927734
107.0,11.0,11.0,0.04924607276916504
40.0,0.0,0.0,0.01838541030883789
24.0,5.0,5.0,0.009187459945678711
43.0,1.0,1.0,0.02066969871520996
51.0,6.0,6.0,0.020683765411376953
67.0,13.0,13.0,0.029320955276489258
18.0,0.0,0.0,0.007559061050415039
73.0,8.0,8.0,0.03135848045349121
62.0,3.0,3.0,0.025176048278808594
52.0,9.0,9.0,0.023795366287231445
11.0,0.0,0.0,0.0059528350830078125
50.0,7.0,7.0,0.021770238876342773
53.0,2.0,2.0,0.02323627471923828
50.0,3.0,3.0,0.017524003982543945
35.0,2.0,2.0,0.01452326774597168
79.0,8.0,8.0,0.03362870216369629
82.0,11.0,11.0,0.030591249465942383
51.0,2.0,2.0,0.02122974395751953
56.0,18.0,18.0,0.029561519622802734
41.0,2.0,2.0,0.01755499839782715
53.0,11.0,11.0,0.020689010620117188
14.0,2.0,2.0,0.0070192813873291016
26.0,2.0,2.0,0.011782407760620117
57.0,5.0,5.0,0.027025699615478516
25.0,0.0,0.0,0.013075828552246094
13.0,1.0,1.0,0.0076634883880615234
55.0,9.0,9.0,0.022873401641845703
34.0,6.0,6.0,0.015475749969482422
73.0,8.0,8.0,0.031095027923583984
13.0,1.0,1.0,0.005676984786987305
52.0,3.0,3.0,0.022157907485961914
17.0,0.0,0.0,0.008115530014038086
104.0,7.0,7.0,0.045616865158081055
14.0,2.0,2.0,0.009152412414550781
51.0,2.0,2.0,0.01887226104736328
12.0,0.0,0.0,0.005708217620849609
20.0,1.0,1.0,0.00830531120300293
111.0,9.0,9.0,0.049858808517456055
16.0,0.0,0.0,0.007647275924682617
17.0,2.0,2.0,0.00859212875366211
29.0,1.0,1.0,0.012643575668334961
34.0,1.0,1.0,0.013881444931030273
95.0,14.0,14.0,0.03898763656616211
48.0,5.0,5.0,0.019322633743286133
84.0,10.0,10.0,0.04058527946472168
25.0,1.0,1.0,0.0133819580078125
167.0,17.0,17.0,0.06865119934082031
11.0,0.0,0.0,0.004800319671630859
48.0,6.0,6.0,0.02422022819519043
27.0,2.0,2.0,0.017423629760742188
34.0,2.0,2.0,0.02057814598083496
74.0,8.0,8.0,0.03336620330810547
35.0,0.0,0.0,0.013871192932128906
14.0,0.0,0.0,0.006188154220581055
21.0,1.0,1.0,0.00859689712524414
15.0,1.0,1.0,0.0065762996673583984
17.0,4.0,4.0,0.007214069366455078
40.0,2.0,2.0,0.015447616577148438
83.0,17.0,17.0,0.028899431228637695
48.0,2.0,2.0,0.019619464874267578
49.0,9.0,9.0,0.01876664161682129
30.0,2.0,2.0,0.012700796127319336
33.0,3.0,3.0,0.013800382614135742
13.0,0.0,0.0,0.006015777587890625
39.0,2.0,2.0,0.01490473747253418
29.0,1.0,1.0,0.010718584060668945
12.0,1.0,1.0,0.005553483963012695
15.0,3.0,3.0,0.006720542907714844
40.0,2.0,2.0,0.015339136123657227
13.0,0.0,0.0,0.006330728530883789
14.0,0.0,0.0,0.005724430084228516
14.0,1.0,1.0,0.005974769592285156
19.0,0.0,0.0,0.008605480194091797
67.0,7.0,7.0,0.033115386962890625
27.0,5.0,5.0,0.010528326034545898
49.0,1.0,1.0,0.019655942916870117
48.0,3.0,3.0,0.0215301513671875
17.0,4.0,4.0,0.007146596908569336
28.0,4.0,4.0,0.008278608322143555
35.0,3.0,3.0,0.013104438781738281
65.0,6.0,6.0,0.02624988555908203
56.0,6.0,6.0,0.02371811866760254
18.0,3.0,3.0,0.006226778030395508
36.0,2.0,2.0,0.014593839645385742
17.0,0.0,0.0,0.007924556732177734
109.0,13.0,13.0,0.05112743377685547
11.0,0.0,0.0,0.005839824676513672
12.0,0.0,0.0,0.005129575729370117
33.0,3.0,3.0,0.015578508377075195
83.0,7.0,7.0,0.03602242469787598
31.0,2.0,2.0,0.014486074447631836
25.0,2.0,2.0,0.011296987533569336
23.0,2.0,2.0,0.01034092903137207
14.0,0.0,0.0,0.0055577754974365234
26.0,1.0,1.0,0.0097198486328125
39.0,4.0,4.0,0.016820669174194336
27.0,5.0,5.0,0.012841463088989258
74.0,10.0,10.0,0.03269648551940918
34.0,5.0,5.0,0.013262748718261719
18.0,2.0,2.0,0.00874948501586914
42.0,8.0,8.0,0.017984628677368164
44.0,8.0,8.0,0.017734527587890625
36.0,4.0,4.0,0.01431584358215332
18.0,0.0,0.0,0.007155895233154297
66.0,6.0,6.0,0.028665781021118164
57.0,3.0,3.0,0.024571657180786133
13.0,1.0,1.0,0.005029201507568359
31.0,1.0,1.0,0.01292109489440918
12.0,1.0,1.0,0.004111528396606445
18.0,0.0,0.0,0.009396076202392578
23.0,4.0,4.0,0.008143186569213867
26.0,1.0,1.0,0.011333227157592773
52.0,0.0,0.0,0.017671585083007812
38.0,4.0,4.0,0.016097068786621094
29.0,2.0,2.0,0.010702371597290039
72.0,3.0,3.0,0.033959388732910156
52.0,6.0,6.0,0.03073430061340332
44.0,2.0,2.0,0.034580230712890625
44.0,6.0,6.0,0.021883010864257812
13.0,1.0,1.0,0.006335735321044922
48.0,13.0,13.0,0.030931711196899414
17.0,4.0,4.0,0.011862754821777344
44.0,4.0,4.0,0.02984905242919922
16.0,1.0,1.0,0.0053441524505615234
43.0,3.0,3.0,0.0265047550201416
51.0,4.0,4.0,0.024989843368530273
14.0,2.0,2.0,0.006098747253417969
14.0,1.0,1.0,0.00922703742980957
16.0,0.0,0.0,0.009777307510375977
154.0,24.0,24.0,0.06566143035888672
26.0,3.0,3.0,0.009675264358520508
77.0,8.0,8.0,0.03221487998962402
51.0,3.0,3.0,0.022499799728393555
24.0,2.0,2.0,0.01008152961730957
13.0,1.0,1.0,0.004178524017333984
57.0,5.0,5.0,0.023235321044921875
14.0,3.0,3.0,0.0056002140045166016
86.0,13.0,13.0,0.031314849853515625
96.0,6.0,6.0,0.0382077693939209
67.0,4.0,4.0,0.024569272994995117
76.0,5.0,5.0,0.026841402053833008
51.0,4.0,4.0,0.01968979835510254
30.0,4.0,4.0,0.010968208312988281
29.0,3.0,3.0,0.009229898452758789
20.0,1.0,1.0,0.008391857147216797
62.0,1.0,1.0,0.028786659240722656
50.0,0.0,0.0,0.01850104331970215
80.0,11.0,11.0,0.030323028564453125
37.0,8.0,8.0,0.014538764953613281
22.0,1.0,1.0,0.00863790512084961
35.0,2.0,2.0,0.012182235717773438
16.0,0.0,0.0,0.006436824798583984
78.0,7.0,7.0,0.030385732650756836
11.0,0.0,0.0,0.0050084590911865234
15.0,1.0,1.0,0.006427764892578125
12.0,1.0,1.0,0.0053179264068603516
23.0,2.0,2.0,0.008339166641235352
38.0,2.0,2.0,0.016988039016723633
45.0,3.0,3.0,0.016730546951293945
66.0,8.0,8.0,0.02543473243713379
24.0,4.0,4.0,0.009891748428344727
53.0,0.0,0.0,0.020442724227905273
16.0,5.0,5.0,0.00567317008972168
13.0,2.0,2.0,0.005388021469116211
38.0,4.0,4.0,0.01599597930908203
16.0,1.0,1.0,0.006537914276123047
21.0,4.0,4.0,0.006228923797607422
23.0,4.0,4.0,0.009845972061157227
40.0,2.0,2.0,0.019855022430419922
16.0,0.0,0.0,0.00599217414855957
22.0,4.0,4.0,0.007633686065673828
14.0,0.0,0.0,0.008289098739624023
52.0,9.0,9.0,0.0355379581451416
18.0,0.0,0.0,0.010488033294677734
12.0,0.0,0.0,0.006238222122192383
31.0,0.0,0.0,0.012897968292236328
18.0,4.0,4.0,0.007332801818847656
13.0,1.0,1.0,0.004306316375732422
33.0,3.0,3.0,0.013049602508544922
41.0,7.0,7.0,0.016732215881347656
22.0,2.0,2.0,0.012074947357177734
46.0,1.0,1.0,0.022234439849853516
26.0,4.0,4.0,0.010849952697753906
38.0,4.0,4.0,0.013298511505126953
68.0,2.0,2.0,0.030103445053100586
88.0,10.0,10.0,0.041857242584228516
25.0,3.0,3.0,0.009243011474609375
70.0,9.0,9.0,0.028026580810546875
44.0,6.0,6.0,0.019536733627319336
57.0,7.0,7.0,0.02614450454711914
39.0,4.0,4.0,0.01585984230041504
27.0,2.0,2.0,0.013048887252807617
42.0,5.0,5.0,0.016175031661987305
43.0,3.0,3.0,0.01987767219543457
42.0,8.0,8.0,0.015312910079956055
23.0,2.0,2.0,0.007595062255859375
13.0,2.0,2.0,0.005647420883178711
35.0,4.0,4.0,0.015095233917236328
76.0,3.0,3.0,0.02815389633178711
59.0,14.0,14.0,0.023223876953125
141.0,11.0,11.0,0.058197736740112305
30.0,2.0,2.0,0.012460470199584961
24.0,0.0,0.0,0.00933980941772461
51.0,0.0,0.0,0.023309946060180664
12.0,0.0,0.0,0.0037565231323242188
19.0,2.0,2.0,0.008659601211547852
45.0,1.0,1.0,0.020106792449951172
59.0,2.0,2.0,0.020867109298706055
18.0,1.0,1.0,0.008150339126586914
28.0,5.0,5.0,0.013241291046142578
24.0,1.0,1.0,0.015383720397949219
92.0,14.0,14.0,0.043463945388793945
133.0,10.0,10.0,0.05347847938537598
37.0,4.0,4.0,0.019293785095214844
79.0,11.0,11.0,0.036516666412353516
29.0,4.0,4.0,0.01304006576538086
14.0,0.0,0.0,0.005581855773925781
27.0,2.0,2.0,0.015321969985961914
13.0,1.0,1.0,0.005944252014160156
13.0,0.0,0.0,0.006056070327758789
29.0,2.0,2.0,0.013585329055786133
50.0,6.0,6.0,0.022922277450561523
82.0,8.0,8.0,0.03551363945007324
84.0,6.0,6.0,0.039859771728515625
47.0,4.0,4.0,0.023142337799072266
81.0,12.0,12.0,0.04329538345336914
14.0,0.0,0.0,0.005025148391723633
33.0,6.0,6.0,0.020377159118652344
34.0,5.0,5.0,0.019736528396606445
92.0,3.0,3.0,0.04244709014892578
14.0,0.0,0.0,0.004248857498168945
77.0,7.0,7.0,0.028522253036499023
83.0,9.0,9.0,0.03701138496398926
138.0,11.0,11.0,0.06615710258483887
27.0,2.0,2.0,0.009963512420654297
112.0,10.0,10.0,0.04643535614013672
12.0,0.0,0.0,0.004512786865234375
61.0,6.0,6.0,0.02218770980834961
17.0,2.0,2.0,0.007185697555541992
24.0,2.0,2.0,0.00915217399597168
24.0,1.0,1.0,0.009972572326660156
36.0,1.0,1.0,0.01594996452331543
16.0,0.0,0.0,0.0059354305267333984
18.0,2.0,2.0,0.007487297058105469
13.0,0.0,0.0,0.005527019500732422
15.0,0.0,0.0,0.0036292076110839844
26.0,0.0,0.0,0.010341644287109375
80.0,8.0,8.0,0.029382705688476562
14.0,0.0,0.0,0.0055348873138427734
29.0,0.0,0.0,0.010258674621582031
13.0,2.0,2.0,0.005911111831665039
48.0,6.0,6.0,0.021932363510131836
13.0,0.0,0.0,0.007888078689575195
59.0,11.0,11.0,0.029274463653564453
24.0,1.0,1.0,0.01287531852722168
13.0,2.0,2.0,0.005150556564331055
13.0,1.0,1.0,0.010239362716674805
12.0,1.0,1.0,0.003661632537841797
57.0,8.0,8.0,0.028843164443969727
29.0,0.0,0.0,0.015381097793579102
12.0,1.0,1.0,0.00868368148803711
108.0,11.0,11.0,0.058524370193481445
13.0,0.0,0.0,0.0062541961669921875
23.0,0.0,0.0,0.010868549346923828
21.0,8.0,8.0,0.008610010147094727
44.0,6.0,6.0,0.018519163131713867
38.0,2.0,2.0,0.01405644416809082
27.0,0.0,0.0,0.010590076446533203
40.0,1.0,1.0,0.01495504379272461
34.0,3.0,3.0,0.014640569686889648
57.0,5.0,5.0,0.023251056671142578
58.0,3.0,3.0,0.02372264862060547
14.0,0.0,0.0,0.007218122482299805
17.0,1.0,1.0,0.0075244903564453125
45.0,4.0,4.0,0.01897597312927246
20.0,2.0,2.0,0.010093450546264648
75.0,6.0,6.0,0.03428196907043457
129.0,13.0,13.0,0.048186302185058594
39.0,6.0,6.0,0.023173093795776367
54.0,6.0,6.0,0.03458452224731445
30.0,4.0,4.0,0.017439603805541992
34.0,8.0,8.0,0.012598752975463867
25.0,0.0,0.0,0.007382869720458984
40.0,6.0,6.0,0.01348257064819336
71.0,4.0,4.0,0.028445720672607422
46.0,5.0,5.0,0.02272653579711914
23.0,0.0,0.0,0.008993387222290039
38.0,6.0,6.0,0.017017602920532227
54.0,3.0,3.0,0.02401137351989746
22.0,1.0,1.0,0.00832986831665039
18.0,3.0,3.0,0.00807046890258789
21.0,0.0,0.0,0.009690999984741211
124.0,12.0,12.0,0.05864596366882324
105.0,11.0,11.0,0.04334855079650879
45.0,7.0,7.0,0.018202781677246094
14.0,0.0,0.0,0.0050754547119140625
12.0,0.0,0.0,0.00561976432800293
50.0,6.0,6.0,0.02226400375366211
16.0,1.0,1.0,0.0071430206298828125
34.0,2.0,2.0,0.01434636116027832
53.0,4.0,4.0,0.024539947509765625
66.0,5.0,5.0,0.029299020767211914
20.0,0.0,0.0,0.009146451950073242
17.0,1.0,1.0,0.008641958236694336
32.0,2.0,2.0,0.013323068618774414
13.0,2.0,2.0,0.005799293518066406
17.0,1.0,1.0,0.007544517517089844
50.0,4.0,4.0,0.019100666046142578
16.0,0.0,0.0,0.007371664047241211
115.0,10.0,10.0,0.04797720909118652
27.0,0.0,0.0,0.011089801788330078
20.0,2.0,2.0,0.008230447769165039
40.0,3.0,3.0,0.017545223236083984
81.0,6.0,6.0,0.034001827239990234
30.0,2.0,2.0,0.015325546264648438
125.0,9.0,9.0,0.050351619720458984
37.0,2.0,2.0,0.01579427719116211
38.0,3.0,3.0,0.019034385681152344
32.0,5.0,5.0,0.016530990600585938
67.0,3.0,3.0,0.03539848327636719
72.0,5.0,5.0,0.03260207176208496
33.0,4.0,4.0,0.014696359634399414
109.0,7.0,7.0,0.05204510688781738
13.0,1.0,1.0,0.00669407844543457
12.0,0.0,0.0,0.005265235900878906
48.0,1.0,1.0,0.020737886428833008
45.0,2.0,2.0,0.020021438598632812
13.0,0.0,0.0,0.00722813606262207
35.0,9.0,9.0,0.013687610626220703
53.0,4.0,4.0,0.024224281311035156
37.0,2.0,2.0,0.015477657318115234
25.0,1.0,1.0,0.013910293579101562
24.0,0.0,0.0,0.00931692123413086
115.0,9.0,9.0,0.05329608917236328
35.0,1.0,1.0,0.01556539535522461
16.0,2.0,2.0,0.009311437606811523
36.0,2.0,2.0,0.02120184898376465
35.0,6.0,6.0,0.013408422470092773
49.0,7.0,7.0,0.022624492645263672
17.0,2.0,2.0,0.012125730514526367
12.0,1.0,1.0,0.004811286926269531
19.0,2.0,2.0,0.007354736328125
36.0,2.0,2.0,0.016033649444580078
45.0,5.0,5.0,0.018126487731933594
50.0,4.0,4.0,0.020521879196166992
46.0,10.0,10.0,0.020583629608154297
35.0,0.0,0.0,0.01871204376220703
59.0,4.0,4.0,0.029584407806396484
24.0,4.0,4.0,0.014249801635742188
44.0,4.0,4.0,0.019060134887695312
31.0,2.0,2.0,0.015682697296142578
14.0,1.0,1.0,0.00567317008972168
66.0,8.0,8.0,0.031072139739990234
54.0,3.0,3.0,0.028574466705322266
40.0,8.0,8.0,0.016123533248901367
39.0,4.0,4.0,0.02085137367248535
80.0,20.0,20.0,0.031048059463500977
45.0,4.0,4.0,0.017894268035888672
27.0,4.0,4.0,0.012024641036987305
19.0,1.0,1.0,0.007245063781738281
27.0,2.0,2.0,0.01593303680419922
15.0,2.0,2.0,0.009241104125976562
109.0,9.0,9.0,0.05193328857421875
71.0,3.0,3.0,0.030486583709716797
12.0,1.0,1.0,0.006968021392822266
90.0,14.0,14.0,0.0481874942779541
74.0,7.0,7.0,0.03627133369445801
19.0,5.0,5.0,0.01121664047241211
21.0,5.0,5.0,0.009287595748901367
29.0,3.0,3.0,0.016152620315551758
14.0,2.0,2.0,0.009191751480102539
13.0,0.0,0.0,0.006096601486206055
57.0,14.0,14.0,0.031026840209960938
15.0,2.0,2.0,0.0071718692779541016
15.0,0.0,0.0,0.004227638244628906
33.0,4.0,4.0,0.013371467590332031
31.0,4.0,4.0,0.011796236038208008
143.0,14.0,14.0,0.06889963150024414
28.0,1.0,1.0,0.013891935348510742
14.0,1.0,1.0,0.005087137222290039
25.0,5.0,5.0,0.015268325805664062
72.0,12.0,12.0,0.04112672805786133
13.0,1.0,1.0,0.0052530765533447266
24.0,1.0,1.0,0.015287399291992188
19.0,3.0,3.0,0.00788116455078125
11.0,0.0,0.0,0.005532503128051758
25.0,1.0,1.0,0.009260177612304688
38.0,4.0,4.0,0.01284480094909668
20.0,2.0,2.0,0.008780956268310547
13.0,1.0,1.0,0.00517582893371582
20.0,1.0,1.0,0.012023448944091797
27.0,2.0,2.0,0.01070547103881836
13.0,0.0,0.0,0.005556344985961914
58.0,6.0,6.0,0.01980137825012207
54.0,3.0,3.0,0.02559638023376465
22.0,1.0,1.0,0.007872343063354492
15.0,2.0,2.0,0.007129192352294922
104.0,2.0,2.0,0.04501938819885254
97.0,18.0,18.0,0.041397809982299805
87.0,17.0,17.0,0.0352015495300293
28.0,4.0,4.0,0.01066446304321289
36.0,3.0,3.0,0.014310121536254883
25.0,2.0,2.0,0.010916471481323242
13.0,0.0,0.0,0.006051778793334961
20.0,2.0,2.0,0.00860738754272461
157.0,11.0,11.0,0.06960844993591309
31.0,3.0,3.0,0.012767553329467773
40.0,4.0,4.0,0.014063596725463867
21.0,3.0,3.0,0.008614301681518555
20.0,1.0,1.0,0.010729789733886719
75.0,2.0,2.0,0.031937599182128906
46.0,2.0,2.0,0.01839280128479004
32.0,3.0,3.0,0.009467363357543945
23.0,2.0,2.0,0.006960630416870117
101.0,8.0,8.0,0.047838449478149414
47.0,5.0,5.0,0.019127845764160156
104.0,8.0,8.0,0.04331660270690918
33.0,3.0,3.0,0.014468669891357422
14.0,2.0,2.0,0.006203651428222656
29.0,3.0,3.0,0.013144254684448242
25.0,1.0,1.0,0.010502099990844727
15.0,0.0,0.0,0.005713224411010742
22.0,0.0,0.0,0.009010791778564453
58.0,4.0,4.0,0.03263425827026367
82.0,6.0,6.0,0.042798519134521484
56.0,1.0,1.0,0.025701522827148438
32.0,2.0,2.0,0.013406991958618164
23.0,0.0,0.0,0.010378122329711914
56.0,1.0,1.0,0.022154569625854492
20.0,1.0,1.0,0.01079106330871582
62.0,3.0,3.0,0.031094789505004883
60.0,1.0,1.0,0.026253938674926758
19.0,3.0,3.0,0.0071506500244140625
98.0,12.0,12.0,0.04380607604980469
75.0,13.0,13.0,0.03914976119995117
25.0,1.0,1.0,0.012017488479614258
33.0,4.0,4.0,0.013583183288574219
44.0,2.0,2.0,0.020203351974487305
83.0,7.0,7.0,0.03600764274597168
65.0,8.0,8.0,0.026767492294311523
29.0,6.0,6.0,0.012412786483764648
16.0,0.0,0.0,0.006699562072753906
35.0,5.0,5.0,0.015729427337646484
102.0,13.0,13.0,0.04298663139343262
131.0,8.0,8.0,0.0630185604095459
27.0,2.0,2.0,0.01058340072631836
23.0,0.0,0.0,0.010613679885864258
14.0,1.0,1.0,0.007017612457275391
15.0,2.0,2.0,0.006597995758056641
17.0,0.0,0.0,0.0066471099853515625
14.0,1.0,1.0,0.006661176681518555
12.0,1.0,1.0,0.0038292407989501953
32.0,6.0,6.0,0.013191461563110352
97.0,8.0,8.0,0.04719209671020508
28.0,5.0,5.0,0.014596223831176758
77.0,7.0,7.0,0.03352046012878418
23.0,2.0,2.0,0.011570215225219727
98.0,4.0,4.0,0.04844045639038086
14.0,0.0,0.0,0.006840944290161133
43.0,3.0,3.0,0.020561695098876953
81.0,10.0,10.0,0.03667950630187988
102.0,15.0,15.0,0.043949127197265625
105.0,11.0,11.0,0.05055570602416992
13.0,2.0,2.0,0.0043408870697021484
18.0,0.0,0.0,0.009274721145629883
33.0,17.0,17.0,0.013389110565185547
11.0,0.0,0.0,0.004541635513305664
42.0,4.0,4.0,0.020032882690429688
19.0,4.0,4.0,0.00724482536315918
44.0,3.0,3.0,0.020086050033569336
39.0,10.0,10.0,0.019805431365966797
41.0,4.0,4.0,0.017029762268066406
21.0,1.0,1.0,0.007635354995727539
58.0,5.0,5.0,0.02888011932373047
56.0,4.0,4.0,0.025878190994262695
37.0,4.0,4.0,0.019060373306274414
44.0,2.0,2.0,0.01650714874267578
19.0,3.0,3.0,0.009256124496459961
18.0,3.0,3.0,0.007139682769775391
11.0,0.0,0.0,0.003996372222900391
36.0,6.0,6.0,0.016214847564697266
46.0,1.0,1.0,0.026645183563232422
16.0,2.0,2.0,0.007388114929199219
17.0,0.0,0.0,0.009299755096435547
49.0,5.0,5.0,0.030203819274902344
70.0,4.0,4.0,0.03651618957519531
12.0,0.0,0.0,0.005654573440551758
20.0,0.0,0.0,0.010606765747070312
46.0,0.0,0.0,0.019429683685302734
11.0,0.0,0.0,0.004882335662841797
18.0,3.0,3.0,0.006011486053466797
28.0,3.0,3.0,0.009795188903808594
30.0,5.0,5.0,0.01523137092590332
42.0,3.0,3.0,0.01659989356994629
27.0,5.0,5.0,0.010728597640991211
46.0,5.0,5.0,0.01866936683654785
37.0,16.0,16.0,0.01641249656677246
18.0,1.0,1.0,0.006665706634521484
61.0,7.0,7.0,0.0273134708404541
79.0,4.0,4.0,0.03325152397155762
18.0,0.0,0.0,0.006992340087890625
31.0,1.0,1.0,0.015476703643798828
14.0,0.0,0.0,0.006725311279296875
39.0,2.0,2.0,0.016713857650756836
17.0,1.0,1.0,0.007551431655883789
113.0,10.0,10.0,0.052480459213256836
97.0,6.0,6.0,0.03816556930541992
32.0,5.0,5.0,0.015801191329956055
21.0,2.0,2.0,0.008942604064941406
47.0,3.0,3.0,0.021397829055786133
47.0,3.0,3.0,0.020784378051757812
14.0,1.0,1.0,0.006754636764526367
44.0,1.0,1.0,0.01968097686767578
12.0,0.0,0.0,0.005585193634033203
40.0,5.0,5.0,0.017900705337524414
58.0,6.0,6.0,0.020976781845092773
15.0,0.0,0.0,0.005284786224365234
81.0,10.0,10.0,0.03779935836791992
20.0,1.0,1.0,0.007577657699584961
28.0,0.0,0.0,0.012238025665283203
17.0,1.0,1.0,0.008719205856323242
28.0,1.0,1.0,0.010780096054077148
13.0,2.0,2.0,0.004796266555786133
26.0,2.0,2.0,0.010236501693725586
15.0,3.0,3.0,0.0072650909423828125
75.0,4.0,4.0,0.03267788887023926
129.0,18.0,18.0,0.05367636680603027
15.0,1.0,1.0,0.0073010921478271484
29.0,2.0,2.0,0.014145374298095703
57.0,7.0,7.0,0.023810386657714844
43.0,3.0,3.0,0.01966547966003418
25.0,5.0,5.0,0.012706518173217773
12.0,0.0,0.0,0.004788398742675781
46.0,5.0,5.0,0.021039962768554688
44.0,9.0,9.0,0.01835918426513672
15.0,0.0,0.0,0.008695125579833984
17.0,1.0,1.0,0.00778508186340332
43.0,3.0,3.0,0.02022528648376465
26.0,4.0,4.0,0.010994195938110352
25.0,1.0,1.0,0.010627508163452148
66.0,12.0,12.0,0.026057958602905273
72.0,5.0,5.0,0.034711360931396484
18.0,2.0,2.0,0.009572267532348633
43.0,4.0,4.0,0.018750429153442383
39.0,4.0,4.0,0.017804861068725586
29.0,4.0,4.0,0.016525983810424805
24.0,5.0,5.0,0.009274959564208984
32.0,2.0,2.0,0.013712406158447266
24.0,3.0,3.0,0.010819673538208008
44.0,5.0,5.0,0.018610000610351562
30.0,6.0,6.0,0.013992547988891602
36.0,4.0,4.0,0.014338016510009766
17.0,1.0,1.0,0.00780177116394043
21.0,9.0,9.0,0.008693456649780273
75.0,3.0,3.0,0.030751466751098633
31.0,2.0,2.0,0.013594865798950195
37.0,0.0,0.0,0.01609945297241211
11.0,0.0,0.0,0.00683140754699707
31.0,3.0,3.0,0.017981290817260742
52.0,0.0,0.0,0.02627396583557129
35.0,15.0,15.0,0.013251304626464844
18.0,2.0,2.0,0.009479522705078125
33.0,2.0,2.0,0.01427149772644043
75.0,8.0,8.0,0.02992105484008789
88.0,6.0,6.0,0.03758358955383301
42.0,3.0,3.0,0.01874399185180664
70.0,7.0,7.0,0.029299259185791016
42.0,3.0,3.0,0.022001981735229492
29.0,6.0,6.0,0.012120485305786133
21.0,1.0,1.0,0.011346817016601562
21.0,0.0,0.0,0.008828401565551758
43.0,3.0,3.0,0.015801668167114258
52.0,2.0,2.0,0.020498275756835938
20.0,0.0,0.0,0.00864410400390625
33.0,1.0,1.0,0.013527393341064453
24.0,0.0,0.0,0.009738445281982422
50.0,5.0,5.0,0.021706104278564453
85.0,5.0,5.0,0.036289215087890625
18.0,0.0,0.0,0.008347511291503906
32.0,1.0,1.0,0.014887809753417969
34.0,2.0,2.0,0.013668060302734375
15.0,0.0,0.0,0.0051746368408203125
38.0,7.0,7.0,0.015786409378051758
54.0,10.0,10.0,0.021394014358520508
32.0,2.0,2.0,0.012178421020507812
45.0,3.0,3.0,0.020226716995239258
26.0,1.0,1.0,0.009176254272460938
31.0,3.0,3.0,0.01701831817626953
15.0,1.0,1.0,0.0072879791259765625
90.0,9.0,9.0,0.03522825241088867
13.0,1.0,1.0,0.00572514533996582
68.0,6.0,6.0,0.027109146118164062
11.0,0.0,0.0,0.0040018558502197266
34.0,4.0,4.0,0.013299703598022461
22.0,0.0,0.0,0.007538557052612305
20.0,5.0,5.0,0.006674766540527344
52.0,8.0,8.0,0.023189783096313477
23.0,0.0,0.0,0.009651899337768555
43.0,2.0,2.0,0.01843404769897461
43.0,0.0,0.0,0.0159604549407959
80.0,6.0,6.0,0.0325322151184082
12.0,1.0,1.0,0.004763126373291016
12.0,1.0,1.0,0.003943204879760742
81.0,7.0,7.0,0.04201483726501465
18.0,0.0,0.0,0.012931108474731445
24.0,7.0,7.0,0.015336275100708008
27.0,0.0,0.0,0.012478351593017578
36.0,1.0,1.0,0.01647806167602539
45.0,1.0,1.0,0.015684127807617188
38.0,12.0,12.0,0.01490926742553711
12.0,0.0,0.0,0.004733562469482422
39.0,4.0,4.0,0.014857053756713867
30.0,2.0,2.0,0.011789798736572266
14.0,1.0,1.0,0.006865024566650391
13.0,1.0,1.0,0.005338907241821289
11.0,0.0,0.0,0.004568576812744141
18.0,5.0,5.0,0.010796546936035156
32.0,1.0,1.0,0.013325214385986328
29.0,1.0,1.0,0.012705564498901367
124.0,7.0,7.0,0.05063319206237793
22.0,1.0,1.0,0.01022648811340332
49.0,8.0,8.0,0.0200655460357666
11.0,0.0,0.0,0.005130290985107422
17.0,1.0,1.0,0.007581233978271484
35.0,1.0,1.0,0.017981290817260742
14.0,0.0,0.0,0.0061969757080078125
25.0,4.0,4.0,0.01062154769897461
33.0,0.0,0.0,0.015530586242675781
137.0,12.0,12.0,0.05397939682006836
74.0,9.0,9.0,0.03217768669128418
16.0,0.0,0.0,0.005810737609863281
43.0,7.0,7.0,0.015137434005737305
43.0,4.0,4.0,0.018965959548950195
12.0,2.0,2.0,0.005007505416870117
136.0,11.0,11.0,0.05742669105529785
40.0,1.0,1.0,0.01663827896118164
18.0,2.0,2.0,0.007904291152954102
15.0,2.0,2.0,0.00769805908203125
130.0,14.0,14.0,0.055129051208496094
13.0,0.0,0.0,0.005588054656982422
16.0,1.0,1.0,0.00771641731262207
204.0,19.0,19.0,0.07789850234985352
72.0,5.0,5.0,0.028726577758789062
44.0,2.0,2.0,0.01899123191833496
14.0,0.0,0.0,0.004593849182128906
38.0,1.0,1.0,0.016002416610717773
41.0,3.0,3.0,0.014642953872680664
54.0,4.0,4.0,0.02252674102783203
26.0,1.0,1.0,0.012533903121948242
20.0,1.0,1.0,0.008455991744995117
48.0,4.0,4.0,0.019872426986694336
76.0,4.0,4.0,0.03258228302001953
16.0,1.0,1.0,0.0066640377044677734
44.0,8.0,8.0,0.017899274826049805
31.0,3.0,3.0,0.012697458267211914
25.0,1.0,1.0,0.01041865348815918
26.0,1.0,1.0,0.011734247207641602
46.0,2.0,2.0,0.018337249755859375
67.0,8.0,8.0,0.024880409240722656
29.0,1.0,1.0,0.011055231094360352
14.0,3.0,3.0,0.0066585540771484375
28.0,0.0,0.0,0.011226892471313477
24.0,1.0,1.0,0.009848594665527344
57.0,1.0,1.0,0.022989749908447266
68.0,10.0,10.0,0.032816171646118164
55.0,5.0,5.0,0.022288799285888672
59.0,7.0,7.0,0.023044347763061523
30.0,1.0,1.0,0.012253046035766602
20.0,0.0,0.0,0.008193254470825195
27.0,6.0,6.0,0.011977434158325195
54.0,8.0,8.0,0.023490190505981445
14.0,2.0,2.0,0.00664973258972168
51.0,6.0,6.0,0.020426273345947266
143.0,10.0,10.0,0.06185030937194824
36.0,6.0,6.0,0.016304969787597656
11.0,0.0,0.0,0.004710197448730469
28.0,2.0,2.0,0.012738943099975586
12.0,0.0,0.0,0.004617214202880859
13.0,0.0,0.0,0.006676435470581055
19.0,3.0,3.0,0.007425069808959961
25.0,0.0,0.0,0.01086568832397461
44.0,3.0,3.0,0.023118972778320312
227.0,22.0,22.0,0.09995722770690918
48.0,5.0,5.0,0.021246671676635742
32.0,6.0,6.0,0.014286994934082031
80.0,9.0,9.0,0.033855438232421875
27.0,6.0,6.0,0.012349128723144531
27.0,1.0,1.0,0.011388063430786133
29.0,2.0,2.0,0.014133214950561523
50.0,2.0,2.0,0.022141218185424805
23.0,4.0,4.0,0.009893178939819336
44.0,4.0,4.0,0.019153356552124023
14.0,2.0,2.0,0.0063517093658447266
77.0,7.0,7.0,0.028443098068237305
17.0,1.0,1.0,0.005784034729003906
15.0,2.0,2.0,0.006091117858886719
32.0,0.0,0.0,0.013337135314941406
36.0,5.0,5.0,0.012809514999389648
26.0,3.0,3.0,0.008822202682495117
11.0,0.0,0.0,0.0047817230224609375
71.0,8.0,8.0,0.03255343437194824
28.0,6.0,6.0,0.013148069381713867
75.0,6.0,6.0,0.030304908752441406
159.0,27.0,27.0,0.06328582763671875
12.0,0.0,0.0,0.006335020065307617
23.0,8.0,8.0,0.0092926025390625
77.0,7.0,7.0,0.030311107635498047
48.0,0.0,0.0,0.02101421356201172
12.0,1.0,1.0,0.004128456115722656
16.0,1.0,1.0,0.006415367126464844
12.0,1.0,1.0,0.0059108734130859375
107.0,16.0,16.0,0.05357098579406738
21.0,7.0,7.0,0.007404804229736328
21.0,1.0,1.0,0.012038230895996094
38.0,2.0,2.0,0.02291131019592285
66.0,10.0,10.0,0.04241657257080078
65.0,3.0,3.0,0.031968116760253906
70.0,8.0,8.0,0.027722597122192383
26.0,0.0,0.0,0.007934331893920898
46.0,0.0,0.0,0.022118091583251953
28.0,4.0,4.0,0.012965202331542969
15.0,1.0,1.0,0.004995822906494141
13.0,1.0,1.0,0.0067005157470703125
21.0,8.0,8.0,0.010598897933959961
15.0,1.0,1.0,0.006867647171020508
57.0,1.0,1.0,0.025319576263427734
59.0,1.0,1.0,0.025991201400756836
16.0,0.0,0.0,0.008089303970336914
147.0,19.0,19.0,0.06820464134216309
27.0,2.0,2.0,0.010604381561279297
90.0,6.0,6.0,0.03915262222290039
20.0,1.0,1.0,0.009742021560668945
121.0,11.0,11.0,0.05563974380493164
11.0,0.0,0.0,0.006155729293823242
13.0,0.0,0.0,0.007176399230957031
46.0,5.0,5.0,0.016507863998413086
58.0,7.0,7.0,0.023787260055541992
20.0,2.0,2.0,0.008592844009399414
23.0,1.0,1.0,0.013727188110351562
58.0,8.0,8.0,0.01957988739013672
55.0,2.0,2.0,0.02218937873840332
14.0,2.0,2.0,0.005102396011352539
29.0,2.0,2.0,0.010770082473754883
30.0,4.0,4.0,0.012063264846801758
14.0,2.0,2.0,0.0066318511962890625
13.0,0.0,0.0,0.0041964054107666016
14.0,2.0,2.0,0.0051403045654296875
28.0,2.0,2.0,0.011269807815551758
23.0,5.0,5.0,0.008290529251098633
15.0,1.0,1.0,0.007130861282348633
11.0,0.0,0.0,0.0062978267669677734
13.0,1.0,1.0,0.00481104850769043
56.0,3.0,3.0,0.023341894149780273
30.0,1.0,1.0,0.01178598403930664
12.0,0.0,0.0,0.0054705142974853516
61.0,8.0,8.0,0.025321006774902344
119.0,12.0,12.0,0.05269789695739746
26.0,0.0,0.0,0.009333133697509766
75.0,10.0,10.0,0.028837203979492188
114.0,26.0,26.0,0.04991769790649414
28.0,7.0,7.0,0.009667396545410156
15.0,1.0,1.0,0.0060079097747802734
11.0,0.0,0.0,0.005007028579711914
179.0,17.0,17.0,0.07281970977783203
25.0,0.0,0.0,0.010231256484985352
59.0,9.0,9.0,0.021585941314697266
17.0,0.0,0.0,0.007008552551269531
56.0,4.0,4.0,0.023038625717163086
62.0,12.0,12.0,0.022864341735839844
12.0,1.0,1.0,0.0028710365295410156
63.0,11.0,11.0,0.02280879020690918
30.0,6.0,6.0,0.014951944351196289
15.0,1.0,1.0,0.005194902420043945
88.0,6.0,6.0,0.030397891998291016
24.0,2.0,2.0,0.012247562408447266
37.0,2.0,2.0,0.01577162742614746
23.0,0.0,0.0,0.008504629135131836
18.0,3.0,3.0,0.009599924087524414
26.0,3.0,3.0,0.010258674621582031
36.0,1.0,1.0,0.01394963264465332
72.0,9.0,9.0,0.026074886322021484
23.0,1.0,1.0,0.010471343994140625
13.0,0.0,0.0,0.0059719085693359375
40.0,0.0,0.0,0.01589488983154297
64.0,6.0,6.0,0.028265953063964844
23.0,0.0,0.0,0.007843732833862305
40.0,0.0,0.0,0.016066789627075195
67.0,4.0,4.0,0.02886795997619629
19.0,1.0,1.0,0.006418704986572266
50.0,4.0,4.0,0.020140647888183594
14.0,1.0,1.0,0.007374286651611328
24.0,3.0,3.0,0.008878707885742188
33.0,9.0,9.0,0.013483285903930664
53.0,5.0,5.0,0.021015167236328125
96.0,16.0,16.0,0.03635811805725098
47.0,7.0,7.0,0.018871784210205078
35.0,0.0,0.0,0.015558958053588867
52.0,1.0,1.0,0.022300004959106445
90.0,6.0,6.0,0.04050803184509277
58.0,2.0,2.0,0.0220339298248291
30.0,5.0,5.0,0.01595282554626465
42.0,8.0,8.0,0.017137765884399414
111.0,11.0,11.0,0.049429893493652344
30.0,0.0,0.0,0.014380931854248047
16.0,1.0,1.0,0.0066754817962646484
32.0,1.0,1.0,0.012308835983276367
15.0,2.0,2.0,0.007326364517211914
51.0,9.0,9.0,0.02024102210998535
38.0,2.0,2.0,0.017419099807739258
113.0,11.0,11.0,0.05323433876037598
38.0,3.0,3.0,0.014351129531860352
35.0,8.0,8.0,0.015420913696289062
33.0,1.0,1.0,0.01337742805480957
34.0,5.0,5.0,0.01431131362915039
49.0,3.0,3.0,0.020880937576293945
25.0,2.0,2.0,0.010689020156860352
55.0,4.0,4.0,0.02167534828186035
27.0,2.0,2.0,0.014190196990966797
86.0,7.0,7.0,0.034308433532714844
15.0,0.0,0.0,0.006632804870605469
20.0,3.0,3.0,0.007672548294067383
37.0,0.0,0.0,0.014745712280273438
28.0,1.0,1.0,0.011818647384643555
30.0,4.0,4.0,0.01389932632446289
39.0,3.0,3.0,0.026352643966674805
18.0,2.0,2.0,0.012330293655395508
15.0,1.0,1.0,0.008233070373535156
104.0,7.0,7.0,0.050460100173950195
35.0,2.0,2.0,0.01260685920715332
12.0,1.0,1.0,0.004859447479248047
23.0,4.0,4.0,0.00632166862487793
22.0,1.0,1.0,0.010920524597167969
139.0,14.0,14.0,0.06365227699279785
60.0,5.0,5.0,0.022211074829101562
97.0,15.0,15.0,0.038495779037475586
20.0,0.0,0.0,0.006043434143066406
18.0,1.0,1.0,0.009420633316040039
25.0,1.0,1.0,0.008184671401977539
32.0,2.0,2.0,0.014031171798706055
21.0,0.0,0.0,0.010149478912353516
58.0,7.0,7.0,0.021236419677734375
22.0,4.0,4.0,0.00948786735534668
125.0,12.0,12.0,0.05209803581237793
11.0,0.0,0.0,0.00506138801574707
38.0,2.0,2.0,0.015361547470092773
25.0,0.0,0.0,0.010230541229248047
30.0,0.0,0.0,0.013357400894165039
17.0,1.0,1.0,0.007275819778442383
68.0,7.0,7.0,0.025295019149780273
16.0,0.0,0.0,0.006608247756958008
111.0,7.0,7.0,0.04131484031677246
38.0,13.0,13.0,0.01494741439819336
66.0,3.0,3.0,0.024688720703125
60.0,3.0,3.0,0.021229267120361328
53.0,8.0,8.0,0.02477264404296875
63.0,3.0,3.0,0.026140689849853516
57.0,3.0,3.0,0.022563457489013672
28.0,1.0,1.0,0.011708736419677734
48.0,4.0,4.0,0.018941640853881836
16.0,0.0,0.0,0.007475614547729492
41.0,14.0,14.0,0.01790332794189453
26.0,3.0,3.0,0.008298873901367188
13.0,2.0,2.0,0.005033731460571289
104.0,11.0,11.0,0.041599273681640625
33.0,1.0,1.0,0.012731790542602539
54.0,6.0,6.0,0.02111053466796875
25.0,0.0,0.0,0.012180805206298828
37.0,1.0,1.0,0.01608419418334961
66.0,5.0,5.0,0.034401655197143555
13.0,2.0,2.0,0.0049135684967041016
101.0,13.0,13.0,0.040610551834106445
73.0,6.0,6.0,0.031415700912475586
20.0,3.0,3.0,0.006655454635620117
33.0,3.0,3.0,0.018047094345092773
37.0,2.0,2.0,0.017168521881103516
14.0,1.0,1.0,0.005613088607788086
29.0,1.0,1.0,0.01148366928100586
42.0,3.0,3.0,0.019380807876586914
25.0,4.0,4.0,0.01090383529663086
19.0,2.0,2.0,0.009063482284545898
54.0,4.0,4.0,0.025504112243652344
77.0,12.0,12.0,0.03431820869445801
26.0,2.0,2.0,0.00963592529296875
69.0,6.0,6.0,0.030183076858520508
22.0,6.0,6.0,0.00841975212097168
17.0,1.0,1.0,0.007763385772705078
30.0,3.0,3.0,0.012929201126098633
36.0,0.0,0.0,0.013535022735595703
37.0,4.0,4.0,0.013802528381347656
19.0,0.0,0.0,0.009743213653564453
90.0,7.0,7.0,0.03364229202270508
33.0,2.0,2.0,0.013910531997680664
27.0,2.0,2.0,0.011384725570678711
61.0,7.0,7.0,0.026906967163085938
19.0,4.0,4.0,0.008803606033325195
36.0,6.0,6.0,0.013274908065795898
29.0,2.0,2.0,0.008201122283935547
51.0,2.0,2.0,0.0221865177154541
22.0,0.0,0.0,0.008203983306884766
59.0,6.0,6.0,0.037035465240478516
75.0,5.0,5.0,0.03327775001525879
12.0,1.0,1.0,0.005965471267700195
35.0,2.0,2.0,0.014279365539550781
18.0,3.0,3.0,0.006598711013793945
97.0,2.0,2.0,0.0380091667175293
44.0,4.0,4.0,0.018349170684814453
16.0,1.0,1.0,0.006523847579956055
49.0,3.0,3.0,0.019293546676635742
151.0,5.0,5.0,0.06596875190734863
62.0,7.0,7.0,0.025011301040649414
17.0,2.0,2.0,0.008581876754760742
12.0,1.0,1.0,0.003765106201171875
101.0,7.0,7.0,0.040648460388183594
30.0,4.0,4.0,0.012211084365844727
42.0,5.0,5.0,0.017288684844970703
40.0,2.0,2.0,0.01784348487854004
127.0,15.0,15.0,0.04884052276611328
56.0,1.0,1.0,0.023879528045654297
44.0,1.0,1.0,0.016768932342529297
36.0,1.0,1.0,0.01588749885559082
92.0,10.0,10.0,0.03798174858093262
49.0,2.0,2.0,0.02279186248779297
77.0,7.0,7.0,0.03226113319396973
37.0,3.0,3.0,0.013548851013183594
18.0,1.0,1.0,0.006413698196411133
51.0,4.0,4.0,0.02132129669189453
86.0,12.0,12.0,0.03190422058105469
14.0,1.0,1.0,0.004761695861816406
27.0,1.0,1.0,0.01259303092956543
49.0,5.0,5.0,0.02607417106628418
28.0,4.0,4.0,0.019439220428466797
24.0,3.0,3.0,0.012762308120727539
24.0,3.0,3.0,0.011290311813354492
101.0,14.0,14.0,0.04323148727416992
12.0,1.0,1.0,0.00452113151550293
14.0,1.0,1.0,0.004953145980834961
45.0,6.0,6.0,0.022369384765625
16.0,0.0,0.0,0.007561922073364258
14.0,1.0,1.0,0.006105661392211914
14.0,0.0,0.0,0.0046825408935546875
21.0,5.0,5.0,0.011610746383666992
14.0,3.0,3.0,0.009723901748657227
121.0,11.0,11.0,0.0549473762512207
13.0,0.0,0.0,0.005651950836181641
46.0,6.0,6.0,0.019346237182617188
40.0,3.0,3.0,0.01792168617248535
17.0,0.0,0.0,0.007680654525756836
36.0,7.0,7.0,0.015411138534545898
63.0,9.0,9.0,0.025801897048950195
46.0,7.0,7.0,0.019991636276245117
69.0,11.0,11.0,0.029810428619384766
32.0,3.0,3.0,0.012967348098754883
33.0,0.0,0.0,0.01433110237121582
12.0,1.0,1.0,0.005692243576049805
13.0,2.0,2.0,0.006131410598754883
85.0,4.0,4.0,0.03807210922241211
54.0,4.0,4.0,0.02458333969116211
15.0,0.0,0.0,0.007838010787963867
40.0,2.0,2.0,0.018859386444091797
39.0,5.0,5.0,0.01811981201171875
83.0,7.0,7.0,0.03552651405334473
33.0,2.0,2.0,0.01557612419128418
71.0,7.0,7.0,0.031929969787597656
27.0,1.0,1.0,0.010038375854492188
34.0,6.0,6.0,0.018616199493408203
16.0,2.0,2.0,0.006353616714477539
43.0,2.0,2.0,0.016008377075195312
16.0,0.0,0.0,0.006868124008178711
27.0,0.0,0.0,0.01344752311706543
73.0,8.0,8.0,0.029170513153076172
37.0,2.0,2.0,0.016451358795166016
59.0,5.0,5.0,0.025070905685424805
23.0,2.0,2.0,0.010231256484985352
62.0,2.0,2.0,0.02496480941772461
30.0,0.0,0.0,0.011600971221923828
26.0,1.0,1.0,0.010299444198608398
13.0,0.0,0.0,0.0037953853607177734
68.0,5.0,5.0,0.03200721740722656
16.0,0.0,0.0,0.007462739944458008
89.0,6.0,6.0,0.041825056076049805
36.0,1.0,1.0,0.01550602912902832
31.0,5.0,5.0,0.014050960540771484
28.0,1.0,1.0,0.01157832145690918
45.0,5.0,5.0,0.020519018173217773
16.0,1.0,1.0,0.009358882904052734
19.0,1.0,1.0,0.0060312747955322266
72.0,9.0,9.0,0.04066038131713867
144.0,9.0,9.0,0.06128716468811035
13.0,1.0,1.0,0.005548000335693359
12.0,1.0,1.0,0.005315065383911133
44.0,1.0,1.0,0.017141103744506836
26.0,1.0,1.0,0.00793147087097168
41.0,4.0,4.0,0.01602935791015625
51.0,5.0,5.0,0.020082473754882812
46.0,5.0,5.0,0.01984548568725586
17.0,4.0,4.0,0.006802558898925781
107.0,9.0,9.0,0.04506111145019531
17.0,0.0,0.0,0.007529020309448242
16.0,1.0,1.0,0.006727933883666992
15.0,1.0,1.0,0.005842447280883789
60.0,2.0,2.0,0.02696394920349121
45.0,4.0,4.0,0.020035982131958008
94.0,11.0,11.0,0.03699994087219238
18.0,1.0,1.0,0.008992671966552734
32.0,4.0,4.0,0.01450347900390625
20.0,1.0,1.0,0.009802818298339844
27.0,1.0,1.0,0.00958871841430664
20.0,1.0,1.0,0.008218050003051758
12.0,1.0,1.0,0.006850004196166992
16.0,1.0,1.0,0.0066471099853515625
21.0,1.0,1.0,0.010547876358032227
14.0,0.0,0.0,0.008334875106811523
51.0,6.0,6.0,0.01970529556274414
50.0,4.0,4.0,0.0177154541015625
74.0,11.0,11.0,0.030192136764526367
17.0,0.0,0.0,0.006443500518798828
14.0,1.0,1.0,0.0063283443450927734
45.0,1.0,1.0,0.01959538459777832
21.0,1.0,1.0,0.008150339126586914
13.0,0.0,0.0,0.0059986114501953125
64.0,4.0,4.0,0.024423599243164062
52.0,1.0,1.0,0.023080110549926758
62.0,10.0,10.0,0.028216838836669922
29.0,6.0,6.0,0.010932445526123047
70.0,8.0,8.0,0.025512218475341797
19.0,1.0,1.0,0.007720232009887695
26.0,5.0,5.0,0.009618043899536133
61.0,4.0,4.0,0.024424076080322266
13.0,2.0,2.0,0.005230903625488281
32.0,3.0,3.0,0.013339519500732422
71.0,3.0,3.0,0.029131412506103516
45.0,4.0,4.0,0.020272493362426758
12.0,0.0,0.0,0.004525899887084961
16.0,0.0,0.0,0.00569462776184082
28.0,2.0,2.0,0.014061927795410156
22.0,3.0,3.0,0.009081840515136719
63.0,1.0,1.0,0.024883508682250977
18.0,1.0,1.0,0.007007122039794922
12.0,1.0,1.0,0.004797458648681641
12.0,1.0,1.0,0.004316568374633789
99.0,3.0,3.0,0.04218792915344238
75.0,6.0,6.0,0.030302762985229492
50.0,7.0,7.0,0.022542953491210938
33.0,1.0,1.0,0.012772560119628906
20.0,2.0,2.0,0.009691476821899414
16.0,5.0,5.0,0.012018203735351562
63.0,5.0,5.0,0.05937671661376953
44.0,4.0,4.0,0.020116329193115234
18.0,1.0,1.0,0.0073964595794677734
25.0,1.0,1.0,0.010043859481811523
41.0,4.0,4.0,0.017555713653564453
31.0,3.0,3.0,0.01572895050048828
15.0,1.0,1.0,0.0068666934967041016
58.0,9.0,9.0,0.026775836944580078
61.0,5.0,5.0,0.024612903594970703
23.0,0.0,0.0,0.010343790054321289
18.0,0.0,0.0,0.00812983512878418
11.0,0.0,0.0,0.004012584686279297
50.0,3.0,3.0,0.023592472076416016
13.0,0.0,0.0,0.0056149959564208984
78.0,9.0,9.0,0.027521848678588867
12.0,1.0,1.0,0.005519390106201172
27.0,1.0,1.0,0.010402679443359375
28.0,1.0,1.0,0.01285696029663086
54.0,11.0,11.0,0.02051544189453125
21.0,3.0,3.0,0.008611202239990234
27.0,0.0,0.0,0.010501861572265625
30.0,3.0,3.0,0.013300418853759766
27.0,1.0,1.0,0.009270191192626953
36.0,6.0,6.0,0.017648935317993164
16.0,0.0,0.0,0.0057833194732666016
11.0,0.0,0.0,0.005643129348754883
12.0,1.0,1.0,0.005250453948974609
85.0,14.0,14.0,0.0347437858581543
32.0,1.0,1.0,0.012156486511230469
34.0,2.0,2.0,0.013929367065429688
27.0,1.0,1.0,0.010421514511108398
13.0,1.0,1.0,0.006776332855224609
53.0,7.0,7.0,0.021533489227294922
35.0,2.0,2.0,0.013387680053710938
17.0,4.0,4.0,0.00697779655456543
12.0,1.0,1.0,0.005210161209106445
22.0,0.0,0.0,0.009264469146728516
15.0,1.0,1.0,0.0055201053619384766
34.0,1.0,1.0,0.014139175415039062
16.0,1.0,1.0,0.008417129516601562
19.0,3.0,3.0,0.008689641952514648
52.0,12.0,12.0,0.02066826820373535
32.0,1.0,1.0,0.013693571090698242
32.0,3.0,3.0,0.015431642532348633
15.0,0.0,0.0,0.006230831146240234
14.0,0.0,0.0,0.0055124759674072266
41.0,3.0,3.0,0.015311241149902344
16.0,2.0,2.0,0.00667881965637207
54.0,0.0,0.0,0.021712303161621094
13.0,0.0,0.0,0.0038633346557617188
36.0,3.0,3.0,0.01624774932861328
24.0,2.0,2.0,0.009200572967529297
13.0,1.0,1.0,0.006226301193237305
170.0,10.0,10.0,0.07027769088745117
27.0,2.0,2.0,0.009925603866577148
82.0,5.0,5.0,0.03232383728027344
41.0,8.0,8.0,0.015933752059936523
12.0,0.0,0.0,0.0057909488677978516
23.0,1.0,1.0,0.00892496109008789
17.0,1.0,1.0,0.007727861404418945
133.0,10.0,10.0,0.05591416358947754
47.0,1.0,1.0,0.020931482315063477
30.0,3.0,3.0,0.012796878814697266
46.0,1.0,1.0,0.01849365234375
36.0,0.0,0.0,0.013418436050415039
27.0,6.0,6.0,0.01271200180053711
52.0,6.0,6.0,0.019715309143066406
58.0,5.0,5.0,0.021158456802368164
24.0,9.0,9.0,0.009931087493896484
13.0,1.0,1.0,0.004301548004150391
66.0,1.0,1.0,0.02942347526550293
39.0,3.0,3.0,0.017457246780395508
25.0,0.0,0.0,0.010875463485717773
28.0,1.0,1.0,0.00912618637084961
61.0,7.0,7.0,0.024405479431152344
89.0,8.0,8.0,0.035607099533081055
28.0,3.0,3.0,0.011307477951049805
52.0,5.0,5.0,0.020878076553344727
16.0,1.0,1.0,0.007916927337646484
27.0,3.0,3.0,0.01032876968383789
34.0,1.0,1.0,0.015602827072143555
55.0,3.0,3.0,0.022768497467041016
25.0,0.0,0.0,0.010375022888183594
33.0,2.0,2.0,0.015906810760498047
21.0,4.0,4.0,0.0076541900634765625
28.0,7.0,7.0,0.011227607727050781
12.0,0.0,0.0,0.00404667854309082
30.0,3.0,3.0,0.013715267181396484
21.0,3.0,3.0,0.009010791778564453
13.0,1.0,1.0,0.0052661895751953125
26.0,3.0,3.0,0.011901378631591797
21.0,0.0,0.0,0.00987863540649414
11.0,0.0,0.0,0.0028383731842041016
55.0,8.0,8.0,0.021767854690551758
30.0,4.0,4.0,0.011962890625
21.0,2.0,2.0,0.007611989974975586
31.0,3.0,3.0,0.01267695426940918
26.0,1.0,1.0,0.011000633239746094
12.0,0.0,0.0,0.004874706268310547
15.0,0.0,0.0,0.0056591033935546875
11.0,0.0,0.0,0.0050048828125
46.0,4.0,4.0,0.01854705810546875
21.0,2.0,2.0,0.009854316711425781
15.0,1.0,1.0,0.006126880645751953
25.0,1.0,1.0,0.011900663375854492
23.0,4.0,4.0,0.010432720184326172
80.0,4.0,4.0,0.0315861701965332
18.0,1.0,1.0,0.006872653961181641
22.0,1.0,1.0,0.009912490844726562
16.0,0.0,0.0,0.004046201705932617
66.0,2.0,2.0,0.02668142318725586
135.0,23.0,23.0,0.05357098579406738
65.0,4.0,4.0,0.027012109756469727
42.0,2.0,2.0,0.013916015625
54.0,5.0,5.0,0.022852420806884766
34.0,1.0,1.0,0.013671636581420898
12.0,1.0,1.0,0.004712581634521484
15.0,4.0,4.0,0.00788426399230957
28.0,0.0,0.0,0.013602972030639648
16.0,0.0,0.0,0.005535602569580078
37.0,2.0,2.0,0.01651453971862793
90.0,8.0,8.0,0.0378115177154541
40.0,3.0,3.0,0.014330863952636719
17.0,0.0,0.0,0.006087064743041992
43.0,5.0,5.0,0.016417741775512695
33.0,7.0,7.0,0.014084815979003906
32.0,4.0,4.0,0.01311945915222168
67.0,9.0,9.0,0.02890157699584961
101.0,11.0,11.0,0.043511152267456055
54.0,5.0,5.0,0.022936105728149414
36.0,5.0,5.0,0.021201372146606445
25.0,5.0,5.0,0.01799917221069336
23.0,0.0,0.0,0.01283574104309082
11.0,0.0,0.0,0.005614519119262695
56.0,4.0,4.0,0.030141115188598633
13.0,1.0,1.0,0.006079435348510742
14.0,2.0,2.0,0.0055141448974609375
59.0,1.0,1.0,0.022253990173339844
38.0,1.0,1.0,0.017269611358642578
100.0,15.0,15.0,0.04633188247680664
24.0,1.0,1.0,0.008111953735351562
31.0,4.0,4.0,0.011104345321655273
78.0,7.0,7.0,0.036516666412353516
56.0,6.0,6.0,0.0217897891998291
49.0,1.0,1.0,0.0214536190032959
55.0,0.0,0.0,0.022023916244506836
123.0,17.0,17.0,0.0523681640625
69.0,10.0,10.0,0.03185629844665527
17.0,2.0,2.0,0.007016658782958984
11.0,0.0,0.0,0.005042314529418945
29.0,5.0,5.0,0.012362241744995117
28.0,2.0,2.0,0.013666629791259766
13.0,2.0,2.0,0.005547285079956055
81.0,10.0,10.0,0.0310211181640625
17.0,6.0,6.0,0.006695270538330078
34.0,0.0,0.0,0.015898942947387695
22.0,3.0,3.0,0.00878000259399414
52.0,8.0,8.0,0.025853633880615234
126.0,6.0,6.0,0.05467557907104492
50.0,6.0,6.0,0.02330470085144043
48.0,8.0,8.0,0.018962860107421875
14.0,0.0,0.0,0.004100799560546875
109.0,15.0,15.0,0.04618954658508301
83.0,8.0,8.0,0.034752607345581055
52.0,5.0,5.0,0.022612571716308594
64.0,13.0,13.0,0.026877164840698242
58.0,5.0,5.0,0.02250051498413086
38.0,1.0,1.0,0.01809072494506836
11.0,0.0,0.0,0.004256725311279297
14.0,3.0,3.0,0.005708932876586914
26.0,5.0,5.0,0.012274742126464844
13.0,0.0,0.0,0.005332469940185547
11.0,0.0,0.0,0.0060842037200927734
15.0,0.0,0.0,0.010500192642211914
37.0,2.0,2.0,0.016724824905395508
24.0,1.0,1.0,0.010740041732788086
59.0,6.0,6.0,0.028812408447265625
26.0,3.0,3.0,0.011257171630859375
84.0,9.0,9.0,0.03701019287109375
18.0,2.0,2.0,0.009502172470092773
41.0,8.0,8.0,0.01924920082092285
136.0,12.0,12.0,0.05333876609802246
90.0,8.0,8.0,0.040438175201416016
12.0,0.0,0.0,0.006977081298828125
42.0,2.0,2.0,0.01705145835876465
20.0,1.0,1.0,0.006156206130981445
18.0,1.0,1.0,0.0067636966705322266
45.0,7.0,7.0,0.021288394927978516
34.0,3.0,3.0,0.012711524963378906
81.0,7.0,7.0,0.035320281982421875
29.0,0.0,0.0,0.012708425521850586
13.0,0.0,0.0,0.006054401397705078
150.0,10.0,10.0,0.062180519104003906
19.0,2.0,2.0,0.010181903839111328
44.0,5.0,5.0,0.01821589469909668
27.0,1.0,1.0,0.012688875198364258
26.0,5.0,5.0,0.013042211532592773
22.0,2.0,2.0,0.01018071174621582
66.0,3.0,3.0,0.028995037078857422
29.0,6.0,6.0,0.012524127960205078
52.0,7.0,7.0,0.023932933807373047
14.0,1.0,1.0,0.0062258243560791016
21.0,3.0,3.0,0.00968790054321289
72.0,5.0,5.0,0.03065013885498047
53.0,1.0,1.0,0.022132158279418945
14.0,1.0,1.0,0.0051615238189697266
74.0,6.0,6.0,0.02619004249572754
89.0,5.0,5.0,0.035581111907958984
71.0,8.0,8.0,0.031862497329711914
45.0,7.0,7.0,0.0171968936920166
14.0,4.0,4.0,0.005525112152099609
30.0,2.0,2.0,0.011511802673339844
25.0,3.0,3.0,0.008932113647460938
34.0,1.0,1.0,0.013272762298583984
23.0,1.0,1.0,0.01007533073425293
36.0,5.0,5.0,0.015397787094116211
34.0,3.0,3.0,0.014318704605102539
38.0,1.0,1.0,0.014766454696655273
31.0,6.0,6.0,0.010436296463012695
21.0,0.0,0.0,0.007743120193481445
75.0,3.0,3.0,0.03066229820251465
80.0,6.0,6.0,0.03354024887084961
17.0,0.0,0.0,0.0065877437591552734
15.0,3.0,3.0,0.005998134613037109
38.0,2.0,2.0,0.01708507537841797
141.0,8.0,8.0,0.05890393257141113
12.0,0.0,0.0,0.005007743835449219
21.0,7.0,7.0,0.008675336837768555
17.0,1.0,1.0,0.005532264709472656
19.0,2.0,2.0,0.008777379989624023
87.0,3.0,3.0,0.037183284759521484
14.0,2.0,2.0,0.004868984222412109
37.0,1.0,1.0,0.013476848602294922
64.0,5.0,5.0,0.02533245086669922
102.0,15.0,15.0,0.03981494903564453
90.0,10.0,10.0,0.055268287658691406
29.0,4.0,4.0,0.017572879791259766
61.0,5.0,5.0,0.02648472785949707
30.0,3.0,3.0,0.014046907424926758
32.0,1.0,1.0,0.011889219284057617
34.0,2.0,2.0,0.012770414352416992
30.0,3.0,3.0,0.013811826705932617
50.0,8.0,8.0,0.020066022872924805
15.0,1.0,1.0,0.005262851715087891
75.0,5.0,5.0,0.026694059371948242
157.0,16.0,16.0,0.0668947696685791
107.0,11.0,11.0,0.04143190383911133
18.0,1.0,1.0,0.007784605026245117
37.0,9.0,9.0,0.017230510711669922
100.0,7.0,7.0,0.04062223434448242
110.0,9.0,9.0,0.03930997848510742
18.0,0.0,0.0,0.00668787956237793
61.0,5.0,5.0,0.022281646728515625
19.0,4.0,4.0,0.00864267349243164
14.0,0.0,0.0,0.005568027496337891
116.0,10.0,10.0,0.04497122764587402
32.0,1.0,1.0,0.009898900985717773
109.0,14.0,14.0,0.04559612274169922
18.0,4.0,4.0,0.006116390228271484
25.0,1.0,1.0,0.009642839431762695
19.0,4.0,4.0,0.007927417755126953
52.0,2.0,2.0,0.024448156356811523
78.0,6.0,6.0,0.03426718711853027
43.0,1.0,1.0,0.016805171966552734
19.0,0.0,0.0,0.01027369499206543
35.0,0.0,0.0,0.015141010284423828
151.0,21.0,21.0,0.07067441940307617
16.0,1.0,1.0,0.0055234432220458984
27.0,4.0,4.0,0.012652158737182617
51.0,3.0,3.0,0.020404338836669922
96.0,19.0,19.0,0.037726402282714844
92.0,10.0,10.0,0.04075503349304199
13.0,0.0,0.0,0.006264925003051758
20.0,1.0,1.0,0.006709098815917969
11.0,0.0,0.0,0.005681753158569336
20.0,4.0,4.0,0.009275197982788086
12.0,0.0,0.0,0.00572657585144043
19.0,2.0,2.0,0.005998849868774414
11.0,0.0,0.0,0.004229307174682617
13.0,1.0,1.0,0.006109714508056641
99.0,6.0,6.0,0.04258894920349121
35.0,3.0,3.0,0.01512002944946289
35.0,1.0,1.0,0.014178752899169922
77.0,6.0,6.0,0.030827045440673828
33.0,4.0,4.0,0.01372075080871582
27.0,2.0,2.0,0.010716676712036133
22.0,0.0,0.0,0.008628606796264648
19.0,3.0,3.0,0.00790262222290039
44.0,1.0,1.0,0.017490148544311523
34.0,2.0,2.0,0.012822151184082031
37.0,4.0,4.0,0.016434669494628906
20.0,1.0,1.0,0.007745981216430664
25.0,3.0,3.0,0.010001659393310547
19.0,3.0,3.0,0.009387969970703125
32.0,10.0,10.0,0.013116598129272461
42.0,2.0,2.0,0.016685009002685547
22.0,0.0,0.0,0.006943941116333008
43.0,4.0,4.0,0.01722860336303711
75.0,8.0,8.0,0.03407764434814453
24.0,2.0,2.0,0.010735273361206055
17.0,0.0,0.0,0.005558967590332031
18.0,1.0,1.0,0.007796525955200195
20.0,1.0,1.0,0.007166385650634766
13.0,2.0,2.0,0.005967855453491211
24.0,0.0,0.0,0.00865793228149414
22.0,5.0,5.0,0.008687973022460938
68.0,5.0,5.0,0.027634859085083008
21.0,1.0,1.0,0.010248899459838867
19.0,2.0,2.0,0.008618831634521484
18.0,0.0,0.0,0.00771331787109375
108.0,10.0,10.0,0.04771614074707031
110.0,9.0,9.0,0.046404361724853516
97.0,9.0,9.0,0.03514552116394043
46.0,5.0,5.0,0.015359878540039062
19.0,2.0,2.0,0.008681058883666992
14.0,2.0,2.0,0.00617218017578125
20.0,0.0,0.0,0.008147954940795898
12.0,0.0,0.0,0.005008697509765625
17.0,1.0,1.0,0.007892847061157227
52.0,8.0,8.0,0.019063472747802734
16.0,1.0,1.0,0.007810115814208984
41.0,5.0,5.0,0.015915632247924805
49.0,6.0,6.0,0.017426729202270508
37.0,5.0,5.0,0.015330314636230469
23.0,0.0,0.0,0.01236104965209961
25.0,1.0,1.0,0.011199474334716797
27.0,2.0,2.0,0.007676362991333008
50.0,0.0,0.0,0.0197298526763916
22.0,2.0,2.0,0.009189128875732422
19.0,1.0,1.0,0.009819746017456055
23.0,1.0,1.0,0.009136199951171875
27.0,1.0,1.0,0.010906696319580078
18.0,0.0,0.0,0.005730867385864258
56.0,6.0,6.0,0.0248105525970459
61.0,4.0,4.0,0.024197101593017578
62.0,5.0,5.0,0.02495098114013672
17.0,0.0,0.0,0.00771641731262207
94.0,9.0,9.0,0.038411617279052734
12.0,0.0,0.0,0.004998683929443359
43.0,4.0,4.0,0.016295194625854492
52.0,3.0,3.0,0.02128744125366211
25.0,3.0,3.0,0.008326053619384766
14.0,2.0,2.0,0.006001710891723633
15.0,1.0,1.0,0.007647037506103516
30.0,6.0,6.0,0.011360645294189453
83.0,13.0,13.0,0.036536216735839844
66.0,13.0,13.0,0.025940656661987305
74.0,8.0,8.0,0.02736210823059082
30.0,3.0,3.0,0.012531757354736328
39.0,4.0,4.0,0.026462078094482422
38.0,4.0,4.0,0.017441749572753906
38.0,6.0,6.0,0.025497913360595703
63.0,9.0,9.0,0.024446725845336914
55.0,7.0,7.0,0.02132439613342285
39.0,2.0,2.0,0.0162811279296875
47.0,3.0,3.0,0.02171945571899414
57.0,2.0,2.0,0.02293539047241211
38.0,3.0,3.0,0.013782739639282227
57.0,7.0,7.0,0.02179241180419922
23.0,2.0,2.0,0.007009744644165039
20.0,1.0,1.0,0.00865793228149414
93.0,5.0,5.0,0.0402376651763916
11.0,0.0,0.0,0.004636526107788086
58.0,1.0,1.0,0.02496170997619629
22.0,3.0,3.0,0.009649991989135742
13.0,1.0,1.0,0.004784822463989258
42.0,2.0,2.0,0.015606880187988281
20.0,0.0,0.0,0.008280277252197266
34.0,3.0,3.0,0.014192819595336914
23.0,2.0,2.0,0.009727001190185547
28.0,2.0,2.0,0.011654138565063477
50.0,6.0,6.0,0.019373178482055664
133.0,16.0,16.0,0.05510735511779785
71.0,4.0,4.0,0.03475165367126465
34.0,4.0,4.0,0.015582561492919922
29.0,2.0,2.0,0.015430688858032227
14.0,1.0,1.0,0.007323026657104492
37.0,0.0,0.0,0.016764402389526367
65.0,3.0,3.0,0.028151750564575195
30.0,1.0,1.0,0.013186454772949219
32.0,1.0,1.0,0.012514829635620117
19.0,1.0,1.0,0.005681037902832031
59.0,3.0,3.0,0.023995637893676758
59.0,7.0,7.0,0.1026768684387207
50.0,1.0,1.0,0.02212810516357422
65.0,4.0,4.0,0.031163692474365234
61.0,9.0,9.0,0.028853654861450195
52.0,9.0,9.0,0.025210857391357422
11.0,0.0,0.0,0.004976987838745117
136.0,10.0,10.0,0.055391550064086914
26.0,3.0,3.0,0.012440681457519531
24.0,1.0,1.0,0.011658668518066406
24.0,5.0,5.0,0.011483430862426758
105.0,10.0,10.0,0.05006217956542969
28.0,1.0,1.0,0.010251045227050781
31.0,2.0,2.0,0.011844873428344727
84.0,13.0,13.0,0.03368830680847168
45.0,6.0,6.0,0.01761937141418457
49.0,3.0,3.0,0.018895387649536133
14.0,4.0,4.0,0.003999948501586914
148.0,10.0,10.0,0.06057381629943848
24.0,3.0,3.0,0.011791706085205078
56.0,6.0,6.0,0.026290416717529297
69.0,4.0,4.0,0.03235507011413574
14.0,0.0,0.0,0.005407810211181641
43.0,8.0,8.0,0.020672321319580078
62.0,7.0,7.0,0.029843568801879883
15.0,3.0,3.0,0.010036230087280273
14.0,0.0,0.0,0.006615638732910156
16.0,5.0,5.0,0.008644342422485352
65.0,6.0,6.0,0.0265042781829834
11.0,0.0,0.0,0.0063283443450927734
13.0,0.0,0.0,0.005803585052490234
69.0,10.0,10.0,0.027828693389892578
22.0,2.0,2.0,0.009951114654541016
18.0,1.0,1.0,0.008791208267211914
24.0,5.0,5.0,0.0105743408203125
46.0,1.0,1.0,0.021943330764770508
34.0,7.0,7.0,0.017814159393310547
85.0,13.0,13.0,0.03671383857727051
20.0,4.0,4.0,0.009638071060180664
38.0,6.0,6.0,0.016826629638671875
25.0,4.0,4.0,0.01073765754699707
42.0,0.0,0.0,0.017298460006713867
82.0,10.0,10.0,0.03764629364013672
16.0,0.0,0.0,0.00677490234375
61.0,5.0,5.0,0.0269315242767334
114.0,5.0,5.0,0.04795646667480469
33.0,2.0,2.0,0.013989448547363281
29.0,0.0,0.0,0.01142740249633789
76.0,11.0,11.0,0.0362553596496582
45.0,1.0,1.0,0.01780986785888672
67.0,4.0,4.0,0.031490325927734375
21.0,6.0,6.0,0.009653091430664062
41.0,2.0,2.0,0.018705129623413086
19.0,4.0,4.0,0.009427547454833984
69.0,6.0,6.0,0.030356645584106445
55.0,4.0,4.0,0.025576353073120117
22.0,2.0,2.0,0.009300708770751953
27.0,6.0,6.0,0.010524272918701172
12.0,0.0,0.0,0.005547046661376953
68.0,5.0,5.0,0.030267953872680664
15.0,0.0,0.0,0.006541728973388672
26.0,1.0,1.0,0.010906457901000977
43.0,2.0,2.0,0.01821613311767578
14.0,2.0,2.0,0.007725715637207031
27.0,2.0,2.0,0.012920856475830078
26.0,6.0,6.0,0.011393070220947266
22.0,1.0,1.0,0.008007287979125977
13.0,0.0,0.0,0.0045125484466552734
13.0,1.0,1.0,0.005685567855834961
37.0,1.0,1.0,0.022097349166870117
43.0,7.0,7.0,0.02684807777404785
19.0,1.0,1.0,0.014787673950195312
56.0,6.0,6.0,0.023030757904052734
34.0,6.0,6.0,0.015455484390258789
20.0,1.0,1.0,0.007850885391235352
38.0,1.0,1.0,0.012082099914550781
119.0,10.0,10.0,0.0421147346496582
18.0,0.0,0.0,0.005522966384887695
25.0,0.0,0.0,0.010024785995483398
43.0,2.0,2.0,0.014394760131835938
28.0,7.0,7.0,0.010088920593261719
21.0,1.0,1.0,0.010393142700195312
21.0,2.0,2.0,0.008172750473022461
63.0,6.0,6.0,0.027594804763793945
31.0,1.0,1.0,0.014781713485717773
43.0,5.0,5.0,0.016593217849731445
24.0,0.0,0.0,0.009019851684570312
48.0,4.0,4.0,0.022222280502319336
11.0,0.0,0.0,0.0042154788970947266
31.0,3.0,3.0,0.014511823654174805
42.0,5.0,5.0,0.016350746154785156
29.0,2.0,2.0,0.01201319694519043
32.0,1.0,1.0,0.011986494064331055
31.0,1.0,1.0,0.011881828308105469
23.0,0.0,0.0,0.009710311889648438
21.0,1.0,1.0,0.009827613830566406
35.0,3.0,3.0,0.012674808502197266
23.0,4.0,4.0,0.009685993194580078
16.0,1.0,1.0,0.007538318634033203
21.0,4.0,4.0,0.008730649948120117
20.0,0.0,0.0,0.008336544036865234
12.0,0.0,0.0,0.003631114959716797
45.0,1.0,1.0,0.01865863800048828
21.0,4.0,4.0,0.008840084075927734
88.0,6.0,6.0,0.037714242935180664
24.0,2.0,2.0,0.008859872817993164
11.0,0.0,0.0,0.003416299819946289
72.0,5.0,5.0,0.033000946044921875
79.0,3.0,3.0,0.03401684761047363
17.0,2.0,2.0,0.007502555847167969
12.0,0.0,0.0,0.0060083866119384766
61.0,10.0,10.0,0.022940397262573242
24.0,2.0,2.0,0.010498762130737305
15.0,0.0,0.0,0.006811618804931641
15.0,0.0,0.0,0.00678563117980957
35.0,3.0,3.0,0.0147247314453125
16.0,0.0,0.0,0.007309675216674805
43.0,4.0,4.0,0.015410661697387695
26.0,1.0,1.0,0.011597394943237305
55.0,5.0,5.0,0.023433923721313477
59.0,5.0,5.0,0.023151874542236328
96.0,10.0,10.0,0.03930807113647461
24.0,1.0,1.0,0.00974130630493164
35.0,4.0,4.0,0.012948989868164062
15.0,0.0,0.0,0.005213737487792969
20.0,0.0,0.0,0.007536888122558594
22.0,1.0,1.0,0.009870052337646484
64.0,6.0,6.0,0.02440047264099121
39.0,1.0,1.0,0.015554428100585938
44.0,7.0,7.0,0.018701553344726562
45.0,4.0,4.0,0.014832735061645508
26.0,8.0,8.0,0.010876178741455078
66.0,3.0,3.0,0.028196334838867188
13.0,0.0,0.0,0.00690150260925293
17.0,1.0,1.0,0.00785970687866211
11.0,1.0,1.0,0.004848003387451172
59.0,9.0,9.0,0.025632143020629883
54.0,5.0,5.0,0.016776323318481445
117.0,8.0,8.0,0.04656839370727539
90.0,8.0,8.0,0.03908991813659668
33.0,1.0,1.0,0.013046979904174805
14.0,0.0,0.0,0.004893064498901367
36.0,0.0,0.0,0.015142440795898438
29.0,0.0,0.0,0.009896516799926758
31.0,2.0,2.0,0.012623071670532227
17.0,1.0,1.0,0.008131980895996094
29.0,10.0,10.0,0.011100053787231445
57.0,7.0,7.0,0.02529001235961914
16.0,0.0,0.0,0.005187511444091797
40.0,7.0,7.0,0.014831066131591797
61.0,6.0,6.0,0.024968862533569336
36.0,5.0,5.0,0.014961004257202148
69.0,4.0,4.0,0.03059554100036621
15.0,0.0,0.0,0.006018877029418945
12.0,0.0,0.0,0.004919767379760742
48.0,1.0,1.0,0.01951313018798828
18.0,3.0,3.0,0.006727933883666992
39.0,5.0,5.0,0.014571189880371094
23.0,0.0,0.0,0.008730649948120117
29.0,1.0,1.0,0.014102458953857422
166.0,16.0,16.0,0.06730794906616211
60.0,2.0,2.0,0.025391340255737305
193.0,13.0,13.0,0.08024430274963379
78.0,9.0,9.0,0.02579021453857422
30.0,2.0,2.0,0.012906074523925781
129.0,5.0,5.0,0.05846524238586426
44.0,2.0,2.0,0.017979860305786133
29.0,0.0,0.0,0.010931015014648438
70.0,6.0,6.0,0.029374361038208008
14.0,0.0,0.0,0.007435798645019531
28.0,2.0,2.0,0.01184225082397461
23.0,0.0,0.0,0.008914947509765625
45.0,2.0,2.0,0.017288684844970703
26.0,5.0,5.0,0.010863542556762695
55.0,6.0,6.0,0.024743080139160156
35.0,3.0,3.0,0.015077829360961914
42.0,5.0,5.0,0.01713109016418457
11.0,0.0,0.0,0.005042076110839844
14.0,1.0,1.0,0.004954814910888672
119.0,14.0,14.0,0.04805898666381836
30.0,5.0,5.0,0.013045310974121094
14.0,2.0,2.0,0.006055116653442383
38.0,6.0,6.0,0.014587879180908203
34.0,0.0,0.0,0.016242504119873047
15.0,0.0,0.0,0.006299734115600586
14.0,2.0,2.0,0.008166074752807617
16.0,0.0,0.0,0.007148027420043945
28.0,4.0,4.0,0.011491060256958008
14.0,2.0,2.0,0.006399393081665039
14.0,3.0,3.0,0.006212472915649414
32.0,1.0,1.0,0.017748117446899414
62.0,7.0,7.0,0.042092323303222656
57.0,9.0,9.0,0.029209136962890625
30.0,4.0,4.0,0.014137744903564453
40.0,2.0,2.0,0.013555288314819336
47.0,4.0,4.0,0.022243738174438477
19.0,5.0,5.0,0.0077667236328125
70.0,5.0,5.0,0.029100418090820312
71.0,8.0,8.0,0.032135963439941406
15.0,0.0,0.0,0.006263256072998047
104.0,7.0,7.0,0.04250931739807129
35.0,3.0,3.0,0.014632225036621094
16.0,0.0,0.0,0.006873607635498047
33.0,3.0,3.0,0.012235403060913086
23.0,5.0,5.0,0.010658740997314453
34.0,2.0,2.0,0.014270305633544922
28.0,1.0,1.0,0.011396646499633789
31.0,5.0,5.0,0.014874696731567383
24.0,0.0,0.0,0.009806632995605469
19.0,4.0,4.0,0.009046077728271484
19.0,0.0,0.0,0.009132862091064453
65.0,10.0,10.0,0.02805495262145996
14.0,2.0,2.0,0.005397319793701172
13.0,2.0,2.0,0.007645130157470703
54.0,7.0,7.0,0.020531415939331055
17.0,2.0,2.0,0.006066322326660156
64.0,10.0,10.0,0.022888898849487305
35.0,2.0,2.0,0.014207839965820312
166.0,28.0,28.0,0.06784582138061523
29.0,2.0,2.0,0.013065814971923828
40.0,3.0,3.0,0.016687870025634766
25.0,2.0,2.0,0.011897802352905273
15.0,0.0,0.0,0.0042073726654052734
15.0,1.0,1.0,0.007918834686279297
25.0,0.0,0.0,0.010220527648925781
44.0,4.0,4.0,0.019267559051513672
12.0,0.0,0.0,0.003883838653564453
13.0,0.0,0.0,0.009163856506347656
12.0,1.0,1.0,0.0065038204193115234
46.0,2.0,2.0,0.02241992950439453
53.0,7.0,7.0,0.020859479904174805
18.0,0.0,0.0,0.0064051151275634766
13.0,0.0,0.0,0.0046918392181396484
46.0,2.0,2.0,0.019003868103027344
14.0,2.0,2.0,0.0062541961669921875
40.0,1.0,1.0,0.016951799392700195
47.0,6.0,6.0,0.019765138626098633
31.0,3.0,3.0,0.013271570205688477
35.0,0.0,0.0,0.014343023300170898
14.0,3.0,3.0,0.004540205001831055
35.0,4.0,4.0,0.013785123825073242
19.0,2.0,2.0,0.008530855178833008
58.0,6.0,6.0,0.02249431610107422
17.0,0.0,0.0,0.01061248779296875
69.0,11.0,11.0,0.04575228691101074
18.0,1.0,1.0,0.006281614303588867
83.0,5.0,5.0,0.030120134353637695
93.0,8.0,8.0,0.032515525817871094
24.0,4.0,4.0,0.008520364761352539
38.0,1.0,1.0,0.013362884521484375
27.0,0.0,0.0,0.011821985244750977
13.0,2.0,2.0,0.005325794219970703
20.0,1.0,1.0,0.007767915725708008
15.0,0.0,0.0,0.004448413848876953
15.0,0.0,0.0,0.007307767868041992
24.0,0.0,0.0,0.010058164596557617
32.0,1.0,1.0,0.01503896713256836
30.0,3.0,3.0,0.012462139129638672
15.0,2.0,2.0,0.007150173187255859
43.0,2.0,2.0,0.017423629760742188
12.0,0.0,0.0,0.0052068233489990234
73.0,9.0,9.0,0.029302120208740234
31.0,1.0,1.0,0.012366771697998047
25.0,8.0,8.0,0.009315013885498047
11.0,0.0,0.0,0.004354238510131836
14.0,0.0,0.0,0.00578761100769043
33.0,0.0,0.0,0.01719498634338379
34.0,2.0,2.0,0.014404773712158203
12.0,1.0,1.0,0.003769397735595703
24.0,4.0,4.0,0.010023117065429688
58.0,3.0,3.0,0.027207612991333008
81.0,4.0,4.0,0.040605783462524414
20.0,2.0,2.0,0.010534286499023438
16.0,3.0,3.0,0.007299900054931641
15.0,2.0,2.0,0.006245613098144531
34.0,0.0,0.0,0.011917352676391602
17.0,2.0,2.0,0.006266117095947266
53.0,5.0,5.0,0.02205681800842285
64.0,8.0,8.0,0.026168346405029297
61.0,3.0,3.0,0.02480149269104004
34.0,0.0,0.0,0.014661788940429688
38.0,1.0,1.0,0.014637947082519531
61.0,5.0,5.0,0.025399208068847656
28.0,4.0,4.0,0.012029409408569336
62.0,7.0,7.0,0.027168750762939453
74.0,6.0,6.0,0.028534412384033203
48.0,8.0,8.0,0.01984238624572754
18.0,5.0,5.0,0.007430315017700195
12.0,0.0,0.0,0.005141496658325195
23.0,5.0,5.0,0.008751630783081055
19.0,0.0,0.0,0.009635210037231445
45.0,5.0,5.0,0.019392013549804688
15.0,0.0,0.0,0.005197763442993164
56.0,5.0,5.0,0.025269508361816406
21.0,2.0,2.0,0.012049674987792969
39.0,2.0,2.0,0.015819311141967773
32.0,2.0,2.0,0.012893199920654297
33.0,3.0,3.0,0.011855602264404297
15.0,2.0,2.0,0.006623029708862305
39.0,2.0,2.0,0.019923686981201172
54.0,2.0,2.0,0.024997234344482422
26.0,4.0,4.0,0.011700153350830078
63.0,2.0,2.0,0.02418971061706543
43.0,4.0,4.0,0.017452478408813477
22.0,1.0,1.0,0.013435125350952148
100.0,7.0,7.0,0.04590582847595215
12.0,0.0,0.0,0.007341146469116211
114.0,8.0,8.0,0.04769015312194824
12.0,1.0,1.0,0.0064580440521240234
47.0,3.0,3.0,0.020264387130737305
29.0,0.0,0.0,0.012381553649902344
53.0,1.0,1.0,0.01932978630065918
236.0,25.0,25.0,0.11580514907836914
41.0,2.0,2.0,0.01659679412841797
56.0,3.0,3.0,0.022948026657104492
73.0,13.0,13.0,0.0362858772277832
42.0,4.0,4.0,0.018549203872680664
33.0,0.0,0.0,0.013774871826171875
31.0,2.0,2.0,0.013863801956176758
84.0,5.0,5.0,0.03530526161193848
19.0,1.0,1.0,0.009838581085205078
46.0,4.0,4.0,0.021086931228637695
91.0,8.0,8.0,0.03999948501586914
17.0,1.0,1.0,0.006766557693481445
35.0,0.0,0.0,0.014337778091430664
31.0,2.0,2.0,0.013320207595825195
14.0,0.0,0.0,0.005071878433227539
61.0,8.0,8.0,0.023477792739868164
43.0,5.0,5.0,0.014070510864257812
81.0,9.0,9.0,0.030248641967773438
63.0,3.0,3.0,0.02638387680053711
29.0,7.0,7.0,0.01111602783203125
17.0,6.0,6.0,0.007157564163208008
13.0,0.0,0.0,0.004649639129638672
87.0,7.0,7.0,0.03723955154418945
13.0,0.0,0.0,0.00441431999206543
89.0,5.0,5.0,0.029333114624023438
80.0,10.0,10.0,0.03313803672790527
33.0,4.0,4.0,0.012805700302124023
32.0,2.0,2.0,0.015185356140136719
19.0,2.0,2.0,0.008001565933227539
30.0,3.0,3.0,0.014167070388793945
21.0,4.0,4.0,0.008309125900268555
24.0,1.0,1.0,0.008306264877319336
20.0,5.0,5.0,0.008315086364746094
31.0,5.0,5.0,0.010366439819335938
14.0,1.0,1.0,0.006103515625
32.0,5.0,5.0,0.01446533203125
55.0,7.0,7.0,0.0221405029296875
74.0,7.0,7.0,0.03265023231506348
33.0,8.0,8.0,0.013257980346679688
46.0,5.0,5.0,0.019097089767456055
16.0,4.0,4.0,0.007788419723510742
17.0,3.0,3.0,0.007497549057006836
36.0,5.0,5.0,0.016941547393798828
85.0,11.0,11.0,0.036707162857055664
14.0,2.0,2.0,0.0059969425201416016
98.0,10.0,10.0,0.03909468650817871
13.0,1.0,1.0,0.0053882598876953125
65.0,10.0,10.0,0.027236461639404297
71.0,5.0,5.0,0.03069925308227539
208.0,13.0,13.0,0.08803200721740723
111.0,6.0,6.0,0.048401594161987305
43.0,3.0,3.0,0.024909496307373047
38.0,4.0,4.0,0.014670372009277344
57.0,3.0,3.0,0.0240936279296875
12.0,0.0,0.0,0.0051882266998291016
47.0,5.0,5.0,0.01936030387878418
38.0,3.0,3.0,0.017841577529907227
14.0,1.0,1.0,0.008447408676147461
72.0,9.0,9.0,0.032994985580444336
70.0,4.0,4.0,0.030813932418823242
83.0,14.0,14.0,0.034595489501953125
81.0,6.0,6.0,0.034285783767700195
90.0,4.0,4.0,0.036928653717041016
53.0,6.0,6.0,0.024826526641845703
16.0,1.0,1.0,0.008826971054077148
64.0,7.0,7.0,0.027723073959350586
127.0,10.0,10.0,0.056442975997924805
17.0,0.0,0.0,0.007912397384643555
41.0,7.0,7.0,0.015698909759521484
19.0,2.0,2.0,0.006604671478271484
14.0,0.0,0.0,0.006810426712036133
25.0,0.0,0.0,0.009357690811157227
12.0,1.0,1.0,0.005007028579711914
39.0,3.0,3.0,0.016471147537231445
14.0,0.0,0.0,0.007832765579223633
13.0,1.0,1.0,0.004834890365600586
79.0,13.0,13.0,0.032570838928222656
26.0,3.0,3.0,0.012767553329467773
50.0,2.0,2.0,0.018335819244384766
55.0,3.0,3.0,0.020104169845581055
11.0,0.0,0.0,0.004839181900024414
32.0,1.0,1.0,0.01629328727722168
41.0,3.0,3.0,0.019926071166992188
107.0,9.0,9.0,0.041192054748535156
22.0,2.0,2.0,0.008955717086791992
81.0,4.0,4.0,0.03356313705444336
53.0,5.0,5.0,0.02002429962158203
20.0,3.0,3.0,0.008933305740356445
21.0,1.0,1.0,0.00889730453491211
88.0,9.0,9.0,0.03573179244995117
47.0,2.0,2.0,0.017883777618408203
23.0,6.0,6.0,0.011687278747558594
22.0,1.0,1.0,0.0098114013671875
16.0,2.0,2.0,0.00606536865234375
35.0,9.0,9.0,0.013602018356323242
31.0,1.0,1.0,0.012768983840942383
42.0,1.0,1.0,0.019783496856689453
74.0,3.0,3.0,0.03822755813598633
20.0,6.0,6.0,0.009144067764282227
22.0,0.0,0.0,0.01630425453186035
24.0,1.0,1.0,0.01319432258605957
19.0,0.0,0.0,0.014264345169067383
14.0,0.0,0.0,0.009140968322753906
68.0,6.0,6.0,0.03256988525390625
27.0,4.0,4.0,0.010458230972290039
15.0,3.0,3.0,0.005570650100708008
60.0,3.0,3.0,0.02301931381225586
12.0,1.0,1.0,0.0060732364654541016
41.0,4.0,4.0,0.016315937042236328
16.0,1.0,1.0,0.009550094604492188
20.0,4.0,4.0,0.008423805236816406
63.0,1.0,1.0,0.02703118324279785
29.0,3.0,3.0,0.013208866119384766
52.0,1.0,1.0,0.022118330001831055
28.0,1.0,1.0,0.01266336441040039
12.0,2.0,2.0,0.005232810974121094
20.0,0.0,0.0,0.010477304458618164
63.0,2.0,2.0,0.030780315399169922
44.0,2.0,2.0,0.01704239845275879
69.0,1.0,1.0,0.036469459533691406
61.0,5.0,5.0,0.03160858154296875
71.0,6.0,6.0,0.028699874877929688
27.0,2.0,2.0,0.011931896209716797
25.0,1.0,1.0,0.011743783950805664
18.0,2.0,2.0,0.007054567337036133
37.0,0.0,0.0,0.01611495018005371
14.0,2.0,2.0,0.008576631546020508
20.0,3.0,3.0,0.009296417236328125
53.0,1.0,1.0,0.026331424713134766
23.0,0.0,0.0,0.01161813735961914
87.0,6.0,6.0,0.03590965270996094
26.0,3.0,3.0,0.009591341018676758
12.0,2.0,2.0,0.005519390106201172
14.0,0.0,0.0,0.008371591567993164
20.0,2.0,2.0,0.008743762969970703
11.0,0.0,0.0,0.00655674934387207
33.0,4.0,4.0,0.014935731887817383
12.0,1.0,1.0,0.004494190216064453
13.0,1.0,1.0,0.006016254425048828
43.0,10.0,10.0,0.016945838928222656
15.0,2.0,2.0,0.006738185882568359
22.0,1.0,1.0,0.01202702522277832
36.0,5.0,5.0,0.015831708908081055
23.0,1.0,1.0,0.008826971054077148
69.0,7.0,7.0,0.029358625411987305
60.0,5.0,5.0,0.026757240295410156
17.0,1.0,1.0,0.008518457412719727
46.0,0.0,0.0,0.019246816635131836
77.0,10.0,10.0,0.03232216835021973
21.0,4.0,4.0,0.008659839630126953
39.0,2.0,2.0,0.015331029891967773
42.0,2.0,2.0,0.01590585708618164
12.0,1.0,1.0,0.004015445709228516
15.0,0.0,0.0,0.005563259124755859
82.0,13.0,13.0,0.034538984298706055
45.0,9.0,9.0,0.018750905990600586
21.0,1.0,1.0,0.007779836654663086
113.0,14.0,14.0,0.04642629623413086
37.0,2.0,2.0,0.012236595153808594
59.0,3.0,3.0,0.02252817153930664
45.0,6.0,6.0,0.021242141723632812
67.0,3.0,3.0,0.030794143676757812
68.0,1.0,1.0,0.02810049057006836
61.0,7.0,7.0,0.030122041702270508
20.0,1.0,1.0,0.008786439895629883
33.0,1.0,1.0,0.012028932571411133
35.0,8.0,8.0,0.012515783309936523
51.0,1.0,1.0,0.021109819412231445
32.0,4.0,4.0,0.013150691986083984
19.0,4.0,4.0,0.007560014724731445
28.0,1.0,1.0,0.0087432861328125
30.0,3.0,3.0,0.011336088180541992
12.0,1.0,1.0,0.005506038665771484
11.0,0.0,0.0,0.004190921783447266
42.0,1.0,1.0,0.01684260368347168
21.0,2.0,2.0,0.007477283477783203
77.0,0.0,0.0,0.03169131278991699
21.0,2.0,2.0,0.008747577667236328
32.0,1.0,1.0,0.012660741806030273
89.0,5.0,5.0,0.036591529846191406
41.0,8.0,8.0,0.015081167221069336
12.0,0.0,0.0,0.005381584167480469
56.0,5.0,5.0,0.02042102813720703
30.0,4.0,4.0,0.01248788833618164
17.0,0.0,0.0,0.00670313835144043
183.0,19.0,19.0,0.07935571670532227
42.0,1.0,1.0,0.021087646484375
31.0,0.0,0.0,0.014737844467163086
15.0,1.0,1.0,0.0075778961181640625
28.0,6.0,6.0,0.010679006576538086
27.0,2.0,2.0,0.012868404388427734
24.0,1.0,1.0,0.011283159255981445
14.0,0.0,0.0,0.007971048355102539
76.0,11.0,11.0,0.033513784408569336
25.0,0.0,0.0,0.011356353759765625
18.0,0.0,0.0,0.007472991943359375
51.0,2.0,2.0,0.02240300178527832
19.0,2.0,2.0,0.007585287094116211
79.0,5.0,5.0,0.030256271362304688
14.0,4.0,4.0,0.004078388214111328
47.0,5.0,5.0,0.018844127655029297
60.0,8.0,8.0,0.024086713790893555
72.0,9.0,9.0,0.030002355575561523
62.0,5.0,5.0,0.02485942840576172
82.0,8.0,8.0,0.03278207778930664
20.0,4.0,4.0,0.007426738739013672
24.0,2.0,2.0,0.009888410568237305
21.0,0.0,0.0,0.009356260299682617
73.0,6.0,6.0,0.031180620193481445
12.0,1.0,1.0,0.004527568817138672
27.0,4.0,4.0,0.011205673217773438
18.0,0.0,0.0,0.007557392120361328
17.0,1.0,1.0,0.006041765213012695
13.0,0.0,0.0,0.004828214645385742
70.0,8.0,8.0,0.02947211265563965
76.0,8.0,8.0,0.032855987548828125
59.0,3.0,3.0,0.03540396690368652
45.0,0.0,0.0,0.026415586471557617
44.0,2.0,2.0,0.020459413528442383
37.0,3.0,3.0,0.014564037322998047
127.0,12.0,12.0,0.05085349082946777
20.0,1.0,1.0,0.009013891220092773
62.0,7.0,7.0,0.027125835418701172
20.0,3.0,3.0,0.008997201919555664
28.0,1.0,1.0,0.013747215270996094
23.0,1.0,1.0,0.013649702072143555
61.0,6.0,6.0,0.024708271026611328
50.0,4.0,4.0,0.025656700134277344
22.0,1.0,1.0,0.009258747100830078
20.0,1.0,1.0,0.008951902389526367
32.0,1.0,1.0,0.016402244567871094
28.0,2.0,2.0,0.012900829315185547
18.0,2.0,2.0,0.007833003997802734
14.0,0.0,0.0,0.007295846939086914
21.0,3.0,3.0,0.009682893753051758
38.0,5.0,5.0,0.016579866409301758
46.0,6.0,6.0,0.020043373107910156
27.0,2.0,2.0,0.011514902114868164
12.0,0.0,0.0,0.00622105598449707
48.0,7.0,7.0,0.018316268920898438
72.0,9.0,9.0,0.03457331657409668
39.0,2.0,2.0,0.016453266143798828
14.0,2.0,2.0,0.0067408084869384766
17.0,3.0,3.0,0.00710606575012207
110.0,6.0,6.0,0.042128562927246094
14.0,3.0,3.0,0.006747007369995117
12.0,2.0,2.0,0.004825592041015625
12.0,0.0,0.0,0.004326581954956055
21.0,2.0,2.0,0.006201505661010742
54.0,2.0,2.0,0.019979000091552734
48.0,7.0,7.0,0.02071213722229004
114.0,14.0,14.0,0.04872274398803711
53.0,3.0,3.0,0.022955656051635742
27.0,2.0,2.0,0.011960744857788086
40.0,3.0,3.0,0.017851829528808594
13.0,0.0,0.0,0.0034906864166259766
32.0,1.0,1.0,0.021022319793701172
12.0,1.0,1.0,0.007103681564331055
17.0,0.0,0.0,0.006698131561279297
86.0,11.0,11.0,0.03611254692077637
19.0,0.0,0.0,0.008770942687988281
31.0,3.0,3.0,0.012720346450805664
37.0,5.0,5.0,0.01786351203918457
13.0,2.0,2.0,0.005682706832885742
22.0,1.0,1.0,0.010170221328735352
16.0,0.0,0.0,0.006030082702636719
54.0,5.0,5.0,0.022580385208129883
12.0,1.0,1.0,0.005690574645996094
23.0,1.0,1.0,0.010234355926513672
28.0,2.0,2.0,0.012338876724243164
14.0,0.0,0.0,0.006521940231323242
67.0,2.0,2.0,0.027556419372558594
34.0,4.0,4.0,0.013059139251708984
13.0,2.0,2.0,0.005047321319580078
22.0,1.0,1.0,0.00928497314453125
52.0,5.0,5.0,0.02331233024597168
23.0,7.0,7.0,0.009755849838256836
17.0,0.0,0.0,0.006797075271606445
38.0,11.0,11.0,0.016907930374145508
36.0,0.0,0.0,0.014080524444580078
18.0,0.0,0.0,0.00802755355834961
23.0,1.0,1.0,0.009166955947875977
12.0,1.0,1.0,0.005017518997192383
20.0,1.0,1.0,0.009718179702758789
19.0,1.0,1.0,0.007542848587036133
16.0,4.0,4.0,0.00553441047668457
17.0,5.0,5.0,0.0058536529541015625
28.0,7.0,7.0,0.011192560195922852
15.0,1.0,1.0,0.0067386627197265625
24.0,4.0,4.0,0.009594202041625977
44.0,2.0,2.0,0.01830887794494629
28.0,2.0,2.0,0.010942935943603516
15.0,0.0,0.0,0.005032539367675781
28.0,5.0,5.0,0.012569904327392578
48.0,6.0,6.0,0.016478538513183594
37.0,4.0,4.0,0.014860391616821289
19.0,2.0,2.0,0.006593465805053711
26.0,4.0,4.0,0.013818025588989258
16.0,2.0,2.0,0.006002187728881836
28.0,3.0,3.0,0.013839960098266602
64.0,10.0,10.0,0.024762868881225586
64.0,4.0,4.0,0.02902364730834961
18.0,3.0,3.0,0.007066249847412109
150.0,8.0,8.0,0.059172868728637695
14.0,0.0,0.0,0.006029844284057617
35.0,4.0,4.0,0.01617431640625
40.0,7.0,7.0,0.015402555465698242
16.0,1.0,1.0,0.006684541702270508
65.0,11.0,11.0,0.03187847137451172
56.0,0.0,0.0,0.019954919815063477
17.0,3.0,3.0,0.006155252456665039
18.0,2.0,2.0,0.00852346420288086
23.0,1.0,1.0,0.00901031494140625
95.0,5.0,5.0,0.04221653938293457
66.0,7.0,7.0,0.027785539627075195
34.0,1.0,1.0,0.015641212463378906
64.0,2.0,2.0,0.027390718460083008
26.0,4.0,4.0,0.013318061828613281
48.0,2.0,2.0,0.02073979377746582
93.0,11.0,11.0,0.039652347564697266
14.0,0.0,0.0,0.007172346115112305
29.0,5.0,5.0,0.010715961456298828
34.0,2.0,2.0,0.014183282852172852
22.0,2.0,2.0,0.008049249649047852
116.0,19.0,19.0,0.048709869384765625
14.0,0.0,0.0,0.005893707275390625
28.0,1.0,1.0,0.013965368270874023
32.0,2.0,2.0,0.013457298278808594
29.0,5.0,5.0,0.01089930534362793
12.0,0.0,0.0,0.00561213493347168
29.0,2.0,2.0,0.01200413703918457
44.0,4.0,4.0,0.019246339797973633
19.0,3.0,3.0,0.007816314697265625
25.0,2.0,2.0,0.010681867599487305
29.0,5.0,5.0,0.011928558349609375
13.0,0.0,0.0,0.006110429763793945
75.0,10.0,10.0,0.035953521728515625
13.0,0.0,0.0,0.004894256591796875
35.0,0.0,0.0,0.01625800132751465
32.0,1.0,1.0,0.014842987060546875
19.0,2.0,2.0,0.008836507797241211
64.0,11.0,11.0,0.027889490127563477
29.0,1.0,1.0,0.02074432373046875
19.0,1.0,1.0,0.013324499130249023
52.0,3.0,3.0,0.020611047744750977
79.0,4.0,4.0,0.035599470138549805
33.0,9.0,9.0,0.015251636505126953
11.0,0.0,0.0,0.003998517990112305
42.0,7.0,7.0,0.01730036735534668
22.0,1.0,1.0,0.008347511291503906
18.0,1.0,1.0,0.007082700729370117
59.0,2.0,2.0,0.02110743522644043
24.0,7.0,7.0,0.009698867797851562
45.0,3.0,3.0,0.019364595413208008
151.0,7.0,7.0,0.06448960304260254
51.0,11.0,11.0,0.019091129302978516
43.0,1.0,1.0,0.018812179565429688
26.0,1.0,1.0,0.01148223876953125
55.0,3.0,3.0,0.022282123565673828
53.0,8.0,8.0,0.0258023738861084
21.0,1.0,1.0,0.00825190544128418
13.0,3.0,3.0,0.005371570587158203
33.0,1.0,1.0,0.013128995895385742
49.0,7.0,7.0,0.01899576187133789
19.0,0.0,0.0,0.011280298233032227
29.0,4.0,4.0,0.015567302703857422
55.0,5.0,5.0,0.021907329559326172
85.0,5.0,5.0,0.03906559944152832
32.0,6.0,6.0,0.013232231140136719
39.0,3.0,3.0,0.016210556030273438
12.0,0.0,0.0,0.005200862884521484
40.0,4.0,4.0,0.013917207717895508
78.0,11.0,11.0,0.032918691635131836
39.0,5.0,5.0,0.013741254806518555
94.0,9.0,9.0,0.044091224670410156
12.0,1.0,1.0,0.00430607795715332
13.0,2.0,2.0,0.004999399185180664
114.0,6.0,6.0,0.05210113525390625
25.0,1.0,1.0,0.010888814926147461
16.0,1.0,1.0,0.006372690200805664
12.0,0.0,0.0,0.004171609878540039
25.0,2.0,2.0,0.01100611686706543
33.0,0.0,0.0,0.012654542922973633
67.0,8.0,8.0,0.025531530380249023
26.0,3.0,3.0,0.013913869857788086
53.0,5.0,5.0,0.019921541213989258
30.0,4.0,4.0,0.01239776611328125
33.0,2.0,2.0,0.016475677490234375
15.0,2.0,2.0,0.006590843200683594
63.0,8.0,8.0,0.0254061222076416
23.0,1.0,1.0,0.010254144668579102
22.0,7.0,7.0,0.012244224548339844
82.0,19.0,19.0,0.03141450881958008
11.0,0.0,0.0,0.005395412445068359
42.0,3.0,3.0,0.016397953033447266
48.0,4.0,4.0,0.021769285202026367
26.0,6.0,6.0,0.011721611022949219
17.0,0.0,0.0,0.007785320281982422
11.0,0.0,0.0,0.005591392517089844
11.0,0.0,0.0,0.0024755001068115234
17.0,0.0,0.0,0.005277872085571289
88.0,15.0,15.0,0.03608870506286621
100.0,11.0,11.0,0.04041171073913574
42.0,2.0,2.0,0.01549839973449707
51.0,5.0,5.0,0.019382238388061523
64.0,2.0,2.0,0.028257369995117188
20.0,1.0,1.0,0.010041236877441406
37.0,2.0,2.0,0.015100479125976562
18.0,1.0,1.0,0.006603717803955078
16.0,3.0,3.0,0.0051441192626953125
59.0,5.0,5.0,0.019129276275634766
61.0,2.0,2.0,0.023947954177856445
72.0,2.0,2.0,0.029182910919189453
43.0,4.0,4.0,0.01596975326538086
65.0,2.0,2.0,0.024238109588623047
33.0,3.0,3.0,0.01251220703125
12.0,0.0,0.0,0.0053327083587646484
51.0,7.0,7.0,0.022530078887939453
26.0,1.0,1.0,0.010286569595336914
12.0,0.0,0.0,0.004672527313232422
36.0,8.0,8.0,0.015700578689575195
13.0,1.0,1.0,0.004668235778808594
95.0,16.0,16.0,0.03704023361206055
46.0,4.0,4.0,0.022514820098876953
30.0,2.0,2.0,0.012958765029907227
22.0,4.0,4.0,0.009453296661376953
88.0,7.0,7.0,0.037638187408447266
36.0,4.0,4.0,0.016200780868530273
24.0,2.0,2.0,0.010528326034545898
26.0,6.0,6.0,0.012076139450073242
40.0,1.0,1.0,0.019269943237304688
55.0,5.0,5.0,0.020370006561279297
17.0,0.0,0.0,0.006153106689453125
18.0,4.0,4.0,0.009154081344604492
20.0,0.0,0.0,0.009921789169311523
52.0,5.0,5.0,0.020267486572265625
25.0,0.0,0.0,0.008716583251953125
62.0,9.0,9.0,0.025456905364990234
13.0,0.0,0.0,0.005009889602661133
12.0,1.0,1.0,0.004305362701416016
12.0,0.0,0.0,0.005322694778442383
13.0,1.0,1.0,0.007822513580322266
13.0,1.0,1.0,0.008260250091552734
28.0,1.0,1.0,0.01782822608947754
64.0,6.0,6.0,0.030788183212280273
35.0,3.0,3.0,0.013557910919189453
38.0,2.0,2.0,0.018512964248657227
17.0,0.0,0.0,0.0062444210052490234
89.0,6.0,6.0,0.036962270736694336
29.0,1.0,1.0,0.013303995132446289
24.0,3.0,3.0,0.011315345764160156
44.0,6.0,6.0,0.015480279922485352
58.0,1.0,1.0,0.02582550048828125
72.0,5.0,5.0,0.029053211212158203
33.0,3.0,3.0,0.014753580093383789
14.0,3.0,3.0,0.005783557891845703
19.0,1.0,1.0,0.008833646774291992
20.0,0.0,0.0,0.008433818817138672
19.0,2.0,2.0,0.007874727249145508
21.0,3.0,3.0,0.014088630676269531
14.0,1.0,1.0,0.009540081024169922
12.0,1.0,1.0,0.008669376373291016
16.0,1.0,1.0,0.009226322174072266
13.0,2.0,2.0,0.007180452346801758
13.0,0.0,0.0,0.005069732666015625
29.0,4.0,4.0,0.015288829803466797
52.0,1.0,1.0,0.020535707473754883
32.0,3.0,3.0,0.012794971466064453
80.0,4.0,4.0,0.029036760330200195
42.0,4.0,4.0,0.0181734561920166
47.0,2.0,2.0,0.021059036254882812
23.0,3.0,3.0,0.011756420135498047
68.0,5.0,5.0,0.030315160751342773
29.0,4.0,4.0,0.012623310089111328
89.0,12.0,12.0,0.03395247459411621
28.0,1.0,1.0,0.012339115142822266
29.0,8.0,8.0,0.01247262954711914
29.0,2.0,2.0,0.01277303695678711
21.0,3.0,3.0,0.008788108825683594
82.0,7.0,7.0,0.03342485427856445
15.0,4.0,4.0,0.0064697265625
22.0,2.0,2.0,0.008371114730834961
20.0,2.0,2.0,0.008357763290405273
12.0,1.0,1.0,0.006241559982299805
31.0,1.0,1.0,0.01468038558959961
53.0,6.0,6.0,0.020277976989746094
105.0,3.0,3.0,0.05584430694580078
12.0,0.0,0.0,0.005994558334350586
56.0,11.0,11.0,0.0223696231842041
40.0,5.0,5.0,0.018492698669433594
28.0,0.0,0.0,0.012804985046386719
29.0,3.0,3.0,0.011662960052490234
14.0,0.0,0.0,0.0061113834381103516
19.0,3.0,3.0,0.010164976119995117
52.0,4.0,4.0,0.023524045944213867
42.0,5.0,5.0,0.020052433013916016
35.0,0.0,0.0,0.015167474746704102
28.0,5.0,5.0,0.013319730758666992
15.0,4.0,4.0,0.006562948226928711
41.0,5.0,5.0,0.020573854446411133
22.0,1.0,1.0,0.009210824966430664
16.0,2.0,2.0,0.007102489471435547
11.0,0.0,0.0,0.004518032073974609
39.0,6.0,6.0,0.01908278465270996
18.0,1.0,1.0,0.0077435970306396484
26.0,3.0,3.0,0.012608528137207031
111.0,15.0,15.0,0.07498979568481445
39.0,5.0,5.0,0.02057051658630371
25.0,0.0,0.0,0.014375925064086914
13.0,1.0,1.0,0.006002902984619141
40.0,1.0,1.0,0.022363662719726562
45.0,2.0,2.0,0.021028995513916016
36.0,2.0,2.0,0.016624927520751953
43.0,10.0,10.0,0.025551795959472656
24.0,0.0,0.0,0.008588314056396484
31.0,1.0,1.0,0.012058258056640625
12.0,1.0,1.0,0.0047762393951416016
18.0,0.0,0.0,0.005475521087646484
16.0,0.0,0.0,0.006005764007568359
14.0,0.0,0.0,0.005074977874755859
19.0,4.0,4.0,0.01140141487121582
26.0,5.0,5.0,0.009649038314819336
54.0,4.0,4.0,0.021403074264526367
52.0,6.0,6.0,0.0183868408203125
127.0,15.0,15.0,0.06711554527282715
17.0,0.0,0.0,0.0075397491455078125
44.0,3.0,3.0,0.016557931900024414
21.0,3.0,3.0,0.008025646209716797
28.0,3.0,3.0,0.013667583465576172
67.0,10.0,10.0,0.024512529373168945
47.0,3.0,3.0,0.025265932083129883
13.0,2.0,2.0,0.005594015121459961
11.0,0.0,0.0,0.005200862884521484
20.0,0.0,0.0,0.010278701782226562
54.0,3.0,3.0,0.02352452278137207
16.0,0.0,0.0,0.006884574890136719
19.0,4.0,4.0,0.008329153060913086
36.0,2.0,2.0,0.01604771614074707
24.0,1.0,1.0,0.012268304824829102
28.0,0.0,0.0,0.01712822914123535
89.0,18.0,18.0,0.038216590881347656
21.0,5.0,5.0,0.008138656616210938
30.0,6.0,6.0,0.013276815414428711
16.0,4.0,4.0,0.006134986877441406
57.0,7.0,7.0,0.024631738662719727
23.0,0.0,0.0,0.009361982345581055
35.0,2.0,2.0,0.01637721061706543
14.0,1.0,1.0,0.00611424446105957
84.0,6.0,6.0,0.03834795951843262
26.0,3.0,3.0,0.010422468185424805
70.0,11.0,11.0,0.030177831649780273
45.0,5.0,5.0,0.015264034271240234
14.0,0.0,0.0,0.0048596858978271484
40.0,4.0,4.0,0.018767118453979492
17.0,1.0,1.0,0.006950855255126953
39.0,5.0,5.0,0.016327857971191406
54.0,7.0,7.0,0.0231935977935791
23.0,2.0,2.0,0.009774208068847656
50.0,0.0,0.0,0.022407054901123047
77.0,6.0,6.0,0.03085470199584961
15.0,1.0,1.0,0.008112668991088867
30.0,3.0,3.0,0.013468742370605469
12.0,0.0,0.0,0.005015850067138672
149.0,11.0,11.0,0.061240434646606445
18.0,2.0,2.0,0.007762908935546875
12.0,0.0,0.0,0.005229473114013672
49.0,4.0,4.0,0.019542455673217773
104.0,12.0,12.0,0.04644894599914551
125.0,7.0,7.0,0.053269147872924805
79.0,9.0,9.0,0.033553123474121094
31.0,1.0,1.0,0.010505914688110352
23.0,1.0,1.0,0.009002447128295898
30.0,6.0,6.0,0.012478351593017578
149.0,16.0,16.0,0.07473134994506836
22.0,2.0,2.0,0.009125232696533203
17.0,0.0,0.0,0.0069484710693359375
35.0,3.0,3.0,0.012907743453979492
73.0,2.0,2.0,0.029079437255859375
12.0,1.0,1.0,0.004812002182006836
24.0,1.0,1.0,0.01062154769897461
99.0,5.0,5.0,0.03958916664123535
61.0,7.0,7.0,0.02361750602722168
117.0,12.0,12.0,0.04475212097167969
71.0,9.0,9.0,0.03444981575012207
45.0,6.0,6.0,0.01752305030822754
19.0,1.0,1.0,0.007300853729248047
82.0,8.0,8.0,0.032558441162109375
14.0,1.0,1.0,0.005929470062255859
15.0,0.0,0.0,0.006998300552368164
22.0,1.0,1.0,0.00899815559387207
13.0,0.0,0.0,0.004174709320068359
16.0,0.0,0.0,0.0063512325286865234
25.0,5.0,5.0,0.010221004486083984
87.0,4.0,4.0,0.03632760047912598
15.0,3.0,3.0,0.00500941276550293
12.0,0.0,0.0,0.0060024261474609375
51.0,5.0,5.0,0.01902008056640625
63.0,1.0,1.0,0.023510217666625977
31.0,3.0,3.0,0.01177072525024414
48.0,0.0,0.0,0.02063918113708496
18.0,3.0,3.0,0.010654687881469727
31.0,6.0,6.0,0.012535333633422852
53.0,1.0,1.0,0.021736860275268555
29.0,3.0,3.0,0.011135339736938477
19.0,1.0,1.0,0.008690595626831055
15.0,3.0,3.0,0.005200386047363281
59.0,8.0,8.0,0.023040771484375
33.0,3.0,3.0,0.017301559448242188
19.0,1.0,1.0,0.00950169563293457
24.0,1.0,1.0,0.010850906372070312
25.0,7.0,7.0,0.009901285171508789
18.0,1.0,1.0,0.008784294128417969
41.0,5.0,5.0,0.017699718475341797
61.0,3.0,3.0,0.023733139038085938
27.0,1.0,1.0,0.01429891586303711
18.0,3.0,3.0,0.00859689712524414
12.0,1.0,1.0,0.004998445510864258
107.0,8.0,8.0,0.04379463195800781
30.0,2.0,2.0,0.012151718139648438
21.0,1.0,1.0,0.008815288543701172
41.0,0.0,0.0,0.015576601028442383
58.0,3.0,3.0,0.023853540420532227
81.0,14.0,14.0,0.03990602493286133
38.0,2.0,2.0,0.018594980239868164
32.0,5.0,5.0,0.012841224670410156
44.0,2.0,2.0,0.016999244689941406
19.0,0.0,0.0,0.008196353912353516
46.0,9.0,9.0,0.01991748809814453
20.0,2.0,2.0,0.008511066436767578
16.0,2.0,2.0,0.0055468082427978516
31.0,1.0,1.0,0.011958837509155273
44.0,3.0,3.0,0.023344993591308594
72.0,4.0,4.0,0.03252220153808594
50.0,10.0,10.0,0.019705772399902344
13.0,2.0,2.0,0.0059964656829833984
34.0,1.0,1.0,0.013873815536499023
86.0,7.0,7.0,0.03126120567321777
11.0,0.0,0.0,0.004632472991943359
30.0,1.0,1.0,0.010669231414794922
24.0,0.0,0.0,0.010216474533081055
16.0,0.0,0.0,0.00668025016784668
53.0,8.0,8.0,0.03213906288146973
20.0,2.0,2.0,0.008515596389770508
25.0,4.0,4.0,0.011844873428344727
41.0,3.0,3.0,0.022509098052978516
13.0,2.0,2.0,0.00648808479309082
31.0,2.0,2.0,0.014000892639160156
21.0,2.0,2.0,0.011002779006958008
13.0,0.0,0.0,0.007410526275634766
12.0,0.0,0.0,0.00790262222290039
114.0,18.0,18.0,0.06580948829650879
37.0,0.0,0.0,0.017971277236938477
40.0,3.0,3.0,0.026059389114379883
17.0,2.0,2.0,0.010032176971435547
17.0,1.0,1.0,0.010783672332763672
14.0,1.0,1.0,0.006467103958129883
14.0,0.0,0.0,0.0076406002044677734
43.0,4.0,4.0,0.02210068702697754
38.0,1.0,1.0,0.016352176666259766
12.0,0.0,0.0,0.0038394927978515625
49.0,2.0,2.0,0.0221102237701416
47.0,5.0,5.0,0.02107405662536621
37.0,6.0,6.0,0.017618894577026367
23.0,3.0,3.0,0.010002613067626953
140.0,19.0,19.0,0.05910158157348633
40.0,1.0,1.0,0.017376184463500977
26.0,0.0,0.0,0.01127481460571289
36.0,1.0,1.0,0.017927885055541992
17.0,2.0,2.0,0.00787663459777832
34.0,3.0,3.0,0.015746593475341797
12.0,1.0,1.0,0.006566762924194336
79.0,7.0,7.0,0.03337693214416504
12.0,0.0,0.0,0.006031036376953125
29.0,3.0,3.0,0.010977506637573242
20.0,2.0,2.0,0.007869958877563477
123.0,12.0,12.0,0.05625629425048828
36.0,4.0,4.0,0.015619993209838867
20.0,1.0,1.0,0.007088422775268555
74.0,3.0,3.0,0.03016185760498047
11.0,0.0,0.0,0.0034978389739990234
30.0,5.0,5.0,0.015233755111694336
13.0,0.0,0.0,0.007543087005615234
24.0,2.0,2.0,0.012014150619506836
87.0,8.0,8.0,0.03570675849914551
17.0,0.0,0.0,0.007006168365478516
18.0,1.0,1.0,0.007851600646972656
28.0,2.0,2.0,0.01058340072631836
52.0,9.0,9.0,0.02389073371887207
28.0,2.0,2.0,0.01293635368347168
30.0,3.0,3.0,0.016308069229125977
89.0,9.0,9.0,0.04463982582092285
17.0,2.0,2.0,0.009690046310424805
27.0,3.0,3.0,0.012485980987548828
18.0,0.0,0.0,0.007992982864379883
15.0,2.0,2.0,0.006987571716308594
13.0,0.0,0.0,0.005604982376098633
54.0,6.0,6.0,0.023160696029663086
25.0,2.0,2.0,0.011105537414550781
11.0,0.0,0.0,0.005754947662353516
23.0,4.0,4.0,0.01117253303527832
11.0,0.0,0.0,0.0050106048583984375
44.0,1.0,1.0,0.019535064697265625
49.0,8.0,8.0,0.023385047912597656
41.0,1.0,1.0,0.016240835189819336
11.0,0.0,0.0,0.004999876022338867
15.0,0.0,0.0,0.00699925422668457
60.0,6.0,6.0,0.02517843246459961
60.0,4.0,4.0,0.03364109992980957
86.0,8.0,8.0,0.03758597373962402
17.0,1.0,1.0,0.008453130722045898
20.0,6.0,6.0,0.012102603912353516
80.0,6.0,6.0,0.045612335205078125
22.0,1.0,1.0,0.011799335479736328
27.0,5.0,5.0,0.01389932632446289
65.0,12.0,12.0,0.023873329162597656
35.0,0.0,0.0,0.013385295867919922
139.0,13.0,13.0,0.0613100528717041
11.0,1.0,1.0,0.0036902427673339844
21.0,0.0,0.0,0.010709285736083984
13.0,0.0,0.0,0.005038022994995117
94.0,6.0,6.0,0.03972268104553223
12.0,0.0,0.0,0.005227565765380859
65.0,5.0,5.0,0.026648283004760742
92.0,11.0,11.0,0.03704547882080078
27.0,0.0,0.0,0.011996269226074219
15.0,1.0,1.0,0.006002902984619141
29.0,3.0,3.0,0.013633489608764648
49.0,6.0,6.0,0.02288031578063965
14.0,2.0,2.0,0.008385419845581055
44.0,3.0,3.0,0.017574787139892578
63.0,7.0,7.0,0.02654862403869629
16.0,0.0,0.0,0.007030963897705078
42.0,5.0,5.0,0.015102148056030273
39.0,2.0,2.0,0.01677989959716797
34.0,3.0,3.0,0.016567707061767578
32.0,7.0,7.0,0.014893054962158203
35.0,5.0,5.0,0.015599489212036133
21.0,0.0,0.0,0.007802724838256836
39.0,2.0,2.0,0.01934361457824707
16.0,3.0,3.0,0.007158041000366211
11.0,0.0,0.0,0.004992961883544922
26.0,3.0,3.0,0.012353181838989258
15.0,0.0,0.0,0.008308172225952148
24.0,5.0,5.0,0.011343002319335938
163.0,5.0,5.0,0.0722804069519043
30.0,5.0,5.0,0.013598442077636719
16.0,1.0,1.0,0.006684303283691406
46.0,7.0,7.0,0.020927906036376953
35.0,1.0,1.0,0.01420140266418457
21.0,4.0,4.0,0.00954890251159668
43.0,5.0,5.0,0.020374298095703125
26.0,0.0,0.0,0.01128387451171875
130.0,17.0,17.0,0.05657362937927246
29.0,5.0,5.0,0.011553525924682617
15.0,0.0,0.0,0.007447004318237305
76.0,7.0,7.0,0.02979421615600586
11.0,0.0,0.0,0.004054546356201172
11.0,0.0,0.0,0.004012107849121094
13.0,0.0,0.0,0.00500178337097168
105.0,15.0,15.0,0.04315304756164551
21.0,0.0,0.0,0.00887441635131836
74.0,3.0,3.0,0.02808833122253418
34.0,7.0,7.0,0.01236581802368164
15.0,0.0,0.0,0.0060083866119384766
29.0,0.0,0.0,0.012759923934936523
30.0,4.0,4.0,0.010001182556152344
23.0,4.0,4.0,0.009377002716064453
29.0,3.0,3.0,0.010794639587402344
20.0,3.0,3.0,0.006494760513305664
65.0,6.0,6.0,0.023862361907958984
48.0,2.0,2.0,0.018528461456298828
21.0,4.0,4.0,0.008000850677490234
15.0,1.0,1.0,0.0060214996337890625
30.0,4.0,4.0,0.011428594589233398
44.0,3.0,3.0,0.018526792526245117
51.0,1.0,1.0,0.0236661434173584
24.0,2.0,2.0,0.010015487670898438
66.0,6.0,6.0,0.025809526443481445
45.0,4.0,4.0,0.01743602752685547
48.0,1.0,1.0,0.0209805965423584
48.0,1.0,1.0,0.022609472274780273
31.0,5.0,5.0,0.014798164367675781
12.0,1.0,1.0,0.00599980354309082
25.0,0.0,0.0,0.009375810623168945
16.0,0.0,0.0,0.007558345794677734
16.0,3.0,3.0,0.005219697952270508
63.0,5.0,5.0,0.023416519165039062
51.0,10.0,10.0,0.020305633544921875
47.0,1.0,1.0,0.03015279769897461
17.0,0.0,0.0,0.008720874786376953
124.0,8.0,8.0,0.05173349380493164
28.0,4.0,4.0,0.012669563293457031
36.0,0.0,0.0,0.015348672866821289
61.0,2.0,2.0,0.02778768539428711
24.0,2.0,2.0,0.011240005493164062
23.0,6.0,6.0,0.008296966552734375
13.0,1.0,1.0,0.005196571350097656
82.0,6.0,6.0,0.03945302963256836
58.0,4.0,4.0,0.032486915588378906
17.0,1.0,1.0,0.008339405059814453
11.0,0.0,0.0,0.004151821136474609
59.0,8.0,8.0,0.04521036148071289
22.0,1.0,1.0,0.015487432479858398
55.0,8.0,8.0,0.027944564819335938
13.0,0.0,0.0,0.006337881088256836
20.0,7.0,7.0,0.007840633392333984
51.0,5.0,5.0,0.021324872970581055
72.0,5.0,5.0,0.03450465202331543
47.0,6.0,6.0,0.02106642723083496
16.0,0.0,0.0,0.007008790969848633
13.0,0.0,0.0,0.005972623825073242
34.0,2.0,2.0,0.018715858459472656
16.0,2.0,2.0,0.009996652603149414
22.0,1.0,1.0,0.010001182556152344
35.0,3.0,3.0,0.018413066864013672
25.0,2.0,2.0,0.011506319046020508
18.0,3.0,3.0,0.007063388824462891
34.0,6.0,6.0,0.016242265701293945
17.0,2.0,2.0,0.007512569427490234
16.0,0.0,0.0,0.007332801818847656
17.0,0.0,0.0,0.0076503753662109375
13.0,1.0,1.0,0.00591731071472168
22.0,0.0,0.0,0.009202957153320312
73.0,6.0,6.0,0.027932167053222656
53.0,3.0,3.0,0.023923873901367188
14.0,2.0,2.0,0.006094932556152344
27.0,4.0,4.0,0.011005401611328125
14.0,2.0,2.0,0.008061408996582031
11.0,0.0,0.0,0.0040013790130615234
28.0,3.0,3.0,0.010892152786254883
40.0,0.0,0.0,0.016079425811767578
49.0,2.0,2.0,0.01866006851196289
44.0,4.0,4.0,0.015411376953125
28.0,1.0,1.0,0.01367044448852539
17.0,2.0,2.0,0.006992816925048828
14.0,0.0,0.0,0.006009578704833984
13.0,3.0,3.0,0.004998445510864258
48.0,3.0,3.0,0.020172119140625
19.0,3.0,3.0,0.007511615753173828
14.0,0.0,0.0,0.007002115249633789
33.0,5.0,5.0,0.012000799179077148
55.0,13.0,13.0,0.02470231056213379
80.0,14.0,14.0,0.03420829772949219
26.0,1.0,1.0,0.01060938835144043
28.0,2.0,2.0,0.010358095169067383
33.0,5.0,5.0,0.01350712776184082
75.0,4.0,4.0,0.030033349990844727
21.0,2.0,2.0,0.007470607757568359
29.0,1.0,1.0,0.011199474334716797
18.0,2.0,2.0,0.008574485778808594
45.0,2.0,2.0,0.017607688903808594
38.0,4.0,4.0,0.014242410659790039
44.0,4.0,4.0,0.017387866973876953
36.0,4.0,4.0,0.013280868530273438
29.0,3.0,3.0,0.010343551635742188
11.0,1.0,1.0,0.004312276840209961
86.0,6.0,6.0,0.03766632080078125
18.0,2.0,2.0,0.007821798324584961
15.0,1.0,1.0,0.00599980354309082
13.0,1.0,1.0,0.005522251129150391
41.0,4.0,4.0,0.019012451171875
16.0,2.0,2.0,0.006719350814819336
27.0,0.0,0.0,0.01145315170288086
56.0,6.0,6.0,0.020912885665893555
21.0,5.0,5.0,0.006552457809448242
11.0,0.0,0.0,0.004042148590087891
38.0,4.0,4.0,0.014930963516235352
62.0,10.0,10.0,0.026600360870361328
44.0,6.0,6.0,0.02117300033569336
32.0,4.0,4.0,0.013824462890625
102.0,6.0,6.0,0.0421755313873291
18.0,1.0,1.0,0.007742404937744141
41.0,3.0,3.0,0.016535043716430664
11.0,0.0,0.0,0.006703853607177734
18.0,1.0,1.0,0.0075223445892333984
24.0,3.0,3.0,0.009002923965454102
13.0,3.0,3.0,0.004378557205200195
21.0,6.0,6.0,0.008015632629394531
11.0,0.0,0.0,0.007008790969848633
34.0,3.0,3.0,0.015256881713867188
36.0,10.0,10.0,0.014817476272583008
68.0,6.0,6.0,0.02971053123474121
12.0,0.0,0.0,0.004005908966064453
114.0,6.0,6.0,0.04746294021606445
12.0,1.0,1.0,0.005002260208129883
15.0,2.0,2.0,0.0077626705169677734
54.0,3.0,3.0,0.017887115478515625
66.0,1.0,1.0,0.024648666381835938
96.0,10.0,10.0,0.040253400802612305
18.0,4.0,4.0,0.00615692138671875
34.0,1.0,1.0,0.014352560043334961
37.0,5.0,5.0,0.015084981918334961
38.0,7.0,7.0,0.014875411987304688
12.0,0.0,0.0,0.004034996032714844
53.0,4.0,4.0,0.020891189575195312
20.0,1.0,1.0,0.00921320915222168
58.0,3.0,3.0,0.022550106048583984
37.0,3.0,3.0,0.013181447982788086
42.0,3.0,3.0,0.015497922897338867
26.0,2.0,2.0,0.009178876876831055
18.0,7.0,7.0,0.007012367248535156
17.0,1.0,1.0,0.007698774337768555
24.0,0.0,0.0,0.010144948959350586
189.0,16.0,16.0,0.07667326927185059
21.0,1.0,1.0,0.009655475616455078
25.0,3.0,3.0,0.014513492584228516
54.0,4.0,4.0,0.04001975059509277
24.0,0.0,0.0,0.010140657424926758
38.0,4.0,4.0,0.018444061279296875
14.0,1.0,1.0,0.006043434143066406
114.0,16.0,16.0,0.03269195556640625
19.0,2.0,2.0,0.004997968673706055
32.0,1.0,1.0,0.009884357452392578
19.0,1.0,1.0,0.006564617156982422
19.0,1.0,1.0,0.003997802734375
11.0,0.0,0.0,0.0029981136322021484
53.0,1.0,1.0,0.014153242111206055
11.0,0.0,0.0,0.003580331802368164
22.0,2.0,2.0,0.005999565124511719
60.0,8.0,8.0,0.016551733016967773
39.0,4.0,4.0,0.011999845504760742
20.0,2.0,2.0,0.0060002803802490234
23.0,2.0,2.0,0.010000228881835938
13.0,0.0,0.0,0.00439143180847168
22.0,3.0,3.0,0.007383823394775391
148.0,6.0,6.0,0.038454294204711914
30.0,5.0,5.0,0.008298158645629883
32.0,4.0,4.0,0.007534027099609375
49.0,6.0,6.0,0.012568473815917969
28.0,3.0,3.0,0.007518768310546875
57.0,3.0,3.0,0.015603780746459961
30.0,3.0,3.0,0.007993459701538086
28.0,3.0,3.0,0.007247447967529297
31.0,2.0,2.0,0.009057998657226562
84.0,5.0,5.0,0.023038148880004883
24.0,2.0,2.0,0.008113384246826172
30.0,3.0,3.0,0.006995677947998047
54.0,1.0,1.0,0.022477149963378906
25.0,1.0,1.0,0.00961446762084961
27.0,1.0,1.0,0.010227441787719727
37.0,4.0,4.0,0.01546025276184082
23.0,3.0,3.0,0.0067598819732666016
25.0,1.0,1.0,0.00804281234741211
49.0,7.0,7.0,0.01823878288269043
26.0,4.0,4.0,0.008053779602050781
77.0,3.0,3.0,0.025365352630615234
21.0,5.0,5.0,0.007441520690917969
20.0,2.0,2.0,0.005240917205810547
11.0,0.0,0.0,0.0037636756896972656
48.0,2.0,2.0,0.015573978424072266
12.0,0.0,0.0,0.0037055015563964844
223.0,28.0,28.0,0.051897287368774414
17.0,1.0,1.0,0.005003452301025391
41.0,1.0,1.0,0.014007329940795898
17.0,1.0,1.0,0.005585193634033203
37.0,6.0,6.0,0.009999990463256836
22.0,2.0,2.0,0.006999969482421875
46.0,4.0,4.0,0.012708902359008789
48.0,5.0,5.0,0.01118159294128418
14.0,0.0,0.0,0.0027844905853271484
15.0,2.0,2.0,0.005639076232910156
66.0,6.0,6.0,0.01709747314453125
29.0,1.0,1.0,0.007517814636230469
13.0,0.0,0.0,0.002585887908935547
11.0,0.0,0.0,0.0030655860900878906
30.0,5.0,5.0,0.006674289703369141
13.0,1.0,1.0,0.002997875213623047
40.0,1.0,1.0,0.01004791259765625
41.0,2.0,2.0,0.009997844696044922
28.0,1.0,1.0,0.0068585872650146484
52.0,6.0,6.0,0.012000083923339844
41.0,1.0,1.0,0.010000228881835938
13.0,2.0,2.0,0.00299835205078125
38.0,12.0,12.0,0.009004831314086914
27.0,1.0,1.0,0.005999565124511719
11.0,0.0,0.0,0.002997875213623047
12.0,0.0,0.0,0.004010915756225586
12.0,0.0,0.0,0.003996849060058594
17.0,1.0,1.0,0.003999233245849609
66.0,6.0,6.0,0.016000986099243164
61.0,3.0,3.0,0.015098333358764648
47.0,6.0,6.0,0.013262510299682617
17.0,1.0,1.0,0.0050008296966552734
46.0,6.0,6.0,0.015015125274658203
22.0,3.0,3.0,0.005147457122802734
16.0,1.0,1.0,0.003998279571533203
15.0,4.0,4.0,0.0029985904693603516
18.0,5.0,5.0,0.005486011505126953
51.0,8.0,8.0,0.012934446334838867
20.0,4.0,4.0,0.005502939224243164
12.0,0.0,0.0,0.003996610641479492
33.0,3.0,3.0,0.011208534240722656
20.0,1.0,1.0,0.0045299530029296875
23.0,2.0,2.0,0.005547046661376953
30.0,4.0,4.0,0.008933305740356445
51.0,3.0,3.0,0.014209270477294922
93.0,4.0,4.0,0.02516937255859375
58.0,5.0,5.0,0.014877557754516602
37.0,0.0,0.0,0.011258840560913086
50.0,4.0,4.0,0.01269388198852539
43.0,2.0,2.0,0.012187719345092773
56.0,3.0,3.0,0.015506744384765625
32.0,1.0,1.0,0.009511470794677734
26.0,5.0,5.0,0.008291244506835938
36.0,1.0,1.0,0.01093149185180664
17.0,2.0,2.0,0.009525775909423828
39.0,1.0,1.0,0.019618511199951172
15.0,1.0,1.0,0.005529642105102539
12.0,0.0,0.0,0.005059480667114258
59.0,11.0,11.0,0.02150440216064453
18.0,1.0,1.0,0.00789785385131836
16.0,0.0,0.0,0.004997730255126953
16.0,2.0,2.0,0.004752159118652344
26.0,0.0,0.0,0.009481191635131836
63.0,2.0,2.0,0.020291566848754883
12.0,2.0,2.0,0.005444049835205078
24.0,1.0,1.0,0.00847172737121582
31.0,2.0,2.0,0.008905887603759766
13.0,0.0,0.0,0.0038290023803710938
26.0,2.0,2.0,0.007071018218994141
24.0,0.0,0.0,0.009093523025512695
47.0,4.0,4.0,0.015976667404174805
23.0,5.0,5.0,0.007866621017456055
53.0,5.0,5.0,0.01279306411743164
30.0,5.0,5.0,0.006998538970947266
59.0,7.0,7.0,0.01517033576965332
28.0,5.0,5.0,0.009670495986938477
39.0,9.0,9.0,0.010508060455322266
26.0,2.0,2.0,0.007140159606933594
19.0,2.0,2.0,0.005298137664794922
15.0,2.0,2.0,0.00635528564453125
153.0,15.0,15.0,0.041924476623535156
14.0,3.0,3.0,0.003826141357421875
23.0,1.0,1.0,0.006609916687011719
32.0,3.0,3.0,0.008889436721801758
21.0,3.0,3.0,0.0065155029296875
35.0,4.0,4.0,0.0103759765625
36.0,0.0,0.0,0.010379552841186523
85.0,6.0,6.0,0.025644779205322266
34.0,3.0,3.0,0.00954294204711914
28.0,1.0,1.0,0.007504463195800781
41.0,2.0,2.0,0.010797500610351562
17.0,1.0,1.0,0.003998994827270508
22.0,2.0,2.0,0.0076525211334228516
47.0,4.0,4.0,0.012817144393920898
53.0,7.0,7.0,0.01416921615600586
81.0,8.0,8.0,0.023486852645874023
18.0,0.0,0.0,0.006351947784423828
52.0,7.0,7.0,0.013848304748535156
12.0,1.0,1.0,0.0027878284454345703
11.0,0.0,0.0,0.0030982494354248047
22.0,4.0,4.0,0.005728244781494141
36.0,2.0,2.0,0.010376691818237305
57.0,5.0,5.0,0.014608621597290039
21.0,1.0,1.0,0.006100893020629883
86.0,10.0,10.0,0.021823406219482422
77.0,3.0,3.0,0.0216524600982666
20.0,0.0,0.0,0.005104780197143555
19.0,1.0,1.0,0.004007816314697266
47.0,3.0,3.0,0.011074066162109375
43.0,10.0,10.0,0.011307954788208008
40.0,5.0,5.0,0.009998083114624023
67.0,3.0,3.0,0.016512155532836914
36.0,6.0,6.0,0.009215831756591797
54.0,4.0,4.0,0.01419210433959961
45.0,1.0,1.0,0.010550260543823242
22.0,4.0,4.0,0.006999969482421875
28.0,2.0,2.0,0.007999658584594727
44.0,1.0,1.0,0.014000177383422852
26.0,2.0,2.0,0.007999897003173828
53.0,1.0,1.0,0.015999794006347656
98.0,5.0,5.0,0.03263211250305176
21.0,2.0,2.0,0.0046350955963134766
38.0,1.0,1.0,0.008975505828857422
70.0,14.0,14.0,0.01827406883239746
21.0,2.0,2.0,0.006012439727783203
36.0,4.0,4.0,0.00940251350402832
49.0,7.0,7.0,0.017065763473510742
38.0,2.0,2.0,0.015755653381347656
132.0,15.0,15.0,0.06600570678710938
22.0,0.0,0.0,0.0050585269927978516
77.0,9.0,9.0,0.017975807189941406
63.0,8.0,8.0,0.01451563835144043
55.0,6.0,6.0,0.01327657699584961
12.0,0.0,0.0,0.0029931068420410156
24.0,6.0,6.0,0.005924224853515625
13.0,1.0,1.0,0.004000663757324219
66.0,6.0,6.0,0.01631927490234375
26.0,3.0,3.0,0.007094621658325195
13.0,0.0,0.0,0.004514217376708984
67.0,11.0,11.0,0.02004265785217285
15.0,0.0,0.0,0.004881381988525391
14.0,2.0,2.0,0.0039997100830078125
27.0,1.0,1.0,0.0069997310638427734
32.0,2.0,2.0,0.00917506217956543
40.0,8.0,8.0,0.011707067489624023
13.0,0.0,0.0,0.003064393997192383
88.0,8.0,8.0,0.02375197410583496
118.0,12.0,12.0,0.03355097770690918
23.0,4.0,4.0,0.006560087203979492
15.0,1.0,1.0,0.004030466079711914
53.0,8.0,8.0,0.013735532760620117
33.0,1.0,1.0,0.007997274398803711
26.0,1.0,1.0,0.006997346878051758
56.0,5.0,5.0,0.014002323150634766
78.0,8.0,8.0,0.020043373107910156
78.0,1.0,1.0,0.02058553695678711
14.0,1.0,1.0,0.0039997100830078125
20.0,2.0,2.0,0.004999876022338867
48.0,1.0,1.0,0.01399993896484375
36.0,2.0,2.0,0.018000125885009766
19.0,0.0,0.0,0.009000062942504883
24.0,3.0,3.0,0.012999773025512695
41.0,3.0,3.0,0.018631935119628906
32.0,5.0,5.0,0.009601831436157227
46.0,8.0,8.0,0.012572050094604492
35.0,8.0,8.0,0.011291027069091797
21.0,5.0,5.0,0.007194042205810547
25.0,3.0,3.0,0.008062362670898438
30.0,6.0,6.0,0.009752273559570312
22.0,3.0,3.0,0.007097721099853516
101.0,11.0,11.0,0.0308992862701416
44.0,1.0,1.0,0.012175559997558594
20.0,0.0,0.0,0.0044596195220947266
43.0,1.0,1.0,0.013064861297607422
22.0,1.0,1.0,0.006560564041137695
18.0,2.0,2.0,0.003999233245849609
34.0,1.0,1.0,0.008999824523925781
19.0,1.0,1.0,0.004997730255126953
32.0,2.0,2.0,0.013527393341064453
14.0,0.0,0.0,0.015162944793701172
33.0,2.0,2.0,0.008199453353881836
14.0,2.0,2.0,0.003017425537109375
54.0,7.0,7.0,0.017804622650146484
17.0,3.0,3.0,0.008019685745239258
92.0,7.0,7.0,0.032135963439941406
29.0,0.0,0.0,0.008072853088378906
37.0,4.0,4.0,0.009386062622070312
17.0,3.0,3.0,0.00455784797668457
82.0,2.0,2.0,0.021711111068725586
30.0,4.0,4.0,0.0077745914459228516
50.0,5.0,5.0,0.013473272323608398
15.0,2.0,2.0,0.004058837890625
18.0,3.0,3.0,0.0044710636138916016
21.0,1.0,1.0,0.005232810974121094
31.0,5.0,5.0,0.007549762725830078
75.0,10.0,10.0,0.01922464370727539
67.0,7.0,7.0,0.016190290451049805
32.0,0.0,0.0,0.007683992385864258
13.0,0.0,0.0,0.002997159957885742
65.0,13.0,13.0,0.0161745548248291
76.0,6.0,6.0,0.019926786422729492
18.0,4.0,4.0,0.004223346710205078
103.0,9.0,9.0,0.027034521102905273
29.0,3.0,3.0,0.0069959163665771484
32.0,2.0,2.0,0.00699925422668457
95.0,7.0,7.0,0.02331829071044922
29.0,0.0,0.0,0.009350061416625977
21.0,2.0,2.0,0.004997968673706055
11.0,0.0,0.0,0.002997875213623047
28.0,2.0,2.0,0.006725311279296875
14.0,0.0,0.0,0.003520965576171875
32.0,2.0,2.0,0.007997989654541016
69.0,6.0,6.0,0.016998291015625
18.0,3.0,3.0,0.0047338008880615234
16.0,1.0,1.0,0.005358695983886719
27.0,3.0,3.0,0.005791902542114258
53.0,8.0,8.0,0.01281285285949707
42.0,3.0,3.0,0.011510610580444336
20.0,2.0,2.0,0.00492405891418457
33.0,1.0,1.0,0.00820779800415039
118.0,9.0,9.0,0.03049778938293457
18.0,1.0,1.0,0.005494356155395508
13.0,0.0,0.0,0.0045795440673828125
19.0,8.0,8.0,0.0056610107421875
14.0,0.0,0.0,0.003509998321533203
29.0,2.0,2.0,0.007111787796020508
49.0,3.0,3.0,0.012700080871582031
33.0,1.0,1.0,0.00759577751159668
27.0,4.0,4.0,0.00667262077331543
13.0,0.0,0.0,0.0025053024291992188
19.0,0.0,0.0,0.0052187442779541016
11.0,0.0,0.0,0.0027990341186523438
20.0,2.0,2.0,0.005066633224487305
24.0,0.0,0.0,0.0062334537506103516
69.0,3.0,3.0,0.017043590545654297
37.0,3.0,3.0,0.009124279022216797
19.0,2.0,2.0,0.0051882266998291016
49.0,1.0,1.0,0.013473749160766602
