Timesteps,Collisions,Steps Waited,Real-Time Elapsed
344.0,4.0,4.0,0.5999307632446289
148.0,0.0,0.0,0.27267909049987793
359.0,10.0,10.0,0.6485295295715332
56.0,0.0,0.0,0.10158634185791016
658.0,19.0,19.0,1.1792893409729004
271.0,4.0,4.0,0.484119176864624
497.0,5.0,5.0,0.8246948719024658
120.0,3.0,3.0,0.21214890480041504
1142.0,18.0,18.0,1.9495794773101807
283.0,3.0,3.0,0.533571720123291
1355.0,19.0,19.0,2.3977842330932617
276.0,4.0,4.0,0.5049741268157959
354.0,6.0,6.0,0.5854108333587646
858.0,22.0,22.0,1.50419282913208
78.0,2.0,2.0,0.10980057716369629
519.0,15.0,15.0,0.8504273891448975
479.0,7.0,7.0,0.8450467586517334
141.0,4.0,4.0,0.2551920413970947
1631.0,27.0,27.0,2.8957810401916504
456.0,6.0,6.0,0.7701547145843506
187.0,3.0,3.0,0.32926177978515625
257.0,6.0,6.0,0.5084431171417236
275.0,10.0,10.0,0.5072803497314453
286.0,6.0,6.0,0.5100986957550049
244.0,4.0,4.0,0.396925687789917
313.0,2.0,2.0,0.4950428009033203
177.0,4.0,4.0,0.3398439884185791
706.0,12.0,12.0,1.1385853290557861
615.0,14.0,14.0,1.0738062858581543
93.0,3.0,3.0,0.16043734550476074
303.0,7.0,7.0,0.5430874824523926
1730.0,59.0,59.0,3.052623748779297
227.0,7.0,7.0,0.4166717529296875
141.0,3.0,3.0,0.26688694953918457
847.0,16.0,16.0,1.4800424575805664
264.0,3.0,3.0,0.44846677780151367
111.0,3.0,3.0,0.18835949897766113
1050.0,21.0,21.0,1.7901735305786133
614.0,12.0,12.0,1.0654277801513672
255.0,6.0,6.0,0.43922972679138184
1066.0,20.0,20.0,1.8665211200714111
459.0,9.0,9.0,0.7702634334564209
111.0,3.0,3.0,0.1836261749267578
307.0,3.0,3.0,0.5410723686218262
68.0,2.0,2.0,0.10979485511779785
255.0,6.0,6.0,0.47616052627563477
634.0,14.0,14.0,1.0482509136199951
49.0,0.0,0.0,0.07837724685668945
2169.0,44.0,44.0,3.846540689468384
318.0,4.0,4.0,0.5414998531341553
280.0,2.0,2.0,0.47936415672302246
317.0,3.0,3.0,0.5891423225402832
45.0,0.0,0.0,0.09018635749816895
958.0,15.0,15.0,1.6503312587738037
38.0,1.0,1.0,0.06090998649597168
331.0,8.0,8.0,0.6210272312164307
112.0,2.0,2.0,0.18263983726501465
110.0,0.0,0.0,0.2121591567993164
126.0,1.0,1.0,0.20397067070007324
123.0,2.0,2.0,0.22923517227172852
472.0,7.0,7.0,0.8634202480316162
711.0,15.0,15.0,1.2957775592803955
197.0,2.0,2.0,0.3454141616821289
439.0,10.0,10.0,0.7606837749481201
151.0,3.0,3.0,0.28325963020324707
53.0,0.0,0.0,0.1213068962097168
258.0,3.0,3.0,0.44696474075317383
177.0,4.0,4.0,0.32232165336608887
388.0,4.0,4.0,0.6682686805725098
96.0,5.0,5.0,0.16507411003112793
72.0,1.0,1.0,0.1286170482635498
274.0,1.0,1.0,0.4797220230102539
265.0,6.0,6.0,0.42394137382507324
669.0,6.0,6.0,1.1155247688293457
445.0,5.0,5.0,0.7763886451721191
38.0,0.0,0.0,0.08476829528808594
308.0,5.0,5.0,0.5031001567840576
458.0,4.0,4.0,0.8158929347991943
456.0,17.0,17.0,0.7701418399810791
908.0,7.0,7.0,1.4881377220153809
386.0,10.0,10.0,0.6521856784820557
402.0,8.0,8.0,0.7353847026824951
113.0,1.0,1.0,0.17630910873413086
353.0,2.0,2.0,0.616868257522583
207.0,3.0,3.0,0.3850843906402588
265.0,2.0,2.0,0.4629330635070801
111.0,4.0,4.0,0.22255730628967285
261.0,5.0,5.0,0.44044923782348633
768.0,21.0,21.0,1.3279602527618408
177.0,1.0,1.0,0.3450202941894531
85.0,0.0,0.0,0.172041654586792
752.0,17.0,17.0,1.239689826965332
130.0,7.0,7.0,0.2196192741394043
272.0,10.0,10.0,0.46953344345092773
169.0,3.0,3.0,0.31832265853881836
85.0,0.0,0.0,0.1353001594543457
422.0,12.0,12.0,0.7067203521728516
1077.0,35.0,35.0,1.8622145652770996
2117.0,59.0,59.0,3.5601654052734375
70.0,1.0,1.0,0.10979533195495605
1249.0,21.0,21.0,2.1374807357788086
1429.0,37.0,37.0,2.453494071960449
585.0,16.0,16.0,1.0186331272125244
1036.0,14.0,14.0,1.8624460697174072
434.0,16.0,16.0,0.6992781162261963
78.0,0.0,0.0,0.14126229286193848
692.0,12.0,12.0,1.2080700397491455
128.0,2.0,2.0,0.2473127841949463
687.0,30.0,30.0,1.2185065746307373
186.0,6.0,6.0,0.3309292793273926
95.0,0.0,0.0,0.17712855339050293
85.0,0.0,0.0,0.1414802074432373
451.0,8.0,8.0,0.7677104473114014
417.0,14.0,14.0,0.6845724582672119
374.0,3.0,3.0,0.6210310459136963
701.0,19.0,19.0,1.189892292022705
840.0,20.0,20.0,1.4711360931396484
125.0,2.0,2.0,0.2202913761138916
99.0,1.0,1.0,0.1839132308959961
372.0,5.0,5.0,0.6832902431488037
190.0,5.0,5.0,0.33858633041381836
89.0,4.0,4.0,0.1723325252532959
122.0,1.0,1.0,0.2115023136138916
443.0,9.0,9.0,0.7987875938415527
726.0,10.0,10.0,1.3193066120147705
82.0,0.0,0.0,0.13408827781677246
272.0,3.0,3.0,0.5156242847442627
481.0,12.0,12.0,0.8587179183959961
259.0,2.0,2.0,0.3971366882324219
140.0,1.0,1.0,0.2542893886566162
306.0,4.0,4.0,0.5243277549743652
66.0,4.0,4.0,0.13353204727172852
740.0,7.0,7.0,1.3018381595611572
184.0,4.0,4.0,0.32844042778015137
241.0,1.0,1.0,0.4327523708343506
103.0,1.0,1.0,0.1727151870727539
591.0,15.0,15.0,1.017204761505127
656.0,22.0,22.0,1.124406337738037
183.0,4.0,4.0,0.3685572147369385
302.0,5.0,5.0,0.4765012264251709
531.0,6.0,6.0,0.8800525665283203
1211.0,20.0,20.0,2.1499407291412354
154.0,3.0,3.0,0.27614307403564453
306.0,4.0,4.0,0.5195357799530029
879.0,14.0,14.0,1.5232534408569336
504.0,11.0,11.0,0.9289140701293945
140.0,6.0,6.0,0.22538018226623535
88.0,5.0,5.0,0.14406704902648926
558.0,14.0,14.0,0.940279483795166
709.0,11.0,11.0,1.254422664642334
313.0,6.0,6.0,0.5441861152648926
269.0,6.0,6.0,0.4645256996154785
501.0,11.0,11.0,0.9671940803527832
202.0,5.0,5.0,0.3549690246582031
960.0,15.0,15.0,1.7210438251495361
443.0,13.0,13.0,0.7732217311859131
119.0,4.0,4.0,0.2278604507446289
332.0,6.0,6.0,0.5736231803894043
366.0,14.0,14.0,0.636894941329956
170.0,5.0,5.0,0.31035637855529785
326.0,4.0,4.0,0.5257959365844727
53.0,3.0,3.0,0.07203865051269531
162.0,7.0,7.0,0.2848851680755615
201.0,3.0,3.0,0.3756399154663086
777.0,20.0,20.0,1.3896596431732178
159.0,3.0,3.0,0.2985873222351074
193.0,0.0,0.0,0.35321521759033203
44.0,3.0,3.0,0.07854819297790527
330.0,7.0,7.0,0.5883409976959229
147.0,3.0,3.0,0.2540562152862549
916.0,10.0,10.0,1.56351900100708
203.0,4.0,4.0,0.3767263889312744
365.0,8.0,8.0,0.6445989608764648
118.0,1.0,1.0,0.21799707412719727
186.0,0.0,0.0,0.3065328598022461
1536.0,45.0,45.0,2.646132469177246
454.0,3.0,3.0,0.7781577110290527
458.0,16.0,16.0,0.86216139793396
317.0,4.0,4.0,0.5577752590179443
252.0,8.0,8.0,0.4478917121887207
1630.0,28.0,28.0,2.8943850994110107
578.0,9.0,9.0,1.0304455757141113
225.0,9.0,9.0,0.3850088119506836
288.0,13.0,13.0,0.49558115005493164
212.0,2.0,2.0,0.3544485569000244
436.0,6.0,6.0,0.7736003398895264
309.0,2.0,2.0,0.5421016216278076
540.0,10.0,10.0,0.9110469818115234
178.0,4.0,4.0,0.3141140937805176
866.0,26.0,26.0,1.513503074645996
908.0,22.0,22.0,1.5455808639526367
119.0,0.0,0.0,0.2048022747039795
341.0,8.0,8.0,0.6201417446136475
101.0,5.0,5.0,0.18836116790771484
353.0,5.0,5.0,0.6675477027893066
472.0,2.0,2.0,0.8005409240722656
190.0,4.0,4.0,0.3429372310638428
449.0,14.0,14.0,0.7860767841339111
375.0,10.0,10.0,0.6661741733551025
75.0,0.0,0.0,0.12542939186096191
175.0,3.0,3.0,0.306110143661499
177.0,9.0,9.0,0.3305819034576416
162.0,2.0,2.0,0.2588918209075928
308.0,11.0,11.0,0.5548906326293945
788.0,10.0,10.0,1.3547673225402832
846.0,23.0,23.0,1.528062105178833
171.0,2.0,2.0,0.27936673164367676
634.0,12.0,12.0,1.1791422367095947
929.0,19.0,19.0,1.6452991962432861
88.0,1.0,1.0,0.15670013427734375
671.0,6.0,6.0,1.1567614078521729
321.0,5.0,5.0,0.5103864669799805
376.0,4.0,4.0,0.6052629947662354
999.0,23.0,23.0,1.7369301319122314
57.0,0.0,0.0,0.10258078575134277
82.0,1.0,1.0,0.15711069107055664
456.0,4.0,4.0,0.8483197689056396
151.0,0.0,0.0,0.2825503349304199
471.0,19.0,19.0,0.9156906604766846
518.0,11.0,11.0,0.9325897693634033
199.0,3.0,3.0,0.3611283302307129
309.0,5.0,5.0,0.5563380718231201
580.0,7.0,7.0,1.0163588523864746
478.0,14.0,14.0,0.8489065170288086
378.0,8.0,8.0,0.6644713878631592
248.0,8.0,8.0,0.4006946086883545
148.0,2.0,2.0,0.22003388404846191
415.0,19.0,19.0,0.7474169731140137
189.0,2.0,2.0,0.2976505756378174
286.0,7.0,7.0,0.5030450820922852
671.0,12.0,12.0,1.1305525302886963
155.0,5.0,5.0,0.2601926326751709
441.0,8.0,8.0,0.7914221286773682
987.0,33.0,33.0,1.6812012195587158
768.0,22.0,22.0,1.3941576480865479
1083.0,13.0,13.0,1.9133460521697998
756.0,21.0,21.0,1.288789987564087
94.0,1.0,1.0,0.14213943481445312
435.0,8.0,8.0,0.7253818511962891
337.0,4.0,4.0,0.6102921962738037
825.0,19.0,19.0,1.4814882278442383
81.0,3.0,3.0,0.12544918060302734
125.0,0.0,0.0,0.2281172275543213
966.0,8.0,8.0,1.792778730392456
72.0,0.0,0.0,0.10595154762268066
123.0,1.0,1.0,0.22086238861083984
894.0,19.0,19.0,1.4930734634399414
53.0,3.0,3.0,0.08833718299865723
2351.0,52.0,52.0,4.073727130889893
280.0,5.0,5.0,0.4483635425567627
370.0,17.0,17.0,0.658083438873291
63.0,5.0,5.0,0.10261249542236328
271.0,3.0,3.0,0.47089624404907227
295.0,12.0,12.0,0.5462334156036377
314.0,1.0,1.0,0.5346136093139648
629.0,11.0,11.0,1.1267049312591553
159.0,3.0,3.0,0.2669200897216797
409.0,11.0,11.0,0.7410039901733398
219.0,4.0,4.0,0.38309335708618164
659.0,9.0,9.0,1.0916357040405273
624.0,13.0,13.0,1.1235883235931396
131.0,2.0,2.0,0.24398446083068848
104.0,0.0,0.0,0.16773366928100586
332.0,6.0,6.0,0.6367716789245605
187.0,1.0,1.0,0.34653663635253906
1058.0,12.0,12.0,1.8911008834838867
458.0,11.0,11.0,0.7602713108062744
72.0,2.0,2.0,0.1098167896270752
87.0,2.0,2.0,0.14992189407348633
83.0,1.0,1.0,0.1571056842803955
369.0,11.0,11.0,0.6761801242828369
290.0,6.0,6.0,0.49550700187683105
243.0,7.0,7.0,0.4007096290588379
737.0,17.0,17.0,1.3000907897949219
795.0,7.0,7.0,1.4366827011108398
1178.0,16.0,16.0,2.102987289428711
332.0,9.0,9.0,0.5999846458435059
522.0,6.0,6.0,0.931067943572998
118.0,0.0,0.0,0.18622660636901855
471.0,11.0,11.0,0.8172352313995361
105.0,5.0,5.0,0.19846439361572266
479.0,5.0,5.0,0.8303678035736084
134.0,2.0,2.0,0.25084614753723145
387.0,4.0,4.0,0.676934003829956
77.0,0.0,0.0,0.14144659042358398
1383.0,29.0,29.0,2.481499433517456
79.0,0.0,0.0,0.14150500297546387
131.0,1.0,1.0,0.27976322174072266
86.0,3.0,3.0,0.15377163887023926
83.0,4.0,4.0,0.127943754196167
48.0,0.0,0.0,0.06251645088195801
313.0,6.0,6.0,0.5273168087005615
213.0,4.0,4.0,0.38489603996276855
389.0,8.0,8.0,0.6590995788574219
143.0,1.0,1.0,0.2911221981048584
502.0,11.0,11.0,0.8141369819641113
424.0,6.0,6.0,0.7394044399261475
383.0,10.0,10.0,0.6987674236297607
251.0,5.0,5.0,0.44504785537719727
179.0,5.0,5.0,0.3137819766998291
104.0,0.0,0.0,0.18050670623779297
118.0,4.0,4.0,0.22000837326049805
128.0,0.0,0.0,0.22711634635925293
283.0,5.0,5.0,0.45659518241882324
93.0,0.0,0.0,0.16713285446166992
385.0,12.0,12.0,0.7121477127075195
709.0,13.0,13.0,1.1772007942199707
594.0,14.0,14.0,1.091893196105957
2277.0,50.0,50.0,3.9124093055725098
250.0,11.0,11.0,0.46394848823547363
309.0,5.0,5.0,0.5523374080657959
319.0,4.0,4.0,0.5259816646575928
585.0,6.0,6.0,1.0383265018463135
201.0,3.0,3.0,0.37209486961364746
246.0,3.0,3.0,0.5416462421417236
544.0,13.0,13.0,0.8876886367797852
53.0,2.0,2.0,0.09417605400085449
455.0,11.0,11.0,0.820570707321167
187.0,2.0,2.0,0.30716753005981445
341.0,7.0,7.0,0.5879981517791748
629.0,7.0,7.0,1.1017990112304688
338.0,5.0,5.0,0.588900089263916
1960.0,57.0,57.0,3.4709830284118652
153.0,3.0,3.0,0.2771484851837158
1187.0,18.0,18.0,2.1557443141937256
286.0,6.0,6.0,0.523618221282959
710.0,11.0,11.0,1.301865816116333
335.0,8.0,8.0,0.6421923637390137
830.0,12.0,12.0,1.60135817527771
1181.0,24.0,24.0,2.1020240783691406
240.0,4.0,4.0,0.44852685928344727
164.0,7.0,7.0,0.3095118999481201
251.0,8.0,8.0,0.48491573333740234
817.0,8.0,8.0,1.4140141010284424
1473.0,22.0,22.0,2.542959690093994
184.0,4.0,4.0,0.3099658489227295
474.0,9.0,9.0,0.8683567047119141
353.0,8.0,8.0,0.5816879272460938
400.0,13.0,13.0,0.72314453125
207.0,4.0,4.0,0.3740265369415283
144.0,1.0,1.0,0.2360677719116211
430.0,8.0,8.0,0.7306480407714844
207.0,2.0,2.0,0.376758337020874
1308.0,14.0,14.0,2.316328763961792
136.0,2.0,2.0,0.25113487243652344
404.0,6.0,6.0,0.7456271648406982
649.0,10.0,10.0,1.1627671718597412
303.0,9.0,9.0,0.5512406826019287
341.0,3.0,3.0,0.6113083362579346
200.0,3.0,3.0,0.3702433109283447
1025.0,28.0,28.0,1.8312153816223145
328.0,7.0,7.0,0.5429065227508545
213.0,1.0,1.0,0.3386416435241699
198.0,5.0,5.0,0.3770155906677246
161.0,4.0,4.0,0.29119205474853516
60.0,1.0,1.0,0.10982918739318848
173.0,3.0,3.0,0.30611562728881836
1405.0,44.0,44.0,2.573997735977173
228.0,1.0,1.0,0.3605620861053467
350.0,7.0,7.0,0.6078999042510986
334.0,5.0,5.0,0.5742182731628418
310.0,14.0,14.0,0.6031255722045898
1018.0,14.0,14.0,1.7927465438842773
1124.0,33.0,33.0,1.9683029651641846
208.0,5.0,5.0,0.3928563594818115
649.0,20.0,20.0,1.15830659866333
137.0,6.0,6.0,0.23561668395996094
111.0,4.0,4.0,0.1894841194152832
116.0,5.0,5.0,0.21962237358093262
177.0,7.0,7.0,0.32217931747436523
344.0,5.0,5.0,0.6691007614135742
140.0,0.0,0.0,0.23842668533325195
694.0,6.0,6.0,1.1711845397949219
248.0,0.0,0.0,0.4668874740600586
283.0,6.0,6.0,0.508004903793335
74.0,0.0,0.0,0.1497342586517334
411.0,9.0,9.0,0.7146251201629639
285.0,4.0,4.0,0.5136373043060303
811.0,12.0,12.0,1.5166993141174316
169.0,1.0,1.0,0.29047632217407227
170.0,4.0,4.0,0.31029510498046875
92.0,3.0,3.0,0.16946649551391602
140.0,2.0,2.0,0.2376537322998047
59.0,1.0,1.0,0.09460592269897461
186.0,4.0,4.0,0.33722591400146484
88.0,1.0,1.0,0.17181968688964844
751.0,14.0,14.0,1.2516779899597168
79.0,1.0,1.0,0.13397574424743652
655.0,13.0,13.0,1.1615726947784424
1430.0,23.0,23.0,2.4467267990112305
708.0,20.0,20.0,1.2448077201843262
555.0,12.0,12.0,1.0328607559204102
582.0,14.0,14.0,1.0230319499969482
75.0,0.0,0.0,0.1415414810180664
282.0,6.0,6.0,0.5422124862670898
997.0,14.0,14.0,1.7509329319000244
183.0,1.0,1.0,0.3301706314086914
650.0,9.0,9.0,1.1660816669464111
290.0,2.0,2.0,0.4719409942626953
202.0,2.0,2.0,0.3472325801849365
241.0,7.0,7.0,0.41847801208496094
119.0,2.0,2.0,0.2398228645324707
267.0,7.0,7.0,0.45102620124816895
130.0,7.0,7.0,0.22864651679992676
90.0,0.0,0.0,0.1591935157775879
183.0,2.0,2.0,0.2907068729400635
199.0,4.0,4.0,0.35471391677856445
760.0,12.0,12.0,1.3035118579864502
50.0,0.0,0.0,0.07854866981506348
63.0,1.0,1.0,0.11844491958618164
389.0,13.0,13.0,0.6835863590240479
938.0,29.0,29.0,1.6590185165405273
112.0,3.0,3.0,0.19896245002746582
1079.0,21.0,21.0,1.9700822830200195
875.0,19.0,19.0,1.6133687496185303
914.0,29.0,29.0,1.563645362854004
160.0,2.0,2.0,0.2752418518066406
271.0,2.0,2.0,0.5003910064697266
324.0,9.0,9.0,0.5863018035888672
91.0,1.0,1.0,0.15667057037353516
175.0,3.0,3.0,0.283982515335083
660.0,7.0,7.0,1.1257147789001465
1462.0,32.0,32.0,2.5872015953063965
577.0,11.0,11.0,1.032975673675537
41.0,1.0,1.0,0.07088327407836914
741.0,23.0,23.0,1.3451275825500488
624.0,13.0,13.0,1.0834133625030518
523.0,7.0,7.0,0.9048094749450684
364.0,11.0,11.0,0.6519424915313721
99.0,1.0,1.0,0.17908072471618652
124.0,4.0,4.0,0.19672822952270508
168.0,3.0,3.0,0.31994009017944336
65.0,1.0,1.0,0.11297082901000977
278.0,10.0,10.0,0.48427605628967285
69.0,0.0,0.0,0.14087986946105957
563.0,7.0,7.0,0.9304766654968262
435.0,9.0,9.0,0.7793025970458984
226.0,4.0,4.0,0.41693711280822754
110.0,1.0,1.0,0.23353099822998047
451.0,5.0,5.0,0.8141891956329346
154.0,4.0,4.0,0.2971975803375244
285.0,4.0,4.0,0.5079569816589355
171.0,2.0,2.0,0.29343438148498535
231.0,2.0,2.0,0.41132187843322754
259.0,5.0,5.0,0.418689489364624
311.0,1.0,1.0,0.5266513824462891
328.0,5.0,5.0,0.5427546501159668
293.0,8.0,8.0,0.494645357131958
387.0,18.0,18.0,0.7109565734863281
397.0,7.0,7.0,0.6826121807098389
466.0,7.0,7.0,0.8172121047973633
460.0,7.0,7.0,0.8548526763916016
88.0,0.0,0.0,0.16375303268432617
96.0,3.0,3.0,0.17285633087158203
144.0,0.0,0.0,0.23523592948913574
217.0,2.0,2.0,0.35275721549987793
206.0,1.0,1.0,0.3066575527191162
112.0,5.0,5.0,0.21999287605285645
247.0,4.0,4.0,0.4225797653198242
691.0,7.0,7.0,1.1960580348968506
179.0,3.0,3.0,0.2909996509552002
988.0,18.0,18.0,1.709120750427246
112.0,5.0,5.0,0.20398759841918945
551.0,18.0,18.0,0.943554162979126
392.0,3.0,3.0,0.682776689529419
193.0,2.0,2.0,0.3114910125732422
265.0,4.0,4.0,0.4803297519683838
42.0,0.0,0.0,0.07855105400085449
64.0,1.0,1.0,0.09417390823364258
167.0,4.0,4.0,0.2900416851043701
203.0,3.0,3.0,0.38832592964172363
468.0,14.0,14.0,0.8132061958312988
104.0,1.0,1.0,0.212846040725708
235.0,1.0,1.0,0.36301589012145996
361.0,11.0,11.0,0.6447014808654785
176.0,6.0,6.0,0.33614420890808105
87.0,1.0,1.0,0.1345226764678955
252.0,7.0,7.0,0.42499876022338867
60.0,3.0,3.0,0.1098017692565918
204.0,11.0,11.0,0.32251715660095215
128.0,1.0,1.0,0.23573088645935059
122.0,3.0,3.0,0.2126302719116211
539.0,12.0,12.0,0.9793741703033447
273.0,9.0,9.0,0.4934046268463135
301.0,4.0,4.0,0.5037050247192383
318.0,7.0,7.0,0.5418050289154053
320.0,7.0,7.0,0.5773084163665771
391.0,6.0,6.0,0.6782231330871582
103.0,1.0,1.0,0.1566910743713379
57.0,2.0,2.0,0.1082468032836914
327.0,6.0,6.0,0.5677201747894287
427.0,10.0,10.0,0.7404773235321045
943.0,28.0,28.0,1.5957694053649902
67.0,3.0,3.0,0.12543416023254395
217.0,5.0,5.0,0.3539862632751465
119.0,2.0,2.0,0.22670245170593262
180.0,2.0,2.0,0.3256072998046875
240.0,7.0,7.0,0.4090423583984375
572.0,17.0,17.0,0.9865267276763916
305.0,4.0,4.0,0.5719451904296875
134.0,3.0,3.0,0.23626971244812012
160.0,2.0,2.0,0.25964879989624023
676.0,13.0,13.0,1.192875623703003
2133.0,41.0,41.0,3.6992666721343994
579.0,13.0,13.0,1.004929780960083
337.0,13.0,13.0,0.6355085372924805
389.0,17.0,17.0,0.6507043838500977
111.0,5.0,5.0,0.19689393043518066
104.0,3.0,3.0,0.17222070693969727
206.0,5.0,5.0,0.37563085556030273
568.0,13.0,13.0,1.042957067489624
687.0,22.0,22.0,1.2202167510986328
412.0,6.0,6.0,0.7213876247406006
803.0,28.0,28.0,1.3446238040924072
322.0,3.0,3.0,0.5262248516082764
414.0,7.0,7.0,0.7416253089904785
51.0,2.0,2.0,0.09418129920959473
331.0,5.0,5.0,0.5659928321838379
80.0,1.0,1.0,0.12486124038696289
595.0,11.0,11.0,1.0888018608093262
330.0,8.0,8.0,0.5230233669281006
863.0,10.0,10.0,1.5637261867523193
569.0,18.0,18.0,1.013859748840332
823.0,9.0,9.0,1.511765480041504
253.0,1.0,1.0,0.42552804946899414
120.0,4.0,4.0,0.2068781852722168
1013.0,16.0,16.0,1.8246724605560303
1252.0,12.0,12.0,2.245047092437744
170.0,5.0,5.0,0.27704763412475586
153.0,1.0,1.0,0.25739336013793945
251.0,3.0,3.0,0.4417402744293213
748.0,23.0,23.0,1.3423702716827393
377.0,5.0,5.0,0.641831636428833
781.0,24.0,24.0,1.3656527996063232
523.0,6.0,6.0,0.9152951240539551
222.0,1.0,1.0,0.40067577362060547
547.0,20.0,20.0,0.947021484375
1092.0,21.0,21.0,1.922842264175415
338.0,4.0,4.0,0.5837154388427734
343.0,6.0,6.0,0.6203780174255371
60.0,1.0,1.0,0.10985302925109863
125.0,1.0,1.0,0.2264575958251953
125.0,6.0,6.0,0.20203876495361328
212.0,2.0,2.0,0.38536524772644043
359.0,6.0,6.0,0.6296329498291016
543.0,8.0,8.0,0.9723551273345947
185.0,2.0,2.0,0.3454627990722656
1136.0,26.0,26.0,2.0194883346557617
62.0,0.0,0.0,0.11031436920166016
154.0,4.0,4.0,0.2589404582977295
1402.0,20.0,20.0,2.5121755599975586
247.0,6.0,6.0,0.45532679557800293
744.0,6.0,6.0,1.329833745956421
274.0,5.0,5.0,0.4956333637237549
535.0,13.0,13.0,0.9239282608032227
41.0,3.0,3.0,0.06292223930358887
83.0,2.0,2.0,0.1254270076751709
125.0,2.0,2.0,0.22043323516845703
239.0,4.0,4.0,0.40837788581848145
145.0,3.0,3.0,0.24366092681884766
100.0,0.0,0.0,0.18836355209350586
114.0,1.0,1.0,0.2044677734375
1340.0,45.0,45.0,2.368204116821289
285.0,7.0,7.0,0.5065064430236816
597.0,12.0,12.0,1.0352046489715576
119.0,0.0,0.0,0.21964335441589355
1136.0,17.0,17.0,1.98569917678833
203.0,2.0,2.0,0.3410189151763916
1290.0,28.0,28.0,2.1718084812164307
344.0,5.0,5.0,0.5887413024902344
1001.0,16.0,16.0,1.7083890438079834
763.0,8.0,8.0,1.3584256172180176
207.0,3.0,3.0,0.34543943405151367
537.0,7.0,7.0,0.8991501331329346
181.0,4.0,4.0,0.3142275810241699
80.0,4.0,4.0,0.14104509353637695
411.0,10.0,10.0,0.7621331214904785
176.0,4.0,4.0,0.32150983810424805
332.0,10.0,10.0,0.5581741333007812
149.0,1.0,1.0,0.2776200771331787
698.0,18.0,18.0,1.2348291873931885
275.0,3.0,3.0,0.4952247142791748
426.0,17.0,17.0,0.7617876529693604
79.0,4.0,4.0,0.14959239959716797
456.0,4.0,4.0,0.8285872936248779
443.0,12.0,12.0,0.8169176578521729
328.0,3.0,3.0,0.6082086563110352
433.0,7.0,7.0,0.798370361328125
209.0,4.0,4.0,0.42778778076171875
1131.0,19.0,19.0,2.065436601638794
1133.0,24.0,24.0,1.9210824966430664
120.0,1.0,1.0,0.21935653686523438
311.0,12.0,12.0,0.5416350364685059
300.0,13.0,13.0,0.47947072982788086
1045.0,22.0,22.0,1.890639305114746
229.0,3.0,3.0,0.41646647453308105
475.0,2.0,2.0,0.862391471862793
173.0,2.0,2.0,0.3132297992706299
366.0,10.0,10.0,0.6393609046936035
168.0,3.0,3.0,0.28119993209838867
229.0,3.0,3.0,0.39360976219177246
175.0,1.0,1.0,0.2825291156768799
879.0,16.0,16.0,1.580636739730835
525.0,4.0,4.0,0.9171261787414551
78.0,1.0,1.0,0.12885308265686035
403.0,11.0,11.0,0.68863844871521
189.0,1.0,1.0,0.3294045925140381
400.0,5.0,5.0,0.690654993057251
479.0,8.0,8.0,0.8534786701202393
957.0,17.0,17.0,1.6263303756713867
713.0,12.0,12.0,1.2368922233581543
399.0,8.0,8.0,0.7249224185943604
685.0,7.0,7.0,1.3029944896697998
50.0,0.0,0.0,0.09431934356689453
227.0,5.0,5.0,0.4235851764678955
1163.0,24.0,24.0,2.0714075565338135
882.0,17.0,17.0,1.513181447982788
234.0,0.0,0.0,0.3694741725921631
138.0,0.0,0.0,0.20397639274597168
308.0,15.0,15.0,0.5112640857696533
644.0,14.0,14.0,1.1468169689178467
1153.0,17.0,17.0,2.074765205383301
532.0,4.0,4.0,0.959280252456665
298.0,5.0,5.0,0.5257749557495117
469.0,21.0,21.0,0.8195273876190186
336.0,6.0,6.0,0.5337908267974854
339.0,8.0,8.0,0.5732603073120117
383.0,5.0,5.0,0.6987411975860596
172.0,7.0,7.0,0.3065626621246338
151.0,0.0,0.0,0.2958858013153076
85.0,1.0,1.0,0.13378643989562988
321.0,7.0,7.0,0.5415346622467041
283.0,1.0,1.0,0.45916152000427246
1907.0,39.0,39.0,3.4143900871276855
328.0,9.0,9.0,0.5360567569732666
83.0,1.0,1.0,0.14053797721862793
604.0,7.0,7.0,1.0117888450622559
141.0,5.0,5.0,0.21961498260498047
306.0,8.0,8.0,0.5654380321502686
301.0,12.0,12.0,0.48040032386779785
92.0,2.0,2.0,0.13399457931518555
365.0,3.0,3.0,0.6127967834472656
143.0,0.0,0.0,0.24376940727233887
374.0,9.0,9.0,0.6637444496154785
755.0,13.0,13.0,1.351304531097412
590.0,10.0,10.0,1.065659999847412
628.0,12.0,12.0,1.0843713283538818
377.0,3.0,3.0,0.6551952362060547
335.0,3.0,3.0,0.5908684730529785
967.0,16.0,16.0,1.6989595890045166
99.0,3.0,3.0,0.20552635192871094
345.0,6.0,6.0,0.5889365673065186
476.0,10.0,10.0,0.8096609115600586
109.0,2.0,2.0,0.18877696990966797
64.0,0.0,0.0,0.09415030479431152
696.0,13.0,13.0,1.1855964660644531
368.0,9.0,9.0,0.5729482173919678
391.0,13.0,13.0,0.6781609058380127
56.0,2.0,2.0,0.1098020076751709
329.0,8.0,8.0,0.5865166187286377
491.0,10.0,10.0,0.8501923084259033
78.0,2.0,2.0,0.12543416023254395
291.0,4.0,4.0,0.4637625217437744
69.0,1.0,1.0,0.10980534553527832
417.0,10.0,10.0,0.7368087768554688
431.0,14.0,14.0,0.7166075706481934
205.0,4.0,4.0,0.3537912368774414
451.0,4.0,4.0,0.7938916683197021
822.0,28.0,28.0,1.4403774738311768
70.0,2.0,2.0,0.10980057716369629
76.0,6.0,6.0,0.13318252563476562
717.0,29.0,29.0,1.2773323059082031
42.0,2.0,2.0,0.07863783836364746
334.0,11.0,11.0,0.58078932762146
596.0,7.0,7.0,1.021578073501587
435.0,4.0,4.0,0.8110759258270264
454.0,2.0,2.0,0.7618794441223145
373.0,8.0,8.0,0.664116382598877
913.0,26.0,26.0,1.5099427700042725
184.0,1.0,1.0,0.32218217849731445
110.0,1.0,1.0,0.18878817558288574
603.0,10.0,10.0,1.0414786338806152
395.0,10.0,10.0,0.6838080883026123
93.0,0.0,0.0,0.1579420566558838
258.0,6.0,6.0,0.454448938369751
462.0,6.0,6.0,0.8431563377380371
99.0,5.0,5.0,0.17195844650268555
81.0,1.0,1.0,0.15060067176818848
50.0,0.0,0.0,0.07857060432434082
260.0,3.0,3.0,0.448148250579834
661.0,26.0,26.0,1.13377046585083
43.0,3.0,3.0,0.07854366302490234
1377.0,25.0,25.0,2.3842101097106934
1243.0,17.0,17.0,2.2653517723083496
328.0,3.0,3.0,0.5733675956726074
307.0,4.0,4.0,0.5482730865478516
252.0,3.0,3.0,0.42827367782592773
274.0,9.0,9.0,0.4921252727508545
177.0,2.0,2.0,0.3163731098175049
54.0,0.0,0.0,0.09536123275756836
254.0,6.0,6.0,0.41670727729797363
38.0,1.0,1.0,0.07855367660522461
93.0,1.0,1.0,0.1767880916595459
138.0,0.0,0.0,0.2356548309326172
2493.0,35.0,35.0,4.37221884727478
228.0,3.0,3.0,0.37659430503845215
80.0,0.0,0.0,0.13915538787841797
455.0,3.0,3.0,0.8387117385864258
168.0,1.0,1.0,0.2824392318725586
702.0,13.0,13.0,1.216564416885376
800.0,18.0,18.0,1.3707096576690674
484.0,4.0,4.0,0.8246784210205078
822.0,10.0,10.0,1.4902749061584473
366.0,3.0,3.0,0.6364009380340576
163.0,0.0,0.0,0.3063685894012451
328.0,6.0,6.0,0.6010429859161377
625.0,7.0,7.0,1.08408784866333
212.0,2.0,2.0,0.39298462867736816
405.0,6.0,6.0,0.7401635646820068
563.0,11.0,11.0,0.9194378852844238
963.0,26.0,26.0,1.7412314414978027
160.0,1.0,1.0,0.2748730182647705
170.0,0.0,0.0,0.3041114807128906
147.0,4.0,4.0,0.2440173625946045
1045.0,16.0,16.0,1.9219470024108887
536.0,18.0,18.0,0.8736019134521484
1031.0,29.0,29.0,1.860015869140625
338.0,9.0,9.0,0.6178524494171143
125.0,6.0,6.0,0.23463869094848633
1059.0,16.0,16.0,1.8666832447052002
781.0,13.0,13.0,1.3940894603729248
401.0,8.0,8.0,0.7185604572296143
179.0,4.0,4.0,0.31348204612731934
339.0,12.0,12.0,0.6198725700378418
314.0,9.0,9.0,0.5458145141601562
433.0,3.0,3.0,0.7853298187255859
304.0,7.0,7.0,0.5141549110412598
422.0,4.0,4.0,0.7607936859130859
917.0,28.0,28.0,1.607698917388916
719.0,15.0,15.0,1.2530577182769775
636.0,11.0,11.0,1.1063520908355713
1095.0,31.0,31.0,1.8187663555145264
151.0,2.0,2.0,0.28098058700561523
161.0,0.0,0.0,0.30979061126708984
908.0,23.0,23.0,1.6157622337341309
287.0,13.0,13.0,0.5256392955780029
435.0,12.0,12.0,0.7651665210723877
368.0,4.0,4.0,0.7197515964508057
824.0,14.0,14.0,1.5704965591430664
631.0,14.0,14.0,1.0840508937835693
151.0,2.0,2.0,0.29331183433532715
299.0,7.0,7.0,0.5503761768341064
166.0,1.0,1.0,0.301729679107666
163.0,7.0,7.0,0.2957284450531006
189.0,1.0,1.0,0.3507199287414551
339.0,3.0,3.0,0.5861854553222656
374.0,5.0,5.0,0.6577804088592529
219.0,1.0,1.0,0.3857309818267822
275.0,6.0,6.0,0.48284268379211426
151.0,0.0,0.0,0.2491164207458496
973.0,8.0,8.0,1.7256619930267334
185.0,8.0,8.0,0.3161344528198242
131.0,4.0,4.0,0.24206972122192383
456.0,2.0,2.0,0.7943251132965088
301.0,0.0,0.0,0.5163640975952148
276.0,10.0,10.0,0.5112020969390869
219.0,5.0,5.0,0.3662302494049072
42.0,0.0,0.0,0.11453557014465332
202.0,0.0,0.0,0.33489322662353516
198.0,4.0,4.0,0.366025447845459
643.0,6.0,6.0,1.1376047134399414
607.0,1.0,1.0,1.0921647548675537
1819.0,37.0,37.0,3.2114784717559814
261.0,1.0,1.0,0.4916350841522217
848.0,12.0,12.0,1.5751934051513672
300.0,10.0,10.0,0.5147013664245605
292.0,11.0,11.0,0.5118286609649658
657.0,10.0,10.0,1.299830436706543
492.0,17.0,17.0,0.8917319774627686
122.0,0.0,0.0,0.21886634826660156
181.0,5.0,5.0,0.32073497772216797
44.0,2.0,2.0,0.11414027214050293
325.0,5.0,5.0,0.6151821613311768
257.0,3.0,3.0,0.4946572780609131
228.0,4.0,4.0,0.4237637519836426
190.0,5.0,5.0,0.3525242805480957
450.0,2.0,2.0,0.8508355617523193
298.0,9.0,9.0,0.5740871429443359
574.0,13.0,13.0,1.033050775527954
300.0,3.0,3.0,0.5547547340393066
437.0,14.0,14.0,0.7779655456542969
181.0,7.0,7.0,0.32982635498046875
380.0,11.0,11.0,0.6277363300323486
259.0,9.0,9.0,0.48353099822998047
277.0,9.0,9.0,0.4866907596588135
450.0,10.0,10.0,0.7527923583984375
88.0,5.0,5.0,0.14458632469177246
570.0,12.0,12.0,1.0321109294891357
57.0,1.0,1.0,0.10981440544128418
233.0,2.0,2.0,0.4256114959716797
206.0,3.0,3.0,0.3294031620025635
468.0,5.0,5.0,0.7535767555236816
102.0,2.0,2.0,0.17229962348937988
242.0,2.0,2.0,0.4244515895843506
401.0,7.0,7.0,0.7210803031921387
720.0,13.0,13.0,1.2804925441741943
746.0,12.0,12.0,1.3032495975494385
133.0,5.0,5.0,0.20289206504821777
261.0,8.0,8.0,0.43920254707336426
231.0,4.0,4.0,0.4434845447540283
98.0,1.0,1.0,0.1681220531463623
1214.0,33.0,33.0,2.116182327270508
207.0,2.0,2.0,0.3144042491912842
226.0,1.0,1.0,0.39234375953674316
269.0,10.0,10.0,0.4704761505126953
907.0,22.0,22.0,1.5832700729370117
733.0,16.0,16.0,1.274287223815918
1044.0,18.0,18.0,1.8464736938476562
677.0,15.0,15.0,1.176098346710205
100.0,5.0,5.0,0.18784403800964355
47.0,0.0,0.0,0.07854008674621582
500.0,11.0,11.0,0.8953592777252197
110.0,2.0,2.0,0.20354151725769043
733.0,21.0,21.0,1.2868351936340332
1326.0,39.0,39.0,2.253864288330078
87.0,1.0,1.0,0.15056633949279785
239.0,9.0,9.0,0.41443872451782227
260.0,1.0,1.0,0.4401555061340332
845.0,23.0,23.0,1.5042071342468262
230.0,4.0,4.0,0.40745091438293457
448.0,9.0,9.0,0.7537932395935059
130.0,1.0,1.0,0.2673611640930176
217.0,6.0,6.0,0.37052297592163086
359.0,10.0,10.0,0.5967080593109131
616.0,15.0,15.0,1.0672969818115234
744.0,26.0,26.0,1.3717002868652344
220.0,9.0,9.0,0.392758846282959
121.0,0.0,0.0,0.20533442497253418
149.0,3.0,3.0,0.26638245582580566
84.0,0.0,0.0,0.1727287769317627
237.0,6.0,6.0,0.4070296287536621
648.0,14.0,14.0,1.036311149597168
238.0,3.0,3.0,0.4082019329071045
140.0,0.0,0.0,0.23564910888671875
126.0,3.0,3.0,0.2558598518371582
195.0,4.0,4.0,0.3377339839935303
1275.0,43.0,43.0,2.2368881702423096
191.0,2.0,2.0,0.33100152015686035
557.0,9.0,9.0,0.9889078140258789
281.0,9.0,9.0,0.4861626625061035
81.0,1.0,1.0,0.17171478271484375
451.0,5.0,5.0,0.7944273948669434
87.0,0.0,0.0,0.14098167419433594
969.0,12.0,12.0,1.702118158340454
58.0,0.0,0.0,0.10979938507080078
488.0,8.0,8.0,0.8477494716644287
618.0,19.0,19.0,1.1428143978118896
141.0,1.0,1.0,0.23628735542297363
672.0,16.0,16.0,1.208503007888794
70.0,1.0,1.0,0.10979318618774414
152.0,2.0,2.0,0.28253817558288574
709.0,21.0,21.0,1.2516751289367676
310.0,3.0,3.0,0.5333590507507324
732.0,17.0,17.0,1.2678852081298828
371.0,5.0,5.0,0.659468412399292
419.0,16.0,16.0,0.6903045177459717
664.0,18.0,18.0,1.2208504676818848
333.0,9.0,9.0,0.6209015846252441
556.0,11.0,11.0,1.0259685516357422
398.0,9.0,9.0,0.7072403430938721
103.0,1.0,1.0,0.21910881996154785
639.0,17.0,17.0,1.1426644325256348
68.0,1.0,1.0,0.12544584274291992
110.0,3.0,3.0,0.18535995483398438
344.0,4.0,4.0,0.6163039207458496
398.0,10.0,10.0,0.7184596061706543
126.0,1.0,1.0,0.2573585510253906
134.0,3.0,3.0,0.2555961608886719
119.0,3.0,3.0,0.2441112995147705
90.0,2.0,2.0,0.16391301155090332
400.0,12.0,12.0,0.731785774230957
242.0,3.0,3.0,0.45049214363098145
405.0,6.0,6.0,0.7585103511810303
937.0,14.0,14.0,1.7466273307800293
332.0,10.0,10.0,0.6035208702087402
570.0,10.0,10.0,1.0869066715240479
61.0,0.0,0.0,0.11815953254699707
158.0,0.0,0.0,0.2812519073486328
285.0,1.0,1.0,0.531919002532959
154.0,2.0,2.0,0.3015575408935547
285.0,7.0,7.0,0.5327475070953369
1156.0,21.0,21.0,2.1289939880371094
414.0,2.0,2.0,0.7702245712280273
370.0,6.0,6.0,0.6993508338928223
259.0,10.0,10.0,0.48488831520080566
169.0,5.0,5.0,0.32602787017822266
135.0,3.0,3.0,0.23354721069335938
1470.0,38.0,38.0,2.767613649368286
193.0,4.0,4.0,0.36887240409851074
207.0,3.0,3.0,0.38210415840148926
728.0,13.0,13.0,1.3579554557800293
204.0,5.0,5.0,0.37549924850463867
816.0,9.0,9.0,1.5351083278656006
68.0,1.0,1.0,0.13408732414245605
1501.0,21.0,21.0,2.783888339996338
433.0,9.0,9.0,0.8104422092437744
774.0,25.0,25.0,1.4233348369598389
410.0,6.0,6.0,0.7486567497253418
126.0,1.0,1.0,0.23857641220092773
323.0,4.0,4.0,0.6140401363372803
245.0,8.0,8.0,0.4333350658416748
670.0,16.0,16.0,1.2463879585266113
101.0,0.0,0.0,0.19946503639221191
259.0,3.0,3.0,0.4879422187805176
227.0,7.0,7.0,0.41564202308654785
950.0,28.0,28.0,1.688185214996338
591.0,14.0,14.0,1.097548484802246
93.0,2.0,2.0,0.168107271194458
240.0,1.0,1.0,0.415280818939209
554.0,11.0,11.0,1.044997215270996
408.0,11.0,11.0,0.7792215347290039
157.0,1.0,1.0,0.2759847640991211
309.0,4.0,4.0,0.5761682987213135
458.0,5.0,5.0,0.8143160343170166
404.0,5.0,5.0,0.7840938568115234
160.0,4.0,4.0,0.2989315986633301
158.0,5.0,5.0,0.318636417388916
535.0,14.0,14.0,1.0050632953643799
181.0,2.0,2.0,0.3432426452636719
1069.0,15.0,15.0,2.0348877906799316
110.0,3.0,3.0,0.1820666790008545
70.0,0.0,0.0,0.11353778839111328
387.0,7.0,7.0,0.6633889675140381
594.0,10.0,10.0,1.0846898555755615
43.0,0.0,0.0,0.08352279663085938
102.0,1.0,1.0,0.1948845386505127
425.0,5.0,5.0,0.7877027988433838
347.0,14.0,14.0,0.6513965129852295
257.0,4.0,4.0,0.47127485275268555
183.0,4.0,4.0,0.3222184181213379
1455.0,39.0,39.0,2.5953011512756348
98.0,4.0,4.0,0.18754363059997559
262.0,2.0,2.0,0.4882810115814209
37.0,0.0,0.0,0.07352089881896973
372.0,6.0,6.0,0.6715655326843262
61.0,9.0,9.0,0.09928512573242188
356.0,8.0,8.0,0.6456286907196045
182.0,11.0,11.0,0.350142240524292
132.0,2.0,2.0,0.254443883895874
794.0,12.0,12.0,1.475320816040039
340.0,9.0,9.0,0.6237316131591797
371.0,7.0,7.0,0.6872107982635498
1672.0,37.0,37.0,3.015773057937622
269.0,6.0,6.0,0.4904308319091797
198.0,4.0,4.0,0.36768364906311035
715.0,14.0,14.0,1.3013191223144531
178.0,3.0,3.0,0.3721499443054199
228.0,5.0,5.0,0.4228231906890869
333.0,7.0,7.0,0.6054131984710693
167.0,2.0,2.0,0.32563090324401855
428.0,10.0,10.0,0.7449421882629395
64.0,1.0,1.0,0.11983060836791992
824.0,11.0,11.0,1.4853506088256836
371.0,3.0,3.0,0.6695413589477539
202.0,5.0,5.0,0.4005756378173828
503.0,12.0,12.0,0.9210472106933594
186.0,7.0,7.0,0.35607266426086426
254.0,4.0,4.0,0.48995065689086914
156.0,2.0,2.0,0.27535557746887207
391.0,4.0,4.0,0.6981191635131836
79.0,2.0,2.0,0.12653708457946777
289.0,5.0,5.0,0.5585541725158691
456.0,9.0,9.0,0.8115279674530029
371.0,7.0,7.0,0.6578454971313477
149.0,1.0,1.0,0.2715797424316406
909.0,13.0,13.0,1.620232343673706
257.0,6.0,6.0,0.4625062942504883
460.0,6.0,6.0,0.866208553314209
546.0,20.0,20.0,1.0248377323150635
192.0,3.0,3.0,0.3747708797454834
69.0,0.0,0.0,0.12506484985351562
315.0,6.0,6.0,0.5720155239105225
289.0,1.0,1.0,0.5129320621490479
55.0,0.0,0.0,0.08953332901000977
577.0,12.0,12.0,1.025824785232544
140.0,6.0,6.0,0.24108290672302246
42.0,0.0,0.0,0.08494424819946289
764.0,13.0,13.0,1.4152891635894775
744.0,13.0,13.0,1.3590855598449707
74.0,3.0,3.0,0.1109163761138916
1365.0,27.0,27.0,2.544407844543457
81.0,0.0,0.0,0.143538236618042
230.0,3.0,3.0,0.42677927017211914
370.0,9.0,9.0,0.6642196178436279
268.0,2.0,2.0,0.5058319568634033
213.0,3.0,3.0,0.38211965560913086
128.0,2.0,2.0,0.23260879516601562
87.0,1.0,1.0,0.16109848022460938
284.0,7.0,7.0,0.5380733013153076
143.0,6.0,6.0,0.26212549209594727
336.0,12.0,12.0,0.6216447353363037
121.0,1.0,1.0,0.2361156940460205
459.0,9.0,9.0,0.8412764072418213
795.0,20.0,20.0,1.4873833656311035
1732.0,39.0,39.0,3.1381494998931885
147.0,5.0,5.0,0.2642395496368408
1240.0,28.0,28.0,2.338684320449829
40.0,3.0,3.0,0.07303977012634277
562.0,13.0,13.0,1.0673136711120605
673.0,11.0,11.0,1.1834516525268555
315.0,6.0,6.0,0.5576868057250977
132.0,2.0,2.0,0.24835586547851562
581.0,11.0,11.0,1.167994737625122
73.0,3.0,3.0,0.13362336158752441
264.0,3.0,3.0,0.4529590606689453
378.0,3.0,3.0,0.6675198078155518
469.0,11.0,11.0,0.8546795845031738
225.0,0.0,0.0,0.39380764961242676
722.0,26.0,26.0,1.3711905479431152
1324.0,45.0,45.0,2.476607322692871
70.0,0.0,0.0,0.12704896926879883
261.0,5.0,5.0,0.46321749687194824
548.0,10.0,10.0,1.0420479774475098
312.0,10.0,10.0,0.5565505027770996
171.0,6.0,6.0,0.3029630184173584
113.0,0.0,0.0,0.20391058921813965
402.0,11.0,11.0,0.7454450130462646
490.0,8.0,8.0,0.9001412391662598
58.0,4.0,4.0,0.11053991317749023
47.0,0.0,0.0,0.08853459358215332
474.0,3.0,3.0,0.8771440982818604
177.0,3.0,3.0,0.32059693336486816
307.0,7.0,7.0,0.5904982089996338
263.0,3.0,3.0,0.47208547592163086
391.0,10.0,10.0,0.7396519184112549
587.0,8.0,8.0,1.142336368560791
403.0,5.0,5.0,0.7378444671630859
353.0,7.0,7.0,0.6402485370635986
581.0,14.0,14.0,1.0784952640533447
792.0,9.0,9.0,1.4649126529693604
232.0,1.0,1.0,0.415250301361084
168.0,1.0,1.0,0.3509054183959961
83.0,0.0,0.0,0.15899109840393066
523.0,14.0,14.0,0.9843411445617676
795.0,11.0,11.0,1.489485740661621
191.0,0.0,0.0,0.34562015533447266
178.0,6.0,6.0,0.33612585067749023
300.0,4.0,4.0,0.5517840385437012
425.0,12.0,12.0,0.8220610618591309
935.0,26.0,26.0,1.6659564971923828
127.0,5.0,5.0,0.23259925842285156
321.0,6.0,6.0,0.5992066860198975
382.0,15.0,15.0,0.7164108753204346
70.0,2.0,2.0,0.1275327205657959
266.0,3.0,3.0,0.48067712783813477
133.0,5.0,5.0,0.25660037994384766
244.0,9.0,9.0,0.47814321517944336
1036.0,16.0,16.0,1.8354082107543945
125.0,4.0,4.0,0.268078088760376
987.0,18.0,18.0,1.7678909301757812
848.0,18.0,18.0,1.6107661724090576
1393.0,34.0,34.0,2.611846446990967
500.0,8.0,8.0,0.9422941207885742
52.0,1.0,1.0,0.08865547180175781
235.0,6.0,6.0,0.42209744453430176
177.0,1.0,1.0,0.3102755546569824
514.0,9.0,9.0,0.9378321170806885
119.0,1.0,1.0,0.2115936279296875
1228.0,23.0,23.0,2.310805082321167
390.0,6.0,6.0,0.727910041809082
226.0,6.0,6.0,0.40151309967041016
692.0,23.0,23.0,1.3202440738677979
478.0,11.0,11.0,0.9129164218902588
243.0,2.0,2.0,0.44921159744262695
110.0,1.0,1.0,0.2020704746246338
410.0,8.0,8.0,0.7472591400146484
194.0,2.0,2.0,0.3655393123626709
450.0,7.0,7.0,0.7924811840057373
1248.0,20.0,20.0,2.2288432121276855
873.0,26.0,26.0,1.6122758388519287
594.0,15.0,15.0,1.0474536418914795
239.0,0.0,0.0,0.4513547420501709
502.0,7.0,7.0,0.9220266342163086
539.0,8.0,8.0,0.9803628921508789
289.0,7.0,7.0,0.5475397109985352
258.0,5.0,5.0,0.4807090759277344
67.0,0.0,0.0,0.11353707313537598
88.0,4.0,4.0,0.16007232666015625
521.0,1.0,1.0,1.001920461654663
94.0,0.0,0.0,0.15054750442504883
169.0,4.0,4.0,0.31412434577941895
861.0,23.0,23.0,1.6008684635162354
160.0,4.0,4.0,0.28530406951904297
1346.0,21.0,21.0,2.4690909385681152
485.0,10.0,10.0,0.9168128967285156
194.0,2.0,2.0,0.3350241184234619
1312.0,35.0,35.0,2.376295804977417
166.0,5.0,5.0,0.299602746963501
2107.0,64.0,64.0,3.876356363296509
50.0,0.0,0.0,0.09421300888061523
676.0,14.0,14.0,1.2819762229919434
1007.0,18.0,18.0,1.849367380142212
506.0,7.0,7.0,0.9653749465942383
735.0,15.0,15.0,1.3108406066894531
61.0,0.0,0.0,0.11705636978149414
252.0,6.0,6.0,0.4761369228363037
295.0,5.0,5.0,0.5626640319824219
421.0,14.0,14.0,0.793421745300293
135.0,2.0,2.0,0.25360107421875
357.0,4.0,4.0,0.6655068397521973
535.0,9.0,9.0,0.9818758964538574
285.0,4.0,4.0,0.5282435417175293
359.0,14.0,14.0,0.6630508899688721
224.0,4.0,4.0,0.4602982997894287
68.0,2.0,2.0,0.13104009628295898
680.0,8.0,8.0,1.2202174663543701
124.0,3.0,3.0,0.23813891410827637
366.0,10.0,10.0,0.6988146305084229
415.0,5.0,5.0,0.7046422958374023
144.0,1.0,1.0,0.2760791778564453
650.0,16.0,16.0,1.182591199874878
49.0,0.0,0.0,0.11280155181884766
79.0,1.0,1.0,0.141096830368042
698.0,12.0,12.0,1.274761438369751
579.0,8.0,8.0,1.0980889797210693
68.0,0.0,0.0,0.13144540786743164
186.0,3.0,3.0,0.34000658988952637
1103.0,17.0,17.0,2.080615997314453
131.0,7.0,7.0,0.2433178424835205
479.0,7.0,7.0,0.8787992000579834
370.0,9.0,9.0,0.7220668792724609
172.0,5.0,5.0,0.3206593990325928
344.0,4.0,4.0,0.6360123157501221
50.0,0.0,0.0,0.09753203392028809
150.0,1.0,1.0,0.2824068069458008
374.0,4.0,4.0,0.7012901306152344
109.0,0.0,0.0,0.2047111988067627
540.0,19.0,19.0,0.9688732624053955
819.0,16.0,16.0,1.5189082622528076
1434.0,37.0,37.0,2.6573638916015625
621.0,14.0,14.0,1.1486620903015137
421.0,20.0,20.0,0.7588422298431396
254.0,3.0,3.0,0.44028210639953613
959.0,19.0,19.0,1.7643733024597168
1034.0,18.0,18.0,1.862725019454956
377.0,12.0,12.0,0.6998288631439209
706.0,16.0,16.0,1.3350567817687988
348.0,4.0,4.0,0.682654619216919
197.0,9.0,9.0,0.3661642074584961
889.0,9.0,9.0,1.623497486114502
554.0,17.0,17.0,1.0542051792144775
629.0,11.0,11.0,1.17000150680542
688.0,18.0,18.0,1.3265533447265625
220.0,6.0,6.0,0.4021291732788086
314.0,4.0,4.0,0.5863475799560547
73.0,1.0,1.0,0.1340630054473877
38.0,1.0,1.0,0.08447790145874023
280.0,14.0,14.0,0.5047421455383301
109.0,0.0,0.0,0.2060692310333252
270.0,1.0,1.0,0.5126769542694092
145.0,1.0,1.0,0.26790356636047363
510.0,7.0,7.0,0.9736349582672119
323.0,9.0,9.0,0.5866134166717529
163.0,9.0,9.0,0.3023500442504883
210.0,10.0,10.0,0.3814997673034668
215.0,5.0,5.0,0.3915426731109619
336.0,6.0,6.0,0.6496648788452148
305.0,5.0,5.0,0.5453541278839111
42.0,1.0,1.0,0.07414102554321289
248.0,0.0,0.0,0.44097042083740234
290.0,3.0,3.0,0.5511269569396973
223.0,6.0,6.0,0.42955470085144043
917.0,22.0,22.0,1.7027859687805176
548.0,14.0,14.0,1.0275423526763916
126.0,6.0,6.0,0.23006987571716309
457.0,1.0,1.0,0.8152782917022705
171.0,6.0,6.0,0.31263256072998047
1761.0,31.0,31.0,3.2047646045684814
326.0,9.0,9.0,0.609217643737793
122.0,1.0,1.0,0.21301507949829102
82.0,2.0,2.0,0.1500716209411621
272.0,9.0,9.0,0.49034643173217773
301.0,3.0,3.0,0.5421445369720459
350.0,2.0,2.0,0.5999834537506104
492.0,11.0,11.0,0.9049851894378662
185.0,11.0,11.0,0.32890820503234863
130.0,2.0,2.0,0.2540590763092041
170.0,4.0,4.0,0.3346130847930908
234.0,5.0,5.0,0.40516018867492676
404.0,9.0,9.0,0.7272975444793701
275.0,3.0,3.0,0.5650539398193359
935.0,11.0,11.0,1.7473394870758057
479.0,10.0,10.0,0.8868465423583984
407.0,14.0,14.0,0.6916289329528809
428.0,14.0,14.0,0.7847309112548828
310.0,4.0,4.0,0.5420668125152588
171.0,1.0,1.0,0.3222997188568115
396.0,6.0,6.0,0.6986384391784668
689.0,16.0,16.0,1.2709968090057373
57.0,0.0,0.0,0.09418344497680664
291.0,2.0,2.0,0.5467586517333984
146.0,0.0,0.0,0.27008056640625
224.0,7.0,7.0,0.4055907726287842
153.0,7.0,7.0,0.29857444763183594
730.0,25.0,25.0,1.377354621887207
1848.0,36.0,36.0,3.199937105178833
124.0,3.0,3.0,0.23536896705627441
1037.0,21.0,21.0,1.9265098571777344
93.0,0.0,0.0,0.1722266674041748
109.0,3.0,3.0,0.20398473739624023
200.0,3.0,3.0,0.38179707527160645
527.0,8.0,8.0,0.916771411895752
242.0,3.0,3.0,0.45646166801452637
1449.0,31.0,31.0,2.6037814617156982
237.0,3.0,3.0,0.42869138717651367
955.0,29.0,29.0,1.6673150062561035
253.0,5.0,5.0,0.45168209075927734
91.0,2.0,2.0,0.16854596138000488
130.0,4.0,4.0,0.23159527778625488
271.0,7.0,7.0,0.49925684928894043
222.0,3.0,3.0,0.41114115715026855
153.0,1.0,1.0,0.2500889301300049
752.0,18.0,18.0,1.3935251235961914
480.0,7.0,7.0,0.8686606884002686
361.0,14.0,14.0,0.6277709007263184
663.0,9.0,9.0,1.1721813678741455
199.0,2.0,2.0,0.35290098190307617
327.0,8.0,8.0,0.550537109375
116.0,4.0,4.0,0.21907973289489746
71.0,0.0,0.0,0.1350562572479248
38.0,1.0,1.0,0.07153010368347168
860.0,15.0,15.0,1.608186960220337
387.0,16.0,16.0,0.7184951305389404
292.0,4.0,4.0,0.5574533939361572
322.0,5.0,5.0,0.5513162612915039
192.0,4.0,4.0,0.3113548755645752
206.0,5.0,5.0,0.37911510467529297
325.0,4.0,4.0,0.5787343978881836
667.0,11.0,11.0,1.2281124591827393
293.0,8.0,8.0,0.5256783962249756
224.0,2.0,2.0,0.3821396827697754
133.0,3.0,3.0,0.24359941482543945
183.0,5.0,5.0,0.36249661445617676
911.0,14.0,14.0,1.6236944198608398
266.0,5.0,5.0,0.47513580322265625
198.0,4.0,4.0,0.4437878131866455
480.0,7.0,7.0,0.8816313743591309
59.0,0.0,0.0,0.10783720016479492
233.0,9.0,9.0,0.43552136421203613
1849.0,22.0,22.0,3.391376256942749
623.0,16.0,16.0,1.1558828353881836
430.0,11.0,11.0,0.7973802089691162
81.0,0.0,0.0,0.1450486183166504
74.0,2.0,2.0,0.1250920295715332
616.0,13.0,13.0,1.0758373737335205
921.0,24.0,24.0,1.7240891456604004
740.0,13.0,13.0,1.3855583667755127
171.0,10.0,10.0,0.2955286502838135
337.0,2.0,2.0,0.6060113906860352
59.0,0.0,0.0,0.11034369468688965
51.0,4.0,4.0,0.07853817939758301
495.0,19.0,19.0,0.8784475326538086
575.0,2.0,2.0,1.0358846187591553
952.0,15.0,15.0,1.7571344375610352
1529.0,31.0,31.0,2.743166446685791
331.0,0.0,0.0,0.5965349674224854
366.0,9.0,9.0,0.6747581958770752
337.0,7.0,7.0,0.6240906715393066
103.0,1.0,1.0,0.18836355209350586
535.0,12.0,12.0,1.0062196254730225
1199.0,17.0,17.0,2.163231372833252
113.0,2.0,2.0,0.1857311725616455
555.0,14.0,14.0,1.0637798309326172
192.0,3.0,3.0,0.3610410690307617
114.0,2.0,2.0,0.20435404777526855
89.0,4.0,4.0,0.1723170280456543
444.0,11.0,11.0,0.8341696262359619
145.0,0.0,0.0,0.2665073871612549
304.0,3.0,3.0,0.5778465270996094
1889.0,39.0,39.0,3.4801580905914307
193.0,3.0,3.0,0.36084890365600586
252.0,9.0,9.0,0.4936501979827881
80.0,5.0,5.0,0.14410018920898438
734.0,7.0,7.0,1.346181869506836
292.0,7.0,7.0,0.5635251998901367
155.0,3.0,3.0,0.2796008586883545
295.0,12.0,12.0,0.5382289886474609
85.0,0.0,0.0,0.1620934009552002
104.0,4.0,4.0,0.2091386318206787
389.0,9.0,9.0,0.7218215465545654
324.0,5.0,5.0,0.6256260871887207
164.0,0.0,0.0,0.3019673824310303
1444.0,33.0,33.0,2.719183921813965
141.0,7.0,7.0,0.30956506729125977
1579.0,26.0,26.0,2.962315797805786
694.0,20.0,20.0,1.274095058441162
910.0,37.0,37.0,1.7120709419250488
481.0,16.0,16.0,0.8718109130859375
142.0,3.0,3.0,0.25431108474731445
91.0,0.0,0.0,0.1721646785736084
1486.0,46.0,46.0,2.750765562057495
86.0,2.0,2.0,0.17393803596496582
293.0,3.0,3.0,0.536444902420044
150.0,3.0,3.0,0.2615041732788086
742.0,16.0,16.0,1.4212956428527832
63.0,0.0,0.0,0.11269855499267578
416.0,5.0,5.0,0.7710628509521484
164.0,7.0,7.0,0.2872438430786133
298.0,10.0,10.0,0.5038959980010986
272.0,5.0,5.0,0.49798083305358887
163.0,1.0,1.0,0.3237342834472656
433.0,6.0,6.0,0.7786593437194824
233.0,2.0,2.0,0.4434843063354492
362.0,6.0,6.0,0.6822586059570312
170.0,3.0,3.0,0.3299083709716797
344.0,6.0,6.0,0.6449253559112549
344.0,13.0,13.0,0.6252079010009766
663.0,10.0,10.0,1.2477428913116455
502.0,6.0,6.0,0.9420952796936035
248.0,3.0,3.0,0.4577035903930664
921.0,22.0,22.0,1.7146296501159668
351.0,3.0,3.0,0.6580369472503662
417.0,8.0,8.0,0.8151614665985107
230.0,3.0,3.0,0.4286353588104248
574.0,7.0,7.0,1.0727169513702393
163.0,2.0,2.0,0.29816126823425293
593.0,12.0,12.0,1.101595163345337
182.0,4.0,4.0,0.3616793155670166
788.0,19.0,19.0,1.496241569519043
253.0,6.0,6.0,0.466677188873291
971.0,19.0,19.0,1.7332229614257812
898.0,15.0,15.0,1.6380393505096436
219.0,2.0,2.0,0.42262864112854004
154.0,3.0,3.0,0.29080820083618164
543.0,13.0,13.0,1.0541768074035645
272.0,2.0,2.0,0.4930267333984375
982.0,16.0,16.0,1.779395341873169
255.0,10.0,10.0,0.47921180725097656
397.0,8.0,8.0,0.7600908279418945
517.0,3.0,3.0,0.9216861724853516
1320.0,24.0,24.0,2.4197306632995605
374.0,10.0,10.0,0.6889047622680664
260.0,8.0,8.0,0.4680976867675781
263.0,4.0,4.0,0.4639730453491211
104.0,1.0,1.0,0.19259047508239746
180.0,2.0,2.0,0.332613468170166
508.0,16.0,16.0,0.944941520690918
357.0,6.0,6.0,0.5803678035736084
1480.0,36.0,36.0,2.7186033725738525
174.0,1.0,1.0,0.32460594177246094
263.0,8.0,8.0,0.48270535469055176
97.0,3.0,3.0,0.17346429824829102
38.0,3.0,3.0,0.07753181457519531
266.0,4.0,4.0,0.5099682807922363
1003.0,30.0,30.0,1.756971836090088
61.0,1.0,1.0,0.12816452980041504
112.0,3.0,3.0,0.2039933204650879
347.0,11.0,11.0,0.5419180393218994
851.0,13.0,13.0,1.5951452255249023
78.0,6.0,6.0,0.1420118808746338
76.0,0.0,0.0,0.14260625839233398
266.0,9.0,9.0,0.4802408218383789
93.0,1.0,1.0,0.20410537719726562
165.0,2.0,2.0,0.31212615966796875
150.0,1.0,1.0,0.2762789726257324
765.0,35.0,35.0,1.4423537254333496
161.0,2.0,2.0,0.2673327922821045
193.0,3.0,3.0,0.35504627227783203
104.0,0.0,0.0,0.17232060432434082
98.0,4.0,4.0,0.18834686279296875
227.0,5.0,5.0,0.39275288581848145
1598.0,22.0,22.0,3.024542808532715
131.0,2.0,2.0,0.24228239059448242
481.0,3.0,3.0,0.8946528434753418
441.0,8.0,8.0,0.7977006435394287
202.0,0.0,0.0,0.36115527153015137
132.0,3.0,3.0,0.250917911529541
648.0,5.0,5.0,1.1940906047821045
168.0,4.0,4.0,0.3714168071746826
75.0,1.0,1.0,0.10964846611022949
279.0,7.0,7.0,0.5262093544006348
151.0,2.0,2.0,0.2983968257904053
452.0,11.0,11.0,0.8374061584472656
523.0,11.0,11.0,0.9566469192504883
695.0,10.0,10.0,1.2399389743804932
388.0,7.0,7.0,0.750230073928833
152.0,7.0,7.0,0.2672996520996094
449.0,5.0,5.0,0.7846574783325195
123.0,2.0,2.0,0.23524928092956543
173.0,0.0,0.0,0.31420469284057617
142.0,3.0,3.0,0.2512664794921875
341.0,3.0,3.0,0.640453577041626
158.0,3.0,3.0,0.282512903213501
216.0,0.0,0.0,0.3924551010131836
1202.0,22.0,22.0,2.2188432216644287
452.0,7.0,7.0,0.8670058250427246
287.0,5.0,5.0,0.5364587306976318
606.0,24.0,24.0,1.103719711303711
617.0,11.0,11.0,1.2124147415161133
1066.0,10.0,10.0,2.029125452041626
165.0,2.0,2.0,0.2618584632873535
479.0,5.0,5.0,0.8216874599456787
153.0,2.0,2.0,0.2862696647644043
180.0,2.0,2.0,0.30423617362976074
568.0,10.0,10.0,1.0319523811340332
186.0,4.0,4.0,0.3302321434020996
101.0,0.0,0.0,0.16310930252075195
165.0,3.0,3.0,0.29715585708618164
944.0,12.0,12.0,1.6918718814849854
55.0,0.0,0.0,0.0992124080657959
823.0,10.0,10.0,1.5530598163604736
160.0,1.0,1.0,0.2793858051300049
669.0,17.0,17.0,1.1696765422821045
298.0,6.0,6.0,0.5388057231903076
498.0,15.0,15.0,0.8779597282409668
142.0,1.0,1.0,0.2444443702697754
107.0,3.0,3.0,0.19814348220825195
91.0,3.0,3.0,0.16936087608337402
93.0,1.0,1.0,0.17658782005310059
318.0,7.0,7.0,0.5725364685058594
226.0,4.0,4.0,0.4262583255767822
580.0,11.0,11.0,1.0418107509613037
186.0,2.0,2.0,0.35269713401794434
76.0,0.0,0.0,0.14310026168823242
123.0,4.0,4.0,0.22013163566589355
238.0,3.0,3.0,0.44551801681518555
286.0,5.0,5.0,0.5127294063568115
818.0,16.0,16.0,1.441382646560669
226.0,8.0,8.0,0.45050859451293945
1036.0,23.0,23.0,1.903385877609253
201.0,5.0,5.0,0.36293625831604004
414.0,12.0,12.0,0.7224423885345459
586.0,8.0,8.0,1.067941427230835
323.0,6.0,6.0,0.6152784824371338
316.0,1.0,1.0,0.5833373069763184
98.0,1.0,1.0,0.18752551078796387
323.0,8.0,8.0,0.5724201202392578
600.0,11.0,11.0,1.251633644104004
336.0,10.0,10.0,0.6387100219726562
679.0,13.0,13.0,1.2375316619873047
212.0,1.0,1.0,0.35536980628967285
414.0,9.0,9.0,0.7814986705780029
343.0,8.0,8.0,0.6525609493255615
174.0,1.0,1.0,0.30817246437072754
162.0,1.0,1.0,0.2870934009552002
134.0,1.0,1.0,0.23523592948913574
350.0,4.0,4.0,0.6437151432037354
699.0,11.0,11.0,1.237706184387207
214.0,8.0,8.0,0.38603901863098145
295.0,10.0,10.0,0.5333919525146484
400.0,4.0,4.0,0.6907253265380859
109.0,1.0,1.0,0.18835997581481934
118.0,3.0,3.0,0.21960234642028809
148.0,0.0,0.0,0.32749056816101074
111.0,6.0,6.0,0.17456579208374023
295.0,6.0,6.0,0.5291464328765869
3257.0,53.0,53.0,5.6935484409332275
151.0,5.0,5.0,0.28250718116760254
183.0,1.0,1.0,0.3425757884979248
95.0,1.0,1.0,0.156693696975708
166.0,3.0,3.0,0.2981574535369873
286.0,8.0,8.0,0.5151205062866211
137.0,0.0,0.0,0.23285341262817383
109.0,3.0,3.0,0.17274689674377441
1176.0,37.0,37.0,2.104283571243286
80.0,1.0,1.0,0.14106178283691406
971.0,16.0,16.0,1.755671501159668
106.0,5.0,5.0,0.19994449615478516
256.0,7.0,7.0,0.48833775520324707
948.0,20.0,20.0,1.7395505905151367
642.0,19.0,19.0,1.215491771697998
428.0,10.0,10.0,0.7797574996948242
179.0,3.0,3.0,0.36023926734924316
318.0,2.0,2.0,0.6003694534301758
522.0,11.0,11.0,0.9900295734405518
221.0,1.0,1.0,0.4052753448486328
933.0,10.0,10.0,1.7094404697418213
1133.0,18.0,18.0,1.9701478481292725
49.0,0.0,0.0,0.08326983451843262
304.0,9.0,9.0,0.5248172283172607
42.0,1.0,1.0,0.07407093048095703
330.0,11.0,11.0,0.610823392868042
218.0,4.0,4.0,0.405764102935791
449.0,21.0,21.0,0.8324098587036133
129.0,7.0,7.0,0.22115421295166016
214.0,4.0,4.0,0.36472630500793457
334.0,12.0,12.0,0.560701847076416
401.0,8.0,8.0,0.6385571956634521
372.0,9.0,9.0,0.6880607604980469
85.0,0.0,0.0,0.14334678649902344
1256.0,20.0,20.0,2.274473190307617
554.0,12.0,12.0,1.0153756141662598
684.0,19.0,19.0,1.2449901103973389
848.0,16.0,16.0,1.456566572189331
274.0,1.0,1.0,0.5061731338500977
1560.0,29.0,29.0,2.6767022609710693
346.0,4.0,4.0,0.6121952533721924
58.0,0.0,0.0,0.10406994819641113
136.0,1.0,1.0,0.2080996036529541
964.0,9.0,9.0,1.6631922721862793
128.0,4.0,4.0,0.22778892517089844
301.0,3.0,3.0,0.5386433601379395
288.0,0.0,0.0,0.5613620281219482
386.0,10.0,10.0,0.686530351638794
726.0,18.0,18.0,1.1964111328125
430.0,14.0,14.0,0.7901411056518555
527.0,22.0,22.0,0.8842635154724121
70.0,1.0,1.0,0.13003945350646973
106.0,0.0,0.0,0.19512701034545898
83.0,3.0,3.0,0.1305224895477295
211.0,4.0,4.0,0.36414408683776855
199.0,2.0,2.0,0.37422990798950195
579.0,6.0,6.0,1.0546650886535645
216.0,1.0,1.0,0.4422945976257324
75.0,1.0,1.0,0.13005590438842773
679.0,18.0,18.0,1.1693413257598877
351.0,10.0,10.0,0.5724260807037354
255.0,7.0,7.0,0.4552288055419922
574.0,7.0,7.0,1.038529396057129
204.0,10.0,10.0,0.37732577323913574
1287.0,18.0,18.0,2.288738489151001
81.0,0.0,0.0,0.1422576904296875
132.0,4.0,4.0,0.2471761703491211
108.0,0.0,0.0,0.1950976848602295
526.0,11.0,11.0,0.9340922832489014
1136.0,31.0,31.0,2.0669350624084473
73.0,0.0,0.0,0.1664903163909912
89.0,0.0,0.0,0.1657423973083496
386.0,6.0,6.0,0.6839241981506348
353.0,12.0,12.0,0.6627960205078125
42.0,0.0,0.0,0.0790097713470459
602.0,12.0,12.0,1.1380255222320557
420.0,6.0,6.0,0.7457582950592041
252.0,6.0,6.0,0.4604051113128662
734.0,25.0,25.0,1.396977186203003
422.0,11.0,11.0,0.8029041290283203
51.0,0.0,0.0,0.08104395866394043
100.0,0.0,0.0,0.1807560920715332
321.0,6.0,6.0,0.5901565551757812
165.0,4.0,4.0,0.27024173736572266
691.0,6.0,6.0,1.282196283340454
449.0,8.0,8.0,0.8051338195800781
272.0,6.0,6.0,0.49582982063293457
312.0,3.0,3.0,0.531280517578125
141.0,4.0,4.0,0.27016496658325195
454.0,8.0,8.0,0.8594720363616943
121.0,4.0,4.0,0.19281864166259766
99.0,3.0,3.0,0.16208505630493164
216.0,5.0,5.0,0.3782336711883545
177.0,1.0,1.0,0.3239436149597168
410.0,5.0,5.0,0.7651143074035645
114.0,3.0,3.0,0.17533326148986816
154.0,2.0,2.0,0.29178595542907715
425.0,14.0,14.0,0.7078995704650879
149.0,2.0,2.0,0.27967143058776855
126.0,1.0,1.0,0.18911433219909668
294.0,5.0,5.0,0.4769127368927002
454.0,13.0,13.0,0.8385553359985352
993.0,24.0,24.0,1.7222850322723389
159.0,6.0,6.0,0.3118150234222412
363.0,6.0,6.0,0.6073586940765381
55.0,3.0,3.0,0.09906387329101562
137.0,1.0,1.0,0.261181116104126
385.0,8.0,8.0,0.7112147808074951
703.0,11.0,11.0,1.2580242156982422
224.0,2.0,2.0,0.42325329780578613
329.0,5.0,5.0,0.6033616065979004
264.0,6.0,6.0,0.5226335525512695
152.0,1.0,1.0,0.2615385055541992
172.0,1.0,1.0,0.3335714340209961
613.0,10.0,10.0,1.1108367443084717
279.0,3.0,3.0,0.5201480388641357
213.0,4.0,4.0,0.34635043144226074
379.0,3.0,3.0,0.7261521816253662
620.0,14.0,14.0,1.0716145038604736
267.0,9.0,9.0,0.4922158718109131
620.0,10.0,10.0,1.0990383625030518
800.0,18.0,18.0,1.4084336757659912
314.0,5.0,5.0,0.5681722164154053
195.0,3.0,3.0,0.3872954845428467
143.0,0.0,0.0,0.2707242965698242
584.0,17.0,17.0,1.0748405456542969
542.0,7.0,7.0,0.9635183811187744
262.0,2.0,2.0,0.4334547519683838
325.0,10.0,10.0,0.618741512298584
957.0,11.0,11.0,1.5856356620788574
296.0,3.0,3.0,0.5676872730255127
332.0,10.0,10.0,0.618211030960083
486.0,12.0,12.0,0.9010794162750244
211.0,0.0,0.0,0.3830599784851074
95.0,2.0,2.0,0.15036964416503906
259.0,3.0,3.0,0.45679473876953125
552.0,14.0,14.0,1.0306992530822754
1253.0,23.0,23.0,2.2247278690338135
256.0,9.0,9.0,0.4236414432525635
157.0,5.0,5.0,0.269850492477417
394.0,3.0,3.0,0.6724960803985596
799.0,17.0,17.0,1.415217638015747
141.0,4.0,4.0,0.2352135181427002
380.0,6.0,6.0,0.6752383708953857
613.0,11.0,11.0,1.1154780387878418
1267.0,36.0,36.0,2.200685977935791
605.0,10.0,10.0,1.0905711650848389
85.0,3.0,3.0,0.1607050895690918
352.0,14.0,14.0,0.5810508728027344
642.0,14.0,14.0,1.1464946269989014
572.0,7.0,7.0,1.032529592514038
181.0,2.0,2.0,0.329364538192749
107.0,0.0,0.0,0.20395922660827637
780.0,15.0,15.0,1.4406585693359375
507.0,7.0,7.0,0.8943099975585938
74.0,0.0,0.0,0.12584948539733887
917.0,10.0,10.0,1.6307957172393799
616.0,12.0,12.0,1.1551988124847412
650.0,20.0,20.0,1.2808587551116943
104.0,7.0,7.0,0.19756722450256348
96.0,5.0,5.0,0.1522064208984375
1119.0,30.0,30.0,2.0506186485290527
153.0,1.0,1.0,0.2962353229522705
553.0,14.0,14.0,1.019500732421875
424.0,5.0,5.0,0.7240297794342041
1771.0,39.0,39.0,3.2321910858154297
83.0,2.0,2.0,0.13607549667358398
360.0,5.0,5.0,0.6525323390960693
239.0,4.0,4.0,0.4324798583984375
837.0,17.0,17.0,1.4406397342681885
699.0,17.0,17.0,1.2522358894348145
199.0,1.0,1.0,0.35233163833618164
1835.0,48.0,48.0,3.1827454566955566
173.0,1.0,1.0,0.28014707565307617
502.0,8.0,8.0,0.9326860904693604
1282.0,24.0,24.0,2.232017755508423
131.0,4.0,4.0,0.22406840324401855
198.0,6.0,6.0,0.33617401123046875
374.0,4.0,4.0,0.700423002243042
359.0,5.0,5.0,0.646355390548706
813.0,18.0,18.0,1.4436113834381104
358.0,11.0,11.0,0.6320347785949707
99.0,0.0,0.0,0.16810345649719238
281.0,3.0,3.0,0.504274845123291
318.0,5.0,5.0,0.5693161487579346
575.0,20.0,20.0,1.0628721714019775
643.0,14.0,14.0,1.192901611328125
197.0,3.0,3.0,0.3653757572174072
271.0,3.0,3.0,0.4741384983062744
181.0,6.0,6.0,0.33615589141845703
682.0,11.0,11.0,1.1487691402435303
334.0,11.0,11.0,0.6004593372344971
296.0,0.0,0.0,0.5520708560943604
697.0,8.0,8.0,1.1961250305175781
1123.0,35.0,35.0,2.0208189487457275
65.0,0.0,0.0,0.10855340957641602
129.0,2.0,2.0,0.23927593231201172
337.0,1.0,1.0,0.6238241195678711
75.0,3.0,3.0,0.12954235076904297
181.0,3.0,3.0,0.31912827491760254
199.0,2.0,2.0,0.3696024417877197
163.0,1.0,1.0,0.2961232662200928
378.0,5.0,5.0,0.694669246673584
294.0,2.0,2.0,0.5169939994812012
711.0,22.0,22.0,1.3167004585266113
51.0,1.0,1.0,0.09125089645385742
244.0,3.0,3.0,0.46565723419189453
783.0,8.0,8.0,1.3233106136322021
133.0,1.0,1.0,0.24208426475524902
839.0,29.0,29.0,1.5121850967407227
305.0,3.0,3.0,0.5527026653289795
400.0,8.0,8.0,0.761260986328125
234.0,10.0,10.0,0.4296457767486572
84.0,4.0,4.0,0.14790582656860352
174.0,6.0,6.0,0.2962186336517334
599.0,5.0,5.0,1.0527682304382324
72.0,2.0,2.0,0.12009334564208984
125.0,5.0,5.0,0.21535873413085938
609.0,14.0,14.0,1.0576450824737549
239.0,6.0,6.0,0.41623544692993164
118.0,1.0,1.0,0.22011542320251465
569.0,7.0,7.0,1.0259718894958496
163.0,0.0,0.0,0.2576022148132324
71.0,2.0,2.0,0.1255350112915039
638.0,14.0,14.0,1.1731457710266113
117.0,2.0,2.0,0.2359449863433838
244.0,6.0,6.0,0.45746707916259766
733.0,17.0,17.0,1.3262548446655273
2283.0,40.0,40.0,4.130980968475342
239.0,3.0,3.0,0.3945884704589844
58.0,0.0,0.0,0.10253167152404785
72.0,0.0,0.0,0.1295316219329834
442.0,1.0,1.0,0.8233940601348877
599.0,7.0,7.0,1.057952642440796
1279.0,18.0,18.0,2.304292917251587
732.0,14.0,14.0,1.3757634162902832
245.0,5.0,5.0,0.4547462463378906
141.0,4.0,4.0,0.27174997329711914
556.0,7.0,7.0,0.9556512832641602
552.0,13.0,13.0,0.9614017009735107
1252.0,15.0,15.0,2.2602481842041016
616.0,12.0,12.0,1.0857608318328857
473.0,8.0,8.0,0.8291468620300293
419.0,11.0,11.0,0.7190465927124023
950.0,33.0,33.0,1.62738037109375
943.0,11.0,11.0,1.7206363677978516
652.0,7.0,7.0,1.1714668273925781
900.0,17.0,17.0,1.6205365657806396
580.0,14.0,14.0,1.0657680034637451
219.0,10.0,10.0,0.3711869716644287
498.0,9.0,9.0,0.9075682163238525
132.0,6.0,6.0,0.224592924118042
138.0,0.0,0.0,0.22406864166259766
393.0,13.0,13.0,0.6839509010314941
96.0,1.0,1.0,0.17255330085754395
167.0,7.0,7.0,0.30614280700683594
207.0,8.0,8.0,0.38300633430480957
700.0,14.0,14.0,1.2280974388122559
876.0,24.0,24.0,1.541473627090454
52.0,1.0,1.0,0.09157180786132812
432.0,13.0,13.0,0.7964675426483154
471.0,8.0,8.0,0.8185203075408936
871.0,21.0,21.0,1.4463136196136475
475.0,19.0,19.0,0.8523273468017578
636.0,17.0,17.0,1.0757782459259033
380.0,8.0,8.0,0.6736564636230469
517.0,10.0,10.0,0.9502253532409668
1086.0,21.0,21.0,2.011725425720215
1442.0,40.0,40.0,2.5982682704925537
119.0,6.0,6.0,0.19807076454162598
440.0,11.0,11.0,0.8009974956512451
83.0,11.0,11.0,0.1530776023864746
308.0,9.0,9.0,0.5749692916870117
163.0,3.0,3.0,0.28766560554504395
490.0,5.0,5.0,0.8522164821624756
327.0,1.0,1.0,0.6142914295196533
310.0,3.0,3.0,0.6633915901184082
168.0,2.0,2.0,0.30412960052490234
426.0,5.0,5.0,0.8329482078552246
666.0,15.0,15.0,1.2806663513183594
1058.0,8.0,8.0,1.8553690910339355
517.0,11.0,11.0,0.9852852821350098
273.0,6.0,6.0,0.4583306312561035
231.0,2.0,2.0,0.38912296295166016
264.0,9.0,9.0,0.505258321762085
201.0,8.0,8.0,0.3631877899169922
934.0,21.0,21.0,1.6087260246276855
406.0,15.0,15.0,0.7443962097167969
161.0,1.0,1.0,0.27005982398986816
489.0,5.0,5.0,0.8428213596343994
249.0,6.0,6.0,0.4217569828033447
298.0,4.0,4.0,0.5269768238067627
273.0,6.0,6.0,0.4593508243560791
816.0,17.0,17.0,1.4207184314727783
421.0,7.0,7.0,0.7683823108673096
262.0,7.0,7.0,0.4574282169342041
309.0,4.0,4.0,0.5213820934295654
491.0,9.0,9.0,0.8531122207641602
204.0,2.0,2.0,0.36170148849487305
1305.0,17.0,17.0,2.450453519821167
176.0,5.0,5.0,0.31475210189819336
502.0,12.0,12.0,0.923797607421875
941.0,38.0,38.0,1.6568090915679932
98.0,1.0,1.0,0.15394997596740723
256.0,2.0,2.0,0.4579615592956543
991.0,16.0,16.0,1.7909810543060303
273.0,11.0,11.0,0.48121047019958496
151.0,5.0,5.0,0.26205992698669434
845.0,2.0,2.0,1.5858631134033203
642.0,14.0,14.0,1.1851372718811035
75.0,0.0,0.0,0.1328439712524414
1826.0,46.0,46.0,3.27517032623291
122.0,3.0,3.0,0.2124650478363037
243.0,5.0,5.0,0.43607401847839355
141.0,0.0,0.0,0.24431061744689941
969.0,14.0,14.0,1.7010512351989746
340.0,13.0,13.0,0.6037411689758301
378.0,15.0,15.0,0.6316759586334229
506.0,12.0,12.0,0.8798863887786865
547.0,15.0,15.0,0.962066650390625
161.0,5.0,5.0,0.2931063175201416
380.0,8.0,8.0,0.6633985042572021
231.0,9.0,9.0,0.41117238998413086
1617.0,29.0,29.0,2.833211898803711
169.0,10.0,10.0,0.2998354434967041
649.0,19.0,19.0,1.107776165008545
416.0,9.0,9.0,0.6872329711914062
311.0,0.0,0.0,0.609931230545044
1376.0,23.0,23.0,2.410438299179077
293.0,2.0,2.0,0.47102856636047363
189.0,5.0,5.0,0.3138692378997803
746.0,18.0,18.0,1.342750072479248
67.0,4.0,4.0,0.0976567268371582
47.0,0.0,0.0,0.0629427433013916
695.0,5.0,5.0,1.1781232357025146
112.0,5.0,5.0,0.18834686279296875
309.0,8.0,8.0,0.5178029537200928
226.0,4.0,4.0,0.4225308895111084
335.0,6.0,6.0,0.56512451171875
207.0,8.0,8.0,0.37628936767578125
564.0,17.0,17.0,0.989499568939209
376.0,12.0,12.0,0.6573834419250488
323.0,3.0,3.0,0.5650570392608643
466.0,4.0,4.0,0.8475005626678467
464.0,8.0,8.0,0.827892541885376
272.0,4.0,4.0,0.47190237045288086
86.0,3.0,3.0,0.1728043556213379
962.0,21.0,21.0,1.7096855640411377
141.0,2.0,2.0,0.2503690719604492
520.0,9.0,9.0,0.8944895267486572
427.0,6.0,6.0,0.7668116092681885
644.0,8.0,8.0,1.1136589050292969
411.0,5.0,5.0,0.7375466823577881
736.0,15.0,15.0,1.2380123138427734
299.0,8.0,8.0,0.5013411045074463
252.0,5.0,5.0,0.45531249046325684
1042.0,18.0,18.0,1.7706489562988281
418.0,11.0,11.0,0.7127282619476318
860.0,18.0,18.0,1.4625720977783203
593.0,7.0,7.0,1.0470681190490723
1251.0,36.0,36.0,2.1895079612731934
95.0,0.0,0.0,0.14242029190063477
355.0,2.0,2.0,0.6277976036071777
96.0,0.0,0.0,0.1501002311706543
142.0,5.0,5.0,0.23569226264953613
811.0,15.0,15.0,1.4410648345947266
419.0,9.0,9.0,0.6905202865600586
631.0,15.0,15.0,1.0675220489501953
479.0,3.0,3.0,0.784459114074707
979.0,22.0,22.0,1.6523523330688477
661.0,17.0,17.0,1.0891993045806885
519.0,15.0,15.0,0.9734294414520264
993.0,29.0,29.0,1.7228038311004639
820.0,24.0,24.0,1.4417932033538818
748.0,11.0,11.0,1.3032786846160889
62.0,0.0,0.0,0.10982346534729004
828.0,14.0,14.0,1.4418931007385254
1445.0,23.0,23.0,2.555617094039917
320.0,4.0,4.0,0.5802578926086426
586.0,11.0,11.0,1.0320322513580322
589.0,7.0,7.0,1.0051240921020508
277.0,4.0,4.0,0.5234434604644775
1564.0,43.0,43.0,2.7603116035461426
382.0,6.0,6.0,0.6588337421417236
87.0,0.0,0.0,0.17319822311401367
438.0,9.0,9.0,0.7690451145172119
816.0,14.0,14.0,1.4113640785217285
222.0,0.0,0.0,0.3564295768737793
309.0,7.0,7.0,0.5454137325286865
1147.0,19.0,19.0,1.9269161224365234
277.0,2.0,2.0,0.5132443904876709
413.0,7.0,7.0,0.6890156269073486
441.0,6.0,6.0,0.7851088047027588
504.0,12.0,12.0,0.9071018695831299
1109.0,26.0,26.0,2.009960651397705
87.0,0.0,0.0,0.16991591453552246
474.0,11.0,11.0,0.7818920612335205
322.0,3.0,3.0,0.5181891918182373
525.0,11.0,11.0,0.9508564472198486
186.0,4.0,4.0,0.29926443099975586
241.0,4.0,4.0,0.41161084175109863
402.0,16.0,16.0,0.7036945819854736
111.0,2.0,2.0,0.18794536590576172
169.0,1.0,1.0,0.2668921947479248
660.0,6.0,6.0,1.151763677597046
288.0,13.0,13.0,0.5176758766174316
283.0,3.0,3.0,0.4782564640045166
180.0,3.0,3.0,0.30736565589904785
307.0,7.0,7.0,0.5769028663635254
756.0,8.0,8.0,1.3199565410614014
202.0,3.0,3.0,0.3600027561187744
361.0,6.0,6.0,0.6421208381652832
413.0,7.0,7.0,0.7196955680847168
405.0,5.0,5.0,0.6587965488433838
218.0,3.0,3.0,0.4078538417816162
458.0,13.0,13.0,0.7533214092254639
418.0,8.0,8.0,0.6899738311767578
128.0,3.0,3.0,0.22000551223754883
564.0,11.0,11.0,1.0174684524536133
500.0,15.0,15.0,0.9108366966247559
776.0,12.0,12.0,1.3628151416778564
541.0,15.0,15.0,0.8949322700500488
288.0,7.0,7.0,0.4867289066314697
441.0,16.0,16.0,0.7969026565551758
234.0,5.0,5.0,0.40747928619384766
316.0,2.0,2.0,0.5494425296783447
560.0,9.0,9.0,1.004544973373413
632.0,11.0,11.0,1.119976282119751
798.0,15.0,15.0,1.401350975036621
123.0,5.0,5.0,0.20385003089904785
1074.0,23.0,23.0,1.899989366531372
264.0,6.0,6.0,0.44873547554016113
267.0,6.0,6.0,0.4556570053100586
774.0,12.0,12.0,1.3740592002868652
857.0,13.0,13.0,1.461195468902588
775.0,19.0,19.0,1.4082283973693848
431.0,11.0,11.0,0.7846693992614746
246.0,4.0,4.0,0.40793299674987793
866.0,22.0,22.0,1.5241174697875977
653.0,15.0,15.0,1.1307744979858398
366.0,10.0,10.0,0.661484956741333
73.0,2.0,2.0,0.12625360488891602
86.0,3.0,3.0,0.1258234977722168
583.0,9.0,9.0,1.0046768188476562
132.0,4.0,4.0,0.2352917194366455
362.0,9.0,9.0,0.6873898506164551
172.0,9.0,9.0,0.29816269874572754
112.0,1.0,1.0,0.18834376335144043
471.0,4.0,4.0,0.7688663005828857
440.0,8.0,8.0,0.812359094619751
692.0,18.0,18.0,1.1935982704162598
582.0,4.0,4.0,1.0344626903533936
151.0,3.0,3.0,0.21493172645568848
195.0,3.0,3.0,0.3296995162963867
146.0,1.0,1.0,0.23523283004760742
623.0,6.0,6.0,1.1015698909759521
889.0,20.0,20.0,1.5651071071624756
428.0,7.0,7.0,0.7529726028442383
314.0,3.0,3.0,0.5460655689239502
567.0,12.0,12.0,0.9106032848358154
183.0,4.0,4.0,0.3142225742340088
228.0,9.0,9.0,0.4084186553955078
392.0,13.0,13.0,0.7186017036437988
43.0,0.0,0.0,0.06269955635070801
284.0,6.0,6.0,0.5177750587463379
974.0,10.0,10.0,1.724341630935669
766.0,12.0,12.0,1.2876100540161133
69.0,1.0,1.0,0.1254286766052246
554.0,12.0,12.0,0.9392175674438477
824.0,14.0,14.0,1.3986644744873047
1296.0,25.0,25.0,2.2103288173675537
272.0,2.0,2.0,0.49835991859436035
232.0,6.0,6.0,0.37406039237976074
162.0,11.0,11.0,0.28252673149108887
212.0,7.0,7.0,0.3613276481628418
382.0,8.0,8.0,0.6430890560150146
255.0,1.0,1.0,0.4705777168273926
34.0,1.0,1.0,0.07855916023254395
1034.0,21.0,21.0,1.753676414489746
962.0,22.0,22.0,1.6954708099365234
914.0,8.0,8.0,1.5638818740844727
934.0,28.0,28.0,1.585386037826538
141.0,0.0,0.0,0.26575160026550293
495.0,10.0,10.0,0.7970960140228271
301.0,6.0,6.0,0.518284797668457
497.0,10.0,10.0,0.8315534591674805
578.0,6.0,6.0,0.9718265533447266
1144.0,23.0,23.0,1.9911150932312012
195.0,1.0,1.0,0.3297688961029053
592.0,11.0,11.0,1.0199270248413086
496.0,10.0,10.0,0.8923919200897217
1536.0,26.0,26.0,2.6186094284057617
152.0,0.0,0.0,0.266904354095459
1489.0,34.0,34.0,2.6822397708892822
971.0,13.0,13.0,1.676201581954956
329.0,5.0,5.0,0.5489513874053955
131.0,2.0,2.0,0.21947312355041504
106.0,2.0,2.0,0.1887829303741455
419.0,6.0,6.0,0.7341189384460449
361.0,12.0,12.0,0.596550464630127
679.0,15.0,15.0,1.223952054977417
356.0,3.0,3.0,0.6251065731048584
594.0,7.0,7.0,0.9733855724334717
234.0,6.0,6.0,0.40793800354003906
447.0,7.0,7.0,0.7972602844238281
662.0,12.0,12.0,1.1635677814483643
436.0,12.0,12.0,0.7913520336151123
1107.0,16.0,16.0,1.8859241008758545
446.0,12.0,12.0,0.7976646423339844
945.0,19.0,19.0,1.6173701286315918
444.0,16.0,16.0,0.7666232585906982
727.0,20.0,20.0,1.255605697631836
822.0,20.0,20.0,1.4397695064544678
728.0,12.0,12.0,1.240854263305664
354.0,8.0,8.0,0.6487765312194824
256.0,2.0,2.0,0.4291114807128906
1055.0,15.0,15.0,1.7713038921356201
431.0,5.0,5.0,0.7534513473510742
110.0,5.0,5.0,0.18835854530334473
838.0,20.0,20.0,1.438812017440796
405.0,9.0,9.0,0.6588490009307861
237.0,2.0,2.0,0.44362783432006836
698.0,13.0,13.0,1.235243558883667
78.0,0.0,0.0,0.14141440391540527
196.0,1.0,1.0,0.3449411392211914
256.0,6.0,6.0,0.4552488327026367
323.0,6.0,6.0,0.5022382736206055
292.0,2.0,2.0,0.515688419342041
85.0,2.0,2.0,0.12610244750976562
83.0,3.0,3.0,0.14107370376586914
179.0,10.0,10.0,0.2976419925689697
140.0,9.0,9.0,0.22011971473693848
636.0,10.0,10.0,1.0984067916870117
85.0,1.0,1.0,0.17795085906982422
83.0,3.0,3.0,0.15393495559692383
102.0,0.0,0.0,0.1647627353668213
143.0,0.0,0.0,0.2669200897216797
205.0,1.0,1.0,0.36060190200805664
484.0,20.0,20.0,0.7850656509399414
1240.0,25.0,25.0,2.0668461322784424
234.0,8.0,8.0,0.463348388671875
316.0,3.0,3.0,0.8195099830627441
153.0,0.0,0.0,0.40154504776000977
476.0,9.0,9.0,1.1887478828430176
267.0,10.0,10.0,0.7250192165374756
434.0,11.0,11.0,1.1299595832824707
608.0,16.0,16.0,1.566307783126831
160.0,1.0,1.0,0.3923676013946533
527.0,7.0,7.0,1.4282236099243164
410.0,11.0,11.0,1.0418705940246582
275.0,8.0,8.0,0.6913576126098633
143.0,1.0,1.0,0.3767514228820801
612.0,12.0,12.0,1.6604394912719727
63.0,0.0,0.0,0.1723461151123047
251.0,4.0,4.0,0.7203974723815918
162.0,1.0,1.0,0.4035203456878662
160.0,2.0,2.0,0.4277358055114746
81.0,2.0,2.0,0.23567652702331543
541.0,10.0,10.0,1.3832159042358398
194.0,3.0,3.0,0.45980405807495117
1199.0,30.0,30.0,3.1085147857666016
1153.0,16.0,16.0,2.9993698596954346
1221.0,20.0,20.0,3.2866904735565186
389.0,4.0,4.0,0.9984996318817139
683.0,21.0,21.0,1.7702505588531494
640.0,18.0,18.0,1.601278305053711
474.0,8.0,8.0,1.2828779220581055
110.0,3.0,3.0,0.29827117919921875
881.0,6.0,6.0,2.3533060550689697
68.0,2.0,2.0,0.17023515701293945
675.0,11.0,11.0,1.724228858947754
181.0,4.0,4.0,0.4244375228881836
188.0,0.0,0.0,0.48659253120422363
278.0,1.0,1.0,0.7947218418121338
564.0,8.0,8.0,1.4267292022705078
252.0,1.0,1.0,0.6602804660797119
99.0,0.0,0.0,0.27399182319641113
210.0,11.0,11.0,0.5337538719177246
268.0,6.0,6.0,0.6642217636108398
227.0,5.0,5.0,0.5760726928710938
64.0,1.0,1.0,0.17224431037902832
686.0,10.0,10.0,1.7563507556915283
763.0,7.0,7.0,2.0221216678619385
150.0,2.0,2.0,0.3692152500152588
110.0,4.0,4.0,0.30069470405578613
1160.0,6.0,6.0,3.0549018383026123
298.0,7.0,7.0,0.7520065307617188
391.0,0.0,0.0,1.0520210266113281
311.0,6.0,6.0,0.8269810676574707
74.0,1.0,1.0,0.17276811599731445
323.0,6.0,6.0,0.8015685081481934
77.0,4.0,4.0,0.18837761878967285
91.0,1.0,1.0,0.25131988525390625
140.0,2.0,2.0,0.3287663459777832
393.0,15.0,15.0,1.0225110054016113
395.0,5.0,5.0,1.0048542022705078
432.0,8.0,8.0,1.1290478706359863
90.0,3.0,3.0,0.20634889602661133
92.0,0.0,0.0,0.23435521125793457
298.0,10.0,10.0,0.7538492679595947
583.0,13.0,13.0,1.5664241313934326
103.0,2.0,2.0,0.29819345474243164
276.0,4.0,4.0,0.7220511436462402
567.0,7.0,7.0,1.5173137187957764
124.0,1.0,1.0,0.34549474716186523
397.0,4.0,4.0,1.1178057193756104
633.0,8.0,8.0,1.592581033706665
585.0,16.0,16.0,1.5670363903045654
81.0,1.0,1.0,0.20440936088562012
233.0,1.0,1.0,0.5960850715637207
383.0,9.0,9.0,1.0207629203796387
346.0,8.0,8.0,0.8705306053161621
174.0,1.0,1.0,0.43877220153808594
243.0,6.0,6.0,0.6355609893798828
232.0,7.0,7.0,0.654609203338623
110.0,1.0,1.0,0.25157713890075684
108.0,0.0,0.0,0.282545804977417
153.0,6.0,6.0,0.4039158821105957
102.0,1.0,1.0,0.2821674346923828
402.0,6.0,6.0,1.09397554397583
90.0,0.0,0.0,0.2358238697052002
287.0,3.0,3.0,0.7374413013458252
736.0,15.0,15.0,1.9263989925384521
570.0,4.0,4.0,1.6010591983795166
258.0,2.0,2.0,0.703437328338623
536.0,12.0,12.0,1.3978629112243652
48.0,0.0,0.0,0.12585997581481934
351.0,13.0,13.0,0.9210638999938965
338.0,2.0,2.0,0.9119484424591064
477.0,8.0,8.0,1.3142356872558594
403.0,6.0,6.0,1.131087064743042
229.0,2.0,2.0,0.6272327899932861
81.0,0.0,0.0,0.24610066413879395
166.0,1.0,1.0,0.45038652420043945
1531.0,30.0,30.0,3.973879098892212
254.0,9.0,9.0,0.6878674030303955
458.0,15.0,15.0,1.174574375152588
1103.0,21.0,21.0,2.909395456314087
147.0,5.0,5.0,0.39180731773376465
260.0,5.0,5.0,0.6825203895568848
120.0,1.0,1.0,0.3143014907836914
134.0,2.0,2.0,0.35106396675109863
377.0,8.0,8.0,1.0756983757019043
180.0,2.0,2.0,0.44204211235046387
139.0,0.0,0.0,0.3660581111907959
182.0,4.0,4.0,0.48872876167297363
204.0,5.0,5.0,0.5225927829742432
38.0,1.0,1.0,0.10981154441833496
281.0,11.0,11.0,0.777562141418457
325.0,3.0,3.0,0.8410570621490479
178.0,12.0,12.0,0.47620224952697754
321.0,5.0,5.0,0.9096348285675049
413.0,7.0,7.0,1.0486507415771484
162.0,1.0,1.0,0.4012718200683594
102.0,1.0,1.0,0.30816173553466797
184.0,5.0,5.0,0.5376980304718018
467.0,11.0,11.0,1.2042784690856934
1614.0,44.0,44.0,4.251945495605469
195.0,5.0,5.0,0.5263915061950684
230.0,4.0,4.0,0.5489559173583984
57.0,1.0,1.0,0.15720891952514648
153.0,3.0,3.0,0.44678616523742676
327.0,3.0,3.0,0.8777847290039062
1152.0,16.0,16.0,2.9792001247406006
148.0,5.0,5.0,0.37676286697387695
558.0,10.0,10.0,1.4839544296264648
209.0,5.0,5.0,0.5643293857574463
181.0,4.0,4.0,0.5175483226776123
85.0,5.0,5.0,0.18838286399841309
1147.0,16.0,16.0,2.970961093902588
354.0,4.0,4.0,0.9102287292480469
653.0,5.0,5.0,1.783524990081787
145.0,1.0,1.0,0.37257838249206543
432.0,5.0,5.0,1.128164291381836
194.0,4.0,4.0,0.5518403053283691
157.0,6.0,6.0,0.3606693744659424
915.0,12.0,12.0,2.3451426029205322
545.0,9.0,9.0,1.4354004859924316
101.0,5.0,5.0,0.25089144706726074
429.0,3.0,3.0,1.125183343887329
249.0,1.0,1.0,0.6782288551330566
224.0,4.0,4.0,0.589287519454956
167.0,5.0,5.0,0.4734468460083008
350.0,13.0,13.0,0.863950252532959
123.0,2.0,2.0,0.34456562995910645
199.0,1.0,1.0,0.511946439743042
151.0,7.0,7.0,0.4396021366119385
388.0,13.0,13.0,0.9682767391204834
152.0,0.0,0.0,0.37635016441345215
191.0,3.0,3.0,0.444744348526001
385.0,7.0,7.0,1.042515754699707
1814.0,42.0,42.0,4.793020963668823
280.0,0.0,0.0,0.7699735164642334
137.0,3.0,3.0,0.3294863700866699
1334.0,33.0,33.0,3.5585641860961914
486.0,17.0,17.0,1.2366602420806885
106.0,0.0,0.0,0.2508840560913086
153.0,0.0,0.0,0.408444881439209
407.0,2.0,2.0,1.0938243865966797
53.0,1.0,1.0,0.14148402214050293
148.0,6.0,6.0,0.3786017894744873
148.0,2.0,2.0,0.39206647872924805
1400.0,19.0,19.0,3.7162137031555176
1182.0,21.0,21.0,3.055706024169922
185.0,2.0,2.0,0.518763542175293
343.0,6.0,6.0,0.9228806495666504
919.0,17.0,17.0,2.3197553157806396
200.0,3.0,3.0,0.5026524066925049
428.0,1.0,1.0,1.08305025100708
124.0,0.0,0.0,0.3011941909790039
125.0,2.0,2.0,0.4012174606323242
270.0,9.0,9.0,0.6899435520172119
542.0,7.0,7.0,1.4482223987579346
65.0,1.0,1.0,0.17163991928100586
128.0,2.0,2.0,0.30526161193847656
268.0,2.0,2.0,0.8163003921508789
333.0,3.0,3.0,0.8880822658538818
387.0,14.0,14.0,1.0673770904541016
460.0,10.0,10.0,1.209317684173584
359.0,11.0,11.0,1.002251148223877
149.0,7.0,7.0,0.39399170875549316
414.0,6.0,6.0,1.1285507678985596
162.0,0.0,0.0,0.49866247177124023
410.0,7.0,7.0,1.0985333919525146
117.0,3.0,3.0,0.28258728981018066
917.0,27.0,27.0,2.3808627128601074
79.0,2.0,2.0,0.20400047302246094
142.0,4.0,4.0,0.3610987663269043
924.0,16.0,16.0,2.4082086086273193
515.0,8.0,8.0,1.301443338394165
594.0,8.0,8.0,1.564298152923584
206.0,5.0,5.0,0.486891508102417
344.0,8.0,8.0,0.8794291019439697
455.0,7.0,7.0,1.2037839889526367
1102.0,32.0,32.0,2.8337371349334717
156.0,1.0,1.0,0.4551522731781006
464.0,12.0,12.0,1.2878446578979492
754.0,19.0,19.0,1.9235599040985107
2239.0,30.0,30.0,5.819237470626831
156.0,1.0,1.0,0.4240257740020752
120.0,8.0,8.0,0.2981839179992676
1212.0,19.0,19.0,3.1030588150024414
406.0,12.0,12.0,1.0145339965820312
389.0,11.0,11.0,0.9581389427185059
291.0,2.0,2.0,0.8227417469024658
103.0,1.0,1.0,0.27239513397216797
399.0,3.0,3.0,0.9979615211486816
284.0,2.0,2.0,0.8425788879394531
140.0,8.0,8.0,0.42255449295043945
596.0,14.0,14.0,1.547724723815918
557.0,4.0,4.0,1.4491963386535645
190.0,2.0,2.0,0.4711723327636719
1634.0,35.0,35.0,4.182825326919556
118.0,0.0,0.0,0.2981984615325928
645.0,7.0,7.0,1.6599557399749756
991.0,16.0,16.0,2.5754127502441406
311.0,11.0,11.0,0.7895581722259521
98.0,1.0,1.0,0.26697492599487305
79.0,1.0,1.0,0.20398664474487305
183.0,6.0,6.0,0.48657965660095215
104.0,3.0,3.0,0.3158700466156006
429.0,4.0,4.0,1.1027178764343262
283.0,7.0,7.0,0.7485480308532715
723.0,14.0,14.0,1.861943244934082
266.0,4.0,4.0,0.6600360870361328
460.0,11.0,11.0,1.1719934940338135
411.0,6.0,6.0,1.083430290222168
595.0,9.0,9.0,1.6146209239959717
199.0,8.0,8.0,0.4837193489074707
217.0,7.0,7.0,0.5651392936706543
86.0,0.0,0.0,0.24937748908996582
56.0,1.0,1.0,0.15375256538391113
609.0,9.0,9.0,1.6111705303192139
1120.0,27.0,27.0,3.014335870742798
91.0,2.0,2.0,0.22691893577575684
288.0,8.0,8.0,0.7534348964691162
375.0,4.0,4.0,1.00496244430542
1084.0,35.0,35.0,2.82812237739563
297.0,6.0,6.0,0.7307486534118652
232.0,4.0,4.0,0.5965819358825684
371.0,8.0,8.0,1.032942533493042
64.0,6.0,6.0,0.16745781898498535
245.0,5.0,5.0,0.6278152465820312
150.0,5.0,5.0,0.3642406463623047
2136.0,34.0,34.0,5.548681735992432
117.0,3.0,3.0,0.35564422607421875
160.0,2.0,2.0,0.4200716018676758
296.0,2.0,2.0,0.7686126232147217
391.0,16.0,16.0,1.0845110416412354
183.0,1.0,1.0,0.4454817771911621
215.0,6.0,6.0,0.6120991706848145
444.0,11.0,11.0,1.2399861812591553
411.0,6.0,6.0,1.0939421653747559
568.0,9.0,9.0,1.4985694885253906
1241.0,31.0,31.0,3.248058795928955
994.0,17.0,17.0,2.5386626720428467
1385.0,26.0,26.0,3.6538331508636475
489.0,12.0,12.0,1.2323930263519287
593.0,10.0,10.0,1.6138980388641357
329.0,2.0,2.0,0.8635456562042236
133.0,0.0,0.0,0.34456634521484375
243.0,3.0,3.0,0.5651335716247559
459.0,15.0,15.0,1.2452852725982666
471.0,6.0,6.0,1.2425522804260254
109.0,7.0,7.0,0.3379697799682617
626.0,10.0,10.0,1.5094072818756104
221.0,6.0,6.0,0.5919637680053711
72.0,2.0,2.0,0.214491605758667
202.0,3.0,3.0,0.48334169387817383
860.0,12.0,12.0,2.3351993560791016
75.0,1.0,1.0,0.19030475616455078
487.0,11.0,11.0,1.2563376426696777
334.0,6.0,6.0,0.8886635303497314
397.0,7.0,7.0,1.0046329498291016
169.0,2.0,2.0,0.4557991027832031
968.0,8.0,8.0,2.5710837841033936
629.0,16.0,16.0,1.7240421772003174
187.0,6.0,6.0,0.48656773567199707
420.0,10.0,10.0,1.1407322883605957
147.0,8.0,8.0,0.39636754989624023
182.0,4.0,4.0,0.4350268840789795
202.0,3.0,3.0,0.47052621841430664
444.0,5.0,5.0,1.174354076385498
382.0,5.0,5.0,1.0045020580291748
1111.0,28.0,28.0,2.8892064094543457
70.0,0.0,0.0,0.21166205406188965
104.0,1.0,1.0,0.2705955505371094
739.0,11.0,11.0,1.8220398426055908
221.0,5.0,5.0,0.6375887393951416
272.0,8.0,8.0,0.7225229740142822
970.0,20.0,20.0,2.5528500080108643
794.0,20.0,20.0,2.067762851715088
160.0,2.0,2.0,0.4392709732055664
951.0,26.0,26.0,2.495342254638672
433.0,0.0,0.0,1.1224920749664307
618.0,13.0,13.0,1.6944501399993896
961.0,25.0,25.0,2.4844579696655273
447.0,7.0,7.0,1.157179832458496
594.0,13.0,13.0,1.5587210655212402
178.0,4.0,4.0,0.5127837657928467
477.0,9.0,9.0,1.2557072639465332
126.0,8.0,8.0,0.3141465187072754
134.0,6.0,6.0,0.3918497562408447
1434.0,40.0,40.0,3.856720447540283
98.0,4.0,4.0,0.2669663429260254
776.0,17.0,17.0,2.0379085540771484
470.0,11.0,11.0,1.2820041179656982
114.0,2.0,2.0,0.31114721298217773
928.0,20.0,20.0,2.4326772689819336
747.0,10.0,10.0,2.0034091472625732
865.0,18.0,18.0,2.3182032108306885
154.0,12.0,12.0,0.38910722732543945
234.0,4.0,4.0,0.6276476383209229
284.0,11.0,11.0,0.7849619388580322
1034.0,19.0,19.0,2.7577266693115234
517.0,6.0,6.0,1.3481037616729736
43.0,0.0,0.0,0.10983896255493164
114.0,5.0,5.0,0.2981858253479004
1671.0,23.0,23.0,4.370228052139282
248.0,4.0,4.0,0.6589314937591553
572.0,8.0,8.0,1.502957820892334
80.0,1.0,1.0,0.20400691032409668
1711.0,42.0,42.0,4.514798879623413
122.0,2.0,2.0,0.2984592914581299
319.0,12.0,12.0,0.848151445388794
396.0,2.0,2.0,1.0619592666625977
94.0,0.0,0.0,0.2356860637664795
81.0,2.0,2.0,0.19396018981933594
484.0,16.0,16.0,1.2562828063964844
303.0,9.0,9.0,0.8107225894927979
130.0,1.0,1.0,0.2982041835784912
359.0,6.0,6.0,0.9274673461914062
605.0,9.0,9.0,1.5505719184875488
174.0,6.0,6.0,0.4396953582763672
486.0,10.0,10.0,1.3302743434906006
122.0,0.0,0.0,0.3454737663269043
148.0,12.0,12.0,0.37630176544189453
451.0,3.0,3.0,1.177572250366211
188.0,1.0,1.0,0.5128805637359619
874.0,16.0,16.0,2.28224778175354
472.0,6.0,6.0,1.2244312763214111
840.0,12.0,12.0,2.2871131896972656
173.0,3.0,3.0,0.4718339443206787
306.0,4.0,4.0,0.7817287445068359
60.0,0.0,0.0,0.1254434585571289
383.0,1.0,1.0,0.9886341094970703
254.0,0.0,0.0,0.6436820030212402
227.0,1.0,1.0,0.6265285015106201
364.0,3.0,3.0,0.893857479095459
223.0,6.0,6.0,0.5651264190673828
163.0,7.0,7.0,0.4238147735595703
109.0,0.0,0.0,0.31870341300964355
267.0,2.0,2.0,0.6492583751678467
226.0,5.0,5.0,0.628472089767456
575.0,10.0,10.0,1.5187759399414062
116.0,5.0,5.0,0.28256916999816895
272.0,2.0,2.0,0.6904938220977783
451.0,7.0,7.0,1.2193593978881836
366.0,7.0,7.0,0.9623105525970459
89.0,0.0,0.0,0.2196199893951416
284.0,2.0,2.0,0.7372345924377441
425.0,9.0,9.0,1.1796438694000244
159.0,2.0,2.0,0.43996143341064453
426.0,12.0,12.0,1.1381981372833252
207.0,0.0,0.0,0.5831573009490967
1405.0,26.0,26.0,3.631798028945923
389.0,6.0,6.0,1.0157544612884521
416.0,6.0,6.0,1.082883358001709
118.0,3.0,3.0,0.2982473373413086
156.0,0.0,0.0,0.46343326568603516
521.0,16.0,16.0,1.35017991065979
169.0,4.0,4.0,0.4387686252593994
606.0,12.0,12.0,1.6271555423736572
193.0,4.0,4.0,0.5086846351623535
749.0,13.0,13.0,2.0692594051361084
424.0,8.0,8.0,1.1461398601531982
186.0,2.0,2.0,0.47567176818847656
968.0,23.0,23.0,2.504375696182251
275.0,3.0,3.0,0.7066650390625
785.0,10.0,10.0,2.0359323024749756
225.0,3.0,3.0,0.5496411323547363
497.0,13.0,13.0,1.3006150722503662
211.0,1.0,1.0,0.5173194408416748
426.0,10.0,10.0,1.0678191184997559
274.0,5.0,5.0,0.7648046016693115
681.0,15.0,15.0,1.7428994178771973
328.0,5.0,5.0,0.8749446868896484
1004.0,9.0,9.0,2.6118404865264893
277.0,7.0,7.0,0.7690834999084473
643.0,15.0,15.0,1.6610419750213623
83.0,0.0,0.0,0.20384716987609863
1674.0,29.0,29.0,4.357643365859985
243.0,0.0,0.0,0.6116487979888916
791.0,23.0,23.0,2.1286277770996094
85.0,1.0,1.0,0.21963214874267578
48.0,0.0,0.0,0.14149928092956543
377.0,5.0,5.0,1.0207147598266602
1816.0,33.0,33.0,4.725906610488892
205.0,3.0,3.0,0.593066930770874
595.0,16.0,16.0,1.632667064666748
56.0,3.0,3.0,0.15712594985961914
124.0,5.0,5.0,0.3754281997680664
176.0,3.0,3.0,0.41623568534851074
374.0,11.0,11.0,0.9422287940979004
224.0,5.0,5.0,0.5808265209197998
1620.0,21.0,21.0,4.12277626991272
921.0,22.0,22.0,2.3961424827575684
363.0,18.0,18.0,1.0006918907165527
1098.0,26.0,26.0,2.907274007797241
497.0,7.0,7.0,1.4347865581512451
871.0,17.0,17.0,2.352062225341797
965.0,16.0,16.0,2.6206953525543213
376.0,10.0,10.0,1.0185151100158691
835.0,19.0,19.0,2.2372941970825195
53.0,1.0,1.0,0.12543916702270508
851.0,20.0,20.0,2.1734910011291504
124.0,4.0,4.0,0.2981889247894287
649.0,14.0,14.0,1.7322659492492676
435.0,13.0,13.0,1.122241497039795
866.0,16.0,16.0,2.302396297454834
652.0,13.0,13.0,1.7218751907348633
482.0,12.0,12.0,1.2248163223266602
66.0,0.0,0.0,0.17276358604431152
819.0,18.0,18.0,2.1772642135620117
516.0,8.0,8.0,1.2979459762573242
146.0,5.0,5.0,0.39196348190307617
1028.0,20.0,20.0,2.6641845703125
165.0,2.0,2.0,0.42363595962524414
274.0,5.0,5.0,0.7551302909851074
931.0,20.0,20.0,2.3998990058898926
931.0,16.0,16.0,2.4457297325134277
1200.0,30.0,30.0,3.1758615970611572
526.0,6.0,6.0,1.3970799446105957
82.0,2.0,2.0,0.25876688957214355
305.0,2.0,2.0,0.7364659309387207
479.0,11.0,11.0,1.256338119506836
87.0,1.0,1.0,0.2659940719604492
506.0,16.0,16.0,1.2523856163024902
44.0,0.0,0.0,0.12544488906860352
562.0,4.0,4.0,1.45011568069458
204.0,5.0,5.0,0.5025832653045654
190.0,2.0,2.0,0.486818790435791
360.0,10.0,10.0,0.9279701709747314
759.0,22.0,22.0,1.9741246700286865
254.0,3.0,3.0,0.6681013107299805
289.0,5.0,5.0,0.7675845623016357
912.0,20.0,20.0,2.381984233856201
288.0,9.0,9.0,0.7854197025299072
77.0,1.0,1.0,0.1879734992980957
849.0,14.0,14.0,2.135336399078369
63.0,4.0,4.0,0.1566910743713379
1116.0,24.0,24.0,2.8127121925354004
78.0,0.0,0.0,0.22359681129455566
65.0,2.0,2.0,0.18835735321044922
149.0,2.0,2.0,0.3511178493499756
191.0,0.0,0.0,0.5025944709777832
227.0,8.0,8.0,0.5651707649230957
399.0,10.0,10.0,1.0664117336273193
183.0,5.0,5.0,0.4341397285461426
233.0,10.0,10.0,0.6120719909667969
146.0,1.0,1.0,0.4089231491088867
81.0,1.0,1.0,0.21997666358947754
198.0,1.0,1.0,0.5492675304412842
410.0,4.0,4.0,1.0294544696807861
1239.0,20.0,20.0,3.353816509246826
145.0,1.0,1.0,0.43762779235839844
221.0,3.0,3.0,0.5768017768859863
633.0,15.0,15.0,1.7222445011138916
116.0,3.0,3.0,0.29422426223754883
191.0,10.0,10.0,0.4870784282684326
294.0,5.0,5.0,0.7213423252105713
190.0,6.0,6.0,0.4397554397583008
1813.0,36.0,36.0,4.720914125442505
1821.0,32.0,32.0,4.75323748588562
753.0,19.0,19.0,2.004338264465332
101.0,0.0,0.0,0.28279829025268555
132.0,0.0,0.0,0.3565640449523926
375.0,5.0,5.0,0.9463682174682617
164.0,1.0,1.0,0.4236631393432617
87.0,4.0,4.0,0.22003746032714844
181.0,1.0,1.0,0.4709503650665283
478.0,16.0,16.0,1.203218936920166
226.0,4.0,4.0,0.5495131015777588
438.0,10.0,10.0,1.1899402141571045
229.0,2.0,2.0,0.5899040699005127
342.0,2.0,2.0,0.8638730049133301
230.0,1.0,1.0,0.5808022022247314
325.0,3.0,3.0,0.8578917980194092
348.0,6.0,6.0,0.8312127590179443
162.0,1.0,1.0,0.4400973320007324
453.0,12.0,12.0,1.250176191329956
739.0,10.0,10.0,1.902482032775879
552.0,8.0,8.0,1.5026674270629883
598.0,13.0,13.0,1.625429630279541
323.0,13.0,13.0,0.8477411270141602
587.0,14.0,14.0,1.5181989669799805
227.0,8.0,8.0,0.6435213088989258
246.0,4.0,4.0,0.6894290447235107
334.0,6.0,6.0,0.8566277027130127
365.0,4.0,4.0,0.9571795463562012
272.0,10.0,10.0,0.7256722450256348
138.0,8.0,8.0,0.40157461166381836
94.0,5.0,5.0,0.2662482261657715
175.0,10.0,10.0,0.4557504653930664
449.0,9.0,9.0,1.1772353649139404
472.0,9.0,9.0,1.2620933055877686
38.0,1.0,1.0,0.10984563827514648
369.0,3.0,3.0,0.9331247806549072
68.0,0.0,0.0,0.16524434089660645
303.0,11.0,11.0,0.8298559188842773
45.0,1.0,1.0,0.10320210456848145
274.0,10.0,10.0,0.7057693004608154
203.0,2.0,2.0,0.5963702201843262
787.0,9.0,9.0,2.0856552124023438
1074.0,18.0,18.0,2.9168691635131836
118.0,6.0,6.0,0.30529046058654785
213.0,3.0,3.0,0.5103409290313721
388.0,10.0,10.0,1.0207715034484863
272.0,7.0,7.0,0.7406413555145264
546.0,12.0,12.0,1.3538143634796143
332.0,6.0,6.0,0.8634510040283203
457.0,15.0,15.0,1.1563456058502197
518.0,8.0,8.0,1.3978521823883057
1463.0,26.0,26.0,3.89357852935791
142.0,3.0,3.0,0.36167311668395996
277.0,8.0,8.0,0.7329137325286865
148.0,6.0,6.0,0.37644171714782715
286.0,6.0,6.0,0.7403106689453125
57.0,3.0,3.0,0.14150643348693848
1790.0,28.0,28.0,4.6065568923950195
49.0,2.0,2.0,0.12720966339111328
399.0,12.0,12.0,1.0696935653686523
669.0,19.0,19.0,1.7318167686462402
419.0,15.0,15.0,1.094597339630127
232.0,5.0,5.0,0.6119813919067383
449.0,4.0,4.0,1.180450439453125
736.0,15.0,15.0,1.8773841857910156
1583.0,35.0,35.0,4.319593667984009
292.0,9.0,9.0,0.7541384696960449
193.0,5.0,5.0,0.5394258499145508
77.0,1.0,1.0,0.17611432075500488
190.0,3.0,3.0,0.44013237953186035
114.0,0.0,0.0,0.2825806140899658
544.0,15.0,15.0,1.3868451118469238
271.0,4.0,4.0,0.6773982048034668
281.0,7.0,7.0,0.7235379219055176
69.0,1.0,1.0,0.18839144706726074
447.0,15.0,15.0,1.2198395729064941
720.0,6.0,6.0,1.8695497512817383
46.0,0.0,0.0,0.13687753677368164
485.0,9.0,9.0,1.2191767692565918
99.0,3.0,3.0,0.2763786315917969
235.0,9.0,9.0,0.5721914768218994
405.0,7.0,7.0,1.0798404216766357
257.0,2.0,2.0,0.6296055316925049
1180.0,19.0,19.0,3.071667194366455
365.0,5.0,5.0,0.9635176658630371
54.0,0.0,0.0,0.1571342945098877
58.0,3.0,3.0,0.15667414665222168
448.0,9.0,9.0,1.0831663608551025
91.0,2.0,2.0,0.27761363983154297
502.0,14.0,14.0,1.3144450187683105
591.0,7.0,7.0,1.5173840522766113
763.0,23.0,23.0,2.038783311843872
258.0,1.0,1.0,0.6529548168182373
184.0,4.0,4.0,0.47046494483947754
839.0,19.0,19.0,2.169914960861206
243.0,2.0,2.0,0.6425423622131348
454.0,7.0,7.0,1.2041025161743164
767.0,9.0,9.0,2.04360294342041
376.0,6.0,6.0,0.9874200820922852
140.0,4.0,4.0,0.32868432998657227
361.0,6.0,6.0,0.9413588047027588
193.0,1.0,1.0,0.49840879440307617
252.0,11.0,11.0,0.6481258869171143
934.0,12.0,12.0,2.3182621002197266
59.0,1.0,1.0,0.14108896255493164
220.0,8.0,8.0,0.5655539035797119
376.0,10.0,10.0,1.0019586086273193
166.0,3.0,3.0,0.44330549240112305
121.0,2.0,2.0,0.3255300521850586
210.0,4.0,4.0,0.5652303695678711
602.0,8.0,8.0,1.5542340278625488
239.0,4.0,4.0,0.5807390213012695
773.0,17.0,17.0,2.022632360458374
545.0,14.0,14.0,1.497856616973877
949.0,9.0,9.0,2.5950725078582764
1148.0,18.0,18.0,2.995129346847534
61.0,1.0,1.0,0.1602182388305664
117.0,0.0,0.0,0.29769396781921387
102.0,2.0,2.0,0.2823657989501953
436.0,8.0,8.0,1.2039945125579834
244.0,1.0,1.0,0.6214563846588135
652.0,25.0,25.0,1.8022141456604004
463.0,7.0,7.0,1.1450920104980469
55.0,1.0,1.0,0.15715384483337402
303.0,2.0,2.0,0.8011491298675537
987.0,8.0,8.0,2.6515846252441406
324.0,10.0,10.0,0.8194448947906494
225.0,10.0,10.0,0.5803513526916504
316.0,8.0,8.0,0.888519287109375
543.0,11.0,11.0,1.4886903762817383
151.0,4.0,4.0,0.3928680419921875
513.0,7.0,7.0,1.3636291027069092
380.0,4.0,4.0,1.0152983665466309
96.0,2.0,2.0,0.2508728504180908
181.0,0.0,0.0,0.4827864170074463
300.0,13.0,13.0,0.7843756675720215
140.0,1.0,1.0,0.34551191329956055
87.0,0.0,0.0,0.21152639389038086
190.0,2.0,2.0,0.51784348487854
519.0,9.0,9.0,1.361191749572754
199.0,3.0,3.0,0.5179340839385986
245.0,3.0,3.0,0.6864523887634277
298.0,4.0,4.0,0.7318263053894043
265.0,2.0,2.0,0.6907846927642822
283.0,3.0,3.0,0.7382955551147461
436.0,7.0,7.0,1.1269516944885254
350.0,6.0,6.0,0.8693702220916748
741.0,13.0,13.0,1.9289014339447021
431.0,6.0,6.0,1.1717979907989502
209.0,1.0,1.0,0.5321102142333984
127.0,2.0,2.0,0.3138248920440674
447.0,9.0,9.0,1.1932425498962402
484.0,11.0,11.0,1.3146352767944336
1083.0,20.0,20.0,2.8763535022735596
428.0,4.0,4.0,1.157348871231079
748.0,13.0,13.0,1.986706256866455
174.0,3.0,3.0,0.4894423484802246
203.0,8.0,8.0,0.5182409286499023
71.0,1.0,1.0,0.1884472370147705
461.0,9.0,9.0,1.2415716648101807
505.0,5.0,5.0,1.3044970035552979
34.0,1.0,1.0,0.07855510711669922
64.0,0.0,0.0,0.17194318771362305
220.0,4.0,4.0,0.561354398727417
422.0,7.0,7.0,1.0797395706176758
200.0,4.0,4.0,0.5658731460571289
461.0,9.0,9.0,1.3146653175354004
180.0,2.0,2.0,0.4403972625732422
241.0,10.0,10.0,0.6347167491912842
207.0,1.0,1.0,0.502249002456665
300.0,9.0,9.0,0.7984507083892822
327.0,2.0,2.0,0.8163387775421143
547.0,15.0,15.0,1.4042444229125977
686.0,5.0,5.0,1.7309081554412842
591.0,11.0,11.0,1.549335241317749
272.0,3.0,3.0,0.7536773681640625
113.0,3.0,3.0,0.26694273948669434
396.0,9.0,9.0,1.094118356704712
219.0,3.0,3.0,0.5408995151519775
453.0,4.0,4.0,1.1657323837280273
455.0,13.0,13.0,1.1753339767456055
334.0,9.0,9.0,0.9147219657897949
319.0,8.0,8.0,0.8336172103881836
62.0,2.0,2.0,0.15208721160888672
155.0,6.0,6.0,0.3923828601837158
727.0,28.0,28.0,1.894836664199829
572.0,8.0,8.0,1.507925271987915
221.0,7.0,7.0,0.6030006408691406
102.0,2.0,2.0,0.26267147064208984
51.0,0.0,0.0,0.12544846534729004
859.0,13.0,13.0,2.1479222774505615
91.0,5.0,5.0,0.21964025497436523
140.0,8.0,8.0,0.346527099609375
343.0,7.0,7.0,0.8946084976196289
610.0,11.0,11.0,1.6595213413238525
50.0,0.0,0.0,0.1412642002105713
975.0,14.0,14.0,2.4896442890167236
236.0,2.0,2.0,0.616992712020874
211.0,2.0,2.0,0.571979284286499
130.0,0.0,0.0,0.33564209938049316
251.0,6.0,6.0,0.6589422225952148
360.0,7.0,7.0,0.9726531505584717
607.0,23.0,23.0,1.5672941207885742
611.0,9.0,9.0,1.6003737449645996
316.0,12.0,12.0,0.7690260410308838
292.0,3.0,3.0,0.7690684795379639
399.0,22.0,22.0,1.0513689517974854
307.0,2.0,2.0,0.8011391162872314
93.0,1.0,1.0,0.2352924346923828
303.0,13.0,13.0,0.8312053680419922
124.0,4.0,4.0,0.30609917640686035
39.0,0.0,0.0,0.0977933406829834
465.0,6.0,6.0,1.226888656616211
1759.0,43.0,43.0,4.575660228729248
331.0,4.0,4.0,0.8839418888092041
229.0,4.0,4.0,0.5594072341918945
248.0,3.0,3.0,0.6750307083129883
409.0,12.0,12.0,1.1127231121063232
201.0,4.0,4.0,0.4713277816772461
240.0,7.0,7.0,0.6118612289428711
320.0,5.0,5.0,0.8322160243988037
495.0,6.0,6.0,1.268075704574585
1254.0,16.0,16.0,3.325485944747925
628.0,16.0,16.0,1.6635327339172363
1276.0,20.0,20.0,3.319869041442871
112.0,2.0,2.0,0.3139629364013672
272.0,7.0,7.0,0.6976923942565918
169.0,0.0,0.0,0.476454496383667
435.0,7.0,7.0,1.1570587158203125
628.0,4.0,4.0,1.859649658203125
169.0,3.0,3.0,0.4853365421295166
316.0,12.0,12.0,0.8621060848236084
104.0,4.0,4.0,0.3100161552429199
127.0,7.0,7.0,0.3472912311553955
426.0,8.0,8.0,1.1268012523651123
393.0,10.0,10.0,0.9843425750732422
477.0,13.0,13.0,1.2609353065490723
162.0,3.0,3.0,0.39805173873901367
44.0,0.0,0.0,0.09776639938354492
890.0,11.0,11.0,2.2368509769439697
408.0,9.0,9.0,1.0529122352600098
223.0,1.0,1.0,0.6014103889465332
838.0,20.0,20.0,2.1890664100646973
1102.0,31.0,31.0,2.944600820541382
269.0,3.0,3.0,0.7423713207244873
52.0,4.0,4.0,0.1410670280456543
110.0,0.0,0.0,0.2673075199127197
143.0,4.0,4.0,0.3928368091583252
514.0,8.0,8.0,1.3954670429229736
183.0,1.0,1.0,0.47174549102783203
415.0,9.0,9.0,1.122737169265747
187.0,2.0,2.0,0.5182068347930908
348.0,8.0,8.0,0.9296236038208008
273.0,10.0,10.0,0.7940096855163574
194.0,8.0,8.0,0.5183923244476318
152.0,8.0,8.0,0.407916784286499
316.0,10.0,10.0,0.800739049911499
160.0,3.0,3.0,0.44870471954345703
259.0,3.0,3.0,0.6728842258453369
449.0,12.0,12.0,1.1464035511016846
64.0,2.0,2.0,0.17277884483337402
207.0,6.0,6.0,0.6087467670440674
1000.0,36.0,36.0,2.6025781631469727
219.0,3.0,3.0,0.5647578239440918
192.0,4.0,4.0,0.5022788047790527
596.0,7.0,7.0,1.6451678276062012
86.0,0.0,0.0,0.209686279296875
73.0,1.0,1.0,0.20408129692077637
178.0,6.0,6.0,0.4893167018890381
683.0,9.0,9.0,1.8029131889343262
344.0,7.0,7.0,0.8957328796386719
88.0,5.0,5.0,0.2665262222290039
398.0,11.0,11.0,1.0482347011566162
331.0,8.0,8.0,0.8632564544677734
364.0,2.0,2.0,0.9836475849151611
195.0,8.0,8.0,0.5023014545440674
482.0,8.0,8.0,1.2581110000610352
397.0,4.0,4.0,1.0464873313903809
46.0,1.0,1.0,0.1254563331604004
143.0,4.0,4.0,0.36112308502197266
405.0,6.0,6.0,1.0954861640930176
191.0,4.0,4.0,0.46048998832702637
369.0,8.0,8.0,0.9434211254119873
1423.0,32.0,32.0,3.899517774581909
709.0,12.0,12.0,1.836106777191162
329.0,5.0,5.0,0.8700294494628906
1597.0,12.0,12.0,4.249021530151367
446.0,10.0,10.0,1.1936781406402588
56.0,0.0,0.0,0.15670156478881836
605.0,8.0,8.0,1.612983226776123
101.0,0.0,0.0,0.2554173469543457
367.0,9.0,9.0,0.9830493927001953
185.0,3.0,3.0,0.5309216976165771
834.0,18.0,18.0,2.2325258255004883
216.0,6.0,6.0,0.5580646991729736
446.0,9.0,9.0,1.2403285503387451
223.0,0.0,0.0,0.6201796531677246
48.0,0.0,0.0,0.10982012748718262
365.0,2.0,2.0,0.9112584590911865
474.0,16.0,16.0,1.2601282596588135
411.0,11.0,11.0,1.0240156650543213
1107.0,16.0,16.0,2.93119478225708
101.0,1.0,1.0,0.26669740676879883
55.0,0.0,0.0,0.1254405975341797
524.0,13.0,13.0,1.4176628589630127
232.0,5.0,5.0,0.6125466823577881
63.0,0.0,0.0,0.1566905975341797
254.0,3.0,3.0,0.7173898220062256
145.0,2.0,2.0,0.3685128688812256
839.0,21.0,21.0,2.272336959838867
258.0,8.0,8.0,0.6457171440124512
315.0,3.0,3.0,0.8436760902404785
349.0,11.0,11.0,0.9694061279296875
1036.0,23.0,23.0,2.782038927078247
101.0,1.0,1.0,0.2836618423461914
476.0,10.0,10.0,1.291630506515503
281.0,10.0,10.0,0.6950302124023438
41.0,0.0,0.0,0.09419131278991699
486.0,9.0,9.0,1.2729284763336182
152.0,2.0,2.0,0.43647336959838867
365.0,15.0,15.0,0.9579024314880371
711.0,8.0,8.0,1.8942441940307617
161.0,2.0,2.0,0.4239678382873535
121.0,0.0,0.0,0.313814640045166
330.0,5.0,5.0,0.8951644897460938
403.0,7.0,7.0,1.0359413623809814
55.0,0.0,0.0,0.14709973335266113
304.0,13.0,13.0,0.8338229656219482
481.0,6.0,6.0,0.8756575584411621
41.0,0.0,0.0,0.035277366638183594
63.0,0.0,0.0,0.07851266860961914
149.0,1.0,1.0,0.23522663116455078
515.0,14.0,14.0,0.8069100379943848
106.0,2.0,2.0,0.17406821250915527
287.0,2.0,2.0,0.49051403999328613
105.0,2.0,2.0,0.16341447830200195
111.0,0.0,0.0,0.15782427787780762
1094.0,18.0,18.0,1.5648531913757324
506.0,6.0,6.0,0.5277585983276367
150.0,1.0,1.0,0.15656638145446777
338.0,6.0,6.0,0.37647390365600586
174.0,1.0,1.0,0.4560511112213135
384.0,5.0,5.0,1.0525157451629639
283.0,10.0,10.0,0.7675759792327881
240.0,0.0,0.0,0.6571130752563477
646.0,11.0,11.0,1.6039578914642334
92.0,5.0,5.0,0.15278124809265137
617.0,7.0,7.0,0.9347245693206787
162.0,0.0,0.0,0.2073197364807129
98.0,3.0,3.0,0.12314534187316895
1171.0,27.0,27.0,1.4397318363189697
414.0,4.0,4.0,0.5205717086791992
878.0,15.0,15.0,1.1132166385650635
1086.0,25.0,25.0,1.352539300918579
218.0,6.0,6.0,0.27744579315185547
174.0,5.0,5.0,0.23320364952087402
988.0,23.0,23.0,1.2685627937316895
426.0,9.0,9.0,0.5686697959899902
248.0,1.0,1.0,0.3037240505218506
304.0,9.0,9.0,0.3970763683319092
610.0,10.0,10.0,0.7296142578125
99.0,6.0,6.0,0.12668466567993164
320.0,7.0,7.0,0.4015796184539795
92.0,3.0,3.0,0.11546969413757324
354.0,1.0,1.0,0.41924333572387695
245.0,1.0,1.0,0.30863118171691895
623.0,10.0,10.0,0.7624638080596924
898.0,10.0,10.0,1.1016912460327148
171.0,1.0,1.0,0.2291567325592041
91.0,2.0,2.0,0.11924934387207031
562.0,14.0,14.0,0.745643138885498
225.0,5.0,5.0,0.29744911193847656
118.0,1.0,1.0,0.15491175651550293
240.0,5.0,5.0,0.30859827995300293
259.0,3.0,3.0,0.34069013595581055
202.0,8.0,8.0,0.2680530548095703
564.0,14.0,14.0,0.7278447151184082
1229.0,20.0,20.0,1.5445265769958496
312.0,2.0,2.0,0.35484814643859863
427.0,12.0,12.0,0.5369744300842285
418.0,7.0,7.0,0.5395474433898926
408.0,6.0,6.0,0.5245625972747803
688.0,14.0,14.0,0.8458473682403564
216.0,5.0,5.0,0.28509044647216797
345.0,6.0,6.0,0.45200276374816895
426.0,6.0,6.0,0.5312714576721191
122.0,0.0,0.0,0.1669020652770996
311.0,9.0,9.0,0.4023618698120117
432.0,10.0,10.0,0.5550718307495117
1099.0,20.0,20.0,1.431884527206421
162.0,4.0,4.0,0.18931269645690918
216.0,6.0,6.0,0.2771608829498291
212.0,7.0,7.0,0.2673203945159912
357.0,9.0,9.0,0.47008490562438965
103.0,0.0,0.0,0.13105034828186035
155.0,3.0,3.0,0.21445250511169434
429.0,6.0,6.0,0.5508627891540527
540.0,2.0,2.0,0.6733865737915039
326.0,7.0,7.0,0.3923463821411133
262.0,3.0,3.0,0.33441781997680664
159.0,1.0,1.0,0.19164133071899414
456.0,7.0,7.0,0.5877413749694824
325.0,6.0,6.0,0.41104984283447266
751.0,10.0,10.0,0.8619663715362549
278.0,4.0,4.0,0.32915663719177246
207.0,7.0,7.0,0.29143428802490234
182.0,6.0,6.0,0.22211551666259766
238.0,6.0,6.0,0.29489660263061523
432.0,2.0,2.0,0.5227582454681396
189.0,4.0,4.0,0.2359311580657959
211.0,2.0,2.0,0.25064754486083984
158.0,1.0,1.0,0.18090224266052246
635.0,14.0,14.0,0.7707529067993164
105.0,4.0,4.0,0.14512896537780762
95.0,2.0,2.0,0.11067509651184082
278.0,5.0,5.0,0.31605052947998047
371.0,6.0,6.0,0.42631959915161133
63.0,2.0,2.0,0.09315919876098633
1173.0,25.0,25.0,1.4327526092529297
620.0,14.0,14.0,0.7875869274139404
238.0,4.0,4.0,0.3010232448577881
1686.0,18.0,18.0,2.0853257179260254
428.0,7.0,7.0,0.5165739059448242
129.0,1.0,1.0,0.15178179740905762
217.0,3.0,3.0,0.26027870178222656
216.0,9.0,9.0,0.26996922492980957
76.0,4.0,4.0,0.09397244453430176
1391.0,22.0,22.0,1.7199304103851318
236.0,2.0,2.0,0.3175954818725586
323.0,6.0,6.0,0.374539852142334
107.0,2.0,2.0,0.12176251411437988
290.0,2.0,2.0,0.3603658676147461
175.0,3.0,3.0,0.22203302383422852
531.0,15.0,15.0,0.6214172840118408
168.0,7.0,7.0,0.20271658897399902
270.0,6.0,6.0,0.34169578552246094
144.0,1.0,1.0,0.16767382621765137
346.0,5.0,5.0,0.4068031311035156
134.0,5.0,5.0,0.14558982849121094
230.0,2.0,2.0,0.2691681385040283
234.0,10.0,10.0,0.30550336837768555
181.0,7.0,7.0,0.23434066772460938
77.0,0.0,0.0,0.0882253646850586
641.0,15.0,15.0,0.800029993057251
272.0,6.0,6.0,0.32315707206726074
418.0,5.0,5.0,0.5329098701477051
312.0,7.0,7.0,0.37418246269226074
1901.0,43.0,43.0,2.3509716987609863
439.0,6.0,6.0,0.5584495067596436
499.0,13.0,13.0,0.6117572784423828
407.0,3.0,3.0,0.48948216438293457
53.0,1.0,1.0,0.07163143157958984
252.0,4.0,4.0,0.2888972759246826
586.0,12.0,12.0,0.7481460571289062
227.0,7.0,7.0,0.2625725269317627
46.0,0.0,0.0,0.059522151947021484
601.0,7.0,7.0,0.7892167568206787
256.0,2.0,2.0,0.3267683982849121
943.0,29.0,29.0,1.1381666660308838
568.0,15.0,15.0,0.6906702518463135
99.0,2.0,2.0,0.09417915344238281
881.0,19.0,19.0,1.082576036453247
246.0,3.0,3.0,0.28832077980041504
599.0,8.0,8.0,0.7413206100463867
1433.0,24.0,24.0,1.7771120071411133
553.0,15.0,15.0,0.6652407646179199
92.0,2.0,2.0,0.12599587440490723
625.0,11.0,11.0,0.7903673648834229
164.0,3.0,3.0,0.20290112495422363
370.0,4.0,4.0,0.40654540061950684
244.0,3.0,3.0,0.30638837814331055
235.0,4.0,4.0,0.2906973361968994
724.0,11.0,11.0,0.8459944725036621
312.0,4.0,4.0,0.3742055892944336
299.0,13.0,13.0,0.3724839687347412
450.0,16.0,16.0,0.5585296154022217
371.0,8.0,8.0,0.4752209186553955
139.0,4.0,4.0,0.17439556121826172
168.0,1.0,1.0,0.21079254150390625
103.0,2.0,2.0,0.12456583976745605
501.0,6.0,6.0,0.6382744312286377
830.0,22.0,22.0,1.0118999481201172
732.0,13.0,13.0,0.9285895824432373
683.0,5.0,5.0,0.8488771915435791
177.0,3.0,3.0,0.23160338401794434
410.0,6.0,6.0,0.5066595077514648
105.0,3.0,3.0,0.13065147399902344
115.0,1.0,1.0,0.1457977294921875
295.0,11.0,11.0,0.3429553508758545
1104.0,16.0,16.0,1.3070313930511475
500.0,9.0,9.0,0.5962562561035156
206.0,6.0,6.0,0.2523958683013916
166.0,9.0,9.0,0.20441198348999023
572.0,15.0,15.0,0.7056798934936523
621.0,14.0,14.0,0.7306199073791504
602.0,12.0,12.0,0.7327589988708496
371.0,6.0,6.0,0.4520843029022217
62.0,0.0,0.0,0.08434128761291504
155.0,4.0,4.0,0.1647181510925293
271.0,8.0,8.0,0.29288744926452637
654.0,30.0,30.0,0.8422088623046875
542.0,6.0,6.0,0.6433625221252441
394.0,12.0,12.0,0.48572301864624023
459.0,5.0,5.0,0.5638811588287354
59.0,1.0,1.0,0.07197737693786621
852.0,23.0,23.0,1.022524118423462
309.0,8.0,8.0,0.37593603134155273
456.0,13.0,13.0,0.5577671527862549
623.0,6.0,6.0,0.7832887172698975
311.0,14.0,14.0,0.378190279006958
225.0,1.0,1.0,0.2805354595184326
221.0,2.0,2.0,0.25905489921569824
315.0,6.0,6.0,0.45841360092163086
219.0,3.0,3.0,0.27185773849487305
1419.0,22.0,22.0,1.775160789489746
302.0,6.0,6.0,0.3987162113189697
238.0,6.0,6.0,0.28081607818603516
1699.0,17.0,17.0,2.031013011932373
203.0,5.0,5.0,0.24587774276733398
441.0,18.0,18.0,0.5715212821960449
118.0,3.0,3.0,0.13956594467163086
112.0,1.0,1.0,0.14724087715148926
247.0,10.0,10.0,0.2941594123840332
981.0,14.0,14.0,1.2059781551361084
507.0,9.0,9.0,0.6175518035888672
852.0,14.0,14.0,1.0569374561309814
163.0,4.0,4.0,0.2031393051147461
117.0,2.0,2.0,0.14097023010253906
417.0,8.0,8.0,0.534247636795044
106.0,0.0,0.0,0.1254420280456543
74.0,0.0,0.0,0.10702896118164062
84.0,5.0,5.0,0.11064958572387695
