Timesteps,Collisions,Steps Waited,Real-Time Elapsed
20.0,2.0,2.0,0.0060007572174072266
30.0,0.0,0.0,0.0070002079010009766
23.0,5.0,5.0,0.00762629508972168
40.0,1.0,1.0,0.00856471061706543
24.0,3.0,3.0,0.0040128231048583984
72.0,6.0,6.0,0.011518478393554688
26.0,2.0,2.0,0.003641366958618164
65.0,5.0,5.0,0.010863065719604492
43.0,3.0,3.0,0.007770538330078125
26.0,1.0,1.0,0.0041806697845458984
12.0,1.0,1.0,0.0019421577453613281
25.0,5.0,5.0,0.003998279571533203
12.0,0.0,0.0,0.0011630058288574219
26.0,1.0,1.0,0.004012107849121094
18.0,2.0,2.0,0.003652334213256836
52.0,4.0,4.0,0.009774923324584961
18.0,0.0,0.0,0.0034761428833007812
76.0,2.0,2.0,0.013184309005737305
14.0,2.0,2.0,0.002477407455444336
18.0,4.0,4.0,0.0030012130737304688
111.0,7.0,7.0,0.017454147338867188
12.0,0.0,0.0,0.002246379852294922
13.0,0.0,0.0,0.0022821426391601562
12.0,0.0,0.0,0.0035457611083984375
12.0,0.0,0.0,0.0012769699096679688
66.0,3.0,3.0,0.010599136352539062
31.0,0.0,0.0,0.004027843475341797
30.0,0.0,0.0,0.005715131759643555
24.0,2.0,2.0,0.0038814544677734375
32.0,0.0,0.0,0.005898952484130859
25.0,1.0,1.0,0.004538297653198242
23.0,2.0,2.0,0.004321098327636719
56.0,5.0,5.0,0.008927583694458008
25.0,1.0,1.0,0.005151033401489258
54.0,7.0,7.0,0.008680582046508789
34.0,3.0,3.0,0.005222320556640625
71.0,2.0,2.0,0.011873006820678711
22.0,6.0,6.0,0.0029976367950439453
21.0,2.0,2.0,0.003162384033203125
35.0,2.0,2.0,0.005537748336791992
23.0,3.0,3.0,0.0037059783935546875
17.0,0.0,0.0,0.0025069713592529297
19.0,3.0,3.0,0.0026693344116210938
38.0,4.0,4.0,0.005997896194458008
63.0,3.0,3.0,0.01664280891418457
78.0,11.0,11.0,0.01329660415649414
102.0,5.0,5.0,0.017808198928833008
60.0,2.0,2.0,0.01182699203491211
20.0,0.0,0.0,0.0030002593994140625
23.0,1.0,1.0,0.0036416053771972656
33.0,7.0,7.0,0.006260871887207031
51.0,1.0,1.0,0.009857654571533203
12.0,0.0,0.0,0.002000093460083008
66.0,8.0,8.0,0.01288294792175293
11.0,0.0,0.0,0.001566171646118164
15.0,0.0,0.0,0.003000020980834961
31.0,5.0,5.0,0.005375862121582031
40.0,6.0,6.0,0.008864402770996094
31.0,1.0,1.0,0.0068302154541015625
21.0,1.0,1.0,0.004999876022338867
12.0,0.0,0.0,0.004045009613037109
11.0,0.0,0.0,0.002000093460083008
29.0,0.0,0.0,0.00464177131652832
14.0,0.0,0.0,0.003000020980834961
23.0,0.0,0.0,0.0028073787689208984
17.0,0.0,0.0,0.003999948501586914
25.0,2.0,2.0,0.0039365291595458984
60.0,6.0,6.0,0.01273202896118164
15.0,0.0,0.0,0.004858970642089844
17.0,3.0,3.0,0.005042314529418945
90.0,3.0,3.0,0.020226240158081055
62.0,1.0,1.0,0.009949207305908203
17.0,0.0,0.0,0.003046274185180664
209.0,14.0,14.0,0.04773092269897461
50.0,1.0,1.0,0.012376070022583008
61.0,5.0,5.0,0.015410423278808594
20.0,2.0,2.0,0.005646944046020508
15.0,2.0,2.0,0.0033380985260009766
49.0,0.0,0.0,0.007915019989013672
23.0,2.0,2.0,0.004775524139404297
13.0,1.0,1.0,0.0026068687438964844
109.0,9.0,9.0,0.020093917846679688
17.0,3.0,3.0,0.0028030872344970703
23.0,1.0,1.0,0.0038902759552001953
19.0,0.0,0.0,0.0038747787475585938
34.0,2.0,2.0,0.005474567413330078
80.0,8.0,8.0,0.01365351676940918
69.0,4.0,4.0,0.010941505432128906
36.0,2.0,2.0,0.005991935729980469
19.0,0.0,0.0,0.0033855438232421875
118.0,12.0,12.0,0.02306652069091797
13.0,2.0,2.0,0.0016536712646484375
51.0,2.0,2.0,0.0073451995849609375
139.0,6.0,6.0,0.030103445053100586
29.0,0.0,0.0,0.005163431167602539
41.0,2.0,2.0,0.006551265716552734
26.0,4.0,4.0,0.004687309265136719
21.0,2.0,2.0,0.004000186920166016
39.0,2.0,2.0,0.007635593414306641
73.0,6.0,6.0,0.012345314025878906
26.0,0.0,0.0,0.0045855045318603516
25.0,2.0,2.0,0.004813432693481445
48.0,2.0,2.0,0.009871959686279297
59.0,2.0,2.0,0.009868621826171875
34.0,2.0,2.0,0.007849454879760742
15.0,2.0,2.0,0.0020427703857421875
53.0,1.0,1.0,0.01031947135925293
22.0,1.0,1.0,0.0040454864501953125
56.0,2.0,2.0,0.00989985466003418
44.0,2.0,2.0,0.008861303329467773
35.0,2.0,2.0,0.005819559097290039
34.0,0.0,0.0,0.007314920425415039
51.0,3.0,3.0,0.01599907875061035
19.0,0.0,0.0,0.004999876022338867
42.0,2.0,2.0,0.012252330780029297
23.0,0.0,0.0,0.004997730255126953
46.0,0.0,0.0,0.007997274398803711
13.0,0.0,0.0,0.002521514892578125
11.0,0.0,0.0,0.0033578872680664062
11.0,0.0,0.0,0.0020127296447753906
29.0,2.0,2.0,0.0051937103271484375
136.0,9.0,9.0,0.026408672332763672
14.0,0.0,0.0,0.0030438899993896484
17.0,1.0,1.0,0.003001689910888672
52.0,7.0,7.0,0.010742425918579102
15.0,0.0,0.0,0.0020089149475097656
40.0,0.0,0.0,0.0069997310638427734
47.0,1.0,1.0,0.00883030891418457
40.0,3.0,3.0,0.006510496139526367
31.0,2.0,2.0,0.004998445510864258
31.0,2.0,2.0,0.004998207092285156
15.0,1.0,1.0,0.0026345252990722656
70.0,1.0,1.0,0.014644145965576172
12.0,0.0,0.0,0.0021038055419921875
27.0,1.0,1.0,0.00500798225402832
17.0,0.0,0.0,0.0031592845916748047
47.0,0.0,0.0,0.007042884826660156
16.0,0.0,0.0,0.002536773681640625
26.0,4.0,4.0,0.004000425338745117
67.0,5.0,5.0,0.013721942901611328
24.0,2.0,2.0,0.004042148590087891
33.0,2.0,2.0,0.0056078433990478516
25.0,0.0,0.0,0.00438380241394043
98.0,1.0,1.0,0.015027284622192383
91.0,7.0,7.0,0.015053510665893555
81.0,3.0,3.0,0.012410879135131836
43.0,4.0,4.0,0.006943225860595703
23.0,1.0,1.0,0.0038177967071533203
11.0,0.0,0.0,0.002000093460083008
19.0,2.0,2.0,0.003313779830932617
25.0,1.0,1.0,0.004044771194458008
11.0,0.0,0.0,0.003000020980834961
13.0,1.0,1.0,0.002585887908935547
13.0,0.0,0.0,0.002000093460083008
17.0,1.0,1.0,0.0033121109008789062
54.0,1.0,1.0,0.010296344757080078
13.0,0.0,0.0,0.0019998550415039062
70.0,3.0,3.0,0.010854482650756836
78.0,2.0,2.0,0.013702154159545898
12.0,0.0,0.0,0.002000093460083008
36.0,1.0,1.0,0.006028890609741211
11.0,0.0,0.0,0.003000020980834961
12.0,0.0,0.0,0.002810239791870117
14.0,0.0,0.0,0.0020003318786621094
151.0,10.0,10.0,0.030345678329467773
66.0,1.0,1.0,0.01247859001159668
49.0,1.0,1.0,0.008959293365478516
31.0,3.0,3.0,0.004000186920166016
21.0,0.0,0.0,0.0028922557830810547
87.0,5.0,5.0,0.014954328536987305
43.0,0.0,0.0,0.00783848762512207
33.0,1.0,1.0,0.0058977603912353516
31.0,1.0,1.0,0.004559755325317383
50.0,1.0,1.0,0.008239507675170898
11.0,0.0,0.0,0.0015528202056884766
79.0,6.0,6.0,0.013876914978027344
11.0,0.0,0.0,0.00578761100769043
12.0,0.0,0.0,0.003769397735595703
12.0,0.0,0.0,0.002332448959350586
26.0,0.0,0.0,0.005173683166503906
69.0,3.0,3.0,0.013705730438232422
31.0,2.0,2.0,0.0051364898681640625
30.0,4.0,4.0,0.0061550140380859375
30.0,3.0,3.0,0.006117820739746094
158.0,11.0,11.0,0.025763273239135742
16.0,1.0,1.0,0.0025339126586914062
12.0,1.0,1.0,0.002166271209716797
30.0,2.0,2.0,0.005228519439697266
12.0,0.0,0.0,0.002894163131713867
63.0,4.0,4.0,0.011460304260253906
14.0,0.0,0.0,0.0015861988067626953
23.0,1.0,1.0,0.004400014877319336
59.0,2.0,2.0,0.009503364562988281
33.0,6.0,6.0,0.005515098571777344
24.0,1.0,1.0,0.0035746097564697266
13.0,2.0,2.0,0.0020072460174560547
40.0,0.0,0.0,0.008000850677490234
58.0,8.0,8.0,0.009713411331176758
37.0,3.0,3.0,0.005693197250366211
26.0,2.0,2.0,0.004750490188598633
26.0,1.0,1.0,0.004042625427246094
103.0,4.0,4.0,0.02065873146057129
13.0,2.0,2.0,0.0030450820922851562
18.0,0.0,0.0,0.0032579898834228516
12.0,0.0,0.0,0.002000570297241211
51.0,2.0,2.0,0.008901119232177734
13.0,0.0,0.0,0.003093242645263672
17.0,1.0,1.0,0.0025670528411865234
61.0,4.0,4.0,0.009875059127807617
15.0,0.0,0.0,0.002772092819213867
28.0,1.0,1.0,0.00500035285949707
42.0,2.0,2.0,0.007809162139892578
32.0,2.0,2.0,0.006869077682495117
14.0,1.0,1.0,0.003353595733642578
48.0,5.0,5.0,0.009077072143554688
52.0,0.0,0.0,0.010696887969970703
31.0,0.0,0.0,0.004720926284790039
46.0,2.0,2.0,0.007556438446044922
11.0,0.0,0.0,0.0026967525482177734
15.0,2.0,2.0,0.002086639404296875
38.0,4.0,4.0,0.006026029586791992
13.0,1.0,1.0,0.003002643585205078
63.0,3.0,3.0,0.009774446487426758
39.0,2.0,2.0,0.006029367446899414
93.0,6.0,6.0,0.015383481979370117
33.0,2.0,2.0,0.005181074142456055
25.0,2.0,2.0,0.00632023811340332
23.0,1.0,1.0,0.0051691532135009766
45.0,2.0,2.0,0.008398771286010742
15.0,1.0,1.0,0.0030930042266845703
43.0,0.0,0.0,0.008186101913452148
50.0,4.0,4.0,0.008588314056396484
39.0,1.0,1.0,0.007746219635009766
20.0,1.0,1.0,0.00406193733215332
24.0,0.0,0.0,0.005289316177368164
82.0,0.0,0.0,0.013828754425048828
43.0,6.0,6.0,0.006494760513305664
36.0,1.0,1.0,0.0065174102783203125
23.0,1.0,1.0,0.004789829254150391
55.0,2.0,2.0,0.009850740432739258
30.0,0.0,0.0,0.0047931671142578125
50.0,0.0,0.0,0.008365869522094727
14.0,0.0,0.0,0.002548694610595703
21.0,1.0,1.0,0.0042493343353271484
32.0,2.0,2.0,0.0047342777252197266
14.0,0.0,0.0,0.0011835098266601562
12.0,1.0,1.0,0.002857685089111328
23.0,0.0,0.0,0.0034637451171875
12.0,1.0,1.0,0.0015244483947753906
68.0,6.0,6.0,0.011634349822998047
12.0,1.0,1.0,0.0021445751190185547
34.0,2.0,2.0,0.006506681442260742
41.0,4.0,4.0,0.006993293762207031
49.0,1.0,1.0,0.008528947830200195
57.0,0.0,0.0,0.009540557861328125
19.0,0.0,0.0,0.0039997100830078125
38.0,1.0,1.0,0.006247520446777344
32.0,2.0,2.0,0.005751609802246094
22.0,1.0,1.0,0.0035104751586914062
79.0,4.0,4.0,0.013047218322753906
61.0,2.0,2.0,0.010725736618041992
40.0,5.0,5.0,0.00716090202331543
21.0,0.0,0.0,0.0039997100830078125
35.0,1.0,1.0,0.00687861442565918
28.0,3.0,3.0,0.005354642868041992
13.0,1.0,1.0,0.002000093460083008
40.0,4.0,4.0,0.007956504821777344
17.0,5.0,5.0,0.004242420196533203
22.0,0.0,0.0,0.005041837692260742
40.0,3.0,3.0,0.006844043731689453
11.0,1.0,1.0,0.002000093460083008
22.0,0.0,0.0,0.0036270618438720703
74.0,4.0,4.0,0.012857913970947266
90.0,6.0,6.0,0.018862485885620117
40.0,1.0,1.0,0.0073473453521728516
11.0,1.0,1.0,0.0018444061279296875
27.0,0.0,0.0,0.0039980411529541016
40.0,5.0,5.0,0.007649660110473633
14.0,0.0,0.0,0.003263235092163086
33.0,2.0,2.0,0.0057675838470458984
25.0,0.0,0.0,0.004999637603759766
28.0,2.0,2.0,0.00675654411315918
21.0,4.0,4.0,0.004736423492431641
29.0,0.0,0.0,0.004999637603759766
96.0,5.0,5.0,0.015430212020874023
39.0,2.0,2.0,0.006325960159301758
29.0,0.0,0.0,0.005146026611328125
23.0,1.0,1.0,0.0034856796264648438
30.0,4.0,4.0,0.00496983528137207
71.0,5.0,5.0,0.011192560195922852
19.0,2.0,2.0,0.003002166748046875
112.0,8.0,8.0,0.01780557632446289
63.0,4.0,4.0,0.011162519454956055
45.0,2.0,2.0,0.008642435073852539
35.0,0.0,0.0,0.007001161575317383
19.0,1.0,1.0,0.0025250911712646484
40.0,3.0,3.0,0.007632255554199219
17.0,2.0,2.0,0.002999544143676758
69.0,5.0,5.0,0.01267099380493164
13.0,0.0,0.0,0.0017008781433105469
14.0,1.0,1.0,0.0020008087158203125
20.0,0.0,0.0,0.003000020980834961
27.0,1.0,1.0,0.005039215087890625
38.0,1.0,1.0,0.0056629180908203125
44.0,8.0,8.0,0.011780500411987305
20.0,0.0,0.0,0.003813505172729492
31.0,1.0,1.0,0.004999876022338867
14.0,0.0,0.0,0.003354310989379883
127.0,1.0,1.0,0.02783489227294922
33.0,0.0,0.0,0.006417512893676758
26.0,0.0,0.0,0.004000186920166016
14.0,1.0,1.0,0.0023212432861328125
57.0,10.0,10.0,0.010982513427734375
18.0,1.0,1.0,0.003000020980834961
17.0,4.0,4.0,0.0026073455810546875
12.0,1.0,1.0,0.0019996166229248047
50.0,2.0,2.0,0.00787973403930664
44.0,6.0,6.0,0.006864786148071289
29.0,1.0,1.0,0.004999876022338867
34.0,1.0,1.0,0.005612373352050781
20.0,2.0,2.0,0.0033257007598876953
29.0,0.0,0.0,0.0045664310455322266
53.0,2.0,2.0,0.00994253158569336
17.0,0.0,0.0,0.003715991973876953
18.0,0.0,0.0,0.004000186920166016
23.0,0.0,0.0,0.0037937164306640625
56.0,0.0,0.0,0.009008407592773438
12.0,0.0,0.0,0.0020003318786621094
31.0,2.0,2.0,0.005735635757446289
12.0,0.0,0.0,0.0030851364135742188
24.0,0.0,0.0,0.0032601356506347656
28.0,3.0,3.0,0.004044532775878906
18.0,0.0,0.0,0.0030002593994140625
42.0,1.0,1.0,0.0066416263580322266
138.0,1.0,1.0,0.028131723403930664
11.0,0.0,0.0,0.003797769546508789
42.0,4.0,4.0,0.011858701705932617
35.0,2.0,2.0,0.006000041961669922
19.0,2.0,2.0,0.0030431747436523438
70.0,1.0,1.0,0.014110565185546875
14.0,0.0,0.0,0.004256486892700195
70.0,4.0,4.0,0.014220476150512695
59.0,1.0,1.0,0.01381230354309082
47.0,3.0,3.0,0.008494138717651367
14.0,1.0,1.0,0.002125978469848633
27.0,1.0,1.0,0.004320859909057617
33.0,2.0,2.0,0.0055124759674072266
32.0,1.0,1.0,0.004512310028076172
40.0,4.0,4.0,0.007623434066772461
20.0,0.0,0.0,0.0043604373931884766
70.0,1.0,1.0,0.016012191772460938
14.0,1.0,1.0,0.002195119857788086
16.0,4.0,4.0,0.0025610923767089844
13.0,1.0,1.0,0.002435445785522461
42.0,2.0,2.0,0.0070323944091796875
31.0,0.0,0.0,0.005539417266845703
57.0,1.0,1.0,0.009311199188232422
14.0,1.0,1.0,0.002141237258911133
13.0,0.0,0.0,0.002012491226196289
31.0,2.0,2.0,0.0049970149993896484
12.0,0.0,0.0,0.001528024673461914
78.0,7.0,7.0,0.012460708618164062
15.0,4.0,4.0,0.0021975040435791016
34.0,1.0,1.0,0.005013465881347656
24.0,2.0,2.0,0.0037004947662353516
39.0,0.0,0.0,0.005998134613037109
13.0,1.0,1.0,0.002039194107055664
49.0,3.0,3.0,0.008736610412597656
15.0,2.0,2.0,0.001997709274291992
63.0,3.0,3.0,0.011204242706298828
43.0,4.0,4.0,0.007297515869140625
13.0,2.0,2.0,0.0022630691528320312
58.0,0.0,0.0,0.0091400146484375
19.0,1.0,1.0,0.0029997825622558594
13.0,1.0,1.0,0.0021257400512695312
45.0,1.0,1.0,0.007007122039794922
22.0,0.0,0.0,0.0036644935607910156
14.0,2.0,2.0,0.0020003318786621094
20.0,2.0,2.0,0.004138469696044922
62.0,2.0,2.0,0.00911855697631836
19.0,0.0,0.0,0.003009796142578125
26.0,0.0,0.0,0.004220724105834961
20.0,0.0,0.0,0.003549814224243164
29.0,5.0,5.0,0.004873752593994141
13.0,0.0,0.0,0.002000093460083008
69.0,3.0,3.0,0.010876655578613281
95.0,13.0,13.0,0.016919374465942383
48.0,8.0,8.0,0.00985264778137207
23.0,1.0,1.0,0.005228757858276367
15.0,0.0,0.0,0.002000093460083008
19.0,0.0,0.0,0.0029997825622558594
70.0,6.0,6.0,0.011876344680786133
53.0,3.0,3.0,0.008629322052001953
66.0,4.0,4.0,0.011568307876586914
30.0,1.0,1.0,0.005000114440917969
39.0,3.0,3.0,0.006641864776611328
11.0,0.0,0.0,0.0021936893463134766
55.0,0.0,0.0,0.008831262588500977
131.0,4.0,4.0,0.022884607315063477
104.0,10.0,10.0,0.019721031188964844
28.0,0.0,0.0,0.00528264045715332
51.0,6.0,6.0,0.007927417755126953
34.0,1.0,1.0,0.007045269012451172
13.0,0.0,0.0,0.0010006427764892578
103.0,2.0,2.0,0.01846623420715332
51.0,0.0,0.0,0.00985407829284668
34.0,0.0,0.0,0.005646467208862305
19.0,0.0,0.0,0.0036482810974121094
32.0,1.0,1.0,0.005182027816772461
26.0,2.0,2.0,0.005044698715209961
13.0,1.0,1.0,0.0032587051391601562
30.0,0.0,0.0,0.0050449371337890625
27.0,0.0,0.0,0.0048558712005615234
46.0,2.0,2.0,0.007881641387939453
14.0,0.0,0.0,0.0019996166229248047
25.0,1.0,1.0,0.006913661956787109
28.0,2.0,2.0,0.005306243896484375
34.0,3.0,3.0,0.008804798126220703
41.0,6.0,6.0,0.00599980354309082
27.0,0.0,0.0,0.0048825740814208984
20.0,4.0,4.0,0.0039997100830078125
158.0,5.0,5.0,0.026975393295288086
17.0,0.0,0.0,0.0028159618377685547
29.0,1.0,1.0,0.005000114440917969
39.0,4.0,4.0,0.005827188491821289
13.0,0.0,0.0,0.0019998550415039062
52.0,4.0,4.0,0.007642269134521484
42.0,6.0,6.0,0.00787973403930664
76.0,6.0,6.0,0.015336275100708008
11.0,0.0,0.0,0.0019998550415039062
26.0,0.0,0.0,0.004801273345947266
31.0,0.0,0.0,0.004999876022338867
42.0,1.0,1.0,0.011229515075683594
19.0,0.0,0.0,0.0030448436737060547
21.0,3.0,3.0,0.004261493682861328
18.0,0.0,0.0,0.0019998550415039062
40.0,0.0,0.0,0.007896661758422852
15.0,0.0,0.0,0.0029997825622558594
50.0,3.0,3.0,0.007811307907104492
48.0,9.0,9.0,0.007861614227294922
85.0,7.0,7.0,0.016295433044433594
24.0,3.0,3.0,0.005847454071044922
55.0,0.0,0.0,0.009102821350097656
37.0,2.0,2.0,0.006246089935302734
26.0,0.0,0.0,0.0040416717529296875
13.0,0.0,0.0,0.0019998550415039062
46.0,1.0,1.0,0.007607936859130859
11.0,0.0,0.0,0.0022890567779541016
43.0,2.0,2.0,0.008257627487182617
67.0,5.0,5.0,0.009895086288452148
30.0,0.0,0.0,0.003999948501586914
14.0,1.0,1.0,0.002832651138305664
31.0,3.0,3.0,0.004999637603759766
31.0,2.0,2.0,0.005291461944580078
40.0,4.0,4.0,0.007105827331542969
76.0,1.0,1.0,0.011967897415161133
14.0,2.0,2.0,0.004227638244628906
14.0,0.0,0.0,0.0020415782928466797
12.0,0.0,0.0,0.0019998550415039062
14.0,2.0,2.0,0.0022835731506347656
39.0,4.0,4.0,0.007044553756713867
20.0,0.0,0.0,0.00464177131652832
18.0,1.0,1.0,0.003000020980834961
81.0,1.0,1.0,0.015455245971679688
41.0,5.0,5.0,0.007851839065551758
36.0,3.0,3.0,0.005902528762817383
37.0,4.0,4.0,0.00604248046875
39.0,0.0,0.0,0.006644010543823242
66.0,2.0,2.0,0.010452985763549805
23.0,0.0,0.0,0.0036237239837646484
32.0,2.0,2.0,0.005517721176147461
12.0,1.0,1.0,0.0025696754455566406
32.0,0.0,0.0,0.0052945613861083984
17.0,2.0,2.0,0.0020449161529541016
33.0,4.0,4.0,0.00682520866394043
27.0,1.0,1.0,0.004999876022338867
13.0,0.0,0.0,0.002799510955810547
62.0,5.0,5.0,0.009871721267700195
13.0,0.0,0.0,0.002000093460083008
37.0,3.0,3.0,0.005841255187988281
52.0,5.0,5.0,0.008011341094970703
96.0,8.0,8.0,0.01590728759765625
49.0,2.0,2.0,0.008192300796508789
13.0,1.0,1.0,0.001857757568359375
71.0,7.0,7.0,0.012871503829956055
120.0,5.0,5.0,0.01938652992248535
11.0,0.0,0.0,0.0012214183807373047
14.0,1.0,1.0,0.002044677734375
23.0,4.0,4.0,0.004000186920166016
36.0,2.0,2.0,0.005608320236206055
31.0,0.0,0.0,0.004871368408203125
40.0,0.0,0.0,0.007787466049194336
38.0,0.0,0.0,0.00599980354309082
18.0,1.0,1.0,0.002828359603881836
45.0,3.0,3.0,0.010465383529663086
75.0,4.0,4.0,0.011887550354003906
33.0,3.0,3.0,0.005612611770629883
41.0,10.0,10.0,0.006857395172119141
11.0,0.0,0.0,0.0019998550415039062
18.0,0.0,0.0,0.0033197402954101562
54.0,3.0,3.0,0.009922027587890625
17.0,1.0,1.0,0.005000591278076172
36.0,3.0,3.0,0.0060002803802490234
101.0,7.0,7.0,0.01849961280822754
14.0,0.0,0.0,0.003931283950805664
77.0,2.0,2.0,0.014589309692382812
12.0,0.0,0.0,0.002634286880493164
19.0,0.0,0.0,0.0030002593994140625
52.0,0.0,0.0,0.009877681732177734
22.0,0.0,0.0,0.003885984420776367
21.0,2.0,2.0,0.003999948501586914
119.0,7.0,7.0,0.020514965057373047
20.0,3.0,3.0,0.004000186920166016
80.0,3.0,3.0,0.012855768203735352
12.0,1.0,1.0,0.002000093460083008
109.0,8.0,8.0,0.02200794219970703
88.0,9.0,9.0,0.015538930892944336
21.0,0.0,0.0,0.004280567169189453
62.0,0.0,0.0,0.010018348693847656
24.0,1.0,1.0,0.004000186920166016
28.0,2.0,2.0,0.0038814544677734375
41.0,4.0,4.0,0.007493734359741211
23.0,1.0,1.0,0.003999948501586914
11.0,0.0,0.0,0.0020589828491210938
12.0,1.0,1.0,0.0015866756439208984
140.0,4.0,4.0,0.022899627685546875
11.0,0.0,0.0,0.002282381057739258
57.0,5.0,5.0,0.009446859359741211
14.0,3.0,3.0,0.002000093460083008
13.0,0.0,0.0,0.0019996166229248047
42.0,0.0,0.0,0.006879091262817383
26.0,0.0,0.0,0.005869865417480469
26.0,3.0,3.0,0.00525975227355957
19.0,0.0,0.0,0.003044605255126953
37.0,2.0,2.0,0.006913185119628906
25.0,1.0,1.0,0.004000186920166016
37.0,1.0,1.0,0.006608247756958008
71.0,8.0,8.0,0.010800838470458984
21.0,0.0,0.0,0.004000186920166016
32.0,3.0,3.0,0.0054168701171875
47.0,1.0,1.0,0.008289337158203125
51.0,2.0,2.0,0.007869243621826172
24.0,3.0,3.0,0.004045009613037109
15.0,0.0,0.0,0.003000020980834961
59.0,3.0,3.0,0.008607864379882812
28.0,0.0,0.0,0.00464177131652832
88.0,5.0,5.0,0.01874709129333496
20.0,2.0,2.0,0.0038022994995117188
16.0,2.0,2.0,0.004000186920166016
32.0,2.0,2.0,0.005799531936645508
253.0,14.0,14.0,0.04409980773925781
34.0,8.0,8.0,0.005585432052612305
13.0,2.0,2.0,0.0019998550415039062
14.0,1.0,1.0,0.0026068687438964844
15.0,0.0,0.0,0.0019998550415039062
59.0,5.0,5.0,0.01307821273803711
35.0,3.0,3.0,0.009816408157348633
18.0,2.0,2.0,0.0030002593994140625
29.0,1.0,1.0,0.0058786869049072266
91.0,10.0,10.0,0.01681685447692871
17.0,2.0,2.0,0.003999948501586914
24.0,1.0,1.0,0.0038576126098632812
25.0,1.0,1.0,0.006352901458740234
48.0,5.0,5.0,0.009274005889892578
48.0,6.0,6.0,0.008342266082763672
67.0,5.0,5.0,0.010342836380004883
78.0,0.0,0.0,0.011890888214111328
16.0,0.0,0.0,0.0030002593994140625
50.0,3.0,3.0,0.007607936859130859
32.0,0.0,0.0,0.005901336669921875
17.0,2.0,2.0,0.0029997825622558594
15.0,0.0,0.0,0.002641439437866211
58.0,4.0,4.0,0.010171651840209961
19.0,2.0,2.0,0.003000020980834961
13.0,1.0,1.0,0.0028238296508789062
39.0,3.0,3.0,0.005585193634033203
23.0,1.0,1.0,0.0046422481536865234
94.0,6.0,6.0,0.016677141189575195
51.0,3.0,3.0,0.008470296859741211
34.0,0.0,0.0,0.006042003631591797
38.0,5.0,5.0,0.0068738460540771484
56.0,3.0,3.0,0.009667396545410156
87.0,6.0,6.0,0.02266693115234375
11.0,0.0,0.0,0.0030002593994140625
55.0,7.0,7.0,0.013407230377197266
56.0,3.0,3.0,0.01300048828125
20.0,0.0,0.0,0.0004677772521972656
52.0,6.0,6.0,0.015670299530029297
14.0,2.0,2.0,0.0020072460174560547
77.0,8.0,8.0,0.013970136642456055
11.0,0.0,0.0,0.0025017261505126953
21.0,1.0,1.0,0.0025594234466552734
61.0,4.0,4.0,0.013771772384643555
14.0,0.0,0.0,0.002321004867553711
40.0,3.0,3.0,0.006337642669677734
26.0,0.0,0.0,0.00587010383605957
70.0,0.0,0.0,0.012767791748046875
76.0,5.0,5.0,0.01253509521484375
22.0,3.0,3.0,0.004030942916870117
50.0,2.0,2.0,0.007723808288574219
20.0,0.0,0.0,0.0031347274780273438
34.0,2.0,2.0,0.005300283432006836
29.0,2.0,2.0,0.005464315414428711
46.0,7.0,7.0,0.0075969696044921875
142.0,6.0,6.0,0.024209260940551758
100.0,5.0,5.0,0.01770496368408203
33.0,4.0,4.0,0.0072972774505615234
12.0,0.0,0.0,0.0034651756286621094
34.0,3.0,3.0,0.0052530765533447266
34.0,2.0,2.0,0.0054798126220703125
17.0,1.0,1.0,0.0028269290924072266
57.0,6.0,6.0,0.009937763214111328
73.0,9.0,9.0,0.012184858322143555
20.0,0.0,0.0,0.0037391185760498047
92.0,1.0,1.0,0.013981103897094727
22.0,2.0,2.0,0.0037391185760498047
23.0,1.0,1.0,0.005046844482421875
24.0,2.0,2.0,0.003774404525756836
23.0,4.0,4.0,0.003998517990112305
43.0,2.0,2.0,0.007197380065917969
129.0,7.0,7.0,0.023682832717895508
31.0,0.0,0.0,0.004999637603759766
14.0,1.0,1.0,0.0025267601013183594
52.0,1.0,1.0,0.009649276733398438
12.0,1.0,1.0,0.0019998550415039062
67.0,2.0,2.0,0.01167917251586914
62.0,5.0,5.0,0.010826349258422852
57.0,8.0,8.0,0.009887456893920898
14.0,0.0,0.0,0.0019998550415039062
120.0,5.0,5.0,0.01973247528076172
14.0,0.0,0.0,0.003058195114135742
23.0,2.0,2.0,0.003585338592529297
13.0,0.0,0.0,0.0020003318786621094
49.0,3.0,3.0,0.007853507995605469
21.0,1.0,1.0,0.00485992431640625
43.0,0.0,0.0,0.007853031158447266
25.0,0.0,0.0,0.0039997100830078125
15.0,0.0,0.0,0.002827167510986328
61.0,4.0,4.0,0.01088714599609375
20.0,1.0,1.0,0.004296779632568359
45.0,1.0,1.0,0.0070416927337646484
13.0,0.0,0.0,0.002797842025756836
60.0,0.0,0.0,0.00989842414855957
40.0,1.0,1.0,0.00791168212890625
86.0,2.0,2.0,0.013862133026123047
19.0,2.0,2.0,0.0027227401733398438
70.0,4.0,4.0,0.01185750961303711
47.0,0.0,0.0,0.009893417358398438
29.0,2.0,2.0,0.004974365234375
42.0,3.0,3.0,0.006822109222412109
15.0,1.0,1.0,0.002541065216064453
30.0,0.0,0.0,0.005780696868896484
22.0,2.0,2.0,0.003999948501586914
13.0,1.0,1.0,0.002234935760498047
25.0,1.0,1.0,0.004044771194458008
65.0,4.0,4.0,0.010878562927246094
75.0,2.0,2.0,0.012352228164672852
131.0,6.0,6.0,0.023723840713500977
12.0,0.0,0.0,0.002225160598754883
23.0,0.0,0.0,0.0030448436737060547
39.0,1.0,1.0,0.0069081783294677734
35.0,2.0,2.0,0.006289243698120117
33.0,1.0,1.0,0.008405208587646484
14.0,0.0,0.0,0.0020003318786621094
14.0,0.0,0.0,0.003000020980834961
287.0,33.0,33.0,0.04858970642089844
56.0,3.0,3.0,0.009836912155151367
13.0,1.0,1.0,0.0025856494903564453
43.0,4.0,4.0,0.006424427032470703
102.0,13.0,13.0,0.018641233444213867
32.0,1.0,1.0,0.0060002803802490234
21.0,0.0,0.0,0.0036420822143554688
13.0,0.0,0.0,0.002000093460083008
33.0,1.0,1.0,0.006026744842529297
45.0,4.0,4.0,0.008038759231567383
20.0,0.0,0.0,0.003139019012451172
26.0,4.0,4.0,0.004045009613037109
85.0,5.0,5.0,0.012848377227783203
11.0,0.0,0.0,0.0015707015991210938
23.0,0.0,0.0,0.00500035285949707
56.0,3.0,3.0,0.01195073127746582
28.0,1.0,1.0,0.003999948501586914
18.0,2.0,2.0,0.0028159618377685547
21.0,0.0,0.0,0.002546072006225586
33.0,2.0,2.0,0.005871772766113281
23.0,0.0,0.0,0.004239797592163086
72.0,6.0,6.0,0.013030052185058594
137.0,11.0,11.0,0.0257260799407959
158.0,11.0,11.0,0.029941797256469727
20.0,1.0,1.0,0.003000020980834961
62.0,3.0,3.0,0.010647773742675781
16.0,2.0,2.0,0.0030434131622314453
48.0,0.0,0.0,0.00907278060913086
36.0,0.0,0.0,0.005460500717163086
15.0,0.0,0.0,0.0020449161529541016
25.0,2.0,2.0,0.005207538604736328
28.0,0.0,0.0,0.004585742950439453
15.0,4.0,4.0,0.002000093460083008
18.0,0.0,0.0,0.002642393112182617
36.0,0.0,0.0,0.007274627685546875
37.0,3.0,3.0,0.008856773376464844
19.0,0.0,0.0,0.003000020980834961
45.0,3.0,3.0,0.008790969848632812
33.0,3.0,3.0,0.006904125213623047
136.0,10.0,10.0,0.02370142936706543
44.0,1.0,1.0,0.007592439651489258
35.0,6.0,6.0,0.005612611770629883
33.0,3.0,3.0,0.00610661506652832
52.0,7.0,7.0,0.013160467147827148
19.0,2.0,2.0,0.003999948501586914
12.0,0.0,0.0,0.003000020980834961
71.0,6.0,6.0,0.012320756912231445
27.0,1.0,1.0,0.004999876022338867
14.0,0.0,0.0,0.0028133392333984375
90.0,14.0,14.0,0.01691126823425293
49.0,2.0,2.0,0.009533405303955078
22.0,0.0,0.0,0.0039997100830078125
40.0,4.0,4.0,0.006842851638793945
11.0,0.0,0.0,0.0019996166229248047
13.0,0.0,0.0,0.001950979232788086
20.0,1.0,1.0,0.003000020980834961
16.0,1.0,1.0,0.0029442310333251953
33.0,5.0,5.0,0.005000114440917969
28.0,1.0,1.0,0.004642486572265625
15.0,0.0,0.0,0.003000020980834961
42.0,2.0,2.0,0.006642818450927734
11.0,0.0,0.0,0.0023870468139648438
63.0,4.0,4.0,0.01014566421508789
17.0,4.0,4.0,0.0030450820922851562
46.0,5.0,5.0,0.007848739624023438
30.0,0.0,0.0,0.0048618316650390625
40.0,0.0,0.0,0.00622868537902832
26.0,2.0,2.0,0.004045009613037109
13.0,0.0,0.0,0.002779722213745117
18.0,0.0,0.0,0.003000020980834961
42.0,0.0,0.0,0.00799417495727539
49.0,1.0,1.0,0.00786137580871582
15.0,4.0,4.0,0.0032205581665039062
17.0,0.0,0.0,0.0030002593994140625
45.0,3.0,3.0,0.00786900520324707
13.0,2.0,2.0,0.003000020980834961
14.0,0.0,0.0,0.0017495155334472656
27.0,0.0,0.0,0.003999948501586914
26.0,7.0,7.0,0.003887653350830078
51.0,3.0,3.0,0.008432388305664062
13.0,0.0,0.0,0.0020439624786376953
12.0,1.0,1.0,0.0019998550415039062
12.0,0.0,0.0,0.001767873764038086
58.0,3.0,3.0,0.011698007583618164
16.0,0.0,0.0,0.004323244094848633
28.0,6.0,6.0,0.0060002803802490234
18.0,2.0,2.0,0.0033843517303466797
22.0,1.0,1.0,0.003999948501586914
58.0,0.0,0.0,0.01380300521850586
106.0,1.0,1.0,0.02237987518310547
18.0,0.0,0.0,0.0030002593994140625
21.0,0.0,0.0,0.003255605697631836
72.0,2.0,2.0,0.010444164276123047
26.0,4.0,4.0,0.0039997100830078125
17.0,1.0,1.0,0.002847433090209961
77.0,5.0,5.0,0.014343738555908203
14.0,0.0,0.0,0.0025010108947753906
17.0,0.0,0.0,0.003042459487915039
64.0,5.0,5.0,0.009798049926757812
22.0,1.0,1.0,0.003295421600341797
25.0,1.0,1.0,0.004045009613037109
127.0,1.0,1.0,0.020915985107421875
19.0,0.0,0.0,0.0036461353302001953
19.0,0.0,0.0,0.003000020980834961
22.0,0.0,0.0,0.0028095245361328125
13.0,0.0,0.0,0.002000093460083008
18.0,0.0,0.0,0.0032835006713867188
22.0,2.0,2.0,0.003041505813598633
12.0,0.0,0.0,0.002000093460083008
40.0,4.0,4.0,0.00685429573059082
15.0,1.0,1.0,0.003226757049560547
12.0,0.0,0.0,0.0015859603881835938
46.0,4.0,4.0,0.009068727493286133
114.0,16.0,16.0,0.021724224090576172
31.0,3.0,3.0,0.004739046096801758
81.0,6.0,6.0,0.012912511825561523
51.0,2.0,2.0,0.007863044738769531
54.0,4.0,4.0,0.010419130325317383
30.0,4.0,4.0,0.0046460628509521484
97.0,9.0,9.0,0.015377283096313477
82.0,6.0,6.0,0.012921571731567383
58.0,2.0,2.0,0.010944843292236328
44.0,4.0,4.0,0.007819890975952148
18.0,2.0,2.0,0.0036423206329345703
46.0,0.0,0.0,0.010900259017944336
85.0,4.0,4.0,0.016763925552368164
31.0,0.0,0.0,0.006439685821533203
65.0,5.0,5.0,0.009877443313598633
15.0,0.0,0.0,0.0029997825622558594
29.0,0.0,0.0,0.0046422481536865234
71.0,5.0,5.0,0.011326313018798828
44.0,5.0,5.0,0.006834506988525391
19.0,0.0,0.0,0.005102634429931641
33.0,7.0,7.0,0.006000041961669922
17.0,0.0,0.0,0.0026092529296875
21.0,1.0,1.0,0.003999948501586914
51.0,4.0,4.0,0.007846832275390625
36.0,5.0,5.0,0.006856679916381836
17.0,4.0,4.0,0.003000020980834961
35.0,2.0,2.0,0.0055866241455078125
23.0,3.0,3.0,0.003859281539916992
15.0,0.0,0.0,0.003000020980834961
53.0,3.0,3.0,0.008855342864990234
17.0,2.0,2.0,0.003000020980834961
21.0,0.0,0.0,0.0036242008209228516
19.0,3.0,3.0,0.0029997825622558594
41.0,0.0,0.0,0.0068972110748291016
30.0,0.0,0.0,0.0048367977142333984
11.0,0.0,0.0,0.0019996166229248047
15.0,1.0,1.0,0.002248048782348633
16.0,5.0,5.0,0.0030448436737060547
35.0,1.0,1.0,0.0062999725341796875
40.0,1.0,1.0,0.007044792175292969
12.0,0.0,0.0,0.0015974044799804688
13.0,0.0,0.0,0.003000020980834961
28.0,1.0,1.0,0.0042760372161865234
27.0,1.0,1.0,0.0040454864501953125
18.0,1.0,1.0,0.003280162811279297
29.0,3.0,3.0,0.005591869354248047
70.0,3.0,3.0,0.012086629867553711
54.0,4.0,4.0,0.010238170623779297
48.0,3.0,3.0,0.008268356323242188
64.0,2.0,2.0,0.011118888854980469
30.0,0.0,0.0,0.004999876022338867
80.0,2.0,2.0,0.01564764976501465
19.0,1.0,1.0,0.003331899642944336
12.0,0.0,0.0,0.002042055130004883
22.0,0.0,0.0,0.004000186920166016
54.0,2.0,2.0,0.011432647705078125
31.0,5.0,5.0,0.0055849552154541016
15.0,1.0,1.0,0.0036420822143554688
90.0,1.0,1.0,0.019828081130981445
43.0,2.0,2.0,0.006821870803833008
210.0,15.0,15.0,0.03459978103637695
13.0,0.0,0.0,0.002612590789794922
36.0,0.0,0.0,0.00793313980102539
19.0,0.0,0.0,0.0029997825622558594
36.0,1.0,1.0,0.0069658756256103516
25.0,0.0,0.0,0.003589630126953125
30.0,5.0,5.0,0.0046422481536865234
46.0,2.0,2.0,0.007886886596679688
14.0,2.0,2.0,0.0020003318786621094
71.0,4.0,4.0,0.015436887741088867
28.0,4.0,4.0,0.005886554718017578
19.0,0.0,0.0,0.003999948501586914
46.0,0.0,0.0,0.008854866027832031
13.0,0.0,0.0,0.0022430419921875
25.0,0.0,0.0,0.004041910171508789
63.0,3.0,3.0,0.009866476058959961
89.0,6.0,6.0,0.014112234115600586
12.0,0.0,0.0,0.0020003318786621094
32.0,2.0,2.0,0.006438255310058594
57.0,5.0,5.0,0.008931398391723633
11.0,0.0,0.0,0.002000093460083008
79.0,5.0,5.0,0.013863563537597656
29.0,0.0,0.0,0.004045248031616211
91.0,6.0,6.0,0.016661643981933594
140.0,5.0,5.0,0.03387880325317383
30.0,3.0,3.0,0.0061206817626953125
55.0,3.0,3.0,0.00875544548034668
46.0,9.0,9.0,0.006910562515258789
81.0,7.0,7.0,0.01585984230041504
23.0,0.0,0.0,0.003833770751953125
70.0,1.0,1.0,0.012421369552612305
23.0,0.0,0.0,0.0038712024688720703
18.0,1.0,1.0,0.002698183059692383
19.0,1.0,1.0,0.0031969547271728516
43.0,3.0,3.0,0.007454872131347656
18.0,0.0,0.0,0.00354766845703125
12.0,0.0,0.0,0.002513885498046875
18.0,2.0,2.0,0.002145528793334961
24.0,6.0,6.0,0.005007028579711914
29.0,2.0,2.0,0.005238533020019531
20.0,0.0,0.0,0.004162788391113281
20.0,1.0,1.0,0.0035130977630615234
20.0,2.0,2.0,0.003000497817993164
59.0,2.0,2.0,0.010683059692382812
53.0,6.0,6.0,0.00852513313293457
34.0,1.0,1.0,0.004530906677246094
13.0,0.0,0.0,0.0030002593994140625
37.0,0.0,0.0,0.0055348873138427734
37.0,3.0,3.0,0.005727529525756836
23.0,0.0,0.0,0.0039975643157958984
25.0,0.0,0.0,0.0038597583770751953
29.0,1.0,1.0,0.005000114440917969
16.0,1.0,1.0,0.0028226375579833984
19.0,1.0,1.0,0.003000020980834961
74.0,1.0,1.0,0.013279199600219727
22.0,2.0,2.0,0.004000425338745117
23.0,2.0,2.0,0.003805875778198242
16.0,2.0,2.0,0.003000020980834961
68.0,3.0,3.0,0.010879755020141602
34.0,1.0,1.0,0.004864692687988281
31.0,1.0,1.0,0.005000114440917969
27.0,1.0,1.0,0.0046079158782958984
46.0,4.0,4.0,0.007915496826171875
52.0,1.0,1.0,0.008784055709838867
67.0,8.0,8.0,0.01112985610961914
25.0,0.0,0.0,0.004008054733276367
28.0,0.0,0.0,0.004654407501220703
34.0,2.0,2.0,0.004517793655395508
118.0,5.0,5.0,0.021816015243530273
27.0,2.0,2.0,0.004999637603759766
18.0,1.0,1.0,0.0028519630432128906
18.0,0.0,0.0,0.006000041961669922
31.0,2.0,2.0,0.00500035285949707
81.0,4.0,4.0,0.013261795043945312
41.0,6.0,6.0,0.007044792175292969
51.0,1.0,1.0,0.008643150329589844
64.0,1.0,1.0,0.010330677032470703
16.0,1.0,1.0,0.0030448436737060547
31.0,5.0,5.0,0.005352020263671875
21.0,1.0,1.0,0.003000020980834961
39.0,4.0,4.0,0.006848573684692383
49.0,0.0,0.0,0.008877038955688477
22.0,2.0,2.0,0.003999948501586914
65.0,1.0,1.0,0.01016545295715332
13.0,0.0,0.0,0.0025854110717773438
11.0,0.0,0.0,0.0009999275207519531
15.0,2.0,2.0,0.002176046371459961
91.0,5.0,5.0,0.014453887939453125
56.0,0.0,0.0,0.008930683135986328
11.0,0.0,0.0,0.002000093460083008
32.0,1.0,1.0,0.0046465396881103516
22.0,1.0,1.0,0.00447845458984375
38.0,2.0,2.0,0.004566669464111328
29.0,3.0,3.0,0.003983020782470703
47.0,3.0,3.0,0.0077419281005859375
19.0,4.0,4.0,0.00399327278137207
11.0,0.0,0.0,0.002204418182373047
30.0,1.0,1.0,0.004585742950439453
93.0,4.0,4.0,0.01681065559387207
39.0,0.0,0.0,0.0067806243896484375
66.0,3.0,3.0,0.011885881423950195
22.0,0.0,0.0,0.004826068878173828
19.0,0.0,0.0,0.002999544143676758
52.0,6.0,6.0,0.008243560791015625
17.0,1.0,1.0,0.0032014846801757812
158.0,9.0,9.0,0.028065919876098633
13.0,2.0,2.0,0.002588033676147461
51.0,1.0,1.0,0.008110761642456055
26.0,2.0,2.0,0.00500035285949707
37.0,2.0,2.0,0.006641864776611328
59.0,5.0,5.0,0.008866548538208008
46.0,1.0,1.0,0.008328914642333984
14.0,1.0,1.0,0.0023174285888671875
16.0,3.0,3.0,0.0027284622192382812
18.0,0.0,0.0,0.003760099411010742
14.0,0.0,0.0,0.0036079883575439453
15.0,0.0,0.0,0.0029997825622558594
82.0,7.0,7.0,0.014100790023803711
60.0,2.0,2.0,0.010841131210327148
21.0,3.0,3.0,0.004280567169189453
82.0,4.0,4.0,0.013042688369750977
44.0,3.0,3.0,0.00784921646118164
31.0,1.0,1.0,0.006062030792236328
12.0,1.0,1.0,0.002607583999633789
12.0,0.0,0.0,0.002000093460083008
43.0,1.0,1.0,0.006851673126220703
14.0,3.0,3.0,0.002000093460083008
35.0,0.0,0.0,0.0068552494049072266
58.0,3.0,3.0,0.009009599685668945
16.0,0.0,0.0,0.0022149085998535156
13.0,1.0,1.0,0.0020415782928466797
36.0,1.0,1.0,0.005860328674316406
28.0,1.0,1.0,0.006044864654541016
14.0,0.0,0.0,0.0021736621856689453
83.0,14.0,14.0,0.014004707336425781
58.0,3.0,3.0,0.013007164001464844
27.0,0.0,0.0,0.006006479263305664
40.0,2.0,2.0,0.006607532501220703
115.0,4.0,4.0,0.019754886627197266
84.0,5.0,5.0,0.014290094375610352
37.0,0.0,0.0,0.008787870407104492
48.0,0.0,0.0,0.008786916732788086
38.0,0.0,0.0,0.0053558349609375
35.0,2.0,2.0,0.006041526794433594
140.0,11.0,11.0,0.022802114486694336
13.0,0.0,0.0,0.0029997825622558594
14.0,2.0,2.0,0.0019996166229248047
15.0,0.0,0.0,0.0026023387908935547
13.0,0.0,0.0,0.002000093460083008
28.0,1.0,1.0,0.004408597946166992
26.0,1.0,1.0,0.0050449371337890625
34.0,3.0,3.0,0.005086183547973633
33.0,2.0,2.0,0.006227016448974609
32.0,0.0,0.0,0.005587100982666016
34.0,4.0,4.0,0.005736112594604492
59.0,1.0,1.0,0.01181483268737793
24.0,0.0,0.0,0.004787921905517578
22.0,0.0,0.0,0.003000020980834961
30.0,0.0,0.0,0.004863262176513672
32.0,1.0,1.0,0.004999876022338867
33.0,2.0,2.0,0.005623340606689453
28.0,0.0,0.0,0.005838632583618164
45.0,1.0,1.0,0.0068280696868896484
12.0,1.0,1.0,0.002000093460083008
51.0,4.0,4.0,0.014838457107543945
15.0,0.0,0.0,0.004588603973388672
41.0,6.0,6.0,0.007036924362182617
16.0,2.0,2.0,0.0035867691040039062
31.0,2.0,2.0,0.005000114440917969
32.0,3.0,3.0,0.0060002803802490234
22.0,1.0,1.0,0.00423884391784668
33.0,1.0,1.0,0.00458526611328125
76.0,3.0,3.0,0.01186227798461914
43.0,4.0,4.0,0.007566690444946289
36.0,3.0,3.0,0.0056416988372802734
50.0,2.0,2.0,0.008861541748046875
21.0,2.0,2.0,0.0031731128692626953
20.0,0.0,0.0,0.0035855770111083984
22.0,1.0,1.0,0.003000020980834961
13.0,1.0,1.0,0.0016016960144042969
20.0,0.0,0.0,0.004042387008666992
12.0,1.0,1.0,0.0019998550415039062
107.0,10.0,10.0,0.01923394203186035
11.0,0.0,0.0,0.0010449886322021484
24.0,3.0,3.0,0.003999471664428711
64.0,3.0,3.0,0.01087188720703125
16.0,1.0,1.0,0.0036089420318603516
11.0,1.0,1.0,0.002000093460083008
13.0,1.0,1.0,0.0023276805877685547
43.0,2.0,2.0,0.008041858673095703
12.0,1.0,1.0,0.0015854835510253906
14.0,1.0,1.0,0.003000020980834961
117.0,11.0,11.0,0.02082681655883789
48.0,0.0,0.0,0.009934186935424805
51.0,3.0,3.0,0.007419109344482422
12.0,0.0,0.0,0.002000093460083008
34.0,2.0,2.0,0.004837751388549805
20.0,1.0,1.0,0.003999948501586914
65.0,2.0,2.0,0.010853052139282227
30.0,1.0,1.0,0.0056416988372802734
66.0,2.0,2.0,0.009909629821777344
66.0,3.0,3.0,0.012509584426879883
47.0,6.0,6.0,0.008832931518554688
16.0,0.0,0.0,0.002000093460083008
40.0,8.0,8.0,0.007909297943115234
104.0,5.0,5.0,0.021494626998901367
32.0,2.0,2.0,0.004999876022338867
16.0,0.0,0.0,0.0023179054260253906
17.0,0.0,0.0,0.002000093460083008
32.0,1.0,1.0,0.00589752197265625
13.0,0.0,0.0,0.002000093460083008
70.0,9.0,9.0,0.010863780975341797
18.0,1.0,1.0,0.0027964115142822266
13.0,2.0,2.0,0.0020003318786621094
19.0,1.0,1.0,0.003000020980834961
11.0,0.0,0.0,0.0015971660614013672
11.0,0.0,0.0,0.003000020980834961
15.0,0.0,0.0,0.0019996166229248047
45.0,3.0,3.0,0.007852554321289062
16.0,0.0,0.0,0.002214193344116211
11.0,0.0,0.0,0.00104522705078125
19.0,0.0,0.0,0.004000186920166016
45.0,1.0,1.0,0.007958173751831055
14.0,0.0,0.0,0.0029363632202148438
32.0,2.0,2.0,0.004999876022338867
13.0,2.0,2.0,0.0022802352905273438
13.0,0.0,0.0,0.002045154571533203
26.0,0.0,0.0,0.005136251449584961
30.0,2.0,2.0,0.0056591033935546875
11.0,1.0,1.0,0.0009999275207519531
41.0,2.0,2.0,0.006880521774291992
11.0,0.0,0.0,0.0020003318786621094
28.0,3.0,3.0,0.004815578460693359
60.0,1.0,1.0,0.009913206100463867
63.0,3.0,3.0,0.011842489242553711
20.0,0.0,0.0,0.002607107162475586
24.0,0.0,0.0,0.003999948501586914
76.0,4.0,4.0,0.012692689895629883
12.0,0.0,0.0,0.002000093460083008
19.0,0.0,0.0,0.003877401351928711
32.0,2.0,2.0,0.005000114440917969
74.0,3.0,3.0,0.013728141784667969
20.0,1.0,1.0,0.004000186920166016
12.0,0.0,0.0,0.002866506576538086
46.0,3.0,3.0,0.00752568244934082
39.0,2.0,2.0,0.005526542663574219
19.0,2.0,2.0,0.002125263214111328
30.0,3.0,3.0,0.005007505416870117
25.0,2.0,2.0,0.0041961669921875
67.0,3.0,3.0,0.011954545974731445
13.0,0.0,0.0,0.0020339488983154297
36.0,0.0,0.0,0.005767107009887695
37.0,2.0,2.0,0.005378007888793945
37.0,3.0,3.0,0.006000041961669922
199.0,19.0,19.0,0.03582262992858887
12.0,0.0,0.0,0.001999378204345703
32.0,3.0,3.0,0.004607677459716797
56.0,1.0,1.0,0.009781837463378906
31.0,0.0,0.0,0.0058290958404541016
89.0,8.0,8.0,0.014908075332641602
43.0,5.0,5.0,0.006634950637817383
43.0,2.0,2.0,0.0066416263580322266
17.0,0.0,0.0,0.0028214454650878906
32.0,1.0,1.0,0.005000114440917969
16.0,0.0,0.0,0.0027976036071777344
15.0,0.0,0.0,0.003000020980834961
61.0,2.0,2.0,0.010879755020141602
29.0,0.0,0.0,0.004807949066162109
16.0,0.0,0.0,0.0019998550415039062
42.0,2.0,2.0,0.007956504821777344
15.0,0.0,0.0,0.0022230148315429688
16.0,1.0,1.0,0.0020456314086914062
29.0,0.0,0.0,0.00882863998413086
23.0,1.0,1.0,0.0042760372161865234
43.0,2.0,2.0,0.00708770751953125
26.0,0.0,0.0,0.003802061080932617
50.0,4.0,4.0,0.011533260345458984
23.0,0.0,0.0,0.0038263797760009766
50.0,2.0,2.0,0.008374452590942383
27.0,4.0,4.0,0.005042076110839844
46.0,2.0,2.0,0.008567094802856445
17.0,0.0,0.0,0.003974437713623047
44.0,2.0,2.0,0.007196187973022461
29.0,2.0,2.0,0.0050449371337890625
29.0,4.0,4.0,0.005833625793457031
59.0,2.0,2.0,0.010869503021240234
13.0,0.0,0.0,0.0022253990173339844
34.0,5.0,5.0,0.0056285858154296875
86.0,2.0,2.0,0.01569676399230957
24.0,1.0,1.0,0.0042231082916259766
25.0,0.0,0.0,0.0035858154296875
11.0,0.0,0.0,0.002000093460083008
24.0,3.0,3.0,0.004852294921875
23.0,3.0,3.0,0.003000020980834961
73.0,5.0,5.0,0.012137413024902344
63.0,6.0,6.0,0.009859800338745117
52.0,5.0,5.0,0.00788736343383789
12.0,1.0,1.0,0.003000020980834961
30.0,6.0,6.0,0.004830598831176758
128.0,4.0,4.0,0.024393081665039062
32.0,2.0,2.0,0.005045175552368164
46.0,3.0,3.0,0.009829521179199219
58.0,4.0,4.0,0.01737809181213379
25.0,4.0,4.0,0.008831024169921875
16.0,0.0,0.0,0.004781007766723633
216.0,13.0,13.0,0.048583269119262695
128.0,5.0,5.0,0.027500629425048828
15.0,1.0,1.0,0.0033080577850341797
15.0,1.0,1.0,0.0027582645416259766
62.0,6.0,6.0,0.013182640075683594
82.0,5.0,5.0,0.01621079444885254
21.0,0.0,0.0,0.003826618194580078
11.0,1.0,1.0,0.002897977828979492
39.0,0.0,0.0,0.006582736968994141
28.0,1.0,1.0,0.00484156608581543
35.0,3.0,3.0,0.006199836730957031
24.0,0.0,0.0,0.004660606384277344
59.0,4.0,4.0,0.010296821594238281
31.0,1.0,1.0,0.0051653385162353516
46.0,3.0,3.0,0.006711721420288086
41.0,3.0,3.0,0.006510257720947266
20.0,0.0,0.0,0.00353240966796875
16.0,0.0,0.0,0.002416372299194336
23.0,0.0,0.0,0.004103422164916992
29.0,1.0,1.0,0.004013538360595703
17.0,2.0,2.0,0.003529787063598633
21.0,1.0,1.0,0.004252910614013672
62.0,6.0,6.0,0.009723424911499023
15.0,0.0,0.0,0.002172708511352539
37.0,2.0,2.0,0.006002664566040039
21.0,0.0,0.0,0.004223346710205078
31.0,4.0,4.0,0.005006313323974609
16.0,0.0,0.0,0.0025339126586914062
118.0,3.0,3.0,0.019874095916748047
16.0,0.0,0.0,0.0020008087158203125
13.0,2.0,2.0,0.002634763717651367
13.0,0.0,0.0,0.002001047134399414
33.0,1.0,1.0,0.005650997161865234
11.0,0.0,0.0,0.0020008087158203125
17.0,1.0,1.0,0.0030901432037353516
11.0,0.0,0.0,0.0015172958374023438
58.0,3.0,3.0,0.010033369064331055
44.0,6.0,6.0,0.007868528366088867
17.0,1.0,1.0,0.0030422210693359375
93.0,4.0,4.0,0.01566767692565918
20.0,0.0,0.0,0.0039997100830078125
15.0,0.0,0.0,0.002811908721923828
57.0,2.0,2.0,0.009859323501586914
20.0,0.0,0.0,0.0030002593994140625
32.0,2.0,2.0,0.006067752838134766
27.0,0.0,0.0,0.005000114440917969
75.0,3.0,3.0,0.012487173080444336
32.0,1.0,1.0,0.006567239761352539
26.0,0.0,0.0,0.006218910217285156
44.0,4.0,4.0,0.008184194564819336
60.0,4.0,4.0,0.009927511215209961
19.0,8.0,8.0,0.0030002593994140625
13.0,1.0,1.0,0.0022192001342773438
74.0,2.0,2.0,0.012094974517822266
28.0,4.0,4.0,0.004999876022338867
17.0,1.0,1.0,0.0036077499389648438
16.0,0.0,0.0,0.0019998550415039062
16.0,1.0,1.0,0.0026056766510009766
44.0,2.0,2.0,0.00704503059387207
20.0,1.0,1.0,0.003642559051513672
37.0,2.0,2.0,0.008877992630004883
24.0,0.0,0.0,0.004842519760131836
17.0,0.0,0.0,0.006060600280761719
13.0,0.0,0.0,0.0025856494903564453
18.0,0.0,0.0,0.004073619842529297
23.0,0.0,0.0,0.0035676956176757812
54.0,2.0,2.0,0.01191854476928711
15.0,0.0,0.0,0.0033915042877197266
29.0,8.0,8.0,0.004999876022338867
29.0,1.0,1.0,0.0045664310455322266
50.0,0.0,0.0,0.009910345077514648
38.0,0.0,0.0,0.006968259811401367
22.0,0.0,0.0,0.003840923309326172
23.0,0.0,0.0,0.00500035285949707
18.0,3.0,3.0,0.003824472427368164
51.0,0.0,0.0,0.012878656387329102
12.0,1.0,1.0,0.0022363662719726562
11.0,0.0,0.0,0.0020415782928466797
66.0,0.0,0.0,0.010961055755615234
39.0,0.0,0.0,0.00690913200378418
32.0,1.0,1.0,0.007846355438232422
24.0,2.0,2.0,0.0039997100830078125
70.0,5.0,5.0,0.01252436637878418
17.0,0.0,0.0,0.003000020980834961
22.0,0.0,0.0,0.0039005279541015625
57.0,5.0,5.0,0.01289057731628418
14.0,1.0,1.0,0.0015974044799804688
31.0,0.0,0.0,0.005000114440917969
19.0,0.0,0.0,0.005703449249267578
23.0,1.0,1.0,0.006910085678100586
50.0,2.0,2.0,0.009173870086669922
19.0,1.0,1.0,0.0038564205169677734
59.0,8.0,8.0,0.009786605834960938
31.0,0.0,0.0,0.004662036895751953
14.0,0.0,0.0,0.0025026798248291016
145.0,5.0,5.0,0.025048017501831055
13.0,0.0,0.0,0.001997709274291992
65.0,0.0,0.0,0.010212898254394531
31.0,1.0,1.0,0.00453948974609375
33.0,0.0,0.0,0.005742311477661133
24.0,0.0,0.0,0.003996849060058594
33.0,7.0,7.0,0.006272792816162109
36.0,2.0,2.0,0.006284236907958984
36.0,1.0,1.0,0.006289243698120117
32.0,1.0,1.0,0.00786590576171875
74.0,6.0,6.0,0.013633489608764648
19.0,2.0,2.0,0.003006458282470703
60.0,7.0,7.0,0.011343717575073242
15.0,3.0,3.0,0.0034570693969726562
24.0,3.0,3.0,0.004014253616333008
34.0,3.0,3.0,0.005422830581665039
46.0,3.0,3.0,0.0070056915283203125
28.0,1.0,1.0,0.005227565765380859
26.0,2.0,2.0,0.003943920135498047
31.0,1.0,1.0,0.005168914794921875
31.0,0.0,0.0,0.005619049072265625
20.0,0.0,0.0,0.004515886306762695
39.0,1.0,1.0,0.007002830505371094
12.0,1.0,1.0,0.001998424530029297
13.0,1.0,1.0,0.002533435821533203
53.0,1.0,1.0,0.007661104202270508
39.0,1.0,1.0,0.006197690963745117
48.0,5.0,5.0,0.006648540496826172
49.0,4.0,4.0,0.008882522583007812
20.0,2.0,2.0,0.0036804676055908203
47.0,3.0,3.0,0.007093191146850586
45.0,3.0,3.0,0.0065157413482666016
11.0,1.0,1.0,0.001519918441772461
19.0,3.0,3.0,0.0035605430603027344
11.0,1.0,1.0,0.002011537551879883
26.0,1.0,1.0,0.003528594970703125
18.0,1.0,1.0,0.003003835678100586
14.0,0.0,0.0,0.001744985580444336
18.0,0.0,0.0,0.003515958786010742
30.0,1.0,1.0,0.004627704620361328
17.0,1.0,1.0,0.0025055408477783203
20.0,0.0,0.0,0.004198551177978516
94.0,5.0,5.0,0.01568007469177246
58.0,1.0,1.0,0.009718894958496094
42.0,3.0,3.0,0.0067596435546875
19.0,1.0,1.0,0.0036764144897460938
48.0,0.0,0.0,0.007668256759643555
49.0,0.0,0.0,0.01002812385559082
22.0,3.0,3.0,0.004137992858886719
70.0,2.0,2.0,0.014480352401733398
83.0,2.0,2.0,0.014974832534790039
48.0,4.0,4.0,0.008203506469726562
38.0,2.0,2.0,0.0055086612701416016
215.0,14.0,14.0,0.03831982612609863
64.0,3.0,3.0,0.013439178466796875
13.0,0.0,0.0,0.0020020008087158203
45.0,3.0,3.0,0.010245323181152344
24.0,4.0,4.0,0.0040111541748046875
19.0,3.0,3.0,0.0031785964965820312
20.0,4.0,4.0,0.0028243064880371094
50.0,4.0,4.0,0.008178472518920898
57.0,4.0,4.0,0.009509086608886719
62.0,7.0,7.0,0.009896993637084961
52.0,1.0,1.0,0.008928775787353516
57.0,6.0,6.0,0.008435487747192383
26.0,2.0,2.0,0.003999948501586914
85.0,5.0,5.0,0.014708518981933594
15.0,1.0,1.0,0.0025658607482910156
60.0,2.0,2.0,0.01066446304321289
35.0,3.0,3.0,0.007205009460449219
14.0,0.0,0.0,0.0025255680084228516
41.0,5.0,5.0,0.008000612258911133
25.0,2.0,2.0,0.00499725341796875
22.0,1.0,1.0,0.004645347595214844
49.0,3.0,3.0,0.007637977600097656
28.0,1.0,1.0,0.003999948501586914
110.0,3.0,3.0,0.018616199493408203
16.0,2.0,2.0,0.0030813217163085938
31.0,0.0,0.0,0.0049021244049072266
23.0,3.0,3.0,0.0033087730407714844
48.0,3.0,3.0,0.007932901382446289
42.0,1.0,1.0,0.006558656692504883
14.0,1.0,1.0,0.0030317306518554688
29.0,0.0,0.0,0.004858255386352539
23.0,0.0,0.0,0.004568576812744141
84.0,2.0,2.0,0.014732837677001953
80.0,3.0,3.0,0.014173507690429688
40.0,0.0,0.0,0.007165431976318359
20.0,1.0,1.0,0.0042896270751953125
21.0,0.0,0.0,0.0027925968170166016
15.0,0.0,0.0,0.0034940242767333984
47.0,3.0,3.0,0.0075817108154296875
25.0,1.0,1.0,0.0040438175201416016
23.0,3.0,3.0,0.0035958290100097656
41.0,3.0,3.0,0.006739616394042969
117.0,14.0,14.0,0.020128965377807617
11.0,0.0,0.0,0.0024662017822265625
13.0,0.0,0.0,0.0026025772094726562
140.0,9.0,9.0,0.024623870849609375
17.0,0.0,0.0,0.00250244140625
19.0,0.0,0.0,0.003610372543334961
17.0,1.0,1.0,0.002626657485961914
11.0,0.0,0.0,0.0019986629486083984
16.0,0.0,0.0,0.0027420520782470703
11.0,0.0,0.0,0.0021076202392578125
13.0,0.0,0.0,0.002012491226196289
95.0,7.0,7.0,0.015672922134399414
33.0,0.0,0.0,0.00632023811340332
23.0,0.0,0.0,0.004408597946166992
33.0,5.0,5.0,0.006185770034790039
34.0,2.0,2.0,0.005738258361816406
20.0,1.0,1.0,0.003585338592529297
27.0,2.0,2.0,0.0041158199310302734
38.0,3.0,3.0,0.0067555904388427734
20.0,5.0,5.0,0.0035190582275390625
38.0,2.0,2.0,0.006831169128417969
32.0,1.0,1.0,0.004977226257324219
12.0,0.0,0.0,0.0018591880798339844
25.0,1.0,1.0,0.005502223968505859
18.0,1.0,1.0,0.002521038055419922
51.0,6.0,6.0,0.008641719818115234
17.0,4.0,4.0,0.002997875213623047
33.0,2.0,2.0,0.0055103302001953125
21.0,0.0,0.0,0.004010200500488281
13.0,2.0,2.0,0.0019919872283935547
17.0,0.0,0.0,0.0025000572204589844
50.0,4.0,4.0,0.007836103439331055
42.0,9.0,9.0,0.006345510482788086
11.0,0.0,0.0,0.001990795135498047
58.0,6.0,6.0,0.008686065673828125
78.0,4.0,4.0,0.011440515518188477
72.0,1.0,1.0,0.014978647232055664
35.0,2.0,2.0,0.005836963653564453
52.0,1.0,1.0,0.008708953857421875
39.0,1.0,1.0,0.0077250003814697266
17.0,0.0,0.0,0.0034482479095458984
45.0,0.0,0.0,0.007530927658081055
63.0,5.0,5.0,0.010922908782958984
13.0,0.0,0.0,0.002867460250854492
37.0,2.0,2.0,0.0066432952880859375
38.0,2.0,2.0,0.006243228912353516
14.0,1.0,1.0,0.0030078887939453125
19.0,1.0,1.0,0.0029036998748779297
31.0,4.0,4.0,0.004976749420166016
16.0,1.0,1.0,0.0030002593994140625
36.0,1.0,1.0,0.006215095520019531
30.0,0.0,0.0,0.005458354949951172
25.0,2.0,2.0,0.0040149688720703125
17.0,0.0,0.0,0.002802133560180664
19.0,1.0,1.0,0.0035398006439208984
13.0,0.0,0.0,0.0020973682403564453
54.0,3.0,3.0,0.010651826858520508
40.0,2.0,2.0,0.006735086441040039
18.0,0.0,0.0,0.00283050537109375
26.0,1.0,1.0,0.003713846206665039
30.0,5.0,5.0,0.005473613739013672
24.0,4.0,4.0,0.004628658294677734
21.0,1.0,1.0,0.0028252601623535156
127.0,10.0,10.0,0.019847869873046875
61.0,6.0,6.0,0.011837482452392578
156.0,8.0,8.0,0.024819612503051758
58.0,0.0,0.0,0.010186433792114258
51.0,7.0,7.0,0.00867915153503418
49.0,5.0,5.0,0.008141517639160156
31.0,0.0,0.0,0.006108283996582031
59.0,3.0,3.0,0.010204076766967773
53.0,2.0,2.0,0.010678291320800781
46.0,2.0,2.0,0.00838613510131836
57.0,3.0,3.0,0.014700174331665039
17.0,1.0,1.0,0.0051937103271484375
64.0,0.0,0.0,0.019070863723754883
16.0,1.0,1.0,0.0035026073455810547
21.0,0.0,0.0,0.005248546600341797
36.0,0.0,0.0,0.006610393524169922
69.0,2.0,2.0,0.011980056762695312
31.0,2.0,2.0,0.007941722869873047
34.0,0.0,0.0,0.005757331848144531
77.0,3.0,3.0,0.016609668731689453
51.0,6.0,6.0,0.011198043823242188
37.0,1.0,1.0,0.012418746948242188
30.0,0.0,0.0,0.00724482536315918
63.0,3.0,3.0,0.01169729232788086
14.0,2.0,2.0,0.0028276443481445312
18.0,3.0,3.0,0.003920316696166992
14.0,0.0,0.0,0.0030236244201660156
14.0,1.0,1.0,0.002543926239013672
40.0,1.0,1.0,0.009348869323730469
57.0,3.0,3.0,0.01174473762512207
37.0,1.0,1.0,0.007162332534790039
63.0,2.0,2.0,0.011258125305175781
69.0,5.0,5.0,0.013623476028442383
16.0,3.0,3.0,0.0030002593994140625
79.0,3.0,3.0,0.012252092361450195
19.0,1.0,1.0,0.0035195350646972656
19.0,0.0,0.0,0.003580331802368164
37.0,1.0,1.0,0.006433963775634766
56.0,2.0,2.0,0.00911092758178711
46.0,6.0,6.0,0.00928497314453125
29.0,4.0,4.0,0.004508256912231445
47.0,2.0,2.0,0.007633686065673828
13.0,1.0,1.0,0.0019354820251464844
23.0,2.0,2.0,0.0038743019104003906
19.0,1.0,1.0,0.0030121803283691406
135.0,10.0,10.0,0.025008678436279297
28.0,3.0,3.0,0.005319833755493164
19.0,2.0,2.0,0.0028867721557617188
15.0,1.0,1.0,0.0019986629486083984
42.0,4.0,4.0,0.00834202766418457
42.0,1.0,1.0,0.007612705230712891
16.0,0.0,0.0,0.0038552284240722656
22.0,4.0,4.0,0.0035054683685302734
60.0,5.0,5.0,0.009305000305175781
48.0,2.0,2.0,0.007700204849243164
105.0,7.0,7.0,0.016502857208251953
15.0,0.0,0.0,0.0027627944946289062
62.0,2.0,2.0,0.010433435440063477
12.0,0.0,0.0,0.0020465850830078125
34.0,1.0,1.0,0.006211519241333008
26.0,0.0,0.0,0.005541801452636719
40.0,3.0,3.0,0.007560014724731445
18.0,3.0,3.0,0.0031197071075439453
50.0,3.0,3.0,0.008655548095703125
49.0,0.0,0.0,0.009131193161010742
12.0,0.0,0.0,0.002532482147216797
52.0,5.0,5.0,0.00896453857421875
48.0,4.0,4.0,0.00785064697265625
28.0,2.0,2.0,0.0051763057708740234
26.0,3.0,3.0,0.005159139633178711
19.0,0.0,0.0,0.0036706924438476562
21.0,1.0,1.0,0.0038590431213378906
45.0,3.0,3.0,0.008019208908081055
31.0,0.0,0.0,0.006041526794433594
151.0,10.0,10.0,0.030421733856201172
104.0,11.0,11.0,0.02182769775390625
15.0,0.0,0.0,0.0034487247467041016
23.0,0.0,0.0,0.004015922546386719
80.0,6.0,6.0,0.01362466812133789
50.0,4.0,4.0,0.00864410400390625
13.0,0.0,0.0,0.0019981861114501953
71.0,6.0,6.0,0.01275324821472168
40.0,4.0,4.0,0.005617380142211914
30.0,3.0,3.0,0.006122112274169922
12.0,1.0,1.0,0.0019986629486083984
16.0,0.0,0.0,0.0026960372924804688
60.0,1.0,1.0,0.00939798355102539
17.0,2.0,2.0,0.003000020980834961
28.0,3.0,3.0,0.00395512580871582
13.0,0.0,0.0,0.002008199691772461
11.0,0.0,0.0,0.002585887908935547
47.0,5.0,5.0,0.007010459899902344
20.0,0.0,0.0,0.0030765533447265625
35.0,1.0,1.0,0.005998134613037109
47.0,8.0,8.0,0.007525920867919922
13.0,0.0,0.0,0.002664327621459961
12.0,1.0,1.0,0.0019989013671875
66.0,2.0,2.0,0.011160850524902344
91.0,8.0,8.0,0.016154050827026367
35.0,1.0,1.0,0.005997419357299805
13.0,0.0,0.0,0.002556324005126953
25.0,2.0,2.0,0.0039882659912109375
40.0,0.0,0.0,0.009119987487792969
23.0,0.0,0.0,0.004523277282714844
13.0,1.0,1.0,0.003398418426513672
38.0,3.0,3.0,0.008203983306884766
38.0,3.0,3.0,0.006358146667480469
74.0,0.0,0.0,0.012191534042358398
13.0,1.0,1.0,0.0022776126861572266
17.0,2.0,2.0,0.0030057430267333984
18.0,2.0,2.0,0.0030002593994140625
23.0,2.0,2.0,0.004170656204223633
18.0,0.0,0.0,0.003998756408691406
26.0,1.0,1.0,0.005003452301025391
11.0,0.0,0.0,0.0016660690307617188
80.0,2.0,2.0,0.012775897979736328
52.0,2.0,2.0,0.008103370666503906
21.0,0.0,0.0,0.004091501235961914
35.0,1.0,1.0,0.005639314651489258
117.0,6.0,6.0,0.020046472549438477
48.0,5.0,5.0,0.007970571517944336
45.0,1.0,1.0,0.008540153503417969
23.0,1.0,1.0,0.006171703338623047
18.0,0.0,0.0,0.002858877182006836
30.0,5.0,5.0,0.0046117305755615234
41.0,3.0,3.0,0.00599980354309082
24.0,0.0,0.0,0.004489898681640625
16.0,1.0,1.0,0.003000020980834961
11.0,0.0,0.0,0.0017826557159423828
55.0,2.0,2.0,0.009796380996704102
61.0,3.0,3.0,0.012917757034301758
16.0,0.0,0.0,0.0021371841430664062
57.0,7.0,7.0,0.008956432342529297
44.0,0.0,0.0,0.006506681442260742
34.0,3.0,3.0,0.005656003952026367
32.0,0.0,0.0,0.005619525909423828
43.0,1.0,1.0,0.007814645767211914
18.0,2.0,2.0,0.0035059452056884766
22.0,1.0,1.0,0.004243612289428711
25.0,3.0,3.0,0.005191802978515625
22.0,1.0,1.0,0.004017829895019531
28.0,4.0,4.0,0.0039997100830078125
49.0,3.0,3.0,0.00775456428527832
14.0,0.0,0.0,0.002595663070678711
43.0,2.0,2.0,0.006968975067138672
35.0,2.0,2.0,0.005514621734619141
36.0,2.0,2.0,0.0057489871978759766
60.0,1.0,1.0,0.010648965835571289
42.0,1.0,1.0,0.007688045501708984
12.0,0.0,0.0,0.0019981861114501953
15.0,0.0,0.0,0.00312042236328125
39.0,3.0,3.0,0.008215904235839844
36.0,0.0,0.0,0.006020784378051758
29.0,2.0,2.0,0.006050586700439453
102.0,11.0,11.0,0.017802000045776367
19.0,1.0,1.0,0.0039081573486328125
30.0,2.0,2.0,0.0049686431884765625
27.0,1.0,1.0,0.003937244415283203
24.0,3.0,3.0,0.003514528274536133
24.0,2.0,2.0,0.00466156005859375
78.0,6.0,6.0,0.013293266296386719
24.0,1.0,1.0,0.004584550857543945
21.0,0.0,0.0,0.003008127212524414
19.0,2.0,2.0,0.004094600677490234
17.0,0.0,0.0,0.0027570724487304688
74.0,4.0,4.0,0.012042522430419922
56.0,3.0,3.0,0.008634805679321289
21.0,0.0,0.0,0.0044629573822021484
36.0,3.0,3.0,0.00627899169921875
13.0,0.0,0.0,0.003707408905029297
44.0,4.0,4.0,0.0076122283935546875
50.0,0.0,0.0,0.008848905563354492
12.0,0.0,0.0,0.0019958019256591797
33.0,3.0,3.0,0.006468772888183594
51.0,3.0,3.0,0.008667945861816406
30.0,1.0,1.0,0.004401683807373047
16.0,1.0,1.0,0.002713441848754883
32.0,0.0,0.0,0.005538463592529297
54.0,5.0,5.0,0.010666370391845703
18.0,0.0,0.0,0.002997875213623047
11.0,0.0,0.0,0.002682209014892578
26.0,3.0,3.0,0.0038406848907470703
56.0,1.0,1.0,0.00981903076171875
40.0,2.0,2.0,0.007174968719482422
21.0,1.0,1.0,0.004664421081542969
14.0,0.0,0.0,0.0035381317138671875
100.0,2.0,2.0,0.017533540725708008
14.0,0.0,0.0,0.002997875213623047
24.0,3.0,3.0,0.00433659553527832
55.0,3.0,3.0,0.008646488189697266
82.0,12.0,12.0,0.014342546463012695
20.0,0.0,0.0,0.0033965110778808594
89.0,5.0,5.0,0.014129877090454102
31.0,4.0,4.0,0.006535053253173828
15.0,1.0,1.0,0.0032112598419189453
65.0,4.0,4.0,0.00996255874633789
50.0,4.0,4.0,0.00892186164855957
26.0,1.0,1.0,0.0050029754638671875
24.0,1.0,1.0,0.003620624542236328
60.0,4.0,4.0,0.009952068328857422
28.0,2.0,2.0,0.005491495132446289
15.0,1.0,1.0,0.002783060073852539
23.0,1.0,1.0,0.005136013031005859
40.0,3.0,3.0,0.008124828338623047
174.0,15.0,15.0,0.029392242431640625
13.0,0.0,0.0,0.0018787384033203125
35.0,1.0,1.0,0.005622148513793945
29.0,3.0,3.0,0.0055692195892333984
21.0,1.0,1.0,0.0036804676055908203
40.0,4.0,4.0,0.006806373596191406
38.0,0.0,0.0,0.005713462829589844
41.0,6.0,6.0,0.006634235382080078
43.0,6.0,6.0,0.007704734802246094
20.0,1.0,1.0,0.004080057144165039
30.0,1.0,1.0,0.006207942962646484
125.0,16.0,16.0,0.020330190658569336
34.0,2.0,2.0,0.00712895393371582
98.0,4.0,4.0,0.01488041877746582
49.0,2.0,2.0,0.009226083755493164
85.0,0.0,0.0,0.015003681182861328
79.0,1.0,1.0,0.013759374618530273
177.0,16.0,16.0,0.029058456420898438
11.0,0.0,0.0,0.0015156269073486328
15.0,0.0,0.0,0.0019981861114501953
50.0,5.0,5.0,0.007831573486328125
23.0,3.0,3.0,0.0040018558502197266
25.0,0.0,0.0,0.004529476165771484
16.0,0.0,0.0,0.0030002593994140625
74.0,5.0,5.0,0.012026548385620117
15.0,0.0,0.0,0.0019989013671875
28.0,1.0,1.0,0.004381895065307617
17.0,0.0,0.0,0.002777576446533203
38.0,0.0,0.0,0.006490468978881836
23.0,1.0,1.0,0.004158735275268555
131.0,12.0,12.0,0.023598909378051758
33.0,0.0,0.0,0.0068874359130859375
80.0,3.0,3.0,0.012356281280517578
25.0,1.0,1.0,0.004681587219238281
22.0,2.0,2.0,0.0030002593994140625
22.0,3.0,3.0,0.003633737564086914
12.0,1.0,1.0,0.0030059814453125
13.0,1.0,1.0,0.002766132354736328
25.0,1.0,1.0,0.004005908966064453
37.0,2.0,2.0,0.005786418914794922
20.0,1.0,1.0,0.002966642379760742
25.0,1.0,1.0,0.004471778869628906
119.0,7.0,7.0,0.022838830947875977
39.0,0.0,0.0,0.006386280059814453
24.0,1.0,1.0,0.004003047943115234
19.0,1.0,1.0,0.0027170181274414062
41.0,5.0,5.0,0.008034706115722656
17.0,0.0,0.0,0.0025157928466796875
55.0,4.0,4.0,0.012203216552734375
59.0,4.0,4.0,0.012382268905639648
25.0,0.0,0.0,0.003998279571533203
57.0,1.0,1.0,0.009111881256103516
16.0,1.0,1.0,0.002650022506713867
16.0,0.0,0.0,0.00250244140625
39.0,1.0,1.0,0.006810188293457031
13.0,0.0,0.0,0.0018630027770996094
27.0,1.0,1.0,0.004112958908081055
99.0,4.0,4.0,0.015668630599975586
37.0,0.0,0.0,0.006810665130615234
52.0,1.0,1.0,0.01067042350769043
19.0,8.0,8.0,0.0026845932006835938
86.0,5.0,5.0,0.016530752182006836
36.0,2.0,2.0,0.005992889404296875
25.0,0.0,0.0,0.0035293102264404297
12.0,0.0,0.0,0.0019981861114501953
26.0,0.0,0.0,0.0046367645263671875
22.0,0.0,0.0,0.0036950111389160156
47.0,0.0,0.0,0.008896112442016602
21.0,1.0,1.0,0.0036056041717529297
85.0,6.0,6.0,0.013099908828735352
91.0,5.0,5.0,0.01590132713317871
54.0,3.0,3.0,0.007665395736694336
46.0,1.0,1.0,0.013081789016723633
37.0,4.0,4.0,0.00738072395324707
50.0,4.0,4.0,0.008165836334228516
76.0,2.0,2.0,0.014857292175292969
33.0,4.0,4.0,0.0073091983795166016
54.0,0.0,0.0,0.008586406707763672
46.0,8.0,8.0,0.007101535797119141
13.0,0.0,0.0,0.0021026134490966797
16.0,3.0,3.0,0.003766775131225586
19.0,0.0,0.0,0.003086566925048828
39.0,4.0,4.0,0.006213188171386719
21.0,1.0,1.0,0.004073619842529297
16.0,3.0,3.0,0.002061128616333008
37.0,1.0,1.0,0.006727695465087891
55.0,2.0,2.0,0.008656501770019531
18.0,0.0,0.0,0.0032546520233154297
27.0,1.0,1.0,0.00392913818359375
61.0,5.0,5.0,0.01015615463256836
64.0,2.0,2.0,0.012196540832519531
11.0,0.0,0.0,0.003360748291015625
44.0,5.0,5.0,0.007527351379394531
13.0,0.0,0.0,0.001961946487426758
107.0,4.0,4.0,0.017266511917114258
25.0,1.0,1.0,0.0040018558502197266
43.0,0.0,0.0,0.0062367916107177734
17.0,2.0,2.0,0.00247955322265625
32.0,4.0,4.0,0.0055348873138427734
31.0,2.0,2.0,0.0041255950927734375
39.0,2.0,2.0,0.0058591365814208984
46.0,0.0,0.0,0.00791311264038086
18.0,2.0,2.0,0.002633810043334961
26.0,1.0,1.0,0.006291866302490234
23.0,1.0,1.0,0.004584789276123047
11.0,0.0,0.0,0.002010345458984375
58.0,5.0,5.0,0.00927114486694336
22.0,1.0,1.0,0.003965854644775391
42.0,7.0,7.0,0.0061681270599365234
74.0,3.0,3.0,0.011513948440551758
41.0,0.0,0.0,0.007002353668212891
85.0,7.0,7.0,0.012800455093383789
17.0,1.0,1.0,0.0026416778564453125
121.0,5.0,5.0,0.01975846290588379
13.0,1.0,1.0,0.002005338668823242
11.0,0.0,0.0,0.0018384456634521484
29.0,0.0,0.0,0.0065631866455078125
15.0,0.0,0.0,0.002972841262817383
24.0,0.0,0.0,0.004365205764770508
47.0,0.0,0.0,0.010398387908935547
54.0,3.0,3.0,0.013460159301757812
12.0,0.0,0.0,0.0028007030487060547
74.0,2.0,2.0,0.01753711700439453
29.0,7.0,7.0,0.005242824554443359
21.0,2.0,2.0,0.0029954910278320312
30.0,1.0,1.0,0.006196022033691406
20.0,2.0,2.0,0.005712032318115234
52.0,2.0,2.0,0.011138439178466797
28.0,0.0,0.0,0.004564046859741211
72.0,2.0,2.0,0.011692523956298828
38.0,1.0,1.0,0.0064737796783447266
11.0,0.0,0.0,0.0019974708557128906
12.0,1.0,1.0,0.002763032913208008
20.0,0.0,0.0,0.002639293670654297
47.0,4.0,4.0,0.007622718811035156
15.0,0.0,0.0,0.0025331974029541016
22.0,0.0,0.0,0.003969430923461914
16.0,1.0,1.0,0.0017087459564208984
41.0,1.0,1.0,0.006651878356933594
53.0,0.0,0.0,0.008954763412475586
65.0,7.0,7.0,0.011021852493286133
12.0,1.0,1.0,0.002010345458984375
23.0,0.0,0.0,0.004177570343017578
40.0,2.0,2.0,0.005939483642578125
28.0,3.0,3.0,0.004179954528808594
33.0,1.0,1.0,0.0051114559173583984
46.0,0.0,0.0,0.0075228214263916016
95.0,8.0,8.0,0.0188140869140625
15.0,0.0,0.0,0.002948760986328125
65.0,7.0,7.0,0.011963367462158203
27.0,1.0,1.0,0.004670619964599609
70.0,2.0,2.0,0.017227888107299805
20.0,0.0,0.0,0.0045201778411865234
16.0,1.0,1.0,0.003177642822265625
20.0,3.0,3.0,0.0037450790405273438
12.0,0.0,0.0,0.0020003318786621094
24.0,0.0,0.0,0.0035674571990966797
32.0,0.0,0.0,0.004834651947021484
35.0,0.0,0.0,0.005919456481933594
13.0,1.0,1.0,0.002001047134399414
39.0,0.0,0.0,0.006002187728881836
12.0,0.0,0.0,0.0020029544830322266
23.0,0.0,0.0,0.0039997100830078125
12.0,1.0,1.0,0.0026803016662597656
50.0,1.0,1.0,0.0069615840911865234
34.0,0.0,0.0,0.004858732223510742
13.0,2.0,2.0,0.0027534961700439453
16.0,0.0,0.0,0.002852916717529297
15.0,2.0,2.0,0.0019979476928710938
37.0,1.0,1.0,0.006337404251098633
21.0,0.0,0.0,0.004273891448974609
115.0,7.0,7.0,0.021254539489746094
19.0,1.0,1.0,0.0040929317474365234
15.0,1.0,1.0,0.0021920204162597656
19.0,0.0,0.0,0.0030090808868408203
81.0,3.0,3.0,0.01503610610961914
25.0,2.0,2.0,0.005149364471435547
12.0,0.0,0.0,0.0021333694458007812
77.0,9.0,9.0,0.012800216674804688
28.0,2.0,2.0,0.004820108413696289
18.0,4.0,4.0,0.0036427974700927734
31.0,2.0,2.0,0.005136728286743164
55.0,1.0,1.0,0.011339664459228516
60.0,1.0,1.0,0.0096435546875
14.0,1.0,1.0,0.002505779266357422
24.0,4.0,4.0,0.002998828887939453
18.0,0.0,0.0,0.003593921661376953
14.0,0.0,0.0,0.0017211437225341797
35.0,3.0,3.0,0.0057010650634765625
55.0,0.0,0.0,0.009167671203613281
28.0,2.0,2.0,0.005306720733642578
107.0,4.0,4.0,0.019909381866455078
101.0,2.0,2.0,0.01663374900817871
37.0,0.0,0.0,0.005535602569580078
67.0,6.0,6.0,0.012937784194946289
78.0,2.0,2.0,0.013825416564941406
17.0,0.0,0.0,0.003006458282470703
55.0,6.0,6.0,0.008433341979980469
26.0,0.0,0.0,0.004059553146362305
17.0,0.0,0.0,0.0028688907623291016
15.0,0.0,0.0,0.0018630027770996094
28.0,0.0,0.0,0.0049970149993896484
16.0,1.0,1.0,0.002562999725341797
38.0,2.0,2.0,0.0059511661529541016
56.0,0.0,0.0,0.009432077407836914
23.0,0.0,0.0,0.0029878616333007812
21.0,0.0,0.0,0.0036554336547851562
26.0,1.0,1.0,0.004659175872802734
18.0,0.0,0.0,0.0027544498443603516
31.0,1.0,1.0,0.004680633544921875
23.0,0.0,0.0,0.0036706924438476562
17.0,0.0,0.0,0.003008127212524414
15.0,0.0,0.0,0.0037593841552734375
19.0,0.0,0.0,0.003028392791748047
301.0,11.0,11.0,0.056481361389160156
60.0,7.0,7.0,0.013606071472167969
37.0,5.0,5.0,0.008925676345825195
23.0,1.0,1.0,0.006205081939697266
12.0,0.0,0.0,0.0032684803009033203
26.0,1.0,1.0,0.004482746124267578
19.0,0.0,0.0,0.004034996032714844
18.0,0.0,0.0,0.00492405891418457
56.0,2.0,2.0,0.017689943313598633
27.0,2.0,2.0,0.007086515426635742
31.0,3.0,3.0,0.008411407470703125
25.0,1.0,1.0,0.005527973175048828
34.0,2.0,2.0,0.0076520442962646484
62.0,2.0,2.0,0.011789560317993164
19.0,0.0,0.0,0.003255128860473633
17.0,0.0,0.0,0.0030069351196289062
14.0,0.0,0.0,0.0035839080810546875
188.0,10.0,10.0,0.03294110298156738
63.0,1.0,1.0,0.01277017593383789
51.0,4.0,4.0,0.008800029754638672
19.0,0.0,0.0,0.004307985305786133
25.0,0.0,0.0,0.004187822341918945
36.0,2.0,2.0,0.0077893733978271484
25.0,1.0,1.0,0.0037071704864501953
22.0,3.0,3.0,0.003290414810180664
26.0,2.0,2.0,0.005391836166381836
44.0,1.0,1.0,0.010347127914428711
23.0,1.0,1.0,0.003304004669189453
52.0,2.0,2.0,0.008206605911254883
42.0,0.0,0.0,0.008320808410644531
88.0,6.0,6.0,0.014459371566772461
11.0,0.0,0.0,0.0024611949920654297
47.0,5.0,5.0,0.008193254470825195
38.0,2.0,2.0,0.0058441162109375
12.0,0.0,0.0,0.0049953460693359375
54.0,4.0,4.0,0.01144862174987793
12.0,0.0,0.0,0.003061056137084961
45.0,9.0,9.0,0.008812665939331055
30.0,2.0,2.0,0.005001068115234375
43.0,1.0,1.0,0.007419109344482422
43.0,6.0,6.0,0.007142543792724609
21.0,5.0,5.0,0.0029697418212890625
20.0,4.0,4.0,0.003044605255126953
139.0,12.0,12.0,0.02424931526184082
154.0,4.0,4.0,0.026115894317626953
48.0,0.0,0.0,0.0192873477935791
14.0,1.0,1.0,0.0034284591674804688
24.0,3.0,3.0,0.006148576736450195
86.0,2.0,2.0,0.014751672744750977
44.0,4.0,4.0,0.007605791091918945
49.0,4.0,4.0,0.007663726806640625
15.0,0.0,0.0,0.0026483535766601562
107.0,6.0,6.0,0.02091073989868164
110.0,3.0,3.0,0.029213905334472656
28.0,1.0,1.0,0.0077056884765625
14.0,0.0,0.0,0.0019969940185546875
28.0,0.0,0.0,0.0053424835205078125
15.0,0.0,0.0,0.0019178390502929688
43.0,4.0,4.0,0.008140325546264648
39.0,0.0,0.0,0.006674051284790039
21.0,2.0,2.0,0.00426483154296875
26.0,2.0,2.0,0.0035941600799560547
74.0,6.0,6.0,0.013539791107177734
32.0,0.0,0.0,0.006020545959472656
12.0,0.0,0.0,0.0030913352966308594
12.0,0.0,0.0,0.0021355152130126953
30.0,3.0,3.0,0.005221366882324219
12.0,0.0,0.0,0.0021898746490478516
30.0,1.0,1.0,0.005091428756713867
27.0,0.0,0.0,0.007311105728149414
43.0,4.0,4.0,0.006802558898925781
54.0,6.0,6.0,0.010774612426757812
73.0,6.0,6.0,0.012170553207397461
19.0,1.0,1.0,0.003521442413330078
50.0,4.0,4.0,0.008681774139404297
59.0,1.0,1.0,0.010209321975708008
13.0,0.0,0.0,0.0035598278045654297
15.0,0.0,0.0,0.0023336410522460938
61.0,1.0,1.0,0.011423587799072266
14.0,1.0,1.0,0.0034945011138916016
13.0,1.0,1.0,0.004119157791137695
159.0,7.0,7.0,0.026326417922973633
56.0,12.0,12.0,0.011764287948608398
34.0,1.0,1.0,0.0066454410552978516
11.0,0.0,0.0,0.0010111331939697266
32.0,0.0,0.0,0.004250288009643555
125.0,5.0,5.0,0.020242929458618164
24.0,0.0,0.0,0.004001140594482422
17.0,0.0,0.0,0.0031304359436035156
12.0,1.0,1.0,0.0021474361419677734
29.0,3.0,3.0,0.0051517486572265625
23.0,3.0,3.0,0.004513978958129883
37.0,4.0,4.0,0.006466865539550781
22.0,2.0,2.0,0.0041234493255615234
12.0,0.0,0.0,0.0025238990783691406
13.0,2.0,2.0,0.0020034313201904297
156.0,9.0,9.0,0.03428506851196289
22.0,2.0,2.0,0.0055043697357177734
13.0,1.0,1.0,0.002443552017211914
14.0,1.0,1.0,0.0033130645751953125
50.0,6.0,6.0,0.010606050491333008
23.0,2.0,2.0,0.004993915557861328
40.0,2.0,2.0,0.011023759841918945
17.0,1.0,1.0,0.00299835205078125
47.0,5.0,5.0,0.009984731674194336
24.0,8.0,8.0,0.0068171024322509766
15.0,0.0,0.0,0.002122163772583008
79.0,4.0,4.0,0.014065265655517578
88.0,5.0,5.0,0.020635604858398438
15.0,0.0,0.0,0.0034914016723632812
28.0,4.0,4.0,0.006853580474853516
11.0,0.0,0.0,0.0031366348266601562
14.0,0.0,0.0,0.004600048065185547
35.0,0.0,0.0,0.008806705474853516
24.0,1.0,1.0,0.007562160491943359
14.0,0.0,0.0,0.0023565292358398438
16.0,0.0,0.0,0.0031087398529052734
19.0,1.0,1.0,0.0027396678924560547
19.0,7.0,7.0,0.0028679370880126953
13.0,0.0,0.0,0.0021474361419677734
11.0,0.0,0.0,0.0026865005493164062
66.0,4.0,4.0,0.015960693359375
21.0,0.0,0.0,0.004937887191772461
38.0,1.0,1.0,0.008852958679199219
16.0,1.0,1.0,0.0023152828216552734
11.0,0.0,0.0,0.0015735626220703125
63.0,2.0,2.0,0.012270450592041016
25.0,0.0,0.0,0.004695415496826172
13.0,0.0,0.0,0.00415492057800293
61.0,5.0,5.0,0.013774871826171875
32.0,0.0,0.0,0.008701324462890625
15.0,3.0,3.0,0.0028624534606933594
32.0,3.0,3.0,0.007254838943481445
17.0,2.0,2.0,0.0036814212799072266
28.0,1.0,1.0,0.00600743293762207
22.0,0.0,0.0,0.003146648406982422
44.0,3.0,3.0,0.006720066070556641
17.0,1.0,1.0,0.003004789352416992
129.0,1.0,1.0,0.02080559730529785
94.0,2.0,2.0,0.013966560363769531
14.0,3.0,3.0,0.0020132064819335938
84.0,1.0,1.0,0.01270437240600586
32.0,2.0,2.0,0.0051076412200927734
26.0,3.0,3.0,0.0047740936279296875
17.0,1.0,1.0,0.0046384334564208984
16.0,1.0,1.0,0.004047393798828125
30.0,0.0,0.0,0.009322404861450195
139.0,6.0,6.0,0.029705286026000977
36.0,1.0,1.0,0.00596308708190918
33.0,3.0,3.0,0.005986690521240234
66.0,3.0,3.0,0.012324094772338867
25.0,1.0,1.0,0.0035462379455566406
49.0,1.0,1.0,0.009575128555297852
83.0,6.0,6.0,0.01248621940612793
37.0,1.0,1.0,0.006000995635986328
17.0,0.0,0.0,0.003439188003540039
21.0,1.0,1.0,0.0027387142181396484
52.0,4.0,4.0,0.009038686752319336
24.0,1.0,1.0,0.0033309459686279297
79.0,1.0,1.0,0.016442298889160156
23.0,2.0,2.0,0.006243705749511719
14.0,0.0,0.0,0.0029942989349365234
24.0,3.0,3.0,0.0039675235748291016
39.0,3.0,3.0,0.0064737796783447266
83.0,6.0,6.0,0.01414179801940918
24.0,0.0,0.0,0.003951311111450195
22.0,1.0,1.0,0.003257274627685547
13.0,0.0,0.0,0.002207517623901367
21.0,0.0,0.0,0.0031516551971435547
23.0,4.0,4.0,0.004111528396606445
28.0,0.0,0.0,0.0064504146575927734
41.0,1.0,1.0,0.006704568862915039
68.0,2.0,2.0,0.015814781188964844
26.0,2.0,2.0,0.007088184356689453
12.0,1.0,1.0,0.0021088123321533203
23.0,2.0,2.0,0.0040209293365478516
19.0,0.0,0.0,0.004488706588745117
26.0,2.0,2.0,0.0040051937103271484
17.0,0.0,0.0,0.002733469009399414
26.0,2.0,2.0,0.0034952163696289062
37.0,3.0,3.0,0.008656740188598633
151.0,2.0,2.0,0.031564950942993164
56.0,1.0,1.0,0.008037567138671875
27.0,0.0,0.0,0.004532814025878906
19.0,1.0,1.0,0.0033473968505859375
26.0,3.0,3.0,0.004090309143066406
14.0,1.0,1.0,0.002754688262939453
120.0,10.0,10.0,0.025138378143310547
43.0,1.0,1.0,0.00864100456237793
43.0,1.0,1.0,0.006135225296020508
52.0,1.0,1.0,0.008627653121948242
72.0,1.0,1.0,0.012298345565795898
15.0,0.0,0.0,0.001973867416381836
153.0,4.0,4.0,0.024871826171875
27.0,2.0,2.0,0.0035185813903808594
36.0,2.0,2.0,0.007384777069091797
32.0,4.0,4.0,0.0088043212890625
26.0,0.0,0.0,0.004079103469848633
17.0,2.0,2.0,0.002576589584350586
24.0,1.0,1.0,0.004635334014892578
39.0,1.0,1.0,0.008996009826660156
41.0,4.0,4.0,0.00812077522277832
47.0,5.0,5.0,0.008334159851074219
78.0,8.0,8.0,0.013634443283081055
39.0,1.0,1.0,0.006719350814819336
21.0,3.0,3.0,0.003087759017944336
21.0,0.0,0.0,0.003839731216430664
29.0,1.0,1.0,0.004630565643310547
15.0,0.0,0.0,0.005597352981567383
75.0,2.0,2.0,0.018189668655395508
34.0,0.0,0.0,0.0050220489501953125
23.0,4.0,4.0,0.0035851001739501953
50.0,0.0,0.0,0.008682012557983398
42.0,3.0,3.0,0.006626605987548828
44.0,8.0,8.0,0.009029388427734375
23.0,2.0,2.0,0.00447392463684082
47.0,1.0,1.0,0.010867118835449219
50.0,1.0,1.0,0.009384632110595703
19.0,1.0,1.0,0.005814790725708008
13.0,1.0,1.0,0.0020101070404052734
48.0,2.0,2.0,0.008681774139404297
11.0,0.0,0.0,0.001997709274291992
29.0,1.0,1.0,0.005206108093261719
59.0,6.0,6.0,0.011045217514038086
52.0,7.0,7.0,0.009032249450683594
46.0,2.0,2.0,0.01080322265625
60.0,3.0,3.0,0.011475563049316406
21.0,3.0,3.0,0.0039975643157958984
59.0,2.0,2.0,0.008538007736206055
56.0,8.0,8.0,0.011285543441772461
45.0,7.0,7.0,0.008116960525512695
20.0,0.0,0.0,0.003014087677001953
15.0,0.0,0.0,0.003159046173095703
11.0,0.0,0.0,0.002259492874145508
75.0,8.0,8.0,0.011770248413085938
17.0,0.0,0.0,0.0027000904083251953
16.0,1.0,1.0,0.0020008087158203125
32.0,0.0,0.0,0.006840229034423828
17.0,0.0,0.0,0.0031604766845703125
42.0,8.0,8.0,0.010111093521118164
12.0,0.0,0.0,0.002511739730834961
17.0,0.0,0.0,0.0029680728912353516
30.0,2.0,2.0,0.004556894302368164
18.0,4.0,4.0,0.0035071372985839844
40.0,1.0,1.0,0.005921840667724609
44.0,4.0,4.0,0.0072176456451416016
34.0,2.0,2.0,0.006821870803833008
32.0,1.0,1.0,0.0048563480377197266
31.0,3.0,3.0,0.004593610763549805
73.0,3.0,3.0,0.011772632598876953
13.0,2.0,2.0,0.0019996166229248047
57.0,4.0,4.0,0.009521484375
79.0,3.0,3.0,0.013633489608764648
66.0,2.0,2.0,0.013135910034179688
94.0,3.0,3.0,0.01611471176147461
13.0,1.0,1.0,0.0019986629486083984
28.0,1.0,1.0,0.0050394535064697266
49.0,6.0,6.0,0.007619619369506836
36.0,0.0,0.0,0.00741124153137207
33.0,1.0,1.0,0.005033731460571289
73.0,7.0,7.0,0.012202024459838867
52.0,0.0,0.0,0.00940704345703125
41.0,3.0,3.0,0.006696462631225586
25.0,1.0,1.0,0.004556179046630859
43.0,4.0,4.0,0.006613731384277344
53.0,2.0,2.0,0.008862018585205078
31.0,1.0,1.0,0.005217552185058594
43.0,4.0,4.0,0.008829593658447266
58.0,7.0,7.0,0.011586904525756836
23.0,0.0,0.0,0.0040988922119140625
54.0,2.0,2.0,0.010692358016967773
75.0,5.0,5.0,0.012475013732910156
23.0,1.0,1.0,0.00359344482421875
15.0,1.0,1.0,0.002878904342651367
23.0,0.0,0.0,0.00426030158996582
15.0,0.0,0.0,0.0028946399688720703
30.0,2.0,2.0,0.006153583526611328
22.0,1.0,1.0,0.005148887634277344
24.0,0.0,0.0,0.004045009613037109
19.0,1.0,1.0,0.0030012130737304688
45.0,1.0,1.0,0.00842142105102539
12.0,0.0,0.0,0.001993417739868164
19.0,1.0,1.0,0.0026061534881591797
14.0,1.0,1.0,0.003612518310546875
41.0,2.0,2.0,0.007870912551879883
35.0,0.0,0.0,0.007308244705200195
22.0,1.0,1.0,0.0044803619384765625
14.0,1.0,1.0,0.0026025772094726562
29.0,0.0,0.0,0.0052797794342041016
13.0,2.0,2.0,0.002243518829345703
47.0,11.0,11.0,0.007423877716064453
44.0,0.0,0.0,0.00687098503112793
94.0,4.0,4.0,0.01518869400024414
17.0,1.0,1.0,0.0031180381774902344
66.0,2.0,2.0,0.010845661163330078
78.0,4.0,4.0,0.01277923583984375
69.0,2.0,2.0,0.011722803115844727
35.0,1.0,1.0,0.005573749542236328
27.0,4.0,4.0,0.0046634674072265625
58.0,7.0,7.0,0.010301828384399414
23.0,1.0,1.0,0.00539708137512207
62.0,4.0,4.0,0.009647846221923828
32.0,2.0,2.0,0.005002737045288086
35.0,4.0,4.0,0.0060346126556396484
16.0,0.0,0.0,0.0018494129180908203
19.0,1.0,1.0,0.0030050277709960938
56.0,4.0,4.0,0.01015162467956543
46.0,1.0,1.0,0.00815272331237793
32.0,0.0,0.0,0.006532430648803711
50.0,7.0,7.0,0.007074832916259766
22.0,1.0,1.0,0.0050144195556640625
13.0,1.0,1.0,0.002319812774658203
20.0,1.0,1.0,0.0027527809143066406
142.0,11.0,11.0,0.022371530532836914
133.0,12.0,12.0,0.02334427833557129
15.0,1.0,1.0,0.001996755599975586
22.0,3.0,3.0,0.0035300254821777344
29.0,0.0,0.0,0.005075931549072266
41.0,1.0,1.0,0.006400108337402344
40.0,2.0,2.0,0.005684375762939453
117.0,13.0,13.0,0.01998448371887207
15.0,2.0,2.0,0.001996278762817383
19.0,5.0,5.0,0.0036454200744628906
17.0,0.0,0.0,0.0019986629486083984
97.0,1.0,1.0,0.018562793731689453
36.0,3.0,3.0,0.007783412933349609
22.0,1.0,1.0,0.00321197509765625
12.0,0.0,0.0,0.002010822296142578
27.0,2.0,2.0,0.004595279693603516
25.0,0.0,0.0,0.004037618637084961
63.0,5.0,5.0,0.01068258285522461
14.0,0.0,0.0,0.0019986629486083984
12.0,0.0,0.0,0.0021352767944335938
15.0,1.0,1.0,0.0027306079864501953
22.0,1.0,1.0,0.006094217300415039
87.0,6.0,6.0,0.015413999557495117
15.0,0.0,0.0,0.0025234222412109375
14.0,0.0,0.0,0.0020003318786621094
84.0,7.0,7.0,0.017186641693115234
78.0,2.0,2.0,0.013717412948608398
24.0,1.0,1.0,0.0041043758392333984
33.0,4.0,4.0,0.006783723831176758
13.0,0.0,0.0,0.001997709274291992
26.0,0.0,0.0,0.0046045780181884766
29.0,2.0,2.0,0.0040073394775390625
52.0,9.0,9.0,0.008473634719848633
45.0,0.0,0.0,0.007645845413208008
11.0,1.0,1.0,0.0019659996032714844
32.0,4.0,4.0,0.005026102066040039
31.0,1.0,1.0,0.00583958625793457
13.0,0.0,0.0,0.0021064281463623047
12.0,1.0,1.0,0.0020051002502441406
55.0,1.0,1.0,0.010327577590942383
20.0,3.0,3.0,0.0030274391174316406
29.0,5.0,5.0,0.005003213882446289
23.0,0.0,0.0,0.002656221389770508
12.0,0.0,0.0,0.0034198760986328125
19.0,0.0,0.0,0.003679990768432617
75.0,5.0,5.0,0.012037515640258789
57.0,6.0,6.0,0.011888265609741211
25.0,0.0,0.0,0.0036575794219970703
35.0,2.0,2.0,0.006246328353881836
11.0,0.0,0.0,0.0010213851928710938
85.0,2.0,2.0,0.016566753387451172
45.0,5.0,5.0,0.008196115493774414
12.0,0.0,0.0,0.0018825531005859375
13.0,0.0,0.0,0.0031592845916748047
45.0,2.0,2.0,0.006642580032348633
76.0,4.0,4.0,0.011162519454956055
68.0,1.0,1.0,0.01183629035949707
23.0,0.0,0.0,0.002998828887939453
56.0,6.0,6.0,0.013931751251220703
11.0,0.0,0.0,0.0029129981994628906
63.0,3.0,3.0,0.011430025100708008
45.0,3.0,3.0,0.008368968963623047
20.0,1.0,1.0,0.002380847930908203
46.0,1.0,1.0,0.01054525375366211
22.0,2.0,2.0,0.004278659820556641
61.0,7.0,7.0,0.011650323867797852
23.0,1.0,1.0,0.004268646240234375
87.0,5.0,5.0,0.0160977840423584
15.0,0.0,0.0,0.002604961395263672
67.0,0.0,0.0,0.016213178634643555
30.0,1.0,1.0,0.0055389404296875
41.0,1.0,1.0,0.0065326690673828125
55.0,0.0,0.0,0.009890079498291016
47.0,0.0,0.0,0.008766651153564453
12.0,0.0,0.0,0.0021245479583740234
14.0,0.0,0.0,0.002501964569091797
13.0,0.0,0.0,0.002728700637817383
14.0,0.0,0.0,0.0022492408752441406
13.0,1.0,1.0,0.0022096633911132812
46.0,1.0,1.0,0.007394313812255859
31.0,1.0,1.0,0.005023956298828125
11.0,0.0,0.0,0.0025949478149414062
17.0,0.0,0.0,0.0031800270080566406
14.0,0.0,0.0,0.0038433074951171875
41.0,4.0,4.0,0.006015777587890625
25.0,10.0,10.0,0.005315065383911133
92.0,6.0,6.0,0.015034914016723633
21.0,3.0,3.0,0.0040476322174072266
27.0,0.0,0.0,0.0038840770721435547
33.0,0.0,0.0,0.007165670394897461
36.0,1.0,1.0,0.0063397884368896484
36.0,0.0,0.0,0.007294178009033203
57.0,1.0,1.0,0.010183095932006836
11.0,0.0,0.0,0.001795053482055664
21.0,2.0,2.0,0.004174709320068359
20.0,0.0,0.0,0.0035333633422851562
108.0,10.0,10.0,0.023698091506958008
45.0,5.0,5.0,0.008665084838867188
12.0,0.0,0.0,0.003010988235473633
25.0,0.0,0.0,0.005173921585083008
56.0,2.0,2.0,0.008735179901123047
43.0,2.0,2.0,0.0071523189544677734
27.0,1.0,1.0,0.005132436752319336
50.0,4.0,4.0,0.009618520736694336
23.0,0.0,0.0,0.0037331581115722656
28.0,0.0,0.0,0.005001544952392578
42.0,4.0,4.0,0.0057525634765625
49.0,6.0,6.0,0.007227182388305664
86.0,10.0,10.0,0.016379356384277344
15.0,0.0,0.0,0.003003358840942383
14.0,0.0,0.0,0.0021772384643554688
22.0,0.0,0.0,0.0039942264556884766
73.0,8.0,8.0,0.013151884078979492
22.0,2.0,2.0,0.0030002593994140625
24.0,0.0,0.0,0.004268646240234375
12.0,0.0,0.0,0.0017695426940917969
23.0,2.0,2.0,0.004212617874145508
31.0,0.0,0.0,0.007847309112548828
65.0,2.0,2.0,0.011203527450561523
38.0,1.0,1.0,0.0061872005462646484
21.0,0.0,0.0,0.002951383590698242
19.0,5.0,5.0,0.004241943359375
22.0,0.0,0.0,0.0035805702209472656
17.0,1.0,1.0,0.0032684803009033203
16.0,0.0,0.0,0.003221750259399414
13.0,0.0,0.0,0.0019986629486083984
33.0,1.0,1.0,0.005998134613037109
26.0,1.0,1.0,0.004950046539306641
31.0,1.0,1.0,0.004785299301147461
43.0,3.0,3.0,0.008025646209716797
24.0,1.0,1.0,0.00400543212890625
78.0,6.0,6.0,0.01575183868408203
20.0,1.0,1.0,0.004011392593383789
22.0,1.0,1.0,0.003389120101928711
53.0,5.0,5.0,0.009196281433105469
40.0,4.0,4.0,0.00755763053894043
44.0,4.0,4.0,0.0076715946197509766
116.0,9.0,9.0,0.022152423858642578
13.0,2.0,2.0,0.0019998550415039062
63.0,3.0,3.0,0.00929117202758789
38.0,2.0,2.0,0.006795406341552734
39.0,1.0,1.0,0.006527900695800781
19.0,1.0,1.0,0.0036225318908691406
35.0,6.0,6.0,0.005898714065551758
27.0,0.0,0.0,0.0046880245208740234
59.0,0.0,0.0,0.009666204452514648
39.0,9.0,9.0,0.006664752960205078
30.0,5.0,5.0,0.00494384765625
86.0,2.0,2.0,0.013513803482055664
12.0,0.0,0.0,0.002257823944091797
100.0,12.0,12.0,0.01849961280822754
52.0,1.0,1.0,0.008815765380859375
29.0,3.0,3.0,0.0052301883697509766
36.0,2.0,2.0,0.005410671234130859
32.0,5.0,5.0,0.006022453308105469
14.0,2.0,2.0,0.0031163692474365234
30.0,0.0,0.0,0.005687713623046875
127.0,6.0,6.0,0.020937442779541016
16.0,0.0,0.0,0.002648591995239258
72.0,8.0,8.0,0.015982389450073242
15.0,1.0,1.0,0.0044100284576416016
75.0,3.0,3.0,0.011827230453491211
106.0,12.0,12.0,0.017004728317260742
12.0,1.0,1.0,0.0015261173248291016
36.0,5.0,5.0,0.005997896194458008
41.0,5.0,5.0,0.0065419673919677734
20.0,0.0,0.0,0.0034410953521728516
99.0,1.0,1.0,0.016663789749145508
87.0,2.0,2.0,0.013964653015136719
45.0,1.0,1.0,0.009486675262451172
18.0,0.0,0.0,0.0031201839447021484
56.0,2.0,2.0,0.010256290435791016
38.0,3.0,3.0,0.006007671356201172
44.0,2.0,2.0,0.0067026615142822266
84.0,10.0,10.0,0.013617992401123047
40.0,3.0,3.0,0.007070302963256836
72.0,1.0,1.0,0.013045549392700195
23.0,2.0,2.0,0.00463104248046875
19.0,1.0,1.0,0.0035119056701660156
25.0,2.0,2.0,0.041791677474975586
26.0,2.0,2.0,0.00700068473815918
57.0,8.0,8.0,0.012677669525146484
17.0,0.0,0.0,0.004893064498901367
51.0,5.0,5.0,0.008629083633422852
13.0,1.0,1.0,0.0015170574188232422
57.0,3.0,3.0,0.009685754776000977
23.0,1.0,1.0,0.003999948501586914
24.0,0.0,0.0,0.003683805465698242
11.0,0.0,0.0,0.0015740394592285156
24.0,4.0,4.0,0.00413203239440918
96.0,4.0,4.0,0.015205144882202148
28.0,0.0,0.0,0.005158662796020508
40.0,6.0,6.0,0.0062220096588134766
17.0,1.0,1.0,0.0028357505798339844
58.0,8.0,8.0,0.010292291641235352
42.0,0.0,0.0,0.005818367004394531
27.0,0.0,0.0,0.00553584098815918
25.0,2.0,2.0,0.0037643909454345703
62.0,7.0,7.0,0.009672403335571289
26.0,1.0,1.0,0.004838466644287109
15.0,0.0,0.0,0.003009319305419922
18.0,3.0,3.0,0.0031185150146484375
54.0,3.0,3.0,0.009661197662353516
86.0,1.0,1.0,0.014947652816772461
58.0,6.0,6.0,0.009028911590576172
19.0,0.0,0.0,0.003663301467895508
39.0,0.0,0.0,0.006000041961669922
42.0,2.0,2.0,0.007712125778198242
43.0,0.0,0.0,0.006689548492431641
53.0,4.0,4.0,0.009653806686401367
36.0,7.0,7.0,0.006685972213745117
50.0,1.0,1.0,0.009191751480102539
35.0,3.0,3.0,0.006264209747314453
21.0,1.0,1.0,0.003052949905395508
103.0,10.0,10.0,0.016510963439941406
20.0,0.0,0.0,0.0028488636016845703
73.0,2.0,2.0,0.016831636428833008
11.0,0.0,0.0,0.0019741058349609375
15.0,0.0,0.0,0.002517223358154297
11.0,0.0,0.0,0.0018444061279296875
23.0,0.0,0.0,0.004016876220703125
28.0,1.0,1.0,0.00418543815612793
33.0,5.0,5.0,0.005504608154296875
14.0,1.0,1.0,0.0026383399963378906
16.0,1.0,1.0,0.002872467041015625
22.0,1.0,1.0,0.003819704055786133
32.0,1.0,1.0,0.005045413970947266
143.0,5.0,5.0,0.026638269424438477
11.0,0.0,0.0,0.002585887908935547
28.0,2.0,2.0,0.005364418029785156
25.0,1.0,1.0,0.005167484283447266
14.0,3.0,3.0,0.0029480457305908203
24.0,3.0,3.0,0.0038611888885498047
14.0,2.0,2.0,0.003159046173095703
17.0,0.0,0.0,0.0029981136322021484
37.0,2.0,2.0,0.00769352912902832
25.0,2.0,2.0,0.0039272308349609375
69.0,4.0,4.0,0.011166810989379883
95.0,7.0,7.0,0.01590871810913086
48.0,0.0,0.0,0.011566638946533203
14.0,1.0,1.0,0.0019965171813964844
59.0,5.0,5.0,0.012007713317871094
20.0,1.0,1.0,0.00279998779296875
47.0,7.0,7.0,0.008901357650756836
43.0,3.0,3.0,0.007815122604370117
66.0,9.0,9.0,0.012327194213867188
23.0,0.0,0.0,0.0037283897399902344
89.0,3.0,3.0,0.01753377914428711
24.0,1.0,1.0,0.004576444625854492
19.0,0.0,0.0,0.0028324127197265625
50.0,1.0,1.0,0.007981538772583008
13.0,0.0,0.0,0.0017044544219970703
29.0,1.0,1.0,0.005722999572753906
63.0,3.0,3.0,0.010287046432495117
14.0,0.0,0.0,0.002998828887939453
44.0,4.0,4.0,0.009007453918457031
32.0,1.0,1.0,0.006142854690551758
16.0,3.0,3.0,0.002008676528930664
75.0,1.0,1.0,0.01436924934387207
14.0,1.0,1.0,0.002501964569091797
29.0,0.0,0.0,0.005235433578491211
29.0,1.0,1.0,0.00489497184753418
114.0,5.0,5.0,0.020311355590820312
17.0,0.0,0.0,0.002985715866088867
47.0,2.0,2.0,0.0069849491119384766
109.0,4.0,4.0,0.01985335350036621
41.0,2.0,2.0,0.0076141357421875
23.0,1.0,1.0,0.005318641662597656
18.0,0.0,0.0,0.0035419464111328125
22.0,3.0,3.0,0.003999948501586914
15.0,2.0,2.0,0.0019211769104003906
31.0,2.0,2.0,0.004995584487915039
55.0,8.0,8.0,0.00868678092956543
13.0,0.0,0.0,0.0030286312103271484
39.0,4.0,4.0,0.006181478500366211
74.0,6.0,6.0,0.012578248977661133
12.0,1.0,1.0,0.0019829273223876953
16.0,0.0,0.0,0.0031473636627197266
22.0,1.0,1.0,0.0040400028228759766
42.0,4.0,4.0,0.006659746170043945
31.0,1.0,1.0,0.0049669742584228516
109.0,8.0,8.0,0.019077539443969727
110.0,1.0,1.0,0.020186185836791992
19.0,2.0,2.0,0.003531932830810547
15.0,0.0,0.0,0.001750946044921875
19.0,1.0,1.0,0.0037856101989746094
46.0,4.0,4.0,0.007512331008911133
12.0,0.0,0.0,0.001997709274291992
52.0,2.0,2.0,0.007640361785888672
19.0,3.0,3.0,0.0036280155181884766
30.0,1.0,1.0,0.004994392395019531
132.0,6.0,6.0,0.0218963623046875
34.0,1.0,1.0,0.006013154983520508
55.0,1.0,1.0,0.00991368293762207
32.0,3.0,3.0,0.005742549896240234
38.0,2.0,2.0,0.005795717239379883
70.0,1.0,1.0,0.014762163162231445
19.0,1.0,1.0,0.004000425338745117
11.0,0.0,0.0,0.0022482872009277344
23.0,1.0,1.0,0.004000186920166016
23.0,0.0,0.0,0.004643678665161133
146.0,8.0,8.0,0.023426294326782227
56.0,1.0,1.0,0.009820699691772461
58.0,2.0,2.0,0.009676694869995117
60.0,1.0,1.0,0.010547399520874023
20.0,0.0,0.0,0.0030028820037841797
178.0,21.0,21.0,0.03388357162475586
15.0,0.0,0.0,0.003275156021118164
15.0,0.0,0.0,0.0020847320556640625
11.0,0.0,0.0,0.0010089874267578125
50.0,5.0,5.0,0.008638143539428711
87.0,5.0,5.0,0.013780593872070312
29.0,1.0,1.0,0.005998373031616211
29.0,1.0,1.0,0.004556417465209961
31.0,0.0,0.0,0.0051288604736328125
33.0,4.0,4.0,0.008756160736083984
15.0,0.0,0.0,0.002439260482788086
23.0,2.0,2.0,0.003168344497680664
82.0,2.0,2.0,0.014945507049560547
51.0,3.0,3.0,0.010650634765625
30.0,0.0,0.0,0.006287574768066406
13.0,0.0,0.0,0.002725362777709961
20.0,0.0,0.0,0.0035827159881591797
145.0,8.0,8.0,0.028449535369873047
50.0,1.0,1.0,0.00802755355834961
16.0,0.0,0.0,0.004564762115478516
41.0,2.0,2.0,0.014168977737426758
21.0,1.0,1.0,0.003236055374145508
11.0,0.0,0.0,0.0031402111053466797
28.0,3.0,3.0,0.006462574005126953
14.0,2.0,2.0,0.0024018287658691406
29.0,2.0,2.0,0.006445169448852539
15.0,0.0,0.0,0.002654552459716797
18.0,1.0,1.0,0.003377199172973633
84.0,2.0,2.0,0.016145706176757812
19.0,0.0,0.0,0.0031800270080566406
29.0,0.0,0.0,0.0061187744140625
30.0,2.0,2.0,0.005236625671386719
28.0,0.0,0.0,0.005675315856933594
17.0,1.0,1.0,0.0020008087158203125
19.0,3.0,3.0,0.0031502246856689453
18.0,2.0,2.0,0.003172159194946289
42.0,3.0,3.0,0.006206989288330078
46.0,3.0,3.0,0.007226705551147461
40.0,2.0,2.0,0.00677490234375
112.0,3.0,3.0,0.01833343505859375
17.0,0.0,0.0,0.0027141571044921875
41.0,1.0,1.0,0.007181406021118164
30.0,2.0,2.0,0.005362987518310547
50.0,2.0,2.0,0.007990121841430664
11.0,0.0,0.0,0.002042531967163086
19.0,0.0,0.0,0.0035390853881835938
32.0,2.0,2.0,0.003993511199951172
58.0,3.0,3.0,0.00950765609741211
33.0,1.0,1.0,0.005698442459106445
32.0,2.0,2.0,0.00421905517578125
14.0,0.0,0.0,0.0020072460174560547
23.0,0.0,0.0,0.0041577816009521484
17.0,0.0,0.0,0.0025098323822021484
15.0,2.0,2.0,0.003000497817993164
46.0,3.0,3.0,0.007324934005737305
11.0,0.0,0.0,0.0021228790283203125
50.0,3.0,3.0,0.007911443710327148
29.0,0.0,0.0,0.004549503326416016
110.0,1.0,1.0,0.01705789566040039
43.0,3.0,3.0,0.007832050323486328
18.0,2.0,2.0,0.0032193660736083984
11.0,0.0,0.0,0.0016884803771972656
44.0,3.0,3.0,0.008521556854248047
13.0,2.0,2.0,0.0028815269470214844
13.0,0.0,0.0,0.0028667449951171875
51.0,1.0,1.0,0.00867319107055664
63.0,6.0,6.0,0.009994745254516602
24.0,0.0,0.0,0.0046558380126953125
11.0,0.0,0.0,0.0015451908111572266
21.0,2.0,2.0,0.0034863948822021484
80.0,12.0,12.0,0.014061212539672852
44.0,1.0,1.0,0.007958173751831055
11.0,0.0,0.0,0.003197908401489258
13.0,0.0,0.0,0.0025892257690429688
11.0,0.0,0.0,0.0037364959716796875
52.0,3.0,3.0,0.009860754013061523
17.0,0.0,0.0,0.003791332244873047
53.0,5.0,5.0,0.007997989654541016
23.0,0.0,0.0,0.004194736480712891
47.0,1.0,1.0,0.007415294647216797
47.0,0.0,0.0,0.0068743228912353516
11.0,0.0,0.0,0.0021390914916992188
19.0,1.0,1.0,0.0025229454040527344
19.0,1.0,1.0,0.003002166748046875
38.0,1.0,1.0,0.006517648696899414
188.0,6.0,6.0,0.03049182891845703
14.0,2.0,2.0,0.001940011978149414
13.0,0.0,0.0,0.0019996166229248047
32.0,1.0,1.0,0.004660606384277344
18.0,0.0,0.0,0.0029981136322021484
28.0,1.0,1.0,0.004659175872802734
26.0,1.0,1.0,0.004519939422607422
100.0,6.0,6.0,0.018256425857543945
51.0,5.0,5.0,0.008336782455444336
19.0,0.0,0.0,0.003376007080078125
69.0,4.0,4.0,0.01250457763671875
13.0,1.0,1.0,0.003245115280151367
15.0,1.0,1.0,0.0035228729248046875
17.0,5.0,5.0,0.0030260086059570312
11.0,0.0,0.0,0.002631664276123047
104.0,7.0,7.0,0.016921281814575195
24.0,0.0,0.0,0.004548311233520508
17.0,2.0,2.0,0.0037877559661865234
117.0,5.0,5.0,0.020612001419067383
94.0,12.0,12.0,0.018055438995361328
18.0,1.0,1.0,0.004074573516845703
39.0,1.0,1.0,0.005568027496337891
13.0,0.0,0.0,0.0019998550415039062
56.0,3.0,3.0,0.011290311813354492
17.0,1.0,1.0,0.0025205612182617188
68.0,5.0,5.0,0.01133275032043457
21.0,0.0,0.0,0.003000020980834961
14.0,3.0,3.0,0.002040386199951172
16.0,4.0,4.0,0.0030655860900878906
104.0,2.0,2.0,0.017234086990356445
34.0,1.0,1.0,0.005163431167602539
16.0,4.0,4.0,0.0040819644927978516
81.0,3.0,3.0,0.014996051788330078
56.0,0.0,0.0,0.009952068328857422
28.0,0.0,0.0,0.004907369613647461
28.0,0.0,0.0,0.006128072738647461
13.0,1.0,1.0,0.0039730072021484375
12.0,0.0,0.0,0.001999378204345703
23.0,0.0,0.0,0.0068128108978271484
85.0,7.0,7.0,0.013854265213012695
16.0,0.0,0.0,0.002653360366821289
17.0,3.0,3.0,0.002999544143676758
12.0,0.0,0.0,0.0029370784759521484
14.0,0.0,0.0,0.0020051002502441406
24.0,2.0,2.0,0.00516057014465332
55.0,4.0,4.0,0.010125160217285156
45.0,6.0,6.0,0.011842489242553711
18.0,2.0,2.0,0.0031876564025878906
53.0,1.0,1.0,0.009196043014526367
64.0,2.0,2.0,0.015308141708374023
29.0,4.0,4.0,0.005011558532714844
19.0,0.0,0.0,0.003869295120239258
62.0,1.0,1.0,0.009500503540039062
30.0,2.0,2.0,0.00451970100402832
21.0,4.0,4.0,0.0036253929138183594
12.0,0.0,0.0,0.0020008087158203125
28.0,1.0,1.0,0.005532979965209961
16.0,0.0,0.0,0.003000497817993164
77.0,5.0,5.0,0.01163625717163086
12.0,0.0,0.0,0.002033233642578125
33.0,5.0,5.0,0.0058863162994384766
79.0,2.0,2.0,0.0122528076171875
43.0,3.0,3.0,0.006597995758056641
69.0,5.0,5.0,0.011220216751098633
12.0,1.0,1.0,0.0025017261505126953
34.0,2.0,2.0,0.005634784698486328
21.0,5.0,5.0,0.0035293102264404297
55.0,4.0,4.0,0.00867152214050293
23.0,0.0,0.0,0.003167867660522461
18.0,5.0,5.0,0.0030012130737304688
15.0,0.0,0.0,0.0020003318786621094
17.0,1.0,1.0,0.003072023391723633
40.0,5.0,5.0,0.006102323532104492
102.0,7.0,7.0,0.016306400299072266
71.0,3.0,3.0,0.011672735214233398
14.0,2.0,2.0,0.0027735233306884766
67.0,3.0,3.0,0.010491371154785156
21.0,2.0,2.0,0.002589702606201172
42.0,0.0,0.0,0.008681535720825195
18.0,0.0,0.0,0.002852201461791992
16.0,0.0,0.0,0.0019652843475341797
62.0,3.0,3.0,0.01096653938293457
27.0,2.0,2.0,0.0037674903869628906
40.0,4.0,4.0,0.00669407844543457
42.0,3.0,3.0,0.007135152816772461
11.0,0.0,0.0,0.001999378204345703
58.0,2.0,2.0,0.009152650833129883
22.0,3.0,3.0,0.0039997100830078125
12.0,0.0,0.0,0.0028998851776123047
14.0,0.0,0.0,0.003031015396118164
38.0,2.0,2.0,0.006914377212524414
13.0,1.0,1.0,0.0019991397857666016
27.0,0.0,0.0,0.005029439926147461
11.0,0.0,0.0,0.0018961429595947266
20.0,1.0,1.0,0.00418543815612793
156.0,6.0,6.0,0.029258012771606445
21.0,0.0,0.0,0.003349781036376953
18.0,0.0,0.0,0.0030617713928222656
57.0,2.0,2.0,0.009736061096191406
58.0,1.0,1.0,0.01107168197631836
35.0,4.0,4.0,0.005675077438354492
35.0,1.0,1.0,0.008804559707641602
13.0,0.0,0.0,0.004642486572265625
14.0,0.0,0.0,0.003618001937866211
45.0,9.0,9.0,0.008026838302612305
13.0,1.0,1.0,0.0020003318786621094
31.0,6.0,6.0,0.004520416259765625
63.0,5.0,5.0,0.010607481002807617
32.0,1.0,1.0,0.0053708553314208984
12.0,1.0,1.0,0.001997709274291992
76.0,4.0,4.0,0.012769937515258789
59.0,4.0,4.0,0.010710000991821289
26.0,3.0,3.0,0.003999948501586914
30.0,1.0,1.0,0.006627082824707031
27.0,1.0,1.0,0.0050029754638671875
20.0,1.0,1.0,0.0035414695739746094
25.0,3.0,3.0,0.005083799362182617
20.0,0.0,0.0,0.0029969215393066406
58.0,2.0,2.0,0.00878596305847168
16.0,0.0,0.0,0.0026404857635498047
22.0,1.0,1.0,0.0039997100830078125
79.0,8.0,8.0,0.01359248161315918
51.0,0.0,0.0,0.010869264602661133
24.0,5.0,5.0,0.00523829460144043
102.0,7.0,7.0,0.019702672958374023
24.0,6.0,6.0,0.003990888595581055
54.0,3.0,3.0,0.009236335754394531
19.0,0.0,0.0,0.0028150081634521484
13.0,0.0,0.0,0.0025322437286376953
71.0,6.0,6.0,0.012284040451049805
12.0,1.0,1.0,0.002090930938720703
14.0,1.0,1.0,0.002575397491455078
13.0,0.0,0.0,0.0021102428436279297
21.0,1.0,1.0,0.003105640411376953
22.0,2.0,2.0,0.004124879837036133
24.0,0.0,0.0,0.004044771194458008
111.0,6.0,6.0,0.018285751342773438
28.0,0.0,0.0,0.005041837692260742
32.0,0.0,0.0,0.005583524703979492
32.0,2.0,2.0,0.0046236515045166016
70.0,4.0,4.0,0.013956308364868164
18.0,0.0,0.0,0.004271745681762695
99.0,3.0,3.0,0.01642584800720215
25.0,2.0,2.0,0.003515481948852539
58.0,7.0,7.0,0.009841203689575195
11.0,0.0,0.0,0.0015926361083984375
33.0,0.0,0.0,0.005520343780517578
60.0,3.0,3.0,0.00965571403503418
43.0,4.0,4.0,0.00710606575012207
29.0,0.0,0.0,0.004935741424560547
42.0,0.0,0.0,0.007689714431762695
32.0,0.0,0.0,0.004973888397216797
18.0,5.0,5.0,0.0029845237731933594
13.0,0.0,0.0,0.0020003318786621094
21.0,2.0,2.0,0.004000186920166016
15.0,2.0,2.0,0.0037229061126708984
36.0,3.0,3.0,0.005632162094116211
22.0,4.0,4.0,0.0029397010803222656
13.0,1.0,1.0,0.003683328628540039
11.0,0.0,0.0,0.002453327178955078
47.0,8.0,8.0,0.009719133377075195
37.0,0.0,0.0,0.006009340286254883
67.0,15.0,15.0,0.010940790176391602
19.0,2.0,2.0,0.003415822982788086
35.0,3.0,3.0,0.006031036376953125
24.0,3.0,3.0,0.004621744155883789
37.0,1.0,1.0,0.006182193756103516
29.0,0.0,0.0,0.005719423294067383
25.0,1.0,1.0,0.003645658493041992
17.0,0.0,0.0,0.0025141239166259766
34.0,0.0,0.0,0.00667881965637207
71.0,3.0,3.0,0.012377738952636719
57.0,1.0,1.0,0.010277509689331055
27.0,0.0,0.0,0.005127429962158203
18.0,0.0,0.0,0.0030121803283691406
15.0,2.0,2.0,0.00203704833984375
29.0,5.0,5.0,0.0049991607666015625
48.0,0.0,0.0,0.007539272308349609
39.0,4.0,4.0,0.0067403316497802734
18.0,1.0,1.0,0.0029985904693603516
48.0,1.0,1.0,0.008276224136352539
62.0,4.0,4.0,0.011806249618530273
48.0,5.0,5.0,0.010835647583007812
32.0,2.0,2.0,0.0059969425201416016
26.0,0.0,0.0,0.004002094268798828
63.0,4.0,4.0,0.011764764785766602
14.0,1.0,1.0,0.0025205612182617188
11.0,0.0,0.0,0.002002239227294922
28.0,2.0,2.0,0.007252931594848633
70.0,5.0,5.0,0.011629819869995117
14.0,0.0,0.0,0.0032205581665039062
69.0,1.0,1.0,0.011185646057128906
38.0,1.0,1.0,0.005928516387939453
49.0,4.0,4.0,0.008634090423583984
30.0,4.0,4.0,0.004669904708862305
22.0,2.0,2.0,0.004248857498168945
26.0,0.0,0.0,0.004001140594482422
15.0,2.0,2.0,0.0025300979614257812
29.0,1.0,1.0,0.0062291622161865234
13.0,1.0,1.0,0.0019860267639160156
14.0,0.0,0.0,0.003509521484375
53.0,0.0,0.0,0.009885311126708984
54.0,3.0,3.0,0.009023427963256836
28.0,1.0,1.0,0.005076169967651367
72.0,4.0,4.0,0.012819051742553711
103.0,13.0,13.0,0.023995637893676758
14.0,0.0,0.0,0.0034542083740234375
92.0,8.0,8.0,0.02201986312866211
14.0,1.0,1.0,0.0026891231536865234
75.0,5.0,5.0,0.017003774642944336
26.0,1.0,1.0,0.007842063903808594
31.0,3.0,3.0,0.0065271854400634766
42.0,4.0,4.0,0.00970149040222168
16.0,0.0,0.0,0.0033926963806152344
17.0,1.0,1.0,0.003375530242919922
37.0,6.0,6.0,0.006209611892700195
24.0,3.0,3.0,0.004184722900390625
23.0,0.0,0.0,0.003721475601196289
15.0,1.0,1.0,0.0025870800018310547
35.0,2.0,2.0,0.007280588150024414
33.0,2.0,2.0,0.007017612457275391
20.0,0.0,0.0,0.003847360610961914
83.0,4.0,4.0,0.019918441772460938
19.0,1.0,1.0,0.00457310676574707
50.0,2.0,2.0,0.008162736892700195
14.0,0.0,0.0,0.0019350051879882812
29.0,1.0,1.0,0.0050945281982421875
14.0,0.0,0.0,0.002503633499145508
88.0,4.0,4.0,0.015462160110473633
19.0,3.0,3.0,0.0038094520568847656
22.0,0.0,0.0,0.0035552978515625
18.0,5.0,5.0,0.0027740001678466797
32.0,0.0,0.0,0.005613803863525391
13.0,0.0,0.0,0.0024547576904296875
32.0,1.0,1.0,0.004688262939453125
42.0,3.0,3.0,0.007812738418579102
63.0,2.0,2.0,0.009593009948730469
23.0,0.0,0.0,0.0041658878326416016
24.0,0.0,0.0,0.004007816314697266
15.0,1.0,1.0,0.0025451183319091797
15.0,0.0,0.0,0.0026345252990722656
50.0,0.0,0.0,0.010423421859741211
84.0,3.0,3.0,0.016973257064819336
41.0,1.0,1.0,0.006669044494628906
44.0,1.0,1.0,0.007952213287353516
33.0,2.0,2.0,0.0050182342529296875
30.0,2.0,2.0,0.006786823272705078
42.0,3.0,3.0,0.007151126861572266
70.0,5.0,5.0,0.0118865966796875
23.0,2.0,2.0,0.003846883773803711
14.0,3.0,3.0,0.002007722854614258
66.0,4.0,4.0,0.010076522827148438
70.0,4.0,4.0,0.010210275650024414
23.0,3.0,3.0,0.003586292266845703
11.0,0.0,0.0,0.0025048255920410156
36.0,2.0,2.0,0.005677938461303711
24.0,0.0,0.0,0.003145933151245117
15.0,0.0,0.0,0.0020067691802978516
11.0,0.0,0.0,0.0022428035736083984
24.0,1.0,1.0,0.0035254955291748047
17.0,0.0,0.0,0.003294229507446289
14.0,0.0,0.0,0.002104520797729492
25.0,1.0,1.0,0.0037012100219726562
22.0,0.0,0.0,0.0036163330078125
47.0,4.0,4.0,0.006996631622314453
23.0,0.0,0.0,0.004545450210571289
15.0,0.0,0.0,0.002510547637939453
16.0,3.0,3.0,0.0025298595428466797
24.0,1.0,1.0,0.003992795944213867
97.0,0.0,0.0,0.016799449920654297
40.0,3.0,3.0,0.0073299407958984375
42.0,6.0,6.0,0.006645917892456055
19.0,1.0,1.0,0.003832101821899414
126.0,5.0,5.0,0.02180767059326172
25.0,0.0,0.0,0.006185054779052734
51.0,9.0,9.0,0.008972406387329102
18.0,1.0,1.0,0.0028553009033203125
21.0,2.0,2.0,0.004518032073974609
15.0,0.0,0.0,0.0026094913482666016
19.0,0.0,0.0,0.0027153491973876953
18.0,0.0,0.0,0.00412750244140625
32.0,0.0,0.0,0.005239248275756836
26.0,1.0,1.0,0.0046770572662353516
32.0,4.0,4.0,0.004728078842163086
51.0,1.0,1.0,0.00730133056640625
48.0,3.0,3.0,0.01025700569152832
14.0,0.0,0.0,0.0020613670349121094
23.0,0.0,0.0,0.0041387081146240234
18.0,0.0,0.0,0.003033161163330078
47.0,1.0,1.0,0.008391618728637695
192.0,9.0,9.0,0.03618335723876953
14.0,0.0,0.0,0.002698183059692383
62.0,0.0,0.0,0.009189367294311523
14.0,0.0,0.0,0.0027527809143066406
15.0,2.0,2.0,0.001756429672241211
33.0,0.0,0.0,0.004747629165649414
67.0,3.0,3.0,0.010915994644165039
33.0,4.0,4.0,0.006062984466552734
24.0,4.0,4.0,0.0037221908569335938
22.0,1.0,1.0,0.00372314453125
12.0,0.0,0.0,0.002658367156982422
15.0,1.0,1.0,0.002522706985473633
20.0,1.0,1.0,0.002997159957885742
22.0,2.0,2.0,0.0040857791900634766
13.0,0.0,0.0,0.0025637149810791016
20.0,1.0,1.0,0.0035560131072998047
21.0,0.0,0.0,0.002997159957885742
23.0,1.0,1.0,0.0038728713989257812
25.0,1.0,1.0,0.0039975643157958984
15.0,1.0,1.0,0.003139495849609375
11.0,0.0,0.0,0.0018544197082519531
142.0,22.0,22.0,0.02702474594116211
37.0,0.0,0.0,0.0072367191314697266
100.0,4.0,4.0,0.01664280891418457
14.0,0.0,0.0,0.0025374889373779297
13.0,0.0,0.0,0.0020132064819335938
22.0,1.0,1.0,0.003651857376098633
49.0,5.0,5.0,0.008445501327514648
26.0,2.0,2.0,0.0039348602294921875
22.0,3.0,3.0,0.004151821136474609
48.0,1.0,1.0,0.009117841720581055
36.0,4.0,4.0,0.007959365844726562
16.0,1.0,1.0,0.003516674041748047
43.0,2.0,2.0,0.008500814437866211
45.0,1.0,1.0,0.007639408111572266
23.0,2.0,2.0,0.003295421600341797
24.0,0.0,0.0,0.003815174102783203
73.0,2.0,2.0,0.011638879776000977
17.0,0.0,0.0,0.003078460693359375
11.0,0.0,0.0,0.002519369125366211
12.0,1.0,1.0,0.0017952919006347656
56.0,3.0,3.0,0.009747028350830078
22.0,0.0,0.0,0.0029942989349365234
14.0,0.0,0.0,0.0029985904693603516
63.0,2.0,2.0,0.010640382766723633
58.0,6.0,6.0,0.010648250579833984
46.0,1.0,1.0,0.008125543594360352
42.0,2.0,2.0,0.00653076171875
27.0,2.0,2.0,0.0046541690826416016
20.0,0.0,0.0,0.00292205810546875
39.0,2.0,2.0,0.005673885345458984
105.0,5.0,5.0,0.017162084579467773
43.0,0.0,0.0,0.00763392448425293
91.0,5.0,5.0,0.018359899520874023
24.0,0.0,0.0,0.005218029022216797
41.0,5.0,5.0,0.007378578186035156
58.0,0.0,0.0,0.009671449661254883
54.0,2.0,2.0,0.009314775466918945
43.0,0.0,0.0,0.00788569450378418
19.0,2.0,2.0,0.002529144287109375
36.0,7.0,7.0,0.006594419479370117
20.0,1.0,1.0,0.0035326480865478516
13.0,0.0,0.0,0.0017621517181396484
15.0,0.0,0.0,0.003039121627807617
16.0,1.0,1.0,0.003008127212524414
26.0,2.0,2.0,0.00473785400390625
35.0,7.0,7.0,0.0058062076568603516
11.0,0.0,0.0,0.0020303726196289062
23.0,0.0,0.0,0.003999233245849609
26.0,4.0,4.0,0.006592273712158203
50.0,2.0,2.0,0.008703470230102539
22.0,2.0,2.0,0.0036721229553222656
11.0,1.0,1.0,0.0019979476928710938
36.0,7.0,7.0,0.005723714828491211
26.0,1.0,1.0,0.004317522048950195
29.0,1.0,1.0,0.0049326419830322266
11.0,0.0,0.0,0.0019974708557128906
36.0,4.0,4.0,0.00640416145324707
45.0,2.0,2.0,0.007256031036376953
30.0,0.0,0.0,0.0048863887786865234
13.0,0.0,0.0,0.0014812946319580078
36.0,2.0,2.0,0.005204677581787109
18.0,0.0,0.0,0.0039768218994140625
61.0,4.0,4.0,0.009738445281982422
13.0,0.0,0.0,0.0021636486053466797
16.0,0.0,0.0,0.0020210742950439453
32.0,5.0,5.0,0.0063970088958740234
44.0,3.0,3.0,0.008177042007446289
16.0,0.0,0.0,0.0029764175415039062
21.0,2.0,2.0,0.0029573440551757812
31.0,1.0,1.0,0.004624128341674805
37.0,1.0,1.0,0.006418466567993164
21.0,2.0,2.0,0.0035123825073242188
16.0,0.0,0.0,0.0030057430267333984
42.0,2.0,2.0,0.007016897201538086
45.0,5.0,5.0,0.008161783218383789
147.0,7.0,7.0,0.027524948120117188
13.0,0.0,0.0,0.0030951499938964844
17.0,0.0,0.0,0.003809213638305664
19.0,2.0,2.0,0.0034008026123046875
36.0,1.0,1.0,0.005789279937744141
69.0,3.0,3.0,0.01193547248840332
24.0,3.0,3.0,0.004531383514404297
21.0,2.0,2.0,0.00393986701965332
59.0,1.0,1.0,0.009392738342285156
28.0,1.0,1.0,0.006590604782104492
14.0,1.0,1.0,0.0034062862396240234
24.0,2.0,2.0,0.004458904266357422
106.0,3.0,3.0,0.02681875228881836
21.0,1.0,1.0,0.0049114227294921875
16.0,0.0,0.0,0.0019981861114501953
21.0,0.0,0.0,0.004128456115722656
35.0,1.0,1.0,0.005514860153198242
20.0,2.0,2.0,0.003525257110595703
46.0,2.0,2.0,0.007667064666748047
48.0,1.0,1.0,0.006971836090087891
70.0,2.0,2.0,0.01058816909790039
80.0,10.0,10.0,0.01304483413696289
40.0,1.0,1.0,0.005944013595581055
18.0,1.0,1.0,0.0026862621307373047
169.0,15.0,15.0,0.026892662048339844
17.0,3.0,3.0,0.0030128955841064453
14.0,0.0,0.0,0.0016469955444335938
22.0,2.0,2.0,0.003680706024169922
31.0,0.0,0.0,0.0055277347564697266
22.0,1.0,1.0,0.003844022750854492
34.0,0.0,0.0,0.004989147186279297
23.0,1.0,1.0,0.0037233829498291016
43.0,2.0,2.0,0.0076940059661865234
32.0,0.0,0.0,0.007004976272583008
48.0,5.0,5.0,0.008329391479492188
38.0,3.0,3.0,0.006158590316772461
26.0,2.0,2.0,0.005135774612426758
28.0,1.0,1.0,0.00507664680480957
36.0,4.0,4.0,0.006524324417114258
82.0,3.0,3.0,0.014337539672851562
11.0,0.0,0.0,0.0018067359924316406
57.0,1.0,1.0,0.010211944580078125
38.0,2.0,2.0,0.006640434265136719
17.0,5.0,5.0,0.002000093460083008
22.0,5.0,5.0,0.003505706787109375
26.0,2.0,2.0,0.004166603088378906
42.0,1.0,1.0,0.009079217910766602
29.0,4.0,4.0,0.006333112716674805
81.0,2.0,2.0,0.0139923095703125
41.0,1.0,1.0,0.006765127182006836
25.0,1.0,1.0,0.005028486251831055
51.0,1.0,1.0,0.009642839431762695
31.0,0.0,0.0,0.004820346832275391
42.0,1.0,1.0,0.005934476852416992
48.0,4.0,4.0,0.008293628692626953
23.0,1.0,1.0,0.003572225570678711
27.0,2.0,2.0,0.004058361053466797
16.0,1.0,1.0,0.0031118392944335938
217.0,11.0,11.0,0.03815293312072754
48.0,2.0,2.0,0.008541345596313477
22.0,0.0,0.0,0.004097700119018555
27.0,6.0,6.0,0.0038604736328125
174.0,10.0,10.0,0.029160499572753906
58.0,1.0,1.0,0.008634805679321289
17.0,0.0,0.0,0.0036232471466064453
16.0,1.0,1.0,0.003370046615600586
12.0,0.0,0.0,0.0019991397857666016
14.0,2.0,2.0,0.0029985904693603516
14.0,0.0,0.0,0.0020101070404052734
26.0,2.0,2.0,0.004642009735107422
19.0,0.0,0.0,0.003003358840942383
19.0,3.0,3.0,0.0028564929962158203
30.0,2.0,2.0,0.005004405975341797
21.0,3.0,3.0,0.0036978721618652344
70.0,2.0,2.0,0.015450477600097656
13.0,2.0,2.0,0.002036571502685547
62.0,13.0,13.0,0.010426998138427734
22.0,1.0,1.0,0.004011631011962891
111.0,8.0,8.0,0.01908254623413086
31.0,2.0,2.0,0.005525350570678711
71.0,7.0,7.0,0.011666297912597656
70.0,5.0,5.0,0.011456489562988281
42.0,1.0,1.0,0.006912708282470703
42.0,5.0,5.0,0.007739543914794922
49.0,2.0,2.0,0.01191091537475586
24.0,0.0,0.0,0.005281925201416016
43.0,2.0,2.0,0.007982969284057617
134.0,11.0,11.0,0.020239830017089844
16.0,0.0,0.0,0.004979133605957031
17.0,0.0,0.0,0.002670764923095703
21.0,0.0,0.0,0.0037550926208496094
117.0,11.0,11.0,0.020284175872802734
15.0,1.0,1.0,0.0025331974029541016
50.0,3.0,3.0,0.01143956184387207
23.0,1.0,1.0,0.003635883331298828
18.0,0.0,0.0,0.003814697265625
