Timesteps,Collisions,Steps Waited,Real-Time Elapsed
78.0,10.0,10.0,0.048645973205566406
12.0,0.0,0.0,0.005871772766113281
17.0,2.0,2.0,0.008328676223754883
107.0,16.0,16.0,0.047590017318725586
27.0,6.0,6.0,0.014054298400878906
14.0,2.0,2.0,0.0052645206451416016
19.0,1.0,1.0,0.00800943374633789
55.0,11.0,11.0,0.019304990768432617
36.0,7.0,7.0,0.012201547622680664
82.0,18.0,18.0,0.03150677680969238
31.0,6.0,6.0,0.011209964752197266
41.0,8.0,8.0,0.013552427291870117
34.0,2.0,2.0,0.011590719223022461
91.0,14.0,14.0,0.031182289123535156
67.0,8.0,8.0,0.024831771850585938
71.0,16.0,16.0,0.02532196044921875
20.0,5.0,5.0,0.007643461227416992
25.0,5.0,5.0,0.009009361267089844
37.0,7.0,7.0,0.013968944549560547
15.0,2.0,2.0,0.00668025016784668
60.0,7.0,7.0,0.02490687370300293
31.0,5.0,5.0,0.012374162673950195
121.0,14.0,14.0,0.04548931121826172
78.0,18.0,18.0,0.028801679611206055
51.0,2.0,2.0,0.027923107147216797
50.0,7.0,7.0,0.02945256233215332
75.0,10.0,10.0,0.03533291816711426
32.0,4.0,4.0,0.013812780380249023
49.0,7.0,7.0,0.01819753646850586
107.0,13.0,13.0,0.04793357849121094
43.0,4.0,4.0,0.020760059356689453
55.0,10.0,10.0,0.02948927879333496
20.0,2.0,2.0,0.012660741806030273
33.0,8.0,8.0,0.02071356773376465
11.0,0.0,0.0,0.0060253143310546875
68.0,7.0,7.0,0.032530784606933594
17.0,5.0,5.0,0.005936622619628906
14.0,1.0,1.0,0.00426936149597168
12.0,1.0,1.0,0.005113840103149414
70.0,14.0,14.0,0.02903008460998535
76.0,13.0,13.0,0.031247377395629883
19.0,5.0,5.0,0.007174253463745117
37.0,3.0,3.0,0.012481212615966797
74.0,15.0,15.0,0.02795100212097168
17.0,3.0,3.0,0.0062808990478515625
12.0,0.0,0.0,0.005038738250732422
51.0,9.0,9.0,0.019094228744506836
13.0,3.0,3.0,0.007578372955322266
86.0,24.0,24.0,0.03738880157470703
40.0,5.0,5.0,0.015033483505249023
103.0,18.0,18.0,0.043192148208618164
13.0,0.0,0.0,0.006333589553833008
18.0,5.0,5.0,0.009856224060058594
17.0,2.0,2.0,0.010662317276000977
65.0,16.0,16.0,0.038114309310913086
20.0,4.0,4.0,0.010892868041992188
28.0,2.0,2.0,0.018916606903076172
14.0,0.0,0.0,0.010665655136108398
51.0,5.0,5.0,0.027324199676513672
30.0,5.0,5.0,0.019745588302612305
17.0,3.0,3.0,0.012999296188354492
25.0,3.0,3.0,0.019636869430541992
18.0,1.0,1.0,0.011227607727050781
87.0,10.0,10.0,0.05157589912414551
48.0,7.0,7.0,0.029920578002929688
38.0,6.0,6.0,0.02205371856689453
24.0,3.0,3.0,0.015034675598144531
12.0,0.0,0.0,0.007412910461425781
39.0,7.0,7.0,0.026668310165405273
23.0,4.0,4.0,0.01796698570251465
21.0,2.0,2.0,0.013656139373779297
65.0,10.0,10.0,0.03544807434082031
36.0,6.0,6.0,0.020371675491333008
42.0,7.0,7.0,0.02607250213623047
37.0,4.0,4.0,0.020297527313232422
34.0,5.0,5.0,0.02216172218322754
48.0,4.0,4.0,0.031419992446899414
70.0,6.0,6.0,0.044007301330566406
38.0,4.0,4.0,0.03147554397583008
23.0,8.0,8.0,0.011911869049072266
151.0,24.0,24.0,0.08810925483703613
153.0,23.0,23.0,0.0864105224609375
51.0,10.0,10.0,0.02774357795715332
81.0,16.0,16.0,0.04405021667480469
87.0,15.0,15.0,0.059435129165649414
53.0,5.0,5.0,0.03116297721862793
60.0,8.0,8.0,0.05535173416137695
131.0,16.0,16.0,0.07800793647766113
14.0,0.0,0.0,0.008450508117675781
140.0,24.0,24.0,0.08936190605163574
44.0,4.0,4.0,0.022037744522094727
48.0,8.0,8.0,0.02802729606628418
24.0,10.0,10.0,0.012669563293457031
19.0,4.0,4.0,0.010671138763427734
31.0,2.0,2.0,0.01788163185119629
84.0,11.0,11.0,0.05180191993713379
20.0,0.0,0.0,0.01281428337097168
79.0,8.0,8.0,0.04567241668701172
61.0,8.0,8.0,0.03975057601928711
57.0,16.0,16.0,0.03242969512939453
15.0,4.0,4.0,0.008995294570922852
18.0,3.0,3.0,0.010996341705322266
68.0,10.0,10.0,0.042528629302978516
19.0,1.0,1.0,0.011052846908569336
35.0,3.0,3.0,0.018995285034179688
96.0,11.0,11.0,0.058272361755371094
35.0,7.0,7.0,0.02124309539794922
74.0,11.0,11.0,0.04878592491149902
32.0,3.0,3.0,0.018242597579956055
14.0,2.0,2.0,0.009001970291137695
13.0,1.0,1.0,0.007204532623291016
56.0,6.0,6.0,0.03391313552856445
48.0,3.0,3.0,0.027323246002197266
81.0,8.0,8.0,0.04382586479187012
20.0,2.0,2.0,0.012677907943725586
48.0,1.0,1.0,0.036325931549072266
55.0,10.0,10.0,0.03520989418029785
62.0,6.0,6.0,0.042542219161987305
48.0,7.0,7.0,0.02847599983215332
12.0,1.0,1.0,0.008183479309082031
40.0,6.0,6.0,0.023003101348876953
44.0,7.0,7.0,0.024987459182739258
18.0,4.0,4.0,0.011516094207763672
39.0,2.0,2.0,0.024590730667114258
29.0,1.0,1.0,0.01700735092163086
20.0,0.0,0.0,0.014362096786499023
56.0,4.0,4.0,0.034273386001586914
24.0,1.0,1.0,0.012333393096923828
56.0,9.0,9.0,0.033902883529663086
46.0,5.0,5.0,0.026134729385375977
47.0,4.0,4.0,0.03509783744812012
57.0,10.0,10.0,0.036310672760009766
38.0,3.0,3.0,0.023000001907348633
32.0,5.0,5.0,0.01683640480041504
54.0,5.0,5.0,0.02760910987854004
27.0,5.0,5.0,0.016593217849731445
46.0,7.0,7.0,0.02500009536743164
40.0,6.0,6.0,0.026477336883544922
22.0,0.0,0.0,0.01447153091430664
23.0,2.0,2.0,0.017571687698364258
40.0,5.0,5.0,0.023366928100585938
71.0,14.0,14.0,0.044727325439453125
19.0,3.0,3.0,0.012007713317871094
18.0,3.0,3.0,0.012020587921142578
14.0,1.0,1.0,0.0077991485595703125
84.0,16.0,16.0,0.055814266204833984
12.0,1.0,1.0,0.0075225830078125
11.0,0.0,0.0,0.008390665054321289
39.0,12.0,12.0,0.024968862533569336
44.0,8.0,8.0,0.02429509162902832
33.0,5.0,5.0,0.020666122436523438
171.0,35.0,35.0,0.10091352462768555
32.0,4.0,4.0,0.015706777572631836
37.0,4.0,4.0,0.021956443786621094
58.0,9.0,9.0,0.03554224967956543
98.0,3.0,3.0,0.05511808395385742
21.0,3.0,3.0,0.012709617614746094
112.0,8.0,8.0,0.06836724281311035
45.0,3.0,3.0,0.03628969192504883
16.0,1.0,1.0,0.017647266387939453
68.0,15.0,15.0,0.05169963836669922
36.0,3.0,3.0,0.01829361915588379
37.0,4.0,4.0,0.020587921142578125
13.0,1.0,1.0,0.0066967010498046875
13.0,1.0,1.0,0.00893712043762207
30.0,5.0,5.0,0.015070676803588867
101.0,17.0,17.0,0.052535057067871094
62.0,10.0,10.0,0.037708282470703125
111.0,17.0,17.0,0.06409406661987305
74.0,16.0,16.0,0.042777061462402344
30.0,4.0,4.0,0.019858360290527344
85.0,14.0,14.0,0.04414486885070801
30.0,1.0,1.0,0.01830267906188965
63.0,9.0,9.0,0.03799772262573242
35.0,12.0,12.0,0.020675182342529297
27.0,5.0,5.0,0.016229867935180664
17.0,3.0,3.0,0.009600639343261719
45.0,2.0,2.0,0.0282440185546875
54.0,7.0,7.0,0.03169512748718262
124.0,27.0,27.0,0.06754732131958008
48.0,2.0,2.0,0.027257919311523438
63.0,12.0,12.0,0.04118490219116211
52.0,4.0,4.0,0.030881166458129883
12.0,0.0,0.0,0.00829768180847168
71.0,11.0,11.0,0.041846275329589844
15.0,3.0,3.0,0.008902549743652344
53.0,7.0,7.0,0.03077840805053711
13.0,0.0,0.0,0.009546518325805664
159.0,17.0,17.0,0.11307239532470703
11.0,0.0,0.0,0.0072574615478515625
32.0,5.0,5.0,0.0197603702545166
63.0,11.0,11.0,0.03647494316101074
56.0,5.0,5.0,0.0314488410949707
16.0,1.0,1.0,0.00863337516784668
38.0,9.0,9.0,0.01958608627319336
27.0,4.0,4.0,0.01306009292602539
37.0,1.0,1.0,0.023030757904052734
72.0,21.0,21.0,0.04745078086853027
116.0,20.0,20.0,0.09140992164611816
42.0,18.0,18.0,0.029256582260131836
31.0,6.0,6.0,0.027554035186767578
14.0,2.0,2.0,0.009200811386108398
19.0,0.0,0.0,0.012441158294677734
80.0,10.0,10.0,0.04656696319580078
33.0,7.0,7.0,0.01669788360595703
16.0,1.0,1.0,0.010074138641357422
57.0,9.0,9.0,0.03376030921936035
83.0,12.0,12.0,0.0472869873046875
32.0,6.0,6.0,0.016661643981933594
26.0,4.0,4.0,0.01431417465209961
28.0,6.0,6.0,0.016979455947875977
55.0,8.0,8.0,0.03052496910095215
17.0,1.0,1.0,0.011977672576904297
32.0,0.0,0.0,0.023892641067504883
48.0,13.0,13.0,0.02913951873779297
25.0,3.0,3.0,0.016443490982055664
34.0,3.0,3.0,0.019221067428588867
22.0,2.0,2.0,0.01185917854309082
22.0,3.0,3.0,0.013332843780517578
121.0,6.0,6.0,0.07324361801147461
27.0,11.0,11.0,0.01407170295715332
20.0,2.0,2.0,0.011775970458984375
56.0,11.0,11.0,0.03337836265563965
19.0,1.0,1.0,0.012114286422729492
73.0,12.0,12.0,0.04233121871948242
32.0,10.0,10.0,0.019721269607543945
47.0,7.0,7.0,0.029484033584594727
24.0,1.0,1.0,0.017604351043701172
17.0,3.0,3.0,0.009596586227416992
64.0,9.0,9.0,0.04065752029418945
17.0,4.0,4.0,0.0093231201171875
16.0,3.0,3.0,0.01005244255065918
42.0,2.0,2.0,0.03002476692199707
108.0,14.0,14.0,0.07892084121704102
40.0,6.0,6.0,0.02558588981628418
20.0,3.0,3.0,0.011687040328979492
49.0,4.0,4.0,0.03322124481201172
19.0,0.0,0.0,0.01196908950805664
23.0,7.0,7.0,0.012807369232177734
21.0,4.0,4.0,0.01275777816772461
34.0,5.0,5.0,0.017436981201171875
17.0,3.0,3.0,0.011001110076904297
33.0,5.0,5.0,0.018049955368041992
39.0,5.0,5.0,0.02440953254699707
66.0,9.0,9.0,0.04007411003112793
80.0,9.0,9.0,0.05144333839416504
19.0,3.0,3.0,0.014099836349487305
30.0,3.0,3.0,0.016721725463867188
13.0,1.0,1.0,0.00702977180480957
44.0,1.0,1.0,0.02780294418334961
12.0,0.0,0.0,0.007131814956665039
26.0,4.0,4.0,0.016979217529296875
27.0,4.0,4.0,0.017912864685058594
19.0,4.0,4.0,0.012003898620605469
89.0,17.0,17.0,0.05179548263549805
79.0,6.0,6.0,0.04731440544128418
36.0,2.0,2.0,0.018527746200561523
29.0,9.0,9.0,0.017159223556518555
14.0,2.0,2.0,0.006604433059692383
19.0,1.0,1.0,0.009227752685546875
65.0,15.0,15.0,0.04495096206665039
20.0,6.0,6.0,0.013766765594482422
19.0,0.0,0.0,0.01154637336730957
24.0,0.0,0.0,0.014697790145874023
31.0,5.0,5.0,0.016020774841308594
38.0,1.0,1.0,0.022872209548950195
119.0,11.0,11.0,0.0740966796875
16.0,3.0,3.0,0.00935220718383789
19.0,2.0,2.0,0.013915777206420898
30.0,7.0,7.0,0.018239259719848633
22.0,3.0,3.0,0.015458106994628906
34.0,3.0,3.0,0.02774524688720703
16.0,1.0,1.0,0.012896060943603516
40.0,6.0,6.0,0.027138233184814453
97.0,12.0,12.0,0.06314778327941895
37.0,6.0,6.0,0.024131059646606445
108.0,5.0,5.0,0.06771659851074219
21.0,3.0,3.0,0.014758110046386719
11.0,0.0,0.0,0.0069539546966552734
76.0,11.0,11.0,0.04390549659729004
71.0,13.0,13.0,0.042958736419677734
126.0,17.0,17.0,0.07811498641967773
18.0,2.0,2.0,0.010128974914550781
97.0,13.0,13.0,0.0645909309387207
37.0,6.0,6.0,0.0202028751373291
11.0,0.0,0.0,0.008841991424560547
120.0,23.0,23.0,0.07392692565917969
73.0,9.0,9.0,0.04504108428955078
50.0,10.0,10.0,0.029607772827148438
61.0,10.0,10.0,0.03488326072692871
23.0,2.0,2.0,0.012208223342895508
11.0,0.0,0.0,0.005335807800292969
39.0,4.0,4.0,0.022548437118530273
32.0,11.0,11.0,0.018642425537109375
20.0,2.0,2.0,0.011930227279663086
45.0,7.0,7.0,0.026821136474609375
45.0,7.0,7.0,0.02920985221862793
26.0,5.0,5.0,0.017000198364257812
17.0,1.0,1.0,0.011220932006835938
13.0,1.0,1.0,0.007866621017456055
15.0,2.0,2.0,0.008731842041015625
26.0,0.0,0.0,0.021379947662353516
30.0,0.0,0.0,0.018562793731689453
14.0,0.0,0.0,0.007880210876464844
17.0,2.0,2.0,0.008900880813598633
17.0,0.0,0.0,0.012040376663208008
67.0,11.0,11.0,0.045491695404052734
96.0,14.0,14.0,0.05939126014709473
32.0,2.0,2.0,0.016666889190673828
58.0,7.0,7.0,0.032517433166503906
16.0,2.0,2.0,0.009141206741333008
21.0,1.0,1.0,0.01300358772277832
18.0,1.0,1.0,0.01000070571899414
40.0,5.0,5.0,0.021524906158447266
29.0,5.0,5.0,0.017817258834838867
29.0,1.0,1.0,0.0245208740234375
45.0,4.0,4.0,0.029567956924438477
26.0,1.0,1.0,0.01604318618774414
28.0,7.0,7.0,0.014149188995361328
57.0,9.0,9.0,0.03458404541015625
41.0,3.0,3.0,0.02007913589477539
14.0,0.0,0.0,0.007054328918457031
27.0,3.0,3.0,0.01407766342163086
32.0,6.0,6.0,0.017642498016357422
39.0,10.0,10.0,0.02307415008544922
69.0,8.0,8.0,0.035758018493652344
54.0,7.0,7.0,0.029349088668823242
40.0,10.0,10.0,0.022421598434448242
25.0,1.0,1.0,0.01593947410583496
16.0,3.0,3.0,0.00940084457397461
31.0,2.0,2.0,0.018293380737304688
64.0,12.0,12.0,0.03767132759094238
32.0,8.0,8.0,0.015759706497192383
20.0,0.0,0.0,0.012006282806396484
48.0,7.0,7.0,0.028143882751464844
23.0,9.0,9.0,0.014075756072998047
14.0,1.0,1.0,0.00802755355834961
14.0,0.0,0.0,0.007623434066772461
13.0,2.0,2.0,0.009662151336669922
59.0,8.0,8.0,0.03230571746826172
13.0,0.0,0.0,0.006121158599853516
19.0,2.0,2.0,0.009584426879882812
12.0,0.0,0.0,0.006163835525512695
33.0,3.0,3.0,0.017346620559692383
41.0,0.0,0.0,0.021979808807373047
24.0,5.0,5.0,0.01351165771484375
79.0,8.0,8.0,0.042793989181518555
19.0,2.0,2.0,0.012234210968017578
56.0,17.0,17.0,0.029622316360473633
115.0,16.0,16.0,0.06533193588256836
19.0,7.0,7.0,0.010558128356933594
62.0,8.0,8.0,0.036834716796875
41.0,5.0,5.0,0.022458314895629883
17.0,0.0,0.0,0.008400917053222656
17.0,4.0,4.0,0.010926008224487305
53.0,12.0,12.0,0.028882741928100586
26.0,3.0,3.0,0.013947248458862305
25.0,6.0,6.0,0.012685537338256836
13.0,1.0,1.0,0.008758544921875
21.0,1.0,1.0,0.014753341674804688
81.0,17.0,17.0,0.04653787612915039
14.0,0.0,0.0,0.009673357009887695
71.0,7.0,7.0,0.04253053665161133
19.0,3.0,3.0,0.011513233184814453
75.0,7.0,7.0,0.04433631896972656
68.0,9.0,9.0,0.045974016189575195
13.0,2.0,2.0,0.008330583572387695
38.0,5.0,5.0,0.022470712661743164
25.0,1.0,1.0,0.012689352035522461
26.0,5.0,5.0,0.017565011978149414
37.0,5.0,5.0,0.020175695419311523
46.0,4.0,4.0,0.028450965881347656
12.0,0.0,0.0,0.006927967071533203
102.0,23.0,23.0,0.0543065071105957
59.0,11.0,11.0,0.0357816219329834
16.0,0.0,0.0,0.010584592819213867
22.0,1.0,1.0,0.012797117233276367
23.0,4.0,4.0,0.013234615325927734
18.0,0.0,0.0,0.008573293685913086
26.0,1.0,1.0,0.015239477157592773
50.0,10.0,10.0,0.03086543083190918
12.0,1.0,1.0,0.006067991256713867
20.0,3.0,3.0,0.012086868286132812
53.0,9.0,9.0,0.0308377742767334
56.0,1.0,1.0,0.03855633735656738
19.0,7.0,7.0,0.014992713928222656
34.0,11.0,11.0,0.017026662826538086
30.0,5.0,5.0,0.01683211326599121
19.0,1.0,1.0,0.010709762573242188
13.0,1.0,1.0,0.007673740386962891
46.0,10.0,10.0,0.023155689239501953
26.0,3.0,3.0,0.019002676010131836
186.0,23.0,23.0,0.12150049209594727
35.0,2.0,2.0,0.022231340408325195
33.0,5.0,5.0,0.0181884765625
21.0,2.0,2.0,0.012713909149169922
19.0,2.0,2.0,0.010273933410644531
24.0,4.0,4.0,0.012081146240234375
48.0,8.0,8.0,0.027678251266479492
25.0,4.0,4.0,0.016570091247558594
24.0,6.0,6.0,0.012879371643066406
70.0,15.0,15.0,0.04033493995666504
17.0,2.0,2.0,0.009788274765014648
39.0,4.0,4.0,0.027496814727783203
111.0,13.0,13.0,0.06409215927124023
17.0,2.0,2.0,0.011264562606811523
18.0,6.0,6.0,0.016654014587402344
35.0,3.0,3.0,0.031302452087402344
16.0,2.0,2.0,0.012217283248901367
17.0,2.0,2.0,0.011381149291992188
20.0,4.0,4.0,0.012935638427734375
11.0,0.0,0.0,0.0057947635650634766
24.0,3.0,3.0,0.012386560440063477
48.0,9.0,9.0,0.028372526168823242
70.0,10.0,10.0,0.042218685150146484
20.0,1.0,1.0,0.01339268684387207
118.0,17.0,17.0,0.06872248649597168
14.0,4.0,4.0,0.0071713924407958984
31.0,9.0,9.0,0.017659902572631836
12.0,1.0,1.0,0.006823062896728516
42.0,4.0,4.0,0.024060726165771484
66.0,12.0,12.0,0.03688359260559082
50.0,7.0,7.0,0.029217958450317383
132.0,20.0,20.0,0.08052897453308105
34.0,5.0,5.0,0.023283720016479492
21.0,2.0,2.0,0.012833595275878906
69.0,12.0,12.0,0.04455137252807617
18.0,6.0,6.0,0.011410236358642578
70.0,4.0,4.0,0.03920269012451172
150.0,13.0,13.0,0.08242940902709961
71.0,14.0,14.0,0.04026484489440918
25.0,6.0,6.0,0.016656875610351562
14.0,2.0,2.0,0.008160829544067383
18.0,2.0,2.0,0.010760068893432617
80.0,15.0,15.0,0.04858207702636719
28.0,1.0,1.0,0.01711130142211914
53.0,5.0,5.0,0.032961368560791016
17.0,2.0,2.0,0.010516881942749023
50.0,10.0,10.0,0.031406402587890625
18.0,2.0,2.0,0.010499238967895508
17.0,0.0,0.0,0.011511564254760742
25.0,7.0,7.0,0.015418291091918945
24.0,0.0,0.0,0.01516580581665039
12.0,1.0,1.0,0.00678253173828125
38.0,0.0,0.0,0.021820068359375
14.0,0.0,0.0,0.007807731628417969
23.0,4.0,4.0,0.012449502944946289
17.0,3.0,3.0,0.00923776626586914
12.0,0.0,0.0,0.006609916687011719
28.0,3.0,3.0,0.017805814743041992
65.0,6.0,6.0,0.03891348838806152
17.0,0.0,0.0,0.009047746658325195
27.0,2.0,2.0,0.017827987670898438
22.0,10.0,10.0,0.013617992401123047
38.0,9.0,9.0,0.022240161895751953
57.0,2.0,2.0,0.033531904220581055
51.0,9.0,9.0,0.03255772590637207
70.0,13.0,13.0,0.0407564640045166
102.0,23.0,23.0,0.058089494705200195
38.0,11.0,11.0,0.022548198699951172
49.0,5.0,5.0,0.02796173095703125
78.0,4.0,4.0,0.04240822792053223
197.0,50.0,50.0,0.10887956619262695
24.0,3.0,3.0,0.014142274856567383
104.0,10.0,10.0,0.062483787536621094
24.0,2.0,2.0,0.014670610427856445
22.0,5.0,5.0,0.012812376022338867
18.0,3.0,3.0,0.010001182556152344
22.0,4.0,4.0,0.012995243072509766
21.0,6.0,6.0,0.011877059936523438
14.0,0.0,0.0,0.00800180435180664
81.0,20.0,20.0,0.051369428634643555
25.0,4.0,4.0,0.012330293655395508
51.0,2.0,2.0,0.029676198959350586
26.0,4.0,4.0,0.016525983810424805
98.0,18.0,18.0,0.055370330810546875
48.0,3.0,3.0,0.026328563690185547
36.0,6.0,6.0,0.023318052291870117
35.0,5.0,5.0,0.01952219009399414
38.0,6.0,6.0,0.0197906494140625
99.0,20.0,20.0,0.05134916305541992
35.0,2.0,2.0,0.020026683807373047
87.0,11.0,11.0,0.04779219627380371
38.0,0.0,0.0,0.03324532508850098
34.0,2.0,2.0,0.032164812088012695
91.0,10.0,10.0,0.05249905586242676
48.0,3.0,3.0,0.02770519256591797
14.0,1.0,1.0,0.011074542999267578
16.0,2.0,2.0,0.01014852523803711
34.0,2.0,2.0,0.014353275299072266
48.0,5.0,5.0,0.029874563217163086
175.0,23.0,23.0,0.1042938232421875
55.0,15.0,15.0,0.04292130470275879
46.0,6.0,6.0,0.032097816467285156
27.0,5.0,5.0,0.016671419143676758
35.0,6.0,6.0,0.02268195152282715
33.0,5.0,5.0,0.020558834075927734
49.0,7.0,7.0,0.030971765518188477
41.0,3.0,3.0,0.02433300018310547
86.0,15.0,15.0,0.048659324645996094
51.0,3.0,3.0,0.03481912612915039
65.0,10.0,10.0,0.04273581504821777
46.0,0.0,0.0,0.02880549430847168
46.0,2.0,2.0,0.03034496307373047
24.0,3.0,3.0,0.01570749282836914
113.0,14.0,14.0,0.08131694793701172
92.0,10.0,10.0,0.05570197105407715
66.0,5.0,5.0,0.038744211196899414
30.0,2.0,2.0,0.01654338836669922
19.0,2.0,2.0,0.010769128799438477
28.0,1.0,1.0,0.017668962478637695
74.0,10.0,10.0,0.04243016242980957
12.0,1.0,1.0,0.00831151008605957
67.0,11.0,11.0,0.03901195526123047
58.0,7.0,7.0,0.03500938415527344
113.0,19.0,19.0,0.07092618942260742
26.0,4.0,4.0,0.01822376251220703
48.0,2.0,2.0,0.027454137802124023
43.0,7.0,7.0,0.02636265754699707
21.0,1.0,1.0,0.01591038703918457
14.0,0.0,0.0,0.008569478988647461
75.0,11.0,11.0,0.04846835136413574
54.0,6.0,6.0,0.0344696044921875
13.0,0.0,0.0,0.009041070938110352
55.0,14.0,14.0,0.0318911075592041
17.0,2.0,2.0,0.011033058166503906
98.0,9.0,9.0,0.0695796012878418
11.0,0.0,0.0,0.007570743560791016
27.0,5.0,5.0,0.016243696212768555
60.0,8.0,8.0,0.04057741165161133
17.0,2.0,2.0,0.014458179473876953
83.0,12.0,12.0,0.04882311820983887
62.0,13.0,13.0,0.03666234016418457
19.0,2.0,2.0,0.014183521270751953
65.0,10.0,10.0,0.04683065414428711
14.0,2.0,2.0,0.00901484489440918
14.0,1.0,1.0,0.011997222900390625
28.0,2.0,2.0,0.02099299430847168
73.0,17.0,17.0,0.04497241973876953
27.0,3.0,3.0,0.01927924156188965
25.0,5.0,5.0,0.01552438735961914
15.0,1.0,1.0,0.01012110710144043
53.0,9.0,9.0,0.03284096717834473
52.0,8.0,8.0,0.03467416763305664
102.0,20.0,20.0,0.061475276947021484
56.0,6.0,6.0,0.033952951431274414
21.0,1.0,1.0,0.014424800872802734
45.0,7.0,7.0,0.027402162551879883
22.0,1.0,1.0,0.01545262336730957
28.0,2.0,2.0,0.016240596771240234
35.0,4.0,4.0,0.02066516876220703
29.0,3.0,3.0,0.017305850982666016
51.0,7.0,7.0,0.04415726661682129
18.0,3.0,3.0,0.01724553108215332
27.0,0.0,0.0,0.022100448608398438
11.0,0.0,0.0,0.005998373031616211
32.0,4.0,4.0,0.018720149993896484
37.0,7.0,7.0,0.019753217697143555
30.0,8.0,8.0,0.013957500457763672
66.0,1.0,1.0,0.033318281173706055
33.0,2.0,2.0,0.01770758628845215
21.0,5.0,5.0,0.012490272521972656
12.0,0.0,0.0,0.010018110275268555
124.0,12.0,12.0,0.0773322582244873
59.0,5.0,5.0,0.035218000411987305
42.0,3.0,3.0,0.026721954345703125
29.0,4.0,4.0,0.01533198356628418
22.0,3.0,3.0,0.01065969467163086
28.0,5.0,5.0,0.016608715057373047
23.0,3.0,3.0,0.012377262115478516
26.0,2.0,2.0,0.014505863189697266
13.0,1.0,1.0,0.008194923400878906
42.0,6.0,6.0,0.024579763412475586
18.0,2.0,2.0,0.01094198226928711
39.0,3.0,3.0,0.021765708923339844
25.0,10.0,10.0,0.013061761856079102
12.0,1.0,1.0,0.007669925689697266
38.0,3.0,3.0,0.023293495178222656
24.0,3.0,3.0,0.014206886291503906
34.0,5.0,5.0,0.01999831199645996
78.0,20.0,20.0,0.05117487907409668
27.0,6.0,6.0,0.017638444900512695
19.0,1.0,1.0,0.010802745819091797
113.0,18.0,18.0,0.07079148292541504
108.0,13.0,13.0,0.06610560417175293
142.0,14.0,14.0,0.0834963321685791
56.0,2.0,2.0,0.033364295959472656
25.0,2.0,2.0,0.016938447952270508
41.0,1.0,1.0,0.021515369415283203
30.0,2.0,2.0,0.015502214431762695
47.0,5.0,5.0,0.026887893676757812
57.0,3.0,3.0,0.03433847427368164
32.0,5.0,5.0,0.017499446868896484
50.0,9.0,9.0,0.02652287483215332
67.0,12.0,12.0,0.03824329376220703
29.0,1.0,1.0,0.019077062606811523
20.0,3.0,3.0,0.011658191680908203
56.0,13.0,13.0,0.03380990028381348
163.0,22.0,22.0,0.09699702262878418
47.0,5.0,5.0,0.0288698673248291
52.0,3.0,3.0,0.0341496467590332
14.0,1.0,1.0,0.00655364990234375
14.0,0.0,0.0,0.00948190689086914
26.0,5.0,5.0,0.017834901809692383
73.0,3.0,3.0,0.04779529571533203
64.0,10.0,10.0,0.04139208793640137
22.0,1.0,1.0,0.013011455535888672
28.0,4.0,4.0,0.017907381057739258
37.0,3.0,3.0,0.019960641860961914
63.0,10.0,10.0,0.03997969627380371
21.0,5.0,5.0,0.013997316360473633
35.0,5.0,5.0,0.02213120460510254
13.0,0.0,0.0,0.012584924697875977
12.0,0.0,0.0,0.01012563705444336
30.0,10.0,10.0,0.022529125213623047
17.0,2.0,2.0,0.00977182388305664
40.0,9.0,9.0,0.025665283203125
20.0,3.0,3.0,0.012288093566894531
18.0,2.0,2.0,0.008893013000488281
49.0,4.0,4.0,0.03094482421875
43.0,10.0,10.0,0.02947402000427246
20.0,0.0,0.0,0.01373744010925293
16.0,1.0,1.0,0.011657238006591797
15.0,0.0,0.0,0.011001348495483398
18.0,5.0,5.0,0.011849641799926758
19.0,1.0,1.0,0.01734757423400879
79.0,10.0,10.0,0.05666208267211914
49.0,5.0,5.0,0.03042745590209961
16.0,2.0,2.0,0.009151458740234375
23.0,6.0,6.0,0.01166677474975586
27.0,2.0,2.0,0.021059751510620117
13.0,2.0,2.0,0.009706258773803711
16.0,2.0,2.0,0.01322484016418457
29.0,3.0,3.0,0.01943206787109375
45.0,8.0,8.0,0.034210920333862305
70.0,5.0,5.0,0.061444759368896484
73.0,7.0,7.0,0.06497645378112793
112.0,19.0,19.0,0.06364560127258301
80.0,11.0,11.0,0.052538156509399414
22.0,1.0,1.0,0.012897253036499023
17.0,5.0,5.0,0.010516166687011719
93.0,12.0,12.0,0.05619096755981445
75.0,15.0,15.0,0.04464530944824219
39.0,3.0,3.0,0.022128820419311523
36.0,4.0,4.0,0.025170087814331055
20.0,2.0,2.0,0.01499629020690918
85.0,10.0,10.0,0.060898542404174805
74.0,10.0,10.0,0.055936574935913086
55.0,7.0,7.0,0.035277605056762695
35.0,3.0,3.0,0.023682355880737305
27.0,3.0,3.0,0.01841902732849121
55.0,4.0,4.0,0.04697299003601074
17.0,6.0,6.0,0.012798309326171875
16.0,2.0,2.0,0.014950275421142578
78.0,12.0,12.0,0.0573878288269043
20.0,4.0,4.0,0.016238689422607422
61.0,21.0,21.0,0.04563093185424805
23.0,3.0,3.0,0.014477729797363281
38.0,8.0,8.0,0.02214956283569336
23.0,0.0,0.0,0.018281221389770508
13.0,1.0,1.0,0.011371612548828125
64.0,7.0,7.0,0.0571436882019043
43.0,5.0,5.0,0.026995182037353516
24.0,7.0,7.0,0.012058734893798828
18.0,2.0,2.0,0.008544683456420898
87.0,19.0,19.0,0.06551933288574219
19.0,1.0,1.0,0.011136770248413086
18.0,5.0,5.0,0.01101541519165039
36.0,3.0,3.0,0.022325515747070312
15.0,3.0,3.0,0.008916378021240234
13.0,0.0,0.0,0.0083160400390625
14.0,2.0,2.0,0.008628606796264648
212.0,32.0,32.0,0.12679672241210938
50.0,7.0,7.0,0.02658557891845703
32.0,6.0,6.0,0.019301176071166992
34.0,2.0,2.0,0.019763708114624023
56.0,4.0,4.0,0.03214907646179199
132.0,12.0,12.0,0.07463693618774414
26.0,2.0,2.0,0.018047332763671875
43.0,9.0,9.0,0.02527308464050293
115.0,13.0,13.0,0.06611132621765137
16.0,0.0,0.0,0.008228063583374023
28.0,2.0,2.0,0.013360023498535156
23.0,2.0,2.0,0.01081085205078125
96.0,13.0,13.0,0.060051918029785156
44.0,5.0,5.0,0.0242464542388916
71.0,8.0,8.0,0.039481163024902344
82.0,9.0,9.0,0.048892974853515625
60.0,9.0,9.0,0.036679983139038086
51.0,10.0,10.0,0.029822587966918945
27.0,5.0,5.0,0.014461278915405273
29.0,3.0,3.0,0.019428253173828125
24.0,5.0,5.0,0.01680302619934082
111.0,16.0,16.0,0.07080388069152832
73.0,12.0,12.0,0.042548179626464844
30.0,7.0,7.0,0.018276691436767578
36.0,3.0,3.0,0.020827770233154297
54.0,6.0,6.0,0.03280186653137207
46.0,7.0,7.0,0.026535511016845703
69.0,5.0,5.0,0.06598353385925293
37.0,2.0,2.0,0.025872468948364258
42.0,3.0,3.0,0.020557165145874023
230.0,35.0,35.0,0.13557958602905273
72.0,13.0,13.0,0.04517102241516113
23.0,4.0,4.0,0.014319896697998047
12.0,1.0,1.0,0.010011434555053711
47.0,11.0,11.0,0.030098915100097656
35.0,3.0,3.0,0.020746231079101562
81.0,16.0,16.0,0.048374176025390625
59.0,11.0,11.0,0.033682823181152344
47.0,2.0,2.0,0.02852773666381836
41.0,7.0,7.0,0.026696205139160156
63.0,9.0,9.0,0.04280543327331543
11.0,0.0,0.0,0.00469207763671875
13.0,3.0,3.0,0.009102106094360352
140.0,24.0,24.0,0.08059453964233398
85.0,7.0,7.0,0.05155038833618164
139.0,25.0,25.0,0.08138060569763184
25.0,3.0,3.0,0.014183759689331055
12.0,0.0,0.0,0.0072803497314453125
34.0,1.0,1.0,0.021798133850097656
29.0,2.0,2.0,0.018434524536132812
44.0,3.0,3.0,0.025911331176757812
43.0,4.0,4.0,0.02302694320678711
20.0,5.0,5.0,0.011546134948730469
19.0,0.0,0.0,0.011884450912475586
92.0,11.0,11.0,0.0514373779296875
19.0,2.0,2.0,0.012125730514526367
52.0,9.0,9.0,0.02939915657043457
48.0,9.0,9.0,0.026738405227661133
12.0,2.0,2.0,0.0066530704498291016
11.0,0.0,0.0,0.0070149898529052734
106.0,18.0,18.0,0.06198453903198242
57.0,2.0,2.0,0.03312110900878906
11.0,0.0,0.0,0.006619691848754883
68.0,8.0,8.0,0.040274858474731445
28.0,8.0,8.0,0.016945600509643555
25.0,2.0,2.0,0.01562356948852539
83.0,18.0,18.0,0.048415422439575195
13.0,1.0,1.0,0.007596492767333984
24.0,4.0,4.0,0.014428377151489258
18.0,6.0,6.0,0.010867118835449219
76.0,11.0,11.0,0.04654264450073242
14.0,1.0,1.0,0.009528160095214844
32.0,9.0,9.0,0.02158379554748535
36.0,9.0,9.0,0.021757125854492188
30.0,5.0,5.0,0.016984939575195312
43.0,6.0,6.0,0.023873090744018555
26.0,4.0,4.0,0.015859603881835938
48.0,3.0,3.0,0.025884628295898438
18.0,0.0,0.0,0.010725975036621094
86.0,18.0,18.0,0.05146384239196777
58.0,6.0,6.0,0.037169694900512695
44.0,14.0,14.0,0.0227816104888916
45.0,7.0,7.0,0.02888631820678711
11.0,0.0,0.0,0.006835222244262695
47.0,9.0,9.0,0.029400110244750977
22.0,6.0,6.0,0.012745857238769531
42.0,5.0,5.0,0.025196313858032227
17.0,0.0,0.0,0.009438037872314453
23.0,3.0,3.0,0.011394023895263672
94.0,12.0,12.0,0.05859875679016113
27.0,5.0,5.0,0.013669729232788086
49.0,4.0,4.0,0.03179001808166504
31.0,6.0,6.0,0.014805078506469727
55.0,11.0,11.0,0.03137922286987305
32.0,3.0,3.0,0.017513513565063477
12.0,1.0,1.0,0.008398056030273438
24.0,3.0,3.0,0.013940811157226562
60.0,8.0,8.0,0.045760393142700195
38.0,0.0,0.0,0.02079319953918457
26.0,3.0,3.0,0.01712179183959961
45.0,3.0,3.0,0.025862693786621094
21.0,1.0,1.0,0.010636329650878906
32.0,10.0,10.0,0.02336287498474121
45.0,4.0,4.0,0.04071450233459473
33.0,3.0,3.0,0.028670310974121094
28.0,6.0,6.0,0.018697023391723633
15.0,4.0,4.0,0.008223295211791992
32.0,1.0,1.0,0.021007299423217773
23.0,3.0,3.0,0.01424551010131836
51.0,2.0,2.0,0.034279823303222656
36.0,6.0,6.0,0.021823883056640625
59.0,6.0,6.0,0.04825544357299805
20.0,4.0,4.0,0.016889572143554688
39.0,9.0,9.0,0.02640509605407715
12.0,1.0,1.0,0.007088899612426758
65.0,8.0,8.0,0.04415273666381836
36.0,2.0,2.0,0.02403879165649414
32.0,3.0,3.0,0.016613483428955078
27.0,1.0,1.0,0.017825841903686523
19.0,1.0,1.0,0.013821125030517578
14.0,1.0,1.0,0.010822296142578125
21.0,3.0,3.0,0.015361547470092773
84.0,22.0,22.0,0.06057119369506836
31.0,7.0,7.0,0.02565765380859375
14.0,0.0,0.0,0.01083993911743164
36.0,10.0,10.0,0.0192718505859375
20.0,3.0,3.0,0.011729001998901367
18.0,4.0,4.0,0.009001016616821289
11.0,0.0,0.0,0.005988359451293945
78.0,17.0,17.0,0.046799421310424805
13.0,2.0,2.0,0.007833003997802734
85.0,17.0,17.0,0.05652356147766113
23.0,3.0,3.0,0.014007091522216797
69.0,11.0,11.0,0.03798794746398926
58.0,3.0,3.0,0.02996826171875
29.0,3.0,3.0,0.015672683715820312
18.0,1.0,1.0,0.009905099868774414
11.0,0.0,0.0,0.006369113922119141
23.0,8.0,8.0,0.013504743576049805
44.0,20.0,20.0,0.024196624755859375
50.0,12.0,12.0,0.03340744972229004
74.0,14.0,14.0,0.05807638168334961
51.0,9.0,9.0,0.03771615028381348
94.0,17.0,17.0,0.07049775123596191
32.0,5.0,5.0,0.018700361251831055
25.0,4.0,4.0,0.016384124755859375
15.0,1.0,1.0,0.010730743408203125
20.0,1.0,1.0,0.014158964157104492
37.0,4.0,4.0,0.02494215965270996
26.0,3.0,3.0,0.0187380313873291
17.0,2.0,2.0,0.01133584976196289
34.0,6.0,6.0,0.021670103073120117
26.0,2.0,2.0,0.016075611114501953
18.0,1.0,1.0,0.016997098922729492
131.0,19.0,19.0,0.08200907707214355
29.0,1.0,1.0,0.01873016357421875
16.0,4.0,4.0,0.009975910186767578
52.0,10.0,10.0,0.033493757247924805
19.0,1.0,1.0,0.011040210723876953
14.0,0.0,0.0,0.008574247360229492
24.0,4.0,4.0,0.020175457000732422
61.0,12.0,12.0,0.04329514503479004
93.0,13.0,13.0,0.0587770938873291
108.0,18.0,18.0,0.06206965446472168
25.0,2.0,2.0,0.017180919647216797
15.0,3.0,3.0,0.009448528289794922
63.0,18.0,18.0,0.03979659080505371
51.0,10.0,10.0,0.047896623611450195
19.0,2.0,2.0,0.01832723617553711
24.0,2.0,2.0,0.02303004264831543
23.0,1.0,1.0,0.018697261810302734
79.0,11.0,11.0,0.06185436248779297
61.0,11.0,11.0,0.0439450740814209
14.0,0.0,0.0,0.00858616828918457
22.0,2.0,2.0,0.01329493522644043
155.0,25.0,25.0,0.09110593795776367
59.0,13.0,13.0,0.034847259521484375
30.0,5.0,5.0,0.017473220825195312
22.0,2.0,2.0,0.01368570327758789
14.0,0.0,0.0,0.007669210433959961
30.0,6.0,6.0,0.019557952880859375
77.0,10.0,10.0,0.06515812873840332
38.0,11.0,11.0,0.02064967155456543
17.0,3.0,3.0,0.008264541625976562
42.0,1.0,1.0,0.023348093032836914
20.0,2.0,2.0,0.011806964874267578
31.0,4.0,4.0,0.01932358741760254
36.0,1.0,1.0,0.018737077713012695
33.0,3.0,3.0,0.017324209213256836
23.0,2.0,2.0,0.012815237045288086
74.0,14.0,14.0,0.0418705940246582
14.0,0.0,0.0,0.0076618194580078125
129.0,22.0,22.0,0.0780031681060791
17.0,3.0,3.0,0.010645866394042969
15.0,2.0,2.0,0.009337425231933594
37.0,2.0,2.0,0.0202176570892334
74.0,17.0,17.0,0.04267573356628418
13.0,2.0,2.0,0.009363651275634766
47.0,4.0,4.0,0.031932830810546875
70.0,11.0,11.0,0.04061126708984375
69.0,5.0,5.0,0.03979825973510742
27.0,4.0,4.0,0.014297723770141602
39.0,8.0,8.0,0.021965503692626953
31.0,9.0,9.0,0.019525527954101562
19.0,0.0,0.0,0.012939929962158203
24.0,4.0,4.0,0.015038251876831055
12.0,0.0,0.0,0.007369041442871094
12.0,0.0,0.0,0.012115716934204102
108.0,21.0,21.0,0.06176877021789551
50.0,6.0,6.0,0.031742095947265625
12.0,1.0,1.0,0.007107973098754883
21.0,6.0,6.0,0.011401653289794922
36.0,3.0,3.0,0.021223783493041992
25.0,3.0,3.0,0.013149261474609375
20.0,3.0,3.0,0.014704704284667969
30.0,5.0,5.0,0.0179593563079834
109.0,4.0,4.0,0.0651395320892334
17.0,4.0,4.0,0.011237144470214844
49.0,3.0,3.0,0.029979467391967773
45.0,6.0,6.0,0.026622295379638672
54.0,9.0,9.0,0.03145766258239746
72.0,10.0,10.0,0.04171490669250488
51.0,4.0,4.0,0.02895379066467285
18.0,3.0,3.0,0.010260581970214844
31.0,6.0,6.0,0.019242286682128906
16.0,2.0,2.0,0.009494304656982422
22.0,1.0,1.0,0.01450204849243164
52.0,5.0,5.0,0.028053998947143555
64.0,10.0,10.0,0.03931164741516113
19.0,3.0,3.0,0.012235403060913086
38.0,10.0,10.0,0.025098800659179688
30.0,3.0,3.0,0.01630711555480957
26.0,6.0,6.0,0.015297889709472656
11.0,0.0,0.0,0.005734920501708984
13.0,1.0,1.0,0.008486747741699219
42.0,8.0,8.0,0.026964187622070312
14.0,0.0,0.0,0.00836634635925293
23.0,2.0,2.0,0.01403951644897461
48.0,4.0,4.0,0.028750896453857422
141.0,21.0,21.0,0.08136296272277832
16.0,1.0,1.0,0.010308504104614258
78.0,10.0,10.0,0.04009580612182617
52.0,8.0,8.0,0.030488967895507812
213.0,32.0,32.0,0.12267160415649414
52.0,10.0,10.0,0.0314488410949707
65.0,14.0,14.0,0.04155540466308594
14.0,2.0,2.0,0.008708715438842773
36.0,4.0,4.0,0.021590232849121094
110.0,10.0,10.0,0.06188201904296875
61.0,8.0,8.0,0.03755974769592285
17.0,4.0,4.0,0.009355545043945312
18.0,1.0,1.0,0.00975799560546875
104.0,18.0,18.0,0.06727218627929688
18.0,1.0,1.0,0.010926246643066406
36.0,2.0,2.0,0.023552417755126953
34.0,11.0,11.0,0.021597623825073242
33.0,2.0,2.0,0.01990199089050293
11.0,0.0,0.0,0.0074231624603271484
45.0,5.0,5.0,0.03963732719421387
38.0,5.0,5.0,0.029141902923583984
14.0,1.0,1.0,0.010326147079467773
12.0,0.0,0.0,0.010954856872558594
33.0,3.0,3.0,0.017727136611938477
129.0,27.0,27.0,0.0718832015991211
34.0,1.0,1.0,0.018198013305664062
20.0,7.0,7.0,0.011224746704101562
79.0,5.0,5.0,0.04952526092529297
17.0,4.0,4.0,0.009302377700805664
32.0,2.0,2.0,0.01904010772705078
17.0,4.0,4.0,0.010295391082763672
33.0,3.0,3.0,0.018563508987426758
160.0,27.0,27.0,0.09476613998413086
19.0,1.0,1.0,0.011003732681274414
48.0,0.0,0.0,0.028713464736938477
85.0,17.0,17.0,0.052282094955444336
58.0,7.0,7.0,0.03235006332397461
41.0,6.0,6.0,0.024537086486816406
98.0,11.0,11.0,0.056241750717163086
40.0,12.0,12.0,0.021844148635864258
15.0,2.0,2.0,0.00956416130065918
60.0,7.0,7.0,0.03491020202636719
113.0,17.0,17.0,0.07089471817016602
22.0,3.0,3.0,0.01407313346862793
43.0,7.0,7.0,0.02383708953857422
34.0,4.0,4.0,0.02136707305908203
47.0,18.0,18.0,0.02893233299255371
29.0,8.0,8.0,0.018978118896484375
48.0,5.0,5.0,0.028558015823364258
13.0,2.0,2.0,0.008230447769165039
42.0,2.0,2.0,0.02520918846130371
39.0,7.0,7.0,0.021462678909301758
17.0,0.0,0.0,0.010246753692626953
23.0,2.0,2.0,0.013144731521606445
22.0,0.0,0.0,0.014399051666259766
24.0,5.0,5.0,0.012196779251098633
25.0,4.0,4.0,0.014194250106811523
28.0,5.0,5.0,0.016903400421142578
101.0,8.0,8.0,0.05600380897521973
24.0,4.0,4.0,0.014002323150634766
84.0,10.0,10.0,0.04789304733276367
13.0,1.0,1.0,0.006720066070556641
49.0,4.0,4.0,0.028339147567749023
173.0,18.0,18.0,0.0948476791381836
39.0,8.0,8.0,0.02272486686706543
64.0,9.0,9.0,0.03841257095336914
35.0,4.0,4.0,0.020279884338378906
20.0,2.0,2.0,0.012124061584472656
53.0,3.0,3.0,0.029928922653198242
86.0,5.0,5.0,0.05449271202087402
19.0,2.0,2.0,0.011269092559814453
111.0,23.0,23.0,0.06562185287475586
25.0,6.0,6.0,0.015220880508422852
57.0,11.0,11.0,0.03417515754699707
23.0,5.0,5.0,0.01723003387451172
51.0,4.0,4.0,0.030196666717529297
104.0,9.0,9.0,0.06593751907348633
14.0,2.0,2.0,0.007963418960571289
16.0,3.0,3.0,0.01010274887084961
98.0,23.0,23.0,0.05788874626159668
15.0,1.0,1.0,0.009718894958496094
15.0,1.0,1.0,0.008358001708984375
51.0,3.0,3.0,0.030843019485473633
98.0,14.0,14.0,0.05762529373168945
90.0,13.0,13.0,0.053331613540649414
132.0,13.0,13.0,0.0835866928100586
25.0,2.0,2.0,0.014477968215942383
14.0,0.0,0.0,0.006791353225708008
19.0,3.0,3.0,0.013105154037475586
25.0,3.0,3.0,0.015755653381347656
29.0,1.0,1.0,0.01803112030029297
22.0,3.0,3.0,0.017299890518188477
64.0,11.0,11.0,0.056532859802246094
73.0,15.0,15.0,0.04147171974182129
13.0,0.0,0.0,0.0076045989990234375
15.0,2.0,2.0,0.01069784164428711
79.0,6.0,6.0,0.04767942428588867
50.0,8.0,8.0,0.02755594253540039
24.0,2.0,2.0,0.015920639038085938
27.0,3.0,3.0,0.017627716064453125
11.0,0.0,0.0,0.00675654411315918
34.0,9.0,9.0,0.022333860397338867
144.0,19.0,19.0,0.08293652534484863
18.0,4.0,4.0,0.009219169616699219
30.0,11.0,11.0,0.015708208084106445
112.0,17.0,17.0,0.06980061531066895
19.0,2.0,2.0,0.010272026062011719
93.0,11.0,11.0,0.05680704116821289
17.0,5.0,5.0,0.010300159454345703
101.0,8.0,8.0,0.06658267974853516
14.0,0.0,0.0,0.00827169418334961
14.0,2.0,2.0,0.009401082992553711
53.0,5.0,5.0,0.03392291069030762
17.0,2.0,2.0,0.011936426162719727
30.0,1.0,1.0,0.018673419952392578
72.0,9.0,9.0,0.044957876205444336
40.0,4.0,4.0,0.023295879364013672
57.0,8.0,8.0,0.03868246078491211
22.0,0.0,0.0,0.014786720275878906
64.0,10.0,10.0,0.040190696716308594
20.0,2.0,2.0,0.01221609115600586
58.0,7.0,7.0,0.03268241882324219
22.0,3.0,3.0,0.0174410343170166
24.0,3.0,3.0,0.012403011322021484
39.0,5.0,5.0,0.02553248405456543
12.0,0.0,0.0,0.00870966911315918
159.0,28.0,28.0,0.09072208404541016
16.0,2.0,2.0,0.009821176528930664
14.0,1.0,1.0,0.00983119010925293
49.0,4.0,4.0,0.03336977958679199
19.0,0.0,0.0,0.011422395706176758
30.0,6.0,6.0,0.01710224151611328
19.0,3.0,3.0,0.010848760604858398
18.0,3.0,3.0,0.010273456573486328
18.0,0.0,0.0,0.010003328323364258
126.0,23.0,23.0,0.08254837989807129
27.0,6.0,6.0,0.015970468521118164
15.0,0.0,0.0,0.008832216262817383
14.0,1.0,1.0,0.007258415222167969
28.0,5.0,5.0,0.01589369773864746
43.0,6.0,6.0,0.023740768432617188
45.0,5.0,5.0,0.02471137046813965
100.0,15.0,15.0,0.059822797775268555
58.0,8.0,8.0,0.030919313430786133
37.0,10.0,10.0,0.020677566528320312
64.0,8.0,8.0,0.03928256034851074
137.0,29.0,29.0,0.07619929313659668
69.0,13.0,13.0,0.03995680809020996
16.0,0.0,0.0,0.007933378219604492
33.0,6.0,6.0,0.01748347282409668
12.0,0.0,0.0,0.007837057113647461
42.0,6.0,6.0,0.025770902633666992
41.0,2.0,2.0,0.023175954818725586
61.0,6.0,6.0,0.03445768356323242
35.0,9.0,9.0,0.021445512771606445
37.0,6.0,6.0,0.021919965744018555
71.0,6.0,6.0,0.0457155704498291
43.0,10.0,10.0,0.022052526473999023
55.0,6.0,6.0,0.03205728530883789
44.0,3.0,3.0,0.025052309036254883
16.0,1.0,1.0,0.008938789367675781
171.0,14.0,14.0,0.10416555404663086
24.0,1.0,1.0,0.01347041130065918
69.0,7.0,7.0,0.05209040641784668
32.0,2.0,2.0,0.02523970603942871
33.0,1.0,1.0,0.01779007911682129
30.0,4.0,4.0,0.01590752601623535
27.0,4.0,4.0,0.014298439025878906
18.0,1.0,1.0,0.008619070053100586
33.0,5.0,5.0,0.01841115951538086
62.0,8.0,8.0,0.033480167388916016
78.0,9.0,9.0,0.04403090476989746
16.0,2.0,2.0,0.008396625518798828
17.0,1.0,1.0,0.009832620620727539
27.0,3.0,3.0,0.016163349151611328
19.0,0.0,0.0,0.010894298553466797
32.0,6.0,6.0,0.01871800422668457
13.0,2.0,2.0,0.007681369781494141
62.0,8.0,8.0,0.034981489181518555
21.0,3.0,3.0,0.010762691497802734
102.0,9.0,9.0,0.057801008224487305
32.0,3.0,3.0,0.018608808517456055
62.0,7.0,7.0,0.03282618522644043
37.0,8.0,8.0,0.024133920669555664
69.0,6.0,6.0,0.04385709762573242
29.0,0.0,0.0,0.015299797058105469
46.0,5.0,5.0,0.02888345718383789
32.0,3.0,3.0,0.01820850372314453
11.0,0.0,0.0,0.007296562194824219
79.0,13.0,13.0,0.045816659927368164
15.0,1.0,1.0,0.009681463241577148
26.0,1.0,1.0,0.015660524368286133
42.0,3.0,3.0,0.021134138107299805
32.0,8.0,8.0,0.020922422409057617
65.0,5.0,5.0,0.041082143783569336
100.0,9.0,9.0,0.0630340576171875
14.0,1.0,1.0,0.008270263671875
83.0,13.0,13.0,0.049180030822753906
41.0,9.0,9.0,0.027290821075439453
71.0,9.0,9.0,0.04175972938537598
15.0,1.0,1.0,0.008226394653320312
69.0,9.0,9.0,0.04300832748413086
15.0,2.0,2.0,0.010879039764404297
14.0,1.0,1.0,0.008697748184204102
26.0,5.0,5.0,0.014621734619140625
64.0,12.0,12.0,0.038407325744628906
22.0,2.0,2.0,0.01325082778930664
89.0,12.0,12.0,0.04757952690124512
102.0,4.0,4.0,0.057005882263183594
98.0,12.0,12.0,0.06253743171691895
126.0,11.0,11.0,0.07723474502563477
14.0,1.0,1.0,0.006598472595214844
158.0,19.0,19.0,0.0902717113494873
19.0,2.0,2.0,0.010930061340332031
60.0,8.0,8.0,0.03408193588256836
13.0,1.0,1.0,0.007645606994628906
62.0,9.0,9.0,0.03904366493225098
83.0,5.0,5.0,0.049762725830078125
82.0,15.0,15.0,0.05207037925720215
14.0,4.0,4.0,0.009126424789428711
12.0,2.0,2.0,0.007775783538818359
22.0,5.0,5.0,0.01333165168762207
19.0,4.0,4.0,0.011320352554321289
117.0,15.0,15.0,0.07197976112365723
62.0,11.0,11.0,0.03519177436828613
57.0,5.0,5.0,0.03691363334655762
34.0,3.0,3.0,0.01776909828186035
17.0,4.0,4.0,0.010216712951660156
67.0,6.0,6.0,0.03830456733703613
50.0,4.0,4.0,0.03129172325134277
18.0,2.0,2.0,0.010857105255126953
28.0,1.0,1.0,0.015222311019897461
53.0,9.0,9.0,0.03064417839050293
18.0,3.0,3.0,0.009520769119262695
81.0,17.0,17.0,0.04421830177307129
82.0,16.0,16.0,0.05667281150817871
89.0,16.0,16.0,0.08137297630310059
19.0,1.0,1.0,0.01239323616027832
73.0,8.0,8.0,0.03810524940490723
14.0,1.0,1.0,0.008343696594238281
13.0,0.0,0.0,0.008438587188720703
26.0,2.0,2.0,0.01569342613220215
49.0,8.0,8.0,0.02789616584777832
36.0,9.0,9.0,0.023351192474365234
98.0,17.0,17.0,0.05906391143798828
46.0,1.0,1.0,0.027378559112548828
27.0,3.0,3.0,0.019366025924682617
19.0,4.0,4.0,0.011853218078613281
43.0,6.0,6.0,0.02315688133239746
152.0,13.0,13.0,0.08861851692199707
29.0,2.0,2.0,0.016565799713134766
25.0,6.0,6.0,0.014587640762329102
31.0,2.0,2.0,0.017721891403198242
20.0,2.0,2.0,0.01078033447265625
78.0,12.0,12.0,0.0579533576965332
34.0,3.0,3.0,0.02053213119506836
33.0,4.0,4.0,0.018265724182128906
26.0,5.0,5.0,0.014801263809204102
20.0,2.0,2.0,0.012211799621582031
16.0,1.0,1.0,0.01097559928894043
43.0,0.0,0.0,0.031031370162963867
35.0,8.0,8.0,0.02258443832397461
20.0,4.0,4.0,0.013008832931518555
48.0,9.0,9.0,0.026370525360107422
17.0,1.0,1.0,0.010425806045532227
22.0,5.0,5.0,0.013050556182861328
84.0,9.0,9.0,0.04880094528198242
37.0,5.0,5.0,0.02106761932373047
53.0,10.0,10.0,0.03237438201904297
25.0,2.0,2.0,0.01371908187866211
32.0,1.0,1.0,0.018472671508789062
22.0,5.0,5.0,0.011774301528930664
24.0,1.0,1.0,0.014545202255249023
45.0,7.0,7.0,0.027778148651123047
63.0,7.0,7.0,0.03666234016418457
29.0,3.0,3.0,0.016205310821533203
72.0,5.0,5.0,0.04282665252685547
12.0,0.0,0.0,0.006777763366699219
49.0,9.0,9.0,0.027289152145385742
18.0,0.0,0.0,0.010435104370117188
31.0,1.0,1.0,0.017209529876708984
11.0,0.0,0.0,0.0073089599609375
18.0,1.0,1.0,0.009735822677612305
47.0,8.0,8.0,0.026294708251953125
68.0,7.0,7.0,0.034063100814819336
34.0,0.0,0.0,0.019637346267700195
95.0,7.0,7.0,0.05435347557067871
48.0,6.0,6.0,0.02844095230102539
49.0,3.0,3.0,0.03611898422241211
17.0,0.0,0.0,0.010944366455078125
53.0,16.0,16.0,0.03100419044494629
16.0,3.0,3.0,0.0087432861328125
20.0,5.0,5.0,0.015405654907226562
18.0,1.0,1.0,0.011196613311767578
161.0,26.0,26.0,0.10229110717773438
25.0,3.0,3.0,0.018249988555908203
35.0,10.0,10.0,0.02434849739074707
24.0,1.0,1.0,0.014026165008544922
57.0,6.0,6.0,0.035591840744018555
12.0,1.0,1.0,0.0067844390869140625
48.0,12.0,12.0,0.029375553131103516
36.0,8.0,8.0,0.020205259323120117
24.0,6.0,6.0,0.011880636215209961
97.0,11.0,11.0,0.05447816848754883
114.0,11.0,11.0,0.06586742401123047
66.0,15.0,15.0,0.036600589752197266
26.0,4.0,4.0,0.01598334312438965
21.0,2.0,2.0,0.011252403259277344
18.0,1.0,1.0,0.010385513305664062
152.0,19.0,19.0,0.08575725555419922
17.0,4.0,4.0,0.010904788970947266
22.0,2.0,2.0,0.01280975341796875
52.0,0.0,0.0,0.029508352279663086
40.0,7.0,7.0,0.02532815933227539
66.0,6.0,6.0,0.04571390151977539
40.0,12.0,12.0,0.028783798217773438
33.0,5.0,5.0,0.026677370071411133
23.0,1.0,1.0,0.013046741485595703
30.0,8.0,8.0,0.015015602111816406
33.0,4.0,4.0,0.01571059226989746
90.0,6.0,6.0,0.056375741958618164
12.0,0.0,0.0,0.006247282028198242
11.0,0.0,0.0,0.006741046905517578
29.0,3.0,3.0,0.01671123504638672
15.0,4.0,4.0,0.008297443389892578
41.0,8.0,8.0,0.02529144287109375
75.0,9.0,9.0,0.04419064521789551
22.0,2.0,2.0,0.012787818908691406
25.0,3.0,3.0,0.015028238296508789
41.0,7.0,7.0,0.023816347122192383
33.0,6.0,6.0,0.01947951316833496
70.0,6.0,6.0,0.03911614418029785
21.0,4.0,4.0,0.012076616287231445
29.0,2.0,2.0,0.017235279083251953
100.0,24.0,24.0,0.06905961036682129
16.0,1.0,1.0,0.009729862213134766
50.0,12.0,12.0,0.029427289962768555
62.0,9.0,9.0,0.036374807357788086
21.0,2.0,2.0,0.011497974395751953
26.0,7.0,7.0,0.015697002410888672
36.0,10.0,10.0,0.02799248695373535
29.0,2.0,2.0,0.01948404312133789
31.0,2.0,2.0,0.01833343505859375
51.0,5.0,5.0,0.028876781463623047
15.0,3.0,3.0,0.010093212127685547
44.0,7.0,7.0,0.028065919876098633
33.0,2.0,2.0,0.018995285034179688
32.0,2.0,2.0,0.0185849666595459
92.0,12.0,12.0,0.05561017990112305
26.0,2.0,2.0,0.016479969024658203
36.0,4.0,4.0,0.021845579147338867
137.0,14.0,14.0,0.08182883262634277
61.0,10.0,10.0,0.03197884559631348
14.0,2.0,2.0,0.008066654205322266
32.0,16.0,16.0,0.016815900802612305
31.0,1.0,1.0,0.01974654197692871
20.0,0.0,0.0,0.011930704116821289
61.0,5.0,5.0,0.03943634033203125
44.0,9.0,9.0,0.029369592666625977
93.0,5.0,5.0,0.05627131462097168
62.0,2.0,2.0,0.03873038291931152
22.0,2.0,2.0,0.018213748931884766
64.0,11.0,11.0,0.04044318199157715
11.0,0.0,0.0,0.006414175033569336
40.0,5.0,5.0,0.02471017837524414
65.0,10.0,10.0,0.03728461265563965
78.0,6.0,6.0,0.04816389083862305
47.0,19.0,19.0,0.02832937240600586
28.0,6.0,6.0,0.018355369567871094
81.0,21.0,21.0,0.04990720748901367
16.0,1.0,1.0,0.010282516479492188
13.0,2.0,2.0,0.008679866790771484
81.0,11.0,11.0,0.05278754234313965
40.0,1.0,1.0,0.024684667587280273
58.0,13.0,13.0,0.035042762756347656
31.0,5.0,5.0,0.019667387008666992
81.0,13.0,13.0,0.04785013198852539
24.0,4.0,4.0,0.013857126235961914
61.0,7.0,7.0,0.036832571029663086
87.0,10.0,10.0,0.04987192153930664
22.0,3.0,3.0,0.015076875686645508
63.0,5.0,5.0,0.03568243980407715
54.0,12.0,12.0,0.03602719306945801
28.0,2.0,2.0,0.0190732479095459
28.0,2.0,2.0,0.01773977279663086
52.0,4.0,4.0,0.03386735916137695
83.0,15.0,15.0,0.051894187927246094
12.0,1.0,1.0,0.009776830673217773
65.0,5.0,5.0,0.04130744934082031
89.0,8.0,8.0,0.07362699508666992
51.0,3.0,3.0,0.02663254737854004
135.0,14.0,14.0,0.07404446601867676
42.0,5.0,5.0,0.022911787033081055
24.0,6.0,6.0,0.015230417251586914
64.0,9.0,9.0,0.03840970993041992
17.0,3.0,3.0,0.007445812225341797
23.0,2.0,2.0,0.0130157470703125
61.0,5.0,5.0,0.0344235897064209
29.0,2.0,2.0,0.015663623809814453
25.0,1.0,1.0,0.014409303665161133
32.0,3.0,3.0,0.018347740173339844
46.0,7.0,7.0,0.02427387237548828
60.0,13.0,13.0,0.034752845764160156
54.0,11.0,11.0,0.029969215393066406
14.0,3.0,3.0,0.007898092269897461
45.0,4.0,4.0,0.026654481887817383
44.0,7.0,7.0,0.024135828018188477
49.0,10.0,10.0,0.028172969818115234
12.0,0.0,0.0,0.0076618194580078125
28.0,0.0,0.0,0.018552303314208984
96.0,8.0,8.0,0.059725046157836914
51.0,11.0,11.0,0.03071117401123047
43.0,8.0,8.0,0.025726318359375
76.0,13.0,13.0,0.05021381378173828
92.0,11.0,11.0,0.05521225929260254
87.0,4.0,4.0,0.0481722354888916
22.0,3.0,3.0,0.013553142547607422
26.0,1.0,1.0,0.017523765563964844
16.0,1.0,1.0,0.010445594787597656
27.0,7.0,7.0,0.01730632781982422
100.0,12.0,12.0,0.06043505668640137
85.0,12.0,12.0,0.04873180389404297
70.0,10.0,10.0,0.0401461124420166
80.0,9.0,9.0,0.04265475273132324
57.0,6.0,6.0,0.03238248825073242
12.0,0.0,0.0,0.0065610408782958984
44.0,6.0,6.0,0.024242162704467773
14.0,1.0,1.0,0.010287761688232422
19.0,1.0,1.0,0.009264230728149414
23.0,5.0,5.0,0.015127420425415039
37.0,10.0,10.0,0.021056413650512695
16.0,0.0,0.0,0.008701562881469727
40.0,3.0,3.0,0.021128177642822266
29.0,6.0,6.0,0.015498876571655273
19.0,3.0,3.0,0.010890960693359375
19.0,5.0,5.0,0.011509895324707031
69.0,17.0,17.0,0.03923368453979492
150.0,20.0,20.0,0.08786869049072266
14.0,0.0,0.0,0.007341861724853516
24.0,4.0,4.0,0.014458656311035156
14.0,2.0,2.0,0.008850812911987305
23.0,0.0,0.0,0.014851570129394531
17.0,2.0,2.0,0.011034727096557617
39.0,5.0,5.0,0.022954463958740234
31.0,5.0,5.0,0.020180702209472656
82.0,12.0,12.0,0.051976919174194336
90.0,13.0,13.0,0.06290149688720703
14.0,1.0,1.0,0.009447813034057617
17.0,0.0,0.0,0.010243892669677734
40.0,6.0,6.0,0.029535531997680664
11.0,0.0,0.0,0.0070607662200927734
51.0,2.0,2.0,0.030251026153564453
36.0,4.0,4.0,0.01852726936340332
23.0,5.0,5.0,0.013027429580688477
18.0,1.0,1.0,0.012012004852294922
29.0,1.0,1.0,0.01566028594970703
65.0,18.0,18.0,0.03928780555725098
21.0,3.0,3.0,0.01213979721069336
48.0,7.0,7.0,0.026506423950195312
77.0,6.0,6.0,0.04408383369445801
25.0,5.0,5.0,0.01605534553527832
20.0,1.0,1.0,0.011932849884033203
20.0,2.0,2.0,0.01259613037109375
33.0,3.0,3.0,0.019744873046875
78.0,6.0,6.0,0.05164790153503418
47.0,4.0,4.0,0.030292272567749023
25.0,3.0,3.0,0.014879465103149414
20.0,4.0,4.0,0.010652780532836914
22.0,2.0,2.0,0.017653942108154297
166.0,36.0,36.0,0.11259245872497559
71.0,15.0,15.0,0.044530630111694336
25.0,5.0,5.0,0.012904882431030273
19.0,4.0,4.0,0.00867772102355957
12.0,1.0,1.0,0.007463693618774414
17.0,2.0,2.0,0.009246587753295898
123.0,16.0,16.0,0.06760573387145996
33.0,4.0,4.0,0.018803834915161133
20.0,2.0,2.0,0.01374363899230957
59.0,6.0,6.0,0.03521132469177246
18.0,1.0,1.0,0.01190495491027832
17.0,0.0,0.0,0.009378194808959961
36.0,0.0,0.0,0.024065256118774414
13.0,1.0,1.0,0.007589101791381836
40.0,15.0,15.0,0.026185989379882812
25.0,2.0,2.0,0.01228022575378418
17.0,3.0,3.0,0.009459257125854492
70.0,13.0,13.0,0.037390947341918945
12.0,0.0,0.0,0.0071868896484375
18.0,6.0,6.0,0.011112213134765625
44.0,5.0,5.0,0.02507328987121582
23.0,3.0,3.0,0.013281583786010742
13.0,0.0,0.0,0.007398843765258789
16.0,0.0,0.0,0.011123895645141602
17.0,1.0,1.0,0.010624408721923828
145.0,25.0,25.0,0.08087801933288574
63.0,11.0,11.0,0.03525710105895996
36.0,8.0,8.0,0.02062201499938965
26.0,4.0,4.0,0.01440572738647461
13.0,1.0,1.0,0.008980751037597656
48.0,3.0,3.0,0.026737213134765625
50.0,9.0,9.0,0.03020763397216797
80.0,17.0,17.0,0.04611635208129883
12.0,0.0,0.0,0.006979465484619141
105.0,12.0,12.0,0.06364059448242188
20.0,0.0,0.0,0.012417793273925781
29.0,3.0,3.0,0.01828169822692871
56.0,5.0,5.0,0.03402280807495117
53.0,13.0,13.0,0.0336003303527832
21.0,4.0,4.0,0.01178884506225586
81.0,7.0,7.0,0.045540809631347656
13.0,1.0,1.0,0.0066449642181396484
20.0,4.0,4.0,0.012469768524169922
17.0,5.0,5.0,0.009738683700561523
33.0,9.0,9.0,0.0193021297454834
42.0,7.0,7.0,0.02363443374633789
159.0,20.0,20.0,0.09530091285705566
13.0,1.0,1.0,0.007754802703857422
28.0,1.0,1.0,0.01575446128845215
67.0,11.0,11.0,0.04141378402709961
31.0,1.0,1.0,0.01839303970336914
95.0,24.0,24.0,0.05627727508544922
26.0,0.0,0.0,0.013829946517944336
54.0,3.0,3.0,0.02892613410949707
46.0,5.0,5.0,0.03008747100830078
45.0,8.0,8.0,0.026177167892456055
57.0,4.0,4.0,0.03203606605529785
17.0,4.0,4.0,0.010397672653198242
34.0,5.0,5.0,0.022606372833251953
18.0,4.0,4.0,0.010861635208129883
16.0,3.0,3.0,0.009287595748901367
50.0,3.0,3.0,0.03143572807312012
34.0,2.0,2.0,0.02435016632080078
121.0,9.0,9.0,0.07537436485290527
47.0,9.0,9.0,0.028634071350097656
54.0,13.0,13.0,0.03442978858947754
59.0,11.0,11.0,0.03806781768798828
23.0,4.0,4.0,0.015235424041748047
136.0,21.0,21.0,0.08246088027954102
14.0,1.0,1.0,0.007522106170654297
17.0,2.0,2.0,0.010514497756958008
52.0,4.0,4.0,0.033937931060791016
124.0,27.0,27.0,0.0686960220336914
16.0,1.0,1.0,0.01064300537109375
97.0,19.0,19.0,0.0735175609588623
58.0,11.0,11.0,0.04472994804382324
37.0,2.0,2.0,0.02379298210144043
24.0,2.0,2.0,0.015057086944580078
14.0,0.0,0.0,0.010898113250732422
28.0,3.0,3.0,0.016524791717529297
61.0,10.0,10.0,0.036028385162353516
25.0,3.0,3.0,0.014173269271850586
86.0,20.0,20.0,0.04986143112182617
153.0,24.0,24.0,0.09021973609924316
44.0,3.0,3.0,0.02627730369567871
42.0,7.0,7.0,0.024413347244262695
34.0,4.0,4.0,0.02260732650756836
44.0,9.0,9.0,0.027788877487182617
45.0,7.0,7.0,0.025913238525390625
14.0,1.0,1.0,0.007993936538696289
41.0,12.0,12.0,0.022715091705322266
76.0,11.0,11.0,0.04673910140991211
50.0,5.0,5.0,0.028966426849365234
40.0,8.0,8.0,0.024264097213745117
28.0,2.0,2.0,0.018390178680419922
80.0,5.0,5.0,0.054939985275268555
72.0,12.0,12.0,0.042037248611450195
33.0,4.0,4.0,0.02485036849975586
29.0,6.0,6.0,0.01856064796447754
37.0,4.0,4.0,0.0233004093170166
36.0,7.0,7.0,0.020613431930541992
22.0,3.0,3.0,0.013026952743530273
54.0,11.0,11.0,0.03424978256225586
33.0,7.0,7.0,0.018767118453979492
32.0,9.0,9.0,0.02137899398803711
44.0,12.0,12.0,0.0243070125579834
14.0,1.0,1.0,0.008260488510131836
82.0,3.0,3.0,0.045458316802978516
23.0,11.0,11.0,0.014051198959350586
59.0,9.0,9.0,0.036093950271606445
22.0,2.0,2.0,0.01246786117553711
17.0,3.0,3.0,0.008805036544799805
87.0,14.0,14.0,0.05269193649291992
80.0,7.0,7.0,0.04835057258605957
11.0,0.0,0.0,0.0069980621337890625
13.0,2.0,2.0,0.0076525211334228516
24.0,4.0,4.0,0.018189668655395508
15.0,3.0,3.0,0.00819253921508789
35.0,7.0,7.0,0.021611928939819336
50.0,4.0,4.0,0.028455734252929688
34.0,4.0,4.0,0.02214527130126953
61.0,9.0,9.0,0.043447017669677734
83.0,6.0,6.0,0.05161738395690918
67.0,13.0,13.0,0.04652070999145508
16.0,1.0,1.0,0.00847005844116211
30.0,7.0,7.0,0.02054452896118164
53.0,12.0,12.0,0.03192305564880371
35.0,3.0,3.0,0.02213287353515625
25.0,7.0,7.0,0.013747453689575195
30.0,6.0,6.0,0.017852067947387695
46.0,5.0,5.0,0.025531768798828125
16.0,1.0,1.0,0.009607553482055664
71.0,9.0,9.0,0.04149818420410156
25.0,0.0,0.0,0.017116785049438477
23.0,6.0,6.0,0.015100240707397461
18.0,4.0,4.0,0.01090550422668457
11.0,0.0,0.0,0.005538225173950195
17.0,2.0,2.0,0.010004281997680664
19.0,2.0,2.0,0.011994123458862305
47.0,13.0,13.0,0.03234267234802246
143.0,25.0,25.0,0.09608173370361328
20.0,2.0,2.0,0.01412200927734375
12.0,1.0,1.0,0.006252288818359375
20.0,2.0,2.0,0.014162778854370117
35.0,9.0,9.0,0.02242422103881836
16.0,3.0,3.0,0.009994268417358398
68.0,13.0,13.0,0.04393935203552246
27.0,1.0,1.0,0.016519546508789062
23.0,6.0,6.0,0.015305280685424805
16.0,5.0,5.0,0.010001420974731445
12.0,0.0,0.0,0.009186744689941406
30.0,0.0,0.0,0.019354820251464844
50.0,11.0,11.0,0.03286623954772949
52.0,5.0,5.0,0.03178763389587402
13.0,1.0,1.0,0.011653661727905273
26.0,1.0,1.0,0.023518800735473633
35.0,8.0,8.0,0.03128790855407715
32.0,6.0,6.0,0.020033597946166992
17.0,0.0,0.0,0.010442733764648438
35.0,3.0,3.0,0.01799464225769043
52.0,11.0,11.0,0.031690120697021484
49.0,4.0,4.0,0.03100109100341797
100.0,4.0,4.0,0.06341719627380371
23.0,2.0,2.0,0.013072013854980469
14.0,3.0,3.0,0.010324954986572266
31.0,4.0,4.0,0.01945805549621582
18.0,3.0,3.0,0.011268377304077148
46.0,7.0,7.0,0.02741861343383789
15.0,0.0,0.0,0.00890040397644043
21.0,2.0,2.0,0.013059377670288086
127.0,19.0,19.0,0.0879359245300293
16.0,4.0,4.0,0.010462045669555664
52.0,10.0,10.0,0.029960155487060547
28.0,3.0,3.0,0.01705026626586914
15.0,0.0,0.0,0.006002187728881836
42.0,8.0,8.0,0.025491714477539062
15.0,2.0,2.0,0.00872492790222168
34.0,5.0,5.0,0.020540475845336914
19.0,5.0,5.0,0.012725353240966797
36.0,5.0,5.0,0.02074146270751953
19.0,8.0,8.0,0.010215520858764648
57.0,2.0,2.0,0.038811683654785156
49.0,2.0,2.0,0.03070235252380371
24.0,1.0,1.0,0.0194857120513916
48.0,6.0,6.0,0.02965068817138672
20.0,5.0,5.0,0.013007164001464844
14.0,1.0,1.0,0.006953239440917969
51.0,4.0,4.0,0.032166481018066406
36.0,3.0,3.0,0.027063846588134766
17.0,1.0,1.0,0.01079106330871582
60.0,5.0,5.0,0.030317306518554688
15.0,2.0,2.0,0.011537313461303711
17.0,1.0,1.0,0.011526346206665039
22.0,2.0,2.0,0.01216578483581543
26.0,4.0,4.0,0.014998197555541992
41.0,6.0,6.0,0.028876781463623047
14.0,1.0,1.0,0.009707927703857422
48.0,7.0,7.0,0.03071141242980957
13.0,1.0,1.0,0.007820844650268555
65.0,16.0,16.0,0.04335188865661621
119.0,15.0,15.0,0.06644821166992188
36.0,5.0,5.0,0.022729873657226562
54.0,4.0,4.0,0.034943342208862305
53.0,4.0,4.0,0.03407549858093262
87.0,15.0,15.0,0.053609609603881836
51.0,11.0,11.0,0.05109071731567383
21.0,2.0,2.0,0.0328977108001709
26.0,2.0,2.0,0.03123784065246582
15.0,4.0,4.0,0.013188362121582031
97.0,9.0,9.0,0.06534481048583984
30.0,4.0,4.0,0.019488096237182617
55.0,6.0,6.0,0.03499770164489746
28.0,4.0,4.0,0.022945165634155273
18.0,5.0,5.0,0.013422966003417969
18.0,0.0,0.0,0.012513160705566406
18.0,0.0,0.0,0.011701583862304688
22.0,3.0,3.0,0.012992620468139648
15.0,2.0,2.0,0.00866079330444336
14.0,1.0,1.0,0.009996891021728516
59.0,9.0,9.0,0.035772085189819336
56.0,10.0,10.0,0.03598594665527344
15.0,0.0,0.0,0.00820016860961914
19.0,5.0,5.0,0.009993791580200195
14.0,1.0,1.0,0.008002996444702148
11.0,0.0,0.0,0.0055391788482666016
34.0,6.0,6.0,0.0217740535736084
26.0,5.0,5.0,0.016350984573364258
14.0,0.0,0.0,0.009130239486694336
32.0,4.0,4.0,0.0206453800201416
76.0,15.0,15.0,0.04320836067199707
49.0,6.0,6.0,0.026237010955810547
43.0,2.0,2.0,0.022177934646606445
83.0,15.0,15.0,0.0467839241027832
24.0,1.0,1.0,0.014444589614868164
18.0,1.0,1.0,0.011346101760864258
78.0,11.0,11.0,0.05308246612548828
42.0,9.0,9.0,0.024811983108520508
39.0,13.0,13.0,0.025575876235961914
13.0,1.0,1.0,0.0071332454681396484
38.0,7.0,7.0,0.03173494338989258
22.0,0.0,0.0,0.017986536026000977
43.0,13.0,13.0,0.03366446495056152
28.0,3.0,3.0,0.02107977867126465
11.0,0.0,0.0,0.007544755935668945
12.0,0.0,0.0,0.008770465850830078
68.0,7.0,7.0,0.05243825912475586
11.0,0.0,0.0,0.007933855056762695
62.0,8.0,8.0,0.06120800971984863
73.0,11.0,11.0,0.04803323745727539
29.0,5.0,5.0,0.023453950881958008
58.0,6.0,6.0,0.03563117980957031
16.0,2.0,2.0,0.011998653411865234
66.0,8.0,8.0,0.04151630401611328
28.0,5.0,5.0,0.01805400848388672
36.0,6.0,6.0,0.023934602737426758
51.0,8.0,8.0,0.027451276779174805
12.0,1.0,1.0,0.007100105285644531
58.0,5.0,5.0,0.04455685615539551
38.0,7.0,7.0,0.025734663009643555
16.0,1.0,1.0,0.010717391967773438
27.0,2.0,2.0,0.017531394958496094
25.0,3.0,3.0,0.0139923095703125
62.0,3.0,3.0,0.03647971153259277
89.0,12.0,12.0,0.054654598236083984
94.0,11.0,11.0,0.05958294868469238
46.0,11.0,11.0,0.033402204513549805
81.0,13.0,13.0,0.04892897605895996
72.0,12.0,12.0,0.04773545265197754
36.0,9.0,9.0,0.024063587188720703
57.0,10.0,10.0,0.03352022171020508
21.0,0.0,0.0,0.011891603469848633
28.0,3.0,3.0,0.01524972915649414
20.0,2.0,2.0,0.010644912719726562
14.0,1.0,1.0,0.007609844207763672
16.0,4.0,4.0,0.0071713924407958984
15.0,2.0,2.0,0.008182764053344727
24.0,4.0,4.0,0.012169599533081055
25.0,3.0,3.0,0.013501644134521484
16.0,5.0,5.0,0.00973820686340332
28.0,5.0,5.0,0.01988959312438965
43.0,4.0,4.0,0.021894454956054688
56.0,10.0,10.0,0.03567051887512207
48.0,6.0,6.0,0.026738882064819336
27.0,1.0,1.0,0.014942407608032227
35.0,3.0,3.0,0.023581266403198242
49.0,5.0,5.0,0.030989408493041992
66.0,9.0,9.0,0.040212392807006836
25.0,2.0,2.0,0.016822099685668945
63.0,11.0,11.0,0.043150901794433594
62.0,15.0,15.0,0.04979586601257324
62.0,12.0,12.0,0.03521156311035156
38.0,4.0,4.0,0.025869131088256836
15.0,2.0,2.0,0.012630224227905273
31.0,3.0,3.0,0.019398212432861328
12.0,0.0,0.0,0.008030414581298828
30.0,2.0,2.0,0.01990652084350586
84.0,10.0,10.0,0.055403947830200195
59.0,12.0,12.0,0.03639650344848633
65.0,7.0,7.0,0.042443037033081055
57.0,2.0,2.0,0.03803205490112305
28.0,9.0,9.0,0.0159456729888916
62.0,6.0,6.0,0.040682077407836914
15.0,3.0,3.0,0.013998270034790039
35.0,1.0,1.0,0.023504972457885742
26.0,0.0,0.0,0.013606548309326172
27.0,7.0,7.0,0.02164483070373535
31.0,4.0,4.0,0.0212709903717041
44.0,5.0,5.0,0.02509284019470215
46.0,3.0,3.0,0.033724308013916016
17.0,0.0,0.0,0.010962963104248047
94.0,15.0,15.0,0.057143211364746094
19.0,0.0,0.0,0.010052919387817383
114.0,17.0,17.0,0.07578158378601074
32.0,2.0,2.0,0.019411563873291016
86.0,16.0,16.0,0.0684208869934082
39.0,0.0,0.0,0.037702322006225586
46.0,6.0,6.0,0.03433704376220703
28.0,1.0,1.0,0.019389867782592773
27.0,5.0,5.0,0.019126176834106445
28.0,4.0,4.0,0.018963336944580078
73.0,13.0,13.0,0.04677295684814453
50.0,4.0,4.0,0.03823494911193848
16.0,3.0,3.0,0.010964155197143555
12.0,1.0,1.0,0.007997512817382812
28.0,1.0,1.0,0.01665353775024414
115.0,13.0,13.0,0.09081268310546875
101.0,14.0,14.0,0.06694746017456055
36.0,3.0,3.0,0.022835493087768555
29.0,3.0,3.0,0.027053356170654297
16.0,2.0,2.0,0.011174201965332031
18.0,2.0,2.0,0.014023780822753906
95.0,10.0,10.0,0.06435918807983398
22.0,4.0,4.0,0.013005495071411133
59.0,4.0,4.0,0.03408980369567871
19.0,7.0,7.0,0.014453411102294922
43.0,4.0,4.0,0.026793479919433594
20.0,1.0,1.0,0.018624544143676758
16.0,0.0,0.0,0.008146524429321289
36.0,6.0,6.0,0.025600671768188477
80.0,12.0,12.0,0.05723166465759277
54.0,4.0,4.0,0.03820061683654785
79.0,11.0,11.0,0.07744145393371582
99.0,13.0,13.0,0.07191109657287598
61.0,9.0,9.0,0.04385638236999512
186.0,28.0,28.0,0.12690329551696777
14.0,3.0,3.0,0.009420633316040039
41.0,1.0,1.0,0.025788545608520508
36.0,0.0,0.0,0.021506309509277344
20.0,6.0,6.0,0.013502836227416992
46.0,6.0,6.0,0.02672719955444336
25.0,7.0,7.0,0.01451873779296875
78.0,12.0,12.0,0.04993033409118652
40.0,3.0,3.0,0.024837493896484375
13.0,0.0,0.0,0.008149862289428711
19.0,2.0,2.0,0.012680768966674805
44.0,6.0,6.0,0.03637576103210449
17.0,2.0,2.0,0.010522603988647461
23.0,4.0,4.0,0.01722431182861328
49.0,6.0,6.0,0.03455638885498047
15.0,4.0,4.0,0.008811235427856445
29.0,1.0,1.0,0.026392221450805664
13.0,2.0,2.0,0.011928558349609375
62.0,13.0,13.0,0.05316472053527832
28.0,4.0,4.0,0.021721839904785156
11.0,0.0,0.0,0.00966644287109375
63.0,8.0,8.0,0.05096149444580078
20.0,2.0,2.0,0.01857757568359375
31.0,3.0,3.0,0.02070784568786621
20.0,9.0,9.0,0.012999296188354492
47.0,4.0,4.0,0.032124996185302734
34.0,3.0,3.0,0.02546977996826172
29.0,10.0,10.0,0.023623943328857422
29.0,1.0,1.0,0.023049592971801758
12.0,0.0,0.0,0.008006095886230469
30.0,9.0,9.0,0.01779031753540039
12.0,0.0,0.0,0.005135059356689453
34.0,1.0,1.0,0.013478517532348633
18.0,0.0,0.0,0.006245136260986328
60.0,17.0,17.0,0.021250486373901367
15.0,1.0,1.0,0.005066871643066406
32.0,5.0,5.0,0.011007070541381836
33.0,0.0,0.0,0.011108875274658203
40.0,6.0,6.0,0.014100313186645508
14.0,2.0,2.0,0.0046842098236083984
35.0,1.0,1.0,0.013374805450439453
35.0,8.0,8.0,0.0158236026763916
28.0,12.0,12.0,0.00922703742980957
19.0,3.0,3.0,0.007002830505371094
18.0,3.0,3.0,0.006789684295654297
53.0,7.0,7.0,0.02105426788330078
125.0,23.0,23.0,0.052745819091796875
40.0,6.0,6.0,0.014035224914550781
32.0,4.0,4.0,0.013151168823242188
121.0,17.0,17.0,0.05176520347595215
40.0,7.0,7.0,0.020298480987548828
45.0,5.0,5.0,0.023263931274414062
36.0,5.0,5.0,0.01623225212097168
80.0,14.0,14.0,0.03755640983581543
13.0,1.0,1.0,0.005206108093261719
41.0,4.0,4.0,0.01663064956665039
19.0,4.0,4.0,0.009343385696411133
39.0,4.0,4.0,0.015660524368286133
33.0,4.0,4.0,0.012493371963500977
19.0,0.0,0.0,0.0074994564056396484
22.0,1.0,1.0,0.009002923965454102
69.0,21.0,21.0,0.02719902992248535
24.0,2.0,2.0,0.00890040397644043
49.0,1.0,1.0,0.01848626136779785
18.0,4.0,4.0,0.007162332534790039
60.0,10.0,10.0,0.02355337142944336
17.0,0.0,0.0,0.005785942077636719
21.0,4.0,4.0,0.006754159927368164
50.0,14.0,14.0,0.01760268211364746
47.0,2.0,2.0,0.017618179321289062
69.0,10.0,10.0,0.02990412712097168
17.0,1.0,1.0,0.008165836334228516
98.0,23.0,23.0,0.040411949157714844
15.0,2.0,2.0,0.005002021789550781
69.0,6.0,6.0,0.027788400650024414
21.0,0.0,0.0,0.009392261505126953
14.0,3.0,3.0,0.006005287170410156
62.0,5.0,5.0,0.0272982120513916
114.0,15.0,15.0,0.04098200798034668
74.0,9.0,9.0,0.031609535217285156
136.0,15.0,15.0,0.05945277214050293
97.0,6.0,6.0,0.04105687141418457
16.0,1.0,1.0,0.006543874740600586
51.0,7.0,7.0,0.01983809471130371
98.0,16.0,16.0,0.04183053970336914
29.0,5.0,5.0,0.01224660873413086
37.0,7.0,7.0,0.015909671783447266
41.0,3.0,3.0,0.015478134155273438
58.0,5.0,5.0,0.023632287979125977
20.0,4.0,4.0,0.00846409797668457
46.0,6.0,6.0,0.01898670196533203
23.0,1.0,1.0,0.008238077163696289
19.0,7.0,7.0,0.006888389587402344
15.0,3.0,3.0,0.004728794097900391
32.0,7.0,7.0,0.011562585830688477
44.0,5.0,5.0,0.015713930130004883
16.0,4.0,4.0,0.004945039749145508
62.0,11.0,11.0,0.021859169006347656
16.0,2.0,2.0,0.006192445755004883
105.0,9.0,9.0,0.03910708427429199
83.0,17.0,17.0,0.028096675872802734
17.0,1.0,1.0,0.005871772766113281
25.0,3.0,3.0,0.009181499481201172
20.0,1.0,1.0,0.0077326297760009766
20.0,2.0,2.0,0.0069637298583984375
66.0,16.0,16.0,0.026716947555541992
11.0,0.0,0.0,0.003000020980834961
65.0,10.0,10.0,0.021716833114624023
28.0,4.0,4.0,0.009743928909301758
29.0,7.0,7.0,0.011597394943237305
29.0,4.0,4.0,0.012329578399658203
51.0,3.0,3.0,0.01722121238708496
89.0,18.0,18.0,0.03531765937805176
13.0,1.0,1.0,0.005772113800048828
54.0,9.0,9.0,0.01858806610107422
44.0,2.0,2.0,0.017693042755126953
16.0,1.0,1.0,0.007155418395996094
20.0,4.0,4.0,0.008453607559204102
67.0,6.0,6.0,0.0325162410736084
27.0,5.0,5.0,0.011688709259033203
20.0,8.0,8.0,0.007259845733642578
87.0,17.0,17.0,0.03417778015136719
16.0,3.0,3.0,0.0055179595947265625
49.0,9.0,9.0,0.01829051971435547
86.0,10.0,10.0,0.037955284118652344
15.0,2.0,2.0,0.00742340087890625
50.0,8.0,8.0,0.01689767837524414
39.0,6.0,6.0,0.013405799865722656
21.0,2.0,2.0,0.00805044174194336
73.0,10.0,10.0,0.026175498962402344
20.0,1.0,1.0,0.007294178009033203
27.0,2.0,2.0,0.009732961654663086
20.0,2.0,2.0,0.007933616638183594
33.0,8.0,8.0,0.013601541519165039
20.0,4.0,4.0,0.0068094730377197266
26.0,4.0,4.0,0.008725881576538086
14.0,2.0,2.0,0.0046694278717041016
46.0,10.0,10.0,0.017252683639526367
59.0,6.0,6.0,0.022012948989868164
40.0,5.0,5.0,0.01490926742553711
16.0,3.0,3.0,0.0055561065673828125
31.0,2.0,2.0,0.015046119689941406
13.0,0.0,0.0,0.0053102970123291016
45.0,7.0,7.0,0.0182645320892334
77.0,3.0,3.0,0.037807464599609375
33.0,5.0,5.0,0.015937328338623047
33.0,5.0,5.0,0.016276121139526367
43.0,14.0,14.0,0.020158767700195312
40.0,1.0,1.0,0.01895618438720703
22.0,1.0,1.0,0.008243322372436523
28.0,2.0,2.0,0.010859966278076172
68.0,5.0,5.0,0.02881336212158203
16.0,2.0,2.0,0.008540868759155273
29.0,5.0,5.0,0.011242389678955078
38.0,6.0,6.0,0.014895439147949219
35.0,4.0,4.0,0.01578354835510254
44.0,2.0,2.0,0.021656513214111328
20.0,2.0,2.0,0.007813692092895508
51.0,4.0,4.0,0.01879405975341797
93.0,9.0,9.0,0.040099382400512695
34.0,3.0,3.0,0.014127254486083984
11.0,0.0,0.0,0.0039441585540771484
25.0,4.0,4.0,0.01125955581665039
49.0,15.0,15.0,0.02307295799255371
59.0,18.0,18.0,0.027086973190307617
11.0,0.0,0.0,0.006170749664306641
28.0,5.0,5.0,0.015490293502807617
13.0,2.0,2.0,0.007316112518310547
35.0,2.0,2.0,0.01489710807800293
98.0,10.0,10.0,0.04595065116882324
23.0,5.0,5.0,0.012001514434814453
36.0,1.0,1.0,0.017551660537719727
36.0,4.0,4.0,0.023236751556396484
21.0,4.0,4.0,0.011840105056762695
17.0,6.0,6.0,0.009004831314086914
21.0,1.0,1.0,0.012690305709838867
17.0,1.0,1.0,0.006903648376464844
43.0,0.0,0.0,0.025026798248291016
28.0,3.0,3.0,0.013573646545410156
51.0,4.0,4.0,0.026050806045532227
96.0,4.0,4.0,0.04413175582885742
71.0,14.0,14.0,0.033629417419433594
13.0,2.0,2.0,0.004126071929931641
24.0,1.0,1.0,0.011779546737670898
38.0,3.0,3.0,0.018041610717773438
97.0,12.0,12.0,0.04205131530761719
83.0,18.0,18.0,0.03001999855041504
15.0,2.0,2.0,0.005429744720458984
86.0,11.0,11.0,0.03382468223571777
45.0,7.0,7.0,0.018414735794067383
15.0,1.0,1.0,0.00583648681640625
31.0,6.0,6.0,0.01256871223449707
58.0,9.0,9.0,0.020783424377441406
34.0,13.0,13.0,0.012779951095581055
14.0,2.0,2.0,0.004703044891357422
28.0,2.0,2.0,0.009497404098510742
14.0,2.0,2.0,0.004769563674926758
13.0,2.0,2.0,0.005128145217895508
47.0,5.0,5.0,0.01873016357421875
46.0,7.0,7.0,0.016618728637695312
11.0,1.0,1.0,0.0046558380126953125
143.0,15.0,15.0,0.059092044830322266
27.0,0.0,0.0,0.009355783462524414
25.0,6.0,6.0,0.007964134216308594
13.0,0.0,0.0,0.0062062740325927734
20.0,3.0,3.0,0.006628751754760742
13.0,2.0,2.0,0.0053598880767822266
18.0,0.0,0.0,0.006705522537231445
13.0,1.0,1.0,0.004580974578857422
36.0,3.0,3.0,0.012183427810668945
21.0,1.0,1.0,0.008147239685058594
13.0,1.0,1.0,0.004805088043212891
21.0,1.0,1.0,0.007699489593505859
22.0,0.0,0.0,0.0122528076171875
84.0,13.0,13.0,0.031995296478271484
14.0,3.0,3.0,0.004932403564453125
56.0,13.0,13.0,0.0218045711517334
31.0,3.0,3.0,0.011104822158813477
40.0,5.0,5.0,0.0158693790435791
20.0,0.0,0.0,0.008337259292602539
16.0,0.0,0.0,0.006016969680786133
27.0,6.0,6.0,0.011669158935546875
74.0,6.0,6.0,0.029617786407470703
15.0,1.0,1.0,0.006715059280395508
13.0,2.0,2.0,0.007004737854003906
85.0,14.0,14.0,0.03208589553833008
24.0,5.0,5.0,0.012138128280639648
37.0,3.0,3.0,0.020823955535888672
24.0,2.0,2.0,0.015681982040405273
54.0,8.0,8.0,0.022721290588378906
14.0,2.0,2.0,0.006003141403198242
85.0,12.0,12.0,0.0339360237121582
94.0,6.0,6.0,0.03819894790649414
11.0,0.0,0.0,0.004080295562744141
19.0,1.0,1.0,0.006073951721191406
29.0,2.0,2.0,0.010683536529541016
112.0,12.0,12.0,0.0466771125793457
11.0,0.0,0.0,0.005880117416381836
33.0,5.0,5.0,0.013097047805786133
12.0,1.0,1.0,0.005851030349731445
27.0,2.0,2.0,0.010771751403808594
13.0,2.0,2.0,0.003975868225097656
46.0,3.0,3.0,0.01675271987915039
34.0,2.0,2.0,0.013756036758422852
186.0,30.0,30.0,0.07597875595092773
25.0,2.0,2.0,0.00842595100402832
89.0,12.0,12.0,0.03140544891357422
71.0,11.0,11.0,0.028679370880126953
18.0,3.0,3.0,0.006206035614013672
42.0,7.0,7.0,0.018527746200561523
23.0,1.0,1.0,0.010030269622802734
14.0,2.0,2.0,0.004994392395019531
46.0,3.0,3.0,0.015730619430541992
30.0,3.0,3.0,0.01021432876586914
168.0,27.0,27.0,0.0728752613067627
21.0,0.0,0.0,0.007915496826171875
29.0,3.0,3.0,0.010529756546020508
44.0,8.0,8.0,0.014443635940551758
62.0,9.0,9.0,0.025364398956298828
47.0,1.0,1.0,0.019146442413330078
27.0,4.0,4.0,0.015089035034179688
23.0,2.0,2.0,0.011893272399902344
39.0,5.0,5.0,0.013633966445922852
13.0,1.0,1.0,0.003987550735473633
47.0,2.0,2.0,0.01675868034362793
87.0,12.0,12.0,0.02953624725341797
25.0,5.0,5.0,0.008571147918701172
30.0,5.0,5.0,0.011068582534790039
47.0,6.0,6.0,0.018546581268310547
18.0,5.0,5.0,0.0068128108978271484
22.0,2.0,2.0,0.008674860000610352
23.0,2.0,2.0,0.009131431579589844
40.0,5.0,5.0,0.013365745544433594
91.0,15.0,15.0,0.032196998596191406
29.0,6.0,6.0,0.012148618698120117
19.0,0.0,0.0,0.010914802551269531
50.0,6.0,6.0,0.022247314453125
40.0,12.0,12.0,0.017479896545410156
40.0,5.0,5.0,0.022866249084472656
22.0,8.0,8.0,0.013928890228271484
91.0,14.0,14.0,0.04455065727233887
63.0,12.0,12.0,0.02268695831298828
13.0,2.0,2.0,0.004998445510864258
128.0,10.0,10.0,0.047806739807128906
15.0,0.0,0.0,0.0056285858154296875
23.0,4.0,4.0,0.00787973403930664
57.0,6.0,6.0,0.02834343910217285
27.0,4.0,4.0,0.010191917419433594
55.0,11.0,11.0,0.022148609161376953
63.0,13.0,13.0,0.023932695388793945
17.0,0.0,0.0,0.007145881652832031
22.0,2.0,2.0,0.008714437484741211
13.0,2.0,2.0,0.005471706390380859
47.0,3.0,3.0,0.020887374877929688
14.0,1.0,1.0,0.004919528961181641
14.0,1.0,1.0,0.00519108772277832
33.0,5.0,5.0,0.010730266571044922
33.0,6.0,6.0,0.0126495361328125
12.0,0.0,0.0,0.004149913787841797
12.0,0.0,0.0,0.003725290298461914
100.0,27.0,27.0,0.038498878479003906
46.0,4.0,4.0,0.021265268325805664
15.0,1.0,1.0,0.006987571716308594
11.0,0.0,0.0,0.00583958625793457
42.0,6.0,6.0,0.016787290573120117
11.0,0.0,0.0,0.004424333572387695
19.0,1.0,1.0,0.006705045700073242
28.0,4.0,4.0,0.01038050651550293
40.0,8.0,8.0,0.014579057693481445
24.0,5.0,5.0,0.00777125358581543
83.0,3.0,3.0,0.02991008758544922
42.0,1.0,1.0,0.016167879104614258
56.0,7.0,7.0,0.020485401153564453
134.0,20.0,20.0,0.05018115043640137
17.0,0.0,0.0,0.007048368453979492
32.0,3.0,3.0,0.014774799346923828
61.0,6.0,6.0,0.02430105209350586
19.0,5.0,5.0,0.008632421493530273
79.0,12.0,12.0,0.031816959381103516
11.0,0.0,0.0,0.005266904830932617
18.0,5.0,5.0,0.011568069458007812
15.0,0.0,0.0,0.005262136459350586
82.0,9.0,9.0,0.041316986083984375
23.0,4.0,4.0,0.009697675704956055
87.0,6.0,6.0,0.03390383720397949
61.0,16.0,16.0,0.021587133407592773
35.0,0.0,0.0,0.016725778579711914
17.0,0.0,0.0,0.008644819259643555
18.0,2.0,2.0,0.006428718566894531
131.0,16.0,16.0,0.050041913986206055
78.0,5.0,5.0,0.02948284149169922
17.0,2.0,2.0,0.0056574344635009766
79.0,14.0,14.0,0.030493974685668945
29.0,4.0,4.0,0.010463714599609375
64.0,8.0,8.0,0.024892568588256836
16.0,0.0,0.0,0.007032155990600586
52.0,10.0,10.0,0.018144607543945312
90.0,15.0,15.0,0.035002708435058594
53.0,7.0,7.0,0.018167734146118164
73.0,1.0,1.0,0.02611374855041504
16.0,0.0,0.0,0.005400180816650391
52.0,2.0,2.0,0.019412755966186523
65.0,3.0,3.0,0.024795055389404297
13.0,1.0,1.0,0.006139039993286133
84.0,9.0,9.0,0.034942626953125
17.0,1.0,1.0,0.0069026947021484375
66.0,3.0,3.0,0.02742314338684082
46.0,7.0,7.0,0.01589679718017578
73.0,14.0,14.0,0.030523300170898438
70.0,11.0,11.0,0.024193525314331055
23.0,1.0,1.0,0.008513689041137695
68.0,11.0,11.0,0.02320551872253418
182.0,29.0,29.0,0.0653848648071289
47.0,9.0,9.0,0.01636338233947754
35.0,7.0,7.0,0.012743711471557617
15.0,3.0,3.0,0.004412412643432617
56.0,7.0,7.0,0.02131485939025879
12.0,1.0,1.0,0.00532984733581543
15.0,0.0,0.0,0.005646944046020508
21.0,4.0,4.0,0.0072443485260009766
30.0,8.0,8.0,0.014489173889160156
94.0,16.0,16.0,0.0346066951751709
22.0,1.0,1.0,0.008513212203979492
57.0,9.0,9.0,0.01949787139892578
26.0,1.0,1.0,0.008646011352539062
80.0,15.0,15.0,0.027770280838012695
16.0,4.0,4.0,0.006479024887084961
91.0,13.0,13.0,0.032907962799072266
31.0,2.0,2.0,0.0098419189453125
92.0,14.0,14.0,0.031183481216430664
28.0,3.0,3.0,0.009484291076660156
16.0,0.0,0.0,0.005178213119506836
55.0,5.0,5.0,0.024262666702270508
20.0,2.0,2.0,0.00770878791809082
13.0,1.0,1.0,0.004499673843383789
28.0,6.0,6.0,0.011156320571899414
60.0,8.0,8.0,0.024076461791992188
18.0,1.0,1.0,0.006568193435668945
26.0,4.0,4.0,0.009029388427734375
55.0,4.0,4.0,0.019909143447875977
47.0,6.0,6.0,0.018003225326538086
28.0,4.0,4.0,0.012387514114379883
33.0,4.0,4.0,0.012300491333007812
104.0,18.0,18.0,0.04286646842956543
14.0,2.0,2.0,0.00466156005859375
15.0,2.0,2.0,0.0057256221771240234
14.0,2.0,2.0,0.005133390426635742
33.0,3.0,3.0,0.014375925064086914
24.0,2.0,2.0,0.010571479797363281
30.0,3.0,3.0,0.01122736930847168
53.0,8.0,8.0,0.020783424377441406
75.0,12.0,12.0,0.029248952865600586
97.0,12.0,12.0,0.039365291595458984
32.0,2.0,2.0,0.012398481369018555
32.0,4.0,4.0,0.014708518981933594
71.0,9.0,9.0,0.025621891021728516
53.0,6.0,6.0,0.024536848068237305
12.0,0.0,0.0,0.005526542663574219
43.0,3.0,3.0,0.015480995178222656
33.0,3.0,3.0,0.012537956237792969
42.0,4.0,4.0,0.020373821258544922
23.0,4.0,4.0,0.008432388305664062
29.0,2.0,2.0,0.010244369506835938
70.0,10.0,10.0,0.04407238960266113
13.0,2.0,2.0,0.0064013004302978516
21.0,3.0,3.0,0.00760960578918457
94.0,12.0,12.0,0.04181313514709473
35.0,6.0,6.0,0.014760971069335938
21.0,6.0,6.0,0.007597923278808594
79.0,17.0,17.0,0.026975631713867188
40.0,9.0,9.0,0.015305757522583008
39.0,5.0,5.0,0.018146991729736328
13.0,1.0,1.0,0.00420689582824707
23.0,1.0,1.0,0.008173942565917969
18.0,4.0,4.0,0.006673097610473633
58.0,9.0,9.0,0.02241373062133789
50.0,3.0,3.0,0.02428460121154785
37.0,3.0,3.0,0.015149831771850586
45.0,4.0,4.0,0.019653797149658203
78.0,19.0,19.0,0.02944779396057129
19.0,3.0,3.0,0.00716710090637207
28.0,7.0,7.0,0.010709524154663086
100.0,11.0,11.0,0.03462505340576172
15.0,4.0,4.0,0.005651235580444336
27.0,5.0,5.0,0.009438514709472656
28.0,1.0,1.0,0.009223461151123047
55.0,9.0,9.0,0.020035982131958008
21.0,1.0,1.0,0.006695747375488281
38.0,3.0,3.0,0.012718677520751953
17.0,0.0,0.0,0.006011247634887695
30.0,5.0,5.0,0.00995492935180664
26.0,2.0,2.0,0.010658979415893555
39.0,6.0,6.0,0.015404224395751953
141.0,30.0,30.0,0.057409048080444336
41.0,4.0,4.0,0.013717889785766602
39.0,9.0,9.0,0.013922691345214844
79.0,16.0,16.0,0.027131080627441406
80.0,10.0,10.0,0.030892610549926758
11.0,0.0,0.0,0.003718137741088867
65.0,12.0,12.0,0.023720741271972656
12.0,2.0,2.0,0.004999876022338867
19.0,5.0,5.0,0.0066089630126953125
28.0,1.0,1.0,0.010126113891601562
32.0,1.0,1.0,0.012234926223754883
13.0,1.0,1.0,0.006150007247924805
41.0,9.0,9.0,0.015405654907226562
41.0,3.0,3.0,0.017526626586914062
17.0,4.0,4.0,0.006622791290283203
24.0,2.0,2.0,0.009276151657104492
43.0,11.0,11.0,0.016240835189819336
17.0,0.0,0.0,0.00867605209350586
17.0,0.0,0.0,0.006529092788696289
28.0,6.0,6.0,0.010104179382324219
156.0,24.0,24.0,0.061322927474975586
42.0,8.0,8.0,0.01954197883605957
66.0,5.0,5.0,0.02387547492980957
40.0,2.0,2.0,0.014967203140258789
64.0,5.0,5.0,0.02509164810180664
39.0,4.0,4.0,0.01638650894165039
108.0,14.0,14.0,0.04172635078430176
101.0,6.0,6.0,0.03919410705566406
18.0,6.0,6.0,0.006835460662841797
71.0,8.0,8.0,0.030570030212402344
26.0,10.0,10.0,0.010193824768066406
29.0,3.0,3.0,0.009819269180297852
57.0,10.0,10.0,0.0207974910736084
62.0,7.0,7.0,0.02420330047607422
31.0,7.0,7.0,0.012853622436523438
25.0,6.0,6.0,0.008648157119750977
23.0,7.0,7.0,0.009972810745239258
24.0,4.0,4.0,0.011613130569458008
121.0,16.0,16.0,0.04567575454711914
47.0,7.0,7.0,0.021302223205566406
20.0,2.0,2.0,0.007460117340087891
29.0,6.0,6.0,0.011347770690917969
39.0,5.0,5.0,0.015963315963745117
32.0,4.0,4.0,0.010829687118530273
13.0,1.0,1.0,0.004509925842285156
91.0,13.0,13.0,0.03924703598022461
96.0,12.0,12.0,0.03492236137390137
13.0,1.0,1.0,0.005157947540283203
24.0,4.0,4.0,0.011229753494262695
21.0,2.0,2.0,0.007639646530151367
39.0,5.0,5.0,0.013766765594482422
36.0,8.0,8.0,0.012054681777954102
17.0,1.0,1.0,0.005151033401489258
25.0,0.0,0.0,0.008461236953735352
86.0,14.0,14.0,0.029973983764648438
74.0,8.0,8.0,0.02767491340637207
103.0,14.0,14.0,0.03732728958129883
29.0,5.0,5.0,0.009536981582641602
154.0,23.0,23.0,0.053212881088256836
14.0,1.0,1.0,0.004706144332885742
53.0,19.0,19.0,0.025788068771362305
32.0,4.0,4.0,0.013118743896484375
20.0,0.0,0.0,0.008285284042358398
19.0,3.0,3.0,0.008180379867553711
102.0,12.0,12.0,0.03927922248840332
46.0,6.0,6.0,0.02161407470703125
39.0,8.0,8.0,0.015360832214355469
29.0,3.0,3.0,0.009654760360717773
88.0,13.0,13.0,0.03256821632385254
13.0,0.0,0.0,0.005589962005615234
23.0,2.0,2.0,0.008652687072753906
19.0,0.0,0.0,0.006690025329589844
37.0,6.0,6.0,0.012673377990722656
65.0,11.0,11.0,0.02589130401611328
19.0,0.0,0.0,0.006976127624511719
12.0,1.0,1.0,0.005368232727050781
76.0,11.0,11.0,0.03002023696899414
28.0,6.0,6.0,0.010061979293823242
33.0,2.0,2.0,0.01619696617126465
47.0,9.0,9.0,0.018444061279296875
58.0,13.0,13.0,0.023969411849975586
88.0,13.0,13.0,0.03465986251831055
26.0,2.0,2.0,0.009644746780395508
12.0,0.0,0.0,0.0041315555572509766
40.0,16.0,16.0,0.014554262161254883
29.0,7.0,7.0,0.010738372802734375
19.0,3.0,3.0,0.00669550895690918
58.0,13.0,13.0,0.03363966941833496
12.0,2.0,2.0,0.006145477294921875
27.0,7.0,7.0,0.013129949569702148
16.0,1.0,1.0,0.006166219711303711
25.0,1.0,1.0,0.009284019470214844
30.0,8.0,8.0,0.013060569763183594
34.0,4.0,4.0,0.014509201049804688
13.0,2.0,2.0,0.006604909896850586
63.0,12.0,12.0,0.029218673706054688
23.0,2.0,2.0,0.009893178939819336
32.0,3.0,3.0,0.012120723724365234
13.0,1.0,1.0,0.006411314010620117
15.0,3.0,3.0,0.006850004196166992
68.0,8.0,8.0,0.02614140510559082
69.0,12.0,12.0,0.029311180114746094
41.0,3.0,3.0,0.013762712478637695
22.0,2.0,2.0,0.008524656295776367
47.0,7.0,7.0,0.01963329315185547
14.0,0.0,0.0,0.00912022590637207
17.0,0.0,0.0,0.0064504146575927734
56.0,3.0,3.0,0.018996000289916992
14.0,0.0,0.0,0.005540132522583008
31.0,7.0,7.0,0.01266336441040039
47.0,6.0,6.0,0.01839160919189453
34.0,7.0,7.0,0.012716531753540039
60.0,5.0,5.0,0.019771337509155273
14.0,3.0,3.0,0.005158901214599609
12.0,0.0,0.0,0.004246950149536133
23.0,4.0,4.0,0.0073299407958984375
28.0,3.0,3.0,0.010111570358276367
15.0,1.0,1.0,0.004937648773193359
103.0,17.0,17.0,0.03732800483703613
75.0,10.0,10.0,0.026851654052734375
119.0,15.0,15.0,0.04597139358520508
23.0,1.0,1.0,0.008243083953857422
26.0,2.0,2.0,0.012962818145751953
60.0,13.0,13.0,0.02506232261657715
124.0,18.0,18.0,0.04702925682067871
29.0,2.0,2.0,0.010928153991699219
47.0,4.0,4.0,0.017257213592529297
24.0,0.0,0.0,0.011342048645019531
22.0,4.0,4.0,0.012141227722167969
112.0,13.0,13.0,0.046379804611206055
77.0,13.0,13.0,0.03342008590698242
28.0,6.0,6.0,0.011857032775878906
20.0,9.0,9.0,0.009312629699707031
21.0,4.0,4.0,0.008640527725219727
70.0,8.0,8.0,0.027052640914916992
38.0,11.0,11.0,0.015505552291870117
73.0,9.0,9.0,0.028212547302246094
44.0,2.0,2.0,0.02003622055053711
40.0,4.0,4.0,0.01664590835571289
11.0,1.0,1.0,0.004719972610473633
21.0,2.0,2.0,0.006695985794067383
28.0,4.0,4.0,0.010009050369262695
23.0,0.0,0.0,0.00891256332397461
25.0,6.0,6.0,0.010107755661010742
38.0,10.0,10.0,0.012997150421142578
46.0,4.0,4.0,0.01788926124572754
75.0,12.0,12.0,0.028974294662475586
47.0,8.0,8.0,0.015419244766235352
21.0,0.0,0.0,0.008240699768066406
13.0,2.0,2.0,0.0050051212310791016
23.0,6.0,6.0,0.008356332778930664
68.0,11.0,11.0,0.024231433868408203
72.0,12.0,12.0,0.02959895133972168
89.0,15.0,15.0,0.03648734092712402
19.0,4.0,4.0,0.007596492767333984
19.0,1.0,1.0,0.007637977600097656
28.0,2.0,2.0,0.010716676712036133
14.0,0.0,0.0,0.0063664913177490234
148.0,20.0,20.0,0.05951833724975586
34.0,3.0,3.0,0.011567115783691406
22.0,5.0,5.0,0.008708000183105469
41.0,8.0,8.0,0.015789508819580078
25.0,2.0,2.0,0.009185552597045898
19.0,0.0,0.0,0.007459878921508789
45.0,4.0,4.0,0.015295982360839844
25.0,3.0,3.0,0.009839296340942383
24.0,3.0,3.0,0.008825540542602539
21.0,4.0,4.0,0.00855398178100586
34.0,16.0,16.0,0.013113737106323242
42.0,10.0,10.0,0.014834403991699219
81.0,4.0,4.0,0.030078887939453125
21.0,2.0,2.0,0.007035970687866211
21.0,4.0,4.0,0.008162260055541992
20.0,3.0,3.0,0.006663799285888672
27.0,1.0,1.0,0.008992671966552734
17.0,1.0,1.0,0.007952213287353516
259.0,37.0,37.0,0.10593843460083008
30.0,5.0,5.0,0.011678695678710938
64.0,8.0,8.0,0.024579763412475586
48.0,10.0,10.0,0.016474246978759766
43.0,3.0,3.0,0.014947652816772461
21.0,6.0,6.0,0.011619329452514648
21.0,6.0,6.0,0.009194612503051758
20.0,6.0,6.0,0.007004976272583008
73.0,8.0,8.0,0.030937671661376953
38.0,3.0,3.0,0.013338327407836914
45.0,6.0,6.0,0.017074108123779297
14.0,1.0,1.0,0.005287647247314453
36.0,8.0,8.0,0.014239072799682617
16.0,1.0,1.0,0.005099773406982422
45.0,6.0,6.0,0.015779733657836914
50.0,7.0,7.0,0.021795988082885742
51.0,4.0,4.0,0.021748781204223633
11.0,0.0,0.0,0.004132747650146484
20.0,2.0,2.0,0.0076446533203125
16.0,2.0,2.0,0.0061533451080322266
27.0,3.0,3.0,0.00942087173461914
94.0,10.0,10.0,0.03219318389892578
15.0,1.0,1.0,0.005973100662231445
31.0,4.0,4.0,0.0106658935546875
30.0,0.0,0.0,0.011749505996704102
116.0,6.0,6.0,0.042351722717285156
17.0,1.0,1.0,0.007513284683227539
96.0,20.0,20.0,0.03711080551147461
65.0,5.0,5.0,0.02444005012512207
42.0,2.0,2.0,0.017580032348632812
67.0,5.0,5.0,0.02566242218017578
54.0,12.0,12.0,0.023699283599853516
20.0,4.0,4.0,0.009454727172851562
54.0,10.0,10.0,0.02490997314453125
26.0,1.0,1.0,0.01214599609375
44.0,11.0,11.0,0.020348310470581055
38.0,17.0,17.0,0.01494288444519043
47.0,9.0,9.0,0.016967296600341797
28.0,2.0,2.0,0.009724855422973633
20.0,4.0,4.0,0.008492231369018555
17.0,6.0,6.0,0.005695343017578125
95.0,10.0,10.0,0.04387807846069336
15.0,5.0,5.0,0.0050275325775146484
112.0,25.0,25.0,0.040350914001464844
26.0,1.0,1.0,0.011196613311767578
90.0,14.0,14.0,0.034829139709472656
17.0,1.0,1.0,0.006218910217285156
41.0,9.0,9.0,0.016434431076049805
68.0,10.0,10.0,0.02423262596130371
32.0,7.0,7.0,0.01030874252319336
67.0,7.0,7.0,0.02453446388244629
13.0,1.0,1.0,0.005594730377197266
101.0,16.0,16.0,0.04076838493347168
180.0,21.0,21.0,0.06696939468383789
53.0,12.0,12.0,0.022662639617919922
20.0,0.0,0.0,0.009479761123657227
13.0,2.0,2.0,0.005846977233886719
47.0,6.0,6.0,0.017329692840576172
67.0,21.0,21.0,0.024882793426513672
63.0,9.0,9.0,0.024250507354736328
52.0,4.0,4.0,0.019454479217529297
33.0,8.0,8.0,0.014972448348999023
18.0,1.0,1.0,0.007624626159667969
103.0,14.0,14.0,0.03827667236328125
66.0,11.0,11.0,0.022667646408081055
97.0,28.0,28.0,0.036141157150268555
38.0,9.0,9.0,0.014091253280639648
88.0,15.0,15.0,0.035294532775878906
14.0,1.0,1.0,0.005010128021240234
12.0,0.0,0.0,0.00411224365234375
22.0,4.0,4.0,0.007166147232055664
12.0,1.0,1.0,0.006124019622802734
30.0,4.0,4.0,0.010910511016845703
36.0,8.0,8.0,0.013207435607910156
40.0,7.0,7.0,0.014690637588500977
40.0,4.0,4.0,0.01604628562927246
14.0,0.0,0.0,0.005095243453979492
13.0,0.0,0.0,0.00500178337097168
47.0,11.0,11.0,0.01696467399597168
92.0,17.0,17.0,0.03267550468444824
20.0,5.0,5.0,0.006508350372314453
21.0,2.0,2.0,0.0067288875579833984
28.0,1.0,1.0,0.011036157608032227
72.0,7.0,7.0,0.02684950828552246
13.0,0.0,0.0,0.005080461502075195
79.0,8.0,8.0,0.027994632720947266
51.0,6.0,6.0,0.019446849822998047
19.0,3.0,3.0,0.006661176681518555
113.0,19.0,19.0,0.03990435600280762
23.0,2.0,2.0,0.0076215267181396484
26.0,7.0,7.0,0.009026527404785156
38.0,10.0,10.0,0.014045000076293945
28.0,0.0,0.0,0.011685609817504883
44.0,8.0,8.0,0.015354633331298828
13.0,0.0,0.0,0.00500178337097168
100.0,9.0,9.0,0.03593635559082031
59.0,3.0,3.0,0.024099111557006836
17.0,5.0,5.0,0.0077381134033203125
48.0,5.0,5.0,0.017660856246948242
25.0,5.0,5.0,0.00908041000366211
48.0,6.0,6.0,0.018332242965698242
43.0,6.0,6.0,0.014541149139404297
49.0,9.0,9.0,0.020523786544799805
39.0,8.0,8.0,0.012812614440917969
24.0,2.0,2.0,0.009298324584960938
39.0,7.0,7.0,0.014770984649658203
53.0,9.0,9.0,0.01919245719909668
82.0,7.0,7.0,0.02976846694946289
51.0,2.0,2.0,0.022188186645507812
16.0,4.0,4.0,0.0050275325775146484
41.0,6.0,6.0,0.014109134674072266
13.0,1.0,1.0,0.004343986511230469
30.0,2.0,2.0,0.010635137557983398
65.0,7.0,7.0,0.02307415008544922
67.0,10.0,10.0,0.028583288192749023
92.0,7.0,7.0,0.03650021553039551
91.0,14.0,14.0,0.03348803520202637
47.0,1.0,1.0,0.01687145233154297
55.0,5.0,5.0,0.019665956497192383
27.0,8.0,8.0,0.014741659164428711
19.0,3.0,3.0,0.006919384002685547
25.0,7.0,7.0,0.009839773178100586
59.0,6.0,6.0,0.023487567901611328
31.0,2.0,2.0,0.011809587478637695
26.0,8.0,8.0,0.008863449096679688
21.0,3.0,3.0,0.008339166641235352
48.0,7.0,7.0,0.018248796463012695
51.0,8.0,8.0,0.02035355567932129
25.0,1.0,1.0,0.010170459747314453
50.0,10.0,10.0,0.021168231964111328
61.0,14.0,14.0,0.02809596061706543
37.0,8.0,8.0,0.016825437545776367
21.0,4.0,4.0,0.007535457611083984
15.0,4.0,4.0,0.005608558654785156
27.0,1.0,1.0,0.009628772735595703
15.0,0.0,0.0,0.005777597427368164
29.0,4.0,4.0,0.012002706527709961
20.0,2.0,2.0,0.007148265838623047
18.0,0.0,0.0,0.005555152893066406
183.0,21.0,21.0,0.06472444534301758
93.0,18.0,18.0,0.037283897399902344
21.0,0.0,0.0,0.007162570953369141
57.0,7.0,7.0,0.021695852279663086
19.0,1.0,1.0,0.00767827033996582
33.0,3.0,3.0,0.011745929718017578
28.0,3.0,3.0,0.011394500732421875
66.0,2.0,2.0,0.023430824279785156
66.0,6.0,6.0,0.026746034622192383
37.0,6.0,6.0,0.024585962295532227
59.0,15.0,15.0,0.032178640365600586
17.0,1.0,1.0,0.008154153823852539
49.0,7.0,7.0,0.022674083709716797
18.0,1.0,1.0,0.009456872940063477
24.0,2.0,2.0,0.009680986404418945
19.0,2.0,2.0,0.007324695587158203
16.0,2.0,2.0,0.0051996707916259766
12.0,1.0,1.0,0.006374835968017578
24.0,3.0,3.0,0.008678674697875977
46.0,5.0,5.0,0.015982866287231445
24.0,5.0,5.0,0.00789189338684082
38.0,7.0,7.0,0.014604330062866211
16.0,1.0,1.0,0.005724668502807617
43.0,5.0,5.0,0.01733088493347168
100.0,15.0,15.0,0.03531193733215332
32.0,10.0,10.0,0.01174783706665039
30.0,4.0,4.0,0.010197639465332031
21.0,2.0,2.0,0.0075283050537109375
20.0,2.0,2.0,0.00822758674621582
46.0,6.0,6.0,0.019281864166259766
54.0,11.0,11.0,0.02396368980407715
13.0,0.0,0.0,0.0062847137451171875
63.0,9.0,9.0,0.027902841567993164
52.0,7.0,7.0,0.021775245666503906
152.0,11.0,11.0,0.06256222724914551
24.0,0.0,0.0,0.008644342422485352
13.0,0.0,0.0,0.005007743835449219
18.0,1.0,1.0,0.006302595138549805
14.0,1.0,1.0,0.004803657531738281
14.0,2.0,2.0,0.004974365234375
35.0,5.0,5.0,0.013440370559692383
28.0,4.0,4.0,0.010222911834716797
30.0,6.0,6.0,0.012814998626708984
29.0,2.0,2.0,0.01093149185180664
16.0,0.0,0.0,0.006140470504760742
23.0,3.0,3.0,0.010280132293701172
39.0,1.0,1.0,0.014564752578735352
15.0,4.0,4.0,0.005513429641723633
50.0,6.0,6.0,0.01669597625732422
32.0,6.0,6.0,0.013278007507324219
23.0,4.0,4.0,0.007360696792602539
27.0,4.0,4.0,0.009541749954223633
18.0,4.0,4.0,0.006779193878173828
64.0,10.0,10.0,0.022478342056274414
15.0,3.0,3.0,0.008118152618408203
92.0,11.0,11.0,0.03239274024963379
22.0,1.0,1.0,0.007641792297363281
21.0,4.0,4.0,0.00868082046508789
51.0,3.0,3.0,0.018375158309936523
17.0,1.0,1.0,0.005672931671142578
59.0,15.0,15.0,0.02409076690673828
49.0,16.0,16.0,0.021786928176879883
26.0,2.0,2.0,0.011989593505859375
13.0,1.0,1.0,0.006995439529418945
49.0,6.0,6.0,0.01999378204345703
105.0,6.0,6.0,0.04290628433227539
16.0,1.0,1.0,0.007009267807006836
27.0,3.0,3.0,0.01111149787902832
72.0,23.0,23.0,0.029038190841674805
59.0,12.0,12.0,0.022328615188598633
88.0,16.0,16.0,0.033789873123168945
37.0,9.0,9.0,0.015221118927001953
15.0,1.0,1.0,0.008144378662109375
17.0,3.0,3.0,0.006844758987426758
41.0,4.0,4.0,0.017733335494995117
28.0,1.0,1.0,0.01166677474975586
97.0,16.0,16.0,0.039565086364746094
33.0,3.0,3.0,0.013694047927856445
56.0,6.0,6.0,0.02572345733642578
26.0,7.0,7.0,0.009851217269897461
77.0,11.0,11.0,0.03270578384399414
148.0,24.0,24.0,0.06012225151062012
18.0,7.0,7.0,0.007162809371948242
19.0,2.0,2.0,0.010425090789794922
117.0,13.0,13.0,0.04771304130554199
139.0,22.0,22.0,0.0593876838684082
42.0,10.0,10.0,0.01774001121520996
46.0,8.0,8.0,0.0183866024017334
18.0,4.0,4.0,0.008083820343017578
44.0,2.0,2.0,0.017477035522460938
27.0,0.0,0.0,0.01012730598449707
32.0,2.0,2.0,0.018776655197143555
19.0,6.0,6.0,0.007918834686279297
19.0,2.0,2.0,0.006859540939331055
30.0,4.0,4.0,0.012492179870605469
52.0,3.0,3.0,0.022140026092529297
20.0,2.0,2.0,0.007078409194946289
29.0,2.0,2.0,0.011008977890014648
50.0,3.0,3.0,0.02164912223815918
12.0,0.0,0.0,0.006011009216308594
28.0,5.0,5.0,0.010622024536132812
70.0,12.0,12.0,0.024343252182006836
29.0,9.0,9.0,0.009670257568359375
39.0,8.0,8.0,0.012918710708618164
33.0,4.0,4.0,0.010639190673828125
12.0,1.0,1.0,0.004750490188598633
36.0,1.0,1.0,0.012383222579956055
52.0,5.0,5.0,0.02069854736328125
41.0,5.0,5.0,0.013905763626098633
72.0,6.0,6.0,0.02594590187072754
121.0,22.0,22.0,0.04792499542236328
48.0,5.0,5.0,0.02454519271850586
31.0,6.0,6.0,0.011507034301757812
20.0,4.0,4.0,0.00841069221496582
17.0,3.0,3.0,0.0062291622161865234
52.0,10.0,10.0,0.018578290939331055
34.0,1.0,1.0,0.012465476989746094
41.0,1.0,1.0,0.01637101173400879
120.0,17.0,17.0,0.04816293716430664
62.0,15.0,15.0,0.023780345916748047
16.0,2.0,2.0,0.005105257034301758
33.0,6.0,6.0,0.011399507522583008
17.0,1.0,1.0,0.005997657775878906
39.0,2.0,2.0,0.013878583908081055
43.0,9.0,9.0,0.015527486801147461
117.0,17.0,17.0,0.04774022102355957
62.0,9.0,9.0,0.0231935977935791
21.0,4.0,4.0,0.006620883941650391
15.0,2.0,2.0,0.006181478500366211
66.0,15.0,15.0,0.039849281311035156
33.0,2.0,2.0,0.012691020965576172
11.0,0.0,0.0,0.0055389404296875
37.0,3.0,3.0,0.015995264053344727
58.0,10.0,10.0,0.02279496192932129
131.0,14.0,14.0,0.04957842826843262
57.0,10.0,10.0,0.023228883743286133
13.0,0.0,0.0,0.0053288936614990234
56.0,6.0,6.0,0.021404027938842773
18.0,2.0,2.0,0.00769495964050293
43.0,14.0,14.0,0.0168759822845459
11.0,0.0,0.0,0.0038192272186279297
17.0,1.0,1.0,0.007164955139160156
35.0,6.0,6.0,0.012353181838989258
28.0,4.0,4.0,0.011129140853881836
18.0,0.0,0.0,0.006605863571166992
38.0,4.0,4.0,0.014173507690429688
32.0,3.0,3.0,0.013292551040649414
26.0,4.0,4.0,0.009757280349731445
12.0,0.0,0.0,0.004195213317871094
87.0,17.0,17.0,0.0323331356048584
18.0,2.0,2.0,0.007648468017578125
31.0,5.0,5.0,0.014688968658447266
24.0,3.0,3.0,0.012229681015014648
73.0,9.0,9.0,0.02599811553955078
16.0,0.0,0.0,0.006159543991088867
30.0,4.0,4.0,0.010486602783203125
24.0,2.0,2.0,0.008377313613891602
12.0,1.0,1.0,0.005105733871459961
26.0,5.0,5.0,0.008397579193115234
37.0,5.0,5.0,0.013946294784545898
20.0,0.0,0.0,0.006547212600708008
42.0,6.0,6.0,0.018879413604736328
21.0,3.0,3.0,0.008269548416137695
17.0,4.0,4.0,0.006628274917602539
30.0,3.0,3.0,0.010761260986328125
15.0,0.0,0.0,0.00748133659362793
56.0,6.0,6.0,0.020181655883789062
13.0,0.0,0.0,0.0046236515045166016
19.0,2.0,2.0,0.007120609283447266
21.0,3.0,3.0,0.007685422897338867
60.0,15.0,15.0,0.02507472038269043
16.0,1.0,1.0,0.006211757659912109
31.0,4.0,4.0,0.011610984802246094
53.0,11.0,11.0,0.018961429595947266
15.0,0.0,0.0,0.0059244632720947266
14.0,1.0,1.0,0.008159875869750977
17.0,1.0,1.0,0.00629734992980957
14.0,3.0,3.0,0.0063550472259521484
24.0,0.0,0.0,0.008230447769165039
48.0,3.0,3.0,0.020106077194213867
26.0,2.0,2.0,0.01217031478881836
38.0,4.0,4.0,0.014755964279174805
77.0,12.0,12.0,0.027311086654663086
24.0,4.0,4.0,0.008930444717407227
27.0,2.0,2.0,0.010142087936401367
79.0,12.0,12.0,0.033727407455444336
48.0,3.0,3.0,0.021666765213012695
14.0,1.0,1.0,0.005750417709350586
14.0,1.0,1.0,0.006734609603881836
14.0,0.0,0.0,0.005269289016723633
97.0,9.0,9.0,0.033006906509399414
39.0,5.0,5.0,0.013822317123413086
46.0,11.0,11.0,0.01526784896850586
88.0,16.0,16.0,0.035047292709350586
15.0,2.0,2.0,0.0049555301666259766
55.0,7.0,7.0,0.026263952255249023
30.0,6.0,6.0,0.013086318969726562
64.0,12.0,12.0,0.02328205108642578
17.0,1.0,1.0,0.0076444149017333984
37.0,4.0,4.0,0.018151521682739258
24.0,0.0,0.0,0.009004831314086914
55.0,6.0,6.0,0.020546913146972656
17.0,0.0,0.0,0.0076220035552978516
71.0,14.0,14.0,0.026508808135986328
64.0,11.0,11.0,0.024596691131591797
74.0,14.0,14.0,0.03244328498840332
21.0,5.0,5.0,0.008099079132080078
76.0,9.0,9.0,0.02686786651611328
67.0,5.0,5.0,0.023926734924316406
16.0,4.0,4.0,0.005682945251464844
40.0,2.0,2.0,0.013231039047241211
23.0,1.0,1.0,0.009245872497558594
31.0,11.0,11.0,0.012829780578613281
158.0,27.0,27.0,0.05967426300048828
26.0,1.0,1.0,0.008323192596435547
66.0,10.0,10.0,0.025091171264648438
27.0,7.0,7.0,0.013155698776245117
29.0,5.0,5.0,0.012398242950439453
12.0,2.0,2.0,0.0039980411529541016
17.0,1.0,1.0,0.008052349090576172
28.0,3.0,3.0,0.01280355453491211
14.0,1.0,1.0,0.004522562026977539
182.0,17.0,17.0,0.07295846939086914
33.0,7.0,7.0,0.012304544448852539
73.0,16.0,16.0,0.025232553482055664
43.0,6.0,6.0,0.0159451961517334
32.0,7.0,7.0,0.011841058731079102
50.0,6.0,6.0,0.019147157669067383
41.0,1.0,1.0,0.017986774444580078
42.0,3.0,3.0,0.017221689224243164
66.0,4.0,4.0,0.02292466163635254
44.0,6.0,6.0,0.01856374740600586
23.0,8.0,8.0,0.008692502975463867
17.0,1.0,1.0,0.007841110229492188
38.0,4.0,4.0,0.01406240463256836
48.0,3.0,3.0,0.021660327911376953
127.0,24.0,24.0,0.046590328216552734
70.0,10.0,10.0,0.026311397552490234
17.0,6.0,6.0,0.007148265838623047
36.0,3.0,3.0,0.014912128448486328
33.0,4.0,4.0,0.015475273132324219
39.0,5.0,5.0,0.014125823974609375
36.0,8.0,8.0,0.01373600959777832
18.0,0.0,0.0,0.006747722625732422
11.0,0.0,0.0,0.003301858901977539
48.0,6.0,6.0,0.01846766471862793
22.0,6.0,6.0,0.009032011032104492
21.0,5.0,5.0,0.00759434700012207
55.0,5.0,5.0,0.02021169662475586
129.0,15.0,15.0,0.04779362678527832
22.0,4.0,4.0,0.0074465274810791016
11.0,1.0,1.0,0.0036666393280029297
27.0,2.0,2.0,0.009325265884399414
49.0,9.0,9.0,0.017188072204589844
39.0,3.0,3.0,0.012829065322875977
26.0,2.0,2.0,0.010655641555786133
147.0,18.0,18.0,0.05507302284240723
33.0,10.0,10.0,0.01636672019958496
101.0,10.0,10.0,0.044768333435058594
37.0,2.0,2.0,0.017304658889770508
32.0,5.0,5.0,0.012467622756958008
34.0,9.0,9.0,0.012688398361206055
65.0,11.0,11.0,0.02859663963317871
81.0,7.0,7.0,0.036683082580566406
65.0,11.0,11.0,0.02374267578125
22.0,6.0,6.0,0.00875091552734375
38.0,6.0,6.0,0.013704538345336914
23.0,3.0,3.0,0.008741617202758789
54.0,5.0,5.0,0.018172740936279297
35.0,3.0,3.0,0.011800050735473633
19.0,6.0,6.0,0.00723719596862793
38.0,5.0,5.0,0.01502847671508789
73.0,7.0,7.0,0.023883342742919922
58.0,11.0,11.0,0.02088189125061035
12.0,1.0,1.0,0.004101753234863281
20.0,2.0,2.0,0.007854700088500977
25.0,4.0,4.0,0.010595560073852539
13.0,0.0,0.0,0.004582881927490234
44.0,5.0,5.0,0.02415943145751953
63.0,6.0,6.0,0.027387142181396484
44.0,9.0,9.0,0.016161680221557617
12.0,1.0,1.0,0.00478672981262207
20.0,2.0,2.0,0.010272741317749023
36.0,10.0,10.0,0.01686835289001465
20.0,1.0,1.0,0.00925898551940918
27.0,2.0,2.0,0.0102996826171875
14.0,3.0,3.0,0.005385637283325195
36.0,8.0,8.0,0.019582509994506836
25.0,7.0,7.0,0.00950765609741211
51.0,4.0,4.0,0.019913911819458008
64.0,7.0,7.0,0.023677825927734375
65.0,5.0,5.0,0.022181272506713867
80.0,10.0,10.0,0.029155731201171875
24.0,5.0,5.0,0.010176658630371094
34.0,1.0,1.0,0.011170387268066406
61.0,13.0,13.0,0.02272510528564453
43.0,8.0,8.0,0.01818084716796875
20.0,0.0,0.0,0.007573843002319336
40.0,8.0,8.0,0.015806198120117188
18.0,2.0,2.0,0.007694721221923828
43.0,5.0,5.0,0.016831398010253906
64.0,4.0,4.0,0.022912025451660156
27.0,1.0,1.0,0.009631633758544922
16.0,4.0,4.0,0.006368160247802734
28.0,2.0,2.0,0.010577201843261719
23.0,1.0,1.0,0.011173725128173828
91.0,24.0,24.0,0.035125732421875
22.0,6.0,6.0,0.007544994354248047
15.0,3.0,3.0,0.005050182342529297
74.0,6.0,6.0,0.02732682228088379
15.0,4.0,4.0,0.006219625473022461
34.0,1.0,1.0,0.012778759002685547
89.0,11.0,11.0,0.03683662414550781
31.0,2.0,2.0,0.014543533325195312
79.0,8.0,8.0,0.03153872489929199
67.0,9.0,9.0,0.023660659790039062
92.0,6.0,6.0,0.03561878204345703
71.0,7.0,7.0,0.031391143798828125
116.0,30.0,30.0,0.04597949981689453
14.0,1.0,1.0,0.006460905075073242
22.0,4.0,4.0,0.008674144744873047
39.0,5.0,5.0,0.01973438262939453
35.0,4.0,4.0,0.017020702362060547
61.0,8.0,8.0,0.0246121883392334
21.0,2.0,2.0,0.007985830307006836
20.0,1.0,1.0,0.007173061370849609
33.0,4.0,4.0,0.012182950973510742
101.0,16.0,16.0,0.03998708724975586
43.0,6.0,6.0,0.015265464782714844
22.0,4.0,4.0,0.007980108261108398
119.0,25.0,25.0,0.048456668853759766
53.0,10.0,10.0,0.022294044494628906
34.0,6.0,6.0,0.013220548629760742
45.0,13.0,13.0,0.02193760871887207
84.0,18.0,18.0,0.03243899345397949
24.0,1.0,1.0,0.010263919830322266
31.0,4.0,4.0,0.012873649597167969
63.0,11.0,11.0,0.02881789207458496
32.0,4.0,4.0,0.015307426452636719
29.0,8.0,8.0,0.011157512664794922
35.0,0.0,0.0,0.012884140014648438
80.0,8.0,8.0,0.03075551986694336
35.0,9.0,9.0,0.013571500778198242
22.0,6.0,6.0,0.010714530944824219
65.0,18.0,18.0,0.027361154556274414
22.0,3.0,3.0,0.010946035385131836
18.0,2.0,2.0,0.006253242492675781
101.0,16.0,16.0,0.03495454788208008
56.0,24.0,24.0,0.018704891204833984
58.0,13.0,13.0,0.021213769912719727
24.0,1.0,1.0,0.008262872695922852
36.0,5.0,5.0,0.013470172882080078
20.0,3.0,3.0,0.0070002079010009766
57.0,2.0,2.0,0.021800518035888672
19.0,1.0,1.0,0.0064046382904052734
51.0,14.0,14.0,0.01988363265991211
123.0,20.0,20.0,0.050847768783569336
21.0,5.0,5.0,0.007151365280151367
15.0,0.0,0.0,0.007601737976074219
26.0,1.0,1.0,0.01052546501159668
123.0,17.0,17.0,0.04696464538574219
48.0,6.0,6.0,0.018915891647338867
13.0,2.0,2.0,0.0051534175872802734
13.0,0.0,0.0,0.005585193634033203
16.0,3.0,3.0,0.0055239200592041016
18.0,5.0,5.0,0.006992340087890625
27.0,5.0,5.0,0.008950233459472656
16.0,2.0,2.0,0.005814790725708008
28.0,1.0,1.0,0.00977945327758789
21.0,1.0,1.0,0.0072917938232421875
34.0,13.0,13.0,0.012341976165771484
44.0,7.0,7.0,0.014914274215698242
22.0,4.0,4.0,0.007189512252807617
79.0,11.0,11.0,0.031220674514770508
60.0,6.0,6.0,0.029729843139648438
43.0,6.0,6.0,0.019419431686401367
14.0,2.0,2.0,0.0054607391357421875
36.0,4.0,4.0,0.017204761505126953
32.0,8.0,8.0,0.01928544044494629
27.0,3.0,3.0,0.010343313217163086
33.0,7.0,7.0,0.014971733093261719
13.0,2.0,2.0,0.007889509201049805
91.0,16.0,16.0,0.04349493980407715
43.0,6.0,6.0,0.021989822387695312
30.0,6.0,6.0,0.016098976135253906
76.0,6.0,6.0,0.04112672805786133
51.0,5.0,5.0,0.0175321102142334
97.0,26.0,26.0,0.03802490234375
31.0,3.0,3.0,0.011786937713623047
53.0,5.0,5.0,0.01998734474182129
51.0,10.0,10.0,0.024924516677856445
39.0,11.0,11.0,0.014434337615966797
22.0,5.0,5.0,0.008695840835571289
21.0,2.0,2.0,0.008021116256713867
20.0,2.0,2.0,0.008499383926391602
12.0,0.0,0.0,0.004996538162231445
51.0,9.0,9.0,0.022905588150024414
13.0,1.0,1.0,0.004066944122314453
25.0,5.0,5.0,0.00959920883178711
29.0,2.0,2.0,0.010662317276000977
54.0,10.0,10.0,0.01986551284790039
43.0,2.0,2.0,0.023721694946289062
19.0,3.0,3.0,0.007035970687866211
50.0,3.0,3.0,0.02175283432006836
54.0,12.0,12.0,0.019097089767456055
38.0,18.0,18.0,0.013613224029541016
66.0,4.0,4.0,0.023702621459960938
22.0,4.0,4.0,0.00714564323425293
39.0,5.0,5.0,0.013522148132324219
54.0,13.0,13.0,0.01948380470275879
42.0,6.0,6.0,0.01984238624572754
25.0,4.0,4.0,0.008131027221679688
13.0,0.0,0.0,0.004772663116455078
30.0,0.0,0.0,0.010419845581054688
48.0,6.0,6.0,0.01798725128173828
74.0,13.0,13.0,0.027184724807739258
29.0,4.0,4.0,0.010272979736328125
12.0,1.0,1.0,0.004061460494995117
15.0,0.0,0.0,0.007662296295166016
23.0,4.0,4.0,0.00994563102722168
13.0,2.0,2.0,0.006003141403198242
20.0,4.0,4.0,0.007157325744628906
60.0,5.0,5.0,0.021029949188232422
35.0,8.0,8.0,0.016423702239990234
29.0,4.0,4.0,0.01386880874633789
21.0,1.0,1.0,0.007318735122680664
13.0,0.0,0.0,0.004633665084838867
83.0,13.0,13.0,0.03408980369567871
44.0,4.0,4.0,0.017197132110595703
20.0,0.0,0.0,0.006877899169921875
20.0,3.0,3.0,0.007371187210083008
76.0,7.0,7.0,0.03570985794067383
19.0,0.0,0.0,0.008083820343017578
13.0,0.0,0.0,0.009445428848266602
47.0,3.0,3.0,0.0216522216796875
29.0,0.0,0.0,0.013379096984863281
45.0,0.0,0.0,0.018123865127563477
13.0,1.0,1.0,0.004110574722290039
36.0,6.0,6.0,0.02151632308959961
13.0,0.0,0.0,0.008213043212890625
45.0,5.0,5.0,0.02646160125732422
43.0,7.0,7.0,0.019139766693115234
34.0,3.0,3.0,0.020490169525146484
37.0,4.0,4.0,0.015600442886352539
62.0,13.0,13.0,0.02977299690246582
67.0,8.0,8.0,0.029148340225219727
14.0,0.0,0.0,0.006157636642456055
38.0,3.0,3.0,0.013796329498291016
23.0,3.0,3.0,0.010277509689331055
19.0,0.0,0.0,0.006622791290283203
49.0,2.0,2.0,0.017963647842407227
38.0,2.0,2.0,0.013439178466796875
57.0,7.0,7.0,0.026015281677246094
18.0,2.0,2.0,0.00664973258972168
33.0,8.0,8.0,0.01608133316040039
67.0,8.0,8.0,0.02291703224182129
15.0,1.0,1.0,0.005136966705322266
75.0,12.0,12.0,0.028491497039794922
58.0,12.0,12.0,0.022708415985107422
77.0,7.0,7.0,0.03281521797180176
47.0,4.0,4.0,0.01887822151184082
27.0,4.0,4.0,0.010051488876342773
52.0,6.0,6.0,0.02022385597229004
17.0,1.0,1.0,0.005993843078613281
49.0,4.0,4.0,0.01929926872253418
13.0,0.0,0.0,0.007661342620849609
53.0,11.0,11.0,0.022565841674804688
15.0,2.0,2.0,0.005645036697387695
24.0,2.0,2.0,0.007657527923583984
50.0,11.0,11.0,0.017309188842773438
32.0,5.0,5.0,0.011156320571899414
53.0,11.0,11.0,0.018997669219970703
25.0,2.0,2.0,0.008430242538452148
74.0,8.0,8.0,0.02662205696105957
49.0,2.0,2.0,0.016872882843017578
43.0,7.0,7.0,0.014746427536010742
24.0,8.0,8.0,0.009157896041870117
29.0,0.0,0.0,0.010650396347045898
79.0,14.0,14.0,0.030635833740234375
12.0,0.0,0.0,0.00452876091003418
84.0,11.0,11.0,0.03554129600524902
18.0,5.0,5.0,0.0064356327056884766
17.0,3.0,3.0,0.005006313323974609
47.0,3.0,3.0,0.015667438507080078
29.0,2.0,2.0,0.010135650634765625
67.0,9.0,9.0,0.02237677574157715
24.0,2.0,2.0,0.00802159309387207
64.0,7.0,7.0,0.022597551345825195
15.0,3.0,3.0,0.005000114440917969
81.0,8.0,8.0,0.02779531478881836
25.0,1.0,1.0,0.009457111358642578
68.0,0.0,0.0,0.02242732048034668
23.0,3.0,3.0,0.008405447006225586
65.0,11.0,11.0,0.023296594619750977
13.0,1.0,1.0,0.00570988655090332
51.0,7.0,7.0,0.017961978912353516
31.0,6.0,6.0,0.010610580444335938
23.0,2.0,2.0,0.007829904556274414
73.0,12.0,12.0,0.025931835174560547
107.0,18.0,18.0,0.06212186813354492
29.0,3.0,3.0,0.012030601501464844
36.0,3.0,3.0,0.013779163360595703
44.0,3.0,3.0,0.017407655715942383
42.0,3.0,3.0,0.014950990676879883
20.0,2.0,2.0,0.008207559585571289
19.0,2.0,2.0,0.007702350616455078
22.0,2.0,2.0,0.013410329818725586
20.0,3.0,3.0,0.00908517837524414
28.0,2.0,2.0,0.01010274887084961
36.0,9.0,9.0,0.017688512802124023
68.0,9.0,9.0,0.027048110961914062
19.0,1.0,1.0,0.006955385208129883
59.0,7.0,7.0,0.021282434463500977
68.0,6.0,6.0,0.02924370765686035
31.0,5.0,5.0,0.010284662246704102
30.0,2.0,2.0,0.011904001235961914
18.0,0.0,0.0,0.0067064762115478516
24.0,3.0,3.0,0.008234739303588867
43.0,5.0,5.0,0.01496434211730957
21.0,8.0,8.0,0.006739139556884766
39.0,4.0,4.0,0.013174295425415039
26.0,2.0,2.0,0.009450674057006836
17.0,1.0,1.0,0.0074634552001953125
116.0,15.0,15.0,0.041869163513183594
41.0,6.0,6.0,0.017290592193603516
24.0,2.0,2.0,0.007645606994628906
51.0,10.0,10.0,0.017861366271972656
14.0,0.0,0.0,0.006179094314575195
