Timesteps,Collisions,Steps Waited,Real-Time Elapsed
151.0,37.0,37.0,0.1650998592376709
55.0,20.0,20.0,0.04181551933288574
17.0,6.0,6.0,0.016127824783325195
51.0,10.0,10.0,0.04080057144165039
25.0,9.0,9.0,0.03377723693847656
28.0,12.0,12.0,0.030503511428833008
62.0,23.0,23.0,0.052315473556518555
44.0,12.0,12.0,0.042760610580444336
107.0,32.0,32.0,0.12350344657897949
24.0,9.0,9.0,0.0214993953704834
151.0,29.0,29.0,0.18868112564086914
67.0,25.0,25.0,0.0898585319519043
51.0,14.0,14.0,0.07310748100280762
26.0,9.0,9.0,0.0355992317199707
58.0,29.0,29.0,0.08419632911682129
71.0,16.0,16.0,0.0734853744506836
40.0,11.0,11.0,0.043588876724243164
65.0,35.0,35.0,0.09124565124511719
24.0,11.0,11.0,0.041954755783081055
69.0,22.0,22.0,0.07365584373474121
29.0,3.0,3.0,0.028661251068115234
29.0,10.0,10.0,0.030081748962402344
151.0,35.0,35.0,0.15120172500610352
17.0,5.0,5.0,0.015348196029663086
16.0,2.0,2.0,0.01809382438659668
25.0,11.0,11.0,0.02673935890197754
19.0,8.0,8.0,0.02001190185546875
82.0,24.0,24.0,0.07697319984436035
39.0,15.0,15.0,0.03989887237548828
41.0,18.0,18.0,0.04419255256652832
25.0,11.0,11.0,0.032556772232055664
64.0,19.0,19.0,0.08524227142333984
105.0,24.0,24.0,0.10298776626586914
32.0,21.0,21.0,0.026070594787597656
45.0,11.0,11.0,0.03611159324645996
60.0,24.0,24.0,0.0559689998626709
30.0,17.0,17.0,0.024908781051635742
21.0,8.0,8.0,0.01971125602722168
62.0,15.0,15.0,0.04303574562072754
35.0,11.0,11.0,0.0309450626373291
25.0,11.0,11.0,0.02008533477783203
95.0,16.0,16.0,0.0897212028503418
27.0,6.0,6.0,0.02790522575378418
26.0,5.0,5.0,0.02552628517150879
31.0,13.0,13.0,0.0338282585144043
58.0,14.0,14.0,0.05800151824951172
37.0,14.0,14.0,0.03190112113952637
67.0,26.0,26.0,0.0675821304321289
29.0,10.0,10.0,0.037500619888305664
43.0,8.0,8.0,0.04104018211364746
26.0,5.0,5.0,0.023837566375732422
20.0,10.0,10.0,0.016849994659423828
60.0,18.0,18.0,0.05345654487609863
47.0,15.0,15.0,0.039466142654418945
38.0,12.0,12.0,0.034087181091308594
23.0,9.0,9.0,0.024151086807250977
39.0,13.0,13.0,0.04068779945373535
60.0,24.0,24.0,0.06437945365905762
25.0,11.0,11.0,0.023580074310302734
35.0,13.0,13.0,0.03128218650817871
66.0,26.0,26.0,0.06158304214477539
42.0,19.0,19.0,0.03993964195251465
25.0,5.0,5.0,0.024371862411499023
90.0,16.0,16.0,0.07976603507995605
102.0,23.0,23.0,0.09720993041992188
67.0,19.0,19.0,0.07291007041931152
73.0,13.0,13.0,0.06875848770141602
29.0,10.0,10.0,0.024691343307495117
40.0,23.0,23.0,0.0326077938079834
47.0,10.0,10.0,0.045569658279418945
23.0,4.0,4.0,0.018898487091064453
25.0,8.0,8.0,0.021330595016479492
18.0,5.0,5.0,0.015152692794799805
24.0,10.0,10.0,0.020758390426635742
131.0,43.0,43.0,0.11071610450744629
36.0,10.0,10.0,0.032477617263793945
30.0,7.0,7.0,0.02086663246154785
34.0,18.0,18.0,0.0359654426574707
51.0,20.0,20.0,0.056069135665893555
112.0,24.0,24.0,0.10953760147094727
144.0,30.0,30.0,0.1495974063873291
30.0,6.0,6.0,0.028559446334838867
56.0,21.0,21.0,0.05337643623352051
51.0,19.0,19.0,0.04571223258972168
83.0,18.0,18.0,0.06275463104248047
47.0,14.0,14.0,0.04018878936767578
45.0,17.0,17.0,0.03563642501831055
72.0,22.0,22.0,0.055825233459472656
23.0,11.0,11.0,0.0238492488861084
35.0,13.0,13.0,0.03418231010437012
96.0,23.0,23.0,0.08989500999450684
85.0,31.0,31.0,0.07598733901977539
60.0,14.0,14.0,0.06026864051818848
21.0,4.0,4.0,0.018390178680419922
56.0,13.0,13.0,0.04325127601623535
37.0,11.0,11.0,0.04283261299133301
26.0,15.0,15.0,0.024565458297729492
138.0,47.0,47.0,0.11904025077819824
23.0,8.0,8.0,0.02276015281677246
13.0,2.0,2.0,0.010127067565917969
31.0,12.0,12.0,0.021125316619873047
32.0,13.0,13.0,0.027542591094970703
49.0,18.0,18.0,0.03977203369140625
46.0,15.0,15.0,0.043746232986450195
47.0,15.0,15.0,0.03715872764587402
145.0,38.0,38.0,0.12655854225158691
61.0,12.0,12.0,0.06020951271057129
24.0,10.0,10.0,0.02532505989074707
23.0,6.0,6.0,0.0171966552734375
42.0,11.0,11.0,0.036170244216918945
91.0,28.0,28.0,0.09589695930480957
92.0,35.0,35.0,0.09106755256652832
43.0,16.0,16.0,0.03305411338806152
40.0,8.0,8.0,0.03762364387512207
104.0,33.0,33.0,0.08048057556152344
51.0,17.0,17.0,0.040705204010009766
23.0,5.0,5.0,0.013885974884033203
44.0,12.0,12.0,0.04414629936218262
47.0,20.0,20.0,0.04392123222351074
56.0,28.0,28.0,0.056115150451660156
33.0,16.0,16.0,0.03098773956298828
76.0,26.0,26.0,0.07796788215637207
23.0,10.0,10.0,0.022063255310058594
32.0,9.0,9.0,0.0387272834777832
29.0,9.0,9.0,0.029157400131225586
24.0,10.0,10.0,0.026488780975341797
33.0,15.0,15.0,0.02901911735534668
25.0,6.0,6.0,0.0229034423828125
35.0,10.0,10.0,0.028565406799316406
27.0,14.0,14.0,0.018265962600708008
47.0,20.0,20.0,0.031366825103759766
78.0,17.0,17.0,0.06896185874938965
45.0,18.0,18.0,0.040450334548950195
19.0,6.0,6.0,0.022369861602783203
33.0,3.0,3.0,0.03403043746948242
30.0,9.0,9.0,0.028952836990356445
45.0,14.0,14.0,0.04154491424560547
41.0,14.0,14.0,0.03378915786743164
21.0,5.0,5.0,0.020905494689941406
39.0,12.0,12.0,0.03183579444885254
122.0,23.0,23.0,0.10949492454528809
53.0,15.0,15.0,0.04864025115966797
136.0,29.0,29.0,0.11096549034118652
47.0,8.0,8.0,0.034998416900634766
42.0,9.0,9.0,0.0396428108215332
52.0,16.0,16.0,0.035488128662109375
27.0,10.0,10.0,0.016843795776367188
31.0,18.0,18.0,0.023471355438232422
24.0,12.0,12.0,0.020986557006835938
54.0,13.0,13.0,0.03675651550292969
54.0,18.0,18.0,0.04382443428039551
60.0,14.0,14.0,0.042746782302856445
41.0,13.0,13.0,0.026181936264038086
46.0,13.0,13.0,0.04078197479248047
41.0,7.0,7.0,0.031688690185546875
82.0,24.0,24.0,0.06561708450317383
80.0,13.0,13.0,0.059897661209106445
29.0,18.0,18.0,0.02576732635498047
94.0,24.0,24.0,0.06980586051940918
72.0,26.0,26.0,0.058194875717163086
38.0,13.0,13.0,0.0215451717376709
46.0,18.0,18.0,0.03385162353515625
72.0,9.0,9.0,0.06118416786193848
13.0,2.0,2.0,0.012528657913208008
93.0,36.0,36.0,0.07598018646240234
70.0,33.0,33.0,0.06167173385620117
16.0,5.0,5.0,0.011661291122436523
128.0,41.0,41.0,0.10122966766357422
48.0,20.0,20.0,0.03903031349182129
26.0,10.0,10.0,0.02808833122253418
30.0,10.0,10.0,0.026765108108520508
29.0,9.0,9.0,0.026689767837524414
27.0,11.0,11.0,0.03230452537536621
72.0,30.0,30.0,0.07374715805053711
16.0,4.0,4.0,0.013811826705932617
58.0,29.0,29.0,0.05278897285461426
17.0,4.0,4.0,0.0203859806060791
80.0,16.0,16.0,0.06952834129333496
49.0,18.0,18.0,0.04755401611328125
149.0,43.0,43.0,0.1248171329498291
57.0,25.0,25.0,0.04561352729797363
31.0,13.0,13.0,0.024985313415527344
52.0,11.0,11.0,0.038172006607055664
29.0,10.0,10.0,0.02523064613342285
58.0,15.0,15.0,0.054001569747924805
139.0,54.0,54.0,0.11659097671508789
20.0,7.0,7.0,0.019518375396728516
55.0,20.0,20.0,0.04664921760559082
19.0,7.0,7.0,0.01613140106201172
78.0,20.0,20.0,0.061899423599243164
28.0,8.0,8.0,0.02728438377380371
30.0,7.0,7.0,0.02339458465576172
21.0,10.0,10.0,0.01936626434326172
35.0,11.0,11.0,0.029709339141845703
30.0,18.0,18.0,0.025429964065551758
73.0,20.0,20.0,0.05829453468322754
24.0,10.0,10.0,0.02270984649658203
58.0,7.0,7.0,0.047637224197387695
18.0,7.0,7.0,0.021956205368041992
65.0,16.0,16.0,0.059568166732788086
32.0,13.0,13.0,0.026096105575561523
95.0,14.0,14.0,0.07351255416870117
60.0,26.0,26.0,0.04875802993774414
16.0,4.0,4.0,0.011300325393676758
94.0,29.0,29.0,0.07750391960144043
80.0,23.0,23.0,0.06452679634094238
36.0,9.0,9.0,0.029018878936767578
21.0,9.0,9.0,0.014467716217041016
33.0,22.0,22.0,0.028026342391967773
144.0,37.0,37.0,0.11914300918579102
44.0,23.0,23.0,0.04274487495422363
106.0,40.0,40.0,0.08660125732421875
30.0,7.0,7.0,0.023584365844726562
31.0,15.0,15.0,0.02821040153503418
97.0,19.0,19.0,0.08462142944335938
38.0,11.0,11.0,0.0377960205078125
28.0,7.0,7.0,0.02367258071899414
53.0,16.0,16.0,0.039637088775634766
46.0,17.0,17.0,0.04102039337158203
34.0,12.0,12.0,0.041970252990722656
40.0,11.0,11.0,0.039040327072143555
51.0,15.0,15.0,0.049398183822631836
58.0,18.0,18.0,0.059764862060546875
52.0,6.0,6.0,0.04772162437438965
21.0,7.0,7.0,0.02203679084777832
133.0,46.0,46.0,0.11729812622070312
22.0,11.0,11.0,0.0177309513092041
67.0,17.0,17.0,0.05851316452026367
57.0,20.0,20.0,0.04407930374145508
20.0,7.0,7.0,0.014780759811401367
20.0,9.0,9.0,0.01432347297668457
107.0,23.0,23.0,0.09486985206604004
55.0,14.0,14.0,0.04552865028381348
29.0,13.0,13.0,0.024057865142822266
40.0,11.0,11.0,0.03147745132446289
32.0,14.0,14.0,0.024858713150024414
179.0,31.0,31.0,0.16365718841552734
52.0,12.0,12.0,0.043346405029296875
32.0,10.0,10.0,0.025041818618774414
15.0,1.0,1.0,0.008987188339233398
38.0,13.0,13.0,0.030749082565307617
44.0,14.0,14.0,0.029644489288330078
19.0,8.0,8.0,0.015805721282958984
21.0,9.0,9.0,0.012632131576538086
24.0,7.0,7.0,0.017857789993286133
34.0,12.0,12.0,0.025755882263183594
50.0,10.0,10.0,0.03935098648071289
79.0,15.0,15.0,0.0684652328491211
66.0,13.0,13.0,0.06621170043945312
31.0,7.0,7.0,0.02620840072631836
56.0,21.0,21.0,0.05963730812072754
33.0,10.0,10.0,0.027761220932006836
68.0,20.0,20.0,0.05682659149169922
143.0,47.0,47.0,0.10495662689208984
46.0,22.0,22.0,0.03578519821166992
34.0,11.0,11.0,0.03486299514770508
80.0,21.0,21.0,0.0607149600982666
48.0,12.0,12.0,0.0422663688659668
109.0,34.0,34.0,0.10184764862060547
114.0,26.0,26.0,0.11791706085205078
20.0,5.0,5.0,0.015877246856689453
29.0,9.0,9.0,0.026197195053100586
49.0,19.0,19.0,0.04118204116821289
35.0,15.0,15.0,0.026398658752441406
155.0,58.0,58.0,0.15728759765625
25.0,12.0,12.0,0.029463768005371094
41.0,17.0,17.0,0.042571067810058594
54.0,11.0,11.0,0.048349618911743164
62.0,25.0,25.0,0.0647423267364502
38.0,14.0,14.0,0.03337430953979492
63.0,22.0,22.0,0.04937410354614258
126.0,33.0,33.0,0.1152043342590332
68.0,23.0,23.0,0.06248903274536133
118.0,26.0,26.0,0.10721325874328613
17.0,6.0,6.0,0.01458740234375
48.0,11.0,11.0,0.048685550689697266
21.0,5.0,5.0,0.018524646759033203
26.0,14.0,14.0,0.022498607635498047
77.0,30.0,30.0,0.06841516494750977
49.0,18.0,18.0,0.03997325897216797
33.0,19.0,19.0,0.021791934967041016
25.0,12.0,12.0,0.019916772842407227
59.0,28.0,28.0,0.045137882232666016
38.0,13.0,13.0,0.029268503189086914
24.0,7.0,7.0,0.01938152313232422
52.0,13.0,13.0,0.0449981689453125
83.0,14.0,14.0,0.07361602783203125
30.0,12.0,12.0,0.026635408401489258
64.0,15.0,15.0,0.0693063735961914
41.0,16.0,16.0,0.03623223304748535
40.0,12.0,12.0,0.030872821807861328
44.0,14.0,14.0,0.037465810775756836
78.0,16.0,16.0,0.07696127891540527
44.0,11.0,11.0,0.03459525108337402
25.0,8.0,8.0,0.01885533332824707
52.0,13.0,13.0,0.039014339447021484
70.0,25.0,25.0,0.06381511688232422
16.0,4.0,4.0,0.0175626277923584
53.0,16.0,16.0,0.03913617134094238
59.0,16.0,16.0,0.05474734306335449
18.0,8.0,8.0,0.016855239868164062
24.0,9.0,9.0,0.02213454246520996
20.0,8.0,8.0,0.0208284854888916
30.0,7.0,7.0,0.020748376846313477
49.0,19.0,19.0,0.03786754608154297
87.0,36.0,36.0,0.06597614288330078
22.0,10.0,10.0,0.015886783599853516
24.0,9.0,9.0,0.021522045135498047
19.0,5.0,5.0,0.017557144165039062
27.0,12.0,12.0,0.0205078125
25.0,8.0,8.0,0.02190709114074707
40.0,13.0,13.0,0.030426979064941406
74.0,25.0,25.0,0.05927586555480957
15.0,4.0,4.0,0.014489173889160156
45.0,18.0,18.0,0.04009890556335449
30.0,8.0,8.0,0.028168678283691406
55.0,25.0,25.0,0.04738044738769531
32.0,12.0,12.0,0.03402209281921387
36.0,14.0,14.0,0.0415802001953125
16.0,3.0,3.0,0.014455318450927734
58.0,22.0,22.0,0.05341768264770508
20.0,3.0,3.0,0.019201993942260742
31.0,8.0,8.0,0.027326107025146484
59.0,14.0,14.0,0.04580283164978027
46.0,10.0,10.0,0.039034366607666016
30.0,11.0,11.0,0.0247042179107666
108.0,27.0,27.0,0.07476639747619629
58.0,17.0,17.0,0.06006979942321777
83.0,20.0,20.0,0.057660818099975586
42.0,14.0,14.0,0.03214263916015625
93.0,46.0,46.0,0.07698512077331543
87.0,30.0,30.0,0.08304619789123535
44.0,23.0,23.0,0.03856515884399414
50.0,13.0,13.0,0.04565095901489258
94.0,19.0,19.0,0.07442474365234375
51.0,18.0,18.0,0.04343247413635254
61.0,19.0,19.0,0.06034541130065918
26.0,11.0,11.0,0.02530527114868164
116.0,30.0,30.0,0.09795236587524414
33.0,10.0,10.0,0.02445673942565918
44.0,18.0,18.0,0.029755830764770508
27.0,7.0,7.0,0.02306985855102539
15.0,4.0,4.0,0.013171195983886719
62.0,12.0,12.0,0.05686521530151367
26.0,6.0,6.0,0.026305198669433594
56.0,13.0,13.0,0.046788692474365234
22.0,6.0,6.0,0.022484779357910156
63.0,21.0,21.0,0.0659782886505127
23.0,6.0,6.0,0.023827314376831055
28.0,13.0,13.0,0.025799274444580078
45.0,22.0,22.0,0.04045534133911133
87.0,33.0,33.0,0.07886552810668945
21.0,7.0,7.0,0.019950151443481445
88.0,24.0,24.0,0.0692284107208252
66.0,19.0,19.0,0.05842876434326172
59.0,18.0,18.0,0.05488324165344238
21.0,6.0,6.0,0.020518779754638672
49.0,22.0,22.0,0.04390406608581543
30.0,10.0,10.0,0.024144411087036133
26.0,9.0,9.0,0.026450634002685547
21.0,10.0,10.0,0.023187637329101562
132.0,39.0,39.0,0.13210511207580566
73.0,37.0,37.0,0.06731677055358887
22.0,5.0,5.0,0.021601438522338867
44.0,8.0,8.0,0.055208683013916016
30.0,11.0,11.0,0.03381061553955078
31.0,11.0,11.0,0.03200268745422363
20.0,6.0,6.0,0.0181427001953125
47.0,23.0,23.0,0.045087575912475586
28.0,8.0,8.0,0.028510332107543945
48.0,15.0,15.0,0.04676651954650879
92.0,24.0,24.0,0.07718849182128906
24.0,10.0,10.0,0.018074750900268555
42.0,11.0,11.0,0.04980158805847168
42.0,17.0,17.0,0.03636360168457031
44.0,14.0,14.0,0.041133880615234375
179.0,34.0,34.0,0.16632890701293945
27.0,10.0,10.0,0.026732206344604492
30.0,12.0,12.0,0.02818918228149414
42.0,21.0,21.0,0.03977322578430176
57.0,19.0,19.0,0.04992175102233887
42.0,11.0,11.0,0.03616070747375488
98.0,19.0,19.0,0.08777856826782227
91.0,27.0,27.0,0.0911250114440918
59.0,23.0,23.0,0.04897046089172363
40.0,18.0,18.0,0.04376792907714844
32.0,19.0,19.0,0.04516744613647461
82.0,32.0,32.0,0.06770539283752441
36.0,8.0,8.0,0.02838444709777832
30.0,17.0,17.0,0.028252363204956055
32.0,10.0,10.0,0.028662919998168945
30.0,11.0,11.0,0.027152538299560547
44.0,20.0,20.0,0.03324627876281738
70.0,17.0,17.0,0.06107211112976074
64.0,26.0,26.0,0.0539088249206543
64.0,27.0,27.0,0.05764198303222656
26.0,5.0,5.0,0.026169538497924805
62.0,27.0,27.0,0.06078028678894043
19.0,6.0,6.0,0.01672983169555664
174.0,48.0,48.0,0.16596412658691406
23.0,12.0,12.0,0.020797014236450195
44.0,16.0,16.0,0.03453850746154785
87.0,29.0,29.0,0.08376574516296387
36.0,11.0,11.0,0.03544783592224121
27.0,8.0,8.0,0.02916407585144043
71.0,29.0,29.0,0.07153797149658203
47.0,13.0,13.0,0.05264687538146973
93.0,34.0,34.0,0.09190797805786133
50.0,15.0,15.0,0.06037640571594238
38.0,17.0,17.0,0.03557896614074707
49.0,10.0,10.0,0.05160927772521973
25.0,13.0,13.0,0.0261380672454834
46.0,16.0,16.0,0.054061174392700195
17.0,5.0,5.0,0.01665806770324707
32.0,9.0,9.0,0.03285646438598633
29.0,10.0,10.0,0.029473066329956055
22.0,4.0,4.0,0.020733118057250977
36.0,15.0,15.0,0.03221726417541504
15.0,4.0,4.0,0.012789011001586914
166.0,39.0,39.0,0.15265703201293945
36.0,10.0,10.0,0.030144929885864258
90.0,26.0,26.0,0.08411979675292969
81.0,22.0,22.0,0.08501839637756348
17.0,5.0,5.0,0.016629457473754883
14.0,3.0,3.0,0.01459503173828125
30.0,11.0,11.0,0.037004709243774414
25.0,12.0,12.0,0.01824665069580078
23.0,8.0,8.0,0.014373302459716797
59.0,19.0,19.0,0.0399317741394043
92.0,28.0,28.0,0.07992911338806152
126.0,21.0,21.0,0.10091829299926758
48.0,11.0,11.0,0.035907745361328125
24.0,7.0,7.0,0.0188446044921875
96.0,33.0,33.0,0.07508015632629395
32.0,13.0,13.0,0.028120994567871094
30.0,17.0,17.0,0.02596592903137207
44.0,15.0,15.0,0.03380465507507324
26.0,9.0,9.0,0.022249221801757812
46.0,17.0,17.0,0.040602922439575195
54.0,26.0,26.0,0.051323652267456055
15.0,4.0,4.0,0.009741544723510742
27.0,16.0,16.0,0.02539515495300293
27.0,10.0,10.0,0.025912761688232422
21.0,6.0,6.0,0.023216962814331055
39.0,8.0,8.0,0.033532142639160156
19.0,7.0,7.0,0.015030384063720703
59.0,15.0,15.0,0.040910959243774414
83.0,30.0,30.0,0.06748747825622559
25.0,12.0,12.0,0.023568391799926758
36.0,14.0,14.0,0.0346677303314209
48.0,21.0,21.0,0.04674863815307617
30.0,10.0,10.0,0.03224444389343262
36.0,14.0,14.0,0.025476455688476562
25.0,12.0,12.0,0.019768476486206055
34.0,13.0,13.0,0.02970266342163086
28.0,8.0,8.0,0.017783641815185547
27.0,8.0,8.0,0.024023771286010742
26.0,10.0,10.0,0.017969608306884766
43.0,21.0,21.0,0.03598141670227051
62.0,17.0,17.0,0.05619359016418457
57.0,19.0,19.0,0.053719282150268555
42.0,21.0,21.0,0.04480433464050293
50.0,20.0,20.0,0.0568845272064209
173.0,55.0,55.0,0.16220641136169434
88.0,25.0,25.0,0.08274245262145996
30.0,12.0,12.0,0.021890878677368164
105.0,46.0,46.0,0.07936453819274902
30.0,10.0,10.0,0.027640342712402344
165.0,50.0,50.0,0.14495182037353516
40.0,12.0,12.0,0.030672073364257812
88.0,25.0,25.0,0.07383608818054199
126.0,38.0,38.0,0.11324262619018555
59.0,20.0,20.0,0.05212759971618652
40.0,17.0,17.0,0.03682851791381836
43.0,17.0,17.0,0.0366058349609375
25.0,10.0,10.0,0.022861480712890625
47.0,17.0,17.0,0.04065728187561035
24.0,11.0,11.0,0.026218891143798828
60.0,27.0,27.0,0.04904818534851074
41.0,15.0,15.0,0.03207540512084961
101.0,28.0,28.0,0.09073925018310547
54.0,5.0,5.0,0.03705549240112305
26.0,15.0,15.0,0.025516748428344727
36.0,17.0,17.0,0.03490257263183594
21.0,7.0,7.0,0.021411418914794922
101.0,27.0,27.0,0.08627533912658691
122.0,30.0,30.0,0.10303854942321777
27.0,9.0,9.0,0.021187543869018555
135.0,49.0,49.0,0.11115360260009766
27.0,8.0,8.0,0.02340245246887207
22.0,9.0,9.0,0.018614530563354492
72.0,17.0,17.0,0.05576038360595703
85.0,22.0,22.0,0.0678098201751709
22.0,6.0,6.0,0.020615816116333008
94.0,25.0,25.0,0.06888294219970703
132.0,32.0,32.0,0.10698151588439941
113.0,20.0,20.0,0.09465789794921875
24.0,12.0,12.0,0.01908135414123535
27.0,6.0,6.0,0.023288965225219727
81.0,29.0,29.0,0.07961392402648926
36.0,16.0,16.0,0.05062246322631836
33.0,17.0,17.0,0.03231191635131836
21.0,8.0,8.0,0.016112565994262695
52.0,20.0,20.0,0.05355072021484375
37.0,16.0,16.0,0.038469552993774414
40.0,16.0,16.0,0.034946441650390625
56.0,14.0,14.0,0.04362201690673828
81.0,21.0,21.0,0.07170486450195312
23.0,8.0,8.0,0.020912647247314453
38.0,13.0,13.0,0.03406214714050293
41.0,18.0,18.0,0.03366231918334961
64.0,25.0,25.0,0.05812263488769531
29.0,14.0,14.0,0.02953624725341797
55.0,11.0,11.0,0.046178579330444336
36.0,12.0,12.0,0.03479146957397461
52.0,28.0,28.0,0.04038882255554199
40.0,16.0,16.0,0.03894352912902832
53.0,13.0,13.0,0.04387998580932617
30.0,15.0,15.0,0.02486109733581543
21.0,3.0,3.0,0.019942045211791992
35.0,8.0,8.0,0.03189444541931152
14.0,3.0,3.0,0.012531518936157227
38.0,17.0,17.0,0.03188657760620117
47.0,17.0,17.0,0.0477750301361084
23.0,7.0,7.0,0.02038884162902832
59.0,22.0,22.0,0.04323315620422363
36.0,12.0,12.0,0.0280911922454834
23.0,9.0,9.0,0.017347097396850586
121.0,35.0,35.0,0.10053443908691406
99.0,39.0,39.0,0.08015203475952148
17.0,6.0,6.0,0.018603801727294922
50.0,10.0,10.0,0.04329538345336914
137.0,34.0,34.0,0.11818456649780273
39.0,10.0,10.0,0.02914738655090332
66.0,19.0,19.0,0.05582594871520996
26.0,12.0,12.0,0.02214813232421875
27.0,10.0,10.0,0.02161240577697754
154.0,43.0,43.0,0.13712120056152344
37.0,16.0,16.0,0.02937006950378418
20.0,7.0,7.0,0.021646976470947266
19.0,7.0,7.0,0.017584800720214844
23.0,10.0,10.0,0.017706632614135742
30.0,16.0,16.0,0.027467012405395508
34.0,9.0,9.0,0.022404909133911133
67.0,23.0,23.0,0.055611610412597656
22.0,5.0,5.0,0.02017521858215332
72.0,18.0,18.0,0.061063289642333984
31.0,16.0,16.0,0.029049158096313477
51.0,30.0,30.0,0.03612685203552246
38.0,13.0,13.0,0.037230730056762695
30.0,11.0,11.0,0.02637648582458496
69.0,22.0,22.0,0.06596016883850098
27.0,16.0,16.0,0.027321815490722656
41.0,15.0,15.0,0.04528331756591797
65.0,26.0,26.0,0.0523831844329834
24.0,7.0,7.0,0.02530980110168457
81.0,31.0,31.0,0.06613636016845703
15.0,5.0,5.0,0.015186786651611328
81.0,24.0,24.0,0.06046772003173828
92.0,32.0,32.0,0.08692431449890137
40.0,8.0,8.0,0.033669471740722656
74.0,23.0,23.0,0.06487131118774414
29.0,8.0,8.0,0.024430513381958008
63.0,19.0,19.0,0.04687356948852539
35.0,6.0,6.0,0.027350425720214844
165.0,42.0,42.0,0.13989019393920898
54.0,12.0,12.0,0.03654599189758301
184.0,42.0,42.0,0.14265966415405273
97.0,41.0,41.0,0.07891297340393066
66.0,21.0,21.0,0.06344008445739746
23.0,12.0,12.0,0.0208437442779541
106.0,12.0,12.0,0.08269381523132324
48.0,10.0,10.0,0.045992374420166016
82.0,32.0,32.0,0.07002711296081543
54.0,15.0,15.0,0.04854178428649902
53.0,15.0,15.0,0.04284548759460449
114.0,37.0,37.0,0.09140968322753906
25.0,14.0,14.0,0.020667076110839844
42.0,21.0,21.0,0.03621625900268555
60.0,26.0,26.0,0.046357154846191406
29.0,8.0,8.0,0.022912979125976562
25.0,9.0,9.0,0.019728422164916992
26.0,12.0,12.0,0.01970052719116211
126.0,41.0,41.0,0.09674930572509766
17.0,7.0,7.0,0.012367010116577148
92.0,14.0,14.0,0.07545185089111328
26.0,9.0,9.0,0.02071523666381836
80.0,27.0,27.0,0.0840907096862793
36.0,7.0,7.0,0.03964114189147949
65.0,17.0,17.0,0.05340147018432617
51.0,15.0,15.0,0.049761056900024414
23.0,9.0,9.0,0.02039337158203125
28.0,12.0,12.0,0.021360397338867188
52.0,25.0,25.0,0.0459895133972168
22.0,7.0,7.0,0.02377629280090332
166.0,44.0,44.0,0.16275572776794434
21.0,9.0,9.0,0.01584005355834961
25.0,12.0,12.0,0.024593591690063477
60.0,7.0,7.0,0.04357504844665527
84.0,32.0,32.0,0.06653738021850586
24.0,3.0,3.0,0.01805901527404785
88.0,30.0,30.0,0.07437777519226074
56.0,11.0,11.0,0.04720354080200195
51.0,18.0,18.0,0.03788018226623535
84.0,29.0,29.0,0.0693202018737793
56.0,21.0,21.0,0.049157142639160156
33.0,8.0,8.0,0.03710675239562988
57.0,11.0,11.0,0.054512977600097656
188.0,30.0,30.0,0.15787291526794434
97.0,17.0,17.0,0.08168959617614746
72.0,21.0,21.0,0.056865692138671875
55.0,33.0,33.0,0.043291330337524414
32.0,15.0,15.0,0.026313066482543945
163.0,37.0,37.0,0.14248347282409668
27.0,7.0,7.0,0.01956772804260254
37.0,7.0,7.0,0.02768564224243164
37.0,17.0,17.0,0.03544139862060547
170.0,48.0,48.0,0.14762139320373535
31.0,10.0,10.0,0.022228240966796875
50.0,15.0,15.0,0.04006791114807129
59.0,9.0,9.0,0.04981565475463867
21.0,10.0,10.0,0.01754140853881836
44.0,13.0,13.0,0.03269553184509277
115.0,28.0,28.0,0.1033182144165039
48.0,13.0,13.0,0.04089546203613281
31.0,9.0,9.0,0.02413630485534668
48.0,9.0,9.0,0.040436744689941406
156.0,36.0,36.0,0.11897468566894531
22.0,8.0,8.0,0.015924692153930664
48.0,18.0,18.0,0.045931100845336914
32.0,17.0,17.0,0.02839517593383789
55.0,14.0,14.0,0.04167318344116211
51.0,16.0,16.0,0.042289018630981445
20.0,8.0,8.0,0.026567459106445312
33.0,18.0,18.0,0.03136014938354492
77.0,22.0,22.0,0.06982302665710449
14.0,3.0,3.0,0.011585235595703125
32.0,11.0,11.0,0.03070545196533203
31.0,11.0,11.0,0.03462100028991699
30.0,2.0,2.0,0.03524613380432129
83.0,19.0,19.0,0.06795573234558105
71.0,26.0,26.0,0.049333810806274414
64.0,34.0,34.0,0.05273866653442383
26.0,11.0,11.0,0.016856670379638672
28.0,9.0,9.0,0.023518085479736328
19.0,6.0,6.0,0.01773691177368164
29.0,10.0,10.0,0.02957940101623535
26.0,7.0,7.0,0.0230712890625
107.0,27.0,27.0,0.09020280838012695
28.0,3.0,3.0,0.02925419807434082
25.0,12.0,12.0,0.017899751663208008
91.0,35.0,35.0,0.06897687911987305
164.0,43.0,43.0,0.14493036270141602
93.0,31.0,31.0,0.06859183311462402
41.0,16.0,16.0,0.037810564041137695
16.0,5.0,5.0,0.009760379791259766
15.0,5.0,5.0,0.01564812660217285
36.0,17.0,17.0,0.03691697120666504
20.0,8.0,8.0,0.018891096115112305
144.0,39.0,39.0,0.1240243911743164
26.0,10.0,10.0,0.023828506469726562
37.0,14.0,14.0,0.03830432891845703
19.0,7.0,7.0,0.019062280654907227
18.0,7.0,7.0,0.018510103225708008
19.0,6.0,6.0,0.016657590866088867
97.0,31.0,31.0,0.09521722793579102
82.0,37.0,37.0,0.0777435302734375
27.0,16.0,16.0,0.027885913848876953
56.0,18.0,18.0,0.05682110786437988
62.0,15.0,15.0,0.05606341361999512
69.0,16.0,16.0,0.06056666374206543
53.0,24.0,24.0,0.0451815128326416
96.0,35.0,35.0,0.08221673965454102
81.0,18.0,18.0,0.0837247371673584
80.0,18.0,18.0,0.0753486156463623
39.0,16.0,16.0,0.04426741600036621
125.0,34.0,34.0,0.10483098030090332
25.0,11.0,11.0,0.02227163314819336
79.0,22.0,22.0,0.07580685615539551
22.0,9.0,9.0,0.02695178985595703
31.0,13.0,13.0,0.03554677963256836
59.0,19.0,19.0,0.05781054496765137
30.0,11.0,11.0,0.0272829532623291
117.0,31.0,31.0,0.10381531715393066
49.0,12.0,12.0,0.04747939109802246
32.0,10.0,10.0,0.026557207107543945
47.0,18.0,18.0,0.0406336784362793
45.0,18.0,18.0,0.04029488563537598
35.0,16.0,16.0,0.03671836853027344
77.0,21.0,21.0,0.0821225643157959
44.0,12.0,12.0,0.04007554054260254
30.0,9.0,9.0,0.020287036895751953
71.0,19.0,19.0,0.06967353820800781
64.0,17.0,17.0,0.06063055992126465
15.0,2.0,2.0,0.014109134674072266
28.0,11.0,11.0,0.02926039695739746
26.0,10.0,10.0,0.02629995346069336
26.0,12.0,12.0,0.03242325782775879
48.0,16.0,16.0,0.04763913154602051
63.0,18.0,18.0,0.06520605087280273
76.0,31.0,31.0,0.06095552444458008
39.0,16.0,16.0,0.03278541564941406
164.0,52.0,52.0,0.14873147010803223
62.0,23.0,23.0,0.05325627326965332
43.0,7.0,7.0,0.036473751068115234
25.0,6.0,6.0,0.0224306583404541
47.0,16.0,16.0,0.04501843452453613
78.0,23.0,23.0,0.06047821044921875
69.0,16.0,16.0,0.0688169002532959
18.0,4.0,4.0,0.012732267379760742
52.0,25.0,25.0,0.04413890838623047
30.0,12.0,12.0,0.022142410278320312
56.0,12.0,12.0,0.0421445369720459
46.0,7.0,7.0,0.04682612419128418
104.0,36.0,36.0,0.09601116180419922
93.0,29.0,29.0,0.09065747261047363
133.0,35.0,35.0,0.11599040031433105
32.0,6.0,6.0,0.028939008712768555
21.0,9.0,9.0,0.018581867218017578
28.0,8.0,8.0,0.026239871978759766
67.0,17.0,17.0,0.05592632293701172
25.0,4.0,4.0,0.023499727249145508
29.0,14.0,14.0,0.026930570602416992
103.0,39.0,39.0,0.11775708198547363
23.0,11.0,11.0,0.026700258255004883
26.0,13.0,13.0,0.03490900993347168
100.0,18.0,18.0,0.11164355278015137
19.0,4.0,4.0,0.019644975662231445
20.0,9.0,9.0,0.022145986557006836
109.0,23.0,23.0,0.10384654998779297
80.0,24.0,24.0,0.08719205856323242
28.0,13.0,13.0,0.02388620376586914
40.0,13.0,13.0,0.034531593322753906
95.0,29.0,29.0,0.07371997833251953
42.0,25.0,25.0,0.031159162521362305
33.0,12.0,12.0,0.031102657318115234
43.0,11.0,11.0,0.035375356674194336
63.0,26.0,26.0,0.06105542182922363
65.0,22.0,22.0,0.054891347885131836
50.0,12.0,12.0,0.048468828201293945
41.0,17.0,17.0,0.033112287521362305
32.0,11.0,11.0,0.02307891845703125
30.0,11.0,11.0,0.02829456329345703
67.0,18.0,18.0,0.04847979545593262
118.0,40.0,40.0,0.09912562370300293
101.0,17.0,17.0,0.07522273063659668
49.0,5.0,5.0,0.03875398635864258
17.0,7.0,7.0,0.01948714256286621
48.0,21.0,21.0,0.03942108154296875
33.0,9.0,9.0,0.023273229598999023
13.0,1.0,1.0,0.011838197708129883
29.0,17.0,17.0,0.03462696075439453
56.0,20.0,20.0,0.04761910438537598
21.0,7.0,7.0,0.016580581665039062
28.0,11.0,11.0,0.027951955795288086
26.0,12.0,12.0,0.0203707218170166
19.0,5.0,5.0,0.016091585159301758
69.0,18.0,18.0,0.05324053764343262
64.0,20.0,20.0,0.04594731330871582
36.0,14.0,14.0,0.029489517211914062
48.0,25.0,25.0,0.036606550216674805
67.0,19.0,19.0,0.05188393592834473
56.0,10.0,10.0,0.0420069694519043
26.0,8.0,8.0,0.022702932357788086
20.0,7.0,7.0,0.02187633514404297
28.0,10.0,10.0,0.024150609970092773
26.0,4.0,4.0,0.02096390724182129
44.0,9.0,9.0,0.04023098945617676
34.0,15.0,15.0,0.025597572326660156
66.0,19.0,19.0,0.060144662857055664
58.0,17.0,17.0,0.05344390869140625
40.0,13.0,13.0,0.03783917427062988
68.0,12.0,12.0,0.07261490821838379
99.0,42.0,42.0,0.10091280937194824
54.0,21.0,21.0,0.05398201942443848
26.0,15.0,15.0,0.022916793823242188
37.0,13.0,13.0,0.04041576385498047
32.0,13.0,13.0,0.02847576141357422
40.0,15.0,15.0,0.030446290969848633
27.0,6.0,6.0,0.01873183250427246
30.0,13.0,13.0,0.02269577980041504
26.0,14.0,14.0,0.019678115844726562
104.0,21.0,21.0,0.08990263938903809
27.0,10.0,10.0,0.018925905227661133
25.0,10.0,10.0,0.023853063583374023
40.0,20.0,20.0,0.035186767578125
49.0,18.0,18.0,0.040647029876708984
59.0,15.0,15.0,0.05274510383605957
83.0,31.0,31.0,0.061960458755493164
24.0,13.0,13.0,0.020532608032226562
18.0,7.0,7.0,0.015009164810180664
22.0,10.0,10.0,0.023642301559448242
43.0,20.0,20.0,0.03924751281738281
37.0,17.0,17.0,0.0331723690032959
28.0,12.0,12.0,0.028845548629760742
59.0,17.0,17.0,0.0434567928314209
86.0,25.0,25.0,0.06954646110534668
28.0,11.0,11.0,0.023365497589111328
35.0,16.0,16.0,0.026581287384033203
59.0,20.0,20.0,0.053040266036987305
17.0,4.0,4.0,0.015134096145629883
32.0,7.0,7.0,0.031076669692993164
48.0,23.0,23.0,0.03439903259277344
35.0,19.0,19.0,0.03323793411254883
39.0,18.0,18.0,0.02895331382751465
78.0,29.0,29.0,0.06241631507873535
131.0,38.0,38.0,0.10467004776000977
36.0,17.0,17.0,0.02794051170349121
19.0,9.0,9.0,0.016569137573242188
65.0,18.0,18.0,0.05704164505004883
68.0,27.0,27.0,0.054888248443603516
22.0,6.0,6.0,0.014111042022705078
13.0,2.0,2.0,0.009194374084472656
19.0,4.0,4.0,0.013473987579345703
44.0,16.0,16.0,0.02922201156616211
17.0,6.0,6.0,0.01287841796875
159.0,25.0,25.0,0.13170456886291504
61.0,21.0,21.0,0.05755257606506348
35.0,13.0,13.0,0.034245967864990234
55.0,9.0,9.0,0.05392813682556152
35.0,22.0,22.0,0.02579498291015625
18.0,5.0,5.0,0.016612768173217773
32.0,8.0,8.0,0.024262666702270508
26.0,6.0,6.0,0.02124309539794922
70.0,10.0,10.0,0.0513911247253418
29.0,18.0,18.0,0.022922515869140625
63.0,27.0,27.0,0.052863359451293945
38.0,15.0,15.0,0.031142234802246094
50.0,23.0,23.0,0.04807305335998535
59.0,17.0,17.0,0.04615473747253418
41.0,24.0,24.0,0.0381317138671875
23.0,9.0,9.0,0.030368328094482422
25.0,10.0,10.0,0.022817134857177734
41.0,12.0,12.0,0.037030935287475586
17.0,6.0,6.0,0.018730640411376953
39.0,9.0,9.0,0.03788423538208008
20.0,9.0,9.0,0.017352819442749023
80.0,31.0,31.0,0.07082629203796387
34.0,11.0,11.0,0.02827143669128418
70.0,20.0,20.0,0.04932236671447754
40.0,16.0,16.0,0.028990983963012695
66.0,16.0,16.0,0.052496910095214844
38.0,14.0,14.0,0.030236482620239258
30.0,6.0,6.0,0.02183365821838379
46.0,24.0,24.0,0.041306495666503906
38.0,12.0,12.0,0.03275299072265625
32.0,9.0,9.0,0.023947715759277344
57.0,16.0,16.0,0.05066537857055664
20.0,6.0,6.0,0.016860008239746094
60.0,23.0,23.0,0.04941082000732422
121.0,33.0,33.0,0.1390535831451416
68.0,22.0,22.0,0.051027774810791016
36.0,8.0,8.0,0.030042648315429688
177.0,37.0,37.0,0.1687018871307373
67.0,13.0,13.0,0.05428886413574219
33.0,14.0,14.0,0.021399736404418945
70.0,22.0,22.0,0.053736209869384766
61.0,22.0,22.0,0.043970346450805664
49.0,12.0,12.0,0.04204916954040527
32.0,11.0,11.0,0.02545785903930664
45.0,13.0,13.0,0.03615522384643555
18.0,8.0,8.0,0.011846542358398438
55.0,17.0,17.0,0.054378509521484375
25.0,5.0,5.0,0.020140409469604492
42.0,8.0,8.0,0.03389406204223633
89.0,25.0,25.0,0.07395410537719727
90.0,24.0,24.0,0.08602476119995117
34.0,12.0,12.0,0.024440765380859375
41.0,12.0,12.0,0.03522658348083496
79.0,19.0,19.0,0.07366514205932617
27.0,12.0,12.0,0.022733688354492188
25.0,11.0,11.0,0.023974180221557617
46.0,7.0,7.0,0.043874263763427734
29.0,13.0,13.0,0.032042503356933594
29.0,16.0,16.0,0.02293705940246582
161.0,29.0,29.0,0.15389776229858398
19.0,9.0,9.0,0.022598743438720703
16.0,4.0,4.0,0.01294708251953125
99.0,34.0,34.0,0.08955144882202148
15.0,4.0,4.0,0.014603137969970703
40.0,15.0,15.0,0.03800487518310547
172.0,53.0,53.0,0.13682341575622559
24.0,13.0,13.0,0.02049541473388672
18.0,6.0,6.0,0.013459444046020508
74.0,16.0,16.0,0.05479264259338379
119.0,36.0,36.0,0.09307408332824707
23.0,13.0,13.0,0.02187204360961914
28.0,17.0,17.0,0.024901151657104492
78.0,27.0,27.0,0.06100106239318848
22.0,10.0,10.0,0.01392817497253418
33.0,9.0,9.0,0.03152632713317871
18.0,8.0,8.0,0.023809194564819336
24.0,10.0,10.0,0.02124333381652832
205.0,56.0,56.0,0.17858529090881348
52.0,32.0,32.0,0.041873931884765625
48.0,16.0,16.0,0.03911948204040527
23.0,7.0,7.0,0.016599655151367188
46.0,16.0,16.0,0.03679966926574707
23.0,8.0,8.0,0.019206523895263672
20.0,7.0,7.0,0.02136683464050293
49.0,13.0,13.0,0.04266071319580078
37.0,12.0,12.0,0.02974987030029297
46.0,30.0,30.0,0.032511234283447266
21.0,7.0,7.0,0.01935291290283203
19.0,4.0,4.0,0.01649928092956543
28.0,10.0,10.0,0.03284931182861328
45.0,16.0,16.0,0.0417478084564209
38.0,5.0,5.0,0.03083062171936035
25.0,14.0,14.0,0.021872997283935547
18.0,5.0,5.0,0.017172813415527344
114.0,36.0,36.0,0.09228825569152832
26.0,10.0,10.0,0.027395009994506836
45.0,27.0,27.0,0.03632664680480957
24.0,3.0,3.0,0.018584728240966797
35.0,10.0,10.0,0.029683828353881836
107.0,38.0,38.0,0.08390927314758301
40.0,11.0,11.0,0.03936266899108887
61.0,20.0,20.0,0.03917527198791504
27.0,6.0,6.0,0.02250814437866211
31.0,14.0,14.0,0.027365446090698242
122.0,49.0,49.0,0.11281776428222656
74.0,32.0,32.0,0.06398129463195801
48.0,11.0,11.0,0.03472590446472168
17.0,6.0,6.0,0.010712623596191406
57.0,34.0,34.0,0.051560163497924805
56.0,15.0,15.0,0.045699119567871094
29.0,12.0,12.0,0.03184676170349121
59.0,26.0,26.0,0.05920124053955078
14.0,3.0,3.0,0.019199371337890625
25.0,8.0,8.0,0.0229494571685791
41.0,12.0,12.0,0.03659939765930176
21.0,7.0,7.0,0.016805648803710938
35.0,16.0,16.0,0.04068446159362793
44.0,11.0,11.0,0.04064297676086426
95.0,23.0,23.0,0.08848237991333008
43.0,8.0,8.0,0.029997587203979492
38.0,10.0,10.0,0.03192710876464844
24.0,11.0,11.0,0.02156972885131836
49.0,17.0,17.0,0.04378628730773926
27.0,8.0,8.0,0.02070784568786621
43.0,20.0,20.0,0.03672027587890625
25.0,12.0,12.0,0.016116857528686523
97.0,21.0,21.0,0.08346128463745117
139.0,33.0,33.0,0.1145927906036377
30.0,10.0,10.0,0.02100396156311035
70.0,22.0,22.0,0.05889487266540527
87.0,25.0,25.0,0.07041621208190918
25.0,8.0,8.0,0.021413326263427734
29.0,16.0,16.0,0.02176499366760254
36.0,7.0,7.0,0.025936126708984375
28.0,8.0,8.0,0.020301103591918945
31.0,10.0,10.0,0.0261685848236084
21.0,6.0,6.0,0.013480901718139648
20.0,7.0,7.0,0.015071630477905273
70.0,23.0,23.0,0.05331683158874512
22.0,11.0,11.0,0.021007061004638672
31.0,13.0,13.0,0.022641897201538086
41.0,14.0,14.0,0.036522626876831055
24.0,8.0,8.0,0.019484519958496094
81.0,26.0,26.0,0.06848478317260742
23.0,11.0,11.0,0.01591777801513672
117.0,23.0,23.0,0.09117650985717773
31.0,11.0,11.0,0.026501178741455078
26.0,13.0,13.0,0.020577192306518555
30.0,14.0,14.0,0.024394512176513672
20.0,8.0,8.0,0.014697074890136719
42.0,14.0,14.0,0.03839850425720215
85.0,24.0,24.0,0.06816291809082031
28.0,18.0,18.0,0.02625417709350586
59.0,21.0,21.0,0.05008435249328613
27.0,12.0,12.0,0.017931461334228516
46.0,20.0,20.0,0.038787126541137695
49.0,7.0,7.0,0.03929448127746582
99.0,29.0,29.0,0.08013582229614258
44.0,15.0,15.0,0.035685062408447266
16.0,5.0,5.0,0.010640621185302734
27.0,7.0,7.0,0.025913238525390625
118.0,23.0,23.0,0.10797572135925293
28.0,10.0,10.0,0.025800228118896484
101.0,30.0,30.0,0.08804559707641602
57.0,22.0,22.0,0.052936553955078125
26.0,13.0,13.0,0.026411771774291992
33.0,16.0,16.0,0.033715009689331055
58.0,22.0,22.0,0.051458120346069336
23.0,6.0,6.0,0.01952528953552246
136.0,35.0,35.0,0.11147212982177734
43.0,19.0,19.0,0.03185725212097168
31.0,9.0,9.0,0.02456974983215332
125.0,29.0,29.0,0.11644554138183594
57.0,16.0,16.0,0.04261636734008789
14.0,4.0,4.0,0.0163424015045166
19.0,4.0,4.0,0.015539884567260742
37.0,17.0,17.0,0.0287630558013916
65.0,18.0,18.0,0.05364251136779785
84.0,30.0,30.0,0.07819366455078125
21.0,10.0,10.0,0.022624492645263672
49.0,11.0,11.0,0.03901338577270508
42.0,20.0,20.0,0.0318293571472168
95.0,20.0,20.0,0.06753325462341309
51.0,21.0,21.0,0.04485511779785156
19.0,8.0,8.0,0.015617609024047852
89.0,12.0,12.0,0.07809567451477051
99.0,32.0,32.0,0.08357596397399902
20.0,8.0,8.0,0.018636226654052734
33.0,11.0,11.0,0.026624202728271484
112.0,34.0,34.0,0.10782408714294434
20.0,7.0,7.0,0.022351980209350586
39.0,13.0,13.0,0.03989243507385254
106.0,24.0,24.0,0.09964847564697266
25.0,10.0,10.0,0.027067899703979492
50.0,18.0,18.0,0.04599404335021973
122.0,36.0,36.0,0.11908340454101562
18.0,3.0,3.0,0.020159006118774414
17.0,5.0,5.0,0.013230323791503906
46.0,8.0,8.0,0.041023969650268555
79.0,22.0,22.0,0.074066162109375
126.0,31.0,31.0,0.1117851734161377
37.0,8.0,8.0,0.039328813552856445
37.0,9.0,9.0,0.034828901290893555
138.0,37.0,37.0,0.13011384010314941
83.0,28.0,28.0,0.08532118797302246
39.0,11.0,11.0,0.04206490516662598
45.0,13.0,13.0,0.04300808906555176
25.0,9.0,9.0,0.025888681411743164
19.0,4.0,4.0,0.019930601119995117
23.0,11.0,11.0,0.017908811569213867
30.0,15.0,15.0,0.028486013412475586
32.0,22.0,22.0,0.030433177947998047
58.0,23.0,23.0,0.046132802963256836
23.0,12.0,12.0,0.01967453956604004
123.0,20.0,20.0,0.1031036376953125
55.0,16.0,16.0,0.05953168869018555
54.0,25.0,25.0,0.051293373107910156
35.0,8.0,8.0,0.037731170654296875
65.0,14.0,14.0,0.061595916748046875
23.0,8.0,8.0,0.02230691909790039
73.0,14.0,14.0,0.0710151195526123
31.0,13.0,13.0,0.03615307807922363
42.0,20.0,20.0,0.04030323028564453
73.0,12.0,12.0,0.07035446166992188
29.0,11.0,11.0,0.029531478881835938
40.0,17.0,17.0,0.032562255859375
100.0,38.0,38.0,0.10639095306396484
79.0,22.0,22.0,0.07330799102783203
35.0,18.0,18.0,0.03774261474609375
28.0,16.0,16.0,0.029907703399658203
54.0,22.0,22.0,0.044885873794555664
47.0,15.0,15.0,0.040195465087890625
33.0,8.0,8.0,0.02628350257873535
75.0,30.0,30.0,0.07184624671936035
43.0,12.0,12.0,0.03844499588012695
28.0,10.0,10.0,0.02179884910583496
108.0,28.0,28.0,0.11227917671203613
142.0,27.0,27.0,0.1262061595916748
22.0,11.0,11.0,0.021414756774902344
40.0,18.0,18.0,0.03753829002380371
45.0,23.0,23.0,0.03925371170043945
43.0,20.0,20.0,0.043770551681518555
75.0,19.0,19.0,0.06894159317016602
78.0,19.0,19.0,0.0836324691772461
128.0,36.0,36.0,0.13669514656066895
27.0,4.0,4.0,0.02609729766845703
28.0,11.0,11.0,0.03269052505493164
121.0,22.0,22.0,0.11428642272949219
63.0,19.0,19.0,0.07199335098266602
42.0,15.0,15.0,0.04958748817443848
27.0,12.0,12.0,0.01990056037902832
100.0,30.0,30.0,0.09881091117858887
38.0,13.0,13.0,0.04043436050415039
37.0,19.0,19.0,0.03267216682434082
41.0,14.0,14.0,0.03591346740722656
22.0,10.0,10.0,0.018875598907470703
58.0,26.0,26.0,0.06404709815979004
23.0,9.0,9.0,0.019542932510375977
29.0,15.0,15.0,0.02812671661376953
65.0,12.0,12.0,0.05078291893005371
70.0,18.0,18.0,0.0669851303100586
22.0,5.0,5.0,0.01597309112548828
144.0,28.0,28.0,0.12920451164245605
29.0,10.0,10.0,0.03086709976196289
27.0,12.0,12.0,0.025506258010864258
50.0,31.0,31.0,0.04668855667114258
50.0,13.0,13.0,0.039354562759399414
37.0,4.0,4.0,0.033925533294677734
25.0,12.0,12.0,0.02153921127319336
33.0,9.0,9.0,0.029595136642456055
28.0,5.0,5.0,0.02288961410522461
23.0,12.0,12.0,0.019326210021972656
62.0,20.0,20.0,0.048947811126708984
16.0,5.0,5.0,0.014858722686767578
20.0,9.0,9.0,0.01446223258972168
59.0,19.0,19.0,0.05005335807800293
61.0,18.0,18.0,0.0467839241027832
52.0,15.0,15.0,0.03666234016418457
35.0,13.0,13.0,0.026415348052978516
52.0,13.0,13.0,0.04180002212524414
26.0,8.0,8.0,0.02034139633178711
16.0,5.0,5.0,0.020014524459838867
58.0,20.0,20.0,0.046797752380371094
23.0,5.0,5.0,0.019622087478637695
43.0,9.0,9.0,0.03988480567932129
32.0,8.0,8.0,0.02802252769470215
29.0,11.0,11.0,0.025610923767089844
29.0,10.0,10.0,0.022900819778442383
63.0,35.0,35.0,0.048923492431640625
30.0,9.0,9.0,0.023932933807373047
153.0,36.0,36.0,0.1443636417388916
159.0,47.0,47.0,0.12690496444702148
61.0,8.0,8.0,0.050556182861328125
40.0,11.0,11.0,0.033368587493896484
48.0,9.0,9.0,0.042807817459106445
37.0,11.0,11.0,0.03913307189941406
56.0,23.0,23.0,0.0420985221862793
15.0,4.0,4.0,0.013488054275512695
36.0,17.0,17.0,0.0325932502746582
83.0,23.0,23.0,0.08045434951782227
79.0,36.0,36.0,0.0723416805267334
95.0,27.0,27.0,0.08424520492553711
77.0,19.0,19.0,0.07468295097351074
52.0,9.0,9.0,0.04143238067626953
34.0,12.0,12.0,0.024782657623291016
24.0,12.0,12.0,0.016581296920776367
55.0,18.0,18.0,0.03910946846008301
52.0,14.0,14.0,0.043433189392089844
20.0,3.0,3.0,0.015343666076660156
67.0,14.0,14.0,0.07125735282897949
49.0,17.0,17.0,0.04301571846008301
65.0,10.0,10.0,0.049002885818481445
76.0,21.0,21.0,0.06252026557922363
36.0,9.0,9.0,0.03304648399353027
34.0,16.0,16.0,0.033951759338378906
57.0,15.0,15.0,0.05502796173095703
65.0,17.0,17.0,0.0655972957611084
24.0,7.0,7.0,0.017537355422973633
59.0,19.0,19.0,0.04099106788635254
29.0,13.0,13.0,0.030359745025634766
42.0,20.0,20.0,0.04009389877319336
37.0,18.0,18.0,0.025446176528930664
32.0,7.0,7.0,0.028036832809448242
29.0,16.0,16.0,0.022066354751586914
23.0,9.0,9.0,0.01715850830078125
23.0,7.0,7.0,0.017046213150024414
24.0,7.0,7.0,0.019305706024169922
27.0,15.0,15.0,0.021343708038330078
65.0,17.0,17.0,0.04659843444824219
26.0,9.0,9.0,0.01801013946533203
15.0,4.0,4.0,0.012162923812866211
41.0,18.0,18.0,0.03007984161376953
18.0,6.0,6.0,0.013594627380371094
21.0,6.0,6.0,0.014057159423828125
53.0,9.0,9.0,0.06224799156188965
40.0,14.0,14.0,0.03389739990234375
48.0,24.0,24.0,0.04537630081176758
163.0,54.0,54.0,0.14207077026367188
62.0,14.0,14.0,0.06244325637817383
41.0,8.0,8.0,0.03215670585632324
65.0,22.0,22.0,0.05744457244873047
18.0,6.0,6.0,0.012867212295532227
77.0,32.0,32.0,0.05780315399169922
87.0,29.0,29.0,0.06589794158935547
64.0,19.0,19.0,0.0464479923248291
61.0,10.0,10.0,0.04998469352722168
21.0,7.0,7.0,0.018899917602539062
101.0,26.0,26.0,0.0867776870727539
30.0,13.0,13.0,0.0296783447265625
111.0,31.0,31.0,0.11050295829772949
45.0,17.0,17.0,0.03181314468383789
35.0,13.0,13.0,0.03443169593811035
37.0,10.0,10.0,0.03064131736755371
50.0,19.0,19.0,0.05345654487609863
124.0,38.0,38.0,0.09612798690795898
63.0,18.0,18.0,0.04776310920715332
56.0,14.0,14.0,0.04631948471069336
27.0,11.0,11.0,0.027338027954101562
20.0,8.0,8.0,0.017705202102661133
65.0,15.0,15.0,0.0609889030456543
59.0,25.0,25.0,0.04681968688964844
101.0,22.0,22.0,0.09037280082702637
59.0,20.0,20.0,0.058495283126831055
121.0,39.0,39.0,0.09903788566589355
71.0,18.0,18.0,0.0525059700012207
29.0,11.0,11.0,0.02434563636779785
31.0,9.0,9.0,0.03171658515930176
47.0,4.0,4.0,0.039559125900268555
47.0,17.0,17.0,0.045592546463012695
64.0,20.0,20.0,0.05847454071044922
99.0,25.0,25.0,0.07973623275756836
138.0,37.0,37.0,0.10904574394226074
65.0,27.0,27.0,0.05238938331604004
16.0,5.0,5.0,0.012814760208129883
80.0,26.0,26.0,0.06823515892028809
43.0,12.0,12.0,0.03815960884094238
57.0,23.0,23.0,0.039792537689208984
24.0,13.0,13.0,0.018262147903442383
79.0,28.0,28.0,0.0681772232055664
22.0,6.0,6.0,0.01574110984802246
41.0,15.0,15.0,0.026849746704101562
29.0,11.0,11.0,0.020470142364501953
29.0,9.0,9.0,0.016869544982910156
31.0,14.0,14.0,0.01997542381286621
33.0,15.0,15.0,0.0227048397064209
51.0,9.0,9.0,0.0480647087097168
69.0,8.0,8.0,0.06185793876647949
38.0,11.0,11.0,0.030724525451660156
80.0,39.0,39.0,0.06780600547790527
52.0,14.0,14.0,0.037853240966796875
33.0,12.0,12.0,0.03075432777404785
40.0,18.0,18.0,0.030727863311767578
40.0,18.0,18.0,0.038202762603759766
18.0,7.0,7.0,0.017534494400024414
39.0,9.0,9.0,0.03657364845275879
52.0,16.0,16.0,0.05317807197570801
42.0,12.0,12.0,0.03884768486022949
23.0,10.0,10.0,0.01910710334777832
76.0,30.0,30.0,0.059868812561035156
19.0,8.0,8.0,0.019147634506225586
34.0,10.0,10.0,0.029947996139526367
22.0,3.0,3.0,0.01989889144897461
32.0,19.0,19.0,0.027582406997680664
86.0,30.0,30.0,0.06740665435791016
45.0,14.0,14.0,0.03857088088989258
33.0,13.0,13.0,0.02950739860534668
55.0,25.0,25.0,0.0500493049621582
86.0,22.0,22.0,0.06353950500488281
18.0,5.0,5.0,0.015528202056884766
36.0,10.0,10.0,0.029318571090698242
21.0,6.0,6.0,0.016162633895874023
24.0,11.0,11.0,0.017982006072998047
17.0,5.0,5.0,0.014754056930541992
73.0,36.0,36.0,0.05101728439331055
50.0,23.0,23.0,0.03887128829956055
40.0,21.0,21.0,0.0410306453704834
29.0,9.0,9.0,0.027928590774536133
73.0,18.0,18.0,0.05883932113647461
25.0,4.0,4.0,0.017813920974731445
27.0,11.0,11.0,0.021184444427490234
49.0,35.0,35.0,0.030992746353149414
32.0,10.0,10.0,0.02634596824645996
81.0,21.0,21.0,0.06875443458557129
32.0,11.0,11.0,0.02548527717590332
93.0,18.0,18.0,0.07085633277893066
19.0,6.0,6.0,0.01884746551513672
25.0,11.0,11.0,0.02029109001159668
28.0,8.0,8.0,0.018098831176757812
21.0,5.0,5.0,0.013109922409057617
37.0,17.0,17.0,0.029120206832885742
28.0,4.0,4.0,0.03998589515686035
40.0,12.0,12.0,0.02996063232421875
19.0,8.0,8.0,0.01765298843383789
28.0,10.0,10.0,0.026011228561401367
99.0,20.0,20.0,0.09038019180297852
31.0,12.0,12.0,0.026035308837890625
200.0,48.0,48.0,0.1735692024230957
21.0,9.0,9.0,0.01660609245300293
100.0,28.0,28.0,0.08411788940429688
87.0,25.0,25.0,0.08204007148742676
45.0,13.0,13.0,0.03658747673034668
96.0,27.0,27.0,0.10142707824707031
126.0,30.0,30.0,0.09646105766296387
36.0,15.0,15.0,0.03255772590637207
26.0,12.0,12.0,0.023413896560668945
22.0,9.0,9.0,0.0210878849029541
30.0,14.0,14.0,0.026973247528076172
23.0,11.0,11.0,0.02646946907043457
23.0,12.0,12.0,0.02484917640686035
66.0,21.0,21.0,0.062474966049194336
39.0,21.0,21.0,0.03475046157836914
19.0,8.0,8.0,0.01786184310913086
33.0,12.0,12.0,0.035211801528930664
31.0,17.0,17.0,0.03275752067565918
33.0,16.0,16.0,0.02889871597290039
22.0,11.0,11.0,0.019986867904663086
18.0,7.0,7.0,0.010057687759399414
80.0,16.0,16.0,0.06871604919433594
59.0,21.0,21.0,0.06606888771057129
29.0,9.0,9.0,0.028469324111938477
116.0,24.0,24.0,0.08427572250366211
21.0,9.0,9.0,0.015303850173950195
165.0,30.0,30.0,0.15746593475341797
26.0,7.0,7.0,0.02417755126953125
37.0,9.0,9.0,0.035233259201049805
39.0,25.0,25.0,0.03334832191467285
37.0,9.0,9.0,0.03306412696838379
42.0,13.0,13.0,0.02779388427734375
111.0,29.0,29.0,0.09288334846496582
33.0,15.0,15.0,0.02858281135559082
25.0,8.0,8.0,0.020384550094604492
85.0,14.0,14.0,0.07244229316711426
36.0,18.0,18.0,0.032061100006103516
110.0,26.0,26.0,0.10164403915405273
61.0,15.0,15.0,0.04855656623840332
41.0,13.0,13.0,0.02840566635131836
36.0,13.0,13.0,0.029369115829467773
142.0,34.0,34.0,0.12060379981994629
40.0,17.0,17.0,0.0363459587097168
69.0,15.0,15.0,0.058963775634765625
30.0,10.0,10.0,0.023187637329101562
19.0,4.0,4.0,0.017771482467651367
23.0,10.0,10.0,0.017403364181518555
85.0,13.0,13.0,0.07391166687011719
24.0,12.0,12.0,0.017704010009765625
37.0,11.0,11.0,0.025167226791381836
72.0,25.0,25.0,0.04815173149108887
98.0,26.0,26.0,0.06858420372009277
28.0,13.0,13.0,0.019568204879760742
105.0,16.0,16.0,0.07832860946655273
33.0,17.0,17.0,0.028331279754638672
52.0,15.0,15.0,0.04785799980163574
38.0,14.0,14.0,0.03362321853637695
25.0,7.0,7.0,0.0211789608001709
75.0,22.0,22.0,0.05137944221496582
51.0,16.0,16.0,0.047188520431518555
26.0,7.0,7.0,0.029948711395263672
41.0,19.0,19.0,0.04278922080993652
48.0,14.0,14.0,0.03796648979187012
22.0,11.0,11.0,0.020972490310668945
146.0,28.0,28.0,0.12911653518676758
20.0,8.0,8.0,0.014847278594970703
24.0,12.0,12.0,0.019774913787841797
57.0,15.0,15.0,0.04728102684020996
48.0,16.0,16.0,0.044823646545410156
53.0,10.0,10.0,0.04307436943054199
27.0,13.0,13.0,0.02411031723022461
54.0,26.0,26.0,0.04134488105773926
59.0,22.0,22.0,0.049187421798706055
30.0,19.0,19.0,0.02921295166015625
53.0,14.0,14.0,0.03839468955993652
87.0,36.0,36.0,0.07618141174316406
107.0,33.0,33.0,0.08999967575073242
17.0,6.0,6.0,0.012701034545898438
76.0,17.0,17.0,0.05980658531188965
23.0,6.0,6.0,0.01912713050842285
82.0,24.0,24.0,0.0527036190032959
156.0,30.0,30.0,0.13678383827209473
28.0,11.0,11.0,0.022464513778686523
62.0,21.0,21.0,0.05220389366149902
62.0,20.0,20.0,0.05791449546813965
37.0,16.0,16.0,0.03949737548828125
120.0,37.0,37.0,0.11140155792236328
35.0,13.0,13.0,0.031341552734375
80.0,23.0,23.0,0.059676170349121094
71.0,23.0,23.0,0.061762332916259766
104.0,22.0,22.0,0.098907470703125
84.0,22.0,22.0,0.07937049865722656
24.0,9.0,9.0,0.020815610885620117
32.0,11.0,11.0,0.035346031188964844
47.0,18.0,18.0,0.04326033592224121
21.0,9.0,9.0,0.020739078521728516
33.0,17.0,17.0,0.028113603591918945
53.0,21.0,21.0,0.053713321685791016
139.0,41.0,41.0,0.1232290267944336
84.0,21.0,21.0,0.07334136962890625
33.0,6.0,6.0,0.028652191162109375
92.0,16.0,16.0,0.10475540161132812
28.0,7.0,7.0,0.030705690383911133
15.0,4.0,4.0,0.01902937889099121
58.0,20.0,20.0,0.06525397300720215
20.0,6.0,6.0,0.02138495445251465
48.0,17.0,17.0,0.041332244873046875
61.0,18.0,18.0,0.04125404357910156
42.0,17.0,17.0,0.03970503807067871
26.0,8.0,8.0,0.024079084396362305
50.0,14.0,14.0,0.045104265213012695
38.0,9.0,9.0,0.03212404251098633
43.0,15.0,15.0,0.046701908111572266
77.0,44.0,44.0,0.0815434455871582
53.0,32.0,32.0,0.049141883850097656
100.0,36.0,36.0,0.09724283218383789
63.0,18.0,18.0,0.06415510177612305
27.0,16.0,16.0,0.026456832885742188
95.0,35.0,35.0,0.09940934181213379
38.0,13.0,13.0,0.04158639907836914
156.0,29.0,29.0,0.15816640853881836
34.0,11.0,11.0,0.033359527587890625
34.0,16.0,16.0,0.03430008888244629
33.0,11.0,11.0,0.0284881591796875
56.0,18.0,18.0,0.0526890754699707
86.0,27.0,27.0,0.07882452011108398
113.0,19.0,19.0,0.0961766242980957
22.0,10.0,10.0,0.019932270050048828
53.0,16.0,16.0,0.046295881271362305
44.0,22.0,22.0,0.03735542297363281
76.0,26.0,26.0,0.08090877532958984
28.0,12.0,12.0,0.027879953384399414
111.0,22.0,22.0,0.10669374465942383
184.0,34.0,34.0,0.18506383895874023
18.0,7.0,7.0,0.021083354949951172
45.0,25.0,25.0,0.038156986236572266
18.0,6.0,6.0,0.019342899322509766
47.0,9.0,9.0,0.04837775230407715
24.0,7.0,7.0,0.02366352081298828
89.0,24.0,24.0,0.09938335418701172
46.0,16.0,16.0,0.045392513275146484
105.0,25.0,25.0,0.09290528297424316
27.0,8.0,8.0,0.03052687644958496
77.0,24.0,24.0,0.08002138137817383
24.0,13.0,13.0,0.020406007766723633
27.0,6.0,6.0,0.022229671478271484
50.0,13.0,13.0,0.04106616973876953
135.0,39.0,39.0,0.11763262748718262
34.0,9.0,9.0,0.02495121955871582
50.0,20.0,20.0,0.041451215744018555
37.0,12.0,12.0,0.03171253204345703
72.0,18.0,18.0,0.06706929206848145
63.0,35.0,35.0,0.042215585708618164
145.0,37.0,37.0,0.1244809627532959
39.0,15.0,15.0,0.03245067596435547
106.0,34.0,34.0,0.09463047981262207
58.0,19.0,19.0,0.050620079040527344
114.0,26.0,26.0,0.09984827041625977
61.0,15.0,15.0,0.054155826568603516
33.0,15.0,15.0,0.026730060577392578
65.0,12.0,12.0,0.05347752571105957
43.0,13.0,13.0,0.03683352470397949
28.0,14.0,14.0,0.024010658264160156
63.0,9.0,9.0,0.04848289489746094
28.0,6.0,6.0,0.019784212112426758
32.0,15.0,15.0,0.026800155639648438
93.0,25.0,25.0,0.07489371299743652
47.0,14.0,14.0,0.03774905204772949
64.0,28.0,28.0,0.0587306022644043
66.0,22.0,22.0,0.05788612365722656
24.0,7.0,7.0,0.020961284637451172
23.0,10.0,10.0,0.020372390747070312
58.0,23.0,23.0,0.05797529220581055
101.0,30.0,30.0,0.09543466567993164
34.0,13.0,13.0,0.02963733673095703
43.0,22.0,22.0,0.041248321533203125
33.0,13.0,13.0,0.03566336631774902
32.0,14.0,14.0,0.038167715072631836
30.0,15.0,15.0,0.02279376983642578
30.0,13.0,13.0,0.018010854721069336
107.0,18.0,18.0,0.08475589752197266
39.0,22.0,22.0,0.03036189079284668
60.0,32.0,32.0,0.0557863712310791
28.0,16.0,16.0,0.031949758529663086
54.0,14.0,14.0,0.06307315826416016
82.0,20.0,20.0,0.06583237648010254
22.0,4.0,4.0,0.022267580032348633
18.0,7.0,7.0,0.019763946533203125
38.0,17.0,17.0,0.0302276611328125
102.0,19.0,19.0,0.09193778038024902
71.0,17.0,17.0,0.06301307678222656
29.0,9.0,9.0,0.02170562744140625
18.0,5.0,5.0,0.01436161994934082
37.0,14.0,14.0,0.03027939796447754
15.0,4.0,4.0,0.015931367874145508
64.0,16.0,16.0,0.049646615982055664
19.0,4.0,4.0,0.017377853393554688
87.0,21.0,21.0,0.0852041244506836
33.0,20.0,20.0,0.02750992774963379
39.0,15.0,15.0,0.03196883201599121
34.0,11.0,11.0,0.03710484504699707
29.0,15.0,15.0,0.018539905548095703
46.0,13.0,13.0,0.039166927337646484
78.0,23.0,23.0,0.0717630386352539
26.0,10.0,10.0,0.022524356842041016
97.0,26.0,26.0,0.09239888191223145
32.0,15.0,15.0,0.02509307861328125
23.0,11.0,11.0,0.021581411361694336
47.0,11.0,11.0,0.04328131675720215
46.0,32.0,32.0,0.038678646087646484
37.0,17.0,17.0,0.03413963317871094
80.0,18.0,18.0,0.06955289840698242
153.0,47.0,47.0,0.13772869110107422
24.0,8.0,8.0,0.019971847534179688
79.0,19.0,19.0,0.06495928764343262
31.0,15.0,15.0,0.020742177963256836
47.0,22.0,22.0,0.04170393943786621
46.0,12.0,12.0,0.03479361534118652
45.0,14.0,14.0,0.03502964973449707
24.0,13.0,13.0,0.02058124542236328
26.0,14.0,14.0,0.017966270446777344
48.0,19.0,19.0,0.03390049934387207
87.0,31.0,31.0,0.06995391845703125
63.0,19.0,19.0,0.048143625259399414
88.0,23.0,23.0,0.0675513744354248
31.0,20.0,20.0,0.025750160217285156
68.0,31.0,31.0,0.06623411178588867
21.0,8.0,8.0,0.015403985977172852
33.0,12.0,12.0,0.037641286849975586
36.0,11.0,11.0,0.027230262756347656
47.0,18.0,18.0,0.0398867130279541
21.0,9.0,9.0,0.018231630325317383
21.0,7.0,7.0,0.013679027557373047
98.0,28.0,28.0,0.10616469383239746
33.0,13.0,13.0,0.03515434265136719
27.0,14.0,14.0,0.029505252838134766
28.0,9.0,9.0,0.026082992553710938
65.0,24.0,24.0,0.06896758079528809
33.0,13.0,13.0,0.03456711769104004
31.0,10.0,10.0,0.027060985565185547
28.0,9.0,9.0,0.019772768020629883
69.0,11.0,11.0,0.05396771430969238
21.0,4.0,4.0,0.015815258026123047
44.0,16.0,16.0,0.03319096565246582
78.0,22.0,22.0,0.06479978561401367
33.0,10.0,10.0,0.02805185317993164
24.0,11.0,11.0,0.025901317596435547
60.0,21.0,21.0,0.047429800033569336
40.0,22.0,22.0,0.04101872444152832
22.0,7.0,7.0,0.020364761352539062
58.0,18.0,18.0,0.05143857002258301
66.0,27.0,27.0,0.058153629302978516
22.0,8.0,8.0,0.020006418228149414
34.0,8.0,8.0,0.030003070831298828
74.0,21.0,21.0,0.06427311897277832
21.0,5.0,5.0,0.0184476375579834
26.0,10.0,10.0,0.019120454788208008
24.0,10.0,10.0,0.016813993453979492
29.0,13.0,13.0,0.022507429122924805
39.0,9.0,9.0,0.033919572830200195
34.0,11.0,11.0,0.029206514358520508
33.0,15.0,15.0,0.025549888610839844
31.0,5.0,5.0,0.02545785903930664
18.0,3.0,3.0,0.017371177673339844
26.0,9.0,9.0,0.021419525146484375
34.0,8.0,8.0,0.02778792381286621
30.0,13.0,13.0,0.03221750259399414
89.0,22.0,22.0,0.08414363861083984
62.0,9.0,9.0,0.055552005767822266
44.0,9.0,9.0,0.036943674087524414
62.0,13.0,13.0,0.06845474243164062
16.0,5.0,5.0,0.019118309020996094
75.0,9.0,9.0,0.06445980072021484
37.0,16.0,16.0,0.04499506950378418
54.0,14.0,14.0,0.04894375801086426
92.0,34.0,34.0,0.07805895805358887
36.0,20.0,20.0,0.0394589900970459
31.0,11.0,11.0,0.026986360549926758
56.0,15.0,15.0,0.04450845718383789
51.0,12.0,12.0,0.05042552947998047
53.0,17.0,17.0,0.048424720764160156
80.0,30.0,30.0,0.08240866661071777
78.0,13.0,13.0,0.07196807861328125
48.0,20.0,20.0,0.0428614616394043
45.0,14.0,14.0,0.041931867599487305
202.0,53.0,53.0,0.1946578025817871
44.0,12.0,12.0,0.043811798095703125
20.0,5.0,5.0,0.017423152923583984
25.0,5.0,5.0,0.023097515106201172
75.0,14.0,14.0,0.07853293418884277
155.0,47.0,47.0,0.13400793075561523
29.0,9.0,9.0,0.028868436813354492
48.0,23.0,23.0,0.04559946060180664
33.0,18.0,18.0,0.03544139862060547
24.0,13.0,13.0,0.027528047561645508
72.0,28.0,28.0,0.05881309509277344
43.0,15.0,15.0,0.03452110290527344
35.0,23.0,23.0,0.031774044036865234
29.0,10.0,10.0,0.021993637084960938
25.0,9.0,9.0,0.022806406021118164
24.0,6.0,6.0,0.02097153663635254
25.0,8.0,8.0,0.01890397071838379
76.0,29.0,29.0,0.05837893486022949
22.0,10.0,10.0,0.02141880989074707
179.0,54.0,54.0,0.16454076766967773
35.0,10.0,10.0,0.027055025100708008
49.0,13.0,13.0,0.04006052017211914
44.0,15.0,15.0,0.036029815673828125
41.0,23.0,23.0,0.02944660186767578
35.0,9.0,9.0,0.0271909236907959
74.0,14.0,14.0,0.05995368957519531
25.0,12.0,12.0,0.015846967697143555
198.0,52.0,52.0,0.1578657627105713
41.0,5.0,5.0,0.031438589096069336
184.0,52.0,52.0,0.1494462490081787
98.0,38.0,38.0,0.08085823059082031
44.0,13.0,13.0,0.04384422302246094
30.0,12.0,12.0,0.025668621063232422
86.0,17.0,17.0,0.07227540016174316
22.0,9.0,9.0,0.019137859344482422
49.0,18.0,18.0,0.03995060920715332
70.0,23.0,23.0,0.05844855308532715
47.0,20.0,20.0,0.03365612030029297
41.0,17.0,17.0,0.026565074920654297
33.0,16.0,16.0,0.02370929718017578
23.0,8.0,8.0,0.016961336135864258
26.0,9.0,9.0,0.02260136604309082
16.0,5.0,5.0,0.015166044235229492
77.0,27.0,27.0,0.07233190536499023
26.0,8.0,8.0,0.025879621505737305
23.0,7.0,7.0,0.02515721321105957
28.0,9.0,9.0,0.025686025619506836
57.0,25.0,25.0,0.05788421630859375
43.0,14.0,14.0,0.0479741096496582
33.0,11.0,11.0,0.02475118637084961
64.0,26.0,26.0,0.04825282096862793
66.0,29.0,29.0,0.050054311752319336
58.0,21.0,21.0,0.047573089599609375
38.0,11.0,11.0,0.026275157928466797
46.0,10.0,10.0,0.04082798957824707
26.0,10.0,10.0,0.0191648006439209
67.0,20.0,20.0,0.06011223793029785
36.0,14.0,14.0,0.03179049491882324
42.0,7.0,7.0,0.03798866271972656
60.0,15.0,15.0,0.0536653995513916
107.0,35.0,35.0,0.09464764595031738
84.0,22.0,22.0,0.06193232536315918
58.0,12.0,12.0,0.049189090728759766
43.0,23.0,23.0,0.03939199447631836
83.0,24.0,24.0,0.0647590160369873
99.0,28.0,28.0,0.09444999694824219
19.0,7.0,7.0,0.01811504364013672
51.0,13.0,13.0,0.04183483123779297
24.0,9.0,9.0,0.014983892440795898
29.0,9.0,9.0,0.02493453025817871
19.0,7.0,7.0,0.014495611190795898
38.0,18.0,18.0,0.03458428382873535
42.0,16.0,16.0,0.03459620475769043
127.0,35.0,35.0,0.10479521751403809
32.0,6.0,6.0,0.03116774559020996
66.0,24.0,24.0,0.0685110092163086
21.0,10.0,10.0,0.02130722999572754
59.0,20.0,20.0,0.04665851593017578
108.0,18.0,18.0,0.08867311477661133
20.0,8.0,8.0,0.016233205795288086
96.0,19.0,19.0,0.08070230484008789
88.0,20.0,20.0,0.0783700942993164
50.0,15.0,15.0,0.03907489776611328
37.0,5.0,5.0,0.0350186824798584
63.0,18.0,18.0,0.06372570991516113
26.0,13.0,13.0,0.0267789363861084
41.0,20.0,20.0,0.028937816619873047
13.0,1.0,1.0,0.01607680320739746
75.0,14.0,14.0,0.05215930938720703
61.0,18.0,18.0,0.04128098487854004
14.0,4.0,4.0,0.013524293899536133
57.0,14.0,14.0,0.04560661315917969
39.0,9.0,9.0,0.03876852989196777
38.0,11.0,11.0,0.048978328704833984
99.0,20.0,20.0,0.08468914031982422
30.0,13.0,13.0,0.028780460357666016
22.0,7.0,7.0,0.0178377628326416
25.0,11.0,11.0,0.021999359130859375
25.0,7.0,7.0,0.019059419631958008
40.0,14.0,14.0,0.034776926040649414
77.0,22.0,22.0,0.05737757682800293
68.0,14.0,14.0,0.06000256538391113
33.0,5.0,5.0,0.029055118560791016
37.0,13.0,13.0,0.0312654972076416
31.0,9.0,9.0,0.02884531021118164
23.0,11.0,11.0,0.020053386688232422
130.0,33.0,33.0,0.1119832992553711
55.0,20.0,20.0,0.05209755897521973
21.0,9.0,9.0,0.023438453674316406
31.0,10.0,10.0,0.025821924209594727
23.0,10.0,10.0,0.022591114044189453
65.0,25.0,25.0,0.051821231842041016
35.0,15.0,15.0,0.02610301971435547
55.0,23.0,23.0,0.04622650146484375
130.0,25.0,25.0,0.08153343200683594
80.0,14.0,14.0,0.07078766822814941
21.0,7.0,7.0,0.017865419387817383
46.0,18.0,18.0,0.03545641899108887
51.0,15.0,15.0,0.04543900489807129
40.0,15.0,15.0,0.033978939056396484
25.0,7.0,7.0,0.020590543746948242
59.0,20.0,20.0,0.05921816825866699
71.0,21.0,21.0,0.07484984397888184
69.0,20.0,20.0,0.05556011199951172
63.0,22.0,22.0,0.053290605545043945
20.0,6.0,6.0,0.018951416015625
47.0,14.0,14.0,0.045102596282958984
63.0,15.0,15.0,0.0615229606628418
43.0,16.0,16.0,0.03803253173828125
90.0,34.0,34.0,0.07242369651794434
59.0,15.0,15.0,0.04665493965148926
68.0,22.0,22.0,0.05868220329284668
68.0,30.0,30.0,0.05673623085021973
66.0,25.0,25.0,0.05975914001464844
57.0,21.0,21.0,0.05186319351196289
31.0,8.0,8.0,0.031090497970581055
123.0,29.0,29.0,0.1339881420135498
65.0,21.0,21.0,0.06890273094177246
121.0,34.0,34.0,0.11347699165344238
52.0,16.0,16.0,0.04973149299621582
75.0,20.0,20.0,0.0768899917602539
38.0,12.0,12.0,0.039345741271972656
67.0,20.0,20.0,0.06463146209716797
61.0,11.0,11.0,0.05994296073913574
50.0,14.0,14.0,0.049369096755981445
152.0,40.0,40.0,0.13793683052062988
26.0,10.0,10.0,0.025850534439086914
19.0,7.0,7.0,0.016596555709838867
36.0,15.0,15.0,0.03396439552307129
65.0,26.0,26.0,0.055391788482666016
43.0,13.0,13.0,0.052179574966430664
22.0,9.0,9.0,0.022011995315551758
22.0,9.0,9.0,0.017575979232788086
19.0,6.0,6.0,0.01913142204284668
45.0,14.0,14.0,0.03989124298095703
37.0,16.0,16.0,0.03639578819274902
19.0,7.0,7.0,0.02309894561767578
20.0,8.0,8.0,0.01882171630859375
27.0,12.0,12.0,0.025741100311279297
25.0,10.0,10.0,0.02440619468688965
93.0,22.0,22.0,0.09032368659973145
21.0,9.0,9.0,0.02268195152282715
15.0,4.0,4.0,0.013051986694335938
87.0,29.0,29.0,0.09000182151794434
34.0,12.0,12.0,0.04477381706237793
22.0,4.0,4.0,0.019962310791015625
35.0,3.0,3.0,0.03092670440673828
118.0,23.0,23.0,0.10445976257324219
49.0,13.0,13.0,0.04168105125427246
58.0,16.0,16.0,0.05203986167907715
66.0,23.0,23.0,0.05408358573913574
168.0,35.0,35.0,0.1548163890838623
71.0,12.0,12.0,0.0644218921661377
35.0,12.0,12.0,0.03344464302062988
172.0,33.0,33.0,0.1540234088897705
45.0,3.0,3.0,0.04205942153930664
44.0,10.0,10.0,0.03773999214172363
39.0,11.0,11.0,0.03715324401855469
116.0,36.0,36.0,0.12874102592468262
59.0,13.0,13.0,0.05722308158874512
28.0,11.0,11.0,0.0313112735748291
77.0,23.0,23.0,0.07464241981506348
39.0,12.0,12.0,0.0375213623046875
67.0,28.0,28.0,0.0572352409362793
58.0,16.0,16.0,0.050467491149902344
24.0,8.0,8.0,0.027046918869018555
54.0,15.0,15.0,0.06501007080078125
47.0,13.0,13.0,0.04468131065368652
66.0,23.0,23.0,0.09357309341430664
75.0,26.0,26.0,0.0639488697052002
161.0,51.0,51.0,0.15710186958312988
20.0,8.0,8.0,0.02051067352294922
35.0,19.0,19.0,0.03026890754699707
49.0,13.0,13.0,0.04038524627685547
23.0,11.0,11.0,0.02246713638305664
58.0,11.0,11.0,0.046747446060180664
72.0,29.0,29.0,0.060837745666503906
23.0,10.0,10.0,0.0187833309173584
60.0,14.0,14.0,0.047477006912231445
37.0,12.0,12.0,0.027754783630371094
69.0,24.0,24.0,0.06334137916564941
64.0,19.0,19.0,0.06133389472961426
142.0,36.0,36.0,0.12421751022338867
81.0,20.0,20.0,0.08013176918029785
69.0,26.0,26.0,0.0767831802368164
15.0,4.0,4.0,0.015401363372802734
56.0,13.0,13.0,0.046895503997802734
21.0,10.0,10.0,0.020578861236572266
36.0,8.0,8.0,0.035514116287231445
24.0,9.0,9.0,0.019510984420776367
90.0,24.0,24.0,0.08241868019104004
22.0,7.0,7.0,0.02413463592529297
18.0,7.0,7.0,0.014866828918457031
38.0,9.0,9.0,0.04509139060974121
51.0,12.0,12.0,0.05276656150817871
40.0,17.0,17.0,0.03409743309020996
24.0,9.0,9.0,0.018138408660888672
29.0,6.0,6.0,0.023572683334350586
30.0,14.0,14.0,0.029295682907104492
93.0,23.0,23.0,0.08515214920043945
54.0,20.0,20.0,0.05780315399169922
35.0,18.0,18.0,0.04179668426513672
30.0,13.0,13.0,0.031645774841308594
47.0,27.0,27.0,0.04985547065734863
28.0,12.0,12.0,0.031232833862304688
46.0,30.0,30.0,0.05480384826660156
60.0,14.0,14.0,0.06605863571166992
25.0,11.0,11.0,0.019791126251220703
68.0,17.0,17.0,0.07165932655334473
25.0,9.0,9.0,0.023328065872192383
43.0,9.0,9.0,0.051621198654174805
113.0,23.0,23.0,0.1196129322052002
67.0,21.0,21.0,0.07150030136108398
96.0,22.0,22.0,0.08968448638916016
39.0,19.0,19.0,0.031797170639038086
23.0,8.0,8.0,0.021446704864501953
314.0,82.0,82.0,0.27777743339538574
40.0,12.0,12.0,0.040392398834228516
41.0,20.0,20.0,0.03607010841369629
47.0,17.0,17.0,0.04435086250305176
90.0,27.0,27.0,0.08193278312683105
44.0,19.0,19.0,0.035121917724609375
53.0,14.0,14.0,0.04118204116821289
18.0,4.0,4.0,0.016666173934936523
87.0,25.0,25.0,0.07326745986938477
86.0,21.0,21.0,0.07282018661499023
67.0,10.0,10.0,0.055722713470458984
35.0,13.0,13.0,0.03217196464538574
97.0,25.0,25.0,0.08190274238586426
45.0,22.0,22.0,0.03592491149902344
18.0,6.0,6.0,0.016040802001953125
32.0,14.0,14.0,0.024424076080322266
28.0,7.0,7.0,0.021045684814453125
31.0,10.0,10.0,0.026740312576293945
44.0,13.0,13.0,0.03891921043395996
19.0,7.0,7.0,0.022695064544677734
63.0,19.0,19.0,0.06479001045227051
77.0,14.0,14.0,0.07482194900512695
54.0,14.0,14.0,0.048929452896118164
32.0,8.0,8.0,0.0311279296875
44.0,10.0,10.0,0.04162144660949707
191.0,45.0,45.0,0.20910978317260742
103.0,29.0,29.0,0.0981137752532959
37.0,13.0,13.0,0.03766131401062012
28.0,8.0,8.0,0.02060723304748535
71.0,27.0,27.0,0.059763431549072266
32.0,12.0,12.0,0.03932023048400879
48.0,17.0,17.0,0.05243396759033203
61.0,14.0,14.0,0.05374908447265625
43.0,11.0,11.0,0.03217577934265137
40.0,11.0,11.0,0.03558659553527832
49.0,14.0,14.0,0.04833483695983887
38.0,14.0,14.0,0.03744053840637207
80.0,11.0,11.0,0.08997941017150879
74.0,18.0,18.0,0.06747198104858398
28.0,12.0,12.0,0.027772188186645508
32.0,9.0,9.0,0.026178359985351562
88.0,38.0,38.0,0.07413768768310547
39.0,21.0,21.0,0.04308152198791504
105.0,31.0,31.0,0.09499573707580566
15.0,3.0,3.0,0.018215417861938477
23.0,8.0,8.0,0.020549774169921875
40.0,13.0,13.0,0.03456282615661621
58.0,18.0,18.0,0.04802560806274414
116.0,26.0,26.0,0.10434317588806152
27.0,7.0,7.0,0.031824588775634766
69.0,13.0,13.0,0.059572458267211914
42.0,17.0,17.0,0.03341960906982422
33.0,8.0,8.0,0.027101755142211914
20.0,8.0,8.0,0.014460086822509766
76.0,23.0,23.0,0.05629730224609375
81.0,27.0,27.0,0.06233811378479004
161.0,39.0,39.0,0.13556480407714844
35.0,10.0,10.0,0.029631853103637695
19.0,8.0,8.0,0.01509237289428711
50.0,12.0,12.0,0.041834115982055664
36.0,18.0,18.0,0.02660393714904785
27.0,10.0,10.0,0.023320436477661133
32.0,14.0,14.0,0.02105998992919922
69.0,12.0,12.0,0.049497127532958984
161.0,32.0,32.0,0.12336039543151855
31.0,12.0,12.0,0.029629945755004883
29.0,13.0,13.0,0.0293123722076416
34.0,15.0,15.0,0.0388796329498291
26.0,8.0,8.0,0.025381088256835938
43.0,13.0,13.0,0.04470992088317871
69.0,26.0,26.0,0.07261514663696289
35.0,12.0,12.0,0.037157535552978516
74.0,18.0,18.0,0.06934213638305664
49.0,19.0,19.0,0.04611349105834961
32.0,12.0,12.0,0.021036624908447266
42.0,7.0,7.0,0.03131818771362305
80.0,24.0,24.0,0.06081414222717285
180.0,45.0,45.0,0.12804889678955078
36.0,13.0,13.0,0.03558778762817383
100.0,37.0,37.0,0.06619763374328613
47.0,17.0,17.0,0.037200927734375
17.0,6.0,6.0,0.02105259895324707
31.0,17.0,17.0,0.02501678466796875
102.0,33.0,33.0,0.0849008560180664
80.0,27.0,27.0,0.05906176567077637
210.0,58.0,58.0,0.1737980842590332
57.0,15.0,15.0,0.044838905334472656
55.0,10.0,10.0,0.04296565055847168
75.0,18.0,18.0,0.06078028678894043
53.0,19.0,19.0,0.04530930519104004
43.0,12.0,12.0,0.03741717338562012
27.0,13.0,13.0,0.015235185623168945
77.0,21.0,21.0,0.06536364555358887
80.0,17.0,17.0,0.05823993682861328
47.0,7.0,7.0,0.04265117645263672
57.0,19.0,19.0,0.0490260124206543
111.0,27.0,27.0,0.09407806396484375
132.0,51.0,51.0,0.12036371231079102
51.0,8.0,8.0,0.04163622856140137
111.0,39.0,39.0,0.08182144165039062
29.0,8.0,8.0,0.026103734970092773
26.0,12.0,12.0,0.022496461868286133
73.0,19.0,19.0,0.06648802757263184
40.0,14.0,14.0,0.030686140060424805
42.0,29.0,29.0,0.03343486785888672
101.0,24.0,24.0,0.08074736595153809
37.0,11.0,11.0,0.03344988822937012
55.0,21.0,21.0,0.052764892578125
26.0,12.0,12.0,0.025214433670043945
24.0,5.0,5.0,0.01780533790588379
78.0,31.0,31.0,0.08010149002075195
55.0,18.0,18.0,0.0483090877532959
42.0,22.0,22.0,0.03710174560546875
124.0,36.0,36.0,0.10283279418945312
99.0,31.0,31.0,0.08138561248779297
24.0,9.0,9.0,0.020083904266357422
30.0,11.0,11.0,0.02962040901184082
69.0,21.0,21.0,0.056006431579589844
53.0,16.0,16.0,0.03618788719177246
77.0,28.0,28.0,0.06699872016906738
24.0,9.0,9.0,0.01925826072692871
26.0,4.0,4.0,0.01764845848083496
24.0,10.0,10.0,0.017038345336914062
96.0,28.0,28.0,0.0769355297088623
34.0,5.0,5.0,0.021761655807495117
31.0,8.0,8.0,0.02803659439086914
20.0,8.0,8.0,0.013257503509521484
115.0,30.0,30.0,0.09024190902709961
81.0,22.0,22.0,0.062127113342285156
111.0,26.0,26.0,0.08614039421081543
28.0,11.0,11.0,0.02271103858947754
33.0,19.0,19.0,0.036081552505493164
105.0,26.0,26.0,0.08544611930847168
21.0,5.0,5.0,0.020386934280395508
79.0,26.0,26.0,0.06512236595153809
73.0,31.0,31.0,0.061746835708618164
44.0,12.0,12.0,0.03939509391784668
53.0,12.0,12.0,0.040582895278930664
93.0,35.0,35.0,0.08088493347167969
49.0,10.0,10.0,0.043888092041015625
27.0,3.0,3.0,0.02785491943359375
23.0,11.0,11.0,0.019768953323364258
50.0,8.0,8.0,0.04029488563537598
22.0,10.0,10.0,0.01682257652282715
42.0,14.0,14.0,0.03746390342712402
60.0,17.0,17.0,0.04804849624633789
51.0,25.0,25.0,0.04139304161071777
28.0,12.0,12.0,0.023336410522460938
28.0,10.0,10.0,0.022431612014770508
28.0,11.0,11.0,0.025734663009643555
40.0,13.0,13.0,0.03264665603637695
97.0,33.0,33.0,0.0769190788269043
52.0,17.0,17.0,0.03946089744567871
20.0,9.0,9.0,0.0180666446685791
53.0,37.0,37.0,0.04605865478515625
50.0,14.0,14.0,0.05178260803222656
44.0,8.0,8.0,0.043656110763549805
73.0,22.0,22.0,0.0709984302520752
66.0,16.0,16.0,0.06191372871398926
22.0,9.0,9.0,0.02492976188659668
34.0,14.0,14.0,0.030426979064941406
51.0,7.0,7.0,0.044733285903930664
22.0,10.0,10.0,0.019522905349731445
97.0,22.0,22.0,0.07640671730041504
58.0,20.0,20.0,0.05527043342590332
37.0,10.0,10.0,0.03273129463195801
22.0,7.0,7.0,0.020467758178710938
23.0,8.0,8.0,0.02376580238342285
141.0,55.0,55.0,0.12664103507995605
29.0,12.0,12.0,0.02256917953491211
64.0,12.0,12.0,0.04698824882507324
18.0,5.0,5.0,0.013674259185791016
31.0,14.0,14.0,0.026012182235717773
28.0,8.0,8.0,0.024104833602905273
33.0,9.0,9.0,0.02666330337524414
40.0,10.0,10.0,0.03251814842224121
44.0,18.0,18.0,0.037314653396606445
52.0,14.0,14.0,0.043272972106933594
29.0,12.0,12.0,0.024989604949951172
17.0,6.0,6.0,0.018245458602905273
58.0,21.0,21.0,0.04721641540527344
67.0,18.0,18.0,0.04983091354370117
50.0,5.0,5.0,0.041208505630493164
16.0,5.0,5.0,0.014896392822265625
22.0,8.0,8.0,0.022336483001708984
31.0,8.0,8.0,0.023413658142089844
142.0,25.0,25.0,0.14743471145629883
30.0,6.0,6.0,0.0343778133392334
27.0,11.0,11.0,0.019709348678588867
56.0,14.0,14.0,0.044428348541259766
25.0,7.0,7.0,0.02153754234313965
32.0,17.0,17.0,0.0247499942779541
26.0,6.0,6.0,0.025148630142211914
187.0,37.0,37.0,0.21265625953674316
23.0,11.0,11.0,0.017427682876586914
51.0,14.0,14.0,0.050376176834106445
84.0,14.0,14.0,0.07767724990844727
23.0,8.0,8.0,0.022282123565673828
51.0,16.0,16.0,0.05413222312927246
15.0,4.0,4.0,0.01155233383178711
20.0,4.0,4.0,0.025417089462280273
65.0,16.0,16.0,0.06709885597229004
35.0,9.0,9.0,0.034479379653930664
31.0,12.0,12.0,0.03617715835571289
164.0,41.0,41.0,0.1724543571472168
23.0,10.0,10.0,0.0199429988861084
54.0,23.0,23.0,0.052159786224365234
144.0,32.0,32.0,0.1493229866027832
29.0,15.0,15.0,0.030757427215576172
43.0,7.0,7.0,0.04842019081115723
133.0,29.0,29.0,0.11208438873291016
62.0,13.0,13.0,0.05370831489562988
72.0,27.0,27.0,0.07087326049804688
36.0,7.0,7.0,0.02761054039001465
20.0,9.0,9.0,0.01463007926940918
28.0,13.0,13.0,0.023032188415527344
91.0,31.0,31.0,0.08637404441833496
29.0,15.0,15.0,0.02997899055480957
22.0,10.0,10.0,0.02179241180419922
70.0,26.0,26.0,0.06469011306762695
24.0,13.0,13.0,0.022858619689941406
38.0,17.0,17.0,0.0401453971862793
94.0,32.0,32.0,0.09778714179992676
30.0,5.0,5.0,0.023565292358398438
79.0,29.0,29.0,0.07123851776123047
92.0,20.0,20.0,0.08498501777648926
46.0,16.0,16.0,0.04346632957458496
64.0,19.0,19.0,0.06391453742980957
60.0,22.0,22.0,0.058478593826293945
40.0,15.0,15.0,0.03585219383239746
61.0,20.0,20.0,0.056661367416381836
45.0,13.0,13.0,0.04323911666870117
14.0,4.0,4.0,0.014837026596069336
22.0,7.0,7.0,0.0191195011138916
26.0,3.0,3.0,0.02774524688720703
24.0,11.0,11.0,0.019486665725708008
52.0,11.0,11.0,0.04252290725708008
24.0,6.0,6.0,0.019135475158691406
66.0,13.0,13.0,0.0658106803894043
21.0,10.0,10.0,0.02025914192199707
59.0,23.0,23.0,0.0614316463470459
37.0,6.0,6.0,0.04111742973327637
19.0,5.0,5.0,0.023438453674316406
19.0,6.0,6.0,0.021678924560546875
60.0,14.0,14.0,0.0689847469329834
20.0,5.0,5.0,0.018007516860961914
33.0,11.0,11.0,0.030798673629760742
85.0,18.0,18.0,0.09152436256408691
41.0,21.0,21.0,0.0462038516998291
57.0,14.0,14.0,0.06458830833435059
28.0,8.0,8.0,0.032996416091918945
26.0,9.0,9.0,0.03177928924560547
98.0,26.0,26.0,0.10630965232849121
73.0,20.0,20.0,0.07813906669616699
84.0,16.0,16.0,0.0795135498046875
32.0,17.0,17.0,0.028406858444213867
19.0,5.0,5.0,0.018779754638671875
24.0,12.0,12.0,0.026381492614746094
48.0,11.0,11.0,0.045548200607299805
18.0,7.0,7.0,0.02061176300048828
60.0,22.0,22.0,0.046395301818847656
25.0,8.0,8.0,0.027764320373535156
29.0,8.0,8.0,0.026555538177490234
66.0,25.0,25.0,0.048897504806518555
40.0,17.0,17.0,0.032259464263916016
46.0,16.0,16.0,0.04161548614501953
139.0,24.0,24.0,0.12060761451721191
85.0,25.0,25.0,0.06926083564758301
23.0,11.0,11.0,0.017572402954101562
21.0,6.0,6.0,0.02207016944885254
78.0,20.0,20.0,0.05989789962768555
86.0,19.0,19.0,0.07858157157897949
34.0,11.0,11.0,0.023654937744140625
46.0,16.0,16.0,0.03702902793884277
51.0,12.0,12.0,0.03484487533569336
29.0,7.0,7.0,0.02046036720275879
23.0,11.0,11.0,0.018948793411254883
105.0,30.0,30.0,0.0876309871673584
80.0,25.0,25.0,0.07968974113464355
16.0,1.0,1.0,0.012839317321777344
60.0,24.0,24.0,0.05679178237915039
16.0,5.0,5.0,0.014960289001464844
55.0,18.0,18.0,0.04463839530944824
19.0,8.0,8.0,0.014104843139648438
28.0,14.0,14.0,0.026599407196044922
25.0,10.0,10.0,0.023227214813232422
33.0,8.0,8.0,0.029494047164916992
31.0,13.0,13.0,0.02285909652709961
52.0,24.0,24.0,0.05532574653625488
39.0,9.0,9.0,0.0270538330078125
21.0,7.0,7.0,0.020593643188476562
25.0,5.0,5.0,0.02100515365600586
44.0,13.0,13.0,0.041330575942993164
56.0,13.0,13.0,0.04743790626525879
54.0,17.0,17.0,0.049010276794433594
69.0,18.0,18.0,0.05863595008850098
37.0,5.0,5.0,0.035204172134399414
37.0,11.0,11.0,0.04224395751953125
92.0,25.0,25.0,0.09228062629699707
42.0,14.0,14.0,0.04318833351135254
71.0,16.0,16.0,0.06740927696228027
47.0,13.0,13.0,0.04715585708618164
49.0,13.0,13.0,0.04502105712890625
154.0,40.0,40.0,0.1487407684326172
69.0,17.0,17.0,0.05465555191040039
18.0,3.0,3.0,0.024226665496826172
27.0,14.0,14.0,0.028877973556518555
63.0,18.0,18.0,0.049974679946899414
30.0,8.0,8.0,0.02248072624206543
17.0,6.0,6.0,0.012739419937133789
74.0,33.0,33.0,0.06444931030273438
66.0,17.0,17.0,0.0601038932800293
23.0,7.0,7.0,0.021322011947631836
66.0,22.0,22.0,0.05654335021972656
29.0,11.0,11.0,0.02420186996459961
68.0,17.0,17.0,0.05891227722167969
86.0,16.0,16.0,0.07989215850830078
27.0,12.0,12.0,0.026746273040771484
77.0,21.0,21.0,0.07561588287353516
30.0,18.0,18.0,0.023679018020629883
29.0,5.0,5.0,0.02574014663696289
28.0,13.0,13.0,0.019496679306030273
28.0,9.0,9.0,0.022796630859375
152.0,44.0,44.0,0.11541986465454102
33.0,9.0,9.0,0.023949384689331055
28.0,13.0,13.0,0.025736570358276367
35.0,17.0,17.0,0.026013612747192383
30.0,8.0,8.0,0.028551340103149414
41.0,12.0,12.0,0.03530764579772949
54.0,14.0,14.0,0.04615044593811035
40.0,10.0,10.0,0.032991647720336914
39.0,15.0,15.0,0.041797637939453125
99.0,34.0,34.0,0.07870006561279297
54.0,13.0,13.0,0.050102949142456055
38.0,15.0,15.0,0.04275655746459961
32.0,9.0,9.0,0.02913832664489746
95.0,26.0,26.0,0.08403730392456055
31.0,12.0,12.0,0.023918867111206055
71.0,24.0,24.0,0.07204198837280273
22.0,8.0,8.0,0.01828598976135254
99.0,31.0,31.0,0.08629798889160156
38.0,11.0,11.0,0.03775620460510254
39.0,9.0,9.0,0.0366969108581543
122.0,12.0,12.0,0.09883928298950195
139.0,28.0,28.0,0.1338331699371338
98.0,28.0,28.0,0.06876230239868164
45.0,11.0,11.0,0.036391258239746094
167.0,30.0,30.0,0.13998651504516602
35.0,19.0,19.0,0.02820444107055664
88.0,33.0,33.0,0.09011530876159668
64.0,13.0,13.0,0.05985379219055176
106.0,35.0,35.0,0.10273194313049316
69.0,17.0,17.0,0.059970855712890625
17.0,6.0,6.0,0.013081073760986328
29.0,5.0,5.0,0.022966861724853516
17.0,4.0,4.0,0.017600059509277344
39.0,22.0,22.0,0.03686857223510742
33.0,15.0,15.0,0.026363849639892578
45.0,8.0,8.0,0.03552675247192383
71.0,31.0,31.0,0.06197619438171387
28.0,10.0,10.0,0.02265167236328125
19.0,5.0,5.0,0.01599717140197754
42.0,15.0,15.0,0.04556608200073242
71.0,22.0,22.0,0.051877498626708984
108.0,18.0,18.0,0.08684611320495605
37.0,16.0,16.0,0.03298044204711914
81.0,10.0,10.0,0.07375741004943848
27.0,13.0,13.0,0.02517843246459961
28.0,15.0,15.0,0.025992155075073242
64.0,16.0,16.0,0.053807973861694336
53.0,10.0,10.0,0.04398083686828613
24.0,10.0,10.0,0.025148391723632812
68.0,25.0,25.0,0.05863046646118164
27.0,8.0,8.0,0.024724960327148438
84.0,15.0,15.0,0.06945323944091797
42.0,16.0,16.0,0.03560638427734375
35.0,12.0,12.0,0.030610322952270508
21.0,10.0,10.0,0.014629364013671875
49.0,27.0,27.0,0.03761029243469238
47.0,15.0,15.0,0.03729701042175293
19.0,8.0,8.0,0.01979517936706543
27.0,11.0,11.0,0.02244114875793457
69.0,13.0,13.0,0.055158376693725586
83.0,26.0,26.0,0.07030034065246582
61.0,17.0,17.0,0.05756831169128418
80.0,28.0,28.0,0.0834357738494873
25.0,12.0,12.0,0.02675342559814453
42.0,15.0,15.0,0.04651594161987305
19.0,7.0,7.0,0.017787456512451172
16.0,4.0,4.0,0.012699127197265625
38.0,10.0,10.0,0.034633636474609375
19.0,7.0,7.0,0.019962549209594727
51.0,20.0,20.0,0.04329371452331543
15.0,3.0,3.0,0.01131582260131836
32.0,17.0,17.0,0.0280001163482666
34.0,16.0,16.0,0.03660082817077637
40.0,11.0,11.0,0.0369420051574707
54.0,12.0,12.0,0.04493093490600586
42.0,23.0,23.0,0.032182931900024414
28.0,10.0,10.0,0.021461009979248047
23.0,7.0,7.0,0.01696181297302246
44.0,15.0,15.0,0.03363919258117676
113.0,25.0,25.0,0.09176874160766602
121.0,20.0,20.0,0.11112761497497559
61.0,19.0,19.0,0.05768752098083496
22.0,11.0,11.0,0.017673730850219727
31.0,15.0,15.0,0.024681806564331055
32.0,9.0,9.0,0.027712106704711914
42.0,27.0,27.0,0.03918099403381348
24.0,9.0,9.0,0.022038698196411133
28.0,10.0,10.0,0.026117563247680664
44.0,23.0,23.0,0.04274272918701172
78.0,18.0,18.0,0.07079434394836426
29.0,8.0,8.0,0.02650308609008789
31.0,8.0,8.0,0.03330874443054199
68.0,19.0,19.0,0.05725884437561035
20.0,7.0,7.0,0.01722550392150879
149.0,42.0,42.0,0.1324918270111084
59.0,24.0,24.0,0.06238675117492676
17.0,5.0,5.0,0.015216350555419922
21.0,10.0,10.0,0.023378372192382812
38.0,13.0,13.0,0.037621259689331055
69.0,26.0,26.0,0.06589245796203613
39.0,13.0,13.0,0.03926491737365723
52.0,15.0,15.0,0.046442508697509766
20.0,4.0,4.0,0.01907181739807129
36.0,12.0,12.0,0.0324859619140625
72.0,18.0,18.0,0.05600476264953613
24.0,13.0,13.0,0.022021770477294922
111.0,35.0,35.0,0.1020665168762207
50.0,17.0,17.0,0.05977940559387207
16.0,5.0,5.0,0.015768051147460938
36.0,12.0,12.0,0.03520035743713379
68.0,13.0,13.0,0.06705307960510254
20.0,5.0,5.0,0.021226882934570312
140.0,37.0,37.0,0.1463167667388916
72.0,18.0,18.0,0.08662891387939453
41.0,7.0,7.0,0.04012799263000488
24.0,7.0,7.0,0.023809432983398438
86.0,31.0,31.0,0.08513045310974121
85.0,18.0,18.0,0.07471036911010742
70.0,28.0,28.0,0.0691072940826416
28.0,10.0,10.0,0.029108762741088867
114.0,29.0,29.0,0.10742759704589844
36.0,17.0,17.0,0.02813243865966797
50.0,11.0,11.0,0.05373787879943848
17.0,4.0,4.0,0.010410785675048828
20.0,5.0,5.0,0.02326512336730957
139.0,29.0,29.0,0.1258866786956787
44.0,16.0,16.0,0.03696799278259277
103.0,18.0,18.0,0.08888459205627441
43.0,9.0,9.0,0.03218340873718262
23.0,6.0,6.0,0.01839137077331543
27.0,4.0,4.0,0.023560762405395508
43.0,20.0,20.0,0.034066200256347656
76.0,29.0,29.0,0.07082796096801758
43.0,16.0,16.0,0.031252384185791016
46.0,7.0,7.0,0.03808283805847168
26.0,11.0,11.0,0.018102407455444336
19.0,7.0,7.0,0.014875173568725586
78.0,17.0,17.0,0.06373929977416992
119.0,35.0,35.0,0.08646798133850098
25.0,11.0,11.0,0.01762247085571289
29.0,19.0,19.0,0.02369070053100586
117.0,24.0,24.0,0.11200308799743652
20.0,5.0,5.0,0.02126479148864746
78.0,27.0,27.0,0.06772971153259277
147.0,41.0,41.0,0.13282060623168945
131.0,24.0,24.0,0.10489273071289062
24.0,11.0,11.0,0.022500276565551758
46.0,31.0,31.0,0.038123369216918945
99.0,27.0,27.0,0.06139683723449707
48.0,20.0,20.0,0.045287370681762695
62.0,12.0,12.0,0.05454754829406738
52.0,7.0,7.0,0.04315805435180664
23.0,8.0,8.0,0.015543460845947266
28.0,7.0,7.0,0.022362947463989258
106.0,26.0,26.0,0.13742446899414062
111.0,37.0,37.0,0.10823297500610352
72.0,23.0,23.0,0.0706474781036377
25.0,9.0,9.0,0.024512052536010742
48.0,17.0,17.0,0.04259228706359863
59.0,10.0,10.0,0.05355262756347656
26.0,9.0,9.0,0.021463871002197266
27.0,15.0,15.0,0.024387121200561523
69.0,22.0,22.0,0.05776858329772949
86.0,32.0,32.0,0.08250713348388672
24.0,9.0,9.0,0.022592544555664062
18.0,7.0,7.0,0.017620563507080078
45.0,24.0,24.0,0.03839445114135742
39.0,13.0,13.0,0.0351405143737793
28.0,13.0,13.0,0.02785181999206543
19.0,8.0,8.0,0.019411087036132812
64.0,17.0,17.0,0.07387876510620117
35.0,14.0,14.0,0.034490346908569336
64.0,10.0,10.0,0.06386160850524902
58.0,19.0,19.0,0.050713539123535156
54.0,19.0,19.0,0.060808420181274414
44.0,28.0,28.0,0.0352025032043457
40.0,15.0,15.0,0.0397794246673584
61.0,22.0,22.0,0.06037735939025879
18.0,5.0,5.0,0.01635909080505371
14.0,3.0,3.0,0.010006427764892578
68.0,32.0,32.0,0.06973838806152344
35.0,8.0,8.0,0.043172359466552734
20.0,6.0,6.0,0.023935317993164062
93.0,26.0,26.0,0.09516668319702148
43.0,15.0,15.0,0.04147076606750488
35.0,10.0,10.0,0.03841257095336914
36.0,17.0,17.0,0.03347015380859375
30.0,13.0,13.0,0.024222612380981445
27.0,5.0,5.0,0.024356603622436523
17.0,3.0,3.0,0.01653909683227539
137.0,30.0,30.0,0.14224863052368164
36.0,11.0,11.0,0.03509688377380371
88.0,22.0,22.0,0.07829809188842773
79.0,27.0,27.0,0.0652158260345459
52.0,16.0,16.0,0.04008793830871582
32.0,18.0,18.0,0.036354780197143555
76.0,25.0,25.0,0.07813787460327148
28.0,6.0,6.0,0.028186559677124023
83.0,25.0,25.0,0.0857701301574707
22.0,7.0,7.0,0.02573990821838379
56.0,21.0,21.0,0.05375504493713379
79.0,21.0,21.0,0.0819706916809082
115.0,23.0,23.0,0.1081228256225586
30.0,11.0,11.0,0.02462625503540039
99.0,47.0,47.0,0.09020042419433594
110.0,21.0,21.0,0.1125485897064209
14.0,3.0,3.0,0.016938447952270508
24.0,7.0,7.0,0.030369043350219727
40.0,18.0,18.0,0.04485487937927246
37.0,18.0,18.0,0.03335428237915039
31.0,17.0,17.0,0.03254342079162598
48.0,21.0,21.0,0.03848147392272949
22.0,10.0,10.0,0.020296573638916016
178.0,49.0,49.0,0.17790675163269043
52.0,14.0,14.0,0.04727435111999512
24.0,12.0,12.0,0.023720979690551758
51.0,20.0,20.0,0.05216526985168457
75.0,23.0,23.0,0.07442879676818848
20.0,4.0,4.0,0.016406536102294922
28.0,13.0,13.0,0.024224519729614258
65.0,18.0,18.0,0.05137443542480469
25.0,7.0,7.0,0.01934218406677246
127.0,41.0,41.0,0.11889219284057617
86.0,36.0,36.0,0.08975815773010254
69.0,23.0,23.0,0.061775922775268555
122.0,33.0,33.0,0.11381173133850098
144.0,47.0,47.0,0.1391913890838623
50.0,16.0,16.0,0.05565619468688965
56.0,24.0,24.0,0.056211233139038086
56.0,16.0,16.0,0.05923151969909668
191.0,48.0,48.0,0.19454121589660645
20.0,7.0,7.0,0.021945714950561523
50.0,14.0,14.0,0.05845928192138672
27.0,9.0,9.0,0.03230857849121094
68.0,33.0,33.0,0.08438825607299805
42.0,13.0,13.0,0.051187992095947266
21.0,10.0,10.0,0.029074430465698242
61.0,22.0,22.0,0.06879997253417969
86.0,14.0,14.0,0.09790635108947754
16.0,6.0,6.0,0.01673126220703125
47.0,14.0,14.0,0.04607057571411133
19.0,8.0,8.0,0.017955780029296875
63.0,19.0,19.0,0.05896711349487305
53.0,20.0,20.0,0.04990220069885254
18.0,4.0,4.0,0.01605534553527832
68.0,16.0,16.0,0.0735633373260498
28.0,10.0,10.0,0.02525949478149414
42.0,13.0,13.0,0.037041664123535156
38.0,9.0,9.0,0.04248237609863281
20.0,5.0,5.0,0.01972222328186035
24.0,8.0,8.0,0.020055770874023438
171.0,34.0,34.0,0.15271902084350586
37.0,9.0,9.0,0.04156351089477539
28.0,11.0,11.0,0.02505040168762207
81.0,22.0,22.0,0.0751187801361084
129.0,34.0,34.0,0.11536192893981934
50.0,16.0,16.0,0.039443254470825195
32.0,10.0,10.0,0.0373234748840332
57.0,19.0,19.0,0.056134939193725586
114.0,22.0,22.0,0.09070467948913574
30.0,9.0,9.0,0.02341008186340332
59.0,12.0,12.0,0.055130720138549805
42.0,15.0,15.0,0.03116464614868164
32.0,13.0,13.0,0.028932571411132812
87.0,18.0,18.0,0.08419585227966309
71.0,15.0,15.0,0.06789493560791016
52.0,13.0,13.0,0.04063677787780762
100.0,32.0,32.0,0.08019804954528809
43.0,12.0,12.0,0.04247260093688965
39.0,11.0,11.0,0.0329279899597168
59.0,17.0,17.0,0.059700727462768555
49.0,18.0,18.0,0.04086661338806152
117.0,14.0,14.0,0.10836672782897949
28.0,10.0,10.0,0.031333208084106445
32.0,16.0,16.0,0.02904367446899414
91.0,20.0,20.0,0.10540318489074707
53.0,17.0,17.0,0.055684804916381836
114.0,28.0,28.0,0.11687803268432617
79.0,20.0,20.0,0.06902027130126953
50.0,21.0,21.0,0.04935002326965332
89.0,33.0,33.0,0.08166122436523438
89.0,21.0,21.0,0.07813334465026855
78.0,29.0,29.0,0.06103634834289551
34.0,9.0,9.0,0.027599573135375977
32.0,14.0,14.0,0.02778911590576172
21.0,9.0,9.0,0.022290468215942383
104.0,28.0,28.0,0.08538126945495605
52.0,21.0,21.0,0.043024539947509766
46.0,13.0,13.0,0.041425466537475586
38.0,11.0,11.0,0.03332400321960449
39.0,22.0,22.0,0.033937931060791016
20.0,5.0,5.0,0.01672959327697754
73.0,28.0,28.0,0.05895280838012695
31.0,10.0,10.0,0.028830528259277344
21.0,6.0,6.0,0.01672053337097168
142.0,29.0,29.0,0.1238868236541748
48.0,17.0,17.0,0.04014921188354492
81.0,22.0,22.0,0.08565688133239746
39.0,11.0,11.0,0.038763999938964844
74.0,26.0,26.0,0.07195091247558594
13.0,2.0,2.0,0.013545513153076172
52.0,16.0,16.0,0.04945254325866699
45.0,18.0,18.0,0.03516983985900879
84.0,24.0,24.0,0.05686688423156738
52.0,18.0,18.0,0.043006181716918945
39.0,11.0,11.0,0.03267383575439453
57.0,15.0,15.0,0.0491185188293457
70.0,18.0,18.0,0.05945944786071777
60.0,10.0,10.0,0.04651212692260742
26.0,8.0,8.0,0.021798372268676758
25.0,13.0,13.0,0.021085500717163086
217.0,28.0,28.0,0.19837045669555664
62.0,16.0,16.0,0.04646182060241699
23.0,6.0,6.0,0.019697189331054688
53.0,16.0,16.0,0.03961753845214844
34.0,8.0,8.0,0.03121495246887207
42.0,10.0,10.0,0.04657697677612305
23.0,10.0,10.0,0.02849745750427246
30.0,10.0,10.0,0.031139850616455078
33.0,15.0,15.0,0.03483176231384277
13.0,1.0,1.0,0.011052608489990234
116.0,25.0,25.0,0.11080789566040039
39.0,14.0,14.0,0.03379631042480469
13.0,2.0,2.0,0.010603189468383789
37.0,11.0,11.0,0.027809858322143555
56.0,15.0,15.0,0.05514216423034668
62.0,25.0,25.0,0.061872243881225586
25.0,10.0,10.0,0.021730661392211914
163.0,49.0,49.0,0.15896129608154297
19.0,4.0,4.0,0.01831197738647461
41.0,20.0,20.0,0.03742575645446777
73.0,26.0,26.0,0.06323504447937012
33.0,7.0,7.0,0.02883744239807129
51.0,16.0,16.0,0.050009965896606445
27.0,12.0,12.0,0.021333932876586914
65.0,18.0,18.0,0.06175875663757324
60.0,16.0,16.0,0.05376863479614258
67.0,23.0,23.0,0.07536125183105469
17.0,5.0,5.0,0.012829065322875977
94.0,25.0,25.0,0.07928276062011719
26.0,7.0,7.0,0.019208669662475586
18.0,6.0,6.0,0.01729106903076172
43.0,19.0,19.0,0.034938812255859375
24.0,3.0,3.0,0.018597126007080078
29.0,12.0,12.0,0.023677349090576172
60.0,13.0,13.0,0.0529329776763916
68.0,12.0,12.0,0.06827831268310547
104.0,32.0,32.0,0.09672784805297852
46.0,14.0,14.0,0.05136537551879883
47.0,15.0,15.0,0.045024871826171875
24.0,9.0,9.0,0.022446870803833008
31.0,18.0,18.0,0.03185868263244629
21.0,8.0,8.0,0.019431591033935547
55.0,21.0,21.0,0.04814457893371582
102.0,23.0,23.0,0.09197378158569336
135.0,30.0,30.0,0.1351776123046875
70.0,20.0,20.0,0.06204342842102051
41.0,14.0,14.0,0.03323507308959961
46.0,19.0,19.0,0.04353475570678711
38.0,16.0,16.0,0.03492379188537598
34.0,22.0,22.0,0.027346134185791016
19.0,5.0,5.0,0.013767480850219727
39.0,12.0,12.0,0.03399395942687988
41.0,11.0,11.0,0.03586935997009277
99.0,16.0,16.0,0.09758782386779785
240.0,63.0,63.0,0.22339248657226562
42.0,13.0,13.0,0.03344154357910156
23.0,7.0,7.0,0.019079923629760742
69.0,21.0,21.0,0.06012392044067383
30.0,18.0,18.0,0.026555299758911133
24.0,11.0,11.0,0.022099018096923828
24.0,9.0,9.0,0.021507978439331055
21.0,6.0,6.0,0.018208026885986328
32.0,13.0,13.0,0.02175450325012207
26.0,8.0,8.0,0.02902364730834961
32.0,9.0,9.0,0.02595686912536621
21.0,9.0,9.0,0.021154165267944336
120.0,30.0,30.0,0.10087227821350098
111.0,44.0,44.0,0.08833932876586914
21.0,8.0,8.0,0.016550779342651367
42.0,9.0,9.0,0.028666973114013672
40.0,18.0,18.0,0.03143715858459473
35.0,20.0,20.0,0.028949737548828125
48.0,28.0,28.0,0.05091071128845215
111.0,28.0,28.0,0.09519720077514648
60.0,21.0,21.0,0.05158638954162598
79.0,30.0,30.0,0.0665125846862793
95.0,30.0,30.0,0.08572936058044434
19.0,6.0,6.0,0.020171642303466797
41.0,17.0,17.0,0.030065059661865234
29.0,11.0,11.0,0.022400617599487305
62.0,17.0,17.0,0.0469820499420166
61.0,19.0,19.0,0.054384469985961914
21.0,4.0,4.0,0.016587018966674805
44.0,13.0,13.0,0.0394442081451416
68.0,31.0,31.0,0.05747485160827637
21.0,10.0,10.0,0.015136241912841797
36.0,10.0,10.0,0.03023838996887207
29.0,8.0,8.0,0.023882389068603516
24.0,11.0,11.0,0.023755311965942383
72.0,14.0,14.0,0.06397676467895508
54.0,18.0,18.0,0.059815168380737305
73.0,20.0,20.0,0.06598854064941406
55.0,18.0,18.0,0.04096341133117676
35.0,11.0,11.0,0.03417468070983887
38.0,6.0,6.0,0.03727579116821289
112.0,22.0,22.0,0.11709070205688477
38.0,12.0,12.0,0.03180813789367676
39.0,22.0,22.0,0.03461003303527832
49.0,22.0,22.0,0.04900026321411133
64.0,18.0,18.0,0.07015323638916016
73.0,27.0,27.0,0.0657801628112793
24.0,13.0,13.0,0.022388219833374023
80.0,32.0,32.0,0.08218121528625488
43.0,11.0,11.0,0.03473091125488281
66.0,18.0,18.0,0.061414480209350586
53.0,14.0,14.0,0.052681684494018555
24.0,7.0,7.0,0.025115013122558594
145.0,27.0,27.0,0.1428525447845459
25.0,9.0,9.0,0.02671527862548828
55.0,13.0,13.0,0.0565638542175293
218.0,63.0,63.0,0.20730090141296387
39.0,13.0,13.0,0.03917860984802246
67.0,38.0,38.0,0.06340527534484863
31.0,8.0,8.0,0.034401893615722656
277.0,53.0,53.0,0.2570157051086426
30.0,10.0,10.0,0.029076099395751953
40.0,15.0,15.0,0.03759479522705078
18.0,7.0,7.0,0.02454519271850586
36.0,12.0,12.0,0.04591083526611328
74.0,25.0,25.0,0.06384062767028809
39.0,11.0,11.0,0.0386347770690918
66.0,18.0,18.0,0.0708305835723877
34.0,15.0,15.0,0.034497737884521484
21.0,5.0,5.0,0.01945352554321289
19.0,7.0,7.0,0.017392396926879883
47.0,15.0,15.0,0.03921151161193848
45.0,16.0,16.0,0.03466081619262695
71.0,20.0,20.0,0.05753612518310547
26.0,12.0,12.0,0.029976606369018555
31.0,12.0,12.0,0.031003475189208984
66.0,12.0,12.0,0.05573081970214844
20.0,8.0,8.0,0.02146124839782715
122.0,37.0,37.0,0.09761500358581543
19.0,9.0,9.0,0.018994569778442383
83.0,15.0,15.0,0.07973432540893555
67.0,18.0,18.0,0.0707550048828125
36.0,14.0,14.0,0.03874635696411133
27.0,13.0,13.0,0.02583909034729004
29.0,13.0,13.0,0.035776376724243164
39.0,17.0,17.0,0.04122209548950195
37.0,15.0,15.0,0.03782200813293457
43.0,16.0,16.0,0.046755313873291016
72.0,17.0,17.0,0.07001662254333496
46.0,13.0,13.0,0.04689383506774902
37.0,12.0,12.0,0.038107872009277344
49.0,21.0,21.0,0.05645036697387695
22.0,5.0,5.0,0.02166008949279785
111.0,25.0,25.0,0.08796405792236328
139.0,33.0,33.0,0.11339116096496582
38.0,19.0,19.0,0.03429388999938965
26.0,9.0,9.0,0.019566774368286133
24.0,11.0,11.0,0.016263484954833984
106.0,19.0,19.0,0.08789277076721191
42.0,17.0,17.0,0.031199216842651367
68.0,18.0,18.0,0.05414175987243652
46.0,18.0,18.0,0.036832332611083984
30.0,18.0,18.0,0.03778481483459473
61.0,25.0,25.0,0.1128695011138916
102.0,29.0,29.0,0.12346291542053223
36.0,12.0,12.0,0.03594517707824707
24.0,7.0,7.0,0.01858830451965332
29.0,11.0,11.0,0.03650641441345215
28.0,9.0,9.0,0.024204492568969727
18.0,7.0,7.0,0.01617598533630371
130.0,39.0,39.0,0.12987756729125977
23.0,7.0,7.0,0.024242162704467773
87.0,24.0,24.0,0.08068227767944336
46.0,14.0,14.0,0.043340444564819336
33.0,15.0,15.0,0.03789162635803223
104.0,42.0,42.0,0.12945818901062012
69.0,20.0,20.0,0.06564545631408691
39.0,15.0,15.0,0.03372073173522949
22.0,10.0,10.0,0.022768020629882812
45.0,13.0,13.0,0.04745626449584961
38.0,15.0,15.0,0.03847813606262207
36.0,7.0,7.0,0.0382227897644043
27.0,6.0,6.0,0.03113412857055664
40.0,18.0,18.0,0.0491487979888916
26.0,11.0,11.0,0.03448629379272461
31.0,13.0,13.0,0.03329038619995117
98.0,33.0,33.0,0.12160253524780273
36.0,17.0,17.0,0.050080060958862305
37.0,16.0,16.0,0.04249238967895508
24.0,14.0,14.0,0.025099992752075195
48.0,20.0,20.0,0.048236846923828125
55.0,9.0,9.0,0.050047874450683594
26.0,13.0,13.0,0.025704145431518555
43.0,16.0,16.0,0.0377349853515625
63.0,15.0,15.0,0.06514716148376465
35.0,5.0,5.0,0.038645029067993164
43.0,11.0,11.0,0.0507354736328125
19.0,7.0,7.0,0.022542715072631836
148.0,27.0,27.0,0.16041326522827148
51.0,16.0,16.0,0.04299426078796387
44.0,6.0,6.0,0.05159592628479004
27.0,10.0,10.0,0.0324094295501709
137.0,48.0,48.0,0.12621641159057617
149.0,40.0,40.0,0.12715601921081543
109.0,29.0,29.0,0.08643722534179688
50.0,11.0,11.0,0.0476224422454834
17.0,5.0,5.0,0.011815071105957031
44.0,5.0,5.0,0.039728641510009766
15.0,4.0,4.0,0.01593613624572754
82.0,23.0,23.0,0.0696420669555664
21.0,9.0,9.0,0.024445533752441406
81.0,20.0,20.0,0.08317995071411133
177.0,25.0,25.0,0.15210175514221191
73.0,26.0,26.0,0.07929468154907227
28.0,12.0,12.0,0.024903059005737305
48.0,15.0,15.0,0.04684138298034668
27.0,15.0,15.0,0.023014307022094727
17.0,6.0,6.0,0.018364906311035156
51.0,16.0,16.0,0.05110812187194824
81.0,23.0,23.0,0.07862615585327148
29.0,14.0,14.0,0.024569272994995117
121.0,31.0,31.0,0.11260008811950684
51.0,15.0,15.0,0.053464651107788086
22.0,11.0,11.0,0.019089221954345703
17.0,5.0,5.0,0.02166748046875
21.0,8.0,8.0,0.02507948875427246
34.0,12.0,12.0,0.03977465629577637
51.0,22.0,22.0,0.057541608810424805
123.0,40.0,40.0,0.14004063606262207
18.0,7.0,7.0,0.01588273048400879
33.0,9.0,9.0,0.030691146850585938
29.0,12.0,12.0,0.0243070125579834
27.0,16.0,16.0,0.031491756439208984
38.0,14.0,14.0,0.043267011642456055
128.0,30.0,30.0,0.16365766525268555
29.0,10.0,10.0,0.03362560272216797
33.0,9.0,9.0,0.0368802547454834
30.0,16.0,16.0,0.044506072998046875
42.0,13.0,13.0,0.04209256172180176
21.0,6.0,6.0,0.032225608825683594
108.0,31.0,31.0,0.09641408920288086
19.0,3.0,3.0,0.019977807998657227
72.0,14.0,14.0,0.07401227951049805
34.0,17.0,17.0,0.03664684295654297
64.0,12.0,12.0,0.07029175758361816
23.0,7.0,7.0,0.022208452224731445
79.0,14.0,14.0,0.09689974784851074
107.0,12.0,12.0,0.10471606254577637
47.0,16.0,16.0,0.04889273643493652
45.0,7.0,7.0,0.04083681106567383
14.0,2.0,2.0,0.011823892593383789
47.0,29.0,29.0,0.04752206802368164
102.0,24.0,24.0,0.11538171768188477
110.0,27.0,27.0,0.10835647583007812
69.0,16.0,16.0,0.06009650230407715
72.0,27.0,27.0,0.05917215347290039
37.0,13.0,13.0,0.03449749946594238
17.0,4.0,4.0,0.012139320373535156
30.0,10.0,10.0,0.03127884864807129
58.0,29.0,29.0,0.043023109436035156
47.0,15.0,15.0,0.03128480911254883
46.0,10.0,10.0,0.03417372703552246
69.0,15.0,15.0,0.05521035194396973
105.0,27.0,27.0,0.11285209655761719
22.0,6.0,6.0,0.018964052200317383
70.0,10.0,10.0,0.07300400733947754
38.0,7.0,7.0,0.04719853401184082
41.0,13.0,13.0,0.04622316360473633
50.0,21.0,21.0,0.04709625244140625
43.0,18.0,18.0,0.03534197807312012
16.0,4.0,4.0,0.011966466903686523
64.0,12.0,12.0,0.054012298583984375
34.0,20.0,20.0,0.0267331600189209
31.0,8.0,8.0,0.021329164505004883
37.0,13.0,13.0,0.028890371322631836
49.0,20.0,20.0,0.039224863052368164
20.0,8.0,8.0,0.02031850814819336
25.0,13.0,13.0,0.01877760887145996
26.0,15.0,15.0,0.029742717742919922
45.0,14.0,14.0,0.03619575500488281
48.0,19.0,19.0,0.03474140167236328
48.0,15.0,15.0,0.038866281509399414
34.0,13.0,13.0,0.02998065948486328
36.0,9.0,9.0,0.03293800354003906
42.0,17.0,17.0,0.03648495674133301
20.0,6.0,6.0,0.01622748374938965
107.0,29.0,29.0,0.10929012298583984
41.0,13.0,13.0,0.036032676696777344
77.0,19.0,19.0,0.08589839935302734
107.0,46.0,46.0,0.08431029319763184
37.0,8.0,8.0,0.03188514709472656
27.0,9.0,9.0,0.024039268493652344
42.0,17.0,17.0,0.040701866149902344
56.0,21.0,21.0,0.04945826530456543
51.0,10.0,10.0,0.04680442810058594
30.0,12.0,12.0,0.03429985046386719
40.0,10.0,10.0,0.0409548282623291
19.0,7.0,7.0,0.01938343048095703
31.0,13.0,13.0,0.025396108627319336
25.0,12.0,12.0,0.028609275817871094
20.0,8.0,8.0,0.02030801773071289
35.0,18.0,18.0,0.035919904708862305
45.0,11.0,11.0,0.05636858940124512
41.0,9.0,9.0,0.038332223892211914
50.0,16.0,16.0,0.044751882553100586
39.0,17.0,17.0,0.04255390167236328
22.0,4.0,4.0,0.022302865982055664
33.0,14.0,14.0,0.029584407806396484
19.0,7.0,7.0,0.01644587516784668
66.0,26.0,26.0,0.058504581451416016
53.0,22.0,22.0,0.04752993583679199
22.0,9.0,9.0,0.023569107055664062
70.0,19.0,19.0,0.06316661834716797
14.0,4.0,4.0,0.014013051986694336
52.0,22.0,22.0,0.0591273307800293
75.0,22.0,22.0,0.06680822372436523
92.0,24.0,24.0,0.09995079040527344
63.0,20.0,20.0,0.08246517181396484
52.0,5.0,5.0,0.05446505546569824
106.0,26.0,26.0,0.10093164443969727
86.0,16.0,16.0,0.0728602409362793
66.0,24.0,24.0,0.04739046096801758
30.0,8.0,8.0,0.023444175720214844
34.0,14.0,14.0,0.032881975173950195
38.0,10.0,10.0,0.023934364318847656
22.0,7.0,7.0,0.01955413818359375
51.0,18.0,18.0,0.0410306453704834
41.0,11.0,11.0,0.03603935241699219
44.0,26.0,26.0,0.04109764099121094
181.0,48.0,48.0,0.17211008071899414
47.0,17.0,17.0,0.03612661361694336
92.0,13.0,13.0,0.07558870315551758
53.0,13.0,13.0,0.04800987243652344
23.0,12.0,12.0,0.01978778839111328
64.0,24.0,24.0,0.0563502311706543
85.0,36.0,36.0,0.08250546455383301
27.0,17.0,17.0,0.021667003631591797
73.0,17.0,17.0,0.062047481536865234
56.0,23.0,23.0,0.050768136978149414
53.0,19.0,19.0,0.04088711738586426
97.0,21.0,21.0,0.07365202903747559
38.0,19.0,19.0,0.03321218490600586
20.0,6.0,6.0,0.016568899154663086
31.0,10.0,10.0,0.028035879135131836
70.0,24.0,24.0,0.057791948318481445
35.0,16.0,16.0,0.030977725982666016
55.0,13.0,13.0,0.04373431205749512
22.0,9.0,9.0,0.021625041961669922
71.0,25.0,25.0,0.062155723571777344
52.0,20.0,20.0,0.05105447769165039
101.0,23.0,23.0,0.10413813591003418
25.0,11.0,11.0,0.02104973793029785
26.0,15.0,15.0,0.02807927131652832
25.0,8.0,8.0,0.02213311195373535
95.0,37.0,37.0,0.07664990425109863
39.0,9.0,9.0,0.041135549545288086
27.0,5.0,5.0,0.02356886863708496
49.0,23.0,23.0,0.04840874671936035
32.0,12.0,12.0,0.037325382232666016
83.0,24.0,24.0,0.11477231979370117
74.0,21.0,21.0,0.09862351417541504
28.0,9.0,9.0,0.029666900634765625
61.0,21.0,21.0,0.06216764450073242
22.0,10.0,10.0,0.020853042602539062
25.0,12.0,12.0,0.02242302894592285
70.0,21.0,21.0,0.058924198150634766
60.0,30.0,30.0,0.0621490478515625
49.0,15.0,15.0,0.053867340087890625
50.0,11.0,11.0,0.058685302734375
32.0,13.0,13.0,0.027865171432495117
68.0,20.0,20.0,0.06419157981872559
17.0,5.0,5.0,0.015269756317138672
44.0,15.0,15.0,0.03834414482116699
65.0,13.0,13.0,0.06151008605957031
32.0,15.0,15.0,0.0338435173034668
26.0,14.0,14.0,0.022891998291015625
62.0,23.0,23.0,0.06286334991455078
40.0,9.0,9.0,0.0402827262878418
98.0,29.0,29.0,0.0916743278503418
40.0,15.0,15.0,0.04014873504638672
61.0,26.0,26.0,0.06118035316467285
136.0,24.0,24.0,0.12196993827819824
70.0,13.0,13.0,0.08204889297485352
179.0,43.0,43.0,0.17630815505981445
207.0,48.0,48.0,0.19216156005859375
28.0,8.0,8.0,0.027121782302856445
59.0,29.0,29.0,0.05258536338806152
51.0,28.0,28.0,0.047711849212646484
80.0,22.0,22.0,0.06797599792480469
31.0,9.0,9.0,0.02942633628845215
27.0,14.0,14.0,0.01986217498779297
42.0,23.0,23.0,0.03348255157470703
28.0,6.0,6.0,0.03081202507019043
26.0,9.0,9.0,0.02212834358215332
44.0,14.0,14.0,0.044649600982666016
60.0,18.0,18.0,0.048510074615478516
74.0,17.0,17.0,0.06527137756347656
136.0,34.0,34.0,0.1523892879486084
51.0,19.0,19.0,0.048360347747802734
75.0,15.0,15.0,0.07530665397644043
72.0,32.0,32.0,0.058042287826538086
106.0,27.0,27.0,0.08072090148925781
43.0,20.0,20.0,0.04902482032775879
23.0,11.0,11.0,0.022665023803710938
41.0,18.0,18.0,0.03412985801696777
24.0,12.0,12.0,0.024451017379760742
84.0,22.0,22.0,0.07229137420654297
53.0,23.0,23.0,0.05199313163757324
37.0,9.0,9.0,0.03455924987792969
28.0,9.0,9.0,0.023577451705932617
104.0,38.0,38.0,0.08280253410339355
68.0,20.0,20.0,0.06946945190429688
32.0,11.0,11.0,0.029254674911499023
20.0,7.0,7.0,0.013664960861206055
156.0,40.0,40.0,0.14055991172790527
15.0,4.0,4.0,0.012502908706665039
21.0,8.0,8.0,0.018207550048828125
40.0,20.0,20.0,0.027573585510253906
48.0,19.0,19.0,0.05316329002380371
28.0,8.0,8.0,0.02381134033203125
28.0,12.0,12.0,0.03392624855041504
66.0,6.0,6.0,0.06998705863952637
102.0,27.0,27.0,0.08871054649353027
61.0,18.0,18.0,0.06384491920471191
139.0,46.0,46.0,0.13200688362121582
39.0,15.0,15.0,0.047224998474121094
55.0,23.0,23.0,0.05633854866027832
23.0,12.0,12.0,0.019530773162841797
72.0,19.0,19.0,0.05618572235107422
31.0,19.0,19.0,0.02596282958984375
25.0,15.0,15.0,0.029497861862182617
94.0,29.0,29.0,0.08134031295776367
50.0,19.0,19.0,0.0505976676940918
43.0,15.0,15.0,0.036164283752441406
63.0,29.0,29.0,0.055296897888183594
82.0,25.0,25.0,0.06581783294677734
52.0,16.0,16.0,0.055908918380737305
110.0,25.0,25.0,0.12508201599121094
49.0,20.0,20.0,0.05416989326477051
22.0,7.0,7.0,0.024819374084472656
18.0,8.0,8.0,0.018207550048828125
19.0,7.0,7.0,0.025066375732421875
26.0,10.0,10.0,0.03317689895629883
48.0,19.0,19.0,0.047792911529541016
74.0,22.0,22.0,0.07310914993286133
47.0,21.0,21.0,0.04987382888793945
37.0,16.0,16.0,0.03934812545776367
31.0,13.0,13.0,0.029896974563598633
21.0,8.0,8.0,0.018696308135986328
31.0,12.0,12.0,0.02779531478881836
31.0,9.0,9.0,0.024252891540527344
90.0,15.0,15.0,0.08451533317565918
63.0,13.0,13.0,0.062209367752075195
61.0,20.0,20.0,0.04639887809753418
26.0,14.0,14.0,0.026499271392822266
33.0,12.0,12.0,0.03148484230041504
164.0,51.0,51.0,0.15550541877746582
72.0,23.0,23.0,0.07217979431152344
28.0,12.0,12.0,0.026226282119750977
74.0,23.0,23.0,0.07461667060852051
29.0,8.0,8.0,0.027513504028320312
85.0,25.0,25.0,0.08607125282287598
48.0,12.0,12.0,0.04215717315673828
24.0,12.0,12.0,0.023960590362548828
79.0,27.0,27.0,0.07182121276855469
54.0,29.0,29.0,0.05975818634033203
49.0,20.0,20.0,0.04961562156677246
52.0,17.0,17.0,0.04812049865722656
59.0,23.0,23.0,0.055225372314453125
48.0,15.0,15.0,0.05690431594848633
83.0,33.0,33.0,0.07326269149780273
49.0,20.0,20.0,0.047473907470703125
39.0,18.0,18.0,0.04545879364013672
17.0,5.0,5.0,0.012364387512207031
39.0,14.0,14.0,0.030371904373168945
69.0,21.0,21.0,0.06223273277282715
27.0,5.0,5.0,0.02327752113342285
47.0,14.0,14.0,0.041526079177856445
21.0,8.0,8.0,0.013003826141357422
22.0,11.0,11.0,0.017705917358398438
51.0,17.0,17.0,0.04685258865356445
51.0,12.0,12.0,0.04384160041809082
124.0,25.0,25.0,0.136946439743042
126.0,24.0,24.0,0.14530181884765625
76.0,16.0,16.0,0.07211804389953613
61.0,19.0,19.0,0.05303215980529785
64.0,20.0,20.0,0.05738711357116699
53.0,12.0,12.0,0.05078458786010742
49.0,8.0,8.0,0.059187889099121094
22.0,10.0,10.0,0.018585205078125
24.0,13.0,13.0,0.019285917282104492
34.0,9.0,9.0,0.02260136604309082
71.0,24.0,24.0,0.057122230529785156
41.0,10.0,10.0,0.033203125
34.0,12.0,12.0,0.02863001823425293
17.0,5.0,5.0,0.011063575744628906
24.0,3.0,3.0,0.022942066192626953
24.0,13.0,13.0,0.01570606231689453
187.0,55.0,55.0,0.17143726348876953
230.0,50.0,50.0,0.20428681373596191
77.0,25.0,25.0,0.07994413375854492
28.0,12.0,12.0,0.027110815048217773
45.0,10.0,10.0,0.047409772872924805
25.0,11.0,11.0,0.024187564849853516
32.0,12.0,12.0,0.03114795684814453
58.0,16.0,16.0,0.0695035457611084
27.0,13.0,13.0,0.02587890625
21.0,10.0,10.0,0.01602935791015625
126.0,42.0,42.0,0.1305842399597168
44.0,14.0,14.0,0.05562424659729004
59.0,16.0,16.0,0.05814027786254883
24.0,8.0,8.0,0.024768352508544922
65.0,17.0,17.0,0.0636758804321289
25.0,10.0,10.0,0.02481389045715332
138.0,32.0,32.0,0.14177751541137695
57.0,22.0,22.0,0.06188535690307617
16.0,4.0,4.0,0.01844048500061035
47.0,24.0,24.0,0.05712080001831055
38.0,10.0,10.0,0.035680294036865234
31.0,12.0,12.0,0.03388404846191406
47.0,10.0,10.0,0.05497455596923828
166.0,52.0,52.0,0.20796966552734375
65.0,16.0,16.0,0.07552623748779297
45.0,16.0,16.0,0.04082632064819336
69.0,29.0,29.0,0.07034969329833984
41.0,18.0,18.0,0.04191160202026367
46.0,20.0,20.0,0.045772552490234375
201.0,56.0,56.0,0.18601489067077637
113.0,30.0,30.0,0.08663344383239746
81.0,17.0,17.0,0.05616641044616699
54.0,12.0,12.0,0.05194735527038574
22.0,5.0,5.0,0.0199887752532959
54.0,11.0,11.0,0.04365801811218262
159.0,39.0,39.0,0.15125393867492676
108.0,43.0,43.0,0.09509754180908203
33.0,8.0,8.0,0.020468473434448242
27.0,7.0,7.0,0.021185636520385742
44.0,13.0,13.0,0.03390789031982422
150.0,37.0,37.0,0.14332318305969238
20.0,9.0,9.0,0.018471717834472656
28.0,12.0,12.0,0.01971149444580078
36.0,5.0,5.0,0.02809739112854004
164.0,35.0,35.0,0.1391158103942871
71.0,15.0,15.0,0.059116363525390625
93.0,26.0,26.0,0.07785606384277344
84.0,19.0,19.0,0.07249188423156738
35.0,10.0,10.0,0.033480167388916016
183.0,44.0,44.0,0.17290878295898438
39.0,23.0,23.0,0.036932945251464844
32.0,11.0,11.0,0.027424097061157227
53.0,14.0,14.0,0.04565572738647461
49.0,23.0,23.0,0.04597306251525879
65.0,23.0,23.0,0.07117724418640137
55.0,12.0,12.0,0.05471205711364746
70.0,19.0,19.0,0.07218599319458008
125.0,32.0,32.0,0.12318134307861328
28.0,5.0,5.0,0.02393794059753418
125.0,30.0,30.0,0.11743927001953125
55.0,17.0,17.0,0.047316789627075195
25.0,10.0,10.0,0.020576953887939453
25.0,8.0,8.0,0.02675938606262207
73.0,26.0,26.0,0.07551884651184082
24.0,13.0,13.0,0.017099857330322266
51.0,19.0,19.0,0.06000471115112305
63.0,14.0,14.0,0.06073451042175293
35.0,15.0,15.0,0.06700897216796875
52.0,22.0,22.0,0.05484199523925781
56.0,24.0,24.0,0.04973745346069336
37.0,12.0,12.0,0.030951261520385742
51.0,19.0,19.0,0.0404055118560791
26.0,14.0,14.0,0.01926398277282715
43.0,10.0,10.0,0.052709102630615234
69.0,17.0,17.0,0.07153534889221191
40.0,11.0,11.0,0.04045271873474121
45.0,12.0,12.0,0.04683327674865723
17.0,5.0,5.0,0.021683454513549805
33.0,1.0,1.0,0.0255279541015625
23.0,9.0,9.0,0.02386617660522461
108.0,21.0,21.0,0.09242844581604004
19.0,5.0,5.0,0.018765687942504883
24.0,7.0,7.0,0.020166635513305664
46.0,14.0,14.0,0.0430293083190918
17.0,7.0,7.0,0.01291513442993164
37.0,11.0,11.0,0.0336456298828125
68.0,20.0,20.0,0.07079744338989258
42.0,24.0,24.0,0.033309221267700195
55.0,25.0,25.0,0.043114662170410156
31.0,13.0,13.0,0.03159070014953613
118.0,34.0,34.0,0.09649777412414551
23.0,10.0,10.0,0.017508506774902344
87.0,18.0,18.0,0.08057928085327148
35.0,10.0,10.0,0.030762434005737305
39.0,10.0,10.0,0.04247856140136719
29.0,15.0,15.0,0.02226853370666504
48.0,15.0,15.0,0.04838132858276367
21.0,9.0,9.0,0.01767444610595703
15.0,4.0,4.0,0.014199018478393555
24.0,10.0,10.0,0.02010655403137207
71.0,17.0,17.0,0.06904077529907227
