Timesteps,Collisions,Steps Waited,Real-Time Elapsed
75.0,9.0,9.0,0.03029799461364746
65.0,9.0,9.0,0.029253482818603516
18.0,3.0,3.0,0.00805974006652832
32.0,12.0,12.0,0.018283367156982422
25.0,9.0,9.0,0.007808685302734375
19.0,2.0,2.0,0.005751371383666992
35.0,11.0,11.0,0.011329889297485352
30.0,5.0,5.0,0.009115934371948242
29.0,8.0,8.0,0.0036995410919189453
14.0,3.0,3.0,0.0
13.0,1.0,1.0,0.015506982803344727
21.0,7.0,7.0,0.007936239242553711
77.0,22.0,22.0,0.03199911117553711
29.0,6.0,6.0,0.010392427444458008
32.0,10.0,10.0,0.012417793273925781
74.0,16.0,16.0,0.04146623611450195
33.0,15.0,15.0,0.023421525955200195
32.0,3.0,3.0,0.03256654739379883
18.0,4.0,4.0,0.012396574020385742
41.0,14.0,14.0,0.03405261039733887
41.0,5.0,5.0,0.02070021629333496
24.0,8.0,8.0,0.004729032516479492
22.0,6.0,6.0,0.012093544006347656
152.0,14.0,14.0,0.0442657470703125
19.0,8.0,8.0,0.01741504669189453
33.0,6.0,6.0,0.01016545295715332
43.0,18.0,18.0,0.009579896926879883
47.0,13.0,13.0,0.008568525314331055
46.0,5.0,5.0,0.01681208610534668
18.0,1.0,1.0,0.006805419921875
26.0,8.0,8.0,0.011612415313720703
42.0,14.0,14.0,0.024178743362426758
14.0,3.0,3.0,0.004254579544067383
25.0,9.0,9.0,0.01326608657836914
39.0,15.0,15.0,0.017119646072387695
107.0,38.0,38.0,0.04398536682128906
46.0,18.0,18.0,0.015531063079833984
26.0,11.0,11.0,0.010553121566772461
50.0,6.0,6.0,0.012108325958251953
55.0,4.0,4.0,0.01868605613708496
25.0,13.0,13.0,0.0126190185546875
34.0,9.0,9.0,0.012612342834472656
54.0,7.0,7.0,0.024187326431274414
32.0,5.0,5.0,0.008520126342773438
19.0,7.0,7.0,0.010166645050048828
38.0,5.0,5.0,0.012533903121948242
91.0,8.0,8.0,0.033612966537475586
64.0,12.0,12.0,0.028370141983032227
46.0,13.0,13.0,0.022433042526245117
39.0,9.0,9.0,0.01866006851196289
60.0,14.0,14.0,0.02812361717224121
65.0,11.0,11.0,0.02203989028930664
75.0,23.0,23.0,0.026693105697631836
174.0,25.0,25.0,0.06591963768005371
35.0,8.0,8.0,0.016597986221313477
88.0,18.0,18.0,0.03484296798706055
68.0,16.0,16.0,0.02028632164001465
53.0,15.0,15.0,0.018748760223388672
21.0,7.0,7.0,0.008423089981079102
52.0,12.0,12.0,0.008394241333007812
32.0,13.0,13.0,0.0213167667388916
95.0,11.0,11.0,0.03896069526672363
17.0,2.0,2.0,0.013545989990234375
21.0,5.0,5.0,0.009239435195922852
48.0,8.0,8.0,0.030681371688842773
36.0,6.0,6.0,0.013229608535766602
30.0,10.0,10.0,0.012878179550170898
61.0,11.0,11.0,0.0223233699798584
16.0,5.0,5.0,0.005928516387939453
39.0,8.0,8.0,0.017167091369628906
24.0,12.0,12.0,0.008654356002807617
40.0,10.0,10.0,0.008722066879272461
45.0,15.0,15.0,0.021502017974853516
17.0,5.0,5.0,0.009516000747680664
42.0,12.0,12.0,0.020595550537109375
20.0,8.0,8.0,0.009221315383911133
46.0,9.0,9.0,0.012760162353515625
26.0,7.0,7.0,0.008917570114135742
21.0,8.0,8.0,0.009732961654663086
29.0,5.0,5.0,0.01160430908203125
70.0,14.0,14.0,0.025783538818359375
16.0,4.0,4.0,0.0037152767181396484
44.0,6.0,6.0,0.023387908935546875
63.0,21.0,21.0,0.029523849487304688
16.0,3.0,3.0,0.004937171936035156
19.0,4.0,4.0,0.0058438777923583984
74.0,21.0,21.0,0.031103849411010742
20.0,6.0,6.0,0.005655765533447266
29.0,10.0,10.0,0.016971826553344727
31.0,9.0,9.0,0.01108241081237793
102.0,15.0,15.0,0.03317070007324219
57.0,11.0,11.0,0.02187943458557129
59.0,9.0,9.0,0.03567004203796387
29.0,4.0,4.0,0.01758718490600586
50.0,22.0,22.0,0.02668595314025879
60.0,10.0,10.0,0.02263641357421875
19.0,7.0,7.0,0.006543636322021484
68.0,4.0,4.0,0.02374553680419922
19.0,3.0,3.0,0.0070111751556396484
19.0,5.0,5.0,0.0067026615142822266
73.0,9.0,9.0,0.023740053176879883
23.0,4.0,4.0,0.007538318634033203
66.0,18.0,18.0,0.02126288414001465
90.0,10.0,10.0,0.031572818756103516
23.0,3.0,3.0,0.007508516311645508
33.0,16.0,16.0,0.010162353515625
18.0,7.0,7.0,0.0057849884033203125
30.0,7.0,7.0,0.015108585357666016
32.0,13.0,13.0,0.008614063262939453
23.0,8.0,8.0,0.01835489273071289
22.0,4.0,4.0,0.011408567428588867
45.0,5.0,5.0,0.014658927917480469
67.0,7.0,7.0,0.028989076614379883
50.0,11.0,11.0,0.016813278198242188
141.0,20.0,20.0,0.044809818267822266
37.0,10.0,10.0,0.01472926139831543
44.0,5.0,5.0,0.014558076858520508
27.0,10.0,10.0,0.01596808433532715
60.0,12.0,12.0,0.014589786529541016
74.0,11.0,11.0,0.03339862823486328
41.0,4.0,4.0,0.014183759689331055
78.0,11.0,11.0,0.03219294548034668
39.0,14.0,14.0,0.01570415496826172
60.0,11.0,11.0,0.015742778778076172
24.0,6.0,6.0,0.013892650604248047
44.0,8.0,8.0,0.017029523849487305
122.0,20.0,20.0,0.044632673263549805
50.0,5.0,5.0,0.01712512969970703
19.0,4.0,4.0,0.004856109619140625
22.0,7.0,7.0,0.003645658493041992
73.0,14.0,14.0,0.027777671813964844
25.0,8.0,8.0,0.007856607437133789
22.0,7.0,7.0,0.007896900177001953
21.0,4.0,4.0,0.0065021514892578125
41.0,10.0,10.0,0.013744115829467773
29.0,2.0,2.0,0.015504598617553711
15.0,1.0,1.0,0.008936882019042969
23.0,2.0,2.0,0.01361227035522461
17.0,5.0,5.0,0.008367776870727539
32.0,11.0,11.0,0.019670963287353516
55.0,8.0,8.0,0.017318248748779297
18.0,7.0,7.0,0.009037971496582031
37.0,7.0,7.0,0.014977693557739258
88.0,13.0,13.0,0.02654242515563965
27.0,7.0,7.0,0.01437687873840332
79.0,18.0,18.0,0.028692245483398438
48.0,8.0,8.0,0.022748231887817383
60.0,14.0,14.0,0.02224588394165039
83.0,9.0,9.0,0.029450178146362305
80.0,15.0,15.0,0.032035112380981445
21.0,8.0,8.0,0.008747339248657227
16.0,5.0,5.0,0.004906415939331055
45.0,9.0,9.0,0.019900798797607422
27.0,9.0,9.0,0.009735107421875
42.0,15.0,15.0,0.017377376556396484
39.0,7.0,7.0,0.03313159942626953
91.0,12.0,12.0,0.07437658309936523
18.0,4.0,4.0,0.0
19.0,4.0,4.0,0.0202329158782959
19.0,3.0,3.0,0.02235102653503418
19.0,6.0,6.0,0.011623144149780273
43.0,4.0,4.0,0.012386083602905273
86.0,15.0,15.0,0.035794973373413086
22.0,7.0,7.0,0.007825136184692383
47.0,10.0,10.0,0.026296377182006836
26.0,7.0,7.0,0.00911259651184082
14.0,3.0,3.0,0.006041765213012695
17.0,3.0,3.0,0.0064089298248291016
51.0,9.0,9.0,0.016811132431030273
29.0,6.0,6.0,0.0013365745544433594
32.0,7.0,7.0,0.01811695098876953
68.0,16.0,16.0,0.031685590744018555
52.0,14.0,14.0,0.025292158126831055
41.0,3.0,3.0,0.011104583740234375
41.0,8.0,8.0,0.002934694290161133
79.0,13.0,13.0,0.028745174407958984
26.0,8.0,8.0,0.0156400203704834
69.0,13.0,13.0,0.03333854675292969
41.0,11.0,11.0,0.012671709060668945
42.0,8.0,8.0,0.015181303024291992
57.0,12.0,12.0,0.01692652702331543
73.0,10.0,10.0,0.025104284286499023
18.0,6.0,6.0,0.010794401168823242
56.0,11.0,11.0,0.016045570373535156
16.0,4.0,4.0,0.0
18.0,7.0,7.0,0.01563405990600586
17.0,4.0,4.0,0.0
29.0,4.0,4.0,0.01671910285949707
36.0,5.0,5.0,0.015033960342407227
26.0,8.0,8.0,0.01564645767211914
24.0,7.0,7.0,0.0010592937469482422
21.0,9.0,9.0,0.007968902587890625
30.0,6.0,6.0,0.0
70.0,9.0,9.0,0.014173030853271484
26.0,12.0,12.0,0.0156707763671875
15.0,5.0,5.0,0.015116453170776367
40.0,10.0,10.0,0.013874053955078125
17.0,4.0,4.0,0.00938105583190918
21.0,5.0,5.0,0.01020359992980957
72.0,8.0,8.0,0.0302584171295166
35.0,11.0,11.0,0.012066364288330078
33.0,7.0,7.0,0.012845277786254883
156.0,26.0,26.0,0.052887916564941406
25.0,4.0,4.0,0.006089687347412109
15.0,3.0,3.0,0.009966135025024414
24.0,3.0,3.0,0.006329774856567383
31.0,6.0,6.0,0.009754419326782227
77.0,17.0,17.0,0.031738996505737305
59.0,16.0,16.0,0.018176555633544922
32.0,8.0,8.0,0.020069599151611328
66.0,13.0,13.0,0.03624677658081055
41.0,14.0,14.0,0.022001981735229492
21.0,9.0,9.0,0.009001731872558594
35.0,11.0,11.0,0.013886451721191406
32.0,7.0,7.0,0.007399082183837891
40.0,10.0,10.0,0.013257980346679688
20.0,8.0,8.0,0.003612041473388672
22.0,4.0,4.0,0.009743690490722656
19.0,8.0,8.0,0.006297588348388672
52.0,7.0,7.0,0.011250972747802734
29.0,5.0,5.0,0.003755807876586914
45.0,12.0,12.0,0.02268075942993164
30.0,5.0,5.0,0.012061834335327148
22.0,8.0,8.0,0.009231805801391602
86.0,14.0,14.0,0.03635430335998535
79.0,17.0,17.0,0.020960092544555664
28.0,9.0,9.0,0.018416166305541992
93.0,13.0,13.0,0.0394747257232666
50.0,18.0,18.0,0.024222135543823242
77.0,10.0,10.0,0.020609378814697266
46.0,11.0,11.0,0.01968860626220703
70.0,15.0,15.0,0.010302305221557617
30.0,6.0,6.0,0.016104936599731445
24.0,13.0,13.0,0.008520841598510742
31.0,3.0,3.0,0.01001286506652832
52.0,11.0,11.0,0.01764655113220215
48.0,10.0,10.0,0.00201416015625
36.0,15.0,15.0,0.0
41.0,5.0,5.0,0.015627622604370117
46.0,9.0,9.0,0.03374338150024414
27.0,9.0,9.0,0.005673646926879883
43.0,8.0,8.0,0.02319025993347168
30.0,13.0,13.0,0.011014699935913086
62.0,17.0,17.0,0.01554727554321289
19.0,4.0,4.0,0.00663304328918457
42.0,10.0,10.0,0.012623786926269531
29.0,5.0,5.0,0.009139537811279297
15.0,2.0,2.0,0.005238533020019531
51.0,14.0,14.0,0.028286457061767578
29.0,12.0,12.0,0.0064563751220703125
25.0,6.0,6.0,0.008664131164550781
32.0,6.0,6.0,0.02201223373413086
19.0,6.0,6.0,0.006749868392944336
104.0,10.0,10.0,0.036440372467041016
63.0,13.0,13.0,0.022270679473876953
30.0,4.0,4.0,0.009501218795776367
54.0,19.0,19.0,0.01636791229248047
22.0,6.0,6.0,0.0067424774169921875
72.0,14.0,14.0,0.024370670318603516
28.0,7.0,7.0,0.010866641998291016
25.0,8.0,8.0,0.010605812072753906
35.0,13.0,13.0,0.01860213279724121
41.0,17.0,17.0,0.012752294540405273
18.0,5.0,5.0,0.007236003875732422
40.0,17.0,17.0,0.01684260368347168
41.0,10.0,10.0,0.013679981231689453
31.0,8.0,8.0,0.006259918212890625
40.0,7.0,7.0,0.022669315338134766
40.0,8.0,8.0,0.013360738754272461
55.0,7.0,7.0,0.020139455795288086
23.0,10.0,10.0,0.007875919342041016
18.0,3.0,3.0,0.004485368728637695
20.0,8.0,8.0,0.008274555206298828
56.0,12.0,12.0,0.011801481246948242
79.0,16.0,16.0,0.031685829162597656
43.0,6.0,6.0,0.017281532287597656
47.0,16.0,16.0,0.014041662216186523
12.0,0.0,0.0,0.0
27.0,3.0,3.0,0.01604294776916504
30.0,12.0,12.0,0.01601696014404297
29.0,10.0,10.0,0.011289119720458984
102.0,17.0,17.0,0.03336501121520996
26.0,7.0,7.0,0.01323843002319336
23.0,11.0,11.0,0.0
47.0,11.0,11.0,0.018996477127075195
35.0,20.0,20.0,0.015884876251220703
20.0,5.0,5.0,0.012405633926391602
52.0,14.0,14.0,0.018906116485595703
26.0,10.0,10.0,0.010806798934936523
14.0,2.0,2.0,0.0160677433013916
150.0,16.0,16.0,0.06196999549865723
21.0,8.0,8.0,0.010740280151367188
45.0,5.0,5.0,0.01625800132751465
81.0,9.0,9.0,0.033907413482666016
36.0,8.0,8.0,0.012805938720703125
61.0,9.0,9.0,0.021505355834960938
22.0,4.0,4.0,0.007400989532470703
27.0,4.0,4.0,0.01323699951171875
24.0,3.0,3.0,0.012926816940307617
19.0,4.0,4.0,0.006733417510986328
42.0,12.0,12.0,0.01825261116027832
42.0,14.0,14.0,0.018866539001464844
89.0,23.0,23.0,0.04168272018432617
20.0,8.0,8.0,0.006833076477050781
32.0,9.0,9.0,0.009975910186767578
91.0,17.0,17.0,0.032401323318481445
26.0,14.0,14.0,0.010035037994384766
71.0,19.0,19.0,0.03455042839050293
21.0,3.0,3.0,0.013681173324584961
26.0,9.0,9.0,0.01139974594116211
30.0,3.0,3.0,0.011542558670043945
56.0,11.0,11.0,0.01907825469970703
22.0,5.0,5.0,0.012775659561157227
17.0,2.0,2.0,0.003888845443725586
37.0,16.0,16.0,0.019223928451538086
90.0,13.0,13.0,0.03368115425109863
21.0,3.0,3.0,0.0015437602996826172
66.0,23.0,23.0,0.020499229431152344
17.0,6.0,6.0,0.0025360584259033203
29.0,10.0,10.0,0.015706777572631836
172.0,19.0,19.0,0.10876107215881348
41.0,13.0,13.0,0.016541242599487305
38.0,7.0,7.0,0.012612104415893555
14.0,3.0,3.0,0.0019211769104003906
88.0,14.0,14.0,0.02730417251586914
33.0,11.0,11.0,0.012552022933959961
76.0,16.0,16.0,0.03280472755432129
20.0,4.0,4.0,0.005690336227416992
33.0,13.0,13.0,0.009332656860351562
17.0,6.0,6.0,0.021578311920166016
27.0,7.0,7.0,0.017637968063354492
32.0,11.0,11.0,0.007820844650268555
107.0,26.0,26.0,0.03492259979248047
47.0,12.0,12.0,0.014334917068481445
62.0,8.0,8.0,0.023068904876708984
33.0,11.0,11.0,0.013528823852539062
46.0,14.0,14.0,0.022376537322998047
39.0,11.0,11.0,0.013080120086669922
36.0,6.0,6.0,0.012722492218017578
50.0,15.0,15.0,0.012368917465209961
34.0,13.0,13.0,0.00950765609741211
61.0,7.0,7.0,0.025738000869750977
22.0,5.0,5.0,0.013241291046142578
20.0,3.0,3.0,0.008507251739501953
33.0,6.0,6.0,0.007391214370727539
92.0,17.0,17.0,0.03430581092834473
88.0,11.0,11.0,0.03005838394165039
69.0,8.0,8.0,0.03131580352783203
47.0,10.0,10.0,0.021793365478515625
39.0,6.0,6.0,0.026245832443237305
103.0,16.0,16.0,0.037446022033691406
21.0,10.0,10.0,0.0
40.0,8.0,8.0,0.008413314819335938
25.0,4.0,4.0,0.008082151412963867
22.0,11.0,11.0,0.00696253776550293
39.0,9.0,9.0,0.003926277160644531
151.0,25.0,25.0,0.04829049110412598
85.0,12.0,12.0,0.024912118911743164
105.0,19.0,19.0,0.033612728118896484
58.0,10.0,10.0,0.014659404754638672
52.0,13.0,13.0,0.019270658493041992
27.0,9.0,9.0,0.008951902389526367
43.0,11.0,11.0,0.007029294967651367
43.0,14.0,14.0,0.015645265579223633
98.0,13.0,13.0,0.03155636787414551
59.0,15.0,15.0,0.03146648406982422
24.0,7.0,7.0,0.00524592399597168
60.0,25.0,25.0,0.011026859283447266
97.0,10.0,10.0,0.026693344116210938
18.0,6.0,6.0,0.0025489330291748047
54.0,15.0,15.0,0.024175167083740234
44.0,11.0,11.0,0.011403083801269531
24.0,10.0,10.0,0.013105154037475586
50.0,14.0,14.0,0.021450519561767578
79.0,13.0,13.0,0.019930362701416016
16.0,1.0,1.0,0.011510610580444336
29.0,10.0,10.0,0.005973339080810547
101.0,10.0,10.0,0.04343271255493164
85.0,10.0,10.0,0.02994990348815918
62.0,11.0,11.0,0.03875279426574707
33.0,10.0,10.0,0.017256498336791992
49.0,16.0,16.0,0.020982742309570312
23.0,12.0,12.0,0.007056236267089844
105.0,18.0,18.0,0.036180973052978516
127.0,23.0,23.0,0.036514997482299805
22.0,8.0,8.0,0.008877754211425781
17.0,5.0,5.0,0.01002049446105957
35.0,4.0,4.0,0.012234210968017578
84.0,19.0,19.0,0.025841474533081055
28.0,5.0,5.0,0.013215303421020508
68.0,21.0,21.0,0.024465560913085938
49.0,20.0,20.0,0.0164031982421875
109.0,22.0,22.0,0.02926015853881836
23.0,3.0,3.0,0.004584789276123047
17.0,3.0,3.0,0.011508941650390625
49.0,11.0,11.0,0.015725374221801758
96.0,17.0,17.0,0.05411410331726074
19.0,8.0,8.0,0.009909868240356445
33.0,7.0,7.0,0.015680551528930664
89.0,16.0,16.0,0.03048539161682129
77.0,10.0,10.0,0.030833959579467773
68.0,6.0,6.0,0.02363443374633789
17.0,6.0,6.0,0.008338451385498047
71.0,13.0,13.0,0.023131370544433594
32.0,10.0,10.0,0.008707284927368164
25.0,9.0,9.0,0.013612985610961914
21.0,10.0,10.0,0.0
27.0,7.0,7.0,0.021628618240356445
50.0,14.0,14.0,0.015618085861206055
38.0,4.0,4.0,0.013902902603149414
52.0,10.0,10.0,0.014249563217163086
15.0,3.0,3.0,0.008273839950561523
53.0,10.0,10.0,0.02191615104675293
62.0,10.0,10.0,0.02088332176208496
31.0,17.0,17.0,0.0031991004943847656
89.0,23.0,23.0,0.03877115249633789
42.0,11.0,11.0,0.017589569091796875
13.0,2.0,2.0,0.004495143890380859
93.0,14.0,14.0,0.029790639877319336
19.0,5.0,5.0,0.0
24.0,5.0,5.0,0.007348537445068359
31.0,7.0,7.0,0.01262664794921875
21.0,6.0,6.0,0.013131380081176758
88.0,13.0,13.0,0.014692544937133789
65.0,14.0,14.0,0.022765636444091797
13.0,2.0,2.0,0.0013117790222167969
84.0,12.0,12.0,0.05103731155395508
22.0,10.0,10.0,0.009696722030639648
52.0,6.0,6.0,0.012468338012695312
36.0,4.0,4.0,0.010122299194335938
33.0,10.0,10.0,0.013202190399169922
44.0,7.0,7.0,0.012107610702514648
37.0,6.0,6.0,0.011764049530029297
16.0,3.0,3.0,0.005510091781616211
17.0,4.0,4.0,0.005277156829833984
41.0,16.0,16.0,0.013422489166259766
53.0,14.0,14.0,0.02565932273864746
42.0,5.0,5.0,0.01652240753173828
25.0,9.0,9.0,0.008301973342895508
15.0,3.0,3.0,0.004472494125366211
53.0,4.0,4.0,0.01399993896484375
45.0,13.0,13.0,0.013698101043701172
28.0,5.0,5.0,0.012007713317871094
43.0,11.0,11.0,0.015676021575927734
25.0,4.0,4.0,0.005635738372802734
17.0,1.0,1.0,0.009012222290039062
39.0,19.0,19.0,0.01612710952758789
132.0,15.0,15.0,0.030499935150146484
25.0,7.0,7.0,0.015640974044799805
48.0,13.0,13.0,0.016122102737426758
72.0,16.0,16.0,0.03127241134643555
20.0,7.0,7.0,0.017144441604614258
49.0,10.0,10.0,0.037542104721069336
64.0,11.0,11.0,0.028484582901000977
39.0,12.0,12.0,0.016861438751220703
53.0,9.0,9.0,0.009186744689941406
81.0,14.0,14.0,0.030611276626586914
54.0,16.0,16.0,0.017754554748535156
70.0,11.0,11.0,0.028230905532836914
33.0,8.0,8.0,0.01861882209777832
47.0,13.0,13.0,0.015675067901611328
17.0,5.0,5.0,0.006532192230224609
44.0,11.0,11.0,0.01308298110961914
27.0,10.0,10.0,0.0053272247314453125
100.0,18.0,18.0,0.03490805625915527
15.0,4.0,4.0,0.005787372589111328
23.0,9.0,9.0,0.0068171024322509766
70.0,9.0,9.0,0.02263331413269043
52.0,17.0,17.0,0.026352643966674805
21.0,2.0,2.0,0.007915735244750977
20.0,4.0,4.0,0.007082462310791016
163.0,19.0,19.0,0.05771613121032715
27.0,10.0,10.0,0.014788389205932617
19.0,4.0,4.0,0.0057032108306884766
59.0,8.0,8.0,0.010242938995361328
49.0,16.0,16.0,0.015639781951904297
133.0,23.0,23.0,0.06290984153747559
29.0,8.0,8.0,0.015635013580322266
33.0,7.0,7.0,0.01632833480834961
43.0,9.0,9.0,0.03224062919616699
87.0,9.0,9.0,0.04770469665527344
38.0,5.0,5.0,0.02209925651550293
20.0,7.0,7.0,0.009509086608886719
29.0,11.0,11.0,0.016249895095825195
64.0,10.0,10.0,0.012804031372070312
29.0,7.0,7.0,0.01493072509765625
17.0,1.0,1.0,0.007632255554199219
31.0,7.0,7.0,0.00801706314086914
40.0,6.0,6.0,0.017566204071044922
48.0,13.0,13.0,0.015736103057861328
38.0,10.0,10.0,0.016727685928344727
30.0,7.0,7.0,0.036235809326171875
21.0,5.0,5.0,0.03915715217590332
22.0,3.0,3.0,0.032369375228881836
22.0,2.0,2.0,0.03459501266479492
54.0,9.0,9.0,0.07170367240905762
18.0,5.0,5.0,0.03283548355102539
34.0,4.0,4.0,0.03771066665649414
65.0,12.0,12.0,0.07261133193969727
87.0,24.0,24.0,0.10922837257385254
45.0,11.0,11.0,0.17145681381225586
28.0,3.0,3.0,0.014952659606933594
61.0,7.0,7.0,0.020073652267456055
59.0,12.0,12.0,0.019093751907348633
27.0,9.0,9.0,0.01128244400024414
44.0,14.0,14.0,0.014164209365844727
25.0,13.0,13.0,0.007995367050170898
90.0,10.0,10.0,0.020603656768798828
22.0,5.0,5.0,0.013186216354370117
18.0,3.0,3.0,0.0077362060546875
25.0,6.0,6.0,0.008038520812988281
52.0,14.0,14.0,0.015669822692871094
54.0,9.0,9.0,0.015961885452270508
44.0,7.0,7.0,0.004681587219238281
65.0,9.0,9.0,0.029844284057617188
39.0,11.0,11.0,0.01591801643371582
43.0,14.0,14.0,0.02976536750793457
37.0,8.0,8.0,0.016440629959106445
19.0,7.0,7.0,0.0
48.0,8.0,8.0,0.014510154724121094
27.0,7.0,7.0,0.015752553939819336
33.0,9.0,9.0,0.01584768295288086
32.0,8.0,8.0,0.01106882095336914
38.0,6.0,6.0,0.014013051986694336
64.0,7.0,7.0,0.02402210235595703
35.0,11.0,11.0,0.015801191329956055
75.0,14.0,14.0,0.026991844177246094
23.0,4.0,4.0,0.008663177490234375
114.0,26.0,26.0,0.04976058006286621
55.0,13.0,13.0,0.016093969345092773
37.0,7.0,7.0,0.016290903091430664
24.0,8.0,8.0,0.009861230850219727
18.0,2.0,2.0,0.007590293884277344
57.0,16.0,16.0,0.015017032623291016
23.0,7.0,7.0,0.00960230827331543
45.0,12.0,12.0,0.01715564727783203
26.0,3.0,3.0,0.0077211856842041016
32.0,6.0,6.0,0.011868953704833984
28.0,5.0,5.0,0.011478662490844727
114.0,21.0,21.0,0.050028324127197266
65.0,16.0,16.0,0.025810718536376953
156.0,19.0,19.0,0.07415175437927246
21.0,5.0,5.0,0.010001182556152344
17.0,6.0,6.0,0.002959012985229492
15.0,1.0,1.0,0.009933948516845703
37.0,2.0,2.0,0.017159223556518555
74.0,9.0,9.0,0.02349257469177246
75.0,4.0,4.0,0.035840511322021484
34.0,3.0,3.0,0.013498067855834961
28.0,7.0,7.0,0.013605833053588867
109.0,13.0,13.0,0.05748772621154785
25.0,7.0,7.0,0.009412765502929688
32.0,7.0,7.0,0.010759353637695312
40.0,20.0,20.0,0.012816905975341797
15.0,4.0,4.0,0.0
64.0,9.0,9.0,0.03332352638244629
82.0,16.0,16.0,0.02524089813232422
43.0,4.0,4.0,0.016826152801513672
56.0,8.0,8.0,0.025739192962646484
11.0,0.0,0.0,0.0057544708251953125
31.0,6.0,6.0,0.01639580726623535
13.0,1.0,1.0,0.0074920654296875
75.0,12.0,12.0,0.026371240615844727
53.0,16.0,16.0,0.020009279251098633
62.0,11.0,11.0,0.014409065246582031
45.0,8.0,8.0,0.016679048538208008
157.0,18.0,18.0,0.06132102012634277
15.0,3.0,3.0,0.0018804073333740234
19.0,8.0,8.0,0.0
86.0,7.0,7.0,0.029879331588745117
54.0,7.0,7.0,0.015901565551757812
65.0,9.0,9.0,0.03191351890563965
86.0,7.0,7.0,0.017424345016479492
21.0,7.0,7.0,0.0005104541778564453
109.0,5.0,5.0,0.0315396785736084
55.0,10.0,10.0,0.021648645401000977
22.0,8.0,8.0,0.018214941024780273
16.0,3.0,3.0,0.00534367561340332
47.0,10.0,10.0,0.013775825500488281
27.0,3.0,3.0,0.01564788818359375
50.0,12.0,12.0,0.016242027282714844
58.0,22.0,22.0,0.04329395294189453
15.0,3.0,3.0,0.004465818405151367
15.0,4.0,4.0,0.0
13.0,2.0,2.0,0.0
48.0,7.0,7.0,0.015638351440429688
67.0,12.0,12.0,0.016051054000854492
19.0,5.0,5.0,0.01564502716064453
56.0,17.0,17.0,0.018136262893676758
20.0,5.0,5.0,0.0146484375
36.0,10.0,10.0,0.015738725662231445
33.0,7.0,7.0,0.003765106201171875
43.0,10.0,10.0,0.009038448333740234
17.0,6.0,6.0,0.016725540161132812
56.0,14.0,14.0,0.015041112899780273
40.0,9.0,9.0,0.01579141616821289
75.0,13.0,13.0,0.032205820083618164
37.0,8.0,8.0,0.016082048416137695
31.0,12.0,12.0,0.006658315658569336
41.0,17.0,17.0,0.02464580535888672
41.0,8.0,8.0,0.0012989044189453125
20.0,5.0,5.0,0.0030183792114257812
25.0,6.0,6.0,0.014885187149047852
19.0,4.0,4.0,0.007154226303100586
48.0,7.0,7.0,0.015749692916870117
63.0,15.0,15.0,0.03013896942138672
73.0,17.0,17.0,0.03304409980773926
78.0,10.0,10.0,0.030652761459350586
21.0,7.0,7.0,0.0035567283630371094
17.0,3.0,3.0,0.0
25.0,4.0,4.0,0.0017099380493164062
61.0,11.0,11.0,0.027519941329956055
36.0,12.0,12.0,0.012008428573608398
26.0,7.0,7.0,0.01783585548400879
28.0,11.0,11.0,0.014014244079589844
30.0,11.0,11.0,0.0
15.0,5.0,5.0,0.017216205596923828
80.0,16.0,16.0,0.04032468795776367
97.0,20.0,20.0,0.038114070892333984
50.0,15.0,15.0,0.020662307739257812
45.0,7.0,7.0,0.015363216400146484
19.0,4.0,4.0,0.0072596073150634766
27.0,6.0,6.0,0.008426904678344727
46.0,7.0,7.0,0.024185657501220703
50.0,7.0,7.0,0.019978761672973633
38.0,2.0,2.0,0.014734983444213867
17.0,6.0,6.0,0.011618614196777344
99.0,16.0,16.0,0.04472041130065918
18.0,3.0,3.0,0.002004861831665039
45.0,5.0,5.0,0.016646146774291992
53.0,19.0,19.0,0.0164644718170166
72.0,10.0,10.0,0.02856755256652832
61.0,4.0,4.0,0.015670299530029297
21.0,4.0,4.0,0.015625
69.0,6.0,6.0,0.030353069305419922
15.0,3.0,3.0,0.0
39.0,13.0,13.0,0.017170429229736328
37.0,14.0,14.0,0.007987260818481445
58.0,11.0,11.0,0.015654325485229492
77.0,5.0,5.0,0.03137612342834473
20.0,8.0,8.0,0.0
45.0,13.0,13.0,0.015625715255737305
40.0,12.0,12.0,0.01720571517944336
25.0,8.0,8.0,0.01450967788696289
24.0,7.0,7.0,0.015638351440429688
15.0,3.0,3.0,0.013108491897583008
38.0,10.0,10.0,0.0036039352416992188
49.0,13.0,13.0,0.01775383949279785
23.0,5.0,5.0,0.00194549560546875
20.0,3.0,3.0,0.0
34.0,9.0,9.0,0.002900838851928711
25.0,14.0,14.0,0.01303863525390625
150.0,21.0,21.0,0.04737353324890137
22.0,8.0,8.0,0.0
33.0,10.0,10.0,0.01739978790283203
68.0,22.0,22.0,0.02987217903137207
25.0,0.0,0.0,0.01564311981201172
64.0,13.0,13.0,0.022054672241210938
43.0,13.0,13.0,0.015501260757446289
43.0,12.0,12.0,0.011191368103027344
58.0,5.0,5.0,0.03038501739501953
31.0,11.0,11.0,0.011823415756225586
49.0,11.0,11.0,0.015598058700561523
26.0,9.0,9.0,0.005601644515991211
89.0,13.0,13.0,0.02549886703491211
92.0,12.0,12.0,0.04137158393859863
95.0,23.0,23.0,0.041680097579956055
87.0,12.0,12.0,0.04009890556335449
93.0,15.0,15.0,0.04227447509765625
163.0,18.0,18.0,0.06581830978393555
45.0,26.0,26.0,0.017618179321289062
21.0,4.0,4.0,0.011352062225341797
46.0,11.0,11.0,0.017823457717895508
32.0,12.0,12.0,0.008126497268676758
63.0,21.0,21.0,0.022507905960083008
32.0,4.0,4.0,0.010984182357788086
55.0,13.0,13.0,0.02196788787841797
20.0,8.0,8.0,0.008800983428955078
54.0,13.0,13.0,0.020389556884765625
92.0,31.0,31.0,0.032900094985961914
34.0,4.0,4.0,0.02133941650390625
38.0,10.0,10.0,0.015569448471069336
23.0,7.0,7.0,0.010617971420288086
16.0,3.0,3.0,0.007915496826171875
34.0,6.0,6.0,0.016765594482421875
50.0,10.0,10.0,0.0222322940826416
39.0,7.0,7.0,0.014846563339233398
62.0,15.0,15.0,0.02529621124267578
35.0,19.0,19.0,0.020366907119750977
32.0,9.0,9.0,0.013944387435913086
20.0,6.0,6.0,0.008792638778686523
35.0,6.0,6.0,0.016784191131591797
82.0,12.0,12.0,0.033931732177734375
54.0,5.0,5.0,0.024508237838745117
26.0,14.0,14.0,0.01021718978881836
22.0,2.0,2.0,0.00813913345336914
18.0,6.0,6.0,0.006586313247680664
38.0,7.0,7.0,0.016949892044067383
26.0,9.0,9.0,0.013858795166015625
36.0,8.0,8.0,0.018247127532958984
27.0,7.0,7.0,0.011809825897216797
159.0,31.0,31.0,0.05427408218383789
21.0,3.0,3.0,0.009367227554321289
57.0,11.0,11.0,0.023503780364990234
21.0,8.0,8.0,0.010888814926147461
41.0,11.0,11.0,0.012222051620483398
183.0,28.0,28.0,0.06427645683288574
31.0,15.0,15.0,0.009523391723632812
142.0,17.0,17.0,0.05248570442199707
28.0,3.0,3.0,0.013013601303100586
55.0,12.0,12.0,0.01848769187927246
46.0,8.0,8.0,0.01799297332763672
79.0,11.0,11.0,0.024214744567871094
28.0,8.0,8.0,0.016420841217041016
20.0,7.0,7.0,0.009243011474609375
67.0,22.0,22.0,0.026203632354736328
22.0,7.0,7.0,0.009327888488769531
74.0,16.0,16.0,0.025964736938476562
17.0,4.0,4.0,0.005583047866821289
12.0,1.0,1.0,0.0017392635345458984
50.0,6.0,6.0,0.012132406234741211
57.0,22.0,22.0,0.01830601692199707
24.0,5.0,5.0,0.007119894027709961
49.0,4.0,4.0,0.02060246467590332
102.0,29.0,29.0,0.0407257080078125
87.0,16.0,16.0,0.03703713417053223
53.0,7.0,7.0,0.02193760871887207
30.0,9.0,9.0,0.014623880386352539
36.0,10.0,10.0,0.012345552444458008
21.0,8.0,8.0,0.007745504379272461
21.0,2.0,2.0,0.00886988639831543
60.0,9.0,9.0,0.0243685245513916
25.0,5.0,5.0,0.010648250579833984
30.0,9.0,9.0,0.012036323547363281
79.0,10.0,10.0,0.034085988998413086
82.0,11.0,11.0,0.028105974197387695
69.0,16.0,16.0,0.02330613136291504
33.0,5.0,5.0,0.004426479339599609
70.0,14.0,14.0,0.028918027877807617
14.0,3.0,3.0,0.010082006454467773
72.0,19.0,19.0,0.03588700294494629
45.0,6.0,6.0,0.009172439575195312
26.0,13.0,13.0,0.02820587158203125
104.0,19.0,19.0,0.05356144905090332
69.0,18.0,18.0,0.036734580993652344
45.0,10.0,10.0,0.022619009017944336
28.0,15.0,15.0,0.015248537063598633
88.0,18.0,18.0,0.06011652946472168
43.0,7.0,7.0,0.015740156173706055
16.0,5.0,5.0,0.0
91.0,23.0,23.0,0.04010629653930664
46.0,13.0,13.0,0.012888431549072266
38.0,9.0,9.0,0.015782833099365234
25.0,4.0,4.0,0.008728265762329102
31.0,11.0,11.0,0.01613163948059082
27.0,6.0,6.0,0.014830589294433594
18.0,6.0,6.0,0.00843048095703125
38.0,10.0,10.0,0.011228322982788086
79.0,11.0,11.0,0.02700018882751465
58.0,19.0,19.0,0.019412994384765625
25.0,10.0,10.0,0.006251811981201172
18.0,6.0,6.0,0.009504556655883789
68.0,9.0,9.0,0.021237611770629883
45.0,2.0,2.0,0.018223047256469727
67.0,28.0,28.0,0.023190975189208984
70.0,13.0,13.0,0.023112773895263672
108.0,17.0,17.0,0.0386042594909668
29.0,6.0,6.0,0.010313749313354492
27.0,8.0,8.0,0.008963823318481445
70.0,22.0,22.0,0.022710800170898438
45.0,6.0,6.0,0.021930456161499023
28.0,7.0,7.0,0.007421970367431641
86.0,19.0,19.0,0.03680753707885742
20.0,7.0,7.0,0.009940862655639648
31.0,5.0,5.0,0.016177892684936523
46.0,7.0,7.0,0.019420385360717773
17.0,5.0,5.0,0.007195711135864258
14.0,2.0,2.0,0.008982658386230469
35.0,13.0,13.0,0.016407489776611328
26.0,7.0,7.0,0.014479398727416992
29.0,11.0,11.0,0.010868549346923828
25.0,9.0,9.0,0.009648323059082031
17.0,6.0,6.0,0.007573604583740234
60.0,6.0,6.0,0.023174524307250977
107.0,15.0,15.0,0.04507088661193848
120.0,17.0,17.0,0.05411577224731445
20.0,7.0,7.0,0.01069188117980957
36.0,7.0,7.0,0.013805866241455078
26.0,7.0,7.0,0.011549234390258789
82.0,14.0,14.0,0.03156638145446777
34.0,10.0,10.0,0.008608579635620117
47.0,7.0,7.0,0.020817041397094727
90.0,20.0,20.0,0.027518033981323242
139.0,29.0,29.0,0.055059194564819336
30.0,19.0,19.0,0.012235879898071289
45.0,9.0,9.0,0.01825118064880371
89.0,12.0,12.0,0.043498992919921875
65.0,15.0,15.0,0.027739763259887695
21.0,6.0,6.0,0.008074760437011719
44.0,4.0,4.0,0.01589035987854004
39.0,22.0,22.0,0.011991262435913086
208.0,26.0,26.0,0.08840155601501465
60.0,10.0,10.0,0.02410721778869629
45.0,11.0,11.0,0.02127528190612793
109.0,14.0,14.0,0.04385209083557129
37.0,3.0,3.0,0.01615738868713379
69.0,15.0,15.0,0.036003828048706055
22.0,6.0,6.0,0.013021230697631836
28.0,10.0,10.0,0.00524449348449707
33.0,8.0,8.0,0.019240379333496094
34.0,19.0,19.0,0.017368078231811523
109.0,13.0,13.0,0.061798810958862305
17.0,3.0,3.0,0.0074613094329833984
44.0,9.0,9.0,0.026961326599121094
26.0,3.0,3.0,0.008170366287231445
38.0,7.0,7.0,0.015683650970458984
91.0,11.0,11.0,0.03818321228027344
137.0,27.0,27.0,0.07531332969665527
15.0,4.0,4.0,0.00950479507446289
30.0,9.0,9.0,0.02110433578491211
33.0,13.0,13.0,0.01751112937927246
35.0,16.0,16.0,0.01693439483642578
24.0,5.0,5.0,0.012854576110839844
37.0,5.0,5.0,0.015884876251220703
181.0,20.0,20.0,0.09228110313415527
45.0,2.0,2.0,0.014730453491210938
17.0,3.0,3.0,0.005935192108154297
26.0,11.0,11.0,0.008675098419189453
15.0,2.0,2.0,0.004204750061035156
53.0,8.0,8.0,0.017266511917114258
37.0,7.0,7.0,0.027827739715576172
14.0,3.0,3.0,0.007771492004394531
97.0,13.0,13.0,0.04018378257751465
16.0,4.0,4.0,0.0022945404052734375
32.0,3.0,3.0,0.010244131088256836
21.0,4.0,4.0,0.008210182189941406
71.0,8.0,8.0,0.03108668327331543
68.0,12.0,12.0,0.027379512786865234
31.0,5.0,5.0,0.01117849349975586
68.0,32.0,32.0,0.024968862533569336
33.0,6.0,6.0,0.015041112899780273
34.0,5.0,5.0,0.018203020095825195
23.0,2.0,2.0,0.008202314376831055
37.0,11.0,11.0,0.008737564086914062
39.0,7.0,7.0,0.033738136291503906
28.0,4.0,4.0,0.020906448364257812
23.0,8.0,8.0,0.007096529006958008
70.0,17.0,17.0,0.0316619873046875
19.0,5.0,5.0,0.006722450256347656
67.0,11.0,11.0,0.02358222007751465
30.0,4.0,4.0,0.009505033493041992
19.0,4.0,4.0,0.00593876838684082
24.0,10.0,10.0,0.007524728775024414
61.0,22.0,22.0,0.034545183181762695
22.0,4.0,4.0,0.010951042175292969
37.0,7.0,7.0,0.021544218063354492
40.0,9.0,9.0,0.02098846435546875
92.0,12.0,12.0,0.05581521987915039
35.0,9.0,9.0,0.018399477005004883
95.0,24.0,24.0,0.04066038131713867
164.0,32.0,32.0,0.06936526298522949
55.0,8.0,8.0,0.031809091567993164
52.0,11.0,11.0,0.021007537841796875
121.0,17.0,17.0,0.04681515693664551
24.0,4.0,4.0,0.010259389877319336
35.0,3.0,3.0,0.01327824592590332
63.0,13.0,13.0,0.023962736129760742
67.0,7.0,7.0,0.03065347671508789
20.0,7.0,7.0,0.010065555572509766
23.0,8.0,8.0,0.011358261108398438
94.0,11.0,11.0,0.04237508773803711
40.0,9.0,9.0,0.016925811767578125
44.0,10.0,10.0,0.017404556274414062
28.0,10.0,10.0,0.011807680130004883
25.0,6.0,6.0,0.010152101516723633
28.0,10.0,10.0,0.008984565734863281
61.0,18.0,18.0,0.03613543510437012
21.0,6.0,6.0,0.00881505012512207
43.0,8.0,8.0,0.020120620727539062
42.0,7.0,7.0,0.018576860427856445
53.0,8.0,8.0,0.023975372314453125
61.0,9.0,9.0,0.03256559371948242
21.0,3.0,3.0,0.011199712753295898
54.0,17.0,17.0,0.025731325149536133
54.0,12.0,12.0,0.02850341796875
88.0,24.0,24.0,0.04673027992248535
25.0,11.0,11.0,0.012303590774536133
20.0,9.0,9.0,0.013535261154174805
35.0,9.0,9.0,0.012703418731689453
97.0,13.0,13.0,0.04812788963317871
17.0,5.0,5.0,0.00772404670715332
41.0,9.0,9.0,0.02357625961303711
60.0,19.0,19.0,0.02813720703125
24.0,4.0,4.0,0.017841339111328125
19.0,5.0,5.0,0.010205507278442383
23.0,11.0,11.0,0.012027502059936523
25.0,3.0,3.0,0.009525060653686523
38.0,7.0,7.0,0.015327692031860352
15.0,3.0,3.0,0.0017704963684082031
69.0,22.0,22.0,0.040720224380493164
24.0,6.0,6.0,0.014863014221191406
35.0,6.0,6.0,0.013248443603515625
24.0,10.0,10.0,0.010846853256225586
87.0,23.0,23.0,0.037323713302612305
187.0,37.0,37.0,0.09405088424682617
20.0,1.0,1.0,0.012362003326416016
21.0,4.0,4.0,0.00971531867980957
64.0,7.0,7.0,0.04460763931274414
20.0,8.0,8.0,0.014147043228149414
165.0,16.0,16.0,0.0938262939453125
66.0,17.0,17.0,0.03866887092590332
35.0,10.0,10.0,0.022151708602905273
92.0,27.0,27.0,0.04393887519836426
80.0,9.0,9.0,0.03423643112182617
18.0,4.0,4.0,0.007877826690673828
32.0,7.0,7.0,0.00844717025756836
34.0,7.0,7.0,0.011290788650512695
38.0,10.0,10.0,0.01822662353515625
25.0,3.0,3.0,0.012147903442382812
79.0,14.0,14.0,0.039006710052490234
41.0,6.0,6.0,0.015353202819824219
67.0,26.0,26.0,0.027521848678588867
26.0,7.0,7.0,0.011596918106079102
36.0,5.0,5.0,0.01688075065612793
15.0,4.0,4.0,0.0037369728088378906
50.0,6.0,6.0,0.023836135864257812
73.0,8.0,8.0,0.036664485931396484
205.0,43.0,43.0,0.08948016166687012
143.0,14.0,14.0,0.0634915828704834
109.0,15.0,15.0,0.03483319282531738
61.0,11.0,11.0,0.019336462020874023
40.0,6.0,6.0,0.009936094284057617
80.0,19.0,19.0,0.036942481994628906
55.0,10.0,10.0,0.023172378540039062
65.0,12.0,12.0,0.023331403732299805
19.0,4.0,4.0,0.013151884078979492
71.0,10.0,10.0,0.026418447494506836
50.0,12.0,12.0,0.01846003532409668
63.0,14.0,14.0,0.023726463317871094
14.0,3.0,3.0,0.006535053253173828
35.0,5.0,5.0,0.012857913970947266
74.0,13.0,13.0,0.028516292572021484
73.0,9.0,9.0,0.030650854110717773
89.0,17.0,17.0,0.03975939750671387
23.0,11.0,11.0,0.008526086807250977
70.0,8.0,8.0,0.027009010314941406
124.0,25.0,25.0,0.05399346351623535
77.0,15.0,15.0,0.023221969604492188
30.0,6.0,6.0,0.00912785530090332
39.0,12.0,12.0,0.022587060928344727
23.0,9.0,9.0,0.009632587432861328
111.0,22.0,22.0,0.046328067779541016
55.0,18.0,18.0,0.027588605880737305
46.0,6.0,6.0,0.01176762580871582
135.0,17.0,17.0,0.06272244453430176
113.0,14.0,14.0,0.04417705535888672
17.0,5.0,5.0,0.008347034454345703
100.0,21.0,21.0,0.03248119354248047
20.0,2.0,2.0,0.012578725814819336
19.0,7.0,7.0,0.0050089359283447266
70.0,8.0,8.0,0.0265810489654541
45.0,5.0,5.0,0.01638197898864746
23.0,4.0,4.0,0.008568763732910156
53.0,5.0,5.0,0.02167820930480957
39.0,20.0,20.0,0.013166189193725586
27.0,5.0,5.0,0.004448890686035156
18.0,7.0,7.0,0.007597208023071289
50.0,6.0,6.0,0.019711971282958984
17.0,3.0,3.0,0.006072282791137695
21.0,10.0,10.0,0.007809877395629883
34.0,11.0,11.0,0.012135028839111328
56.0,9.0,9.0,0.019535064697265625
17.0,5.0,5.0,0.0035789012908935547
21.0,1.0,1.0,0.012014627456665039
74.0,6.0,6.0,0.03851485252380371
76.0,16.0,16.0,0.012354612350463867
71.0,7.0,7.0,0.028666257858276367
18.0,2.0,2.0,0.00606536865234375
95.0,16.0,16.0,0.024080514907836914
23.0,4.0,4.0,0.012510538101196289
52.0,11.0,11.0,0.017266273498535156
60.0,10.0,10.0,0.032512664794921875
30.0,11.0,11.0,0.013520956039428711
108.0,16.0,16.0,0.0462033748626709
46.0,8.0,8.0,0.016840457916259766
20.0,6.0,6.0,0.0022783279418945312
143.0,23.0,23.0,0.043215036392211914
96.0,21.0,21.0,0.032593727111816406
40.0,13.0,13.0,0.015949487686157227
27.0,6.0,6.0,0.015637636184692383
38.0,14.0,14.0,0.0063555240631103516
196.0,42.0,42.0,0.07862043380737305
54.0,8.0,8.0,0.02091360092163086
87.0,19.0,19.0,0.0251157283782959
176.0,46.0,46.0,0.07367658615112305
55.0,16.0,16.0,0.026011228561401367
44.0,10.0,10.0,0.019952058792114258
31.0,11.0,11.0,0.014078378677368164
170.0,33.0,33.0,0.07798886299133301
41.0,10.0,10.0,0.015051841735839844
31.0,4.0,4.0,0.00624847412109375
127.0,16.0,16.0,0.05280423164367676
83.0,17.0,17.0,0.03405475616455078
190.0,17.0,17.0,0.06484079360961914
112.0,23.0,23.0,0.038057804107666016
26.0,1.0,1.0,0.0009660720825195312
43.0,17.0,17.0,0.016239166259765625
42.0,10.0,10.0,0.019112348556518555
16.0,4.0,4.0,0.0
21.0,2.0,2.0,0.00453639030456543
48.0,6.0,6.0,0.0194091796875
66.0,11.0,11.0,0.02213430404663086
37.0,9.0,9.0,0.008392572402954102
49.0,6.0,6.0,0.010963201522827148
38.0,10.0,10.0,0.015850543975830078
29.0,10.0,10.0,0.01787590980529785
21.0,10.0,10.0,0.0
33.0,11.0,11.0,0.015674114227294922
24.0,9.0,9.0,0.007385969161987305
16.0,5.0,5.0,0.0021872520446777344
32.0,8.0,8.0,0.01388096809387207
39.0,10.0,10.0,0.014586448669433594
15.0,3.0,3.0,0.0045125484466552734
92.0,17.0,17.0,0.03742551803588867
85.0,16.0,16.0,0.029136180877685547
154.0,33.0,33.0,0.06009483337402344
146.0,15.0,15.0,0.07672905921936035
41.0,10.0,10.0,0.016513586044311523
15.0,4.0,4.0,0.005513668060302734
26.0,3.0,3.0,0.008222818374633789
26.0,8.0,8.0,0.012595415115356445
30.0,8.0,8.0,0.015187740325927734
71.0,13.0,13.0,0.025128602981567383
16.0,1.0,1.0,0.005427837371826172
46.0,14.0,14.0,0.01594400405883789
57.0,10.0,10.0,0.01974773406982422
86.0,18.0,18.0,0.029228687286376953
90.0,6.0,6.0,0.03168368339538574
49.0,5.0,5.0,0.01970076560974121
72.0,11.0,11.0,0.027588605880737305
50.0,14.0,14.0,0.01865100860595703
53.0,7.0,7.0,0.021448373794555664
79.0,16.0,16.0,0.04607987403869629
96.0,20.0,20.0,0.03457760810852051
25.0,10.0,10.0,0.007012844085693359
17.0,1.0,1.0,0.009037494659423828
38.0,5.0,5.0,0.020374298095703125
37.0,8.0,8.0,0.01691579818725586
39.0,6.0,6.0,0.00811314582824707
20.0,9.0,9.0,0.00541377067565918
16.0,3.0,3.0,0.004089832305908203
41.0,10.0,10.0,0.014419317245483398
25.0,10.0,10.0,0.007673978805541992
44.0,10.0,10.0,0.01173853874206543
13.0,1.0,1.0,0.0068759918212890625
17.0,4.0,4.0,0.006396293640136719
20.0,5.0,5.0,0.006469249725341797
73.0,10.0,10.0,0.026715517044067383
121.0,27.0,27.0,0.041791439056396484
15.0,4.0,4.0,0.0005445480346679688
22.0,4.0,4.0,0.009786844253540039
28.0,13.0,13.0,0.01476597785949707
71.0,16.0,16.0,0.02192211151123047
20.0,4.0,4.0,0.008045196533203125
53.0,8.0,8.0,0.018065929412841797
13.0,1.0,1.0,0.0041429996490478516
33.0,12.0,12.0,0.018506526947021484
20.0,4.0,4.0,0.009708404541015625
75.0,10.0,10.0,0.027187824249267578
87.0,21.0,21.0,0.031713008880615234
37.0,11.0,11.0,0.012694120407104492
64.0,13.0,13.0,0.01879262924194336
17.0,6.0,6.0,0.008775472640991211
47.0,13.0,13.0,0.015242338180541992
42.0,14.0,14.0,0.016834497451782227
28.0,5.0,5.0,0.014716386795043945
81.0,18.0,18.0,0.025629043579101562
23.0,8.0,8.0,0.004949331283569336
46.0,15.0,15.0,0.0160677433013916
70.0,14.0,14.0,0.021124601364135742
32.0,10.0,10.0,0.015486955642700195
20.0,9.0,9.0,0.009112834930419922
27.0,8.0,8.0,0.006725788116455078
31.0,4.0,4.0,0.0
14.0,4.0,4.0,0.003954648971557617
27.0,8.0,8.0,0.0
50.0,9.0,9.0,0.01371908187866211
21.0,7.0,7.0,0.0
82.0,10.0,10.0,0.026545047760009766
31.0,10.0,10.0,0.0
30.0,4.0,4.0,0.005321979522705078
26.0,7.0,7.0,0.0013265609741210938
100.0,15.0,15.0,0.035726070404052734
61.0,13.0,13.0,0.024670839309692383
110.0,24.0,24.0,0.0338747501373291
22.0,9.0,9.0,0.0
51.0,9.0,9.0,0.01669764518737793
32.0,12.0,12.0,0.0
36.0,6.0,6.0,0.01566624641418457
25.0,11.0,11.0,0.015513420104980469
22.0,9.0,9.0,0.0
35.0,11.0,11.0,0.02013683319091797
55.0,10.0,10.0,0.022368431091308594
35.0,6.0,6.0,0.011277198791503906
38.0,9.0,9.0,0.008302927017211914
77.0,19.0,19.0,0.042728424072265625
41.0,13.0,13.0,0.024455547332763672
44.0,12.0,12.0,0.017394304275512695
51.0,5.0,5.0,0.021550416946411133
21.0,6.0,6.0,0.007916688919067383
144.0,25.0,25.0,0.05089449882507324
82.0,24.0,24.0,0.027595996856689453
17.0,3.0,3.0,0.0012099742889404297
56.0,10.0,10.0,0.026196718215942383
85.0,12.0,12.0,0.024767637252807617
32.0,9.0,9.0,0.015697956085205078
19.0,7.0,7.0,0.0
15.0,4.0,4.0,0.015639066696166992
44.0,5.0,5.0,0.015624761581420898
22.0,10.0,10.0,0.007169246673583984
101.0,21.0,21.0,0.0376887321472168
58.0,15.0,15.0,0.018338918685913086
43.0,6.0,6.0,0.014749765396118164
19.0,5.0,5.0,0.007170438766479492
41.0,9.0,9.0,0.01880049705505371
57.0,7.0,7.0,0.0188751220703125
24.0,7.0,7.0,0.008944272994995117
52.0,12.0,12.0,0.020864248275756836
18.0,3.0,3.0,0.00515294075012207
32.0,6.0,6.0,0.010467052459716797
31.0,12.0,12.0,0.0
33.0,12.0,12.0,0.015529155731201172
71.0,14.0,14.0,0.03431081771850586
29.0,9.0,9.0,0.003306150436401367
29.0,9.0,9.0,0.011545896530151367
29.0,13.0,13.0,0.009857892990112305
11.0,1.0,1.0,0.0026569366455078125
82.0,18.0,18.0,0.025866270065307617
21.0,2.0,2.0,0.006751537322998047
48.0,13.0,13.0,0.005856752395629883
70.0,10.0,10.0,0.021242856979370117
46.0,11.0,11.0,0.015442132949829102
27.0,12.0,12.0,0.008191823959350586
42.0,10.0,10.0,0.013794183731079102
59.0,13.0,13.0,0.01982903480529785
24.0,6.0,6.0,0.01027536392211914
51.0,9.0,9.0,0.04462623596191406
28.0,3.0,3.0,0.027812719345092773
21.0,5.0,5.0,0.020145654678344727
20.0,3.0,3.0,0.012267112731933594
29.0,11.0,11.0,0.011190176010131836
15.0,4.0,4.0,0.0032727718353271484
87.0,23.0,23.0,0.03243684768676758
28.0,9.0,9.0,0.002409219741821289
49.0,5.0,5.0,0.018359661102294922
36.0,7.0,7.0,0.012090682983398438
18.0,6.0,6.0,0.005645275115966797
110.0,12.0,12.0,0.02418661117553711
99.0,7.0,7.0,0.05741477012634277
24.0,5.0,5.0,0.0074787139892578125
32.0,4.0,4.0,0.014020204544067383
30.0,8.0,8.0,0.0
73.0,23.0,23.0,0.02423834800720215
53.0,7.0,7.0,0.01487421989440918
36.0,12.0,12.0,0.009035587310791016
39.0,6.0,6.0,0.015512228012084961
110.0,21.0,21.0,0.04756784439086914
25.0,5.0,5.0,0.0
31.0,7.0,7.0,0.018360614776611328
17.0,2.0,2.0,0.006865739822387695
25.0,14.0,14.0,0.007774829864501953
16.0,2.0,2.0,0.0
26.0,11.0,11.0,0.008671283721923828
105.0,20.0,20.0,0.03332853317260742
45.0,5.0,5.0,0.002817392349243164
22.0,2.0,2.0,0.019428491592407227
26.0,3.0,3.0,0.009567022323608398
33.0,7.0,7.0,0.0
20.0,4.0,4.0,0.01564168930053711
161.0,30.0,30.0,0.04729318618774414
23.0,7.0,7.0,0.018488168716430664
40.0,9.0,9.0,0.012049436569213867
41.0,5.0,5.0,0.017783641815185547
104.0,35.0,35.0,0.031737327575683594
58.0,13.0,13.0,0.02072882652282715
77.0,13.0,13.0,0.024820327758789062
56.0,10.0,10.0,0.014276742935180664
99.0,19.0,19.0,0.03278851509094238
46.0,14.0,14.0,0.008628129959106445
53.0,8.0,8.0,0.024340391159057617
19.0,4.0,4.0,0.007048368453979492
37.0,9.0,9.0,0.02199268341064453
76.0,15.0,15.0,0.02364659309387207
21.0,5.0,5.0,0.01419520378112793
44.0,7.0,7.0,0.013188600540161133
146.0,11.0,11.0,0.04869246482849121
52.0,19.0,19.0,0.02456068992614746
38.0,16.0,16.0,0.01292562484741211
51.0,5.0,5.0,0.009911060333251953
20.0,5.0,5.0,0.015030622482299805
48.0,9.0,9.0,0.015760421752929688
12.0,1.0,1.0,0.0066988468170166016
19.0,6.0,6.0,0.01230931282043457
82.0,12.0,12.0,0.0267031192779541
84.0,24.0,24.0,0.0310213565826416
24.0,4.0,4.0,0.007531642913818359
17.0,5.0,5.0,0.006784677505493164
14.0,3.0,3.0,0.00384521484375
83.0,16.0,16.0,0.027091503143310547
30.0,13.0,13.0,0.005828857421875
30.0,5.0,5.0,0.010517597198486328
40.0,4.0,4.0,0.015523433685302734
67.0,12.0,12.0,0.015767812728881836
56.0,16.0,16.0,0.016731977462768555
70.0,15.0,15.0,0.01572275161743164
28.0,12.0,12.0,0.016407012939453125
68.0,15.0,15.0,0.021719694137573242
21.0,2.0,2.0,0.00860595703125
17.0,3.0,3.0,0.0015501976013183594
82.0,11.0,11.0,0.031829833984375
219.0,38.0,38.0,0.07549858093261719
45.0,4.0,4.0,0.014023065567016602
47.0,8.0,8.0,0.018082141876220703
23.0,6.0,6.0,0.013706684112548828
47.0,10.0,10.0,0.02731943130493164
29.0,8.0,8.0,0.017321109771728516
17.0,5.0,5.0,0.00687718391418457
110.0,12.0,12.0,0.03967690467834473
20.0,6.0,6.0,0.0063169002532958984
39.0,8.0,8.0,0.012049198150634766
33.0,12.0,12.0,0.010391473770141602
33.0,4.0,4.0,0.013747692108154297
26.0,10.0,10.0,0.00937652587890625
16.0,3.0,3.0,0.005260944366455078
22.0,4.0,4.0,0.007159233093261719
37.0,10.0,10.0,0.013774633407592773
34.0,8.0,8.0,0.013163328170776367
39.0,6.0,6.0,0.01611042022705078
66.0,10.0,10.0,0.02016758918762207
98.0,16.0,16.0,0.05220341682434082
115.0,8.0,8.0,0.048993825912475586
105.0,15.0,15.0,0.03150200843811035
61.0,16.0,16.0,0.03314042091369629
77.0,14.0,14.0,0.020517587661743164
103.0,17.0,17.0,0.03941798210144043
34.0,9.0,9.0,0.010271072387695312
44.0,12.0,12.0,0.004361629486083984
27.0,5.0,5.0,0.015642881393432617
146.0,22.0,22.0,0.04805278778076172
31.0,8.0,8.0,0.01578354835510254
43.0,6.0,6.0,0.034316062927246094
36.0,12.0,12.0,0.01690220832824707
127.0,23.0,23.0,0.06118130683898926
60.0,20.0,20.0,0.025828838348388672
15.0,4.0,4.0,0.0044591426849365234
78.0,19.0,19.0,0.0247805118560791
60.0,10.0,10.0,0.017418384552001953
71.0,17.0,17.0,0.018899202346801758
77.0,12.0,12.0,0.02929520606994629
65.0,21.0,21.0,0.026482343673706055
45.0,8.0,8.0,0.005417346954345703
55.0,8.0,8.0,0.03190159797668457
18.0,6.0,6.0,0.008609294891357422
17.0,3.0,3.0,0.005510807037353516
123.0,27.0,27.0,0.03234505653381348
75.0,13.0,13.0,0.03783154487609863
100.0,13.0,13.0,0.02314162254333496
56.0,9.0,9.0,0.016015052795410156
18.0,7.0,7.0,0.01692676544189453
25.0,5.0,5.0,0.01091146469116211
30.0,9.0,9.0,0.0071451663970947266
20.0,7.0,7.0,0.011732101440429688
76.0,18.0,18.0,0.015655040740966797
89.0,15.0,15.0,0.04291272163391113
76.0,13.0,13.0,0.03130006790161133
29.0,10.0,10.0,0.011084318161010742
31.0,4.0,4.0,0.012338876724243164
25.0,9.0,9.0,0.00882863998413086
48.0,8.0,8.0,0.019796371459960938
28.0,9.0,9.0,0.015937089920043945
35.0,10.0,10.0,0.011768102645874023
47.0,14.0,14.0,0.016819477081298828
18.0,0.0,0.0,0.0056171417236328125
33.0,4.0,4.0,0.011413812637329102
27.0,15.0,15.0,0.009565114974975586
42.0,12.0,12.0,0.015475988388061523
86.0,8.0,8.0,0.033499956130981445
51.0,5.0,5.0,0.020221233367919922
31.0,12.0,12.0,0.009850263595581055
31.0,9.0,9.0,0.010317802429199219
27.0,13.0,13.0,0.009083986282348633
19.0,7.0,7.0,0.010974407196044922
25.0,8.0,8.0,0.011391878128051758
67.0,12.0,12.0,0.023392200469970703
23.0,11.0,11.0,0.009728193283081055
32.0,2.0,2.0,0.012650251388549805
42.0,5.0,5.0,0.018891572952270508
50.0,24.0,24.0,0.02342820167541504
31.0,11.0,11.0,0.009886980056762695
60.0,15.0,15.0,0.02507185935974121
21.0,8.0,8.0,0.009970664978027344
17.0,3.0,3.0,0.0054552555084228516
23.0,9.0,9.0,0.008187294006347656
14.0,2.0,2.0,0.0046117305755615234
42.0,11.0,11.0,0.016686201095581055
40.0,5.0,5.0,0.020475149154663086
17.0,6.0,6.0,0.0029370784759521484
32.0,12.0,12.0,0.01492452621459961
32.0,12.0,12.0,0.012383460998535156
101.0,12.0,12.0,0.038362741470336914
44.0,14.0,14.0,0.012461423873901367
46.0,7.0,7.0,0.01631617546081543
24.0,4.0,4.0,0.00917196273803711
19.0,4.0,4.0,0.005341529846191406
83.0,17.0,17.0,0.0329594612121582
28.0,3.0,3.0,0.009961605072021484
24.0,13.0,13.0,0.007753133773803711
53.0,9.0,9.0,0.01586174964904785
61.0,12.0,12.0,0.01985764503479004
102.0,17.0,17.0,0.03622293472290039
34.0,12.0,12.0,0.014603614807128906
26.0,8.0,8.0,0.008682012557983398
46.0,3.0,3.0,0.01062917709350586
21.0,9.0,9.0,0.009068965911865234
30.0,4.0,4.0,0.0021266937255859375
141.0,23.0,23.0,0.05264568328857422
14.0,3.0,3.0,0.0
59.0,13.0,13.0,0.025179386138916016
68.0,15.0,15.0,0.025518178939819336
67.0,16.0,16.0,0.017143964767456055
32.0,15.0,15.0,0.0273282527923584
27.0,7.0,7.0,0.002729654312133789
22.0,5.0,5.0,0.021735668182373047
26.0,5.0,5.0,0.0166018009185791
33.0,3.0,3.0,0.005008220672607422
58.0,16.0,16.0,0.034099578857421875
151.0,16.0,16.0,0.05933070182800293
45.0,5.0,5.0,0.022020578384399414
33.0,9.0,9.0,0.011594772338867188
16.0,4.0,4.0,0.004299163818359375
55.0,10.0,10.0,0.02112102508544922
62.0,12.0,12.0,0.021466732025146484
64.0,5.0,5.0,0.017060279846191406
23.0,5.0,5.0,0.013757467269897461
84.0,14.0,14.0,0.016913652420043945
29.0,5.0,5.0,0.014019966125488281
18.0,7.0,7.0,0.014661073684692383
72.0,16.0,16.0,0.01587653160095215
90.0,28.0,28.0,0.03747391700744629
49.0,10.0,10.0,0.011168479919433594
27.0,9.0,9.0,0.017085552215576172
20.0,5.0,5.0,0.006738901138305664
42.0,13.0,13.0,0.009616613388061523
22.0,6.0,6.0,0.013563871383666992
21.0,2.0,2.0,0.006083250045776367
18.0,6.0,6.0,0.007608652114868164
56.0,16.0,16.0,0.024833202362060547
116.0,16.0,16.0,0.03794217109680176
101.0,23.0,23.0,0.03733038902282715
28.0,9.0,9.0,0.0016963481903076172
15.0,4.0,4.0,0.0
48.0,8.0,8.0,0.006165504455566406
36.0,16.0,16.0,0.002359151840209961
19.0,0.0,0.0,0.013578653335571289
77.0,10.0,10.0,0.015640735626220703
31.0,7.0,7.0,0.019131183624267578
49.0,7.0,7.0,0.012228012084960938
16.0,4.0,4.0,0.01646590232849121
33.0,15.0,15.0,0.0
51.0,11.0,11.0,0.016144752502441406
24.0,8.0,8.0,0.019043445587158203
87.0,10.0,10.0,0.03851771354675293
42.0,5.0,5.0,0.005468606948852539
56.0,15.0,15.0,0.028759479522705078
38.0,8.0,8.0,0.012384653091430664
31.0,8.0,8.0,0.01050114631652832
137.0,18.0,18.0,0.034386634826660156
31.0,9.0,9.0,0.02130126953125
34.0,8.0,8.0,0.011713027954101562
46.0,8.0,8.0,0.016086339950561523
65.0,10.0,10.0,0.015529632568359375
49.0,8.0,8.0,0.0015761852264404297
46.0,7.0,7.0,0.0
51.0,10.0,10.0,0.01432180404663086
26.0,7.0,7.0,0.00869894027709961
79.0,19.0,19.0,0.026894807815551758
35.0,7.0,7.0,0.012039422988891602
44.0,12.0,12.0,0.0
26.0,6.0,6.0,0.0
36.0,8.0,8.0,0.015628337860107422
43.0,19.0,19.0,0.01604914665222168
92.0,35.0,35.0,0.033643484115600586
85.0,15.0,15.0,0.031731367111206055
54.0,10.0,10.0,0.008526802062988281
65.0,12.0,12.0,0.03125786781311035
91.0,13.0,13.0,0.031976938247680664
16.0,5.0,5.0,0.013175725936889648
22.0,8.0,8.0,0.0026063919067382812
42.0,6.0,6.0,0.021450519561767578
119.0,17.0,17.0,0.04145956039428711
68.0,12.0,12.0,0.014987707138061523
29.0,14.0,14.0,0.013010263442993164
46.0,12.0,12.0,0.01563572883605957
65.0,4.0,4.0,0.015685081481933594
26.0,8.0,8.0,0.004150390625
31.0,10.0,10.0,0.011510610580444336
28.0,10.0,10.0,0.0177762508392334
19.0,8.0,8.0,0.009012460708618164
40.0,8.0,8.0,0.019213199615478516
89.0,15.0,15.0,0.041069984436035156
32.0,6.0,6.0,0.0021059513092041016
23.0,5.0,5.0,0.01567363739013672
18.0,5.0,5.0,0.0
57.0,18.0,18.0,0.01640915870666504
31.0,7.0,7.0,0.015253782272338867
120.0,31.0,31.0,0.03045177459716797
50.0,18.0,18.0,0.018932580947875977
56.0,16.0,16.0,0.013489961624145508
48.0,10.0,10.0,0.018007993698120117
75.0,16.0,16.0,0.032240867614746094
31.0,9.0,9.0,0.010909557342529297
109.0,12.0,12.0,0.03144359588623047
38.0,13.0,13.0,0.018735885620117188
64.0,12.0,12.0,0.030848264694213867
28.0,17.0,17.0,0.0055103302001953125
18.0,7.0,7.0,0.003977060317993164
74.0,11.0,11.0,0.021795034408569336
45.0,4.0,4.0,0.01458430290222168
66.0,6.0,6.0,0.019351720809936523
29.0,10.0,10.0,0.012563705444335938
83.0,22.0,22.0,0.024623394012451172
16.0,5.0,5.0,0.0054433345794677734
28.0,3.0,3.0,0.008939027786254883
15.0,4.0,4.0,0.005844831466674805
48.0,5.0,5.0,0.020457983016967773
72.0,12.0,12.0,0.02902078628540039
52.0,13.0,13.0,0.007835865020751953
20.0,3.0,3.0,0.013155460357666016
24.0,9.0,9.0,0.0
14.0,0.0,0.0,0.015508174896240234
19.0,3.0,3.0,0.008508443832397461
189.0,26.0,26.0,0.06760144233703613
19.0,7.0,7.0,0.0022644996643066406
41.0,4.0,4.0,0.0186769962310791
36.0,3.0,3.0,0.013807296752929688
49.0,11.0,11.0,0.01351308822631836
30.0,13.0,13.0,0.0072176456451416016
25.0,3.0,3.0,0.015825271606445312
71.0,13.0,13.0,0.022770404815673828
49.0,9.0,9.0,0.015230178833007812
38.0,10.0,10.0,0.0
80.0,24.0,24.0,0.028926610946655273
17.0,5.0,5.0,0.0029180049896240234
18.0,7.0,7.0,0.004513263702392578
14.0,3.0,3.0,0.0071260929107666016
24.0,6.0,6.0,0.024591922760009766
111.0,11.0,11.0,0.0535280704498291
77.0,8.0,8.0,0.02736687660217285
52.0,10.0,10.0,0.015300273895263672
18.0,6.0,6.0,0.005735874176025391
16.0,4.0,4.0,0.006844282150268555
16.0,5.0,5.0,0.008557558059692383
52.0,11.0,11.0,0.018804311752319336
16.0,2.0,2.0,0.009180068969726562
22.0,5.0,5.0,0.007472991943359375
44.0,13.0,13.0,0.007097721099853516
18.0,5.0,5.0,0.015638351440429688
19.0,8.0,8.0,0.003741741180419922
24.0,6.0,6.0,0.012200355529785156
24.0,4.0,4.0,0.00458216667175293
72.0,30.0,30.0,0.028905391693115234
37.0,6.0,6.0,0.029469728469848633
56.0,29.0,29.0,0.015647411346435547
73.0,16.0,16.0,0.01590704917907715
18.0,6.0,6.0,0.015636682510375977
19.0,7.0,7.0,0.0060062408447265625
27.0,7.0,7.0,0.010009288787841797
13.0,1.0,1.0,0.008748769760131836
66.0,13.0,13.0,0.028995275497436523
55.0,16.0,16.0,0.009608983993530273
20.0,4.0,4.0,0.016149282455444336
66.0,19.0,19.0,0.015573501586914062
40.0,3.0,3.0,0.015909910202026367
21.0,7.0,7.0,0.0
24.0,7.0,7.0,0.015638351440429688
23.0,9.0,9.0,0.0
28.0,8.0,8.0,0.015893220901489258
43.0,8.0,8.0,0.0228884220123291
18.0,5.0,5.0,0.009714126586914062
39.0,7.0,7.0,0.012288331985473633
36.0,12.0,12.0,0.011467695236206055
29.0,9.0,9.0,0.00603485107421875
33.0,11.0,11.0,0.015903472900390625
27.0,9.0,9.0,0.004642009735107422
47.0,10.0,10.0,0.017206430435180664
24.0,10.0,10.0,0.015591859817504883
53.0,13.0,13.0,0.030733108520507812
29.0,7.0,7.0,0.016829729080200195
16.0,4.0,4.0,0.008136987686157227
19.0,6.0,6.0,0.011196136474609375
31.0,6.0,6.0,0.019993305206298828
51.0,12.0,12.0,0.02400374412536621
43.0,13.0,13.0,0.015344619750976562
18.0,7.0,7.0,0.00529932975769043
80.0,11.0,11.0,0.032800912857055664
35.0,14.0,14.0,0.01647186279296875
67.0,17.0,17.0,0.023651599884033203
43.0,6.0,6.0,0.014734983444213867
27.0,3.0,3.0,0.006746530532836914
58.0,5.0,5.0,0.02465653419494629
26.0,5.0,5.0,0.0055086612701416016
16.0,4.0,4.0,0.00982522964477539
65.0,12.0,12.0,0.021179914474487305
96.0,16.0,16.0,0.03608107566833496
65.0,23.0,23.0,0.026964664459228516
37.0,7.0,7.0,0.012706518173217773
20.0,7.0,7.0,0.003450632095336914
21.0,3.0,3.0,0.006694316864013672
16.0,3.0,3.0,0.0025534629821777344
58.0,12.0,12.0,0.020484209060668945
23.0,8.0,8.0,0.007209300994873047
18.0,7.0,7.0,0.005591392517089844
84.0,16.0,16.0,0.02937793731689453
72.0,13.0,13.0,0.01824641227722168
39.0,5.0,5.0,0.0157778263092041
27.0,3.0,3.0,0.0209195613861084
23.0,3.0,3.0,0.0065081119537353516
34.0,5.0,5.0,0.011156082153320312
40.0,7.0,7.0,0.013712644577026367
113.0,18.0,18.0,0.03803896903991699
26.0,6.0,6.0,0.017264366149902344
65.0,13.0,13.0,0.03600788116455078
32.0,6.0,6.0,0.011506080627441406
41.0,6.0,6.0,0.015341758728027344
57.0,13.0,13.0,0.018094539642333984
15.0,3.0,3.0,0.01159214973449707
45.0,9.0,9.0,0.02137017250061035
47.0,8.0,8.0,0.019159793853759766
50.0,10.0,10.0,0.016034841537475586
25.0,12.0,12.0,0.008507966995239258
73.0,10.0,10.0,0.028133153915405273
17.0,6.0,6.0,0.005964756011962891
20.0,6.0,6.0,0.0021851062774658203
71.0,18.0,18.0,0.01873183250427246
37.0,10.0,10.0,0.009038925170898438
67.0,12.0,12.0,0.022566556930541992
15.0,2.0,2.0,0.003780841827392578
31.0,13.0,13.0,0.01550745964050293
24.0,5.0,5.0,0.009948968887329102
18.0,6.0,6.0,0.004324913024902344
56.0,11.0,11.0,0.01884746551513672
66.0,11.0,11.0,0.021458148956298828
14.0,3.0,3.0,0.0
24.0,8.0,8.0,0.010356426239013672
61.0,9.0,9.0,0.023468732833862305
66.0,11.0,11.0,0.024029254913330078
36.0,5.0,5.0,0.011525392532348633
61.0,6.0,6.0,0.016750335693359375
23.0,8.0,8.0,0.013032674789428711
25.0,9.0,9.0,0.008055686950683594
90.0,9.0,9.0,0.03017115592956543
24.0,7.0,7.0,0.009955167770385742
31.0,8.0,8.0,0.010364770889282227
34.0,3.0,3.0,0.003697633743286133
31.0,10.0,10.0,0.009566307067871094
58.0,6.0,6.0,0.028912782669067383
40.0,13.0,13.0,0.014261484146118164
46.0,8.0,8.0,0.016142606735229492
65.0,13.0,13.0,0.021198511123657227
22.0,8.0,8.0,0.007022857666015625
33.0,13.0,13.0,0.013561248779296875
110.0,13.0,13.0,0.032835960388183594
33.0,11.0,11.0,0.01052713394165039
21.0,1.0,1.0,0.0059206485748291016
173.0,33.0,33.0,0.06415605545043945
33.0,8.0,8.0,0.011782169342041016
28.0,4.0,4.0,0.010380983352661133
47.0,8.0,8.0,0.0187680721282959
21.0,4.0,4.0,0.007155895233154297
27.0,6.0,6.0,0.008611202239990234
35.0,7.0,7.0,0.010992288589477539
27.0,11.0,11.0,0.00998830795288086
16.0,5.0,5.0,0.0030677318572998047
68.0,12.0,12.0,0.02617502212524414
18.0,4.0,4.0,0.007006406784057617
48.0,7.0,7.0,0.02350449562072754
16.0,3.0,3.0,0.005849361419677734
14.0,3.0,3.0,0.012481451034545898
36.0,5.0,5.0,0.018471479415893555
23.0,4.0,4.0,0.013250589370727539
33.0,6.0,6.0,0.018321990966796875
16.0,4.0,4.0,0.005688190460205078
32.0,3.0,3.0,0.011893510818481445
22.0,11.0,11.0,0.00943446159362793
19.0,5.0,5.0,0.006308317184448242
21.0,7.0,7.0,0.006777048110961914
24.0,7.0,7.0,0.007404327392578125
22.0,2.0,2.0,0.0068166255950927734
22.0,3.0,3.0,0.00730133056640625
95.0,22.0,22.0,0.04026174545288086
22.0,6.0,6.0,0.008273124694824219
212.0,23.0,23.0,0.06549358367919922
27.0,4.0,4.0,0.010776758193969727
107.0,17.0,17.0,0.03441619873046875
50.0,8.0,8.0,0.018507957458496094
65.0,9.0,9.0,0.019871234893798828
31.0,5.0,5.0,0.013560771942138672
23.0,3.0,3.0,0.00701594352722168
112.0,17.0,17.0,0.03493022918701172
17.0,6.0,6.0,0.006670236587524414
94.0,25.0,25.0,0.026531219482421875
26.0,0.0,0.0,0.0
59.0,12.0,12.0,0.031530141830444336
60.0,8.0,8.0,0.019183635711669922
37.0,11.0,11.0,0.01412200927734375
22.0,11.0,11.0,0.0074310302734375
50.0,8.0,8.0,0.004401445388793945
16.0,5.0,5.0,0.01520538330078125
37.0,9.0,9.0,0.014677286148071289
88.0,8.0,8.0,0.035460472106933594
18.0,7.0,7.0,0.0024526119232177734
35.0,3.0,3.0,0.007765054702758789
19.0,6.0,6.0,0.015775442123413086
23.0,3.0,3.0,0.0031397342681884766
22.0,11.0,11.0,0.012508392333984375
23.0,4.0,4.0,0.0
19.0,2.0,2.0,0.018955707550048828
43.0,7.0,7.0,0.011625289916992188
18.0,6.0,6.0,0.006039857864379883
35.0,18.0,18.0,0.011655569076538086
51.0,15.0,15.0,0.029134035110473633
52.0,13.0,13.0,0.018136978149414062
18.0,6.0,6.0,0.0025374889373779297
24.0,4.0,4.0,0.014731884002685547
40.0,6.0,6.0,0.011524438858032227
18.0,6.0,6.0,0.004207611083984375
72.0,12.0,12.0,0.02762436866760254
52.0,10.0,10.0,0.016677141189575195
23.0,4.0,4.0,0.0048370361328125
27.0,6.0,6.0,0.00749516487121582
27.0,6.0,6.0,0.0191652774810791
121.0,25.0,25.0,0.048230886459350586
20.0,6.0,6.0,0.005518198013305664
35.0,6.0,6.0,0.014066457748413086
39.0,8.0,8.0,0.011189699172973633
25.0,6.0,6.0,0.008516311645507812
57.0,12.0,12.0,0.010260581970214844
38.0,9.0,9.0,0.02210092544555664
16.0,3.0,3.0,0.005213022232055664
95.0,17.0,17.0,0.03049778938293457
21.0,4.0,4.0,0.0076541900634765625
54.0,8.0,8.0,0.01563119888305664
33.0,7.0,7.0,0.00868988037109375
37.0,12.0,12.0,0.019688129425048828
48.0,6.0,6.0,0.01713252067565918
21.0,6.0,6.0,0.0068607330322265625
34.0,7.0,7.0,0.011261701583862305
46.0,9.0,9.0,0.013984203338623047
33.0,4.0,4.0,0.010500907897949219
44.0,13.0,13.0,0.013448238372802734
49.0,12.0,12.0,0.009897470474243164
17.0,6.0,6.0,0.010570526123046875
51.0,11.0,11.0,0.021436214447021484
26.0,5.0,5.0,0.0
31.0,9.0,9.0,0.021514415740966797
34.0,7.0,7.0,0.008655786514282227
52.0,15.0,15.0,0.0230712890625
28.0,7.0,7.0,0.01198577880859375
32.0,11.0,11.0,0.01281118392944336
33.0,8.0,8.0,0.006437778472900391
20.0,4.0,4.0,0.01715397834777832
26.0,11.0,11.0,0.008849859237670898
94.0,20.0,20.0,0.04008293151855469
52.0,10.0,10.0,0.021588802337646484
24.0,10.0,10.0,0.00867319107055664
32.0,5.0,5.0,0.010655403137207031
16.0,6.0,6.0,0.0076067447662353516
18.0,5.0,5.0,0.009742259979248047
150.0,23.0,23.0,0.07912158966064453
32.0,8.0,8.0,0.012623310089111328
25.0,6.0,6.0,0.004952907562255859
40.0,4.0,4.0,0.010010480880737305
19.0,5.0,5.0,0.017789125442504883
42.0,11.0,11.0,0.021114587783813477
107.0,15.0,15.0,0.0413665771484375
66.0,13.0,13.0,0.03162097930908203
15.0,4.0,4.0,0.00658869743347168
26.0,8.0,8.0,0.010060310363769531
47.0,5.0,5.0,0.02304840087890625
32.0,4.0,4.0,0.018268108367919922
34.0,11.0,11.0,0.021522998809814453
81.0,11.0,11.0,0.0364227294921875
38.0,16.0,16.0,0.009246110916137695
25.0,8.0,8.0,0.015506744384765625
147.0,44.0,44.0,0.06441044807434082
22.0,3.0,3.0,0.010535717010498047
33.0,5.0,5.0,0.0
19.0,8.0,8.0,0.016390085220336914
20.0,7.0,7.0,0.0
98.0,10.0,10.0,0.0495607852935791
18.0,7.0,7.0,0.011855602264404297
153.0,38.0,38.0,0.06464815139770508
101.0,14.0,14.0,0.031081676483154297
62.0,13.0,13.0,0.025896549224853516
38.0,3.0,3.0,0.010840415954589844
34.0,8.0,8.0,0.011233329772949219
17.0,6.0,6.0,0.008435726165771484
90.0,10.0,10.0,0.038222312927246094
36.0,17.0,17.0,0.011566400527954102
50.0,14.0,14.0,0.028003215789794922
177.0,26.0,26.0,0.08925724029541016
96.0,22.0,22.0,0.04051089286804199
41.0,10.0,10.0,0.01648402214050293
60.0,7.0,7.0,0.03034496307373047
28.0,2.0,2.0,0.009141683578491211
63.0,8.0,8.0,0.021477222442626953
15.0,3.0,3.0,0.004786968231201172
103.0,35.0,35.0,0.03145337104797363
138.0,24.0,24.0,0.03510785102844238
36.0,10.0,10.0,0.015639305114746094
25.0,11.0,11.0,0.015627384185791016
18.0,6.0,6.0,0.0
44.0,12.0,12.0,0.015630722045898438
42.0,19.0,19.0,0.022693872451782227
16.0,6.0,6.0,0.010766267776489258
22.0,6.0,6.0,0.0
19.0,7.0,7.0,0.012514114379882812
40.0,5.0,5.0,0.016672849655151367
15.0,4.0,4.0,0.0
25.0,5.0,5.0,0.019236326217651367
15.0,5.0,5.0,0.0
47.0,13.0,13.0,0.019011735916137695
23.0,9.0,9.0,0.0
25.0,2.0,2.0,0.010009527206420898
72.0,10.0,10.0,0.031264305114746094
30.0,12.0,12.0,0.011296272277832031
17.0,3.0,3.0,0.004389286041259766
25.0,8.0,8.0,0.0075740814208984375
105.0,18.0,18.0,0.033646345138549805
38.0,9.0,9.0,0.012159347534179688
37.0,5.0,5.0,0.011917829513549805
71.0,16.0,16.0,0.022784948348999023
139.0,11.0,11.0,0.04710793495178223
40.0,6.0,6.0,0.015813589096069336
16.0,4.0,4.0,0.005186319351196289
26.0,8.0,8.0,0.006849050521850586
16.0,4.0,4.0,0.010212898254394531
20.0,9.0,9.0,0.0042819976806640625
78.0,18.0,18.0,0.04590654373168945
42.0,13.0,13.0,0.022284269332885742
30.0,8.0,8.0,0.02080249786376953
26.0,6.0,6.0,0.016179800033569336
83.0,20.0,20.0,0.03902459144592285
18.0,4.0,4.0,0.014559268951416016
46.0,9.0,9.0,0.023588180541992188
34.0,15.0,15.0,0.012168645858764648
59.0,16.0,16.0,0.02136397361755371
55.0,9.0,9.0,0.025765657424926758
92.0,23.0,23.0,0.05114245414733887
17.0,5.0,5.0,0.010174036026000977
25.0,5.0,5.0,0.0064449310302734375
33.0,3.0,3.0,0.014652729034423828
28.0,4.0,4.0,0.00843667984008789
13.0,2.0,2.0,0.008734703063964844
38.0,8.0,8.0,0.007114887237548828
36.0,7.0,7.0,0.036646127700805664
18.0,2.0,2.0,0.009243488311767578
46.0,18.0,18.0,0.014833211898803711
130.0,13.0,13.0,0.04130148887634277
47.0,13.0,13.0,0.016161680221557617
40.0,11.0,11.0,0.015727519989013672
26.0,4.0,4.0,0.0
18.0,5.0,5.0,0.01451730728149414
70.0,7.0,7.0,0.025154829025268555
16.0,5.0,5.0,0.0012195110321044922
114.0,22.0,22.0,0.04051780700683594
18.0,7.0,7.0,0.005690336227416992
33.0,9.0,9.0,0.014629840850830078
73.0,14.0,14.0,0.02993178367614746
67.0,7.0,7.0,0.01676774024963379
104.0,19.0,19.0,0.03793644905090332
34.0,11.0,11.0,0.008557796478271484
39.0,6.0,6.0,0.015183687210083008
36.0,9.0,9.0,0.010828971862792969
16.0,5.0,5.0,0.005959272384643555
52.0,10.0,10.0,0.017307519912719727
33.0,6.0,6.0,0.008579254150390625
15.0,2.0,2.0,0.009060859680175781
29.0,10.0,10.0,0.006800413131713867
55.0,12.0,12.0,0.01704573631286621
84.0,23.0,23.0,0.02776026725769043
66.0,17.0,17.0,0.0241546630859375
30.0,6.0,6.0,0.010234594345092773
23.0,5.0,5.0,0.010868072509765625
36.0,8.0,8.0,0.015581846237182617
214.0,26.0,26.0,0.09313845634460449
24.0,8.0,8.0,0.008940458297729492
49.0,12.0,12.0,0.016092300415039062
28.0,4.0,4.0,0.009232759475708008
32.0,12.0,12.0,0.007021427154541016
24.0,5.0,5.0,0.01071476936340332
20.0,6.0,6.0,0.01409292221069336
62.0,9.0,9.0,0.01617908477783203
46.0,9.0,9.0,0.01754903793334961
48.0,10.0,10.0,0.01774120330810547
12.0,1.0,1.0,0.008394956588745117
36.0,8.0,8.0,0.012809276580810547
25.0,12.0,12.0,0.00753474235534668
31.0,8.0,8.0,0.008649110794067383
51.0,7.0,7.0,0.017764806747436523
28.0,4.0,4.0,0.009066343307495117
44.0,8.0,8.0,0.018988370895385742
26.0,1.0,1.0,0.009611845016479492
48.0,4.0,4.0,0.01656508445739746
28.0,10.0,10.0,0.010813474655151367
15.0,3.0,3.0,0.0005066394805908203
16.0,4.0,4.0,0.0058441162109375
22.0,6.0,6.0,0.008010149002075195
55.0,20.0,20.0,0.020206928253173828
18.0,4.0,4.0,0.00664830207824707
23.0,11.0,11.0,0.008509397506713867
34.0,8.0,8.0,0.013229846954345703
48.0,12.0,12.0,0.02093791961669922
61.0,6.0,6.0,0.018755197525024414
29.0,7.0,7.0,0.009274721145629883
25.0,9.0,9.0,0.009521245956420898
18.0,2.0,2.0,0.0026879310607910156
31.0,7.0,7.0,0.014841556549072266
67.0,10.0,10.0,0.025812625885009766
71.0,13.0,13.0,0.039220333099365234
14.0,3.0,3.0,0.006977558135986328
25.0,8.0,8.0,0.008900880813598633
30.0,5.0,5.0,0.009456157684326172
50.0,11.0,11.0,0.016673803329467773
49.0,11.0,11.0,0.015184402465820312
26.0,3.0,3.0,0.008342266082763672
18.0,6.0,6.0,0.00556182861328125
31.0,6.0,6.0,0.012507915496826172
24.0,13.0,13.0,0.007959604263305664
85.0,12.0,12.0,0.017721176147460938
91.0,20.0,20.0,0.03254866600036621
151.0,14.0,14.0,0.04846620559692383
40.0,14.0,14.0,0.017717838287353516
43.0,7.0,7.0,0.030726194381713867
26.0,0.0,0.0,0.010441780090332031
25.0,5.0,5.0,0.0010731220245361328
24.0,8.0,8.0,0.015346050262451172
86.0,18.0,18.0,0.027684450149536133
17.0,5.0,5.0,0.0
31.0,12.0,12.0,0.018392562866210938
17.0,4.0,4.0,0.005563497543334961
24.0,4.0,4.0,0.006654977798461914
32.0,5.0,5.0,0.01037287712097168
24.0,6.0,6.0,0.008533239364624023
28.0,6.0,6.0,0.009736061096191406
43.0,9.0,9.0,0.012429475784301758
80.0,15.0,15.0,0.01983046531677246
33.0,8.0,8.0,0.011515378952026367
16.0,3.0,3.0,0.014785289764404297
132.0,19.0,19.0,0.05610990524291992
26.0,10.0,10.0,0.004753589630126953
19.0,4.0,4.0,0.016065597534179688
22.0,6.0,6.0,0.006324052810668945
19.0,6.0,6.0,0.005507707595825195
18.0,1.0,1.0,0.0
31.0,5.0,5.0,0.015869617462158203
41.0,9.0,9.0,0.021218299865722656
29.0,7.0,7.0,0.010520458221435547
69.0,14.0,14.0,0.021036624908447266
96.0,16.0,16.0,0.030110597610473633
41.0,14.0,14.0,0.013367176055908203
65.0,13.0,13.0,0.020450115203857422
26.0,1.0,1.0,0.007416486740112305
49.0,7.0,7.0,0.018561840057373047
19.0,3.0,3.0,0.010070562362670898
52.0,7.0,7.0,0.008656740188598633
22.0,10.0,10.0,0.0256350040435791
20.0,7.0,7.0,0.005236387252807617
41.0,15.0,15.0,0.013936519622802734
95.0,8.0,8.0,0.03134322166442871
33.0,3.0,3.0,0.010079622268676758
67.0,8.0,8.0,0.023253917694091797
23.0,6.0,6.0,0.00667881965637207
30.0,16.0,16.0,0.011051654815673828
127.0,32.0,32.0,0.03494763374328613
62.0,11.0,11.0,0.039908647537231445
44.0,11.0,11.0,0.023203134536743164
25.0,9.0,9.0,0.008434534072875977
49.0,14.0,14.0,0.014192342758178711
16.0,4.0,4.0,0.0
93.0,25.0,25.0,0.03145551681518555
38.0,6.0,6.0,0.015955448150634766
30.0,6.0,6.0,0.015656232833862305
43.0,9.0,9.0,0.017261266708374023
25.0,4.0,4.0,0.007904767990112305
31.0,14.0,14.0,0.009277820587158203
28.0,7.0,7.0,0.010019302368164062
29.0,10.0,10.0,0.005517721176147461
83.0,9.0,9.0,0.03872036933898926
33.0,6.0,6.0,0.003377199172973633
24.0,6.0,6.0,0.01626753807067871
48.0,7.0,7.0,0.01333928108215332
66.0,22.0,22.0,0.017854690551757812
50.0,15.0,15.0,0.01528024673461914
21.0,6.0,6.0,0.006818056106567383
44.0,15.0,15.0,0.0114288330078125
39.0,15.0,15.0,0.018697500228881836
108.0,20.0,20.0,0.04504108428955078
23.0,5.0,5.0,0.0
34.0,13.0,13.0,0.0023374557495117188
64.0,8.0,8.0,0.029179811477661133
23.0,8.0,8.0,0.018426179885864258
32.0,12.0,12.0,0.01941370964050293
37.0,9.0,9.0,0.02312016487121582
53.0,5.0,5.0,0.014647722244262695
15.0,1.0,1.0,0.013902425765991211
25.0,8.0,8.0,0.01500558853149414
35.0,6.0,6.0,0.018339872360229492
41.0,9.0,9.0,0.019824981689453125
22.0,11.0,11.0,0.0077228546142578125
47.0,5.0,5.0,0.015974998474121094
35.0,10.0,10.0,0.016134262084960938
33.0,13.0,13.0,0.0
54.0,9.0,9.0,0.0214231014251709
86.0,19.0,19.0,0.03339195251464844
24.0,9.0,9.0,0.0038862228393554688
26.0,1.0,1.0,0.014787435531616211
25.0,3.0,3.0,0.0038809776306152344
75.0,23.0,23.0,0.027992963790893555
77.0,16.0,16.0,0.03668093681335449
44.0,8.0,8.0,0.014535665512084961
24.0,8.0,8.0,0.007842540740966797
167.0,26.0,26.0,0.05251622200012207
23.0,10.0,10.0,0.01570272445678711
18.0,3.0,3.0,0.002274036407470703
106.0,13.0,13.0,0.040039777755737305
28.0,9.0,9.0,0.0
26.0,6.0,6.0,0.015475749969482422
36.0,3.0,3.0,0.022447586059570312
16.0,4.0,4.0,0.008257389068603516
25.0,5.0,5.0,0.003911733627319336
42.0,10.0,10.0,0.025563478469848633
16.0,5.0,5.0,0.015735149383544922
13.0,2.0,2.0,0.009076595306396484
17.0,6.0,6.0,0.005147695541381836
20.0,6.0,6.0,0.006914854049682617
115.0,19.0,19.0,0.048551082611083984
293.0,41.0,41.0,0.09643840789794922
62.0,17.0,17.0,0.03769516944885254
35.0,7.0,7.0,0.020299911499023438
62.0,17.0,17.0,0.03261971473693848
25.0,4.0,4.0,0.010654211044311523
70.0,17.0,17.0,0.0281524658203125
71.0,12.0,12.0,0.022245168685913086
21.0,10.0,10.0,0.0075495243072509766
65.0,18.0,18.0,0.03001260757446289
81.0,8.0,8.0,0.030858278274536133
30.0,8.0,8.0,0.015638351440429688
54.0,17.0,17.0,0.015624523162841797
96.0,17.0,17.0,0.034772396087646484
52.0,11.0,11.0,0.011193990707397461
36.0,7.0,7.0,0.015124320983886719
41.0,6.0,6.0,0.015631914138793945
47.0,12.0,12.0,0.01569843292236328
55.0,11.0,11.0,0.014348268508911133
125.0,13.0,13.0,0.04530000686645508
34.0,10.0,10.0,0.017265796661376953
38.0,8.0,8.0,0.015297412872314453
26.0,5.0,5.0,0.013909101486206055
30.0,8.0,8.0,0.0
59.0,12.0,12.0,0.03364372253417969
21.0,5.0,5.0,0.00559544563293457
14.0,3.0,3.0,0.009459972381591797
27.0,4.0,4.0,0.005368471145629883
25.0,8.0,8.0,0.0012655258178710938
22.0,6.0,6.0,0.014506101608276367
30.0,6.0,6.0,0.014412641525268555
64.0,10.0,10.0,0.01431894302368164
18.0,4.0,4.0,0.0
19.0,8.0,8.0,0.01871180534362793
24.0,10.0,10.0,0.012885332107543945
34.0,10.0,10.0,0.01381063461303711
76.0,11.0,11.0,0.024073123931884766
13.0,2.0,2.0,0.0043561458587646484
65.0,21.0,21.0,0.024295806884765625
53.0,12.0,12.0,0.019424915313720703
94.0,14.0,14.0,0.022777557373046875
28.0,8.0,8.0,0.016829967498779297
27.0,5.0,5.0,0.015390634536743164
56.0,11.0,11.0,0.015887975692749023
15.0,4.0,4.0,0.0
64.0,11.0,11.0,0.03801083564758301
17.0,5.0,5.0,0.006424665451049805
37.0,18.0,18.0,0.0
63.0,8.0,8.0,0.019264698028564453
47.0,15.0,15.0,0.014538049697875977
63.0,14.0,14.0,0.01978468894958496
17.0,4.0,4.0,0.005036354064941406
13.0,1.0,1.0,0.0065305233001708984
25.0,6.0,6.0,0.006159782409667969
17.0,4.0,4.0,0.007494926452636719
88.0,13.0,13.0,0.038190364837646484
33.0,8.0,8.0,0.016404390335083008
18.0,7.0,7.0,0.00823354721069336
36.0,9.0,9.0,0.02538609504699707
49.0,10.0,10.0,0.017548799514770508
25.0,11.0,11.0,0.00933218002319336
114.0,13.0,13.0,0.04061126708984375
37.0,6.0,6.0,0.011931180953979492
16.0,5.0,5.0,0.00468134880065918
17.0,5.0,5.0,0.007139682769775391
29.0,10.0,10.0,0.010448694229125977
75.0,10.0,10.0,0.022604942321777344
21.0,3.0,3.0,0.0
105.0,19.0,19.0,0.031647682189941406
50.0,4.0,4.0,0.01721978187561035
24.0,4.0,4.0,0.014510154724121094
29.0,17.0,17.0,0.01563739776611328
68.0,7.0,7.0,0.021501541137695312
19.0,7.0,7.0,0.006544589996337891
21.0,4.0,4.0,0.003749847412109375
42.0,8.0,8.0,0.013156652450561523
53.0,11.0,11.0,0.01454305648803711
42.0,7.0,7.0,0.021683931350708008
46.0,17.0,17.0,0.012137651443481445
18.0,7.0,7.0,0.013674259185791016
27.0,9.0,9.0,0.0032892227172851562
56.0,19.0,19.0,0.02513909339904785
57.0,7.0,7.0,0.013896465301513672
19.0,5.0,5.0,0.0
58.0,11.0,11.0,0.016876935958862305
188.0,29.0,29.0,0.05904960632324219
25.0,3.0,3.0,0.01424098014831543
47.0,7.0,7.0,0.016993284225463867
24.0,9.0,9.0,0.011404991149902344
44.0,18.0,18.0,0.015184879302978516
39.0,8.0,8.0,0.017278194427490234
38.0,10.0,10.0,0.015995264053344727
97.0,9.0,9.0,0.03570961952209473
18.0,7.0,7.0,0.0064618587493896484
30.0,3.0,3.0,0.010855913162231445
66.0,12.0,12.0,0.018083572387695312
26.0,3.0,3.0,0.01208949089050293
19.0,7.0,7.0,0.009806394577026367
30.0,9.0,9.0,0.010705232620239258
91.0,17.0,17.0,0.03692507743835449
35.0,13.0,13.0,0.010212421417236328
28.0,13.0,13.0,0.018091440200805664
32.0,17.0,17.0,0.012967348098754883
24.0,9.0,9.0,0.0061473846435546875
18.0,3.0,3.0,0.01039433479309082
35.0,11.0,11.0,0.013521671295166016
21.0,6.0,6.0,0.008597135543823242
15.0,4.0,4.0,0.008581876754760742
148.0,28.0,28.0,0.06016802787780762
18.0,6.0,6.0,0.0074367523193359375
40.0,16.0,16.0,0.01616358757019043
22.0,8.0,8.0,0.006908893585205078
66.0,12.0,12.0,0.02474808692932129
18.0,6.0,6.0,0.0058917999267578125
81.0,18.0,18.0,0.028364181518554688
37.0,7.0,7.0,0.009284496307373047
29.0,7.0,7.0,0.007056474685668945
63.0,19.0,19.0,0.020628929138183594
31.0,8.0,8.0,0.012716054916381836
34.0,5.0,5.0,0.009551048278808594
24.0,13.0,13.0,0.009637594223022461
31.0,2.0,2.0,0.01372075080871582
30.0,8.0,8.0,0.008262157440185547
25.0,7.0,7.0,0.012106895446777344
32.0,6.0,6.0,0.01165461540222168
64.0,15.0,15.0,0.024729490280151367
47.0,12.0,12.0,0.01836562156677246
34.0,15.0,15.0,0.013485431671142578
24.0,5.0,5.0,0.008382081985473633
54.0,23.0,23.0,0.015145063400268555
20.0,8.0,8.0,0.008953094482421875
26.0,6.0,6.0,0.0077250003814697266
22.0,6.0,6.0,0.007409334182739258
111.0,11.0,11.0,0.04137301445007324
56.0,14.0,14.0,0.01898646354675293
20.0,3.0,3.0,0.008416175842285156
24.0,5.0,5.0,0.009132862091064453
36.0,6.0,6.0,0.011528968811035156
30.0,3.0,3.0,0.01026606559753418
26.0,11.0,11.0,0.009219884872436523
20.0,3.0,3.0,0.006422996520996094
39.0,12.0,12.0,0.012920856475830078
132.0,21.0,21.0,0.03167319297790527
68.0,14.0,14.0,0.030369043350219727
14.0,2.0,2.0,0.0
24.0,8.0,8.0,0.01578545570373535
35.0,8.0,8.0,0.013988733291625977
48.0,5.0,5.0,0.016126155853271484
82.0,24.0,24.0,0.01584029197692871
42.0,12.0,12.0,0.016284704208374023
52.0,16.0,16.0,0.015586614608764648
38.0,18.0,18.0,0.016147375106811523
52.0,10.0,10.0,0.018961668014526367
26.0,5.0,5.0,0.013575553894042969
48.0,13.0,13.0,0.017792940139770508
73.0,24.0,24.0,0.028078556060791016
76.0,19.0,19.0,0.015619516372680664
52.0,13.0,13.0,0.018558263778686523
21.0,10.0,10.0,0.014558553695678711
124.0,17.0,17.0,0.047333478927612305
32.0,9.0,9.0,0.014564990997314453
100.0,12.0,12.0,0.029881715774536133
46.0,10.0,10.0,0.01800537109375
62.0,7.0,7.0,0.019734621047973633
55.0,11.0,11.0,0.01565241813659668
57.0,3.0,3.0,0.01591348648071289
30.0,7.0,7.0,0.016388416290283203
20.0,2.0,2.0,0.0
31.0,5.0,5.0,0.015668630599975586
37.0,11.0,11.0,0.015594005584716797
11.0,0.0,0.0,0.00905156135559082
17.0,6.0,6.0,0.009645938873291016
96.0,15.0,15.0,0.03060293197631836
39.0,14.0,14.0,0.015065193176269531
20.0,8.0,8.0,0.0027849674224853516
87.0,16.0,16.0,0.03370785713195801
121.0,21.0,21.0,0.039493560791015625
30.0,11.0,11.0,0.01019287109375
34.0,8.0,8.0,0.011124849319458008
46.0,15.0,15.0,0.022758007049560547
31.0,5.0,5.0,0.0
230.0,50.0,50.0,0.096282958984375
106.0,19.0,19.0,0.03805375099182129
88.0,18.0,18.0,0.03772425651550293
24.0,13.0,13.0,0.009246826171875
44.0,7.0,7.0,0.015694856643676758
70.0,19.0,19.0,0.023663043975830078
231.0,25.0,25.0,0.0753626823425293
86.0,12.0,12.0,0.02764415740966797
46.0,11.0,11.0,0.02382373809814453
27.0,3.0,3.0,0.008934974670410156
13.0,2.0,2.0,0.0
21.0,5.0,5.0,0.010005950927734375
102.0,21.0,21.0,0.016162872314453125
35.0,6.0,6.0,0.0
67.0,15.0,15.0,0.03485512733459473
37.0,17.0,17.0,0.012034177780151367
39.0,8.0,8.0,0.0034945011138916016
89.0,14.0,14.0,0.029799461364746094
125.0,29.0,29.0,0.04677534103393555
55.0,12.0,12.0,0.015865802764892578
18.0,5.0,5.0,0.015993118286132812
26.0,5.0,5.0,0.004511356353759766
18.0,6.0,6.0,0.011168479919433594
168.0,35.0,35.0,0.06559205055236816
33.0,10.0,10.0,0.0
30.0,4.0,4.0,0.015609025955200195
26.0,9.0,9.0,0.02520155906677246
39.0,21.0,21.0,0.013803243637084961
49.0,12.0,12.0,0.006540775299072266
36.0,14.0,14.0,0.015668630599975586
31.0,11.0,11.0,0.015777587890625
55.0,12.0,12.0,0.01590752601623535
65.0,12.0,12.0,0.017375946044921875
26.0,7.0,7.0,0.015679121017456055
50.0,10.0,10.0,0.014258861541748047
61.0,15.0,15.0,0.01564335823059082
39.0,11.0,11.0,0.02524280548095703
33.0,9.0,9.0,0.012482881546020508
14.0,3.0,3.0,0.01110529899597168
99.0,13.0,13.0,0.030942440032958984
69.0,20.0,20.0,0.015624284744262695
33.0,16.0,16.0,0.015625
14.0,1.0,1.0,0.0
30.0,10.0,10.0,0.016453266143798828
17.0,4.0,4.0,0.0
23.0,8.0,8.0,0.01590728759765625
80.0,7.0,7.0,0.015624761581420898
75.0,13.0,13.0,0.03125
23.0,8.0,8.0,0.0
19.0,6.0,6.0,0.015384674072265625
28.0,8.0,8.0,0.019301176071166992
23.0,9.0,9.0,0.002948760986328125
19.0,6.0,6.0,0.009510278701782227
33.0,5.0,5.0,0.00634002685546875
24.0,4.0,4.0,0.0
66.0,13.0,13.0,0.01695537567138672
21.0,9.0,9.0,0.015630483627319336
76.0,18.0,18.0,0.015006780624389648
18.0,7.0,7.0,0.005017995834350586
50.0,14.0,14.0,0.011010169982910156
26.0,12.0,12.0,0.015636920928955078
62.0,7.0,7.0,0.01563572883605957
19.0,6.0,6.0,0.009338140487670898
74.0,17.0,17.0,0.02504730224609375
33.0,12.0,12.0,0.01300954818725586
28.0,4.0,4.0,0.018748998641967773
76.0,18.0,18.0,0.012821197509765625
43.0,10.0,10.0,0.015638351440429688
41.0,14.0,14.0,0.028710365295410156
69.0,21.0,21.0,0.03686380386352539
18.0,4.0,4.0,0.00805521011352539
33.0,7.0,7.0,0.01787090301513672
29.0,5.0,5.0,0.01048135757446289
50.0,17.0,17.0,0.01806950569152832
111.0,16.0,16.0,0.0407869815826416
88.0,18.0,18.0,0.02857804298400879
44.0,5.0,5.0,0.015902042388916016
41.0,3.0,3.0,0.0
19.0,6.0,6.0,0.006354808807373047
49.0,7.0,7.0,0.009804725646972656
12.0,1.0,1.0,0.013628482818603516
18.0,7.0,7.0,0.006511211395263672
17.0,2.0,2.0,0.008561134338378906
29.0,8.0,8.0,0.008182048797607422
27.0,6.0,6.0,0.0075092315673828125
67.0,22.0,22.0,0.015634536743164062
54.0,11.0,11.0,0.015633821487426758
21.0,8.0,8.0,0.016959667205810547
59.0,8.0,8.0,0.018970727920532227
34.0,6.0,6.0,0.01150965690612793
189.0,35.0,35.0,0.06859326362609863
22.0,4.0,4.0,0.0123443603515625
19.0,7.0,7.0,0.007602691650390625
61.0,18.0,18.0,0.02196502685546875
32.0,10.0,10.0,0.016134262084960938
25.0,11.0,11.0,0.0
21.0,2.0,2.0,0.0
57.0,23.0,23.0,0.018119335174560547
32.0,8.0,8.0,0.017217636108398438
35.0,11.0,11.0,0.00808405876159668
92.0,15.0,15.0,0.031404733657836914
48.0,8.0,8.0,0.02803659439086914
46.0,13.0,13.0,0.0156252384185791
54.0,16.0,16.0,0.03307652473449707
18.0,3.0,3.0,0.0
61.0,8.0,8.0,0.015009164810180664
20.0,8.0,8.0,0.0
52.0,4.0,4.0,0.0158998966217041
35.0,12.0,12.0,0.016047000885009766
44.0,1.0,1.0,0.015637636184692383
15.0,2.0,2.0,0.009399175643920898
28.0,11.0,11.0,0.006508588790893555
49.0,6.0,6.0,0.015636682510375977
32.0,4.0,4.0,0.0156252384185791
23.0,6.0,6.0,0.0
68.0,13.0,13.0,0.03125309944152832
27.0,6.0,6.0,0.0
23.0,9.0,9.0,0.015623807907104492
24.0,7.0,7.0,0.0
33.0,9.0,9.0,0.015511751174926758
17.0,6.0,6.0,0.0
38.0,6.0,6.0,0.024431705474853516
32.0,12.0,12.0,0.015301227569580078
22.0,7.0,7.0,0.010567426681518555
42.0,10.0,10.0,0.016611814498901367
71.0,9.0,9.0,0.024535655975341797
28.0,5.0,5.0,0.013637065887451172
90.0,17.0,17.0,0.03479790687561035
23.0,3.0,3.0,0.008573770523071289
21.0,10.0,10.0,0.005889177322387695
30.0,14.0,14.0,0.016687393188476562
44.0,10.0,10.0,0.015381574630737305
71.0,14.0,14.0,0.022593975067138672
20.0,8.0,8.0,0.0036606788635253906
60.0,10.0,10.0,0.025662660598754883
112.0,26.0,26.0,0.03040146827697754
20.0,8.0,8.0,0.0
39.0,8.0,8.0,0.004011392593383789
23.0,7.0,7.0,0.01201009750366211
14.0,3.0,3.0,0.0
58.0,11.0,11.0,0.03276205062866211
22.0,5.0,5.0,0.0061054229736328125
45.0,9.0,9.0,0.03206753730773926
18.0,4.0,4.0,0.007807254791259766
21.0,3.0,3.0,0.009025335311889648
46.0,11.0,11.0,0.006467580795288086
29.0,6.0,6.0,0.017058849334716797
19.0,3.0,3.0,0.0
19.0,3.0,3.0,0.015877485275268555
91.0,23.0,23.0,0.030150413513183594
18.0,5.0,5.0,0.0
97.0,14.0,14.0,0.044855356216430664
33.0,7.0,7.0,0.0
21.0,7.0,7.0,0.017070531845092773
80.0,18.0,18.0,0.03573942184448242
31.0,6.0,6.0,0.01335000991821289
42.0,10.0,10.0,0.015106916427612305
36.0,11.0,11.0,0.012607812881469727
60.0,11.0,11.0,0.023314952850341797
47.0,13.0,13.0,0.017990827560424805
23.0,8.0,8.0,0.008296012878417969
26.0,7.0,7.0,0.0063762664794921875
63.0,12.0,12.0,0.026609420776367188
171.0,30.0,30.0,0.05872511863708496
16.0,5.0,5.0,0.005143404006958008
27.0,7.0,7.0,0.008419275283813477
41.0,9.0,9.0,0.013074159622192383
20.0,9.0,9.0,0.00619196891784668
36.0,10.0,10.0,0.009497880935668945
18.0,5.0,5.0,0.005899667739868164
25.0,8.0,8.0,0.009238004684448242
40.0,8.0,8.0,0.025695323944091797
23.0,3.0,3.0,0.0059354305267333984
19.0,5.0,5.0,0.008485794067382812
21.0,4.0,4.0,0.008364439010620117
18.0,7.0,7.0,0.0045392513275146484
94.0,26.0,26.0,0.03343963623046875
28.0,16.0,16.0,0.012704133987426758
73.0,16.0,16.0,0.020699262619018555
36.0,6.0,6.0,0.009593486785888672
17.0,4.0,4.0,0.008158206939697266
54.0,8.0,8.0,0.01821422576904297
88.0,17.0,17.0,0.031651973724365234
21.0,3.0,3.0,0.009987831115722656
65.0,19.0,19.0,0.02149653434753418
23.0,12.0,12.0,0.01193094253540039
41.0,8.0,8.0,0.008558273315429688
25.0,8.0,8.0,0.008140087127685547
30.0,9.0,9.0,0.009237051010131836
144.0,23.0,23.0,0.04969024658203125
66.0,11.0,11.0,0.024291276931762695
25.0,7.0,7.0,0.008456945419311523
22.0,3.0,3.0,0.0071756839752197266
103.0,21.0,21.0,0.03869438171386719
18.0,6.0,6.0,0.008680105209350586
53.0,10.0,10.0,0.018156051635742188
20.0,9.0,9.0,0.009809732437133789
36.0,9.0,9.0,0.010787487030029297
31.0,9.0,9.0,0.0067827701568603516
39.0,13.0,13.0,0.017730712890625
31.0,19.0,19.0,0.015940427780151367
17.0,6.0,6.0,0.005852937698364258
62.0,12.0,12.0,0.020364761352539062
136.0,22.0,22.0,0.04201364517211914
23.0,12.0,12.0,0.01562643051147461
31.0,7.0,7.0,0.0
57.0,9.0,9.0,0.03139662742614746
43.0,8.0,8.0,0.01509237289428711
13.0,2.0,2.0,0.004137277603149414
44.0,6.0,6.0,0.012158632278442383
105.0,14.0,14.0,0.030245542526245117
69.0,13.0,13.0,0.0357813835144043
25.0,8.0,8.0,0.011861085891723633
75.0,35.0,35.0,0.017588138580322266
62.0,23.0,23.0,0.014008760452270508
110.0,22.0,22.0,0.04955577850341797
39.0,8.0,8.0,0.013393640518188477
76.0,8.0,8.0,0.06154942512512207
34.0,18.0,18.0,0.018178701400756836
83.0,11.0,11.0,0.03008294105529785
25.0,3.0,3.0,0.010560989379882812
29.0,7.0,7.0,0.01088857650756836
34.0,4.0,4.0,0.001322031021118164
16.0,5.0,5.0,0.0046155452728271484
110.0,20.0,20.0,0.030490398406982422
44.0,8.0,8.0,0.015480995178222656
50.0,12.0,12.0,0.01338052749633789
97.0,15.0,15.0,0.034528255462646484
23.0,6.0,6.0,0.0
47.0,13.0,13.0,0.016020536422729492
19.0,7.0,7.0,0.008522748947143555
31.0,7.0,7.0,0.008432388305664062
34.0,5.0,5.0,0.010652780532836914
34.0,8.0,8.0,0.0
19.0,7.0,7.0,0.0
30.0,10.0,10.0,0.015604496002197266
39.0,9.0,9.0,0.015775203704833984
65.0,10.0,10.0,0.01577448844909668
23.0,4.0,4.0,0.0
24.0,13.0,13.0,0.01926398277282715
54.0,11.0,11.0,0.02921772003173828
48.0,11.0,11.0,0.01535344123840332
27.0,6.0,6.0,0.01453256607055664
15.0,3.0,3.0,0.003197193145751953
141.0,14.0,14.0,0.06440234184265137
21.0,1.0,1.0,0.006649971008300781
41.0,8.0,8.0,0.0020639896392822266
40.0,9.0,9.0,0.022327661514282227
19.0,5.0,5.0,0.010796546936035156
75.0,6.0,6.0,0.0186307430267334
83.0,17.0,17.0,0.015639066696166992
33.0,9.0,9.0,0.00860285758972168
77.0,11.0,11.0,0.027162790298461914
53.0,4.0,4.0,0.03376150131225586
22.0,5.0,5.0,0.0
29.0,14.0,14.0,0.00670623779296875
86.0,10.0,10.0,0.0390322208404541
16.0,3.0,3.0,0.00503849983215332
25.0,2.0,2.0,0.0065805912017822266
36.0,7.0,7.0,0.00960230827331543
49.0,8.0,8.0,0.020084857940673828
18.0,3.0,3.0,0.010507822036743164
67.0,11.0,11.0,0.021559953689575195
17.0,6.0,6.0,0.012555122375488281
26.0,8.0,8.0,0.013329505920410156
136.0,19.0,19.0,0.04995465278625488
19.0,7.0,7.0,0.009317636489868164
27.0,8.0,8.0,0.017109394073486328
13.0,2.0,2.0,0.004397869110107422
61.0,4.0,4.0,0.01947784423828125
71.0,15.0,15.0,0.03002452850341797
81.0,23.0,23.0,0.025507450103759766
20.0,5.0,5.0,0.012186050415039062
165.0,27.0,27.0,0.05031418800354004
26.0,13.0,13.0,0.013032913208007812
25.0,2.0,2.0,0.0
71.0,12.0,12.0,0.01968216896057129
47.0,11.0,11.0,0.012777090072631836
49.0,7.0,7.0,0.01771855354309082
42.0,7.0,7.0,0.0194244384765625
18.0,7.0,7.0,0.0
89.0,4.0,4.0,0.028062105178833008
25.0,7.0,7.0,0.016089916229248047
58.0,12.0,12.0,0.014519453048706055
43.0,10.0,10.0,0.01767420768737793
24.0,8.0,8.0,0.006859540939331055
37.0,10.0,10.0,0.0014910697937011719
114.0,22.0,22.0,0.04555344581604004
18.0,6.0,6.0,0.004708528518676758
177.0,18.0,18.0,0.0625920295715332
56.0,13.0,13.0,0.012921333312988281
45.0,3.0,3.0,0.015679121017456055
103.0,23.0,23.0,0.030823469161987305
36.0,10.0,10.0,0.018498659133911133
100.0,22.0,22.0,0.028920888900756836
36.0,11.0,11.0,0.02064824104309082
79.0,11.0,11.0,0.026980876922607422
21.0,7.0,7.0,0.0
38.0,9.0,9.0,0.016056537628173828
20.0,8.0,8.0,0.009491920471191406
21.0,5.0,5.0,0.007516622543334961
57.0,9.0,9.0,0.016691923141479492
24.0,6.0,6.0,0.014009475708007812
63.0,10.0,10.0,0.015861034393310547
63.0,14.0,14.0,0.01603245735168457
30.0,15.0,15.0,0.016648530960083008
104.0,16.0,16.0,0.06268811225891113
26.0,10.0,10.0,0.011908531188964844
14.0,1.0,1.0,0.004807949066162109
39.0,6.0,6.0,0.019741296768188477
18.0,6.0,6.0,0.006623268127441406
53.0,12.0,12.0,0.012836217880249023
15.0,4.0,4.0,0.015737533569335938
22.0,7.0,7.0,0.00803232192993164
21.0,5.0,5.0,0.009154558181762695
82.0,10.0,10.0,0.03460431098937988
56.0,8.0,8.0,0.019153594970703125
56.0,22.0,22.0,0.011878252029418945
22.0,7.0,7.0,0.0
28.0,7.0,7.0,0.0
34.0,6.0,6.0,0.015355587005615234
21.0,10.0,10.0,0.013281583786010742
44.0,8.0,8.0,0.0030395984649658203
58.0,22.0,22.0,0.029058218002319336
20.0,2.0,2.0,0.006587982177734375
59.0,5.0,5.0,0.009977340698242188
44.0,12.0,12.0,0.027759790420532227
80.0,9.0,9.0,0.020961999893188477
69.0,11.0,11.0,0.07176089286804199
42.0,7.0,7.0,0.015619754791259766
73.0,17.0,17.0,0.027334213256835938
19.0,8.0,8.0,0.01156473159790039
68.0,16.0,16.0,0.024933815002441406
31.0,5.0,5.0,0.008324623107910156
129.0,38.0,38.0,0.049030303955078125
64.0,20.0,20.0,0.02117323875427246
66.0,17.0,17.0,0.01612067222595215
132.0,28.0,28.0,0.03629493713378906
69.0,8.0,8.0,0.020519733428955078
64.0,15.0,15.0,0.023917436599731445
24.0,4.0,4.0,0.002170562744140625
70.0,11.0,11.0,0.024703264236450195
98.0,12.0,12.0,0.035288095474243164
73.0,12.0,12.0,0.026577234268188477
26.0,6.0,6.0,0.014487743377685547
39.0,15.0,15.0,0.014086008071899414
35.0,13.0,13.0,0.003266572952270508
63.0,13.0,13.0,0.02950739860534668
22.0,3.0,3.0,0.0
99.0,17.0,17.0,0.028441190719604492
27.0,4.0,4.0,0.015999317169189453
71.0,20.0,20.0,0.02568984031677246
46.0,14.0,14.0,0.01930689811706543
16.0,6.0,6.0,0.0
46.0,8.0,8.0,0.009650230407714844
41.0,6.0,6.0,0.017656564712524414
27.0,7.0,7.0,0.005393266677856445
28.0,7.0,7.0,0.015007972717285156
122.0,25.0,25.0,0.046344757080078125
37.0,6.0,6.0,0.014888763427734375
102.0,22.0,22.0,0.037216901779174805
20.0,6.0,6.0,0.008032560348510742
72.0,7.0,7.0,0.02646613121032715
38.0,13.0,13.0,0.013759613037109375
31.0,15.0,15.0,0.012938737869262695
32.0,8.0,8.0,0.027562618255615234
33.0,11.0,11.0,0.027367353439331055
20.0,8.0,8.0,0.008980751037597656
58.0,16.0,16.0,0.03489184379577637
44.0,13.0,13.0,0.016870737075805664
32.0,3.0,3.0,0.009489059448242188
71.0,9.0,9.0,0.026232242584228516
35.0,12.0,12.0,0.01430058479309082
33.0,11.0,11.0,0.010988473892211914
49.0,10.0,10.0,0.020206689834594727
94.0,21.0,21.0,0.02737879753112793
32.0,8.0,8.0,0.0044231414794921875
31.0,8.0,8.0,0.018959999084472656
40.0,6.0,6.0,0.013174295425415039
30.0,5.0,5.0,0.010062217712402344
24.0,8.0,8.0,0.008519887924194336
55.0,10.0,10.0,0.013910055160522461
78.0,16.0,16.0,0.01824665069580078
36.0,4.0,4.0,0.021480560302734375
95.0,6.0,6.0,0.039928436279296875
71.0,16.0,16.0,0.026647329330444336
123.0,19.0,19.0,0.0409853458404541
24.0,3.0,3.0,0.010277271270751953
38.0,11.0,11.0,0.012887954711914062
21.0,5.0,5.0,0.0010089874267578125
32.0,6.0,6.0,0.020986318588256836
28.0,9.0,9.0,0.008419513702392578
36.0,11.0,11.0,0.013508796691894531
27.0,8.0,8.0,0.009868621826171875
100.0,17.0,17.0,0.034401655197143555
54.0,11.0,11.0,0.021496057510375977
43.0,4.0,4.0,0.01622915267944336
17.0,5.0,5.0,0.008065223693847656
27.0,8.0,8.0,0.0118560791015625
85.0,13.0,13.0,0.03345990180969238
50.0,4.0,4.0,0.016267061233520508
18.0,7.0,7.0,0.009677886962890625
80.0,18.0,18.0,0.03172159194946289
25.0,3.0,3.0,0.01003575325012207
34.0,16.0,16.0,0.014996528625488281
67.0,16.0,16.0,0.02500629425048828
61.0,4.0,4.0,0.02760767936706543
35.0,11.0,11.0,0.01247262954711914
73.0,21.0,21.0,0.04591107368469238
29.0,11.0,11.0,0.028850793838500977
36.0,5.0,5.0,0.013077259063720703
28.0,9.0,9.0,0.01141357421875
19.0,6.0,6.0,0.007296323776245117
17.0,6.0,6.0,0.006425142288208008
70.0,12.0,12.0,0.023977994918823242
31.0,15.0,15.0,0.011031866073608398
16.0,5.0,5.0,0.009817838668823242
28.0,9.0,9.0,0.020238876342773438
83.0,15.0,15.0,0.0354008674621582
48.0,7.0,7.0,0.01247549057006836
68.0,10.0,10.0,0.01827716827392578
19.0,6.0,6.0,0.0061299800872802734
35.0,8.0,8.0,0.00998997688293457
26.0,4.0,4.0,0.007180929183959961
66.0,16.0,16.0,0.03277444839477539
90.0,31.0,31.0,0.0385591983795166
32.0,8.0,8.0,0.009452581405639648
20.0,5.0,5.0,0.006402254104614258
38.0,5.0,5.0,0.015115022659301758
44.0,16.0,16.0,0.018598079681396484
87.0,16.0,16.0,0.03269529342651367
90.0,15.0,15.0,0.041710615158081055
66.0,11.0,11.0,0.019048213958740234
63.0,9.0,9.0,0.0180509090423584
16.0,5.0,5.0,0.010410308837890625
65.0,7.0,7.0,0.01900959014892578
52.0,7.0,7.0,0.017142534255981445
22.0,9.0,9.0,0.0055942535400390625
22.0,4.0,4.0,0.0022754669189453125
103.0,10.0,10.0,0.04863739013671875
27.0,7.0,7.0,0.016967296600341797
49.0,4.0,4.0,0.019618749618530273
53.0,10.0,10.0,0.01827526092529297
14.0,1.0,1.0,0.004718303680419922
31.0,11.0,11.0,0.009210348129272461
15.0,4.0,4.0,0.004836559295654297
58.0,4.0,4.0,0.01758098602294922
30.0,6.0,6.0,0.009695053100585938
98.0,27.0,27.0,0.030559301376342773
51.0,11.0,11.0,0.02143383026123047
97.0,14.0,14.0,0.03995108604431152
18.0,6.0,6.0,0.00783991813659668
32.0,8.0,8.0,0.01026463508605957
16.0,5.0,5.0,0.004750251770019531
52.0,18.0,18.0,0.01675558090209961
41.0,10.0,10.0,0.01433563232421875
25.0,12.0,12.0,0.010213613510131836
66.0,11.0,11.0,0.019361495971679688
22.0,7.0,7.0,0.006918907165527344
16.0,4.0,4.0,0.005562782287597656
28.0,5.0,5.0,0.010619878768920898
146.0,32.0,32.0,0.05953168869018555
29.0,11.0,11.0,0.03885507583618164
37.0,16.0,16.0,0.03291463851928711
28.0,6.0,6.0,0.025126934051513672
17.0,6.0,6.0,0.01605820655822754
64.0,9.0,9.0,0.04966568946838379
36.0,11.0,11.0,0.03504347801208496
28.0,10.0,10.0,0.021721601486206055
18.0,6.0,6.0,0.017269134521484375
36.0,4.0,4.0,0.030458688735961914
36.0,6.0,6.0,0.022790908813476562
34.0,14.0,14.0,0.023062467575073242
117.0,28.0,28.0,0.09597611427307129
67.0,12.0,12.0,0.047542572021484375
49.0,6.0,6.0,0.0410466194152832
39.0,6.0,6.0,0.02264690399169922
35.0,11.0,11.0,0.0359654426574707
18.0,5.0,5.0,0.011792898178100586
85.0,17.0,17.0,0.06532073020935059
28.0,10.0,10.0,0.01143789291381836
48.0,8.0,8.0,0.04335141181945801
21.0,6.0,6.0,0.017734527587890625
73.0,17.0,17.0,0.04149222373962402
71.0,10.0,10.0,0.04361772537231445
80.0,10.0,10.0,0.05107927322387695
34.0,5.0,5.0,0.025016307830810547
21.0,9.0,9.0,0.011587858200073242
28.0,11.0,11.0,0.027408361434936523
29.0,9.0,9.0,0.018739700317382812
51.0,9.0,9.0,0.03593802452087402
62.0,8.0,8.0,0.04141712188720703
34.0,10.0,10.0,0.021964550018310547
86.0,15.0,15.0,0.06694269180297852
28.0,12.0,12.0,0.02051687240600586
58.0,13.0,13.0,0.07956743240356445
18.0,6.0,6.0,0.012894868850708008
84.0,17.0,17.0,0.0707850456237793
36.0,10.0,10.0,0.03429150581359863
17.0,7.0,7.0,0.028172016143798828
59.0,17.0,17.0,0.07366204261779785
55.0,9.0,9.0,0.04812979698181152
51.0,7.0,7.0,0.03126072883605957
30.0,6.0,6.0,0.03129458427429199
55.0,7.0,7.0,0.06994152069091797
39.0,5.0,5.0,0.026548147201538086
22.0,9.0,9.0,0.028432607650756836
30.0,7.0,7.0,0.027109622955322266
26.0,1.0,1.0,0.021334409713745117
37.0,12.0,12.0,0.03462481498718262
50.0,15.0,15.0,0.05456352233886719
40.0,8.0,8.0,0.029509782791137695
35.0,4.0,4.0,0.03696608543395996
96.0,30.0,30.0,0.07848119735717773
30.0,3.0,3.0,0.020926475524902344
46.0,10.0,10.0,0.038481712341308594
43.0,7.0,7.0,0.03163576126098633
18.0,7.0,7.0,0.01609349250793457
39.0,9.0,9.0,0.02835536003112793
53.0,13.0,13.0,0.03705644607543945
35.0,4.0,4.0,0.026511669158935547
26.0,7.0,7.0,0.014518976211547852
62.0,16.0,16.0,0.059006690979003906
58.0,12.0,12.0,0.055389404296875
62.0,12.0,12.0,0.0472562313079834
34.0,6.0,6.0,0.023702621459960938
57.0,13.0,13.0,0.05041861534118652
22.0,8.0,8.0,0.013211488723754883
59.0,7.0,7.0,0.04158139228820801
47.0,7.0,7.0,0.05289721488952637
22.0,7.0,7.0,0.025023937225341797
73.0,20.0,20.0,0.07874202728271484
53.0,9.0,9.0,0.060559988021850586
43.0,8.0,8.0,0.04264187812805176
63.0,4.0,4.0,0.05150103569030762
28.0,8.0,8.0,0.03061842918395996
37.0,7.0,7.0,0.026909828186035156
29.0,14.0,14.0,0.0225675106048584
17.0,6.0,6.0,0.020295381546020508
27.0,7.0,7.0,0.03160595893859863
123.0,15.0,15.0,0.1140127182006836
97.0,15.0,15.0,0.07467794418334961
48.0,8.0,8.0,0.0378420352935791
47.0,8.0,8.0,0.039258718490600586
103.0,11.0,11.0,0.09056639671325684
57.0,15.0,15.0,0.04686474800109863
37.0,10.0,10.0,0.0240020751953125
26.0,6.0,6.0,0.029155969619750977
29.0,5.0,5.0,0.020336151123046875
43.0,7.0,7.0,0.03142499923706055
91.0,20.0,20.0,0.05299949645996094
23.0,6.0,6.0,0.021147489547729492
13.0,2.0,2.0,0.008476495742797852
73.0,16.0,16.0,0.05126953125
27.0,5.0,5.0,0.022888898849487305
20.0,8.0,8.0,0.015125751495361328
19.0,5.0,5.0,0.00930929183959961
34.0,4.0,4.0,0.027042865753173828
51.0,12.0,12.0,0.051956892013549805
15.0,4.0,4.0,0.012897729873657227
26.0,7.0,7.0,0.022820472717285156
22.0,6.0,6.0,0.012158393859863281
90.0,14.0,14.0,0.06814169883728027
59.0,14.0,14.0,0.06313633918762207
18.0,1.0,1.0,0.013667583465576172
60.0,12.0,12.0,0.0425715446472168
32.0,4.0,4.0,0.026618242263793945
38.0,12.0,12.0,0.03247475624084473
86.0,9.0,9.0,0.0680692195892334
22.0,9.0,9.0,0.024782180786132812
18.0,5.0,5.0,0.011296987533569336
18.0,7.0,7.0,0.010554075241088867
21.0,3.0,3.0,0.016164779663085938
79.0,20.0,20.0,0.055677175521850586
34.0,3.0,3.0,0.02075958251953125
53.0,11.0,11.0,0.045685768127441406
20.0,8.0,8.0,0.018043041229248047
102.0,27.0,27.0,0.08600687980651855
20.0,2.0,2.0,0.014021158218383789
19.0,7.0,7.0,0.01205587387084961
37.0,9.0,9.0,0.02908945083618164
32.0,7.0,7.0,0.023883342742919922
86.0,14.0,14.0,0.07500720024108887
14.0,2.0,2.0,0.00899958610534668
22.0,11.0,11.0,0.0196535587310791
61.0,21.0,21.0,0.05043387413024902
40.0,8.0,8.0,0.024829626083374023
55.0,10.0,10.0,0.03422832489013672
53.0,9.0,9.0,0.04743242263793945
95.0,14.0,14.0,0.08118462562561035
23.0,3.0,3.0,0.012998342514038086
12.0,1.0,1.0,0.008996009826660156
31.0,8.0,8.0,0.028300762176513672
59.0,11.0,11.0,0.04822731018066406
40.0,7.0,7.0,0.027502059936523438
60.0,16.0,16.0,0.03657865524291992
24.0,4.0,4.0,0.01144099235534668
27.0,6.0,6.0,0.020137310028076172
57.0,16.0,16.0,0.034468889236450195
38.0,13.0,13.0,0.025625228881835938
112.0,14.0,14.0,0.08170628547668457
28.0,8.0,8.0,0.02827000617980957
22.0,11.0,11.0,0.013000726699829102
54.0,15.0,15.0,0.03255152702331543
15.0,4.0,4.0,0.008014917373657227
85.0,21.0,21.0,0.04231977462768555
24.0,8.0,8.0,0.01300048828125
42.0,9.0,9.0,0.023000717163085938
71.0,20.0,20.0,0.05213665962219238
18.0,3.0,3.0,0.011054277420043945
34.0,12.0,12.0,0.027718782424926758
21.0,9.0,9.0,0.01252293586730957
25.0,8.0,8.0,0.01374959945678711
15.0,4.0,4.0,0.007675886154174805
31.0,8.0,8.0,0.022102832794189453
33.0,13.0,13.0,0.01445770263671875
70.0,10.0,10.0,0.04108619689941406
43.0,10.0,10.0,0.03052210807800293
49.0,6.0,6.0,0.031999826431274414
85.0,17.0,17.0,0.06253266334533691
49.0,5.0,5.0,0.03300213813781738
25.0,4.0,4.0,0.01899433135986328
23.0,4.0,4.0,0.010007858276367188
57.0,8.0,8.0,0.026515722274780273
24.0,5.0,5.0,0.009964227676391602
149.0,13.0,13.0,0.0695044994354248
93.0,19.0,19.0,0.04599761962890625
28.0,4.0,4.0,0.015999555587768555
20.0,5.0,5.0,0.011999130249023438
15.0,3.0,3.0,0.008978605270385742
36.0,6.0,6.0,0.012523889541625977
18.0,4.0,4.0,0.005999088287353516
20.0,2.0,2.0,0.007002830505371094
29.0,4.0,4.0,0.015038728713989258
29.0,10.0,10.0,0.014996767044067383
32.0,8.0,8.0,0.009929418563842773
46.0,15.0,15.0,0.022008657455444336
50.0,12.0,12.0,0.021010875701904297
47.0,9.0,9.0,0.01698589324951172
80.0,15.0,15.0,0.03999614715576172
88.0,14.0,14.0,0.03808283805847168
57.0,10.0,10.0,0.024999141693115234
50.0,9.0,9.0,0.020001888275146484
29.0,12.0,12.0,0.013005733489990234
36.0,13.0,13.0,0.022042274475097656
15.0,4.0,4.0,0.005001068115234375
71.0,23.0,23.0,0.03499913215637207
30.0,4.0,4.0,0.008999824523925781
21.0,9.0,9.0,0.006997585296630859
69.0,7.0,7.0,0.026104450225830078
15.0,2.0,2.0,0.005002737045288086
34.0,14.0,14.0,0.013000726699829102
31.0,5.0,5.0,0.017998933792114258
25.0,8.0,8.0,0.011998414993286133
52.0,8.0,8.0,0.022014379501342773
30.0,9.0,9.0,0.010992050170898438
33.0,6.0,6.0,0.011008501052856445
65.0,9.0,9.0,0.021000385284423828
20.0,6.0,6.0,0.0060040950775146484
22.0,6.0,6.0,0.0069997310638427734
16.0,4.0,4.0,0.005000591278076172
164.0,38.0,38.0,0.07352876663208008
43.0,9.0,9.0,0.013998270034790039
20.0,4.0,4.0,0.0060002803802490234
34.0,5.0,5.0,0.011001110076904297
49.0,9.0,9.0,0.015006780624389648
17.0,5.0,5.0,0.004999637603759766
23.0,6.0,6.0,0.008310317993164062
19.0,7.0,7.0,0.005998134613037109
33.0,7.0,7.0,0.01099705696105957
39.0,8.0,8.0,0.013001680374145508
38.0,10.0,10.0,0.012000560760498047
66.0,10.0,10.0,0.021999597549438477
50.0,16.0,16.0,0.01801013946533203
14.0,3.0,3.0,0.005528450012207031
37.0,10.0,10.0,0.012004852294921875
33.0,8.0,8.0,0.011005163192749023
46.0,5.0,5.0,0.015992403030395508
37.0,8.0,8.0,0.014998674392700195
17.0,6.0,6.0,0.0060002803802490234
18.0,5.0,5.0,0.0059964656829833984
76.0,18.0,18.0,0.031174898147583008
18.0,6.0,6.0,0.009002923965454102
42.0,11.0,11.0,0.018003463745117188
24.0,10.0,10.0,0.009997367858886719
60.0,10.0,10.0,0.02400493621826172
22.0,7.0,7.0,0.00799703598022461
63.0,10.0,10.0,0.025516033172607422
32.0,6.0,6.0,0.015002250671386719
37.0,5.0,5.0,0.013993978500366211
28.0,17.0,17.0,0.010004758834838867
18.0,7.0,7.0,0.008000850677490234
20.0,6.0,6.0,0.009006977081298828
146.0,22.0,22.0,0.05751347541809082
54.0,10.0,10.0,0.02100348472595215
146.0,23.0,23.0,0.05652117729187012
30.0,9.0,9.0,0.012001514434814453
24.0,11.0,11.0,0.01000213623046875
66.0,8.0,8.0,0.021999835968017578
30.0,7.0,7.0,0.00900125503540039
24.0,3.0,3.0,0.009517431259155273
31.0,11.0,11.0,0.017390012741088867
50.0,9.0,9.0,0.02634739875793457
18.0,6.0,6.0,0.009342670440673828
85.0,22.0,22.0,0.03692340850830078
48.0,11.0,11.0,0.035614728927612305
26.0,5.0,5.0,0.01458287239074707
71.0,10.0,10.0,0.03663754463195801
34.0,6.0,6.0,0.01755356788635254
32.0,9.0,9.0,0.021262645721435547
23.0,6.0,6.0,0.011922836303710938
118.0,13.0,13.0,0.08194828033447266
32.0,14.0,14.0,0.020330190658569336
21.0,6.0,6.0,0.011776924133300781
21.0,7.0,7.0,0.010029792785644531
97.0,13.0,13.0,0.05144953727722168
31.0,10.0,10.0,0.017893075942993164
45.0,10.0,10.0,0.021573781967163086
40.0,7.0,7.0,0.02529740333557129
71.0,18.0,18.0,0.03999662399291992
22.0,3.0,3.0,0.01499629020690918
30.0,6.0,6.0,0.016008377075195312
61.0,18.0,18.0,0.03451967239379883
43.0,6.0,6.0,0.02399730682373047
40.0,10.0,10.0,0.016040325164794922
57.0,13.0,13.0,0.023140907287597656
31.0,7.0,7.0,0.012215614318847656
25.0,2.0,2.0,0.009287118911743164
87.0,18.0,18.0,0.03782939910888672
64.0,11.0,11.0,0.026868820190429688
25.0,5.0,5.0,0.015236377716064453
28.0,3.0,3.0,0.016548871994018555
47.0,14.0,14.0,0.029413461685180664
55.0,7.0,7.0,0.027765989303588867
92.0,16.0,16.0,0.05172252655029297
41.0,9.0,9.0,0.022600650787353516
73.0,18.0,18.0,0.035340309143066406
14.0,3.0,3.0,0.006218910217285156
50.0,13.0,13.0,0.019910812377929688
41.0,13.0,13.0,0.0322721004486084
72.0,13.0,13.0,0.07257318496704102
20.0,6.0,6.0,0.02167201042175293
44.0,8.0,8.0,0.048529624938964844
103.0,27.0,27.0,0.09368777275085449
30.0,3.0,3.0,0.01567983627319336
110.0,18.0,18.0,0.09985065460205078
55.0,12.0,12.0,0.05045604705810547
18.0,6.0,6.0,0.010537147521972656
45.0,11.0,11.0,0.027828216552734375
62.0,8.0,8.0,0.032418012619018555
19.0,6.0,6.0,0.008656024932861328
21.0,3.0,3.0,0.011227130889892578
138.0,18.0,18.0,0.09495234489440918
41.0,8.0,8.0,0.02855992317199707
14.0,2.0,2.0,0.007013559341430664
21.0,9.0,9.0,0.01463460922241211
18.0,5.0,5.0,0.010576725006103516
50.0,7.0,7.0,0.03291654586791992
48.0,16.0,16.0,0.023719072341918945
30.0,6.0,6.0,0.019193410873413086
32.0,13.0,13.0,0.020547866821289062
61.0,10.0,10.0,0.03730940818786621
38.0,10.0,10.0,0.02488231658935547
23.0,2.0,2.0,0.018404245376586914
30.0,10.0,10.0,0.012174844741821289
26.0,8.0,8.0,0.0171658992767334
34.0,13.0,13.0,0.034673452377319336
32.0,7.0,7.0,0.022452592849731445
37.0,13.0,13.0,0.021151065826416016
34.0,10.0,10.0,0.02125263214111328
112.0,17.0,17.0,0.07571578025817871
94.0,15.0,15.0,0.06595349311828613
36.0,5.0,5.0,0.0326535701751709
41.0,6.0,6.0,0.036666154861450195
19.0,7.0,7.0,0.01516866683959961
41.0,8.0,8.0,0.040810346603393555
16.0,3.0,3.0,0.00799703598022461
74.0,6.0,6.0,0.058051109313964844
34.0,10.0,10.0,0.03591656684875488
21.0,7.0,7.0,0.01747751235961914
58.0,11.0,11.0,0.04913449287414551
66.0,9.0,9.0,0.050833702087402344
20.0,4.0,4.0,0.01638054847717285
20.0,7.0,7.0,0.015484094619750977
37.0,7.0,7.0,0.022066593170166016
81.0,29.0,29.0,0.07513594627380371
33.0,8.0,8.0,0.03716611862182617
20.0,7.0,7.0,0.017094135284423828
103.0,13.0,13.0,0.06322312355041504
39.0,5.0,5.0,0.03273415565490723
32.0,0.0,0.0,0.03109121322631836
38.0,6.0,6.0,0.0297701358795166
25.0,9.0,9.0,0.027516841888427734
15.0,4.0,4.0,0.016002655029296875
45.0,7.0,7.0,0.03909587860107422
28.0,11.0,11.0,0.027059078216552734
29.0,8.0,8.0,0.026533842086791992
90.0,15.0,15.0,0.06941366195678711
48.0,13.0,13.0,0.03718972206115723
13.0,1.0,1.0,0.012090921401977539
128.0,21.0,21.0,0.10774755477905273
26.0,10.0,10.0,0.021342754364013672
21.0,1.0,1.0,0.02048039436340332
156.0,30.0,30.0,0.14355182647705078
30.0,10.0,10.0,0.028919696807861328
38.0,6.0,6.0,0.03179621696472168
33.0,5.0,5.0,0.026322126388549805
26.0,4.0,4.0,0.024669885635375977
36.0,13.0,13.0,0.025234460830688477
20.0,4.0,4.0,0.01961040496826172
28.0,10.0,10.0,0.022874116897583008
33.0,15.0,15.0,0.02990865707397461
56.0,5.0,5.0,0.06199216842651367
29.0,8.0,8.0,0.0298769474029541
20.0,7.0,7.0,0.01721024513244629
37.0,9.0,9.0,0.03763914108276367
20.0,5.0,5.0,0.012797355651855469
52.0,10.0,10.0,0.032083988189697266
40.0,9.0,9.0,0.03473806381225586
129.0,12.0,12.0,0.08911633491516113
29.0,10.0,10.0,0.02176499366760254
24.0,10.0,10.0,0.021377086639404297
125.0,10.0,10.0,0.09103679656982422
18.0,5.0,5.0,0.012644052505493164
54.0,12.0,12.0,0.05851626396179199
52.0,14.0,14.0,0.039025068283081055
45.0,9.0,9.0,0.03843879699707031
18.0,6.0,6.0,0.01588749885559082
21.0,10.0,10.0,0.023164987564086914
28.0,6.0,6.0,0.017061710357666016
30.0,6.0,6.0,0.030341625213623047
148.0,23.0,23.0,0.12324380874633789
21.0,4.0,4.0,0.016068458557128906
36.0,7.0,7.0,0.033185720443725586
30.0,6.0,6.0,0.02094554901123047
120.0,25.0,25.0,0.08709931373596191
28.0,7.0,7.0,0.01708078384399414
72.0,10.0,10.0,0.05897021293640137
147.0,30.0,30.0,0.10525965690612793
88.0,12.0,12.0,0.0660700798034668
20.0,4.0,4.0,0.01488184928894043
19.0,7.0,7.0,0.018752098083496094
21.0,4.0,4.0,0.011059284210205078
60.0,10.0,10.0,0.04167747497558594
26.0,6.0,6.0,0.020581722259521484
56.0,12.0,12.0,0.05096721649169922
26.0,6.0,6.0,0.013480186462402344
160.0,24.0,24.0,0.13193440437316895
16.0,4.0,4.0,0.00901937484741211
19.0,6.0,6.0,0.011696100234985352
20.0,4.0,4.0,0.021477699279785156
43.0,16.0,16.0,0.04191780090332031
115.0,29.0,29.0,0.06542825698852539
37.0,12.0,12.0,0.021148204803466797
24.0,6.0,6.0,0.016043901443481445
171.0,26.0,26.0,0.14024782180786133
71.0,19.0,19.0,0.06260371208190918
56.0,11.0,11.0,0.05808663368225098
24.0,3.0,3.0,0.027268409729003906
154.0,11.0,11.0,0.14647245407104492
22.0,10.0,10.0,0.014794111251831055
22.0,11.0,11.0,0.015330314636230469
21.0,3.0,3.0,0.016025543212890625
61.0,3.0,3.0,0.043547868728637695
48.0,12.0,12.0,0.050351619720458984
19.0,4.0,4.0,0.018151521682739258
32.0,10.0,10.0,0.03072071075439453
30.0,7.0,7.0,0.024009227752685547
17.0,5.0,5.0,0.014264583587646484
43.0,14.0,14.0,0.03989744186401367
80.0,14.0,14.0,0.07420969009399414
78.0,26.0,26.0,0.07032966613769531
58.0,7.0,7.0,0.04849720001220703
