Timesteps,Collisions,Steps Waited,Real-Time Elapsed
0, 0, 0, 0
0.0,0.0,0.0,0.0
26.0,0.0,0.0,0.007971525192260742
100.0,0.0,0.0,0.009372234344482422
64.0,0.0,0.0,0.007659435272216797
44.0,0.0,0.0,0.010098934173583984
117.0,0.0,0.0,0.006165027618408203
95.0,0.0,0.0,0.00829458236694336
140.0,0.0,0.0,0.008735179901123047
168.0,0.0,0.0,0.015038251876831055
60.0,0.0,0.0,0.0
69.0,0.0,0.0,0.0
68.0,0.0,0.0,0.020448684692382812
204.0,0.0,0.0,0.005547046661376953
77.0,0.0,0.0,0.0
229.0,0.0,0.0,0.0
67.0,0.0,0.0,0.0
545.0,0.0,0.0,0.031232595443725586
178.0,0.0,0.0,0.020672082901000977
481.0,0.0,0.0,0.02670907974243164
202.0,0.0,0.0,0.015606403350830078
163.0,0.0,0.0,0.015625
166.0,0.0,0.0,0.0
103.0,0.0,0.0,0.0
269.0,0.0,0.0,0.015654325485229492
422.0,0.0,0.0,0.03175997734069824
124.0,0.0,0.0,0.0
39.0,0.0,0.0,0.0
287.0,0.0,0.0,0.031247377395629883
54.0,0.0,0.0,0.0
123.0,0.0,0.0,0.0
55.0,0.0,0.0,0.01451253890991211
723.0,0.0,0.0,0.04730987548828125
35.0,0.0,0.0,0.0
47.0,0.0,0.0,0.0070133209228515625
59.0,0.0,0.0,0.0
121.0,0.0,0.0,0.0060155391693115234
30.0,0.0,0.0,0.0
39.0,0.0,0.0,0.009583234786987305
103.0,0.0,0.0,0.0
392.0,0.0,0.0,0.03134441375732422
265.0,0.0,0.0,0.015626192092895508
139.0,0.0,0.0,0.01815509796142578
257.0,0.0,0.0,0.021840810775756836
413.0,0.0,0.0,0.021385669708251953
129.0,0.0,0.0,0.015624046325683594
232.0,0.0,0.0,0.02675604820251465
28.0,0.0,0.0,0.0
33.0,0.0,0.0,0.008448362350463867
166.0,0.0,0.0,0.007996797561645508
26.0,0.0,0.0,0.0
59.0,0.0,0.0,0.0016269683837890625
48.0,0.0,0.0,0.006531953811645508
78.0,0.0,0.0,0.0
130.0,0.0,0.0,0.008541107177734375
415.0,0.0,0.0,0.023816585540771484
262.0,0.0,0.0,0.015619993209838867
140.0,0.0,0.0,0.01562356948852539
173.0,0.0,0.0,0.0
212.0,0.0,0.0,0.02619624137878418
84.0,0.0,0.0,0.005532741546630859
177.0,0.0,0.0,0.0
236.0,0.0,0.0,0.015609264373779297
176.0,0.0,0.0,0.015623807907104492
39.0,0.0,0.0,0.0
95.0,0.0,0.0,0.0
275.0,0.0,0.0,0.015626192092895508
43.0,0.0,0.0,0.0
211.0,0.0,0.0,0.01664423942565918
60.0,0.0,0.0,0.0
31.0,0.0,0.0,0.0
115.0,0.0,0.0,0.0
211.0,0.0,0.0,0.01980447769165039
198.0,0.0,0.0,0.016460895538330078
410.0,0.0,0.0,0.0321047306060791
285.0,0.0,0.0,0.017362594604492188
41.0,0.0,0.0,0.0
79.0,0.0,0.0,0.0020935535430908203
38.0,0.0,0.0,0.002489805221557617
380.0,0.0,0.0,0.01354837417602539
311.0,0.0,0.0,0.03492903709411621
276.0,0.0,0.0,0.016298532485961914
61.0,0.0,0.0,0.0
298.0,0.0,0.0,0.017248868942260742
118.0,0.0,0.0,0.007605791091918945
200.0,0.0,0.0,0.008380651473999023
273.0,0.0,0.0,0.01558232307434082
79.0,0.0,0.0,0.015614509582519531
195.0,0.0,0.0,0.0
53.0,0.0,0.0,0.0030329227447509766
77.0,0.0,0.0,0.0
175.0,0.0,0.0,0.013046741485595703
144.0,0.0,0.0,0.015678882598876953
71.0,0.0,0.0,0.0
45.0,0.0,0.0,0.0
191.0,0.0,0.0,0.015625
112.0,0.0,0.0,0.015625
184.0,0.0,0.0,0.015646934509277344
29.0,0.0,0.0,0.0
50.0,0.0,0.0,0.0
133.0,0.0,0.0,0.015567302703857422
51.0,0.0,0.0,0.0
90.0,0.0,0.0,0.0
161.0,0.0,0.0,0.0
238.0,0.0,0.0,0.015733957290649414
121.0,0.0,0.0,0.015642166137695312
103.0,0.0,0.0,0.0
131.0,0.0,0.0,0.0
179.0,0.0,0.0,0.0156252384185791
52.0,0.0,0.0,0.0
95.0,0.0,0.0,0.015607357025146484
101.0,0.0,0.0,0.0
42.0,0.0,0.0,0.016100406646728516
296.0,0.0,0.0,0.015657663345336914
234.0,0.0,0.0,0.015628576278686523
167.0,0.0,0.0,0.01563882827758789
452.0,0.0,0.0,0.02524089813232422
133.0,0.0,0.0,0.008032798767089844
103.0,0.0,0.0,0.0
374.0,0.0,0.0,0.015188455581665039
128.0,0.0,0.0,0.018043041229248047
147.0,0.0,0.0,0.0076122283935546875
29.0,0.0,0.0,0.0009024143218994141
171.0,0.0,0.0,0.015015602111816406
233.0,0.0,0.0,0.01564311981201172
121.0,0.0,0.0,0.0
65.0,0.0,0.0,0.003406524658203125
114.0,0.0,0.0,0.003588438034057617
142.0,0.0,0.0,0.01728200912475586
169.0,0.0,0.0,0.018769025802612305
209.0,0.0,0.0,0.016194581985473633
87.0,0.0,0.0,0.008093118667602539
304.0,0.0,0.0,0.015625715255737305
145.0,0.0,0.0,0.01718902587890625
116.0,0.0,0.0,0.0
339.0,0.0,0.0,0.03022146224975586
100.0,0.0,0.0,0.009668588638305664
260.0,0.0,0.0,0.019127845764160156
59.0,0.0,0.0,0.0039217472076416016
75.0,0.0,0.0,0.004761219024658203
239.0,0.0,0.0,0.014493703842163086
130.0,0.0,0.0,0.010993242263793945
124.0,0.0,0.0,0.015394210815429688
34.0,0.0,0.0,0.0021636486053466797
96.0,0.0,0.0,0.009694099426269531
141.0,0.0,0.0,0.011352777481079102
119.0,0.0,0.0,0.00844573974609375
314.0,0.0,0.0,0.010827064514160156
54.0,0.0,0.0,0.01404714584350586
440.0,0.0,0.0,0.01571941375732422
110.0,0.0,0.0,0.015558004379272461
26.0,0.0,0.0,0.0
193.0,0.0,0.0,0.015647411346435547
174.0,0.0,0.0,0.02150750160217285
111.0,0.0,0.0,0.0037670135498046875
139.0,0.0,0.0,0.016168832778930664
128.0,0.0,0.0,0.009175777435302734
330.0,0.0,0.0,0.0145416259765625
347.0,0.0,0.0,0.015678882598876953
169.0,0.0,0.0,0.0
44.0,0.0,0.0,0.017027616500854492
166.0,0.0,0.0,0.008611679077148438
226.0,0.0,0.0,0.026885271072387695
111.0,0.0,0.0,0.01638507843017578
53.0,0.0,0.0,0.005735158920288086
439.0,0.0,0.0,0.02467823028564453
398.0,0.0,0.0,0.015018701553344727
319.0,0.0,0.0,0.031664133071899414
114.0,0.0,0.0,0.0
43.0,0.0,0.0,0.0
117.0,0.0,0.0,0.0
96.0,0.0,0.0,0.0
111.0,0.0,0.0,0.0
395.0,0.0,0.0,0.031232833862304688
28.0,0.0,0.0,0.0
271.0,0.0,0.0,0.015605449676513672
184.0,0.0,0.0,0.017719745635986328
389.0,0.0,0.0,0.029726505279541016
172.0,0.0,0.0,0.0
115.0,0.0,0.0,0.0156252384185791
231.0,0.0,0.0,0.015624761581420898
159.0,0.0,0.0,0.015608072280883789
143.0,0.0,0.0,0.0
131.0,0.0,0.0,0.008014440536499023
467.0,0.0,0.0,0.023688554763793945
137.0,0.0,0.0,0.01567697525024414
91.0,0.0,0.0,0.0
90.0,0.0,0.0,0.018639326095581055
69.0,0.0,0.0,0.0064809322357177734
135.0,0.0,0.0,0.013969182968139648
60.0,0.0,0.0,0.0
248.0,0.0,0.0,0.015526056289672852
212.0,0.0,0.0,0.01566314697265625
42.0,0.0,0.0,0.0
881.0,0.0,0.0,0.07055449485778809
264.0,0.0,0.0,0.026951074600219727
135.0,0.0,0.0,0.008029460906982422
366.0,0.0,0.0,0.036041975021362305
26.0,0.0,0.0,0.0
299.0,0.0,0.0,0.033606529235839844
43.0,0.0,0.0,0.0
160.0,0.0,0.0,0.008528947830200195
127.0,0.0,0.0,0.008553504943847656
198.0,0.0,0.0,0.00815892219543457
448.0,0.0,0.0,0.03132200241088867
478.0,0.0,0.0,0.03161978721618652
295.0,0.0,0.0,0.031716346740722656
212.0,0.0,0.0,0.015679597854614258
455.0,0.0,0.0,0.015624761581420898
112.0,0.0,0.0,0.0
77.0,0.0,0.0,0.0
165.0,0.0,0.0,0.002139568328857422
218.0,0.0,0.0,0.018737316131591797
92.0,0.0,0.0,0.0
220.0,0.0,0.0,0.01564335823059082
124.0,0.0,0.0,0.0
313.0,0.0,0.0,0.015640974044799805
86.0,0.0,0.0,0.015624761581420898
106.0,0.0,0.0,0.0
230.0,0.0,0.0,0.018700838088989258
190.0,0.0,0.0,0.013030529022216797
140.0,0.0,0.0,0.015674829483032227
266.0,0.0,0.0,0.024081945419311523
308.0,0.0,0.0,0.024608135223388672
44.0,0.0,0.0,0.0
128.0,0.0,0.0,0.0
392.0,0.0,0.0,0.03222060203552246
383.0,0.0,0.0,0.018166780471801758
87.0,0.0,0.0,0.0
112.0,0.0,0.0,0.0
117.0,0.0,0.0,0.0156552791595459
222.0,0.0,0.0,0.015583276748657227
112.0,0.0,0.0,0.008024454116821289
80.0,0.0,0.0,0.008230924606323242
451.0,0.0,0.0,0.024401187896728516
116.0,0.0,0.0,0.015700340270996094
29.0,0.0,0.0,0.0
117.0,0.0,0.0,0.015551328659057617
134.0,0.0,0.0,0.0
137.0,0.0,0.0,0.015644311904907227
206.0,0.0,0.0,0.016096830368041992
61.0,0.0,0.0,0.0
119.0,0.0,0.0,0.01567840576171875
156.0,0.0,0.0,0.0
103.0,0.0,0.0,0.0
164.0,0.0,0.0,0.015603780746459961
177.0,0.0,0.0,0.01560521125793457
123.0,0.0,0.0,0.0
274.0,0.0,0.0,0.03129124641418457
212.0,0.0,0.0,0.016026020050048828
306.0,0.0,0.0,0.01251077651977539
146.0,0.0,0.0,0.015638113021850586
185.0,0.0,0.0,0.02209758758544922
93.0,0.0,0.0,0.0008337497711181641
212.0,0.0,0.0,0.017733097076416016
347.0,0.0,0.0,0.03171849250793457
242.0,0.0,0.0,0.00944662094116211
380.0,0.0,0.0,0.02472662925720215
403.0,0.0,0.0,0.01635575294494629
191.0,0.0,0.0,0.00553131103515625
172.0,0.0,0.0,0.015694141387939453
241.0,0.0,0.0,0.015605688095092773
219.0,0.0,0.0,0.01805281639099121
446.0,0.0,0.0,0.01613759994506836
335.0,0.0,0.0,0.03357052803039551
110.0,0.0,0.0,0.009859085083007812
192.0,0.0,0.0,0.016614675521850586
305.0,0.0,0.0,0.015631437301635742
44.0,0.0,0.0,0.015651464462280273
213.0,0.0,0.0,0.015600204467773438
80.0,0.0,0.0,0.005011320114135742
48.0,0.0,0.0,0.0
147.0,0.0,0.0,0.011010408401489258
197.0,0.0,0.0,0.01563715934753418
37.0,0.0,0.0,0.0
52.0,0.0,0.0,0.015624284744262695
116.0,0.0,0.0,0.0
240.0,0.0,0.0,0.01566314697265625
207.0,0.0,0.0,0.01559758186340332
251.0,0.0,0.0,0.015635251998901367
106.0,0.0,0.0,0.0050811767578125
144.0,0.0,0.0,0.01577138900756836
513.0,0.0,0.0,0.06245017051696777
35.0,0.0,0.0,0.0
69.0,0.0,0.0,0.0
190.0,0.0,0.0,0.01267552375793457
185.0,0.0,0.0,0.014926671981811523
368.0,0.0,0.0,0.021452903747558594
155.0,0.0,0.0,0.013658761978149414
210.0,0.0,0.0,0.020102262496948242
47.0,0.0,0.0,0.0034139156341552734
38.0,0.0,0.0,0.0023322105407714844
365.0,0.0,0.0,0.02290511131286621
136.0,0.0,0.0,0.004498958587646484
46.0,0.0,0.0,0.007952451705932617
116.0,0.0,0.0,0.0
109.0,0.0,0.0,0.014530181884765625
177.0,0.0,0.0,0.016661882400512695
259.0,0.0,0.0,0.01617288589477539
319.0,0.0,0.0,0.012573719024658203
28.0,0.0,0.0,0.0
51.0,0.0,0.0,0.015757083892822266
320.0,0.0,0.0,0.015625476837158203
52.0,0.0,0.0,0.0
60.0,0.0,0.0,0.015624761581420898
185.0,0.0,0.0,0.0
102.0,0.0,0.0,0.015593528747558594
52.0,0.0,0.0,0.0
142.0,0.0,0.0,0.015639543533325195
147.0,0.0,0.0,0.016056299209594727
69.0,0.0,0.0,0.0
234.0,0.0,0.0,0.015658855438232422
58.0,0.0,0.0,0.0
234.0,0.0,0.0,0.015616893768310547
93.0,0.0,0.0,0.0
476.0,0.0,0.0,0.031248807907104492
313.0,0.0,0.0,0.015510082244873047
23.0,0.0,0.0,0.0
261.0,0.0,0.0,0.015624761581420898
113.0,0.0,0.0,0.0
239.0,0.0,0.0,0.026289939880371094
521.0,0.0,0.0,0.023969650268554688
24.0,0.0,0.0,0.013531923294067383
109.0,0.0,0.0,0.0
135.0,0.0,0.0,0.017631053924560547
229.0,0.0,0.0,0.011815309524536133
519.0,0.0,0.0,0.03126883506774902
148.0,0.0,0.0,0.018668174743652344
58.0,0.0,0.0,0.006333112716674805
56.0,0.0,0.0,0.00978851318359375
125.0,0.0,0.0,0.012691020965576172
128.0,0.0,0.0,0.008156538009643555
213.0,0.0,0.0,0.01592850685119629
235.0,0.0,0.0,0.017302274703979492
186.0,0.0,0.0,0.00836324691772461
390.0,0.0,0.0,0.02220773696899414
76.0,0.0,0.0,0.012701034545898438
504.0,0.0,0.0,0.02089667320251465
47.0,0.0,0.0,0.0
189.0,0.0,0.0,0.015607595443725586
86.0,0.0,0.0,0.0
31.0,0.0,0.0,0.0
54.0,0.0,0.0,0.015625
36.0,0.0,0.0,0.0
25.0,0.0,0.0,0.0
94.0,0.0,0.0,0.01562786102294922
84.0,0.0,0.0,0.004031181335449219
114.0,0.0,0.0,0.012080669403076172
57.0,0.0,0.0,0.0
79.0,0.0,0.0,0.0
25.0,0.0,0.0,0.015723228454589844
211.0,0.0,0.0,0.0
116.0,0.0,0.0,0.0
295.0,0.0,0.0,0.015842199325561523
115.0,0.0,0.0,0.01538991928100586
268.0,0.0,0.0,0.015625476837158203
74.0,0.0,0.0,0.0
26.0,0.0,0.0,0.0
51.0,0.0,0.0,0.0
59.0,0.0,0.0,0.0
43.0,0.0,0.0,0.015662193298339844
140.0,0.0,0.0,0.0
115.0,0.0,0.0,0.015645265579223633
58.0,0.0,0.0,0.0
70.0,0.0,0.0,0.015623807907104492
92.0,0.0,0.0,0.0
113.0,0.0,0.0,0.015624761581420898
118.0,0.0,0.0,0.009046554565429688
36.0,0.0,0.0,0.0026121139526367188
34.0,0.0,0.0,0.0
82.0,0.0,0.0,0.0026092529296875
122.0,0.0,0.0,0.008181333541870117
134.0,0.0,0.0,0.0
174.0,0.0,0.0,0.015634775161743164
32.0,0.0,0.0,0.0
141.0,0.0,0.0,0.015642404556274414
57.0,0.0,0.0,0.0
30.0,0.0,0.0,0.0
84.0,0.0,0.0,0.0
28.0,0.0,0.0,0.0
44.0,0.0,0.0,0.0
46.0,0.0,0.0,0.015636920928955078
111.0,0.0,0.0,0.0
274.0,0.0,0.0,0.028168678283691406
79.0,0.0,0.0,0.008548974990844727
212.0,0.0,0.0,0.020119905471801758
68.0,0.0,0.0,0.00599980354309082
194.0,0.0,0.0,0.016346454620361328
59.0,0.0,0.0,0.0
156.0,0.0,0.0,0.015053272247314453
86.0,0.0,0.0,0.0
53.0,0.0,0.0,0.0
160.0,0.0,0.0,0.0
135.0,0.0,0.0,0.016099929809570312
310.0,0.0,0.0,0.01567840576171875
180.0,0.0,0.0,0.01987433433532715
37.0,0.0,0.0,0.0
102.0,0.0,0.0,0.004807949066162109
272.0,0.0,0.0,0.01104736328125
40.0,0.0,0.0,0.01567840576171875
30.0,0.0,0.0,0.0
33.0,0.0,0.0,0.0
134.0,0.0,0.0,0.015608072280883789
165.0,0.0,0.0,0.012046575546264648
39.0,0.0,0.0,0.0
300.0,0.0,0.0,0.015801191329956055
172.0,0.0,0.0,0.015578269958496094
73.0,0.0,0.0,0.0
56.0,0.0,0.0,0.016700267791748047
74.0,0.0,0.0,0.0
198.0,0.0,0.0,0.0015273094177246094
76.0,0.0,0.0,0.013522863388061523
123.0,0.0,0.0,0.0
144.0,0.0,0.0,0.024709701538085938
66.0,0.0,0.0,0.0
727.0,0.0,0.0,0.03128623962402344
426.0,0.0,0.0,0.09840989112854004
109.0,0.0,0.0,0.01562643051147461
351.0,0.0,0.0,0.01851344108581543
74.0,0.0,0.0,0.013520240783691406
161.0,0.0,0.0,0.0
120.0,0.0,0.0,0.0
69.0,0.0,0.0,0.0
198.0,0.0,0.0,0.012265443801879883
85.0,0.0,0.0,0.009264707565307617
374.0,0.0,0.0,0.02736377716064453
53.0,0.0,0.0,0.006931781768798828
90.0,0.0,0.0,0.007810115814208984
168.0,0.0,0.0,0.012305021286010742
268.0,0.0,0.0,0.015703916549682617
120.0,0.0,0.0,0.0
108.0,0.0,0.0,0.015585184097290039
51.0,0.0,0.0,0.0
104.0,0.0,0.0,0.015624523162841797
143.0,0.0,0.0,0.0
292.0,0.0,0.0,0.028176546096801758
221.0,0.0,0.0,0.012049198150634766
498.0,0.0,0.0,0.03174710273742676
170.0,0.0,0.0,0.015624284744262695
83.0,0.0,0.0,0.0
430.0,0.0,0.0,0.03129839897155762
135.0,0.0,0.0,0.015596628189086914
29.0,0.0,0.0,0.0
95.0,0.0,0.0,0.016097068786621094
36.0,0.0,0.0,0.0
618.0,0.0,0.0,0.031304359436035156
170.0,0.0,0.0,0.0
125.0,0.0,0.0,0.01559138298034668
24.0,0.0,0.0,0.0
121.0,0.0,0.0,0.015641212463378906
127.0,0.0,0.0,0.0
221.0,0.0,0.0,0.020658493041992188
38.0,0.0,0.0,0.011011123657226562
221.0,0.0,0.0,0.014658451080322266
34.0,0.0,0.0,0.008460521697998047
95.0,0.0,0.0,0.008327007293701172
59.0,0.0,0.0,0.0
24.0,0.0,0.0,0.0
35.0,0.0,0.0,0.0
305.0,0.0,0.0,0.015588998794555664
153.0,0.0,0.0,0.015661954879760742
111.0,0.0,0.0,0.008548259735107422
671.0,0.0,0.0,0.047246694564819336
104.0,0.0,0.0,0.016185998916625977
61.0,0.0,0.0,0.009422063827514648
236.0,0.0,0.0,0.01458287239074707
561.0,0.0,0.0,0.03977680206298828
95.0,0.0,0.0,0.0
346.0,0.0,0.0,0.04235124588012695
215.0,0.0,0.0,0.01464080810546875
62.0,0.0,0.0,0.0023336410522460938
238.0,0.0,0.0,0.011735677719116211
95.0,0.0,0.0,0.006148099899291992
156.0,0.0,0.0,0.009504556655883789
96.0,0.0,0.0,0.00760197639465332
24.0,0.0,0.0,0.0014035701751708984
218.0,0.0,0.0,0.01450657844543457
278.0,0.0,0.0,0.015796899795532227
103.0,0.0,0.0,0.006441354751586914
156.0,0.0,0.0,0.0096893310546875
51.0,0.0,0.0,0.0065822601318359375
179.0,0.0,0.0,0.0
218.0,0.0,0.0,0.015665054321289062
121.0,0.0,0.0,0.015625476837158203
156.0,0.0,0.0,0.0156252384185791
443.0,0.0,0.0,0.03121805191040039
277.0,0.0,0.0,0.019824743270874023
204.0,0.0,0.0,0.016972064971923828
112.0,0.0,0.0,0.007607221603393555
148.0,0.0,0.0,0.008758306503295898
181.0,0.0,0.0,0.015048503875732422
342.0,0.0,0.0,0.01567983627319336
143.0,0.0,0.0,0.015625476837158203
145.0,0.0,0.0,0.016022920608520508
269.0,0.0,0.0,0.01563858985900879
595.0,0.0,0.0,0.05602145195007324
150.0,0.0,0.0,0.007988929748535156
67.0,0.0,0.0,0.0
240.0,0.0,0.0,0.010085582733154297
473.0,0.0,0.0,0.031378984451293945
56.0,0.0,0.0,0.0
167.0,0.0,0.0,0.0156252384185791
156.0,0.0,0.0,0.016937971115112305
222.0,0.0,0.0,0.011820316314697266
90.0,0.0,0.0,0.006023406982421875
40.0,0.0,0.0,0.0030105113983154297
115.0,0.0,0.0,0.008583545684814453
103.0,0.0,0.0,0.0
222.0,0.0,0.0,0.00871729850769043
168.0,0.0,0.0,0.008407354354858398
218.0,0.0,0.0,0.008094549179077148
236.0,0.0,0.0,0.015645503997802734
276.0,0.0,0.0,0.031377315521240234
264.0,0.0,0.0,0.0055468082427978516
93.0,0.0,0.0,0.015668630599975586
37.0,0.0,0.0,0.0
459.0,0.0,0.0,0.03126072883605957
48.0,0.0,0.0,0.0
110.0,0.0,0.0,0.015607357025146484
235.0,0.0,0.0,0.02014923095703125
232.0,0.0,0.0,0.01606130599975586
303.0,0.0,0.0,0.008174419403076172
41.0,0.0,0.0,0.0
442.0,0.0,0.0,0.031218290328979492
281.0,0.0,0.0,0.016655445098876953
75.0,0.0,0.0,0.0
532.0,0.0,0.0,0.05527853965759277
99.0,0.0,0.0,0.00351715087890625
128.0,0.0,0.0,0.008423089981079102
452.0,0.0,0.0,0.02337169647216797
204.0,0.0,0.0,0.01566624641418457
195.0,0.0,0.0,0.015634775161743164
23.0,0.0,0.0,0.0
84.0,0.0,0.0,0.0
50.0,0.0,0.0,0.015587568283081055
73.0,0.0,0.0,0.0
443.0,0.0,0.0,0.03127598762512207
155.0,0.0,0.0,0.015624523162841797
146.0,0.0,0.0,0.0
40.0,0.0,0.0,0.01354670524597168
273.0,0.0,0.0,0.01566290855407715
99.0,0.0,0.0,0.0
389.0,0.0,0.0,0.03270697593688965
191.0,0.0,0.0,0.008354663848876953
24.0,0.0,0.0,0.0
115.0,0.0,0.0,0.015645742416381836
29.0,0.0,0.0,0.0
47.0,0.0,0.0,0.0
31.0,0.0,0.0,0.0
231.0,0.0,0.0,0.00958871841430664
474.0,0.0,0.0,0.03133964538574219
100.0,0.0,0.0,0.015624523162841797
108.0,0.0,0.0,0.0
102.0,0.0,0.0,0.015614032745361328
606.0,0.0,0.0,0.03171586990356445
362.0,0.0,0.0,0.04083657264709473
100.0,0.0,0.0,0.00810384750366211
92.0,0.0,0.0,0.015649795532226562
250.0,0.0,0.0,0.015601634979248047
268.0,0.0,0.0,0.03203463554382324
208.0,0.0,0.0,0.01601409912109375
274.0,0.0,0.0,0.015293121337890625
103.0,0.0,0.0,0.01748800277709961
107.0,0.0,0.0,0.010680913925170898
271.0,0.0,0.0,0.02459430694580078
234.0,0.0,0.0,0.01627039909362793
385.0,0.0,0.0,0.031317949295043945
99.0,0.0,0.0,0.0
183.0,0.0,0.0,0.015604734420776367
105.0,0.0,0.0,0.015639543533325195
94.0,0.0,0.0,0.0
59.0,0.0,0.0,0.017621755599975586
114.0,0.0,0.0,0.0
54.0,0.0,0.0,0.014012813568115234
226.0,0.0,0.0,0.015641212463378906
107.0,0.0,0.0,0.0
44.0,0.0,0.0,0.015628576278686523
60.0,0.0,0.0,0.010289669036865234
32.0,0.0,0.0,0.0015139579772949219
80.0,0.0,0.0,0.0
29.0,0.0,0.0,0.018045663833618164
153.0,0.0,0.0,0.013586759567260742
263.0,0.0,0.0,0.02105879783630371
148.0,0.0,0.0,0.0
235.0,0.0,0.0,0.015629053115844727
79.0,0.0,0.0,0.0
106.0,0.0,0.0,0.0
30.0,0.0,0.0,0.0
58.0,0.0,0.0,0.0
27.0,0.0,0.0,0.0
198.0,0.0,0.0,0.015622854232788086
85.0,0.0,0.0,0.015646934509277344
505.0,0.0,0.0,0.0373988151550293
48.0,0.0,0.0,0.0004181861877441406
67.0,0.0,0.0,0.006107330322265625
145.0,0.0,0.0,0.009095191955566406
63.0,0.0,0.0,0.0
99.0,0.0,0.0,0.008236169815063477
217.0,0.0,0.0,0.015543460845947266
86.0,0.0,0.0,0.0
37.0,0.0,0.0,0.015625
26.0,0.0,0.0,0.0
229.0,0.0,0.0,0.01477193832397461
141.0,0.0,0.0,0.015648603439331055
126.0,0.0,0.0,0.0
132.0,0.0,0.0,0.0
51.0,0.0,0.0,0.015624046325683594
62.0,0.0,0.0,0.0
245.0,0.0,0.0,0.022580385208129883
352.0,0.0,0.0,0.02290201187133789
190.0,0.0,0.0,0.0
38.0,0.0,0.0,0.0
161.0,0.0,0.0,0.0
127.0,0.0,0.0,0.0
416.0,0.0,0.0,0.03154873847961426
155.0,0.0,0.0,0.019461393356323242
43.0,0.0,0.0,0.0
89.0,0.0,0.0,0.012857437133789062
59.0,0.0,0.0,0.0
288.0,0.0,0.0,0.015902280807495117
150.0,0.0,0.0,0.015624761581420898
181.0,0.0,0.0,0.015384674072265625
274.0,0.0,0.0,0.015664339065551758
115.0,0.0,0.0,0.015615701675415039
162.0,0.0,0.0,0.024353981018066406
71.0,0.0,0.0,0.008287668228149414
140.0,0.0,0.0,0.007997274398803711
303.0,0.0,0.0,0.023720264434814453
86.0,0.0,0.0,0.015622615814208984
129.0,0.0,0.0,0.016301870346069336
713.0,0.0,0.0,0.05664634704589844
79.0,0.0,0.0,0.003248453140258789
26.0,0.0,0.0,0.0066967010498046875
138.0,0.0,0.0,0.008405685424804688
446.0,0.0,0.0,0.03241729736328125
106.0,0.0,0.0,0.006405830383300781
308.0,0.0,0.0,0.02018427848815918
135.0,0.0,0.0,0.0
67.0,0.0,0.0,0.015013694763183594
97.0,0.0,0.0,0.0025115013122558594
277.0,0.0,0.0,0.02747058868408203
90.0,0.0,0.0,0.005589962005615234
69.0,0.0,0.0,0.008334875106811523
88.0,0.0,0.0,0.008100032806396484
325.0,0.0,0.0,0.015682697296142578
100.0,0.0,0.0,0.015608549118041992
46.0,0.0,0.0,0.0
266.0,0.0,0.0,0.015624761581420898
51.0,0.0,0.0,0.015970468521118164
356.0,0.0,0.0,0.015241861343383789
209.0,0.0,0.0,0.01865863800048828
361.0,0.0,0.0,0.015649080276489258
189.0,0.0,0.0,0.015619993209838867
56.0,0.0,0.0,0.0
111.0,0.0,0.0,0.0
211.0,0.0,0.0,0.015546321868896484
105.0,0.0,0.0,0.019142866134643555
93.0,0.0,0.0,0.0
250.0,0.0,0.0,0.0281522274017334
70.0,0.0,0.0,0.0
189.0,0.0,0.0,0.023975372314453125
37.0,0.0,0.0,0.0
102.0,0.0,0.0,0.010515213012695312
25.0,0.0,0.0,0.0
63.0,0.0,0.0,0.0
28.0,0.0,0.0,0.0
96.0,0.0,0.0,0.0
133.0,0.0,0.0,0.016640901565551758
38.0,0.0,0.0,0.0
214.0,0.0,0.0,0.023865222930908203
137.0,0.0,0.0,0.010064840316772461
63.0,0.0,0.0,0.0
69.0,0.0,0.0,0.008085250854492188
158.0,0.0,0.0,0.0
96.0,0.0,0.0,0.0
222.0,0.0,0.0,0.015629291534423828
236.0,0.0,0.0,0.01601719856262207
166.0,0.0,0.0,0.01565694808959961
145.0,0.0,0.0,0.015607357025146484
488.0,0.0,0.0,0.04268956184387207
92.0,0.0,0.0,0.008128166198730469
280.0,0.0,0.0,0.015625
144.0,0.0,0.0,0.015630483627319336
154.0,0.0,0.0,0.015881776809692383
258.0,0.0,0.0,0.015384197235107422
170.0,0.0,0.0,0.015607118606567383
55.0,0.0,0.0,0.0
53.0,0.0,0.0,0.0
115.0,0.0,0.0,0.002031087875366211
106.0,0.0,0.0,0.0
142.0,0.0,0.0,0.0
363.0,0.0,0.0,0.03125429153442383
37.0,0.0,0.0,0.0
132.0,0.0,0.0,0.015653371810913086
636.0,0.0,0.0,0.04728388786315918
104.0,0.0,0.0,0.0
56.0,0.0,0.0,0.015637636184692383
165.0,0.0,0.0,0.0
496.0,0.0,0.0,0.03963756561279297
57.0,0.0,0.0,0.007256507873535156
172.0,0.0,0.0,0.009686708450317383
269.0,0.0,0.0,0.025615692138671875
425.0,0.0,0.0,0.04719662666320801
72.0,0.0,0.0,0.0
246.0,0.0,0.0,0.01966691017150879
114.0,0.0,0.0,0.02449774742126465
128.0,0.0,0.0,0.006013631820678711
446.0,0.0,0.0,0.04080986976623535
91.0,0.0,0.0,0.003512144088745117
64.0,0.0,0.0,0.01009225845336914
336.0,0.0,0.0,0.03117203712463379
102.0,0.0,0.0,0.008112192153930664
208.0,0.0,0.0,0.015666484832763672
40.0,0.0,0.0,0.0
53.0,0.0,0.0,0.0
57.0,0.0,0.0,0.0
60.0,0.0,0.0,0.0
117.0,0.0,0.0,0.015627384185791016
173.0,0.0,0.0,0.0
45.0,0.0,0.0,0.0
92.0,0.0,0.0,0.0
77.0,0.0,0.0,0.015638351440429688
329.0,0.0,0.0,0.0156252384185791
195.0,0.0,0.0,0.015624523162841797
133.0,0.0,0.0,0.015624761581420898
444.0,0.0,0.0,0.03134942054748535
151.0,0.0,0.0,0.015675067901611328
396.0,0.0,0.0,0.031626224517822266
122.0,0.0,0.0,0.015676021575927734
39.0,0.0,0.0,0.0
127.0,0.0,0.0,0.015592336654663086
127.0,0.0,0.0,0.01681041717529297
166.0,0.0,0.0,0.014746665954589844
263.0,0.0,0.0,0.015630483627319336
268.0,0.0,0.0,0.024057388305664062
119.0,0.0,0.0,0.005011558532714844
103.0,0.0,0.0,0.008032798767089844
219.0,0.0,0.0,0.008647918701171875
89.0,0.0,0.0,0.011515617370605469
46.0,0.0,0.0,0.0049593448638916016
42.0,0.0,0.0,0.0
303.0,0.0,0.0,0.015926361083984375
27.0,0.0,0.0,0.0
108.0,0.0,0.0,0.015599966049194336
209.0,0.0,0.0,0.015371084213256836
116.0,0.0,0.0,0.0
50.0,0.0,0.0,0.0
153.0,0.0,0.0,0.016944408416748047
42.0,0.0,0.0,0.0
44.0,0.0,0.0,0.004828691482543945
577.0,0.0,0.0,0.039182186126708984
230.0,0.0,0.0,0.0
59.0,0.0,0.0,0.0
132.0,0.0,0.0,0.0
378.0,0.0,0.0,0.024471044540405273
89.0,0.0,0.0,0.007909059524536133
80.0,0.0,0.0,0.0070188045501708984
89.0,0.0,0.0,0.008961915969848633
107.0,0.0,0.0,0.0
265.0,0.0,0.0,0.015012264251708984
93.0,0.0,0.0,0.015671253204345703
207.0,0.0,0.0,0.015689373016357422
99.0,0.0,0.0,0.0
101.0,0.0,0.0,0.0030090808868408203
166.0,0.0,0.0,0.015680789947509766
266.0,0.0,0.0,0.01562047004699707
85.0,0.0,0.0,0.016439437866210938
49.0,0.0,0.0,0.006223440170288086
43.0,0.0,0.0,0.0
40.0,0.0,0.0,0.0073549747467041016
78.0,0.0,0.0,0.0
188.0,0.0,0.0,0.0
160.0,0.0,0.0,0.015681743621826172
202.0,0.0,0.0,0.005519866943359375
77.0,0.0,0.0,0.015906333923339844
60.0,0.0,0.0,0.0
219.0,0.0,0.0,0.017040252685546875
25.0,0.0,0.0,0.0
216.0,0.0,0.0,0.008573055267333984
67.0,0.0,0.0,0.006565093994140625
233.0,0.0,0.0,0.017441272735595703
146.0,0.0,0.0,0.00815129280090332
52.0,0.0,0.0,0.0
231.0,0.0,0.0,0.015645265579223633
143.0,0.0,0.0,0.015661239624023438
76.0,0.0,0.0,0.0
472.0,0.0,0.0,0.031191110610961914
99.0,0.0,0.0,0.015624761581420898
110.0,0.0,0.0,0.014013051986694336
22.0,0.0,0.0,0.0
29.0,0.0,0.0,0.0
51.0,0.0,0.0,0.00801706314086914
185.0,0.0,0.0,0.020936012268066406
267.0,0.0,0.0,0.01974654197692871
81.0,0.0,0.0,0.0052454471588134766
135.0,0.0,0.0,0.00811147689819336
387.0,0.0,0.0,0.02423405647277832
511.0,0.0,0.0,0.032541513442993164
69.0,0.0,0.0,0.004081010818481445
95.0,0.0,0.0,0.00561213493347168
52.0,0.0,0.0,0.003619670867919922
98.0,0.0,0.0,0.005319356918334961
52.0,0.0,0.0,0.0034072399139404297
490.0,0.0,0.0,0.03138589859008789
217.0,0.0,0.0,0.01567816734313965
73.0,0.0,0.0,0.0
418.0,0.0,0.0,0.031250715255737305
45.0,0.0,0.0,0.0
155.0,0.0,0.0,0.0156400203704834
121.0,0.0,0.0,0.0
132.0,0.0,0.0,0.0
119.0,0.0,0.0,0.017971038818359375
79.0,0.0,0.0,0.005278587341308594
45.0,0.0,0.0,0.0
304.0,0.0,0.0,0.015902042388916016
155.0,0.0,0.0,0.015624761581420898
128.0,0.0,0.0,0.0
72.0,0.0,0.0,0.004589080810546875
153.0,0.0,0.0,0.006577014923095703
72.0,0.0,0.0,0.008085012435913086
218.0,0.0,0.0,0.01615619659423828
235.0,0.0,0.0,0.015662670135498047
66.0,0.0,0.0,0.0
27.0,0.0,0.0,0.015623807907104492
559.0,0.0,0.0,0.03126692771911621
305.0,0.0,0.0,0.015625
58.0,0.0,0.0,0.015607833862304688
57.0,0.0,0.0,0.0065152645111083984
39.0,0.0,0.0,0.0
196.0,0.0,0.0,0.025163650512695312
224.0,0.0,0.0,0.015883922576904297
122.0,0.0,0.0,0.007333993911743164
305.0,0.0,0.0,0.008123159408569336
120.0,0.0,0.0,0.015643835067749023
423.0,0.0,0.0,0.03174638748168945
27.0,0.0,0.0,0.0
92.0,0.0,0.0,0.0
107.0,0.0,0.0,0.01567864418029785
199.0,0.0,0.0,0.015625476837158203
37.0,0.0,0.0,0.0
65.0,0.0,0.0,0.0
102.0,0.0,0.0,0.015624761581420898
120.0,0.0,0.0,0.0
51.0,0.0,0.0,0.015607595443725586
34.0,0.0,0.0,0.0
24.0,0.0,0.0,0.0
103.0,0.0,0.0,0.015609979629516602
115.0,0.0,0.0,0.010014057159423828
83.0,0.0,0.0,0.006010770797729492
85.0,0.0,0.0,0.0
278.0,0.0,0.0,0.01563882827758789
129.0,0.0,0.0,0.0
299.0,0.0,0.0,0.01562643051147461
220.0,0.0,0.0,0.0
375.0,0.0,0.0,0.01601386070251465
62.0,0.0,0.0,0.0156404972076416
76.0,0.0,0.0,0.0
53.0,0.0,0.0,0.0
545.0,0.0,0.0,0.04687929153442383
46.0,0.0,0.0,0.0
37.0,0.0,0.0,0.0
148.0,0.0,0.0,0.0239560604095459
62.0,0.0,0.0,0.007441997528076172
34.0,0.0,0.0,0.0030241012573242188
86.0,0.0,0.0,0.0053234100341796875
315.0,0.0,0.0,0.023773908615112305
223.0,0.0,0.0,0.01562047004699707
115.0,0.0,0.0,0.0
307.0,0.0,0.0,0.015624761581420898
102.0,0.0,0.0,0.0
78.0,0.0,0.0,0.0
60.0,0.0,0.0,0.0
302.0,0.0,0.0,0.027882814407348633
115.0,0.0,0.0,0.016427040100097656
149.0,0.0,0.0,0.009594440460205078
556.0,0.0,0.0,0.039379119873046875
309.0,0.0,0.0,0.01607036590576172
269.0,0.0,0.0,0.01569962501525879
250.0,0.0,0.0,0.015624761581420898
48.0,0.0,0.0,0.0
84.0,0.0,0.0,0.0
113.0,0.0,0.0,0.0
91.0,0.0,0.0,0.0
227.0,0.0,0.0,0.015624284744262695
98.0,0.0,0.0,0.0
143.0,0.0,0.0,0.0035483837127685547
222.0,0.0,0.0,0.012531518936157227
286.0,0.0,0.0,0.015636682510375977
169.0,0.0,0.0,0.0
261.0,0.0,0.0,0.015627384185791016
191.0,0.0,0.0,0.0
142.0,0.0,0.0,0.015624761581420898
104.0,0.0,0.0,0.0
147.0,0.0,0.0,0.0
33.0,0.0,0.0,0.0
207.0,0.0,0.0,0.0
374.0,0.0,0.0,0.031247615814208984
134.0,0.0,0.0,0.015599250793457031
178.0,0.0,0.0,0.006837368011474609
177.0,0.0,0.0,0.012160778045654297
152.0,0.0,0.0,0.0038552284240722656
31.0,0.0,0.0,0.0
112.0,0.0,0.0,0.016952037811279297
164.0,0.0,0.0,0.008263826370239258
58.0,0.0,0.0,0.0
39.0,0.0,0.0,0.0
51.0,0.0,0.0,0.0
163.0,0.0,0.0,0.015626192092895508
278.0,0.0,0.0,0.015624761581420898
55.0,0.0,0.0,0.0
942.0,0.0,0.0,0.0819234848022461
119.0,0.0,0.0,0.0
310.0,0.0,0.0,0.03126788139343262
54.0,0.0,0.0,0.0035305023193359375
57.0,0.0,0.0,0.0
30.0,0.0,0.0,0.0
42.0,0.0,0.0,0.0
77.0,0.0,0.0,0.0
80.0,0.0,0.0,0.015694856643676758
146.0,0.0,0.0,0.0
54.0,0.0,0.0,0.01557302474975586
85.0,0.0,0.0,0.010436773300170898
484.0,0.0,0.0,0.02572178840637207
194.0,0.0,0.0,0.0045318603515625
91.0,0.0,0.0,0.0
109.0,0.0,0.0,0.0
314.0,0.0,0.0,0.01563858985900879
142.0,0.0,0.0,0.0
359.0,0.0,0.0,0.015659332275390625
216.0,0.0,0.0,0.015607595443725586
180.0,0.0,0.0,0.00896906852722168
34.0,0.0,0.0,0.0
47.0,0.0,0.0,0.0
181.0,0.0,0.0,0.015642881393432617
26.0,0.0,0.0,0.015620231628417969
104.0,0.0,0.0,0.0
424.0,0.0,0.0,0.031271934509277344
268.0,0.0,0.0,0.015624523162841797
569.0,0.0,0.0,0.047319889068603516
55.0,0.0,0.0,0.0
28.0,0.0,0.0,0.01827073097229004
362.0,0.0,0.0,0.02147388458251953
67.0,0.0,0.0,0.0
141.0,0.0,0.0,0.015646934509277344
92.0,0.0,0.0,0.005518198013305664
181.0,0.0,0.0,0.014117002487182617
195.0,0.0,0.0,0.008202791213989258
73.0,0.0,0.0,0.0
33.0,0.0,0.0,0.0
25.0,0.0,0.0,0.0
129.0,0.0,0.0,0.015646696090698242
55.0,0.0,0.0,0.0
478.0,0.0,0.0,0.03131437301635742
57.0,0.0,0.0,0.016093730926513672
46.0,0.0,0.0,0.0
418.0,0.0,0.0,0.03130364418029785
144.0,0.0,0.0,0.0
418.0,0.0,0.0,0.04715132713317871
171.0,0.0,0.0,0.014518499374389648
54.0,0.0,0.0,0.009508609771728516
169.0,0.0,0.0,0.015636205673217773
130.0,0.0,0.0,0.015624046325683594
77.0,0.0,0.0,0.015626192092895508
156.0,0.0,0.0,0.015626907348632812
131.0,0.0,0.0,0.0172426700592041
57.0,0.0,0.0,0.00520014762878418
211.0,0.0,0.0,0.015334129333496094
77.0,0.0,0.0,0.004981040954589844
276.0,0.0,0.0,0.02636575698852539
225.0,0.0,0.0,0.015204668045043945
56.0,0.0,0.0,0.003615856170654297
56.0,0.0,0.0,0.0032930374145507812
121.0,0.0,0.0,0.013266563415527344
101.0,0.0,0.0,0.008541107177734375
274.0,0.0,0.0,0.01948380470275879
342.0,0.0,0.0,0.023480653762817383
49.0,0.0,0.0,0.0020089149475097656
56.0,0.0,0.0,0.0
434.0,0.0,0.0,0.025826215744018555
377.0,0.0,0.0,0.019820213317871094
57.0,0.0,0.0,0.002393960952758789
126.0,0.0,0.0,0.008029460906982422
162.0,0.0,0.0,0.0036268234252929688
215.0,0.0,0.0,0.012031078338623047
328.0,0.0,0.0,0.03128337860107422
127.0,0.0,0.0,0.0
221.0,0.0,0.0,0.003032207489013672
53.0,0.0,0.0,0.015657424926757812
91.0,0.0,0.0,0.0
46.0,0.0,0.0,0.0
268.0,0.0,0.0,0.031255483627319336
50.0,0.0,0.0,0.0032558441162109375
74.0,0.0,0.0,0.0021011829376220703
144.0,0.0,0.0,0.014126062393188477
219.0,0.0,0.0,0.016163349151611328
342.0,0.0,0.0,0.01747608184814453
34.0,0.0,0.0,0.0
109.0,0.0,0.0,0.0
365.0,0.0,0.0,0.03128981590270996
322.0,0.0,0.0,0.015625476837158203
48.0,0.0,0.0,0.0
44.0,0.0,0.0,0.0
220.0,0.0,0.0,0.02017951011657715
74.0,0.0,0.0,0.006546735763549805
159.0,0.0,0.0,0.07261157035827637
208.0,0.0,0.0,0.01604008674621582
42.0,0.0,0.0,0.01564192771911621
371.0,0.0,0.0,0.01562786102294922
468.0,0.0,0.0,0.0312809944152832
93.0,0.0,0.0,0.015607357025146484
232.0,0.0,0.0,0.015612363815307617
336.0,0.0,0.0,0.026463985443115234
105.0,0.0,0.0,0.006962776184082031
164.0,0.0,0.0,0.00899505615234375
61.0,0.0,0.0,0.009217023849487305
188.0,0.0,0.0,0.015810728073120117
98.0,0.0,0.0,0.0075337886810302734
296.0,0.0,0.0,0.024149417877197266
117.0,0.0,0.0,0.0
140.0,0.0,0.0,0.01575636863708496
111.0,0.0,0.0,0.0
88.0,0.0,0.0,0.01559758186340332
173.0,0.0,0.0,0.015652894973754883
25.0,0.0,0.0,0.0
70.0,0.0,0.0,0.0
273.0,0.0,0.0,0.031232118606567383
116.0,0.0,0.0,0.0
73.0,0.0,0.0,0.014570951461791992
39.0,0.0,0.0,0.0
126.0,0.0,0.0,0.0
199.0,0.0,0.0,0.015657424926757812
109.0,0.0,0.0,0.0156552791595459
425.0,0.0,0.0,0.031238555908203125
117.0,0.0,0.0,0.0
28.0,0.0,0.0,0.01560831069946289
102.0,0.0,0.0,0.0
152.0,0.0,0.0,0.0156402587890625
213.0,0.0,0.0,0.01104736328125
83.0,0.0,0.0,0.0
253.0,0.0,0.0,0.01564311981201172
170.0,0.0,0.0,0.0156252384185791
756.0,0.0,0.0,0.05775046348571777
183.0,0.0,0.0,0.008116722106933594
27.0,0.0,0.0,0.008099079132080078
105.0,0.0,0.0,0.0
66.0,0.0,0.0,0.0
67.0,0.0,0.0,0.0
74.0,0.0,0.0,0.0
25.0,0.0,0.0,0.0
77.0,0.0,0.0,0.0
45.0,0.0,0.0,0.0
87.0,0.0,0.0,0.015640974044799805
189.0,0.0,0.0,0.015605926513671875
157.0,0.0,0.0,0.01603388786315918
200.0,0.0,0.0,0.024179935455322266
80.0,0.0,0.0,0.008196353912353516
40.0,0.0,0.0,0.007558584213256836
160.0,0.0,0.0,0.008530378341674805
52.0,0.0,0.0,0.008086681365966797
282.0,0.0,0.0,0.015647172927856445
178.0,0.0,0.0,0.015605926513671875
144.0,0.0,0.0,0.009016036987304688
190.0,0.0,0.0,0.015758991241455078
117.0,0.0,0.0,0.0
36.0,0.0,0.0,0.0
308.0,0.0,0.0,0.015624523162841797
169.0,0.0,0.0,0.0
306.0,0.0,0.0,0.0156252384185791
179.0,0.0,0.0,0.016062259674072266
128.0,0.0,0.0,0.0
27.0,0.0,0.0,0.01563739776611328
113.0,0.0,0.0,0.0
87.0,0.0,0.0,0.015627145767211914
61.0,0.0,0.0,0.0
90.0,0.0,0.0,0.015679121017456055
151.0,0.0,0.0,0.0
57.0,0.0,0.0,0.015572547912597656
245.0,0.0,0.0,0.01562666893005371
287.0,0.0,0.0,0.02117466926574707
132.0,0.0,0.0,0.010547876358032227
169.0,0.0,0.0,0.01567864418029785
190.0,0.0,0.0,0.0
68.0,0.0,0.0,0.0
35.0,0.0,0.0,0.0
58.0,0.0,0.0,0.0
332.0,0.0,0.0,0.0363309383392334
188.0,0.0,0.0,0.006922483444213867
92.0,0.0,0.0,0.000576019287109375
35.0,0.0,0.0,0.0
172.0,0.0,0.0,0.008593082427978516
51.0,0.0,0.0,0.0
48.0,0.0,0.0,0.015690088272094727
72.0,0.0,0.0,0.0
176.0,0.0,0.0,0.015599250793457031
674.0,0.0,0.0,0.04684138298034668
51.0,0.0,0.0,0.0025222301483154297
117.0,0.0,0.0,0.008014917373657227
113.0,0.0,0.0,0.008893251419067383
32.0,0.0,0.0,0.0020122528076171875
55.0,0.0,0.0,0.0
241.0,0.0,0.0,0.008054971694946289
111.0,0.0,0.0,0.01655888557434082
282.0,0.0,0.0,0.014578819274902344
220.0,0.0,0.0,0.010532379150390625
124.0,0.0,0.0,0.0
289.0,0.0,0.0,0.01567864418029785
337.0,0.0,0.0,0.03125
273.0,0.0,0.0,0.015625
49.0,0.0,0.0,0.0
79.0,0.0,0.0,0.015607833862304688
81.0,0.0,0.0,0.0
160.0,0.0,0.0,0.017155170440673828
42.0,0.0,0.0,0.0
59.0,0.0,0.0,0.0
32.0,0.0,0.0,0.0
309.0,0.0,0.0,0.015735626220703125
446.0,0.0,0.0,0.031193971633911133
127.0,0.0,0.0,0.015661954879760742
127.0,0.0,0.0,0.0
506.0,0.0,0.0,0.03168654441833496
333.0,0.0,0.0,0.015606164932250977
85.0,0.0,0.0,0.0
104.0,0.0,0.0,0.019675731658935547
183.0,0.0,0.0,0.012707710266113281
45.0,0.0,0.0,0.005520343780517578
106.0,0.0,0.0,0.011487245559692383
60.0,0.0,0.0,0.0
305.0,0.0,0.0,0.012511253356933594
96.0,0.0,0.0,0.015638351440429688
212.0,0.0,0.0,0.015625
81.0,0.0,0.0,0.0
323.0,0.0,0.0,0.0468747615814209
36.0,0.0,0.0,0.009510993957519531
40.0,0.0,0.0,0.008345842361450195
40.0,0.0,0.0,0.0060236454010009766
52.0,0.0,0.0,0.005823612213134766
102.0,0.0,0.0,0.008013725280761719
58.0,0.0,0.0,0.005413055419921875
89.0,0.0,0.0,0.008010625839233398
306.0,0.0,0.0,0.025922060012817383
40.0,0.0,0.0,0.00396275520324707
58.0,0.0,0.0,0.004689216613769531
93.0,0.0,0.0,0.0031087398529052734
300.0,0.0,0.0,0.010083675384521484
218.0,0.0,0.0,0.016425371170043945
55.0,0.0,0.0,0.003813028335571289
67.0,0.0,0.0,0.007031440734863281
119.0,0.0,0.0,0.010214567184448242
95.0,0.0,0.0,0.006494045257568359
63.0,0.0,0.0,0.005530357360839844
355.0,0.0,0.0,0.01922893524169922
264.0,0.0,0.0,0.011699438095092773
300.0,0.0,0.0,0.015636444091796875
55.0,0.0,0.0,0.0
72.0,0.0,0.0,0.0
226.0,0.0,0.0,0.0
70.0,0.0,0.0,0.015624761581420898
84.0,0.0,0.0,0.0
78.0,0.0,0.0,0.0025119781494140625
115.0,0.0,0.0,0.0
174.0,0.0,0.0,0.015638351440429688
142.0,0.0,0.0,0.0
413.0,0.0,0.0,0.03566694259643555
38.0,0.0,0.0,0.0
99.0,0.0,0.0,0.012337684631347656
377.0,0.0,0.0,0.016480445861816406
96.0,0.0,0.0,0.015626192092895508
278.0,0.0,0.0,0.01562356948852539
177.0,0.0,0.0,0.015626192092895508
107.0,0.0,0.0,0.0
396.0,0.0,0.0,0.03125262260437012
211.0,0.0,0.0,0.01275181770324707
133.0,0.0,0.0,0.010123014450073242
176.0,0.0,0.0,0.013967275619506836
257.0,0.0,0.0,0.028293371200561523
28.0,0.0,0.0,0.008164405822753906
126.0,0.0,0.0,0.007709980010986328
77.0,0.0,0.0,0.011633634567260742
391.0,0.0,0.0,0.012547969818115234
37.0,0.0,0.0,0.0016973018646240234
181.0,0.0,0.0,0.009176254272460938
95.0,0.0,0.0,0.0
111.0,0.0,0.0,0.0
32.0,0.0,0.0,0.0
149.0,0.0,0.0,0.016140222549438477
126.0,0.0,0.0,0.015547513961791992
115.0,0.0,0.0,0.0
114.0,0.0,0.0,0.016031742095947266
53.0,0.0,0.0,0.0
51.0,0.0,0.0,0.0
156.0,0.0,0.0,0.01564335823059082
105.0,0.0,0.0,0.015623092651367188
357.0,0.0,0.0,0.015625
92.0,0.0,0.0,0.01562643051147461
55.0,0.0,0.0,0.0
131.0,0.0,0.0,0.01562356948852539
229.0,0.0,0.0,0.019137144088745117
292.0,0.0,0.0,0.012513875961303711
48.0,0.0,0.0,0.0
306.0,0.0,0.0,0.03126645088195801
130.0,0.0,0.0,0.0
139.0,0.0,0.0,0.015627622604370117
31.0,0.0,0.0,0.0
122.0,0.0,0.0,0.015623331069946289
626.0,0.0,0.0,0.04610466957092285
36.0,0.0,0.0,0.0
126.0,0.0,0.0,0.008488893508911133
33.0,0.0,0.0,0.008097171783447266
42.0,0.0,0.0,0.0
287.0,0.0,0.0,0.015627622604370117
129.0,0.0,0.0,0.01566147804260254
112.0,0.0,0.0,0.0
39.0,0.0,0.0,0.015625476837158203
57.0,0.0,0.0,0.0
278.0,0.0,0.0,0.016099214553833008
42.0,0.0,0.0,0.01566171646118164
31.0,0.0,0.0,0.0
184.0,0.0,0.0,0.015616893768310547
48.0,0.0,0.0,0.0
175.0,0.0,0.0,0.020731449127197266
162.0,0.0,0.0,0.005544900894165039
103.0,0.0,0.0,0.0009694099426269531
159.0,0.0,0.0,0.012545108795166016
143.0,0.0,0.0,0.011515140533447266
396.0,0.0,0.0,0.015641212463378906
62.0,0.0,0.0,0.015627145767211914
91.0,0.0,0.0,0.0
28.0,0.0,0.0,0.0
50.0,0.0,0.0,0.016445398330688477
707.0,0.0,0.0,0.04008364677429199
154.0,0.0,0.0,0.011014461517333984
228.0,0.0,0.0,0.01564311981201172
64.0,0.0,0.0,0.0
173.0,0.0,0.0,0.024892330169677734
58.0,0.0,0.0,0.0
57.0,0.0,0.0,0.0
64.0,0.0,0.0,0.0
34.0,0.0,0.0,0.0
45.0,0.0,0.0,0.015924930572509766
375.0,0.0,0.0,0.0259096622467041
309.0,0.0,0.0,0.02119612693786621
69.0,0.0,0.0,0.008027076721191406
123.0,0.0,0.0,0.0
40.0,0.0,0.0,0.0
179.0,0.0,0.0,0.01563739776611328
98.0,0.0,0.0,0.015630483627319336
24.0,0.0,0.0,0.0
106.0,0.0,0.0,0.0
255.0,0.0,0.0,0.015662193298339844
225.0,0.0,0.0,0.01609945297241211
387.0,0.0,0.0,0.027498483657836914
74.0,0.0,0.0,0.0
144.0,0.0,0.0,0.015659570693969727
128.0,0.0,0.0,0.016889095306396484
100.0,0.0,0.0,0.006385087966918945
64.0,0.0,0.0,0.008029937744140625
99.0,0.0,0.0,0.015261173248291016
69.0,0.0,0.0,0.0
387.0,0.0,0.0,0.015691757202148438
97.0,0.0,0.0,0.017240285873413086
542.0,0.0,0.0,0.042102813720703125
23.0,0.0,0.0,0.007773876190185547
118.0,0.0,0.0,0.008176803588867188
90.0,0.0,0.0,0.0
155.0,0.0,0.0,0.015617609024047852
93.0,0.0,0.0,0.0
397.0,0.0,0.0,0.03128504753112793
148.0,0.0,0.0,0.015625476837158203
26.0,0.0,0.0,0.0
62.0,0.0,0.0,0.0
169.0,0.0,0.0,0.024152517318725586
48.0,0.0,0.0,0.003826618194580078
185.0,0.0,0.0,0.01208043098449707
218.0,0.0,0.0,0.01566171646118164
284.0,0.0,0.0,0.01564192771911621
271.0,0.0,0.0,0.015599250793457031
56.0,0.0,0.0,0.0
102.0,0.0,0.0,0.015624761581420898
67.0,0.0,0.0,0.0
100.0,0.0,0.0,0.01563405990600586
192.0,0.0,0.0,0.016097307205200195
96.0,0.0,0.0,0.0
159.0,0.0,0.0,0.015678882598876953
97.0,0.0,0.0,0.0
490.0,0.0,0.0,0.0468747615814209
82.0,0.0,0.0,0.0
546.0,0.0,0.0,0.0367281436920166
89.0,0.0,0.0,0.014668703079223633
53.0,0.0,0.0,0.004576921463012695
154.0,0.0,0.0,0.010776519775390625
238.0,0.0,0.0,0.009064435958862305
55.0,0.0,0.0,0.0
291.0,0.0,0.0,0.03129696846008301
63.0,0.0,0.0,0.0
144.0,0.0,0.0,0.01560521125793457
99.0,0.0,0.0,0.007012128829956055
89.0,0.0,0.0,0.009015560150146484
111.0,0.0,0.0,0.0
81.0,0.0,0.0,0.015642166137695312
301.0,0.0,0.0,0.015624046325683594
24.0,0.0,0.0,0.0
371.0,0.0,0.0,0.04780125617980957
86.0,0.0,0.0,0.004696846008300781
145.0,0.0,0.0,0.004590272903442383
320.0,0.0,0.0,0.015635967254638672
54.0,0.0,0.0,0.0
123.0,0.0,0.0,0.015613317489624023
223.0,0.0,0.0,0.015627384185791016
309.0,0.0,0.0,0.015624523162841797
99.0,0.0,0.0,0.015625953674316406
84.0,0.0,0.0,0.0
77.0,0.0,0.0,0.0
418.0,0.0,0.0,0.023369312286376953
621.0,0.0,0.0,0.03126645088195801
31.0,0.0,0.0,0.015625
139.0,0.0,0.0,0.015630245208740234
100.0,0.0,0.0,0.006015777587890625
123.0,0.0,0.0,0.010015010833740234
209.0,0.0,0.0,0.016765356063842773
187.0,0.0,0.0,0.012639760971069336
334.0,0.0,0.0,0.020138978958129883
72.0,0.0,0.0,0.008971691131591797
599.0,0.0,0.0,0.04784369468688965
150.0,0.0,0.0,0.008977890014648438
87.0,0.0,0.0,0.004778385162353516
120.0,0.0,0.0,0.00932621955871582
34.0,0.0,0.0,0.0
43.0,0.0,0.0,0.0
40.0,0.0,0.0,0.014509439468383789
27.0,0.0,0.0,0.0
23.0,0.0,0.0,0.0
199.0,0.0,0.0,0.015640974044799805
199.0,0.0,0.0,0.007512092590332031
136.0,0.0,0.0,0.0
705.0,0.0,0.0,0.04743218421936035
111.0,0.0,0.0,0.008372306823730469
107.0,0.0,0.0,0.011078596115112305
278.0,0.0,0.0,0.02070331573486328
183.0,0.0,0.0,0.00683903694152832
225.0,0.0,0.0,0.0
229.0,0.0,0.0,0.0
140.0,0.0,0.0,0.0
334.0,0.0,0.0,0.015624761581420898
77.0,0.0,0.0,0.0
167.0,0.0,0.0,0.01603412628173828
290.0,0.0,0.0,0.0156404972076416
139.0,0.0,0.0,0.015625476837158203
89.0,0.0,0.0,0.007616281509399414
34.0,0.0,0.0,0.0
29.0,0.0,0.0,0.008559226989746094
131.0,0.0,0.0,0.0
86.0,0.0,0.0,0.015547990798950195
45.0,0.0,0.0,0.0
128.0,0.0,0.0,0.015647411346435547
161.0,0.0,0.0,0.0
106.0,0.0,0.0,0.015514135360717773
177.0,0.0,0.0,0.015643596649169922
143.0,0.0,0.0,0.0
192.0,0.0,0.0,0.0
127.0,0.0,0.0,0.015616893768310547
35.0,0.0,0.0,0.0
112.0,0.0,0.0,0.015622615814208984
80.0,0.0,0.0,0.0
105.0,0.0,0.0,0.015622377395629883
115.0,0.0,0.0,0.0
158.0,0.0,0.0,0.02214193344116211
152.0,0.0,0.0,0.009513139724731445
54.0,0.0,0.0,0.0
99.0,0.0,0.0,0.0
137.0,0.0,0.0,0.003954410552978516
34.0,0.0,0.0,0.012017011642456055
320.0,0.0,0.0,0.024306774139404297
46.0,0.0,0.0,0.0
141.0,0.0,0.0,0.015654563903808594
147.0,0.0,0.0,0.0
60.0,0.0,0.0,0.015606880187988281
86.0,0.0,0.0,0.0
604.0,0.0,0.0,0.044191598892211914
25.0,0.0,0.0,0.0
147.0,0.0,0.0,0.02527308464050293
206.0,0.0,0.0,0.02420806884765625
89.0,0.0,0.0,0.009045600891113281
58.0,0.0,0.0,0.0
39.0,0.0,0.0,0.0
36.0,0.0,0.0,0.007546186447143555
85.0,0.0,0.0,0.0
37.0,0.0,0.0,0.0
113.0,0.0,0.0,0.0
130.0,0.0,0.0,0.01563096046447754
151.0,0.0,0.0,0.015623807907104492
104.0,0.0,0.0,0.0
41.0,0.0,0.0,0.0
140.0,0.0,0.0,0.015626192092895508
64.0,0.0,0.0,0.0
84.0,0.0,0.0,0.0
195.0,0.0,0.0,0.01602935791015625
29.0,0.0,0.0,0.0
90.0,0.0,0.0,0.0
282.0,0.0,0.0,0.0312654972076416
192.0,0.0,0.0,0.0
205.0,0.0,0.0,0.0
434.0,0.0,0.0,0.04095745086669922
102.0,0.0,0.0,0.006514072418212891
63.0,0.0,0.0,0.007512092590332031
157.0,0.0,0.0,0.0
340.0,0.0,0.0,0.031302690505981445
362.0,0.0,0.0,0.015608072280883789
131.0,0.0,0.0,0.015601396560668945
157.0,0.0,0.0,0.015695810317993164
159.0,0.0,0.0,0.0
26.0,0.0,0.0,0.0
84.0,0.0,0.0,0.0
183.0,0.0,0.0,0.015680789947509766
153.0,0.0,0.0,0.01847529411315918
288.0,0.0,0.0,0.02258157730102539
188.0,0.0,0.0,0.015589714050292969
271.0,0.0,0.0,0.01562786102294922
83.0,0.0,0.0,0.0
42.0,0.0,0.0,0.0
113.0,0.0,0.0,0.0
399.0,0.0,0.0,0.03130149841308594
123.0,0.0,0.0,0.015625
94.0,0.0,0.0,0.0
65.0,0.0,0.0,0.015592813491821289
57.0,0.0,0.0,0.008438825607299805
535.0,0.0,0.0,0.040209293365478516
122.0,0.0,0.0,0.0
519.0,0.0,0.0,0.03127884864807129
261.0,0.0,0.0,0.0312504768371582
29.0,0.0,0.0,0.0
493.0,0.0,0.0,0.03177237510681152
300.0,0.0,0.0,0.031232595443725586
581.0,0.0,0.0,0.03122997283935547
386.0,0.0,0.0,0.029685020446777344
357.0,0.0,0.0,0.02622818946838379
30.0,0.0,0.0,0.0
49.0,0.0,0.0,0.0
121.0,0.0,0.0,0.0156252384185791
198.0,0.0,0.0,0.015607833862304688
656.0,0.0,0.0,0.031668901443481445
193.0,0.0,0.0,0.015619277954101562
93.0,0.0,0.0,0.006725311279296875
471.0,0.0,0.0,0.03435683250427246
90.0,0.0,0.0,0.006514310836791992
261.0,0.0,0.0,0.01614975929260254
42.0,0.0,0.0,0.0
178.0,0.0,0.0,0.015516519546508789
194.0,0.0,0.0,0.015642642974853516
93.0,0.0,0.0,0.0
276.0,0.0,0.0,0.015620946884155273
80.0,0.0,0.0,0.0
92.0,0.0,0.0,0.017395734786987305
183.0,0.0,0.0,0.022704601287841797
127.0,0.0,0.0,0.014767646789550781
53.0,0.0,0.0,0.0
77.0,0.0,0.0,0.009573221206665039
77.0,0.0,0.0,0.006559133529663086
156.0,0.0,0.0,0.008203506469726562
111.0,0.0,0.0,0.0
86.0,0.0,0.0,0.0
113.0,0.0,0.0,0.01562047004699707
143.0,0.0,0.0,0.0
193.0,0.0,0.0,0.010014533996582031
101.0,0.0,0.0,0.006014823913574219
87.0,0.0,0.0,0.0
60.0,0.0,0.0,0.015644311904907227
76.0,0.0,0.0,0.0
23.0,0.0,0.0,0.0
39.0,0.0,0.0,0.0
125.0,0.0,0.0,0.0
571.0,0.0,0.0,0.031246423721313477
225.0,0.0,0.0,0.0
64.0,0.0,0.0,0.000514984130859375
91.0,0.0,0.0,0.0
153.0,0.0,0.0,0.015514373779296875
270.0,0.0,0.0,0.023884296417236328
53.0,0.0,0.0,0.0
196.0,0.0,0.0,0.01201319694519043
112.0,0.0,0.0,0.0
66.0,0.0,0.0,0.0
195.0,0.0,0.0,0.015626907348632812
289.0,0.0,0.0,0.016099214553833008
326.0,0.0,0.0,0.01567864418029785
65.0,0.0,0.0,0.0
99.0,0.0,0.0,0.0
85.0,0.0,0.0,0.02032780647277832
57.0,0.0,0.0,0.0032806396484375
210.0,0.0,0.0,0.024153709411621094
126.0,0.0,0.0,0.010554313659667969
39.0,0.0,0.0,0.0
77.0,0.0,0.0,0.015639781951904297
144.0,0.0,0.0,0.01563286781311035
303.0,0.0,0.0,0.025798320770263672
511.0,0.0,0.0,0.04647970199584961
66.0,0.0,0.0,0.0047876834869384766
210.0,0.0,0.0,0.01369023323059082
192.0,0.0,0.0,0.011722803115844727
22.0,0.0,0.0,0.0
204.0,0.0,0.0,0.013384103775024414
196.0,0.0,0.0,0.012421846389770508
70.0,0.0,0.0,0.004960060119628906
606.0,0.0,0.0,0.028601646423339844
206.0,0.0,0.0,0.015646696090698242
246.0,0.0,0.0,0.022986650466918945
65.0,0.0,0.0,0.003816843032836914
77.0,0.0,0.0,0.006089687347412109
271.0,0.0,0.0,0.016427993774414062
119.0,0.0,0.0,0.0
66.0,0.0,0.0,0.015629291534423828
104.0,0.0,0.0,0.0
113.0,0.0,0.0,0.015623092651367188
229.0,0.0,0.0,0.015624284744262695
71.0,0.0,0.0,0.0
250.0,0.0,0.0,0.023683786392211914
409.0,0.0,0.0,0.025028228759765625
52.0,0.0,0.0,0.0
85.0,0.0,0.0,0.0
28.0,0.0,0.0,0.0
233.0,0.0,0.0,0.0
123.0,0.0,0.0,0.0
142.0,0.0,0.0,0.018182992935180664
56.0,0.0,0.0,0.005070924758911133
101.0,0.0,0.0,0.008623123168945312
127.0,0.0,0.0,0.008359909057617188
196.0,0.0,0.0,0.008106708526611328
25.0,0.0,0.0,0.0
107.0,0.0,0.0,0.0005118846893310547
75.0,0.0,0.0,0.0
105.0,0.0,0.0,0.0
119.0,0.0,0.0,0.015651464462280273
140.0,0.0,0.0,0.0
80.0,0.0,0.0,0.015616655349731445
62.0,0.0,0.0,0.0
71.0,0.0,0.0,0.0
371.0,0.0,0.0,0.015621662139892578
364.0,0.0,0.0,0.09692907333374023
85.0,0.0,0.0,0.015512466430664062
152.0,0.0,0.0,0.009518146514892578
291.0,0.0,0.0,0.015638351440429688
326.0,0.0,0.0,0.015625476837158203
703.0,0.0,0.0,0.053713083267211914
156.0,0.0,0.0,0.015840768814086914
354.0,0.0,0.0,0.023854970932006836
39.0,0.0,0.0,0.0
162.0,0.0,0.0,0.006512165069580078
154.0,0.0,0.0,0.015645742416381836
96.0,0.0,0.0,0.0
221.0,0.0,0.0,0.015656709671020508
201.0,0.0,0.0,0.02407550811767578
775.0,0.0,0.0,0.04739785194396973
134.0,0.0,0.0,0.0
281.0,0.0,0.0,0.031267404556274414
111.0,0.0,0.0,0.0
144.0,0.0,0.0,0.015625476837158203
307.0,0.0,0.0,0.016042470932006836
293.0,0.0,0.0,0.015639781951904297
165.0,0.0,0.0,0.0
122.0,0.0,0.0,0.015624046325683594
45.0,0.0,0.0,0.0
424.0,0.0,0.0,0.03128767013549805
602.0,0.0,0.0,0.05141711235046387
61.0,0.0,0.0,0.0045850276947021484
246.0,0.0,0.0,0.019359350204467773
77.0,0.0,0.0,0.0
91.0,0.0,0.0,0.008247852325439453
199.0,0.0,0.0,0.015625476837158203
408.0,0.0,0.0,0.03167223930358887
37.0,0.0,0.0,0.0
46.0,0.0,0.0,0.0
61.0,0.0,0.0,0.0
228.0,0.0,0.0,0.0
445.0,0.0,0.0,0.02959895133972168
60.0,0.0,0.0,0.008015632629394531
44.0,0.0,0.0,0.008086442947387695
418.0,0.0,0.0,0.024895906448364258
122.0,0.0,0.0,0.0
490.0,0.0,0.0,0.03125619888305664
69.0,0.0,0.0,0.01562356948852539
270.0,0.0,0.0,0.01913595199584961
69.0,0.0,0.0,0.0
35.0,0.0,0.0,0.0
31.0,0.0,0.0,0.012961864471435547
39.0,0.0,0.0,0.0
305.0,0.0,0.0,0.024487972259521484
274.0,0.0,0.0,0.01351308822631836
108.0,0.0,0.0,0.015680551528930664
69.0,0.0,0.0,0.0
100.0,0.0,0.0,0.0
262.0,0.0,0.0,0.015534400939941406
342.0,0.0,0.0,0.01567554473876953
66.0,0.0,0.0,0.0
98.0,0.0,0.0,0.0
89.0,0.0,0.0,0.0
199.0,0.0,0.0,0.015829086303710938
153.0,0.0,0.0,0.01544952392578125
50.0,0.0,0.0,0.0
50.0,0.0,0.0,0.0
44.0,0.0,0.0,0.0
97.0,0.0,0.0,0.015662670135498047
154.0,0.0,0.0,0.00651240348815918
53.0,0.0,0.0,0.010484933853149414
226.0,0.0,0.0,0.0065135955810546875
113.0,0.0,0.0,0.021849393844604492
116.0,0.0,0.0,0.006052255630493164
239.0,0.0,0.0,0.016119956970214844
80.0,0.0,0.0,0.0
313.0,0.0,0.0,0.020695924758911133
34.0,0.0,0.0,0.011029958724975586
211.0,0.0,0.0,0.0
249.0,0.0,0.0,0.015625
81.0,0.0,0.0,0.0
182.0,0.0,0.0,0.015624284744262695
53.0,0.0,0.0,0.0
58.0,0.0,0.0,0.015590667724609375
181.0,0.0,0.0,0.0100250244140625
48.0,0.0,0.0,0.011708974838256836
387.0,0.0,0.0,0.022097349166870117
340.0,0.0,0.0,0.009013652801513672
359.0,0.0,0.0,0.030705690383911133
161.0,0.0,0.0,0.0156252384185791
38.0,0.0,0.0,0.0
152.0,0.0,0.0,0.014548778533935547
98.0,0.0,0.0,0.0
140.0,0.0,0.0,0.015678882598876953
40.0,0.0,0.0,0.0
118.0,0.0,0.0,0.0
429.0,0.0,0.0,0.02395939826965332
244.0,0.0,0.0,0.008731365203857422
198.0,0.0,0.0,0.0156400203704834
27.0,0.0,0.0,0.0
137.0,0.0,0.0,0.019193172454833984
70.0,0.0,0.0,0.0
75.0,0.0,0.0,0.012549161911010742
29.0,0.0,0.0,0.0
35.0,0.0,0.0,0.0
225.0,0.0,0.0,0.015874147415161133
61.0,0.0,0.0,0.015430450439453125
39.0,0.0,0.0,0.0
115.0,0.0,0.0,0.015625715255737305
81.0,0.0,0.0,0.0
134.0,0.0,0.0,0.015624761581420898
369.0,0.0,0.0,0.025183677673339844
736.0,0.0,0.0,0.049126386642456055
28.0,0.0,0.0,0.0075778961181640625
93.0,0.0,0.0,0.008286714553833008
105.0,0.0,0.0,0.0
260.0,0.0,0.0,0.025317668914794922
44.0,0.0,0.0,0.0
303.0,0.0,0.0,0.015638113021850586
269.0,0.0,0.0,0.03124713897705078
84.0,0.0,0.0,0.015627145767211914
398.0,0.0,0.0,0.05643486976623535
27.0,0.0,0.0,0.0022852420806884766
186.0,0.0,0.0,0.013252019882202148
302.0,0.0,0.0,0.02221369743347168
152.0,0.0,0.0,0.010854482650756836
70.0,0.0,0.0,0.004781484603881836
323.0,0.0,0.0,0.022604703903198242
243.0,0.0,0.0,0.02113485336303711
180.0,0.0,0.0,0.017412185668945312
415.0,0.0,0.0,0.017264366149902344
302.0,0.0,0.0,0.01602482795715332
40.0,0.0,0.0,0.0
92.0,0.0,0.0,0.015639543533325195
45.0,0.0,0.0,0.0
72.0,0.0,0.0,0.01562809944152832
115.0,0.0,0.0,0.0
99.0,0.0,0.0,0.015624523162841797
368.0,0.0,0.0,0.015624523162841797
80.0,0.0,0.0,0.015627622604370117
119.0,0.0,0.0,0.0
103.0,0.0,0.0,0.0020132064819335938
127.0,0.0,0.0,0.0
31.0,0.0,0.0,0.0
223.0,0.0,0.0,0.015622615814208984
46.0,0.0,0.0,0.0
555.0,0.0,0.0,0.048612356185913086
230.0,0.0,0.0,0.018642425537109375
88.0,0.0,0.0,0.0
93.0,0.0,0.0,0.013013362884521484
76.0,0.0,0.0,0.0
28.0,0.0,0.0,0.0
108.0,0.0,0.0,0.015642642974853516
242.0,0.0,0.0,0.015622377395629883
672.0,0.0,0.0,0.046881675720214844
109.0,0.0,0.0,0.008029699325561523
54.0,0.0,0.0,0.011844396591186523
113.0,0.0,0.0,0.006331205368041992
75.0,0.0,0.0,0.008890390396118164
214.0,0.0,0.0,0.016579866409301758
334.0,0.0,0.0,0.01562809944152832
354.0,0.0,0.0,0.031679630279541016
737.0,0.0,0.0,0.0468907356262207
54.0,0.0,0.0,0.0
186.0,0.0,0.0,0.015625476837158203
52.0,0.0,0.0,0.0
31.0,0.0,0.0,0.01562666893005371
86.0,0.0,0.0,0.0
188.0,0.0,0.0,0.020708322525024414
205.0,0.0,0.0,0.00856924057006836
843.0,0.0,0.0,0.04690408706665039
138.0,0.0,0.0,0.015624761581420898
216.0,0.0,0.0,0.015625
191.0,0.0,0.0,0.01607823371887207
473.0,0.0,0.0,0.03130531311035156
234.0,0.0,0.0,0.0194699764251709
46.0,0.0,0.0,0.0012617111206054688
59.0,0.0,0.0,0.00873112678527832
116.0,0.0,0.0,0.008076190948486328
410.0,0.0,0.0,0.024194002151489258
47.0,0.0,0.0,0.0
239.0,0.0,0.0,0.01564645767211914
135.0,0.0,0.0,0.0
27.0,0.0,0.0,0.0
165.0,0.0,0.0,0.015624523162841797
36.0,0.0,0.0,0.0
85.0,0.0,0.0,0.015625476837158203
344.0,0.0,0.0,0.01562356948852539
213.0,0.0,0.0,0.03005242347717285
201.0,0.0,0.0,0.015747547149658203
299.0,0.0,0.0,0.016109466552734375
101.0,0.0,0.0,0.00640559196472168
22.0,0.0,0.0,0.0
220.0,0.0,0.0,0.014797687530517578
77.0,0.0,0.0,0.008126974105834961
71.0,0.0,0.0,0.008015632629394531
129.0,0.0,0.0,0.007514238357543945
236.0,0.0,0.0,0.015651226043701172
224.0,0.0,0.0,0.01561880111694336
345.0,0.0,0.0,0.031243324279785156
167.0,0.0,0.0,0.015628576278686523
162.0,0.0,0.0,0.014520645141601562
22.0,0.0,0.0,0.0
33.0,0.0,0.0,0.0
304.0,0.0,0.0,0.015642166137695312
60.0,0.0,0.0,0.0013806819915771484
555.0,0.0,0.0,0.021657228469848633
220.0,0.0,0.0,0.012514829635620117
68.0,0.0,0.0,0.0
27.0,0.0,0.0,0.0
941.0,0.0,0.0,0.0625157356262207
95.0,0.0,0.0,0.01971268653869629
353.0,0.0,0.0,0.028647661209106445
51.0,0.0,0.0,0.0
235.0,0.0,0.0,0.015619516372680664
107.0,0.0,0.0,0.015624284744262695
554.0,0.0,0.0,0.0312504768371582
113.0,0.0,0.0,0.02314305305480957
42.0,0.0,0.0,0.004815578460693359
24.0,0.0,0.0,0.0
154.0,0.0,0.0,0.008045434951782227
47.0,0.0,0.0,0.0023894309997558594
151.0,0.0,0.0,0.008692026138305664
298.0,0.0,0.0,0.02414703369140625
288.0,0.0,0.0,0.022520780563354492
68.0,0.0,0.0,0.0
66.0,0.0,0.0,0.008130788803100586
177.0,0.0,0.0,0.015625953674316406
90.0,0.0,0.0,0.0
113.0,0.0,0.0,0.015645980834960938
47.0,0.0,0.0,0.0
171.0,0.0,0.0,0.015625
303.0,0.0,0.0,0.015602827072143555
46.0,0.0,0.0,0.0
74.0,0.0,0.0,0.015647172927856445
147.0,0.0,0.0,0.010009527206420898
123.0,0.0,0.0,0.0
121.0,0.0,0.0,0.015639781951904297
89.0,0.0,0.0,0.0
65.0,0.0,0.0,0.015629291534423828
66.0,0.0,0.0,0.0
44.0,0.0,0.0,0.0
181.0,0.0,0.0,0.030663728713989258
85.0,0.0,0.0,0.0
203.0,0.0,0.0,0.009011268615722656
187.0,0.0,0.0,0.01601696014404297
156.0,0.0,0.0,0.0
90.0,0.0,0.0,0.0
607.0,0.0,0.0,0.05979347229003906
229.0,0.0,0.0,0.016366243362426758
236.0,0.0,0.0,0.012508630752563477
248.0,0.0,0.0,0.015638113021850586
83.0,0.0,0.0,0.015622854232788086
108.0,0.0,0.0,0.0
479.0,0.0,0.0,0.03125786781311035
74.0,0.0,0.0,0.0
53.0,0.0,0.0,0.0
89.0,0.0,0.0,0.003512144088745117
89.0,0.0,0.0,0.007517099380493164
467.0,0.0,0.0,0.04466533660888672
481.0,0.0,0.0,0.032306671142578125
32.0,0.0,0.0,0.0
31.0,0.0,0.0,0.0
124.0,0.0,0.0,0.015011310577392578
154.0,0.0,0.0,0.0
106.0,0.0,0.0,0.0
41.0,0.0,0.0,0.0
337.0,0.0,0.0,0.031249046325683594
290.0,0.0,0.0,0.015805721282958984
263.0,0.0,0.0,0.022637605667114258
140.0,0.0,0.0,0.015635967254638672
80.0,0.0,0.0,0.0
398.0,0.0,0.0,0.046878814697265625
64.0,0.0,0.0,0.0
73.0,0.0,0.0,0.020418882369995117
23.0,0.0,0.0,0.002085447311401367
218.0,0.0,0.0,0.015643835067749023
63.0,0.0,0.0,0.004872560501098633
41.0,0.0,0.0,0.0026001930236816406
210.0,0.0,0.0,0.012769699096679688
132.0,0.0,0.0,0.009647846221923828
157.0,0.0,0.0,0.01018977165222168
279.0,0.0,0.0,0.019690752029418945
110.0,0.0,0.0,0.009750843048095703
87.0,0.0,0.0,0.008204460144042969
130.0,0.0,0.0,0.00815272331237793
157.0,0.0,0.0,0.010909080505371094
124.0,0.0,0.0,0.0036864280700683594
166.0,0.0,0.0,0.01564955711364746
78.0,0.0,0.0,0.0
103.0,0.0,0.0,0.014513969421386719
97.0,0.0,0.0,0.0
272.0,0.0,0.0,0.029378890991210938
35.0,0.0,0.0,0.0
66.0,0.0,0.0,0.0
199.0,0.0,0.0,0.008348226547241211
69.0,0.0,0.0,0.006099700927734375
117.0,0.0,0.0,0.0
96.0,0.0,0.0,0.0
314.0,0.0,0.0,0.015632152557373047
25.0,0.0,0.0,0.015622854232788086
53.0,0.0,0.0,0.0
138.0,0.0,0.0,0.015625476837158203
60.0,0.0,0.0,0.0
235.0,0.0,0.0,0.015642642974853516
185.0,0.0,0.0,0.01562643051147461
84.0,0.0,0.0,0.0
97.0,0.0,0.0,0.0
202.0,0.0,0.0,0.0
169.0,0.0,0.0,0.0
81.0,0.0,0.0,0.01562356948852539
29.0,0.0,0.0,0.006512880325317383
66.0,0.0,0.0,0.0
92.0,0.0,0.0,0.00950932502746582
108.0,0.0,0.0,0.0
250.0,0.0,0.0,0.03126192092895508
120.0,0.0,0.0,0.0
87.0,0.0,0.0,0.015646934509277344
332.0,0.0,0.0,0.015602588653564453
432.0,0.0,0.0,0.016028881072998047
106.0,0.0,0.0,0.021376371383666992
76.0,0.0,0.0,0.005898952484130859
122.0,0.0,0.0,0.010010957717895508
52.0,0.0,0.0,0.0
74.0,0.0,0.0,0.0
180.0,0.0,0.0,0.02316904067993164
61.0,0.0,0.0,0.0
122.0,0.0,0.0,0.007546424865722656
36.0,0.0,0.0,0.0
170.0,0.0,0.0,0.009082794189453125
41.0,0.0,0.0,0.0
352.0,0.0,0.0,0.015640735626220703
30.0,0.0,0.0,0.0
29.0,0.0,0.0,0.0
60.0,0.0,0.0,0.0
131.0,0.0,0.0,0.015625715255737305
191.0,0.0,0.0,0.015623807907104492
56.0,0.0,0.0,0.0
25.0,0.0,0.0,0.0
273.0,0.0,0.0,0.031908273696899414
82.0,0.0,0.0,0.008002996444702148
25.0,0.0,0.0,0.0
110.0,0.0,0.0,0.006797075271606445
139.0,0.0,0.0,0.008033037185668945
35.0,0.0,0.0,0.0
157.0,0.0,0.0,0.0
119.0,0.0,0.0,0.0
36.0,0.0,0.0,0.0
28.0,0.0,0.0,0.015625476837158203
36.0,0.0,0.0,0.0
125.0,0.0,0.0,0.011514902114868164
28.0,0.0,0.0,0.0
87.0,0.0,0.0,0.0
343.0,0.0,0.0,0.03126192092895508
88.0,0.0,0.0,0.0
339.0,0.0,0.0,0.03127336502075195
78.0,0.0,0.0,0.0
312.0,0.0,0.0,0.03324723243713379
77.0,0.0,0.0,0.0
128.0,0.0,0.0,0.014014482498168945
94.0,0.0,0.0,0.0
266.0,0.0,0.0,0.031264305114746094
258.0,0.0,0.0,0.015624284744262695
100.0,0.0,0.0,0.0
157.0,0.0,0.0,0.015623807907104492
69.0,0.0,0.0,0.01562666893005371
374.0,0.0,0.0,0.01602029800415039
170.0,0.0,0.0,0.01563858985900879
174.0,0.0,0.0,0.015622854232788086
45.0,0.0,0.0,0.0
93.0,0.0,0.0,0.017879486083984375
49.0,0.0,0.0,0.008842229843139648
36.0,0.0,0.0,0.007813692092895508
331.0,0.0,0.0,0.016388654708862305
96.0,0.0,0.0,0.001012563705444336
55.0,0.0,0.0,0.0
131.0,0.0,0.0,0.014012336730957031
55.0,0.0,0.0,0.0
44.0,0.0,0.0,0.015642166137695312
79.0,0.0,0.0,0.0
195.0,0.0,0.0,0.015628576278686523
39.0,0.0,0.0,0.0
159.0,0.0,0.0,0.0
25.0,0.0,0.0,0.01562356948852539
116.0,0.0,0.0,0.0
181.0,0.0,0.0,0.018410682678222656
155.0,0.0,0.0,0.01607656478881836
132.0,0.0,0.0,0.007218599319458008
173.0,0.0,0.0,0.00811910629272461
54.0,0.0,0.0,0.0
96.0,0.0,0.0,0.0
160.0,0.0,0.0,0.01562643051147461
107.0,0.0,0.0,0.00951528549194336
49.0,0.0,0.0,0.006516218185424805
147.0,0.0,0.0,0.0
172.0,0.0,0.0,0.0156400203704834
164.0,0.0,0.0,0.015625715255737305
185.0,0.0,0.0,0.015624523162841797
39.0,0.0,0.0,0.0
39.0,0.0,0.0,0.0
526.0,0.0,0.0,0.031252384185791016
46.0,0.0,0.0,0.0
66.0,0.0,0.0,0.0
72.0,0.0,0.0,0.0
164.0,0.0,0.0,0.015625953674316406
33.0,0.0,0.0,0.0
313.0,0.0,0.0,0.0312502384185791
174.0,0.0,0.0,0.015629053115844727
122.0,0.0,0.0,0.015620708465576172
370.0,0.0,0.0,0.03167366981506348
82.0,0.0,0.0,0.0
40.0,0.0,0.0,0.015625
281.0,0.0,0.0,0.01562356948852539
146.0,0.0,0.0,0.018242359161376953
37.0,0.0,0.0,0.008213520050048828
89.0,0.0,0.0,0.00845479965209961
239.0,0.0,0.0,0.015560626983642578
704.0,0.0,0.0,0.03065800666809082
172.0,0.0,0.0,0.025090456008911133
107.0,0.0,0.0,0.0
114.0,0.0,0.0,0.015648365020751953
516.0,0.0,0.0,0.046302080154418945
248.0,0.0,0.0,0.014429092407226562
481.0,0.0,0.0,0.0237119197845459
100.0,0.0,0.0,0.015624046325683594
371.0,0.0,0.0,0.012513875961303711
85.0,0.0,0.0,0.015643596649169922
216.0,0.0,0.0,0.015625
64.0,0.0,0.0,0.0
138.0,0.0,0.0,0.0156252384185791
111.0,0.0,0.0,0.015623807907104492
144.0,0.0,0.0,0.0
94.0,0.0,0.0,0.015625715255737305
245.0,0.0,0.0,0.01603078842163086
208.0,0.0,0.0,0.0156404972076416
83.0,0.0,0.0,0.0
166.0,0.0,0.0,0.0
80.0,0.0,0.0,0.015623331069946289
303.0,0.0,0.0,0.015625476837158203
41.0,0.0,0.0,0.0
365.0,0.0,0.0,0.015516996383666992
67.0,0.0,0.0,0.015644311904907227
273.0,0.0,0.0,0.005514383316040039
130.0,0.0,0.0,0.015641450881958008
126.0,0.0,0.0,0.01562666893005371
68.0,0.0,0.0,0.0
140.0,0.0,0.0,0.023888111114501953
107.0,0.0,0.0,0.0050241947174072266
207.0,0.0,0.0,0.011625528335571289
159.0,0.0,0.0,0.0
47.0,0.0,0.0,0.0
98.0,0.0,0.0,0.0
103.0,0.0,0.0,0.0
55.0,0.0,0.0,0.0
76.0,0.0,0.0,0.0
62.0,0.0,0.0,0.0
496.0,0.0,0.0,0.06393551826477051
484.0,0.0,0.0,0.03943753242492676
65.0,0.0,0.0,0.0
123.0,0.0,0.0,0.00781702995300293
47.0,0.0,0.0,0.0031855106353759766
146.0,0.0,0.0,0.012629508972167969
149.0,0.0,0.0,0.010506868362426758
101.0,0.0,0.0,0.007298469543457031
180.0,0.0,0.0,0.011876583099365234
129.0,0.0,0.0,0.008728504180908203
159.0,0.0,0.0,0.011983394622802734
74.0,0.0,0.0,0.005014181137084961
68.0,0.0,0.0,0.006295919418334961
708.0,0.0,0.0,0.0317840576171875
76.0,0.0,0.0,0.0
76.0,0.0,0.0,0.0
262.0,0.0,0.0,0.015633821487426758
57.0,0.0,0.0,0.00037789344787597656
43.0,0.0,0.0,0.0
293.0,0.0,0.0,0.01753854751586914
173.0,0.0,0.0,0.009436368942260742
34.0,0.0,0.0,0.0
239.0,0.0,0.0,0.009010791778564453
241.0,0.0,0.0,0.01558995246887207
278.0,0.0,0.0,0.015642404556274414
28.0,0.0,0.0,0.0
88.0,0.0,0.0,0.0
85.0,0.0,0.0,0.0
188.0,0.0,0.0,0.030104875564575195
54.0,0.0,0.0,0.005464076995849609
46.0,0.0,0.0,0.008548736572265625
52.0,0.0,0.0,0.008023262023925781
30.0,0.0,0.0,0.004140377044677734
65.0,0.0,0.0,0.006778240203857422
83.0,0.0,0.0,0.009018421173095703
182.0,0.0,0.0,0.0156552791595459
27.0,0.0,0.0,0.0
356.0,0.0,0.0,0.015622854232788086
349.0,0.0,0.0,0.015679121017456055
36.0,0.0,0.0,0.0
293.0,0.0,0.0,0.029585599899291992
135.0,0.0,0.0,0.006032705307006836
81.0,0.0,0.0,0.00115203857421875
266.0,0.0,0.0,0.015284061431884766
232.0,0.0,0.0,0.015599250793457031
73.0,0.0,0.0,0.0
895.0,0.0,0.0,0.04692864418029785
32.0,0.0,0.0,0.0
189.0,0.0,0.0,0.015608072280883789
181.0,0.0,0.0,0.0
192.0,0.0,0.0,0.0025315284729003906
34.0,0.0,0.0,0.013529777526855469
52.0,0.0,0.0,0.0
105.0,0.0,0.0,0.0
37.0,0.0,0.0,0.01563858985900879
48.0,0.0,0.0,0.0
58.0,0.0,0.0,0.0
322.0,0.0,0.0,0.039481401443481445
252.0,0.0,0.0,0.02238321304321289
45.0,0.0,0.0,0.0035479068756103516
122.0,0.0,0.0,0.004642486572265625
74.0,0.0,0.0,0.0
34.0,0.0,0.0,0.017983436584472656
287.0,0.0,0.0,0.005511283874511719
81.0,0.0,0.0,0.015637636184692383
298.0,0.0,0.0,0.015626907348632812
152.0,0.0,0.0,0.015624761581420898
25.0,0.0,0.0,0.0
108.0,0.0,0.0,0.015624523162841797
51.0,0.0,0.0,0.0
89.0,0.0,0.0,0.0
81.0,0.0,0.0,0.014509916305541992
35.0,0.0,0.0,0.0
129.0,0.0,0.0,0.015638351440429688
626.0,0.0,0.0,0.03246617317199707
121.0,0.0,0.0,0.01730656623840332
49.0,0.0,0.0,0.005520343780517578
144.0,0.0,0.0,0.0
56.0,0.0,0.0,0.012549400329589844
161.0,0.0,0.0,0.0
334.0,0.0,0.0,0.015590429306030273
85.0,0.0,0.0,0.015641450881958008
27.0,0.0,0.0,0.0
758.0,0.0,0.0,0.05344104766845703
194.0,0.0,0.0,0.009549379348754883
135.0,0.0,0.0,0.0
72.0,0.0,0.0,0.0
203.0,0.0,0.0,0.011585235595703125
256.0,0.0,0.0,0.016518831253051758
149.0,0.0,0.0,0.0
66.0,0.0,0.0,0.0
204.0,0.0,0.0,0.015627622604370117
82.0,0.0,0.0,0.0
76.0,0.0,0.0,0.0
270.0,0.0,0.0,0.015641450881958008
652.0,0.0,0.0,0.031250953674316406
237.0,0.0,0.0,0.02111077308654785
50.0,0.0,0.0,0.008871316909790039
36.0,0.0,0.0,0.0
129.0,0.0,0.0,0.005942583084106445
150.0,0.0,0.0,0.0070149898529052734
52.0,0.0,0.0,0.0
53.0,0.0,0.0,0.0
150.0,0.0,0.0,0.0
700.0,0.0,0.0,0.04025983810424805
52.0,0.0,0.0,0.007014751434326172
246.0,0.0,0.0,0.015641450881958008
66.0,0.0,0.0,0.0
39.0,0.0,0.0,0.0
41.0,0.0,0.0,0.0
207.0,0.0,0.0,0.015613317489624023
152.0,0.0,0.0,0.0
202.0,0.0,0.0,0.015630722045898438
147.0,0.0,0.0,0.015658855438232422
55.0,0.0,0.0,0.0
304.0,0.0,0.0,0.03421974182128906
181.0,0.0,0.0,0.008670568466186523
88.0,0.0,0.0,0.014016866683959961
100.0,0.0,0.0,0.0
47.0,0.0,0.0,0.0
51.0,0.0,0.0,0.01564764976501465
246.0,0.0,0.0,0.015618562698364258
159.0,0.0,0.0,0.0
199.0,0.0,0.0,0.011514663696289062
95.0,0.0,0.0,0.004514455795288086
310.0,0.0,0.0,0.01564192771911621
110.0,0.0,0.0,0.01562809944152832
123.0,0.0,0.0,0.0
81.0,0.0,0.0,0.017841100692749023
102.0,0.0,0.0,0.0054051876068115234
84.0,0.0,0.0,0.00789499282836914
49.0,0.0,0.0,0.008313894271850586
190.0,0.0,0.0,0.008264780044555664
256.0,0.0,0.0,0.016535520553588867
249.0,0.0,0.0,0.015674829483032227
182.0,0.0,0.0,0.0156252384185791
243.0,0.0,0.0,0.015625476837158203
80.0,0.0,0.0,0.0
171.0,0.0,0.0,0.015588521957397461
269.0,0.0,0.0,0.032274723052978516
80.0,0.0,0.0,0.008355379104614258
35.0,0.0,0.0,0.005125761032104492
555.0,0.0,0.0,0.03495287895202637
27.0,0.0,0.0,0.0
67.0,0.0,0.0,0.015604496002197266
117.0,0.0,0.0,0.0
95.0,0.0,0.0,0.015625715255737305
209.0,0.0,0.0,0.0
82.0,0.0,0.0,0.0
325.0,0.0,0.0,0.01602625846862793
30.0,0.0,0.0,0.0
121.0,0.0,0.0,0.0
232.0,0.0,0.0,0.015628337860107422
154.0,0.0,0.0,0.015625
90.0,0.0,0.0,0.0
136.0,0.0,0.0,0.015622854232788086
48.0,0.0,0.0,0.0
177.0,0.0,0.0,0.015626192092895508
70.0,0.0,0.0,0.016028165817260742
310.0,0.0,0.0,0.017759084701538086
133.0,0.0,0.0,0.0077724456787109375
342.0,0.0,0.0,0.026602506637573242
43.0,0.0,0.0,0.00655674934387207
134.0,0.0,0.0,0.008729219436645508
330.0,0.0,0.0,0.02356433868408203
106.0,0.0,0.0,0.0065233707427978516
263.0,0.0,0.0,0.015645265579223633
413.0,0.0,0.0,0.037836551666259766
271.0,0.0,0.0,0.016910314559936523
173.0,0.0,0.0,0.018664836883544922
514.0,0.0,0.0,0.037271738052368164
185.0,0.0,0.0,0.01563739776611328
141.0,0.0,0.0,0.0
267.0,0.0,0.0,0.030352115631103516
96.0,0.0,0.0,0.009039878845214844
67.0,0.0,0.0,0.0042226314544677734
376.0,0.0,0.0,0.03415679931640625
167.0,0.0,0.0,0.009974956512451172
193.0,0.0,0.0,0.011537313461303711
85.0,0.0,0.0,0.0053937435150146484
94.0,0.0,0.0,0.0028219223022460938
41.0,0.0,0.0,0.0026674270629882812
323.0,0.0,0.0,0.02083611488342285
267.0,0.0,0.0,0.012378215789794922
28.0,0.0,0.0,0.0
65.0,0.0,0.0,0.0
100.0,0.0,0.0,0.014548063278198242
392.0,0.0,0.0,0.018951892852783203
829.0,0.0,0.0,0.059030771255493164
34.0,0.0,0.0,0.0
51.0,0.0,0.0,0.009049654006958008
312.0,0.0,0.0,0.015775680541992188
188.0,0.0,0.0,0.016278505325317383
432.0,0.0,0.0,0.031229257583618164
404.0,0.0,0.0,0.0156252384185791
349.0,0.0,0.0,0.024929523468017578
66.0,0.0,0.0,0.008130550384521484
240.0,0.0,0.0,0.015527009963989258
83.0,0.0,0.0,0.0
190.0,0.0,0.0,0.015640974044799805
41.0,0.0,0.0,0.0
23.0,0.0,0.0,0.0
57.0,0.0,0.0,0.0
109.0,0.0,0.0,0.0
143.0,0.0,0.0,0.01599431037902832
37.0,0.0,0.0,0.0
66.0,0.0,0.0,0.015289306640625
34.0,0.0,0.0,0.0
151.0,0.0,0.0,0.015592813491821289
146.0,0.0,0.0,0.010827302932739258
292.0,0.0,0.0,0.02013540267944336
188.0,0.0,0.0,0.016092300415039062
82.0,0.0,0.0,0.0
37.0,0.0,0.0,0.015657663345336914
61.0,0.0,0.0,0.0
523.0,0.0,0.0,0.031249523162841797
178.0,0.0,0.0,0.016064167022705078
60.0,0.0,0.0,0.0
150.0,0.0,0.0,0.01567840576171875
385.0,0.0,0.0,0.01560831069946289
70.0,0.0,0.0,0.0
28.0,0.0,0.0,0.0
67.0,0.0,0.0,0.0
248.0,0.0,0.0,0.015891075134277344
77.0,0.0,0.0,0.0
192.0,0.0,0.0,0.017378568649291992
105.0,0.0,0.0,0.0
43.0,0.0,0.0,0.014014244079589844
197.0,0.0,0.0,0.01564335823059082
88.0,0.0,0.0,0.0
27.0,0.0,0.0,0.0
220.0,0.0,0.0,0.015626907348632812
47.0,0.0,0.0,0.0
29.0,0.0,0.0,0.0
41.0,0.0,0.0,0.0
85.0,0.0,0.0,0.0
98.0,0.0,0.0,0.005763530731201172
1110.0,0.0,0.0,0.06213879585266113
173.0,0.0,0.0,0.017806053161621094
117.0,0.0,0.0,0.008104324340820312
140.0,0.0,0.0,0.008903264999389648
182.0,0.0,0.0,0.00464940071105957
84.0,0.0,0.0,0.011014699935913086
361.0,0.0,0.0,0.015640974044799805
220.0,0.0,0.0,0.01730203628540039
196.0,0.0,0.0,0.018468618392944336
29.0,0.0,0.0,0.006158590316772461
41.0,0.0,0.0,0.0
463.0,0.0,0.0,0.024448633193969727
252.0,0.0,0.0,0.015048503875732422
80.0,0.0,0.0,0.01564955711364746
123.0,0.0,0.0,0.0
75.0,0.0,0.0,0.015639781951904297
144.0,0.0,0.0,0.0
31.0,0.0,0.0,0.0
70.0,0.0,0.0,0.0
132.0,0.0,0.0,0.015625
64.0,0.0,0.0,0.0
65.0,0.0,0.0,0.01354837417602539
312.0,0.0,0.0,0.018181562423706055
44.0,0.0,0.0,0.0
516.0,0.0,0.0,0.031238317489624023
179.0,0.0,0.0,0.015615701675415039
190.0,0.0,0.0,0.015625953674316406
132.0,0.0,0.0,0.019693613052368164
332.0,0.0,0.0,0.012048006057739258
169.0,0.0,0.0,0.01567864418029785
75.0,0.0,0.0,0.0
381.0,0.0,0.0,0.029237985610961914
45.0,0.0,0.0,0.0
107.0,0.0,0.0,0.009917020797729492
108.0,0.0,0.0,0.0016644001007080078
96.0,0.0,0.0,0.0
89.0,0.0,0.0,0.007926702499389648
101.0,0.0,0.0,0.007210731506347656
52.0,0.0,0.0,0.0
62.0,0.0,0.0,0.001256704330444336
59.0,0.0,0.0,0.007012605667114258
59.0,0.0,0.0,0.0
97.0,0.0,0.0,0.0
188.0,0.0,0.0,0.015015363693237305
193.0,0.0,0.0,0.01564335823059082
26.0,0.0,0.0,0.0
24.0,0.0,0.0,0.0
522.0,0.0,0.0,0.031674861907958984
56.0,0.0,0.0,0.015625953674316406
184.0,0.0,0.0,0.0
133.0,0.0,0.0,0.012089967727661133
83.0,0.0,0.0,0.008020401000976562
86.0,0.0,0.0,0.008093833923339844
251.0,0.0,0.0,0.018115758895874023
247.0,0.0,0.0,0.015033960342407227
89.0,0.0,0.0,0.0
77.0,0.0,0.0,0.015695810317993164
93.0,0.0,0.0,0.0
49.0,0.0,0.0,0.0
103.0,0.0,0.0,0.0
493.0,0.0,0.0,0.03125
226.0,0.0,0.0,0.022668838500976562
76.0,0.0,0.0,0.009048223495483398
121.0,0.0,0.0,0.0
96.0,0.0,0.0,0.01567983627319336
180.0,0.0,0.0,0.015589714050292969
160.0,0.0,0.0,0.0
90.0,0.0,0.0,0.015626907348632812
82.0,0.0,0.0,0.0
92.0,0.0,0.0,0.015624523162841797
69.0,0.0,0.0,0.0
135.0,0.0,0.0,0.015641450881958008
51.0,0.0,0.0,0.0
102.0,0.0,0.0,0.003031492233276367
195.0,0.0,0.0,0.01567530632019043
315.0,0.0,0.0,0.015589237213134766
176.0,0.0,0.0,0.015623331069946289
108.0,0.0,0.0,0.0
239.0,0.0,0.0,0.015626192092895508
119.0,0.0,0.0,0.0
199.0,0.0,0.0,0.019138336181640625
132.0,0.0,0.0,0.0
266.0,0.0,0.0,0.019049406051635742
49.0,0.0,0.0,0.007844924926757812
341.0,0.0,0.0,0.009119510650634766
258.0,0.0,0.0,0.015642642974853516
77.0,0.0,0.0,0.0
159.0,0.0,0.0,0.015626192092895508
84.0,0.0,0.0,0.005516767501831055
387.0,0.0,0.0,0.026155948638916016
154.0,0.0,0.0,0.0
76.0,0.0,0.0,0.0
150.0,0.0,0.0,0.02456498146057129
134.0,0.0,0.0,0.018332958221435547
89.0,0.0,0.0,0.009998559951782227
172.0,0.0,0.0,0.008728981018066406
144.0,0.0,0.0,0.007513284683227539
337.0,0.0,0.0,0.023773670196533203
98.0,0.0,0.0,0.0
135.0,0.0,0.0,0.015654325485229492
235.0,0.0,0.0,0.015626192092895508
211.0,0.0,0.0,0.015625
39.0,0.0,0.0,0.0
627.0,0.0,0.0,0.04035210609436035
88.0,0.0,0.0,0.0
83.0,0.0,0.0,0.015849590301513672
249.0,0.0,0.0,0.015400886535644531
43.0,0.0,0.0,0.0
68.0,0.0,0.0,0.0
73.0,0.0,0.0,0.015594482421875
350.0,0.0,0.0,0.01601862907409668
126.0,0.0,0.0,0.0
174.0,0.0,0.0,0.015620708465576172
43.0,0.0,0.0,0.01562666893005371
200.0,0.0,0.0,0.017391204833984375
162.0,0.0,0.0,0.013769388198852539
28.0,0.0,0.0,0.002736330032348633
475.0,0.0,0.0,0.025727272033691406
34.0,0.0,0.0,0.0020520687103271484
52.0,0.0,0.0,0.003643035888671875
273.0,0.0,0.0,0.019436120986938477
326.0,0.0,0.0,0.023504972457885742
435.0,0.0,0.0,0.019484281539916992
99.0,0.0,0.0,0.01696157455444336
181.0,0.0,0.0,0.014513254165649414
103.0,0.0,0.0,0.0
233.0,0.0,0.0,0.015642881393432617
139.0,0.0,0.0,0.02376389503479004
125.0,0.0,0.0,0.016505718231201172
466.0,0.0,0.0,0.030243873596191406
239.0,0.0,0.0,0.01697564125061035
37.0,0.0,0.0,0.008043766021728516
221.0,0.0,0.0,0.015683889389038086
260.0,0.0,0.0,0.015848636627197266
298.0,0.0,0.0,0.02302694320678711
223.0,0.0,0.0,0.006520509719848633
407.0,0.0,0.0,0.03126382827758789
83.0,0.0,0.0,0.0
50.0,0.0,0.0,0.0
183.0,0.0,0.0,0.0156252384185791
71.0,0.0,0.0,0.0
58.0,0.0,0.0,0.0
67.0,0.0,0.0,0.01613593101501465
41.0,0.0,0.0,0.0
58.0,0.0,0.0,0.0
347.0,0.0,0.0,0.03115224838256836
42.0,0.0,0.0,0.0
76.0,0.0,0.0,0.0
58.0,0.0,0.0,0.0
145.0,0.0,0.0,0.0
92.0,0.0,0.0,0.0
96.0,0.0,0.0,0.0
80.0,0.0,0.0,0.0
257.0,0.0,0.0,0.022138118743896484
140.0,0.0,0.0,0.009512901306152344
121.0,0.0,0.0,0.0
55.0,0.0,0.0,0.015642404556274414
86.0,0.0,0.0,0.0
69.0,0.0,0.0,0.0
81.0,0.0,0.0,0.015625476837158203
23.0,0.0,0.0,0.0
88.0,0.0,0.0,0.020015478134155273
98.0,0.0,0.0,0.011050939559936523
224.0,0.0,0.0,0.01642155647277832
68.0,0.0,0.0,0.0
439.0,0.0,0.0,0.024264812469482422
127.0,0.0,0.0,0.0
42.0,0.0,0.0,0.0
386.0,0.0,0.0,0.015621423721313477
40.0,0.0,0.0,0.015624284744262695
204.0,0.0,0.0,0.01563096046447754
186.0,0.0,0.0,0.0173797607421875
93.0,0.0,0.0,0.012525320053100586
412.0,0.0,0.0,0.022374391555786133
278.0,0.0,0.0,0.015628337860107422
61.0,0.0,0.0,0.015627622604370117
41.0,0.0,0.0,0.0
42.0,0.0,0.0,0.0
51.0,0.0,0.0,0.015624523162841797
49.0,0.0,0.0,0.0
375.0,0.0,0.0,0.02562570571899414
206.0,0.0,0.0,0.0
186.0,0.0,0.0,0.0
76.0,0.0,0.0,0.015624523162841797
64.0,0.0,0.0,0.0
348.0,0.0,0.0,0.015624761581420898
230.0,0.0,0.0,0.0
212.0,0.0,0.0,0.004511117935180664
173.0,0.0,0.0,0.0
39.0,0.0,0.0,0.0
29.0,0.0,0.0,0.0
121.0,0.0,0.0,0.0
81.0,0.0,0.0,0.0
320.0,0.0,0.0,0.015644311904907227
58.0,0.0,0.0,0.01565718650817871
79.0,0.0,0.0,0.0
49.0,0.0,0.0,0.0
239.0,0.0,0.0,0.017169713973999023
169.0,0.0,0.0,0.019404172897338867
140.0,0.0,0.0,0.00815582275390625
167.0,0.0,0.0,0.014963626861572266
338.0,0.0,0.0,0.016028404235839844
196.0,0.0,0.0,0.015636920928955078
29.0,0.0,0.0,0.0
113.0,0.0,0.0,0.015625
66.0,0.0,0.0,0.0
261.0,0.0,0.0,0.02264094352722168
240.0,0.0,0.0,0.009011507034301758
165.0,0.0,0.0,0.0
248.0,0.0,0.0,0.031248807907104492
86.0,0.0,0.0,0.0
63.0,0.0,0.0,0.0
177.0,0.0,0.0,0.015631914138793945
147.0,0.0,0.0,0.015613794326782227
99.0,0.0,0.0,0.0
41.0,0.0,0.0,0.0030112266540527344
85.0,0.0,0.0,0.0
126.0,0.0,0.0,0.015639781951904297
663.0,0.0,0.0,0.03125119209289551
163.0,0.0,0.0,0.0
137.0,0.0,0.0,0.015619516372680664
176.0,0.0,0.0,0.0156252384185791
562.0,0.0,0.0,0.028148889541625977
89.0,0.0,0.0,0.0
329.0,0.0,0.0,0.02790379524230957
112.0,0.0,0.0,0.008044004440307617
25.0,0.0,0.0,0.0
173.0,0.0,0.0,0.015652179718017578
173.0,0.0,0.0,0.004515409469604492
215.0,0.0,0.0,0.0
137.0,0.0,0.0,0.015645980834960938
182.0,0.0,0.0,0.015624046325683594
91.0,0.0,0.0,0.0
121.0,0.0,0.0,0.015627145767211914
284.0,0.0,0.0,0.015622377395629883
102.0,0.0,0.0,0.015629053115844727
551.0,0.0,0.0,0.11081814765930176
106.0,0.0,0.0,0.01002192497253418
41.0,0.0,0.0,0.0
164.0,0.0,0.0,0.015647411346435547
503.0,0.0,0.0,0.031281471252441406
175.0,0.0,0.0,0.0
136.0,0.0,0.0,0.0
162.0,0.0,0.0,0.015608787536621094
185.0,0.0,0.0,0.008042097091674805
27.0,0.0,0.0,0.0
84.0,0.0,0.0,0.0051441192626953125
262.0,0.0,0.0,0.014572620391845703
48.0,0.0,0.0,0.008150100708007812
81.0,0.0,0.0,0.0
90.0,0.0,0.0,0.0
31.0,0.0,0.0,0.015628576278686523
113.0,0.0,0.0,0.0
228.0,0.0,0.0,0.015879154205322266
307.0,0.0,0.0,0.02267169952392578
712.0,0.0,0.0,0.03130364418029785
29.0,0.0,0.0,0.0156252384185791
83.0,0.0,0.0,0.0
71.0,0.0,0.0,0.0
66.0,0.0,0.0,0.0
96.0,0.0,0.0,0.0
166.0,0.0,0.0,0.0156252384185791
124.0,0.0,0.0,0.01603078842163086
117.0,0.0,0.0,0.0
31.0,0.0,0.0,0.0
71.0,0.0,0.0,0.0
101.0,0.0,0.0,0.0
161.0,0.0,0.0,0.0
263.0,0.0,0.0,0.015630483627319336
97.0,0.0,0.0,0.015624523162841797
285.0,0.0,0.0,0.015623331069946289
65.0,0.0,0.0,0.015626192092895508
57.0,0.0,0.0,0.00401616096496582
206.0,0.0,0.0,0.012012958526611328
105.0,0.0,0.0,0.0
202.0,0.0,0.0,0.015639305114746094
87.0,0.0,0.0,0.015629053115844727
471.0,0.0,0.0,0.05791115760803223
303.0,0.0,0.0,0.03125
74.0,0.0,0.0,0.0
495.0,0.0,0.0,0.041747093200683594
156.0,0.0,0.0,0.010013818740844727
206.0,0.0,0.0,0.015480756759643555
22.0,0.0,0.0,0.0028295516967773438
238.0,0.0,0.0,0.015329122543334961
46.0,0.0,0.0,0.002646207809448242
150.0,0.0,0.0,0.009274721145629883
175.0,0.0,0.0,0.01122140884399414
422.0,0.0,0.0,0.02642989158630371
153.0,0.0,0.0,0.005032539367675781
44.0,0.0,0.0,0.0
129.0,0.0,0.0,0.015657901763916016
335.0,0.0,0.0,0.015642166137695312
160.0,0.0,0.0,0.015625476837158203
76.0,0.0,0.0,0.0
158.0,0.0,0.0,0.015590906143188477
188.0,0.0,0.0,0.015658855438232422
212.0,0.0,0.0,0.017174720764160156
188.0,0.0,0.0,0.014547586441040039
182.0,0.0,0.0,0.01568007469177246
177.0,0.0,0.0,0.0
187.0,0.0,0.0,0.015588045120239258
94.0,0.0,0.0,0.015625
315.0,0.0,0.0,0.01562666893005371
448.0,0.0,0.0,0.031723976135253906
62.0,0.0,0.0,0.0
551.0,0.0,0.0,0.051218509674072266
78.0,0.0,0.0,0.003346681594848633
324.0,0.0,0.0,0.0162656307220459
112.0,0.0,0.0,0.015600919723510742
319.0,0.0,0.0,0.023744583129882812
55.0,0.0,0.0,0.006840705871582031
134.0,0.0,0.0,0.009017467498779297
23.0,0.0,0.0,0.0
80.0,0.0,0.0,0.0
108.0,0.0,0.0,0.015642881393432617
31.0,0.0,0.0,0.0
188.0,0.0,0.0,0.015625
157.0,0.0,0.0,0.015624761581420898
175.0,0.0,0.0,0.024149656295776367
570.0,0.0,0.0,0.043242454528808594
72.0,0.0,0.0,0.007344484329223633
185.0,0.0,0.0,0.01576375961303711
277.0,0.0,0.0,0.016641616821289062
72.0,0.0,0.0,0.0
119.0,0.0,0.0,0.0150146484375
27.0,0.0,0.0,0.0
61.0,0.0,0.0,0.0
75.0,0.0,0.0,0.015644311904907227
82.0,0.0,0.0,0.0
33.0,0.0,0.0,0.0
399.0,0.0,0.0,0.015622377395629883
125.0,0.0,0.0,0.0156252384185791
580.0,0.0,0.0,0.03164935111999512
56.0,0.0,0.0,0.0
122.0,0.0,0.0,0.023235321044921875
97.0,0.0,0.0,0.005509614944458008
445.0,0.0,0.0,0.03126263618469238
345.0,0.0,0.0,0.02818012237548828
35.0,0.0,0.0,0.0
124.0,0.0,0.0,0.0
80.0,0.0,0.0,0.01566147804260254
109.0,0.0,0.0,0.0
69.0,0.0,0.0,0.015605926513671875
169.0,0.0,0.0,0.0
27.0,0.0,0.0,0.0
143.0,0.0,0.0,0.0
34.0,0.0,0.0,0.015547037124633789
32.0,0.0,0.0,0.0
166.0,0.0,0.0,0.017779827117919922
537.0,0.0,0.0,0.03149914741516113
39.0,0.0,0.0,0.0
153.0,0.0,0.0,0.015647172927856445
170.0,0.0,0.0,0.024339914321899414
31.0,0.0,0.0,0.0
163.0,0.0,0.0,0.008476734161376953
46.0,0.0,0.0,0.0
155.0,0.0,0.0,0.01564812660217285
118.0,0.0,0.0,0.015599489212036133
83.0,0.0,0.0,0.0
59.0,0.0,0.0,0.0
205.0,0.0,0.0,0.03265213966369629
103.0,0.0,0.0,0.013455629348754883
74.0,0.0,0.0,0.0
75.0,0.0,0.0,0.004045724868774414
94.0,0.0,0.0,0.0059773921966552734
189.0,0.0,0.0,0.016739606857299805
131.0,0.0,0.0,0.009493589401245117
37.0,0.0,0.0,0.0
644.0,0.0,0.0,0.046540021896362305
82.0,0.0,0.0,0.0
260.0,0.0,0.0,0.015630006790161133
182.0,0.0,0.0,0.0156252384185791
38.0,0.0,0.0,0.0
833.0,0.0,0.0,0.06290745735168457
325.0,0.0,0.0,0.015628337860107422
171.0,0.0,0.0,0.015623331069946289
43.0,0.0,0.0,0.0
334.0,0.0,0.0,0.027880191802978516
217.0,0.0,0.0,0.012046575546264648
132.0,0.0,0.0,0.015679359436035156
257.0,0.0,0.0,0.015607833862304688
83.0,0.0,0.0,0.0
148.0,0.0,0.0,0.015624523162841797
130.0,0.0,0.0,0.015604972839355469
190.0,0.0,0.0,0.0
121.0,0.0,0.0,0.0
152.0,0.0,0.0,0.02036738395690918
583.0,0.0,0.0,0.03392910957336426
61.0,0.0,0.0,0.0
196.0,0.0,0.0,0.006940126419067383
80.0,0.0,0.0,0.0
137.0,0.0,0.0,0.010014057159423828
44.0,0.0,0.0,0.0
57.0,0.0,0.0,0.0
92.0,0.0,0.0,0.01563882827758789
669.0,0.0,0.0,0.04758882522583008
24.0,0.0,0.0,0.0
282.0,0.0,0.0,0.022695541381835938
115.0,0.0,0.0,0.007514238357543945
195.0,0.0,0.0,0.016017675399780273
422.0,0.0,0.0,0.031301021575927734
86.0,0.0,0.0,0.0
215.0,0.0,0.0,0.02386474609375
105.0,0.0,0.0,0.008121967315673828
79.0,0.0,0.0,0.0034110546112060547
30.0,0.0,0.0,0.0
77.0,0.0,0.0,0.00879669189453125
27.0,0.0,0.0,0.0
332.0,0.0,0.0,0.015047788619995117
27.0,0.0,0.0,0.0
60.0,0.0,0.0,0.0
177.0,0.0,0.0,0.01564192771911621
106.0,0.0,0.0,0.0
218.0,0.0,0.0,0.015624761581420898
400.0,0.0,0.0,0.03170418739318848
58.0,0.0,0.0,0.0
53.0,0.0,0.0,0.0
74.0,0.0,0.0,0.01567530632019043
86.0,0.0,0.0,0.0
46.0,0.0,0.0,0.0
260.0,0.0,0.0,0.015588045120239258
134.0,0.0,0.0,0.0
45.0,0.0,0.0,0.015625476837158203
60.0,0.0,0.0,0.0
270.0,0.0,0.0,0.015624523162841797
127.0,0.0,0.0,0.00351715087890625
69.0,0.0,0.0,0.0
96.0,0.0,0.0,0.0
176.0,0.0,0.0,0.015627145767211914
111.0,0.0,0.0,0.01562356948852539
293.0,0.0,0.0,0.015659809112548828
313.0,0.0,0.0,0.015627622604370117
83.0,0.0,0.0,0.018476009368896484
516.0,0.0,0.0,0.035631418228149414
507.0,0.0,0.0,0.03139066696166992
51.0,0.0,0.0,0.0
56.0,0.0,0.0,0.015629291534423828
94.0,0.0,0.0,0.006011009216308594
81.0,0.0,0.0,0.0
192.0,0.0,0.0,0.031263113021850586
99.0,0.0,0.0,0.015622138977050781
68.0,0.0,0.0,0.0
144.0,0.0,0.0,0.015629053115844727
268.0,0.0,0.0,0.039272308349609375
428.0,0.0,0.0,0.040160417556762695
128.0,0.0,0.0,0.007466316223144531
34.0,0.0,0.0,0.0
223.0,0.0,0.0,0.020084381103515625
151.0,0.0,0.0,0.01768016815185547
57.0,0.0,0.0,0.003739595413208008
141.0,0.0,0.0,0.010841846466064453
81.0,0.0,0.0,0.007124662399291992
258.0,0.0,0.0,0.016521930694580078
151.0,0.0,0.0,0.008908987045288086
425.0,0.0,0.0,0.020775556564331055
176.0,0.0,0.0,0.013012409210205078
68.0,0.0,0.0,0.0
221.0,0.0,0.0,0.015648603439331055
132.0,0.0,0.0,0.015655994415283203
488.0,0.0,0.0,0.03125
51.0,0.0,0.0,0.0
61.0,0.0,0.0,0.015608072280883789
488.0,0.0,0.0,0.03326535224914551
194.0,0.0,0.0,0.007117271423339844
226.0,0.0,0.0,0.0
41.0,0.0,0.0,0.0021414756774902344
77.0,0.0,0.0,0.006773948669433594
43.0,0.0,0.0,0.0
419.0,0.0,0.0,0.024395227432250977
86.0,0.0,0.0,0.0
105.0,0.0,0.0,0.01254725456237793
61.0,0.0,0.0,0.0
86.0,0.0,0.0,0.0
72.0,0.0,0.0,0.0
64.0,0.0,0.0,0.0
147.0,0.0,0.0,0.015625
39.0,0.0,0.0,0.0
337.0,0.0,0.0,0.03123307228088379
135.0,0.0,0.0,0.0
275.0,0.0,0.0,0.025156021118164062
162.0,0.0,0.0,0.012312173843383789
91.0,0.0,0.0,0.010644197463989258
252.0,0.0,0.0,0.014650106430053711
46.0,0.0,0.0,0.008870124816894531
75.0,0.0,0.0,0.007604837417602539
163.0,0.0,0.0,0.0078105926513671875
25.0,0.0,0.0,0.008054494857788086
31.0,0.0,0.0,0.0
227.0,0.0,0.0,0.018964529037475586
30.0,0.0,0.0,0.0
43.0,0.0,0.0,0.0
46.0,0.0,0.0,0.013014078140258789
301.0,0.0,0.0,0.015642166137695312
333.0,0.0,0.0,0.015625
79.0,0.0,0.0,0.015625715255737305
69.0,0.0,0.0,0.0
47.0,0.0,0.0,0.0
90.0,0.0,0.0,0.0
89.0,0.0,0.0,0.0
76.0,0.0,0.0,0.015623331069946289
52.0,0.0,0.0,0.0
261.0,0.0,0.0,0.007013082504272461
34.0,0.0,0.0,0.0
115.0,0.0,0.0,0.0
105.0,0.0,0.0,0.0
368.0,0.0,0.0,0.03359651565551758
230.0,0.0,0.0,0.008363485336303711
203.0,0.0,0.0,0.0065152645111083984
475.0,0.0,0.0,0.025148868560791016
474.0,0.0,0.0,0.03953361511230469
31.0,0.0,0.0,0.007453441619873047
42.0,0.0,0.0,0.0
61.0,0.0,0.0,0.012533187866210938
160.0,0.0,0.0,0.012458562850952148
120.0,0.0,0.0,0.005853176116943359
96.0,0.0,0.0,0.007512569427490234
106.0,0.0,0.0,0.008087873458862305
133.0,0.0,0.0,0.015665292739868164
748.0,0.0,0.0,0.0468752384185791
55.0,0.0,0.0,0.0
595.0,0.0,0.0,0.056778907775878906
265.0,0.0,0.0,0.010100364685058594
64.0,0.0,0.0,0.0
30.0,0.0,0.0,0.0
170.0,0.0,0.0,0.0
158.0,0.0,0.0,0.0
41.0,0.0,0.0,0.0045163631439208984
78.0,0.0,0.0,0.0
64.0,0.0,0.0,0.0
115.0,0.0,0.0,0.024019718170166016
58.0,0.0,0.0,0.0017905235290527344
46.0,0.0,0.0,0.005977153778076172
129.0,0.0,0.0,0.01615428924560547
364.0,0.0,0.0,0.023969173431396484
73.0,0.0,0.0,0.008424758911132812
89.0,0.0,0.0,0.0
120.0,0.0,0.0,0.003515958786010742
65.0,0.0,0.0,0.0
292.0,0.0,0.0,0.015643596649169922
43.0,0.0,0.0,0.0
292.0,0.0,0.0,0.02457451820373535
600.0,0.0,0.0,0.039788246154785156
109.0,0.0,0.0,0.0
82.0,0.0,0.0,0.013510704040527344
477.0,0.0,0.0,0.03130197525024414
35.0,0.0,0.0,0.0
118.0,0.0,0.0,0.0
210.0,0.0,0.0,0.01685929298400879
61.0,0.0,0.0,0.007370471954345703
61.0,0.0,0.0,0.003534555435180664
106.0,0.0,0.0,0.00523829460144043
176.0,0.0,0.0,0.015015602111816406
592.0,0.0,0.0,0.03126645088195801
316.0,0.0,0.0,0.015625953674316406
174.0,0.0,0.0,0.006591320037841797
293.0,0.0,0.0,0.04066634178161621
1305.0,0.0,0.0,0.0767216682434082
179.0,0.0,0.0,0.015625953674316406
561.0,0.0,0.0,0.031248807907104492
122.0,0.0,0.0,0.0156252384185791
84.0,0.0,0.0,0.0
294.0,0.0,0.0,0.03221726417541504
31.0,0.0,0.0,0.008669137954711914
124.0,0.0,0.0,0.005895853042602539
35.0,0.0,0.0,0.008044004440307617
538.0,0.0,0.0,0.03965258598327637
207.0,0.0,0.0,0.015625476837158203
125.0,0.0,0.0,0.0070497989654541016
118.0,0.0,0.0,0.009031057357788086
99.0,0.0,0.0,0.0
171.0,0.0,0.0,0.0
113.0,0.0,0.0,0.015607833862304688
196.0,0.0,0.0,0.015624284744262695
102.0,0.0,0.0,0.0
57.0,0.0,0.0,0.015625
149.0,0.0,0.0,0.0
126.0,0.0,0.0,0.0156252384185791
458.0,0.0,0.0,0.03392338752746582
341.0,0.0,0.0,0.018804311752319336
27.0,0.0,0.0,0.0
825.0,0.0,0.0,0.04729413986206055
77.0,0.0,0.0,0.0
72.0,0.0,0.0,0.015642881393432617
445.0,0.0,0.0,0.03124833106994629
45.0,0.0,0.0,0.0
116.0,0.0,0.0,0.0156252384185791
346.0,0.0,0.0,0.02417612075805664
215.0,0.0,0.0,0.005443096160888672
77.0,0.0,0.0,0.015349626541137695
119.0,0.0,0.0,0.0
110.0,0.0,0.0,0.015626907348632812
33.0,0.0,0.0,0.0
262.0,0.0,0.0,0.0156252384185791
137.0,0.0,0.0,0.015624523162841797
194.0,0.0,0.0,0.015624284744262695
27.0,0.0,0.0,0.0
62.0,0.0,0.0,0.0
44.0,0.0,0.0,0.015626192092895508
22.0,0.0,0.0,0.0
192.0,0.0,0.0,0.034867286682128906
302.0,0.0,0.0,0.02373361587524414
333.0,0.0,0.0,0.020550251007080078
192.0,0.0,0.0,0.020627498626708984
496.0,0.0,0.0,0.0320286750793457
77.0,0.0,0.0,0.004734992980957031
181.0,0.0,0.0,0.008348941802978516
69.0,0.0,0.0,0.008982658386230469
102.0,0.0,0.0,0.007198333740234375
69.0,0.0,0.0,0.004375934600830078
237.0,0.0,0.0,0.01532292366027832
97.0,0.0,0.0,0.0059626102447509766
304.0,0.0,0.0,0.0190274715423584
39.0,0.0,0.0,0.0035305023193359375
97.0,0.0,0.0,0.006666898727416992
68.0,0.0,0.0,0.006279468536376953
76.0,0.0,0.0,0.00851583480834961
173.0,0.0,0.0,0.0
136.0,0.0,0.0,0.01567673683166504
57.0,0.0,0.0,0.0
241.0,0.0,0.0,0.022156476974487305
49.0,0.0,0.0,0.009547948837280273
207.0,0.0,0.0,0.015680313110351562
74.0,0.0,0.0,0.0
62.0,0.0,0.0,0.0
94.0,0.0,0.0,0.015625
220.0,0.0,0.0,0.015625
36.0,0.0,0.0,0.0
291.0,0.0,0.0,0.015590667724609375
439.0,0.0,0.0,0.04716897010803223
260.0,0.0,0.0,0.0061185359954833984
58.0,0.0,0.0,0.015648365020751953
78.0,0.0,0.0,0.0
131.0,0.0,0.0,0.015609025955200195
22.0,0.0,0.0,0.0
90.0,0.0,0.0,0.015625
29.0,0.0,0.0,0.0
27.0,0.0,0.0,0.0
86.0,0.0,0.0,0.015623331069946289
35.0,0.0,0.0,0.0
81.0,0.0,0.0,0.010515213012695312
346.0,0.0,0.0,0.021155357360839844
109.0,0.0,0.0,0.021616697311401367
71.0,0.0,0.0,0.033117055892944336
83.0,0.0,0.0,0.0070171356201171875
80.0,0.0,0.0,0.0
83.0,0.0,0.0,0.015625715255737305
28.0,0.0,0.0,0.0
22.0,0.0,0.0,0.0
22.0,0.0,0.0,0.015624761581420898
106.0,0.0,0.0,0.0
122.0,0.0,0.0,0.01562643051147461
61.0,0.0,0.0,0.0
25.0,0.0,0.0,0.0
282.0,0.0,0.0,0.015657424926757812
163.0,0.0,0.0,0.025927066802978516
124.0,0.0,0.0,0.004531383514404297
88.0,0.0,0.0,0.011222362518310547
177.0,0.0,0.0,0.01617288589477539
199.0,0.0,0.0,0.012518882751464844
216.0,0.0,0.0,0.01639580726623535
53.0,0.0,0.0,0.008400201797485352
112.0,0.0,0.0,0.0
48.0,0.0,0.0,0.0
83.0,0.0,0.0,0.007977962493896484
131.0,0.0,0.0,0.008962869644165039
133.0,0.0,0.0,0.0073130130767822266
147.0,0.0,0.0,0.0
49.0,0.0,0.0,0.015048742294311523
582.0,0.0,0.0,0.03126645088195801
109.0,0.0,0.0,0.0
30.0,0.0,0.0,0.0
39.0,0.0,0.0,0.0
52.0,0.0,0.0,0.0
31.0,0.0,0.0,0.015624761581420898
137.0,0.0,0.0,0.002516508102416992
186.0,0.0,0.0,0.013511419296264648
119.0,0.0,0.0,0.015638351440429688
82.0,0.0,0.0,0.0
100.0,0.0,0.0,0.01562643051147461
322.0,0.0,0.0,0.015624284744262695
126.0,0.0,0.0,0.015624761581420898
83.0,0.0,0.0,0.0
308.0,0.0,0.0,0.02415013313293457
122.0,0.0,0.0,0.0
276.0,0.0,0.0,0.015639781951904297
47.0,0.0,0.0,0.0156252384185791
126.0,0.0,0.0,0.0
273.0,0.0,0.0,0.015623807907104492
214.0,0.0,0.0,0.0
62.0,0.0,0.0,0.003916740417480469
122.0,0.0,0.0,0.012306690216064453
82.0,0.0,0.0,0.010172367095947266
382.0,0.0,0.0,0.013548612594604492
57.0,0.0,0.0,0.0
51.0,0.0,0.0,0.0
218.0,0.0,0.0,0.015625476837158203
99.0,0.0,0.0,0.015625
60.0,0.0,0.0,0.0
168.0,0.0,0.0,0.015625476837158203
89.0,0.0,0.0,0.012015581130981445
174.0,0.0,0.0,0.01262807846069336
126.0,0.0,0.0,0.008137226104736328
243.0,0.0,0.0,0.016251802444458008
37.0,0.0,0.0,0.0
69.0,0.0,0.0,0.008103609085083008
57.0,0.0,0.0,0.0
124.0,0.0,0.0,0.015879154205322266
90.0,0.0,0.0,0.0
243.0,0.0,0.0,0.022952556610107422
43.0,0.0,0.0,0.010450601577758789
173.0,0.0,0.0,0.008797645568847656
129.0,0.0,0.0,0.013549327850341797
130.0,0.0,0.0,0.0
150.0,0.0,0.0,0.01568007469177246
62.0,0.0,0.0,0.0
55.0,0.0,0.0,0.015625
71.0,0.0,0.0,0.0
92.0,0.0,0.0,0.0
328.0,0.0,0.0,0.03125
38.0,0.0,0.0,0.0
69.0,0.0,0.0,0.0
48.0,0.0,0.0,0.011031389236450195
52.0,0.0,0.0,0.0
74.0,0.0,0.0,0.0
65.0,0.0,0.0,0.015642166137695312
162.0,0.0,0.0,0.0
179.0,0.0,0.0,0.0
66.0,0.0,0.0,0.01565694808959961
162.0,0.0,0.0,0.0
97.0,0.0,0.0,0.0
187.0,0.0,0.0,0.0156252384185791
261.0,0.0,0.0,0.0160982608795166
389.0,0.0,0.0,0.03130388259887695
224.0,0.0,0.0,0.015591144561767578
342.0,0.0,0.0,0.025875329971313477
43.0,0.0,0.0,0.00603175163269043
51.0,0.0,0.0,0.0
39.0,0.0,0.0,0.0020487308502197266
95.0,0.0,0.0,0.006516695022583008
86.0,0.0,0.0,0.00812840461730957
127.0,0.0,0.0,0.0
169.0,0.0,0.0,0.01562643051147461
91.0,0.0,0.0,0.015630245208740234
106.0,0.0,0.0,0.0
742.0,0.0,0.0,0.06139016151428223
149.0,0.0,0.0,0.0
118.0,0.0,0.0,0.01745915412902832
153.0,0.0,0.0,0.0268251895904541
43.0,0.0,0.0,0.009234428405761719
116.0,0.0,0.0,0.014877796173095703
226.0,0.0,0.0,0.01610541343688965
105.0,0.0,0.0,0.007031440734863281
116.0,0.0,0.0,0.0156404972076416
89.0,0.0,0.0,0.0
48.0,0.0,0.0,0.0
115.0,0.0,0.0,0.007502317428588867
325.0,0.0,0.0,0.015674352645874023
233.0,0.0,0.0,0.015642881393432617
112.0,0.0,0.0,0.015625
90.0,0.0,0.0,0.0
240.0,0.0,0.0,0.01564478874206543
96.0,0.0,0.0,0.015642166137695312
302.0,0.0,0.0,0.015604496002197266
287.0,0.0,0.0,0.03124713897705078
69.0,0.0,0.0,0.0
29.0,0.0,0.0,0.0
262.0,0.0,0.0,0.015658855438232422
27.0,0.0,0.0,0.0
33.0,0.0,0.0,0.0
84.0,0.0,0.0,0.01560664176940918
386.0,0.0,0.0,0.015625953674316406
127.0,0.0,0.0,0.0
401.0,0.0,0.0,0.039461612701416016
267.0,0.0,0.0,0.019481897354125977
30.0,0.0,0.0,0.005012035369873047
97.0,0.0,0.0,0.008123636245727539
219.0,0.0,0.0,0.01563119888305664
29.0,0.0,0.0,0.0
168.0,0.0,0.0,0.015625715255737305
139.0,0.0,0.0,0.019170284271240234
616.0,0.0,0.0,0.04919838905334473
245.0,0.0,0.0,0.020070791244506836
496.0,0.0,0.0,0.030766963958740234
55.0,0.0,0.0,0.0
178.0,0.0,0.0,0.015012264251708984
237.0,0.0,0.0,0.03212118148803711
26.0,0.0,0.0,0.0016238689422607422
29.0,0.0,0.0,0.0016071796417236328
186.0,0.0,0.0,0.01287221908569336
223.0,0.0,0.0,0.014271259307861328
122.0,0.0,0.0,0.005891561508178711
143.0,0.0,0.0,0.005626678466796875
343.0,0.0,0.0,0.026867389678955078
111.0,0.0,0.0,0.007031440734863281
85.0,0.0,0.0,0.005372047424316406
51.0,0.0,0.0,0.003426074981689453
200.0,0.0,0.0,0.013508319854736328
139.0,0.0,0.0,0.01151275634765625
365.0,0.0,0.0,0.021543025970458984
162.0,0.0,0.0,0.0
96.0,0.0,0.0,0.0
200.0,0.0,0.0,0.01562809944152832
55.0,0.0,0.0,0.0
83.0,0.0,0.0,0.0156252384185791
76.0,0.0,0.0,0.0
56.0,0.0,0.0,0.0
587.0,0.0,0.0,0.04934811592102051
58.0,0.0,0.0,0.0026531219482421875
100.0,0.0,0.0,0.007985115051269531
433.0,0.0,0.0,0.016610145568847656
92.0,0.0,0.0,0.0
112.0,0.0,0.0,0.015622615814208984
97.0,0.0,0.0,0.0
36.0,0.0,0.0,0.0
26.0,0.0,0.0,0.0
309.0,0.0,0.0,0.017634868621826172
175.0,0.0,0.0,0.014014482498168945
152.0,0.0,0.0,0.0
60.0,0.0,0.0,0.0
52.0,0.0,0.0,0.0
334.0,0.0,0.0,0.03309988975524902
78.0,0.0,0.0,0.008745193481445312
131.0,0.0,0.0,0.006290912628173828
59.0,0.0,0.0,0.008086442947387695
99.0,0.0,0.0,0.008796930313110352
63.0,0.0,0.0,0.007568359375
156.0,0.0,0.0,0.0
434.0,0.0,0.0,0.03125429153442383
367.0,0.0,0.0,0.03127169609069824
107.0,0.0,0.0,0.0
250.0,0.0,0.0,0.0300137996673584
66.0,0.0,0.0,0.0
89.0,0.0,0.0,0.009530305862426758
204.0,0.0,0.0,0.015644073486328125
58.0,0.0,0.0,0.0
36.0,0.0,0.0,0.015620708465576172
294.0,0.0,0.0,0.015991926193237305
34.0,0.0,0.0,0.0
86.0,0.0,0.0,0.01526331901550293
210.0,0.0,0.0,0.0156557559967041
40.0,0.0,0.0,0.0
156.0,0.0,0.0,0.016017675399780273
95.0,0.0,0.0,0.0
155.0,0.0,0.0,0.0
105.0,0.0,0.0,0.015624284744262695
183.0,0.0,0.0,0.015629291534423828
319.0,0.0,0.0,0.01562786102294922
482.0,0.0,0.0,0.018636226654052734
124.0,0.0,0.0,0.006510257720947266
753.0,0.0,0.0,0.05578422546386719
139.0,0.0,0.0,0.0
128.0,0.0,0.0,0.0075092315673828125
214.0,0.0,0.0,0.008510828018188477
280.0,0.0,0.0,0.01563549041748047
172.0,0.0,0.0,0.01562786102294922
50.0,0.0,0.0,0.0
59.0,0.0,0.0,0.017869949340820312
90.0,0.0,0.0,0.006791830062866211
190.0,0.0,0.0,0.01562976837158203
63.0,0.0,0.0,0.008373498916625977
375.0,0.0,0.0,0.025228023529052734
368.0,0.0,0.0,0.024698495864868164
131.0,0.0,0.0,0.0
190.0,0.0,0.0,0.0
36.0,0.0,0.0,0.015625953674316406
82.0,0.0,0.0,0.0
302.0,0.0,0.0,0.019137144088745117
337.0,0.0,0.0,0.03149104118347168
306.0,0.0,0.0,0.020702838897705078
72.0,0.0,0.0,0.0
243.0,0.0,0.0,0.01563715934753418
78.0,0.0,0.0,0.015633583068847656
87.0,0.0,0.0,0.0
84.0,0.0,0.0,0.01666998863220215
152.0,0.0,0.0,0.0
214.0,0.0,0.0,0.015007495880126953
72.0,0.0,0.0,0.015659809112548828
152.0,0.0,0.0,0.0
75.0,0.0,0.0,0.0
280.0,0.0,0.0,0.015631914138793945
88.0,0.0,0.0,0.015630722045898438
124.0,0.0,0.0,0.0
59.0,0.0,0.0,0.015616893768310547
879.0,0.0,0.0,0.0883951187133789
252.0,0.0,0.0,0.01867508888244629
164.0,0.0,0.0,0.01301264762878418
260.0,0.0,0.0,0.015650033950805664
45.0,0.0,0.0,0.0
78.0,0.0,0.0,0.0
375.0,0.0,0.0,0.04015231132507324
213.0,0.0,0.0,0.016209125518798828
123.0,0.0,0.0,0.007060527801513672
227.0,0.0,0.0,0.008116006851196289
24.0,0.0,0.0,0.0
174.0,0.0,0.0,0.0
46.0,0.0,0.0,0.0
103.0,0.0,0.0,0.0
264.0,0.0,0.0,0.015624523162841797
460.0,0.0,0.0,0.01601433753967285
293.0,0.0,0.0,0.03126692771911621
187.0,0.0,0.0,0.0
173.0,0.0,0.0,0.009783744812011719
105.0,0.0,0.0,0.0
65.0,0.0,0.0,0.01561594009399414
216.0,0.0,0.0,0.015631437301635742
64.0,0.0,0.0,0.004015684127807617
211.0,0.0,0.0,0.012015104293823242
26.0,0.0,0.0,0.0
147.0,0.0,0.0,0.01841449737548828
581.0,0.0,0.0,0.037004709243774414
27.0,0.0,0.0,0.0
40.0,0.0,0.0,0.015625715255737305
42.0,0.0,0.0,0.0
95.0,0.0,0.0,0.0
47.0,0.0,0.0,0.015623331069946289
120.0,0.0,0.0,0.0
93.0,0.0,0.0,0.014508962631225586
132.0,0.0,0.0,0.0
133.0,0.0,0.0,0.019606351852416992
353.0,0.0,0.0,0.018890857696533203
96.0,0.0,0.0,0.008081436157226562
186.0,0.0,0.0,0.015628337860107422
477.0,0.0,0.0,0.03236675262451172
112.0,0.0,0.0,0.0
125.0,0.0,0.0,0.0156252384185791
387.0,0.0,0.0,0.031462907791137695
60.0,0.0,0.0,0.006865262985229492
51.0,0.0,0.0,0.00801539421081543
25.0,0.0,0.0,0.005010366439819336
60.0,0.0,0.0,0.0025076866149902344
101.0,0.0,0.0,0.015375852584838867
117.0,0.0,0.0,0.008909225463867188
82.0,0.0,0.0,0.007578372955322266
66.0,0.0,0.0,0.008115053176879883
143.0,0.0,0.0,0.0
277.0,0.0,0.0,0.01562643051147461
490.0,0.0,0.0,0.022638320922851562
35.0,0.0,0.0,0.0
77.0,0.0,0.0,0.0
122.0,0.0,0.0,0.015636205673217773
152.0,0.0,0.0,0.015628337860107422
31.0,0.0,0.0,0.0
32.0,0.0,0.0,0.0
32.0,0.0,0.0,0.0
102.0,0.0,0.0,0.015621185302734375
257.0,0.0,0.0,0.015633344650268555
287.0,0.0,0.0,0.030991792678833008
26.0,0.0,0.0,0.0
33.0,0.0,0.0,0.006017446517944336
405.0,0.0,0.0,0.014508485794067383
167.0,0.0,0.0,0.015636920928955078
94.0,0.0,0.0,0.01562809944152832
55.0,0.0,0.0,0.0
124.0,0.0,0.0,0.008632183074951172
108.0,0.0,0.0,0.008182287216186523
226.0,0.0,0.0,0.01313638687133789
218.0,0.0,0.0,0.017545223236083984
320.0,0.0,0.0,0.02190399169921875
77.0,0.0,0.0,0.006482839584350586
122.0,0.0,0.0,0.00988459587097168
58.0,0.0,0.0,0.003733396530151367
125.0,0.0,0.0,0.0031821727752685547
93.0,0.0,0.0,0.004500150680541992
133.0,0.0,0.0,0.0
244.0,0.0,0.0,0.016824722290039062
85.0,0.0,0.0,0.0
688.0,0.0,0.0,0.043129920959472656
28.0,0.0,0.0,0.0
136.0,0.0,0.0,0.011428356170654297
228.0,0.0,0.0,0.008757591247558594
208.0,0.0,0.0,0.007515668869018555
70.0,0.0,0.0,0.00011181831359863281
176.0,0.0,0.0,0.01588129997253418
165.0,0.0,0.0,0.0
350.0,0.0,0.0,0.031027793884277344
89.0,0.0,0.0,0.0
93.0,0.0,0.0,0.0160980224609375
89.0,0.0,0.0,0.0
226.0,0.0,0.0,0.015678882598876953
27.0,0.0,0.0,0.0
90.0,0.0,0.0,0.0156252384185791
568.0,0.0,0.0,0.0312497615814209
238.0,0.0,0.0,0.015627145767211914
158.0,0.0,0.0,0.0050165653228759766
78.0,0.0,0.0,0.012552261352539062
760.0,0.0,0.0,0.054590463638305664
489.0,0.0,0.0,0.03272724151611328
135.0,0.0,0.0,0.0
261.0,0.0,0.0,0.01451253890991211
230.0,0.0,0.0,0.0
108.0,0.0,0.0,0.009729862213134766
207.0,0.0,0.0,0.017476320266723633
39.0,0.0,0.0,0.0
258.0,0.0,0.0,0.00820302963256836
41.0,0.0,0.0,0.0035495758056640625
171.0,0.0,0.0,0.0
31.0,0.0,0.0,0.0
165.0,0.0,0.0,0.0
79.0,0.0,0.0,0.0
70.0,0.0,0.0,0.0
94.0,0.0,0.0,0.015403509140014648
121.0,0.0,0.0,0.0
30.0,0.0,0.0,0.015608072280883789
213.0,0.0,0.0,0.015605926513671875
61.0,0.0,0.0,0.0
176.0,0.0,0.0,0.00830388069152832
230.0,0.0,0.0,0.01847672462463379
50.0,0.0,0.0,0.0
114.0,0.0,0.0,0.007825851440429688
82.0,0.0,0.0,0.008038759231567383
39.0,0.0,0.0,0.0
291.0,0.0,0.0,0.0159451961517334
64.0,0.0,0.0,0.01537775993347168
225.0,0.0,0.0,0.015607118606567383
67.0,0.0,0.0,0.008015871047973633
47.0,0.0,0.0,0.0
69.0,0.0,0.0,0.008011341094970703
94.0,0.0,0.0,0.0
70.0,0.0,0.0,0.015638113021850586
513.0,0.0,0.0,0.03125
107.0,0.0,0.0,0.0
37.0,0.0,0.0,0.01562356948852539
248.0,0.0,0.0,0.015626907348632812
452.0,0.0,0.0,0.03170037269592285
153.0,0.0,0.0,0.0
59.0,0.0,0.0,0.003695964813232422
143.0,0.0,0.0,0.009241104125976562
384.0,0.0,0.0,0.026731014251708984
80.0,0.0,0.0,0.0
27.0,0.0,0.0,0.003634929656982422
34.0,0.0,0.0,0.0046160221099853516
129.0,0.0,0.0,0.00539398193359375
63.0,0.0,0.0,0.001068115234375
97.0,0.0,0.0,0.009675264358520508
42.0,0.0,0.0,0.0
219.0,0.0,0.0,0.01804327964782715
74.0,0.0,0.0,0.010450124740600586
185.0,0.0,0.0,0.014084100723266602
344.0,0.0,0.0,0.024132728576660156
140.0,0.0,0.0,0.0
141.0,0.0,0.0,0.01101374626159668
272.0,0.0,0.0,0.015679597854614258
117.0,0.0,0.0,0.015624761581420898
168.0,0.0,0.0,0.0156252384185791
292.0,0.0,0.0,0.01559138298034668
50.0,0.0,0.0,0.009268522262573242
101.0,0.0,0.0,0.04628777503967285
164.0,0.0,0.0,0.016406774520874023
386.0,0.0,0.0,0.025837421417236328
157.0,0.0,0.0,0.005516529083251953
57.0,0.0,0.0,0.0
310.0,0.0,0.0,0.01770615577697754
183.0,0.0,0.0,0.0
61.0,0.0,0.0,0.0
86.0,0.0,0.0,0.0
38.0,0.0,0.0,0.015607118606567383
196.0,0.0,0.0,0.015642642974853516
73.0,0.0,0.0,0.0
106.0,0.0,0.0,0.0
62.0,0.0,0.0,0.0
419.0,0.0,0.0,0.03168678283691406
60.0,0.0,0.0,0.0
63.0,0.0,0.0,0.0
93.0,0.0,0.0,0.0
47.0,0.0,0.0,0.0
214.0,0.0,0.0,0.015845060348510742
75.0,0.0,0.0,0.015600204467773438
162.0,0.0,0.0,0.0
40.0,0.0,0.0,0.016504287719726562
108.0,0.0,0.0,0.006744861602783203
237.0,0.0,0.0,0.01779031753540039
171.0,0.0,0.0,0.0
121.0,0.0,0.0,0.014051198959350586
141.0,0.0,0.0,0.015662670135498047
86.0,0.0,0.0,0.0
121.0,0.0,0.0,0.019337892532348633
71.0,0.0,0.0,0.004418849945068359
130.0,0.0,0.0,0.008449554443359375
71.0,0.0,0.0,0.0
371.0,0.0,0.0,0.029863834381103516
105.0,0.0,0.0,0.0
148.0,0.0,0.0,0.0
112.0,0.0,0.0,0.015644311904907227
76.0,0.0,0.0,0.0
121.0,0.0,0.0,0.01562047004699707
48.0,0.0,0.0,0.0
213.0,0.0,0.0,0.015624761581420898
145.0,0.0,0.0,0.015628814697265625
151.0,0.0,0.0,0.024114370346069336
344.0,0.0,0.0,0.03179335594177246
91.0,0.0,0.0,0.0
99.0,0.0,0.0,0.0
90.0,0.0,0.0,0.0
96.0,0.0,0.0,0.0
58.0,0.0,0.0,0.0
382.0,0.0,0.0,0.0312504768371582
36.0,0.0,0.0,0.0
248.0,0.0,0.0,0.024697303771972656
63.0,0.0,0.0,0.0
50.0,0.0,0.0,0.0
252.0,0.0,0.0,0.015619277954101562
120.0,0.0,0.0,0.01562356948852539
278.0,0.0,0.0,0.015625476837158203
290.0,0.0,0.0,0.02863788604736328
46.0,0.0,0.0,0.0030107498168945312
36.0,0.0,0.0,0.0
152.0,0.0,0.0,0.015639781951904297
114.0,0.0,0.0,0.0
134.0,0.0,0.0,0.015623807907104492
129.0,0.0,0.0,0.0
383.0,0.0,0.0,0.01563096046447754
198.0,0.0,0.0,0.015623331069946289
215.0,0.0,0.0,0.023746728897094727
509.0,0.0,0.0,0.02429032325744629
182.0,0.0,0.0,0.023201465606689453
130.0,0.0,0.0,0.008389949798583984
97.0,0.0,0.0,0.008026599884033203
86.0,0.0,0.0,0.008289098739624023
212.0,0.0,0.0,0.015625953674316406
59.0,0.0,0.0,0.007512569427490234
495.0,0.0,0.0,0.03977322578430176
190.0,0.0,0.0,0.015629291534423828
388.0,0.0,0.0,0.06526422500610352
418.0,0.0,0.0,0.04017901420593262
251.0,0.0,0.0,0.017217159271240234
457.0,0.0,0.0,0.02777242660522461
52.0,0.0,0.0,0.0033843517303466797
303.0,0.0,0.0,0.019891023635864258
353.0,0.0,0.0,0.022060155868530273
163.0,0.0,0.0,0.0027153491973876953
628.0,0.0,0.0,0.0318453311920166
94.0,0.0,0.0,0.01567864418029785
55.0,0.0,0.0,0.0
72.0,0.0,0.0,0.0
49.0,0.0,0.0,0.015608787536621094
55.0,0.0,0.0,0.0
76.0,0.0,0.0,0.0
204.0,0.0,0.0,0.015624284744262695
53.0,0.0,0.0,0.015625
135.0,0.0,0.0,0.0
59.0,0.0,0.0,0.0156252384185791
111.0,0.0,0.0,0.0
307.0,0.0,0.0,0.01602959632873535
75.0,0.0,0.0,0.0
28.0,0.0,0.0,0.0
172.0,0.0,0.0,0.017067432403564453
534.0,0.0,0.0,0.039350271224975586
46.0,0.0,0.0,0.0029981136322021484
144.0,0.0,0.0,0.008457422256469727
41.0,0.0,0.0,0.008017539978027344
73.0,0.0,0.0,0.0
47.0,0.0,0.0,0.0
125.0,0.0,0.0,0.01726675033569336
45.0,0.0,0.0,0.006531238555908203
105.0,0.0,0.0,0.0
124.0,0.0,0.0,0.015642166137695312
239.0,0.0,0.0,0.01562356948852539
437.0,0.0,0.0,0.03850674629211426
39.0,0.0,0.0,0.0
419.0,0.0,0.0,0.026639461517333984
401.0,0.0,0.0,0.03127908706665039
139.0,0.0,0.0,0.0
192.0,0.0,0.0,0.015608549118041992
236.0,0.0,0.0,0.0015325546264648438
105.0,0.0,0.0,0.0
108.0,0.0,0.0,0.015680551528930664
105.0,0.0,0.0,0.0
256.0,0.0,0.0,0.015625
223.0,0.0,0.0,0.015607357025146484
130.0,0.0,0.0,0.015624761581420898
26.0,0.0,0.0,0.0
124.0,0.0,0.0,0.015613555908203125
108.0,0.0,0.0,0.0
318.0,0.0,0.0,0.0241549015045166
127.0,0.0,0.0,0.0
136.0,0.0,0.0,0.01566028594970703
84.0,0.0,0.0,0.0
70.0,0.0,0.0,0.0
342.0,0.0,0.0,0.01584935188293457
115.0,0.0,0.0,0.015436410903930664
28.0,0.0,0.0,0.0
399.0,0.0,0.0,0.03175854682922363
32.0,0.0,0.0,0.0
49.0,0.0,0.0,0.0
226.0,0.0,0.0,0.0
82.0,0.0,0.0,0.002451658248901367
39.0,0.0,0.0,0.0
257.0,0.0,0.0,0.01917576789855957
79.0,0.0,0.0,0.0
348.0,0.0,0.0,0.016597509384155273
293.0,0.0,0.0,0.015680789947509766
41.0,0.0,0.0,0.0
101.0,0.0,0.0,0.015607595443725586
574.0,0.0,0.0,0.05415701866149902
132.0,0.0,0.0,0.012506723403930664
27.0,0.0,0.0,0.0
65.0,0.0,0.0,0.009177207946777344
95.0,0.0,0.0,0.0068819522857666016
101.0,0.0,0.0,0.0
114.0,0.0,0.0,0.01562952995300293
63.0,0.0,0.0,0.01360940933227539
89.0,0.0,0.0,0.0
91.0,0.0,0.0,0.015629291534423828
159.0,0.0,0.0,0.015624284744262695
43.0,0.0,0.0,0.0
101.0,0.0,0.0,0.009511232376098633
317.0,0.0,0.0,0.0312647819519043
94.0,0.0,0.0,0.015625715255737305
454.0,0.0,0.0,0.0312497615814209
248.0,0.0,0.0,0.019153356552124023
138.0,0.0,0.0,0.015625
240.0,0.0,0.0,0.0156252384185791
113.0,0.0,0.0,0.015622377395629883
406.0,0.0,0.0,0.015622377395629883
137.0,0.0,0.0,0.0030117034912109375
33.0,0.0,0.0,0.0
80.0,0.0,0.0,0.013006448745727539
305.0,0.0,0.0,0.015633106231689453
101.0,0.0,0.0,0.02402973175048828
158.0,0.0,0.0,0.007268428802490234
49.0,0.0,0.0,0.0
325.0,0.0,0.0,0.02161240577697754
138.0,0.0,0.0,0.006508588790893555
226.0,0.0,0.0,0.01564168930053711
320.0,0.0,0.0,0.015625476837158203
124.0,0.0,0.0,0.015622138977050781
167.0,0.0,0.0,0.01562786102294922
32.0,0.0,0.0,0.0
682.0,0.0,0.0,0.06606888771057129
247.0,0.0,0.0,0.016186952590942383
353.0,0.0,0.0,0.016582012176513672
148.0,0.0,0.0,0.01562643051147461
70.0,0.0,0.0,0.008514165878295898
168.0,0.0,0.0,0.007512807846069336
88.0,0.0,0.0,0.0
26.0,0.0,0.0,0.01564168930053711
219.0,0.0,0.0,0.01562190055847168
29.0,0.0,0.0,0.0
217.0,0.0,0.0,0.015624761581420898
47.0,0.0,0.0,0.0
173.0,0.0,0.0,0.015625476837158203
266.0,0.0,0.0,0.015625
133.0,0.0,0.0,0.016024112701416016
238.0,0.0,0.0,0.015638113021850586
176.0,0.0,0.0,0.0
247.0,0.0,0.0,0.015631675720214844
693.0,0.0,0.0,0.04062223434448242
456.0,0.0,0.0,0.01602935791015625
263.0,0.0,0.0,0.03130364418029785
75.0,0.0,0.0,0.0
49.0,0.0,0.0,0.0
102.0,0.0,0.0,0.015607833862304688
224.0,0.0,0.0,0.019468307495117188
86.0,0.0,0.0,0.003858804702758789
252.0,0.0,0.0,0.016257762908935547
206.0,0.0,0.0,0.008036613464355469
224.0,0.0,0.0,0.02598094940185547
343.0,0.0,0.0,0.023860454559326172
26.0,0.0,0.0,0.0
82.0,0.0,0.0,0.0
68.0,0.0,0.0,0.01564311981201172
112.0,0.0,0.0,0.0
116.0,0.0,0.0,0.015624761581420898
78.0,0.0,0.0,0.0
72.0,0.0,0.0,0.010515451431274414
85.0,0.0,0.0,0.00854945182800293
156.0,0.0,0.0,0.00481724739074707
547.0,0.0,0.0,0.032207489013671875
143.0,0.0,0.0,0.0
348.0,0.0,0.0,0.03165793418884277
166.0,0.0,0.0,0.0
96.0,0.0,0.0,0.01564311981201172
290.0,0.0,0.0,0.015622854232788086
35.0,0.0,0.0,0.0
49.0,0.0,0.0,0.01562786102294922
96.0,0.0,0.0,0.0
159.0,0.0,0.0,0.015625476837158203
103.0,0.0,0.0,0.0
115.0,0.0,0.0,0.015621423721313477
70.0,0.0,0.0,0.022173404693603516
65.0,0.0,0.0,0.008201122283935547
176.0,0.0,0.0,0.015592336654663086
37.0,0.0,0.0,0.0
109.0,0.0,0.0,0.008015871047973633
312.0,0.0,0.0,0.01657271385192871
309.0,0.0,0.0,0.023563146591186523
87.0,0.0,0.0,0.005491971969604492
116.0,0.0,0.0,0.007151365280151367
396.0,0.0,0.0,0.03057551383972168
47.0,0.0,0.0,0.00327301025390625
96.0,0.0,0.0,0.006014347076416016
338.0,0.0,0.0,0.024739742279052734
50.0,0.0,0.0,0.003282308578491211
61.0,0.0,0.0,0.004305362701416016
55.0,0.0,0.0,0.003298521041870117
84.0,0.0,0.0,0.006231784820556641
206.0,0.0,0.0,0.01257467269897461
366.0,0.0,0.0,0.022133827209472656
107.0,0.0,0.0,0.0
449.0,0.0,0.0,0.0324854850769043
107.0,0.0,0.0,0.0
112.0,0.0,0.0,0.0158998966217041
54.0,0.0,0.0,0.0
29.0,0.0,0.0,0.012254476547241211
143.0,0.0,0.0,0.016383886337280273
34.0,0.0,0.0,0.0009202957153320312
82.0,0.0,0.0,0.0
279.0,0.0,0.0,0.017618417739868164
137.0,0.0,0.0,0.007015228271484375
250.0,0.0,0.0,0.011606454849243164
171.0,0.0,0.0,0.012517690658569336
165.0,0.0,0.0,0.015655040740966797
162.0,0.0,0.0,0.015624284744262695
157.0,0.0,0.0,0.0
140.0,0.0,0.0,0.0
427.0,0.0,0.0,0.03124213218688965
100.0,0.0,0.0,0.006514072418212891
247.0,0.0,0.0,0.015641212463378906
554.0,0.0,0.0,0.0312502384185791
64.0,0.0,0.0,0.0
85.0,0.0,0.0,0.0
68.0,0.0,0.0,0.0
35.0,0.0,0.0,0.0
72.0,0.0,0.0,0.0
926.0,0.0,0.0,0.06240534782409668
147.0,0.0,0.0,0.0
52.0,0.0,0.0,0.01562356948852539
174.0,0.0,0.0,0.0
64.0,0.0,0.0,0.0
45.0,0.0,0.0,0.0
44.0,0.0,0.0,0.0
348.0,0.0,0.0,0.024152517318725586
79.0,0.0,0.0,0.0040111541748046875
457.0,0.0,0.0,0.03382158279418945
187.0,0.0,0.0,0.0208890438079834
252.0,0.0,0.0,0.01782989501953125
79.0,0.0,0.0,0.005499124526977539
305.0,0.0,0.0,0.01567983627319336
392.0,0.0,0.0,0.03128457069396973
400.0,0.0,0.0,0.015625
198.0,0.0,0.0,0.0
50.0,0.0,0.0,0.016603946685791016
131.0,0.0,0.0,0.0
109.0,0.0,0.0,0.015009880065917969
141.0,0.0,0.0,0.0
196.0,0.0,0.0,0.0
62.0,0.0,0.0,0.0184478759765625
44.0,0.0,0.0,0.0060117244720458984
38.0,0.0,0.0,0.0
592.0,0.0,0.0,0.03827857971191406
386.0,0.0,0.0,0.024652481079101562
85.0,0.0,0.0,0.0
79.0,0.0,0.0,0.0
134.0,0.0,0.0,0.015620231628417969
282.0,0.0,0.0,0.01565694808959961
62.0,0.0,0.0,0.0
84.0,0.0,0.0,0.015967130661010742
127.0,0.0,0.0,0.0
353.0,0.0,0.0,0.021971940994262695
107.0,0.0,0.0,0.00492095947265625
28.0,0.0,0.0,0.002015352249145508
647.0,0.0,0.0,0.0313420295715332
131.0,0.0,0.0,0.015625476837158203
312.0,0.0,0.0,0.016027450561523438
129.0,0.0,0.0,0.015641450881958008
57.0,0.0,0.0,0.0
173.0,0.0,0.0,0.015624761581420898
433.0,0.0,0.0,0.03294658660888672
334.0,0.0,0.0,0.032976388931274414
370.0,0.0,0.0,0.04192805290222168
27.0,0.0,0.0,0.0
78.0,0.0,0.0,0.001592397689819336
246.0,0.0,0.0,0.014676094055175781
30.0,0.0,0.0,0.0
134.0,0.0,0.0,0.01562976837158203
39.0,0.0,0.0,0.0
69.0,0.0,0.0,0.0
194.0,0.0,0.0,0.0
428.0,0.0,0.0,0.03065633773803711
186.0,0.0,0.0,0.015625
291.0,0.0,0.0,0.01562666893005371
229.0,0.0,0.0,0.015621662139892578
272.0,0.0,0.0,0.022641897201538086
115.0,0.0,0.0,0.009007692337036133
200.0,0.0,0.0,0.015641450881958008
114.0,0.0,0.0,0.015628576278686523
199.0,0.0,0.0,0.0
74.0,0.0,0.0,0.0
137.0,0.0,0.0,0.015622138977050781
120.0,0.0,0.0,0.0
32.0,0.0,0.0,0.0
267.0,0.0,0.0,0.028638839721679688
104.0,0.0,0.0,0.0
154.0,0.0,0.0,0.01564335823059082
244.0,0.0,0.0,0.015624284744262695
651.0,0.0,0.0,0.042876482009887695
32.0,0.0,0.0,0.0
147.0,0.0,0.0,0.012571096420288086
180.0,0.0,0.0,0.0035195350646972656
407.0,0.0,0.0,0.031323909759521484
440.0,0.0,0.0,0.0312497615814209
124.0,0.0,0.0,0.01558995246887207
324.0,0.0,0.0,0.029505014419555664
92.0,0.0,0.0,0.006108999252319336
221.0,0.0,0.0,0.02166271209716797
339.0,0.0,0.0,0.009024620056152344
56.0,0.0,0.0,0.0
32.0,0.0,0.0,0.0
418.0,0.0,0.0,0.0317227840423584
518.0,0.0,0.0,0.03114795684814453
45.0,0.0,0.0,0.0
177.0,0.0,0.0,0.0156252384185791
841.0,0.0,0.0,0.06290435791015625
139.0,0.0,0.0,0.0
56.0,0.0,0.0,0.015659570693969727
110.0,0.0,0.0,0.0
143.0,0.0,0.0,0.023893117904663086
140.0,0.0,0.0,0.0032546520233154297
65.0,0.0,0.0,0.012549638748168945
233.0,0.0,0.0,0.015679359436035156
38.0,0.0,0.0,0.0
30.0,0.0,0.0,0.0
46.0,0.0,0.0,0.015607357025146484
234.0,0.0,0.0,0.01602935791015625
47.0,0.0,0.0,0.0
32.0,0.0,0.0,0.0
812.0,0.0,0.0,0.11152529716491699
71.0,0.0,0.0,0.0
183.0,0.0,0.0,0.01562643051147461
105.0,0.0,0.0,0.015625
232.0,0.0,0.0,0.020766019821166992
383.0,0.0,0.0,0.03483462333679199
84.0,0.0,0.0,0.0054416656494140625
144.0,0.0,0.0,0.009084939956665039
30.0,0.0,0.0,0.001589059829711914
294.0,0.0,0.0,0.01782965660095215
106.0,0.0,0.0,0.0032215118408203125
29.0,0.0,0.0,0.0017232894897460938
143.0,0.0,0.0,0.009150028228759766
77.0,0.0,0.0,0.005034685134887695
76.0,0.0,0.0,0.0049114227294921875
144.0,0.0,0.0,0.00870203971862793
363.0,0.0,0.0,0.010092973709106445
118.0,0.0,0.0,0.0
40.0,0.0,0.0,0.0
317.0,0.0,0.0,0.03153491020202637
114.0,0.0,0.0,0.007548332214355469
158.0,0.0,0.0,0.008549690246582031
104.0,0.0,0.0,0.0
576.0,0.0,0.0,0.04689812660217285
38.0,0.0,0.0,0.0
29.0,0.0,0.0,0.0
239.0,0.0,0.0,0.015619039535522461
78.0,0.0,0.0,0.0
213.0,0.0,0.0,0.016028642654418945
63.0,0.0,0.0,0.0
583.0,0.0,0.0,0.04688835144042969
316.0,0.0,0.0,0.01778244972229004
66.0,0.0,0.0,0.0
40.0,0.0,0.0,0.002677440643310547
169.0,0.0,0.0,0.013935089111328125
37.0,0.0,0.0,0.0
164.0,0.0,0.0,0.005097389221191406
502.0,0.0,0.0,0.03125143051147461
273.0,0.0,0.0,0.015626192092895508
61.0,0.0,0.0,0.0
116.0,0.0,0.0,0.015625476837158203
178.0,0.0,0.0,0.016676664352416992
248.0,0.0,0.0,0.023277997970581055
162.0,0.0,0.0,0.01839280128479004
182.0,0.0,0.0,0.016348600387573242
135.0,0.0,0.0,0.008782386779785156
59.0,0.0,0.0,0.0
250.0,0.0,0.0,0.024694204330444336
190.0,0.0,0.0,0.008786439895629883
95.0,0.0,0.0,0.015628576278686523
94.0,0.0,0.0,0.0
167.0,0.0,0.0,0.015621185302734375
72.0,0.0,0.0,0.0
119.0,0.0,0.0,0.015628576278686523
158.0,0.0,0.0,0.01562666893005371
82.0,0.0,0.0,0.0
72.0,0.0,0.0,0.015619993209838867
251.0,0.0,0.0,0.015624046325683594
21.0,0.0,0.0,0.00601506233215332
149.0,0.0,0.0,0.010029792785644531
280.0,0.0,0.0,0.015640735626220703
35.0,0.0,0.0,0.0
40.0,0.0,0.0,0.0
317.0,0.0,0.0,0.015619993209838867
213.0,0.0,0.0,0.015623807907104492
109.0,0.0,0.0,0.0
218.0,0.0,0.0,0.02764415740966797
146.0,0.0,0.0,0.0040514469146728516
64.0,0.0,0.0,0.0
36.0,0.0,0.0,0.0
32.0,0.0,0.0,0.0
168.0,0.0,0.0,0.015621662139892578
201.0,0.0,0.0,0.01558995246887207
50.0,0.0,0.0,0.0
53.0,0.0,0.0,0.0
61.0,0.0,0.0,0.017441272735595703
229.0,0.0,0.0,0.01493978500366211
324.0,0.0,0.0,0.01630878448486328
35.0,0.0,0.0,0.0
153.0,0.0,0.0,0.0
62.0,0.0,0.0,0.015625953674316406
268.0,0.0,0.0,0.015622854232788086
345.0,0.0,0.0,0.0156252384185791
75.0,0.0,0.0,0.015622377395629883
130.0,0.0,0.0,0.0
166.0,0.0,0.0,0.020643234252929688
44.0,0.0,0.0,0.0
206.0,0.0,0.0,0.013154268264770508
74.0,0.0,0.0,0.004910469055175781
138.0,0.0,0.0,0.00832819938659668
122.0,0.0,0.0,0.010940074920654297
82.0,0.0,0.0,0.007845401763916016
258.0,0.0,0.0,0.015958309173583984
432.0,0.0,0.0,0.027130126953125
192.0,0.0,0.0,0.015335798263549805
39.0,0.0,0.0,0.0
46.0,0.0,0.0,0.0
48.0,0.0,0.0,0.0
75.0,0.0,0.0,0.0
55.0,0.0,0.0,0.0
43.0,0.0,0.0,0.0
51.0,0.0,0.0,0.0
98.0,0.0,0.0,0.015624761581420898
42.0,0.0,0.0,0.002148866653442383
108.0,0.0,0.0,0.004358053207397461
128.0,0.0,0.0,0.006633281707763672
146.0,0.0,0.0,0.010107278823852539
39.0,0.0,0.0,0.0046041011810302734
214.0,0.0,0.0,0.015004873275756836
164.0,0.0,0.0,0.01595926284790039
34.0,0.0,0.0,0.0
68.0,0.0,0.0,0.008109092712402344
254.0,0.0,0.0,0.015629053115844727
57.0,0.0,0.0,0.0
34.0,0.0,0.0,0.0
85.0,0.0,0.0,0.018640756607055664
106.0,0.0,0.0,0.0
82.0,0.0,0.0,0.01301431655883789
423.0,0.0,0.0,0.03126668930053711
38.0,0.0,0.0,0.0
54.0,0.0,0.0,0.0
47.0,0.0,0.0,0.0
46.0,0.0,0.0,0.0030884742736816406
52.0,0.0,0.0,0.0
76.0,0.0,0.0,0.0
438.0,0.0,0.0,0.03220987319946289
31.0,0.0,0.0,0.008674144744873047
41.0,0.0,0.0,0.0
65.0,0.0,0.0,0.007564544677734375
214.0,0.0,0.0,0.008023262023925781
42.0,0.0,0.0,0.0
271.0,0.0,0.0,0.015623092651367188
329.0,0.0,0.0,0.015625476837158203
385.0,0.0,0.0,0.03164935111999512
91.0,0.0,0.0,0.010829687118530273
47.0,0.0,0.0,0.0
70.0,0.0,0.0,0.0072460174560546875
42.0,0.0,0.0,0.0039975643157958984
212.0,0.0,0.0,0.01623702049255371
62.0,0.0,0.0,0.0
134.0,0.0,0.0,0.0
105.0,0.0,0.0,0.015631914138793945
212.0,0.0,0.0,0.011513233184814453
94.0,0.0,0.0,0.0
290.0,0.0,0.0,0.01564335823059082
79.0,0.0,0.0,0.015625715255737305
94.0,0.0,0.0,0.0
107.0,0.0,0.0,0.017587900161743164
43.0,0.0,0.0,0.006057262420654297
389.0,0.0,0.0,0.01568913459777832
152.0,0.0,0.0,0.01564502716064453
121.0,0.0,0.0,0.009513616561889648
285.0,0.0,0.0,0.015676259994506836
34.0,0.0,0.0,0.0
508.0,0.0,0.0,0.0312504768371582
271.0,0.0,0.0,0.015625
38.0,0.0,0.0,0.0
149.0,0.0,0.0,0.0
280.0,0.0,0.0,0.015532493591308594
542.0,0.0,0.0,0.03128361701965332
479.0,0.0,0.0,0.03459358215332031
195.0,0.0,0.0,0.012668132781982422
234.0,0.0,0.0,0.011639595031738281
468.0,0.0,0.0,0.031253814697265625
155.0,0.0,0.0,0.0
302.0,0.0,0.0,0.015618562698364258
104.0,0.0,0.0,0.0
27.0,0.0,0.0,0.0
355.0,0.0,0.0,0.01603412628173828
422.0,0.0,0.0,0.06199836730957031
501.0,0.0,0.0,0.03199172019958496
102.0,0.0,0.0,0.0
207.0,0.0,0.0,0.0
62.0,0.0,0.0,0.015644073486328125
199.0,0.0,0.0,0.015624761581420898
38.0,0.0,0.0,0.0
51.0,0.0,0.0,0.0
160.0,0.0,0.0,0.015624761581420898
247.0,0.0,0.0,0.023717164993286133
40.0,0.0,0.0,0.0055806636810302734
33.0,0.0,0.0,0.0
23.0,0.0,0.0,0.0
141.0,0.0,0.0,0.008513450622558594
135.0,0.0,0.0,0.0
81.0,0.0,0.0,0.015642404556274414
336.0,0.0,0.0,0.031534433364868164
65.0,0.0,0.0,0.004530429840087891
166.0,0.0,0.0,0.010827064514160156
82.0,0.0,0.0,0.004925966262817383
134.0,0.0,0.0,0.002508878707885742
125.0,0.0,0.0,0.016568422317504883
206.0,0.0,0.0,0.013245582580566406
49.0,0.0,0.0,0.0032379627227783203
103.0,0.0,0.0,0.0069963932037353516
296.0,0.0,0.0,0.02301621437072754
418.0,0.0,0.0,0.016698122024536133
98.0,0.0,0.0,0.018912553787231445
64.0,0.0,0.0,0.0
47.0,0.0,0.0,0.010828018188476562
644.0,0.0,0.0,0.03755664825439453
322.0,0.0,0.0,0.031229019165039062
93.0,0.0,0.0,0.0
191.0,0.0,0.0,0.016640424728393555
60.0,0.0,0.0,0.0
89.0,0.0,0.0,0.015412569046020508
269.0,0.0,0.0,0.015903711318969727
520.0,0.0,0.0,0.03461575508117676
279.0,0.0,0.0,0.03531002998352051
101.0,0.0,0.0,0.0
58.0,0.0,0.0,0.0
323.0,0.0,0.0,0.023890256881713867
180.0,0.0,0.0,0.0
237.0,0.0,0.0,0.015306472778320312
103.0,0.0,0.0,0.008756160736083984
167.0,0.0,0.0,0.004566669464111328
552.0,0.0,0.0,0.04033231735229492
36.0,0.0,0.0,0.0
59.0,0.0,0.0,0.015662670135498047
682.0,0.0,0.0,0.03123188018798828
37.0,0.0,0.0,0.0019428730010986328
422.0,0.0,0.0,0.0220339298248291
59.0,0.0,0.0,0.015661954879760742
75.0,0.0,0.0,0.0
34.0,0.0,0.0,0.0
240.0,0.0,0.0,0.015624761581420898
53.0,0.0,0.0,0.015608072280883789
176.0,0.0,0.0,0.015623092651367188
149.0,0.0,0.0,0.0
122.0,0.0,0.0,0.015624284744262695
215.0,0.0,0.0,0.016027212142944336
83.0,0.0,0.0,0.0
120.0,0.0,0.0,0.016020774841308594
92.0,0.0,0.0,0.0
96.0,0.0,0.0,0.017602920532226562
77.0,0.0,0.0,0.003140687942504883
59.0,0.0,0.0,0.00899505615234375
117.0,0.0,0.0,0.007094144821166992
117.0,0.0,0.0,0.00812220573425293
221.0,0.0,0.0,0.019690752029418945
123.0,0.0,0.0,0.0
267.0,0.0,0.0,0.027693748474121094
37.0,0.0,0.0,0.0
240.0,0.0,0.0,0.015625
33.0,0.0,0.0,0.015593290328979492
105.0,0.0,0.0,0.0
95.0,0.0,0.0,0.014618158340454102
111.0,0.0,0.0,0.010059833526611328
255.0,0.0,0.0,0.013560771942138672
197.0,0.0,0.0,0.008054018020629883
31.0,0.0,0.0,0.0
186.0,0.0,0.0,0.01569819450378418
48.0,0.0,0.0,0.0
139.0,0.0,0.0,0.01562643051147461
111.0,0.0,0.0,0.0
309.0,0.0,0.0,0.0156252384185791
364.0,0.0,0.0,0.016062259674072266
130.0,0.0,0.0,0.015657663345336914
166.0,0.0,0.0,0.0168764591217041
239.0,0.0,0.0,0.01452946662902832
167.0,0.0,0.0,0.01566338539123535
218.0,0.0,0.0,0.0156252384185791
292.0,0.0,0.0,0.016080141067504883
86.0,0.0,0.0,0.0
116.0,0.0,0.0,0.01566171646118164
131.0,0.0,0.0,0.015642642974853516
34.0,0.0,0.0,0.0
190.0,0.0,0.0,0.015625
107.0,0.0,0.0,0.015607595443725586
145.0,0.0,0.0,0.0
121.0,0.0,0.0,0.015642642974853516
106.0,0.0,0.0,0.0
51.0,0.0,0.0,0.0035314559936523438
165.0,0.0,0.0,0.01254725456237793
124.0,0.0,0.0,0.009449243545532227
138.0,0.0,0.0,0.008032798767089844
207.0,0.0,0.0,0.013595342636108398
72.0,0.0,0.0,0.008022069931030273
208.0,0.0,0.0,0.015676021575927734
63.0,0.0,0.0,0.0
23.0,0.0,0.0,0.0
105.0,0.0,0.0,0.01602911949157715
66.0,0.0,0.0,0.0
182.0,0.0,0.0,0.01563882827758789
49.0,0.0,0.0,0.0
39.0,0.0,0.0,0.0
27.0,0.0,0.0,0.0
54.0,0.0,0.0,0.0
89.0,0.0,0.0,0.0
97.0,0.0,0.0,0.0
32.0,0.0,0.0,0.0
126.0,0.0,0.0,0.015623807907104492
110.0,0.0,0.0,0.01220560073852539
28.0,0.0,0.0,0.0
344.0,0.0,0.0,0.029755830764770508
215.0,0.0,0.0,0.016875743865966797
202.0,0.0,0.0,0.007838726043701172
160.0,0.0,0.0,0.0
371.0,0.0,0.0,0.03125119209289551
139.0,0.0,0.0,0.0
211.0,0.0,0.0,0.006513357162475586
418.0,0.0,0.0,0.025154829025268555
25.0,0.0,0.0,0.0
223.0,0.0,0.0,0.015625715255737305
37.0,0.0,0.0,0.01696038246154785
164.0,0.0,0.0,0.0071184635162353516
39.0,0.0,0.0,0.0
28.0,0.0,0.0,0.0
48.0,0.0,0.0,0.009019136428833008
105.0,0.0,0.0,0.0
371.0,0.0,0.0,0.03167986869812012
262.0,0.0,0.0,0.01567697525024414
146.0,0.0,0.0,0.0156252384185791
391.0,0.0,0.0,0.015624761581420898
221.0,0.0,0.0,0.015625
104.0,0.0,0.0,0.015607833862304688
224.0,0.0,0.0,0.016095876693725586
85.0,0.0,0.0,0.0
130.0,0.0,0.0,0.015645742416381836
48.0,0.0,0.0,0.0
248.0,0.0,0.0,0.024312973022460938
280.0,0.0,0.0,0.017444372177124023
24.0,0.0,0.0,0.0
129.0,0.0,0.0,0.008248329162597656
413.0,0.0,0.0,0.03225207328796387
375.0,0.0,0.0,0.01567840576171875
90.0,0.0,0.0,0.015625
76.0,0.0,0.0,0.0
63.0,0.0,0.0,0.0
85.0,0.0,0.0,0.0
28.0,0.0,0.0,0.0
25.0,0.0,0.0,0.0
356.0,0.0,0.0,0.02180790901184082
109.0,0.0,0.0,0.006127357482910156
683.0,0.0,0.0,0.04003143310546875
101.0,0.0,0.0,0.0
50.0,0.0,0.0,0.01536703109741211
114.0,0.0,0.0,0.0
393.0,0.0,0.0,0.03125643730163574
245.0,0.0,0.0,0.01602792739868164
156.0,0.0,0.0,0.015642166137695312
34.0,0.0,0.0,0.0
119.0,0.0,0.0,0.0
75.0,0.0,0.0,0.0
107.0,0.0,0.0,0.0
364.0,0.0,0.0,0.015622854232788086
697.0,0.0,0.0,0.04856681823730469
59.0,0.0,0.0,0.0
43.0,0.0,0.0,0.015622854232788086
88.0,0.0,0.0,0.0
111.0,0.0,0.0,0.015663623809814453
49.0,0.0,0.0,0.0
25.0,0.0,0.0,0.0
177.0,0.0,0.0,0.015589237213134766
124.0,0.0,0.0,0.02012038230895996
37.0,0.0,0.0,0.0
92.0,0.0,0.0,0.01737809181213379
88.0,0.0,0.0,0.0075643062591552734
144.0,0.0,0.0,0.017610549926757812
52.0,0.0,0.0,0.0001595020294189453
62.0,0.0,0.0,0.0
146.0,0.0,0.0,0.00806879997253418
234.0,0.0,0.0,0.015625
49.0,0.0,0.0,0.0
34.0,0.0,0.0,0.0017344951629638672
194.0,0.0,0.0,0.012595176696777344
129.0,0.0,0.0,0.008289337158203125
230.0,0.0,0.0,0.018071889877319336
158.0,0.0,0.0,0.009161233901977539
72.0,0.0,0.0,0.0056056976318359375
59.0,0.0,0.0,0.004018068313598633
66.0,0.0,0.0,0.00537562370300293
117.0,0.0,0.0,0.011175155639648438
151.0,0.0,0.0,0.011460304260253906
167.0,0.0,0.0,0.011406898498535156
28.0,0.0,0.0,0.0016627311706542969
444.0,0.0,0.0,0.01232147216796875
28.0,0.0,0.0,0.0
42.0,0.0,0.0,0.0
66.0,0.0,0.0,0.0
49.0,0.0,0.0,0.0
44.0,0.0,0.0,0.0
31.0,0.0,0.0,0.0
195.0,0.0,0.0,0.022939205169677734
443.0,0.0,0.0,0.02445054054260254
340.0,0.0,0.0,0.031250715255737305
42.0,0.0,0.0,0.0
159.0,0.0,0.0,0.015607833862304688
144.0,0.0,0.0,0.0
72.0,0.0,0.0,0.015604734420776367
290.0,0.0,0.0,0.016025781631469727
315.0,0.0,0.0,0.025611162185668945
408.0,0.0,0.0,0.024111509323120117
221.0,0.0,0.0,0.015218257904052734
418.0,0.0,0.0,0.03229951858520508
121.0,0.0,0.0,0.0
143.0,0.0,0.0,0.015047788619995117
50.0,0.0,0.0,0.0
164.0,0.0,0.0,0.01567864418029785
59.0,0.0,0.0,0.0
404.0,0.0,0.0,0.03946065902709961
115.0,0.0,0.0,0.008981704711914062
69.0,0.0,0.0,0.0
566.0,0.0,0.0,0.03158688545227051
245.0,0.0,0.0,0.0156252384185791
235.0,0.0,0.0,0.015607357025146484
111.0,0.0,0.0,0.015607357025146484
79.0,0.0,0.0,0.0
476.0,0.0,0.0,0.05879497528076172
75.0,0.0,0.0,0.0
136.0,0.0,0.0,0.015635251998901367
47.0,0.0,0.0,0.0
23.0,0.0,0.0,0.0
103.0,0.0,0.0,0.015619277954101562
193.0,0.0,0.0,0.016137123107910156
262.0,0.0,0.0,0.015515565872192383
266.0,0.0,0.0,0.015642166137695312
49.0,0.0,0.0,0.0
827.0,0.0,0.0,0.054073333740234375
233.0,0.0,0.0,0.01560211181640625
340.0,0.0,0.0,0.015634775161743164
84.0,0.0,0.0,0.0
95.0,0.0,0.0,0.0027875900268554688
161.0,0.0,0.0,0.013813495635986328
144.0,0.0,0.0,0.008545398712158203
165.0,0.0,0.0,0.0
53.0,0.0,0.0,0.0
310.0,0.0,0.0,0.0160977840423584
25.0,0.0,0.0,0.0
230.0,0.0,0.0,0.015679359436035156
187.0,0.0,0.0,0.015587806701660156
250.0,0.0,0.0,0.02812337875366211
106.0,0.0,0.0,0.0
104.0,0.0,0.0,0.01564764976501465
144.0,0.0,0.0,0.0
327.0,0.0,0.0,0.03163933753967285
145.0,0.0,0.0,0.015642642974853516
507.0,0.0,0.0,0.031247615814208984
184.0,0.0,0.0,0.015625476837158203
469.0,0.0,0.0,0.03165292739868164
98.0,0.0,0.0,0.0
138.0,0.0,0.0,0.01863265037536621
297.0,0.0,0.0,0.02222418785095215
93.0,0.0,0.0,0.0
161.0,0.0,0.0,0.0
36.0,0.0,0.0,0.0
155.0,0.0,0.0,0.0
248.0,0.0,0.0,0.024131059646606445
35.0,0.0,0.0,0.0
191.0,0.0,0.0,0.0
158.0,0.0,0.0,0.015643596649169922
117.0,0.0,0.0,0.015625
186.0,0.0,0.0,0.015628337860107422
105.0,0.0,0.0,0.016389846801757812
53.0,0.0,0.0,0.003209352493286133
488.0,0.0,0.0,0.033284902572631836
277.0,0.0,0.0,0.01624011993408203
107.0,0.0,0.0,0.0
236.0,0.0,0.0,0.015651941299438477
66.0,0.0,0.0,0.0014846324920654297
377.0,0.0,0.0,0.02539682388305664
372.0,0.0,0.0,0.023497819900512695
103.0,0.0,0.0,0.0
131.0,0.0,0.0,0.0156252384185791
63.0,0.0,0.0,0.0
329.0,0.0,0.0,0.0312502384185791
91.0,0.0,0.0,0.0
83.0,0.0,0.0,0.015624523162841797
109.0,0.0,0.0,0.0
78.0,0.0,0.0,0.014026403427124023
326.0,0.0,0.0,0.01564478874206543
331.0,0.0,0.0,0.015624284744262695
107.0,0.0,0.0,0.01566028594970703
36.0,0.0,0.0,0.0
167.0,0.0,0.0,0.0156252384185791
42.0,0.0,0.0,0.0
258.0,0.0,0.0,0.015624523162841797
109.0,0.0,0.0,0.02017521858215332
75.0,0.0,0.0,0.0
261.0,0.0,0.0,0.011530876159667969
267.0,0.0,0.0,0.01923847198486328
29.0,0.0,0.0,0.0
26.0,0.0,0.0,0.006545543670654297
169.0,0.0,0.0,0.010548591613769531
27.0,0.0,0.0,0.0
148.0,0.0,0.0,0.00816035270690918
141.0,0.0,0.0,0.01562786102294922
457.0,0.0,0.0,0.016028881072998047
56.0,0.0,0.0,0.0
113.0,0.0,0.0,0.0
224.0,0.0,0.0,0.015624284744262695
24.0,0.0,0.0,0.0
161.0,0.0,0.0,0.01445317268371582
41.0,0.0,0.0,0.00801992416381836
59.0,0.0,0.0,0.00905609130859375
62.0,0.0,0.0,0.008605718612670898
346.0,0.0,0.0,0.02185988426208496
290.0,0.0,0.0,0.015627622604370117
654.0,0.0,0.0,0.046872854232788086
310.0,0.0,0.0,0.02426004409790039
49.0,0.0,0.0,0.004077434539794922
445.0,0.0,0.0,0.03124856948852539
44.0,0.0,0.0,0.0
407.0,0.0,0.0,0.03125429153442383
106.0,0.0,0.0,0.0
35.0,0.0,0.0,0.01562976837158203
89.0,0.0,0.0,0.0
296.0,0.0,0.0,0.02915811538696289
70.0,0.0,0.0,0.0
61.0,0.0,0.0,0.002530813217163086
212.0,0.0,0.0,0.007595539093017578
90.0,0.0,0.0,0.012511253356933594
203.0,0.0,0.0,0.01563549041748047
131.0,0.0,0.0,0.0
78.0,0.0,0.0,0.0
118.0,0.0,0.0,0.01564311981201172
170.0,0.0,0.0,0.017704248428344727
79.0,0.0,0.0,0.006457328796386719
209.0,0.0,0.0,0.014702320098876953
42.0,0.0,0.0,0.007511138916015625
417.0,0.0,0.0,0.03571605682373047
130.0,0.0,0.0,0.0040149688720703125
79.0,0.0,0.0,0.015639781951904297
46.0,0.0,0.0,0.0
167.0,0.0,0.0,0.015625
278.0,0.0,0.0,0.027687549591064453
527.0,0.0,0.0,0.04422330856323242
95.0,0.0,0.0,0.006760120391845703
175.0,0.0,0.0,0.011822700500488281
208.0,0.0,0.0,0.014482259750366211
428.0,0.0,0.0,0.027231931686401367
97.0,0.0,0.0,0.0045070648193359375
30.0,0.0,0.0,0.0
98.0,0.0,0.0,0.0
225.0,0.0,0.0,0.01679253578186035
112.0,0.0,0.0,0.01578807830810547
215.0,0.0,0.0,0.01575160026550293
100.0,0.0,0.0,0.007999420166015625
153.0,0.0,0.0,0.0
348.0,0.0,0.0,0.020159006118774414
307.0,0.0,0.0,0.01153254508972168
115.0,0.0,0.0,0.015659093856811523
280.0,0.0,0.0,0.015602350234985352
221.0,0.0,0.0,0.015625
97.0,0.0,0.0,0.0
73.0,0.0,0.0,0.0
158.0,0.0,0.0,0.0
199.0,0.0,0.0,0.006011247634887695
556.0,0.0,0.0,0.0468897819519043
102.0,0.0,0.0,0.0
112.0,0.0,0.0,0.0
42.0,0.0,0.0,0.015624284744262695
69.0,0.0,0.0,0.008432149887084961
513.0,0.0,0.0,0.030129432678222656
510.0,0.0,0.0,0.031305551528930664
240.0,0.0,0.0,0.015625476837158203
120.0,0.0,0.0,0.01562356948852539
133.0,0.0,0.0,0.014627456665039062
149.0,0.0,0.0,0.008020877838134766
121.0,0.0,0.0,0.007311582565307617
550.0,0.0,0.0,0.04028439521789551
138.0,0.0,0.0,0.0
84.0,0.0,0.0,0.015624761581420898
676.0,0.0,0.0,0.03165459632873535
66.0,0.0,0.0,0.0
210.0,0.0,0.0,0.015625953674316406
67.0,0.0,0.0,0.0
163.0,0.0,0.0,0.01973271369934082
42.0,0.0,0.0,0.0
119.0,0.0,0.0,0.0
104.0,0.0,0.0,0.011510610580444336
88.0,0.0,0.0,0.0
134.0,0.0,0.0,0.016170501708984375
194.0,0.0,0.0,0.015531063079833984
66.0,0.0,0.0,0.015642642974853516
32.0,0.0,0.0,0.0
87.0,0.0,0.0,0.015622615814208984
527.0,0.0,0.0,0.03125452995300293
51.0,0.0,0.0,0.0
85.0,0.0,0.0,0.0
55.0,0.0,0.0,0.0
103.0,0.0,0.0,0.00951385498046875
83.0,0.0,0.0,0.0
437.0,0.0,0.0,0.04688906669616699
509.0,0.0,0.0,0.029968738555908203
66.0,0.0,0.0,0.0035085678100585938
798.0,0.0,0.0,0.04378366470336914
215.0,0.0,0.0,0.02731800079345703
62.0,0.0,0.0,0.0
125.0,0.0,0.0,0.01564168930053711
118.0,0.0,0.0,0.01363992691040039
644.0,0.0,0.0,0.05581092834472656
173.0,0.0,0.0,0.008034944534301758
221.0,0.0,0.0,0.019658565521240234
74.0,0.0,0.0,0.012016057968139648
111.0,0.0,0.0,0.0
209.0,0.0,0.0,0.015643596649169922
252.0,0.0,0.0,0.015624761581420898
30.0,0.0,0.0,0.0
329.0,0.0,0.0,0.015626192092895508
278.0,0.0,0.0,0.03281259536743164
29.0,0.0,0.0,0.006556034088134766
24.0,0.0,0.0,0.0
85.0,0.0,0.0,0.01008462905883789
213.0,0.0,0.0,0.023323535919189453
356.0,0.0,0.0,0.028395414352416992
64.0,0.0,0.0,0.0
134.0,0.0,0.0,0.008132696151733398
42.0,0.0,0.0,0.0
197.0,0.0,0.0,0.015642166137695312
212.0,0.0,0.0,0.015612125396728516
128.0,0.0,0.0,0.0
198.0,0.0,0.0,0.0
450.0,0.0,0.0,0.030357837677001953
200.0,0.0,0.0,0.0
261.0,0.0,0.0,0.015621662139892578
40.0,0.0,0.0,0.0
30.0,0.0,0.0,0.0
73.0,0.0,0.0,0.015623331069946289
296.0,0.0,0.0,0.015627622604370117
43.0,0.0,0.0,0.015629053115844727
338.0,0.0,0.0,0.020640850067138672
24.0,0.0,0.0,0.0
333.0,0.0,0.0,0.0266573429107666
150.0,0.0,0.0,0.01562666893005371
155.0,0.0,0.0,0.008728981018066406
40.0,0.0,0.0,0.005111217498779297
384.0,0.0,0.0,0.011149168014526367
203.0,0.0,0.0,0.009514331817626953
65.0,0.0,0.0,0.0
68.0,0.0,0.0,0.0
25.0,0.0,0.0,0.0
116.0,0.0,0.0,0.0
223.0,0.0,0.0,0.015617609024047852
98.0,0.0,0.0,0.01562809944152832
68.0,0.0,0.0,0.0
135.0,0.0,0.0,0.015625476837158203
36.0,0.0,0.0,0.0
295.0,0.0,0.0,0.04261350631713867
108.0,0.0,0.0,0.012653350830078125
32.0,0.0,0.0,0.0
420.0,0.0,0.0,0.036163330078125
73.0,0.0,0.0,0.008014917373657227
33.0,0.0,0.0,0.0
207.0,0.0,0.0,0.015677213668823242
335.0,0.0,0.0,0.01613450050354004
251.0,0.0,0.0,0.015510797500610352
145.0,0.0,0.0,0.015639781951904297
259.0,0.0,0.0,0.015623331069946289
425.0,0.0,0.0,0.03125357627868652
144.0,0.0,0.0,0.0
23.0,0.0,0.0,0.0
518.0,0.0,0.0,0.031670570373535156
165.0,0.0,0.0,0.015623092651367188
564.0,0.0,0.0,0.031249523162841797
72.0,0.0,0.0,0.015622377395629883
166.0,0.0,0.0,0.012516021728515625
31.0,0.0,0.0,0.0018725395202636719
31.0,0.0,0.0,0.0
272.0,0.0,0.0,0.01563119888305664
25.0,0.0,0.0,0.015643835067749023
77.0,0.0,0.0,0.0
155.0,0.0,0.0,0.01560521125793457
65.0,0.0,0.0,0.0
227.0,0.0,0.0,0.023918628692626953
88.0,0.0,0.0,0.0028960704803466797
101.0,0.0,0.0,0.002971172332763672
61.0,0.0,0.0,0.0
57.0,0.0,0.0,0.008105993270874023
177.0,0.0,0.0,0.0
91.0,0.0,0.0,0.01589226722717285
54.0,0.0,0.0,0.0
555.0,0.0,0.0,0.062238216400146484
35.0,0.0,0.0,0.0
290.0,0.0,0.0,0.026613712310791016
88.0,0.0,0.0,0.00862431526184082
656.0,0.0,0.0,0.04845142364501953
280.0,0.0,0.0,0.021696805953979492
28.0,0.0,0.0,0.0016493797302246094
298.0,0.0,0.0,0.022836923599243164
292.0,0.0,0.0,0.024135589599609375
378.0,0.0,0.0,0.031281471252441406
158.0,0.0,0.0,0.0
98.0,0.0,0.0,0.01564502716064453
28.0,0.0,0.0,0.0
318.0,0.0,0.0,0.031248092651367188
120.0,0.0,0.0,0.0
45.0,0.0,0.0,0.0
188.0,0.0,0.0,0.0
186.0,0.0,0.0,0.015624046325683594
73.0,0.0,0.0,0.003516674041748047
179.0,0.0,0.0,0.0
73.0,0.0,0.0,0.0
63.0,0.0,0.0,0.0
203.0,0.0,0.0,0.015622854232788086
153.0,0.0,0.0,0.015617132186889648
57.0,0.0,0.0,0.0
32.0,0.0,0.0,0.0
75.0,0.0,0.0,0.0
202.0,0.0,0.0,0.023758888244628906
133.0,0.0,0.0,0.00989389419555664
76.0,0.0,0.0,0.0035207271575927734
188.0,0.0,0.0,0.008131027221679688
254.0,0.0,0.0,0.015620946884155273
141.0,0.0,0.0,0.015624046325683594
261.0,0.0,0.0,0.015624523162841797
94.0,0.0,0.0,0.0
50.0,0.0,0.0,0.0
46.0,0.0,0.0,0.0
112.0,0.0,0.0,0.015621185302734375
566.0,0.0,0.0,0.045511722564697266
148.0,0.0,0.0,0.00838923454284668
110.0,0.0,0.0,0.008106231689453125
139.0,0.0,0.0,0.017517566680908203
199.0,0.0,0.0,0.0072634220123291016
44.0,0.0,0.0,0.0
359.0,0.0,0.0,0.010282754898071289
24.0,0.0,0.0,0.0156710147857666
311.0,0.0,0.0,0.01563262939453125
69.0,0.0,0.0,0.0
281.0,0.0,0.0,0.031215667724609375
138.0,0.0,0.0,0.0
45.0,0.0,0.0,0.0
317.0,0.0,0.0,0.016027450561523438
37.0,0.0,0.0,0.0
200.0,0.0,0.0,0.0156402587890625
239.0,0.0,0.0,0.015622377395629883
56.0,0.0,0.0,0.0
37.0,0.0,0.0,0.0
356.0,0.0,0.0,0.03125452995300293
60.0,0.0,0.0,0.0
62.0,0.0,0.0,0.0
24.0,0.0,0.0,0.015622615814208984
88.0,0.0,0.0,0.0
170.0,0.0,0.0,0.013518810272216797
149.0,0.0,0.0,0.015642881393432617
332.0,0.0,0.0,0.015625715255737305
149.0,0.0,0.0,0.015624046325683594
226.0,0.0,0.0,0.018134593963623047
242.0,0.0,0.0,0.013111591339111328
256.0,0.0,0.0,0.015570878982543945
308.0,0.0,0.0,0.015513420104980469
82.0,0.0,0.0,0.0
203.0,0.0,0.0,0.015642404556274414
147.0,0.0,0.0,0.015625476837158203
287.0,0.0,0.0,0.015624046325683594
129.0,0.0,0.0,0.019643545150756836
116.0,0.0,0.0,0.010941743850708008
158.0,0.0,0.0,0.07387089729309082
65.0,0.0,0.0,0.00682830810546875
123.0,0.0,0.0,0.013520240783691406
346.0,0.0,0.0,0.016013622283935547
79.0,0.0,0.0,0.0
145.0,0.0,0.0,0.0
959.0,0.0,0.0,0.060418128967285156
200.0,0.0,0.0,0.020611286163330078
266.0,0.0,0.0,0.01683211326599121
632.0,0.0,0.0,0.03716754913330078
261.0,0.0,0.0,0.022300004959106445
133.0,0.0,0.0,0.01666426658630371
182.0,0.0,0.0,0.007966756820678711
31.0,0.0,0.0,0.0
135.0,0.0,0.0,0.007048606872558594
42.0,0.0,0.0,0.0
191.0,0.0,0.0,0.01569819450378418
677.0,0.0,0.0,0.03165459632873535
558.0,0.0,0.0,0.04685854911804199
44.0,0.0,0.0,0.0
60.0,0.0,0.0,0.0
71.0,0.0,0.0,0.015624761581420898
176.0,0.0,0.0,0.0
46.0,0.0,0.0,0.01663684844970703
69.0,0.0,0.0,0.0
56.0,0.0,0.0,0.0
101.0,0.0,0.0,0.01504826545715332
270.0,0.0,0.0,0.015877246856689453
54.0,0.0,0.0,0.0
93.0,0.0,0.0,0.0
282.0,0.0,0.0,0.015888452529907227
23.0,0.0,0.0,0.015392303466796875
171.0,0.0,0.0,0.0
148.0,0.0,0.0,0.007030963897705078
171.0,0.0,0.0,0.009029865264892578
265.0,0.0,0.0,0.015675783157348633
142.0,0.0,0.0,0.017374038696289062
22.0,0.0,0.0,0.0
66.0,0.0,0.0,0.0
112.0,0.0,0.0,0.008146524429321289
250.0,0.0,0.0,0.021160125732421875
242.0,0.0,0.0,0.016011714935302734
73.0,0.0,0.0,0.007745981216430664
75.0,0.0,0.0,0.0
351.0,0.0,0.0,0.031245708465576172
95.0,0.0,0.0,0.0
383.0,0.0,0.0,0.031248807907104492
157.0,0.0,0.0,0.0
111.0,0.0,0.0,0.0156252384185791
73.0,0.0,0.0,0.0
510.0,0.0,0.0,0.03475165367126465
123.0,0.0,0.0,0.017367124557495117
608.0,0.0,0.0,0.03937959671020508
282.0,0.0,0.0,0.01354670524597168
226.0,0.0,0.0,0.015679121017456055
313.0,0.0,0.0,0.031216144561767578
142.0,0.0,0.0,0.0
175.0,0.0,0.0,0.015626192092895508
247.0,0.0,0.0,0.02363753318786621
302.0,0.0,0.0,0.008013010025024414
84.0,0.0,0.0,0.015642642974853516
93.0,0.0,0.0,0.0
150.0,0.0,0.0,0.015621423721313477
161.0,0.0,0.0,0.01566314697265625
39.0,0.0,0.0,0.0
125.0,0.0,0.0,0.015624523162841797
278.0,0.0,0.0,0.015624523162841797
36.0,0.0,0.0,0.0
104.0,0.0,0.0,0.016063690185546875
217.0,0.0,0.0,0.01567530632019043
433.0,0.0,0.0,0.031249523162841797
70.0,0.0,0.0,0.0
444.0,0.0,0.0,0.04081249237060547
100.0,0.0,0.0,0.010422945022583008
30.0,0.0,0.0,0.002391815185546875
99.0,0.0,0.0,0.015667438507080078
224.0,0.0,0.0,0.015999317169189453
113.0,0.0,0.0,0.015675067901611328
311.0,0.0,0.0,0.03124856948852539
60.0,0.0,0.0,0.0
143.0,0.0,0.0,0.02450847625732422
135.0,0.0,0.0,0.010873079299926758
103.0,0.0,0.0,0.008004903793334961
324.0,0.0,0.0,0.03120875358581543
230.0,0.0,0.0,0.015000343322753906
73.0,0.0,0.0,0.004913806915283203
173.0,0.0,0.0,0.012894392013549805
56.0,0.0,0.0,0.003785371780395508
274.0,0.0,0.0,0.01743316650390625
47.0,0.0,0.0,0.0
92.0,0.0,0.0,0.008924484252929688
47.0,0.0,0.0,0.0
129.0,0.0,0.0,0.014768838882446289
28.0,0.0,0.0,0.0
465.0,0.0,0.0,0.031270503997802734
35.0,0.0,0.0,0.008514642715454102
25.0,0.0,0.0,0.0
120.0,0.0,0.0,0.007512807846069336
417.0,0.0,0.0,0.0312657356262207
144.0,0.0,0.0,0.0
232.0,0.0,0.0,0.015626907348632812
143.0,0.0,0.0,0.015624284744262695
63.0,0.0,0.0,0.0
168.0,0.0,0.0,0.015625
79.0,0.0,0.0,0.016019344329833984
35.0,0.0,0.0,0.0
111.0,0.0,0.0,0.016801118850708008
261.0,0.0,0.0,0.02010321617126465
49.0,0.0,0.0,0.006784200668334961
56.0,0.0,0.0,0.00837397575378418
77.0,0.0,0.0,0.0
90.0,0.0,0.0,0.0
158.0,0.0,0.0,0.015628814697265625
99.0,0.0,0.0,0.0
145.0,0.0,0.0,0.018807411193847656
402.0,0.0,0.0,0.02482128143310547
79.0,0.0,0.0,0.0
294.0,0.0,0.0,0.030659198760986328
261.0,0.0,0.0,0.015624284744262695
38.0,0.0,0.0,0.0
114.0,0.0,0.0,0.0
202.0,0.0,0.0,0.006014108657836914
370.0,0.0,0.0,0.025658130645751953
90.0,0.0,0.0,0.017357349395751953
125.0,0.0,0.0,0.013849020004272461
31.0,0.0,0.0,0.00502324104309082
141.0,0.0,0.0,0.016139745712280273
89.0,0.0,0.0,0.0066983699798583984
288.0,0.0,0.0,0.016106605529785156
182.0,0.0,0.0,0.007999658584594727
106.0,0.0,0.0,0.0
64.0,0.0,0.0,0.0
36.0,0.0,0.0,0.0
222.0,0.0,0.0,0.015625476837158203
301.0,0.0,0.0,0.0156252384185791
236.0,0.0,0.0,0.015624284744262695
224.0,0.0,0.0,0.016079187393188477
100.0,0.0,0.0,0.0
158.0,0.0,0.0,0.0
62.0,0.0,0.0,0.015608072280883789
146.0,0.0,0.0,0.0
62.0,0.0,0.0,0.015625
77.0,0.0,0.0,0.0
86.0,0.0,0.0,0.0
171.0,0.0,0.0,0.0
49.0,0.0,0.0,0.015402793884277344
253.0,0.0,0.0,0.015624523162841797
300.0,0.0,0.0,0.011048078536987305
111.0,0.0,0.0,0.015678882598876953
107.0,0.0,0.0,0.0
133.0,0.0,0.0,0.015625
86.0,0.0,0.0,0.0
144.0,0.0,0.0,0.015607833862304688
383.0,0.0,0.0,0.015642166137695312
129.0,0.0,0.0,0.0
159.0,0.0,0.0,0.0055158138275146484
122.0,0.0,0.0,0.0
536.0,0.0,0.0,0.039237022399902344
40.0,0.0,0.0,0.0010426044464111328
69.0,0.0,0.0,0.006510257720947266
38.0,0.0,0.0,0.0
207.0,0.0,0.0,0.015639066696166992
58.0,0.0,0.0,0.0
21.0,0.0,0.0,0.0
496.0,0.0,0.0,0.020154476165771484
319.0,0.0,0.0,0.015622138977050781
336.0,0.0,0.0,0.0303499698638916
48.0,0.0,0.0,0.0
270.0,0.0,0.0,0.024555683135986328
59.0,0.0,0.0,0.0
185.0,0.0,0.0,0.0084991455078125
47.0,0.0,0.0,0.0
21.0,0.0,0.0,0.0
200.0,0.0,0.0,0.0
78.0,0.0,0.0,0.015639305114746094
173.0,0.0,0.0,0.0
406.0,0.0,0.0,0.02167344093322754
56.0,0.0,0.0,0.0
41.0,0.0,0.0,0.0
258.0,0.0,0.0,0.015679597854614258
240.0,0.0,0.0,0.0156252384185791
148.0,0.0,0.0,0.015625
206.0,0.0,0.0,0.015591621398925781
31.0,0.0,0.0,0.0
65.0,0.0,0.0,0.0
51.0,0.0,0.0,0.0
145.0,0.0,0.0,0.0
222.0,0.0,0.0,0.004514217376708984
206.0,0.0,0.0,0.02573418617248535
76.0,0.0,0.0,0.0
281.0,0.0,0.0,0.014547586441040039
163.0,0.0,0.0,0.015662431716918945
194.0,0.0,0.0,0.01564192771911621
199.0,0.0,0.0,0.015625
54.0,0.0,0.0,0.008512735366821289
292.0,0.0,0.0,0.02316880226135254
418.0,0.0,0.0,0.03188943862915039
177.0,0.0,0.0,0.01684427261352539
128.0,0.0,0.0,0.0
130.0,0.0,0.0,0.0
233.0,0.0,0.0,0.016033172607421875
140.0,0.0,0.0,0.015641450881958008
70.0,0.0,0.0,0.0
42.0,0.0,0.0,0.0
53.0,0.0,0.0,0.015625715255737305
214.0,0.0,0.0,0.015623807907104492
259.0,0.0,0.0,0.015625
78.0,0.0,0.0,0.0
85.0,0.0,0.0,0.0
126.0,0.0,0.0,0.018926143646240234
145.0,0.0,0.0,0.01545262336730957
244.0,0.0,0.0,0.02739858627319336
121.0,0.0,0.0,0.006513357162475586
66.0,0.0,0.0,0.008012533187866211
180.0,0.0,0.0,0.0
58.0,0.0,0.0,0.0
154.0,0.0,0.0,0.01565718650817871
103.0,0.0,0.0,0.007050991058349609
291.0,0.0,0.0,0.009047985076904297
131.0,0.0,0.0,0.01567840576171875
63.0,0.0,0.0,0.0
31.0,0.0,0.0,0.0
79.0,0.0,0.0,0.0
85.0,0.0,0.0,0.0
51.0,0.0,0.0,0.015607833862304688
144.0,0.0,0.0,0.0
324.0,0.0,0.0,0.031490325927734375
110.0,0.0,0.0,0.0
38.0,0.0,0.0,0.01293182373046875
48.0,0.0,0.0,0.0
172.0,0.0,0.0,0.015679359436035156
42.0,0.0,0.0,0.0
40.0,0.0,0.0,0.0
256.0,0.0,0.0,0.01606607437133789
75.0,0.0,0.0,0.015184402465820312
107.0,0.0,0.0,0.0
143.0,0.0,0.0,0.015591621398925781
49.0,0.0,0.0,0.0
159.0,0.0,0.0,0.0
282.0,0.0,0.0,0.019118547439575195
153.0,0.0,0.0,0.0
85.0,0.0,0.0,0.01563858985900879
342.0,0.0,0.0,0.015625476837158203
55.0,0.0,0.0,0.0
178.0,0.0,0.0,0.0
79.0,0.0,0.0,0.021776914596557617
50.0,0.0,0.0,0.002463817596435547
343.0,0.0,0.0,0.027782440185546875
406.0,0.0,0.0,0.015628814697265625
38.0,0.0,0.0,0.0
224.0,0.0,0.0,0.0
205.0,0.0,0.0,0.015627384185791016
194.0,0.0,0.0,0.015622138977050781
34.0,0.0,0.0,0.009412527084350586
335.0,0.0,0.0,0.03714776039123535
265.0,0.0,0.0,0.015709400177001953
211.0,0.0,0.0,0.015614748001098633
85.0,0.0,0.0,0.0
91.0,0.0,0.0,0.015624523162841797
62.0,0.0,0.0,0.0
192.0,0.0,0.0,0.015506744384765625
52.0,0.0,0.0,0.0
53.0,0.0,0.0,0.015642404556274414
267.0,0.0,0.0,0.02081012725830078
122.0,0.0,0.0,0.008130073547363281
120.0,0.0,0.0,0.008668899536132812
208.0,0.0,0.0,0.012645244598388672
139.0,0.0,0.0,0.008646249771118164
94.0,0.0,0.0,0.006310462951660156
137.0,0.0,0.0,0.008878469467163086
214.0,0.0,0.0,0.017375707626342773
128.0,0.0,0.0,0.008544206619262695
203.0,0.0,0.0,0.013360023498535156
56.0,0.0,0.0,0.0043985843658447266
137.0,0.0,0.0,0.0005116462707519531
206.0,0.0,0.0,0.013134479522705078
109.0,0.0,0.0,0.015014171600341797
35.0,0.0,0.0,0.0
163.0,0.0,0.0,0.016028642654418945
78.0,0.0,0.0,0.0
53.0,0.0,0.0,0.015641450881958008
129.0,0.0,0.0,0.0
66.0,0.0,0.0,0.0
235.0,0.0,0.0,0.015623331069946289
59.0,0.0,0.0,0.0
366.0,0.0,0.0,0.03219914436340332
35.0,0.0,0.0,0.00532078742980957
65.0,0.0,0.0,0.0
237.0,0.0,0.0,0.010183334350585938
65.0,0.0,0.0,0.0006291866302490234
43.0,0.0,0.0,0.0
88.0,0.0,0.0,0.008452653884887695
165.0,0.0,0.0,0.0
58.0,0.0,0.0,0.0
227.0,0.0,0.0,0.015633583068847656
123.0,0.0,0.0,0.0
178.0,0.0,0.0,0.015656471252441406
62.0,0.0,0.0,0.015588998794555664
51.0,0.0,0.0,0.0075190067291259766
95.0,0.0,0.0,0.011844396591186523
192.0,0.0,0.0,0.014713764190673828
188.0,0.0,0.0,0.008111000061035156
100.0,0.0,0.0,0.0
88.0,0.0,0.0,0.0
185.0,0.0,0.0,0.015655517578125
49.0,0.0,0.0,0.0
241.0,0.0,0.0,0.022673368453979492
349.0,0.0,0.0,0.024727582931518555
265.0,0.0,0.0,0.015625
295.0,0.0,0.0,0.0156252384185791
48.0,0.0,0.0,0.0
80.0,0.0,0.0,0.0
46.0,0.0,0.0,0.0
132.0,0.0,0.0,0.015607833862304688
482.0,0.0,0.0,0.03165912628173828
41.0,0.0,0.0,0.0
272.0,0.0,0.0,0.03125572204589844
435.0,0.0,0.0,0.03124547004699707
338.0,0.0,0.0,0.01914072036743164
159.0,0.0,0.0,0.012510299682617188
30.0,0.0,0.0,0.0
43.0,0.0,0.0,0.0
305.0,0.0,0.0,0.015610933303833008
371.0,0.0,0.0,0.015623092651367188
44.0,0.0,0.0,0.0156252384185791
98.0,0.0,0.0,0.009023666381835938
184.0,0.0,0.0,0.014804363250732422
310.0,0.0,0.0,0.023759841918945312
279.0,0.0,0.0,0.017154216766357422
151.0,0.0,0.0,0.01072835922241211
102.0,0.0,0.0,0.008062362670898438
23.0,0.0,0.0,0.0
138.0,0.0,0.0,0.01563286781311035
190.0,0.0,0.0,0.01402139663696289
36.0,0.0,0.0,0.0
215.0,0.0,0.0,0.015130996704101562
92.0,0.0,0.0,0.005811929702758789
86.0,0.0,0.0,0.009256601333618164
129.0,0.0,0.0,0.007048368453979492
26.0,0.0,0.0,0.008136272430419922
322.0,0.0,0.0,0.01565861701965332
500.0,0.0,0.0,0.031612396240234375
134.0,0.0,0.0,0.015638351440429688
418.0,0.0,0.0,0.015628337860107422
165.0,0.0,0.0,0.0
300.0,0.0,0.0,0.015622377395629883
26.0,0.0,0.0,0.0
80.0,0.0,0.0,0.007515430450439453
135.0,0.0,0.0,0.012407779693603516
582.0,0.0,0.0,0.035773515701293945
92.0,0.0,0.0,0.0
137.0,0.0,0.0,0.0156252384185791
71.0,0.0,0.0,0.0
110.0,0.0,0.0,0.015625715255737305
248.0,0.0,0.0,0.016023874282836914
63.0,0.0,0.0,0.0
274.0,0.0,0.0,0.032386064529418945
198.0,0.0,0.0,0.009121179580688477
197.0,0.0,0.0,0.016510009765625
48.0,0.0,0.0,0.0
425.0,0.0,0.0,0.02377033233642578
79.0,0.0,0.0,0.0
89.0,0.0,0.0,0.015656232833862305
86.0,0.0,0.0,0.0
82.0,0.0,0.0,0.01564788818359375
307.0,0.0,0.0,0.015625
67.0,0.0,0.0,0.0
129.0,0.0,0.0,0.007035732269287109
103.0,0.0,0.0,0.004593610763549805
134.0,0.0,0.0,0.01552271842956543
199.0,0.0,0.0,0.013576030731201172
37.0,0.0,0.0,0.004570484161376953
200.0,0.0,0.0,0.0795130729675293
38.0,0.0,0.0,0.0
462.0,0.0,0.0,0.03130531311035156
69.0,0.0,0.0,0.0
116.0,0.0,0.0,0.015623331069946289
55.0,0.0,0.0,0.0
40.0,0.0,0.0,0.0
245.0,0.0,0.0,0.0
900.0,0.0,0.0,0.05803275108337402
73.0,0.0,0.0,0.006791353225708008
117.0,0.0,0.0,0.007605552673339844
65.0,0.0,0.0,0.008087873458862305
127.0,0.0,0.0,0.0
124.0,0.0,0.0,0.01563119888305664
60.0,0.0,0.0,0.0
214.0,0.0,0.0,0.016641855239868164
66.0,0.0,0.0,0.0
148.0,0.0,0.0,0.0
149.0,0.0,0.0,0.015643835067749023
103.0,0.0,0.0,0.0
615.0,0.0,0.0,0.0399019718170166
47.0,0.0,0.0,0.004449129104614258
134.0,0.0,0.0,0.005851030349731445
253.0,0.0,0.0,0.010012626647949219
57.0,0.0,0.0,0.015640974044799805
243.0,0.0,0.0,0.015623807907104492
126.0,0.0,0.0,0.0
249.0,0.0,0.0,0.015625
258.0,0.0,0.0,0.016139984130859375
239.0,0.0,0.0,0.011514902114868164
59.0,0.0,0.0,0.008517265319824219
632.0,0.0,0.0,0.02815723419189453
78.0,0.0,0.0,0.015625715255737305
272.0,0.0,0.0,0.01562356948852539
191.0,0.0,0.0,0.015625715255737305
237.0,0.0,0.0,0.01602649688720703
203.0,0.0,0.0,0.01564645767211914
292.0,0.0,0.0,0.015620946884155273
119.0,0.0,0.0,0.01566290855407715
231.0,0.0,0.0,0.015625
92.0,0.0,0.0,0.0
352.0,0.0,0.0,0.016063451766967773
108.0,0.0,0.0,0.015637636184692383
151.0,0.0,0.0,0.014772653579711914
81.0,0.0,0.0,0.00849771499633789
348.0,0.0,0.0,0.023755311965942383
559.0,0.0,0.0,0.0479128360748291
77.0,0.0,0.0,0.015635967254638672
657.0,0.0,0.0,0.07351541519165039
309.0,0.0,0.0,0.023662328720092773
36.0,0.0,0.0,0.0028862953186035156
344.0,0.0,0.0,0.018262386322021484
40.0,0.0,0.0,0.002637147903442383
475.0,0.0,0.0,0.033875465393066406
239.0,0.0,0.0,0.016032934188842773
103.0,0.0,0.0,0.0
350.0,0.0,0.0,0.029368877410888672
392.0,0.0,0.0,0.02516627311706543
82.0,0.0,0.0,0.0
170.0,0.0,0.0,0.010050058364868164
48.0,0.0,0.0,0.006048440933227539
124.0,0.0,0.0,0.0
79.0,0.0,0.0,0.01567840576171875
137.0,0.0,0.0,0.0
122.0,0.0,0.0,0.0156252384185791
26.0,0.0,0.0,0.0
177.0,0.0,0.0,0.015624523162841797
180.0,0.0,0.0,0.015625476837158203
149.0,0.0,0.0,0.0
165.0,0.0,0.0,0.0
260.0,0.0,0.0,0.01613593101501465
113.0,0.0,0.0,0.015510082244873047
190.0,0.0,0.0,0.018102169036865234
67.0,0.0,0.0,0.004351139068603516
139.0,0.0,0.0,0.018007516860961914
66.0,0.0,0.0,0.0
96.0,0.0,0.0,0.0
332.0,0.0,0.0,0.015625953674316406
286.0,0.0,0.0,0.031647443771362305
46.0,0.0,0.0,0.0
152.0,0.0,0.0,0.015637874603271484
56.0,0.0,0.0,0.0
128.0,0.0,0.0,0.015633821487426758
540.0,0.0,0.0,0.04845428466796875
188.0,0.0,0.0,0.013833284378051758
43.0,0.0,0.0,0.0
284.0,0.0,0.0,0.015774011611938477
113.0,0.0,0.0,0.01896214485168457
30.0,0.0,0.0,0.0
50.0,0.0,0.0,0.0
119.0,0.0,0.0,0.0
91.0,0.0,0.0,0.015659093856811523
66.0,0.0,0.0,0.0
65.0,0.0,0.0,0.015604496002197266
336.0,0.0,0.0,0.016033411026000977
108.0,0.0,0.0,0.0156404972076416
225.0,0.0,0.0,0.0
376.0,0.0,0.0,0.015622615814208984
336.0,0.0,0.0,0.0319828987121582
157.0,0.0,0.0,0.010156869888305664
63.0,0.0,0.0,0.0
156.0,0.0,0.0,0.004548311233520508
71.0,0.0,0.0,0.0
59.0,0.0,0.0,0.015661239624023438
264.0,0.0,0.0,0.01903533935546875
84.0,0.0,0.0,0.005338907241821289
86.0,0.0,0.0,0.0
55.0,0.0,0.0,0.011513471603393555
319.0,0.0,0.0,0.01563858985900879
135.0,0.0,0.0,0.015624523162841797
107.0,0.0,0.0,0.0
149.0,0.0,0.0,0.007010936737060547
85.0,0.0,0.0,0.0
52.0,0.0,0.0,0.0
660.0,0.0,0.0,0.04801177978515625
184.0,0.0,0.0,0.0
124.0,0.0,0.0,0.0
125.0,0.0,0.0,0.016021728515625
54.0,0.0,0.0,0.0
39.0,0.0,0.0,0.0
147.0,0.0,0.0,0.015638113021850586
280.0,0.0,0.0,0.01563119888305664
65.0,0.0,0.0,0.015627145767211914
48.0,0.0,0.0,0.0
277.0,0.0,0.0,0.030517101287841797
219.0,0.0,0.0,0.015679597854614258
187.0,0.0,0.0,0.0163271427154541
38.0,0.0,0.0,0.0
196.0,0.0,0.0,0.014600276947021484
121.0,0.0,0.0,0.007480144500732422
110.0,0.0,0.0,0.0
52.0,0.0,0.0,0.0
380.0,0.0,0.0,0.01561737060546875
277.0,0.0,0.0,0.031670331954956055
171.0,0.0,0.0,0.0
25.0,0.0,0.0,0.01564311981201172
50.0,0.0,0.0,0.0
396.0,0.0,0.0,0.03128242492675781
70.0,0.0,0.0,0.0
286.0,0.0,0.0,0.015607595443725586
79.0,0.0,0.0,0.016845226287841797
341.0,0.0,0.0,0.02299332618713379
87.0,0.0,0.0,0.0
48.0,0.0,0.0,0.015662193298339844
52.0,0.0,0.0,0.0
82.0,0.0,0.0,0.0
64.0,0.0,0.0,0.01564192771911621
313.0,0.0,0.0,0.0156252384185791
47.0,0.0,0.0,0.0
85.0,0.0,0.0,0.0
122.0,0.0,0.0,0.015606880187988281
178.0,0.0,0.0,0.009547948837280273
104.0,0.0,0.0,0.006531238555908203
44.0,0.0,0.0,0.0
42.0,0.0,0.0,0.0
113.0,0.0,0.0,0.0
53.0,0.0,0.0,0.015586614608764648
55.0,0.0,0.0,0.0
77.0,0.0,0.0,0.0
73.0,0.0,0.0,0.019692659378051758
84.0,0.0,0.0,0.008368253707885742
281.0,0.0,0.0,0.016321420669555664
234.0,0.0,0.0,0.01411128044128418
103.0,0.0,0.0,0.010014057159423828
320.0,0.0,0.0,0.015642881393432617
244.0,0.0,0.0,0.015625715255737305
228.0,0.0,0.0,0.015624523162841797
183.0,0.0,0.0,0.015625715255737305
233.0,0.0,0.0,0.02763962745666504
102.0,0.0,0.0,0.008020639419555664
76.0,0.0,0.0,0.008149862289428711
30.0,0.0,0.0,0.0028543472290039062
169.0,0.0,0.0,0.014570951461791992
329.0,0.0,0.0,0.015034675598144531
31.0,0.0,0.0,0.015672922134399414
197.0,0.0,0.0,0.0
108.0,0.0,0.0,0.0
122.0,0.0,0.0,0.015547990798950195
215.0,0.0,0.0,0.01568007469177246
102.0,0.0,0.0,0.0
122.0,0.0,0.0,0.015607833862304688
77.0,0.0,0.0,0.0
122.0,0.0,0.0,0.01564192771911621
28.0,0.0,0.0,0.0
128.0,0.0,0.0,0.01585102081298828
333.0,0.0,0.0,0.015622138977050781
379.0,0.0,0.0,0.03138995170593262
145.0,0.0,0.0,0.007445812225341797
37.0,0.0,0.0,0.00752568244934082
211.0,0.0,0.0,0.016521930694580078
261.0,0.0,0.0,0.008282184600830078
44.0,0.0,0.0,0.01562643051147461
205.0,0.0,0.0,0.0156252384185791
51.0,0.0,0.0,0.0
116.0,0.0,0.0,0.0
125.0,0.0,0.0,0.0010161399841308594
81.0,0.0,0.0,0.0
71.0,0.0,0.0,0.0
307.0,0.0,0.0,0.015623331069946289
200.0,0.0,0.0,0.015625476837158203
440.0,0.0,0.0,0.045766592025756836
33.0,0.0,0.0,0.0030493736267089844
815.0,0.0,0.0,0.04316830635070801
61.0,0.0,0.0,0.0
132.0,0.0,0.0,0.0
59.0,0.0,0.0,0.0
92.0,0.0,0.0,0.0
324.0,0.0,0.0,0.0256500244140625
66.0,0.0,0.0,0.003298521041870117
301.0,0.0,0.0,0.02501511573791504
123.0,0.0,0.0,0.0066606998443603516
113.0,0.0,0.0,0.0
386.0,0.0,0.0,0.024056673049926758
117.0,0.0,0.0,0.0
207.0,0.0,0.0,0.015582561492919922
64.0,0.0,0.0,0.015657901763916016
92.0,0.0,0.0,0.0
37.0,0.0,0.0,0.0
140.0,0.0,0.0,0.0
52.0,0.0,0.0,0.015628576278686523
34.0,0.0,0.0,0.0
254.0,0.0,0.0,0.015624046325683594
126.0,0.0,0.0,0.015621662139892578
307.0,0.0,0.0,0.01915144920349121
90.0,0.0,0.0,0.01250910758972168
222.0,0.0,0.0,0.017603158950805664
105.0,0.0,0.0,0.008845090866088867
56.0,0.0,0.0,0.003637075424194336
44.0,0.0,0.0,0.003103494644165039
243.0,0.0,0.0,0.019505739212036133
63.0,0.0,0.0,0.0068128108978271484
185.0,0.0,0.0,0.011384010314941406
211.0,0.0,0.0,0.013773918151855469
121.0,0.0,0.0,0.01299738883972168
49.0,0.0,0.0,0.00397801399230957
697.0,0.0,0.0,0.05156540870666504
71.0,0.0,0.0,0.0
120.0,0.0,0.0,0.008032560348510742
153.0,0.0,0.0,0.008384943008422852
62.0,0.0,0.0,0.0
57.0,0.0,0.0,0.01588892936706543
112.0,0.0,0.0,0.0
132.0,0.0,0.0,0.015400171279907227
77.0,0.0,0.0,0.0
347.0,0.0,0.0,0.031249523162841797
133.0,0.0,0.0,0.0
61.0,0.0,0.0,0.0
339.0,0.0,0.0,0.034160614013671875
281.0,0.0,0.0,0.029445886611938477
367.0,0.0,0.0,0.015602350234985352
103.0,0.0,0.0,0.01569843292236328
118.0,0.0,0.0,0.0
377.0,0.0,0.0,0.01667046546936035
60.0,0.0,0.0,0.0
93.0,0.0,0.0,0.0
51.0,0.0,0.0,0.0
335.0,0.0,0.0,0.03125286102294922
45.0,0.0,0.0,0.0
377.0,0.0,0.0,0.031250953674316406
28.0,0.0,0.0,0.0
122.0,0.0,0.0,0.0
116.0,0.0,0.0,0.010510683059692383
43.0,0.0,0.0,0.0
250.0,0.0,0.0,0.015642642974853516
76.0,0.0,0.0,0.015622138977050781
227.0,0.0,0.0,0.015624284744262695
91.0,0.0,0.0,0.0
177.0,0.0,0.0,0.023869037628173828
56.0,0.0,0.0,0.005902528762817383
178.0,0.0,0.0,0.013039588928222656
254.0,0.0,0.0,0.01301884651184082
121.0,0.0,0.0,0.016590118408203125
424.0,0.0,0.0,0.012982368469238281
111.0,0.0,0.0,0.0
164.0,0.0,0.0,0.02038741111755371
489.0,0.0,0.0,0.0337376594543457
70.0,0.0,0.0,0.0
372.0,0.0,0.0,0.031214475631713867
82.0,0.0,0.0,0.0
74.0,0.0,0.0,0.015625715255737305
139.0,0.0,0.0,0.0
77.0,0.0,0.0,0.015624523162841797
83.0,0.0,0.0,0.0
48.0,0.0,0.0,0.0
24.0,0.0,0.0,0.015625715255737305
117.0,0.0,0.0,0.004015445709228516
38.0,0.0,0.0,0.0
193.0,0.0,0.0,0.012014389038085938
193.0,0.0,0.0,0.025417327880859375
156.0,0.0,0.0,0.00755000114440918
278.0,0.0,0.0,0.017651081085205078
35.0,0.0,0.0,0.007730245590209961
119.0,0.0,0.0,0.007668018341064453
49.0,0.0,0.0,0.008124113082885742
121.0,0.0,0.0,0.0
81.0,0.0,0.0,0.015629053115844727
645.0,0.0,0.0,0.031249284744262695
37.0,0.0,0.0,0.015627622604370117
72.0,0.0,0.0,0.0
48.0,0.0,0.0,0.0
80.0,0.0,0.0,0.015624523162841797
54.0,0.0,0.0,0.0
69.0,0.0,0.0,0.011515140533447266
71.0,0.0,0.0,0.004515171051025391
70.0,0.0,0.0,0.0
492.0,0.0,0.0,0.0312657356262207
43.0,0.0,0.0,0.0
234.0,0.0,0.0,0.006511688232421875
197.0,0.0,0.0,0.01564812660217285
400.0,0.0,0.0,0.027095556259155273
99.0,0.0,0.0,0.012547731399536133
44.0,0.0,0.0,0.0
189.0,0.0,0.0,0.015678882598876953
198.0,0.0,0.0,0.015589237213134766
236.0,0.0,0.0,0.015623092651367188
66.0,0.0,0.0,0.015630245208740234
155.0,0.0,0.0,0.015017509460449219
93.0,0.0,0.0,0.0
67.0,0.0,0.0,0.0
65.0,0.0,0.0,0.01831221580505371
271.0,0.0,0.0,0.015100240707397461
198.0,0.0,0.0,0.008071422576904297
258.0,0.0,0.0,0.015624761581420898
55.0,0.0,0.0,0.0
262.0,0.0,0.0,0.015629291534423828
233.0,0.0,0.0,0.0
73.0,0.0,0.0,0.0
134.0,0.0,0.0,0.015639066696166992
26.0,0.0,0.0,0.0
55.0,0.0,0.0,0.0
206.0,0.0,0.0,0.01563119888305664
37.0,0.0,0.0,0.014978170394897461
152.0,0.0,0.0,0.016513824462890625
75.0,0.0,0.0,0.00725245475769043
691.0,0.0,0.0,0.04792451858520508
55.0,0.0,0.0,0.0
87.0,0.0,0.0,0.0
53.0,0.0,0.0,0.0
42.0,0.0,0.0,0.0
64.0,0.0,0.0,0.0
196.0,0.0,0.0,0.0
204.0,0.0,0.0,0.015624046325683594
113.0,0.0,0.0,0.019643068313598633
157.0,0.0,0.0,0.012013912200927734
805.0,0.0,0.0,0.0468907356262207
317.0,0.0,0.0,0.015625953674316406
284.0,0.0,0.0,0.027177095413208008
64.0,0.0,0.0,0.0
131.0,0.0,0.0,0.012513875961303711
264.0,0.0,0.0,0.02396392822265625
226.0,0.0,0.0,0.016046524047851562
79.0,0.0,0.0,0.0
346.0,0.0,0.0,0.03127002716064453
30.0,0.0,0.0,0.0
114.0,0.0,0.0,0.0
345.0,0.0,0.0,0.0198822021484375
197.0,0.0,0.0,0.008935928344726562
368.0,0.0,0.0,0.016375064849853516
175.0,0.0,0.0,0.015630245208740234
239.0,0.0,0.0,0.015624284744262695
54.0,0.0,0.0,0.0
44.0,0.0,0.0,0.0
285.0,0.0,0.0,0.0156402587890625
105.0,0.0,0.0,0.0
210.0,0.0,0.0,0.015626192092895508
419.0,0.0,0.0,0.039880990982055664
105.0,0.0,0.0,0.04700326919555664
38.0,0.0,0.0,0.0027801990509033203
714.0,0.0,0.0,0.05565333366394043
100.0,0.0,0.0,0.015018701553344727
110.0,0.0,0.0,0.0
116.0,0.0,0.0,0.01567816734313965
282.0,0.0,0.0,0.0156252384185791
321.0,0.0,0.0,0.0312502384185791
372.0,0.0,0.0,0.022643327713012695
413.0,0.0,0.0,0.02467489242553711
31.0,0.0,0.0,0.0
41.0,0.0,0.0,0.0
256.0,0.0,0.0,0.016509532928466797
214.0,0.0,0.0,0.016302108764648438
163.0,0.0,0.0,0.008230209350585938
240.0,0.0,0.0,0.019627094268798828
163.0,0.0,0.0,0.005505561828613281
113.0,0.0,0.0,0.0
37.0,0.0,0.0,0.0
174.0,0.0,0.0,0.019354820251464844
38.0,0.0,0.0,0.003340005874633789
52.0,0.0,0.0,0.004950284957885742
39.0,0.0,0.0,0.007600307464599609
165.0,0.0,0.0,0.011010408401489258
248.0,0.0,0.0,0.020798444747924805
92.0,0.0,0.0,0.00816202163696289
64.0,0.0,0.0,0.005033016204833984
24.0,0.0,0.0,0.006089925765991211
91.0,0.0,0.0,0.008054733276367188
276.0,0.0,0.0,0.018498659133911133
65.0,0.0,0.0,0.0070035457611083984
310.0,0.0,0.0,0.025796175003051758
108.0,0.0,0.0,0.008743047714233398
66.0,0.0,0.0,0.0053863525390625
323.0,0.0,0.0,0.015096902847290039
262.0,0.0,0.0,0.015630483627319336
264.0,0.0,0.0,0.015624761581420898
190.0,0.0,0.0,0.01562643051147461
66.0,0.0,0.0,0.013013601303100586
64.0,0.0,0.0,0.003011465072631836
214.0,0.0,0.0,0.015642166137695312
304.0,0.0,0.0,0.015623807907104492
148.0,0.0,0.0,0.015624761581420898
29.0,0.0,0.0,0.0
72.0,0.0,0.0,0.0
720.0,0.0,0.0,0.050389766693115234
307.0,0.0,0.0,0.02815389633178711
65.0,0.0,0.0,0.0
54.0,0.0,0.0,0.0
57.0,0.0,0.0,0.017406940460205078
63.0,0.0,0.0,0.003349781036376953
86.0,0.0,0.0,0.006013154983520508
104.0,0.0,0.0,0.010012388229370117
48.0,0.0,0.0,0.0
258.0,0.0,0.0,0.015639066696166992
91.0,0.0,0.0,0.01723957061767578
395.0,0.0,0.0,0.015857458114624023
440.0,0.0,0.0,0.03361940383911133
73.0,0.0,0.0,0.008727312088012695
65.0,0.0,0.0,0.007549762725830078
94.0,0.0,0.0,0.008190393447875977
50.0,0.0,0.0,0.0
75.0,0.0,0.0,0.010548114776611328
67.0,0.0,0.0,0.005030632019042969
167.0,0.0,0.0,0.0
122.0,0.0,0.0,0.0
77.0,0.0,0.0,0.015607357025146484
366.0,0.0,0.0,0.015604972839355469
149.0,0.0,0.0,0.015628337860107422
122.0,0.0,0.0,0.016584396362304688
44.0,0.0,0.0,0.007513761520385742
193.0,0.0,0.0,0.01851058006286621
91.0,0.0,0.0,0.0
113.0,0.0,0.0,0.007977485656738281
173.0,0.0,0.0,0.0
411.0,0.0,0.0,0.031255245208740234
314.0,0.0,0.0,0.0156252384185791
31.0,0.0,0.0,0.0
80.0,0.0,0.0,0.005011081695556641
138.0,0.0,0.0,0.011010885238647461
31.0,0.0,0.0,0.0
105.0,0.0,0.0,0.0
570.0,0.0,0.0,0.04688906669616699
50.0,0.0,0.0,0.0
1105.0,0.0,0.0,0.0629122257232666
96.0,0.0,0.0,0.0
103.0,0.0,0.0,0.0
99.0,0.0,0.0,0.0
49.0,0.0,0.0,0.0
54.0,0.0,0.0,0.015625
83.0,0.0,0.0,0.0
90.0,0.0,0.0,0.015620708465576172
430.0,0.0,0.0,0.017162084579467773
49.0,0.0,0.0,0.0024971961975097656
78.0,0.0,0.0,0.0058441162109375
52.0,0.0,0.0,0.008959293365478516
70.0,0.0,0.0,0.007479190826416016
185.0,0.0,0.0,0.01702284812927246
398.0,0.0,0.0,0.024490833282470703
33.0,0.0,0.0,0.0
41.0,0.0,0.0,0.015655994415283203
133.0,0.0,0.0,0.003518342971801758
84.0,0.0,0.0,0.01251530647277832
59.0,0.0,0.0,0.0
68.0,0.0,0.0,0.0
57.0,0.0,0.0,0.01567673683166504
49.0,0.0,0.0,0.0
103.0,0.0,0.0,0.015587568283081055
483.0,0.0,0.0,0.03125262260437012
162.0,0.0,0.0,0.0
335.0,0.0,0.0,0.016026020050048828
61.0,0.0,0.0,0.0
260.0,0.0,0.0,0.015642881393432617
325.0,0.0,0.0,0.03125596046447754
236.0,0.0,0.0,0.015614748001098633
243.0,0.0,0.0,0.015624761581420898
98.0,0.0,0.0,0.0
99.0,0.0,0.0,0.0
195.0,0.0,0.0,0.025235652923583984
48.0,0.0,0.0,0.00652003288269043
62.0,0.0,0.0,0.004069805145263672
242.0,0.0,0.0,0.015911102294921875
77.0,0.0,0.0,0.007586956024169922
48.0,0.0,0.0,0.0
34.0,0.0,0.0,0.0
518.0,0.0,0.0,0.032770395278930664
73.0,0.0,0.0,0.008054494857788086
141.0,0.0,0.0,0.009176492691040039
214.0,0.0,0.0,0.01454925537109375
120.0,0.0,0.0,0.0
256.0,0.0,0.0,0.03130531311035156
285.0,0.0,0.0,0.015624523162841797
84.0,0.0,0.0,0.0
94.0,0.0,0.0,0.0
291.0,0.0,0.0,0.015512228012084961
249.0,0.0,0.0,0.0156404972076416
290.0,0.0,0.0,0.023878097534179688
110.0,0.0,0.0,0.007429838180541992
44.0,0.0,0.0,0.0
73.0,0.0,0.0,0.0020329952239990234
26.0,0.0,0.0,0.0
133.0,0.0,0.0,0.0
44.0,0.0,0.0,0.0
50.0,0.0,0.0,0.0
113.0,0.0,0.0,0.0
119.0,0.0,0.0,0.0
82.0,0.0,0.0,0.0
101.0,0.0,0.0,0.0
108.0,0.0,0.0,0.015657663345336914
225.0,0.0,0.0,0.015587568283081055
141.0,0.0,0.0,0.0
131.0,0.0,0.0,0.012015342712402344
57.0,0.0,0.0,0.0
73.0,0.0,0.0,0.0
127.0,0.0,0.0,0.01562047004699707
102.0,0.0,0.0,0.0
114.0,0.0,0.0,0.015624761581420898
135.0,0.0,0.0,0.0
261.0,0.0,0.0,0.015625
33.0,0.0,0.0,0.0
90.0,0.0,0.0,0.0
95.0,0.0,0.0,0.015628576278686523
118.0,0.0,0.0,0.006510019302368164
35.0,0.0,0.0,0.009519577026367188
95.0,0.0,0.0,0.0
72.0,0.0,0.0,0.0
47.0,0.0,0.0,0.0
231.0,0.0,0.0,0.01562047004699707
143.0,0.0,0.0,0.0
25.0,0.0,0.0,0.0
39.0,0.0,0.0,0.0
180.0,0.0,0.0,0.015621185302734375
571.0,0.0,0.0,0.043599605560302734
117.0,0.0,0.0,0.014385700225830078
69.0,0.0,0.0,0.0
266.0,0.0,0.0,0.023883342742919922
123.0,0.0,0.0,0.0
40.0,0.0,0.0,0.0
105.0,0.0,0.0,0.0
53.0,0.0,0.0,0.0
228.0,0.0,0.0,0.015607118606567383
236.0,0.0,0.0,0.0025322437286376953
222.0,0.0,0.0,0.015627145767211914
151.0,0.0,0.0,0.02167820930480957
93.0,0.0,0.0,0.007731437683105469
125.0,0.0,0.0,0.008018732070922852
169.0,0.0,0.0,0.015857219696044922
202.0,0.0,0.0,0.005514860153198242
87.0,0.0,0.0,0.0
55.0,0.0,0.0,0.0
189.0,0.0,0.0,0.008094072341918945
110.0,0.0,0.0,0.01565694808959961
418.0,0.0,0.0,0.01559305191040039
36.0,0.0,0.0,0.0
36.0,0.0,0.0,0.0
41.0,0.0,0.0,0.0
541.0,0.0,0.0,0.03167414665222168
127.0,0.0,0.0,0.015624523162841797
155.0,0.0,0.0,0.015626907348632812
35.0,0.0,0.0,0.0
40.0,0.0,0.0,0.0
61.0,0.0,0.0,0.0
137.0,0.0,0.0,0.01603388786315918
133.0,0.0,0.0,0.0
101.0,0.0,0.0,0.020591020584106445
144.0,0.0,0.0,0.010030508041381836
82.0,0.0,0.0,0.00836038589477539
49.0,0.0,0.0,0.0026407241821289062
94.0,0.0,0.0,0.008700132369995117
60.0,0.0,0.0,0.005510091781616211
671.0,0.0,0.0,0.04946708679199219
82.0,0.0,0.0,0.00543975830078125
175.0,0.0,0.0,0.012133359909057617
297.0,0.0,0.0,0.01881098747253418
113.0,0.0,0.0,0.0091705322265625
34.0,0.0,0.0,0.0
132.0,0.0,0.0,0.014517068862915039
42.0,0.0,0.0,0.0
186.0,0.0,0.0,0.019655466079711914
327.0,0.0,0.0,0.012010812759399414
205.0,0.0,0.0,0.015645980834960938
153.0,0.0,0.0,0.02466297149658203
113.0,0.0,0.0,0.00701594352722168
285.0,0.0,0.0,0.024405956268310547
76.0,0.0,0.0,0.00613713264465332
245.0,0.0,0.0,0.014335155487060547
22.0,0.0,0.0,0.00047206878662109375
196.0,0.0,0.0,0.015141010284423828
406.0,0.0,0.0,0.015642881393432617
200.0,0.0,0.0,0.015603303909301758
225.0,0.0,0.0,0.015624761581420898
24.0,0.0,0.0,0.0156252384185791
211.0,0.0,0.0,0.009015560150146484
49.0,0.0,0.0,0.0
317.0,0.0,0.0,0.01564192771911621
117.0,0.0,0.0,0.0156252384185791
42.0,0.0,0.0,0.0
109.0,0.0,0.0,0.015624761581420898
261.0,0.0,0.0,0.015624761581420898
96.0,0.0,0.0,0.0
186.0,0.0,0.0,0.01562809944152832
203.0,0.0,0.0,0.0160367488861084
209.0,0.0,0.0,0.015642642974853516
307.0,0.0,0.0,0.011510372161865234
330.0,0.0,0.0,0.015639781951904297
194.0,0.0,0.0,0.0
78.0,0.0,0.0,0.015622138977050781
177.0,0.0,0.0,0.005010128021240234
66.0,0.0,0.0,0.0
143.0,0.0,0.0,0.021591663360595703
217.0,0.0,0.0,0.01474308967590332
283.0,0.0,0.0,0.031215906143188477
142.0,0.0,0.0,0.015518426895141602
165.0,0.0,0.0,0.01564192771911621
44.0,0.0,0.0,0.0
131.0,0.0,0.0,0.015622138977050781
385.0,0.0,0.0,0.04320120811462402
23.0,0.0,0.0,0.0012938976287841797
31.0,0.0,0.0,0.0
129.0,0.0,0.0,0.016035079956054688
135.0,0.0,0.0,0.012898921966552734
224.0,0.0,0.0,0.01636958122253418
356.0,0.0,0.0,0.0242617130279541
296.0,0.0,0.0,0.024056434631347656
168.0,0.0,0.0,0.0
408.0,0.0,0.0,0.03166317939758301
44.0,0.0,0.0,0.0
59.0,0.0,0.0,0.015622377395629883
233.0,0.0,0.0,0.015628814697265625
79.0,0.0,0.0,0.0
109.0,0.0,0.0,0.015622377395629883
76.0,0.0,0.0,0.0
164.0,0.0,0.0,0.015628576278686523
522.0,0.0,0.0,0.031641244888305664
23.0,0.0,0.0,0.0
107.0,0.0,0.0,0.015645503997802734
73.0,0.0,0.0,0.0
137.0,0.0,0.0,0.015624761581420898
569.0,0.0,0.0,0.031247615814208984
66.0,0.0,0.0,0.0
60.0,0.0,0.0,0.0
70.0,0.0,0.0,0.004517078399658203
150.0,0.0,0.0,0.0
60.0,0.0,0.0,0.015642881393432617
312.0,0.0,0.0,0.023614168167114258
121.0,0.0,0.0,0.009502172470092773
46.0,0.0,0.0,0.0
201.0,0.0,0.0,0.008270263671875
155.0,0.0,0.0,0.015622615814208984
209.0,0.0,0.0,0.015513896942138672
217.0,0.0,0.0,0.015644550323486328
367.0,0.0,0.0,0.031249046325683594
60.0,0.0,0.0,0.0
80.0,0.0,0.0,0.015621423721313477
93.0,0.0,0.0,0.010090827941894531
131.0,0.0,0.0,0.016153812408447266
31.0,0.0,0.0,0.003572225570678711
48.0,0.0,0.0,0.00455164909362793
93.0,0.0,0.0,0.008735418319702148
453.0,0.0,0.0,0.026744604110717773
84.0,0.0,0.0,0.0
141.0,0.0,0.0,0.015624523162841797
123.0,0.0,0.0,0.016870498657226562
114.0,0.0,0.0,0.006880044937133789
110.0,0.0,0.0,0.008244991302490234
479.0,0.0,0.0,0.0431060791015625
117.0,0.0,0.0,0.0
184.0,0.0,0.0,0.015659809112548828
58.0,0.0,0.0,0.0
90.0,0.0,0.0,0.015608072280883789
450.0,0.0,0.0,0.031252145767211914
61.0,0.0,0.0,0.0
44.0,0.0,0.0,0.0
91.0,0.0,0.0,0.0
102.0,0.0,0.0,0.015642404556274414
374.0,0.0,0.0,0.025946855545043945
42.0,0.0,0.0,0.0061130523681640625
200.0,0.0,0.0,0.015642166137695312
113.0,0.0,0.0,0.0
123.0,0.0,0.0,0.01562809944152832
83.0,0.0,0.0,0.0
59.0,0.0,0.0,0.004524946212768555
128.0,0.0,0.0,0.0
78.0,0.0,0.0,0.015644550323486328
40.0,0.0,0.0,0.0
166.0,0.0,0.0,0.017469167709350586
222.0,0.0,0.0,0.012277364730834961
264.0,0.0,0.0,0.009042024612426758
106.0,0.0,0.0,0.01567697525024414
180.0,0.0,0.0,0.015516519546508789
202.0,0.0,0.0,0.0
110.0,0.0,0.0,0.0
112.0,0.0,0.0,0.015622377395629883
379.0,0.0,0.0,0.015625476837158203
87.0,0.0,0.0,0.0
465.0,0.0,0.0,0.08225750923156738
267.0,0.0,0.0,0.01563286781311035
50.0,0.0,0.0,0.015625715255737305
236.0,0.0,0.0,0.01562356948852539
285.0,0.0,0.0,0.018077850341796875
75.0,0.0,0.0,0.007996559143066406
35.0,0.0,0.0,0.0
83.0,0.0,0.0,0.00802469253540039
206.0,0.0,0.0,0.01564478874206543
386.0,0.0,0.0,0.029116392135620117
103.0,0.0,0.0,0.005753278732299805
136.0,0.0,0.0,0.008767366409301758
101.0,0.0,0.0,0.0
41.0,0.0,0.0,0.0
80.0,0.0,0.0,0.007010698318481445
115.0,0.0,0.0,0.0
26.0,0.0,0.0,0.01567864418029785
146.0,0.0,0.0,0.0
112.0,0.0,0.0,0.015624046325683594
162.0,0.0,0.0,0.015625
210.0,0.0,0.0,0.0
227.0,0.0,0.0,0.0
85.0,0.0,0.0,0.005013704299926758
84.0,0.0,0.0,0.0
266.0,0.0,0.0,0.011010169982910156
191.0,0.0,0.0,0.0
50.0,0.0,0.0,0.015599727630615234
99.0,0.0,0.0,0.0
423.0,0.0,0.0,0.03125190734863281
287.0,0.0,0.0,0.03165078163146973
115.0,0.0,0.0,0.015639543533325195
237.0,0.0,0.0,0.015624523162841797
273.0,0.0,0.0,0.036726951599121094
131.0,0.0,0.0,0.01356816291809082
254.0,0.0,0.0,0.02065110206604004
73.0,0.0,0.0,0.004680633544921875
430.0,0.0,0.0,0.02628922462463379
113.0,0.0,0.0,0.007372140884399414
102.0,0.0,0.0,0.006623268127441406
177.0,0.0,0.0,0.01082468032836914
78.0,0.0,0.0,0.0050601959228515625
133.0,0.0,0.0,0.008378982543945312
101.0,0.0,0.0,0.006577491760253906
340.0,0.0,0.0,0.014549493789672852
60.0,0.0,0.0,0.0
149.0,0.0,0.0,0.016468286514282227
208.0,0.0,0.0,0.01552438735961914
71.0,0.0,0.0,0.008379220962524414
189.0,0.0,0.0,0.0050165653228759766
115.0,0.0,0.0,0.008308172225952148
126.0,0.0,0.0,0.007868051528930664
414.0,0.0,0.0,0.032035112380981445
45.0,0.0,0.0,0.0
42.0,0.0,0.0,0.0
192.0,0.0,0.0,0.015633106231689453
35.0,0.0,0.0,0.0
302.0,0.0,0.0,0.031245708465576172
104.0,0.0,0.0,0.0
122.0,0.0,0.0,0.004015684127807617
82.0,0.0,0.0,0.01564192771911621
343.0,0.0,0.0,0.0312504768371582
46.0,0.0,0.0,0.0
77.0,0.0,0.0,0.0
65.0,0.0,0.0,0.0
64.0,0.0,0.0,0.0
482.0,0.0,0.0,0.03164339065551758
238.0,0.0,0.0,0.01564621925354004
262.0,0.0,0.0,0.031249284744262695
209.0,0.0,0.0,0.015622615814208984
157.0,0.0,0.0,0.0
225.0,0.0,0.0,0.008519411087036133
200.0,0.0,0.0,0.0
143.0,0.0,0.0,0.0
51.0,0.0,0.0,0.0
103.0,0.0,0.0,0.005517005920410156
149.0,0.0,0.0,0.011104822158813477
86.0,0.0,0.0,0.0016911029815673828
159.0,0.0,0.0,0.003011465072631836
107.0,0.0,0.0,0.0
57.0,0.0,0.0,0.012530088424682617
96.0,0.0,0.0,0.0
224.0,0.0,0.0,0.01566147804260254
103.0,0.0,0.0,0.0
80.0,0.0,0.0,0.0
118.0,0.0,0.0,0.0
173.0,0.0,0.0,0.023519277572631836
93.0,0.0,0.0,0.00870823860168457
69.0,0.0,0.0,0.0
143.0,0.0,0.0,0.00808858871459961
76.0,0.0,0.0,0.0025339126586914062
163.0,0.0,0.0,0.0019218921661376953
220.0,0.0,0.0,0.025221824645996094
66.0,0.0,0.0,0.00792384147644043
76.0,0.0,0.0,0.0063991546630859375
63.0,0.0,0.0,0.0
172.0,0.0,0.0,0.008181333541870117
67.0,0.0,0.0,0.0
92.0,0.0,0.0,0.0
325.0,0.0,0.0,0.028676271438598633
82.0,0.0,0.0,0.0030486583709716797
728.0,0.0,0.0,0.046903371810913086
44.0,0.0,0.0,0.0
153.0,0.0,0.0,0.01587367057800293
154.0,0.0,0.0,0.0
49.0,0.0,0.0,0.0
256.0,0.0,0.0,0.019152164459228516
570.0,0.0,0.0,0.035894155502319336
196.0,0.0,0.0,0.010551214218139648
64.0,0.0,0.0,0.0
399.0,0.0,0.0,0.03130388259887695
58.0,0.0,0.0,0.0
93.0,0.0,0.0,0.015849590301513672
46.0,0.0,0.0,0.0
75.0,0.0,0.0,0.015012025833129883
270.0,0.0,0.0,0.015642404556274414
143.0,0.0,0.0,0.015624284744262695
177.0,0.0,0.0,0.015622615814208984
145.0,0.0,0.0,0.006639242172241211
165.0,0.0,0.0,0.0081329345703125
97.0,0.0,0.0,0.0
34.0,0.0,0.0,0.0015304088592529297
241.0,0.0,0.0,0.01565861701965332
117.0,0.0,0.0,0.0
77.0,0.0,0.0,0.015604257583618164
123.0,0.0,0.0,0.0
425.0,0.0,0.0,0.03125596046447754
110.0,0.0,0.0,0.017932415008544922
314.0,0.0,0.0,0.027074575424194336
249.0,0.0,0.0,0.016222238540649414
177.0,0.0,0.0,0.008120059967041016
300.0,0.0,0.0,0.015630006790161133
98.0,0.0,0.0,0.0
86.0,0.0,0.0,0.0
376.0,0.0,0.0,0.03164935111999512
198.0,0.0,0.0,0.0208132266998291
910.0,0.0,0.0,0.04043769836425781
137.0,0.0,0.0,0.0
531.0,0.0,0.0,0.03165030479431152
116.0,0.0,0.0,0.0
108.0,0.0,0.0,0.015623092651367188
209.0,0.0,0.0,0.015634775161743164
111.0,0.0,0.0,0.0
269.0,0.0,0.0,0.01688218116760254
171.0,0.0,0.0,0.01660943031311035
33.0,0.0,0.0,0.006574392318725586
626.0,0.0,0.0,0.033455610275268555
219.0,0.0,0.0,0.015616416931152344
73.0,0.0,0.0,0.0
332.0,0.0,0.0,0.02067732810974121
24.0,0.0,0.0,0.0
62.0,0.0,0.0,0.01101374626159668
187.0,0.0,0.0,0.0
212.0,0.0,0.0,0.0
199.0,0.0,0.0,0.015623092651367188
70.0,0.0,0.0,0.015623807907104492
47.0,0.0,0.0,0.0
426.0,0.0,0.0,0.031250953674316406
86.0,0.0,0.0,0.011010885238647461
213.0,0.0,0.0,0.005011081695556641
97.0,0.0,0.0,0.018244504928588867
98.0,0.0,0.0,0.007986068725585938
226.0,0.0,0.0,0.01351475715637207
65.0,0.0,0.0,0.0
92.0,0.0,0.0,0.0156400203704834
386.0,0.0,0.0,0.015628337860107422
180.0,0.0,0.0,0.024138212203979492
297.0,0.0,0.0,0.007513761520385742
199.0,0.0,0.0,0.01563858985900879
410.0,0.0,0.0,0.03937983512878418
318.0,0.0,0.0,0.02186131477355957
240.0,0.0,0.0,0.01308441162109375
149.0,0.0,0.0,0.011019706726074219
46.0,0.0,0.0,0.0
23.0,0.0,0.0,0.0
104.0,0.0,0.0,0.01566004753112793
31.0,0.0,0.0,0.0
71.0,0.0,0.0,0.0
70.0,0.0,0.0,0.0
106.0,0.0,0.0,0.0
49.0,0.0,0.0,0.015624046325683594
292.0,0.0,0.0,0.015626192092895508
42.0,0.0,0.0,0.0
199.0,0.0,0.0,0.0266416072845459
154.0,0.0,0.0,0.013161897659301758
186.0,0.0,0.0,0.019039154052734375
277.0,0.0,0.0,0.024427175521850586
55.0,0.0,0.0,0.0
76.0,0.0,0.0,0.0
107.0,0.0,0.0,0.008203506469726562
130.0,0.0,0.0,0.0
1126.0,0.0,0.0,0.06302928924560547
60.0,0.0,0.0,0.01558995246887207
193.0,0.0,0.0,0.0
257.0,0.0,0.0,0.01562786102294922
21.0,0.0,0.0,0.0
263.0,0.0,0.0,0.029157638549804688
79.0,0.0,0.0,0.010084867477416992
179.0,0.0,0.0,0.011818408966064453
93.0,0.0,0.0,0.008393526077270508
93.0,0.0,0.0,0.008570194244384766
95.0,0.0,0.0,0.00805974006652832
341.0,0.0,0.0,0.026366710662841797
259.0,0.0,0.0,0.012844324111938477
244.0,0.0,0.0,0.016815900802612305
89.0,0.0,0.0,0.0060482025146484375
60.0,0.0,0.0,0.003798246383666992
204.0,0.0,0.0,0.0062122344970703125
109.0,0.0,0.0,0.015056371688842773
70.0,0.0,0.0,0.0
26.0,0.0,0.0,0.0
170.0,0.0,0.0,0.007012128829956055
96.0,0.0,0.0,0.0
52.0,0.0,0.0,0.0
58.0,0.0,0.0,0.0
153.0,0.0,0.0,0.01552438735961914
128.0,0.0,0.0,0.0
119.0,0.0,0.0,0.0
156.0,0.0,0.0,0.015593290328979492
64.0,0.0,0.0,0.0
211.0,0.0,0.0,0.015623807907104492
516.0,0.0,0.0,0.031668901443481445
55.0,0.0,0.0,0.01562666893005371
141.0,0.0,0.0,0.0
77.0,0.0,0.0,0.015623807907104492
88.0,0.0,0.0,0.0
33.0,0.0,0.0,0.0
418.0,0.0,0.0,0.01563429832458496
116.0,0.0,0.0,0.021151065826416016
57.0,0.0,0.0,0.0
77.0,0.0,0.0,0.010548114776611328
183.0,0.0,0.0,0.01780557632446289
169.0,0.0,0.0,0.014696359634399414
381.0,0.0,0.0,0.021915435791015625
186.0,0.0,0.0,0.015630483627319336
54.0,0.0,0.0,0.0
290.0,0.0,0.0,0.016638517379760742
188.0,0.0,0.0,0.01501321792602539
143.0,0.0,0.0,0.015640735626220703
50.0,0.0,0.0,0.0
596.0,0.0,0.0,0.04060530662536621
36.0,0.0,0.0,0.0
149.0,0.0,0.0,0.014932632446289062
54.0,0.0,0.0,0.004001617431640625
51.0,0.0,0.0,0.0
187.0,0.0,0.0,0.008218526840209961
225.0,0.0,0.0,0.008208990097045898
102.0,0.0,0.0,0.0
141.0,0.0,0.0,0.01562809944152832
209.0,0.0,0.0,0.01565694808959961
50.0,0.0,0.0,0.0
78.0,0.0,0.0,0.0
278.0,0.0,0.0,0.023104429244995117
33.0,0.0,0.0,0.0
240.0,0.0,0.0,0.015642166137695312
102.0,0.0,0.0,0.0
40.0,0.0,0.0,0.015625715255737305
362.0,0.0,0.0,0.015623807907104492
207.0,0.0,0.0,0.015624761581420898
199.0,0.0,0.0,0.015623092651367188
391.0,0.0,0.0,0.03168153762817383
92.0,0.0,0.0,0.0
448.0,0.0,0.0,0.015650510787963867
272.0,0.0,0.0,0.031232833862304688
318.0,0.0,0.0,0.01969289779663086
92.0,0.0,0.0,0.0
193.0,0.0,0.0,0.0
75.0,0.0,0.0,0.015662193298339844
25.0,0.0,0.0,0.0
72.0,0.0,0.0,0.0
115.0,0.0,0.0,0.0
39.0,0.0,0.0,0.0
114.0,0.0,0.0,0.017535924911499023
408.0,0.0,0.0,0.0244903564453125
157.0,0.0,0.0,0.00813603401184082
187.0,0.0,0.0,0.015628576278686523
454.0,0.0,0.0,0.031246662139892578
116.0,0.0,0.0,0.0
217.0,0.0,0.0,0.015625
44.0,0.0,0.0,0.015625476837158203
38.0,0.0,0.0,0.0
317.0,0.0,0.0,0.023945093154907227
134.0,0.0,0.0,0.0059947967529296875
124.0,0.0,0.0,0.00809621810913086
220.0,0.0,0.0,0.06356072425842285
204.0,0.0,0.0,0.014514684677124023
61.0,0.0,0.0,0.0
331.0,0.0,0.0,0.031273603439331055
126.0,0.0,0.0,0.0
69.0,0.0,0.0,0.015619993209838867
78.0,0.0,0.0,0.0
50.0,0.0,0.0,0.0
104.0,0.0,0.0,0.015642642974853516
142.0,0.0,0.0,0.010532140731811523
296.0,0.0,0.0,0.015642642974853516
247.0,0.0,0.0,0.011071205139160156
372.0,0.0,0.0,0.02537703514099121
155.0,0.0,0.0,0.0
98.0,0.0,0.0,0.0
118.0,0.0,0.0,0.01404881477355957
191.0,0.0,0.0,0.0
47.0,0.0,0.0,0.015678882598876953
39.0,0.0,0.0,0.0
86.0,0.0,0.0,0.0
64.0,0.0,0.0,0.0156252384185791
277.0,0.0,0.0,0.015625953674316406
457.0,0.0,0.0,0.031249284744262695
53.0,0.0,0.0,0.0
65.0,0.0,0.0,0.0
48.0,0.0,0.0,0.0
271.0,0.0,0.0,0.011520624160766602
499.0,0.0,0.0,0.03126955032348633
44.0,0.0,0.0,0.0
57.0,0.0,0.0,0.015627145767211914
84.0,0.0,0.0,0.0
66.0,0.0,0.0,0.0
42.0,0.0,0.0,0.002928495407104492
154.0,0.0,0.0,0.007014751434326172
67.0,0.0,0.0,0.010013818740844727
224.0,0.0,0.0,0.00601506233215332
42.0,0.0,0.0,0.015642642974853516
48.0,0.0,0.0,0.0
240.0,0.0,0.0,0.01677560806274414
58.0,0.0,0.0,0.0
102.0,0.0,0.0,0.008265972137451172
154.0,0.0,0.0,0.015635013580322266
179.0,0.0,0.0,0.0
170.0,0.0,0.0,0.010254621505737305
28.0,0.0,0.0,0.0
117.0,0.0,0.0,0.0076181888580322266
23.0,0.0,0.0,0.0
54.0,0.0,0.0,0.008036613464355469
53.0,0.0,0.0,0.0
180.0,0.0,0.0,0.01566934585571289
82.0,0.0,0.0,0.0
171.0,0.0,0.0,0.015624523162841797
95.0,0.0,0.0,0.0
136.0,0.0,0.0,0.0
248.0,0.0,0.0,0.015662431716918945
182.0,0.0,0.0,0.017637014389038086
451.0,0.0,0.0,0.031893253326416016
331.0,0.0,0.0,0.024951457977294922
160.0,0.0,0.0,0.008507251739501953
215.0,0.0,0.0,0.0155792236328125
160.0,0.0,0.0,0.015650033950805664
43.0,0.0,0.0,0.0
44.0,0.0,0.0,0.0
123.0,0.0,0.0,0.01572418212890625
350.0,0.0,0.0,0.015551328659057617
181.0,0.0,0.0,0.0156252384185791
77.0,0.0,0.0,0.015625476837158203
74.0,0.0,0.0,0.0
326.0,0.0,0.0,0.01867389678955078
158.0,0.0,0.0,0.013017416000366211
23.0,0.0,0.0,0.0
240.0,0.0,0.0,0.01565694808959961
204.0,0.0,0.0,0.015612602233886719
86.0,0.0,0.0,0.01565861701965332
199.0,0.0,0.0,0.015621662139892578
217.0,0.0,0.0,0.015624761581420898
26.0,0.0,0.0,0.0
326.0,0.0,0.0,0.01607966423034668
102.0,0.0,0.0,0.015679359436035156
282.0,0.0,0.0,0.015625
162.0,0.0,0.0,0.016524314880371094
72.0,0.0,0.0,0.0015337467193603516
136.0,0.0,0.0,0.008649826049804688
124.0,0.0,0.0,0.0
154.0,0.0,0.0,0.008392572402954102
98.0,0.0,0.0,0.0030646324157714844
81.0,0.0,0.0,0.008379220962524414
159.0,0.0,0.0,0.0
338.0,0.0,0.0,0.031252384185791016
355.0,0.0,0.0,0.031255245208740234
320.0,0.0,0.0,0.027013063430786133
32.0,0.0,0.0,0.00212860107421875
224.0,0.0,0.0,0.014348030090332031
40.0,0.0,0.0,0.003271818161010742
59.0,0.0,0.0,0.0051653385162353516
61.0,0.0,0.0,0.007451772689819336
213.0,0.0,0.0,0.014364242553710938
84.0,0.0,0.0,0.006052970886230469
40.0,0.0,0.0,0.0037355422973632812
70.0,0.0,0.0,0.004400491714477539
102.0,0.0,0.0,0.006465911865234375
147.0,0.0,0.0,0.010679244995117188
59.0,0.0,0.0,0.004370689392089844
117.0,0.0,0.0,0.0021584033966064453
100.0,0.0,0.0,0.0
24.0,0.0,0.0,0.0010819435119628906
125.0,0.0,0.0,0.0
92.0,0.0,0.0,0.014530420303344727
42.0,0.0,0.0,0.0
111.0,0.0,0.0,0.015677690505981445
162.0,0.0,0.0,0.0
177.0,0.0,0.0,0.015594005584716797
356.0,0.0,0.0,0.031778812408447266
145.0,0.0,0.0,0.0
284.0,0.0,0.0,0.0156252384185791
125.0,0.0,0.0,0.0
55.0,0.0,0.0,0.0
60.0,0.0,0.0,0.015624523162841797
201.0,0.0,0.0,0.015625476837158203
198.0,0.0,0.0,0.0
55.0,0.0,0.0,0.0
59.0,0.0,0.0,0.0
238.0,0.0,0.0,0.01054835319519043
76.0,0.0,0.0,0.015670061111450195
43.0,0.0,0.0,0.0
486.0,0.0,0.0,0.03125929832458496
144.0,0.0,0.0,0.015590190887451172
224.0,0.0,0.0,0.017202138900756836
119.0,0.0,0.0,0.00765681266784668
77.0,0.0,0.0,0.0045070648193359375
307.0,0.0,0.0,0.015824556350708008
122.0,0.0,0.0,0.015657424926757812
217.0,0.0,0.0,0.015624761581420898
221.0,0.0,0.0,0.015642881393432617
60.0,0.0,0.0,0.0
338.0,0.0,0.0,0.024674177169799805
122.0,0.0,0.0,0.0070497989654541016
28.0,0.0,0.0,0.0
402.0,0.0,0.0,0.0420069694519043
234.0,0.0,0.0,0.029599905014038086
425.0,0.0,0.0,0.03203439712524414
95.0,0.0,0.0,0.008506536483764648
181.0,0.0,0.0,0.008393049240112305
113.0,0.0,0.0,0.0
41.0,0.0,0.0,0.0
55.0,0.0,0.0,0.0
285.0,0.0,0.0,0.015924930572509766
108.0,0.0,0.0,0.0
88.0,0.0,0.0,0.0
321.0,0.0,0.0,0.01607513427734375
42.0,0.0,0.0,0.0
32.0,0.0,0.0,0.0
79.0,0.0,0.0,0.0
524.0,0.0,0.0,0.0468754768371582
292.0,0.0,0.0,0.015591621398925781
56.0,0.0,0.0,0.015513896942138672
227.0,0.0,0.0,0.01564335823059082
106.0,0.0,0.0,0.0
239.0,0.0,0.0,0.01562666893005371
103.0,0.0,0.0,0.015624523162841797
546.0,0.0,0.0,0.031247615814208984
35.0,0.0,0.0,0.0
108.0,0.0,0.0,0.01562643051147461
159.0,0.0,0.0,0.0065157413482666016
57.0,0.0,0.0,0.0
163.0,0.0,0.0,0.00854802131652832
135.0,0.0,0.0,0.017792224884033203
75.0,0.0,0.0,0.00800180435180664
713.0,0.0,0.0,0.04013395309448242
68.0,0.0,0.0,0.0
202.0,0.0,0.0,0.0
222.0,0.0,0.0,0.01564311981201172
597.0,0.0,0.0,0.04082202911376953
263.0,0.0,0.0,0.017255544662475586
209.0,0.0,0.0,0.015012025833129883
93.0,0.0,0.0,0.0
211.0,0.0,0.0,0.015677690505981445
132.0,0.0,0.0,0.015624761581420898
324.0,0.0,0.0,0.015625476837158203
118.0,0.0,0.0,0.0156252384185791
471.0,0.0,0.0,0.03166818618774414
65.0,0.0,0.0,0.0
246.0,0.0,0.0,0.015655517578125
45.0,0.0,0.0,0.015607357025146484
240.0,0.0,0.0,0.015625476837158203
271.0,0.0,0.0,0.015625
384.0,0.0,0.0,0.02864241600036621
248.0,0.0,0.0,0.016613245010375977
115.0,0.0,0.0,0.010549068450927734
107.0,0.0,0.0,0.0
123.0,0.0,0.0,0.015680313110351562
127.0,0.0,0.0,0.0
135.0,0.0,0.0,0.015590906143188477
125.0,0.0,0.0,0.015626192092895508
158.0,0.0,0.0,0.0
165.0,0.0,0.0,0.015657663345336914
113.0,0.0,0.0,0.005548238754272461
346.0,0.0,0.0,0.019655942916870117
191.0,0.0,0.0,0.012433528900146484
60.0,0.0,0.0,0.007948160171508789
80.0,0.0,0.0,0.0
58.0,0.0,0.0,0.0
76.0,0.0,0.0,0.00760650634765625
353.0,0.0,0.0,0.026125431060791016
92.0,0.0,0.0,0.0
86.0,0.0,0.0,0.01401066780090332
80.0,0.0,0.0,0.0
139.0,0.0,0.0,0.015640974044799805
90.0,0.0,0.0,0.0
125.0,0.0,0.0,0.0
106.0,0.0,0.0,0.015624761581420898
47.0,0.0,0.0,0.009631156921386719
154.0,0.0,0.0,0.015187978744506836
806.0,0.0,0.0,0.05103254318237305
158.0,0.0,0.0,0.015642642974853516
162.0,0.0,0.0,0.015659809112548828
133.0,0.0,0.0,0.0
99.0,0.0,0.0,0.015625
68.0,0.0,0.0,0.0
73.0,0.0,0.0,0.0160977840423584
104.0,0.0,0.0,0.0
105.0,0.0,0.0,0.01566290855407715
23.0,0.0,0.0,0.0
28.0,0.0,0.0,0.0
66.0,0.0,0.0,0.0
131.0,0.0,0.0,0.0
196.0,0.0,0.0,0.015662431716918945
984.0,0.0,0.0,0.06682729721069336
79.0,0.0,0.0,0.0
138.0,0.0,0.0,0.015851259231567383
43.0,0.0,0.0,0.0
157.0,0.0,0.0,0.015399694442749023
152.0,0.0,0.0,0.0
120.0,0.0,0.0,0.0
216.0,0.0,0.0,0.01562356948852539
75.0,0.0,0.0,0.0
98.0,0.0,0.0,0.021639585494995117
530.0,0.0,0.0,0.04052734375
138.0,0.0,0.0,0.013403654098510742
213.0,0.0,0.0,0.016527652740478516
79.0,0.0,0.0,0.006519317626953125
89.0,0.0,0.0,0.0
63.0,0.0,0.0,0.0
148.0,0.0,0.0,0.015680551528930664
160.0,0.0,0.0,0.0
198.0,0.0,0.0,0.015624761581420898
126.0,0.0,0.0,0.0
310.0,0.0,0.0,0.015613317489624023
160.0,0.0,0.0,0.016027450561523438
46.0,0.0,0.0,0.0
340.0,0.0,0.0,0.025626420974731445
204.0,0.0,0.0,0.01657581329345703
57.0,0.0,0.0,0.0
204.0,0.0,0.0,0.008013248443603516
122.0,0.0,0.0,0.015668392181396484
84.0,0.0,0.0,0.0
40.0,0.0,0.0,0.005015373229980469
121.0,0.0,0.0,0.0
301.0,0.0,0.0,0.03390669822692871
162.0,0.0,0.0,0.011323690414428711
83.0,0.0,0.0,0.006786823272705078
252.0,0.0,0.0,0.019748687744140625
337.0,0.0,0.0,0.028430938720703125
52.0,0.0,0.0,0.0055043697357177734
136.0,0.0,0.0,0.00938868522644043
22.0,0.0,0.0,0.0010941028594970703
302.0,0.0,0.0,0.019505977630615234
43.0,0.0,0.0,0.00157928466796875
120.0,0.0,0.0,0.0077953338623046875
214.0,0.0,0.0,0.012674808502197266
350.0,0.0,0.0,0.014575481414794922
105.0,0.0,0.0,0.0
229.0,0.0,0.0,0.023690462112426758
125.0,0.0,0.0,0.011423110961914062
88.0,0.0,0.0,0.006548643112182617
560.0,0.0,0.0,0.034679412841796875
687.0,0.0,0.0,0.05263519287109375
321.0,0.0,0.0,0.0156252384185791
554.0,0.0,0.0,0.031781673431396484
103.0,0.0,0.0,0.0
444.0,0.0,0.0,0.03130531311035156
39.0,0.0,0.0,0.0
67.0,0.0,0.0,0.0156252384185791
115.0,0.0,0.0,0.0
458.0,0.0,0.0,0.03779792785644531
55.0,0.0,0.0,0.0
208.0,0.0,0.0,0.00954890251159668
100.0,0.0,0.0,0.01566147804260254
132.0,0.0,0.0,0.0
434.0,0.0,0.0,0.031238794326782227
81.0,0.0,0.0,0.015620708465576172
185.0,0.0,0.0,0.0
56.0,0.0,0.0,0.0
55.0,0.0,0.0,0.0
71.0,0.0,0.0,0.012515544891357422
181.0,0.0,0.0,0.011341571807861328
223.0,0.0,0.0,0.011233329772949219
373.0,0.0,0.0,0.02375626564025879
51.0,0.0,0.0,0.0
29.0,0.0,0.0,0.0
504.0,0.0,0.0,0.0392613410949707
65.0,0.0,0.0,0.008012771606445312
71.0,0.0,0.0,0.0
70.0,0.0,0.0,0.0
248.0,0.0,0.0,0.015625
75.0,0.0,0.0,0.01728034019470215
37.0,0.0,0.0,0.0
123.0,0.0,0.0,0.01553964614868164
514.0,0.0,0.0,0.02792978286743164
187.0,0.0,0.0,0.0
488.0,0.0,0.0,0.03970932960510254
119.0,0.0,0.0,0.0
138.0,0.0,0.0,0.015649080276489258
181.0,0.0,0.0,0.0156557559967041
46.0,0.0,0.0,0.0
46.0,0.0,0.0,0.0
41.0,0.0,0.0,0.0010218620300292969
526.0,0.0,0.0,0.030701398849487305
228.0,0.0,0.0,0.01602959632873535
412.0,0.0,0.0,0.030872344970703125
122.0,0.0,0.0,0.0
271.0,0.0,0.0,0.02265477180480957
119.0,0.0,0.0,0.009048700332641602
38.0,0.0,0.0,0.0
122.0,0.0,0.0,0.015640735626220703
97.0,0.0,0.0,0.0
151.0,0.0,0.0,0.015646934509277344
484.0,0.0,0.0,0.03149914741516113
150.0,0.0,0.0,0.015359878540039062
30.0,0.0,0.0,0.0
361.0,0.0,0.0,0.03265213966369629
130.0,0.0,0.0,0.011555910110473633
32.0,0.0,0.0,0.0028676986694335938
188.0,0.0,0.0,0.013048410415649414
257.0,0.0,0.0,0.019771337509155273
249.0,0.0,0.0,0.006515026092529297
121.0,0.0,0.0,0.017156124114990234
151.0,0.0,0.0,0.0
146.0,0.0,0.0,0.0
216.0,0.0,0.0,0.015641212463378906
188.0,0.0,0.0,0.023766756057739258
111.0,0.0,0.0,0.012020111083984375
136.0,0.0,0.0,0.06206250190734863
397.0,0.0,0.0,0.035689592361450195
110.0,0.0,0.0,0.0
150.0,0.0,0.0,0.0
185.0,0.0,0.0,0.016096830368041992
103.0,0.0,0.0,0.0
226.0,0.0,0.0,0.0
107.0,0.0,0.0,0.0
143.0,0.0,0.0,0.01943349838256836
348.0,0.0,0.0,0.026378393173217773
71.0,0.0,0.0,0.0
90.0,0.0,0.0,0.0020368099212646484
121.0,0.0,0.0,0.003579854965209961
393.0,0.0,0.0,0.015651702880859375
47.0,0.0,0.0,0.0
24.0,0.0,0.0,0.015596628189086914
53.0,0.0,0.0,0.0
188.0,0.0,0.0,0.015876054763793945
57.0,0.0,0.0,0.0
461.0,0.0,0.0,0.031027793884277344
87.0,0.0,0.0,0.0
43.0,0.0,0.0,0.015755653381347656
205.0,0.0,0.0,0.01567983627319336
220.0,0.0,0.0,0.015625
269.0,0.0,0.0,0.015608072280883789
69.0,0.0,0.0,0.0
30.0,0.0,0.0,0.0
196.0,0.0,0.0,0.015612363815307617
341.0,0.0,0.0,0.03124260902404785
319.0,0.0,0.0,0.016026973724365234
113.0,0.0,0.0,0.015639066696166992
56.0,0.0,0.0,0.0
190.0,0.0,0.0,0.015628814697265625
112.0,0.0,0.0,0.0
259.0,0.0,0.0,0.015622377395629883
273.0,0.0,0.0,0.01566028594970703
302.0,0.0,0.0,0.02395343780517578
230.0,0.0,0.0,0.017466068267822266
317.0,0.0,0.0,0.008144617080688477
204.0,0.0,0.0,0.015655040740966797
178.0,0.0,0.0,0.015592575073242188
250.0,0.0,0.0,0.027480602264404297
102.0,0.0,0.0,0.0
93.0,0.0,0.0,0.0
119.0,0.0,0.0,0.01566290855407715
92.0,0.0,0.0,0.0
371.0,0.0,0.0,0.03280472755432129
51.0,0.0,0.0,0.0
281.0,0.0,0.0,0.02152085304260254
497.0,0.0,0.0,0.03144335746765137
103.0,0.0,0.0,0.008054256439208984
148.0,0.0,0.0,0.0
349.0,0.0,0.0,0.03124523162841797
222.0,0.0,0.0,0.0156252384185791
174.0,0.0,0.0,0.0
75.0,0.0,0.0,0.0
39.0,0.0,0.0,0.0
269.0,0.0,0.0,0.0156400203704834
143.0,0.0,0.0,0.015625476837158203
359.0,0.0,0.0,0.015626907348632812
213.0,0.0,0.0,0.0
138.0,0.0,0.0,0.015623331069946289
143.0,0.0,0.0,0.0070133209228515625
43.0,0.0,0.0,0.0
184.0,0.0,0.0,0.0156402587890625
149.0,0.0,0.0,0.01562666893005371
47.0,0.0,0.0,0.0
173.0,0.0,0.0,0.015625476837158203
47.0,0.0,0.0,0.0
119.0,0.0,0.0,0.015624761581420898
157.0,0.0,0.0,0.015627622604370117
42.0,0.0,0.0,0.002830982208251953
265.0,0.0,0.0,0.01951313018798828
218.0,0.0,0.0,0.015447139739990234
69.0,0.0,0.0,0.012334585189819336
208.0,0.0,0.0,0.017637968063354492
46.0,0.0,0.0,0.003464937210083008
85.0,0.0,0.0,0.009664535522460938
67.0,0.0,0.0,0.0048635005950927734
34.0,0.0,0.0,0.0029430389404296875
63.0,0.0,0.0,0.005475282669067383
173.0,0.0,0.0,0.013146638870239258
161.0,0.0,0.0,0.014826059341430664
140.0,0.0,0.0,0.005094289779663086
55.0,0.0,0.0,0.0
28.0,0.0,0.0,0.0013349056243896484
26.0,0.0,0.0,0.0
89.0,0.0,0.0,0.014517545700073242
32.0,0.0,0.0,0.0
72.0,0.0,0.0,0.0
288.0,0.0,0.0,0.023949623107910156
60.0,0.0,0.0,0.004158973693847656
153.0,0.0,0.0,0.005534648895263672
100.0,0.0,0.0,0.0
38.0,0.0,0.0,0.0
64.0,0.0,0.0,0.0
205.0,0.0,0.0,0.01562976837158203
379.0,0.0,0.0,0.03165459632873535
326.0,0.0,0.0,0.015645265579223633
89.0,0.0,0.0,0.015622138977050781
118.0,0.0,0.0,0.0
277.0,0.0,0.0,0.015625476837158203
250.0,0.0,0.0,0.0
149.0,0.0,0.0,0.0
352.0,0.0,0.0,0.03167104721069336
247.0,0.0,0.0,0.01819753646850586
269.0,0.0,0.0,0.00852203369140625
112.0,0.0,0.0,0.0
467.0,0.0,0.0,0.03126811981201172
86.0,0.0,0.0,0.011515378952026367
54.0,0.0,0.0,0.0
80.0,0.0,0.0,0.0
102.0,0.0,0.0,0.015640974044799805
100.0,0.0,0.0,0.0
73.0,0.0,0.0,0.015625953674316406
95.0,0.0,0.0,0.0
228.0,0.0,0.0,0.015624523162841797
47.0,0.0,0.0,0.01562356948852539
85.0,0.0,0.0,0.0
102.0,0.0,0.0,0.00754547119140625
147.0,0.0,0.0,0.014075279235839844
79.0,0.0,0.0,0.0
70.0,0.0,0.0,0.0
271.0,0.0,0.0,0.01564621925354004
329.0,0.0,0.0,0.015623092651367188
117.0,0.0,0.0,0.006773948669433594
109.0,0.0,0.0,0.004610538482666016
84.0,0.0,0.0,0.0
70.0,0.0,0.0,0.01562809944152832
95.0,0.0,0.0,0.006026744842529297
101.0,0.0,0.0,0.008015871047973633
174.0,0.0,0.0,0.012692689895629883
229.0,0.0,0.0,0.008223772048950195
138.0,0.0,0.0,0.015645265579223633
96.0,0.0,0.0,0.0
75.0,0.0,0.0,0.0
126.0,0.0,0.0,0.0
166.0,0.0,0.0,0.0
188.0,0.0,0.0,0.02103567123413086
31.0,0.0,0.0,0.0
221.0,0.0,0.0,0.01054835319519043
33.0,0.0,0.0,0.0
120.0,0.0,0.0,0.0
219.0,0.0,0.0,0.015625
799.0,0.0,0.0,0.06297421455383301
134.0,0.0,0.0,0.0
71.0,0.0,0.0,0.015646934509277344
294.0,0.0,0.0,0.015623092651367188
139.0,0.0,0.0,0.015624761581420898
33.0,0.0,0.0,0.0
123.0,0.0,0.0,0.015623092651367188
36.0,0.0,0.0,0.0
30.0,0.0,0.0,0.0
300.0,0.0,0.0,0.015624284744262695
253.0,0.0,0.0,0.017637968063354492
77.0,0.0,0.0,0.0
110.0,0.0,0.0,0.0
36.0,0.0,0.0,0.0
76.0,0.0,0.0,0.0
47.0,0.0,0.0,0.0
36.0,0.0,0.0,0.0018465518951416016
173.0,0.0,0.0,0.01596665382385254
65.0,0.0,0.0,0.0
51.0,0.0,0.0,0.008277177810668945
281.0,0.0,0.0,0.018939733505249023
117.0,0.0,0.0,0.013056755065917969
311.0,0.0,0.0,0.015683412551879883
320.0,0.0,0.0,0.03148198127746582
198.0,0.0,0.0,0.0
44.0,0.0,0.0,0.0032143592834472656
107.0,0.0,0.0,0.007071018218994141
44.0,0.0,0.0,0.008392572402954102
57.0,0.0,0.0,0.004015207290649414
66.0,0.0,0.0,0.011008024215698242
111.0,0.0,0.0,0.006058216094970703
86.0,0.0,0.0,0.008243322372436523
131.0,0.0,0.0,0.00801992416381836
27.0,0.0,0.0,0.0
151.0,0.0,0.0,0.0
181.0,0.0,0.0,0.0
147.0,0.0,0.0,0.01566338539123535
27.0,0.0,0.0,0.0
222.0,0.0,0.0,0.023173093795776367
186.0,0.0,0.0,0.008549213409423828
281.0,0.0,0.0,0.015679359436035156
47.0,0.0,0.0,0.015624523162841797
173.0,0.0,0.0,0.0
98.0,0.0,0.0,0.0
86.0,0.0,0.0,0.0
119.0,0.0,0.0,0.0
299.0,0.0,0.0,0.015624523162841797
59.0,0.0,0.0,0.002549886703491211
160.0,0.0,0.0,0.0
99.0,0.0,0.0,0.0
274.0,0.0,0.0,0.015626907348632812
159.0,0.0,0.0,0.015625476837158203
109.0,0.0,0.0,0.01562047004699707
22.0,0.0,0.0,0.0
257.0,0.0,0.0,0.01562809944152832
164.0,0.0,0.0,0.015624046325683594
134.0,0.0,0.0,0.00401616096496582
70.0,0.0,0.0,0.01201319694519043
495.0,0.0,0.0,0.031239748001098633
34.0,0.0,0.0,0.0
177.0,0.0,0.0,0.015625953674316406
141.0,0.0,0.0,0.0
258.0,0.0,0.0,0.04301285743713379
275.0,0.0,0.0,0.02506232261657715
105.0,0.0,0.0,0.017158031463623047
233.0,0.0,0.0,0.015716075897216797
27.0,0.0,0.0,0.00673675537109375
384.0,0.0,0.0,0.023725032806396484
196.0,0.0,0.0,0.0
246.0,0.0,0.0,0.015623092651367188
104.0,0.0,0.0,0.0
41.0,0.0,0.0,0.0
40.0,0.0,0.0,0.01562643051147461
129.0,0.0,0.0,0.0
91.0,0.0,0.0,0.015624523162841797
46.0,0.0,0.0,0.0
94.0,0.0,0.0,0.015623807907104492
216.0,0.0,0.0,0.010017633438110352
65.0,0.0,0.0,0.0
285.0,0.0,0.0,0.015658855438232422
76.0,0.0,0.0,0.0
164.0,0.0,0.0,0.0
83.0,0.0,0.0,0.015608787536621094
69.0,0.0,0.0,0.0
180.0,0.0,0.0,0.015642404556274414
37.0,0.0,0.0,0.0
309.0,0.0,0.0,0.015624046325683594
75.0,0.0,0.0,0.0
157.0,0.0,0.0,0.015549898147583008
93.0,0.0,0.0,0.0
34.0,0.0,0.0,0.0
66.0,0.0,0.0,0.01568007469177246
27.0,0.0,0.0,0.0
337.0,0.0,0.0,0.015607833862304688
311.0,0.0,0.0,0.03126835823059082
136.0,0.0,0.0,0.0
110.0,0.0,0.0,0.021951675415039062
68.0,0.0,0.0,0.0
50.0,0.0,0.0,0.0
90.0,0.0,0.0,0.008018016815185547
145.0,0.0,0.0,0.016434669494628906
144.0,0.0,0.0,0.0
277.0,0.0,0.0,0.015640735626220703
89.0,0.0,0.0,0.0
89.0,0.0,0.0,0.015587806701660156
67.0,0.0,0.0,0.0
52.0,0.0,0.0,0.0030145645141601562
39.0,0.0,0.0,0.0
186.0,0.0,0.0,0.013013362884521484
294.0,0.0,0.0,0.023643016815185547
641.0,0.0,0.0,0.057370901107788086
93.0,0.0,0.0,0.004347801208496094
123.0,0.0,0.0,0.013080596923828125
215.0,0.0,0.0,0.014227628707885742
273.0,0.0,0.0,0.021886825561523438
260.0,0.0,0.0,0.014876842498779297
211.0,0.0,0.0,0.0040128231048583984
161.0,0.0,0.0,0.0005104541778564453
255.0,0.0,0.0,0.0336613655090332
279.0,0.0,0.0,0.01616954803466797
73.0,0.0,0.0,0.0076944828033447266
97.0,0.0,0.0,0.008321762084960938
118.0,0.0,0.0,0.008214235305786133
68.0,0.0,0.0,0.002123594284057617
195.0,0.0,0.0,0.00887155532836914
115.0,0.0,0.0,0.015989065170288086
58.0,0.0,0.0,0.0
159.0,0.0,0.0,0.015316247940063477
222.0,0.0,0.0,0.015624761581420898
79.0,0.0,0.0,0.0
58.0,0.0,0.0,0.0
472.0,0.0,0.0,0.042507171630859375
44.0,0.0,0.0,0.005031585693359375
93.0,0.0,0.0,0.0
170.0,0.0,0.0,0.015658855438232422
31.0,0.0,0.0,0.0
127.0,0.0,0.0,0.015642404556274414
238.0,0.0,0.0,0.0158388614654541
230.0,0.0,0.0,0.01563429832458496
112.0,0.0,0.0,0.0
138.0,0.0,0.0,0.015384435653686523
81.0,0.0,0.0,0.0
481.0,0.0,0.0,0.03170347213745117
31.0,0.0,0.0,0.01567840576171875
114.0,0.0,0.0,0.0
97.0,0.0,0.0,0.0156252384185791
52.0,0.0,0.0,0.0
59.0,0.0,0.0,0.0
181.0,0.0,0.0,0.02403998374938965
330.0,0.0,0.0,0.016167163848876953
147.0,0.0,0.0,0.01954364776611328
99.0,0.0,0.0,0.008018255233764648
128.0,0.0,0.0,0.0060482025146484375
387.0,0.0,0.0,0.017113208770751953
452.0,0.0,0.0,0.03116893768310547
76.0,0.0,0.0,0.015625
420.0,0.0,0.0,0.031679391860961914
23.0,0.0,0.0,0.005124568939208984
36.0,0.0,0.0,0.0
65.0,0.0,0.0,0.06951475143432617
250.0,0.0,0.0,0.005080461502075195
105.0,0.0,0.0,0.0
241.0,0.0,0.0,0.015615224838256836
107.0,0.0,0.0,0.0
320.0,0.0,0.0,0.015646696090698242
186.0,0.0,0.0,0.0
161.0,0.0,0.0,0.0025157928466796875
106.0,0.0,0.0,0.015643596649169922
35.0,0.0,0.0,0.004645586013793945
119.0,0.0,0.0,0.008027791976928711
149.0,0.0,0.0,0.008426666259765625
57.0,0.0,0.0,0.008358240127563477
92.0,0.0,0.0,0.008237600326538086
28.0,0.0,0.0,0.0
236.0,0.0,0.0,0.015894412994384766
134.0,0.0,0.0,0.0
95.0,0.0,0.0,0.002013683319091797
62.0,0.0,0.0,0.0
396.0,0.0,0.0,0.029705524444580078
58.0,0.0,0.0,0.0
151.0,0.0,0.0,0.015625476837158203
42.0,0.0,0.0,0.0
34.0,0.0,0.0,0.015588521957397461
139.0,0.0,0.0,0.0
35.0,0.0,0.0,0.0156252384185791
154.0,0.0,0.0,0.0
519.0,0.0,0.0,0.047686100006103516
106.0,0.0,0.0,0.0
178.0,0.0,0.0,0.01558995246887207
233.0,0.0,0.0,0.015624046325683594
34.0,0.0,0.0,0.0
279.0,0.0,0.0,0.031247854232788086
105.0,0.0,0.0,0.0
228.0,0.0,0.0,0.016028165817260742
107.0,0.0,0.0,0.015640735626220703
92.0,0.0,0.0,0.0
85.0,0.0,0.0,0.015623807907104492
32.0,0.0,0.0,0.0
63.0,0.0,0.0,0.0
163.0,0.0,0.0,0.015629291534423828
185.0,0.0,0.0,0.0156252384185791
66.0,0.0,0.0,0.0
708.0,0.0,0.0,0.0558924674987793
68.0,0.0,0.0,0.0
39.0,0.0,0.0,0.01564311981201172
253.0,0.0,0.0,0.01562356948852539
39.0,0.0,0.0,0.0
47.0,0.0,0.0,0.0
169.0,0.0,0.0,0.015624523162841797
149.0,0.0,0.0,0.015624761581420898
285.0,0.0,0.0,0.016640424728393555
196.0,0.0,0.0,0.015013933181762695
502.0,0.0,0.0,0.051609039306640625
82.0,0.0,0.0,0.0
308.0,0.0,0.0,0.016921043395996094
46.0,0.0,0.0,0.0
130.0,0.0,0.0,0.015047550201416016
334.0,0.0,0.0,0.015680313110351562
56.0,0.0,0.0,0.0
323.0,0.0,0.0,0.015625476837158203
150.0,0.0,0.0,0.015624761581420898
271.0,0.0,0.0,0.015607833862304688
191.0,0.0,0.0,0.01607966423034668
86.0,0.0,0.0,0.0
23.0,0.0,0.0,0.0
349.0,0.0,0.0,0.03241157531738281
32.0,0.0,0.0,0.0
33.0,0.0,0.0,0.0
133.0,0.0,0.0,0.015869617462158203
495.0,0.0,0.0,0.030994176864624023
237.0,0.0,0.0,0.02445840835571289
31.0,0.0,0.0,0.0
1000.0,0.0,0.0,0.05240607261657715
83.0,0.0,0.0,0.0
123.0,0.0,0.0,0.0
612.0,0.0,0.0,0.03476715087890625
108.0,0.0,0.0,0.015433788299560547
258.0,0.0,0.0,0.015624761581420898
79.0,0.0,0.0,0.0
267.0,0.0,0.0,0.0312504768371582
157.0,0.0,0.0,0.0050220489501953125
184.0,0.0,0.0,0.011011362075805664
311.0,0.0,0.0,0.03126645088195801
142.0,0.0,0.0,0.01724076271057129
50.0,0.0,0.0,0.0
36.0,0.0,0.0,0.0
169.0,0.0,0.0,0.011580228805541992
300.0,0.0,0.0,0.014676094055175781
190.0,0.0,0.0,0.0
333.0,0.0,0.0,0.03128552436828613
397.0,0.0,0.0,0.03125
116.0,0.0,0.0,0.0
30.0,0.0,0.0,0.014542341232299805
125.0,0.0,0.0,0.0
313.0,0.0,0.0,0.015638351440429688
65.0,0.0,0.0,0.0
87.0,0.0,0.0,0.0
612.0,0.0,0.0,0.04895472526550293
133.0,0.0,0.0,0.0
212.0,0.0,0.0,0.018160104751586914
97.0,0.0,0.0,0.015168190002441406
417.0,0.0,0.0,0.02250838279724121
123.0,0.0,0.0,0.015644311904907227
143.0,0.0,0.0,0.0
121.0,0.0,0.0,0.005326747894287109
113.0,0.0,0.0,0.016978740692138672
79.0,0.0,0.0,0.007936239242553711
238.0,0.0,0.0,0.01657271385192871
78.0,0.0,0.0,0.016306161880493164
46.0,0.0,0.0,0.002719402313232422
24.0,0.0,0.0,0.002496957778930664
60.0,0.0,0.0,0.005251407623291016
195.0,0.0,0.0,0.016726255416870117
73.0,0.0,0.0,0.00638127326965332
59.0,0.0,0.0,0.005615949630737305
207.0,0.0,0.0,0.01931595802307129
47.0,0.0,0.0,0.003301382064819336
38.0,0.0,0.0,0.004197597503662109
165.0,0.0,0.0,0.015791654586791992
33.0,0.0,0.0,0.002174854278564453
627.0,0.0,0.0,0.03980588912963867
227.0,0.0,0.0,0.014640569686889648
910.0,0.0,0.0,0.04763531684875488
116.0,0.0,0.0,0.015653610229492188
170.0,0.0,0.0,0.015580177307128906
28.0,0.0,0.0,0.0
110.0,0.0,0.0,0.01302027702331543
295.0,0.0,0.0,0.018657922744750977
195.0,0.0,0.0,0.015625476837158203
159.0,0.0,0.0,0.015625953674316406
37.0,0.0,0.0,0.0
39.0,0.0,0.0,0.0
103.0,0.0,0.0,0.015622854232788086
60.0,0.0,0.0,0.0
84.0,0.0,0.0,0.0
381.0,0.0,0.0,0.023108243942260742
81.0,0.0,0.0,0.0
52.0,0.0,0.0,0.015641450881958008
182.0,0.0,0.0,0.0
154.0,0.0,0.0,0.0
92.0,0.0,0.0,0.015628814697265625
235.0,0.0,0.0,0.015620708465576172
161.0,0.0,0.0,0.015626192092895508
530.0,0.0,0.0,0.03571486473083496
164.0,0.0,0.0,0.0
227.0,0.0,0.0,0.014718770980834961
248.0,0.0,0.0,0.00664830207824707
118.0,0.0,0.0,0.01201772689819336
746.0,0.0,0.0,0.06294131278991699
97.0,0.0,0.0,0.0
104.0,0.0,0.0,0.015624761581420898
54.0,0.0,0.0,0.0
98.0,0.0,0.0,0.0
163.0,0.0,0.0,0.020174503326416016
24.0,0.0,0.0,0.008015155792236328
206.0,0.0,0.0,0.015775442123413086
155.0,0.0,0.0,0.015305042266845703
77.0,0.0,0.0,0.008406639099121094
129.0,0.0,0.0,0.008100271224975586
50.0,0.0,0.0,0.0
462.0,0.0,0.0,0.0362393856048584
98.0,0.0,0.0,0.008025407791137695
219.0,0.0,0.0,0.007559776306152344
46.0,0.0,0.0,0.0
382.0,0.0,0.0,0.015629053115844727
267.0,0.0,0.0,0.031249523162841797
116.0,0.0,0.0,0.0
297.0,0.0,0.0,0.01562356948852539
160.0,0.0,0.0,0.01551198959350586
256.0,0.0,0.0,0.02385115623474121
166.0,0.0,0.0,0.01571369171142578
143.0,0.0,0.0,0.0
385.0,0.0,0.0,0.031264543533325195
71.0,0.0,0.0,0.0
222.0,0.0,0.0,0.015625715255737305
124.0,0.0,0.0,0.002512216567993164
71.0,0.0,0.0,0.0
179.0,0.0,0.0,0.015640974044799805
48.0,0.0,0.0,0.015624046325683594
409.0,0.0,0.0,0.03124833106994629
39.0,0.0,0.0,0.0
187.0,0.0,0.0,0.015626907348632812
154.0,0.0,0.0,0.016022920608520508
356.0,0.0,0.0,0.03528714179992676
163.0,0.0,0.0,0.015909433364868164
48.0,0.0,0.0,0.0
78.0,0.0,0.0,0.0
214.0,0.0,0.0,0.012520313262939453
59.0,0.0,0.0,0.0
183.0,0.0,0.0,0.017719268798828125
195.0,0.0,0.0,0.006516456604003906
27.0,0.0,0.0,0.0
402.0,0.0,0.0,0.0313568115234375
59.0,0.0,0.0,0.008064985275268555
117.0,0.0,0.0,0.010773897171020508
91.0,0.0,0.0,0.00201416015625
175.0,0.0,0.0,0.009524345397949219
433.0,0.0,0.0,0.03129982948303223
43.0,0.0,0.0,0.0
286.0,0.0,0.0,0.015625
64.0,0.0,0.0,0.0
666.0,0.0,0.0,0.05261588096618652
123.0,0.0,0.0,0.005868673324584961
124.0,0.0,0.0,0.010741710662841797
311.0,0.0,0.0,0.023704051971435547
35.0,0.0,0.0,0.0
401.0,0.0,0.0,0.03166604042053223
87.0,0.0,0.0,0.0
61.0,0.0,0.0,0.0
61.0,0.0,0.0,0.0
431.0,0.0,0.0,0.0312347412109375
93.0,0.0,0.0,0.0
138.0,0.0,0.0,0.015625476837158203
197.0,0.0,0.0,0.01562809944152832
48.0,0.0,0.0,0.0
59.0,0.0,0.0,0.0
50.0,0.0,0.0,0.0070149898529052734
62.0,0.0,0.0,0.0
317.0,0.0,0.0,0.03586626052856445
61.0,0.0,0.0,0.0
382.0,0.0,0.0,0.0316469669342041
65.0,0.0,0.0,0.0
343.0,0.0,0.0,0.016035795211791992
200.0,0.0,0.0,0.01564502716064453
170.0,0.0,0.0,0.01562643051147461
346.0,0.0,0.0,0.03415226936340332
54.0,0.0,0.0,0.00880885124206543
85.0,0.0,0.0,0.01149129867553711
62.0,0.0,0.0,0.0009450912475585938
231.0,0.0,0.0,0.023209095001220703
74.0,0.0,0.0,0.012352943420410156
103.0,0.0,0.0,0.003313302993774414
105.0,0.0,0.0,0.008025169372558594
156.0,0.0,0.0,0.007078647613525391
75.0,0.0,0.0,0.008120298385620117
196.0,0.0,0.0,0.016030550003051758
53.0,0.0,0.0,0.0
29.0,0.0,0.0,0.0
509.0,0.0,0.0,0.0468900203704834
65.0,0.0,0.0,0.0
45.0,0.0,0.0,0.0
176.0,0.0,0.0,0.024135589599609375
38.0,0.0,0.0,0.0
114.0,0.0,0.0,0.01151585578918457
23.0,0.0,0.0,0.0
270.0,0.0,0.0,0.016026735305786133
680.0,0.0,0.0,0.0468904972076416
30.0,0.0,0.0,0.0
45.0,0.0,0.0,0.0
111.0,0.0,0.0,0.0
190.0,0.0,0.0,0.0
103.0,0.0,0.0,0.0
225.0,0.0,0.0,0.01564168930053711
184.0,0.0,0.0,0.015625715255737305
129.0,0.0,0.0,0.015625715255737305
303.0,0.0,0.0,0.031248807907104492
99.0,0.0,0.0,0.01759195327758789
74.0,0.0,0.0,0.007048130035400391
105.0,0.0,0.0,0.009215593338012695
238.0,0.0,0.0,0.008093833923339844
33.0,0.0,0.0,0.015628814697265625
174.0,0.0,0.0,0.015630006790161133
140.0,0.0,0.0,0.019585132598876953
90.0,0.0,0.0,0.006049394607543945
23.0,0.0,0.0,0.0022962093353271484
286.0,0.0,0.0,0.08144974708557129
60.0,0.0,0.0,0.008873462677001953
43.0,0.0,0.0,0.003008604049682617
44.0,0.0,0.0,0.0032334327697753906
224.0,0.0,0.0,0.013563156127929688
84.0,0.0,0.0,0.002972841262817383
56.0,0.0,0.0,0.0037827491760253906
83.0,0.0,0.0,0.005144834518432617
111.0,0.0,0.0,0.006674289703369141
194.0,0.0,0.0,0.012827634811401367
125.0,0.0,0.0,0.007406949996948242
103.0,0.0,0.0,0.0
158.0,0.0,0.0,0.018059730529785156
323.0,0.0,0.0,0.01758122444152832
26.0,0.0,0.0,0.008248567581176758
31.0,0.0,0.0,0.0
185.0,0.0,0.0,0.01648259162902832
238.0,0.0,0.0,0.0160067081451416
136.0,0.0,0.0,0.0
70.0,0.0,0.0,0.020296335220336914
110.0,0.0,0.0,0.0065152645111083984
27.0,0.0,0.0,0.005548954010009766
91.0,0.0,0.0,0.0
268.0,0.0,0.0,0.010548830032348633
362.0,0.0,0.0,0.015614986419677734
337.0,0.0,0.0,0.015384674072265625
323.0,0.0,0.0,0.02713918685913086
125.0,0.0,0.0,0.0
211.0,0.0,0.0,0.015626907348632812
381.0,0.0,0.0,0.031248807907104492
89.0,0.0,0.0,0.0
307.0,0.0,0.0,0.017639636993408203
352.0,0.0,0.0,0.029657602310180664
94.0,0.0,0.0,0.0
147.0,0.0,0.0,0.015624523162841797
93.0,0.0,0.0,0.015629291534423828
483.0,0.0,0.0,0.03469514846801758
76.0,0.0,0.0,0.011512994766235352
360.0,0.0,0.0,0.015642881393432617
114.0,0.0,0.0,0.015620708465576172
150.0,0.0,0.0,0.0
140.0,0.0,0.0,0.0
146.0,0.0,0.0,0.015914201736450195
69.0,0.0,0.0,0.0
92.0,0.0,0.0,0.015334367752075195
234.0,0.0,0.0,0.025069475173950195
329.0,0.0,0.0,0.02370595932006836
108.0,0.0,0.0,0.018314599990844727
50.0,0.0,0.0,0.0
338.0,0.0,0.0,0.023818492889404297
69.0,0.0,0.0,0.004597187042236328
417.0,0.0,0.0,0.027470111846923828
234.0,0.0,0.0,0.015586137771606445
213.0,0.0,0.0,0.01613593101501465
130.0,0.0,0.0,0.01551055908203125
64.0,0.0,0.0,0.0
114.0,0.0,0.0,0.015640735626220703
498.0,0.0,0.0,0.031670331954956055
102.0,0.0,0.0,0.0
80.0,0.0,0.0,0.0
102.0,0.0,0.0,0.0
541.0,0.0,0.0,0.031248807907104492
80.0,0.0,0.0,0.0
156.0,0.0,0.0,0.015550374984741211
50.0,0.0,0.0,0.0
28.0,0.0,0.0,0.0
28.0,0.0,0.0,0.0
107.0,0.0,0.0,0.0
101.0,0.0,0.0,0.015591621398925781
51.0,0.0,0.0,0.0
153.0,0.0,0.0,0.015624284744262695
193.0,0.0,0.0,0.015624046325683594
212.0,0.0,0.0,0.015623807907104492
56.0,0.0,0.0,0.0
218.0,0.0,0.0,0.025875568389892578
126.0,0.0,0.0,0.007790803909301758
59.0,0.0,0.0,0.0002460479736328125
274.0,0.0,0.0,0.015661954879760742
214.0,0.0,0.0,0.0156252384185791
500.0,0.0,0.0,0.03125
111.0,0.0,0.0,0.01763749122619629
91.0,0.0,0.0,0.0
158.0,0.0,0.0,0.014014244079589844
127.0,0.0,0.0,0.0156402587890625
68.0,0.0,0.0,0.008738040924072266
95.0,0.0,0.0,0.01602649688720703
220.0,0.0,0.0,0.020163297653198242
88.0,0.0,0.0,0.013141393661499023
33.0,0.0,0.0,0.0030198097229003906
259.0,0.0,0.0,0.019855976104736328
95.0,0.0,0.0,0.006131410598754883
423.0,0.0,0.0,0.023622751235961914
26.0,0.0,0.0,0.0
310.0,0.0,0.0,0.03124523162841797
38.0,0.0,0.0,0.0
362.0,0.0,0.0,0.03170585632324219
93.0,0.0,0.0,0.0
45.0,0.0,0.0,0.0
140.0,0.0,0.0,0.015607595443725586
38.0,0.0,0.0,0.0
132.0,0.0,0.0,0.015642404556274414
106.0,0.0,0.0,0.0
279.0,0.0,0.0,0.016450166702270508
155.0,0.0,0.0,0.0075359344482421875
119.0,0.0,0.0,0.008598566055297852
81.0,0.0,0.0,0.0
105.0,0.0,0.0,0.0
127.0,0.0,0.0,0.0
88.0,0.0,0.0,0.01553654670715332
42.0,0.0,0.0,0.0
24.0,0.0,0.0,0.0
84.0,0.0,0.0,0.015489816665649414
187.0,0.0,0.0,0.0
374.0,0.0,0.0,0.015624284744262695
130.0,0.0,0.0,0.020159006118774414
62.0,0.0,0.0,0.0015118122100830078
194.0,0.0,0.0,0.015239477157592773
87.0,0.0,0.0,0.0015571117401123047
189.0,0.0,0.0,0.008018255233764648
62.0,0.0,0.0,0.016512632369995117
106.0,0.0,0.0,0.0055196285247802734
139.0,0.0,0.0,0.0
51.0,0.0,0.0,0.0
29.0,0.0,0.0,0.0
85.0,0.0,0.0,0.0161283016204834
40.0,0.0,0.0,0.0
162.0,0.0,0.0,0.01551508903503418
39.0,0.0,0.0,0.0
149.0,0.0,0.0,0.01564168930053711
60.0,0.0,0.0,0.007999420166015625
53.0,0.0,0.0,0.008037090301513672
81.0,0.0,0.0,0.0
85.0,0.0,0.0,0.007645130157470703
127.0,0.0,0.0,0.007776498794555664
489.0,0.0,0.0,0.032225608825683594
123.0,0.0,0.0,0.0
213.0,0.0,0.0,0.015636920928955078
58.0,0.0,0.0,0.015642166137695312
284.0,0.0,0.0,0.015625476837158203
129.0,0.0,0.0,0.0
38.0,0.0,0.0,0.015723466873168945
142.0,0.0,0.0,0.0
54.0,0.0,0.0,0.015526056289672852
93.0,0.0,0.0,0.0
25.0,0.0,0.0,0.01152181625366211
235.0,0.0,0.0,0.004532814025878906
119.0,0.0,0.0,0.015657424926757812
191.0,0.0,0.0,0.015619993209838867
139.0,0.0,0.0,0.0
89.0,0.0,0.0,0.015613317489624023
52.0,0.0,0.0,0.0
36.0,0.0,0.0,0.0
61.0,0.0,0.0,0.0
135.0,0.0,0.0,0.0
673.0,0.0,0.0,0.03173232078552246
41.0,0.0,0.0,0.0
71.0,0.0,0.0,0.0
91.0,0.0,0.0,0.0
59.0,0.0,0.0,0.015218019485473633
32.0,0.0,0.0,0.0
43.0,0.0,0.0,0.0
110.0,0.0,0.0,0.015624761581420898
263.0,0.0,0.0,0.015681028366088867
178.0,0.0,0.0,0.020250320434570312
72.0,0.0,0.0,0.0016522407531738281
72.0,0.0,0.0,0.0
65.0,0.0,0.0,0.008225202560424805
235.0,0.0,0.0,0.008080720901489258
70.0,0.0,0.0,0.01566481590270996
35.0,0.0,0.0,0.0
262.0,0.0,0.0,0.015625953674316406
150.0,0.0,0.0,0.015624284744262695
205.0,0.0,0.0,0.015624523162841797
122.0,0.0,0.0,0.010014772415161133
130.0,0.0,0.0,0.015642166137695312
417.0,0.0,0.0,0.041129350662231445
83.0,0.0,0.0,0.0
108.0,0.0,0.0,0.008170604705810547
400.0,0.0,0.0,0.03320717811584473
102.0,0.0,0.0,0.008167743682861328
278.0,0.0,0.0,0.021030664443969727
80.0,0.0,0.0,0.003030538558959961
83.0,0.0,0.0,0.0070497989654541016
279.0,0.0,0.0,0.021914243698120117
53.0,0.0,0.0,0.003389120101928711
119.0,0.0,0.0,0.009120464324951172
95.0,0.0,0.0,0.005797624588012695
63.0,0.0,0.0,0.004332065582275391
95.0,0.0,0.0,0.005639553070068359
248.0,0.0,0.0,0.01405024528503418
222.0,0.0,0.0,0.017162084579467773
177.0,0.0,0.0,0.014549493789672852
144.0,0.0,0.0,0.0
533.0,0.0,0.0,0.031758785247802734
42.0,0.0,0.0,0.0
70.0,0.0,0.0,0.0
88.0,0.0,0.0,0.01564931869506836
83.0,0.0,0.0,0.0
178.0,0.0,0.0,0.015564203262329102
363.0,0.0,0.0,0.015624761581420898
47.0,0.0,0.0,0.019226551055908203
103.0,0.0,0.0,0.006910800933837891
36.0,0.0,0.0,0.0
190.0,0.0,0.0,0.016098976135253906
331.0,0.0,0.0,0.01566290855407715
95.0,0.0,0.0,0.0156252384185791
72.0,0.0,0.0,0.0
29.0,0.0,0.0,0.0
172.0,0.0,0.0,0.015598297119140625
69.0,0.0,0.0,0.015619039535522461
484.0,0.0,0.0,0.03167104721069336
154.0,0.0,0.0,0.0
33.0,0.0,0.0,0.015624284744262695
452.0,0.0,0.0,0.03269195556640625
44.0,0.0,0.0,0.0037958621978759766
38.0,0.0,0.0,0.0
58.0,0.0,0.0,0.009159564971923828
642.0,0.0,0.0,0.030620098114013672
24.0,0.0,0.0,0.0
29.0,0.0,0.0,0.0
302.0,0.0,0.0,0.020105361938476562
68.0,0.0,0.0,0.0041964054107666016
61.0,0.0,0.0,0.0
101.0,0.0,0.0,0.011549234390258789
22.0,0.0,0.0,0.0
241.0,0.0,0.0,0.01566147804260254
168.0,0.0,0.0,0.01607966423034668
102.0,0.0,0.0,0.0
230.0,0.0,0.0,0.015674829483032227
184.0,0.0,0.0,0.015944957733154297
149.0,0.0,0.0,0.015305280685424805
273.0,0.0,0.0,0.015588998794555664
268.0,0.0,0.0,0.015625
368.0,0.0,0.0,0.03165078163146973
120.0,0.0,0.0,0.0
283.0,0.0,0.0,0.0060117244720458984
367.0,0.0,0.0,0.015630245208740234
288.0,0.0,0.0,0.02470088005065918
94.0,0.0,0.0,0.010715723037719727
254.0,0.0,0.0,0.013676643371582031
110.0,0.0,0.0,0.008030414581298828
233.0,0.0,0.0,0.015016555786132812
171.0,0.0,0.0,0.0
60.0,0.0,0.0,0.01564335823059082
63.0,0.0,0.0,0.0
87.0,0.0,0.0,0.01592731475830078
55.0,0.0,0.0,0.002995729446411133
307.0,0.0,0.0,0.004740715026855469
46.0,0.0,0.0,0.0
92.0,0.0,0.0,0.0
133.0,0.0,0.0,0.0
46.0,0.0,0.0,0.0050144195556640625
47.0,0.0,0.0,0.0
61.0,0.0,0.0,0.003599405288696289
196.0,0.0,0.0,0.016850948333740234
303.0,0.0,0.0,0.016478776931762695
167.0,0.0,0.0,0.00012731552124023438
355.0,0.0,0.0,0.03157782554626465
137.0,0.0,0.0,0.0
196.0,0.0,0.0,0.026042699813842773
177.0,0.0,0.0,0.007769346237182617
204.0,0.0,0.0,0.01640009880065918
60.0,0.0,0.0,0.007514238357543945
130.0,0.0,0.0,0.0
93.0,0.0,0.0,0.01564168930053711
50.0,0.0,0.0,0.0
232.0,0.0,0.0,0.01562643051147461
147.0,0.0,0.0,0.015624046325683594
98.0,0.0,0.0,0.0
39.0,0.0,0.0,0.015624761581420898
35.0,0.0,0.0,0.0
226.0,0.0,0.0,0.015625476837158203
48.0,0.0,0.0,0.0
298.0,0.0,0.0,0.016028165817260742
69.0,0.0,0.0,0.015651226043701172
65.0,0.0,0.0,0.0
262.0,0.0,0.0,0.015613555908203125
63.0,0.0,0.0,0.015628337860107422
40.0,0.0,0.0,0.0
126.0,0.0,0.0,0.015620946884155273
113.0,0.0,0.0,0.0
78.0,0.0,0.0,0.015624761581420898
129.0,0.0,0.0,0.0
312.0,0.0,0.0,0.03165841102600098
68.0,0.0,0.0,0.0
230.0,0.0,0.0,0.025429248809814453
144.0,0.0,0.0,0.013349056243896484
65.0,0.0,0.0,0.0
83.0,0.0,0.0,0.00803685188293457
150.0,0.0,0.0,0.0
51.0,0.0,0.0,0.0
190.0,0.0,0.0,0.015590429306030273
302.0,0.0,0.0,0.016027212142944336
76.0,0.0,0.0,0.0
371.0,0.0,0.0,0.031267642974853516
172.0,0.0,0.0,0.013729095458984375
340.0,0.0,0.0,0.03140711784362793
73.0,0.0,0.0,0.0
162.0,0.0,0.0,0.007052421569824219
152.0,0.0,0.0,0.00816035270690918
61.0,0.0,0.0,0.0
94.0,0.0,0.0,0.015623092651367188
151.0,0.0,0.0,0.01562190055847168
181.0,0.0,0.0,0.0
728.0,0.0,0.0,0.04609942436218262
75.0,0.0,0.0,0.0
268.0,0.0,0.0,0.015679359436035156
53.0,0.0,0.0,0.0
161.0,0.0,0.0,0.015623331069946289
292.0,0.0,0.0,0.015850305557250977
101.0,0.0,0.0,0.0
150.0,0.0,0.0,0.0
519.0,0.0,0.0,0.02072906494140625
307.0,0.0,0.0,0.02891683578491211
189.0,0.0,0.0,0.01104879379272461
468.0,0.0,0.0,0.03128767013549805
231.0,0.0,0.0,0.008013248443603516
172.0,0.0,0.0,0.02032327651977539
145.0,0.0,0.0,0.009349822998046875
311.0,0.0,0.0,0.023609638214111328
355.0,0.0,0.0,0.015013694763183594
57.0,0.0,0.0,0.015643835067749023
243.0,0.0,0.0,0.016024112701416016
78.0,0.0,0.0,0.0
163.0,0.0,0.0,0.015639543533325195
163.0,0.0,0.0,0.015630006790161133
181.0,0.0,0.0,0.015622138977050781
41.0,0.0,0.0,0.009239673614501953
206.0,0.0,0.0,0.07921814918518066
97.0,0.0,0.0,0.01564192771911621
112.0,0.0,0.0,0.0
78.0,0.0,0.0,0.018534183502197266
108.0,0.0,0.0,0.0065305233001708984
132.0,0.0,0.0,0.005509614944458008
392.0,0.0,0.0,0.027581214904785156
179.0,0.0,0.0,0.008076190948486328
250.0,0.0,0.0,0.010014772415161133
546.0,0.0,0.0,0.05023550987243652
70.0,0.0,0.0,0.0
224.0,0.0,0.0,0.019976377487182617
102.0,0.0,0.0,0.0030832290649414062
298.0,0.0,0.0,0.025885581970214844
99.0,0.0,0.0,0.008863449096679688
99.0,0.0,0.0,0.007437229156494141
293.0,0.0,0.0,0.02262139320373535
84.0,0.0,0.0,0.010497808456420898
227.0,0.0,0.0,0.014831781387329102
56.0,0.0,0.0,0.002822399139404297
115.0,0.0,0.0,0.013458013534545898
188.0,0.0,0.0,0.013328075408935547
201.0,0.0,0.0,0.012365579605102539
89.0,0.0,0.0,0.0
169.0,0.0,0.0,0.004609346389770508
94.0,0.0,0.0,0.015014171600341797
72.0,0.0,0.0,0.0
50.0,0.0,0.0,0.0
56.0,0.0,0.0,0.015651702880859375
45.0,0.0,0.0,0.0
213.0,0.0,0.0,0.015615701675415039
95.0,0.0,0.0,0.0
192.0,0.0,0.0,0.015623092651367188
402.0,0.0,0.0,0.033763885498046875
40.0,0.0,0.0,0.0
160.0,0.0,0.0,0.013511419296264648
225.0,0.0,0.0,0.024395227432250977
155.0,0.0,0.0,0.006014823913574219
105.0,0.0,0.0,0.008023262023925781
40.0,0.0,0.0,0.0
30.0,0.0,0.0,0.0
88.0,0.0,0.0,0.0
223.0,0.0,0.0,0.0
58.0,0.0,0.0,0.015630483627319336
389.0,0.0,0.0,0.01607990264892578
611.0,0.0,0.0,0.048174142837524414
21.0,0.0,0.0,0.0
191.0,0.0,0.0,0.018453598022460938
45.0,0.0,0.0,0.006861448287963867
27.0,0.0,0.0,0.0
214.0,0.0,0.0,0.009874105453491211
175.0,0.0,0.0,0.006632089614868164
321.0,0.0,0.0,0.016678571701049805
66.0,0.0,0.0,0.0
395.0,0.0,0.0,0.03125333786010742
60.0,0.0,0.0,0.0
316.0,0.0,0.0,0.021140336990356445
45.0,0.0,0.0,0.0
89.0,0.0,0.0,0.0
99.0,0.0,0.0,0.01564168930053711
101.0,0.0,0.0,0.0
88.0,0.0,0.0,0.0156252384185791
209.0,0.0,0.0,0.015624761581420898
285.0,0.0,0.0,0.015626192092895508
22.0,0.0,0.0,0.0
216.0,0.0,0.0,0.015625476837158203
116.0,0.0,0.0,0.01602792739868164
119.0,0.0,0.0,0.0
80.0,0.0,0.0,0.015642642974853516
149.0,0.0,0.0,0.0
35.0,0.0,0.0,0.015624761581420898
108.0,0.0,0.0,0.0
105.0,0.0,0.0,0.015623807907104492
123.0,0.0,0.0,0.0
102.0,0.0,0.0,0.0156252384185791
156.0,0.0,0.0,0.0
441.0,0.0,0.0,0.017637014389038086
344.0,0.0,0.0,0.029660701751708984
104.0,0.0,0.0,0.018848180770874023
147.0,0.0,0.0,0.014291048049926758
65.0,0.0,0.0,0.0
319.0,0.0,0.0,0.0156252384185791
185.0,0.0,0.0,0.016021728515625
25.0,0.0,0.0,0.0
56.0,0.0,0.0,0.0
100.0,0.0,0.0,0.01563858985900879
99.0,0.0,0.0,0.0
220.0,0.0,0.0,0.015630006790161133
27.0,0.0,0.0,0.015622615814208984
67.0,0.0,0.0,0.0
40.0,0.0,0.0,0.0
55.0,0.0,0.0,0.0
121.0,0.0,0.0,0.017086029052734375
38.0,0.0,0.0,0.005227565765380859
35.0,0.0,0.0,0.0
140.0,0.0,0.0,0.010044097900390625
107.0,0.0,0.0,0.007478475570678711
27.0,0.0,0.0,0.0
160.0,0.0,0.0,0.015669584274291992
212.0,0.0,0.0,0.0
175.0,0.0,0.0,0.0
24.0,0.0,0.0,0.0
127.0,0.0,0.0,0.0
125.0,0.0,0.0,0.015624761581420898
282.0,0.0,0.0,0.015625
323.0,0.0,0.0,0.008270263671875
372.0,0.0,0.0,0.03162336349487305
241.0,0.0,0.0,0.015292644500732422
304.0,0.0,0.0,0.015885353088378906
172.0,0.0,0.0,0.015378713607788086
205.0,0.0,0.0,0.0160982608795166
47.0,0.0,0.0,0.0
202.0,0.0,0.0,0.01568007469177246
165.0,0.0,0.0,0.015624761581420898
141.0,0.0,0.0,0.0
372.0,0.0,0.0,0.021657228469848633
173.0,0.0,0.0,0.0
102.0,0.0,0.0,0.0035123825073242188
261.0,0.0,0.0,0.028162240982055664
88.0,0.0,0.0,0.0
316.0,0.0,0.0,0.04342508316040039
351.0,0.0,0.0,0.02364039421081543
160.0,0.0,0.0,0.0
90.0,0.0,0.0,0.0156400203704834
440.0,0.0,0.0,0.03126692771911621
213.0,0.0,0.0,0.015614986419677734
94.0,0.0,0.0,0.0
32.0,0.0,0.0,0.0
48.0,0.0,0.0,0.0
262.0,0.0,0.0,0.022006511688232422
135.0,0.0,0.0,0.008051395416259766
129.0,0.0,0.0,0.012088775634765625
76.0,0.0,0.0,0.007627010345458984
215.0,0.0,0.0,0.009015798568725586
61.0,0.0,0.0,0.0
37.0,0.0,0.0,0.00815725326538086
57.0,0.0,0.0,0.0
43.0,0.0,0.0,0.0
33.0,0.0,0.0,0.0
95.0,0.0,0.0,0.0
28.0,0.0,0.0,0.0
142.0,0.0,0.0,0.01540374755859375
74.0,0.0,0.0,0.0
106.0,0.0,0.0,0.00954890251159668
76.0,0.0,0.0,0.0
382.0,0.0,0.0,0.031304121017456055
305.0,0.0,0.0,0.015608072280883789
364.0,0.0,0.0,0.031231164932250977
297.0,0.0,0.0,0.016033172607421875
41.0,0.0,0.0,0.0
113.0,0.0,0.0,0.01564311981201172
134.0,0.0,0.0,0.0
135.0,0.0,0.0,0.015624523162841797
196.0,0.0,0.0,0.015624046325683594
75.0,0.0,0.0,0.0
153.0,0.0,0.0,0.015622138977050781
87.0,0.0,0.0,0.015635251998901367
57.0,0.0,0.0,0.0
102.0,0.0,0.0,0.0
88.0,0.0,0.0,0.003010988235473633
190.0,0.0,0.0,0.013030052185058594
125.0,0.0,0.0,0.015652179718017578
30.0,0.0,0.0,0.0
393.0,0.0,0.0,0.03123927116394043
132.0,0.0,0.0,0.006396770477294922
254.0,0.0,0.0,0.016273021697998047
86.0,0.0,0.0,0.007631778717041016
256.0,0.0,0.0,0.01562786102294922
101.0,0.0,0.0,0.0
77.0,0.0,0.0,0.01562666893005371
106.0,0.0,0.0,0.0
91.0,0.0,0.0,0.015622854232788086
24.0,0.0,0.0,0.0
124.0,0.0,0.0,0.0
150.0,0.0,0.0,0.0
26.0,0.0,0.0,0.0
39.0,0.0,0.0,0.0
295.0,0.0,0.0,0.025260210037231445
164.0,0.0,0.0,0.012574911117553711
55.0,0.0,0.0,0.0018565654754638672
42.0,0.0,0.0,0.0
309.0,0.0,0.0,0.02377605438232422
51.0,0.0,0.0,0.0
66.0,0.0,0.0,0.0
397.0,0.0,0.0,0.01598358154296875
97.0,0.0,0.0,0.0020122528076171875
209.0,0.0,0.0,0.015676498413085938
69.0,0.0,0.0,0.01559138298034668
113.0,0.0,0.0,0.0
194.0,0.0,0.0,0.015625953674316406
107.0,0.0,0.0,0.015624046325683594
451.0,0.0,0.0,0.015624046325683594
127.0,0.0,0.0,0.004515886306762695
497.0,0.0,0.0,0.027153491973876953
71.0,0.0,0.0,0.015625
115.0,0.0,0.0,0.0
361.0,0.0,0.0,0.03125429153442383
173.0,0.0,0.0,0.024851322174072266
201.0,0.0,0.0,0.012514352798461914
107.0,0.0,0.0,0.00634455680847168
45.0,0.0,0.0,0.002806425094604492
595.0,0.0,0.0,0.037180185317993164
33.0,0.0,0.0,0.0026237964630126953
221.0,0.0,0.0,0.018578529357910156
81.0,0.0,0.0,0.005431175231933594
85.0,0.0,0.0,0.005064725875854492
55.0,0.0,0.0,0.0033571720123291016
42.0,0.0,0.0,0.0027608871459960938
159.0,0.0,0.0,0.0024995803833007812
102.0,0.0,0.0,0.016612768173217773
60.0,0.0,0.0,0.0
86.0,0.0,0.0,0.015022516250610352
173.0,0.0,0.0,0.0
454.0,0.0,0.0,0.015885114669799805
161.0,0.0,0.0,0.0
66.0,0.0,0.0,0.002267599105834961
143.0,0.0,0.0,0.007788658142089844
281.0,0.0,0.0,0.02900528907775879
310.0,0.0,0.0,0.0166473388671875
79.0,0.0,0.0,0.0
271.0,0.0,0.0,0.02392888069152832
25.0,0.0,0.0,0.006533384323120117
180.0,0.0,0.0,0.0
96.0,0.0,0.0,0.015648841857910156
170.0,0.0,0.0,0.015651941299438477
28.0,0.0,0.0,0.0
31.0,0.0,0.0,0.0
243.0,0.0,0.0,0.015846967697143555
485.0,0.0,0.0,0.03705000877380371
269.0,0.0,0.0,0.010274887084960938
73.0,0.0,0.0,0.01591014862060547
97.0,0.0,0.0,0.0
153.0,0.0,0.0,0.015393257141113281
649.0,0.0,0.0,0.04683995246887207
94.0,0.0,0.0,0.0
87.0,0.0,0.0,0.012015104293823242
76.0,0.0,0.0,0.0
357.0,0.0,0.0,0.015644073486328125
660.0,0.0,0.0,0.04971766471862793
152.0,0.0,0.0,0.01814723014831543
99.0,0.0,0.0,0.006105184555053711
29.0,0.0,0.0,0.0
102.0,0.0,0.0,0.007769346237182617
52.0,0.0,0.0,0.008675575256347656
226.0,0.0,0.0,0.016569852828979492
106.0,0.0,0.0,0.0
490.0,0.0,0.0,0.02957940101623535
125.0,0.0,0.0,0.0
175.0,0.0,0.0,0.019898176193237305
301.0,0.0,0.0,0.027563095092773438
77.0,0.0,0.0,0.008080482482910156
46.0,0.0,0.0,0.01048898696899414
190.0,0.0,0.0,0.014125347137451172
111.0,0.0,0.0,0.008126497268676758
82.0,0.0,0.0,0.0
186.0,0.0,0.0,0.0158846378326416
116.0,0.0,0.0,0.01537013053894043
318.0,0.0,0.0,0.014532327651977539
85.0,0.0,0.0,0.0
65.0,0.0,0.0,0.015631914138793945
145.0,0.0,0.0,0.0
197.0,0.0,0.0,0.010517597198486328
186.0,0.0,0.0,0.01449728012084961
81.0,0.0,0.0,0.009038925170898438
121.0,0.0,0.0,0.0081024169921875
247.0,0.0,0.0,0.015654325485229492
47.0,0.0,0.0,0.0
326.0,0.0,0.0,0.031250715255737305
343.0,0.0,0.0,0.015624761581420898
79.0,0.0,0.0,0.017401695251464844
103.0,0.0,0.0,0.006365776062011719
24.0,0.0,0.0,0.0
377.0,0.0,0.0,0.009047269821166992
115.0,0.0,0.0,0.0
223.0,0.0,0.0,0.01587224006652832
503.0,0.0,0.0,0.03943061828613281
186.0,0.0,0.0,0.015286684036254883
146.0,0.0,0.0,0.008343935012817383
114.0,0.0,0.0,0.008072137832641602
70.0,0.0,0.0,0.0
161.0,0.0,0.0,0.01562976837158203
387.0,0.0,0.0,0.015624046325683594
183.0,0.0,0.0,0.015624761581420898
375.0,0.0,0.0,0.032764434814453125
464.0,0.0,0.0,0.04781746864318848
198.0,0.0,0.0,0.014996767044067383
242.0,0.0,0.0,0.016535043716430664
50.0,0.0,0.0,0.007555484771728516
178.0,0.0,0.0,0.00943446159362793
38.0,0.0,0.0,0.0
51.0,0.0,0.0,0.0
121.0,0.0,0.0,0.014514923095703125
67.0,0.0,0.0,0.0
38.0,0.0,0.0,0.017394542694091797
238.0,0.0,0.0,0.007294654846191406
770.0,0.0,0.0,0.045285701751708984
320.0,0.0,0.0,0.03174757957458496
58.0,0.0,0.0,0.0
173.0,0.0,0.0,0.015608072280883789
42.0,0.0,0.0,0.0
355.0,0.0,0.0,0.03127551078796387
191.0,0.0,0.0,0.0
116.0,0.0,0.0,0.015865802764892578
146.0,0.0,0.0,0.015384435653686523
121.0,0.0,0.0,0.00503230094909668
275.0,0.0,0.0,0.011047124862670898
29.0,0.0,0.0,0.015654802322387695
53.0,0.0,0.0,0.0
270.0,0.0,0.0,0.015631675720214844
53.0,0.0,0.0,0.0
135.0,0.0,0.0,0.0
329.0,0.0,0.0,0.033823251724243164
146.0,0.0,0.0,0.08867859840393066
133.0,0.0,0.0,0.004533290863037109
322.0,0.0,0.0,0.016028642654418945
182.0,0.0,0.0,0.01618504524230957
63.0,0.0,0.0,0.005123615264892578
33.0,0.0,0.0,0.006555318832397461
146.0,0.0,0.0,0.009447574615478516
71.0,0.0,0.0,0.007609367370605469
321.0,0.0,0.0,0.017681121826171875
173.0,0.0,0.0,0.006138801574707031
77.0,0.0,0.0,0.0001742839813232422
30.0,0.0,0.0,0.0014090538024902344
108.0,0.0,0.0,0.005979776382446289
69.0,0.0,0.0,0.007901430130004883
446.0,0.0,0.0,0.02690601348876953
172.0,0.0,0.0,0.008131027221679688
69.0,0.0,0.0,0.0
44.0,0.0,0.0,0.0
110.0,0.0,0.0,0.01817011833190918
46.0,0.0,0.0,0.0
394.0,0.0,0.0,0.02922677993774414
316.0,0.0,0.0,0.0156252384185791
447.0,0.0,0.0,0.03121495246887207
134.0,0.0,0.0,0.015625715255737305
47.0,0.0,0.0,0.0
143.0,0.0,0.0,0.007513284683227539
112.0,0.0,0.0,0.0
187.0,0.0,0.0,0.01564168930053711
282.0,0.0,0.0,0.015625953674316406
194.0,0.0,0.0,0.0
339.0,0.0,0.0,0.015632152557373047
251.0,0.0,0.0,0.016080141067504883
87.0,0.0,0.0,0.015678882598876953
103.0,0.0,0.0,0.0
90.0,0.0,0.0,0.015625
279.0,0.0,0.0,0.015607357025146484
114.0,0.0,0.0,0.024163484573364258
46.0,0.0,0.0,0.006263256072998047
129.0,0.0,0.0,0.0162503719329834
257.0,0.0,0.0,0.008027076721191406
133.0,0.0,0.0,0.015666484832763672
92.0,0.0,0.0,0.018288612365722656
64.0,0.0,0.0,0.006211280822753906
46.0,0.0,0.0,0.003278493881225586
130.0,0.0,0.0,0.009661674499511719
426.0,0.0,0.0,0.03159689903259277
75.0,0.0,0.0,0.0064928531646728516
50.0,0.0,0.0,0.004732370376586914
42.0,0.0,0.0,0.002635955810546875
34.0,0.0,0.0,0.0010135173797607422
300.0,0.0,0.0,0.02543163299560547
254.0,0.0,0.0,0.02023482322692871
32.0,0.0,0.0,0.002229928970336914
205.0,0.0,0.0,0.012863397598266602
471.0,0.0,0.0,0.015741348266601562
211.0,0.0,0.0,0.0
71.0,0.0,0.0,0.0
48.0,0.0,0.0,0.0
80.0,0.0,0.0,0.015620946884155273
174.0,0.0,0.0,0.0
49.0,0.0,0.0,0.015630006790161133
106.0,0.0,0.0,0.0
341.0,0.0,0.0,0.033815860748291016
245.0,0.0,0.0,0.008429765701293945
194.0,0.0,0.0,0.0
153.0,0.0,0.0,0.015659093856811523
129.0,0.0,0.0,0.015642881393432617
106.0,0.0,0.0,0.0
227.0,0.0,0.0,0.032280921936035156
110.0,0.0,0.0,0.0
67.0,0.0,0.0,0.01504826545715332
191.0,0.0,0.0,0.0
75.0,0.0,0.0,0.0
349.0,0.0,0.0,0.015590667724609375
244.0,0.0,0.0,0.02390909194946289
441.0,0.0,0.0,0.02313375473022461
152.0,0.0,0.0,0.0
317.0,0.0,0.0,0.031256675720214844
101.0,0.0,0.0,0.0
43.0,0.0,0.0,0.0
211.0,0.0,0.0,0.0
70.0,0.0,0.0,0.0
183.0,0.0,0.0,0.015616893768310547
78.0,0.0,0.0,0.01122140884399414
690.0,0.0,0.0,0.049219608306884766
137.0,0.0,0.0,0.01563715934753418
112.0,0.0,0.0,0.0
343.0,0.0,0.0,0.03482794761657715
157.0,0.0,0.0,0.0
155.0,0.0,0.0,0.0
232.0,0.0,0.0,0.027264833450317383
69.0,0.0,0.0,0.0
657.0,0.0,0.0,0.04378342628479004
256.0,0.0,0.0,0.016638517379760742
178.0,0.0,0.0,0.015013694763183594
35.0,0.0,0.0,0.0
87.0,0.0,0.0,0.0
44.0,0.0,0.0,0.0
129.0,0.0,0.0,0.006511688232421875
255.0,0.0,0.0,0.0156404972076416
47.0,0.0,0.0,0.0
149.0,0.0,0.0,0.0
81.0,0.0,0.0,0.01566004753112793
67.0,0.0,0.0,0.0
282.0,0.0,0.0,0.00954747200012207
81.0,0.0,0.0,0.01567864418029785
58.0,0.0,0.0,0.0
103.0,0.0,0.0,0.0
71.0,0.0,0.0,0.01558828353881836
227.0,0.0,0.0,0.01938605308532715
72.0,0.0,0.0,0.005046367645263672
47.0,0.0,0.0,0.008867263793945312
158.0,0.0,0.0,0.008358478546142578
36.0,0.0,0.0,0.0
148.0,0.0,0.0,0.009556770324707031
149.0,0.0,0.0,0.006530284881591797
45.0,0.0,0.0,0.0
672.0,0.0,0.0,0.04692649841308594
328.0,0.0,0.0,0.031216859817504883
147.0,0.0,0.0,0.029590606689453125
102.0,0.0,0.0,0.012063980102539062
63.0,0.0,0.0,0.0
45.0,0.0,0.0,0.00832676887512207
77.0,0.0,0.0,0.0
25.0,0.0,0.0,0.0
200.0,0.0,0.0,0.008226633071899414
303.0,0.0,0.0,0.016460180282592773
424.0,0.0,0.0,0.016028165817260742
468.0,0.0,0.0,0.015625715255737305
145.0,0.0,0.0,0.0070035457611083984
62.0,0.0,0.0,0.004837751388549805
51.0,0.0,0.0,0.0
56.0,0.0,0.0,0.011048078536987305
113.0,0.0,0.0,0.0
142.0,0.0,0.0,0.015662670135498047
525.0,0.0,0.0,0.03169894218444824
31.0,0.0,0.0,0.0
77.0,0.0,0.0,0.01563286781311035
135.0,0.0,0.0,0.015608549118041992
202.0,0.0,0.0,0.0
138.0,0.0,0.0,0.0
120.0,0.0,0.0,0.015623331069946289
51.0,0.0,0.0,0.0
91.0,0.0,0.0,0.0
56.0,0.0,0.0,0.0
148.0,0.0,0.0,0.015641450881958008
30.0,0.0,0.0,0.0
263.0,0.0,0.0,0.015625476837158203
40.0,0.0,0.0,0.0
319.0,0.0,0.0,0.03124690055847168
68.0,0.0,0.0,0.0
171.0,0.0,0.0,0.020131349563598633
168.0,0.0,0.0,0.012021303176879883
378.0,0.0,0.0,0.016591548919677734
41.0,0.0,0.0,0.0
89.0,0.0,0.0,0.01562047004699707
153.0,0.0,0.0,0.0
102.0,0.0,0.0,0.0
364.0,0.0,0.0,0.03124547004699707
265.0,0.0,0.0,0.017642974853515625
192.0,0.0,0.0,0.014013290405273438
204.0,0.0,0.0,0.01616382598876953
281.0,0.0,0.0,0.01470637321472168
33.0,0.0,0.0,0.009195089340209961
142.0,0.0,0.0,0.007062196731567383
84.0,0.0,0.0,0.008147239685058594
62.0,0.0,0.0,0.0
82.0,0.0,0.0,0.015581607818603516
355.0,0.0,0.0,0.015677213668823242
75.0,0.0,0.0,0.0
37.0,0.0,0.0,0.01558995246887207
229.0,0.0,0.0,0.015659332275390625
40.0,0.0,0.0,0.0
146.0,0.0,0.0,0.015607833862304688
187.0,0.0,0.0,0.0
26.0,0.0,0.0,0.0
116.0,0.0,0.0,0.006974458694458008
96.0,0.0,0.0,0.007174253463745117
364.0,0.0,0.0,0.01995086669921875
154.0,0.0,0.0,0.0
290.0,0.0,0.0,0.015639781951904297
190.0,0.0,0.0,0.015624761581420898
171.0,0.0,0.0,0.0
92.0,0.0,0.0,0.021204233169555664
41.0,0.0,0.0,0.002644777297973633
254.0,0.0,0.0,0.015993356704711914
58.0,0.0,0.0,0.0
50.0,0.0,0.0,0.0
240.0,0.0,0.0,0.0
98.0,0.0,0.0,0.0
152.0,0.0,0.0,0.015877723693847656
81.0,0.0,0.0,0.0
174.0,0.0,0.0,0.015372276306152344
248.0,0.0,0.0,0.019701480865478516
147.0,0.0,0.0,0.014616727828979492
49.0,0.0,0.0,0.005531787872314453
72.0,0.0,0.0,0.0037546157836914062
166.0,0.0,0.0,0.008182525634765625
173.0,0.0,0.0,0.0
76.0,0.0,0.0,0.00500941276550293
291.0,0.0,0.0,0.024356365203857422
133.0,0.0,0.0,0.007966995239257812
102.0,0.0,0.0,0.007852315902709961
36.0,0.0,0.0,0.00810861587524414
326.0,0.0,0.0,0.016028881072998047
86.0,0.0,0.0,0.011917591094970703
187.0,0.0,0.0,0.008172273635864258
159.0,0.0,0.0,0.008411169052124023
438.0,0.0,0.0,0.016455888748168945
190.0,0.0,0.0,0.006592273712158203
211.0,0.0,0.0,0.015630722045898438
511.0,0.0,0.0,0.0468754768371582
235.0,0.0,0.0,0.01689887046813965
201.0,0.0,0.0,0.014150857925415039
115.0,0.0,0.0,0.007161140441894531
145.0,0.0,0.0,0.008939027786254883
206.0,0.0,0.0,0.012769699096679688
29.0,0.0,0.0,0.0021855831146240234
110.0,0.0,0.0,0.010260343551635742
101.0,0.0,0.0,0.00827646255493164
67.0,0.0,0.0,0.006108999252319336
34.0,0.0,0.0,0.002684354782104492
195.0,0.0,0.0,0.015120267868041992
106.0,0.0,0.0,0.008684635162353516
36.0,0.0,0.0,0.0
50.0,0.0,0.0,0.005728721618652344
87.0,0.0,0.0,0.006251335144042969
108.0,0.0,0.0,0.0
132.0,0.0,0.0,0.0
152.0,0.0,0.0,0.021181344985961914
125.0,0.0,0.0,0.0
152.0,0.0,0.0,0.0
111.0,0.0,0.0,0.015642166137695312
180.0,0.0,0.0,0.0156252384185791
55.0,0.0,0.0,0.0
83.0,0.0,0.0,0.0
29.0,0.0,0.0,0.015625476837158203
39.0,0.0,0.0,0.0
251.0,0.0,0.0,0.01563119888305664
28.0,0.0,0.0,0.0
34.0,0.0,0.0,0.0
220.0,0.0,0.0,0.016024112701416016
117.0,0.0,0.0,0.0
238.0,0.0,0.0,0.015637874603271484
261.0,0.0,0.0,0.015629291534423828
37.0,0.0,0.0,0.0
86.0,0.0,0.0,0.0
150.0,0.0,0.0,0.015639781951904297
169.0,0.0,0.0,0.02093815803527832
39.0,0.0,0.0,0.002064943313598633
92.0,0.0,0.0,0.008032560348510742
179.0,0.0,0.0,0.014511346817016602
34.0,0.0,0.0,0.0
151.0,0.0,0.0,0.015639543533325195
175.0,0.0,0.0,0.0
105.0,0.0,0.0,0.0
232.0,0.0,0.0,0.015624284744262695
91.0,0.0,0.0,0.015601158142089844
52.0,0.0,0.0,0.0
443.0,0.0,0.0,0.041719675064086914
308.0,0.0,0.0,0.015677213668823242
226.0,0.0,0.0,0.025931596755981445
185.0,0.0,0.0,0.008847236633300781
239.0,0.0,0.0,0.015048027038574219
122.0,0.0,0.0,0.016197919845581055
120.0,0.0,0.0,0.0
131.0,0.0,0.0,0.0
266.0,0.0,0.0,0.028069019317626953
131.0,0.0,0.0,0.008019685745239258
149.0,0.0,0.0,0.01831221580505371
41.0,0.0,0.0,0.0
127.0,0.0,0.0,0.008820295333862305
196.0,0.0,0.0,0.007550477981567383
194.0,0.0,0.0,0.008435964584350586
85.0,0.0,0.0,0.015903949737548828
96.0,0.0,0.0,0.0
50.0,0.0,0.0,0.0
121.0,0.0,0.0,0.0
212.0,0.0,0.0,0.015624523162841797
301.0,0.0,0.0,0.015588045120239258
54.0,0.0,0.0,0.015625
21.0,0.0,0.0,0.0
589.0,0.0,0.0,0.03204798698425293
69.0,0.0,0.0,0.01563739776611328
117.0,0.0,0.0,0.0
58.0,0.0,0.0,0.0
123.0,0.0,0.0,0.0
606.0,0.0,0.0,0.05230307579040527
58.0,0.0,0.0,0.0
91.0,0.0,0.0,0.01051473617553711
45.0,0.0,0.0,0.0
227.0,0.0,0.0,0.015642166137695312
574.0,0.0,0.0,0.046877384185791016
47.0,0.0,0.0,0.0
96.0,0.0,0.0,0.015628814697265625
90.0,0.0,0.0,0.01151418685913086
72.0,0.0,0.0,0.004514217376708984
154.0,0.0,0.0,0.05707812309265137
150.0,0.0,0.0,0.0
124.0,0.0,0.0,0.0
42.0,0.0,0.0,0.012515783309936523
88.0,0.0,0.0,0.0
264.0,0.0,0.0,0.01564478874206543
201.0,0.0,0.0,0.015621662139892578
383.0,0.0,0.0,0.03827071189880371
52.0,0.0,0.0,0.00901174545288086
145.0,0.0,0.0,0.015738964080810547
23.0,0.0,0.0,0.0
262.0,0.0,0.0,0.00943303108215332
199.0,0.0,0.0,0.02301502227783203
33.0,0.0,0.0,0.0
116.0,0.0,0.0,0.006548881530761719
335.0,0.0,0.0,0.01567840576171875
64.0,0.0,0.0,0.01353311538696289
42.0,0.0,0.0,0.0
47.0,0.0,0.0,0.0
60.0,0.0,0.0,0.0
210.0,0.0,0.0,0.015679597854614258
82.0,0.0,0.0,0.015625476837158203
47.0,0.0,0.0,0.0
309.0,0.0,0.0,0.015590429306030273
142.0,0.0,0.0,0.015626907348632812
401.0,0.0,0.0,0.03527045249938965
112.0,0.0,0.0,0.0
245.0,0.0,0.0,0.012010335922241211
54.0,0.0,0.0,0.0
34.0,0.0,0.0,0.0
163.0,0.0,0.0,0.01562809944152832
59.0,0.0,0.0,0.0
300.0,0.0,0.0,0.031264305114746094
31.0,0.0,0.0,0.0
277.0,0.0,0.0,0.025678396224975586
473.0,0.0,0.0,0.021714210510253906
179.0,0.0,0.0,0.015617847442626953
88.0,0.0,0.0,0.015625476837158203
104.0,0.0,0.0,0.0
225.0,0.0,0.0,0.02814316749572754
196.0,0.0,0.0,0.016081571578979492
405.0,0.0,0.0,0.02384042739868164
217.0,0.0,0.0,0.01560664176940918
46.0,0.0,0.0,0.0
40.0,0.0,0.0,0.015625
48.0,0.0,0.0,0.0
233.0,0.0,0.0,0.015621423721313477
57.0,0.0,0.0,0.0
70.0,0.0,0.0,0.015611886978149414
367.0,0.0,0.0,0.03219342231750488
68.0,0.0,0.0,0.012707233428955078
59.0,0.0,0.0,0.007735490798950195
91.0,0.0,0.0,0.008055925369262695
217.0,0.0,0.0,0.008148193359375
310.0,0.0,0.0,0.031289100646972656
166.0,0.0,0.0,0.012012004852294922
249.0,0.0,0.0,0.0040111541748046875
41.0,0.0,0.0,0.015638113021850586
58.0,0.0,0.0,0.0
138.0,0.0,0.0,0.01566314697265625
180.0,0.0,0.0,0.015625
117.0,0.0,0.0,0.0
313.0,0.0,0.0,0.015624523162841797
107.0,0.0,0.0,0.0
148.0,0.0,0.0,0.018132925033569336
26.0,0.0,0.0,0.0
378.0,0.0,0.0,0.031017303466796875
92.0,0.0,0.0,0.007720232009887695
52.0,0.0,0.0,0.008357763290405273
62.0,0.0,0.0,0.0
267.0,0.0,0.0,0.014548540115356445
328.0,0.0,0.0,0.03166389465332031
44.0,0.0,0.0,0.0
49.0,0.0,0.0,0.0
373.0,0.0,0.0,0.024648666381835938
284.0,0.0,0.0,0.0156252384185791
160.0,0.0,0.0,0.015625
134.0,0.0,0.0,0.0
380.0,0.0,0.0,0.041208505630493164
69.0,0.0,0.0,0.004514455795288086
208.0,0.0,0.0,0.008399248123168945
33.0,0.0,0.0,0.0
288.0,0.0,0.0,0.023792743682861328
119.0,0.0,0.0,0.0012969970703125
66.0,0.0,0.0,0.008304834365844727
32.0,0.0,0.0,0.0
249.0,0.0,0.0,0.030703067779541016
193.0,0.0,0.0,0.030061721801757812
95.0,0.0,0.0,0.024061918258666992
66.0,0.0,0.0,0.008019447326660156
35.0,0.0,0.0,0.003469705581665039
62.0,0.0,0.0,0.009272575378417969
173.0,0.0,0.0,0.011995792388916016
89.0,0.0,0.0,0.005880117416381836
370.0,0.0,0.0,0.025995254516601562
186.0,0.0,0.0,0.0162198543548584
86.0,0.0,0.0,0.0022232532501220703
86.0,0.0,0.0,0.0071027278900146484
68.0,0.0,0.0,0.004366397857666016
745.0,0.0,0.0,0.045752763748168945
31.0,0.0,0.0,0.0
181.0,0.0,0.0,0.014515876770019531
87.0,0.0,0.0,0.015644550323486328
330.0,0.0,0.0,0.031250715255737305
144.0,0.0,0.0,0.0
452.0,0.0,0.0,0.015014171600341797
38.0,0.0,0.0,0.0
240.0,0.0,0.0,0.03125262260437012
173.0,0.0,0.0,0.015619993209838867
38.0,0.0,0.0,0.0
26.0,0.0,0.0,0.009512901306152344
179.0,0.0,0.0,0.020949363708496094
64.0,0.0,0.0,0.004015922546386719
34.0,0.0,0.0,0.0
65.0,0.0,0.0,0.0
43.0,0.0,0.0,0.008173465728759766
47.0,0.0,0.0,0.0
156.0,0.0,0.0,0.0
159.0,0.0,0.0,0.02420330047607422
261.0,0.0,0.0,0.013301849365234375
67.0,0.0,0.0,0.0015108585357666016
51.0,0.0,0.0,0.0
158.0,0.0,0.0,0.014513492584228516
154.0,0.0,0.0,0.01564621925354004
91.0,0.0,0.0,0.014848470687866211
122.0,0.0,0.0,0.014163494110107422
233.0,0.0,0.0,0.012839078903198242
62.0,0.0,0.0,0.0
294.0,0.0,0.0,0.01975417137145996
136.0,0.0,0.0,0.01203012466430664
72.0,0.0,0.0,0.0
79.0,0.0,0.0,0.015644311904907227
116.0,0.0,0.0,0.0
353.0,0.0,0.0,0.03125190734863281
219.0,0.0,0.0,0.015625
48.0,0.0,0.0,0.0
108.0,0.0,0.0,0.015625476837158203
330.0,0.0,0.0,0.016032934188842773
264.0,0.0,0.0,0.031267404556274414
163.0,0.0,0.0,0.015624761581420898
193.0,0.0,0.0,0.015625715255737305
100.0,0.0,0.0,0.018663883209228516
121.0,0.0,0.0,0.007752656936645508
173.0,0.0,0.0,0.02366328239440918
76.0,0.0,0.0,0.0
758.0,0.0,0.0,0.0765070915222168
321.0,0.0,0.0,0.024775266647338867
151.0,0.0,0.0,0.008125066757202148
95.0,0.0,0.0,0.015625953674316406
58.0,0.0,0.0,0.0
424.0,0.0,0.0,0.03381490707397461
26.0,0.0,0.0,0.0045146942138671875
122.0,0.0,0.0,0.008607864379882812
235.0,0.0,0.0,0.026197433471679688
103.0,0.0,0.0,0.009408712387084961
299.0,0.0,0.0,0.023678302764892578
190.0,0.0,0.0,0.015631437301635742
375.0,0.0,0.0,0.0316622257232666
395.0,0.0,0.0,0.031247615814208984
109.0,0.0,0.0,0.01562809944152832
147.0,0.0,0.0,0.015625953674316406
171.0,0.0,0.0,0.0
98.0,0.0,0.0,0.004016876220703125
190.0,0.0,0.0,0.012011289596557617
55.0,0.0,0.0,0.0
117.0,0.0,0.0,0.015640735626220703
106.0,0.0,0.0,0.0
145.0,0.0,0.0,0.0
510.0,0.0,0.0,0.03150534629821777
43.0,0.0,0.0,0.015365123748779297
206.0,0.0,0.0,0.016027450561523438
57.0,0.0,0.0,0.0
171.0,0.0,0.0,0.015638113021850586
221.0,0.0,0.0,0.015624761581420898
333.0,0.0,0.0,0.015628576278686523
188.0,0.0,0.0,0.026047945022583008
210.0,0.0,0.0,0.015833616256713867
157.0,0.0,0.0,0.013534784317016602
212.0,0.0,0.0,0.0
38.0,0.0,0.0,0.0
57.0,0.0,0.0,0.0
99.0,0.0,0.0,0.015620946884155273
150.0,0.0,0.0,0.0
89.0,0.0,0.0,0.015629291534423828
143.0,0.0,0.0,0.0
248.0,0.0,0.0,0.015630722045898438
490.0,0.0,0.0,0.041606903076171875
169.0,0.0,0.0,0.017848730087280273
508.0,0.0,0.0,0.03195381164550781
60.0,0.0,0.0,0.0
297.0,0.0,0.0,0.023731470108032227
534.0,0.0,0.0,0.031244277954101562
105.0,0.0,0.0,0.015627384185791016
238.0,0.0,0.0,0.015625476837158203
112.0,0.0,0.0,0.0
109.0,0.0,0.0,0.02013993263244629
113.0,0.0,0.0,0.0
34.0,0.0,0.0,0.0
51.0,0.0,0.0,0.0
258.0,0.0,0.0,0.015641212463378906
59.0,0.0,0.0,0.015625476837158203
84.0,0.0,0.0,0.0
129.0,0.0,0.0,0.015630245208740234
48.0,0.0,0.0,0.0
90.0,0.0,0.0,0.016769886016845703
26.0,0.0,0.0,0.0
97.0,0.0,0.0,0.006514787673950195
60.0,0.0,0.0,0.010015249252319336
148.0,0.0,0.0,0.006017446517944336
273.0,0.0,0.0,0.015643596649169922
206.0,0.0,0.0,0.015625476837158203
117.0,0.0,0.0,0.0
183.0,0.0,0.0,0.015624284744262695
45.0,0.0,0.0,0.0
404.0,0.0,0.0,0.04988884925842285
242.0,0.0,0.0,0.016045808792114258
78.0,0.0,0.0,0.008082151412963867
151.0,0.0,0.0,0.01562952995300293
186.0,0.0,0.0,0.01562666893005371
180.0,0.0,0.0,0.015625476837158203
465.0,0.0,0.0,0.031667232513427734
80.0,0.0,0.0,0.0
59.0,0.0,0.0,0.0
99.0,0.0,0.0,0.010523796081542969
122.0,0.0,0.0,0.015781879425048828
179.0,0.0,0.0,0.014598369598388672
68.0,0.0,0.0,0.008019447326660156
197.0,0.0,0.0,0.00657200813293457
91.0,0.0,0.0,0.004804134368896484
38.0,0.0,0.0,0.0
235.0,0.0,0.0,0.011018037796020508
129.0,0.0,0.0,0.0156400203704834
61.0,0.0,0.0,0.0
60.0,0.0,0.0,0.015631437301635742
464.0,0.0,0.0,0.031247615814208984
81.0,0.0,0.0,0.0
152.0,0.0,0.0,0.016030550003051758
135.0,0.0,0.0,0.0
90.0,0.0,0.0,0.0
37.0,0.0,0.0,0.0
112.0,0.0,0.0,0.01562952995300293
156.0,0.0,0.0,0.015620708465576172
338.0,0.0,0.0,0.01562643051147461
139.0,0.0,0.0,0.015618085861206055
114.0,0.0,0.0,0.020140647888183594
56.0,0.0,0.0,0.0
109.0,0.0,0.0,0.01707935333251953
326.0,0.0,0.0,0.02327585220336914
64.0,0.0,0.0,0.0038967132568359375
293.0,0.0,0.0,0.015756607055664062
163.0,0.0,0.0,0.010682106018066406
42.0,0.0,0.0,0.002771139144897461
46.0,0.0,0.0,0.0028154850006103516
160.0,0.0,0.0,0.014019012451171875
25.0,0.0,0.0,0.00159454345703125
242.0,0.0,0.0,0.021395206451416016
342.0,0.0,0.0,0.012441635131835938
200.0,0.0,0.0,0.016880273818969727
174.0,0.0,0.0,0.0
47.0,0.0,0.0,0.016158103942871094
378.0,0.0,0.0,0.015513896942138672
98.0,0.0,0.0,0.015639543533325195
185.0,0.0,0.0,0.01563549041748047
66.0,0.0,0.0,0.008361101150512695
67.0,0.0,0.0,0.009050130844116211
585.0,0.0,0.0,0.04151463508605957
47.0,0.0,0.0,0.007549285888671875
123.0,0.0,0.0,0.008208513259887695
138.0,0.0,0.0,0.0
490.0,0.0,0.0,0.015624761581420898
155.0,0.0,0.0,0.0
94.0,0.0,0.0,0.01584768295288086
43.0,0.0,0.0,0.0
37.0,0.0,0.0,0.003549814224243164
67.0,0.0,0.0,0.0
155.0,0.0,0.0,0.015679359436035156
76.0,0.0,0.0,0.015586137771606445
515.0,0.0,0.0,0.03125262260437012
203.0,0.0,0.0,0.015628814697265625
149.0,0.0,0.0,0.01562356948852539
30.0,0.0,0.0,0.0030188560485839844
22.0,0.0,0.0,0.0
379.0,0.0,0.0,0.04876875877380371
76.0,0.0,0.0,0.006552457809448242
22.0,0.0,0.0,0.000415802001953125
155.0,0.0,0.0,0.008421659469604492
71.0,0.0,0.0,0.0039806365966796875
105.0,0.0,0.0,0.008273124694824219
431.0,0.0,0.0,0.025914669036865234
41.0,0.0,0.0,0.001644134521484375
30.0,0.0,0.0,0.00474858283996582
69.0,0.0,0.0,0.003182649612426758
152.0,0.0,0.0,0.01617264747619629
268.0,0.0,0.0,0.01569962501525879
100.0,0.0,0.0,0.008050680160522461
437.0,0.0,0.0,0.03377962112426758
299.0,0.0,0.0,0.016278743743896484
46.0,0.0,0.0,0.0
46.0,0.0,0.0,0.0
32.0,0.0,0.0,0.0
75.0,0.0,0.0,0.015624284744262695
408.0,0.0,0.0,0.01562356948852539
195.0,0.0,0.0,0.012520313262939453
226.0,0.0,0.0,0.01643228530883789
37.0,0.0,0.0,0.0
137.0,0.0,0.0,0.020650625228881836
44.0,0.0,0.0,0.0
166.0,0.0,0.0,0.0
216.0,0.0,0.0,0.0
236.0,0.0,0.0,0.015629053115844727
78.0,0.0,0.0,0.0
96.0,0.0,0.0,0.006513833999633789
51.0,0.0,0.0,0.0
103.0,0.0,0.0,0.015679121017456055
310.0,0.0,0.0,0.03121209144592285
46.0,0.0,0.0,0.0
107.0,0.0,0.0,0.015660524368286133
342.0,0.0,0.0,0.0311276912689209
201.0,0.0,0.0,0.01564478874206543
46.0,0.0,0.0,0.0
191.0,0.0,0.0,0.01691889762878418
92.0,0.0,0.0,0.0
32.0,0.0,0.0,0.0
223.0,0.0,0.0,0.016209125518798828
61.0,0.0,0.0,0.008005380630493164
65.0,0.0,0.0,0.008068561553955078
309.0,0.0,0.0,0.0174105167388916
114.0,0.0,0.0,0.0
57.0,0.0,0.0,0.0
161.0,0.0,0.0,0.0
186.0,0.0,0.0,0.015622615814208984
83.0,0.0,0.0,0.015621185302734375
152.0,0.0,0.0,0.021658897399902344
100.0,0.0,0.0,0.008165836334228516
198.0,0.0,0.0,0.02242732048034668
40.0,0.0,0.0,0.0
565.0,0.0,0.0,0.03328061103820801
226.0,0.0,0.0,0.008107662200927734
68.0,0.0,0.0,0.015623807907104492
244.0,0.0,0.0,0.01562666893005371
45.0,0.0,0.0,0.0
107.0,0.0,0.0,0.01601886749267578
70.0,0.0,0.0,0.0
79.0,0.0,0.0,0.0
203.0,0.0,0.0,0.012122154235839844
155.0,0.0,0.0,0.005028486251831055
123.0,0.0,0.0,0.015520572662353516
38.0,0.0,0.0,0.0
288.0,0.0,0.0,0.015640974044799805
45.0,0.0,0.0,0.0
68.0,0.0,0.0,0.015623807907104492
90.0,0.0,0.0,0.0
205.0,0.0,0.0,0.01669478416442871
282.0,0.0,0.0,0.015270471572875977
381.0,0.0,0.0,0.03130531311035156
55.0,0.0,0.0,0.0
26.0,0.0,0.0,0.0
472.0,0.0,0.0,0.015625953674316406
58.0,0.0,0.0,0.0
473.0,0.0,0.0,0.0317227840423584
61.0,0.0,0.0,0.0
521.0,0.0,0.0,0.04300522804260254
105.0,0.0,0.0,0.008062124252319336
372.0,0.0,0.0,0.016031265258789062
430.0,0.0,0.0,0.03126788139343262
360.0,0.0,0.0,0.03125262260437012
130.0,0.0,0.0,0.0156252384185791
252.0,0.0,0.0,0.02969050407409668
132.0,0.0,0.0,0.006083250045776367
57.0,0.0,0.0,0.0
61.0,0.0,0.0,0.004914760589599609
55.0,0.0,0.0,0.0
210.0,0.0,0.0,0.008142709732055664
42.0,0.0,0.0,0.008073568344116211
127.0,0.0,0.0,0.0
60.0,0.0,0.0,0.015629291534423828
198.0,0.0,0.0,0.01763606071472168
187.0,0.0,0.0,0.014011621475219727
146.0,0.0,0.0,0.0
63.0,0.0,0.0,0.015640974044799805
177.0,0.0,0.0,0.015628814697265625
145.0,0.0,0.0,0.0
468.0,0.0,0.0,0.03963422775268555
68.0,0.0,0.0,0.016080379486083984
390.0,0.0,0.0,0.01566171646118164
293.0,0.0,0.0,0.031255483627319336
29.0,0.0,0.0,0.0
24.0,0.0,0.0,0.0
167.0,0.0,0.0,0.024024248123168945
488.0,0.0,0.0,0.032401323318481445
273.0,0.0,0.0,0.008385181427001953
112.0,0.0,0.0,0.0
352.0,0.0,0.0,0.015625476837158203
140.0,0.0,0.0,0.0
91.0,0.0,0.0,0.017438173294067383
90.0,0.0,0.0,0.005655765533447266
83.0,0.0,0.0,0.0025327205657958984
71.0,0.0,0.0,0.007824182510375977
284.0,0.0,0.0,0.008101463317871094
235.0,0.0,0.0,0.01846170425415039
79.0,0.0,0.0,0.0
238.0,0.0,0.0,0.01377105712890625
157.0,0.0,0.0,0.025118112564086914
57.0,0.0,0.0,0.002117156982421875
240.0,0.0,0.0,0.020789146423339844
50.0,0.0,0.0,0.0
83.0,0.0,0.0,0.0016040802001953125
171.0,0.0,0.0,0.010399103164672852
64.0,0.0,0.0,0.008168458938598633
69.0,0.0,0.0,0.008097410202026367
373.0,0.0,0.0,0.025023937225341797
49.0,0.0,0.0,0.0033118724822998047
61.0,0.0,0.0,0.003724813461303711
93.0,0.0,0.0,0.004216194152832031
85.0,0.0,0.0,0.0032024383544921875
53.0,0.0,0.0,0.0036029815673828125
293.0,0.0,0.0,0.021319866180419922
232.0,0.0,0.0,0.020802021026611328
188.0,0.0,0.0,0.015714645385742188
34.0,0.0,0.0,0.001560211181640625
499.0,0.0,0.0,0.035857200622558594
65.0,0.0,0.0,0.006542205810546875
117.0,0.0,0.0,0.008255243301391602
85.0,0.0,0.0,0.008716106414794922
414.0,0.0,0.0,0.029171466827392578
152.0,0.0,0.0,0.007622718811035156
84.0,0.0,0.0,0.009055852890014648
42.0,0.0,0.0,0.0
307.0,0.0,0.0,0.024766206741333008
359.0,0.0,0.0,0.025182008743286133
98.0,0.0,0.0,0.008949041366577148
196.0,0.0,0.0,0.010272502899169922
127.0,0.0,0.0,0.009027242660522461
92.0,0.0,0.0,0.007859230041503906
194.0,0.0,0.0,0.010100126266479492
149.0,0.0,0.0,0.010359525680541992
22.0,0.0,0.0,0.0
537.0,0.0,0.0,0.04144001007080078
139.0,0.0,0.0,0.009600400924682617
91.0,0.0,0.0,0.007355928421020508
81.0,0.0,0.0,0.008017301559448242
31.0,0.0,0.0,0.0
177.0,0.0,0.0,0.016830921173095703
147.0,0.0,0.0,0.00821375846862793
190.0,0.0,0.0,0.008515596389770508
191.0,0.0,0.0,0.018156051635742188
106.0,0.0,0.0,0.0
150.0,0.0,0.0,0.013511180877685547
148.0,0.0,0.0,0.016022920608520508
46.0,0.0,0.0,0.0
123.0,0.0,0.0,0.015642881393432617
51.0,0.0,0.0,0.0
101.0,0.0,0.0,0.015624761581420898
29.0,0.0,0.0,0.0
188.0,0.0,0.0,0.0156252384185791
352.0,0.0,0.0,0.03270244598388672
83.0,0.0,0.0,0.0071887969970703125
80.0,0.0,0.0,0.006689786911010742
40.0,0.0,0.0,0.009013891220092773
378.0,0.0,0.0,0.01563882827758789
77.0,0.0,0.0,0.015645503997802734
310.0,0.0,0.0,0.015608072280883789
120.0,0.0,0.0,0.005532979965209961
129.0,0.0,0.0,0.010547399520874023
43.0,0.0,0.0,0.0
596.0,0.0,0.0,0.04691267013549805
107.0,0.0,0.0,0.01560831069946289
231.0,0.0,0.0,0.027265548706054688
150.0,0.0,0.0,0.00830078125
173.0,0.0,0.0,0.00813746452331543
197.0,0.0,0.0,0.03129005432128906
130.0,0.0,0.0,0.0
39.0,0.0,0.0,0.0
86.0,0.0,0.0,0.0
151.0,0.0,0.0,0.0
386.0,0.0,0.0,0.0317072868347168
137.0,0.0,0.0,0.008037328720092773
117.0,0.0,0.0,0.006396770477294922
143.0,0.0,0.0,0.008018732070922852
118.0,0.0,0.0,0.008139848709106445
183.0,0.0,0.0,0.01563286781311035
242.0,0.0,0.0,0.01602935791015625
65.0,0.0,0.0,0.0
126.0,0.0,0.0,0.015644311904907227
206.0,0.0,0.0,0.015624284744262695
202.0,0.0,0.0,0.0156252384185791
133.0,0.0,0.0,0.015626192092895508
359.0,0.0,0.0,0.015622138977050781
225.0,0.0,0.0,0.01602768898010254
142.0,0.0,0.0,0.0
365.0,0.0,0.0,0.02657914161682129
267.0,0.0,0.0,0.00800633430480957
238.0,0.0,0.0,0.016038894653320312
52.0,0.0,0.0,0.0
109.0,0.0,0.0,0.015639066696166992
189.0,0.0,0.0,0.01562666893005371
290.0,0.0,0.0,0.0227813720703125
208.0,0.0,0.0,0.006512880325317383
336.0,0.0,0.0,0.031200885772705078
85.0,0.0,0.0,0.0
578.0,0.0,0.0,0.023763418197631836
122.0,0.0,0.0,0.0
305.0,0.0,0.0,0.015620231628417969
26.0,0.0,0.0,0.0
166.0,0.0,0.0,0.0
100.0,0.0,0.0,0.007018089294433594
108.0,0.0,0.0,0.009014606475830078
43.0,0.0,0.0,0.0
58.0,0.0,0.0,0.0
159.0,0.0,0.0,0.024151325225830078
174.0,0.0,0.0,0.017942428588867188
352.0,0.0,0.0,0.02282238006591797
148.0,0.0,0.0,0.008127212524414062
63.0,0.0,0.0,0.0
44.0,0.0,0.0,0.01563549041748047
87.0,0.0,0.0,0.0
135.0,0.0,0.0,0.013511180877685547
362.0,0.0,0.0,0.015676498413085938
138.0,0.0,0.0,0.015607833862304688
56.0,0.0,0.0,0.0
858.0,0.0,0.0,0.06291937828063965
315.0,0.0,0.0,0.015639066696166992
162.0,0.0,0.0,0.0156252384185791
318.0,0.0,0.0,0.015626192092895508
39.0,0.0,0.0,0.00174713134765625
37.0,0.0,0.0,0.0
242.0,0.0,0.0,0.018460750579833984
203.0,0.0,0.0,0.013579845428466797
63.0,0.0,0.0,0.0
57.0,0.0,0.0,0.0
111.0,0.0,0.0,0.015668392181396484
121.0,0.0,0.0,0.015636205673217773
416.0,0.0,0.0,0.015625715255737305
115.0,0.0,0.0,0.015606403350830078
259.0,0.0,0.0,0.027293682098388672
109.0,0.0,0.0,0.004521608352661133
124.0,0.0,0.0,0.007011890411376953
291.0,0.0,0.0,0.008067607879638672
42.0,0.0,0.0,0.01566481590270996
86.0,0.0,0.0,0.0
199.0,0.0,0.0,0.015625476837158203
26.0,0.0,0.0,0.0
82.0,0.0,0.0,0.015607357025146484
82.0,0.0,0.0,0.0
186.0,0.0,0.0,0.015642404556274414
210.0,0.0,0.0,0.006513833999633789
97.0,0.0,0.0,0.015642166137695312
259.0,0.0,0.0,0.027256488800048828
100.0,0.0,0.0,0.0
242.0,0.0,0.0,0.029666423797607422
93.0,0.0,0.0,0.0
81.0,0.0,0.0,0.0
96.0,0.0,0.0,0.0
39.0,0.0,0.0,0.0
318.0,0.0,0.0,0.015618562698364258
166.0,0.0,0.0,0.015625953674316406
39.0,0.0,0.0,0.0
210.0,0.0,0.0,0.008014678955078125
187.0,0.0,0.0,0.008367776870727539
98.0,0.0,0.0,0.008106708526611328
96.0,0.0,0.0,0.009323835372924805
55.0,0.0,0.0,0.0
43.0,0.0,0.0,0.008123159408569336
132.0,0.0,0.0,0.00801396369934082
355.0,0.0,0.0,0.024077177047729492
183.0,0.0,0.0,0.013361215591430664
249.0,0.0,0.0,0.01662588119506836
135.0,0.0,0.0,0.008082151412963867
80.0,0.0,0.0,0.006490230560302734
100.0,0.0,0.0,0.006114959716796875
50.0,0.0,0.0,0.0032351016998291016
158.0,0.0,0.0,0.008065938949584961
138.0,0.0,0.0,0.01003122329711914
48.0,0.0,0.0,0.005403995513916016
196.0,0.0,0.0,0.012853145599365234
279.0,0.0,0.0,0.017346620559692383
214.0,0.0,0.0,0.0020897388458251953
121.0,0.0,0.0,0.016672372817993164
39.0,0.0,0.0,0.0
281.0,0.0,0.0,0.014548540115356445
433.0,0.0,0.0,0.01611638069152832
206.0,0.0,0.0,0.015662670135498047
230.0,0.0,0.0,0.0
222.0,0.0,0.0,0.01564335823059082
235.0,0.0,0.0,0.016997337341308594
103.0,0.0,0.0,0.013170242309570312
60.0,0.0,0.0,0.0068247318267822266
39.0,0.0,0.0,0.0053327083587646484
535.0,0.0,0.0,0.04262208938598633
216.0,0.0,0.0,0.010271787643432617
142.0,0.0,0.0,0.009687423706054688
900.0,0.0,0.0,0.06551146507263184
74.0,0.0,0.0,0.01015162467956543
47.0,0.0,0.0,0.0
307.0,0.0,0.0,0.016865253448486328
171.0,0.0,0.0,0.010139226913452148
209.0,0.0,0.0,0.01753687858581543
365.0,0.0,0.0,0.023121356964111328
174.0,0.0,0.0,0.01627182960510254
96.0,0.0,0.0,0.007283449172973633
52.0,0.0,0.0,0.01042485237121582
245.0,0.0,0.0,0.013547658920288086
272.0,0.0,0.0,0.013036251068115234
65.0,0.0,0.0,0.00014781951904296875
168.0,0.0,0.0,0.01614236831665039
50.0,0.0,0.0,0.0
423.0,0.0,0.0,0.027217626571655273
53.0,0.0,0.0,0.0
63.0,0.0,0.0,0.0
102.0,0.0,0.0,0.009665489196777344
382.0,0.0,0.0,0.024827003479003906
526.0,0.0,0.0,0.03478384017944336
88.0,0.0,0.0,0.006251335144042969
80.0,0.0,0.0,0.009352684020996094
27.0,0.0,0.0,0.0
269.0,0.0,0.0,0.022876501083374023
34.0,0.0,0.0,0.0
438.0,0.0,0.0,0.029207229614257812
406.0,0.0,0.0,0.024588823318481445
87.0,0.0,0.0,0.0
507.0,0.0,0.0,0.03539133071899414
408.0,0.0,0.0,0.033072471618652344
91.0,0.0,0.0,0.006539583206176758
179.0,0.0,0.0,0.018770217895507812
481.0,0.0,0.0,0.03273344039916992
127.0,0.0,0.0,0.007007122039794922
181.0,0.0,0.0,0.018030166625976562
132.0,0.0,0.0,0.0066051483154296875
50.0,0.0,0.0,0.00012183189392089844
28.0,0.0,0.0,0.00710296630859375
238.0,0.0,0.0,0.01709580421447754
95.0,0.0,0.0,0.004711151123046875
43.0,0.0,0.0,0.008160829544067383
34.0,0.0,0.0,0.008022546768188477
98.0,0.0,0.0,0.008034944534301758
309.0,0.0,0.0,0.024462461471557617
31.0,0.0,0.0,0.0
215.0,0.0,0.0,0.009768962860107422
58.0,0.0,0.0,0.0
106.0,0.0,0.0,0.009635448455810547
133.0,0.0,0.0,0.009412288665771484
110.0,0.0,0.0,0.009102821350097656
202.0,0.0,0.0,0.016283512115478516
49.0,0.0,0.0,0.005056858062744141
49.0,0.0,0.0,0.0
136.0,0.0,0.0,0.009718656539916992
73.0,0.0,0.0,0.007717132568359375
58.0,0.0,0.0,0.0
173.0,0.0,0.0,0.011319637298583984
303.0,0.0,0.0,0.02164459228515625
131.0,0.0,0.0,0.008985280990600586
133.0,0.0,0.0,0.005637168884277344
275.0,0.0,0.0,0.019258737564086914
402.0,0.0,0.0,0.02657318115234375
273.0,0.0,0.0,0.025867223739624023
123.0,0.0,0.0,0.008382797241210938
36.0,0.0,0.0,0.006060600280761719
55.0,0.0,0.0,0.0
464.0,0.0,0.0,0.02712082862854004
112.0,0.0,0.0,0.0
227.0,0.0,0.0,0.01720452308654785
299.0,0.0,0.0,0.022780656814575195
31.0,0.0,0.0,0.0
154.0,0.0,0.0,0.013234853744506836
50.0,0.0,0.0,0.0
94.0,0.0,0.0,0.00874018669128418
127.0,0.0,0.0,0.008420944213867188
604.0,0.0,0.0,0.04282712936401367
165.0,0.0,0.0,0.01317286491394043
93.0,0.0,0.0,0.0075490474700927734
130.0,0.0,0.0,0.006013393402099609
141.0,0.0,0.0,0.012659788131713867
68.0,0.0,0.0,0.005884408950805664
217.0,0.0,0.0,0.017676353454589844
136.0,0.0,0.0,0.0
135.0,0.0,0.0,0.014525175094604492
54.0,0.0,0.0,0.0
83.0,0.0,0.0,0.021300792694091797
208.0,0.0,0.0,0.0078887939453125
35.0,0.0,0.0,0.0
77.0,0.0,0.0,0.015639066696166992
968.0,0.0,0.0,0.06210899353027344
21.0,0.0,0.0,0.0
164.0,0.0,0.0,0.015678882598876953
132.0,0.0,0.0,0.015590906143188477
238.0,0.0,0.0,0.016098976135253906
82.0,0.0,0.0,0.0
105.0,0.0,0.0,0.015679121017456055
214.0,0.0,0.0,0.015591859817504883
387.0,0.0,0.0,0.029940366744995117
89.0,0.0,0.0,0.0
223.0,0.0,0.0,0.025354623794555664
