Timesteps,Collisions,Steps Waited,Real-Time Elapsed
72.0,3.0,3.0,0.048961639404296875
269.0,4.0,4.0,0.18165349960327148
221.0,19.0,19.0,0.13490891456604004
99.0,4.0,4.0,0.06038260459899902
625.0,8.0,8.0,0.416414737701416
371.0,3.0,3.0,0.26354193687438965
449.0,11.0,11.0,0.2898099422454834
838.0,8.0,8.0,0.5165541172027588
169.0,3.0,3.0,0.10484910011291504
95.0,6.0,6.0,0.05895352363586426
143.0,1.0,1.0,0.09212064743041992
448.0,10.0,10.0,0.2824997901916504
176.0,2.0,2.0,0.10828399658203125
64.0,1.0,1.0,0.03996753692626953
489.0,10.0,10.0,0.30365586280822754
69.0,9.0,9.0,0.04976153373718262
42.0,0.0,0.0,0.025255918502807617
231.0,1.0,1.0,0.14434027671813965
476.0,12.0,12.0,0.3269495964050293
782.0,6.0,6.0,0.48433732986450195
148.0,9.0,9.0,0.09171676635742188
157.0,6.0,6.0,0.0978536605834961
736.0,5.0,5.0,0.46022558212280273
298.0,1.0,1.0,0.18430209159851074
47.0,1.0,1.0,0.02843475341796875
120.0,6.0,6.0,0.07352399826049805
277.0,16.0,16.0,0.17043304443359375
36.0,0.0,0.0,0.024138927459716797
373.0,6.0,6.0,0.2485523223876953
481.0,18.0,18.0,0.3384068012237549
1160.0,20.0,20.0,0.7259109020233154
196.0,7.0,7.0,0.11896276473999023
1195.0,12.0,12.0,0.7384195327758789
622.0,9.0,9.0,0.3856954574584961
124.0,6.0,6.0,0.09462237358093262
36.0,0.0,0.0,0.020649433135986328
188.0,9.0,9.0,0.1269547939300537
313.0,7.0,7.0,0.1969146728515625
52.0,1.0,1.0,0.03181624412536621
548.0,1.0,1.0,0.3474869728088379
421.0,10.0,10.0,0.3127439022064209
521.0,8.0,8.0,0.36096739768981934
221.0,6.0,6.0,0.1545863151550293
253.0,7.0,7.0,0.16581416130065918
225.0,2.0,2.0,0.147247314453125
1716.0,15.0,15.0,1.1749687194824219
624.0,17.0,17.0,0.45751357078552246
307.0,10.0,10.0,0.19687175750732422
218.0,5.0,5.0,0.1325058937072754
868.0,15.0,15.0,0.5760436058044434
706.0,12.0,12.0,0.4434068202972412
344.0,9.0,9.0,0.21660256385803223
57.0,5.0,5.0,0.0359644889831543
456.0,8.0,8.0,0.2847859859466553
329.0,8.0,8.0,0.20505261421203613
152.0,8.0,8.0,0.09640336036682129
453.0,9.0,9.0,0.28115105628967285
1403.0,19.0,19.0,0.8953158855438232
304.0,11.0,11.0,0.18864727020263672
353.0,12.0,12.0,0.21967339515686035
329.0,13.0,13.0,0.20363926887512207
72.0,4.0,4.0,0.04447293281555176
113.0,0.0,0.0,0.06935381889343262
675.0,8.0,8.0,0.4189779758453369
515.0,10.0,10.0,0.3313941955566406
286.0,9.0,9.0,0.1773989200592041
175.0,6.0,6.0,0.1075143814086914
113.0,5.0,5.0,0.08718585968017578
1668.0,20.0,20.0,1.0669431686401367
215.0,1.0,1.0,0.1538858413696289
623.0,8.0,8.0,0.40126991271972656
470.0,9.0,9.0,0.3027682304382324
470.0,9.0,9.0,0.31101346015930176
176.0,7.0,7.0,0.10794806480407715
140.0,3.0,3.0,0.08822846412658691
182.0,3.0,3.0,0.11236071586608887
689.0,10.0,10.0,0.43717265129089355
1264.0,27.0,27.0,0.7867190837860107
222.0,6.0,6.0,0.13662958145141602
487.0,9.0,9.0,0.3077199459075928
1079.0,20.0,20.0,0.6862990856170654
412.0,4.0,4.0,0.25585174560546875
218.0,2.0,2.0,0.13545727729797363
575.0,6.0,6.0,0.3531062602996826
116.0,2.0,2.0,0.07774662971496582
232.0,16.0,16.0,0.16605067253112793
286.0,3.0,3.0,0.1859889030456543
388.0,14.0,14.0,0.24971389770507812
183.0,9.0,9.0,0.11550188064575195
38.0,1.0,1.0,0.025664091110229492
188.0,7.0,7.0,0.14490365982055664
1083.0,12.0,12.0,0.6751792430877686
387.0,9.0,9.0,0.24003386497497559
63.0,1.0,1.0,0.04369091987609863
188.0,2.0,2.0,0.11632347106933594
810.0,5.0,5.0,0.5272936820983887
54.0,2.0,2.0,0.04062628746032715
213.0,5.0,5.0,0.14673089981079102
495.0,9.0,9.0,0.3518970012664795
443.0,9.0,9.0,0.2785224914550781
358.0,4.0,4.0,0.2208707332611084
608.0,14.0,14.0,0.4165527820587158
220.0,14.0,14.0,0.1517481803894043
415.0,7.0,7.0,0.265378475189209
86.0,0.0,0.0,0.052999019622802734
114.0,9.0,9.0,0.07839751243591309
58.0,4.0,4.0,0.038291215896606445
239.0,5.0,5.0,0.14794397354125977
300.0,3.0,3.0,0.1887514591217041
402.0,6.0,6.0,0.2645418643951416
608.0,8.0,8.0,0.37760472297668457
502.0,2.0,2.0,0.31310319900512695
154.0,5.0,5.0,0.09568905830383301
158.0,3.0,3.0,0.09749412536621094
298.0,4.0,4.0,0.18483185768127441
134.0,4.0,4.0,0.0842282772064209
113.0,2.0,2.0,0.06989359855651855
310.0,3.0,3.0,0.19132184982299805
160.0,0.0,0.0,0.0992896556854248
394.0,3.0,3.0,0.25234532356262207
362.0,6.0,6.0,0.2257077693939209
173.0,4.0,4.0,0.10703825950622559
205.0,2.0,2.0,0.13810229301452637
187.0,2.0,2.0,0.11722254753112793
276.0,0.0,0.0,0.17103934288024902
302.0,6.0,6.0,0.18689179420471191
381.0,7.0,7.0,0.23337483406066895
48.0,1.0,1.0,0.030524015426635742
529.0,11.0,11.0,0.32851362228393555
161.0,2.0,2.0,0.09906482696533203
818.0,12.0,12.0,0.511664628982544
228.0,10.0,10.0,0.1411898136138916
170.0,3.0,3.0,0.10615420341491699
570.0,7.0,7.0,0.3763895034790039
81.0,4.0,4.0,0.05006980895996094
525.0,2.0,2.0,0.3284437656402588
827.0,11.0,11.0,0.5174930095672607
334.0,6.0,6.0,0.2094578742980957
823.0,12.0,12.0,0.5145142078399658
430.0,5.0,5.0,0.2710247039794922
50.0,3.0,3.0,0.03102564811706543
237.0,12.0,12.0,0.17227864265441895
111.0,0.0,0.0,0.06851363182067871
106.0,3.0,3.0,0.06785392761230469
300.0,5.0,5.0,0.18907427787780762
159.0,7.0,7.0,0.09640192985534668
389.0,8.0,8.0,0.24213838577270508
403.0,3.0,3.0,0.24759149551391602
149.0,1.0,1.0,0.0960378646850586
97.0,2.0,2.0,0.06119799613952637
239.0,12.0,12.0,0.14735817909240723
113.0,14.0,14.0,0.0727376937866211
92.0,4.0,4.0,0.05843949317932129
785.0,23.0,23.0,0.48701953887939453
262.0,2.0,2.0,0.16399669647216797
404.0,11.0,11.0,0.2770814895629883
52.0,6.0,6.0,0.03252053260803223
954.0,11.0,11.0,0.5870873928070068
649.0,10.0,10.0,0.4023764133453369
171.0,4.0,4.0,0.1087486743927002
157.0,1.0,1.0,0.09720230102539062
88.0,4.0,4.0,0.05495500564575195
361.0,9.0,9.0,0.22350382804870605
773.0,11.0,11.0,0.5007340908050537
455.0,3.0,3.0,0.2864103317260742
296.0,7.0,7.0,0.18636560440063477
149.0,5.0,5.0,0.09262704849243164
575.0,13.0,13.0,0.3631305694580078
198.0,3.0,3.0,0.12271547317504883
173.0,5.0,5.0,0.10909819602966309
847.0,7.0,7.0,0.5284378528594971
277.0,10.0,10.0,0.16923952102661133
138.0,7.0,7.0,0.0917973518371582
104.0,2.0,2.0,0.06790471076965332
137.0,3.0,3.0,0.10137677192687988
160.0,12.0,12.0,0.1228339672088623
760.0,15.0,15.0,0.5111956596374512
69.0,3.0,3.0,0.04923510551452637
451.0,7.0,7.0,0.2893671989440918
238.0,5.0,5.0,0.15339136123657227
303.0,14.0,14.0,0.20510625839233398
651.0,16.0,16.0,0.4614524841308594
692.0,16.0,16.0,0.49243783950805664
1459.0,24.0,24.0,0.9159684181213379
492.0,11.0,11.0,0.30105018615722656
353.0,4.0,4.0,0.21596908569335938
222.0,2.0,2.0,0.1416623592376709
526.0,8.0,8.0,0.3493030071258545
397.0,17.0,17.0,0.2641260623931885
361.0,11.0,11.0,0.22679352760314941
478.0,14.0,14.0,0.2973902225494385
561.0,0.0,0.0,0.34761619567871094
107.0,4.0,4.0,0.06552267074584961
703.0,6.0,6.0,0.4346802234649658
79.0,2.0,2.0,0.049854278564453125
495.0,14.0,14.0,0.30628204345703125
69.0,2.0,2.0,0.044171810150146484
418.0,7.0,7.0,0.2648019790649414
168.0,2.0,2.0,0.10918259620666504
129.0,1.0,1.0,0.10104560852050781
766.0,8.0,8.0,0.4758744239807129
653.0,5.0,5.0,0.4062469005584717
377.0,9.0,9.0,0.233567476272583
735.0,22.0,22.0,0.4616878032684326
41.0,0.0,0.0,0.024799823760986328
503.0,14.0,14.0,0.31250929832458496
371.0,4.0,4.0,0.254136323928833
185.0,1.0,1.0,0.11861062049865723
415.0,11.0,11.0,0.25505566596984863
113.0,0.0,0.0,0.0695652961730957
638.0,17.0,17.0,0.3947911262512207
264.0,12.0,12.0,0.1631150245666504
78.0,6.0,6.0,0.048603057861328125
776.0,3.0,3.0,0.49413371086120605
159.0,4.0,4.0,0.09836888313293457
658.0,14.0,14.0,0.4091157913208008
413.0,3.0,3.0,0.2806284427642822
426.0,5.0,5.0,0.26321840286254883
710.0,9.0,9.0,0.45027661323547363
209.0,12.0,12.0,0.1404261589050293
71.0,15.0,15.0,0.04873228073120117
238.0,5.0,5.0,0.15734052658081055
195.0,2.0,2.0,0.12397122383117676
34.0,0.0,0.0,0.023905277252197266
123.0,5.0,5.0,0.07651257514953613
948.0,4.0,4.0,0.5930755138397217
200.0,2.0,2.0,0.14410805702209473
105.0,5.0,5.0,0.07059955596923828
128.0,2.0,2.0,0.07621502876281738
446.0,13.0,13.0,0.27355098724365234
186.0,0.0,0.0,0.11568999290466309
310.0,10.0,10.0,0.1945970058441162
103.0,1.0,1.0,0.0637507438659668
500.0,2.0,2.0,0.3092930316925049
250.0,5.0,5.0,0.15911436080932617
1083.0,21.0,21.0,0.6713337898254395
995.0,15.0,15.0,0.6432914733886719
293.0,0.0,0.0,0.1807088851928711
588.0,2.0,2.0,0.43033337593078613
84.0,4.0,4.0,0.05221152305603027
548.0,15.0,15.0,0.3884263038635254
324.0,8.0,8.0,0.20372629165649414
2208.0,38.0,38.0,1.4846973419189453
486.0,7.0,7.0,0.3173706531524658
847.0,7.0,7.0,0.5268239974975586
210.0,8.0,8.0,0.1273486614227295
331.0,12.0,12.0,0.21845102310180664
131.0,3.0,3.0,0.09505128860473633
101.0,0.0,0.0,0.06590580940246582
171.0,4.0,4.0,0.10852861404418945
684.0,2.0,2.0,0.4482097625732422
458.0,2.0,2.0,0.29857826232910156
516.0,8.0,8.0,0.34752345085144043
217.0,11.0,11.0,0.14479804039001465
371.0,5.0,5.0,0.2375037670135498
48.0,1.0,1.0,0.03022623062133789
259.0,5.0,5.0,0.16245508193969727
755.0,5.0,5.0,0.5029239654541016
849.0,12.0,12.0,0.5331249237060547
92.0,5.0,5.0,0.05699896812438965
1880.0,37.0,37.0,1.2060034275054932
135.0,0.0,0.0,0.0865328311920166
1039.0,23.0,23.0,0.6753756999969482
202.0,5.0,5.0,0.12908315658569336
507.0,6.0,6.0,0.31706714630126953
384.0,5.0,5.0,0.23923587799072266
1065.0,24.0,24.0,0.6660242080688477
37.0,0.0,0.0,0.022627592086791992
638.0,10.0,10.0,0.4121065139770508
296.0,4.0,4.0,0.18413758277893066
921.0,17.0,17.0,0.5698883533477783
61.0,10.0,10.0,0.03820085525512695
487.0,17.0,17.0,0.3032379150390625
231.0,6.0,6.0,0.14566564559936523
193.0,5.0,5.0,0.12007713317871094
896.0,26.0,26.0,0.5597414970397949
627.0,8.0,8.0,0.41196632385253906
425.0,6.0,6.0,0.2849123477935791
85.0,2.0,2.0,0.05351972579956055
370.0,4.0,4.0,0.2774224281311035
192.0,1.0,1.0,0.11604905128479004
141.0,3.0,3.0,0.08855867385864258
253.0,4.0,4.0,0.15750646591186523
155.0,2.0,2.0,0.09857392311096191
303.0,10.0,10.0,0.19886136054992676
237.0,5.0,5.0,0.14674758911132812
394.0,13.0,13.0,0.2402338981628418
460.0,16.0,16.0,0.30518507957458496
569.0,10.0,10.0,0.35074448585510254
412.0,4.0,4.0,0.2538774013519287
1605.0,13.0,13.0,1.0670883655548096
213.0,7.0,7.0,0.15106201171875
694.0,9.0,9.0,0.48081040382385254
134.0,3.0,3.0,0.0816185474395752
157.0,5.0,5.0,0.10149240493774414
465.0,15.0,15.0,0.3435499668121338
51.0,2.0,2.0,0.031508445739746094
161.0,3.0,3.0,0.10464286804199219
134.0,6.0,6.0,0.08286690711975098
147.0,4.0,4.0,0.0916903018951416
95.0,2.0,2.0,0.061511993408203125
67.0,7.0,7.0,0.041168928146362305
345.0,11.0,11.0,0.2202146053314209
112.0,7.0,7.0,0.06982016563415527
101.0,2.0,2.0,0.06305742263793945
612.0,8.0,8.0,0.3779869079589844
489.0,11.0,11.0,0.3294241428375244
228.0,8.0,8.0,0.14649009704589844
102.0,7.0,7.0,0.06189084053039551
311.0,5.0,5.0,0.18892931938171387
1076.0,17.0,17.0,0.6670806407928467
184.0,5.0,5.0,0.11891341209411621
526.0,5.0,5.0,0.32992124557495117
61.0,1.0,1.0,0.03818249702453613
294.0,6.0,6.0,0.1942605972290039
412.0,5.0,5.0,0.2551438808441162
1666.0,20.0,20.0,1.057401418685913
802.0,13.0,13.0,0.4978313446044922
114.0,2.0,2.0,0.08661222457885742
262.0,1.0,1.0,0.17235660552978516
1349.0,22.0,22.0,0.8396406173706055
530.0,11.0,11.0,0.3273601531982422
139.0,3.0,3.0,0.08920097351074219
1137.0,16.0,16.0,0.6993081569671631
163.0,5.0,5.0,0.10019779205322266
189.0,5.0,5.0,0.11598873138427734
148.0,5.0,5.0,0.09069943428039551
2135.0,27.0,27.0,1.393275499343872
512.0,6.0,6.0,0.3218553066253662
368.0,0.0,0.0,0.2317042350769043
639.0,9.0,9.0,0.3994765281677246
658.0,4.0,4.0,0.4433112144470215
161.0,3.0,3.0,0.0984342098236084
589.0,8.0,8.0,0.3722536563873291
149.0,0.0,0.0,0.09091496467590332
219.0,8.0,8.0,0.1361830234527588
1001.0,22.0,22.0,0.6120734214782715
1025.0,14.0,14.0,0.6543693542480469
112.0,0.0,0.0,0.07043290138244629
202.0,5.0,5.0,0.13662457466125488
50.0,0.0,0.0,0.033580780029296875
297.0,10.0,10.0,0.18568825721740723
60.0,4.0,4.0,0.03726601600646973
178.0,9.0,9.0,0.10906648635864258
232.0,0.0,0.0,0.14226818084716797
777.0,11.0,11.0,0.48206377029418945
40.0,0.0,0.0,0.02559518814086914
449.0,8.0,8.0,0.3043558597564697
543.0,6.0,6.0,0.3468515872955322
757.0,10.0,10.0,0.5370798110961914
749.0,11.0,11.0,0.49094510078430176
894.0,15.0,15.0,0.6306407451629639
368.0,6.0,6.0,0.236189603805542
415.0,6.0,6.0,0.26388120651245117
414.0,2.0,2.0,0.26013946533203125
258.0,8.0,8.0,0.17937469482421875
525.0,8.0,8.0,0.32283782958984375
468.0,17.0,17.0,0.2922556400299072
136.0,8.0,8.0,0.08430743217468262
192.0,4.0,4.0,0.12150859832763672
993.0,26.0,26.0,0.6211872100830078
122.0,2.0,2.0,0.07594108581542969
171.0,8.0,8.0,0.10362076759338379
621.0,10.0,10.0,0.3986806869506836
943.0,21.0,21.0,0.5911517143249512
349.0,8.0,8.0,0.21726250648498535
135.0,3.0,3.0,0.08151912689208984
85.0,1.0,1.0,0.051680803298950195
776.0,9.0,9.0,0.4775261878967285
210.0,3.0,3.0,0.1297917366027832
152.0,4.0,4.0,0.0964667797088623
403.0,8.0,8.0,0.24986648559570312
167.0,3.0,3.0,0.10225796699523926
238.0,2.0,2.0,0.15532279014587402
259.0,7.0,7.0,0.22226715087890625
105.0,1.0,1.0,0.06351757049560547
230.0,1.0,1.0,0.13969111442565918
839.0,13.0,13.0,0.5392744541168213
419.0,5.0,5.0,0.26935887336730957
180.0,8.0,8.0,0.1136481761932373
251.0,2.0,2.0,0.1598982810974121
720.0,9.0,9.0,0.4580693244934082
104.0,3.0,3.0,0.06355643272399902
109.0,0.0,0.0,0.06551527976989746
464.0,8.0,8.0,0.30908894538879395
1236.0,17.0,17.0,0.7616045475006104
307.0,9.0,9.0,0.19012069702148438
609.0,5.0,5.0,0.3789331912994385
1149.0,20.0,20.0,0.7263102531433105
78.0,4.0,4.0,0.05905652046203613
260.0,6.0,6.0,0.16264081001281738
372.0,8.0,8.0,0.22951221466064453
225.0,4.0,4.0,0.13845300674438477
104.0,3.0,3.0,0.06571006774902344
238.0,4.0,4.0,0.14870238304138184
1486.0,19.0,19.0,0.9252321720123291
144.0,3.0,3.0,0.09115004539489746
285.0,12.0,12.0,0.18176841735839844
427.0,5.0,5.0,0.2827460765838623
173.0,6.0,6.0,0.10715675354003906
91.0,6.0,6.0,0.05922651290893555
267.0,1.0,1.0,0.1690053939819336
64.0,3.0,3.0,0.040472984313964844
306.0,6.0,6.0,0.18802309036254883
304.0,5.0,5.0,0.19305706024169922
174.0,6.0,6.0,0.10743236541748047
514.0,4.0,4.0,0.32154345512390137
533.0,8.0,8.0,0.3322319984436035
284.0,12.0,12.0,0.17470788955688477
632.0,4.0,4.0,0.41562652587890625
189.0,2.0,2.0,0.13373613357543945
70.0,1.0,1.0,0.044408321380615234
376.0,5.0,5.0,0.24703145027160645
1012.0,13.0,13.0,0.7242715358734131
354.0,6.0,6.0,0.2487943172454834
1036.0,17.0,17.0,0.7188899517059326
360.0,2.0,2.0,0.23960518836975098
679.0,6.0,6.0,0.42383289337158203
632.0,9.0,9.0,0.3894045352935791
910.0,22.0,22.0,0.5619280338287354
418.0,11.0,11.0,0.26291632652282715
1127.0,13.0,13.0,0.7217786312103271
189.0,4.0,4.0,0.11678051948547363
75.0,0.0,0.0,0.04597067832946777
497.0,8.0,8.0,0.30359601974487305
482.0,6.0,6.0,0.2973294258117676
548.0,9.0,9.0,0.3370528221130371
506.0,5.0,5.0,0.31821775436401367
226.0,6.0,6.0,0.1393744945526123
134.0,0.0,0.0,0.08075881004333496
519.0,13.0,13.0,0.34656858444213867
920.0,7.0,7.0,0.5701448917388916
421.0,10.0,10.0,0.25820112228393555
747.0,6.0,6.0,0.4653327465057373
105.0,5.0,5.0,0.06609702110290527
765.0,7.0,7.0,0.4758636951446533
290.0,6.0,6.0,0.19690966606140137
1134.0,19.0,19.0,0.7484471797943115
31.0,0.0,0.0,0.01954507827758789
301.0,10.0,10.0,0.1865541934967041
101.0,0.0,0.0,0.06396818161010742
142.0,7.0,7.0,0.08774375915527344
818.0,10.0,10.0,0.5076704025268555
2124.0,17.0,17.0,1.3644936084747314
428.0,5.0,5.0,0.27852439880371094
274.0,15.0,15.0,0.17370319366455078
38.0,0.0,0.0,0.02370452880859375
150.0,1.0,1.0,0.09269142150878906
330.0,10.0,10.0,0.20261335372924805
33.0,0.0,0.0,0.019939422607421875
873.0,10.0,10.0,0.539064884185791
1171.0,21.0,21.0,0.7540748119354248
566.0,9.0,9.0,0.35047268867492676
662.0,12.0,12.0,0.416532039642334
531.0,10.0,10.0,0.33836841583251953
53.0,4.0,4.0,0.03431868553161621
256.0,3.0,3.0,0.17584729194641113
150.0,9.0,9.0,0.10045289993286133
182.0,3.0,3.0,0.12020707130432129
1030.0,10.0,10.0,0.6608712673187256
86.0,0.0,0.0,0.0667121410369873
1714.0,28.0,28.0,1.2090013027191162
526.0,8.0,8.0,0.37915921211242676
137.0,0.0,0.0,0.09204483032226562
388.0,14.0,14.0,0.30316591262817383
156.0,0.0,0.0,0.10388302803039551
434.0,12.0,12.0,0.26528334617614746
155.0,9.0,9.0,0.09555912017822266
167.0,1.0,1.0,0.10379314422607422
50.0,2.0,2.0,0.03097081184387207
256.0,10.0,10.0,0.168623685836792
81.0,6.0,6.0,0.04810523986816406
127.0,6.0,6.0,0.07987308502197266
1928.0,27.0,27.0,1.220017433166504
54.0,1.0,1.0,0.04134869575500488
929.0,13.0,13.0,0.5815896987915039
317.0,12.0,12.0,0.2021951675415039
98.0,0.0,0.0,0.06148195266723633
101.0,7.0,7.0,0.061568498611450195
66.0,1.0,1.0,0.042804718017578125
103.0,2.0,2.0,0.0624690055847168
41.0,0.0,0.0,0.025274276733398438
669.0,13.0,13.0,0.41510701179504395
319.0,11.0,11.0,0.2142484188079834
565.0,7.0,7.0,0.3768794536590576
129.0,11.0,11.0,0.08236360549926758
955.0,16.0,16.0,0.6394109725952148
236.0,3.0,3.0,0.15021443367004395
967.0,19.0,19.0,0.614434003829956
212.0,6.0,6.0,0.13241314888000488
257.0,0.0,0.0,0.1695418357849121
330.0,13.0,13.0,0.22161436080932617
447.0,5.0,5.0,0.28134989738464355
293.0,5.0,5.0,0.1789548397064209
315.0,3.0,3.0,0.19551301002502441
85.0,4.0,4.0,0.05333137512207031
74.0,6.0,6.0,0.04698324203491211
219.0,5.0,5.0,0.13623523712158203
104.0,3.0,3.0,0.06310844421386719
192.0,6.0,6.0,0.11490988731384277
379.0,8.0,8.0,0.24597835540771484
89.0,2.0,2.0,0.055409908294677734
151.0,2.0,2.0,0.09148597717285156
132.0,1.0,1.0,0.08379459381103516
609.0,10.0,10.0,0.3929440975189209
358.0,2.0,2.0,0.2467951774597168
276.0,8.0,8.0,0.17388319969177246
111.0,1.0,1.0,0.06985330581665039
201.0,8.0,8.0,0.12179303169250488
106.0,0.0,0.0,0.06500864028930664
537.0,13.0,13.0,0.3362002372741699
178.0,10.0,10.0,0.10880494117736816
83.0,4.0,4.0,0.05104327201843262
1006.0,20.0,20.0,0.6683266162872314
1109.0,16.0,16.0,0.7180850505828857
712.0,21.0,21.0,0.44137001037597656
754.0,8.0,8.0,0.4604766368865967
670.0,10.0,10.0,0.41467952728271484
541.0,6.0,6.0,0.3366734981536865
134.0,3.0,3.0,0.0882577896118164
1136.0,15.0,15.0,0.7274441719055176
492.0,4.0,4.0,0.3062734603881836
404.0,6.0,6.0,0.25702905654907227
157.0,13.0,13.0,0.11317753791809082
87.0,15.0,15.0,0.06078219413757324
715.0,10.0,10.0,0.4956836700439453
571.0,7.0,7.0,0.3676457405090332
196.0,9.0,9.0,0.1320815086364746
276.0,6.0,6.0,0.20607995986938477
332.0,7.0,7.0,0.23958253860473633
408.0,4.0,4.0,0.28138279914855957
476.0,4.0,4.0,0.30295538902282715
473.0,2.0,2.0,0.29808974266052246
407.0,14.0,14.0,0.25228285789489746
110.0,3.0,3.0,0.0673058032989502
486.0,11.0,11.0,0.3205292224884033
214.0,9.0,9.0,0.14119863510131836
152.0,1.0,1.0,0.09998130798339844
272.0,3.0,3.0,0.1663990020751953
418.0,2.0,2.0,0.25973081588745117
862.0,22.0,22.0,0.5465362071990967
361.0,14.0,14.0,0.22363567352294922
187.0,5.0,5.0,0.11697649955749512
937.0,10.0,10.0,0.5846519470214844
1190.0,16.0,16.0,0.7388060092926025
211.0,22.0,22.0,0.13685870170593262
381.0,7.0,7.0,0.23981571197509766
303.0,3.0,3.0,0.18869400024414062
154.0,3.0,3.0,0.09737205505371094
432.0,11.0,11.0,0.2652244567871094
381.0,8.0,8.0,0.23798608779907227
403.0,15.0,15.0,0.26256895065307617
577.0,7.0,7.0,0.3888416290283203
544.0,12.0,12.0,0.33406519889831543
294.0,5.0,5.0,0.1824951171875
102.0,1.0,1.0,0.06377410888671875
447.0,5.0,5.0,0.27861785888671875
85.0,2.0,2.0,0.0529172420501709
222.0,5.0,5.0,0.13617610931396484
368.0,4.0,4.0,0.23448443412780762
532.0,12.0,12.0,0.3271925449371338
452.0,11.0,11.0,0.3291494846343994
53.0,1.0,1.0,0.03519272804260254
1032.0,14.0,14.0,0.6546742916107178
61.0,4.0,4.0,0.03655743598937988
194.0,0.0,0.0,0.12516355514526367
119.0,14.0,14.0,0.07351016998291016
239.0,9.0,9.0,0.1463932991027832
1254.0,35.0,35.0,0.7758078575134277
1225.0,8.0,8.0,0.7896449565887451
127.0,6.0,6.0,0.0800621509552002
202.0,8.0,8.0,0.12955284118652344
140.0,8.0,8.0,0.08717608451843262
1323.0,22.0,22.0,0.8142430782318115
412.0,2.0,2.0,0.25103211402893066
368.0,11.0,11.0,0.24030637741088867
1092.0,10.0,10.0,0.7105586528778076
976.0,14.0,14.0,0.6031785011291504
174.0,1.0,1.0,0.10751938819885254
865.0,7.0,7.0,0.5630002021789551
1526.0,12.0,12.0,1.0360112190246582
158.0,0.0,0.0,0.1331641674041748
295.0,9.0,9.0,0.19202375411987305
108.0,4.0,4.0,0.07540154457092285
201.0,4.0,4.0,0.1372370719909668
678.0,14.0,14.0,0.4493684768676758
620.0,4.0,4.0,0.3857910633087158
49.0,0.0,0.0,0.03053426742553711
869.0,12.0,12.0,0.5679295063018799
664.0,4.0,4.0,0.41356968879699707
39.0,0.0,0.0,0.02400493621826172
685.0,7.0,7.0,0.43279027938842773
139.0,11.0,11.0,0.0953989028930664
115.0,5.0,5.0,0.07453751564025879
136.0,5.0,5.0,0.09029412269592285
251.0,5.0,5.0,0.1695716381072998
265.0,11.0,11.0,0.18039774894714355
104.0,3.0,3.0,0.07166099548339844
145.0,7.0,7.0,0.10004925727844238
465.0,15.0,15.0,0.3210165500640869
119.0,9.0,9.0,0.0767824649810791
524.0,7.0,7.0,0.3374345302581787
166.0,4.0,4.0,0.10458612442016602
125.0,1.0,1.0,0.0814671516418457
658.0,12.0,12.0,0.42322397232055664
503.0,8.0,8.0,0.3312208652496338
440.0,3.0,3.0,0.2952256202697754
713.0,10.0,10.0,0.52996826171875
687.0,18.0,18.0,0.4910435676574707
181.0,7.0,7.0,0.11844897270202637
36.0,0.0,0.0,0.023272275924682617
72.0,7.0,7.0,0.04547905921936035
143.0,5.0,5.0,0.09267282485961914
367.0,7.0,7.0,0.2365105152130127
381.0,11.0,11.0,0.2489452362060547
526.0,13.0,13.0,0.3398299217224121
753.0,17.0,17.0,0.4998784065246582
274.0,7.0,7.0,0.17554855346679688
268.0,9.0,9.0,0.17029595375061035
438.0,5.0,5.0,0.27654170989990234
419.0,7.0,7.0,0.26526546478271484
586.0,7.0,7.0,0.37807750701904297
177.0,7.0,7.0,0.1308584213256836
288.0,4.0,4.0,0.19347667694091797
374.0,2.0,2.0,0.2434980869293213
310.0,9.0,9.0,0.21009397506713867
719.0,14.0,14.0,0.4599621295928955
378.0,6.0,6.0,0.2382955551147461
239.0,7.0,7.0,0.15285372734069824
200.0,7.0,7.0,0.12330055236816406
395.0,8.0,8.0,0.2483360767364502
308.0,5.0,5.0,0.1904001235961914
147.0,4.0,4.0,0.0888516902923584
275.0,12.0,12.0,0.17328953742980957
1237.0,19.0,19.0,0.7902400493621826
314.0,10.0,10.0,0.19377946853637695
298.0,8.0,8.0,0.187546968460083
168.0,1.0,1.0,0.10469388961791992
91.0,3.0,3.0,0.05714583396911621
118.0,6.0,6.0,0.0746157169342041
807.0,11.0,11.0,0.5073075294494629
216.0,3.0,3.0,0.14057612419128418
197.0,6.0,6.0,0.1260678768157959
55.0,0.0,0.0,0.03478240966796875
919.0,23.0,23.0,0.6043639183044434
787.0,11.0,11.0,0.5451221466064453
565.0,6.0,6.0,0.37675023078918457
312.0,2.0,2.0,0.19044971466064453
333.0,8.0,8.0,0.23859524726867676
735.0,10.0,10.0,0.47746777534484863
419.0,5.0,5.0,0.2777256965637207
243.0,0.0,0.0,0.15263652801513672
1689.0,20.0,20.0,1.0505452156066895
490.0,9.0,9.0,0.30271196365356445
285.0,15.0,15.0,0.18157362937927246
297.0,6.0,6.0,0.18195629119873047
74.0,0.0,0.0,0.046712398529052734
290.0,4.0,4.0,0.20429348945617676
292.0,13.0,13.0,0.17867469787597656
104.0,3.0,3.0,0.06278681755065918
673.0,3.0,3.0,0.4338078498840332
315.0,7.0,7.0,0.19826889038085938
179.0,4.0,4.0,0.11022257804870605
137.0,1.0,1.0,0.10081005096435547
368.0,1.0,1.0,0.2311549186706543
110.0,1.0,1.0,0.07070207595825195
112.0,4.0,4.0,0.08118939399719238
80.0,6.0,6.0,0.05205893516540527
247.0,2.0,2.0,0.15297842025756836
207.0,11.0,11.0,0.12994885444641113
794.0,7.0,7.0,0.5377254486083984
262.0,5.0,5.0,0.1614212989807129
125.0,5.0,5.0,0.0787816047668457
269.0,9.0,9.0,0.16560077667236328
563.0,4.0,4.0,0.351898193359375
93.0,3.0,3.0,0.05710291862487793
50.0,2.0,2.0,0.03131914138793945
131.0,9.0,9.0,0.08082318305969238
503.0,14.0,14.0,0.3162040710449219
69.0,3.0,3.0,0.0415194034576416
129.0,3.0,3.0,0.07777643203735352
68.0,1.0,1.0,0.041374921798706055
48.0,9.0,9.0,0.03053593635559082
280.0,6.0,6.0,0.17936253547668457
1838.0,25.0,25.0,1.1921167373657227
113.0,2.0,2.0,0.08048844337463379
151.0,6.0,6.0,0.09082317352294922
327.0,10.0,10.0,0.21050071716308594
293.0,5.0,5.0,0.1894536018371582
296.0,5.0,5.0,0.18376398086547852
842.0,3.0,3.0,0.5337293148040771
165.0,3.0,3.0,0.12199950218200684
324.0,9.0,9.0,0.20334434509277344
416.0,11.0,11.0,0.25852084159851074
780.0,17.0,17.0,0.4827609062194824
726.0,3.0,3.0,0.45126938819885254
67.0,5.0,5.0,0.04436922073364258
124.0,2.0,2.0,0.07653260231018066
245.0,5.0,5.0,0.15117907524108887
435.0,6.0,6.0,0.27277398109436035
144.0,2.0,2.0,0.0873262882232666
263.0,8.0,8.0,0.19028925895690918
366.0,16.0,16.0,0.22143959999084473
454.0,13.0,13.0,0.2820930480957031
1023.0,19.0,19.0,0.6421499252319336
110.0,3.0,3.0,0.06962776184082031
162.0,1.0,1.0,0.10042381286621094
156.0,0.0,0.0,0.09876227378845215
233.0,4.0,4.0,0.1555626392364502
768.0,3.0,3.0,0.49606800079345703
522.0,5.0,5.0,0.3321034908294678
565.0,15.0,15.0,0.35468626022338867
700.0,14.0,14.0,0.4764533042907715
120.0,7.0,7.0,0.09085702896118164
424.0,9.0,9.0,0.2854151725769043
391.0,9.0,9.0,0.2609703540802002
1296.0,29.0,29.0,0.871248722076416
154.0,3.0,3.0,0.09671998023986816
332.0,5.0,5.0,0.20094037055969238
218.0,5.0,5.0,0.13410568237304688
225.0,10.0,10.0,0.13483166694641113
381.0,8.0,8.0,0.2424907684326172
554.0,15.0,15.0,0.3477017879486084
130.0,8.0,8.0,0.08139777183532715
745.0,3.0,3.0,0.48335719108581543
443.0,3.0,3.0,0.28121447563171387
557.0,10.0,10.0,0.34237217903137207
300.0,6.0,6.0,0.18661785125732422
117.0,6.0,6.0,0.07275795936584473
382.0,10.0,10.0,0.24148869514465332
925.0,8.0,8.0,0.5721373558044434
730.0,18.0,18.0,0.4719064235687256
144.0,7.0,7.0,0.10044193267822266
530.0,5.0,5.0,0.330733060836792
119.0,3.0,3.0,0.07268261909484863
248.0,3.0,3.0,0.15186047554016113
115.0,10.0,10.0,0.07141494750976562
685.0,12.0,12.0,0.4251880645751953
320.0,2.0,2.0,0.20038151741027832
545.0,10.0,10.0,0.3343079090118408
485.0,17.0,17.0,0.3005390167236328
122.0,8.0,8.0,0.07636427879333496
57.0,0.0,0.0,0.034737348556518555
939.0,9.0,9.0,0.59830641746521
550.0,18.0,18.0,0.3412635326385498
98.0,5.0,5.0,0.060498714447021484
58.0,2.0,2.0,0.035483360290527344
684.0,16.0,16.0,0.4261655807495117
395.0,7.0,7.0,0.2446732521057129
223.0,6.0,6.0,0.13832783699035645
77.0,2.0,2.0,0.054232120513916016
285.0,9.0,9.0,0.1849062442779541
87.0,4.0,4.0,0.053518056869506836
908.0,16.0,16.0,0.6238791942596436
496.0,6.0,6.0,0.3260929584503174
162.0,2.0,2.0,0.15686750411987305
184.0,7.0,7.0,0.11053872108459473
662.0,14.0,14.0,0.4082605838775635
166.0,9.0,9.0,0.10230016708374023
363.0,4.0,4.0,0.22536110877990723
325.0,13.0,13.0,0.2003161907196045
417.0,4.0,4.0,0.273728609085083
368.0,7.0,7.0,0.22205090522766113
233.0,9.0,9.0,0.1431441307067871
108.0,4.0,4.0,0.06863880157470703
83.0,5.0,5.0,0.05170941352844238
161.0,4.0,4.0,0.0991675853729248
187.0,2.0,2.0,0.11710619926452637
201.0,1.0,1.0,0.12709283828735352
86.0,2.0,2.0,0.05202317237854004
361.0,6.0,6.0,0.2265322208404541
465.0,5.0,5.0,0.29403257369995117
661.0,11.0,11.0,0.41521430015563965
201.0,4.0,4.0,0.12581491470336914
252.0,6.0,6.0,0.18669819831848145
369.0,8.0,8.0,0.22728371620178223
43.0,0.0,0.0,0.026126623153686523
347.0,8.0,8.0,0.22003793716430664
472.0,15.0,15.0,0.2950260639190674
93.0,11.0,11.0,0.05887937545776367
627.0,16.0,16.0,0.40598368644714355
158.0,0.0,0.0,0.11273193359375
1414.0,23.0,23.0,0.9925251007080078
750.0,14.0,14.0,0.4663715362548828
760.0,12.0,12.0,0.5524082183837891
311.0,9.0,9.0,0.19322991371154785
548.0,5.0,5.0,0.34213733673095703
266.0,7.0,7.0,0.16798734664916992
482.0,2.0,2.0,0.3230137825012207
363.0,9.0,9.0,0.22545218467712402
298.0,6.0,6.0,0.185288667678833
253.0,3.0,3.0,0.1552748680114746
186.0,7.0,7.0,0.11519432067871094
1439.0,21.0,21.0,0.9180107116699219
295.0,2.0,2.0,0.19751381874084473
56.0,0.0,0.0,0.03946065902709961
190.0,2.0,2.0,0.11722278594970703
651.0,8.0,8.0,0.41953158378601074
155.0,9.0,9.0,0.09765625
298.0,7.0,7.0,0.18317365646362305
657.0,7.0,7.0,0.4102513790130615
101.0,1.0,1.0,0.06154894828796387
558.0,3.0,3.0,0.34317493438720703
660.0,5.0,5.0,0.4128537178039551
391.0,7.0,7.0,0.2417278289794922
218.0,3.0,3.0,0.1357560157775879
163.0,2.0,2.0,0.10661983489990234
336.0,8.0,8.0,0.2101609706878662
369.0,2.0,2.0,0.23157548904418945
503.0,5.0,5.0,0.31555628776550293
710.0,8.0,8.0,0.4391481876373291
408.0,10.0,10.0,0.2550337314605713
870.0,16.0,16.0,0.5394110679626465
247.0,8.0,8.0,0.175551176071167
141.0,5.0,5.0,0.08985233306884766
588.0,16.0,16.0,0.37174272537231445
82.0,2.0,2.0,0.05074644088745117
465.0,1.0,1.0,0.2871575355529785
71.0,5.0,5.0,0.04641437530517578
116.0,9.0,9.0,0.07114601135253906
1771.0,21.0,21.0,1.1179931163787842
545.0,13.0,13.0,0.3631610870361328
194.0,11.0,11.0,0.12536883354187012
155.0,12.0,12.0,0.10138225555419922
143.0,6.0,6.0,0.0850534439086914
558.0,16.0,16.0,0.3452603816986084
778.0,9.0,9.0,0.4721646308898926
808.0,12.0,12.0,0.4970264434814453
211.0,11.0,11.0,0.13237404823303223
263.0,4.0,4.0,0.18555092811584473
163.0,3.0,3.0,0.10617399215698242
217.0,1.0,1.0,0.13662505149841309
354.0,6.0,6.0,0.21889352798461914
53.0,1.0,1.0,0.03197121620178223
104.0,1.0,1.0,0.06302738189697266
346.0,13.0,13.0,0.22148799896240234
220.0,7.0,7.0,0.1335163116455078
162.0,3.0,3.0,0.10067105293273926
198.0,7.0,7.0,0.12488293647766113
111.0,0.0,0.0,0.06883573532104492
284.0,10.0,10.0,0.1744065284729004
653.0,9.0,9.0,0.40759849548339844
417.0,7.0,7.0,0.2882556915283203
383.0,4.0,4.0,0.2765507698059082
734.0,3.0,3.0,0.5392417907714844
580.0,12.0,12.0,0.4154245853424072
766.0,12.0,12.0,0.540154218673706
234.0,3.0,3.0,0.14624905586242676
1147.0,11.0,11.0,0.7240629196166992
667.0,13.0,13.0,0.4109477996826172
577.0,9.0,9.0,0.3603811264038086
150.0,1.0,1.0,0.09188270568847656
636.0,22.0,22.0,0.3946812152862549
592.0,7.0,7.0,0.3700442314147949
166.0,8.0,8.0,0.10452723503112793
105.0,11.0,11.0,0.08071184158325195
571.0,14.0,14.0,0.358823299407959
119.0,6.0,6.0,0.07399868965148926
109.0,2.0,2.0,0.06913638114929199
857.0,7.0,7.0,0.5329809188842773
347.0,13.0,13.0,0.2143549919128418
405.0,6.0,6.0,0.2508549690246582
283.0,7.0,7.0,0.1748981475830078
315.0,3.0,3.0,0.20521950721740723
145.0,5.0,5.0,0.09095263481140137
681.0,6.0,6.0,0.44272899627685547
141.0,8.0,8.0,0.08675360679626465
70.0,2.0,2.0,0.04312777519226074
334.0,3.0,3.0,0.20530366897583008
982.0,11.0,11.0,0.611534595489502
172.0,11.0,11.0,0.10690593719482422
128.0,0.0,0.0,0.08028292655944824
703.0,6.0,6.0,0.4380624294281006
188.0,8.0,8.0,0.11868023872375488
1108.0,9.0,9.0,0.7062556743621826
283.0,5.0,5.0,0.17491793632507324
868.0,9.0,9.0,0.5452733039855957
218.0,8.0,8.0,0.1340501308441162
85.0,0.0,0.0,0.05307745933532715
102.0,6.0,6.0,0.061254262924194336
99.0,2.0,2.0,0.06071758270263672
207.0,2.0,2.0,0.1272907257080078
921.0,9.0,9.0,0.5934548377990723
727.0,10.0,10.0,0.4597289562225342
59.0,0.0,0.0,0.0368502140045166
161.0,4.0,4.0,0.09693026542663574
58.0,3.0,3.0,0.035941123962402344
694.0,3.0,3.0,0.438260555267334
740.0,14.0,14.0,0.5036442279815674
139.0,5.0,5.0,0.08674860000610352
54.0,0.0,0.0,0.03308439254760742
98.0,5.0,5.0,0.059253692626953125
1070.0,18.0,18.0,0.6885242462158203
1045.0,19.0,19.0,0.6423351764678955
244.0,6.0,6.0,0.15005850791931152
629.0,11.0,11.0,0.38906097412109375
205.0,0.0,0.0,0.1250138282775879
385.0,2.0,2.0,0.2389235496520996
1390.0,13.0,13.0,0.9408495426177979
445.0,10.0,10.0,0.3071401119232178
114.0,6.0,6.0,0.07783198356628418
2281.0,24.0,24.0,1.5820295810699463
251.0,0.0,0.0,0.15722322463989258
78.0,3.0,3.0,0.049005746841430664
218.0,6.0,6.0,0.13589954376220703
640.0,10.0,10.0,0.4035675525665283
199.0,4.0,4.0,0.12421798706054688
270.0,7.0,7.0,0.1885685920715332
930.0,14.0,14.0,0.5696964263916016
188.0,6.0,6.0,0.11810564994812012
1027.0,14.0,14.0,0.6590955257415771
204.0,1.0,1.0,0.12686777114868164
235.0,6.0,6.0,0.14633512496948242
603.0,3.0,3.0,0.37701416015625
356.0,3.0,3.0,0.22201991081237793
97.0,0.0,0.0,0.06169533729553223
106.0,4.0,4.0,0.06489968299865723
158.0,2.0,2.0,0.10055017471313477
275.0,9.0,9.0,0.17089128494262695
46.0,1.0,1.0,0.02709650993347168
180.0,7.0,7.0,0.11176824569702148
759.0,11.0,11.0,0.49244046211242676
464.0,4.0,4.0,0.2948493957519531
394.0,10.0,10.0,0.25191426277160645
389.0,3.0,3.0,0.23764419555664062
39.0,2.0,2.0,0.025074481964111328
336.0,0.0,0.0,0.20925593376159668
57.0,3.0,3.0,0.03461050987243652
632.0,13.0,13.0,0.3912069797515869
990.0,16.0,16.0,0.631166934967041
500.0,3.0,3.0,0.3160567283630371
381.0,8.0,8.0,0.23335576057434082
489.0,6.0,6.0,0.30352354049682617
215.0,12.0,12.0,0.13171029090881348
551.0,5.0,5.0,0.3469076156616211
155.0,5.0,5.0,0.09830594062805176
114.0,4.0,4.0,0.06952023506164551
456.0,0.0,0.0,0.2836298942565918
212.0,5.0,5.0,0.13094878196716309
220.0,6.0,6.0,0.1689760684967041
210.0,3.0,3.0,0.1375293731689453
191.0,1.0,1.0,0.11974906921386719
280.0,5.0,5.0,0.17635178565979004
214.0,4.0,4.0,0.13802218437194824
666.0,8.0,8.0,0.41338038444519043
389.0,5.0,5.0,0.25252509117126465
344.0,6.0,6.0,0.21371245384216309
88.0,3.0,3.0,0.0536653995513916
848.0,19.0,19.0,0.5242366790771484
552.0,6.0,6.0,0.38335084915161133
58.0,1.0,1.0,0.03694295883178711
221.0,2.0,2.0,0.13906264305114746
286.0,4.0,4.0,0.17994117736816406
145.0,1.0,1.0,0.09549999237060547
317.0,8.0,8.0,0.19834041595458984
696.0,8.0,8.0,0.4525609016418457
42.0,1.0,1.0,0.028490781784057617
321.0,9.0,9.0,0.19991135597229004
383.0,3.0,3.0,0.24204397201538086
256.0,7.0,7.0,0.1672055721282959
97.0,5.0,5.0,0.062042951583862305
712.0,15.0,15.0,0.46094584465026855
93.0,4.0,4.0,0.05837678909301758
138.0,3.0,3.0,0.08360671997070312
371.0,9.0,9.0,0.23752665519714355
91.0,12.0,12.0,0.06028580665588379
318.0,2.0,2.0,0.21466732025146484
167.0,2.0,2.0,0.12989521026611328
44.0,0.0,0.0,0.027275800704956055
181.0,3.0,3.0,0.11394047737121582
286.0,9.0,9.0,0.1901102066040039
484.0,2.0,2.0,0.3316776752471924
231.0,3.0,3.0,0.1474292278289795
65.0,0.0,0.0,0.03972339630126953
37.0,0.0,0.0,0.022496461868286133
521.0,7.0,7.0,0.37076258659362793
206.0,4.0,4.0,0.13406109809875488
1830.0,31.0,31.0,1.1757605075836182
526.0,17.0,17.0,0.34891247749328613
1096.0,10.0,10.0,0.7323462963104248
291.0,11.0,11.0,0.18001103401184082
48.0,1.0,1.0,0.02987957000732422
182.0,16.0,16.0,0.12795686721801758
139.0,13.0,13.0,0.08790326118469238
51.0,0.0,0.0,0.03177952766418457
703.0,12.0,12.0,0.45247697830200195
330.0,9.0,9.0,0.20166540145874023
799.0,6.0,6.0,0.49436211585998535
154.0,0.0,0.0,0.11333298683166504
233.0,9.0,9.0,0.14953231811523438
137.0,7.0,7.0,0.08406734466552734
756.0,12.0,12.0,0.46981310844421387
158.0,11.0,11.0,0.0957791805267334
319.0,13.0,13.0,0.19452977180480957
1118.0,18.0,18.0,0.691913366317749
1066.0,31.0,31.0,0.6745660305023193
286.0,9.0,9.0,0.17911243438720703
212.0,2.0,2.0,0.13090252876281738
643.0,5.0,5.0,0.3953433036804199
517.0,8.0,8.0,0.32484936714172363
120.0,5.0,5.0,0.08465695381164551
464.0,11.0,11.0,0.29467058181762695
114.0,21.0,21.0,0.0706942081451416
148.0,11.0,11.0,0.09183478355407715
198.0,1.0,1.0,0.1327652931213379
643.0,13.0,13.0,0.4337327480316162
137.0,2.0,2.0,0.08272218704223633
1420.0,12.0,12.0,0.9592008590698242
607.0,4.0,4.0,0.39321112632751465
1138.0,11.0,11.0,0.7241973876953125
1101.0,12.0,12.0,0.6893682479858398
259.0,4.0,4.0,0.1575181484222412
1388.0,29.0,29.0,0.8597803115844727
340.0,11.0,11.0,0.21230125427246094
184.0,6.0,6.0,0.1335620880126953
252.0,5.0,5.0,0.1701977252960205
109.0,3.0,3.0,0.0658261775970459
153.0,5.0,5.0,0.09221601486206055
320.0,2.0,2.0,0.20311760902404785
350.0,5.0,5.0,0.2218034267425537
501.0,5.0,5.0,0.31192684173583984
234.0,2.0,2.0,0.17708420753479004
169.0,4.0,4.0,0.10244226455688477
438.0,6.0,6.0,0.2845478057861328
295.0,4.0,4.0,0.23556232452392578
596.0,9.0,9.0,0.41304898262023926
45.0,0.0,0.0,0.03283095359802246
202.0,4.0,4.0,0.14846062660217285
226.0,10.0,10.0,0.14382004737854004
47.0,0.0,0.0,0.028153657913208008
503.0,14.0,14.0,0.3393239974975586
793.0,7.0,7.0,0.5579113960266113
112.0,1.0,1.0,0.07480478286743164
123.0,4.0,4.0,0.08368158340454102
203.0,9.0,9.0,0.12253165245056152
724.0,12.0,12.0,0.44516515731811523
271.0,8.0,8.0,0.19301939010620117
1363.0,14.0,14.0,0.8644790649414062
221.0,6.0,6.0,0.13633275032043457
222.0,3.0,3.0,0.1388709545135498
178.0,6.0,6.0,0.10890030860900879
108.0,4.0,4.0,0.06869029998779297
1391.0,14.0,14.0,0.8787581920623779
620.0,11.0,11.0,0.3825497627258301
185.0,3.0,3.0,0.11447763442993164
440.0,17.0,17.0,0.2687063217163086
403.0,5.0,5.0,0.25167274475097656
1143.0,24.0,24.0,0.7173788547515869
340.0,6.0,6.0,0.2135615348815918
187.0,7.0,7.0,0.11836814880371094
215.0,7.0,7.0,0.15881919860839844
592.0,10.0,10.0,0.3656952381134033
151.0,6.0,6.0,0.09381389617919922
873.0,9.0,9.0,0.5444777011871338
154.0,10.0,10.0,0.09887838363647461
86.0,0.0,0.0,0.05583024024963379
110.0,6.0,6.0,0.06696796417236328
84.0,3.0,3.0,0.05347251892089844
501.0,6.0,6.0,0.31567931175231934
127.0,12.0,12.0,0.0817875862121582
293.0,8.0,8.0,0.18573641777038574
527.0,16.0,16.0,0.3555302619934082
1075.0,21.0,21.0,0.664729118347168
51.0,2.0,2.0,0.030050039291381836
148.0,4.0,4.0,0.09154534339904785
667.0,11.0,11.0,0.4158158302307129
285.0,2.0,2.0,0.18123245239257812
755.0,11.0,11.0,0.46828413009643555
1164.0,10.0,10.0,0.7441580295562744
227.0,6.0,6.0,0.14029574394226074
1040.0,16.0,16.0,0.6453027725219727
796.0,16.0,16.0,0.499469518661499
944.0,8.0,8.0,0.6267402172088623
411.0,13.0,13.0,0.2605171203613281
1657.0,22.0,22.0,1.0242183208465576
358.0,5.0,5.0,0.2221372127532959
794.0,14.0,14.0,0.5428774356842041
1001.0,15.0,15.0,0.6827280521392822
244.0,4.0,4.0,0.15113139152526855
30.0,0.0,0.0,0.018561840057373047
380.0,7.0,7.0,0.2411963939666748
854.0,6.0,6.0,0.6108150482177734
273.0,2.0,2.0,0.18291497230529785
157.0,10.0,10.0,0.10504794120788574
730.0,7.0,7.0,0.476421594619751
359.0,1.0,1.0,0.22031521797180176
91.0,3.0,3.0,0.06304383277893066
580.0,2.0,2.0,0.36075854301452637
112.0,7.0,7.0,0.07062339782714844
269.0,17.0,17.0,0.1667923927307129
201.0,3.0,3.0,0.12416362762451172
381.0,2.0,2.0,0.24048304557800293
370.0,3.0,3.0,0.23486065864562988
208.0,18.0,18.0,0.13206744194030762
1042.0,14.0,14.0,0.6710460186004639
989.0,8.0,8.0,0.6097097396850586
769.0,11.0,11.0,0.4788334369659424
491.0,4.0,4.0,0.30099964141845703
289.0,13.0,13.0,0.18030762672424316
153.0,4.0,4.0,0.1095428466796875
835.0,6.0,6.0,0.5434105396270752
50.0,4.0,4.0,0.031089305877685547
122.0,1.0,1.0,0.07551813125610352
378.0,7.0,7.0,0.23516297340393066
640.0,17.0,17.0,0.41205263137817383
104.0,0.0,0.0,0.061956167221069336
403.0,9.0,9.0,0.25161075592041016
502.0,12.0,12.0,0.31290245056152344
284.0,11.0,11.0,0.17525458335876465
477.0,7.0,7.0,0.3243889808654785
170.0,9.0,9.0,0.10657715797424316
362.0,4.0,4.0,0.22472262382507324
124.0,8.0,8.0,0.08089303970336914
127.0,7.0,7.0,0.08234882354736328
862.0,15.0,15.0,0.5399134159088135
364.0,17.0,17.0,0.2270221710205078
279.0,13.0,13.0,0.17318487167358398
292.0,3.0,3.0,0.18444132804870605
1211.0,18.0,18.0,0.7922778129577637
43.0,3.0,3.0,0.025594234466552734
228.0,5.0,5.0,0.14668750762939453
296.0,6.0,6.0,0.18779373168945312
98.0,0.0,0.0,0.06085610389709473
548.0,12.0,12.0,0.350602388381958
245.0,5.0,5.0,0.1514589786529541
456.0,1.0,1.0,0.28812599182128906
676.0,11.0,11.0,0.4234621524810791
204.0,3.0,3.0,0.14137744903564453
471.0,8.0,8.0,0.29448437690734863
1878.0,43.0,43.0,1.1741292476654053
310.0,9.0,9.0,0.2198038101196289
149.0,1.0,1.0,0.09450221061706543
362.0,6.0,6.0,0.23333954811096191
478.0,18.0,18.0,0.3274960517883301
905.0,6.0,6.0,0.6460492610931396
624.0,8.0,8.0,0.4490513801574707
279.0,6.0,6.0,0.18227791786193848
72.0,0.0,0.0,0.04299807548522949
239.0,2.0,2.0,0.16247200965881348
642.0,7.0,7.0,0.42913126945495605
165.0,6.0,6.0,0.11760354042053223
306.0,5.0,5.0,0.2231001853942871
295.0,8.0,8.0,0.1948239803314209
218.0,3.0,3.0,0.1387171745300293
511.0,13.0,13.0,0.31773996353149414
548.0,10.0,10.0,0.34121274948120117
108.0,7.0,7.0,0.06797432899475098
663.0,11.0,11.0,0.4097425937652588
497.0,9.0,9.0,0.3056471347808838
814.0,16.0,16.0,0.5499682426452637
70.0,3.0,3.0,0.04376721382141113
399.0,11.0,11.0,0.2500317096710205
642.0,11.0,11.0,0.4053053855895996
100.0,7.0,7.0,0.06368708610534668
197.0,5.0,5.0,0.12194204330444336
480.0,6.0,6.0,0.2998666763305664
147.0,8.0,8.0,0.09124398231506348
60.0,4.0,4.0,0.03690791130065918
562.0,12.0,12.0,0.3505387306213379
212.0,5.0,5.0,0.15026307106018066
1552.0,16.0,16.0,0.9832942485809326
827.0,15.0,15.0,0.5086007118225098
1230.0,17.0,17.0,0.7884576320648193
841.0,7.0,7.0,0.5457134246826172
272.0,6.0,6.0,0.16849136352539062
639.0,6.0,6.0,0.3919258117675781
211.0,12.0,12.0,0.1328413486480713
121.0,4.0,4.0,0.07537841796875
35.0,0.0,0.0,0.022179126739501953
248.0,2.0,2.0,0.15393781661987305
544.0,6.0,6.0,0.3368077278137207
719.0,10.0,10.0,0.47406554222106934
280.0,4.0,4.0,0.17120099067687988
146.0,11.0,11.0,0.09421205520629883
508.0,11.0,11.0,0.3222649097442627
147.0,15.0,15.0,0.09239387512207031
245.0,13.0,13.0,0.15154194831848145
167.0,9.0,9.0,0.10585761070251465
120.0,7.0,7.0,0.07463359832763672
240.0,9.0,9.0,0.14667773246765137
313.0,6.0,6.0,0.1916346549987793
297.0,10.0,10.0,0.1839137077331543
795.0,18.0,18.0,0.5022695064544678
214.0,4.0,4.0,0.135545015335083
79.0,6.0,6.0,0.051145076751708984
345.0,3.0,3.0,0.21068239212036133
91.0,5.0,5.0,0.05744290351867676
332.0,11.0,11.0,0.2071857452392578
328.0,21.0,21.0,0.20705413818359375
1417.0,17.0,17.0,0.8776888847351074
360.0,13.0,13.0,0.22328972816467285
547.0,12.0,12.0,0.3644530773162842
423.0,4.0,4.0,0.263028621673584
888.0,11.0,11.0,0.5509698390960693
199.0,5.0,5.0,0.12511277198791504
94.0,0.0,0.0,0.059702396392822266
280.0,6.0,6.0,0.17839312553405762
214.0,6.0,6.0,0.15231776237487793
623.0,6.0,6.0,0.4244875907897949
467.0,9.0,9.0,0.3243703842163086
101.0,1.0,1.0,0.06200408935546875
197.0,3.0,3.0,0.141007661819458
225.0,8.0,8.0,0.14734244346618652
214.0,7.0,7.0,0.1452791690826416
219.0,10.0,10.0,0.15366482734680176
226.0,0.0,0.0,0.14385223388671875
168.0,3.0,3.0,0.10190963745117188
283.0,4.0,4.0,0.17994046211242676
306.0,5.0,5.0,0.1906595230102539
328.0,11.0,11.0,0.20499134063720703
125.0,12.0,12.0,0.07715225219726562
372.0,5.0,5.0,0.2386317253112793
516.0,7.0,7.0,0.34346866607666016
565.0,7.0,7.0,0.3568272590637207
480.0,1.0,1.0,0.29822325706481934
92.0,5.0,5.0,0.05625200271606445
365.0,11.0,11.0,0.2278003692626953
116.0,2.0,2.0,0.07083845138549805
52.0,3.0,3.0,0.03336381912231445
1523.0,13.0,13.0,0.9399304389953613
243.0,4.0,4.0,0.1779012680053711
331.0,12.0,12.0,0.2115478515625
135.0,4.0,4.0,0.08343052864074707
341.0,12.0,12.0,0.21845722198486328
620.0,3.0,3.0,0.38197994232177734
819.0,6.0,6.0,0.5134203433990479
79.0,4.0,4.0,0.049074649810791016
456.0,4.0,4.0,0.29165148735046387
58.0,3.0,3.0,0.0363917350769043
211.0,2.0,2.0,0.13241267204284668
118.0,8.0,8.0,0.07346749305725098
939.0,12.0,12.0,0.6177091598510742
64.0,5.0,5.0,0.039772987365722656
361.0,9.0,9.0,0.22394108772277832
196.0,5.0,5.0,0.12311148643493652
359.0,11.0,11.0,0.2223503589630127
377.0,17.0,17.0,0.23990726470947266
209.0,17.0,17.0,0.12942218780517578
438.0,4.0,4.0,0.26692771911621094
130.0,7.0,7.0,0.07942771911621094
115.0,9.0,9.0,0.07302141189575195
363.0,5.0,5.0,0.22127604484558105
253.0,10.0,10.0,0.18098855018615723
36.0,1.0,1.0,0.025818586349487305
243.0,4.0,4.0,0.14957928657531738
614.0,8.0,8.0,0.38033437728881836
63.0,1.0,1.0,0.03944134712219238
75.0,3.0,3.0,0.048944711685180664
226.0,4.0,4.0,0.138991117477417
324.0,5.0,5.0,0.20357561111450195
467.0,0.0,0.0,0.30027198791503906
183.0,3.0,3.0,0.11355447769165039
134.0,3.0,3.0,0.08503055572509766
713.0,7.0,7.0,0.4677143096923828
1562.0,15.0,15.0,1.0200605392456055
577.0,11.0,11.0,0.36101412773132324
68.0,1.0,1.0,0.04035782814025879
262.0,9.0,9.0,0.15993762016296387
224.0,6.0,6.0,0.15008139610290527
137.0,4.0,4.0,0.09282588958740234
424.0,8.0,8.0,0.27335524559020996
144.0,11.0,11.0,0.08739590644836426
309.0,10.0,10.0,0.21071219444274902
459.0,5.0,5.0,0.28597068786621094
292.0,4.0,4.0,0.17978429794311523
88.0,4.0,4.0,0.05465841293334961
765.0,15.0,15.0,0.47498488426208496
372.0,4.0,4.0,0.23194193840026855
993.0,7.0,7.0,0.6544859409332275
221.0,4.0,4.0,0.15763306617736816
118.0,1.0,1.0,0.09541201591491699
80.0,0.0,0.0,0.05929756164550781
779.0,18.0,18.0,0.5248277187347412
164.0,5.0,5.0,0.11610174179077148
160.0,10.0,10.0,0.1275179386138916
451.0,4.0,4.0,0.33318305015563965
397.0,4.0,4.0,0.2701117992401123
204.0,1.0,1.0,0.1837460994720459
189.0,7.0,7.0,0.12029004096984863
247.0,5.0,5.0,0.1549549102783203
182.0,8.0,8.0,0.11516737937927246
861.0,5.0,5.0,0.5697689056396484
894.0,12.0,12.0,0.5567781925201416
202.0,3.0,3.0,0.12737321853637695
262.0,10.0,10.0,0.165755033493042
318.0,7.0,7.0,0.19783663749694824
180.0,5.0,5.0,0.1127004623413086
340.0,8.0,8.0,0.21039104461669922
453.0,10.0,10.0,0.28044605255126953
1392.0,12.0,12.0,0.8928914070129395
599.0,3.0,3.0,0.3699462413787842
140.0,11.0,11.0,0.08661150932312012
55.0,8.0,8.0,0.03397870063781738
1392.0,12.0,12.0,0.8725731372833252
789.0,4.0,4.0,0.5042681694030762
165.0,8.0,8.0,0.10469579696655273
437.0,3.0,3.0,0.2708868980407715
117.0,3.0,3.0,0.07240128517150879
1307.0,12.0,12.0,0.8123910427093506
204.0,3.0,3.0,0.1333470344543457
92.0,1.0,1.0,0.05767369270324707
303.0,15.0,15.0,0.19023370742797852
1050.0,12.0,12.0,0.6802222728729248
228.0,3.0,3.0,0.1426854133605957
929.0,15.0,15.0,0.5821819305419922
60.0,2.0,2.0,0.03759288787841797
460.0,9.0,9.0,0.28492236137390137
439.0,10.0,10.0,0.2802248001098633
47.0,0.0,0.0,0.028089284896850586
307.0,6.0,6.0,0.1934218406677246
309.0,8.0,8.0,0.21762394905090332
258.0,7.0,7.0,0.1594679355621338
71.0,6.0,6.0,0.04421067237854004
264.0,10.0,10.0,0.1641533374786377
51.0,0.0,0.0,0.0325016975402832
255.0,3.0,3.0,0.1579587459564209
370.0,7.0,7.0,0.22738265991210938
497.0,5.0,5.0,0.31084442138671875
511.0,6.0,6.0,0.32107090950012207
227.0,13.0,13.0,0.1409311294555664
499.0,3.0,3.0,0.3127603530883789
85.0,1.0,1.0,0.05327749252319336
798.0,15.0,15.0,0.517380952835083
263.0,8.0,8.0,0.16447782516479492
207.0,5.0,5.0,0.12938618659973145
527.0,10.0,10.0,0.327362060546875
280.0,6.0,6.0,0.17496418952941895
144.0,4.0,4.0,0.09562802314758301
473.0,9.0,9.0,0.29268455505371094
233.0,7.0,7.0,0.1525566577911377
500.0,11.0,11.0,0.31742048263549805
472.0,5.0,5.0,0.3215062618255615
963.0,4.0,4.0,0.6620500087738037
529.0,9.0,9.0,0.3763761520385742
753.0,12.0,12.0,0.5518136024475098
705.0,14.0,14.0,0.49816083908081055
108.0,2.0,2.0,0.06594419479370117
199.0,6.0,6.0,0.1253492832183838
690.0,17.0,17.0,0.4286611080169678
448.0,3.0,3.0,0.2875020503997803
160.0,9.0,9.0,0.10028815269470215
86.0,0.0,0.0,0.05257225036621094
62.0,0.0,0.0,0.03816509246826172
404.0,8.0,8.0,0.2509765625
268.0,4.0,4.0,0.17098116874694824
223.0,6.0,6.0,0.13742446899414062
246.0,6.0,6.0,0.15340948104858398
81.0,5.0,5.0,0.05033516883850098
331.0,6.0,6.0,0.23158502578735352
153.0,0.0,0.0,0.09897470474243164
383.0,6.0,6.0,0.24048805236816406
448.0,6.0,6.0,0.28136539459228516
223.0,2.0,2.0,0.13863372802734375
103.0,5.0,5.0,0.06602311134338379
365.0,8.0,8.0,0.22408294677734375
50.0,1.0,1.0,0.0332036018371582
524.0,12.0,12.0,0.3280966281890869
562.0,12.0,12.0,0.3478553295135498
446.0,13.0,13.0,0.2753283977508545
250.0,6.0,6.0,0.18359780311584473
344.0,4.0,4.0,0.21007227897644043
58.0,1.0,1.0,0.03534102439880371
1098.0,12.0,12.0,0.6805174350738525
252.0,14.0,14.0,0.1575608253479004
136.0,2.0,2.0,0.08740901947021484
597.0,2.0,2.0,0.37222814559936523
156.0,15.0,15.0,0.09946155548095703
219.0,3.0,3.0,0.13498926162719727
400.0,2.0,2.0,0.2484142780303955
341.0,6.0,6.0,0.2204127311706543
1202.0,21.0,21.0,0.7510061264038086
312.0,6.0,6.0,0.19347000122070312
400.0,9.0,9.0,0.24809670448303223
804.0,12.0,12.0,0.5022656917572021
219.0,10.0,10.0,0.13962936401367188
300.0,2.0,2.0,0.20316052436828613
195.0,2.0,2.0,0.1245119571685791
442.0,2.0,2.0,0.27382349967956543
1169.0,6.0,6.0,0.7420194149017334
398.0,18.0,18.0,0.27156758308410645
772.0,9.0,9.0,0.4934194087982178
994.0,12.0,12.0,0.6528823375701904
169.0,3.0,3.0,0.10584497451782227
166.0,8.0,8.0,0.1037290096282959
244.0,7.0,7.0,0.15423870086669922
416.0,9.0,9.0,0.2569723129272461
200.0,8.0,8.0,0.12295246124267578
757.0,4.0,4.0,0.4685521125793457
64.0,5.0,5.0,0.03899860382080078
314.0,12.0,12.0,0.19661998748779297
43.0,1.0,1.0,0.026289939880371094
881.0,13.0,13.0,0.595468282699585
1281.0,22.0,22.0,0.8755073547363281
221.0,1.0,1.0,0.15932202339172363
263.0,5.0,5.0,0.18254899978637695
763.0,28.0,28.0,0.5517134666442871
95.0,1.0,1.0,0.07565021514892578
480.0,14.0,14.0,0.3346974849700928
835.0,9.0,9.0,0.556830883026123
313.0,4.0,4.0,0.1945028305053711
500.0,1.0,1.0,0.31200194358825684
422.0,6.0,6.0,0.2743399143218994
545.0,13.0,13.0,0.3375825881958008
245.0,2.0,2.0,0.15353775024414062
422.0,6.0,6.0,0.287276029586792
88.0,2.0,2.0,0.05619502067565918
567.0,9.0,9.0,0.35305166244506836
143.0,5.0,5.0,0.0878303050994873
282.0,11.0,11.0,0.1773366928100586
367.0,8.0,8.0,0.2327415943145752
237.0,2.0,2.0,0.14835762977600098
184.0,2.0,2.0,0.12007665634155273
206.0,4.0,4.0,0.12886261940002441
559.0,9.0,9.0,0.3462998867034912
247.0,3.0,3.0,0.15273666381835938
326.0,3.0,3.0,0.22088384628295898
179.0,2.0,2.0,0.12757468223571777
200.0,2.0,2.0,0.12476539611816406
153.0,5.0,5.0,0.09308815002441406
225.0,3.0,3.0,0.13910555839538574
233.0,4.0,4.0,0.1437835693359375
106.0,7.0,7.0,0.0651700496673584
252.0,16.0,16.0,0.15564513206481934
1084.0,21.0,21.0,0.6744687557220459
692.0,10.0,10.0,0.43819141387939453
68.0,3.0,3.0,0.043796539306640625
381.0,10.0,10.0,0.26740479469299316
85.0,4.0,4.0,0.05297684669494629
124.0,2.0,2.0,0.08033013343811035
409.0,3.0,3.0,0.25327229499816895
465.0,3.0,3.0,0.28758955001831055
111.0,8.0,8.0,0.0723259449005127
901.0,16.0,16.0,0.5619878768920898
34.0,0.0,0.0,0.02103114128112793
884.0,11.0,11.0,0.549973726272583
318.0,3.0,3.0,0.21508550643920898
499.0,7.0,7.0,0.32114624977111816
306.0,9.0,9.0,0.19466304779052734
322.0,5.0,5.0,0.20154738426208496
104.0,0.0,0.0,0.0644991397857666
719.0,19.0,19.0,0.44625306129455566
492.0,8.0,8.0,0.30524230003356934
358.0,4.0,4.0,0.22324609756469727
52.0,0.0,0.0,0.03240323066711426
437.0,8.0,8.0,0.27213168144226074
81.0,5.0,5.0,0.05214238166809082
95.0,2.0,2.0,0.08143854141235352
474.0,2.0,2.0,0.30259132385253906
188.0,7.0,7.0,0.11724615097045898
612.0,23.0,23.0,0.3856685161590576
211.0,12.0,12.0,0.13009190559387207
510.0,20.0,20.0,0.3216738700866699
414.0,4.0,4.0,0.2598123550415039
344.0,3.0,3.0,0.2121882438659668
678.0,10.0,10.0,0.4414334297180176
75.0,9.0,9.0,0.05176091194152832
84.0,4.0,4.0,0.05333542823791504
237.0,1.0,1.0,0.18002080917358398
253.0,2.0,2.0,0.15618157386779785
802.0,19.0,19.0,0.5039310455322266
106.0,7.0,7.0,0.06451678276062012
379.0,4.0,4.0,0.24915385246276855
557.0,3.0,3.0,0.4295320510864258
152.0,2.0,2.0,0.10111546516418457
395.0,5.0,5.0,0.29231834411621094
224.0,9.0,9.0,0.16452431678771973
381.0,11.0,11.0,0.24707818031311035
575.0,12.0,12.0,0.387073278427124
1726.0,23.0,23.0,1.1123690605163574
252.0,2.0,2.0,0.18167710304260254
67.0,4.0,4.0,0.0404055118560791
354.0,7.0,7.0,0.25719690322875977
582.0,13.0,13.0,0.3594679832458496
137.0,2.0,2.0,0.0838935375213623
755.0,15.0,15.0,0.47391557693481445
590.0,9.0,9.0,0.3659176826477051
334.0,7.0,7.0,0.20931267738342285
253.0,1.0,1.0,0.15694475173950195
169.0,2.0,2.0,0.10901474952697754
259.0,14.0,14.0,0.16672539710998535
291.0,10.0,10.0,0.2015068531036377
101.0,2.0,2.0,0.06571388244628906
471.0,10.0,10.0,0.29079604148864746
775.0,4.0,4.0,0.49336886405944824
195.0,5.0,5.0,0.12162303924560547
452.0,5.0,5.0,0.27936387062072754
836.0,8.0,8.0,0.5279614925384521
206.0,8.0,8.0,0.12727904319763184
151.0,5.0,5.0,0.09697341918945312
67.0,2.0,2.0,0.04628276824951172
470.0,1.0,1.0,0.3179333209991455
251.0,1.0,1.0,0.16634583473205566
159.0,4.0,4.0,0.10468339920043945
1755.0,18.0,18.0,1.0852570533752441
235.0,5.0,5.0,0.1718277931213379
129.0,29.0,29.0,0.08030581474304199
408.0,4.0,4.0,0.26003289222717285
263.0,1.0,1.0,0.20112347602844238
227.0,6.0,6.0,0.13836431503295898
565.0,15.0,15.0,0.35358428955078125
136.0,2.0,2.0,0.09793591499328613
715.0,15.0,15.0,0.45264172554016113
150.0,1.0,1.0,0.10383105278015137
120.0,2.0,2.0,0.08372950553894043
37.0,0.0,0.0,0.02397632598876953
208.0,7.0,7.0,0.13111495971679688
113.0,7.0,7.0,0.07184576988220215
652.0,11.0,11.0,0.43546271324157715
500.0,7.0,7.0,0.33371520042419434
103.0,3.0,3.0,0.06404495239257812
58.0,8.0,8.0,0.035559654235839844
499.0,13.0,13.0,0.30555009841918945
173.0,5.0,5.0,0.1058492660522461
187.0,6.0,6.0,0.11697888374328613
833.0,2.0,2.0,0.5223560333251953
691.0,12.0,12.0,0.4276745319366455
369.0,6.0,6.0,0.22885513305664062
339.0,5.0,5.0,0.22898459434509277
70.0,8.0,8.0,0.042978525161743164
55.0,5.0,5.0,0.03359198570251465
272.0,5.0,5.0,0.17426633834838867
154.0,2.0,2.0,0.09538006782531738
46.0,0.0,0.0,0.02887558937072754
508.0,12.0,12.0,0.3149707317352295
230.0,6.0,6.0,0.14526844024658203
1430.0,30.0,30.0,0.8999941349029541
298.0,4.0,4.0,0.22724151611328125
653.0,7.0,7.0,0.45170044898986816
92.0,5.0,5.0,0.06953096389770508
364.0,3.0,3.0,0.2471013069152832
242.0,5.0,5.0,0.15926575660705566
1160.0,15.0,15.0,0.8467965126037598
162.0,0.0,0.0,0.10751748085021973
261.0,11.0,11.0,0.17323827743530273
127.0,5.0,5.0,0.07729339599609375
632.0,7.0,7.0,0.42396020889282227
338.0,7.0,7.0,0.2145380973815918
576.0,4.0,4.0,0.3609936237335205
272.0,13.0,13.0,0.1700119972229004
389.0,7.0,7.0,0.24456071853637695
403.0,12.0,12.0,0.2511730194091797
401.0,7.0,7.0,0.2554159164428711
767.0,6.0,6.0,0.474560022354126
184.0,8.0,8.0,0.1376183032989502
258.0,5.0,5.0,0.16168618202209473
251.0,8.0,8.0,0.16048645973205566
179.0,10.0,10.0,0.11323213577270508
287.0,4.0,4.0,0.1768345832824707
226.0,5.0,5.0,0.13759875297546387
311.0,6.0,6.0,0.19694995880126953
1223.0,21.0,21.0,0.815176248550415
192.0,7.0,7.0,0.1216270923614502
1014.0,11.0,11.0,0.6646661758422852
515.0,17.0,17.0,0.32243895530700684
112.0,0.0,0.0,0.07059121131896973
108.0,2.0,2.0,0.06691193580627441
92.0,5.0,5.0,0.05977892875671387
409.0,5.0,5.0,0.2609231472015381
256.0,3.0,3.0,0.15735363960266113
838.0,13.0,13.0,0.5391881465911865
230.0,7.0,7.0,0.1447298526763916
105.0,11.0,11.0,0.07958006858825684
87.0,5.0,5.0,0.0719749927520752
676.0,13.0,13.0,0.42916202545166016
69.0,0.0,0.0,0.04319620132446289
95.0,2.0,2.0,0.060697078704833984
177.0,5.0,5.0,0.11071944236755371
120.0,5.0,5.0,0.0739126205444336
752.0,4.0,4.0,0.4623141288757324
648.0,17.0,17.0,0.3964533805847168
248.0,2.0,2.0,0.15642333030700684
124.0,1.0,1.0,0.07677221298217773
322.0,12.0,12.0,0.2072913646697998
187.0,12.0,12.0,0.13294744491577148
304.0,7.0,7.0,0.1921091079711914
172.0,4.0,4.0,0.1073143482208252
267.0,6.0,6.0,0.16613006591796875
72.0,2.0,2.0,0.04384922981262207
122.0,0.0,0.0,0.07652783393859863
105.0,3.0,3.0,0.0664219856262207
73.0,4.0,4.0,0.045187950134277344
385.0,4.0,4.0,0.2424628734588623
192.0,6.0,6.0,0.11773443222045898
321.0,2.0,2.0,0.2017805576324463
832.0,16.0,16.0,0.5173728466033936
132.0,5.0,5.0,0.08170580863952637
228.0,3.0,3.0,0.14130330085754395
397.0,9.0,9.0,0.27359700202941895
713.0,13.0,13.0,0.4469027519226074
522.0,8.0,8.0,0.32921576499938965
517.0,9.0,9.0,0.3224353790283203
682.0,3.0,3.0,0.42707300186157227
520.0,7.0,7.0,0.32325005531311035
525.0,8.0,8.0,0.3595890998840332
159.0,11.0,11.0,0.09676003456115723
189.0,1.0,1.0,0.11717081069946289
79.0,3.0,3.0,0.05144357681274414
155.0,5.0,5.0,0.1257920265197754
392.0,8.0,8.0,0.28838491439819336
639.0,10.0,10.0,0.4415113925933838
247.0,5.0,5.0,0.16837048530578613
164.0,1.0,1.0,0.10032153129577637
308.0,3.0,3.0,0.21538949012756348
366.0,5.0,5.0,0.2636902332305908
774.0,11.0,11.0,0.49554967880249023
243.0,5.0,5.0,0.15048718452453613
243.0,1.0,1.0,0.15457534790039062
150.0,8.0,8.0,0.0916752815246582
369.0,7.0,7.0,0.23000884056091309
192.0,6.0,6.0,0.12037491798400879
628.0,10.0,10.0,0.3992462158203125
282.0,14.0,14.0,0.17232942581176758
198.0,15.0,15.0,0.12168335914611816
151.0,7.0,7.0,0.09975934028625488
117.0,8.0,8.0,0.0708467960357666
108.0,4.0,4.0,0.067047119140625
228.0,8.0,8.0,0.14549708366394043
450.0,13.0,13.0,0.30396389961242676
175.0,8.0,8.0,0.11200141906738281
168.0,2.0,2.0,0.10512423515319824
590.0,17.0,17.0,0.3650321960449219
191.0,3.0,3.0,0.12340617179870605
682.0,10.0,10.0,0.42151880264282227
761.0,13.0,13.0,0.4765818119049072
218.0,10.0,10.0,0.13566350936889648
113.0,0.0,0.0,0.07008934020996094
784.0,13.0,13.0,0.5042345523834229
201.0,12.0,12.0,0.1253373622894287
203.0,0.0,0.0,0.12778830528259277
417.0,13.0,13.0,0.2640531063079834
463.0,7.0,7.0,0.2860133647918701
89.0,3.0,3.0,0.053462982177734375
302.0,10.0,10.0,0.186906099319458
237.0,1.0,1.0,0.14554524421691895
545.0,5.0,5.0,0.33330631256103516
276.0,7.0,7.0,0.17378926277160645
137.0,1.0,1.0,0.10953760147094727
1250.0,17.0,17.0,0.8157320022583008
633.0,14.0,14.0,0.4033079147338867
112.0,7.0,7.0,0.0695352554321289
406.0,8.0,8.0,0.25385212898254395
401.0,14.0,14.0,0.24723124504089355
119.0,3.0,3.0,0.07319307327270508
37.0,0.0,0.0,0.023001909255981445
122.0,8.0,8.0,0.07587075233459473
483.0,11.0,11.0,0.3190586566925049
870.0,5.0,5.0,0.5418097972869873
55.0,5.0,5.0,0.03367185592651367
100.0,5.0,5.0,0.06138753890991211
839.0,14.0,14.0,0.5177402496337891
485.0,3.0,3.0,0.30380749702453613
569.0,6.0,6.0,0.35230493545532227
197.0,11.0,11.0,0.12369155883789062
185.0,4.0,4.0,0.13498234748840332
135.0,1.0,1.0,0.08737659454345703
54.0,0.0,0.0,0.03558015823364258
43.0,2.0,2.0,0.027499914169311523
75.0,5.0,5.0,0.04476332664489746
172.0,6.0,6.0,0.10477042198181152
152.0,9.0,9.0,0.09260416030883789
139.0,10.0,10.0,0.08254790306091309
30.0,0.0,0.0,0.017405033111572266
139.0,4.0,4.0,0.08448076248168945
253.0,3.0,3.0,0.16085433959960938
554.0,5.0,5.0,0.3498551845550537
145.0,1.0,1.0,0.09776735305786133
535.0,9.0,9.0,0.34400415420532227
155.0,0.0,0.0,0.09663939476013184
333.0,8.0,8.0,0.21071815490722656
82.0,3.0,3.0,0.050000905990600586
545.0,7.0,7.0,0.35395050048828125
197.0,2.0,2.0,0.11833024024963379
303.0,4.0,4.0,0.18451189994812012
248.0,2.0,2.0,0.15033578872680664
306.0,8.0,8.0,0.19989562034606934
313.0,2.0,2.0,0.21979475021362305
1120.0,15.0,15.0,0.8603293895721436
569.0,10.0,10.0,0.380373477935791
597.0,5.0,5.0,0.4103550910949707
216.0,5.0,5.0,0.1625840663909912
334.0,2.0,2.0,0.22207880020141602
444.0,5.0,5.0,0.30020594596862793
100.0,6.0,6.0,0.060845375061035156
284.0,11.0,11.0,0.17442607879638672
339.0,9.0,9.0,0.21131420135498047
97.0,6.0,6.0,0.06143999099731445
342.0,14.0,14.0,0.21587133407592773
92.0,5.0,5.0,0.05686044692993164
480.0,9.0,9.0,0.31920480728149414
261.0,2.0,2.0,0.16698026657104492
92.0,1.0,1.0,0.05753016471862793
794.0,11.0,11.0,0.49466371536254883
150.0,10.0,10.0,0.09343600273132324
1080.0,17.0,17.0,0.6830809116363525
790.0,20.0,20.0,0.48797082901000977
354.0,2.0,2.0,0.2528536319732666
194.0,2.0,2.0,0.11858654022216797
93.0,0.0,0.0,0.05669522285461426
388.0,8.0,8.0,0.23871970176696777
551.0,10.0,10.0,0.3377251625061035
53.0,7.0,7.0,0.03386187553405762
314.0,8.0,8.0,0.19377660751342773
194.0,4.0,4.0,0.11910772323608398
59.0,3.0,3.0,0.03589010238647461
705.0,9.0,9.0,0.4450497627258301
63.0,6.0,6.0,0.039656639099121094
987.0,12.0,12.0,0.6438412666320801
198.0,5.0,5.0,0.12499761581420898
1049.0,29.0,29.0,0.6485404968261719
172.0,1.0,1.0,0.10822701454162598
418.0,2.0,2.0,0.264570951461792
539.0,10.0,10.0,0.33161354064941406
397.0,6.0,6.0,0.24640941619873047
127.0,8.0,8.0,0.07907724380493164
57.0,3.0,3.0,0.03445720672607422
107.0,1.0,1.0,0.06732416152954102
81.0,1.0,1.0,0.05878615379333496
928.0,9.0,9.0,0.5959110260009766
161.0,4.0,4.0,0.10048508644104004
34.0,0.0,0.0,0.020044326782226562
341.0,16.0,16.0,0.2117321491241455
707.0,5.0,5.0,0.4471917152404785
81.0,10.0,10.0,0.05055975914001465
260.0,11.0,11.0,0.16078948974609375
543.0,8.0,8.0,0.3383336067199707
332.0,16.0,16.0,0.20888853073120117
184.0,9.0,9.0,0.13377165794372559
728.0,16.0,16.0,0.4551353454589844
304.0,5.0,5.0,0.18799424171447754
308.0,10.0,10.0,0.19393038749694824
123.0,7.0,7.0,0.07683992385864258
119.0,6.0,6.0,0.07429027557373047
423.0,1.0,1.0,0.26067543029785156
125.0,3.0,3.0,0.07797861099243164
174.0,7.0,7.0,0.11138772964477539
2407.0,32.0,32.0,1.6183996200561523
1165.0,16.0,16.0,0.8018615245819092
302.0,6.0,6.0,0.19817495346069336
135.0,0.0,0.0,0.09235334396362305
612.0,14.0,14.0,0.44339656829833984
1027.0,7.0,7.0,0.6910364627838135
510.0,18.0,18.0,0.36034274101257324
164.0,3.0,3.0,0.10217714309692383
386.0,13.0,13.0,0.2463548183441162
318.0,13.0,13.0,0.19791889190673828
218.0,3.0,3.0,0.13353896141052246
166.0,11.0,11.0,0.10340476036071777
536.0,7.0,7.0,0.3658113479614258
158.0,5.0,5.0,0.09798622131347656
267.0,26.0,26.0,0.16939520835876465
423.0,8.0,8.0,0.27675294876098633
129.0,5.0,5.0,0.08333730697631836
143.0,8.0,8.0,0.08968043327331543
245.0,13.0,13.0,0.1602487564086914
639.0,10.0,10.0,0.4059271812438965
400.0,7.0,7.0,0.2599048614501953
590.0,7.0,7.0,0.3998429775238037
400.0,10.0,10.0,0.251936674118042
703.0,5.0,5.0,0.43812990188598633
434.0,6.0,6.0,0.2734382152557373
490.0,12.0,12.0,0.3050215244293213
628.0,13.0,13.0,0.38870692253112793
391.0,7.0,7.0,0.2461082935333252
228.0,8.0,8.0,0.15075063705444336
231.0,5.0,5.0,0.16682744026184082
409.0,11.0,11.0,0.2768676280975342
349.0,6.0,6.0,0.21474123001098633
128.0,1.0,1.0,0.0820913314819336
217.0,9.0,9.0,0.13416194915771484
175.0,2.0,2.0,0.1075143814086914
127.0,2.0,2.0,0.07751727104187012
639.0,13.0,13.0,0.39913320541381836
246.0,16.0,16.0,0.15790796279907227
162.0,5.0,5.0,0.10111165046691895
432.0,8.0,8.0,0.2713046073913574
572.0,5.0,5.0,0.37839317321777344
805.0,8.0,8.0,0.4991917610168457
509.0,7.0,7.0,0.31250619888305664
46.0,1.0,1.0,0.03037881851196289
375.0,5.0,5.0,0.23244094848632812
34.0,0.0,0.0,0.0215761661529541
249.0,6.0,6.0,0.15642952919006348
86.0,3.0,3.0,0.055773258209228516
195.0,3.0,3.0,0.1221456527709961
433.0,5.0,5.0,0.274672269821167
689.0,14.0,14.0,0.4521019458770752
1730.0,17.0,17.0,1.0812857151031494
328.0,7.0,7.0,0.2378983497619629
129.0,3.0,3.0,0.0802619457244873
307.0,7.0,7.0,0.19509053230285645
282.0,10.0,10.0,0.1813976764678955
526.0,18.0,18.0,0.3464853763580322
765.0,4.0,4.0,0.4770479202270508
499.0,7.0,7.0,0.30704212188720703
989.0,16.0,16.0,0.6176881790161133
147.0,4.0,4.0,0.09264945983886719
130.0,6.0,6.0,0.08281397819519043
217.0,11.0,11.0,0.13354706764221191
181.0,9.0,9.0,0.11393308639526367
96.0,1.0,1.0,0.06329822540283203
97.0,9.0,9.0,0.06439042091369629
371.0,6.0,6.0,0.2634449005126953
128.0,10.0,10.0,0.08673739433288574
91.0,7.0,7.0,0.057558298110961914
727.0,7.0,7.0,0.5155825614929199
323.0,17.0,17.0,0.21339178085327148
90.0,3.0,3.0,0.06230497360229492
515.0,9.0,9.0,0.37422752380371094
140.0,2.0,2.0,0.09059524536132812
217.0,3.0,3.0,0.15845370292663574
213.0,9.0,9.0,0.1555771827697754
343.0,14.0,14.0,0.23503828048706055
169.0,6.0,6.0,0.15334272384643555
2347.0,31.0,31.0,1.4892969131469727
199.0,1.0,1.0,0.12480425834655762
71.0,4.0,4.0,0.04803609848022461
471.0,8.0,8.0,0.2991597652435303
185.0,5.0,5.0,0.11699748039245605
349.0,11.0,11.0,0.2493584156036377
164.0,10.0,10.0,0.1006622314453125
153.0,9.0,9.0,0.09445858001708984
174.0,1.0,1.0,0.10865569114685059
353.0,4.0,4.0,0.22840356826782227
354.0,6.0,6.0,0.21987295150756836
130.0,2.0,2.0,0.08143854141235352
537.0,3.0,3.0,0.3323838710784912
535.0,6.0,6.0,0.3328728675842285
2280.0,29.0,29.0,1.4705700874328613
843.0,4.0,4.0,0.523766040802002
295.0,8.0,8.0,0.18382954597473145
308.0,13.0,13.0,0.1906750202178955
323.0,8.0,8.0,0.23282575607299805
432.0,8.0,8.0,0.31069517135620117
162.0,1.0,1.0,0.10686707496643066
112.0,11.0,11.0,0.07239747047424316
749.0,12.0,12.0,0.46390771865844727
212.0,1.0,1.0,0.12951064109802246
92.0,2.0,2.0,0.056958675384521484
392.0,8.0,8.0,0.24181699752807617
764.0,10.0,10.0,0.4675016403198242
217.0,4.0,4.0,0.1334841251373291
69.0,5.0,5.0,0.04349398612976074
349.0,3.0,3.0,0.21685242652893066
567.0,5.0,5.0,0.38012170791625977
377.0,10.0,10.0,0.23324251174926758
225.0,16.0,16.0,0.15097975730895996
58.0,1.0,1.0,0.03539609909057617
873.0,13.0,13.0,0.5372231006622314
625.0,13.0,13.0,0.392564058303833
696.0,11.0,11.0,0.4337186813354492
93.0,3.0,3.0,0.05907416343688965
135.0,1.0,1.0,0.09689021110534668
326.0,6.0,6.0,0.21831393241882324
617.0,8.0,8.0,0.38584446907043457
140.0,1.0,1.0,0.08599257469177246
58.0,4.0,4.0,0.03500652313232422
1192.0,15.0,15.0,0.7377901077270508
527.0,10.0,10.0,0.33284950256347656
204.0,3.0,3.0,0.12451314926147461
555.0,8.0,8.0,0.36212778091430664
410.0,7.0,7.0,0.26157307624816895
124.0,4.0,4.0,0.08365273475646973
808.0,12.0,12.0,0.5378468036651611
61.0,1.0,1.0,0.043380022048950195
259.0,9.0,9.0,0.1874384880065918
417.0,7.0,7.0,0.26213788986206055
136.0,4.0,4.0,0.08968234062194824
2162.0,20.0,20.0,1.4239342212677002
605.0,7.0,7.0,0.37673377990722656
747.0,2.0,2.0,0.4681854248046875
164.0,3.0,3.0,0.10051202774047852
823.0,15.0,15.0,0.5360884666442871
61.0,0.0,0.0,0.03837847709655762
597.0,9.0,9.0,0.36918210983276367
1113.0,14.0,14.0,0.6932251453399658
431.0,16.0,16.0,0.2724344730377197
515.0,9.0,9.0,0.32398080825805664
182.0,9.0,9.0,0.11218571662902832
481.0,16.0,16.0,0.3246641159057617
148.0,8.0,8.0,0.09791898727416992
701.0,11.0,11.0,0.4359433650970459
222.0,5.0,5.0,0.1399364471435547
205.0,5.0,5.0,0.1294236183166504
1098.0,3.0,3.0,0.7070610523223877
62.0,3.0,3.0,0.03799939155578613
178.0,1.0,1.0,0.11043143272399902
760.0,7.0,7.0,0.48894190788269043
225.0,4.0,4.0,0.1499018669128418
107.0,4.0,4.0,0.06717991828918457
386.0,8.0,8.0,0.2384486198425293
578.0,7.0,7.0,0.3600504398345947
910.0,11.0,11.0,0.5629928112030029
148.0,8.0,8.0,0.08897256851196289
155.0,3.0,3.0,0.09413576126098633
209.0,8.0,8.0,0.1299128532409668
1434.0,30.0,30.0,0.9046635627746582
270.0,2.0,2.0,0.17072176933288574
465.0,10.0,10.0,0.2876729965209961
408.0,16.0,16.0,0.2516438961029053
836.0,19.0,19.0,0.5181312561035156
513.0,12.0,12.0,0.3168034553527832
299.0,2.0,2.0,0.19849252700805664
93.0,3.0,3.0,0.07012677192687988
337.0,12.0,12.0,0.21541523933410645
769.0,8.0,8.0,0.4824352264404297
264.0,15.0,15.0,0.1652848720550537
403.0,4.0,4.0,0.25110673904418945
1413.0,16.0,16.0,0.8783481121063232
1042.0,16.0,16.0,0.6755235195159912
920.0,10.0,10.0,0.5812838077545166
246.0,12.0,12.0,0.15300989151000977
239.0,6.0,6.0,0.15292882919311523
348.0,3.0,3.0,0.22737622261047363
470.0,3.0,3.0,0.3373265266418457
337.0,5.0,5.0,0.25017547607421875
468.0,8.0,8.0,0.29915785789489746
269.0,5.0,5.0,0.18374037742614746
45.0,2.0,2.0,0.02874016761779785
69.0,2.0,2.0,0.043651580810546875
640.0,21.0,21.0,0.40338897705078125
272.0,3.0,3.0,0.16868901252746582
150.0,1.0,1.0,0.09143257141113281
490.0,8.0,8.0,0.2998232841491699
78.0,3.0,3.0,0.04729127883911133
102.0,3.0,3.0,0.06364989280700684
229.0,8.0,8.0,0.1910262107849121
96.0,5.0,5.0,0.058028459548950195
163.0,2.0,2.0,0.09835338592529297
1537.0,18.0,18.0,1.0714080333709717
157.0,1.0,1.0,0.1118614673614502
141.0,3.0,3.0,0.1038668155670166
213.0,7.0,7.0,0.13065552711486816
2196.0,24.0,24.0,1.4079344272613525
467.0,14.0,14.0,0.289334774017334
682.0,16.0,16.0,0.42206883430480957
210.0,3.0,3.0,0.13123273849487305
418.0,12.0,12.0,0.2676842212677002
190.0,7.0,7.0,0.11796450614929199
77.0,3.0,3.0,0.04907536506652832
1172.0,18.0,18.0,0.7589545249938965
234.0,9.0,9.0,0.14423370361328125
166.0,5.0,5.0,0.10359311103820801
142.0,7.0,7.0,0.08859467506408691
130.0,2.0,2.0,0.08008575439453125
63.0,2.0,2.0,0.039000511169433594
648.0,18.0,18.0,0.4037814140319824
337.0,3.0,3.0,0.21019649505615234
502.0,12.0,12.0,0.3170325756072998
113.0,2.0,2.0,0.09318947792053223
191.0,15.0,15.0,0.12010669708251953
195.0,8.0,8.0,0.12544989585876465
104.0,10.0,10.0,0.0638275146484375
235.0,10.0,10.0,0.1758556365966797
646.0,9.0,9.0,0.39815616607666016
727.0,12.0,12.0,0.45542478561401367
66.0,2.0,2.0,0.04008340835571289
743.0,9.0,9.0,0.471160888671875
836.0,13.0,13.0,0.5169146060943604
347.0,9.0,9.0,0.23364901542663574
670.0,12.0,12.0,0.4221029281616211
328.0,5.0,5.0,0.20453143119812012
133.0,5.0,5.0,0.0825343132019043
307.0,2.0,2.0,0.19083380699157715
90.0,6.0,6.0,0.05904364585876465
286.0,10.0,10.0,0.17865467071533203
230.0,6.0,6.0,0.1412036418914795
358.0,8.0,8.0,0.22282934188842773
67.0,1.0,1.0,0.041496992111206055
169.0,2.0,2.0,0.10492563247680664
975.0,12.0,12.0,0.6279652118682861
204.0,3.0,3.0,0.12353920936584473
118.0,4.0,4.0,0.07030940055847168
405.0,5.0,5.0,0.24898958206176758
1119.0,16.0,16.0,0.6977963447570801
56.0,2.0,2.0,0.03500509262084961
72.0,2.0,2.0,0.04794454574584961
352.0,7.0,7.0,0.23165011405944824
63.0,2.0,2.0,0.04136300086975098
433.0,23.0,23.0,0.2996811866760254
374.0,2.0,2.0,0.2579030990600586
634.0,14.0,14.0,0.448042631149292
150.0,8.0,8.0,0.09274744987487793
52.0,3.0,3.0,0.03944563865661621
852.0,18.0,18.0,0.5864577293395996
423.0,6.0,6.0,0.2630023956298828
178.0,1.0,1.0,0.11085987091064453
319.0,13.0,13.0,0.1990044116973877
1920.0,12.0,12.0,1.2483019828796387
354.0,7.0,7.0,0.22063946723937988
173.0,2.0,2.0,0.10909438133239746
470.0,7.0,7.0,0.358278751373291
125.0,1.0,1.0,0.08351826667785645
560.0,9.0,9.0,0.35958266258239746
343.0,11.0,11.0,0.21156740188598633
729.0,10.0,10.0,0.48278093338012695
83.0,1.0,1.0,0.051550865173339844
110.0,2.0,2.0,0.06771183013916016
670.0,8.0,8.0,0.4121584892272949
334.0,8.0,8.0,0.2093486785888672
378.0,5.0,5.0,0.2303621768951416
308.0,2.0,2.0,0.20465898513793945
145.0,5.0,5.0,0.09117960929870605
288.0,1.0,1.0,0.18106770515441895
522.0,7.0,7.0,0.3600196838378906
605.0,12.0,12.0,0.3850369453430176
465.0,1.0,1.0,0.2886390686035156
176.0,6.0,6.0,0.10763025283813477
658.0,9.0,9.0,0.40858912467956543
942.0,8.0,8.0,0.5956578254699707
266.0,4.0,4.0,0.1708984375
501.0,16.0,16.0,0.3289649486541748
202.0,4.0,4.0,0.12731599807739258
227.0,10.0,10.0,0.14429044723510742
214.0,3.0,3.0,0.13265538215637207
665.0,16.0,16.0,0.4178617000579834
315.0,8.0,8.0,0.1945323944091797
457.0,9.0,9.0,0.2832033634185791
76.0,0.0,0.0,0.046811819076538086
1033.0,19.0,19.0,0.6414222717285156
122.0,15.0,15.0,0.09556412696838379
335.0,2.0,2.0,0.20987153053283691
354.0,3.0,3.0,0.21864795684814453
1122.0,15.0,15.0,0.7044558525085449
1255.0,13.0,13.0,0.780998945236206
261.0,3.0,3.0,0.15953636169433594
417.0,0.0,0.0,0.2777442932128906
614.0,8.0,8.0,0.3865242004394531
624.0,2.0,2.0,0.38536834716796875
542.0,9.0,9.0,0.3404531478881836
210.0,15.0,15.0,0.1343684196472168
1461.0,27.0,27.0,0.9503483772277832
452.0,5.0,5.0,0.3029649257659912
66.0,5.0,5.0,0.04618358612060547
444.0,11.0,11.0,0.29865503311157227
174.0,1.0,1.0,0.10699605941772461
577.0,23.0,23.0,0.4096956253051758
1772.0,29.0,29.0,1.1774139404296875
357.0,20.0,20.0,0.2424449920654297
428.0,10.0,10.0,0.26595067977905273
180.0,6.0,6.0,0.12020754814147949
644.0,10.0,10.0,0.39817380905151367
82.0,2.0,2.0,0.05214405059814453
1206.0,24.0,24.0,0.7694227695465088
435.0,10.0,10.0,0.280855655670166
164.0,0.0,0.0,0.10219788551330566
686.0,15.0,15.0,0.43321871757507324
39.0,0.0,0.0,0.023183822631835938
686.0,22.0,22.0,0.42029428482055664
275.0,9.0,9.0,0.17387676239013672
1476.0,17.0,17.0,0.9412457942962646
465.0,4.0,4.0,0.28853297233581543
378.0,7.0,7.0,0.23992323875427246
218.0,0.0,0.0,0.1340787410736084
254.0,17.0,17.0,0.15909790992736816
261.0,5.0,5.0,0.1769416332244873
166.0,4.0,4.0,0.10449981689453125
565.0,5.0,5.0,0.34613609313964844
192.0,7.0,7.0,0.11945962905883789
332.0,4.0,4.0,0.20662832260131836
730.0,19.0,19.0,0.475388765335083
455.0,5.0,5.0,0.2861204147338867
147.0,7.0,7.0,0.09053516387939453
1222.0,22.0,22.0,0.7499492168426514
212.0,3.0,3.0,0.12999248504638672
1033.0,14.0,14.0,0.6543035507202148
141.0,3.0,3.0,0.09689927101135254
1392.0,25.0,25.0,0.864281177520752
106.0,2.0,2.0,0.06566929817199707
558.0,9.0,9.0,0.3452756404876709
1421.0,13.0,13.0,0.906562328338623
284.0,10.0,10.0,0.17566299438476562
85.0,2.0,2.0,0.05265378952026367
1491.0,13.0,13.0,0.9344444274902344
223.0,1.0,1.0,0.14233875274658203
319.0,13.0,13.0,0.195387601852417
135.0,4.0,4.0,0.08341431617736816
233.0,6.0,6.0,0.14438080787658691
54.0,0.0,0.0,0.03451228141784668
107.0,2.0,2.0,0.06529045104980469
170.0,5.0,5.0,0.1153862476348877
135.0,1.0,1.0,0.08260369300842285
173.0,2.0,2.0,0.1300063133239746
42.0,0.0,0.0,0.02924060821533203
869.0,18.0,18.0,0.5783789157867432
197.0,10.0,10.0,0.15446710586547852
3060.0,37.0,37.0,2.153123617172241
186.0,9.0,9.0,0.12592172622680664
38.0,1.0,1.0,0.02434372901916504
169.0,7.0,7.0,0.14134502410888672
75.0,2.0,2.0,0.048969268798828125
48.0,2.0,2.0,0.02900099754333496
496.0,13.0,13.0,0.3151426315307617
318.0,5.0,5.0,0.20653319358825684
125.0,1.0,1.0,0.07615518569946289
258.0,6.0,6.0,0.1611025333404541
157.0,5.0,5.0,0.09762740135192871
346.0,21.0,21.0,0.2424309253692627
879.0,14.0,14.0,0.5570547580718994
263.0,4.0,4.0,0.1622312068939209
897.0,1.0,1.0,0.5577490329742432
441.0,3.0,3.0,0.27829551696777344
184.0,1.0,1.0,0.11473321914672852
180.0,5.0,5.0,0.11132311820983887
314.0,4.0,4.0,0.20172572135925293
502.0,3.0,3.0,0.3309824466705322
166.0,2.0,2.0,0.10192275047302246
239.0,2.0,2.0,0.15050578117370605
539.0,10.0,10.0,0.3433055877685547
882.0,7.0,7.0,0.553032398223877
64.0,0.0,0.0,0.039589881896972656
587.0,7.0,7.0,0.3652303218841553
600.0,11.0,11.0,0.38054418563842773
210.0,7.0,7.0,0.13400673866271973
486.0,11.0,11.0,0.3077585697174072
78.0,4.0,4.0,0.04774355888366699
280.0,7.0,7.0,0.1747267246246338
710.0,7.0,7.0,0.4467427730560303
528.0,13.0,13.0,0.3275179862976074
182.0,3.0,3.0,0.1132049560546875
378.0,9.0,9.0,0.23700213432312012
190.0,7.0,7.0,0.11874246597290039
310.0,3.0,3.0,0.19110345840454102
146.0,1.0,1.0,0.09020352363586426
81.0,0.0,0.0,0.0710752010345459
293.0,3.0,3.0,0.1877744197845459
106.0,5.0,5.0,0.06499791145324707
39.0,3.0,3.0,0.023756027221679688
175.0,2.0,2.0,0.11423993110656738
1169.0,16.0,16.0,0.7269854545593262
380.0,9.0,9.0,0.23436927795410156
872.0,23.0,23.0,0.5463197231292725
268.0,12.0,12.0,0.1634078025817871
214.0,0.0,0.0,0.14710283279418945
382.0,2.0,2.0,0.24216389656066895
360.0,9.0,9.0,0.22167634963989258
579.0,6.0,6.0,0.3605673313140869
460.0,4.0,4.0,0.2867441177368164
84.0,0.0,0.0,0.0512845516204834
227.0,11.0,11.0,0.14196109771728516
1014.0,10.0,10.0,0.6274716854095459
1294.0,25.0,25.0,0.8277285099029541
1099.0,18.0,18.0,0.7371509075164795
374.0,4.0,4.0,0.2578763961791992
154.0,12.0,12.0,0.10819649696350098
414.0,2.0,2.0,0.29598450660705566
416.0,15.0,15.0,0.27922797203063965
599.0,5.0,5.0,0.4293806552886963
238.0,9.0,9.0,0.15763401985168457
144.0,4.0,4.0,0.0939180850982666
119.0,5.0,5.0,0.07619976997375488
820.0,20.0,20.0,0.5085771083831787
75.0,4.0,4.0,0.04671621322631836
198.0,2.0,2.0,0.12242293357849121
200.0,5.0,5.0,0.12368369102478027
56.0,7.0,7.0,0.03445792198181152
496.0,14.0,14.0,0.30899524688720703
644.0,15.0,15.0,0.4273684024810791
457.0,11.0,11.0,0.28516316413879395
251.0,18.0,18.0,0.15636301040649414
67.0,2.0,2.0,0.04070615768432617
118.0,2.0,2.0,0.0761871337890625
916.0,12.0,12.0,0.5705957412719727
123.0,1.0,1.0,0.07911968231201172
553.0,10.0,10.0,0.3495805263519287
168.0,5.0,5.0,0.10491824150085449
68.0,0.0,0.0,0.04403185844421387
202.0,6.0,6.0,0.12905454635620117
840.0,17.0,17.0,0.5614721775054932
225.0,1.0,1.0,0.14012908935546875
663.0,10.0,10.0,0.41251611709594727
1632.0,37.0,37.0,1.0403084754943848
1091.0,20.0,20.0,0.7058563232421875
267.0,5.0,5.0,0.1661522388458252
72.0,1.0,1.0,0.046561479568481445
933.0,19.0,19.0,0.5742442607879639
122.0,1.0,1.0,0.07891654968261719
431.0,9.0,9.0,0.2670722007751465
1367.0,23.0,23.0,0.8723366260528564
231.0,6.0,6.0,0.142838716506958
382.0,18.0,18.0,0.23690104484558105
67.0,0.0,0.0,0.04030323028564453
92.0,4.0,4.0,0.05567288398742676
510.0,10.0,10.0,0.3189108371734619
316.0,15.0,15.0,0.20129084587097168
181.0,3.0,3.0,0.11624979972839355
194.0,3.0,3.0,0.12067651748657227
156.0,5.0,5.0,0.09802985191345215
267.0,9.0,9.0,0.165480375289917
392.0,8.0,8.0,0.2466597557067871
869.0,12.0,12.0,0.5630102157592773
463.0,13.0,13.0,0.28875255584716797
171.0,5.0,5.0,0.10548639297485352
862.0,8.0,8.0,0.5417358875274658
135.0,2.0,2.0,0.08229255676269531
203.0,8.0,8.0,0.1260538101196289
35.0,0.0,0.0,0.022513866424560547
318.0,7.0,7.0,0.1970522403717041
29.0,0.0,0.0,0.018777132034301758
329.0,6.0,6.0,0.20743441581726074
375.0,3.0,3.0,0.24469804763793945
1069.0,7.0,7.0,0.6563351154327393
109.0,3.0,3.0,0.06752371788024902
105.0,5.0,5.0,0.06579446792602539
566.0,13.0,13.0,0.35779762268066406
255.0,8.0,8.0,0.15668034553527832
169.0,5.0,5.0,0.11158514022827148
555.0,7.0,7.0,0.3739931583404541
699.0,8.0,8.0,0.49235987663269043
156.0,2.0,2.0,0.11227226257324219
207.0,2.0,2.0,0.1333022117614746
292.0,9.0,9.0,0.2046222686767578
782.0,25.0,25.0,0.5343852043151855
124.0,5.0,5.0,0.09054803848266602
257.0,3.0,3.0,0.19069838523864746
1142.0,9.0,9.0,0.7348735332489014
33.0,1.0,1.0,0.019560813903808594
286.0,8.0,8.0,0.1764063835144043
228.0,8.0,8.0,0.14226770401000977
45.0,3.0,3.0,0.02823472023010254
617.0,4.0,4.0,0.38860583305358887
223.0,7.0,7.0,0.1414473056793213
1636.0,18.0,18.0,1.0063705444335938
441.0,9.0,9.0,0.2990238666534424
40.0,0.0,0.0,0.024173498153686523
643.0,7.0,7.0,0.41120433807373047
295.0,5.0,5.0,0.18369531631469727
1330.0,9.0,9.0,0.8210411071777344
468.0,12.0,12.0,0.29634761810302734
227.0,6.0,6.0,0.14048194885253906
326.0,8.0,8.0,0.22656655311584473
44.0,0.0,0.0,0.026639699935913086
149.0,5.0,5.0,0.09261679649353027
353.0,3.0,3.0,0.2237098217010498
581.0,12.0,12.0,0.3585550785064697
81.0,6.0,6.0,0.05136847496032715
655.0,13.0,13.0,0.40396595001220703
187.0,9.0,9.0,0.11734223365783691
617.0,9.0,9.0,0.3809380531311035
664.0,6.0,6.0,0.4136021137237549
171.0,14.0,14.0,0.1307849884033203
556.0,8.0,8.0,0.340299129486084
288.0,4.0,4.0,0.17846965789794922
100.0,1.0,1.0,0.06075763702392578
156.0,7.0,7.0,0.10141801834106445
247.0,2.0,2.0,0.1528627872467041
783.0,10.0,10.0,0.48287248611450195
1100.0,12.0,12.0,0.6820826530456543
449.0,7.0,7.0,0.3016836643218994
337.0,10.0,10.0,0.214674711227417
72.0,0.0,0.0,0.04412102699279785
161.0,9.0,9.0,0.10980224609375
74.0,5.0,5.0,0.04908895492553711
165.0,3.0,3.0,0.10314702987670898
231.0,4.0,4.0,0.14232659339904785
1229.0,7.0,7.0,0.7910494804382324
246.0,3.0,3.0,0.19953179359436035
365.0,4.0,4.0,0.22084879875183105
801.0,18.0,18.0,0.5373594760894775
596.0,23.0,23.0,0.37070751190185547
979.0,12.0,12.0,0.6029250621795654
1318.0,14.0,14.0,0.8501396179199219
228.0,9.0,9.0,0.16611528396606445
437.0,11.0,11.0,0.3015782833099365
771.0,6.0,6.0,0.5536630153656006
317.0,9.0,9.0,0.22872638702392578
303.0,2.0,2.0,0.2035367488861084
921.0,10.0,10.0,0.6365141868591309
193.0,2.0,2.0,0.13109493255615234
623.0,7.0,7.0,0.38297152519226074
188.0,3.0,3.0,0.11761903762817383
399.0,10.0,10.0,0.24621105194091797
489.0,4.0,4.0,0.3065073490142822
265.0,4.0,4.0,0.1694173812866211
78.0,4.0,4.0,0.051294803619384766
169.0,9.0,9.0,0.10955023765563965
174.0,2.0,2.0,0.1073768138885498
1773.0,12.0,12.0,1.1344163417816162
92.0,8.0,8.0,0.07501912117004395
52.0,0.0,0.0,0.04202747344970703
267.0,5.0,5.0,0.16512393951416016
297.0,15.0,15.0,0.18851161003112793
150.0,6.0,6.0,0.08997297286987305
90.0,5.0,5.0,0.05504727363586426
212.0,4.0,4.0,0.13026976585388184
320.0,6.0,6.0,0.1968386173248291
1288.0,13.0,13.0,0.8233458995819092
289.0,9.0,9.0,0.18026351928710938
275.0,7.0,7.0,0.17162299156188965
210.0,4.0,4.0,0.12922883033752441
255.0,5.0,5.0,0.160261869430542
1140.0,20.0,20.0,0.7097864151000977
209.0,2.0,2.0,0.1326911449432373
365.0,6.0,6.0,0.2287144660949707
1172.0,14.0,14.0,0.7547481060028076
522.0,8.0,8.0,0.3311946392059326
90.0,8.0,8.0,0.05428671836853027
688.0,17.0,17.0,0.4297339916229248
418.0,14.0,14.0,0.26888370513916016
218.0,6.0,6.0,0.1349353790283203
119.0,4.0,4.0,0.0757145881652832
1065.0,19.0,19.0,0.6928272247314453
169.0,3.0,3.0,0.10427427291870117
261.0,6.0,6.0,0.16707587242126465
239.0,8.0,8.0,0.148148775100708
345.0,6.0,6.0,0.21020841598510742
1052.0,13.0,13.0,0.6587584018707275
349.0,7.0,7.0,0.21837782859802246
168.0,6.0,6.0,0.10321879386901855
344.0,9.0,9.0,0.21459364891052246
60.0,2.0,2.0,0.037840843200683594
578.0,7.0,7.0,0.3867762088775635
1248.0,13.0,13.0,0.7708137035369873
576.0,23.0,23.0,0.3579888343811035
293.0,5.0,5.0,0.18144488334655762
563.0,6.0,6.0,0.3491394519805908
293.0,1.0,1.0,0.1817915439605713
83.0,0.0,0.0,0.05771446228027344
533.0,11.0,11.0,0.3647627830505371
518.0,21.0,21.0,0.3308391571044922
409.0,20.0,20.0,0.2648656368255615
158.0,2.0,2.0,0.10394525527954102
414.0,20.0,20.0,0.2917499542236328
271.0,7.0,7.0,0.20276284217834473
319.0,12.0,12.0,0.22652101516723633
383.0,17.0,17.0,0.2606513500213623
94.0,0.0,0.0,0.06141471862792969
137.0,0.0,0.0,0.08273434638977051
251.0,14.0,14.0,0.17297959327697754
1129.0,7.0,7.0,0.7471103668212891
570.0,4.0,4.0,0.35503149032592773
52.0,6.0,6.0,0.03239107131958008
70.0,1.0,1.0,0.04247474670410156
135.0,1.0,1.0,0.08435511589050293
446.0,13.0,13.0,0.27715015411376953
1065.0,12.0,12.0,0.6801705360412598
315.0,14.0,14.0,0.1967473030090332
250.0,1.0,1.0,0.1544201374053955
151.0,3.0,3.0,0.09314441680908203
435.0,9.0,9.0,0.2691793441772461
376.0,8.0,8.0,0.23180317878723145
203.0,6.0,6.0,0.12362098693847656
420.0,8.0,8.0,0.2633047103881836
191.0,3.0,3.0,0.12206006050109863
187.0,2.0,2.0,0.11957144737243652
77.0,2.0,2.0,0.047394514083862305
970.0,10.0,10.0,0.6257851123809814
261.0,13.0,13.0,0.1595630645751953
105.0,0.0,0.0,0.06462359428405762
398.0,10.0,10.0,0.24742889404296875
195.0,8.0,8.0,0.12115836143493652
148.0,2.0,2.0,0.09103131294250488
451.0,4.0,4.0,0.2798464298248291
481.0,4.0,4.0,0.29835963249206543
940.0,10.0,10.0,0.5799970626831055
84.0,12.0,12.0,0.055173635482788086
591.0,7.0,7.0,0.3952789306640625
635.0,9.0,9.0,0.3986480236053467
120.0,0.0,0.0,0.07406854629516602
187.0,5.0,5.0,0.11564064025878906
282.0,5.0,5.0,0.1754779815673828
344.0,13.0,13.0,0.21792054176330566
1007.0,15.0,15.0,0.6332452297210693
122.0,5.0,5.0,0.07513785362243652
297.0,7.0,7.0,0.1928846836090088
104.0,5.0,5.0,0.06817221641540527
475.0,12.0,12.0,0.2934532165527344
98.0,3.0,3.0,0.06304502487182617
1180.0,11.0,11.0,0.739527702331543
187.0,5.0,5.0,0.11562013626098633
385.0,12.0,12.0,0.23984050750732422
140.0,1.0,1.0,0.08829069137573242
33.0,0.0,0.0,0.02000284194946289
142.0,2.0,2.0,0.08687472343444824
93.0,1.0,1.0,0.060994863510131836
64.0,5.0,5.0,0.04072690010070801
46.0,0.0,0.0,0.02998661994934082
236.0,1.0,1.0,0.15119266510009766
270.0,3.0,3.0,0.19256997108459473
325.0,9.0,9.0,0.20146393775939941
123.0,3.0,3.0,0.07611703872680664
369.0,7.0,7.0,0.2289257049560547
191.0,2.0,2.0,0.11759686470031738
610.0,7.0,7.0,0.3784360885620117
794.0,18.0,18.0,0.49413251876831055
419.0,11.0,11.0,0.25708770751953125
140.0,0.0,0.0,0.08736920356750488
43.0,0.0,0.0,0.02738213539123535
1442.0,15.0,15.0,0.9244656562805176
251.0,13.0,13.0,0.15499210357666016
174.0,4.0,4.0,0.10800766944885254
463.0,15.0,15.0,0.33097171783447266
367.0,10.0,10.0,0.29062581062316895
35.0,2.0,2.0,0.028339147567749023
218.0,3.0,3.0,0.1557445526123047
32.0,1.0,1.0,0.021053552627563477
395.0,11.0,11.0,0.28895115852355957
595.0,4.0,4.0,0.40867114067077637
85.0,1.0,1.0,0.05676889419555664
54.0,1.0,1.0,0.03399848937988281
71.0,4.0,4.0,0.044523000717163086
130.0,16.0,16.0,0.0871729850769043
726.0,11.0,11.0,0.505929708480835
861.0,15.0,15.0,0.5437109470367432
919.0,15.0,15.0,0.5836355686187744
249.0,9.0,9.0,0.16907215118408203
194.0,2.0,2.0,0.12793493270874023
356.0,10.0,10.0,0.2274951934814453
187.0,4.0,4.0,0.1161491870880127
82.0,9.0,9.0,0.05089235305786133
302.0,5.0,5.0,0.1895747184753418
431.0,6.0,6.0,0.2679300308227539
129.0,9.0,9.0,0.07930350303649902
236.0,12.0,12.0,0.14567780494689941
676.0,9.0,9.0,0.42204737663269043
130.0,2.0,2.0,0.08538126945495605
140.0,7.0,7.0,0.0889425277709961
704.0,10.0,10.0,0.4668083190917969
249.0,3.0,3.0,0.15430450439453125
113.0,0.0,0.0,0.06993770599365234
552.0,3.0,3.0,0.3450915813446045
113.0,5.0,5.0,0.0709836483001709
71.0,6.0,6.0,0.04459881782531738
124.0,7.0,7.0,0.07612776756286621
108.0,5.0,5.0,0.06737589836120605
1366.0,12.0,12.0,0.850776195526123
424.0,13.0,13.0,0.2885160446166992
183.0,1.0,1.0,0.12415862083435059
41.0,1.0,1.0,0.02481555938720703
365.0,4.0,4.0,0.22406554222106934
67.0,6.0,6.0,0.0421905517578125
1125.0,21.0,21.0,0.6979906558990479
105.0,8.0,8.0,0.06968212127685547
205.0,11.0,11.0,0.12678909301757812
604.0,8.0,8.0,0.3716104030609131
475.0,6.0,6.0,0.29827094078063965
31.0,0.0,0.0,0.018558025360107422
604.0,12.0,12.0,0.39504241943359375
293.0,8.0,8.0,0.18300890922546387
55.0,2.0,2.0,0.03450155258178711
40.0,0.0,0.0,0.0244903564453125
298.0,8.0,8.0,0.1843268871307373
334.0,5.0,5.0,0.20785188674926758
118.0,0.0,0.0,0.07345938682556152
207.0,7.0,7.0,0.13156485557556152
231.0,4.0,4.0,0.14291143417358398
507.0,8.0,8.0,0.31841015815734863
306.0,1.0,1.0,0.19444966316223145
317.0,16.0,16.0,0.1943199634552002
709.0,6.0,6.0,0.4585232734680176
164.0,4.0,4.0,0.10091614723205566
109.0,2.0,2.0,0.067962646484375
1569.0,14.0,14.0,0.971337080001831
516.0,6.0,6.0,0.31787753105163574
52.0,5.0,5.0,0.03261423110961914
1592.0,15.0,15.0,1.0202059745788574
780.0,15.0,15.0,0.4960598945617676
128.0,0.0,0.0,0.08008289337158203
550.0,6.0,6.0,0.34898877143859863
1337.0,25.0,25.0,0.8764214515686035
1168.0,14.0,14.0,0.8271219730377197
125.0,3.0,3.0,0.10249090194702148
120.0,9.0,9.0,0.08842086791992188
78.0,7.0,7.0,0.04952096939086914
1179.0,19.0,19.0,0.7911489009857178
154.0,6.0,6.0,0.09795761108398438
177.0,3.0,3.0,0.13274455070495605
351.0,5.0,5.0,0.21759390830993652
340.0,8.0,8.0,0.21081852912902832
1005.0,18.0,18.0,0.6239423751831055
74.0,2.0,2.0,0.045322418212890625
917.0,15.0,15.0,0.5758802890777588
345.0,4.0,4.0,0.2149496078491211
305.0,3.0,3.0,0.18865418434143066
627.0,12.0,12.0,0.41750144958496094
135.0,8.0,8.0,0.08602356910705566
1559.0,22.0,22.0,0.9668848514556885
789.0,13.0,13.0,0.5173354148864746
1101.0,30.0,30.0,0.6914787292480469
373.0,8.0,8.0,0.237748384475708
46.0,1.0,1.0,0.030037879943847656
458.0,2.0,2.0,0.2843000888824463
702.0,9.0,9.0,0.4369168281555176
254.0,3.0,3.0,0.15750503540039062
517.0,1.0,1.0,0.3176896572113037
38.0,0.0,0.0,0.023324251174926758
70.0,3.0,3.0,0.04215383529663086
455.0,6.0,6.0,0.3038616180419922
299.0,5.0,5.0,0.1837317943572998
954.0,11.0,11.0,0.595773458480835
127.0,2.0,2.0,0.07844662666320801
236.0,9.0,9.0,0.14788174629211426
772.0,6.0,6.0,0.47306060791015625
316.0,7.0,7.0,0.19856810569763184
114.0,1.0,1.0,0.07460713386535645
151.0,3.0,3.0,0.09334754943847656
241.0,5.0,5.0,0.149552583694458
466.0,17.0,17.0,0.32166504859924316
43.0,1.0,1.0,0.02623152732849121
458.0,10.0,10.0,0.2836263179779053
391.0,5.0,5.0,0.24279093742370605
91.0,2.0,2.0,0.0623173713684082
218.0,1.0,1.0,0.1418612003326416
574.0,8.0,8.0,0.3556373119354248
1594.0,15.0,15.0,1.0415990352630615
190.0,4.0,4.0,0.11859703063964844
384.0,0.0,0.0,0.2351243495941162
282.0,12.0,12.0,0.174485445022583
228.0,6.0,6.0,0.14218473434448242
162.0,9.0,9.0,0.10210537910461426
110.0,6.0,6.0,0.06841588020324707
105.0,2.0,2.0,0.06448006629943848
427.0,4.0,4.0,0.2648963928222656
656.0,4.0,4.0,0.4062621593475342
210.0,10.0,10.0,0.13379240036010742
372.0,7.0,7.0,0.25046563148498535
796.0,9.0,9.0,0.5567083358764648
208.0,5.0,5.0,0.1292719841003418
54.0,1.0,1.0,0.03991198539733887
119.0,2.0,2.0,0.08952522277832031
1228.0,21.0,21.0,0.8986210823059082
141.0,7.0,7.0,0.09583520889282227
168.0,11.0,11.0,0.10737419128417969
812.0,11.0,11.0,0.5347445011138916
890.0,6.0,6.0,0.5558497905731201
195.0,4.0,4.0,0.11833739280700684
381.0,8.0,8.0,0.2339460849761963
61.0,0.0,0.0,0.03916478157043457
172.0,6.0,6.0,0.1058797836303711
39.0,2.0,2.0,0.024196147918701172
514.0,9.0,9.0,0.3630862236022949
436.0,12.0,12.0,0.2721571922302246
42.0,2.0,2.0,0.0255129337310791
504.0,9.0,9.0,0.33213138580322266
138.0,3.0,3.0,0.08559298515319824
465.0,12.0,12.0,0.28621816635131836
488.0,6.0,6.0,0.3057081699371338
645.0,11.0,11.0,0.3987870216369629
419.0,12.0,12.0,0.26619815826416016
346.0,7.0,7.0,0.21773862838745117
98.0,7.0,7.0,0.06025362014770508
84.0,4.0,4.0,0.054877519607543945
205.0,3.0,3.0,0.12960219383239746
306.0,6.0,6.0,0.21155619621276855
260.0,6.0,6.0,0.1677563190460205
176.0,4.0,4.0,0.10866260528564453
244.0,9.0,9.0,0.1560523509979248
430.0,17.0,17.0,0.26655101776123047
210.0,1.0,1.0,0.12862563133239746
157.0,3.0,3.0,0.09780335426330566
59.0,3.0,3.0,0.03651833534240723
32.0,0.0,0.0,0.019785642623901367
483.0,19.0,19.0,0.301649808883667
376.0,14.0,14.0,0.23379993438720703
428.0,7.0,7.0,0.26297450065612793
76.0,2.0,2.0,0.046732425689697266
517.0,4.0,4.0,0.34177565574645996
266.0,2.0,2.0,0.1741173267364502
770.0,13.0,13.0,0.47541117668151855
355.0,4.0,4.0,0.2208859920501709
197.0,12.0,12.0,0.13042140007019043
273.0,10.0,10.0,0.17286109924316406
108.0,9.0,9.0,0.06585144996643066
381.0,4.0,4.0,0.2351071834564209
67.0,2.0,2.0,0.04138374328613281
169.0,1.0,1.0,0.11068010330200195
42.0,0.0,0.0,0.026392221450805664
332.0,11.0,11.0,0.20337271690368652
285.0,7.0,7.0,0.1783444881439209
693.0,5.0,5.0,0.4563021659851074
938.0,14.0,14.0,0.5817692279815674
546.0,3.0,3.0,0.33817028999328613
119.0,3.0,3.0,0.07384657859802246
1328.0,17.0,17.0,0.8689029216766357
123.0,6.0,6.0,0.09235811233520508
348.0,5.0,5.0,0.224931001663208
835.0,11.0,11.0,0.5190021991729736
451.0,5.0,5.0,0.27744078636169434
157.0,6.0,6.0,0.0966944694519043
123.0,3.0,3.0,0.07436704635620117
589.0,12.0,12.0,0.3815739154815674
61.0,4.0,4.0,0.0366208553314209
337.0,5.0,5.0,0.20738983154296875
967.0,12.0,12.0,0.6124527454376221
836.0,16.0,16.0,0.5368766784667969
779.0,9.0,9.0,0.5474340915679932
1023.0,8.0,8.0,0.729412317276001
190.0,6.0,6.0,0.14240789413452148
113.0,7.0,7.0,0.08443927764892578
76.0,2.0,2.0,0.04651784896850586
693.0,15.0,15.0,0.46662116050720215
331.0,6.0,6.0,0.20799922943115234
126.0,8.0,8.0,0.08083796501159668
700.0,23.0,23.0,0.4370748996734619
438.0,8.0,8.0,0.27050328254699707
1319.0,16.0,16.0,0.8406171798706055
287.0,2.0,2.0,0.17976903915405273
112.0,9.0,9.0,0.07025551795959473
149.0,5.0,5.0,0.09309077262878418
407.0,7.0,7.0,0.25056004524230957
170.0,6.0,6.0,0.10410833358764648
552.0,6.0,6.0,0.34173083305358887
325.0,10.0,10.0,0.20430493354797363
628.0,17.0,17.0,0.39292335510253906
198.0,7.0,7.0,0.12209939956665039
558.0,16.0,16.0,0.3820619583129883
408.0,8.0,8.0,0.25440430641174316
192.0,3.0,3.0,0.1210181713104248
277.0,6.0,6.0,0.17301678657531738
120.0,4.0,4.0,0.07308578491210938
469.0,5.0,5.0,0.2874598503112793
467.0,6.0,6.0,0.28787875175476074
892.0,19.0,19.0,0.5631906986236572
1229.0,16.0,16.0,0.7838327884674072
308.0,5.0,5.0,0.18957304954528809
354.0,16.0,16.0,0.2189955711364746
141.0,8.0,8.0,0.08779597282409668
132.0,0.0,0.0,0.08224606513977051
467.0,13.0,13.0,0.2923760414123535
127.0,4.0,4.0,0.07899904251098633
264.0,5.0,5.0,0.16579627990722656
565.0,12.0,12.0,0.3502497673034668
335.0,6.0,6.0,0.23229074478149414
533.0,18.0,18.0,0.33167457580566406
607.0,7.0,7.0,0.37716197967529297
66.0,7.0,7.0,0.041669368743896484
402.0,5.0,5.0,0.25119471549987793
250.0,1.0,1.0,0.15554332733154297
749.0,12.0,12.0,0.46802377700805664
499.0,12.0,12.0,0.3150017261505127
198.0,1.0,1.0,0.14153599739074707
973.0,11.0,11.0,0.6091873645782471
226.0,2.0,2.0,0.14121532440185547
62.0,0.0,0.0,0.04009747505187988
596.0,13.0,13.0,0.36937856674194336
914.0,7.0,7.0,0.5713663101196289
1507.0,21.0,21.0,0.9609565734863281
99.0,0.0,0.0,0.06113481521606445
166.0,8.0,8.0,0.10801863670349121
87.0,7.0,7.0,0.06715250015258789
1387.0,18.0,18.0,0.9138762950897217
657.0,6.0,6.0,0.49101901054382324
303.0,6.0,6.0,0.22213482856750488
441.0,11.0,11.0,0.2835729122161865
117.0,1.0,1.0,0.07171368598937988
279.0,1.0,1.0,0.18523025512695312
103.0,14.0,14.0,0.06686663627624512
226.0,12.0,12.0,0.1508638858795166
1715.0,19.0,19.0,1.0872373580932617
354.0,12.0,12.0,0.2697103023529053
159.0,1.0,1.0,0.10175466537475586
176.0,10.0,10.0,0.10904240608215332
547.0,5.0,5.0,0.3534722328186035
1259.0,14.0,14.0,0.784998893737793
153.0,11.0,11.0,0.09694981575012207
765.0,10.0,10.0,0.4725344181060791
616.0,14.0,14.0,0.42697596549987793
90.0,2.0,2.0,0.05978751182556152
81.0,0.0,0.0,0.05019950866699219
476.0,9.0,9.0,0.29347944259643555
624.0,4.0,4.0,0.3899071216583252
102.0,5.0,5.0,0.061429500579833984
94.0,2.0,2.0,0.05950927734375
619.0,8.0,8.0,0.3820457458496094
549.0,7.0,7.0,0.3476121425628662
151.0,1.0,1.0,0.09429144859313965
852.0,5.0,5.0,0.5569183826446533
213.0,7.0,7.0,0.12948250770568848
60.0,2.0,2.0,0.039496660232543945
504.0,4.0,4.0,0.32628893852233887
164.0,4.0,4.0,0.10067367553710938
328.0,9.0,9.0,0.251711368560791
394.0,8.0,8.0,0.24474549293518066
178.0,14.0,14.0,0.10961508750915527
224.0,9.0,9.0,0.14220070838928223
920.0,15.0,15.0,0.6027097702026367
1190.0,32.0,32.0,0.7352807521820068
227.0,11.0,11.0,0.14836740493774414
98.0,6.0,6.0,0.06498146057128906
269.0,7.0,7.0,0.16866469383239746
826.0,11.0,11.0,0.5114569664001465
54.0,6.0,6.0,0.034371137619018555
123.0,1.0,1.0,0.07788443565368652
129.0,2.0,2.0,0.08289790153503418
75.0,0.0,0.0,0.04607224464416504
958.0,15.0,15.0,0.6135375499725342
1081.0,11.0,11.0,0.6834254264831543
289.0,2.0,2.0,0.1827225685119629
249.0,9.0,9.0,0.15380311012268066
1125.0,24.0,24.0,0.6999170780181885
922.0,17.0,17.0,0.5858705043792725
342.0,13.0,13.0,0.21306753158569336
252.0,2.0,2.0,0.15651822090148926
1073.0,22.0,22.0,0.6734268665313721
115.0,9.0,9.0,0.06949067115783691
38.0,0.0,0.0,0.02369832992553711
151.0,8.0,8.0,0.09308552742004395
473.0,9.0,9.0,0.3081238269805908
704.0,7.0,7.0,0.4933896064758301
496.0,11.0,11.0,0.3597695827484131
543.0,13.0,13.0,0.3458561897277832
87.0,10.0,10.0,0.06677770614624023
411.0,11.0,11.0,0.30682873725891113
623.0,9.0,9.0,0.4080851078033447
847.0,15.0,15.0,0.5646648406982422
969.0,28.0,28.0,0.613304853439331
172.0,7.0,7.0,0.1080315113067627
773.0,13.0,13.0,0.4872620105743408
122.0,3.0,3.0,0.07808446884155273
1228.0,19.0,19.0,0.785982608795166
138.0,12.0,12.0,0.08524346351623535
204.0,11.0,11.0,0.12715578079223633
211.0,1.0,1.0,0.1368241310119629
291.0,8.0,8.0,0.1800398826599121
368.0,16.0,16.0,0.23989081382751465
311.0,7.0,7.0,0.18900799751281738
633.0,5.0,5.0,0.4002835750579834
276.0,6.0,6.0,0.17481637001037598
1489.0,13.0,13.0,0.9432206153869629
58.0,1.0,1.0,0.035840511322021484
1180.0,10.0,10.0,0.7541849613189697
64.0,1.0,1.0,0.038491010665893555
329.0,5.0,5.0,0.20313596725463867
122.0,7.0,7.0,0.07571244239807129
127.0,2.0,2.0,0.07963800430297852
232.0,10.0,10.0,0.14191031455993652
148.0,1.0,1.0,0.09440445899963379
64.0,4.0,4.0,0.03899884223937988
586.0,10.0,10.0,0.3800332546234131
435.0,20.0,20.0,0.2656056880950928
220.0,3.0,3.0,0.13829278945922852
550.0,12.0,12.0,0.3429067134857178
135.0,10.0,10.0,0.08542370796203613
230.0,11.0,11.0,0.14258909225463867
1197.0,16.0,16.0,0.742466926574707
739.0,8.0,8.0,0.4903707504272461
637.0,6.0,6.0,0.39748144149780273
310.0,27.0,27.0,0.19679546356201172
53.0,0.0,0.0,0.0338132381439209
210.0,4.0,4.0,0.13305354118347168
129.0,6.0,6.0,0.08193588256835938
438.0,9.0,9.0,0.27194643020629883
1014.0,14.0,14.0,0.6352741718292236
215.0,5.0,5.0,0.13391470909118652
237.0,3.0,3.0,0.15882277488708496
75.0,1.0,1.0,0.05494379997253418
1035.0,16.0,16.0,0.6554217338562012
401.0,8.0,8.0,0.2465524673461914
344.0,4.0,4.0,0.21396112442016602
152.0,3.0,3.0,0.0948331356048584
416.0,14.0,14.0,0.25592494010925293
518.0,9.0,9.0,0.33765578269958496
241.0,3.0,3.0,0.15105605125427246
244.0,7.0,7.0,0.15596556663513184
75.0,1.0,1.0,0.05200505256652832
368.0,13.0,13.0,0.2515451908111572
452.0,13.0,13.0,0.3120424747467041
247.0,7.0,7.0,0.16047120094299316
1393.0,11.0,11.0,0.9760565757751465
193.0,6.0,6.0,0.14878511428833008
589.0,10.0,10.0,0.4025397300720215
348.0,10.0,10.0,0.22921156883239746
51.0,0.0,0.0,0.03552746772766113
385.0,3.0,3.0,0.2385718822479248
118.0,1.0,1.0,0.07474708557128906
177.0,5.0,5.0,0.11153388023376465
172.0,1.0,1.0,0.1064140796661377
425.0,8.0,8.0,0.259946346282959
123.0,7.0,7.0,0.0782163143157959
71.0,4.0,4.0,0.04371047019958496
116.0,3.0,3.0,0.07163381576538086
152.0,8.0,8.0,0.09338521957397461
480.0,11.0,11.0,0.30116820335388184
727.0,14.0,14.0,0.4721219539642334
150.0,4.0,4.0,0.09940195083618164
346.0,8.0,8.0,0.21003437042236328
168.0,1.0,1.0,0.10452151298522949
869.0,14.0,14.0,0.5396838188171387
425.0,16.0,16.0,0.2626614570617676
816.0,14.0,14.0,0.5037510395050049
288.0,5.0,5.0,0.17682671546936035
697.0,10.0,10.0,0.4488494396209717
402.0,5.0,5.0,0.24377679824829102
72.0,5.0,5.0,0.04475998878479004
102.0,4.0,4.0,0.06255173683166504
735.0,9.0,9.0,0.46242189407348633
489.0,5.0,5.0,0.3032979965209961
87.0,11.0,11.0,0.06365227699279785
527.0,7.0,7.0,0.32648515701293945
217.0,0.0,0.0,0.13480401039123535
1013.0,11.0,11.0,0.6556181907653809
218.0,1.0,1.0,0.1339421272277832
221.0,0.0,0.0,0.14741206169128418
64.0,3.0,3.0,0.04062199592590332
603.0,8.0,8.0,0.38794922828674316
341.0,13.0,13.0,0.22216320037841797
432.0,0.0,0.0,0.2657449245452881
113.0,2.0,2.0,0.06901264190673828
96.0,4.0,4.0,0.06175684928894043
110.0,1.0,1.0,0.06899666786193848
1016.0,7.0,7.0,0.660881757736206
153.0,4.0,4.0,0.0940697193145752
636.0,3.0,3.0,0.3941981792449951
305.0,7.0,7.0,0.18969964981079102
358.0,9.0,9.0,0.22261333465576172
1708.0,34.0,34.0,1.094057559967041
332.0,1.0,1.0,0.2353687286376953
106.0,2.0,2.0,0.0640559196472168
249.0,5.0,5.0,0.16142606735229492
372.0,7.0,7.0,0.2783701419830322
477.0,6.0,6.0,0.30169034004211426
968.0,21.0,21.0,0.6151127815246582
948.0,15.0,15.0,0.6182539463043213
280.0,7.0,7.0,0.1779639720916748
68.0,6.0,6.0,0.04099416732788086
721.0,17.0,17.0,0.44822144508361816
280.0,14.0,14.0,0.17738652229309082
67.0,4.0,4.0,0.044370174407958984
357.0,8.0,8.0,0.2439415454864502
380.0,29.0,29.0,0.23449254035949707
1030.0,15.0,15.0,0.6901564598083496
379.0,2.0,2.0,0.28159356117248535
215.0,4.0,4.0,0.16132855415344238
351.0,1.0,1.0,0.24310612678527832
1522.0,28.0,28.0,0.986299991607666
491.0,10.0,10.0,0.3016786575317383
66.0,2.0,2.0,0.04256629943847656
242.0,8.0,8.0,0.14999866485595703
331.0,9.0,9.0,0.2284848690032959
368.0,12.0,12.0,0.2281637191772461
153.0,9.0,9.0,0.09435749053955078
307.0,6.0,6.0,0.20023345947265625
510.0,9.0,9.0,0.31722235679626465
103.0,1.0,1.0,0.06405925750732422
1622.0,19.0,19.0,1.0011122226715088
686.0,13.0,13.0,0.44310569763183594
284.0,8.0,8.0,0.1812272071838379
1224.0,17.0,17.0,0.7531230449676514
422.0,3.0,3.0,0.262134313583374
103.0,1.0,1.0,0.06370878219604492
623.0,10.0,10.0,0.38440752029418945
218.0,10.0,10.0,0.13853168487548828
236.0,5.0,5.0,0.16646194458007812
638.0,10.0,10.0,0.3973958492279053
112.0,3.0,3.0,0.06966543197631836
204.0,4.0,4.0,0.12802386283874512
379.0,13.0,13.0,0.2349557876586914
152.0,1.0,1.0,0.09291458129882812
62.0,7.0,7.0,0.038902997970581055
586.0,5.0,5.0,0.36072659492492676
164.0,6.0,6.0,0.10261797904968262
143.0,7.0,7.0,0.0875861644744873
202.0,5.0,5.0,0.12414073944091797
404.0,8.0,8.0,0.25853967666625977
779.0,7.0,7.0,0.5097396373748779
234.0,7.0,7.0,0.14276361465454102
250.0,9.0,9.0,0.15612554550170898
708.0,8.0,8.0,0.44288015365600586
558.0,2.0,2.0,0.3711690902709961
66.0,2.0,2.0,0.04179525375366211
999.0,18.0,18.0,0.6285483837127686
57.0,0.0,0.0,0.03599071502685547
766.0,14.0,14.0,0.4947783946990967
94.0,1.0,1.0,0.05864691734313965
763.0,16.0,16.0,0.47748637199401855
561.0,8.0,8.0,0.34528613090515137
213.0,0.0,0.0,0.13576340675354004
205.0,8.0,8.0,0.12606215476989746
617.0,14.0,14.0,0.38301801681518555
474.0,6.0,6.0,0.3107774257659912
47.0,0.0,0.0,0.033301591873168945
470.0,8.0,8.0,0.2898445129394531
548.0,10.0,10.0,0.33396315574645996
246.0,2.0,2.0,0.15236401557922363
280.0,1.0,1.0,0.1725313663482666
146.0,4.0,4.0,0.08893990516662598
98.0,11.0,11.0,0.062203168869018555
164.0,5.0,5.0,0.10147523880004883
1016.0,16.0,16.0,0.6836080551147461
286.0,5.0,5.0,0.21523308753967285
377.0,14.0,14.0,0.24409079551696777
106.0,8.0,8.0,0.07054734230041504
378.0,2.0,2.0,0.24829483032226562
451.0,7.0,7.0,0.3012545108795166
197.0,7.0,7.0,0.14098286628723145
196.0,7.0,7.0,0.13532066345214844
429.0,7.0,7.0,0.2756049633026123
83.0,3.0,3.0,0.05852556228637695
243.0,5.0,5.0,0.1500992774963379
1607.0,29.0,29.0,1.030691146850586
218.0,4.0,4.0,0.1360301971435547
285.0,1.0,1.0,0.18076062202453613
70.0,8.0,8.0,0.04312539100646973
531.0,8.0,8.0,0.3287386894226074
552.0,6.0,6.0,0.34588027000427246
286.0,17.0,17.0,0.17666053771972656
267.0,7.0,7.0,0.16422128677368164
345.0,6.0,6.0,0.21117711067199707
108.0,8.0,8.0,0.07372093200683594
192.0,5.0,5.0,0.13079333305358887
814.0,14.0,14.0,0.5068364143371582
88.0,7.0,7.0,0.05333280563354492
1331.0,18.0,18.0,0.8214550018310547
167.0,7.0,7.0,0.10264301300048828
544.0,6.0,6.0,0.33289289474487305
237.0,1.0,1.0,0.1464524269104004
788.0,14.0,14.0,0.5337569713592529
82.0,5.0,5.0,0.04952716827392578
145.0,3.0,3.0,0.08695721626281738
591.0,15.0,15.0,0.36490702629089355
201.0,12.0,12.0,0.13548040390014648
179.0,6.0,6.0,0.11110353469848633
152.0,3.0,3.0,0.09768009185791016
69.0,6.0,6.0,0.04566693305969238
300.0,4.0,4.0,0.19095683097839355
148.0,2.0,2.0,0.09576177597045898
396.0,4.0,4.0,0.25962400436401367
323.0,3.0,3.0,0.2011106014251709
462.0,19.0,19.0,0.3151845932006836
46.0,1.0,1.0,0.02807784080505371
469.0,7.0,7.0,0.3065764904022217
122.0,5.0,5.0,0.07609033584594727
553.0,9.0,9.0,0.3425586223602295
366.0,8.0,8.0,0.23253965377807617
219.0,4.0,4.0,0.13505148887634277
362.0,0.0,0.0,0.23694872856140137
132.0,6.0,6.0,0.0824577808380127
115.0,2.0,2.0,0.07145524024963379
90.0,4.0,4.0,0.058931827545166016
480.0,2.0,2.0,0.30907368659973145
378.0,13.0,13.0,0.30205488204956055
75.0,5.0,5.0,0.05227088928222656
427.0,4.0,4.0,0.2964136600494385
352.0,4.0,4.0,0.231842041015625
134.0,8.0,8.0,0.0899043083190918
693.0,12.0,12.0,0.49463367462158203
988.0,13.0,13.0,0.6683354377746582
510.0,11.0,11.0,0.33034491539001465
174.0,7.0,7.0,0.11150717735290527
113.0,2.0,2.0,0.07207226753234863
417.0,6.0,6.0,0.259570837020874
146.0,4.0,4.0,0.09222841262817383
223.0,6.0,6.0,0.14468097686767578
36.0,3.0,3.0,0.022097349166870117
331.0,15.0,15.0,0.20450067520141602
53.0,0.0,0.0,0.03200554847717285
136.0,7.0,7.0,0.08390045166015625
752.0,5.0,5.0,0.4822108745574951
309.0,8.0,8.0,0.20661568641662598
208.0,9.0,9.0,0.13115692138671875
67.0,1.0,1.0,0.047800302505493164
706.0,18.0,18.0,0.4911065101623535
362.0,4.0,4.0,0.25823354721069336
405.0,6.0,6.0,0.29799747467041016
64.0,0.0,0.0,0.04511547088623047
609.0,15.0,15.0,0.4180004596710205
408.0,8.0,8.0,0.2761819362640381
259.0,4.0,4.0,0.17677831649780273
736.0,15.0,15.0,0.4956667423248291
76.0,4.0,4.0,0.05063128471374512
338.0,10.0,10.0,0.2163257598876953
211.0,5.0,5.0,0.13802170753479004
291.0,2.0,2.0,0.1783311367034912
165.0,3.0,3.0,0.1022183895111084
1086.0,18.0,18.0,0.6971557140350342
87.0,0.0,0.0,0.05948376655578613
99.0,0.0,0.0,0.059267282485961914
101.0,3.0,3.0,0.06101703643798828
774.0,21.0,21.0,0.4990971088409424
136.0,7.0,7.0,0.0893867015838623
42.0,3.0,3.0,0.02729511260986328
308.0,5.0,5.0,0.20267868041992188
1681.0,24.0,24.0,1.0566322803497314
1045.0,10.0,10.0,0.6925923824310303
259.0,3.0,3.0,0.18161392211914062
231.0,6.0,6.0,0.14075970649719238
381.0,10.0,10.0,0.23359227180480957
974.0,8.0,8.0,0.6054956912994385
337.0,5.0,5.0,0.2159733772277832
127.0,3.0,3.0,0.07988548278808594
322.0,2.0,2.0,0.19960880279541016
515.0,10.0,10.0,0.32368016242980957
1191.0,5.0,5.0,0.787238359451294
708.0,16.0,16.0,0.45067834854125977
1380.0,14.0,14.0,0.8629946708679199
252.0,0.0,0.0,0.15657734870910645
91.0,0.0,0.0,0.057425498962402344
823.0,14.0,14.0,0.5465478897094727
62.0,2.0,2.0,0.03996753692626953
363.0,11.0,11.0,0.23186755180358887
90.0,8.0,8.0,0.05542302131652832
154.0,3.0,3.0,0.09643816947937012
85.0,2.0,2.0,0.05264616012573242
437.0,7.0,7.0,0.2713298797607422
584.0,16.0,16.0,0.3615245819091797
1253.0,20.0,20.0,0.8169763088226318
70.0,3.0,3.0,0.04880976676940918
2737.0,43.0,43.0,1.8334627151489258
819.0,9.0,9.0,0.7017948627471924
203.0,8.0,8.0,0.13436412811279297
193.0,2.0,2.0,0.125199556350708
