Timesteps,Collisions,Steps Waited,Real-Time Elapsed
65.0,3.0,3.0,0.021575450897216797
19.0,2.0,2.0,0.00693964958190918
12.0,1.0,1.0,0.004961729049682617
23.0,4.0,4.0,0.009920835494995117
15.0,1.0,1.0,0.006087064743041992
14.0,1.0,1.0,0.005253314971923828
77.0,16.0,16.0,0.027100801467895508
75.0,4.0,4.0,0.022149085998535156
70.0,8.0,8.0,0.01906132698059082
14.0,1.0,1.0,0.0035369396209716797
19.0,2.0,2.0,0.004999399185180664
71.0,4.0,4.0,0.020069122314453125
38.0,2.0,2.0,0.011005640029907227
12.0,0.0,0.0,0.0037419795989990234
16.0,1.0,1.0,0.00475621223449707
64.0,6.0,6.0,0.020295381546020508
30.0,2.0,2.0,0.009000778198242188
59.0,5.0,5.0,0.017008543014526367
22.0,3.0,3.0,0.008847236633300781
23.0,0.0,0.0,0.00969386100769043
36.0,6.0,6.0,0.011352777481079102
16.0,3.0,3.0,0.008358001708984375
52.0,2.0,2.0,0.026688575744628906
89.0,9.0,9.0,0.026000261306762695
22.0,6.0,6.0,0.007004499435424805
22.0,3.0,3.0,0.0059964656829833984
43.0,3.0,3.0,0.013126850128173828
73.0,13.0,13.0,0.021729230880737305
44.0,5.0,5.0,0.013849258422851562
27.0,1.0,1.0,0.00699615478515625
22.0,1.0,1.0,0.005002498626708984
12.0,0.0,0.0,0.003516674041748047
29.0,0.0,0.0,0.009052038192749023
16.0,4.0,4.0,0.00400233268737793
20.0,0.0,0.0,0.005005359649658203
20.0,0.0,0.0,0.006559610366821289
14.0,2.0,2.0,0.004004955291748047
14.0,1.0,1.0,0.003996610641479492
23.0,3.0,3.0,0.00589752197265625
18.0,0.0,0.0,0.004514455795288086
55.0,3.0,3.0,0.014699459075927734
16.0,3.0,3.0,0.0039975643157958984
77.0,7.0,7.0,0.024680137634277344
22.0,3.0,3.0,0.008008718490600586
11.0,0.0,0.0,0.00299835205078125
66.0,13.0,13.0,0.020023107528686523
25.0,4.0,4.0,0.00757598876953125
49.0,7.0,7.0,0.021012067794799805
28.0,2.0,2.0,0.014001131057739258
33.0,4.0,4.0,0.015818119049072266
32.0,5.0,5.0,0.013907432556152344
20.0,1.0,1.0,0.0064809322357177734
80.0,10.0,10.0,0.03263401985168457
26.0,2.0,2.0,0.013403177261352539
33.0,2.0,2.0,0.013535737991333008
12.0,1.0,1.0,0.006750822067260742
16.0,2.0,2.0,0.006203413009643555
25.0,4.0,4.0,0.011111259460449219
15.0,1.0,1.0,0.0042989253997802734
35.0,4.0,4.0,0.014022588729858398
34.0,5.0,5.0,0.011677742004394531
72.0,15.0,15.0,0.026112079620361328
85.0,12.0,12.0,0.026036977767944336
21.0,1.0,1.0,0.005007505416870117
96.0,4.0,4.0,0.02737283706665039
76.0,7.0,7.0,0.023026227951049805
31.0,5.0,5.0,0.010357856750488281
34.0,8.0,8.0,0.009212493896484375
29.0,2.0,2.0,0.00800180435180664
40.0,4.0,4.0,0.012637853622436523
82.0,10.0,10.0,0.031273603439331055
20.0,2.0,2.0,0.006005048751831055
18.0,2.0,2.0,0.006010770797729492
12.0,1.0,1.0,0.003756999969482422
20.0,1.0,1.0,0.027383804321289062
47.0,6.0,6.0,0.016413211822509766
19.0,5.0,5.0,0.0066890716552734375
40.0,1.0,1.0,0.010996341705322266
24.0,1.0,1.0,0.006349802017211914
34.0,6.0,6.0,0.008999824523925781
65.0,12.0,12.0,0.018004179000854492
22.0,1.0,1.0,0.006561994552612305
14.0,1.0,1.0,0.003000497817993164
45.0,7.0,7.0,0.012264728546142578
14.0,0.0,0.0,0.004080772399902344
12.0,0.0,0.0,0.0029976367950439453
66.0,6.0,6.0,0.018519878387451172
19.0,1.0,1.0,0.0050716400146484375
15.0,0.0,0.0,0.004180908203125
31.0,2.0,2.0,0.008018970489501953
60.0,4.0,4.0,0.017494916915893555
55.0,6.0,6.0,0.015323400497436523
19.0,2.0,2.0,0.00469660758972168
20.0,0.0,0.0,0.005998373031616211
72.0,5.0,5.0,0.020262479782104492
22.0,4.0,4.0,0.0070035457611083984
62.0,8.0,8.0,0.021174192428588867
21.0,1.0,1.0,0.008048772811889648
16.0,1.0,1.0,0.0065038204193115234
14.0,0.0,0.0,0.005015134811401367
88.0,18.0,18.0,0.0254974365234375
161.0,13.0,13.0,0.04317831993103027
14.0,1.0,1.0,0.004536628723144531
51.0,9.0,9.0,0.01920485496520996
83.0,11.0,11.0,0.02353382110595703
20.0,5.0,5.0,0.005007743835449219
43.0,4.0,4.0,0.010999202728271484
12.0,0.0,0.0,0.0029976367950439453
59.0,4.0,4.0,0.016506671905517578
58.0,11.0,11.0,0.01590132713317871
36.0,2.0,2.0,0.009524345397949219
41.0,5.0,5.0,0.01403188705444336
40.0,3.0,3.0,0.016272306442260742
23.0,3.0,3.0,0.0063550472259521484
25.0,3.0,3.0,0.009437322616577148
14.0,1.0,1.0,0.005143880844116211
44.0,1.0,1.0,0.014574766159057617
44.0,3.0,3.0,0.012493133544921875
40.0,0.0,0.0,0.011345624923706055
21.0,2.0,2.0,0.007000446319580078
29.0,4.0,4.0,0.008068561553955078
87.0,8.0,8.0,0.023833274841308594
21.0,0.0,0.0,0.005114078521728516
18.0,4.0,4.0,0.0050013065338134766
21.0,0.0,0.0,0.006056070327758789
33.0,3.0,3.0,0.009963035583496094
29.0,3.0,3.0,0.008510351181030273
36.0,1.0,1.0,0.010363340377807617
38.0,1.0,1.0,0.011162996292114258
193.0,19.0,19.0,0.058959007263183594
27.0,0.0,0.0,0.00873112678527832
12.0,0.0,0.0,0.003998279571533203
12.0,0.0,0.0,0.0030062198638916016
65.0,5.0,5.0,0.02203845977783203
21.0,0.0,0.0,0.006349802017211914
23.0,0.0,0.0,0.0068056583404541016
12.0,1.0,1.0,0.003994941711425781
40.0,3.0,3.0,0.011694192886352539
128.0,18.0,18.0,0.04491543769836426
49.0,3.0,3.0,0.019707202911376953
53.0,7.0,7.0,0.01890110969543457
37.0,7.0,7.0,0.012519598007202148
24.0,1.0,1.0,0.006997823715209961
38.0,8.0,8.0,0.012233495712280273
39.0,6.0,6.0,0.014765262603759766
38.0,2.0,2.0,0.013035297393798828
15.0,2.0,2.0,0.00399470329284668
40.0,1.0,1.0,0.011999845504760742
18.0,5.0,5.0,0.00500178337097168
55.0,0.0,0.0,0.01600503921508789
27.0,3.0,3.0,0.008551836013793945
42.0,6.0,6.0,0.01253056526184082
13.0,1.0,1.0,0.002997875213623047
74.0,12.0,12.0,0.02736210823059082
12.0,1.0,1.0,0.0030012130737304688
93.0,4.0,4.0,0.029308795928955078
12.0,0.0,0.0,0.0029947757720947266
33.0,0.0,0.0,0.008559703826904297
68.0,4.0,4.0,0.019757747650146484
31.0,3.0,3.0,0.009975194931030273
54.0,6.0,6.0,0.016813993453979492
44.0,9.0,9.0,0.011001110076904297
53.0,14.0,14.0,0.015583038330078125
17.0,0.0,0.0,0.0054721832275390625
22.0,1.0,1.0,0.006998300552368164
68.0,8.0,8.0,0.019190311431884766
95.0,12.0,12.0,0.027510881423950195
15.0,1.0,1.0,0.005236148834228516
17.0,0.0,0.0,0.005000591278076172
12.0,1.0,1.0,0.003000974655151367
14.0,1.0,1.0,0.00599980354309082
16.0,2.0,2.0,0.00500035285949707
33.0,7.0,7.0,0.009034156799316406
68.0,2.0,2.0,0.020999908447265625
44.0,3.0,3.0,0.013039827346801758
39.0,9.0,9.0,0.011585474014282227
73.0,11.0,11.0,0.020999908447265625
43.0,7.0,7.0,0.01600027084350586
14.0,1.0,1.0,0.005000114440917969
62.0,6.0,6.0,0.01699995994567871
132.0,22.0,22.0,0.03563237190246582
49.0,3.0,3.0,0.014000177383422852
22.0,2.0,2.0,0.00599980354309082
44.0,3.0,3.0,0.011999845504760742
40.0,5.0,5.0,0.009999990463256836
53.0,3.0,3.0,0.015000104904174805
36.0,3.0,3.0,0.014043807983398438
20.0,3.0,3.0,0.0069997310638427734
23.0,2.0,2.0,0.0065860748291015625
11.0,0.0,0.0,0.0030002593994140625
33.0,0.0,0.0,0.008999824523925781
43.0,7.0,7.0,0.013000249862670898
27.0,1.0,1.0,0.0070002079010009766
57.0,12.0,12.0,0.01699995994567871
18.0,0.0,0.0,0.005000114440917969
153.0,10.0,10.0,0.04663252830505371
29.0,3.0,3.0,0.00899958610534668
31.0,5.0,5.0,0.011999845504760742
65.0,6.0,6.0,0.01699995994567871
41.0,2.0,2.0,0.020999908447265625
19.0,2.0,2.0,0.009993553161621094
29.0,0.0,0.0,0.010484457015991211
132.0,21.0,21.0,0.04640698432922363
34.0,5.0,5.0,0.009415149688720703
61.0,5.0,5.0,0.018680810928344727
20.0,0.0,0.0,0.007056713104248047
31.0,0.0,0.0,0.011574983596801758
46.0,3.0,3.0,0.013756036758422852
29.0,3.0,3.0,0.009720802307128906
21.0,2.0,2.0,0.006766080856323242
17.0,1.0,1.0,0.004997968673706055
52.0,6.0,6.0,0.013524532318115234
26.0,5.0,5.0,0.006995201110839844
17.0,1.0,1.0,0.005006551742553711
46.0,7.0,7.0,0.012989521026611328
33.0,1.0,1.0,0.008870840072631836
12.0,1.0,1.0,0.0029985904693603516
85.0,7.0,7.0,0.02553391456604004
16.0,0.0,0.0,0.005004167556762695
21.0,5.0,5.0,0.0060002803802490234
20.0,0.0,0.0,0.0047283172607421875
14.0,2.0,2.0,0.004004001617431641
14.0,1.0,1.0,0.0039975643157958984
11.0,0.0,0.0,0.0029993057250976562
63.0,8.0,8.0,0.018240690231323242
27.0,3.0,3.0,0.0076825618743896484
29.0,0.0,0.0,0.007999658584594727
13.0,3.0,3.0,0.003400087356567383
13.0,0.0,0.0,0.0036323070526123047
23.0,1.0,1.0,0.008749723434448242
121.0,12.0,12.0,0.03455066680908203
17.0,4.0,4.0,0.004999876022338867
65.0,5.0,5.0,0.0169069766998291
16.0,0.0,0.0,0.004530191421508789
21.0,7.0,7.0,0.006000041961669922
80.0,7.0,7.0,0.02225971221923828
65.0,15.0,15.0,0.017998218536376953
53.0,7.0,7.0,0.014512062072753906
122.0,8.0,8.0,0.03762221336364746
66.0,12.0,12.0,0.019999980926513672
53.0,3.0,3.0,0.015000343322753906
33.0,3.0,3.0,0.01100015640258789
17.0,1.0,1.0,0.00599980354309082
23.0,3.0,3.0,0.007999897003173828
44.0,2.0,2.0,0.013042688369750977
20.0,4.0,4.0,0.0060002803802490234
22.0,2.0,2.0,0.0065898895263671875
29.0,7.0,7.0,0.007999897003173828
13.0,0.0,0.0,0.004999637603759766
32.0,3.0,3.0,0.009000301361083984
49.0,5.0,5.0,0.013999462127685547
45.0,4.0,4.0,0.017000198364257812
53.0,11.0,11.0,0.01771092414855957
14.0,3.0,3.0,0.005006313323974609
29.0,3.0,3.0,0.009052276611328125
22.0,2.0,2.0,0.007040739059448242
11.0,1.0,1.0,0.003996849060058594
21.0,4.0,4.0,0.006649494171142578
14.0,2.0,2.0,0.004785299301147461
14.0,2.0,2.0,0.004345893859863281
13.0,3.0,3.0,0.003983736038208008
42.0,6.0,6.0,0.01209402084350586
29.0,0.0,0.0,0.010603666305541992
107.0,11.0,11.0,0.031851768493652344
113.0,11.0,11.0,0.03223228454589844
23.0,6.0,6.0,0.006125688552856445
129.0,8.0,8.0,0.03482484817504883
21.0,1.0,1.0,0.006682395935058594
108.0,14.0,14.0,0.030112504959106445
43.0,6.0,6.0,0.014921426773071289
19.0,1.0,1.0,0.005610227584838867
17.0,1.0,1.0,0.00448155403137207
23.0,4.0,4.0,0.006119251251220703
44.0,4.0,4.0,0.012382745742797852
27.0,3.0,3.0,0.006384611129760742
91.0,5.0,5.0,0.02612590789794922
40.0,7.0,7.0,0.011278867721557617
21.0,2.0,2.0,0.006128787994384766
62.0,17.0,17.0,0.027070283889770508
12.0,0.0,0.0,0.0063877105712890625
39.0,4.0,4.0,0.012502908706665039
36.0,2.0,2.0,0.010116100311279297
14.0,2.0,2.0,0.004775285720825195
15.0,0.0,0.0,0.0070569515228271484
94.0,14.0,14.0,0.033087730407714844
11.0,0.0,0.0,0.0030035972595214844
31.0,8.0,8.0,0.008352518081665039
17.0,3.0,3.0,0.0050547122955322266
28.0,0.0,0.0,0.008409261703491211
66.0,5.0,5.0,0.023876667022705078
89.0,10.0,10.0,0.030636072158813477
25.0,0.0,0.0,0.008064746856689453
23.0,3.0,3.0,0.007003068923950195
18.0,0.0,0.0,0.006890535354614258
106.0,14.0,14.0,0.03761935234069824
11.0,1.0,1.0,0.005173683166503906
57.0,5.0,5.0,0.02090167999267578
14.0,0.0,0.0,0.005435943603515625
32.0,5.0,5.0,0.011051654815673828
33.0,3.0,3.0,0.011356353759765625
45.0,1.0,1.0,0.014126300811767578
47.0,1.0,1.0,0.015753984451293945
38.0,1.0,1.0,0.015511512756347656
33.0,4.0,4.0,0.00893545150756836
32.0,5.0,5.0,0.013605356216430664
59.0,7.0,7.0,0.018300771713256836
61.0,14.0,14.0,0.0201873779296875
86.0,5.0,5.0,0.027809619903564453
36.0,6.0,6.0,0.012288331985473633
41.0,6.0,6.0,0.012542963027954102
11.0,0.0,0.0,0.003020048141479492
90.0,21.0,21.0,0.031458139419555664
23.0,5.0,5.0,0.006997585296630859
43.0,0.0,0.0,0.014245986938476562
49.0,8.0,8.0,0.014992237091064453
30.0,0.0,0.0,0.009182453155517578
26.0,1.0,1.0,0.010404348373413086
15.0,1.0,1.0,0.005476236343383789
27.0,1.0,1.0,0.01203155517578125
71.0,6.0,6.0,0.021958112716674805
30.0,4.0,4.0,0.009302377700805664
114.0,12.0,12.0,0.0366208553314209
68.0,3.0,3.0,0.023725509643554688
55.0,5.0,5.0,0.017427682876586914
84.0,4.0,4.0,0.024645090103149414
115.0,7.0,7.0,0.04102182388305664
16.0,2.0,2.0,0.004549980163574219
42.0,3.0,3.0,0.014484167098999023
30.0,10.0,10.0,0.009010791778564453
14.0,0.0,0.0,0.00524139404296875
12.0,0.0,0.0,0.004034280776977539
12.0,0.0,0.0,0.005002260208129883
22.0,0.0,0.0,0.008999109268188477
28.0,2.0,2.0,0.00858759880065918
15.0,2.0,2.0,0.0051000118255615234
13.0,0.0,0.0,0.005422353744506836
185.0,19.0,19.0,0.06251907348632812
12.0,2.0,2.0,0.0035932064056396484
57.0,8.0,8.0,0.016201257705688477
21.0,2.0,2.0,0.006029367446899414
36.0,2.0,2.0,0.009106636047363281
17.0,5.0,5.0,0.004280567169189453
78.0,6.0,6.0,0.022366762161254883
63.0,2.0,2.0,0.023505210876464844
13.0,2.0,2.0,0.003298044204711914
36.0,4.0,4.0,0.00942540168762207
29.0,6.0,6.0,0.008212089538574219
15.0,4.0,4.0,0.005231618881225586
36.0,4.0,4.0,0.01165008544921875
95.0,5.0,5.0,0.03099656105041504
34.0,7.0,7.0,0.010168313980102539
25.0,3.0,3.0,0.007339954376220703
33.0,3.0,3.0,0.010675907135009766
27.0,4.0,4.0,0.008335590362548828
16.0,1.0,1.0,0.005027055740356445
52.0,10.0,10.0,0.016354799270629883
106.0,18.0,18.0,0.0331873893737793
15.0,1.0,1.0,0.004259824752807617
41.0,3.0,3.0,0.01055455207824707
17.0,2.0,2.0,0.0061414241790771484
22.0,7.0,7.0,0.006995201110839844
45.0,5.0,5.0,0.012639999389648438
18.0,2.0,2.0,0.0053021907806396484
36.0,0.0,0.0,0.009617805480957031
12.0,0.0,0.0,0.0029404163360595703
62.0,9.0,9.0,0.016826629638671875
22.0,1.0,1.0,0.006544351577758789
34.0,3.0,3.0,0.009488344192504883
60.0,9.0,9.0,0.016770124435424805
64.0,5.0,5.0,0.017753124237060547
68.0,3.0,3.0,0.0196075439453125
29.0,4.0,4.0,0.010262250900268555
43.0,5.0,5.0,0.012649297714233398
16.0,2.0,2.0,0.004998922348022461
29.0,2.0,2.0,0.010013341903686523
35.0,1.0,1.0,0.009677410125732422
36.0,5.0,5.0,0.010982513427734375
52.0,7.0,7.0,0.015602588653564453
94.0,12.0,12.0,0.029633045196533203
20.0,1.0,1.0,0.006353616714477539
38.0,11.0,11.0,0.010394096374511719
51.0,7.0,7.0,0.013627767562866211
117.0,8.0,8.0,0.033429622650146484
33.0,1.0,1.0,0.00928950309753418
44.0,5.0,5.0,0.01262974739074707
42.0,3.0,3.0,0.012651205062866211
112.0,20.0,20.0,0.03153204917907715
21.0,4.0,4.0,0.005218029022216797
17.0,0.0,0.0,0.00618743896484375
23.0,0.0,0.0,0.0067327022552490234
69.0,9.0,9.0,0.01829075813293457
72.0,4.0,4.0,0.020305633544921875
30.0,1.0,1.0,0.007944583892822266
46.0,9.0,9.0,0.01811361312866211
11.0,0.0,0.0,0.0039784908294677734
16.0,2.0,2.0,0.004587650299072266
14.0,2.0,2.0,0.0037806034088134766
150.0,8.0,8.0,0.03983712196350098
18.0,3.0,3.0,0.004425048828125
32.0,4.0,4.0,0.008289337158203125
30.0,2.0,2.0,0.008123159408569336
14.0,2.0,2.0,0.0028297901153564453
22.0,0.0,0.0,0.005533456802368164
67.0,10.0,10.0,0.021158933639526367
26.0,2.0,2.0,0.008490324020385742
32.0,8.0,8.0,0.008810281753540039
49.0,2.0,2.0,0.014665842056274414
25.0,2.0,2.0,0.009468555450439453
66.0,5.0,5.0,0.018158435821533203
65.0,5.0,5.0,0.02023911476135254
25.0,4.0,4.0,0.006302833557128906
27.0,5.0,5.0,0.007463932037353516
38.0,4.0,4.0,0.010648012161254883
42.0,5.0,5.0,0.012280941009521484
15.0,0.0,0.0,0.004559040069580078
37.0,3.0,3.0,0.01088404655456543
15.0,0.0,0.0,0.005092144012451172
32.0,6.0,6.0,0.010294437408447266
38.0,1.0,1.0,0.014382362365722656
11.0,0.0,0.0,0.0027391910552978516
16.0,2.0,2.0,0.004597902297973633
58.0,6.0,6.0,0.014760971069335938
24.0,1.0,1.0,0.007509469985961914
24.0,0.0,0.0,0.006569862365722656
19.0,2.0,2.0,0.004590272903442383
71.0,8.0,8.0,0.0205230712890625
96.0,9.0,9.0,0.0258636474609375
20.0,7.0,7.0,0.005652427673339844
36.0,4.0,4.0,0.009676456451416016
14.0,2.0,2.0,0.003543376922607422
28.0,1.0,1.0,0.007628440856933594
21.0,0.0,0.0,0.005994558334350586
35.0,4.0,4.0,0.00999760627746582
17.0,2.0,2.0,0.006663084030151367
32.0,1.0,1.0,0.010321617126464844
13.0,1.0,1.0,0.00400996208190918
53.0,8.0,8.0,0.01951909065246582
24.0,1.0,1.0,0.008673667907714844
13.0,2.0,2.0,0.0035567283630371094
34.0,0.0,0.0,0.011468887329101562
12.0,0.0,0.0,0.004471778869628906
17.0,0.0,0.0,0.007158517837524414
35.0,6.0,6.0,0.012129068374633789
37.0,8.0,8.0,0.010287046432495117
15.0,1.0,1.0,0.004105329513549805
13.0,1.0,1.0,0.0038983821868896484
13.0,0.0,0.0,0.004064321517944336
11.0,0.0,0.0,0.003526449203491211
76.0,10.0,10.0,0.023944616317749023
14.0,2.0,2.0,0.00436711311340332
24.0,4.0,4.0,0.0070340633392333984
24.0,1.0,1.0,0.005975484848022461
43.0,1.0,1.0,0.011831998825073242
114.0,5.0,5.0,0.030672073364257812
66.0,6.0,6.0,0.01921534538269043
14.0,2.0,2.0,0.0049016475677490234
21.0,1.0,1.0,0.0055446624755859375
113.0,9.0,9.0,0.03209042549133301
31.0,3.0,3.0,0.008452177047729492
18.0,3.0,3.0,0.004691362380981445
39.0,7.0,7.0,0.01223444938659668
14.0,3.0,3.0,0.0042345523834228516
40.0,10.0,10.0,0.011054515838623047
37.0,3.0,3.0,0.009860992431640625
27.0,2.0,2.0,0.006561994552612305
24.0,2.0,2.0,0.009437084197998047
74.0,11.0,11.0,0.021227598190307617
64.0,7.0,7.0,0.018694400787353516
16.0,1.0,1.0,0.00453495979309082
13.0,0.0,0.0,0.003941059112548828
15.0,2.0,2.0,0.004678487777709961
13.0,1.0,1.0,0.0035567283630371094
28.0,5.0,5.0,0.00816798210144043
21.0,2.0,2.0,0.0069997310638427734
34.0,5.0,5.0,0.008608818054199219
19.0,1.0,1.0,0.004680156707763672
39.0,5.0,5.0,0.013275623321533203
50.0,5.0,5.0,0.016620159149169922
13.0,1.0,1.0,0.0040857791900634766
33.0,5.0,5.0,0.009066343307495117
72.0,8.0,8.0,0.019733190536499023
26.0,6.0,6.0,0.007124185562133789
23.0,0.0,0.0,0.006385326385498047
13.0,1.0,1.0,0.004005908966064453
26.0,2.0,2.0,0.007001399993896484
23.0,2.0,2.0,0.0064983367919921875
91.0,4.0,4.0,0.02843475341796875
60.0,8.0,8.0,0.015517473220825195
13.0,1.0,1.0,0.0031478404998779297
31.0,0.0,0.0,0.008015155792236328
13.0,0.0,0.0,0.0040628910064697266
18.0,5.0,5.0,0.004998445510864258
33.0,1.0,1.0,0.009624958038330078
34.0,5.0,5.0,0.009056568145751953
20.0,2.0,2.0,0.004722118377685547
30.0,1.0,1.0,0.008043766021728516
81.0,7.0,7.0,0.02261042594909668
32.0,6.0,6.0,0.009596109390258789
17.0,1.0,1.0,0.005007505416870117
14.0,1.0,1.0,0.004999399185180664
23.0,1.0,1.0,0.006315469741821289
55.0,2.0,2.0,0.017795562744140625
26.0,1.0,1.0,0.009240865707397461
23.0,0.0,0.0,0.007040262222290039
46.0,11.0,11.0,0.01318502426147461
77.0,5.0,5.0,0.023628950119018555
82.0,15.0,15.0,0.02675151824951172
40.0,2.0,2.0,0.011992931365966797
36.0,2.0,2.0,0.011342525482177734
21.0,1.0,1.0,0.00743556022644043
91.0,14.0,14.0,0.03206634521484375
49.0,4.0,4.0,0.016272544860839844
45.0,2.0,2.0,0.019583940505981445
45.0,5.0,5.0,0.013852834701538086
33.0,2.0,2.0,0.010518789291381836
36.0,2.0,2.0,0.011081457138061523
17.0,1.0,1.0,0.005571603775024414
24.0,2.0,2.0,0.006668806076049805
15.0,2.0,2.0,0.004034519195556641
12.0,0.0,0.0,0.002971172332763672
23.0,1.0,1.0,0.007568836212158203
18.0,1.0,1.0,0.0059986114501953125
17.0,2.0,2.0,0.004751682281494141
26.0,8.0,8.0,0.0075685977935791016
38.0,4.0,4.0,0.019994258880615234
41.0,0.0,0.0,0.017652034759521484
11.0,0.0,0.0,0.0040814876556396484
12.0,0.0,0.0,0.004327535629272461
27.0,9.0,9.0,0.008968830108642578
21.0,2.0,2.0,0.008806467056274414
16.0,0.0,0.0,0.0045108795166015625
37.0,1.0,1.0,0.01444101333618164
63.0,9.0,9.0,0.027294397354125977
39.0,7.0,7.0,0.016812562942504883
18.0,0.0,0.0,0.0068547725677490234
84.0,10.0,10.0,0.026037931442260742
27.0,4.0,4.0,0.007187843322753906
49.0,12.0,12.0,0.015131235122680664
72.0,4.0,4.0,0.019179582595825195
17.0,3.0,3.0,0.004034519195556641
53.0,4.0,4.0,0.016692399978637695
22.0,1.0,1.0,0.006698131561279297
34.0,4.0,4.0,0.010393142700195312
69.0,5.0,5.0,0.018847227096557617
74.0,9.0,9.0,0.02091526985168457
13.0,1.0,1.0,0.0041120052337646484
41.0,4.0,4.0,0.01126861572265625
35.0,3.0,3.0,0.01053762435913086
19.0,1.0,1.0,0.005945682525634766
33.0,2.0,2.0,0.00919485092163086
17.0,0.0,0.0,0.005934476852416992
19.0,1.0,1.0,0.006621837615966797
45.0,7.0,7.0,0.015053510665893555
34.0,1.0,1.0,0.009403228759765625
13.0,0.0,0.0,0.003141164779663086
39.0,3.0,3.0,0.011207103729248047
33.0,0.0,0.0,0.009616613388061523
31.0,1.0,1.0,0.009092330932617188
35.0,6.0,6.0,0.009824037551879883
28.0,4.0,4.0,0.008014917373657227
15.0,2.0,2.0,0.0038917064666748047
24.0,3.0,3.0,0.011155843734741211
59.0,6.0,6.0,0.01863551139831543
46.0,1.0,1.0,0.015082359313964844
21.0,1.0,1.0,0.006931304931640625
36.0,1.0,1.0,0.010800600051879883
16.0,5.0,5.0,0.004989147186279297
25.0,1.0,1.0,0.009658575057983398
24.0,5.0,5.0,0.006514072418212891
84.0,9.0,9.0,0.023332834243774414
94.0,6.0,6.0,0.028343677520751953
26.0,3.0,3.0,0.008831501007080078
21.0,1.0,1.0,0.007109880447387695
15.0,1.0,1.0,0.003536701202392578
17.0,1.0,1.0,0.004511833190917969
43.0,5.0,5.0,0.013183832168579102
19.0,2.0,2.0,0.005945920944213867
28.0,3.0,3.0,0.008023977279663086
17.0,1.0,1.0,0.00524592399597168
19.0,2.0,2.0,0.00650334358215332
41.0,3.0,3.0,0.014263629913330078
12.0,0.0,0.0,0.004151344299316406
17.0,1.0,1.0,0.005020618438720703
38.0,1.0,1.0,0.011658191680908203
61.0,7.0,7.0,0.01747608184814453
87.0,11.0,11.0,0.026280641555786133
92.0,7.0,7.0,0.027231216430664062
73.0,16.0,16.0,0.02393317222595215
19.0,7.0,7.0,0.005527973175048828
35.0,5.0,5.0,0.010074615478515625
12.0,1.0,1.0,0.0027570724487304688
13.0,0.0,0.0,0.00508880615234375
57.0,2.0,2.0,0.01820659637451172
37.0,4.0,4.0,0.010892868041992188
54.0,3.0,3.0,0.01668524742126465
27.0,1.0,1.0,0.008163213729858398
46.0,6.0,6.0,0.014182567596435547
46.0,8.0,8.0,0.014933347702026367
65.0,6.0,6.0,0.020596742630004883
41.0,6.0,6.0,0.014294624328613281
17.0,6.0,6.0,0.004745006561279297
51.0,5.0,5.0,0.018326997756958008
34.0,1.0,1.0,0.009423255920410156
37.0,2.0,2.0,0.015468358993530273
26.0,2.0,2.0,0.008812665939331055
16.0,1.0,1.0,0.0033762454986572266
27.0,4.0,4.0,0.007036447525024414
14.0,2.0,2.0,0.005185604095458984
22.0,1.0,1.0,0.006844520568847656
44.0,3.0,3.0,0.012434005737304688
17.0,0.0,0.0,0.004998207092285156
32.0,4.0,4.0,0.008582115173339844
46.0,9.0,9.0,0.012003183364868164
74.0,10.0,10.0,0.020053863525390625
15.0,3.0,3.0,0.004509925842285156
14.0,1.0,1.0,0.004316806793212891
39.0,4.0,4.0,0.011446237564086914
18.0,1.0,1.0,0.0055389404296875
22.0,1.0,1.0,0.00629734992980957
50.0,5.0,5.0,0.014378070831298828
14.0,1.0,1.0,0.003998279571533203
86.0,14.0,14.0,0.0240480899810791
31.0,3.0,3.0,0.011001348495483398
27.0,3.0,3.0,0.006997108459472656
84.0,13.0,13.0,0.024000167846679688
11.0,0.0,0.0,0.008301973342895508
60.0,3.0,3.0,0.026438236236572266
12.0,0.0,0.0,0.005003690719604492
48.0,2.0,2.0,0.014461994171142578
48.0,8.0,8.0,0.013524055480957031
41.0,1.0,1.0,0.013241767883300781
33.0,2.0,2.0,0.011374711990356445
15.0,0.0,0.0,0.004224538803100586
49.0,3.0,3.0,0.01615619659423828
19.0,0.0,0.0,0.005515098571777344
28.0,3.0,3.0,0.007544279098510742
76.0,8.0,8.0,0.020897865295410156
56.0,8.0,8.0,0.015519857406616211
28.0,3.0,3.0,0.008997201919555664
45.0,6.0,6.0,0.014006853103637695
38.0,5.0,5.0,0.01235342025756836
47.0,2.0,2.0,0.01579761505126953
69.0,15.0,15.0,0.023313522338867188
30.0,3.0,3.0,0.009645223617553711
13.0,1.0,1.0,0.004197359085083008
97.0,10.0,10.0,0.030826807022094727
133.0,11.0,11.0,0.045829057693481445
29.0,5.0,5.0,0.008536815643310547
90.0,11.0,11.0,0.03203010559082031
13.0,3.0,3.0,0.004799365997314453
17.0,0.0,0.0,0.0069963932037353516
36.0,3.0,3.0,0.010009527206420898
20.0,1.0,1.0,0.007179975509643555
38.0,6.0,6.0,0.011917829513549805
78.0,7.0,7.0,0.026664018630981445
13.0,1.0,1.0,0.006120204925537109
27.0,6.0,6.0,0.008022069931030273
146.0,18.0,18.0,0.05626702308654785
15.0,0.0,0.0,0.007003307342529297
29.0,1.0,1.0,0.009234189987182617
29.0,0.0,0.0,0.008006095886230469
14.0,3.0,3.0,0.005002260208129883
13.0,2.0,2.0,0.004001140594482422
23.0,4.0,4.0,0.0070035457611083984
38.0,1.0,1.0,0.011407136917114258
20.0,1.0,1.0,0.006949424743652344
16.0,0.0,0.0,0.007327556610107422
18.0,1.0,1.0,0.005010128021240234
24.0,1.0,1.0,0.007071018218994141
59.0,7.0,7.0,0.02338099479675293
30.0,3.0,3.0,0.007998228073120117
25.0,4.0,4.0,0.008009195327758789
43.0,4.0,4.0,0.012366533279418945
52.0,10.0,10.0,0.016721010208129883
85.0,7.0,7.0,0.027225494384765625
19.0,3.0,3.0,0.00506281852722168
16.0,0.0,0.0,0.003999471664428711
23.0,2.0,2.0,0.005997419357299805
26.0,9.0,9.0,0.0077745914459228516
14.0,1.0,1.0,0.0037567615509033203
23.0,0.0,0.0,0.006946563720703125
14.0,0.0,0.0,0.004502773284912109
14.0,1.0,1.0,0.004141330718994141
12.0,0.0,0.0,0.00353240966796875
22.0,2.0,2.0,0.008842706680297852
42.0,3.0,3.0,0.011433839797973633
61.0,3.0,3.0,0.018929004669189453
31.0,3.0,3.0,0.008055448532104492
16.0,2.0,2.0,0.00520634651184082
19.0,0.0,0.0,0.0074923038482666016
26.0,2.0,2.0,0.009617328643798828
73.0,7.0,7.0,0.033086299896240234
52.0,5.0,5.0,0.02545452117919922
21.0,1.0,1.0,0.007489919662475586
89.0,5.0,5.0,0.026932954788208008
73.0,11.0,11.0,0.026504993438720703
23.0,1.0,1.0,0.007623910903930664
33.0,3.0,3.0,0.01677680015563965
23.0,3.0,3.0,0.009262561798095703
66.0,13.0,13.0,0.01898050308227539
64.0,10.0,10.0,0.018919706344604492
47.0,2.0,2.0,0.01415109634399414
30.0,3.0,3.0,0.00835728645324707
65.0,8.0,8.0,0.018831491470336914
15.0,1.0,1.0,0.00403594970703125
21.0,3.0,3.0,0.005182743072509766
26.0,4.0,4.0,0.0073277950286865234
71.0,11.0,11.0,0.023558616638183594
20.0,6.0,6.0,0.0055694580078125
49.0,12.0,12.0,0.012907743453979492
51.0,10.0,10.0,0.014572620391845703
64.0,7.0,7.0,0.01934957504272461
31.0,2.0,2.0,0.009162187576293945
39.0,9.0,9.0,0.011009693145751953
28.0,1.0,1.0,0.010349273681640625
51.0,4.0,4.0,0.014770269393920898
58.0,8.0,8.0,0.020397663116455078
23.0,2.0,2.0,0.005873441696166992
26.0,6.0,6.0,0.009467124938964844
36.0,2.0,2.0,0.010797500610351562
71.0,5.0,5.0,0.02434062957763672
28.0,7.0,7.0,0.007874488830566406
15.0,1.0,1.0,0.00450587272644043
18.0,3.0,3.0,0.006434202194213867
33.0,3.0,3.0,0.010137081146240234
23.0,6.0,6.0,0.005999565124511719
22.0,0.0,0.0,0.006528615951538086
14.0,3.0,3.0,0.005654096603393555
26.0,4.0,4.0,0.008537769317626953
33.0,2.0,2.0,0.009001016616821289
17.0,3.0,3.0,0.008959531784057617
29.0,5.0,5.0,0.00950002670288086
65.0,6.0,6.0,0.02285003662109375
51.0,5.0,5.0,0.01683783531188965
33.0,3.0,3.0,0.011948108673095703
70.0,4.0,4.0,0.022768259048461914
12.0,0.0,0.0,0.00500035285949707
106.0,5.0,5.0,0.03459739685058594
88.0,7.0,7.0,0.024932384490966797
87.0,11.0,11.0,0.027084827423095703
26.0,5.0,5.0,0.008770227432250977
28.0,3.0,3.0,0.009685039520263672
27.0,5.0,5.0,0.006925821304321289
98.0,13.0,13.0,0.039467811584472656
14.0,2.0,2.0,0.0065114498138427734
18.0,1.0,1.0,0.006527423858642578
21.0,2.0,2.0,0.006274223327636719
14.0,0.0,0.0,0.0040073394775390625
23.0,0.0,0.0,0.005997657775878906
58.0,3.0,3.0,0.015000104904174805
16.0,0.0,0.0,0.004480600357055664
41.0,4.0,4.0,0.012239933013916016
63.0,3.0,3.0,0.022688865661621094
16.0,0.0,0.0,0.00485682487487793
23.0,2.0,2.0,0.00698399543762207
70.0,7.0,7.0,0.021763086318969727
27.0,2.0,2.0,0.009979963302612305
57.0,4.0,4.0,0.01919865608215332
18.0,2.0,2.0,0.0052509307861328125
15.0,0.0,0.0,0.0054209232330322266
127.0,30.0,30.0,0.039945125579833984
16.0,1.0,1.0,0.0038263797760009766
46.0,10.0,10.0,0.01150965690612793
26.0,2.0,2.0,0.007016897201538086
43.0,3.0,3.0,0.011162281036376953
13.0,2.0,2.0,0.003005504608154297
29.0,3.0,3.0,0.007279634475708008
34.0,6.0,6.0,0.00916910171508789
40.0,3.0,3.0,0.01226353645324707
42.0,2.0,2.0,0.011865615844726562
11.0,0.0,0.0,0.0029981136322021484
134.0,15.0,15.0,0.038582801818847656
43.0,2.0,2.0,0.014432430267333984
50.0,2.0,2.0,0.017505884170532227
18.0,3.0,3.0,0.005901813507080078
16.0,4.0,4.0,0.005352020263671875
38.0,2.0,2.0,0.010080575942993164
31.0,2.0,2.0,0.008661270141601562
16.0,2.0,2.0,0.005014657974243164
13.0,0.0,0.0,0.004004955291748047
26.0,3.0,3.0,0.006787776947021484
89.0,12.0,12.0,0.030379772186279297
111.0,15.0,15.0,0.039827823638916016
30.0,3.0,3.0,0.008602142333984375
18.0,0.0,0.0,0.0055065155029296875
11.0,0.0,0.0,0.0032067298889160156
67.0,9.0,9.0,0.01937127113342285
71.0,8.0,8.0,0.020947694778442383
20.0,4.0,4.0,0.007900238037109375
122.0,17.0,17.0,0.036687374114990234
27.0,4.0,4.0,0.008132219314575195
56.0,9.0,9.0,0.017367124557495117
117.0,7.0,7.0,0.0350949764251709
23.0,0.0,0.0,0.0069391727447509766
14.0,0.0,0.0,0.005033731460571289
40.0,2.0,2.0,0.012036561965942383
41.0,4.0,4.0,0.012786626815795898
20.0,3.0,3.0,0.008285045623779297
14.0,1.0,1.0,0.003982067108154297
23.0,2.0,2.0,0.006994009017944336
32.0,3.0,3.0,0.009518146514892578
73.0,8.0,8.0,0.02174663543701172
50.0,11.0,11.0,0.014112234115600586
51.0,1.0,1.0,0.015444755554199219
48.0,4.0,4.0,0.014635801315307617
24.0,2.0,2.0,0.0077779293060302734
20.0,1.0,1.0,0.010584831237792969
22.0,3.0,3.0,0.011056661605834961
33.0,0.0,0.0,0.008468866348266602
93.0,7.0,7.0,0.02691507339477539
14.0,0.0,0.0,0.004018306732177734
22.0,3.0,3.0,0.006092071533203125
22.0,3.0,3.0,0.008480072021484375
57.0,11.0,11.0,0.020054101943969727
18.0,6.0,6.0,0.0055522918701171875
97.0,8.0,8.0,0.028899431228637695
31.0,4.0,4.0,0.010004997253417969
29.0,8.0,8.0,0.00825357437133789
38.0,3.0,3.0,0.012324094772338867
39.0,1.0,1.0,0.013110637664794922
36.0,1.0,1.0,0.009937763214111328
17.0,0.0,0.0,0.004609107971191406
66.0,8.0,8.0,0.02189183235168457
17.0,1.0,1.0,0.005243539810180664
110.0,15.0,15.0,0.033484458923339844
11.0,0.0,0.0,0.00453948974609375
25.0,1.0,1.0,0.0069921016693115234
14.0,1.0,1.0,0.004656791687011719
20.0,0.0,0.0,0.005885601043701172
25.0,5.0,5.0,0.009965896606445312
89.0,15.0,15.0,0.02986907958984375
23.0,5.0,5.0,0.008737325668334961
86.0,5.0,5.0,0.02493119239807129
11.0,0.0,0.0,0.003277301788330078
46.0,3.0,3.0,0.014902353286743164
30.0,5.0,5.0,0.011725425720214844
107.0,9.0,9.0,0.03470134735107422
35.0,2.0,2.0,0.010770082473754883
27.0,2.0,2.0,0.00901484489440918
18.0,0.0,0.0,0.006939411163330078
18.0,3.0,3.0,0.007196664810180664
54.0,8.0,8.0,0.01853346824645996
64.0,5.0,5.0,0.023004531860351562
85.0,7.0,7.0,0.028797149658203125
13.0,1.0,1.0,0.006289243698120117
83.0,10.0,10.0,0.02480602264404297
28.0,2.0,2.0,0.008024454116821289
17.0,0.0,0.0,0.00691533088684082
50.0,8.0,8.0,0.015152215957641602
66.0,6.0,6.0,0.023357391357421875
36.0,3.0,3.0,0.011826038360595703
14.0,2.0,2.0,0.005549192428588867
100.0,6.0,6.0,0.02780437469482422
44.0,4.0,4.0,0.010582447052001953
60.0,10.0,10.0,0.01673746109008789
60.0,9.0,9.0,0.016932964324951172
191.0,14.0,14.0,0.05342841148376465
68.0,10.0,10.0,0.0189516544342041
65.0,4.0,4.0,0.016660451889038086
41.0,1.0,1.0,0.011206388473510742
25.0,7.0,7.0,0.0069942474365234375
35.0,5.0,5.0,0.012850284576416016
62.0,9.0,9.0,0.017647743225097656
31.0,2.0,2.0,0.00899815559387207
24.0,5.0,5.0,0.007177591323852539
81.0,8.0,8.0,0.02256631851196289
27.0,4.0,4.0,0.008011817932128906
167.0,21.0,21.0,0.04572868347167969
19.0,2.0,2.0,0.0060842037200927734
18.0,2.0,2.0,0.005349874496459961
30.0,0.0,0.0,0.00846099853515625
51.0,8.0,8.0,0.013614892959594727
18.0,2.0,2.0,0.004517316818237305
70.0,5.0,5.0,0.01898670196533203
12.0,0.0,0.0,0.003504514694213867
47.0,8.0,8.0,0.013193607330322266
65.0,3.0,3.0,0.01795506477355957
14.0,3.0,3.0,0.0036475658416748047
22.0,0.0,0.0,0.0060117244720458984
47.0,7.0,7.0,0.01260828971862793
21.0,4.0,4.0,0.006902933120727539
45.0,4.0,4.0,0.012816429138183594
26.0,0.0,0.0,0.007009267807006836
13.0,1.0,1.0,0.0050809383392333984
97.0,14.0,14.0,0.027319908142089844
59.0,4.0,4.0,0.01668715476989746
34.0,3.0,3.0,0.008999347686767578
73.0,10.0,10.0,0.021657466888427734
29.0,1.0,1.0,0.008008956909179688
89.0,12.0,12.0,0.02451038360595703
45.0,3.0,3.0,0.012998104095458984
124.0,13.0,13.0,0.03614091873168945
15.0,1.0,1.0,0.0050013065338134766
131.0,10.0,10.0,0.03707551956176758
63.0,1.0,1.0,0.016589879989624023
28.0,1.0,1.0,0.007999897003173828
13.0,1.0,1.0,0.0030002593994140625
35.0,4.0,4.0,0.009999752044677734
23.0,1.0,1.0,0.006999969482421875
50.0,3.0,3.0,0.014999866485595703
50.0,13.0,13.0,0.014000415802001953
19.0,2.0,2.0,0.005042076110839844
14.0,1.0,1.0,0.0039997100830078125
23.0,1.0,1.0,0.006585121154785156
27.0,2.0,2.0,0.010999917984008789
16.0,0.0,0.0,0.006999969482421875
32.0,2.0,2.0,0.008927345275878906
17.0,0.0,0.0,0.0048754215240478516
55.0,3.0,3.0,0.014755010604858398
18.0,4.0,4.0,0.0050008296966552734
105.0,9.0,9.0,0.028962135314941406
25.0,1.0,1.0,0.006523609161376953
27.0,2.0,2.0,0.007552385330200195
59.0,3.0,3.0,0.017105579376220703
53.0,10.0,10.0,0.015014410018920898
68.0,6.0,6.0,0.018994808197021484
13.0,2.0,2.0,0.003000497817993164
64.0,3.0,3.0,0.021039485931396484
18.0,5.0,5.0,0.00558924674987793
13.0,1.0,1.0,0.003999948501586914
57.0,5.0,5.0,0.018000125885009766
21.0,1.0,1.0,0.006999969482421875
79.0,4.0,4.0,0.02200031280517578
38.0,5.0,5.0,0.009999990463256836
57.0,6.0,6.0,0.019042491912841797
14.0,1.0,1.0,0.0039997100830078125
32.0,2.0,2.0,0.009584665298461914
26.0,2.0,2.0,0.007999897003173828
65.0,7.0,7.0,0.021000146865844727
28.0,0.0,0.0,0.012000083923339844
45.0,1.0,1.0,0.01675724983215332
43.0,0.0,0.0,0.015530586242675781
45.0,11.0,11.0,0.013514280319213867
15.0,2.0,2.0,0.005999565124511719
50.0,3.0,3.0,0.013997554779052734
52.0,4.0,4.0,0.01536107063293457
28.0,5.0,5.0,0.008126020431518555
62.0,11.0,11.0,0.019368886947631836
46.0,4.0,4.0,0.014382362365722656
45.0,5.0,5.0,0.012911796569824219
17.0,0.0,0.0,0.0045664310455322266
21.0,0.0,0.0,0.005831241607666016
18.0,0.0,0.0,0.005059719085693359
20.0,4.0,4.0,0.006606101989746094
24.0,4.0,4.0,0.00657963752746582
52.0,11.0,11.0,0.014278411865234375
87.0,9.0,9.0,0.023836612701416016
315.0,24.0,24.0,0.09056878089904785
33.0,8.0,8.0,0.011042594909667969
18.0,0.0,0.0,0.009589433670043945
39.0,1.0,1.0,0.011000394821166992
31.0,8.0,8.0,0.009999990463256836
61.0,6.0,6.0,0.018000125885009766
23.0,1.0,1.0,0.006000041961669922
20.0,2.0,2.0,0.006000041961669922
114.0,11.0,11.0,0.04198503494262695
130.0,8.0,8.0,0.04162740707397461
19.0,1.0,1.0,0.0054912567138671875
22.0,4.0,4.0,0.0065937042236328125
13.0,0.0,0.0,0.004004716873168945
33.0,4.0,4.0,0.00951528549194336
135.0,18.0,18.0,0.03935527801513672
70.0,6.0,6.0,0.019895076751708984
79.0,6.0,6.0,0.025289058685302734
28.0,1.0,1.0,0.009001731872558594
45.0,1.0,1.0,0.012634754180908203
28.0,6.0,6.0,0.00678706169128418
25.0,2.0,2.0,0.006708383560180664
119.0,8.0,8.0,0.03236508369445801
30.0,7.0,7.0,0.011074542999267578
22.0,0.0,0.0,0.005997419357299805
68.0,6.0,6.0,0.019000530242919922
76.0,10.0,10.0,0.02051067352294922
25.0,3.0,3.0,0.007001399993896484
59.0,4.0,4.0,0.015997648239135742
88.0,9.0,9.0,0.023649930953979492
12.0,0.0,0.0,0.002997875213623047
14.0,1.0,1.0,0.003998756408691406
165.0,25.0,25.0,0.04701519012451172
27.0,4.0,4.0,0.01099252700805664
11.0,1.0,1.0,0.00400090217590332
14.0,2.0,2.0,0.0053408145904541016
30.0,3.0,3.0,0.01125788688659668
15.0,1.0,1.0,0.007262229919433594
39.0,1.0,1.0,0.01236271858215332
34.0,0.0,0.0,0.01231837272644043
45.0,0.0,0.0,0.013368606567382812
11.0,0.0,0.0,0.0031974315643310547
17.0,1.0,1.0,0.006308794021606445
35.0,5.0,5.0,0.010250091552734375
12.0,0.0,0.0,0.0031485557556152344
17.0,3.0,3.0,0.004932880401611328
118.0,10.0,10.0,0.03248286247253418
62.0,9.0,9.0,0.01593494415283203
18.0,1.0,1.0,0.004595041275024414
13.0,0.0,0.0,0.00436711311340332
69.0,8.0,8.0,0.018012523651123047
47.0,7.0,7.0,0.013648748397827148
18.0,2.0,2.0,0.004996061325073242
13.0,0.0,0.0,0.003660917282104492
29.0,2.0,2.0,0.009199380874633789
19.0,4.0,4.0,0.005016803741455078
22.0,0.0,0.0,0.006731748580932617
26.0,0.0,0.0,0.008432388305664062
27.0,3.0,3.0,0.00850820541381836
13.0,2.0,2.0,0.006066322326660156
44.0,2.0,2.0,0.01411581039428711
49.0,1.0,1.0,0.015425443649291992
23.0,2.0,2.0,0.008310079574584961
93.0,8.0,8.0,0.026006460189819336
22.0,3.0,3.0,0.007007122039794922
30.0,3.0,3.0,0.008754253387451172
14.0,3.0,3.0,0.0037441253662109375
14.0,2.0,2.0,0.003508329391479492
20.0,2.0,2.0,0.005125522613525391
37.0,10.0,10.0,0.010331869125366211
28.0,0.0,0.0,0.008104085922241211
55.0,2.0,2.0,0.015145540237426758
17.0,1.0,1.0,0.004049062728881836
31.0,2.0,2.0,0.009238958358764648
16.0,5.0,5.0,0.005319833755493164
92.0,8.0,8.0,0.024587631225585938
16.0,1.0,1.0,0.003999948501586914
15.0,0.0,0.0,0.003756999969482422
19.0,2.0,2.0,0.006104230880737305
40.0,2.0,2.0,0.010636329650878906
38.0,4.0,4.0,0.010066509246826172
50.0,12.0,12.0,0.01418924331665039
42.0,8.0,8.0,0.011358499526977539
64.0,12.0,12.0,0.016840696334838867
17.0,3.0,3.0,0.005285978317260742
50.0,9.0,9.0,0.012797355651855469
18.0,2.0,2.0,0.004876375198364258
40.0,2.0,2.0,0.010606527328491211
12.0,1.0,1.0,0.0029952526092529297
14.0,1.0,1.0,0.003998994827270508
83.0,16.0,16.0,0.022161483764648438
55.0,5.0,5.0,0.015671491622924805
23.0,2.0,2.0,0.007941484451293945
69.0,7.0,7.0,0.01977825164794922
73.0,6.0,6.0,0.020505666732788086
18.0,3.0,3.0,0.004998445510864258
137.0,10.0,10.0,0.03773784637451172
43.0,0.0,0.0,0.01346898078918457
75.0,8.0,8.0,0.02219080924987793
37.0,2.0,2.0,0.012375354766845703
74.0,10.0,10.0,0.022742509841918945
13.0,1.0,1.0,0.005001544952392578
79.0,7.0,7.0,0.02379012107849121
25.0,0.0,0.0,0.0073239803314208984
53.0,6.0,6.0,0.01887822151184082
32.0,1.0,1.0,0.012922048568725586
22.0,2.0,2.0,0.006993770599365234
23.0,2.0,2.0,0.007503986358642578
25.0,3.0,3.0,0.007124900817871094
50.0,1.0,1.0,0.015204191207885742
62.0,6.0,6.0,0.016965389251708984
14.0,2.0,2.0,0.004554271697998047
81.0,1.0,1.0,0.023727893829345703
26.0,3.0,3.0,0.008680343627929688
20.0,0.0,0.0,0.005517005920410156
48.0,11.0,11.0,0.01488351821899414
38.0,1.0,1.0,0.010127544403076172
18.0,4.0,4.0,0.00440526008605957
15.0,1.0,1.0,0.005444049835205078
70.0,8.0,8.0,0.02051711082458496
34.0,2.0,2.0,0.009666681289672852
33.0,3.0,3.0,0.008625030517578125
22.0,1.0,1.0,0.005997896194458008
111.0,9.0,9.0,0.03204941749572754
44.0,5.0,5.0,0.011978626251220703
52.0,5.0,5.0,0.013986825942993164
36.0,4.0,4.0,0.009996891021728516
28.0,2.0,2.0,0.007999420166015625
88.0,7.0,7.0,0.025808095932006836
18.0,1.0,1.0,0.006538867950439453
15.0,1.0,1.0,0.0049974918365478516
37.0,6.0,6.0,0.010970830917358398
28.0,4.0,4.0,0.00826406478881836
14.0,1.0,1.0,0.004510641098022461
12.0,0.0,0.0,0.005357980728149414
14.0,0.0,0.0,0.004067897796630859
77.0,6.0,6.0,0.024211645126342773
57.0,10.0,10.0,0.016331195831298828
55.0,4.0,4.0,0.01554560661315918
30.0,4.0,4.0,0.009540557861328125
15.0,0.0,0.0,0.005723714828491211
47.0,9.0,9.0,0.01544952392578125
75.0,7.0,7.0,0.02474665641784668
43.0,3.0,3.0,0.013627052307128906
30.0,1.0,1.0,0.008986234664916992
59.0,8.0,8.0,0.017214298248291016
41.0,5.0,5.0,0.01277923583984375
79.0,7.0,7.0,0.0251009464263916
40.0,7.0,7.0,0.013015270233154297
46.0,7.0,7.0,0.014005899429321289
36.0,0.0,0.0,0.01212453842163086
122.0,7.0,7.0,0.036754608154296875
16.0,1.0,1.0,0.006993532180786133
102.0,14.0,14.0,0.03013896942138672
17.0,0.0,0.0,0.005019664764404297
32.0,9.0,9.0,0.008129596710205078
17.0,2.0,2.0,0.005132198333740234
21.0,2.0,2.0,0.0066070556640625
38.0,2.0,2.0,0.011312484741210938
17.0,0.0,0.0,0.0050394535064697266
14.0,0.0,0.0,0.005162477493286133
15.0,0.0,0.0,0.004542112350463867
22.0,6.0,6.0,0.006073951721191406
26.0,3.0,3.0,0.009025335311889648
23.0,5.0,5.0,0.007045745849609375
36.0,9.0,9.0,0.010315179824829102
17.0,1.0,1.0,0.005619525909423828
23.0,2.0,2.0,0.005578041076660156
72.0,8.0,8.0,0.021005630493164062
30.0,0.0,0.0,0.008342504501342773
15.0,1.0,1.0,0.003997325897216797
60.0,14.0,14.0,0.018097877502441406
25.0,4.0,4.0,0.008110523223876953
128.0,18.0,18.0,0.039903879165649414
31.0,2.0,2.0,0.00934147834777832
97.0,22.0,22.0,0.02680206298828125
15.0,1.0,1.0,0.0040585994720458984
20.0,3.0,3.0,0.0068206787109375
19.0,1.0,1.0,0.0064351558685302734
97.0,9.0,9.0,0.036299943923950195
18.0,3.0,3.0,0.00505828857421875
41.0,3.0,3.0,0.012949466705322266
53.0,5.0,5.0,0.015572071075439453
109.0,12.0,12.0,0.03306436538696289
25.0,4.0,4.0,0.008070945739746094
24.0,4.0,4.0,0.00799870491027832
51.0,2.0,2.0,0.014779806137084961
39.0,2.0,2.0,0.011523246765136719
13.0,1.0,1.0,0.004342079162597656
12.0,0.0,0.0,0.005004405975341797
75.0,9.0,9.0,0.023225784301757812
11.0,0.0,0.0,0.006002187728881836
141.0,20.0,20.0,0.05336427688598633
26.0,1.0,1.0,0.010048866271972656
22.0,1.0,1.0,0.009788990020751953
131.0,8.0,8.0,0.0433506965637207
98.0,11.0,11.0,0.029175996780395508
25.0,2.0,2.0,0.011132001876831055
22.0,2.0,2.0,0.008184432983398438
22.0,1.0,1.0,0.009981393814086914
18.0,0.0,0.0,0.006954193115234375
90.0,14.0,14.0,0.028033018112182617
13.0,0.0,0.0,0.0035390853881835938
11.0,0.0,0.0,0.0030393600463867188
28.0,0.0,0.0,0.007652997970581055
41.0,1.0,1.0,0.014292716979980469
82.0,2.0,2.0,0.026047706604003906
37.0,5.0,5.0,0.011787176132202148
23.0,2.0,2.0,0.005505800247192383
51.0,4.0,4.0,0.014176130294799805
18.0,4.0,4.0,0.004735708236694336
126.0,15.0,15.0,0.03866147994995117
16.0,0.0,0.0,0.004947662353515625
43.0,3.0,3.0,0.01122736930847168
37.0,2.0,2.0,0.011090278625488281
22.0,4.0,4.0,0.009304285049438477
55.0,3.0,3.0,0.018740177154541016
68.0,2.0,2.0,0.021979808807373047
168.0,30.0,30.0,0.047660112380981445
60.0,3.0,3.0,0.01851677894592285
30.0,6.0,6.0,0.01255488395690918
11.0,0.0,0.0,0.0037000179290771484
13.0,0.0,0.0,0.003522634506225586
13.0,0.0,0.0,0.0029973983764648438
11.0,0.0,0.0,0.0036118030548095703
14.0,2.0,2.0,0.004561901092529297
27.0,0.0,0.0,0.0067446231842041016
83.0,14.0,14.0,0.022409915924072266
66.0,8.0,8.0,0.017840862274169922
24.0,0.0,0.0,0.007020473480224609
29.0,3.0,3.0,0.007306575775146484
11.0,0.0,0.0,0.002994537353515625
12.0,1.0,1.0,0.0029594898223876953
33.0,2.0,2.0,0.012022256851196289
71.0,7.0,7.0,0.019035816192626953
35.0,1.0,1.0,0.00919651985168457
176.0,7.0,7.0,0.0534670352935791
11.0,0.0,0.0,0.0025818347930908203
50.0,7.0,7.0,0.019721269607543945
24.0,0.0,0.0,0.007564544677734375
18.0,0.0,0.0,0.006060361862182617
37.0,2.0,2.0,0.01018214225769043
16.0,0.0,0.0,0.004404306411743164
24.0,1.0,1.0,0.0060100555419921875
18.0,0.0,0.0,0.0060040950775146484
22.0,3.0,3.0,0.007882118225097656
12.0,0.0,0.0,0.003010272979736328
16.0,0.0,0.0,0.0040166378021240234
17.0,3.0,3.0,0.00463104248046875
70.0,7.0,7.0,0.019251346588134766
44.0,4.0,4.0,0.012034416198730469
25.0,2.0,2.0,0.005967140197753906
51.0,5.0,5.0,0.014113426208496094
75.0,4.0,4.0,0.02182769775390625
31.0,2.0,2.0,0.011097908020019531
48.0,12.0,12.0,0.017241477966308594
15.0,3.0,3.0,0.0067670345306396484
33.0,4.0,4.0,0.010885000228881836
122.0,9.0,9.0,0.04360628128051758
32.0,2.0,2.0,0.008800029754638672
59.0,13.0,13.0,0.017400741577148438
85.0,8.0,8.0,0.024080276489257812
51.0,8.0,8.0,0.01407003402709961
24.0,2.0,2.0,0.006799221038818359
21.0,3.0,3.0,0.006041288375854492
27.0,1.0,1.0,0.007678508758544922
31.0,2.0,2.0,0.010730981826782227
25.0,5.0,5.0,0.0060846805572509766
87.0,5.0,5.0,0.02666950225830078
55.0,6.0,6.0,0.019402503967285156
40.0,1.0,1.0,0.01241445541381836
73.0,5.0,5.0,0.02401447296142578
20.0,3.0,3.0,0.008514404296875
17.0,3.0,3.0,0.007185935974121094
34.0,2.0,2.0,0.012244224548339844
18.0,0.0,0.0,0.008193016052246094
13.0,0.0,0.0,0.005217313766479492
17.0,1.0,1.0,0.0060634613037109375
21.0,1.0,1.0,0.005593061447143555
16.0,1.0,1.0,0.0050466060638427734
66.0,11.0,11.0,0.017302513122558594
119.0,17.0,17.0,0.03211474418640137
48.0,7.0,7.0,0.014317750930786133
25.0,3.0,3.0,0.007220268249511719
49.0,8.0,8.0,0.013115882873535156
28.0,3.0,3.0,0.00809788703918457
44.0,6.0,6.0,0.011049509048461914
22.0,1.0,1.0,0.0054280757904052734
49.0,8.0,8.0,0.014753341674804688
29.0,3.0,3.0,0.007408618927001953
40.0,4.0,4.0,0.011937856674194336
19.0,1.0,1.0,0.005635261535644531
20.0,1.0,1.0,0.0074198246002197266
19.0,3.0,3.0,0.005863189697265625
26.0,2.0,2.0,0.00715327262878418
39.0,6.0,6.0,0.011137723922729492
71.0,4.0,4.0,0.020708084106445312
107.0,9.0,9.0,0.032854557037353516
15.0,2.0,2.0,0.003968715667724609
44.0,4.0,4.0,0.016057252883911133
49.0,6.0,6.0,0.013038396835327148
24.0,0.0,0.0,0.007544279098510742
23.0,1.0,1.0,0.008952617645263672
15.0,1.0,1.0,0.005110025405883789
33.0,2.0,2.0,0.010371923446655273
24.0,4.0,4.0,0.007898807525634766
49.0,1.0,1.0,0.01737070083618164
14.0,1.0,1.0,0.004659175872802734
52.0,13.0,13.0,0.014472723007202148
17.0,3.0,3.0,0.006546497344970703
20.0,1.0,1.0,0.0056569576263427734
20.0,2.0,2.0,0.005280971527099609
11.0,0.0,0.0,0.004216909408569336
32.0,2.0,2.0,0.009618520736694336
105.0,15.0,15.0,0.03340005874633789
56.0,11.0,11.0,0.01582503318786621
21.0,1.0,1.0,0.007044076919555664
35.0,2.0,2.0,0.009615898132324219
21.0,1.0,1.0,0.007717132568359375
37.0,2.0,2.0,0.01137232780456543
58.0,3.0,3.0,0.017577171325683594
47.0,6.0,6.0,0.013809442520141602
45.0,9.0,9.0,0.012420177459716797
64.0,6.0,6.0,0.01829671859741211
12.0,1.0,1.0,0.004029989242553711
29.0,1.0,1.0,0.010503053665161133
113.0,6.0,6.0,0.033917903900146484
62.0,6.0,6.0,0.020168304443359375
39.0,4.0,4.0,0.010782480239868164
25.0,3.0,3.0,0.006823301315307617
29.0,2.0,2.0,0.0069997310638427734
11.0,1.0,1.0,0.002998828887939453
67.0,16.0,16.0,0.01921701431274414
36.0,4.0,4.0,0.010007858276367188
19.0,3.0,3.0,0.00547480583190918
54.0,5.0,5.0,0.015410184860229492
18.0,4.0,4.0,0.004655599594116211
12.0,1.0,1.0,0.0035562515258789062
43.0,2.0,2.0,0.014122247695922852
138.0,7.0,7.0,0.036572933197021484
30.0,1.0,1.0,0.009578943252563477
23.0,6.0,6.0,0.006753444671630859
13.0,0.0,0.0,0.004206657409667969
12.0,0.0,0.0,0.00455927848815918
13.0,2.0,2.0,0.004077434539794922
60.0,3.0,3.0,0.024842262268066406
37.0,3.0,3.0,0.01588606834411621
18.0,1.0,1.0,0.005533695220947266
161.0,14.0,14.0,0.05143260955810547
33.0,4.0,4.0,0.013117790222167969
100.0,10.0,10.0,0.034360408782958984
121.0,15.0,15.0,0.03691220283508301
50.0,3.0,3.0,0.014305591583251953
37.0,6.0,6.0,0.013098955154418945
18.0,6.0,6.0,0.006386756896972656
42.0,2.0,2.0,0.01575469970703125
25.0,2.0,2.0,0.008421182632446289
29.0,1.0,1.0,0.00800776481628418
76.0,11.0,11.0,0.02368640899658203
40.0,2.0,2.0,0.015128850936889648
14.0,3.0,3.0,0.004044771194458008
63.0,11.0,11.0,0.017170429229736328
42.0,3.0,3.0,0.011800765991210938
15.0,3.0,3.0,0.004267454147338867
37.0,0.0,0.0,0.009470939636230469
19.0,4.0,4.0,0.0056002140045166016
25.0,7.0,7.0,0.008123636245727539
25.0,2.0,2.0,0.007018089294433594
25.0,3.0,3.0,0.0071179866790771484
25.0,3.0,3.0,0.007208108901977539
62.0,4.0,4.0,0.017025470733642578
14.0,2.0,2.0,0.003518342971801758
13.0,2.0,2.0,0.0035331249237060547
23.0,2.0,2.0,0.006774425506591797
126.0,14.0,14.0,0.03781771659851074
120.0,13.0,13.0,0.035720109939575195
32.0,8.0,8.0,0.010420083999633789
71.0,10.0,10.0,0.020436763763427734
53.0,5.0,5.0,0.016935348510742188
23.0,3.0,3.0,0.008656978607177734
152.0,13.0,13.0,0.04610872268676758
67.0,9.0,9.0,0.01891493797302246
28.0,3.0,3.0,0.00952768325805664
155.0,14.0,14.0,0.045491695404052734
21.0,0.0,0.0,0.005977630615234375
22.0,4.0,4.0,0.006211519241333008
14.0,0.0,0.0,0.006371021270751953
18.0,4.0,4.0,0.0059661865234375
94.0,12.0,12.0,0.02942943572998047
73.0,6.0,6.0,0.02261948585510254
41.0,3.0,3.0,0.01114344596862793
24.0,1.0,1.0,0.007110118865966797
12.0,0.0,0.0,0.0026323795318603516
30.0,4.0,4.0,0.009996652603149414
18.0,6.0,6.0,0.006724834442138672
108.0,12.0,12.0,0.029579639434814453
18.0,1.0,1.0,0.005513429641723633
14.0,0.0,0.0,0.004066944122314453
23.0,1.0,1.0,0.0058977603912353516
97.0,4.0,4.0,0.0273284912109375
16.0,0.0,0.0,0.004558086395263672
19.0,1.0,1.0,0.00553441047668457
95.0,8.0,8.0,0.030263185501098633
25.0,7.0,7.0,0.007477998733520508
32.0,2.0,2.0,0.009957551956176758
31.0,3.0,3.0,0.008713245391845703
12.0,0.0,0.0,0.004050254821777344
14.0,0.0,0.0,0.004068613052368164
102.0,3.0,3.0,0.03239893913269043
30.0,1.0,1.0,0.008645057678222656
14.0,1.0,1.0,0.0030088424682617188
28.0,1.0,1.0,0.00871729850769043
17.0,0.0,0.0,0.004706144332885742
14.0,3.0,3.0,0.0034797191619873047
41.0,3.0,3.0,0.01245880126953125
49.0,3.0,3.0,0.014049768447875977
124.0,9.0,9.0,0.03537321090698242
55.0,7.0,7.0,0.015822649002075195
38.0,4.0,4.0,0.011284828186035156
35.0,3.0,3.0,0.010893821716308594
25.0,0.0,0.0,0.007525205612182617
15.0,1.0,1.0,0.004616737365722656
56.0,3.0,3.0,0.014763116836547852
19.0,2.0,2.0,0.005067348480224609
11.0,0.0,0.0,0.0030333995819091797
22.0,5.0,5.0,0.0061359405517578125
31.0,2.0,2.0,0.008214950561523438
19.0,4.0,4.0,0.005936861038208008
15.0,3.0,3.0,0.004106998443603516
30.0,7.0,7.0,0.007679462432861328
27.0,1.0,1.0,0.0070536136627197266
72.0,9.0,9.0,0.02098393440246582
20.0,0.0,0.0,0.005095481872558594
16.0,1.0,1.0,0.00579380989074707
19.0,0.0,0.0,0.005711078643798828
27.0,5.0,5.0,0.008372306823730469
30.0,1.0,1.0,0.007997989654541016
74.0,2.0,2.0,0.020827531814575195
56.0,13.0,13.0,0.01489567756652832
41.0,3.0,3.0,0.016295909881591797
21.0,6.0,6.0,0.008812189102172852
39.0,5.0,5.0,0.018642187118530273
32.0,0.0,0.0,0.012978076934814453
12.0,1.0,1.0,0.0034592151641845703
13.0,0.0,0.0,0.005076408386230469
16.0,2.0,2.0,0.008920431137084961
55.0,1.0,1.0,0.022765159606933594
13.0,1.0,1.0,0.004174947738647461
151.0,17.0,17.0,0.042552947998046875
73.0,15.0,15.0,0.02104496955871582
68.0,10.0,10.0,0.018301963806152344
29.0,5.0,5.0,0.010438203811645508
51.0,9.0,9.0,0.015214681625366211
26.0,1.0,1.0,0.008440971374511719
78.0,17.0,17.0,0.021497726440429688
34.0,8.0,8.0,0.009696722030639648
35.0,9.0,9.0,0.010507822036743164
66.0,6.0,6.0,0.02033686637878418
14.0,3.0,3.0,0.005001544952392578
98.0,7.0,7.0,0.026568174362182617
38.0,5.0,5.0,0.013381481170654297
11.0,0.0,0.0,0.004025459289550781
38.0,1.0,1.0,0.011097908020019531
11.0,0.0,0.0,0.003876209259033203
39.0,2.0,2.0,0.012249231338500977
40.0,7.0,7.0,0.01290130615234375
18.0,1.0,1.0,0.005708217620849609
146.0,6.0,6.0,0.04463505744934082
60.0,3.0,3.0,0.01584148406982422
14.0,2.0,2.0,0.0035097599029541016
66.0,11.0,11.0,0.017307519912719727
38.0,2.0,2.0,0.010879993438720703
21.0,1.0,1.0,0.007041215896606445
90.0,7.0,7.0,0.029830455780029297
29.0,0.0,0.0,0.007999181747436523
26.0,0.0,0.0,0.007004737854003906
76.0,6.0,6.0,0.019939661026000977
21.0,2.0,2.0,0.0060405731201171875
16.0,1.0,1.0,0.005455970764160156
100.0,18.0,18.0,0.028702259063720703
17.0,2.0,2.0,0.006428956985473633
55.0,5.0,5.0,0.015843629837036133
39.0,6.0,6.0,0.01019144058227539
49.0,3.0,3.0,0.012664079666137695
36.0,3.0,3.0,0.010161876678466797
77.0,13.0,13.0,0.02106499671936035
30.0,1.0,1.0,0.011334419250488281
15.0,0.0,0.0,0.004519462585449219
46.0,2.0,2.0,0.015729188919067383
54.0,3.0,3.0,0.01796746253967285
36.0,7.0,7.0,0.010070323944091797
16.0,2.0,2.0,0.004075050354003906
13.0,1.0,1.0,0.003772258758544922
40.0,2.0,2.0,0.0108184814453125
14.0,1.0,1.0,0.0037920475006103516
24.0,3.0,3.0,0.005535125732421875
36.0,4.0,4.0,0.01099538803100586
31.0,3.0,3.0,0.008683919906616211
14.0,1.0,1.0,0.004019021987915039
40.0,5.0,5.0,0.011747598648071289
20.0,6.0,6.0,0.005707502365112305
30.0,4.0,4.0,0.007653951644897461
27.0,3.0,3.0,0.010953187942504883
166.0,14.0,14.0,0.06289148330688477
37.0,3.0,3.0,0.010037660598754883
58.0,9.0,9.0,0.017348051071166992
21.0,0.0,0.0,0.007979631423950195
28.0,4.0,4.0,0.01333928108215332
115.0,9.0,9.0,0.035010576248168945
59.0,13.0,13.0,0.016912460327148438
16.0,1.0,1.0,0.006150722503662109
33.0,0.0,0.0,0.009765386581420898
22.0,4.0,4.0,0.006519794464111328
38.0,0.0,0.0,0.01258230209350586
77.0,9.0,9.0,0.022566795349121094
45.0,1.0,1.0,0.011713981628417969
11.0,0.0,0.0,0.003587484359741211
34.0,1.0,1.0,0.008890628814697266
17.0,2.0,2.0,0.005080699920654297
66.0,7.0,7.0,0.01783156394958496
47.0,3.0,3.0,0.011923789978027344
11.0,0.0,0.0,0.003048419952392578
15.0,0.0,0.0,0.005756378173828125
68.0,12.0,12.0,0.018941164016723633
13.0,0.0,0.0,0.004009246826171875
19.0,2.0,2.0,0.0057828426361083984
11.0,0.0,0.0,0.0037217140197753906
45.0,4.0,4.0,0.011692523956298828
60.0,9.0,9.0,0.0160520076751709
28.0,4.0,4.0,0.008994817733764648
83.0,7.0,7.0,0.025263547897338867
18.0,2.0,2.0,0.005629777908325195
14.0,2.0,2.0,0.004331350326538086
32.0,6.0,6.0,0.00876927375793457
56.0,0.0,0.0,0.01896357536315918
45.0,6.0,6.0,0.012022256851196289
27.0,1.0,1.0,0.008466005325317383
100.0,17.0,17.0,0.027477741241455078
32.0,2.0,2.0,0.009096145629882812
21.0,1.0,1.0,0.00615382194519043
69.0,18.0,18.0,0.021552562713623047
51.0,1.0,1.0,0.016907215118408203
16.0,2.0,2.0,0.005463123321533203
95.0,13.0,13.0,0.026023149490356445
120.0,16.0,16.0,0.03206443786621094
34.0,3.0,3.0,0.011184453964233398
94.0,9.0,9.0,0.026499509811401367
58.0,2.0,2.0,0.015485525131225586
37.0,4.0,4.0,0.010524272918701172
53.0,6.0,6.0,0.017665624618530273
56.0,4.0,4.0,0.01600956916809082
45.0,2.0,2.0,0.01336979866027832
51.0,5.0,5.0,0.014144659042358398
16.0,4.0,4.0,0.005602598190307617
23.0,2.0,2.0,0.006363630294799805
73.0,7.0,7.0,0.02681589126586914
65.0,11.0,11.0,0.019097328186035156
23.0,4.0,4.0,0.007032871246337891
13.0,0.0,0.0,0.0029990673065185547
15.0,0.0,0.0,0.004770517349243164
15.0,0.0,0.0,0.006005764007568359
27.0,1.0,1.0,0.010241031646728516
39.0,2.0,2.0,0.011939287185668945
42.0,5.0,5.0,0.01245880126953125
14.0,3.0,3.0,0.004470348358154297
30.0,4.0,4.0,0.012075424194335938
41.0,9.0,9.0,0.012665510177612305
29.0,3.0,3.0,0.008653640747070312
35.0,2.0,2.0,0.011849164962768555
14.0,0.0,0.0,0.0040891170501708984
19.0,3.0,3.0,0.0056896209716796875
37.0,5.0,5.0,0.010033845901489258
46.0,5.0,5.0,0.013211488723754883
20.0,1.0,1.0,0.005234718322753906
35.0,0.0,0.0,0.010415315628051758
93.0,7.0,7.0,0.02493739128112793
22.0,0.0,0.0,0.006075143814086914
69.0,7.0,7.0,0.01853156089782715
16.0,3.0,3.0,0.004652738571166992
66.0,11.0,11.0,0.0168302059173584
18.0,2.0,2.0,0.004042387008666992
90.0,7.0,7.0,0.02928924560546875
13.0,2.0,2.0,0.0035462379455566406
45.0,0.0,0.0,0.012184381484985352
15.0,3.0,3.0,0.004547834396362305
26.0,3.0,3.0,0.0067729949951171875
50.0,8.0,8.0,0.01452493667602539
35.0,2.0,2.0,0.010361909866333008
62.0,7.0,7.0,0.017214059829711914
68.0,5.0,5.0,0.020386457443237305
113.0,7.0,7.0,0.03369426727294922
22.0,2.0,2.0,0.005366086959838867
14.0,0.0,0.0,0.0035381317138671875
54.0,7.0,7.0,0.015460014343261719
38.0,6.0,6.0,0.010422945022583008
29.0,1.0,1.0,0.011748313903808594
76.0,16.0,16.0,0.023416519165039062
22.0,1.0,1.0,0.006104707717895508
117.0,18.0,18.0,0.035532474517822266
32.0,3.0,3.0,0.009637832641601562
13.0,1.0,1.0,0.0035636425018310547
34.0,4.0,4.0,0.010727167129516602
57.0,3.0,3.0,0.017568349838256836
13.0,2.0,2.0,0.004033327102661133
46.0,1.0,1.0,0.012518644332885742
15.0,3.0,3.0,0.003573179244995117
56.0,8.0,8.0,0.01691150665283203
12.0,0.0,0.0,0.0034799575805664062
36.0,0.0,0.0,0.012413501739501953
59.0,7.0,7.0,0.01747584342956543
38.0,0.0,0.0,0.013145923614501953
92.0,10.0,10.0,0.026660919189453125
12.0,0.0,0.0,0.003928661346435547
165.0,14.0,14.0,0.053229331970214844
13.0,1.0,1.0,0.00446772575378418
25.0,2.0,2.0,0.007074594497680664
13.0,0.0,0.0,0.004602909088134766
24.0,2.0,2.0,0.007291316986083984
30.0,3.0,3.0,0.011057138442993164
48.0,4.0,4.0,0.016979455947875977
65.0,7.0,7.0,0.02283477783203125
89.0,5.0,5.0,0.03164100646972656
15.0,0.0,0.0,0.006716489791870117
17.0,0.0,0.0,0.005002260208129883
19.0,1.0,1.0,0.0061550140380859375
47.0,3.0,3.0,0.015590667724609375
57.0,1.0,1.0,0.015712499618530273
66.0,8.0,8.0,0.019512653350830078
54.0,6.0,6.0,0.01730632781982422
69.0,6.0,6.0,0.021302223205566406
42.0,2.0,2.0,0.01151728630065918
141.0,27.0,27.0,0.04146718978881836
13.0,0.0,0.0,0.0037915706634521484
19.0,7.0,7.0,0.005541086196899414
32.0,3.0,3.0,0.009364843368530273
14.0,0.0,0.0,0.004982948303222656
48.0,7.0,7.0,0.015651226043701172
63.0,4.0,4.0,0.018141984939575195
58.0,6.0,6.0,0.019659996032714844
35.0,2.0,2.0,0.009994745254516602
14.0,0.0,0.0,0.0037598609924316406
13.0,0.0,0.0,0.003894329071044922
56.0,1.0,1.0,0.015253782272338867
13.0,1.0,1.0,0.0035545825958251953
15.0,1.0,1.0,0.0037622451782226562
64.0,8.0,8.0,0.018828630447387695
17.0,1.0,1.0,0.0068280696868896484
15.0,3.0,3.0,0.005512237548828125
28.0,1.0,1.0,0.007421970367431641
54.0,6.0,6.0,0.015018224716186523
44.0,2.0,2.0,0.012001991271972656
94.0,10.0,10.0,0.028389453887939453
40.0,3.0,3.0,0.010541915893554688
17.0,3.0,3.0,0.005716800689697266
12.0,0.0,0.0,0.0049974918365478516
30.0,3.0,3.0,0.00854635238647461
12.0,0.0,0.0,0.004258394241333008
86.0,12.0,12.0,0.02677607536315918
64.0,7.0,7.0,0.01655864715576172
27.0,1.0,1.0,0.007207632064819336
18.0,2.0,2.0,0.007847309112548828
62.0,16.0,16.0,0.01937556266784668
18.0,1.0,1.0,0.007455110549926758
44.0,4.0,4.0,0.011286497116088867
28.0,1.0,1.0,0.00799703598022461
107.0,4.0,4.0,0.03164839744567871
52.0,1.0,1.0,0.014465808868408203
31.0,4.0,4.0,0.009606122970581055
43.0,6.0,6.0,0.013007402420043945
21.0,3.0,3.0,0.0050008296966552734
108.0,7.0,7.0,0.030190706253051758
20.0,4.0,4.0,0.005998849868774414
20.0,0.0,0.0,0.006438493728637695
32.0,3.0,3.0,0.009208917617797852
43.0,3.0,3.0,0.011638641357421875
24.0,5.0,5.0,0.0072040557861328125
44.0,4.0,4.0,0.012012243270874023
22.0,2.0,2.0,0.008013486862182617
16.0,0.0,0.0,0.004132270812988281
24.0,3.0,3.0,0.010537147521972656
14.0,2.0,2.0,0.005262613296508789
43.0,3.0,3.0,0.014161109924316406
32.0,8.0,8.0,0.010248184204101562
13.0,0.0,0.0,0.004926919937133789
134.0,14.0,14.0,0.04104804992675781
23.0,3.0,3.0,0.0071108341217041016
18.0,0.0,0.0,0.0077724456787109375
15.0,3.0,3.0,0.0039331912994384766
11.0,0.0,0.0,0.004012107849121094
48.0,8.0,8.0,0.017666101455688477
30.0,4.0,4.0,0.009447097778320312
29.0,3.0,3.0,0.008063554763793945
15.0,2.0,2.0,0.0041120052337646484
13.0,1.0,1.0,0.003999948501586914
63.0,4.0,4.0,0.022182464599609375
20.0,3.0,3.0,0.00673675537109375
73.0,7.0,7.0,0.02218174934387207
46.0,6.0,6.0,0.012941122055053711
21.0,4.0,4.0,0.009647846221923828
16.0,1.0,1.0,0.0076982975006103516
13.0,0.0,0.0,0.0053060054779052734
57.0,9.0,9.0,0.016038894653320312
90.0,8.0,8.0,0.029933691024780273
26.0,5.0,5.0,0.007485389709472656
14.0,0.0,0.0,0.004090309143066406
96.0,5.0,5.0,0.02689671516418457
41.0,4.0,4.0,0.01523280143737793
26.0,2.0,2.0,0.010776519775390625
35.0,4.0,4.0,0.010285377502441406
97.0,12.0,12.0,0.029147624969482422
89.0,8.0,8.0,0.029238462448120117
26.0,3.0,3.0,0.007314920425415039
14.0,1.0,1.0,0.004091501235961914
45.0,0.0,0.0,0.014458179473876953
21.0,4.0,4.0,0.0064160823822021484
40.0,8.0,8.0,0.011521577835083008
78.0,13.0,13.0,0.024959087371826172
23.0,2.0,2.0,0.008379697799682617
31.0,2.0,2.0,0.009432315826416016
80.0,14.0,14.0,0.024532318115234375
24.0,5.0,5.0,0.007937431335449219
89.0,6.0,6.0,0.03202342987060547
48.0,7.0,7.0,0.014174222946166992
13.0,0.0,0.0,0.004163026809692383
140.0,12.0,12.0,0.04730224609375
46.0,2.0,2.0,0.013461589813232422
122.0,7.0,7.0,0.03449511528015137
26.0,1.0,1.0,0.006520748138427734
28.0,1.0,1.0,0.007568836212158203
15.0,2.0,2.0,0.0033392906188964844
18.0,2.0,2.0,0.004412174224853516
21.0,3.0,3.0,0.006344795227050781
12.0,0.0,0.0,0.0029342174530029297
33.0,1.0,1.0,0.010576009750366211
73.0,13.0,13.0,0.022966384887695312
12.0,1.0,1.0,0.0043926239013671875
26.0,2.0,2.0,0.007103919982910156
101.0,12.0,12.0,0.02929401397705078
53.0,4.0,4.0,0.013929605484008789
109.0,11.0,11.0,0.029682159423828125
22.0,1.0,1.0,0.005674123764038086
11.0,0.0,0.0,0.0025522708892822266
13.0,2.0,2.0,0.003016233444213867
44.0,5.0,5.0,0.012453556060791016
20.0,2.0,2.0,0.005997419357299805
47.0,4.0,4.0,0.014006376266479492
63.0,9.0,9.0,0.017796993255615234
18.0,2.0,2.0,0.0050318241119384766
42.0,2.0,2.0,0.013019084930419922
16.0,0.0,0.0,0.004274606704711914
60.0,4.0,4.0,0.01591348648071289
12.0,1.0,1.0,0.003012418746948242
16.0,1.0,1.0,0.00473475456237793
14.0,0.0,0.0,0.0047872066497802734
36.0,6.0,6.0,0.014066934585571289
12.0,0.0,0.0,0.004102945327758789
25.0,2.0,2.0,0.007243156433105469
60.0,4.0,4.0,0.017268896102905273
22.0,0.0,0.0,0.006306648254394531
30.0,6.0,6.0,0.009094715118408203
16.0,0.0,0.0,0.005010366439819336
26.0,4.0,4.0,0.007396221160888672
32.0,0.0,0.0,0.010610103607177734
126.0,12.0,12.0,0.036748409271240234
19.0,1.0,1.0,0.006182670593261719
59.0,5.0,5.0,0.016532421112060547
11.0,0.0,0.0,0.004270315170288086
29.0,2.0,2.0,0.00761103630065918
11.0,0.0,0.0,0.0029039382934570312
126.0,11.0,11.0,0.03440356254577637
61.0,9.0,9.0,0.021016359329223633
90.0,13.0,13.0,0.02535104751586914
12.0,1.0,1.0,0.003585338592529297
20.0,0.0,0.0,0.0064067840576171875
30.0,4.0,4.0,0.008426904678344727
96.0,21.0,21.0,0.026623964309692383
27.0,2.0,2.0,0.008046865463256836
39.0,3.0,3.0,0.009967565536499023
46.0,7.0,7.0,0.0153656005859375
25.0,4.0,4.0,0.007392168045043945
27.0,0.0,0.0,0.00708460807800293
33.0,7.0,7.0,0.009128332138061523
25.0,6.0,6.0,0.008282899856567383
21.0,2.0,2.0,0.005260944366455078
15.0,2.0,2.0,0.0045888423919677734
38.0,4.0,4.0,0.01188969612121582
59.0,8.0,8.0,0.02594280242919922
64.0,10.0,10.0,0.019915103912353516
33.0,3.0,3.0,0.01020359992980957
54.0,3.0,3.0,0.015294075012207031
33.0,1.0,1.0,0.008637189865112305
25.0,0.0,0.0,0.007846832275390625
113.0,14.0,14.0,0.03158712387084961
21.0,0.0,0.0,0.00574946403503418
13.0,0.0,0.0,0.0030078887939453125
17.0,1.0,1.0,0.005601644515991211
93.0,7.0,7.0,0.029421329498291016
20.0,0.0,0.0,0.005600452423095703
14.0,2.0,2.0,0.003953456878662109
40.0,2.0,2.0,0.012434959411621094
15.0,1.0,1.0,0.004544258117675781
36.0,3.0,3.0,0.011258363723754883
18.0,2.0,2.0,0.00560307502746582
74.0,11.0,11.0,0.021390199661254883
19.0,1.0,1.0,0.0075359344482421875
126.0,7.0,7.0,0.048880815505981445
28.0,2.0,2.0,0.01075887680053711
34.0,4.0,4.0,0.011606931686401367
33.0,2.0,2.0,0.012050867080688477
35.0,5.0,5.0,0.013663530349731445
18.0,2.0,2.0,0.009245157241821289
36.0,0.0,0.0,0.012160539627075195
50.0,4.0,4.0,0.020447492599487305
48.0,6.0,6.0,0.014403104782104492
20.0,1.0,1.0,0.0051500797271728516
22.0,1.0,1.0,0.0059893131256103516
52.0,8.0,8.0,0.017670392990112305
24.0,3.0,3.0,0.008403539657592773
15.0,2.0,2.0,0.0037407875061035156
31.0,2.0,2.0,0.00959014892578125
14.0,0.0,0.0,0.0039348602294921875
33.0,7.0,7.0,0.014789581298828125
15.0,2.0,2.0,0.00753331184387207
24.0,2.0,2.0,0.006110429763793945
25.0,4.0,4.0,0.0065076351165771484
31.0,6.0,6.0,0.008983850479125977
60.0,8.0,8.0,0.01671767234802246
17.0,1.0,1.0,0.005098581314086914
63.0,12.0,12.0,0.01586008071899414
50.0,5.0,5.0,0.013588905334472656
21.0,1.0,1.0,0.008323431015014648
64.0,8.0,8.0,0.0208280086517334
13.0,0.0,0.0,0.004142284393310547
56.0,5.0,5.0,0.01681041717529297
43.0,4.0,4.0,0.013000249862670898
29.0,8.0,8.0,0.010995864868164062
134.0,15.0,15.0,0.039925336837768555
22.0,4.0,4.0,0.009565591812133789
18.0,2.0,2.0,0.008674144744873047
78.0,10.0,10.0,0.02387857437133789
55.0,2.0,2.0,0.01732611656188965
39.0,3.0,3.0,0.014953851699829102
20.0,1.0,1.0,0.006546735763549805
17.0,3.0,3.0,0.005593538284301758
16.0,2.0,2.0,0.0067043304443359375
29.0,3.0,3.0,0.01124262809753418
17.0,0.0,0.0,0.006148338317871094
22.0,2.0,2.0,0.007570028305053711
114.0,17.0,17.0,0.03679800033569336
27.0,2.0,2.0,0.009547948837280273
98.0,13.0,13.0,0.03921866416931152
48.0,4.0,4.0,0.015446901321411133
56.0,5.0,5.0,0.01937580108642578
55.0,3.0,3.0,0.022707462310791016
58.0,5.0,5.0,0.026045799255371094
50.0,0.0,0.0,0.015455007553100586
15.0,0.0,0.0,0.005069255828857422
47.0,2.0,2.0,0.01230168342590332
59.0,8.0,8.0,0.01925373077392578
49.0,7.0,7.0,0.013614892959594727
18.0,0.0,0.0,0.00500178337097168
19.0,1.0,1.0,0.0067138671875
12.0,0.0,0.0,0.003663301467895508
57.0,5.0,5.0,0.015546798706054688
16.0,2.0,2.0,0.005013704299926758
67.0,8.0,8.0,0.017946720123291016
66.0,4.0,4.0,0.019670963287353516
19.0,3.0,3.0,0.007051706314086914
104.0,9.0,9.0,0.04023003578186035
20.0,0.0,0.0,0.006876230239868164
20.0,3.0,3.0,0.008036136627197266
35.0,7.0,7.0,0.011320829391479492
18.0,1.0,1.0,0.006867647171020508
37.0,4.0,4.0,0.0133514404296875
37.0,3.0,3.0,0.011503458023071289
31.0,0.0,0.0,0.009338617324829102
101.0,11.0,11.0,0.03381085395812988
13.0,1.0,1.0,0.003546476364135742
51.0,2.0,2.0,0.015302181243896484
68.0,7.0,7.0,0.017874479293823242
29.0,2.0,2.0,0.008659124374389648
41.0,2.0,2.0,0.01102590560913086
30.0,1.0,1.0,0.012608051300048828
20.0,2.0,2.0,0.0075032711029052734
87.0,2.0,2.0,0.029333829879760742
23.0,0.0,0.0,0.007934808731079102
57.0,6.0,6.0,0.0185244083404541
16.0,6.0,6.0,0.003994464874267578
23.0,3.0,3.0,0.006069183349609375
21.0,0.0,0.0,0.007007122039794922
73.0,10.0,10.0,0.025055885314941406
37.0,4.0,4.0,0.012761592864990234
14.0,0.0,0.0,0.004607677459716797
131.0,20.0,20.0,0.03686118125915527
74.0,11.0,11.0,0.02165365219116211
14.0,3.0,3.0,0.004547119140625
66.0,4.0,4.0,0.021571636199951172
33.0,1.0,1.0,0.011394739151000977
20.0,0.0,0.0,0.009143352508544922
128.0,13.0,13.0,0.038446903228759766
26.0,1.0,1.0,0.007037162780761719
19.0,1.0,1.0,0.004999637603759766
14.0,2.0,2.0,0.004000663757324219
17.0,1.0,1.0,0.003999233245849609
74.0,17.0,17.0,0.02863144874572754
70.0,3.0,3.0,0.025003433227539062
36.0,6.0,6.0,0.014630794525146484
41.0,4.0,4.0,0.014450311660766602
20.0,4.0,4.0,0.005486726760864258
65.0,7.0,7.0,0.017395973205566406
25.0,2.0,2.0,0.007013797760009766
52.0,0.0,0.0,0.014008760452270508
16.0,0.0,0.0,0.005578279495239258
19.0,2.0,2.0,0.005684852600097656
30.0,2.0,2.0,0.008002281188964844
35.0,6.0,6.0,0.00978851318359375
56.0,5.0,5.0,0.015086174011230469
27.0,3.0,3.0,0.007593870162963867
14.0,1.0,1.0,0.003749847412109375
19.0,1.0,1.0,0.005501747131347656
13.0,0.0,0.0,0.003962039947509766
12.0,1.0,1.0,0.0038623809814453125
30.0,2.0,2.0,0.008525848388671875
52.0,5.0,5.0,0.016072750091552734
61.0,4.0,4.0,0.018920421600341797
50.0,2.0,2.0,0.014953374862670898
66.0,13.0,13.0,0.018444061279296875
43.0,6.0,6.0,0.012514591217041016
13.0,1.0,1.0,0.004262208938598633
35.0,5.0,5.0,0.012439727783203125
16.0,1.0,1.0,0.005666017532348633
15.0,2.0,2.0,0.006700992584228516
29.0,5.0,5.0,0.009062528610229492
26.0,8.0,8.0,0.010278940200805664
83.0,8.0,8.0,0.029622793197631836
32.0,8.0,8.0,0.009340524673461914
15.0,1.0,1.0,0.004144430160522461
76.0,7.0,7.0,0.021887779235839844
18.0,3.0,3.0,0.0051348209381103516
76.0,7.0,7.0,0.029770612716674805
85.0,8.0,8.0,0.024054765701293945
58.0,5.0,5.0,0.017174720764160156
102.0,12.0,12.0,0.027077198028564453
30.0,0.0,0.0,0.008156299591064453
92.0,10.0,10.0,0.023998260498046875
46.0,6.0,6.0,0.015035629272460938
34.0,3.0,3.0,0.009194135665893555
15.0,2.0,2.0,0.0035407543182373047
40.0,7.0,7.0,0.010805606842041016
41.0,8.0,8.0,0.011327981948852539
37.0,2.0,2.0,0.010460376739501953
19.0,0.0,0.0,0.00659489631652832
26.0,5.0,5.0,0.007433176040649414
196.0,12.0,12.0,0.05770063400268555
22.0,7.0,7.0,0.006798744201660156
36.0,4.0,4.0,0.010649442672729492
49.0,4.0,4.0,0.021518468856811523
17.0,1.0,1.0,0.008822202682495117
26.0,3.0,3.0,0.007895708084106445
19.0,3.0,3.0,0.006161928176879883
32.0,3.0,3.0,0.009953737258911133
118.0,13.0,13.0,0.04938220977783203
48.0,3.0,3.0,0.014912128448486328
13.0,0.0,0.0,0.0048100948333740234
30.0,5.0,5.0,0.008998394012451172
46.0,6.0,6.0,0.015386104583740234
22.0,0.0,0.0,0.0074615478515625
16.0,2.0,2.0,0.004287004470825195
74.0,10.0,10.0,0.022752761840820312
25.0,5.0,5.0,0.00676274299621582
54.0,11.0,11.0,0.015352249145507812
54.0,2.0,2.0,0.02245020866394043
82.0,9.0,9.0,0.028451919555664062
32.0,4.0,4.0,0.011291265487670898
13.0,3.0,3.0,0.0039033889770507812
16.0,1.0,1.0,0.006507396697998047
129.0,13.0,13.0,0.0395054817199707
103.0,12.0,12.0,0.029690265655517578
96.0,12.0,12.0,0.030116796493530273
91.0,7.0,7.0,0.03588557243347168
32.0,2.0,2.0,0.00874948501586914
22.0,6.0,6.0,0.0067021846771240234
104.0,15.0,15.0,0.03127789497375488
19.0,2.0,2.0,0.005602836608886719
92.0,4.0,4.0,0.026844024658203125
66.0,9.0,9.0,0.02458930015563965
22.0,4.0,4.0,0.00719451904296875
36.0,3.0,3.0,0.009754657745361328
18.0,0.0,0.0,0.005185365676879883
15.0,2.0,2.0,0.0034873485565185547
20.0,4.0,4.0,0.005812644958496094
42.0,4.0,4.0,0.011981010437011719
39.0,2.0,2.0,0.01100301742553711
86.0,7.0,7.0,0.027924060821533203
91.0,6.0,6.0,0.027150630950927734
33.0,2.0,2.0,0.009772539138793945
82.0,6.0,6.0,0.02181267738342285
14.0,2.0,2.0,0.004392862319946289
46.0,5.0,5.0,0.012737035751342773
20.0,1.0,1.0,0.006657600402832031
14.0,1.0,1.0,0.005161285400390625
91.0,4.0,4.0,0.026894092559814453
22.0,2.0,2.0,0.005728483200073242
148.0,14.0,14.0,0.04163932800292969
38.0,0.0,0.0,0.009598731994628906
17.0,4.0,4.0,0.004578828811645508
13.0,2.0,2.0,0.003796100616455078
26.0,2.0,2.0,0.007375001907348633
14.0,2.0,2.0,0.004311561584472656
111.0,12.0,12.0,0.0308992862701416
14.0,0.0,0.0,0.004625558853149414
26.0,8.0,8.0,0.010876655578613281
15.0,0.0,0.0,0.005185127258300781
41.0,9.0,9.0,0.013355255126953125
19.0,2.0,2.0,0.006026744842529297
91.0,8.0,8.0,0.029290199279785156
39.0,6.0,6.0,0.010997772216796875
14.0,1.0,1.0,0.004059314727783203
15.0,0.0,0.0,0.005102872848510742
49.0,7.0,7.0,0.014963388442993164
16.0,2.0,2.0,0.004998445510864258
162.0,15.0,15.0,0.0510709285736084
24.0,0.0,0.0,0.007157802581787109
23.0,1.0,1.0,0.008247137069702148
53.0,7.0,7.0,0.01642584800720215
21.0,0.0,0.0,0.006637096405029297
13.0,1.0,1.0,0.0074310302734375
13.0,0.0,0.0,0.00624537467956543
67.0,6.0,6.0,0.02953171730041504
25.0,2.0,2.0,0.010421991348266602
76.0,8.0,8.0,0.03504443168640137
35.0,3.0,3.0,0.009592056274414062
20.0,0.0,0.0,0.007123470306396484
60.0,4.0,4.0,0.027534961700439453
15.0,0.0,0.0,0.005646467208862305
59.0,7.0,7.0,0.025551795959472656
19.0,0.0,0.0,0.005115032196044922
63.0,6.0,6.0,0.023141145706176758
44.0,5.0,5.0,0.015124797821044922
48.0,4.0,4.0,0.019716739654541016
14.0,0.0,0.0,0.004514932632446289
93.0,10.0,10.0,0.029117345809936523
16.0,1.0,1.0,0.0051572322845458984
16.0,1.0,1.0,0.0067250728607177734
17.0,0.0,0.0,0.0077667236328125
13.0,0.0,0.0,0.0075588226318359375
21.0,3.0,3.0,0.007350444793701172
26.0,5.0,5.0,0.00967860221862793
73.0,10.0,10.0,0.02269911766052246
11.0,0.0,0.0,0.00402522087097168
19.0,0.0,0.0,0.007144927978515625
142.0,15.0,15.0,0.039541006088256836
35.0,3.0,3.0,0.009524106979370117
16.0,0.0,0.0,0.004629850387573242
22.0,0.0,0.0,0.0065135955810546875
21.0,3.0,3.0,0.0072917938232421875
19.0,8.0,8.0,0.005609035491943359
44.0,6.0,6.0,0.015065670013427734
17.0,3.0,3.0,0.00537419319152832
22.0,2.0,2.0,0.0070421695709228516
89.0,8.0,8.0,0.028387784957885742
28.0,3.0,3.0,0.00812840461730957
88.0,7.0,7.0,0.02520608901977539
31.0,1.0,1.0,0.00919198989868164
42.0,5.0,5.0,0.013027667999267578
62.0,3.0,3.0,0.02028656005859375
32.0,2.0,2.0,0.007961511611938477
41.0,3.0,3.0,0.010799884796142578
41.0,6.0,6.0,0.01292872428894043
40.0,8.0,8.0,0.013443231582641602
112.0,18.0,18.0,0.03984713554382324
105.0,8.0,8.0,0.03441500663757324
37.0,10.0,10.0,0.010816574096679688
25.0,2.0,2.0,0.007701873779296875
11.0,0.0,0.0,0.004509925842285156
14.0,1.0,1.0,0.003995418548583984
55.0,6.0,6.0,0.02043938636779785
34.0,4.0,4.0,0.011693000793457031
25.0,7.0,7.0,0.009193897247314453
24.0,2.0,2.0,0.0076885223388671875
40.0,4.0,4.0,0.012669563293457031
16.0,1.0,1.0,0.005173206329345703
23.0,4.0,4.0,0.008030891418457031
17.0,0.0,0.0,0.004181623458862305
60.0,8.0,8.0,0.016881465911865234
18.0,0.0,0.0,0.00643157958984375
32.0,5.0,5.0,0.010275840759277344
73.0,8.0,8.0,0.02014470100402832
21.0,2.0,2.0,0.008035421371459961
35.0,5.0,5.0,0.011758089065551758
50.0,7.0,7.0,0.014388799667358398
122.0,17.0,17.0,0.03892970085144043
47.0,9.0,9.0,0.014825820922851562
32.0,4.0,4.0,0.009557962417602539
28.0,4.0,4.0,0.008942604064941406
12.0,0.0,0.0,0.004152536392211914
65.0,11.0,11.0,0.02382826805114746
19.0,1.0,1.0,0.006922721862792969
24.0,2.0,2.0,0.00861501693725586
29.0,5.0,5.0,0.008764982223510742
18.0,2.0,2.0,0.004836082458496094
49.0,7.0,7.0,0.014413833618164062
17.0,2.0,2.0,0.005350828170776367
54.0,3.0,3.0,0.017302513122558594
90.0,9.0,9.0,0.030651092529296875
11.0,0.0,0.0,0.0031697750091552734
145.0,20.0,20.0,0.044115304946899414
35.0,3.0,3.0,0.010480642318725586
59.0,3.0,3.0,0.01954483985900879
19.0,0.0,0.0,0.007581472396850586
23.0,0.0,0.0,0.008108854293823242
28.0,4.0,4.0,0.008278131484985352
51.0,4.0,4.0,0.014960289001464844
18.0,1.0,1.0,0.005860805511474609
34.0,1.0,1.0,0.012337684631347656
36.0,2.0,2.0,0.011339664459228516
44.0,4.0,4.0,0.012720823287963867
19.0,1.0,1.0,0.0066165924072265625
14.0,0.0,0.0,0.004111289978027344
18.0,0.0,0.0,0.006592750549316406
52.0,1.0,1.0,0.01704549789428711
49.0,1.0,1.0,0.014755010604858398
50.0,9.0,9.0,0.01439523696899414
30.0,1.0,1.0,0.009737014770507812
15.0,1.0,1.0,0.0040090084075927734
17.0,0.0,0.0,0.005587577819824219
12.0,1.0,1.0,0.003947019577026367
63.0,5.0,5.0,0.019157886505126953
18.0,1.0,1.0,0.005255937576293945
15.0,1.0,1.0,0.0051233768463134766
32.0,0.0,0.0,0.011705636978149414
18.0,1.0,1.0,0.005486011505126953
35.0,2.0,2.0,0.013092041015625
19.0,2.0,2.0,0.006454944610595703
28.0,1.0,1.0,0.008923053741455078
58.0,3.0,3.0,0.017382383346557617
60.0,4.0,4.0,0.016931533813476562
55.0,5.0,5.0,0.017683982849121094
94.0,13.0,13.0,0.028076648712158203
63.0,10.0,10.0,0.017341136932373047
30.0,1.0,1.0,0.007859945297241211
35.0,4.0,4.0,0.010255098342895508
83.0,7.0,7.0,0.02513575553894043
32.0,0.0,0.0,0.009351968765258789
16.0,1.0,1.0,0.004024505615234375
30.0,4.0,4.0,0.010240554809570312
37.0,1.0,1.0,0.011761665344238281
40.0,5.0,5.0,0.011683225631713867
81.0,11.0,11.0,0.021121501922607422
80.0,6.0,6.0,0.020299434661865234
12.0,0.0,0.0,0.0030019283294677734
143.0,14.0,14.0,0.03859448432922363
15.0,2.0,2.0,0.005074262619018555
12.0,0.0,0.0,0.0029954910278320312
14.0,1.0,1.0,0.003542661666870117
37.0,1.0,1.0,0.010375261306762695
17.0,3.0,3.0,0.004721641540527344
25.0,2.0,2.0,0.006092548370361328
17.0,2.0,2.0,0.0050432682037353516
89.0,13.0,13.0,0.02497410774230957
38.0,4.0,4.0,0.010011911392211914
42.0,2.0,2.0,0.012280702590942383
88.0,8.0,8.0,0.024286508560180664
79.0,9.0,9.0,0.024951457977294922
22.0,3.0,3.0,0.006672859191894531
18.0,0.0,0.0,0.005112886428833008
11.0,0.0,0.0,0.0030486583709716797
24.0,1.0,1.0,0.00764918327331543
30.0,3.0,3.0,0.008845090866088867
61.0,1.0,1.0,0.01767706871032715
23.0,5.0,5.0,0.005534648895263672
24.0,3.0,3.0,0.005681753158569336
29.0,5.0,5.0,0.011978864669799805
109.0,23.0,23.0,0.030541658401489258
26.0,4.0,4.0,0.0069997310638427734
14.0,0.0,0.0,0.004002809524536133
115.0,12.0,12.0,0.03585195541381836
16.0,2.0,2.0,0.0058405399322509766
32.0,1.0,1.0,0.010092735290527344
63.0,6.0,6.0,0.023373126983642578
43.0,3.0,3.0,0.013942718505859375
16.0,0.0,0.0,0.005346775054931641
22.0,1.0,1.0,0.01051640510559082
30.0,0.0,0.0,0.010822296142578125
100.0,8.0,8.0,0.02934861183166504
15.0,5.0,5.0,0.006324291229248047
66.0,2.0,2.0,0.025307893753051758
47.0,1.0,1.0,0.012571573257446289
16.0,2.0,2.0,0.005065441131591797
44.0,7.0,7.0,0.0128936767578125
23.0,0.0,0.0,0.006456136703491211
33.0,2.0,2.0,0.008655548095703125
11.0,0.0,0.0,0.0030922889709472656
42.0,4.0,4.0,0.010497093200683594
33.0,5.0,5.0,0.008539438247680664
23.0,3.0,3.0,0.007040739059448242
22.0,2.0,2.0,0.00712275505065918
57.0,9.0,9.0,0.016806364059448242
93.0,10.0,10.0,0.02501988410949707
28.0,0.0,0.0,0.007654905319213867
79.0,7.0,7.0,0.02606058120727539
37.0,5.0,5.0,0.011760711669921875
38.0,1.0,1.0,0.013020992279052734
49.0,11.0,11.0,0.01663947105407715
59.0,2.0,2.0,0.021518707275390625
45.0,3.0,3.0,0.013904333114624023
22.0,2.0,2.0,0.007264375686645508
23.0,2.0,2.0,0.0075435638427734375
16.0,1.0,1.0,0.005331754684448242
137.0,11.0,11.0,0.0526127815246582
35.0,3.0,3.0,0.009497404098510742
19.0,3.0,3.0,0.0074310302734375
28.0,1.0,1.0,0.010281562805175781
68.0,5.0,5.0,0.02087092399597168
19.0,5.0,5.0,0.0054318904876708984
42.0,4.0,4.0,0.012918233871459961
39.0,1.0,1.0,0.012061834335327148
33.0,0.0,0.0,0.016004562377929688
23.0,2.0,2.0,0.006580352783203125
25.0,3.0,3.0,0.007795810699462891
23.0,5.0,5.0,0.009058713912963867
27.0,2.0,2.0,0.00781702995300293
115.0,13.0,13.0,0.03551077842712402
147.0,11.0,11.0,0.04393935203552246
56.0,3.0,3.0,0.01569223403930664
38.0,6.0,6.0,0.010484933853149414
24.0,5.0,5.0,0.006194591522216797
94.0,8.0,8.0,0.025000572204589844
29.0,12.0,12.0,0.008599042892456055
21.0,0.0,0.0,0.005688905715942383
18.0,1.0,1.0,0.0057222843170166016
55.0,6.0,6.0,0.02240276336669922
26.0,4.0,4.0,0.013298988342285156
36.0,10.0,10.0,0.013679981231689453
29.0,0.0,0.0,0.008043766021728516
92.0,10.0,10.0,0.026203155517578125
102.0,15.0,15.0,0.04371142387390137
26.0,10.0,10.0,0.008838176727294922
149.0,14.0,14.0,0.06532120704650879
13.0,3.0,3.0,0.00408625602722168
15.0,2.0,2.0,0.004435539245605469
29.0,6.0,6.0,0.012556314468383789
192.0,27.0,27.0,0.07128763198852539
23.0,2.0,2.0,0.008322715759277344
68.0,6.0,6.0,0.02093029022216797
15.0,1.0,1.0,0.0071413516998291016
25.0,6.0,6.0,0.008000612258911133
143.0,14.0,14.0,0.042593955993652344
55.0,13.0,13.0,0.01614093780517578
22.0,3.0,3.0,0.005916595458984375
12.0,1.0,1.0,0.003281116485595703
53.0,6.0,6.0,0.01644611358642578
18.0,3.0,3.0,0.005064725875854492
14.0,1.0,1.0,0.0040547847747802734
17.0,2.0,2.0,0.007006168365478516
26.0,0.0,0.0,0.016507387161254883
13.0,1.0,1.0,0.011396169662475586
23.0,0.0,0.0,0.008072376251220703
29.0,3.0,3.0,0.008538007736206055
36.0,2.0,2.0,0.01144719123840332
19.0,0.0,0.0,0.005030393600463867
17.0,2.0,2.0,0.004098415374755859
115.0,9.0,9.0,0.03181743621826172
44.0,6.0,6.0,0.0174252986907959
42.0,5.0,5.0,0.015058755874633789
94.0,5.0,5.0,0.03411698341369629
11.0,0.0,0.0,0.003044605255126953
23.0,1.0,1.0,0.0066127777099609375
31.0,2.0,2.0,0.008403539657592773
26.0,4.0,4.0,0.00751185417175293
51.0,5.0,5.0,0.01498270034790039
20.0,1.0,1.0,0.0070073604583740234
52.0,5.0,5.0,0.014228582382202148
14.0,2.0,2.0,0.005125284194946289
26.0,0.0,0.0,0.008083581924438477
76.0,11.0,11.0,0.024389982223510742
34.0,13.0,13.0,0.011001825332641602
36.0,3.0,3.0,0.01150655746459961
22.0,1.0,1.0,0.006516456604003906
32.0,3.0,3.0,0.010557413101196289
64.0,2.0,2.0,0.02598261833190918
53.0,4.0,4.0,0.017722606658935547
40.0,2.0,2.0,0.014731884002685547
48.0,4.0,4.0,0.01676154136657715
83.0,20.0,20.0,0.02599310874938965
32.0,3.0,3.0,0.010993719100952148
57.0,5.0,5.0,0.017171621322631836
12.0,0.0,0.0,0.0032672882080078125
12.0,0.0,0.0,0.004519939422607422
18.0,2.0,2.0,0.005010128021240234
59.0,5.0,5.0,0.015865802764892578
41.0,4.0,4.0,0.011643171310424805
59.0,7.0,7.0,0.0191495418548584
25.0,2.0,2.0,0.008004903793334961
12.0,1.0,1.0,0.003286123275756836
32.0,8.0,8.0,0.008678436279296875
42.0,6.0,6.0,0.01193857192993164
22.0,1.0,1.0,0.007151365280151367
43.0,3.0,3.0,0.01567363739013672
35.0,2.0,2.0,0.010161399841308594
22.0,1.0,1.0,0.006325483322143555
57.0,3.0,3.0,0.020566463470458984
23.0,1.0,1.0,0.007261753082275391
53.0,8.0,8.0,0.020139455795288086
25.0,3.0,3.0,0.010430335998535156
96.0,13.0,13.0,0.03644728660583496
91.0,9.0,9.0,0.03019237518310547
23.0,2.0,2.0,0.005988121032714844
38.0,8.0,8.0,0.01212930679321289
66.0,11.0,11.0,0.022210121154785156
41.0,2.0,2.0,0.014836311340332031
30.0,4.0,4.0,0.01003885269165039
24.0,2.0,2.0,0.008719921112060547
24.0,2.0,2.0,0.008324861526489258
57.0,10.0,10.0,0.01537942886352539
21.0,1.0,1.0,0.007642269134521484
70.0,12.0,12.0,0.02116250991821289
24.0,0.0,0.0,0.006303548812866211
84.0,9.0,9.0,0.02626490592956543
38.0,4.0,4.0,0.012121438980102539
13.0,1.0,1.0,0.004179716110229492
57.0,5.0,5.0,0.016474246978759766
22.0,4.0,4.0,0.00768733024597168
36.0,5.0,5.0,0.009787559509277344
12.0,1.0,1.0,0.003311634063720703
14.0,1.0,1.0,0.004000663757324219
30.0,3.0,3.0,0.011054039001464844
26.0,5.0,5.0,0.008270025253295898
106.0,7.0,7.0,0.03084588050842285
43.0,4.0,4.0,0.012250185012817383
21.0,5.0,5.0,0.005652189254760742
125.0,13.0,13.0,0.0373988151550293
45.0,1.0,1.0,0.011976957321166992
18.0,2.0,2.0,0.004058122634887695
26.0,2.0,2.0,0.008131027221679688
50.0,7.0,7.0,0.013013362884521484
15.0,1.0,1.0,0.004174470901489258
186.0,7.0,7.0,0.05737471580505371
56.0,3.0,3.0,0.019635438919067383
40.0,2.0,2.0,0.01218557357788086
56.0,7.0,7.0,0.01659703254699707
24.0,0.0,0.0,0.007421970367431641
13.0,0.0,0.0,0.00410771369934082
25.0,2.0,2.0,0.00974273681640625
17.0,1.0,1.0,0.0040929317474365234
12.0,1.0,1.0,0.003133058547973633
12.0,1.0,1.0,0.0044248104095458984
15.0,2.0,2.0,0.004296541213989258
129.0,8.0,8.0,0.03886580467224121
41.0,3.0,3.0,0.01405024528503418
15.0,2.0,2.0,0.004142284393310547
80.0,13.0,13.0,0.023239612579345703
11.0,0.0,0.0,0.003045320510864258
13.0,1.0,1.0,0.00418543815612793
80.0,10.0,10.0,0.023179054260253906
29.0,5.0,5.0,0.008486509323120117
25.0,2.0,2.0,0.00754857063293457
26.0,1.0,1.0,0.007824182510375977
11.0,0.0,0.0,0.003996610641479492
44.0,6.0,6.0,0.014654397964477539
26.0,3.0,3.0,0.00819087028503418
23.0,0.0,0.0,0.00604701042175293
32.0,2.0,2.0,0.010352611541748047
11.0,0.0,0.0,0.003011465072631836
66.0,8.0,8.0,0.020165681838989258
32.0,2.0,2.0,0.011150121688842773
40.0,13.0,13.0,0.015414714813232422
36.0,5.0,5.0,0.01346898078918457
26.0,2.0,2.0,0.010101079940795898
72.0,5.0,5.0,0.021312952041625977
21.0,1.0,1.0,0.0071125030517578125
23.0,2.0,2.0,0.006288290023803711
29.0,4.0,4.0,0.010683774948120117
12.0,1.0,1.0,0.0042667388916015625
110.0,17.0,17.0,0.036890506744384766
20.0,4.0,4.0,0.007231950759887695
41.0,6.0,6.0,0.01296377182006836
80.0,11.0,11.0,0.02201557159423828
50.0,3.0,3.0,0.01498723030090332
80.0,10.0,10.0,0.025506258010864258
50.0,1.0,1.0,0.014917135238647461
31.0,1.0,1.0,0.009275436401367188
30.0,8.0,8.0,0.009850502014160156
46.0,6.0,6.0,0.01450800895690918
12.0,1.0,1.0,0.004428863525390625
17.0,2.0,2.0,0.00519871711730957
60.0,12.0,12.0,0.019800662994384766
28.0,7.0,7.0,0.011053085327148438
12.0,0.0,0.0,0.004354238510131836
77.0,8.0,8.0,0.02490520477294922
18.0,0.0,0.0,0.006073951721191406
34.0,5.0,5.0,0.01517939567565918
33.0,1.0,1.0,0.00960683822631836
23.0,4.0,4.0,0.006407260894775391
39.0,3.0,3.0,0.011595964431762695
26.0,0.0,0.0,0.00967717170715332
17.0,4.0,4.0,0.0039997100830078125
12.0,0.0,0.0,0.00400090217590332
112.0,8.0,8.0,0.03661060333251953
89.0,13.0,13.0,0.027427196502685547
21.0,2.0,2.0,0.0056574344635009766
14.0,1.0,1.0,0.0041162967681884766
54.0,5.0,5.0,0.014272451400756836
13.0,0.0,0.0,0.004055976867675781
23.0,6.0,6.0,0.005506753921508789
38.0,2.0,2.0,0.011564254760742188
20.0,3.0,3.0,0.0046617984771728516
34.0,2.0,2.0,0.009160041809082031
22.0,3.0,3.0,0.00706934928894043
49.0,2.0,2.0,0.01702117919921875
96.0,5.0,5.0,0.032204627990722656
12.0,0.0,0.0,0.003142833709716797
21.0,2.0,2.0,0.007401704788208008
104.0,14.0,14.0,0.03117990493774414
14.0,2.0,2.0,0.005364894866943359
19.0,5.0,5.0,0.0067708492279052734
48.0,4.0,4.0,0.014220714569091797
117.0,18.0,18.0,0.03864693641662598
37.0,1.0,1.0,0.01021885871887207
62.0,3.0,3.0,0.019388198852539062
29.0,2.0,2.0,0.008261680603027344
14.0,1.0,1.0,0.004227399826049805
33.0,6.0,6.0,0.009112119674682617
35.0,4.0,4.0,0.010010004043579102
12.0,1.0,1.0,0.004434108734130859
39.0,4.0,4.0,0.012647867202758789
38.0,18.0,18.0,0.010417938232421875
94.0,12.0,12.0,0.02730846405029297
17.0,0.0,0.0,0.005124330520629883
58.0,1.0,1.0,0.01889967918395996
21.0,1.0,1.0,0.005993366241455078
89.0,4.0,4.0,0.031037092208862305
13.0,2.0,2.0,0.0032224655151367188
127.0,5.0,5.0,0.035852670669555664
71.0,6.0,6.0,0.02071976661682129
13.0,1.0,1.0,0.004161357879638672
50.0,3.0,3.0,0.012848138809204102
50.0,5.0,5.0,0.01578807830810547
61.0,8.0,8.0,0.017029523849487305
36.0,1.0,1.0,0.009609699249267578
22.0,0.0,0.0,0.0070953369140625
31.0,4.0,4.0,0.01078939437866211
83.0,10.0,10.0,0.025621414184570312
19.0,0.0,0.0,0.006253480911254883
70.0,6.0,6.0,0.024831056594848633
22.0,0.0,0.0,0.005136251449584961
17.0,0.0,0.0,0.005493640899658203
60.0,6.0,6.0,0.022875070571899414
51.0,3.0,3.0,0.018628597259521484
24.0,3.0,3.0,0.0064504146575927734
177.0,19.0,19.0,0.059352874755859375
41.0,2.0,2.0,0.011767387390136719
12.0,1.0,1.0,0.002805471420288086
102.0,5.0,5.0,0.029773235321044922
81.0,18.0,18.0,0.024455547332763672
21.0,3.0,3.0,0.005651712417602539
30.0,4.0,4.0,0.007901906967163086
88.0,13.0,13.0,0.024337291717529297
120.0,11.0,11.0,0.03304862976074219
27.0,1.0,1.0,0.008122682571411133
16.0,0.0,0.0,0.00487971305847168
59.0,7.0,7.0,0.017288923263549805
19.0,2.0,2.0,0.006025791168212891
25.0,5.0,5.0,0.008447408676147461
17.0,1.0,1.0,0.005040645599365234
20.0,5.0,5.0,0.007181644439697266
21.0,0.0,0.0,0.006707191467285156
21.0,2.0,2.0,0.008828401565551758
37.0,1.0,1.0,0.009886503219604492
16.0,0.0,0.0,0.005129098892211914
17.0,2.0,2.0,0.0052607059478759766
37.0,2.0,2.0,0.010593175888061523
15.0,0.0,0.0,0.003980398178100586
163.0,18.0,18.0,0.04877781867980957
26.0,3.0,3.0,0.008013725280761719
41.0,2.0,2.0,0.01599740982055664
20.0,3.0,3.0,0.006263256072998047
17.0,1.0,1.0,0.004544258117675781
15.0,3.0,3.0,0.004243612289428711
34.0,0.0,0.0,0.016462087631225586
77.0,5.0,5.0,0.030922412872314453
12.0,1.0,1.0,0.004704713821411133
14.0,0.0,0.0,0.004263639450073242
44.0,6.0,6.0,0.01726555824279785
25.0,0.0,0.0,0.009455442428588867
13.0,1.0,1.0,0.003337383270263672
14.0,2.0,2.0,0.0044116973876953125
15.0,2.0,2.0,0.0075418949127197266
17.0,1.0,1.0,0.004208564758300781
31.0,2.0,2.0,0.010137319564819336
44.0,2.0,2.0,0.016396760940551758
22.0,5.0,5.0,0.005999326705932617
11.0,0.0,0.0,0.004273891448974609
23.0,2.0,2.0,0.014028072357177734
16.0,0.0,0.0,0.007112026214599609
44.0,13.0,13.0,0.024425506591796875
14.0,1.0,1.0,0.007630348205566406
23.0,6.0,6.0,0.010501861572265625
56.0,9.0,9.0,0.01952528953552246
31.0,1.0,1.0,0.008582592010498047
28.0,2.0,2.0,0.007693290710449219
26.0,2.0,2.0,0.0076410770416259766
16.0,0.0,0.0,0.00443720817565918
28.0,4.0,4.0,0.00967097282409668
66.0,4.0,4.0,0.02287578582763672
34.0,0.0,0.0,0.010864019393920898
22.0,0.0,0.0,0.008500337600708008
27.0,2.0,2.0,0.009468317031860352
178.0,19.0,19.0,0.05905413627624512
40.0,12.0,12.0,0.015607357025146484
71.0,3.0,3.0,0.023418903350830078
65.0,11.0,11.0,0.01880955696105957
27.0,4.0,4.0,0.009000778198242188
138.0,17.0,17.0,0.04585981369018555
19.0,0.0,0.0,0.005251169204711914
13.0,1.0,1.0,0.0070095062255859375
28.0,4.0,4.0,0.010777950286865234
52.0,5.0,5.0,0.01644754409790039
47.0,0.0,0.0,0.013171195983886719
13.0,0.0,0.0,0.003465890884399414
46.0,11.0,11.0,0.013362646102905273
24.0,4.0,4.0,0.006733417510986328
28.0,3.0,3.0,0.009976625442504883
57.0,7.0,7.0,0.02093815803527832
20.0,1.0,1.0,0.006044864654541016
63.0,9.0,9.0,0.019415855407714844
16.0,4.0,4.0,0.0050466060638427734
33.0,8.0,8.0,0.010163068771362305
90.0,11.0,11.0,0.03520941734313965
18.0,1.0,1.0,0.006460428237915039
56.0,2.0,2.0,0.017079591751098633
18.0,0.0,0.0,0.006796598434448242
16.0,2.0,2.0,0.00615382194519043
23.0,1.0,1.0,0.009469270706176758
25.0,2.0,2.0,0.01033782958984375
35.0,1.0,1.0,0.013931512832641602
28.0,2.0,2.0,0.01171565055847168
22.0,1.0,1.0,0.007355451583862305
64.0,4.0,4.0,0.02124619483947754
58.0,7.0,7.0,0.016394853591918945
26.0,4.0,4.0,0.0073146820068359375
44.0,4.0,4.0,0.013844013214111328
25.0,0.0,0.0,0.007354259490966797
51.0,5.0,5.0,0.017417192459106445
32.0,1.0,1.0,0.009073972702026367
78.0,5.0,5.0,0.023844480514526367
13.0,0.0,0.0,0.004145622253417969
36.0,2.0,2.0,0.013506174087524414
47.0,6.0,6.0,0.014142751693725586
19.0,3.0,3.0,0.0061647891998291016
64.0,15.0,15.0,0.02428889274597168
23.0,4.0,4.0,0.006002664566040039
12.0,0.0,0.0,0.003298521041870117
14.0,1.0,1.0,0.003667116165161133
78.0,11.0,11.0,0.021625995635986328
42.0,4.0,4.0,0.01348876953125
39.0,9.0,9.0,0.011430978775024414
20.0,1.0,1.0,0.004559755325317383
49.0,7.0,7.0,0.013542890548706055
29.0,4.0,4.0,0.008184432983398438
25.0,2.0,2.0,0.006194114685058594
52.0,5.0,5.0,0.022119998931884766
82.0,10.0,10.0,0.024049758911132812
76.0,6.0,6.0,0.021244525909423828
26.0,3.0,3.0,0.007170915603637695
83.0,9.0,9.0,0.02817392349243164
26.0,5.0,5.0,0.006719827651977539
43.0,9.0,9.0,0.011238336563110352
84.0,14.0,14.0,0.022747039794921875
87.0,4.0,4.0,0.024158477783203125
48.0,2.0,2.0,0.013519287109375
14.0,1.0,1.0,0.003596067428588867
28.0,0.0,0.0,0.00802302360534668
51.0,4.0,4.0,0.014375686645507812
37.0,5.0,5.0,0.011047601699829102
15.0,0.0,0.0,0.004085540771484375
46.0,11.0,11.0,0.015655040740966797
94.0,7.0,7.0,0.03275632858276367
33.0,4.0,4.0,0.008690595626831055
14.0,2.0,2.0,0.0035572052001953125
39.0,6.0,6.0,0.01058053970336914
51.0,2.0,2.0,0.015943050384521484
46.0,11.0,11.0,0.012336492538452148
53.0,2.0,2.0,0.013778448104858398
52.0,3.0,3.0,0.018323659896850586
21.0,2.0,2.0,0.01015162467956543
65.0,9.0,9.0,0.02680230140686035
38.0,5.0,5.0,0.011398792266845703
21.0,1.0,1.0,0.007127046585083008
69.0,13.0,13.0,0.02391672134399414
18.0,2.0,2.0,0.00946044921875
56.0,6.0,6.0,0.018829822540283203
32.0,5.0,5.0,0.012199878692626953
20.0,5.0,5.0,0.005883216857910156
23.0,2.0,2.0,0.006555795669555664
18.0,0.0,0.0,0.005087852478027344
12.0,0.0,0.0,0.0036957263946533203
29.0,2.0,2.0,0.008697509765625
16.0,1.0,1.0,0.00503993034362793
101.0,16.0,16.0,0.03216266632080078
87.0,4.0,4.0,0.03246188163757324
13.0,1.0,1.0,0.005359649658203125
14.0,1.0,1.0,0.007167339324951172
54.0,2.0,2.0,0.022065401077270508
20.0,0.0,0.0,0.006518363952636719
22.0,4.0,4.0,0.006642818450927734
55.0,3.0,3.0,0.015403032302856445
21.0,1.0,1.0,0.005179405212402344
44.0,4.0,4.0,0.011996984481811523
13.0,0.0,0.0,0.004007577896118164
13.0,0.0,0.0,0.004381418228149414
21.0,1.0,1.0,0.008726119995117188
17.0,2.0,2.0,0.005106449127197266
12.0,1.0,1.0,0.0037384033203125
30.0,0.0,0.0,0.00906062126159668
25.0,1.0,1.0,0.006785392761230469
33.0,6.0,6.0,0.009334564208984375
104.0,8.0,8.0,0.029005050659179688
26.0,1.0,1.0,0.007315874099731445
25.0,3.0,3.0,0.007790088653564453
42.0,1.0,1.0,0.013919591903686523
14.0,2.0,2.0,0.0045435428619384766
13.0,0.0,0.0,0.004003286361694336
96.0,15.0,15.0,0.03722357749938965
28.0,1.0,1.0,0.010663747787475586
25.0,4.0,4.0,0.008004426956176758
44.0,8.0,8.0,0.01538395881652832
144.0,18.0,18.0,0.055489301681518555
45.0,8.0,8.0,0.02090167999267578
23.0,2.0,2.0,0.006769657135009766
49.0,3.0,3.0,0.021004676818847656
79.0,14.0,14.0,0.0248410701751709
35.0,2.0,2.0,0.011635780334472656
41.0,6.0,6.0,0.016125917434692383
18.0,1.0,1.0,0.006519317626953125
12.0,1.0,1.0,0.0034971237182617188
24.0,0.0,0.0,0.0066149234771728516
17.0,4.0,4.0,0.005998849868774414
13.0,0.0,0.0,0.004108428955078125
14.0,0.0,0.0,0.004653453826904297
11.0,0.0,0.0,0.003601551055908203
65.0,3.0,3.0,0.0183258056640625
65.0,6.0,6.0,0.019600391387939453
33.0,2.0,2.0,0.01018214225769043
63.0,5.0,5.0,0.01860213279724121
14.0,2.0,2.0,0.0036895275115966797
29.0,9.0,9.0,0.010167598724365234
14.0,1.0,1.0,0.0064542293548583984
26.0,5.0,5.0,0.012003660202026367
49.0,5.0,5.0,0.014008522033691406
13.0,1.0,1.0,0.003607034683227539
25.0,2.0,2.0,0.006071805953979492
25.0,1.0,1.0,0.009660720825195312
26.0,3.0,3.0,0.008879899978637695
42.0,6.0,6.0,0.013883113861083984
35.0,2.0,2.0,0.010708093643188477
49.0,6.0,6.0,0.012516975402832031
55.0,7.0,7.0,0.014999628067016602
59.0,3.0,3.0,0.0167696475982666
13.0,0.0,0.0,0.0035305023193359375
13.0,2.0,2.0,0.0029973983764648438
40.0,5.0,5.0,0.01874709129333496
16.0,1.0,1.0,0.004405021667480469
80.0,5.0,5.0,0.027416706085205078
11.0,0.0,0.0,0.0031638145446777344
15.0,1.0,1.0,0.005008697509765625
37.0,2.0,2.0,0.01604318618774414
97.0,10.0,10.0,0.036473989486694336
56.0,3.0,3.0,0.019721269607543945
17.0,0.0,0.0,0.00500035285949707
21.0,7.0,7.0,0.0065593719482421875
21.0,2.0,2.0,0.005008220672607422
19.0,0.0,0.0,0.004999399185180664
30.0,5.0,5.0,0.008008480072021484
22.0,2.0,2.0,0.006000518798828125
51.0,2.0,2.0,0.015518426895141602
36.0,1.0,1.0,0.010570049285888672
52.0,9.0,9.0,0.0169522762298584
37.0,5.0,5.0,0.009357452392578125
39.0,6.0,6.0,0.011931896209716797
13.0,1.0,1.0,0.003997802734375
81.0,9.0,9.0,0.03727865219116211
92.0,4.0,4.0,0.03277111053466797
16.0,0.0,0.0,0.00419163703918457
32.0,1.0,1.0,0.009291887283325195
34.0,0.0,0.0,0.016688823699951172
18.0,0.0,0.0,0.006029367446899414
23.0,1.0,1.0,0.007745504379272461
11.0,0.0,0.0,0.0036859512329101562
85.0,9.0,9.0,0.027805566787719727
20.0,1.0,1.0,0.006077289581298828
66.0,8.0,8.0,0.019577741622924805
20.0,1.0,1.0,0.007991552352905273
53.0,6.0,6.0,0.022730112075805664
16.0,2.0,2.0,0.0070688724517822266
105.0,14.0,14.0,0.03030562400817871
34.0,4.0,4.0,0.00950002670288086
47.0,2.0,2.0,0.013153553009033203
30.0,3.0,3.0,0.007642030715942383
41.0,1.0,1.0,0.01178884506225586
20.0,1.0,1.0,0.005509853363037109
99.0,12.0,12.0,0.0271456241607666
55.0,0.0,0.0,0.015518665313720703
18.0,3.0,3.0,0.007514476776123047
32.0,0.0,0.0,0.009018659591674805
20.0,1.0,1.0,0.006509304046630859
13.0,0.0,0.0,0.004411220550537109
13.0,0.0,0.0,0.0030002593994140625
126.0,10.0,10.0,0.03977394104003906
50.0,3.0,3.0,0.01641058921813965
22.0,2.0,2.0,0.0056078433990478516
24.0,4.0,4.0,0.0072917938232421875
15.0,2.0,2.0,0.0050201416015625
35.0,2.0,2.0,0.009419679641723633
35.0,3.0,3.0,0.010206937789916992
34.0,2.0,2.0,0.008543252944946289
18.0,3.0,3.0,0.004282474517822266
107.0,10.0,10.0,0.02958059310913086
45.0,4.0,4.0,0.01303410530090332
14.0,3.0,3.0,0.01199960708618164
60.0,10.0,10.0,0.018683910369873047
38.0,2.0,2.0,0.012434720993041992
20.0,0.0,0.0,0.0076406002044677734
82.0,6.0,6.0,0.02541208267211914
172.0,15.0,15.0,0.06119418144226074
95.0,16.0,16.0,0.030392169952392578
27.0,4.0,4.0,0.008327960968017578
17.0,1.0,1.0,0.005360841751098633
60.0,5.0,5.0,0.018041133880615234
35.0,9.0,9.0,0.010682344436645508
21.0,0.0,0.0,0.006636619567871094
66.0,4.0,4.0,0.02012777328491211
53.0,4.0,4.0,0.01751089096069336
27.0,2.0,2.0,0.009509801864624023
40.0,9.0,9.0,0.012706279754638672
14.0,1.0,1.0,0.005003213882446289
18.0,1.0,1.0,0.00449061393737793
31.0,0.0,0.0,0.010561227798461914
18.0,2.0,2.0,0.0061244964599609375
17.0,4.0,4.0,0.0055124759674072266
13.0,1.0,1.0,0.005094766616821289
16.0,5.0,5.0,0.00586247444152832
81.0,12.0,12.0,0.026851892471313477
36.0,1.0,1.0,0.01245427131652832
60.0,3.0,3.0,0.025081157684326172
37.0,7.0,7.0,0.018023967742919922
37.0,6.0,6.0,0.012583732604980469
36.0,4.0,4.0,0.012131929397583008
24.0,3.0,3.0,0.007711887359619141
27.0,5.0,5.0,0.00808262825012207
115.0,12.0,12.0,0.031172513961791992
31.0,3.0,3.0,0.010675430297851562
42.0,4.0,4.0,0.012931108474731445
27.0,7.0,7.0,0.006968975067138672
26.0,3.0,3.0,0.007162809371948242
46.0,2.0,2.0,0.014673233032226562
23.0,2.0,2.0,0.006993770599365234
57.0,5.0,5.0,0.019216060638427734
34.0,4.0,4.0,0.011060476303100586
55.0,1.0,1.0,0.01702594757080078
27.0,4.0,4.0,0.00839853286743164
16.0,0.0,0.0,0.005044221878051758
158.0,20.0,20.0,0.045556068420410156
48.0,8.0,8.0,0.013007164001464844
41.0,6.0,6.0,0.013049840927124023
37.0,7.0,7.0,0.01303553581237793
49.0,7.0,7.0,0.019033193588256836
18.0,1.0,1.0,0.006501197814941406
38.0,1.0,1.0,0.012617349624633789
24.0,2.0,2.0,0.009004592895507812
30.0,3.0,3.0,0.012722253799438477
14.0,0.0,0.0,0.004996299743652344
60.0,13.0,13.0,0.02108168601989746
26.0,2.0,2.0,0.009639501571655273
62.0,3.0,3.0,0.019966840744018555
68.0,8.0,8.0,0.020327091217041016
70.0,9.0,9.0,0.023473262786865234
25.0,4.0,4.0,0.007817983627319336
24.0,2.0,2.0,0.007273674011230469
42.0,2.0,2.0,0.012239933013916016
133.0,12.0,12.0,0.035829782485961914
13.0,1.0,1.0,0.004009246826171875
50.0,5.0,5.0,0.013503789901733398
62.0,3.0,3.0,0.018080949783325195
42.0,11.0,11.0,0.01906275749206543
98.0,9.0,9.0,0.03534722328186035
92.0,3.0,3.0,0.02756786346435547
29.0,1.0,1.0,0.008847713470458984
43.0,4.0,4.0,0.013565301895141602
34.0,2.0,2.0,0.010756731033325195
37.0,4.0,4.0,0.011147022247314453
19.0,4.0,4.0,0.00501251220703125
53.0,5.0,5.0,0.014663934707641602
28.0,1.0,1.0,0.00830984115600586
14.0,0.0,0.0,0.004049777984619141
76.0,7.0,7.0,0.0211031436920166
59.0,4.0,4.0,0.01561880111694336
34.0,3.0,3.0,0.009520530700683594
11.0,0.0,0.0,0.0028595924377441406
12.0,1.0,1.0,0.002997875213623047
38.0,0.0,0.0,0.011745691299438477
59.0,5.0,5.0,0.016997337341308594
113.0,18.0,18.0,0.03347444534301758
156.0,16.0,16.0,0.04280996322631836
23.0,2.0,2.0,0.006483793258666992
15.0,0.0,0.0,0.00526738166809082
32.0,2.0,2.0,0.011996984481811523
62.0,4.0,4.0,0.018613576889038086
28.0,1.0,1.0,0.008998632431030273
56.0,5.0,5.0,0.01900482177734375
21.0,4.0,4.0,0.006674766540527344
65.0,6.0,6.0,0.025528430938720703
68.0,11.0,11.0,0.028737306594848633
27.0,0.0,0.0,0.01055455207824707
35.0,3.0,3.0,0.011077642440795898
57.0,10.0,10.0,0.016472578048706055
16.0,3.0,3.0,0.006514787673950195
85.0,14.0,14.0,0.025633811950683594
118.0,11.0,11.0,0.03641676902770996
35.0,5.0,5.0,0.012080907821655273
21.0,4.0,4.0,0.008686542510986328
40.0,3.0,3.0,0.014316082000732422
25.0,2.0,2.0,0.012583732604980469
29.0,8.0,8.0,0.012359857559204102
28.0,1.0,1.0,0.011241674423217773
31.0,5.0,5.0,0.011810064315795898
25.0,3.0,3.0,0.007445096969604492
48.0,3.0,3.0,0.015174627304077148
66.0,5.0,5.0,0.023036718368530273
25.0,2.0,2.0,0.01039576530456543
21.0,2.0,2.0,0.008027076721191406
40.0,3.0,3.0,0.012700319290161133
37.0,0.0,0.0,0.013868331909179688
57.0,5.0,5.0,0.026662111282348633
47.0,3.0,3.0,0.017234086990356445
27.0,3.0,3.0,0.00972604751586914
82.0,6.0,6.0,0.03118276596069336
55.0,12.0,12.0,0.02324652671813965
189.0,25.0,25.0,0.06731653213500977
56.0,8.0,8.0,0.01937413215637207
52.0,5.0,5.0,0.015629291534423828
38.0,5.0,5.0,0.009955406188964844
20.0,3.0,3.0,0.006231784820556641
16.0,1.0,1.0,0.0058825016021728516
34.0,5.0,5.0,0.011410951614379883
15.0,4.0,4.0,0.00485682487487793
110.0,6.0,6.0,0.036368608474731445
73.0,7.0,7.0,0.021872282028198242
18.0,3.0,3.0,0.0051422119140625
54.0,2.0,2.0,0.015401363372802734
105.0,13.0,13.0,0.030870676040649414
20.0,1.0,1.0,0.006419658660888672
90.0,5.0,5.0,0.03356146812438965
26.0,1.0,1.0,0.009587764739990234
79.0,9.0,9.0,0.029881954193115234
75.0,11.0,11.0,0.03436398506164551
19.0,0.0,0.0,0.007395029067993164
55.0,3.0,3.0,0.018433809280395508
13.0,2.0,2.0,0.006459236145019531
13.0,1.0,1.0,0.006998538970947266
42.0,6.0,6.0,0.014998912811279297
45.0,2.0,2.0,0.017220258712768555
35.0,2.0,2.0,0.01451420783996582
75.0,9.0,9.0,0.029649019241333008
50.0,6.0,6.0,0.014418840408325195
13.0,0.0,0.0,0.003515481948852539
24.0,1.0,1.0,0.009225606918334961
16.0,1.0,1.0,0.004260063171386719
12.0,0.0,0.0,0.0029931068420410156
56.0,6.0,6.0,0.0171201229095459
79.0,2.0,2.0,0.027467012405395508
40.0,3.0,3.0,0.01285099983215332
47.0,4.0,4.0,0.014870405197143555
22.0,1.0,1.0,0.00690150260925293
13.0,0.0,0.0,0.004227161407470703
32.0,7.0,7.0,0.008465290069580078
24.0,1.0,1.0,0.0094451904296875
39.0,3.0,3.0,0.01230478286743164
148.0,8.0,8.0,0.0485992431640625
21.0,7.0,7.0,0.010468006134033203
11.0,0.0,0.0,0.003999233245849609
36.0,8.0,8.0,0.01356053352355957
14.0,1.0,1.0,0.005475282669067383
15.0,2.0,2.0,0.004882097244262695
14.0,1.0,1.0,0.004170894622802734
20.0,1.0,1.0,0.0072133541107177734
71.0,6.0,6.0,0.02923870086669922
51.0,5.0,5.0,0.019144296646118164
91.0,8.0,8.0,0.025241374969482422
29.0,2.0,2.0,0.008759498596191406
11.0,0.0,0.0,0.004029989242553711
130.0,7.0,7.0,0.03488445281982422
78.0,2.0,2.0,0.020838260650634766
22.0,2.0,2.0,0.005000114440917969
31.0,4.0,4.0,0.007790327072143555
26.0,0.0,0.0,0.007940053939819336
26.0,2.0,2.0,0.01474452018737793
15.0,1.0,1.0,0.0052928924560546875
27.0,1.0,1.0,0.008073091506958008
112.0,2.0,2.0,0.040859222412109375
33.0,1.0,1.0,0.012707233428955078
45.0,5.0,5.0,0.014827966690063477
111.0,6.0,6.0,0.03369617462158203
198.0,15.0,15.0,0.07642698287963867
85.0,15.0,15.0,0.022854089736938477
13.0,0.0,0.0,0.004008769989013672
35.0,5.0,5.0,0.00911712646484375
41.0,3.0,3.0,0.010116338729858398
19.0,2.0,2.0,0.0050165653228759766
27.0,0.0,0.0,0.00838780403137207
62.0,5.0,5.0,0.016853809356689453
100.0,11.0,11.0,0.02564716339111328
27.0,0.0,0.0,0.006611824035644531
22.0,3.0,3.0,0.0061244964599609375
95.0,9.0,9.0,0.029522418975830078
252.0,23.0,23.0,0.08735871315002441
39.0,5.0,5.0,0.011543035507202148
50.0,3.0,3.0,0.016176462173461914
35.0,0.0,0.0,0.01280665397644043
33.0,4.0,4.0,0.012603282928466797
63.0,3.0,3.0,0.025214195251464844
24.0,3.0,3.0,0.010744333267211914
63.0,6.0,6.0,0.025353431701660156
48.0,5.0,5.0,0.014978170394897461
66.0,12.0,12.0,0.025095224380493164
78.0,11.0,11.0,0.02359795570373535
30.0,3.0,3.0,0.012644052505493164
74.0,9.0,9.0,0.02506279945373535
12.0,0.0,0.0,0.004119873046875
69.0,6.0,6.0,0.02288508415222168
22.0,1.0,1.0,0.005997896194458008
28.0,5.0,5.0,0.011900901794433594
12.0,0.0,0.0,0.0050089359283447266
50.0,8.0,8.0,0.01630115509033203
12.0,0.0,0.0,0.0043718814849853516
17.0,0.0,0.0,0.008603334426879883
24.0,1.0,1.0,0.00803065299987793
21.0,3.0,3.0,0.0068073272705078125
21.0,3.0,3.0,0.006182193756103516
59.0,4.0,4.0,0.017718791961669922
21.0,0.0,0.0,0.007431983947753906
99.0,16.0,16.0,0.03832435607910156
54.0,4.0,4.0,0.022437572479248047
41.0,2.0,2.0,0.015023946762084961
33.0,0.0,0.0,0.015274524688720703
51.0,10.0,10.0,0.017040729522705078
26.0,4.0,4.0,0.007435321807861328
64.0,8.0,8.0,0.028198719024658203
23.0,1.0,1.0,0.009704351425170898
22.0,1.0,1.0,0.009287118911743164
27.0,7.0,7.0,0.009308815002441406
14.0,2.0,2.0,0.00471806526184082
62.0,6.0,6.0,0.019672393798828125
51.0,2.0,2.0,0.0172121524810791
66.0,6.0,6.0,0.024222135543823242
41.0,4.0,4.0,0.018296241760253906
19.0,2.0,2.0,0.007843732833862305
31.0,2.0,2.0,0.008224248886108398
22.0,2.0,2.0,0.007999181747436523
41.0,5.0,5.0,0.01693129539489746
79.0,12.0,12.0,0.03027820587158203
44.0,8.0,8.0,0.01531219482421875
27.0,2.0,2.0,0.008292198181152344
63.0,5.0,5.0,0.024835586547851562
29.0,3.0,3.0,0.010988950729370117
20.0,2.0,2.0,0.008738279342651367
58.0,6.0,6.0,0.020153284072875977
56.0,11.0,11.0,0.02258014678955078
90.0,14.0,14.0,0.028719663619995117
17.0,2.0,2.0,0.007596254348754883
14.0,2.0,2.0,0.0039942264556884766
40.0,6.0,6.0,0.010637283325195312
76.0,12.0,12.0,0.022872447967529297
15.0,0.0,0.0,0.004094839096069336
28.0,1.0,1.0,0.00808572769165039
14.0,0.0,0.0,0.0039615631103515625
69.0,2.0,2.0,0.021610498428344727
47.0,3.0,3.0,0.014657258987426758
30.0,3.0,3.0,0.008590459823608398
26.0,2.0,2.0,0.009998083114624023
18.0,1.0,1.0,0.006767749786376953
47.0,2.0,2.0,0.015050411224365234
17.0,2.0,2.0,0.0057833194732666016
18.0,0.0,0.0,0.004641056060791016
95.0,4.0,4.0,0.02898883819580078
105.0,24.0,24.0,0.032479286193847656
17.0,0.0,0.0,0.0055484771728515625
89.0,8.0,8.0,0.026837825775146484
34.0,1.0,1.0,0.013733386993408203
39.0,5.0,5.0,0.012681007385253906
34.0,4.0,4.0,0.014983654022216797
18.0,1.0,1.0,0.00534510612487793
19.0,1.0,1.0,0.006481170654296875
45.0,6.0,6.0,0.018872976303100586
17.0,0.0,0.0,0.0063669681549072266
71.0,6.0,6.0,0.023609161376953125
28.0,0.0,0.0,0.00974726676940918
47.0,1.0,1.0,0.019884347915649414
29.0,11.0,11.0,0.014548540115356445
14.0,1.0,1.0,0.00600886344909668
70.0,7.0,7.0,0.024776935577392578
18.0,2.0,2.0,0.005029916763305664
18.0,3.0,3.0,0.005126953125
49.0,2.0,2.0,0.018213510513305664
16.0,5.0,5.0,0.007253170013427734
15.0,2.0,2.0,0.006318807601928711
17.0,1.0,1.0,0.00621795654296875
21.0,4.0,4.0,0.008615970611572266
16.0,0.0,0.0,0.006824970245361328
12.0,0.0,0.0,0.006081342697143555
40.0,2.0,2.0,0.010345220565795898
60.0,6.0,6.0,0.020251989364624023
15.0,3.0,3.0,0.0051271915435791016
37.0,9.0,9.0,0.010998725891113281
58.0,7.0,7.0,0.015005826950073242
17.0,0.0,0.0,0.005865335464477539
40.0,4.0,4.0,0.01124882698059082
25.0,0.0,0.0,0.0071599483489990234
170.0,24.0,24.0,0.05173540115356445
23.0,3.0,3.0,0.0060579776763916016
61.0,12.0,12.0,0.016736268997192383
62.0,14.0,14.0,0.01863861083984375
112.0,11.0,11.0,0.03903341293334961
39.0,4.0,4.0,0.011905670166015625
15.0,1.0,1.0,0.004616737365722656
15.0,2.0,2.0,0.0049533843994140625
40.0,3.0,3.0,0.010519027709960938
77.0,6.0,6.0,0.02065563201904297
29.0,0.0,0.0,0.007604360580444336
13.0,0.0,0.0,0.0036122798919677734
18.0,2.0,2.0,0.005015134811401367
24.0,1.0,1.0,0.008028745651245117
40.0,3.0,3.0,0.011898279190063477
24.0,0.0,0.0,0.007861137390136719
13.0,1.0,1.0,0.0032227039337158203
18.0,1.0,1.0,0.0063745975494384766
26.0,1.0,1.0,0.0074880123138427734
29.0,2.0,2.0,0.008691072463989258
25.0,0.0,0.0,0.008045196533203125
45.0,5.0,5.0,0.019272327423095703
60.0,9.0,9.0,0.01717853546142578
33.0,4.0,4.0,0.010118484497070312
37.0,4.0,4.0,0.01068568229675293
56.0,2.0,2.0,0.02749466896057129
13.0,2.0,2.0,0.004006385803222656
12.0,0.0,0.0,0.003001689910888672
49.0,7.0,7.0,0.013846874237060547
123.0,9.0,9.0,0.037877559661865234
31.0,1.0,1.0,0.015008687973022461
59.0,9.0,9.0,0.01797771453857422
46.0,2.0,2.0,0.016258955001831055
91.0,13.0,13.0,0.02554631233215332
14.0,0.0,0.0,0.00407099723815918
58.0,4.0,4.0,0.015257120132446289
