Timesteps,Collisions,Steps Waited,Real-Time Elapsed
34.0,3.0,3.0,0.02956533432006836
106.0,28.0,28.0,0.08541178703308105
20.0,4.0,4.0,0.01941847801208496
26.0,4.0,4.0,0.015012264251708984
53.0,16.0,16.0,0.046230316162109375
74.0,22.0,22.0,0.05698347091674805
16.0,5.0,5.0,0.008764266967773438
103.0,19.0,19.0,0.0726921558380127
19.0,7.0,7.0,0.012995243072509766
24.0,13.0,13.0,0.017173051834106445
21.0,4.0,4.0,0.019379377365112305
43.0,17.0,17.0,0.039826393127441406
33.0,15.0,15.0,0.021025419235229492
67.0,10.0,10.0,0.03984260559082031
28.0,9.0,9.0,0.022197961807250977
79.0,29.0,29.0,0.0594179630279541
22.0,7.0,7.0,0.01458883285522461
23.0,10.0,10.0,0.016034841537475586
47.0,6.0,6.0,0.03719973564147949
129.0,30.0,30.0,0.09594392776489258
77.0,12.0,12.0,0.057274580001831055
26.0,7.0,7.0,0.02675604820251465
41.0,14.0,14.0,0.03252696990966797
42.0,16.0,16.0,0.03574347496032715
22.0,11.0,11.0,0.019370317459106445
39.0,12.0,12.0,0.04029226303100586
339.0,58.0,58.0,0.2672708034515381
35.0,19.0,19.0,0.027486562728881836
61.0,12.0,12.0,0.04358267784118652
28.0,10.0,10.0,0.019852876663208008
39.0,10.0,10.0,0.037537336349487305
104.0,23.0,23.0,0.08208250999450684
47.0,23.0,23.0,0.03825712203979492
38.0,20.0,20.0,0.031848907470703125
24.0,9.0,9.0,0.01767253875732422
26.0,5.0,5.0,0.01937413215637207
98.0,24.0,24.0,0.06728267669677734
26.0,8.0,8.0,0.023024797439575195
128.0,28.0,28.0,0.10780620574951172
26.0,8.0,8.0,0.02117323875427246
109.0,26.0,26.0,0.08032488822937012
75.0,18.0,18.0,0.08277368545532227
64.0,9.0,9.0,0.04696178436279297
26.0,7.0,7.0,0.015748262405395508
18.0,4.0,4.0,0.013641119003295898
43.0,12.0,12.0,0.024065494537353516
70.0,22.0,22.0,0.04897618293762207
71.0,25.0,25.0,0.04797101020812988
68.0,16.0,16.0,0.04549670219421387
24.0,8.0,8.0,0.016621112823486328
27.0,13.0,13.0,0.018448591232299805
25.0,14.0,14.0,0.01692986488342285
130.0,34.0,34.0,0.08659529685974121
35.0,9.0,9.0,0.02315378189086914
63.0,9.0,9.0,0.03822898864746094
54.0,15.0,15.0,0.03927183151245117
19.0,6.0,6.0,0.01665353775024414
104.0,22.0,22.0,0.07445693016052246
35.0,1.0,1.0,0.021952152252197266
63.0,16.0,16.0,0.051155805587768555
33.0,13.0,13.0,0.019655227661132812
46.0,18.0,18.0,0.028366565704345703
24.0,3.0,3.0,0.01728343963623047
29.0,7.0,7.0,0.016060829162597656
43.0,15.0,15.0,0.03186321258544922
27.0,5.0,5.0,0.019646644592285156
33.0,9.0,9.0,0.01897144317626953
28.0,6.0,6.0,0.02309274673461914
30.0,15.0,15.0,0.019702672958374023
31.0,5.0,5.0,0.02072596549987793
73.0,10.0,10.0,0.04426407814025879
21.0,6.0,6.0,0.014859676361083984
126.0,32.0,32.0,0.09219050407409668
27.0,11.0,11.0,0.017160892486572266
46.0,13.0,13.0,0.04369163513183594
36.0,21.0,21.0,0.02171921730041504
18.0,6.0,6.0,0.009762048721313477
27.0,9.0,9.0,0.020474672317504883
102.0,20.0,20.0,0.06866335868835449
71.0,19.0,19.0,0.04892539978027344
103.0,25.0,25.0,0.06030678749084473
36.0,8.0,8.0,0.01971125602722168
24.0,13.0,13.0,0.011707067489624023
82.0,22.0,22.0,0.05009174346923828
75.0,29.0,29.0,0.043263912200927734
20.0,7.0,7.0,0.013741731643676758
82.0,25.0,25.0,0.05370783805847168
63.0,12.0,12.0,0.041373491287231445
27.0,9.0,9.0,0.01721787452697754
65.0,8.0,8.0,0.04982495307922363
22.0,3.0,3.0,0.012099504470825195
30.0,10.0,10.0,0.023385286331176758
41.0,14.0,14.0,0.022168397903442383
52.0,14.0,14.0,0.03006124496459961
34.0,20.0,20.0,0.021783113479614258
37.0,7.0,7.0,0.024375438690185547
43.0,7.0,7.0,0.02537679672241211
87.0,12.0,12.0,0.05980491638183594
173.0,20.0,20.0,0.16239094734191895
186.0,45.0,45.0,0.15317416191101074
71.0,20.0,20.0,0.05051827430725098
47.0,17.0,17.0,0.036432504653930664
23.0,7.0,7.0,0.0184938907623291
16.0,3.0,3.0,0.013611316680908203
65.0,8.0,8.0,0.04872727394104004
107.0,16.0,16.0,0.06797909736633301
65.0,22.0,22.0,0.04914450645446777
54.0,13.0,13.0,0.03373599052429199
62.0,15.0,15.0,0.04986691474914551
65.0,14.0,14.0,0.043865203857421875
14.0,2.0,2.0,0.007322072982788086
32.0,10.0,10.0,0.025829315185546875
18.0,5.0,5.0,0.013744592666625977
64.0,16.0,16.0,0.04753565788269043
24.0,12.0,12.0,0.017671823501586914
24.0,5.0,5.0,0.017018556594848633
23.0,4.0,4.0,0.01676487922668457
81.0,19.0,19.0,0.06589674949645996
17.0,6.0,6.0,0.014690399169921875
111.0,23.0,23.0,0.08389019966125488
65.0,12.0,12.0,0.05192899703979492
44.0,9.0,9.0,0.03476881980895996
79.0,21.0,21.0,0.05471324920654297
110.0,33.0,33.0,0.0690922737121582
126.0,23.0,23.0,0.0931854248046875
44.0,19.0,19.0,0.033426523208618164
29.0,8.0,8.0,0.02183246612548828
105.0,30.0,30.0,0.07477426528930664
32.0,9.0,9.0,0.017606258392333984
50.0,17.0,17.0,0.03106832504272461
29.0,9.0,9.0,0.020794391632080078
22.0,7.0,7.0,0.016021251678466797
17.0,5.0,5.0,0.011560916900634766
63.0,15.0,15.0,0.04884457588195801
48.0,10.0,10.0,0.03605341911315918
73.0,14.0,14.0,0.04250288009643555
65.0,17.0,17.0,0.04450726509094238
19.0,6.0,6.0,0.016805171966552734
21.0,5.0,5.0,0.011416912078857422
45.0,13.0,13.0,0.03278326988220215
77.0,19.0,19.0,0.052170515060424805
22.0,9.0,9.0,0.012949943542480469
20.0,5.0,5.0,0.016214609146118164
57.0,22.0,22.0,0.03920340538024902
30.0,7.0,7.0,0.020599365234375
23.0,6.0,6.0,0.010695934295654297
27.0,14.0,14.0,0.020488500595092773
40.0,11.0,11.0,0.029639244079589844
26.0,11.0,11.0,0.021960735321044922
17.0,6.0,6.0,0.01255178451538086
62.0,4.0,4.0,0.04398679733276367
33.0,12.0,12.0,0.021068572998046875
38.0,19.0,19.0,0.028215408325195312
89.0,16.0,16.0,0.08684802055358887
113.0,10.0,10.0,0.09922266006469727
117.0,16.0,16.0,0.08849048614501953
42.0,12.0,12.0,0.029280662536621094
64.0,14.0,14.0,0.03535032272338867
54.0,16.0,16.0,0.040015220642089844
113.0,29.0,29.0,0.07830619812011719
71.0,20.0,20.0,0.04454970359802246
58.0,24.0,24.0,0.03837990760803223
72.0,19.0,19.0,0.04702901840209961
48.0,16.0,16.0,0.03021979331970215
36.0,16.0,16.0,0.023194074630737305
23.0,7.0,7.0,0.01506805419921875
36.0,11.0,11.0,0.023160934448242188
23.0,6.0,6.0,0.010984659194946289
36.0,6.0,6.0,0.022914886474609375
30.0,8.0,8.0,0.02128005027770996
95.0,37.0,37.0,0.05928754806518555
25.0,11.0,11.0,0.017293214797973633
73.0,26.0,26.0,0.05292987823486328
35.0,4.0,4.0,0.028896570205688477
36.0,21.0,21.0,0.027088165283203125
18.0,7.0,7.0,0.011659622192382812
53.0,14.0,14.0,0.03621983528137207
42.0,11.0,11.0,0.030482769012451172
54.0,3.0,3.0,0.03992724418640137
108.0,27.0,27.0,0.07903170585632324
54.0,3.0,3.0,0.03527712821960449
36.0,7.0,7.0,0.029033184051513672
56.0,11.0,11.0,0.030280113220214844
88.0,25.0,25.0,0.06003117561340332
31.0,6.0,6.0,0.022353172302246094
62.0,16.0,16.0,0.03842878341674805
65.0,19.0,19.0,0.03965425491333008
92.0,11.0,11.0,0.06218099594116211
19.0,5.0,5.0,0.010026216506958008
43.0,14.0,14.0,0.03383588790893555
37.0,7.0,7.0,0.02707695960998535
30.0,8.0,8.0,0.020821332931518555
94.0,23.0,23.0,0.0727548599243164
36.0,9.0,9.0,0.02904820442199707
62.0,20.0,20.0,0.047246456146240234
28.0,14.0,14.0,0.018181324005126953
26.0,10.0,10.0,0.023905277252197266
21.0,9.0,9.0,0.018239498138427734
28.0,7.0,7.0,0.02811574935913086
58.0,27.0,27.0,0.04774594306945801
116.0,22.0,22.0,0.08800911903381348
62.0,15.0,15.0,0.05465269088745117
24.0,10.0,10.0,0.014369010925292969
84.0,21.0,21.0,0.06544756889343262
35.0,12.0,12.0,0.024744749069213867
49.0,30.0,30.0,0.030700206756591797
21.0,7.0,7.0,0.010048866271972656
37.0,13.0,13.0,0.018051624298095703
23.0,8.0,8.0,0.014277458190917969
30.0,14.0,14.0,0.017985820770263672
70.0,20.0,20.0,0.058373212814331055
16.0,4.0,4.0,0.014389753341674805
45.0,11.0,11.0,0.028383493423461914
14.0,3.0,3.0,0.009319067001342773
35.0,16.0,16.0,0.026775360107421875
32.0,7.0,7.0,0.018889427185058594
29.0,7.0,7.0,0.024399995803833008
29.0,13.0,13.0,0.016246318817138672
16.0,3.0,3.0,0.01117396354675293
22.0,9.0,9.0,0.012368440628051758
42.0,14.0,14.0,0.030025243759155273
29.0,7.0,7.0,0.02338576316833496
60.0,12.0,12.0,0.040490150451660156
38.0,6.0,6.0,0.03151655197143555
17.0,5.0,5.0,0.015059947967529297
35.0,14.0,14.0,0.017666101455688477
27.0,7.0,7.0,0.01766514778137207
84.0,26.0,26.0,0.053903818130493164
120.0,35.0,35.0,0.07390904426574707
108.0,15.0,15.0,0.07354521751403809
59.0,11.0,11.0,0.045998334884643555
35.0,4.0,4.0,0.02218484878540039
45.0,17.0,17.0,0.030165672302246094
23.0,12.0,12.0,0.013077497482299805
86.0,13.0,13.0,0.06400346755981445
24.0,10.0,10.0,0.015269756317138672
54.0,15.0,15.0,0.039119720458984375
125.0,36.0,36.0,0.09869027137756348
30.0,14.0,14.0,0.02338576316833496
45.0,14.0,14.0,0.033529043197631836
14.0,3.0,3.0,0.009383440017700195
28.0,2.0,2.0,0.02176690101623535
37.0,13.0,13.0,0.023863792419433594
22.0,10.0,10.0,0.01834392547607422
48.0,21.0,21.0,0.0386812686920166
56.0,14.0,14.0,0.03899383544921875
24.0,8.0,8.0,0.016913414001464844
41.0,15.0,15.0,0.03561711311340332
37.0,13.0,13.0,0.027933359146118164
28.0,14.0,14.0,0.02616095542907715
235.0,47.0,47.0,0.17995619773864746
25.0,11.0,11.0,0.01286768913269043
45.0,8.0,8.0,0.030385732650756836
36.0,6.0,6.0,0.026326894760131836
47.0,4.0,4.0,0.034940481185913086
36.0,13.0,13.0,0.029390335083007812
29.0,9.0,9.0,0.02224564552307129
52.0,16.0,16.0,0.04235243797302246
62.0,18.0,18.0,0.04494166374206543
99.0,24.0,24.0,0.06990265846252441
18.0,6.0,6.0,0.019338607788085938
19.0,6.0,6.0,0.015084505081176758
64.0,34.0,34.0,0.05006051063537598
41.0,10.0,10.0,0.02940821647644043
55.0,13.0,13.0,0.04285144805908203
21.0,7.0,7.0,0.022413015365600586
33.0,18.0,18.0,0.025928735733032227
46.0,9.0,9.0,0.03471541404724121
65.0,10.0,10.0,0.055266618728637695
17.0,6.0,6.0,0.009035348892211914
49.0,11.0,11.0,0.03677773475646973
86.0,22.0,22.0,0.07439851760864258
29.0,14.0,14.0,0.033332109451293945
24.0,11.0,11.0,0.02683544158935547
41.0,9.0,9.0,0.03569221496582031
59.0,16.0,16.0,0.04621577262878418
48.0,19.0,19.0,0.04355645179748535
21.0,9.0,9.0,0.020702838897705078
67.0,16.0,16.0,0.04571366310119629
18.0,6.0,6.0,0.01461482048034668
37.0,10.0,10.0,0.02909064292907715
56.0,13.0,13.0,0.03455018997192383
44.0,13.0,13.0,0.02865886688232422
22.0,11.0,11.0,0.014971494674682617
50.0,20.0,20.0,0.029104232788085938
56.0,15.0,15.0,0.03559303283691406
32.0,17.0,17.0,0.024741649627685547
94.0,21.0,21.0,0.06538867950439453
22.0,10.0,10.0,0.014259576797485352
32.0,9.0,9.0,0.015208244323730469
18.0,6.0,6.0,0.012036561965942383
65.0,14.0,14.0,0.05044293403625488
144.0,45.0,45.0,0.09478259086608887
85.0,14.0,14.0,0.06444692611694336
64.0,9.0,9.0,0.04196453094482422
154.0,36.0,36.0,0.09657597541809082
16.0,3.0,3.0,0.011232137680053711
131.0,18.0,18.0,0.09595203399658203
78.0,18.0,18.0,0.04831981658935547
47.0,15.0,15.0,0.03032398223876953
70.0,18.0,18.0,0.04593634605407715
30.0,10.0,10.0,0.027556419372558594
31.0,9.0,9.0,0.021704673767089844
33.0,9.0,9.0,0.032521724700927734
15.0,4.0,4.0,0.008027791976928711
58.0,29.0,29.0,0.03677082061767578
77.0,22.0,22.0,0.0541994571685791
95.0,17.0,17.0,0.06719160079956055
14.0,4.0,4.0,0.008687257766723633
48.0,11.0,11.0,0.03306841850280762
28.0,8.0,8.0,0.026039600372314453
249.0,65.0,65.0,0.18181848526000977
19.0,8.0,8.0,0.014061689376831055
18.0,3.0,3.0,0.009769201278686523
21.0,7.0,7.0,0.015042543411254883
23.0,11.0,11.0,0.014474153518676758
54.0,6.0,6.0,0.036055803298950195
49.0,17.0,17.0,0.037882328033447266
25.0,12.0,12.0,0.01786065101623535
21.0,7.0,7.0,0.012464761734008789
28.0,11.0,11.0,0.01725459098815918
42.0,12.0,12.0,0.030818700790405273
23.0,9.0,9.0,0.01608729362487793
101.0,24.0,24.0,0.05975008010864258
24.0,7.0,7.0,0.01987290382385254
36.0,22.0,22.0,0.030231714248657227
45.0,11.0,11.0,0.03657102584838867
17.0,5.0,5.0,0.011110067367553711
68.0,24.0,24.0,0.056925296783447266
43.0,11.0,11.0,0.046430110931396484
38.0,11.0,11.0,0.042275190353393555
21.0,3.0,3.0,0.027736425399780273
65.0,15.0,15.0,0.06522130966186523
29.0,11.0,11.0,0.03323554992675781
29.0,11.0,11.0,0.03778243064880371
64.0,19.0,19.0,0.05783843994140625
25.0,11.0,11.0,0.02227473258972168
53.0,16.0,16.0,0.0443115234375
68.0,16.0,16.0,0.06885218620300293
18.0,7.0,7.0,0.0260617733001709
59.0,18.0,18.0,0.06075334548950195
59.0,12.0,12.0,0.05541205406188965
20.0,8.0,8.0,0.02165961265563965
50.0,16.0,16.0,0.038693904876708984
16.0,3.0,3.0,0.011564016342163086
28.0,10.0,10.0,0.03469538688659668
72.0,17.0,17.0,0.06640481948852539
19.0,7.0,7.0,0.01167440414428711
32.0,7.0,7.0,0.026599645614624023
17.0,5.0,5.0,0.010625839233398438
29.0,11.0,11.0,0.023157119750976562
29.0,10.0,10.0,0.020198583602905273
23.0,8.0,8.0,0.01598334312438965
46.0,19.0,19.0,0.03982424736022949
45.0,10.0,10.0,0.037444114685058594
56.0,13.0,13.0,0.05135774612426758
65.0,15.0,15.0,0.04391932487487793
78.0,17.0,17.0,0.062480926513671875
17.0,5.0,5.0,0.01641082763671875
41.0,15.0,15.0,0.034301042556762695
45.0,25.0,25.0,0.03134417533874512
29.0,7.0,7.0,0.02012014389038086
31.0,10.0,10.0,0.022078752517700195
47.0,19.0,19.0,0.03434300422668457
17.0,6.0,6.0,0.01102900505065918
147.0,19.0,19.0,0.1086263656616211
42.0,14.0,14.0,0.024497270584106445
52.0,6.0,6.0,0.037992000579833984
35.0,15.0,15.0,0.02396368980407715
50.0,14.0,14.0,0.04566001892089844
89.0,23.0,23.0,0.07454824447631836
29.0,6.0,6.0,0.030445575714111328
38.0,8.0,8.0,0.02636241912841797
23.0,8.0,8.0,0.02201557159423828
77.0,35.0,35.0,0.06154060363769531
27.0,6.0,6.0,0.016835927963256836
27.0,11.0,11.0,0.02370929718017578
16.0,3.0,3.0,0.011770963668823242
26.0,9.0,9.0,0.025023937225341797
26.0,6.0,6.0,0.017926454544067383
31.0,7.0,7.0,0.017749309539794922
29.0,6.0,6.0,0.023097753524780273
29.0,8.0,8.0,0.018247127532958984
28.0,17.0,17.0,0.021526336669921875
23.0,11.0,11.0,0.015590190887451172
31.0,11.0,11.0,0.022386550903320312
36.0,2.0,2.0,0.022545814514160156
22.0,9.0,9.0,0.016867637634277344
67.0,21.0,21.0,0.05231451988220215
23.0,5.0,5.0,0.01966714859008789
22.0,7.0,7.0,0.015679359436035156
55.0,8.0,8.0,0.046298980712890625
149.0,26.0,26.0,0.1271216869354248
51.0,9.0,9.0,0.04010510444641113
28.0,9.0,9.0,0.017534494400024414
106.0,37.0,37.0,0.08214688301086426
19.0,8.0,8.0,0.016562223434448242
27.0,6.0,6.0,0.01956796646118164
45.0,8.0,8.0,0.03463888168334961
33.0,13.0,13.0,0.025675058364868164
73.0,23.0,23.0,0.05017828941345215
40.0,14.0,14.0,0.03149843215942383
33.0,18.0,18.0,0.020802974700927734
31.0,11.0,11.0,0.020737171173095703
87.0,17.0,17.0,0.06606817245483398
58.0,11.0,11.0,0.05060625076293945
63.0,19.0,19.0,0.048169851303100586
40.0,12.0,12.0,0.02896428108215332
35.0,8.0,8.0,0.022275447845458984
41.0,17.0,17.0,0.023494720458984375
32.0,12.0,12.0,0.027684450149536133
73.0,16.0,16.0,0.06743788719177246
66.0,22.0,22.0,0.055132150650024414
37.0,14.0,14.0,0.02829599380493164
35.0,9.0,9.0,0.029557228088378906
73.0,18.0,18.0,0.058441162109375
38.0,15.0,15.0,0.03248476982116699
56.0,9.0,9.0,0.042356252670288086
32.0,7.0,7.0,0.02652454376220703
22.0,4.0,4.0,0.016305923461914062
50.0,16.0,16.0,0.03741312026977539
36.0,9.0,9.0,0.031420230865478516
38.0,11.0,11.0,0.02274942398071289
34.0,12.0,12.0,0.022791624069213867
35.0,10.0,10.0,0.028829336166381836
34.0,7.0,7.0,0.029767513275146484
48.0,29.0,29.0,0.04873394966125488
25.0,5.0,5.0,0.019339799880981445
21.0,8.0,8.0,0.018729209899902344
25.0,8.0,8.0,0.02401590347290039
31.0,5.0,5.0,0.03153872489929199
77.0,23.0,23.0,0.06791949272155762
25.0,11.0,11.0,0.02075052261352539
53.0,12.0,12.0,0.035703420639038086
23.0,8.0,8.0,0.01792001724243164
51.0,7.0,7.0,0.039956092834472656
23.0,6.0,6.0,0.01510930061340332
21.0,7.0,7.0,0.014856815338134766
23.0,5.0,5.0,0.0188295841217041
16.0,5.0,5.0,0.012744426727294922
38.0,14.0,14.0,0.028283357620239258
33.0,6.0,6.0,0.023131132125854492
16.0,4.0,4.0,0.011215925216674805
45.0,9.0,9.0,0.042014360427856445
55.0,11.0,11.0,0.042066335678100586
43.0,5.0,5.0,0.031124114990234375
71.0,12.0,12.0,0.05234503746032715
18.0,5.0,5.0,0.014825820922851562
34.0,9.0,9.0,0.01974320411682129
49.0,8.0,8.0,0.025721073150634766
15.0,2.0,2.0,0.010955810546875
27.0,13.0,13.0,0.020035982131958008
52.0,5.0,5.0,0.04041123390197754
57.0,13.0,13.0,0.04761958122253418
59.0,8.0,8.0,0.053360939025878906
55.0,11.0,11.0,0.0885612964630127
36.0,11.0,11.0,0.03573489189147949
23.0,7.0,7.0,0.015647411346435547
49.0,16.0,16.0,0.03917264938354492
55.0,17.0,17.0,0.04648733139038086
23.0,9.0,9.0,0.01934194564819336
22.0,9.0,9.0,0.01216745376586914
42.0,10.0,10.0,0.025306224822998047
15.0,4.0,4.0,0.009523391723632812
42.0,12.0,12.0,0.03237605094909668
75.0,16.0,16.0,0.0628957748413086
61.0,20.0,20.0,0.046092987060546875
51.0,15.0,15.0,0.041404008865356445
90.0,27.0,27.0,0.07040143013000488
48.0,14.0,14.0,0.03993797302246094
25.0,14.0,14.0,0.022662878036499023
38.0,19.0,19.0,0.03189492225646973
31.0,11.0,11.0,0.025503158569335938
42.0,13.0,13.0,0.025405406951904297
45.0,16.0,16.0,0.029503345489501953
19.0,8.0,8.0,0.011130094528198242
38.0,13.0,13.0,0.026935577392578125
20.0,3.0,3.0,0.01978445053100586
43.0,14.0,14.0,0.027814865112304688
38.0,12.0,12.0,0.021765708923339844
78.0,18.0,18.0,0.04847836494445801
64.0,20.0,20.0,0.04605293273925781
48.0,10.0,10.0,0.03260970115661621
29.0,12.0,12.0,0.019301176071166992
34.0,7.0,7.0,0.021112918853759766
41.0,13.0,13.0,0.027569293975830078
31.0,11.0,11.0,0.0197298526763916
20.0,8.0,8.0,0.011301994323730469
21.0,7.0,7.0,0.013810157775878906
23.0,11.0,11.0,0.01426243782043457
39.0,8.0,8.0,0.02081584930419922
36.0,11.0,11.0,0.023310422897338867
22.0,8.0,8.0,0.013883590698242188
26.0,6.0,6.0,0.01818990707397461
125.0,16.0,16.0,0.08209085464477539
75.0,21.0,21.0,0.04831743240356445
67.0,20.0,20.0,0.043450117111206055
24.0,12.0,12.0,0.015146017074584961
72.0,22.0,22.0,0.04780292510986328
70.0,14.0,14.0,0.047052860260009766
112.0,31.0,31.0,0.09986233711242676
33.0,10.0,10.0,0.03470492362976074
47.0,16.0,16.0,0.0359187126159668
18.0,5.0,5.0,0.013062000274658203
136.0,23.0,23.0,0.10853290557861328
63.0,13.0,13.0,0.05153298377990723
76.0,15.0,15.0,0.06827092170715332
36.0,13.0,13.0,0.026044368743896484
68.0,14.0,14.0,0.06618928909301758
162.0,31.0,31.0,0.14188909530639648
32.0,20.0,20.0,0.025815248489379883
68.0,15.0,15.0,0.06355452537536621
52.0,15.0,15.0,0.05411171913146973
60.0,9.0,9.0,0.05049848556518555
46.0,5.0,5.0,0.04877614974975586
204.0,56.0,56.0,0.20716357231140137
45.0,16.0,16.0,0.030109167098999023
32.0,13.0,13.0,0.02191019058227539
43.0,11.0,11.0,0.03661847114562988
65.0,14.0,14.0,0.05580258369445801
20.0,8.0,8.0,0.017926692962646484
19.0,8.0,8.0,0.018054485321044922
18.0,6.0,6.0,0.014423847198486328
61.0,11.0,11.0,0.04868888854980469
21.0,10.0,10.0,0.015511512756347656
25.0,12.0,12.0,0.021242141723632812
48.0,11.0,11.0,0.04743480682373047
145.0,70.0,70.0,0.12754344940185547
28.0,12.0,12.0,0.026692628860473633
25.0,13.0,13.0,0.023070573806762695
39.0,11.0,11.0,0.03358936309814453
23.0,7.0,7.0,0.01829075813293457
55.0,21.0,21.0,0.0424344539642334
30.0,12.0,12.0,0.02003765106201172
24.0,12.0,12.0,0.02252960205078125
56.0,20.0,20.0,0.05629158020019531
17.0,4.0,4.0,0.016546010971069336
27.0,13.0,13.0,0.023412704467773438
19.0,6.0,6.0,0.016309261322021484
122.0,19.0,19.0,0.1118161678314209
25.0,13.0,13.0,0.02370595932006836
39.0,15.0,15.0,0.03730583190917969
42.0,12.0,12.0,0.03255915641784668
121.0,28.0,28.0,0.1002814769744873
67.0,16.0,16.0,0.05549263954162598
85.0,15.0,15.0,0.0760033130645752
36.0,6.0,6.0,0.03530120849609375
37.0,6.0,6.0,0.03497028350830078
27.0,10.0,10.0,0.025167465209960938
26.0,9.0,9.0,0.022516250610351562
60.0,22.0,22.0,0.0527346134185791
76.0,15.0,15.0,0.06995916366577148
30.0,1.0,1.0,0.030793428421020508
95.0,26.0,26.0,0.0857851505279541
109.0,18.0,18.0,0.12199044227600098
71.0,20.0,20.0,0.062072038650512695
36.0,14.0,14.0,0.041199445724487305
58.0,13.0,13.0,0.06622982025146484
50.0,13.0,13.0,0.05190229415893555
20.0,9.0,9.0,0.012480020523071289
43.0,10.0,10.0,0.04404807090759277
32.0,8.0,8.0,0.03163623809814453
20.0,8.0,8.0,0.017724037170410156
20.0,6.0,6.0,0.012738466262817383
23.0,11.0,11.0,0.018989086151123047
95.0,25.0,25.0,0.07666158676147461
26.0,6.0,6.0,0.018432140350341797
53.0,18.0,18.0,0.03809666633605957
44.0,15.0,15.0,0.038483381271362305
45.0,11.0,11.0,0.02874302864074707
78.0,10.0,10.0,0.06159567832946777
31.0,6.0,6.0,0.025231599807739258
28.0,12.0,12.0,0.02102375030517578
94.0,19.0,19.0,0.07443571090698242
24.0,8.0,8.0,0.02290487289428711
40.0,12.0,12.0,0.025516510009765625
20.0,4.0,4.0,0.013128280639648438
22.0,7.0,7.0,0.011178016662597656
19.0,5.0,5.0,0.016765117645263672
27.0,4.0,4.0,0.022593975067138672
90.0,16.0,16.0,0.06611299514770508
198.0,30.0,30.0,0.1585683822631836
48.0,12.0,12.0,0.031992197036743164
35.0,13.0,13.0,0.02837347984313965
22.0,2.0,2.0,0.012918233871459961
34.0,9.0,9.0,0.02472376823425293
49.0,14.0,14.0,0.04208564758300781
25.0,9.0,9.0,0.020645618438720703
17.0,5.0,5.0,0.00853419303894043
29.0,8.0,8.0,0.02041316032409668
62.0,15.0,15.0,0.04792332649230957
66.0,8.0,8.0,0.06150531768798828
20.0,7.0,7.0,0.01792001724243164
105.0,25.0,25.0,0.07666611671447754
31.0,8.0,8.0,0.0251617431640625
79.0,29.0,29.0,0.04428887367248535
51.0,8.0,8.0,0.03653454780578613
61.0,26.0,26.0,0.05614209175109863
24.0,11.0,11.0,0.01934361457824707
17.0,5.0,5.0,0.01218104362487793
16.0,5.0,5.0,0.013002395629882812
38.0,8.0,8.0,0.027469635009765625
26.0,5.0,5.0,0.023090362548828125
36.0,13.0,13.0,0.028710603713989258
47.0,17.0,17.0,0.03864240646362305
108.0,31.0,31.0,0.08841514587402344
21.0,7.0,7.0,0.014000654220581055
56.0,21.0,21.0,0.042786359786987305
47.0,14.0,14.0,0.0325009822845459
101.0,36.0,36.0,0.07436227798461914
19.0,3.0,3.0,0.01612687110900879
23.0,12.0,12.0,0.0151824951171875
48.0,11.0,11.0,0.030707359313964844
109.0,11.0,11.0,0.08101248741149902
165.0,28.0,28.0,0.14182519912719727
35.0,15.0,15.0,0.028412342071533203
96.0,24.0,24.0,0.08164834976196289
25.0,12.0,12.0,0.02191162109375
45.0,9.0,9.0,0.028403282165527344
38.0,14.0,14.0,0.028445720672607422
61.0,25.0,25.0,0.04798579216003418
35.0,18.0,18.0,0.027076005935668945
27.0,6.0,6.0,0.01706695556640625
65.0,11.0,11.0,0.047168731689453125
19.0,6.0,6.0,0.013812541961669922
105.0,21.0,21.0,0.09086370468139648
22.0,9.0,9.0,0.012759208679199219
80.0,18.0,18.0,0.07081007957458496
26.0,10.0,10.0,0.016664981842041016
17.0,6.0,6.0,0.012887001037597656
94.0,31.0,31.0,0.07797026634216309
17.0,5.0,5.0,0.014477968215942383
65.0,24.0,24.0,0.04235672950744629
29.0,4.0,4.0,0.0243227481842041
123.0,20.0,20.0,0.10106420516967773
78.0,15.0,15.0,0.04687309265136719
41.0,14.0,14.0,0.029061555862426758
19.0,5.0,5.0,0.012771368026733398
24.0,14.0,14.0,0.019332408905029297
60.0,22.0,22.0,0.04297471046447754
20.0,6.0,6.0,0.012586593627929688
43.0,18.0,18.0,0.02744460105895996
16.0,2.0,2.0,0.016035795211791992
81.0,15.0,15.0,0.061220645904541016
58.0,22.0,22.0,0.036650657653808594
49.0,15.0,15.0,0.03200483322143555
90.0,32.0,32.0,0.05950212478637695
37.0,16.0,16.0,0.026124000549316406
73.0,14.0,14.0,0.051528215408325195
52.0,15.0,15.0,0.03871607780456543
49.0,17.0,17.0,0.03087019920349121
36.0,9.0,9.0,0.02481245994567871
85.0,21.0,21.0,0.058814287185668945
61.0,17.0,17.0,0.04085183143615723
16.0,3.0,3.0,0.007934093475341797
36.0,15.0,15.0,0.023049354553222656
25.0,10.0,10.0,0.013055801391601562
20.0,6.0,6.0,0.010534286499023438
34.0,7.0,7.0,0.015939950942993164
40.0,19.0,19.0,0.024585247039794922
76.0,10.0,10.0,0.04529762268066406
55.0,18.0,18.0,0.03284907341003418
28.0,10.0,10.0,0.0184328556060791
38.0,9.0,9.0,0.026589155197143555
36.0,13.0,13.0,0.019483089447021484
34.0,7.0,7.0,0.018036365509033203
72.0,6.0,6.0,0.04029679298400879
52.0,11.0,11.0,0.03545498847961426
40.0,19.0,19.0,0.029585838317871094
73.0,11.0,11.0,0.04925394058227539
25.0,11.0,11.0,0.018461227416992188
29.0,4.0,4.0,0.02423238754272461
56.0,17.0,17.0,0.04208803176879883
17.0,3.0,3.0,0.01078939437866211
77.0,26.0,26.0,0.06240677833557129
21.0,9.0,9.0,0.016765832901000977
95.0,27.0,27.0,0.05689883232116699
93.0,22.0,22.0,0.06511688232421875
37.0,21.0,21.0,0.029120683670043945
45.0,13.0,13.0,0.03059220314025879
23.0,12.0,12.0,0.011944770812988281
121.0,36.0,36.0,0.07629990577697754
88.0,20.0,20.0,0.04925704002380371
29.0,8.0,8.0,0.013710498809814453
19.0,7.0,7.0,0.014708280563354492
176.0,41.0,41.0,0.11384701728820801
26.0,13.0,13.0,0.016382217407226562
74.0,28.0,28.0,0.03773331642150879
72.0,10.0,10.0,0.05150413513183594
60.0,13.0,13.0,0.03406643867492676
101.0,14.0,14.0,0.0717470645904541
47.0,9.0,9.0,0.03492903709411621
31.0,9.0,9.0,0.02666950225830078
42.0,8.0,8.0,0.03014206886291504
32.0,12.0,12.0,0.022327661514282227
55.0,13.0,13.0,0.03411221504211426
115.0,39.0,39.0,0.07928752899169922
35.0,8.0,8.0,0.02248072624206543
16.0,5.0,5.0,0.009620428085327148
23.0,6.0,6.0,0.018255233764648438
58.0,26.0,26.0,0.037654876708984375
33.0,20.0,20.0,0.01904463768005371
25.0,14.0,14.0,0.0206146240234375
31.0,13.0,13.0,0.01598501205444336
21.0,8.0,8.0,0.01533365249633789
43.0,14.0,14.0,0.028834819793701172
64.0,18.0,18.0,0.0396113395690918
36.0,14.0,14.0,0.028858184814453125
82.0,18.0,18.0,0.054575204849243164
75.0,21.0,21.0,0.053730010986328125
76.0,21.0,21.0,0.05394291877746582
149.0,26.0,26.0,0.09638309478759766
41.0,11.0,11.0,0.02441716194152832
22.0,6.0,6.0,0.01102447509765625
96.0,14.0,14.0,0.05018758773803711
38.0,10.0,10.0,0.028577804565429688
41.0,12.0,12.0,0.02275562286376953
21.0,9.0,9.0,0.009976863861083984
51.0,10.0,10.0,0.02512073516845703
37.0,11.0,11.0,0.02060222625732422
60.0,14.0,14.0,0.033447265625
23.0,7.0,7.0,0.014783143997192383
23.0,11.0,11.0,0.016124725341796875
26.0,13.0,13.0,0.02059173583984375
28.0,15.0,15.0,0.02098870277404785
27.0,8.0,8.0,0.021373748779296875
34.0,12.0,12.0,0.02212071418762207
35.0,23.0,23.0,0.024083375930786133
17.0,6.0,6.0,0.01153707504272461
110.0,30.0,30.0,0.07615876197814941
65.0,10.0,10.0,0.04647493362426758
50.0,25.0,25.0,0.03705263137817383
18.0,5.0,5.0,0.01250314712524414
189.0,41.0,41.0,0.14679336547851562
28.0,7.0,7.0,0.016645431518554688
37.0,9.0,9.0,0.028949975967407227
22.0,4.0,4.0,0.01537775993347168
26.0,10.0,10.0,0.019539594650268555
39.0,14.0,14.0,0.02813267707824707
49.0,17.0,17.0,0.034317731857299805
24.0,12.0,12.0,0.015170097351074219
25.0,5.0,5.0,0.022916316986083984
77.0,20.0,20.0,0.055991172790527344
27.0,4.0,4.0,0.019470930099487305
33.0,13.0,13.0,0.022225618362426758
41.0,15.0,15.0,0.032335519790649414
52.0,11.0,11.0,0.03878021240234375
82.0,18.0,18.0,0.06558442115783691
33.0,9.0,9.0,0.02932596206665039
40.0,8.0,8.0,0.025508642196655273
55.0,8.0,8.0,0.046584129333496094
28.0,9.0,9.0,0.025608539581298828
28.0,14.0,14.0,0.0227200984954834
32.0,9.0,9.0,0.024625062942504883
79.0,20.0,20.0,0.062372684478759766
19.0,6.0,6.0,0.013303279876708984
125.0,35.0,35.0,0.09736251831054688
66.0,23.0,23.0,0.055116891860961914
121.0,34.0,34.0,0.1023855209350586
36.0,12.0,12.0,0.03232312202453613
26.0,12.0,12.0,0.02246403694152832
92.0,42.0,42.0,0.0832054615020752
45.0,11.0,11.0,0.036405324935913086
22.0,5.0,5.0,0.020584821701049805
20.0,8.0,8.0,0.023219585418701172
50.0,14.0,14.0,0.044132232666015625
78.0,17.0,17.0,0.06754016876220703
25.0,8.0,8.0,0.01874256134033203
19.0,7.0,7.0,0.017981290817260742
39.0,7.0,7.0,0.03728961944580078
67.0,6.0,6.0,0.0585627555847168
33.0,12.0,12.0,0.02714061737060547
17.0,3.0,3.0,0.019263744354248047
27.0,7.0,7.0,0.021110057830810547
33.0,9.0,9.0,0.030137062072753906
44.0,10.0,10.0,0.03337526321411133
29.0,5.0,5.0,0.026143312454223633
27.0,7.0,7.0,0.02183818817138672
92.0,19.0,19.0,0.07559990882873535
63.0,16.0,16.0,0.05500602722167969
20.0,9.0,9.0,0.017174243927001953
108.0,24.0,24.0,0.08953452110290527
23.0,10.0,10.0,0.015262126922607422
49.0,14.0,14.0,0.0402677059173584
43.0,11.0,11.0,0.03419756889343262
70.0,19.0,19.0,0.06537985801696777
94.0,21.0,21.0,0.08454442024230957
24.0,3.0,3.0,0.02584528923034668
31.0,6.0,6.0,0.025850534439086914
65.0,21.0,21.0,0.05447793006896973
22.0,9.0,9.0,0.023241281509399414
49.0,21.0,21.0,0.04983925819396973
21.0,7.0,7.0,0.014590740203857422
41.0,13.0,13.0,0.036982059478759766
85.0,14.0,14.0,0.06103801727294922
47.0,8.0,8.0,0.029237747192382812
55.0,14.0,14.0,0.043080806732177734
33.0,11.0,11.0,0.02015209197998047
20.0,7.0,7.0,0.019672155380249023
93.0,15.0,15.0,0.06098318099975586
42.0,17.0,17.0,0.03518843650817871
29.0,14.0,14.0,0.020595550537109375
29.0,8.0,8.0,0.02076864242553711
57.0,17.0,17.0,0.0400390625
36.0,11.0,11.0,0.029261112213134766
66.0,16.0,16.0,0.05819296836853027
18.0,7.0,7.0,0.016885995864868164
112.0,33.0,33.0,0.07506847381591797
31.0,16.0,16.0,0.025076627731323242
21.0,3.0,3.0,0.012210607528686523
106.0,23.0,23.0,0.07731413841247559
25.0,9.0,9.0,0.016889095306396484
41.0,26.0,26.0,0.03438901901245117
23.0,3.0,3.0,0.015189170837402344
121.0,28.0,28.0,0.09033846855163574
52.0,12.0,12.0,0.03929591178894043
40.0,19.0,19.0,0.03646397590637207
20.0,8.0,8.0,0.01123666763305664
116.0,28.0,28.0,0.08739209175109863
67.0,14.0,14.0,0.045850515365600586
28.0,7.0,7.0,0.02042078971862793
42.0,6.0,6.0,0.03164482116699219
29.0,10.0,10.0,0.020555973052978516
34.0,11.0,11.0,0.028048038482666016
46.0,12.0,12.0,0.03461575508117676
47.0,15.0,15.0,0.03995370864868164
27.0,12.0,12.0,0.028592348098754883
29.0,4.0,4.0,0.021216630935668945
33.0,11.0,11.0,0.02901744842529297
49.0,17.0,17.0,0.03437328338623047
17.0,6.0,6.0,0.014682769775390625
29.0,4.0,4.0,0.02315521240234375
58.0,25.0,25.0,0.04353499412536621
22.0,6.0,6.0,0.018780231475830078
16.0,1.0,1.0,0.01152348518371582
40.0,17.0,17.0,0.035535573959350586
32.0,9.0,9.0,0.0224149227142334
37.0,9.0,9.0,0.02398061752319336
22.0,9.0,9.0,0.013632059097290039
66.0,16.0,16.0,0.04721474647521973
98.0,25.0,25.0,0.06710934638977051
26.0,8.0,8.0,0.021099328994750977
69.0,17.0,17.0,0.051073312759399414
33.0,9.0,9.0,0.027333974838256836
41.0,10.0,10.0,0.03765082359313965
81.0,23.0,23.0,0.07866191864013672
29.0,12.0,12.0,0.02468419075012207
20.0,3.0,3.0,0.012847185134887695
21.0,9.0,9.0,0.0198366641998291
63.0,14.0,14.0,0.054117679595947266
50.0,7.0,7.0,0.042574167251586914
21.0,4.0,4.0,0.022176027297973633
52.0,14.0,14.0,0.03663778305053711
55.0,12.0,12.0,0.03671574592590332
38.0,19.0,19.0,0.02383899688720703
49.0,9.0,9.0,0.03556060791015625
61.0,28.0,28.0,0.044065237045288086
16.0,5.0,5.0,0.009592771530151367
63.0,9.0,9.0,0.04585909843444824
42.0,10.0,10.0,0.026987314224243164
37.0,9.0,9.0,0.025594234466552734
68.0,20.0,20.0,0.04820823669433594
82.0,10.0,10.0,0.05461287498474121
23.0,3.0,3.0,0.0167081356048584
30.0,4.0,4.0,0.027302026748657227
26.0,7.0,7.0,0.017668962478637695
42.0,14.0,14.0,0.04178905487060547
24.0,10.0,10.0,0.019734859466552734
23.0,11.0,11.0,0.018158435821533203
14.0,3.0,3.0,0.008746623992919922
25.0,10.0,10.0,0.01995372772216797
51.0,18.0,18.0,0.04004645347595215
31.0,14.0,14.0,0.020505666732788086
56.0,12.0,12.0,0.03886556625366211
31.0,9.0,9.0,0.022892475128173828
57.0,8.0,8.0,0.04198312759399414
41.0,9.0,9.0,0.024605989456176758
72.0,25.0,25.0,0.04876875877380371
19.0,4.0,4.0,0.010524272918701172
58.0,20.0,20.0,0.03429269790649414
26.0,10.0,10.0,0.022609233856201172
30.0,8.0,8.0,0.01656651496887207
82.0,24.0,24.0,0.06372189521789551
44.0,7.0,7.0,0.03574037551879883
103.0,26.0,26.0,0.07362031936645508
99.0,28.0,28.0,0.07717466354370117
105.0,16.0,16.0,0.06353068351745605
60.0,7.0,7.0,0.04074978828430176
67.0,23.0,23.0,0.04190945625305176
17.0,4.0,4.0,0.010651588439941406
55.0,10.0,10.0,0.03408098220825195
32.0,13.0,13.0,0.02785348892211914
170.0,35.0,35.0,0.12169265747070312
38.0,19.0,19.0,0.02820301055908203
67.0,14.0,14.0,0.05655670166015625
135.0,30.0,30.0,0.10126280784606934
80.0,29.0,29.0,0.06109189987182617
21.0,7.0,7.0,0.0171358585357666
34.0,13.0,13.0,0.025736570358276367
21.0,7.0,7.0,0.014386177062988281
23.0,11.0,11.0,0.016679763793945312
95.0,25.0,25.0,0.0601649284362793
30.0,5.0,5.0,0.021630525588989258
63.0,15.0,15.0,0.05455160140991211
40.0,12.0,12.0,0.039055585861206055
78.0,20.0,20.0,0.07254815101623535
43.0,13.0,13.0,0.036858558654785156
27.0,13.0,13.0,0.024318456649780273
80.0,17.0,17.0,0.07043218612670898
26.0,6.0,6.0,0.02080512046813965
29.0,11.0,11.0,0.0194094181060791
38.0,9.0,9.0,0.03494906425476074
66.0,15.0,15.0,0.04652261734008789
19.0,7.0,7.0,0.013200521469116211
23.0,11.0,11.0,0.01795196533203125
27.0,11.0,11.0,0.02132439613342285
54.0,18.0,18.0,0.046183109283447266
42.0,11.0,11.0,0.02966022491455078
143.0,26.0,26.0,0.10108137130737305
64.0,18.0,18.0,0.04695892333984375
95.0,32.0,32.0,0.06340193748474121
29.0,8.0,8.0,0.018059968948364258
21.0,8.0,8.0,0.013075828552246094
37.0,10.0,10.0,0.03526449203491211
74.0,16.0,16.0,0.055455684661865234
39.0,23.0,23.0,0.03118109703063965
39.0,6.0,6.0,0.02882099151611328
34.0,3.0,3.0,0.022779464721679688
80.0,22.0,22.0,0.06102490425109863
33.0,17.0,17.0,0.02599310874938965
18.0,6.0,6.0,0.01514577865600586
46.0,19.0,19.0,0.032918691635131836
41.0,16.0,16.0,0.028661727905273438
26.0,5.0,5.0,0.016356706619262695
29.0,8.0,8.0,0.017298460006713867
24.0,5.0,5.0,0.018926620483398438
44.0,7.0,7.0,0.03384232521057129
34.0,12.0,12.0,0.023424625396728516
89.0,22.0,22.0,0.0570988655090332
27.0,9.0,9.0,0.01801466941833496
66.0,31.0,31.0,0.04416084289550781
21.0,9.0,9.0,0.018967151641845703
45.0,17.0,17.0,0.030560970306396484
15.0,3.0,3.0,0.011532306671142578
19.0,8.0,8.0,0.01153254508972168
42.0,9.0,9.0,0.029363393783569336
46.0,8.0,8.0,0.03168487548828125
32.0,7.0,7.0,0.021129131317138672
65.0,9.0,9.0,0.04406285285949707
59.0,20.0,20.0,0.04930734634399414
97.0,24.0,24.0,0.07029461860656738
22.0,8.0,8.0,0.016556978225708008
39.0,12.0,12.0,0.029340028762817383
17.0,6.0,6.0,0.010579586029052734
115.0,22.0,22.0,0.07754111289978027
20.0,9.0,9.0,0.009672880172729492
104.0,31.0,31.0,0.07877898216247559
30.0,7.0,7.0,0.018215417861938477
21.0,10.0,10.0,0.014179468154907227
54.0,10.0,10.0,0.03387880325317383
51.0,16.0,16.0,0.041245460510253906
52.0,13.0,13.0,0.03310704231262207
61.0,11.0,11.0,0.04046463966369629
75.0,11.0,11.0,0.052280426025390625
51.0,22.0,22.0,0.04148697853088379
21.0,4.0,4.0,0.020720720291137695
32.0,9.0,9.0,0.02623891830444336
32.0,15.0,15.0,0.030807018280029297
50.0,12.0,12.0,0.03805112838745117
51.0,12.0,12.0,0.03888654708862305
73.0,16.0,16.0,0.05334210395812988
32.0,8.0,8.0,0.022089004516601562
241.0,44.0,44.0,0.1747434139251709
24.0,5.0,5.0,0.016289949417114258
139.0,29.0,29.0,0.09423184394836426
42.0,13.0,13.0,0.025290489196777344
60.0,11.0,11.0,0.052640676498413086
23.0,10.0,10.0,0.01643991470336914
15.0,2.0,2.0,0.012167692184448242
39.0,10.0,10.0,0.0257875919342041
22.0,6.0,6.0,0.01226496696472168
37.0,15.0,15.0,0.03011012077331543
47.0,15.0,15.0,0.0353546142578125
46.0,18.0,18.0,0.02994060516357422
26.0,6.0,6.0,0.017907142639160156
20.0,9.0,9.0,0.014330148696899414
18.0,5.0,5.0,0.009659290313720703
18.0,7.0,7.0,0.010004520416259766
59.0,15.0,15.0,0.034502267837524414
96.0,23.0,23.0,0.06485629081726074
63.0,12.0,12.0,0.049664974212646484
37.0,5.0,5.0,0.023102998733520508
73.0,19.0,19.0,0.06198310852050781
63.0,19.0,19.0,0.04536294937133789
37.0,5.0,5.0,0.022133827209472656
40.0,12.0,12.0,0.02680683135986328
46.0,15.0,15.0,0.03280043601989746
70.0,11.0,11.0,0.05405759811401367
21.0,9.0,9.0,0.017670154571533203
23.0,7.0,7.0,0.015874147415161133
38.0,13.0,13.0,0.03852510452270508
84.0,22.0,22.0,0.05867338180541992
35.0,16.0,16.0,0.03090190887451172
50.0,26.0,26.0,0.03915238380432129
76.0,20.0,20.0,0.05724215507507324
69.0,18.0,18.0,0.050286054611206055
22.0,9.0,9.0,0.014806509017944336
82.0,34.0,34.0,0.05218362808227539
37.0,10.0,10.0,0.02574777603149414
19.0,6.0,6.0,0.013323545455932617
38.0,8.0,8.0,0.023166179656982422
20.0,6.0,6.0,0.009536266326904297
42.0,9.0,9.0,0.030563831329345703
59.0,18.0,18.0,0.03700137138366699
24.0,11.0,11.0,0.017957210540771484
21.0,9.0,9.0,0.013277292251586914
50.0,26.0,26.0,0.03796267509460449
104.0,26.0,26.0,0.08881020545959473
26.0,11.0,11.0,0.02631354331970215
20.0,7.0,7.0,0.010726213455200195
38.0,15.0,15.0,0.02751445770263672
29.0,12.0,12.0,0.01756739616394043
28.0,10.0,10.0,0.022482872009277344
16.0,2.0,2.0,0.017579317092895508
57.0,10.0,10.0,0.04915761947631836
62.0,13.0,13.0,0.07193136215209961
80.0,22.0,22.0,0.07723021507263184
36.0,6.0,6.0,0.03316473960876465
80.0,11.0,11.0,0.06601977348327637
52.0,12.0,12.0,0.04181385040283203
28.0,14.0,14.0,0.024400949478149414
28.0,7.0,7.0,0.021419763565063477
17.0,6.0,6.0,0.015919923782348633
22.0,7.0,7.0,0.014527082443237305
66.0,27.0,27.0,0.04899883270263672
60.0,16.0,16.0,0.04119515419006348
20.0,6.0,6.0,0.013537883758544922
27.0,3.0,3.0,0.0213010311126709
39.0,12.0,12.0,0.030390024185180664
18.0,4.0,4.0,0.012445449829101562
19.0,6.0,6.0,0.01538538932800293
27.0,5.0,5.0,0.022559404373168945
16.0,5.0,5.0,0.014400959014892578
23.0,12.0,12.0,0.014543771743774414
102.0,22.0,22.0,0.07822966575622559
28.0,17.0,17.0,0.02027273178100586
24.0,11.0,11.0,0.016884803771972656
50.0,7.0,7.0,0.04168581962585449
44.0,10.0,10.0,0.03948020935058594
31.0,4.0,4.0,0.020871400833129883
29.0,17.0,17.0,0.030611276626586914
15.0,3.0,3.0,0.014992237091064453
95.0,23.0,23.0,0.06892251968383789
57.0,11.0,11.0,0.046819210052490234
73.0,22.0,22.0,0.05705976486206055
104.0,24.0,24.0,0.07877373695373535
169.0,25.0,25.0,0.13335561752319336
20.0,9.0,9.0,0.014586687088012695
52.0,17.0,17.0,0.040318965911865234
23.0,7.0,7.0,0.017650365829467773
47.0,21.0,21.0,0.037587881088256836
79.0,21.0,21.0,0.0754234790802002
27.0,5.0,5.0,0.0228726863861084
49.0,18.0,18.0,0.042334556579589844
21.0,8.0,8.0,0.014916658401489258
31.0,8.0,8.0,0.02215719223022461
54.0,19.0,19.0,0.045372724533081055
22.0,7.0,7.0,0.015897035598754883
16.0,5.0,5.0,0.008747339248657227
127.0,36.0,36.0,0.09624433517456055
149.0,19.0,19.0,0.1011362075805664
85.0,27.0,27.0,0.06420016288757324
26.0,9.0,9.0,0.01505279541015625
18.0,5.0,5.0,0.015886783599853516
89.0,25.0,25.0,0.05437517166137695
69.0,11.0,11.0,0.05142378807067871
28.0,13.0,13.0,0.021362781524658203
65.0,29.0,29.0,0.04910922050476074
38.0,10.0,10.0,0.023688793182373047
45.0,6.0,6.0,0.03554654121398926
18.0,7.0,7.0,0.018072843551635742
21.0,4.0,4.0,0.021027088165283203
26.0,9.0,9.0,0.022816896438598633
31.0,12.0,12.0,0.02941274642944336
20.0,8.0,8.0,0.017923831939697266
26.0,12.0,12.0,0.02035236358642578
75.0,16.0,16.0,0.05209541320800781
32.0,8.0,8.0,0.030064105987548828
49.0,11.0,11.0,0.04110002517700195
217.0,48.0,48.0,0.14487266540527344
61.0,11.0,11.0,0.03799796104431152
19.0,6.0,6.0,0.017363548278808594
24.0,11.0,11.0,0.02226424217224121
183.0,55.0,55.0,0.1145780086517334
28.0,10.0,10.0,0.01931023597717285
81.0,19.0,19.0,0.05619668960571289
21.0,9.0,9.0,0.015859603881835938
30.0,17.0,17.0,0.020586490631103516
33.0,9.0,9.0,0.019808530807495117
80.0,12.0,12.0,0.05063748359680176
27.0,10.0,10.0,0.020678997039794922
32.0,14.0,14.0,0.02737903594970703
52.0,22.0,22.0,0.04050135612487793
68.0,12.0,12.0,0.04253721237182617
42.0,19.0,19.0,0.032460927963256836
106.0,22.0,22.0,0.06796097755432129
29.0,13.0,13.0,0.021946430206298828
26.0,7.0,7.0,0.02028179168701172
27.0,8.0,8.0,0.01679396629333496
27.0,9.0,9.0,0.020673036575317383
22.0,9.0,9.0,0.010441303253173828
75.0,18.0,18.0,0.05011892318725586
26.0,8.0,8.0,0.020981788635253906
36.0,13.0,13.0,0.023982524871826172
85.0,17.0,17.0,0.05533719062805176
47.0,11.0,11.0,0.027338504791259766
40.0,17.0,17.0,0.031624555587768555
76.0,20.0,20.0,0.05354928970336914
31.0,11.0,11.0,0.028809785842895508
48.0,18.0,18.0,0.040193796157836914
47.0,2.0,2.0,0.03551983833312988
27.0,6.0,6.0,0.01998615264892578
17.0,5.0,5.0,0.00980234146118164
38.0,8.0,8.0,0.03175973892211914
53.0,16.0,16.0,0.03177237510681152
63.0,16.0,16.0,0.03839588165283203
27.0,13.0,13.0,0.019500255584716797
17.0,6.0,6.0,0.013147592544555664
83.0,35.0,35.0,0.05761003494262695
52.0,18.0,18.0,0.031972408294677734
51.0,15.0,15.0,0.037702322006225586
120.0,35.0,35.0,0.06981897354125977
24.0,11.0,11.0,0.01923966407775879
69.0,20.0,20.0,0.04324746131896973
92.0,33.0,33.0,0.06487321853637695
161.0,36.0,36.0,0.10745716094970703
54.0,16.0,16.0,0.03384065628051758
78.0,7.0,7.0,0.05795931816101074
37.0,12.0,12.0,0.0287778377532959
22.0,7.0,7.0,0.013970613479614258
35.0,18.0,18.0,0.028121471405029297
90.0,37.0,37.0,0.06048083305358887
26.0,8.0,8.0,0.02724599838256836
72.0,9.0,9.0,0.07361292839050293
16.0,4.0,4.0,0.012889862060546875
26.0,10.0,10.0,0.014526605606079102
19.0,7.0,7.0,0.019726991653442383
20.0,5.0,5.0,0.011531352996826172
25.0,3.0,3.0,0.02382349967956543
43.0,10.0,10.0,0.03810548782348633
31.0,15.0,15.0,0.029653072357177734
23.0,4.0,4.0,0.0179288387298584
117.0,33.0,33.0,0.08916592597961426
14.0,1.0,1.0,0.013357162475585938
37.0,6.0,6.0,0.03091907501220703
40.0,13.0,13.0,0.0282900333404541
31.0,5.0,5.0,0.022719621658325195
30.0,10.0,10.0,0.026896238327026367
52.0,16.0,16.0,0.04527783393859863
82.0,18.0,18.0,0.05609631538391113
38.0,10.0,10.0,0.029856443405151367
39.0,18.0,18.0,0.02780890464782715
102.0,33.0,33.0,0.08401107788085938
49.0,10.0,10.0,0.03555154800415039
25.0,5.0,5.0,0.015776395797729492
32.0,12.0,12.0,0.02807760238647461
17.0,4.0,4.0,0.01273202896118164
26.0,10.0,10.0,0.018448352813720703
91.0,27.0,27.0,0.07428097724914551
69.0,22.0,22.0,0.04322552680969238
33.0,10.0,10.0,0.02302718162536621
64.0,12.0,12.0,0.046997785568237305
23.0,9.0,9.0,0.013950347900390625
129.0,23.0,23.0,0.10225939750671387
24.0,10.0,10.0,0.018499374389648438
27.0,10.0,10.0,0.01846933364868164
34.0,15.0,15.0,0.030724525451660156
49.0,11.0,11.0,0.03513813018798828
51.0,13.0,13.0,0.034653425216674805
26.0,10.0,10.0,0.016867399215698242
18.0,7.0,7.0,0.015078306198120117
15.0,4.0,4.0,0.010499954223632812
93.0,18.0,18.0,0.07149124145507812
60.0,12.0,12.0,0.05321693420410156
90.0,20.0,20.0,0.07106566429138184
22.0,4.0,4.0,0.01594710350036621
16.0,4.0,4.0,0.0154266357421875
67.0,19.0,19.0,0.05748867988586426
122.0,40.0,40.0,0.09238696098327637
28.0,14.0,14.0,0.02225947380065918
25.0,11.0,11.0,0.021725893020629883
56.0,8.0,8.0,0.0476527214050293
194.0,34.0,34.0,0.14400386810302734
41.0,13.0,13.0,0.049410343170166016
111.0,22.0,22.0,0.10760927200317383
18.0,3.0,3.0,0.016214609146118164
23.0,10.0,10.0,0.02230381965637207
34.0,4.0,4.0,0.022550582885742188
45.0,11.0,11.0,0.04458189010620117
22.0,9.0,9.0,0.022975921630859375
37.0,8.0,8.0,0.03142881393432617
24.0,11.0,11.0,0.015200376510620117
105.0,27.0,27.0,0.08093452453613281
84.0,25.0,25.0,0.05554676055908203
58.0,16.0,16.0,0.04747796058654785
37.0,9.0,9.0,0.03647589683532715
44.0,12.0,12.0,0.043768882751464844
80.0,16.0,16.0,0.08199453353881836
148.0,25.0,25.0,0.11636161804199219
226.0,55.0,55.0,0.19866442680358887
59.0,9.0,9.0,0.04935431480407715
51.0,20.0,20.0,0.05714988708496094
31.0,14.0,14.0,0.03055596351623535
25.0,5.0,5.0,0.021505117416381836
54.0,13.0,13.0,0.042557716369628906
40.0,15.0,15.0,0.033644676208496094
25.0,12.0,12.0,0.023288726806640625
63.0,18.0,18.0,0.056548357009887695
81.0,16.0,16.0,0.07477045059204102
66.0,14.0,14.0,0.06022000312805176
20.0,8.0,8.0,0.02184891700744629
91.0,17.0,17.0,0.06504440307617188
31.0,12.0,12.0,0.02175617218017578
63.0,13.0,13.0,0.047208309173583984
23.0,2.0,2.0,0.019516468048095703
93.0,19.0,19.0,0.06582021713256836
27.0,8.0,8.0,0.023621559143066406
37.0,8.0,8.0,0.023972034454345703
158.0,42.0,42.0,0.11888885498046875
88.0,23.0,23.0,0.07377266883850098
51.0,13.0,13.0,0.0356144905090332
18.0,5.0,5.0,0.012830734252929688
24.0,11.0,11.0,0.018185853958129883
94.0,20.0,20.0,0.07742118835449219
41.0,22.0,22.0,0.02603292465209961
62.0,13.0,13.0,0.05036115646362305
18.0,7.0,7.0,0.012603282928466797
69.0,18.0,18.0,0.060633182525634766
67.0,12.0,12.0,0.0648808479309082
29.0,2.0,2.0,0.03320193290710449
33.0,11.0,11.0,0.0252532958984375
23.0,7.0,7.0,0.02013874053955078
82.0,24.0,24.0,0.05949044227600098
33.0,14.0,14.0,0.022829771041870117
25.0,13.0,13.0,0.015458822250366211
32.0,17.0,17.0,0.01682281494140625
59.0,9.0,9.0,0.03633594512939453
43.0,8.0,8.0,0.02870655059814453
51.0,10.0,10.0,0.03270602226257324
28.0,8.0,8.0,0.02100539207458496
29.0,7.0,7.0,0.020489215850830078
30.0,7.0,7.0,0.03183698654174805
32.0,8.0,8.0,0.022852182388305664
74.0,19.0,19.0,0.04822230339050293
38.0,9.0,9.0,0.025136709213256836
16.0,5.0,5.0,0.017290830612182617
102.0,13.0,13.0,0.07373189926147461
17.0,4.0,4.0,0.016196727752685547
65.0,14.0,14.0,0.04368019104003906
50.0,13.0,13.0,0.03530168533325195
75.0,16.0,16.0,0.06491756439208984
37.0,10.0,10.0,0.028492450714111328
65.0,19.0,19.0,0.0448000431060791
22.0,9.0,9.0,0.01755547523498535
51.0,12.0,12.0,0.03533005714416504
47.0,18.0,18.0,0.030241966247558594
56.0,24.0,24.0,0.04141688346862793
31.0,15.0,15.0,0.025441646575927734
22.0,6.0,6.0,0.018186092376708984
62.0,25.0,25.0,0.04233670234680176
41.0,5.0,5.0,0.03628253936767578
60.0,8.0,8.0,0.04540610313415527
49.0,11.0,11.0,0.0365753173828125
62.0,12.0,12.0,0.041669368743896484
23.0,8.0,8.0,0.013990640640258789
33.0,8.0,8.0,0.022799015045166016
68.0,24.0,24.0,0.0470736026763916
48.0,13.0,13.0,0.03426051139831543
74.0,26.0,26.0,0.0524904727935791
38.0,15.0,15.0,0.02573108673095703
30.0,6.0,6.0,0.02292180061340332
77.0,25.0,25.0,0.058338165283203125
35.0,12.0,12.0,0.03663039207458496
27.0,11.0,11.0,0.03117656707763672
52.0,15.0,15.0,0.04918241500854492
17.0,5.0,5.0,0.016275405883789062
43.0,5.0,5.0,0.039795875549316406
25.0,8.0,8.0,0.022994041442871094
57.0,6.0,6.0,0.06129026412963867
91.0,18.0,18.0,0.0863637924194336
60.0,13.0,13.0,0.0688314437866211
85.0,17.0,17.0,0.06572079658508301
17.0,6.0,6.0,0.008407831192016602
21.0,5.0,5.0,0.014467000961303711
28.0,6.0,6.0,0.022573471069335938
67.0,14.0,14.0,0.05514955520629883
33.0,9.0,9.0,0.03529047966003418
28.0,7.0,7.0,0.03187084197998047
119.0,24.0,24.0,0.11028385162353516
58.0,14.0,14.0,0.05271577835083008
91.0,22.0,22.0,0.06684422492980957
31.0,7.0,7.0,0.022621631622314453
110.0,26.0,26.0,0.08464694023132324
41.0,13.0,13.0,0.03648948669433594
57.0,17.0,17.0,0.04990983009338379
118.0,22.0,22.0,0.10549569129943848
25.0,7.0,7.0,0.017667531967163086
29.0,17.0,17.0,0.037247419357299805
164.0,32.0,32.0,0.12984180450439453
34.0,16.0,16.0,0.023697614669799805
49.0,6.0,6.0,0.040146589279174805
25.0,6.0,6.0,0.020493507385253906
30.0,12.0,12.0,0.019536256790161133
32.0,10.0,10.0,0.020733118057250977
72.0,22.0,22.0,0.048352718353271484
37.0,6.0,6.0,0.030996084213256836
41.0,11.0,11.0,0.03601646423339844
52.0,10.0,10.0,0.03850960731506348
47.0,8.0,8.0,0.0351557731628418
19.0,8.0,8.0,0.01582813262939453
23.0,12.0,12.0,0.0135345458984375
15.0,3.0,3.0,0.010520696640014648
71.0,13.0,13.0,0.04809713363647461
25.0,6.0,6.0,0.012447834014892578
21.0,8.0,8.0,0.019741058349609375
19.0,9.0,9.0,0.013814926147460938
23.0,4.0,4.0,0.01847100257873535
17.0,4.0,4.0,0.010657787322998047
57.0,6.0,6.0,0.03624701499938965
16.0,5.0,5.0,0.011529684066772461
51.0,10.0,10.0,0.041052818298339844
49.0,20.0,20.0,0.036454200744628906
79.0,15.0,15.0,0.05254864692687988
62.0,17.0,17.0,0.0488278865814209
53.0,16.0,16.0,0.044589996337890625
44.0,9.0,9.0,0.053824663162231445
97.0,18.0,18.0,0.0642545223236084
17.0,6.0,6.0,0.009580850601196289
107.0,25.0,25.0,0.08298301696777344
52.0,11.0,11.0,0.0356597900390625
46.0,9.0,9.0,0.03202223777770996
55.0,11.0,11.0,0.03545045852661133
66.0,15.0,15.0,0.047785043716430664
69.0,14.0,14.0,0.04291105270385742
34.0,18.0,18.0,0.026007413864135742
31.0,18.0,18.0,0.024263620376586914
35.0,16.0,16.0,0.030555248260498047
125.0,14.0,14.0,0.08277773857116699
55.0,13.0,13.0,0.049494266510009766
35.0,11.0,11.0,0.03529548645019531
29.0,8.0,8.0,0.027002811431884766
28.0,10.0,10.0,0.026851892471313477
41.0,5.0,5.0,0.03472185134887695
36.0,8.0,8.0,0.027934551239013672
31.0,7.0,7.0,0.03317523002624512
177.0,50.0,50.0,0.14435338973999023
45.0,12.0,12.0,0.02696371078491211
47.0,10.0,10.0,0.03129744529724121
23.0,8.0,8.0,0.0161130428314209
45.0,13.0,13.0,0.0339512825012207
57.0,9.0,9.0,0.04139995574951172
42.0,12.0,12.0,0.026665925979614258
77.0,10.0,10.0,0.05677628517150879
14.0,2.0,2.0,0.008523225784301758
74.0,11.0,11.0,0.05214691162109375
58.0,16.0,16.0,0.03603625297546387
44.0,12.0,12.0,0.027704715728759766
35.0,12.0,12.0,0.026732206344604492
19.0,7.0,7.0,0.013434171676635742
25.0,6.0,6.0,0.018002986907958984
30.0,9.0,9.0,0.017684221267700195
64.0,19.0,19.0,0.04558515548706055
24.0,13.0,13.0,0.01756763458251953
22.0,7.0,7.0,0.014095067977905273
60.0,20.0,20.0,0.0410161018371582
97.0,20.0,20.0,0.07906270027160645
53.0,25.0,25.0,0.03224968910217285
48.0,14.0,14.0,0.03227400779724121
41.0,13.0,13.0,0.024024009704589844
20.0,6.0,6.0,0.012429237365722656
136.0,27.0,27.0,0.10026907920837402
14.0,0.0,0.0,0.011420488357543945
30.0,15.0,15.0,0.019731521606445312
65.0,18.0,18.0,0.0361018180847168
33.0,12.0,12.0,0.024829864501953125
104.0,23.0,23.0,0.06881356239318848
31.0,12.0,12.0,0.015961885452270508
59.0,22.0,22.0,0.03919792175292969
69.0,24.0,24.0,0.04558229446411133
74.0,22.0,22.0,0.04933452606201172
29.0,7.0,7.0,0.017211198806762695
136.0,26.0,26.0,0.10010051727294922
189.0,40.0,40.0,0.1312260627746582
104.0,27.0,27.0,0.07035231590270996
98.0,21.0,21.0,0.07037663459777832
30.0,19.0,19.0,0.022046804428100586
19.0,5.0,5.0,0.01578545570373535
33.0,9.0,9.0,0.03242993354797363
18.0,7.0,7.0,0.00984501838684082
33.0,12.0,12.0,0.021847009658813477
27.0,13.0,13.0,0.01932668685913086
22.0,11.0,11.0,0.013553142547607422
45.0,5.0,5.0,0.031128883361816406
120.0,30.0,30.0,0.07813382148742676
37.0,6.0,6.0,0.028426408767700195
47.0,17.0,17.0,0.040929317474365234
40.0,7.0,7.0,0.0356297492980957
33.0,8.0,8.0,0.022160053253173828
13.0,2.0,2.0,0.008439779281616211
37.0,8.0,8.0,0.030342578887939453
65.0,17.0,17.0,0.05126452445983887
25.0,8.0,8.0,0.014039993286132812
21.0,6.0,6.0,0.014429092407226562
101.0,27.0,27.0,0.06784868240356445
67.0,17.0,17.0,0.04481959342956543
46.0,10.0,10.0,0.027851104736328125
80.0,21.0,21.0,0.05323028564453125
56.0,8.0,8.0,0.04331469535827637
31.0,12.0,12.0,0.022326231002807617
19.0,3.0,3.0,0.012473821640014648
171.0,38.0,38.0,0.12996435165405273
60.0,15.0,15.0,0.04467582702636719
19.0,6.0,6.0,0.015211343765258789
35.0,9.0,9.0,0.033438682556152344
13.0,2.0,2.0,0.011006593704223633
22.0,7.0,7.0,0.01703953742980957
45.0,18.0,18.0,0.03668665885925293
33.0,11.0,11.0,0.03351140022277832
65.0,20.0,20.0,0.059546470642089844
40.0,11.0,11.0,0.022150516510009766
30.0,5.0,5.0,0.020104646682739258
28.0,6.0,6.0,0.01619410514831543
44.0,11.0,11.0,0.03354048728942871
23.0,11.0,11.0,0.013541221618652344
45.0,22.0,22.0,0.032660484313964844
58.0,17.0,17.0,0.03761577606201172
103.0,23.0,23.0,0.07807564735412598
101.0,11.0,11.0,0.07981061935424805
52.0,6.0,6.0,0.03961896896362305
56.0,15.0,15.0,0.03702378273010254
32.0,12.0,12.0,0.025355815887451172
27.0,9.0,9.0,0.02868795394897461
64.0,18.0,18.0,0.03894376754760742
29.0,13.0,13.0,0.021765708923339844
85.0,30.0,30.0,0.07285618782043457
40.0,12.0,12.0,0.026511430740356445
40.0,11.0,11.0,0.03209686279296875
46.0,10.0,10.0,0.03609752655029297
29.0,16.0,16.0,0.023614168167114258
70.0,41.0,41.0,0.05532979965209961
54.0,19.0,19.0,0.04077458381652832
80.0,21.0,21.0,0.06565523147583008
23.0,7.0,7.0,0.014328241348266602
51.0,15.0,15.0,0.03808093070983887
20.0,5.0,5.0,0.017174482345581055
21.0,6.0,6.0,0.018604278564453125
56.0,17.0,17.0,0.03547859191894531
20.0,6.0,6.0,0.010567426681518555
97.0,24.0,24.0,0.06198525428771973
28.0,8.0,8.0,0.020253896713256836
27.0,9.0,9.0,0.01929020881652832
24.0,4.0,4.0,0.017278432846069336
39.0,12.0,12.0,0.03086090087890625
28.0,7.0,7.0,0.0202028751373291
19.0,5.0,5.0,0.01751232147216797
34.0,13.0,13.0,0.02882838249206543
69.0,25.0,25.0,0.05260181427001953
26.0,6.0,6.0,0.021025419235229492
39.0,15.0,15.0,0.02431321144104004
24.0,4.0,4.0,0.013674020767211914
35.0,8.0,8.0,0.023806333541870117
27.0,12.0,12.0,0.02083730697631836
44.0,10.0,10.0,0.03018975257873535
40.0,12.0,12.0,0.02427077293395996
27.0,7.0,7.0,0.017091035842895508
21.0,6.0,6.0,0.010526418685913086
31.0,7.0,7.0,0.021734237670898438
39.0,12.0,12.0,0.02841019630432129
38.0,27.0,27.0,0.023144960403442383
62.0,9.0,9.0,0.04216194152832031
113.0,20.0,20.0,0.08418130874633789
31.0,4.0,4.0,0.01734638214111328
42.0,16.0,16.0,0.02174210548400879
14.0,2.0,2.0,0.009518146514892578
151.0,36.0,36.0,0.09122800827026367
58.0,15.0,15.0,0.04115939140319824
95.0,16.0,16.0,0.058007240295410156
89.0,23.0,23.0,0.06371712684631348
40.0,10.0,10.0,0.025708675384521484
19.0,6.0,6.0,0.011204004287719727
53.0,19.0,19.0,0.03183722496032715
23.0,11.0,11.0,0.01695084571838379
142.0,21.0,21.0,0.08570480346679688
55.0,9.0,9.0,0.03483104705810547
13.0,2.0,2.0,0.01312875747680664
16.0,5.0,5.0,0.008467674255371094
49.0,7.0,7.0,0.031452178955078125
24.0,10.0,10.0,0.0135955810546875
49.0,12.0,12.0,0.03452658653259277
18.0,5.0,5.0,0.015042543411254883
28.0,8.0,8.0,0.023953676223754883
47.0,19.0,19.0,0.029462575912475586
73.0,15.0,15.0,0.04785561561584473
23.0,4.0,4.0,0.014996528625488281
47.0,18.0,18.0,0.0349578857421875
31.0,7.0,7.0,0.02364659309387207
20.0,7.0,7.0,0.01564788818359375
77.0,15.0,15.0,0.04719185829162598
124.0,32.0,32.0,0.08452749252319336
20.0,6.0,6.0,0.015258312225341797
61.0,16.0,16.0,0.03791308403015137
47.0,12.0,12.0,0.03491854667663574
22.0,5.0,5.0,0.012597322463989258
39.0,13.0,13.0,0.023520946502685547
29.0,11.0,11.0,0.024303674697875977
43.0,10.0,10.0,0.026778459548950195
30.0,13.0,13.0,0.019100666046142578
67.0,25.0,25.0,0.046128273010253906
26.0,13.0,13.0,0.016667604446411133
54.0,15.0,15.0,0.036960601806640625
20.0,5.0,5.0,0.016283512115478516
93.0,22.0,22.0,0.06925773620605469
120.0,29.0,29.0,0.07881855964660645
33.0,11.0,11.0,0.026278257369995117
81.0,22.0,22.0,0.06366801261901855
49.0,11.0,11.0,0.035874366760253906
25.0,13.0,13.0,0.01859450340270996
217.0,49.0,49.0,0.1751697063446045
63.0,36.0,36.0,0.06601476669311523
17.0,6.0,6.0,0.020095109939575195
35.0,6.0,6.0,0.030898571014404297
20.0,6.0,6.0,0.014840364456176758
42.0,13.0,13.0,0.03289628028869629
28.0,7.0,7.0,0.0208127498626709
35.0,8.0,8.0,0.031540870666503906
24.0,9.0,9.0,0.01842498779296875
163.0,37.0,37.0,0.13063383102416992
45.0,15.0,15.0,0.034371137619018555
67.0,22.0,22.0,0.05398821830749512
27.0,7.0,7.0,0.022236108779907227
59.0,6.0,6.0,0.046204566955566406
76.0,22.0,22.0,0.06621646881103516
56.0,13.0,13.0,0.04305768013000488
33.0,15.0,15.0,0.02536153793334961
56.0,6.0,6.0,0.04100608825683594
20.0,5.0,5.0,0.021065950393676758
22.0,6.0,6.0,0.01823878288269043
30.0,7.0,7.0,0.028917312622070312
15.0,4.0,4.0,0.009932518005371094
65.0,23.0,23.0,0.0546875
68.0,15.0,15.0,0.04297065734863281
40.0,9.0,9.0,0.028163671493530273
42.0,9.0,9.0,0.037015676498413086
45.0,7.0,7.0,0.04026985168457031
59.0,14.0,14.0,0.05466318130493164
126.0,27.0,27.0,0.09352278709411621
23.0,10.0,10.0,0.012264013290405273
26.0,14.0,14.0,0.02597808837890625
26.0,6.0,6.0,0.01961493492126465
142.0,23.0,23.0,0.11446833610534668
85.0,20.0,20.0,0.06760549545288086
72.0,20.0,20.0,0.0537717342376709
15.0,4.0,4.0,0.011780023574829102
16.0,6.0,6.0,0.012225866317749023
32.0,9.0,9.0,0.021782636642456055
24.0,7.0,7.0,0.019126415252685547
101.0,15.0,15.0,0.070526123046875
50.0,16.0,16.0,0.03842568397521973
26.0,7.0,7.0,0.018168926239013672
33.0,7.0,7.0,0.02422642707824707
42.0,10.0,10.0,0.03943753242492676
14.0,2.0,2.0,0.006899118423461914
80.0,19.0,19.0,0.06490039825439453
39.0,20.0,20.0,0.030450820922851562
62.0,25.0,25.0,0.04864931106567383
21.0,6.0,6.0,0.011683464050292969
54.0,16.0,16.0,0.03600358963012695
91.0,24.0,24.0,0.06412482261657715
55.0,27.0,27.0,0.03631186485290527
89.0,17.0,17.0,0.07043695449829102
32.0,7.0,7.0,0.029673337936401367
95.0,22.0,22.0,0.07531118392944336
40.0,7.0,7.0,0.0296170711517334
45.0,10.0,10.0,0.03419637680053711
82.0,16.0,16.0,0.07549095153808594
62.0,20.0,20.0,0.046401023864746094
60.0,15.0,15.0,0.04935479164123535
65.0,15.0,15.0,0.038184165954589844
31.0,9.0,9.0,0.02043890953063965
108.0,25.0,25.0,0.08104825019836426
144.0,28.0,28.0,0.10477280616760254
16.0,4.0,4.0,0.014745950698852539
38.0,5.0,5.0,0.03204226493835449
14.0,1.0,1.0,0.00894474983215332
25.0,12.0,12.0,0.021678686141967773
44.0,17.0,17.0,0.031206607818603516
28.0,8.0,8.0,0.018886566162109375
69.0,17.0,17.0,0.04967451095581055
67.0,18.0,18.0,0.0438230037689209
29.0,5.0,5.0,0.019516706466674805
25.0,13.0,13.0,0.017270565032958984
36.0,16.0,16.0,0.024803876876831055
39.0,10.0,10.0,0.027961015701293945
18.0,7.0,7.0,0.013990163803100586
134.0,36.0,36.0,0.09350776672363281
33.0,6.0,6.0,0.027049779891967773
64.0,13.0,13.0,0.044852495193481445
74.0,22.0,22.0,0.056815385818481445
85.0,20.0,20.0,0.05791115760803223
31.0,4.0,4.0,0.028118371963500977
17.0,2.0,2.0,0.011293172836303711
42.0,6.0,6.0,0.026482343673706055
33.0,20.0,20.0,0.026218652725219727
23.0,5.0,5.0,0.021927595138549805
67.0,14.0,14.0,0.0471339225769043
45.0,12.0,12.0,0.03349423408508301
18.0,3.0,3.0,0.016772031784057617
42.0,6.0,6.0,0.03819632530212402
86.0,16.0,16.0,0.06194615364074707
23.0,4.0,4.0,0.016576051712036133
163.0,25.0,25.0,0.09527134895324707
23.0,6.0,6.0,0.015343189239501953
106.0,36.0,36.0,0.07028985023498535
39.0,7.0,7.0,0.02752971649169922
24.0,12.0,12.0,0.020224571228027344
39.0,7.0,7.0,0.03222489356994629
25.0,8.0,8.0,0.02183699607849121
30.0,18.0,18.0,0.017071962356567383
93.0,32.0,32.0,0.060848236083984375
26.0,10.0,10.0,0.015905141830444336
28.0,9.0,9.0,0.021651268005371094
48.0,8.0,8.0,0.034735679626464844
19.0,5.0,5.0,0.00952005386352539
20.0,7.0,7.0,0.011927127838134766
22.0,11.0,11.0,0.01636648178100586
147.0,35.0,35.0,0.08683252334594727
39.0,2.0,2.0,0.03856062889099121
45.0,12.0,12.0,0.03911852836608887
44.0,17.0,17.0,0.03728890419006348
61.0,18.0,18.0,0.0453038215637207
83.0,13.0,13.0,0.05798077583312988
38.0,8.0,8.0,0.026186227798461914
35.0,8.0,8.0,0.022895097732543945
75.0,19.0,19.0,0.09521770477294922
90.0,30.0,30.0,0.05664467811584473
22.0,10.0,10.0,0.014342308044433594
76.0,9.0,9.0,0.0473484992980957
38.0,7.0,7.0,0.030781269073486328
33.0,15.0,15.0,0.02288222312927246
98.0,21.0,21.0,0.06792235374450684
29.0,8.0,8.0,0.02095818519592285
30.0,8.0,8.0,0.023127317428588867
45.0,8.0,8.0,0.04133796691894531
110.0,25.0,25.0,0.07853960990905762
53.0,10.0,10.0,0.035162925720214844
15.0,3.0,3.0,0.010955095291137695
20.0,6.0,6.0,0.012000799179077148
23.0,11.0,11.0,0.02119302749633789
22.0,7.0,7.0,0.02072763442993164
107.0,31.0,31.0,0.07375288009643555
112.0,20.0,20.0,0.08209919929504395
58.0,21.0,21.0,0.04287457466125488
27.0,8.0,8.0,0.01473689079284668
148.0,32.0,32.0,0.09615230560302734
49.0,18.0,18.0,0.029998064041137695
41.0,11.0,11.0,0.028086423873901367
25.0,12.0,12.0,0.02302241325378418
34.0,8.0,8.0,0.027711153030395508
55.0,4.0,4.0,0.04487419128417969
99.0,22.0,22.0,0.07795906066894531
34.0,15.0,15.0,0.024892568588256836
59.0,17.0,17.0,0.0415949821472168
26.0,11.0,11.0,0.01470327377319336
55.0,21.0,21.0,0.041526079177856445
33.0,18.0,18.0,0.027181625366210938
53.0,14.0,14.0,0.03914618492126465
37.0,9.0,9.0,0.03443312644958496
43.0,15.0,15.0,0.031809329986572266
50.0,29.0,29.0,0.03860211372375488
33.0,14.0,14.0,0.020514726638793945
28.0,15.0,15.0,0.018374919891357422
30.0,11.0,11.0,0.022734880447387695
102.0,16.0,16.0,0.0750734806060791
43.0,14.0,14.0,0.035269975662231445
30.0,10.0,10.0,0.021119117736816406
36.0,7.0,7.0,0.021289825439453125
24.0,10.0,10.0,0.013685464859008789
38.0,11.0,11.0,0.025832176208496094
66.0,16.0,16.0,0.04319000244140625
21.0,6.0,6.0,0.011950492858886719
37.0,9.0,9.0,0.023247241973876953
47.0,6.0,6.0,0.031885623931884766
110.0,22.0,22.0,0.08494353294372559
17.0,6.0,6.0,0.014102697372436523
34.0,7.0,7.0,0.029177188873291016
33.0,8.0,8.0,0.03203320503234863
33.0,12.0,12.0,0.028284549713134766
64.0,18.0,18.0,0.04951310157775879
26.0,8.0,8.0,0.023824453353881836
33.0,8.0,8.0,0.025445222854614258
17.0,4.0,4.0,0.012743234634399414
57.0,14.0,14.0,0.057016611099243164
24.0,7.0,7.0,0.015793561935424805
29.0,14.0,14.0,0.019975900650024414
52.0,16.0,16.0,0.03640866279602051
44.0,16.0,16.0,0.032491207122802734
58.0,10.0,10.0,0.044223785400390625
17.0,6.0,6.0,0.012997627258300781
34.0,12.0,12.0,0.02495265007019043
14.0,3.0,3.0,0.013118505477905273
26.0,8.0,8.0,0.018722057342529297
55.0,20.0,20.0,0.038697242736816406
88.0,29.0,29.0,0.06851601600646973
27.0,13.0,13.0,0.024197816848754883
58.0,5.0,5.0,0.042559146881103516
82.0,15.0,15.0,0.056884765625
43.0,12.0,12.0,0.03145480155944824
50.0,15.0,15.0,0.03545260429382324
16.0,5.0,5.0,0.014232158660888672
74.0,22.0,22.0,0.04794001579284668
19.0,6.0,6.0,0.009845256805419922
28.0,6.0,6.0,0.01970219612121582
14.0,3.0,3.0,0.011642217636108398
97.0,25.0,25.0,0.08407735824584961
31.0,3.0,3.0,0.02218484878540039
42.0,10.0,10.0,0.03173327445983887
24.0,7.0,7.0,0.01607036590576172
55.0,10.0,10.0,0.038073062896728516
48.0,19.0,19.0,0.032079219818115234
32.0,5.0,5.0,0.022768020629882812
31.0,10.0,10.0,0.026478290557861328
86.0,28.0,28.0,0.064239501953125
139.0,43.0,43.0,0.0994870662689209
49.0,18.0,18.0,0.040161848068237305
19.0,8.0,8.0,0.017495155334472656
27.0,17.0,17.0,0.02152395248413086
73.0,25.0,25.0,0.061238765716552734
210.0,47.0,47.0,0.1555778980255127
43.0,6.0,6.0,0.02728557586669922
45.0,12.0,12.0,0.029496192932128906
38.0,4.0,4.0,0.02177596092224121
36.0,9.0,9.0,0.02617788314819336
127.0,33.0,33.0,0.0921027660369873
35.0,12.0,12.0,0.023066043853759766
23.0,10.0,10.0,0.019803285598754883
147.0,26.0,26.0,0.10393667221069336
24.0,11.0,11.0,0.017935752868652344
86.0,20.0,20.0,0.06779694557189941
22.0,11.0,11.0,0.016404151916503906
35.0,5.0,5.0,0.029706478118896484
143.0,16.0,16.0,0.1462244987487793
94.0,27.0,27.0,0.09274649620056152
22.0,11.0,11.0,0.015786409378051758
41.0,7.0,7.0,0.03573799133300781
89.0,15.0,15.0,0.0592036247253418
31.0,5.0,5.0,0.02132868766784668
28.0,6.0,6.0,0.023056507110595703
98.0,18.0,18.0,0.08631229400634766
26.0,12.0,12.0,0.024207115173339844
96.0,20.0,20.0,0.08873391151428223
47.0,17.0,17.0,0.03231954574584961
22.0,7.0,7.0,0.019907712936401367
102.0,27.0,27.0,0.0790700912475586
54.0,19.0,19.0,0.037932634353637695
40.0,8.0,8.0,0.03404116630554199
19.0,6.0,6.0,0.018283843994140625
49.0,13.0,13.0,0.0441441535949707
28.0,10.0,10.0,0.021612882614135742
24.0,6.0,6.0,0.02484297752380371
95.0,11.0,11.0,0.07863211631774902
112.0,26.0,26.0,0.09192228317260742
17.0,6.0,6.0,0.015246868133544922
51.0,13.0,13.0,0.0408635139465332
37.0,14.0,14.0,0.026547670364379883
17.0,4.0,4.0,0.010614871978759766
53.0,16.0,16.0,0.04172515869140625
38.0,14.0,14.0,0.03257274627685547
92.0,26.0,26.0,0.07092905044555664
54.0,13.0,13.0,0.040380001068115234
130.0,28.0,28.0,0.10700845718383789
29.0,11.0,11.0,0.02213120460510254
31.0,4.0,4.0,0.024355649948120117
26.0,4.0,4.0,0.01731133460998535
64.0,15.0,15.0,0.0626518726348877
24.0,4.0,4.0,0.017530202865600586
27.0,15.0,15.0,0.021058320999145508
35.0,18.0,18.0,0.023595809936523438
22.0,10.0,10.0,0.020087480545043945
27.0,13.0,13.0,0.02013874053955078
23.0,11.0,11.0,0.02013087272644043
66.0,21.0,21.0,0.0589296817779541
27.0,7.0,7.0,0.021990299224853516
62.0,18.0,18.0,0.0461573600769043
22.0,5.0,5.0,0.018065929412841797
21.0,5.0,5.0,0.016704797744750977
31.0,13.0,13.0,0.021931171417236328
37.0,13.0,13.0,0.029958248138427734
102.0,26.0,26.0,0.07348775863647461
36.0,17.0,17.0,0.02440023422241211
33.0,6.0,6.0,0.028558015823364258
28.0,8.0,8.0,0.020205974578857422
43.0,7.0,7.0,0.03465676307678223
113.0,12.0,12.0,0.10004496574401855
147.0,28.0,28.0,0.140883207321167
82.0,18.0,18.0,0.05396246910095215
64.0,16.0,16.0,0.04930853843688965
128.0,22.0,22.0,0.09006333351135254
86.0,20.0,20.0,0.06520390510559082
29.0,10.0,10.0,0.026451587677001953
40.0,20.0,20.0,0.031540632247924805
58.0,19.0,19.0,0.0500791072845459
28.0,13.0,13.0,0.029337644577026367
55.0,25.0,25.0,0.05572342872619629
50.0,12.0,12.0,0.04488825798034668
17.0,5.0,5.0,0.017728090286254883
33.0,12.0,12.0,0.027171850204467773
57.0,14.0,14.0,0.05386996269226074
40.0,7.0,7.0,0.03410959243774414
53.0,11.0,11.0,0.03935432434082031
59.0,17.0,17.0,0.04378056526184082
69.0,13.0,13.0,0.057205915451049805
20.0,9.0,9.0,0.020000219345092773
25.0,7.0,7.0,0.019162893295288086
144.0,39.0,39.0,0.11891603469848633
34.0,5.0,5.0,0.02451944351196289
26.0,10.0,10.0,0.026523828506469727
32.0,11.0,11.0,0.02570366859436035
51.0,21.0,21.0,0.039797306060791016
60.0,13.0,13.0,0.051901817321777344
30.0,7.0,7.0,0.024797916412353516
28.0,7.0,7.0,0.02621293067932129
144.0,43.0,43.0,0.12344217300415039
43.0,12.0,12.0,0.040457963943481445
42.0,27.0,27.0,0.04471230506896973
15.0,4.0,4.0,0.012691020965576172
85.0,15.0,15.0,0.07025289535522461
15.0,4.0,4.0,0.017429113388061523
81.0,9.0,9.0,0.06263494491577148
35.0,9.0,9.0,0.02858734130859375
36.0,8.0,8.0,0.026991605758666992
71.0,18.0,18.0,0.06501340866088867
22.0,5.0,5.0,0.018080472946166992
29.0,7.0,7.0,0.01933884620666504
53.0,15.0,15.0,0.04005241394042969
67.0,11.0,11.0,0.047240495681762695
15.0,3.0,3.0,0.01253509521484375
26.0,4.0,4.0,0.021931171417236328
113.0,31.0,31.0,0.10353684425354004
39.0,12.0,12.0,0.041596174240112305
92.0,21.0,21.0,0.08934926986694336
27.0,13.0,13.0,0.023916959762573242
24.0,11.0,11.0,0.026255369186401367
71.0,16.0,16.0,0.06325197219848633
29.0,7.0,7.0,0.025301456451416016
48.0,18.0,18.0,0.04517650604248047
48.0,16.0,16.0,0.039441823959350586
86.0,20.0,20.0,0.08349061012268066
56.0,19.0,19.0,0.049021005630493164
31.0,10.0,10.0,0.0303800106048584
29.0,8.0,8.0,0.020728588104248047
29.0,5.0,5.0,0.021747589111328125
30.0,8.0,8.0,0.022107601165771484
126.0,24.0,24.0,0.11844182014465332
14.0,4.0,4.0,0.0187070369720459
33.0,11.0,11.0,0.029261350631713867
25.0,6.0,6.0,0.01633620262145996
58.0,16.0,16.0,0.043447017669677734
18.0,6.0,6.0,0.014209270477294922
148.0,18.0,18.0,0.11831116676330566
22.0,9.0,9.0,0.01370096206665039
35.0,20.0,20.0,0.027661561965942383
22.0,6.0,6.0,0.016007184982299805
60.0,23.0,23.0,0.0470576286315918
37.0,25.0,25.0,0.03195524215698242
20.0,7.0,7.0,0.021172523498535156
51.0,8.0,8.0,0.041454315185546875
70.0,13.0,13.0,0.05147528648376465
45.0,22.0,22.0,0.041604042053222656
40.0,6.0,6.0,0.03578066825866699
39.0,14.0,14.0,0.033124685287475586
68.0,28.0,28.0,0.05804920196533203
51.0,9.0,9.0,0.03642630577087402
62.0,21.0,21.0,0.04831385612487793
76.0,22.0,22.0,0.060308218002319336
111.0,23.0,23.0,0.08512544631958008
29.0,9.0,9.0,0.022071361541748047
74.0,13.0,13.0,0.05846858024597168
78.0,18.0,18.0,0.06122875213623047
104.0,27.0,27.0,0.08061742782592773
56.0,12.0,12.0,0.04254794120788574
24.0,8.0,8.0,0.019632816314697266
28.0,6.0,6.0,0.02519989013671875
30.0,9.0,9.0,0.024326801300048828
19.0,6.0,6.0,0.016523122787475586
53.0,21.0,21.0,0.03961801528930664
117.0,27.0,27.0,0.09969425201416016
25.0,4.0,4.0,0.023610591888427734
33.0,9.0,9.0,0.03599238395690918
29.0,12.0,12.0,0.04005861282348633
23.0,7.0,7.0,0.022403478622436523
29.0,7.0,7.0,0.03189539909362793
79.0,23.0,23.0,0.08121252059936523
90.0,21.0,21.0,0.09403753280639648
21.0,9.0,9.0,0.021661996841430664
19.0,4.0,4.0,0.015825271606445312
78.0,13.0,13.0,0.07213735580444336
42.0,13.0,13.0,0.03984379768371582
34.0,15.0,15.0,0.030013561248779297
30.0,8.0,8.0,0.028272390365600586
20.0,8.0,8.0,0.024482250213623047
38.0,14.0,14.0,0.03680992126464844
41.0,10.0,10.0,0.035782575607299805
135.0,34.0,34.0,0.1251070499420166
28.0,11.0,11.0,0.02715015411376953
88.0,24.0,24.0,0.07901382446289062
38.0,15.0,15.0,0.03358149528503418
87.0,28.0,28.0,0.08799433708190918
90.0,33.0,33.0,0.08501315116882324
25.0,8.0,8.0,0.025104999542236328
18.0,7.0,7.0,0.01966238021850586
84.0,19.0,19.0,0.07406735420227051
38.0,9.0,9.0,0.0345606803894043
52.0,11.0,11.0,0.04818439483642578
45.0,12.0,12.0,0.04172825813293457
37.0,9.0,9.0,0.039382219314575195
61.0,8.0,8.0,0.05758166313171387
30.0,13.0,13.0,0.03037261962890625
67.0,18.0,18.0,0.057184457778930664
90.0,21.0,21.0,0.08656001091003418
16.0,3.0,3.0,0.013355016708374023
112.0,19.0,19.0,0.1029665470123291
27.0,5.0,5.0,0.027416706085205078
27.0,5.0,5.0,0.024929523468017578
50.0,14.0,14.0,0.0405116081237793
82.0,21.0,21.0,0.07472467422485352
28.0,15.0,15.0,0.021353960037231445
31.0,11.0,11.0,0.026541471481323242
29.0,7.0,7.0,0.026807069778442383
38.0,13.0,13.0,0.03539419174194336
25.0,11.0,11.0,0.031841278076171875
64.0,12.0,12.0,0.0661461353302002
62.0,10.0,10.0,0.05374860763549805
51.0,17.0,17.0,0.05335593223571777
33.0,12.0,12.0,0.03172707557678223
132.0,30.0,30.0,0.1300501823425293
246.0,45.0,45.0,0.2348630428314209
189.0,37.0,37.0,0.15909934043884277
91.0,17.0,17.0,0.06743407249450684
70.0,13.0,13.0,0.059484243392944336
76.0,19.0,19.0,0.06746578216552734
32.0,7.0,7.0,0.026751041412353516
15.0,3.0,3.0,0.012704849243164062
34.0,10.0,10.0,0.025283336639404297
55.0,11.0,11.0,0.047454118728637695
59.0,25.0,25.0,0.050238609313964844
43.0,15.0,15.0,0.03929710388183594
33.0,4.0,4.0,0.02820897102355957
80.0,24.0,24.0,0.06860733032226562
90.0,16.0,16.0,0.07667160034179688
52.0,20.0,20.0,0.044411420822143555
30.0,9.0,9.0,0.028153657913208008
30.0,11.0,11.0,0.027306795120239258
74.0,11.0,11.0,0.0696253776550293
20.0,6.0,6.0,0.014791250228881836
61.0,22.0,22.0,0.04563164710998535
54.0,22.0,22.0,0.04588198661804199
73.0,16.0,16.0,0.07032418251037598
19.0,6.0,6.0,0.011447429656982422
125.0,32.0,32.0,0.0982820987701416
21.0,6.0,6.0,0.02028346061706543
54.0,9.0,9.0,0.05032658576965332
40.0,15.0,15.0,0.03993558883666992
63.0,15.0,15.0,0.0581972599029541
34.0,9.0,9.0,0.0255129337310791
66.0,18.0,18.0,0.0601353645324707
68.0,19.0,19.0,0.056526899337768555
79.0,14.0,14.0,0.06804203987121582
42.0,9.0,9.0,0.03435254096984863
19.0,4.0,4.0,0.014300823211669922
33.0,11.0,11.0,0.02461695671081543
22.0,12.0,12.0,0.015717029571533203
19.0,7.0,7.0,0.015353918075561523
27.0,4.0,4.0,0.01798224449157715
39.0,9.0,9.0,0.02656388282775879
26.0,7.0,7.0,0.01777338981628418
62.0,18.0,18.0,0.04356884956359863
27.0,8.0,8.0,0.018759727478027344
72.0,14.0,14.0,0.06745743751525879
22.0,10.0,10.0,0.01836848258972168
72.0,14.0,14.0,0.06684660911560059
19.0,8.0,8.0,0.015712976455688477
21.0,7.0,7.0,0.018522024154663086
23.0,9.0,9.0,0.014204025268554688
53.0,11.0,11.0,0.047514915466308594
36.0,14.0,14.0,0.03126215934753418
26.0,8.0,8.0,0.020659923553466797
29.0,7.0,7.0,0.021073579788208008
55.0,19.0,19.0,0.04028654098510742
80.0,15.0,15.0,0.06957507133483887
27.0,14.0,14.0,0.024312973022460938
36.0,14.0,14.0,0.03426313400268555
76.0,29.0,29.0,0.06645965576171875
81.0,22.0,22.0,0.07091522216796875
42.0,11.0,11.0,0.03780031204223633
19.0,9.0,9.0,0.009211301803588867
44.0,15.0,15.0,0.03033614158630371
59.0,13.0,13.0,0.04139375686645508
20.0,8.0,8.0,0.015442132949829102
15.0,4.0,4.0,0.009776830673217773
22.0,10.0,10.0,0.023730754852294922
25.0,14.0,14.0,0.01997971534729004
78.0,27.0,27.0,0.05616927146911621
15.0,4.0,4.0,0.014539718627929688
25.0,12.0,12.0,0.018308639526367188
100.0,12.0,12.0,0.0863502025604248
36.0,12.0,12.0,0.031150341033935547
26.0,11.0,11.0,0.023837566375732422
75.0,18.0,18.0,0.06357932090759277
62.0,22.0,22.0,0.0599517822265625
39.0,10.0,10.0,0.036319732666015625
42.0,13.0,13.0,0.03673839569091797
20.0,7.0,7.0,0.02189922332763672
31.0,9.0,9.0,0.03311634063720703
39.0,14.0,14.0,0.0368809700012207
20.0,6.0,6.0,0.020768404006958008
108.0,18.0,18.0,0.10438847541809082
62.0,35.0,35.0,0.05113554000854492
66.0,16.0,16.0,0.06108212471008301
139.0,30.0,30.0,0.11326408386230469
178.0,30.0,30.0,0.1477341651916504
78.0,17.0,17.0,0.06908631324768066
29.0,4.0,4.0,0.015801191329956055
167.0,35.0,35.0,0.11909031867980957
142.0,40.0,40.0,0.11378002166748047
23.0,12.0,12.0,0.01951885223388672
70.0,17.0,17.0,0.06671738624572754
36.0,11.0,11.0,0.031119585037231445
22.0,6.0,6.0,0.02112436294555664
102.0,21.0,21.0,0.08897185325622559
146.0,22.0,22.0,0.11178445816040039
28.0,9.0,9.0,0.025897741317749023
18.0,8.0,8.0,0.010538816452026367
28.0,11.0,11.0,0.02443408966064453
75.0,13.0,13.0,0.05640697479248047
78.0,14.0,14.0,0.06246447563171387
69.0,15.0,15.0,0.06074404716491699
48.0,14.0,14.0,0.037702083587646484
82.0,12.0,12.0,0.07159304618835449
81.0,23.0,23.0,0.06534290313720703
80.0,34.0,34.0,0.06528306007385254
52.0,12.0,12.0,0.034332990646362305
68.0,12.0,12.0,0.05572009086608887
60.0,16.0,16.0,0.04688882827758789
93.0,23.0,23.0,0.07134652137756348
50.0,12.0,12.0,0.04522228240966797
33.0,9.0,9.0,0.027643918991088867
36.0,16.0,16.0,0.03156328201293945
63.0,16.0,16.0,0.05389523506164551
44.0,14.0,14.0,0.03550887107849121
31.0,14.0,14.0,0.021780967712402344
41.0,17.0,17.0,0.02634572982788086
55.0,4.0,4.0,0.04069781303405762
25.0,10.0,10.0,0.0206301212310791
34.0,8.0,8.0,0.02974534034729004
88.0,16.0,16.0,0.06886148452758789
21.0,2.0,2.0,0.013742446899414062
26.0,9.0,9.0,0.024526596069335938
19.0,6.0,6.0,0.015110492706298828
46.0,18.0,18.0,0.03312277793884277
96.0,25.0,25.0,0.07689499855041504
27.0,16.0,16.0,0.023772239685058594
96.0,17.0,17.0,0.06758809089660645
163.0,39.0,39.0,0.13120818138122559
50.0,18.0,18.0,0.04255390167236328
35.0,7.0,7.0,0.027988910675048828
67.0,14.0,14.0,0.05224323272705078
62.0,13.0,13.0,0.04812765121459961
69.0,17.0,17.0,0.056447505950927734
23.0,5.0,5.0,0.012041330337524414
33.0,5.0,5.0,0.026116609573364258
60.0,11.0,11.0,0.04571723937988281
50.0,12.0,12.0,0.0474395751953125
40.0,13.0,13.0,0.03576517105102539
34.0,5.0,5.0,0.02789473533630371
14.0,2.0,2.0,0.013811588287353516
32.0,9.0,9.0,0.02841949462890625
50.0,28.0,28.0,0.03502464294433594
20.0,7.0,7.0,0.014878273010253906
24.0,10.0,10.0,0.02191615104675293
50.0,11.0,11.0,0.03943037986755371
30.0,13.0,13.0,0.025329113006591797
47.0,21.0,21.0,0.035619497299194336
40.0,11.0,11.0,0.028323650360107422
27.0,10.0,10.0,0.03568077087402344
39.0,9.0,9.0,0.028040647506713867
56.0,14.0,14.0,0.048555612564086914
32.0,5.0,5.0,0.030526399612426758
35.0,11.0,11.0,0.025549650192260742
145.0,37.0,37.0,0.1154625415802002
38.0,5.0,5.0,0.030989646911621094
52.0,26.0,26.0,0.04620647430419922
58.0,18.0,18.0,0.03761148452758789
77.0,30.0,30.0,0.05484580993652344
19.0,8.0,8.0,0.011077404022216797
21.0,10.0,10.0,0.016937255859375
37.0,7.0,7.0,0.032099008560180664
68.0,16.0,16.0,0.056110382080078125
87.0,17.0,17.0,0.05809950828552246
27.0,5.0,5.0,0.021221160888671875
42.0,10.0,10.0,0.03071451187133789
34.0,9.0,9.0,0.02644205093383789
45.0,14.0,14.0,0.03186297416687012
58.0,20.0,20.0,0.04993605613708496
30.0,6.0,6.0,0.02766132354736328
22.0,11.0,11.0,0.020336151123046875
31.0,4.0,4.0,0.022499561309814453
49.0,9.0,9.0,0.03667259216308594
62.0,15.0,15.0,0.048010826110839844
47.0,8.0,8.0,0.034029483795166016
17.0,4.0,4.0,0.013056516647338867
59.0,14.0,14.0,0.04431748390197754
103.0,18.0,18.0,0.08707427978515625
55.0,17.0,17.0,0.049237966537475586
14.0,3.0,3.0,0.007801532745361328
35.0,15.0,15.0,0.027574539184570312
27.0,7.0,7.0,0.019437789916992188
127.0,18.0,18.0,0.0913546085357666
38.0,8.0,8.0,0.028016090393066406
94.0,20.0,20.0,0.07236218452453613
26.0,9.0,9.0,0.028330087661743164
32.0,16.0,16.0,0.02632761001586914
25.0,4.0,4.0,0.020152807235717773
51.0,12.0,12.0,0.0455937385559082
38.0,10.0,10.0,0.029696941375732422
46.0,7.0,7.0,0.03597712516784668
28.0,9.0,9.0,0.018263816833496094
91.0,26.0,26.0,0.07179570198059082
53.0,14.0,14.0,0.04320526123046875
28.0,14.0,14.0,0.02821660041809082
20.0,6.0,6.0,0.015415668487548828
68.0,21.0,21.0,0.06046772003173828
80.0,33.0,33.0,0.07188940048217773
81.0,24.0,24.0,0.056504249572753906
84.0,24.0,24.0,0.06455731391906738
30.0,9.0,9.0,0.020664453506469727
38.0,15.0,15.0,0.0264132022857666
45.0,12.0,12.0,0.03204751014709473
99.0,19.0,19.0,0.07386565208435059
94.0,22.0,22.0,0.06901884078979492
137.0,27.0,27.0,0.11843609809875488
37.0,19.0,19.0,0.024248123168945312
76.0,23.0,23.0,0.06194353103637695
63.0,14.0,14.0,0.04281783103942871
95.0,18.0,18.0,0.07070302963256836
24.0,7.0,7.0,0.01280069351196289
92.0,29.0,29.0,0.06010794639587402
26.0,7.0,7.0,0.0225369930267334
123.0,39.0,39.0,0.10400652885437012
59.0,7.0,7.0,0.04540109634399414
30.0,10.0,10.0,0.020818233489990234
20.0,9.0,9.0,0.013779640197753906
117.0,22.0,22.0,0.08446216583251953
64.0,18.0,18.0,0.05322599411010742
54.0,12.0,12.0,0.04758191108703613
17.0,5.0,5.0,0.01784229278564453
70.0,15.0,15.0,0.05886411666870117
93.0,10.0,10.0,0.075836181640625
25.0,7.0,7.0,0.025424480438232422
48.0,12.0,12.0,0.0460515022277832
54.0,15.0,15.0,0.04416394233703613
32.0,9.0,9.0,0.022889375686645508
21.0,8.0,8.0,0.019040584564208984
110.0,18.0,18.0,0.09247541427612305
50.0,17.0,17.0,0.042232513427734375
25.0,10.0,10.0,0.01699376106262207
28.0,8.0,8.0,0.01977825164794922
27.0,11.0,11.0,0.021117448806762695
41.0,10.0,10.0,0.03426408767700195
56.0,21.0,21.0,0.04907393455505371
38.0,19.0,19.0,0.02844095230102539
124.0,23.0,23.0,0.11832118034362793
15.0,3.0,3.0,0.018623828887939453
77.0,19.0,19.0,0.08417391777038574
23.0,9.0,9.0,0.021409988403320312
36.0,12.0,12.0,0.04865574836730957
43.0,16.0,16.0,0.05179929733276367
32.0,12.0,12.0,0.0353550910949707
56.0,14.0,14.0,0.06834030151367188
91.0,26.0,26.0,0.10427474975585938
17.0,4.0,4.0,0.018937110900878906
24.0,11.0,11.0,0.026086807250976562
19.0,8.0,8.0,0.015034198760986328
21.0,10.0,10.0,0.019187211990356445
37.0,11.0,11.0,0.038187265396118164
59.0,23.0,23.0,0.05918002128601074
30.0,14.0,14.0,0.028512239456176758
42.0,10.0,10.0,0.03300356864929199
98.0,33.0,33.0,0.08490896224975586
30.0,7.0,7.0,0.02748870849609375
31.0,16.0,16.0,0.028298616409301758
32.0,11.0,11.0,0.029825210571289062
16.0,5.0,5.0,0.020587682723999023
17.0,6.0,6.0,0.015041112899780273
76.0,14.0,14.0,0.07733035087585449
52.0,18.0,18.0,0.04461526870727539
206.0,49.0,49.0,0.17232275009155273
53.0,6.0,6.0,0.04255485534667969
34.0,19.0,19.0,0.03428339958190918
44.0,13.0,13.0,0.04034829139709473
42.0,10.0,10.0,0.04416394233703613
49.0,12.0,12.0,0.04324030876159668
45.0,9.0,9.0,0.058104753494262695
35.0,7.0,7.0,0.03309440612792969
107.0,29.0,29.0,0.10038447380065918
71.0,17.0,17.0,0.05881762504577637
26.0,9.0,9.0,0.02499556541442871
22.0,7.0,7.0,0.013991594314575195
32.0,12.0,12.0,0.029805660247802734
22.0,10.0,10.0,0.02100682258605957
55.0,15.0,15.0,0.04875802993774414
16.0,4.0,4.0,0.014653921127319336
37.0,13.0,13.0,0.030211448669433594
27.0,11.0,11.0,0.026680469512939453
98.0,12.0,12.0,0.08240556716918945
26.0,6.0,6.0,0.0215301513671875
19.0,4.0,4.0,0.01918768882751465
29.0,18.0,18.0,0.02794933319091797
80.0,13.0,13.0,0.05748128890991211
99.0,16.0,16.0,0.09439253807067871
46.0,16.0,16.0,0.05417275428771973
35.0,3.0,3.0,0.04306173324584961
76.0,21.0,21.0,0.07105445861816406
64.0,15.0,15.0,0.08388257026672363
14.0,2.0,2.0,0.015385150909423828
31.0,7.0,7.0,0.042196035385131836
43.0,6.0,6.0,0.05181717872619629
21.0,2.0,2.0,0.02063155174255371
36.0,9.0,9.0,0.04297208786010742
130.0,37.0,37.0,0.15472984313964844
30.0,9.0,9.0,0.03992128372192383
57.0,21.0,21.0,0.06326174736022949
31.0,6.0,6.0,0.029140949249267578
64.0,18.0,18.0,0.07657837867736816
57.0,15.0,15.0,0.051628828048706055
149.0,39.0,39.0,0.16216444969177246
21.0,10.0,10.0,0.02364492416381836
34.0,17.0,17.0,0.03488445281982422
52.0,13.0,13.0,0.06471562385559082
30.0,11.0,11.0,0.03478503227233887
27.0,6.0,6.0,0.035622358322143555
22.0,10.0,10.0,0.021735191345214844
26.0,11.0,11.0,0.03210020065307617
21.0,9.0,9.0,0.025722503662109375
55.0,21.0,21.0,0.06208443641662598
22.0,9.0,9.0,0.027816057205200195
87.0,21.0,21.0,0.10393142700195312
22.0,8.0,8.0,0.030553579330444336
29.0,6.0,6.0,0.036251068115234375
96.0,21.0,21.0,0.10335826873779297
39.0,17.0,17.0,0.052552223205566406
54.0,15.0,15.0,0.07094001770019531
163.0,30.0,30.0,0.20110774040222168
83.0,30.0,30.0,0.11180996894836426
27.0,11.0,11.0,0.030431509017944336
19.0,7.0,7.0,0.02325916290283203
32.0,8.0,8.0,0.0307919979095459
21.0,8.0,8.0,0.028703689575195312
90.0,27.0,27.0,0.13399672508239746
27.0,8.0,8.0,0.03718400001525879
53.0,16.0,16.0,0.06747317314147949
56.0,15.0,15.0,0.07815742492675781
33.0,11.0,11.0,0.03968405723571777
30.0,10.0,10.0,0.034525394439697266
38.0,7.0,7.0,0.04461383819580078
94.0,27.0,27.0,0.09371685981750488
21.0,5.0,5.0,0.02596569061279297
60.0,20.0,20.0,0.06763601303100586
26.0,4.0,4.0,0.03183722496032715
19.0,8.0,8.0,0.023102283477783203
39.0,18.0,18.0,0.03936266899108887
35.0,9.0,9.0,0.036127567291259766
116.0,25.0,25.0,0.1262800693511963
35.0,15.0,15.0,0.02839827537536621
121.0,25.0,25.0,0.14017820358276367
17.0,5.0,5.0,0.020931720733642578
29.0,8.0,8.0,0.035477399826049805
43.0,11.0,11.0,0.04481148719787598
29.0,11.0,11.0,0.030802011489868164
45.0,8.0,8.0,0.04550290107727051
77.0,18.0,18.0,0.0752706527709961
34.0,8.0,8.0,0.033914804458618164
55.0,17.0,17.0,0.05555915832519531
100.0,21.0,21.0,0.12496495246887207
35.0,12.0,12.0,0.04288172721862793
24.0,7.0,7.0,0.02804708480834961
46.0,14.0,14.0,0.056636810302734375
64.0,12.0,12.0,0.06828594207763672
29.0,8.0,8.0,0.03455829620361328
45.0,16.0,16.0,0.056623220443725586
33.0,8.0,8.0,0.03712654113769531
29.0,14.0,14.0,0.0305325984954834
39.0,10.0,10.0,0.04614520072937012
20.0,8.0,8.0,0.01977705955505371
49.0,20.0,20.0,0.05021953582763672
70.0,21.0,21.0,0.07963395118713379
47.0,15.0,15.0,0.039431095123291016
95.0,15.0,15.0,0.08195352554321289
31.0,14.0,14.0,0.029839754104614258
47.0,21.0,21.0,0.0504457950592041
47.0,13.0,13.0,0.060568809509277344
17.0,4.0,4.0,0.020961284637451172
117.0,33.0,33.0,0.13569211959838867
28.0,7.0,7.0,0.0314023494720459
53.0,11.0,11.0,0.05418992042541504
39.0,19.0,19.0,0.034772396087646484
72.0,26.0,26.0,0.06756067276000977
23.0,9.0,9.0,0.01869797706604004
20.0,8.0,8.0,0.015789031982421875
27.0,7.0,7.0,0.025351524353027344
37.0,13.0,13.0,0.036557674407958984
85.0,14.0,14.0,0.0880122184753418
37.0,13.0,13.0,0.03961372375488281
52.0,24.0,24.0,0.05112934112548828
33.0,5.0,5.0,0.032114267349243164
23.0,12.0,12.0,0.016308069229125977
28.0,10.0,10.0,0.025753259658813477
102.0,16.0,16.0,0.08800315856933594
33.0,9.0,9.0,0.03284049034118652
41.0,7.0,7.0,0.044411659240722656
16.0,4.0,4.0,0.018683910369873047
85.0,22.0,22.0,0.07535099983215332
306.0,64.0,64.0,0.28440165519714355
28.0,16.0,16.0,0.028215885162353516
57.0,16.0,16.0,0.053801536560058594
34.0,14.0,14.0,0.03225111961364746
21.0,6.0,6.0,0.021756410598754883
14.0,2.0,2.0,0.015026092529296875
47.0,24.0,24.0,0.03938913345336914
97.0,21.0,21.0,0.10200119018554688
50.0,27.0,27.0,0.04918861389160156
25.0,7.0,7.0,0.021328210830688477
87.0,23.0,23.0,0.08551502227783203
114.0,28.0,28.0,0.09430527687072754
27.0,7.0,7.0,0.023851871490478516
85.0,13.0,13.0,0.08552837371826172
65.0,18.0,18.0,0.06526422500610352
31.0,8.0,8.0,0.03057122230529785
57.0,13.0,13.0,0.053015947341918945
37.0,10.0,10.0,0.03640270233154297
95.0,24.0,24.0,0.10768318176269531
85.0,17.0,17.0,0.10051226615905762
90.0,21.0,21.0,0.0957179069519043
27.0,12.0,12.0,0.03040480613708496
24.0,7.0,7.0,0.02410578727722168
63.0,18.0,18.0,0.060510873794555664
40.0,10.0,10.0,0.030940532684326172
124.0,24.0,24.0,0.10720109939575195
33.0,11.0,11.0,0.0359649658203125
115.0,24.0,24.0,0.10016036033630371
30.0,14.0,14.0,0.02905726432800293
90.0,20.0,20.0,0.08626961708068848
65.0,8.0,8.0,0.05365610122680664
45.0,11.0,11.0,0.04113507270812988
32.0,11.0,11.0,0.026519060134887695
39.0,15.0,15.0,0.034529685974121094
31.0,9.0,9.0,0.020358562469482422
38.0,19.0,19.0,0.03264594078063965
50.0,6.0,6.0,0.048201799392700195
62.0,5.0,5.0,0.06122779846191406
27.0,8.0,8.0,0.022050857543945312
54.0,18.0,18.0,0.049608469009399414
52.0,18.0,18.0,0.053333282470703125
34.0,6.0,6.0,0.03635978698730469
19.0,6.0,6.0,0.024013757705688477
18.0,5.0,5.0,0.013640642166137695
61.0,20.0,20.0,0.06328248977661133
39.0,8.0,8.0,0.03093099594116211
20.0,9.0,9.0,0.0252687931060791
72.0,14.0,14.0,0.07391786575317383
67.0,12.0,12.0,0.06794309616088867
22.0,6.0,6.0,0.024509668350219727
16.0,5.0,5.0,0.01996016502380371
38.0,20.0,20.0,0.04211783409118652
27.0,10.0,10.0,0.030119657516479492
27.0,10.0,10.0,0.03415417671203613
38.0,12.0,12.0,0.03723621368408203
34.0,12.0,12.0,0.03630781173706055
26.0,7.0,7.0,0.028755903244018555
24.0,11.0,11.0,0.030188322067260742
25.0,12.0,12.0,0.029146671295166016
117.0,22.0,22.0,0.12399506568908691
27.0,5.0,5.0,0.03463482856750488
34.0,17.0,17.0,0.04661965370178223
87.0,13.0,13.0,0.09565353393554688
31.0,6.0,6.0,0.043813228607177734
31.0,6.0,6.0,0.03831648826599121
51.0,11.0,11.0,0.06421375274658203
30.0,13.0,13.0,0.04566383361816406
76.0,25.0,25.0,0.09874200820922852
27.0,11.0,11.0,0.030097484588623047
61.0,14.0,14.0,0.08366942405700684
32.0,11.0,11.0,0.044669389724731445
24.0,13.0,13.0,0.023303985595703125
26.0,13.0,13.0,0.025585412979125977
53.0,11.0,11.0,0.0507352352142334
20.0,9.0,9.0,0.020946979522705078
123.0,30.0,30.0,0.12549066543579102
93.0,34.0,34.0,0.08846068382263184
52.0,8.0,8.0,0.05184817314147949
104.0,20.0,20.0,0.11550259590148926
67.0,19.0,19.0,0.07181620597839355
25.0,4.0,4.0,0.028342247009277344
149.0,30.0,30.0,0.14771819114685059
83.0,18.0,18.0,0.0961918830871582
191.0,37.0,37.0,0.2166128158569336
57.0,20.0,20.0,0.07414007186889648
23.0,7.0,7.0,0.027399778366088867
36.0,7.0,7.0,0.05086207389831543
29.0,14.0,14.0,0.034410953521728516
124.0,22.0,22.0,0.12903499603271484
17.0,3.0,3.0,0.017093420028686523
21.0,8.0,8.0,0.022431135177612305
23.0,9.0,9.0,0.02417469024658203
161.0,33.0,33.0,0.17787647247314453
36.0,8.0,8.0,0.04600358009338379
37.0,19.0,19.0,0.04567527770996094
112.0,31.0,31.0,0.15347719192504883
103.0,19.0,19.0,0.1292891502380371
129.0,45.0,45.0,0.15105581283569336
34.0,12.0,12.0,0.031122207641601562
36.0,12.0,12.0,0.040400028228759766
51.0,13.0,13.0,0.04485821723937988
39.0,5.0,5.0,0.033060312271118164
27.0,6.0,6.0,0.026064395904541016
51.0,20.0,20.0,0.04357194900512695
94.0,12.0,12.0,0.10147643089294434
51.0,13.0,13.0,0.05039644241333008
57.0,15.0,15.0,0.05906271934509277
83.0,13.0,13.0,0.08767318725585938
51.0,16.0,16.0,0.04506707191467285
60.0,17.0,17.0,0.05335259437561035
17.0,6.0,6.0,0.019270658493041992
39.0,12.0,12.0,0.03894686698913574
25.0,10.0,10.0,0.023984193801879883
16.0,4.0,4.0,0.01875782012939453
40.0,13.0,13.0,0.03111863136291504
32.0,11.0,11.0,0.03344416618347168
45.0,9.0,9.0,0.042008161544799805
28.0,8.0,8.0,0.027662992477416992
45.0,5.0,5.0,0.04241538047790527
30.0,9.0,9.0,0.027634143829345703
85.0,21.0,21.0,0.06721353530883789
21.0,9.0,9.0,0.02416372299194336
60.0,19.0,19.0,0.05944180488586426
58.0,13.0,13.0,0.04747414588928223
119.0,19.0,19.0,0.12720870971679688
19.0,8.0,8.0,0.0179440975189209
35.0,8.0,8.0,0.03082752227783203
31.0,15.0,15.0,0.02824091911315918
31.0,13.0,13.0,0.027050018310546875
15.0,4.0,4.0,0.01555943489074707
20.0,9.0,9.0,0.015107870101928711
72.0,22.0,22.0,0.06335186958312988
83.0,20.0,20.0,0.07490396499633789
18.0,4.0,4.0,0.01596355438232422
20.0,10.0,10.0,0.03215312957763672
21.0,9.0,9.0,0.02269124984741211
20.0,7.0,7.0,0.02522587776184082
52.0,9.0,9.0,0.04618072509765625
52.0,11.0,11.0,0.04090762138366699
26.0,9.0,9.0,0.023034095764160156
22.0,6.0,6.0,0.02261948585510254
45.0,13.0,13.0,0.03618144989013672
50.0,9.0,9.0,0.0589597225189209
16.0,4.0,4.0,0.01757669448852539
19.0,8.0,8.0,0.020345687866210938
41.0,23.0,23.0,0.04896688461303711
18.0,5.0,5.0,0.02124476432800293
67.0,12.0,12.0,0.07700324058532715
18.0,5.0,5.0,0.016874074935913086
17.0,6.0,6.0,0.019480466842651367
150.0,39.0,39.0,0.17354416847229004
32.0,12.0,12.0,0.03333401679992676
64.0,17.0,17.0,0.06833195686340332
42.0,8.0,8.0,0.042909860610961914
19.0,6.0,6.0,0.018222808837890625
28.0,7.0,7.0,0.030305147171020508
41.0,9.0,9.0,0.04050040245056152
18.0,5.0,5.0,0.02028203010559082
40.0,20.0,20.0,0.04387998580932617
27.0,6.0,6.0,0.03269243240356445
56.0,16.0,16.0,0.05775618553161621
29.0,12.0,12.0,0.03208446502685547
173.0,37.0,37.0,0.2038414478302002
39.0,13.0,13.0,0.03245949745178223
29.0,9.0,9.0,0.04374980926513672
69.0,12.0,12.0,0.07990622520446777
43.0,18.0,18.0,0.05025196075439453
17.0,5.0,5.0,0.019036054611206055
147.0,24.0,24.0,0.15582704544067383
32.0,16.0,16.0,0.06708836555480957
75.0,7.0,7.0,0.07809114456176758
49.0,10.0,10.0,0.05785870552062988
45.0,33.0,33.0,0.04635357856750488
45.0,12.0,12.0,0.04465341567993164
24.0,9.0,9.0,0.024464130401611328
47.0,15.0,15.0,0.05513453483581543
36.0,13.0,13.0,0.037114858627319336
31.0,8.0,8.0,0.038368940353393555
41.0,11.0,11.0,0.04697108268737793
21.0,9.0,9.0,0.026607751846313477
49.0,12.0,12.0,0.05752301216125488
43.0,10.0,10.0,0.06258893013000488
17.0,5.0,5.0,0.02111506462097168
44.0,11.0,11.0,0.053369760513305664
86.0,18.0,18.0,0.13146710395812988
101.0,18.0,18.0,0.13510656356811523
32.0,14.0,14.0,0.05379009246826172
29.0,8.0,8.0,0.041840314865112305
56.0,12.0,12.0,0.07778048515319824
51.0,18.0,18.0,0.06595540046691895
32.0,9.0,9.0,0.0402681827545166
50.0,23.0,23.0,0.0625920295715332
24.0,4.0,4.0,0.031487226486206055
24.0,11.0,11.0,0.032326459884643555
71.0,23.0,23.0,0.09222769737243652
67.0,23.0,23.0,0.08721232414245605
175.0,22.0,22.0,0.23569726943969727
28.0,8.0,8.0,0.038675546646118164
72.0,21.0,21.0,0.0904538631439209
151.0,34.0,34.0,0.21153497695922852
48.0,16.0,16.0,0.07020330429077148
80.0,25.0,25.0,0.09906411170959473
56.0,17.0,17.0,0.07605648040771484
22.0,7.0,7.0,0.030385494232177734
78.0,26.0,26.0,0.10468721389770508
58.0,24.0,24.0,0.08971405029296875
99.0,17.0,17.0,0.15337824821472168
27.0,9.0,9.0,0.03793907165527344
198.0,31.0,31.0,0.252652645111084
24.0,12.0,12.0,0.029497861862182617
137.0,25.0,25.0,0.17904877662658691
108.0,17.0,17.0,0.13202762603759766
65.0,16.0,16.0,0.08249497413635254
23.0,7.0,7.0,0.03406858444213867
28.0,12.0,12.0,0.03484654426574707
28.0,12.0,12.0,0.03237748146057129
22.0,5.0,5.0,0.03026890754699707
50.0,10.0,10.0,0.05274844169616699
41.0,13.0,13.0,0.046025753021240234
38.0,12.0,12.0,0.048690080642700195
21.0,7.0,7.0,0.027316570281982422
64.0,13.0,13.0,0.06843733787536621
29.0,12.0,12.0,0.033663272857666016
27.0,9.0,9.0,0.03203082084655762
27.0,11.0,11.0,0.027368783950805664
55.0,10.0,10.0,0.062073469161987305
40.0,11.0,11.0,0.04744124412536621
111.0,26.0,26.0,0.14528727531433105
37.0,14.0,14.0,0.04408860206604004
56.0,29.0,29.0,0.06898283958435059
40.0,13.0,13.0,0.051488637924194336
38.0,11.0,11.0,0.048668861389160156
47.0,13.0,13.0,0.05997896194458008
65.0,14.0,14.0,0.09479713439941406
51.0,13.0,13.0,0.07278609275817871
34.0,7.0,7.0,0.040930986404418945
83.0,20.0,20.0,0.09844207763671875
117.0,21.0,21.0,0.12079548835754395
35.0,4.0,4.0,0.03960275650024414
108.0,34.0,34.0,0.11327958106994629
25.0,7.0,7.0,0.03013324737548828
13.0,2.0,2.0,0.014149188995361328
23.0,6.0,6.0,0.02017831802368164
25.0,4.0,4.0,0.02855706214904785
26.0,10.0,10.0,0.027681589126586914
61.0,13.0,13.0,0.058420419692993164
19.0,7.0,7.0,0.01751232147216797
64.0,20.0,20.0,0.0783681869506836
53.0,14.0,14.0,0.07240796089172363
17.0,5.0,5.0,0.02314615249633789
22.0,11.0,11.0,0.026324748992919922
243.0,51.0,51.0,0.2941882610321045
22.0,5.0,5.0,0.027560710906982422
41.0,11.0,11.0,0.053098440170288086
31.0,10.0,10.0,0.03383660316467285
45.0,12.0,12.0,0.044843196868896484
55.0,20.0,20.0,0.059136152267456055
66.0,17.0,17.0,0.0783376693725586
57.0,9.0,9.0,0.05452322959899902
22.0,10.0,10.0,0.015693187713623047
33.0,15.0,15.0,0.028299331665039062
27.0,10.0,10.0,0.02494955062866211
42.0,12.0,12.0,0.046047210693359375
66.0,17.0,17.0,0.06474018096923828
14.0,2.0,2.0,0.01398468017578125
94.0,20.0,20.0,0.09570765495300293
68.0,13.0,13.0,0.06809210777282715
35.0,14.0,14.0,0.03645515441894531
37.0,19.0,19.0,0.037337541580200195
55.0,12.0,12.0,0.06135439872741699
58.0,25.0,25.0,0.05133819580078125
28.0,15.0,15.0,0.035291433334350586
49.0,10.0,10.0,0.04834461212158203
17.0,5.0,5.0,0.016069650650024414
18.0,3.0,3.0,0.02379631996154785
58.0,17.0,17.0,0.06166386604309082
85.0,17.0,17.0,0.10572147369384766
24.0,5.0,5.0,0.021639585494995117
153.0,26.0,26.0,0.1515216827392578
96.0,35.0,35.0,0.09943461418151855
38.0,4.0,4.0,0.036307573318481445
16.0,3.0,3.0,0.021179914474487305
32.0,11.0,11.0,0.03615617752075195
16.0,5.0,5.0,0.016681432723999023
16.0,5.0,5.0,0.01791858673095703
54.0,18.0,18.0,0.06119823455810547
51.0,16.0,16.0,0.05795121192932129
24.0,5.0,5.0,0.019802331924438477
21.0,9.0,9.0,0.02112722396850586
44.0,12.0,12.0,0.05379056930541992
68.0,29.0,29.0,0.08060288429260254
43.0,7.0,7.0,0.0555720329284668
30.0,7.0,7.0,0.03607487678527832
36.0,12.0,12.0,0.042047977447509766
23.0,9.0,9.0,0.02639031410217285
104.0,19.0,19.0,0.09945940971374512
84.0,19.0,19.0,0.07632660865783691
100.0,23.0,23.0,0.09910035133361816
29.0,10.0,10.0,0.02419304847717285
147.0,32.0,32.0,0.13472652435302734
40.0,13.0,13.0,0.04213738441467285
32.0,15.0,15.0,0.03237175941467285
25.0,14.0,14.0,0.02259993553161621
44.0,16.0,16.0,0.0402531623840332
55.0,17.0,17.0,0.051253318786621094
102.0,23.0,23.0,0.10830187797546387
59.0,14.0,14.0,0.06676173210144043
32.0,8.0,8.0,0.03750777244567871
40.0,5.0,5.0,0.044328927993774414
62.0,8.0,8.0,0.05347871780395508
18.0,5.0,5.0,0.013163566589355469
74.0,26.0,26.0,0.07172656059265137
48.0,16.0,16.0,0.045215606689453125
89.0,16.0,16.0,0.08599185943603516
61.0,30.0,30.0,0.058753013610839844
61.0,18.0,18.0,0.06118607521057129
26.0,11.0,11.0,0.025182485580444336
37.0,10.0,10.0,0.039760589599609375
28.0,12.0,12.0,0.028097867965698242
23.0,7.0,7.0,0.026511669158935547
86.0,24.0,24.0,0.09537768363952637
109.0,17.0,17.0,0.12989473342895508
20.0,7.0,7.0,0.021108150482177734
18.0,3.0,3.0,0.01880335807800293
41.0,12.0,12.0,0.043189048767089844
28.0,9.0,9.0,0.03397512435913086
35.0,14.0,14.0,0.045008182525634766
23.0,12.0,12.0,0.0343012809753418
40.0,27.0,27.0,0.041036128997802734
132.0,26.0,26.0,0.16833710670471191
14.0,3.0,3.0,0.025342941284179688
30.0,10.0,10.0,0.035318613052368164
16.0,4.0,4.0,0.023235559463500977
85.0,16.0,16.0,0.10447335243225098
90.0,18.0,18.0,0.10401391983032227
26.0,12.0,12.0,0.036104440689086914
31.0,7.0,7.0,0.0354461669921875
25.0,13.0,13.0,0.024750709533691406
35.0,15.0,15.0,0.04128289222717285
26.0,9.0,9.0,0.03154110908508301
42.0,6.0,6.0,0.044525861740112305
58.0,18.0,18.0,0.07175874710083008
68.0,21.0,21.0,0.07477545738220215
45.0,10.0,10.0,0.04802393913269043
27.0,10.0,10.0,0.02611374855041504
70.0,9.0,9.0,0.07452058792114258
30.0,9.0,9.0,0.037410736083984375
38.0,9.0,9.0,0.038286685943603516
85.0,16.0,16.0,0.09372949600219727
31.0,15.0,15.0,0.03352165222167969
51.0,6.0,6.0,0.05449652671813965
94.0,21.0,21.0,0.09371161460876465
72.0,14.0,14.0,0.06717252731323242
29.0,16.0,16.0,0.030217409133911133
18.0,6.0,6.0,0.016289234161376953
20.0,7.0,7.0,0.02095794677734375
47.0,18.0,18.0,0.05227804183959961
19.0,7.0,7.0,0.014163970947265625
160.0,37.0,37.0,0.15706419944763184
25.0,10.0,10.0,0.029754638671875
57.0,12.0,12.0,0.06319832801818848
43.0,8.0,8.0,0.04385948181152344
34.0,9.0,9.0,0.0376589298248291
25.0,5.0,5.0,0.022694110870361328
28.0,4.0,4.0,0.026885271072387695
41.0,14.0,14.0,0.03689265251159668
25.0,9.0,9.0,0.032012224197387695
29.0,12.0,12.0,0.03213787078857422
153.0,44.0,44.0,0.1580946445465088
40.0,11.0,11.0,0.044823646545410156
67.0,19.0,19.0,0.06597709655761719
20.0,8.0,8.0,0.02588057518005371
70.0,22.0,22.0,0.08854103088378906
42.0,8.0,8.0,0.04741549491882324
135.0,28.0,28.0,0.17429757118225098
33.0,12.0,12.0,0.02915215492248535
40.0,14.0,14.0,0.039879798889160156
91.0,28.0,28.0,0.11475491523742676
26.0,12.0,12.0,0.037935733795166016
30.0,5.0,5.0,0.032204389572143555
53.0,19.0,19.0,0.05817842483520508
21.0,6.0,6.0,0.02678656578063965
46.0,12.0,12.0,0.05307626724243164
58.0,11.0,11.0,0.0717320442199707
66.0,22.0,22.0,0.06842637062072754
126.0,39.0,39.0,0.14301300048828125
27.0,7.0,7.0,0.03399920463562012
35.0,12.0,12.0,0.034131526947021484
146.0,35.0,35.0,0.1554584503173828
76.0,20.0,20.0,0.06325149536132812
30.0,6.0,6.0,0.02817058563232422
93.0,25.0,25.0,0.09178829193115234
38.0,5.0,5.0,0.035720109939575195
48.0,15.0,15.0,0.049773216247558594
81.0,13.0,13.0,0.0722508430480957
15.0,5.0,5.0,0.020388126373291016
47.0,10.0,10.0,0.05677986145019531
28.0,3.0,3.0,0.02602100372314453
22.0,10.0,10.0,0.023468971252441406
29.0,3.0,3.0,0.029877901077270508
21.0,7.0,7.0,0.01702594757080078
64.0,45.0,45.0,0.06361007690429688
42.0,8.0,8.0,0.04326128959655762
21.0,9.0,9.0,0.019295930862426758
46.0,4.0,4.0,0.04608798027038574
20.0,9.0,9.0,0.019011259078979492
107.0,21.0,21.0,0.10782861709594727
30.0,11.0,11.0,0.03253293037414551
46.0,10.0,10.0,0.05271291732788086
40.0,10.0,10.0,0.05009818077087402
30.0,19.0,19.0,0.04292130470275879
170.0,22.0,22.0,0.1891489028930664
43.0,12.0,12.0,0.04741239547729492
57.0,25.0,25.0,0.05940127372741699
173.0,49.0,49.0,0.172013521194458
49.0,7.0,7.0,0.05407118797302246
77.0,16.0,16.0,0.07741212844848633
44.0,7.0,7.0,0.040879011154174805
52.0,16.0,16.0,0.060683488845825195
35.0,15.0,15.0,0.044704437255859375
31.0,8.0,8.0,0.03718090057373047
40.0,8.0,8.0,0.04638552665710449
40.0,9.0,9.0,0.03036332130432129
53.0,17.0,17.0,0.06057095527648926
60.0,10.0,10.0,0.07928657531738281
16.0,5.0,5.0,0.01796889305114746
60.0,18.0,18.0,0.07182192802429199
57.0,11.0,11.0,0.08234357833862305
28.0,5.0,5.0,0.036716461181640625
190.0,33.0,33.0,0.23363137245178223
66.0,16.0,16.0,0.08580875396728516
30.0,10.0,10.0,0.04027533531188965
30.0,7.0,7.0,0.03645801544189453
26.0,9.0,9.0,0.03239798545837402
125.0,25.0,25.0,0.15587401390075684
66.0,28.0,28.0,0.08191514015197754
104.0,36.0,36.0,0.15486621856689453
41.0,8.0,8.0,0.03939175605773926
21.0,7.0,7.0,0.0239713191986084
25.0,10.0,10.0,0.031957387924194336
28.0,7.0,7.0,0.03386092185974121
47.0,15.0,15.0,0.058756351470947266
141.0,23.0,23.0,0.1877138614654541
40.0,10.0,10.0,0.04794025421142578
49.0,13.0,13.0,0.04812312126159668
57.0,21.0,21.0,0.06957554817199707
37.0,8.0,8.0,0.04576897621154785
13.0,1.0,1.0,0.01563429832458496
60.0,17.0,17.0,0.07104301452636719
63.0,16.0,16.0,0.06552624702453613
19.0,4.0,4.0,0.022277355194091797
36.0,17.0,17.0,0.0401456356048584
52.0,16.0,16.0,0.05391740798950195
19.0,6.0,6.0,0.021384239196777344
109.0,20.0,20.0,0.1309051513671875
94.0,25.0,25.0,0.1061396598815918
78.0,23.0,23.0,0.08658933639526367
21.0,8.0,8.0,0.0198671817779541
115.0,23.0,23.0,0.12529945373535156
31.0,13.0,13.0,0.03783607482910156
44.0,9.0,9.0,0.046756744384765625
45.0,24.0,24.0,0.05047941207885742
97.0,21.0,21.0,0.11474752426147461
25.0,10.0,10.0,0.025496959686279297
148.0,22.0,22.0,0.16191506385803223
174.0,41.0,41.0,0.21680712699890137
43.0,16.0,16.0,0.048506975173950195
81.0,17.0,17.0,0.08491969108581543
45.0,11.0,11.0,0.04297161102294922
40.0,12.0,12.0,0.05335593223571777
23.0,7.0,7.0,0.022341251373291016
34.0,15.0,15.0,0.04125189781188965
28.0,5.0,5.0,0.03652834892272949
120.0,20.0,20.0,0.15829062461853027
53.0,11.0,11.0,0.07412433624267578
49.0,14.0,14.0,0.05870699882507324
119.0,30.0,30.0,0.13936185836791992
79.0,27.0,27.0,0.08031415939331055
50.0,19.0,19.0,0.05342745780944824
69.0,17.0,17.0,0.07321763038635254
60.0,12.0,12.0,0.0642547607421875
52.0,8.0,8.0,0.05710029602050781
91.0,19.0,19.0,0.09521245956420898
49.0,9.0,9.0,0.0560300350189209
35.0,10.0,10.0,0.040168046951293945
143.0,21.0,21.0,0.16122150421142578
31.0,7.0,7.0,0.028664827346801758
29.0,18.0,18.0,0.028989076614379883
26.0,7.0,7.0,0.028508901596069336
60.0,14.0,14.0,0.07021665573120117
29.0,11.0,11.0,0.031394243240356445
59.0,21.0,21.0,0.0707550048828125
81.0,27.0,27.0,0.1307539939880371
22.0,10.0,10.0,0.025491952896118164
22.0,8.0,8.0,0.02362847328186035
100.0,25.0,25.0,0.10674071311950684
24.0,8.0,8.0,0.01745009422302246
47.0,25.0,25.0,0.05331277847290039
38.0,12.0,12.0,0.03788948059082031
19.0,7.0,7.0,0.025180339813232422
23.0,11.0,11.0,0.019579648971557617
38.0,15.0,15.0,0.03502464294433594
27.0,12.0,12.0,0.029321908950805664
29.0,16.0,16.0,0.029021024703979492
81.0,22.0,22.0,0.0878453254699707
136.0,32.0,32.0,0.15334391593933105
61.0,16.0,16.0,0.07095909118652344
27.0,16.0,16.0,0.039855003356933594
26.0,11.0,11.0,0.02737140655517578
103.0,35.0,35.0,0.11668753623962402
38.0,15.0,15.0,0.037019968032836914
30.0,8.0,8.0,0.032486915588378906
24.0,11.0,11.0,0.024039268493652344
80.0,10.0,10.0,0.06724715232849121
52.0,18.0,18.0,0.05583333969116211
80.0,14.0,14.0,0.07606244087219238
28.0,8.0,8.0,0.020243406295776367
40.0,11.0,11.0,0.04104733467102051
35.0,8.0,8.0,0.03435802459716797
31.0,5.0,5.0,0.026207447052001953
34.0,7.0,7.0,0.029151201248168945
39.0,9.0,9.0,0.034258127212524414
27.0,6.0,6.0,0.03263092041015625
33.0,7.0,7.0,0.02844095230102539
29.0,14.0,14.0,0.025818824768066406
37.0,9.0,9.0,0.034147024154663086
50.0,22.0,22.0,0.04718136787414551
47.0,18.0,18.0,0.044335365295410156
63.0,12.0,12.0,0.05573320388793945
21.0,8.0,8.0,0.022011518478393555
23.0,7.0,7.0,0.024387121200561523
37.0,14.0,14.0,0.033686161041259766
92.0,17.0,17.0,0.09597659111022949
13.0,2.0,2.0,0.012050867080688477
38.0,14.0,14.0,0.03157615661621094
25.0,14.0,14.0,0.026670455932617188
13.0,2.0,2.0,0.013522863388061523
98.0,31.0,31.0,0.08894062042236328
26.0,11.0,11.0,0.02118372917175293
20.0,7.0,7.0,0.01777815818786621
62.0,15.0,15.0,0.05342555046081543
120.0,30.0,30.0,0.10933566093444824
46.0,14.0,14.0,0.03934288024902344
114.0,19.0,19.0,0.1166837215423584
50.0,11.0,11.0,0.04407691955566406
25.0,2.0,2.0,0.023204326629638672
31.0,10.0,10.0,0.028049230575561523
30.0,15.0,15.0,0.025274276733398438
64.0,38.0,38.0,0.059435129165649414
80.0,16.0,16.0,0.07186293601989746
37.0,18.0,18.0,0.03757500648498535
133.0,33.0,33.0,0.12840771675109863
44.0,13.0,13.0,0.04154515266418457
20.0,6.0,6.0,0.019179105758666992
22.0,7.0,7.0,0.020755290985107422
26.0,15.0,15.0,0.0277252197265625
60.0,15.0,15.0,0.06783032417297363
52.0,9.0,9.0,0.04516029357910156
40.0,13.0,13.0,0.04250788688659668
94.0,16.0,16.0,0.10182905197143555
41.0,19.0,19.0,0.04059171676635742
15.0,3.0,3.0,0.015119314193725586
43.0,8.0,8.0,0.0391542911529541
183.0,35.0,35.0,0.15864324569702148
48.0,7.0,7.0,0.040172576904296875
26.0,10.0,10.0,0.024314403533935547
172.0,23.0,23.0,0.13438844680786133
19.0,6.0,6.0,0.018782377243041992
53.0,19.0,19.0,0.04012417793273926
31.0,8.0,8.0,0.02139568328857422
28.0,10.0,10.0,0.02591395378112793
16.0,5.0,5.0,0.014222145080566406
22.0,2.0,2.0,0.019369840621948242
117.0,34.0,34.0,0.10037827491760254
70.0,17.0,17.0,0.057884931564331055
20.0,6.0,6.0,0.015402793884277344
110.0,26.0,26.0,0.09462261199951172
22.0,5.0,5.0,0.018182039260864258
24.0,8.0,8.0,0.01704239845275879
33.0,10.0,10.0,0.024779081344604492
25.0,9.0,9.0,0.02169656753540039
37.0,6.0,6.0,0.030918598175048828
61.0,13.0,13.0,0.05004620552062988
17.0,5.0,5.0,0.01573038101196289
30.0,9.0,9.0,0.03249382972717285
29.0,13.0,13.0,0.027268171310424805
31.0,8.0,8.0,0.024753332138061523
42.0,11.0,11.0,0.03519749641418457
35.0,9.0,9.0,0.026830434799194336
51.0,18.0,18.0,0.040778160095214844
132.0,43.0,43.0,0.1101226806640625
101.0,17.0,17.0,0.08514165878295898
107.0,25.0,25.0,0.0919809341430664
19.0,6.0,6.0,0.016377925872802734
43.0,11.0,11.0,0.03479313850402832
84.0,17.0,17.0,0.06250214576721191
62.0,21.0,21.0,0.04558134078979492
108.0,19.0,19.0,0.09005308151245117
54.0,14.0,14.0,0.0462648868560791
20.0,8.0,8.0,0.017537832260131836
62.0,17.0,17.0,0.05564546585083008
63.0,9.0,9.0,0.06236076354980469
58.0,15.0,15.0,0.06128072738647461
23.0,10.0,10.0,0.02561020851135254
166.0,40.0,40.0,0.14732766151428223
23.0,13.0,13.0,0.021031618118286133
121.0,15.0,15.0,0.09279990196228027
47.0,9.0,9.0,0.03618216514587402
99.0,28.0,28.0,0.07255005836486816
156.0,32.0,32.0,0.13097453117370605
73.0,11.0,11.0,0.05116748809814453
73.0,18.0,18.0,0.06094002723693848
24.0,8.0,8.0,0.015491724014282227
32.0,10.0,10.0,0.028612375259399414
29.0,9.0,9.0,0.020893573760986328
47.0,15.0,15.0,0.03740954399108887
68.0,6.0,6.0,0.0505070686340332
31.0,4.0,4.0,0.03418254852294922
117.0,27.0,27.0,0.08849430084228516
71.0,20.0,20.0,0.05948519706726074
28.0,10.0,10.0,0.028571605682373047
42.0,16.0,16.0,0.03179788589477539
30.0,9.0,9.0,0.020775556564331055
84.0,24.0,24.0,0.05881953239440918
23.0,5.0,5.0,0.015523195266723633
64.0,15.0,15.0,0.06897997856140137
141.0,27.0,27.0,0.10804939270019531
66.0,24.0,24.0,0.05434608459472656
19.0,6.0,6.0,0.019835710525512695
34.0,16.0,16.0,0.02891087532043457
56.0,10.0,10.0,0.043480634689331055
76.0,22.0,22.0,0.06089639663696289
35.0,9.0,9.0,0.028153657913208008
32.0,12.0,12.0,0.025939464569091797
23.0,11.0,11.0,0.013945341110229492
24.0,11.0,11.0,0.017027854919433594
26.0,10.0,10.0,0.01808023452758789
65.0,16.0,16.0,0.048952579498291016
33.0,9.0,9.0,0.02158379554748535
20.0,7.0,7.0,0.016108274459838867
19.0,9.0,9.0,0.014163970947265625
59.0,11.0,11.0,0.042795658111572266
19.0,7.0,7.0,0.014536619186401367
43.0,10.0,10.0,0.04065060615539551
76.0,28.0,28.0,0.06159520149230957
67.0,15.0,15.0,0.05344867706298828
30.0,8.0,8.0,0.023716211318969727
72.0,10.0,10.0,0.05888104438781738
62.0,11.0,11.0,0.05418682098388672
55.0,10.0,10.0,0.05678915977478027
30.0,9.0,9.0,0.03317117691040039
60.0,15.0,15.0,0.0630495548248291
21.0,8.0,8.0,0.02373218536376953
21.0,9.0,9.0,0.016565799713134766
115.0,29.0,29.0,0.09246182441711426
54.0,24.0,24.0,0.0417485237121582
72.0,24.0,24.0,0.0719151496887207
63.0,12.0,12.0,0.06279897689819336
22.0,7.0,7.0,0.02213120460510254
29.0,9.0,9.0,0.02659130096435547
28.0,9.0,9.0,0.020138263702392578
102.0,26.0,26.0,0.07964539527893066
30.0,14.0,14.0,0.026551008224487305
30.0,7.0,7.0,0.0231168270111084
30.0,10.0,10.0,0.02516913414001465
23.0,9.0,9.0,0.018803834915161133
82.0,24.0,24.0,0.07504057884216309
37.0,6.0,6.0,0.03280067443847656
34.0,7.0,7.0,0.028835773468017578
