Timesteps,Collisions,Steps Waited,Real-Time Elapsed
1078.0,30.0,30.0,2.0703794956207275
176.0,2.0,2.0,0.3191215991973877
1127.0,18.0,18.0,2.0890097618103027
434.0,11.0,11.0,0.8440909385681152
635.0,22.0,22.0,1.1171433925628662
711.0,20.0,20.0,1.3594443798065186
1242.0,14.0,14.0,2.340456485748291
570.0,10.0,10.0,1.062962532043457
325.0,6.0,6.0,0.6049656867980957
1170.0,23.0,23.0,2.275237798690796
254.0,5.0,5.0,0.5256884098052979
110.0,3.0,3.0,0.19892382621765137
562.0,5.0,5.0,1.052743673324585
201.0,5.0,5.0,0.3538210391998291
353.0,7.0,7.0,0.686995267868042
125.0,4.0,4.0,0.20966243743896484
768.0,18.0,18.0,1.3786664009094238
160.0,3.0,3.0,0.30631160736083984
336.0,2.0,2.0,0.6398627758026123
113.0,0.0,0.0,0.18835735321044922
248.0,5.0,5.0,0.4636199474334717
158.0,1.0,1.0,0.29116177558898926
1457.0,37.0,37.0,2.7016406059265137
418.0,8.0,8.0,0.821833610534668
331.0,4.0,4.0,0.5800237655639648
264.0,14.0,14.0,0.4508993625640869
286.0,3.0,3.0,0.5342109203338623
159.0,4.0,4.0,0.29100894927978516
780.0,23.0,23.0,1.4494478702545166
354.0,5.0,5.0,0.6362118721008301
75.0,1.0,1.0,0.20441007614135742
731.0,19.0,19.0,1.3565185070037842
643.0,6.0,6.0,1.2213282585144043
500.0,7.0,7.0,0.9386236667633057
461.0,7.0,7.0,0.8243362903594971
162.0,8.0,8.0,0.27803897857666016
87.0,7.0,7.0,0.18805503845214844
215.0,9.0,9.0,0.3970601558685303
374.0,8.0,8.0,0.6435704231262207
419.0,11.0,11.0,0.7552518844604492
275.0,8.0,8.0,0.5113155841827393
721.0,10.0,10.0,1.3285951614379883
591.0,5.0,5.0,1.0816969871520996
236.0,7.0,7.0,0.42454075813293457
865.0,19.0,19.0,1.6683931350708008
960.0,21.0,21.0,1.8362951278686523
523.0,14.0,14.0,0.9412453174591064
158.0,5.0,5.0,0.2816150188446045
351.0,3.0,3.0,0.6758041381835938
432.0,6.0,6.0,0.8303322792053223
1107.0,18.0,18.0,2.0633773803710938
108.0,5.0,5.0,0.22308874130249023
99.0,5.0,5.0,0.18607234954833984
961.0,30.0,30.0,1.7592661380767822
49.0,1.0,1.0,0.09418153762817383
478.0,12.0,12.0,0.8760247230529785
493.0,12.0,12.0,0.9310886859893799
119.0,1.0,1.0,0.21602702140808105
280.0,2.0,2.0,0.5283703804016113
150.0,0.0,0.0,0.26058292388916016
118.0,2.0,2.0,0.2109239101409912
154.0,12.0,12.0,0.28255629539489746
427.0,12.0,12.0,0.7719526290893555
253.0,5.0,5.0,0.4488108158111572
374.0,5.0,5.0,0.7504656314849854
1188.0,23.0,23.0,2.1958038806915283
1757.0,26.0,26.0,3.1640243530273438
173.0,7.0,7.0,0.3300349712371826
171.0,0.0,0.0,0.3461496829986572
129.0,3.0,3.0,0.2644617557525635
416.0,14.0,14.0,0.7967851161956787
103.0,4.0,4.0,0.16871094703674316
1060.0,15.0,15.0,2.0473697185516357
96.0,1.0,1.0,0.17232155799865723
340.0,6.0,6.0,0.6213808059692383
164.0,6.0,6.0,0.30648183822631836
247.0,4.0,4.0,0.47713780403137207
145.0,3.0,3.0,0.2418506145477295
491.0,7.0,7.0,0.8590407371520996
154.0,1.0,1.0,0.25087928771972656
660.0,10.0,10.0,1.2211103439331055
281.0,9.0,9.0,0.5261328220367432
808.0,18.0,18.0,1.4865894317626953
972.0,23.0,23.0,1.7729778289794922
1036.0,14.0,14.0,1.9327917098999023
844.0,8.0,8.0,1.5487585067749023
67.0,0.0,0.0,0.10258603096008301
151.0,2.0,2.0,0.2825343608856201
230.0,7.0,7.0,0.4633750915527344
106.0,4.0,4.0,0.21206021308898926
494.0,9.0,9.0,0.8918099403381348
402.0,12.0,12.0,0.6860275268554688
594.0,22.0,22.0,1.1020331382751465
1531.0,24.0,24.0,2.7983694076538086
137.0,3.0,3.0,0.23523163795471191
351.0,12.0,12.0,0.6229000091552734
378.0,2.0,2.0,0.6860125064849854
741.0,18.0,18.0,1.3339283466339111
166.0,7.0,7.0,0.28469038009643555
342.0,6.0,6.0,0.5997352600097656
1199.0,24.0,24.0,2.1687262058258057
280.0,5.0,5.0,0.5796923637390137
65.0,0.0,0.0,0.12433695793151855
304.0,8.0,8.0,0.5583415031433105
101.0,0.0,0.0,0.18837714195251465
472.0,15.0,15.0,0.8687641620635986
316.0,3.0,3.0,0.5950114727020264
191.0,2.0,2.0,0.32071423530578613
146.0,2.0,2.0,0.2756006717681885
128.0,1.0,1.0,0.2512845993041992
1120.0,38.0,38.0,2.14424991607666
903.0,28.0,28.0,1.7022886276245117
627.0,17.0,17.0,1.116438388824463
184.0,4.0,4.0,0.36109042167663574
325.0,7.0,7.0,0.6410353183746338
519.0,7.0,7.0,0.9345190525054932
1677.0,47.0,47.0,2.99755859375
351.0,10.0,10.0,0.6979584693908691
677.0,13.0,13.0,1.2753880023956299
209.0,4.0,4.0,0.37673091888427734
194.0,1.0,1.0,0.3535599708557129
774.0,11.0,11.0,1.4665532112121582
212.0,7.0,7.0,0.4008162021636963
700.0,16.0,16.0,1.3521387577056885
772.0,19.0,19.0,1.5118660926818848
327.0,8.0,8.0,0.5694370269775391
194.0,3.0,3.0,0.4016604423522949
257.0,5.0,5.0,0.4478614330291748
831.0,20.0,20.0,1.6387007236480713
102.0,4.0,4.0,0.18835735321044922
106.0,3.0,3.0,0.21181917190551758
66.0,0.0,0.0,0.1360313892364502
344.0,8.0,8.0,0.6184194087982178
317.0,7.0,7.0,0.602494478225708
658.0,13.0,13.0,1.1882679462432861
295.0,5.0,5.0,0.5741012096405029
706.0,20.0,20.0,1.3406076431274414
156.0,4.0,4.0,0.30738234519958496
221.0,5.0,5.0,0.4244503974914551
115.0,2.0,2.0,0.20532822608947754
532.0,16.0,16.0,0.9634811878204346
113.0,1.0,1.0,0.18834662437438965
98.0,7.0,7.0,0.18835139274597168
346.0,6.0,6.0,0.6346991062164307
397.0,9.0,9.0,0.7576858997344971
453.0,11.0,11.0,0.8156676292419434
85.0,0.0,0.0,0.15685367584228516
449.0,7.0,7.0,0.8096623420715332
60.0,3.0,3.0,0.10314536094665527
181.0,3.0,3.0,0.34203457832336426
385.0,9.0,9.0,0.718487024307251
328.0,7.0,7.0,0.6249608993530273
64.0,3.0,3.0,0.12184572219848633
207.0,3.0,3.0,0.4323396682739258
173.0,2.0,2.0,0.34679079055786133
574.0,7.0,7.0,1.0619447231292725
301.0,10.0,10.0,0.5651957988739014
684.0,12.0,12.0,1.2991552352905273
108.0,1.0,1.0,0.18838834762573242
379.0,10.0,10.0,0.6923327445983887
152.0,6.0,6.0,0.266831636428833
519.0,8.0,8.0,0.9651808738708496
243.0,3.0,3.0,0.440995454788208
542.0,6.0,6.0,1.0154099464416504
185.0,2.0,2.0,0.3708477020263672
75.0,1.0,1.0,0.12621331214904785
1663.0,26.0,26.0,3.12227201461792
177.0,2.0,2.0,0.32932472229003906
640.0,11.0,11.0,1.2305192947387695
498.0,13.0,13.0,0.8571372032165527
124.0,0.0,0.0,0.23610830307006836
899.0,12.0,12.0,1.6475064754486084
230.0,6.0,6.0,0.40097737312316895
352.0,4.0,4.0,0.715336799621582
2052.0,53.0,53.0,3.9129364490509033
109.0,3.0,3.0,0.19689106941223145
147.0,3.0,3.0,0.26691484451293945
217.0,5.0,5.0,0.4163661003112793
760.0,12.0,12.0,1.3848793506622314
160.0,0.0,0.0,0.2829415798187256
566.0,14.0,14.0,1.0642988681793213
825.0,19.0,19.0,1.5007801055908203
63.0,2.0,2.0,0.09416460990905762
57.0,1.0,1.0,0.10979986190795898
180.0,2.0,2.0,0.3814961910247803
72.0,0.0,0.0,0.14055466651916504
54.0,1.0,1.0,0.10647010803222656
533.0,13.0,13.0,0.9461581707000732
76.0,2.0,2.0,0.14165377616882324
260.0,5.0,5.0,0.4552316665649414
214.0,4.0,4.0,0.42889833450317383
1069.0,22.0,22.0,1.9626820087432861
790.0,18.0,18.0,1.5132622718811035
166.0,1.0,1.0,0.2981107234954834
77.0,1.0,1.0,0.15592169761657715
344.0,6.0,6.0,0.6858346462249756
470.0,11.0,11.0,0.8992598056793213
332.0,7.0,7.0,0.6248061656951904
109.0,1.0,1.0,0.21977782249450684
569.0,4.0,4.0,1.1206996440887451
320.0,9.0,9.0,0.6138672828674316
767.0,18.0,18.0,1.4254941940307617
341.0,3.0,3.0,0.6530098915100098
78.0,2.0,2.0,0.14921045303344727
170.0,2.0,2.0,0.3139932155609131
293.0,3.0,3.0,0.5576729774475098
837.0,12.0,12.0,1.526869535446167
336.0,8.0,8.0,0.557781457901001
531.0,14.0,14.0,1.0181629657745361
473.0,7.0,7.0,0.8805787563323975
658.0,15.0,15.0,1.2263703346252441
149.0,2.0,2.0,0.2909393310546875
344.0,10.0,10.0,0.6678152084350586
58.0,1.0,1.0,0.1098029613494873
235.0,8.0,8.0,0.4478449821472168
1434.0,33.0,33.0,2.7308456897735596
887.0,21.0,21.0,1.5580146312713623
565.0,15.0,15.0,1.0975754261016846
711.0,32.0,32.0,1.3056256771087646
786.0,8.0,8.0,1.4818215370178223
104.0,1.0,1.0,0.18832778930664062
992.0,18.0,18.0,1.844911813735962
577.0,18.0,18.0,1.067997694015503
271.0,4.0,4.0,0.5331366062164307
364.0,5.0,5.0,0.693678617477417
235.0,0.0,0.0,0.4316082000732422
312.0,7.0,7.0,0.5607850551605225
57.0,0.0,0.0,0.0941765308380127
145.0,1.0,1.0,0.26649904251098633
431.0,7.0,7.0,0.7991297245025635
202.0,3.0,3.0,0.3692317008972168
375.0,2.0,2.0,0.6626794338226318
238.0,4.0,4.0,0.41706109046936035
1402.0,38.0,38.0,2.6297032833099365
174.0,3.0,3.0,0.2780730724334717
348.0,11.0,11.0,0.6850728988647461
125.0,4.0,4.0,0.21878981590270996
403.0,5.0,5.0,0.7932357788085938
592.0,12.0,12.0,1.1229498386383057
854.0,17.0,17.0,1.5313105583190918
1134.0,24.0,24.0,2.109320640563965
121.0,2.0,2.0,0.2324995994567871
173.0,10.0,10.0,0.3137834072113037
152.0,3.0,3.0,0.2754831314086914
754.0,14.0,14.0,1.4484715461730957
397.0,6.0,6.0,0.6950933933258057
306.0,5.0,5.0,0.5733504295349121
922.0,11.0,11.0,1.7395696640014648
206.0,4.0,4.0,0.3851778507232666
958.0,29.0,29.0,1.8041725158691406
192.0,2.0,2.0,0.330125093460083
935.0,23.0,23.0,1.805525779724121
453.0,11.0,11.0,0.8243215084075928
1781.0,45.0,45.0,3.3294429779052734
597.0,11.0,11.0,1.0760226249694824
731.0,14.0,14.0,1.3178291320800781
1148.0,14.0,14.0,2.163966417312622
962.0,20.0,20.0,1.7541663646697998
557.0,7.0,7.0,1.0797820091247559
382.0,3.0,3.0,0.7109482288360596
45.0,2.0,2.0,0.07854461669921875
1124.0,21.0,21.0,2.0717954635620117
410.0,5.0,5.0,0.8409755229949951
222.0,5.0,5.0,0.4470963478088379
528.0,11.0,11.0,0.9107649326324463
464.0,11.0,11.0,0.9355392456054688
190.0,1.0,1.0,0.3945438861846924
340.0,6.0,6.0,0.6012744903564453
272.0,5.0,5.0,0.5112781524658203
148.0,7.0,7.0,0.2787041664123535
250.0,5.0,5.0,0.4493277072906494
308.0,8.0,8.0,0.6047976016998291
514.0,6.0,6.0,0.9515836238861084
611.0,15.0,15.0,1.143442153930664
389.0,6.0,6.0,0.6808581352233887
486.0,14.0,14.0,0.8641788959503174
200.0,2.0,2.0,0.38621091842651367
207.0,5.0,5.0,0.4618966579437256
401.0,7.0,7.0,0.6824662685394287
485.0,13.0,13.0,0.9262518882751465
532.0,13.0,13.0,1.0187983512878418
315.0,9.0,9.0,0.5506765842437744
75.0,0.0,0.0,0.14153265953063965
1514.0,40.0,40.0,2.890343427658081
951.0,14.0,14.0,1.8457715511322021
853.0,19.0,19.0,1.5757479667663574
36.0,0.0,0.0,0.0785520076751709
252.0,2.0,2.0,0.4597127437591553
84.0,4.0,4.0,0.15668916702270508
841.0,17.0,17.0,1.5315937995910645
922.0,20.0,20.0,1.68402099609375
884.0,21.0,21.0,1.6807684898376465
395.0,9.0,9.0,0.7877004146575928
814.0,10.0,10.0,1.5537230968475342
932.0,15.0,15.0,1.7028899192810059
1091.0,24.0,24.0,2.0469844341278076
140.0,4.0,4.0,0.25737738609313965
385.0,3.0,3.0,0.7827668190002441
310.0,12.0,12.0,0.6371216773986816
126.0,1.0,1.0,0.2509891986846924
364.0,3.0,3.0,0.6694183349609375
272.0,5.0,5.0,0.5104296207427979
371.0,3.0,3.0,0.752077579498291
947.0,20.0,20.0,1.8769135475158691
495.0,11.0,11.0,0.9959044456481934
187.0,6.0,6.0,0.3611166477203369
207.0,3.0,3.0,0.40136146545410156
127.0,7.0,7.0,0.24780631065368652
591.0,22.0,22.0,1.1714677810668945
2215.0,46.0,46.0,4.176204681396484
177.0,12.0,12.0,0.3282656669616699
522.0,13.0,13.0,0.9034221172332764
111.0,1.0,1.0,0.21961712837219238
192.0,9.0,9.0,0.3333752155303955
450.0,14.0,14.0,0.8938491344451904
1014.0,19.0,19.0,1.9050140380859375
1000.0,33.0,33.0,1.8001115322113037
298.0,9.0,9.0,0.5640029907226562
200.0,8.0,8.0,0.36192846298217773
717.0,15.0,15.0,1.377267599105835
359.0,5.0,5.0,0.6762738227844238
65.0,2.0,2.0,0.11641693115234375
346.0,6.0,6.0,0.6586518287658691
236.0,6.0,6.0,0.4324800968170166
649.0,4.0,4.0,1.2067701816558838
631.0,8.0,8.0,1.1764626502990723
112.0,1.0,1.0,0.18531131744384766
193.0,9.0,9.0,0.3927602767944336
244.0,2.0,2.0,0.42926931381225586
540.0,6.0,6.0,1.0245192050933838
155.0,2.0,2.0,0.2986629009246826
476.0,4.0,4.0,0.868823766708374
885.0,16.0,16.0,1.639627456665039
100.0,3.0,3.0,0.18885183334350586
516.0,4.0,4.0,0.9860432147979736
184.0,5.0,5.0,0.3454456329345703
349.0,8.0,8.0,0.6756148338317871
133.0,13.0,13.0,0.24377107620239258
339.0,8.0,8.0,0.6790177822113037
836.0,28.0,28.0,1.6308636665344238
923.0,17.0,17.0,1.7556779384613037
1671.0,23.0,23.0,3.098587989807129
81.0,0.0,0.0,0.1429424285888672
405.0,7.0,7.0,0.7612676620483398
50.0,1.0,1.0,0.09448766708374023
117.0,3.0,3.0,0.22820401191711426
693.0,7.0,7.0,1.2787628173828125
495.0,4.0,4.0,0.9274501800537109
912.0,13.0,13.0,1.7357594966888428
1338.0,23.0,23.0,2.454529285430908
867.0,18.0,18.0,1.633101463317871
136.0,1.0,1.0,0.22817373275756836
1759.0,24.0,24.0,3.316685199737549
59.0,1.0,1.0,0.10979819297790527
768.0,23.0,23.0,1.4806365966796875
314.0,7.0,7.0,0.5661139488220215
391.0,8.0,8.0,0.7244400978088379
362.0,5.0,5.0,0.7038271427154541
501.0,9.0,9.0,0.9207842350006104
301.0,12.0,12.0,0.559415340423584
728.0,17.0,17.0,1.3270745277404785
441.0,4.0,4.0,0.8366150856018066
121.0,6.0,6.0,0.2202467918395996
158.0,5.0,5.0,0.3334231376647949
401.0,12.0,12.0,0.7531270980834961
379.0,8.0,8.0,0.6997387409210205
478.0,19.0,19.0,0.9111676216125488
240.0,4.0,4.0,0.41705846786499023
212.0,1.0,1.0,0.47112298011779785
178.0,5.0,5.0,0.3762991428375244
74.0,1.0,1.0,0.13742613792419434
211.0,5.0,5.0,0.4167149066925049
134.0,2.0,2.0,0.2817256450653076
206.0,6.0,6.0,0.37705039978027344
124.0,2.0,2.0,0.21952390670776367
529.0,11.0,11.0,0.9580886363983154
1076.0,30.0,30.0,2.039754629135132
1293.0,16.0,16.0,2.4286422729492188
700.0,9.0,9.0,1.343278408050537
239.0,3.0,3.0,0.4297046661376953
551.0,17.0,17.0,1.0317604541778564
189.0,1.0,1.0,0.4183199405670166
444.0,12.0,12.0,0.8030588626861572
653.0,14.0,14.0,1.1474449634552002
423.0,7.0,7.0,0.8306939601898193
382.0,5.0,5.0,0.711500883102417
731.0,22.0,22.0,1.3666722774505615
232.0,6.0,6.0,0.4320402145385742
177.0,2.0,2.0,0.3302152156829834
249.0,11.0,11.0,0.44950151443481445
56.0,1.0,1.0,0.09417581558227539
568.0,8.0,8.0,1.1119606494903564
267.0,17.0,17.0,0.5441055297851562
194.0,9.0,9.0,0.36919093132019043
102.0,0.0,0.0,0.175736665725708
243.0,1.0,1.0,0.4171595573425293
320.0,10.0,10.0,0.5832090377807617
179.0,5.0,5.0,0.32016706466674805
278.0,4.0,4.0,0.4953577518463135
231.0,10.0,10.0,0.38629746437072754
189.0,4.0,4.0,0.34503817558288574
673.0,11.0,11.0,1.2768032550811768
237.0,2.0,2.0,0.4230666160583496
117.0,4.0,4.0,0.22853517532348633
133.0,2.0,2.0,0.2669086456298828
729.0,14.0,14.0,1.4034287929534912
226.0,6.0,6.0,0.41578173637390137
1122.0,21.0,21.0,2.00386118888855
74.0,1.0,1.0,0.15709447860717773
200.0,8.0,8.0,0.3535141944885254
679.0,19.0,19.0,1.245232343673706
233.0,2.0,2.0,0.44826459884643555
394.0,10.0,10.0,0.6991391181945801
1532.0,26.0,26.0,2.835783004760742
53.0,0.0,0.0,0.1094517707824707
405.0,5.0,5.0,0.7211229801177979
594.0,8.0,8.0,1.1102714538574219
424.0,18.0,18.0,0.7901515960693359
348.0,12.0,12.0,0.6367056369781494
81.0,0.0,0.0,0.15709400177001953
724.0,9.0,9.0,1.3998908996582031
206.0,13.0,13.0,0.41735339164733887
417.0,3.0,3.0,0.7777445316314697
181.0,5.0,5.0,0.3221724033355713
1156.0,27.0,27.0,2.122680902481079
253.0,7.0,7.0,0.44925737380981445
1043.0,22.0,22.0,1.9213640689849854
363.0,12.0,12.0,0.6894962787628174
220.0,2.0,2.0,0.4161970615386963
207.0,5.0,5.0,0.36214184761047363
424.0,8.0,8.0,0.7859377861022949
161.0,4.0,4.0,0.31539249420166016
275.0,4.0,4.0,0.5320699214935303
212.0,3.0,3.0,0.3849763870239258
781.0,12.0,12.0,1.4844465255737305
1068.0,9.0,9.0,2.022771120071411
108.0,2.0,2.0,0.19735336303710938
132.0,6.0,6.0,0.2870044708251953
221.0,1.0,1.0,0.35322999954223633
270.0,11.0,11.0,0.49500560760498047
284.0,5.0,5.0,0.5410234928131104
234.0,6.0,6.0,0.4331526756286621
174.0,1.0,1.0,0.33031535148620605
146.0,2.0,2.0,0.28800106048583984
302.0,5.0,5.0,0.540886640548706
301.0,10.0,10.0,0.5730926990509033
258.0,6.0,6.0,0.46459150314331055
1215.0,23.0,23.0,2.324336290359497
346.0,9.0,9.0,0.6117916107177734
397.0,13.0,13.0,0.7158219814300537
429.0,1.0,1.0,0.7860238552093506
101.0,1.0,1.0,0.18403053283691406
1096.0,42.0,42.0,2.091118335723877
163.0,5.0,5.0,0.29815125465393066
722.0,12.0,12.0,1.3636388778686523
125.0,2.0,2.0,0.2292008399963379
316.0,2.0,2.0,0.5894577503204346
81.0,1.0,1.0,0.18094706535339355
206.0,4.0,4.0,0.4248661994934082
417.0,13.0,13.0,0.7648043632507324
277.0,9.0,9.0,0.5586810111999512
893.0,16.0,16.0,1.7113697528839111
395.0,6.0,6.0,0.7223837375640869
250.0,3.0,3.0,0.4985623359680176
1866.0,45.0,45.0,3.5064749717712402
137.0,1.0,1.0,0.22840428352355957
1045.0,19.0,19.0,1.9705545902252197
565.0,6.0,6.0,1.058549165725708
1461.0,37.0,37.0,2.6436657905578613
1280.0,27.0,27.0,2.431225538253784
310.0,4.0,4.0,0.6050019264221191
528.0,15.0,15.0,0.9896969795227051
852.0,17.0,17.0,1.6336371898651123
320.0,10.0,10.0,0.6125564575195312
435.0,5.0,5.0,0.849379301071167
309.0,1.0,1.0,0.5575652122497559
166.0,7.0,7.0,0.2825179100036621
250.0,3.0,3.0,0.44858789443969727
99.0,1.0,1.0,0.1977379322052002
510.0,10.0,10.0,1.0016920566558838
351.0,9.0,9.0,0.6921858787536621
225.0,3.0,3.0,0.4470326900482178
202.0,5.0,5.0,0.4063882827758789
152.0,6.0,6.0,0.3067338466644287
471.0,16.0,16.0,0.8486502170562744
164.0,2.0,2.0,0.31401753425598145
315.0,19.0,19.0,0.6223289966583252
124.0,1.0,1.0,0.2202444076538086
760.0,21.0,21.0,1.41145658493042
216.0,1.0,1.0,0.40845561027526855
310.0,14.0,14.0,0.5920722484588623
217.0,5.0,5.0,0.39017200469970703
360.0,10.0,10.0,0.6878516674041748
657.0,7.0,7.0,1.3144359588623047
417.0,10.0,10.0,0.8092763423919678
216.0,5.0,5.0,0.4241211414337158
1172.0,31.0,31.0,2.2008719444274902
631.0,11.0,11.0,1.1366348266601562
770.0,13.0,13.0,1.4095940589904785
267.0,8.0,8.0,0.4785921573638916
546.0,7.0,7.0,0.9944260120391846
92.0,1.0,1.0,0.15711283683776855
1188.0,17.0,17.0,2.2397725582122803
419.0,3.0,3.0,0.7477164268493652
1268.0,38.0,38.0,2.372605800628662
448.0,9.0,9.0,0.8671388626098633
1305.0,34.0,34.0,2.479548692703247
166.0,3.0,3.0,0.31001996994018555
352.0,7.0,7.0,0.6849613189697266
391.0,11.0,11.0,0.7865219116210938
673.0,17.0,17.0,1.36726713180542
525.0,5.0,5.0,1.0112671852111816
72.0,2.0,2.0,0.12334418296813965
97.0,1.0,1.0,0.17273521423339844
415.0,17.0,17.0,0.747685432434082
455.0,7.0,7.0,0.7849998474121094
239.0,3.0,3.0,0.43581342697143555
241.0,7.0,7.0,0.445706844329834
59.0,2.0,2.0,0.12132430076599121
49.0,1.0,1.0,0.08266162872314453
698.0,20.0,20.0,1.286186695098877
282.0,2.0,2.0,0.5348269939422607
669.0,8.0,8.0,1.225074291229248
735.0,18.0,18.0,1.4229259490966797
662.0,13.0,13.0,1.2493135929107666
297.0,1.0,1.0,0.5916471481323242
129.0,2.0,2.0,0.23063135147094727
462.0,10.0,10.0,0.8837878704071045
207.0,2.0,2.0,0.389096736907959
870.0,18.0,18.0,1.646437406539917
293.0,7.0,7.0,0.5410349369049072
973.0,19.0,19.0,1.8114497661590576
747.0,9.0,9.0,1.42720365524292
365.0,7.0,7.0,0.6836910247802734
148.0,2.0,2.0,0.27678823471069336
501.0,8.0,8.0,0.9886503219604492
355.0,11.0,11.0,0.6597025394439697
1421.0,24.0,24.0,2.745997428894043
837.0,18.0,18.0,1.5378379821777344
162.0,0.0,0.0,0.27488040924072266
580.0,14.0,14.0,1.0067124366760254
665.0,24.0,24.0,1.2930965423583984
290.0,6.0,6.0,0.5705561637878418
142.0,4.0,4.0,0.2597811222076416
156.0,1.0,1.0,0.31380152702331543
541.0,10.0,10.0,1.0478575229644775
432.0,18.0,18.0,0.8453495502471924
227.0,3.0,3.0,0.4161953926086426
541.0,10.0,10.0,0.9632043838500977
135.0,5.0,5.0,0.25914573669433594
439.0,3.0,3.0,0.8089215755462646
261.0,0.0,0.0,0.4787015914916992
412.0,20.0,20.0,0.7987582683563232
786.0,12.0,12.0,1.393606424331665
296.0,4.0,4.0,0.5944344997406006
55.0,3.0,3.0,0.0930948257446289
1173.0,23.0,23.0,2.2275185585021973
353.0,12.0,12.0,0.6344349384307861
798.0,10.0,10.0,1.510239839553833
366.0,1.0,1.0,0.6291956901550293
322.0,3.0,3.0,0.5731780529022217
353.0,10.0,10.0,0.6446855068206787
298.0,5.0,5.0,0.5610983371734619
239.0,7.0,7.0,0.470900297164917
102.0,1.0,1.0,0.21221709251403809
242.0,5.0,5.0,0.4618110656738281
120.0,5.0,5.0,0.20397186279296875
1208.0,23.0,23.0,2.275871515274048
483.0,5.0,5.0,0.8973422050476074
76.0,0.0,0.0,0.1337723731994629
231.0,5.0,5.0,0.43201565742492676
369.0,4.0,4.0,0.6979100704193115
669.0,13.0,13.0,1.2612719535827637
91.0,0.0,0.0,0.18801140785217285
386.0,9.0,9.0,0.7154624462127686
217.0,3.0,3.0,0.4400296211242676
484.0,18.0,18.0,0.909015417098999
98.0,4.0,4.0,0.1739664077758789
260.0,0.0,0.0,0.4620077610015869
486.0,6.0,6.0,0.8886792659759521
943.0,16.0,16.0,1.77008056640625
84.0,2.0,2.0,0.15799856185913086
1074.0,12.0,12.0,1.9399592876434326
837.0,10.0,10.0,1.5863232612609863
329.0,12.0,12.0,0.6120800971984863
109.0,3.0,3.0,0.22041749954223633
53.0,2.0,2.0,0.10982561111450195
94.0,1.0,1.0,0.17272710800170898
67.0,3.0,3.0,0.1324906349182129
114.0,3.0,3.0,0.22002434730529785
982.0,17.0,17.0,1.8911488056182861
408.0,5.0,5.0,0.7849321365356445
746.0,20.0,20.0,1.3577468395233154
93.0,4.0,4.0,0.1570894718170166
1350.0,18.0,18.0,2.4995369911193848
923.0,13.0,13.0,1.7559630870819092
157.0,3.0,3.0,0.28379082679748535
719.0,16.0,16.0,1.3444809913635254
56.0,0.0,0.0,0.12085199356079102
190.0,2.0,2.0,0.33818840980529785
162.0,4.0,4.0,0.2910609245300293
64.0,3.0,3.0,0.12543559074401855
856.0,24.0,24.0,1.5983867645263672
487.0,9.0,9.0,0.9235444068908691
569.0,12.0,12.0,1.0120713710784912
545.0,22.0,22.0,1.0678503513336182
953.0,20.0,20.0,1.7708706855773926
150.0,7.0,7.0,0.3065605163574219
122.0,0.0,0.0,0.21902012825012207
483.0,5.0,5.0,0.9189698696136475
432.0,7.0,7.0,0.7816486358642578
134.0,3.0,3.0,0.2522609233856201
74.0,0.0,0.0,0.1410505771636963
115.0,1.0,1.0,0.24115347862243652
128.0,3.0,3.0,0.23896503448486328
364.0,13.0,13.0,0.6798272132873535
301.0,16.0,16.0,0.5583562850952148
533.0,10.0,10.0,0.8963315486907959
311.0,2.0,2.0,0.6227939128875732
203.0,4.0,4.0,0.3619811534881592
222.0,5.0,5.0,0.44348788261413574
222.0,6.0,6.0,0.39786601066589355
190.0,4.0,4.0,0.3619954586029053
561.0,11.0,11.0,1.072439432144165
378.0,13.0,13.0,0.7055158615112305
357.0,7.0,7.0,0.668292760848999
118.0,3.0,3.0,0.2349996566772461
1080.0,11.0,11.0,1.999791145324707
298.0,6.0,6.0,0.6019914150238037
1299.0,24.0,24.0,2.5074450969696045
130.0,0.0,0.0,0.25122547149658203
548.0,3.0,3.0,1.0524678230285645
97.0,0.0,0.0,0.17344903945922852
151.0,2.0,2.0,0.25103306770324707
215.0,2.0,2.0,0.4293844699859619
140.0,0.0,0.0,0.24624252319335938
260.0,6.0,6.0,0.455214262008667
508.0,7.0,7.0,0.9436426162719727
190.0,3.0,3.0,0.35681700706481934
200.0,3.0,3.0,0.383577823638916
89.0,2.0,2.0,0.17644405364990234
132.0,2.0,2.0,0.22562265396118164
192.0,2.0,2.0,0.3790247440338135
916.0,9.0,9.0,1.6508362293243408
156.0,3.0,3.0,0.276843786239624
781.0,24.0,24.0,1.4417355060577393
326.0,10.0,10.0,0.6344192028045654
531.0,4.0,4.0,0.998927116394043
195.0,10.0,10.0,0.3767127990722656
118.0,3.0,3.0,0.23100066184997559
954.0,14.0,14.0,1.8072261810302734
71.0,0.0,0.0,0.14109063148498535
275.0,8.0,8.0,0.5699074268341064
87.0,5.0,5.0,0.1609787940979004
303.0,7.0,7.0,0.549919605255127
249.0,4.0,4.0,0.4395596981048584
249.0,13.0,13.0,0.46962976455688477
168.0,1.0,1.0,0.33048486709594727
86.0,3.0,3.0,0.1620635986328125
413.0,5.0,5.0,0.7995233535766602
89.0,4.0,4.0,0.16215181350708008
179.0,0.0,0.0,0.3575479984283447
167.0,6.0,6.0,0.31360816955566406
328.0,7.0,7.0,0.572857141494751
503.0,8.0,8.0,0.9842262268066406
787.0,13.0,13.0,1.4746849536895752
224.0,0.0,0.0,0.4354372024536133
1465.0,33.0,33.0,2.6845197677612305
1052.0,18.0,18.0,1.995561122894287
926.0,20.0,20.0,1.7607529163360596
188.0,0.0,0.0,0.3697681427001953
42.0,0.0,0.0,0.06953668594360352
194.0,5.0,5.0,0.33815455436706543
733.0,24.0,24.0,1.490685224533081
403.0,9.0,9.0,0.7694001197814941
99.0,2.0,2.0,0.1866304874420166
221.0,5.0,5.0,0.3921205997467041
228.0,4.0,4.0,0.4397706985473633
439.0,6.0,6.0,0.8699147701263428
99.0,5.0,5.0,0.19310784339904785
238.0,3.0,3.0,0.4653961658477783
87.0,2.0,2.0,0.15705204010009766
130.0,3.0,3.0,0.2577190399169922
222.0,8.0,8.0,0.3961215019226074
122.0,2.0,2.0,0.21805930137634277
209.0,0.0,0.0,0.41540002822875977
937.0,19.0,19.0,1.7497930526733398
144.0,4.0,4.0,0.29473042488098145
215.0,4.0,4.0,0.40326547622680664
196.0,5.0,5.0,0.3661336898803711
317.0,7.0,7.0,0.6332275867462158
257.0,10.0,10.0,0.46416258811950684
84.0,2.0,2.0,0.15554046630859375
552.0,12.0,12.0,1.0658671855926514
683.0,9.0,9.0,1.295339822769165
812.0,15.0,15.0,1.5527591705322266
416.0,9.0,9.0,0.7657880783081055
70.0,1.0,1.0,0.14964604377746582
305.0,8.0,8.0,0.5405175685882568
53.0,1.0,1.0,0.10980749130249023
37.0,0.0,0.0,0.06270313262939453
547.0,9.0,9.0,1.0049536228179932
1087.0,23.0,23.0,2.103032112121582
569.0,11.0,11.0,1.1701793670654297
88.0,1.0,1.0,0.149688720703125
388.0,2.0,2.0,0.7245721817016602
327.0,14.0,14.0,0.627838134765625
90.0,1.0,1.0,0.19384312629699707
217.0,7.0,7.0,0.442462682723999
3985.0,102.0,102.0,7.768646478652954
252.0,3.0,3.0,0.4860961437225342
661.0,21.0,21.0,1.171189308166504
196.0,3.0,3.0,0.3924996852874756
228.0,1.0,1.0,0.4082779884338379
730.0,10.0,10.0,1.4033191204071045
681.0,14.0,14.0,1.262481689453125
517.0,13.0,13.0,0.9250223636627197
809.0,26.0,26.0,1.5232560634613037
248.0,1.0,1.0,0.4834773540496826
141.0,4.0,4.0,0.2622992992401123
256.0,3.0,3.0,0.502145528793335
811.0,23.0,23.0,1.5601184368133545
1323.0,26.0,26.0,2.4501705169677734
1475.0,28.0,28.0,2.5877318382263184
128.0,2.0,2.0,0.22107338905334473
178.0,1.0,1.0,0.346956729888916
1364.0,41.0,41.0,2.537076473236084
777.0,13.0,13.0,1.4737458229064941
176.0,2.0,2.0,0.3309018611907959
640.0,10.0,10.0,1.238429069519043
151.0,1.0,1.0,0.31014108657836914
425.0,12.0,12.0,0.8163936138153076
334.0,9.0,9.0,0.6280322074890137
1009.0,15.0,15.0,1.848562240600586
552.0,11.0,11.0,0.9588062763214111
227.0,3.0,3.0,0.452481746673584
476.0,14.0,14.0,0.8472330570220947
309.0,4.0,4.0,0.5650613307952881
188.0,7.0,7.0,0.3450305461883545
207.0,2.0,2.0,0.42144012451171875
111.0,3.0,3.0,0.2044064998626709
604.0,12.0,12.0,1.036355972290039
1586.0,34.0,34.0,3.0108160972595215
107.0,2.0,2.0,0.23045849800109863
839.0,15.0,15.0,1.5078027248382568
236.0,6.0,6.0,0.3914618492126465
199.0,5.0,5.0,0.39400339126586914
275.0,4.0,4.0,0.516779899597168
809.0,15.0,15.0,1.5082428455352783
73.0,0.0,0.0,0.16663718223571777
426.0,6.0,6.0,0.8441324234008789
563.0,7.0,7.0,1.0196802616119385
63.0,0.0,0.0,0.10979533195495605
174.0,2.0,2.0,0.3660907745361328
484.0,15.0,15.0,0.8994338512420654
410.0,5.0,5.0,0.730818510055542
843.0,10.0,10.0,1.5517301559448242
577.0,18.0,18.0,1.051764965057373
322.0,5.0,5.0,0.6094484329223633
173.0,10.0,10.0,0.3458900451660156
109.0,2.0,2.0,0.21961212158203125
358.0,10.0,10.0,0.6273913383483887
1441.0,23.0,23.0,2.7741005420684814
816.0,8.0,8.0,1.5864086151123047
249.0,5.0,5.0,0.4505581855773926
283.0,10.0,10.0,0.5644605159759521
146.0,4.0,4.0,0.2608654499053955
727.0,21.0,21.0,1.4721932411193848
909.0,29.0,29.0,1.760728359222412
300.0,5.0,5.0,0.5817294120788574
367.0,3.0,3.0,0.7335727214813232
72.0,1.0,1.0,0.14105963706970215
396.0,14.0,14.0,0.7847113609313965
427.0,5.0,5.0,0.856637716293335
560.0,4.0,4.0,1.0869839191436768
53.0,0.0,0.0,0.09262824058532715
310.0,12.0,12.0,0.6104495525360107
1176.0,23.0,23.0,2.339881181716919
639.0,10.0,10.0,1.2660362720489502
885.0,16.0,16.0,1.7710638046264648
275.0,7.0,7.0,0.5643224716186523
179.0,2.0,2.0,0.3607056140899658
169.0,5.0,5.0,0.3251633644104004
458.0,9.0,9.0,0.895193338394165
1395.0,35.0,35.0,2.742790460586548
239.0,6.0,6.0,0.4566376209259033
198.0,8.0,8.0,0.37804579734802246
243.0,5.0,5.0,0.4827573299407959
386.0,5.0,5.0,0.7711620330810547
643.0,14.0,14.0,1.2419030666351318
365.0,5.0,5.0,0.7371118068695068
1489.0,26.0,26.0,2.9025511741638184
386.0,4.0,4.0,0.7755265235900879
664.0,10.0,10.0,1.3459181785583496
182.0,8.0,8.0,0.35805678367614746
97.0,2.0,2.0,0.19267654418945312
506.0,12.0,12.0,1.0057415962219238
766.0,15.0,15.0,1.541374921798706
723.0,16.0,16.0,1.43721342086792
119.0,0.0,0.0,0.20586085319519043
74.0,0.0,0.0,0.13773846626281738
225.0,2.0,2.0,0.45531439781188965
262.0,4.0,4.0,0.520043134689331
372.0,11.0,11.0,0.7555477619171143
43.0,1.0,1.0,0.08646440505981445
519.0,9.0,9.0,0.9942994117736816
245.0,3.0,3.0,0.4526231288909912
232.0,3.0,3.0,0.43819570541381836
120.0,2.0,2.0,0.26483869552612305
294.0,6.0,6.0,0.585782527923584
360.0,3.0,3.0,0.6935710906982422
1238.0,19.0,19.0,2.3866872787475586
606.0,7.0,7.0,1.1821112632751465
837.0,17.0,17.0,1.6886606216430664
150.0,6.0,6.0,0.3170297145843506
82.0,1.0,1.0,0.16115808486938477
146.0,1.0,1.0,0.28853893280029297
211.0,6.0,6.0,0.40778303146362305
452.0,8.0,8.0,0.8345756530761719
211.0,0.0,0.0,0.4117906093597412
2157.0,49.0,49.0,4.218013525009155
34.0,0.0,0.0,0.06552791595458984
77.0,0.0,0.0,0.14018487930297852
554.0,15.0,15.0,1.0946764945983887
227.0,8.0,8.0,0.453765869140625
286.0,8.0,8.0,0.5781040191650391
64.0,0.0,0.0,0.12974977493286133
50.0,0.0,0.0,0.10254311561584473
206.0,6.0,6.0,0.40726780891418457
667.0,10.0,10.0,1.2540831565856934
1310.0,24.0,24.0,2.468502998352051
999.0,33.0,33.0,1.963815689086914
469.0,6.0,6.0,0.9519650936126709
231.0,3.0,3.0,0.4746830463409424
109.0,2.0,2.0,0.22108221054077148
730.0,11.0,11.0,1.4364137649536133
219.0,7.0,7.0,0.4144785404205322
985.0,31.0,31.0,1.9190428256988525
627.0,22.0,22.0,1.2717154026031494
263.0,4.0,4.0,0.5053648948669434
64.0,1.0,1.0,0.12207174301147461
298.0,5.0,5.0,0.6069157123565674
146.0,6.0,6.0,0.2964944839477539
246.0,7.0,7.0,0.49468040466308594
694.0,11.0,11.0,1.3707823753356934
368.0,4.0,4.0,0.6896142959594727
351.0,7.0,7.0,0.7334592342376709
137.0,1.0,1.0,0.2393171787261963
406.0,2.0,2.0,0.8190293312072754
158.0,2.0,2.0,0.31890058517456055
128.0,6.0,6.0,0.24008440971374512
1043.0,39.0,39.0,2.0447380542755127
1311.0,38.0,38.0,2.554870128631592
302.0,7.0,7.0,0.5875504016876221
478.0,9.0,9.0,0.95412278175354
382.0,10.0,10.0,0.7406406402587891
131.0,1.0,1.0,0.2721526622772217
432.0,8.0,8.0,0.8919813632965088
113.0,1.0,1.0,0.19881105422973633
353.0,7.0,7.0,0.7331013679504395
337.0,4.0,4.0,0.6476449966430664
152.0,2.0,2.0,0.2996480464935303
253.0,9.0,9.0,0.46767210960388184
1791.0,33.0,33.0,3.424452304840088
202.0,3.0,3.0,0.38537025451660156
459.0,6.0,6.0,0.8133866786956787
320.0,4.0,4.0,0.6793298721313477
77.0,1.0,1.0,0.15708136558532715
1120.0,14.0,14.0,2.2240488529205322
583.0,18.0,18.0,1.144897222518921
1006.0,15.0,15.0,2.0191609859466553
863.0,14.0,14.0,1.7684247493743896
119.0,0.0,0.0,0.24454283714294434
112.0,3.0,3.0,0.223067045211792
345.0,7.0,7.0,0.682816743850708
49.0,0.0,0.0,0.09882879257202148
448.0,11.0,11.0,0.9085793495178223
53.0,4.0,4.0,0.08852696418762207
765.0,17.0,17.0,1.5061492919921875
312.0,2.0,2.0,0.6405153274536133
60.0,1.0,1.0,0.12804293632507324
382.0,8.0,8.0,0.7503359317779541
497.0,12.0,12.0,1.0060093402862549
827.0,15.0,15.0,1.6481232643127441
772.0,12.0,12.0,1.5683708190917969
539.0,6.0,6.0,1.0670244693756104
109.0,1.0,1.0,0.21993184089660645
981.0,17.0,17.0,1.8405344486236572
406.0,15.0,15.0,0.7611534595489502
121.0,0.0,0.0,0.23206591606140137
58.0,4.0,4.0,0.11112809181213379
274.0,14.0,14.0,0.5496704578399658
100.0,0.0,0.0,0.1950678825378418
765.0,25.0,25.0,1.4957244396209717
424.0,3.0,3.0,0.8164870738983154
285.0,5.0,5.0,0.5586843490600586
232.0,9.0,9.0,0.4694225788116455
205.0,2.0,2.0,0.3826110363006592
497.0,3.0,3.0,0.9983713626861572
973.0,36.0,36.0,1.935849666595459
120.0,5.0,5.0,0.2155909538269043
1374.0,31.0,31.0,2.7027783393859863
263.0,1.0,1.0,0.5093200206756592
222.0,4.0,4.0,0.4347209930419922
155.0,0.0,0.0,0.31432557106018066
210.0,4.0,4.0,0.41870570182800293
701.0,12.0,12.0,1.3855929374694824
611.0,7.0,7.0,1.1802968978881836
346.0,15.0,15.0,0.6978440284729004
428.0,8.0,8.0,0.8480596542358398
148.0,2.0,2.0,0.3005986213684082
226.0,9.0,9.0,0.44113993644714355
1045.0,25.0,25.0,2.015165328979492
473.0,16.0,16.0,0.8791062831878662
290.0,9.0,9.0,0.5959470272064209
480.0,4.0,4.0,0.9266421794891357
84.0,3.0,3.0,0.1710646152496338
116.0,2.0,2.0,0.2426137924194336
66.0,1.0,1.0,0.12790679931640625
670.0,7.0,7.0,1.284627914428711
390.0,9.0,9.0,0.7337210178375244
358.0,6.0,6.0,0.6868100166320801
50.0,2.0,2.0,0.09661650657653809
66.0,1.0,1.0,0.13245248794555664
44.0,0.0,0.0,0.0895230770111084
892.0,21.0,21.0,1.7558822631835938
92.0,1.0,1.0,0.2145829200744629
310.0,1.0,1.0,0.6053726673126221
260.0,12.0,12.0,0.51432204246521
161.0,4.0,4.0,0.31661152839660645
271.0,2.0,2.0,0.49761223793029785
308.0,7.0,7.0,0.5939233303070068
288.0,10.0,10.0,0.5516660213470459
554.0,7.0,7.0,1.0892713069915771
183.0,3.0,3.0,0.3637251853942871
81.0,0.0,0.0,0.16781902313232422
659.0,28.0,28.0,1.2730472087860107
290.0,7.0,7.0,0.5812380313873291
239.0,6.0,6.0,0.4805147647857666
253.0,1.0,1.0,0.49017930030822754
633.0,19.0,19.0,1.239551305770874
196.0,2.0,2.0,0.3995938301086426
377.0,8.0,8.0,0.7208211421966553
187.0,1.0,1.0,0.4001483917236328
377.0,7.0,7.0,0.716766357421875
35.0,0.0,0.0,0.07204985618591309
456.0,11.0,11.0,0.8818964958190918
355.0,7.0,7.0,0.6883985996246338
344.0,3.0,3.0,0.65199875831604
195.0,3.0,3.0,0.3871629238128662
1027.0,19.0,19.0,2.0177648067474365
459.0,18.0,18.0,0.866323709487915
52.0,2.0,2.0,0.09886336326599121
407.0,12.0,12.0,0.8206636905670166
157.0,2.0,2.0,0.2885110378265381
181.0,3.0,3.0,0.37105870246887207
268.0,5.0,5.0,0.5449531078338623
338.0,10.0,10.0,0.6351675987243652
500.0,8.0,8.0,1.0225045680999756
202.0,4.0,4.0,0.4046516418457031
351.0,9.0,9.0,0.6863687038421631
387.0,5.0,5.0,0.7759199142456055
860.0,20.0,20.0,1.707320213317871
357.0,7.0,7.0,0.7109153270721436
294.0,6.0,6.0,0.6018166542053223
173.0,9.0,9.0,0.3086230754852295
649.0,9.0,9.0,1.2675232887268066
584.0,13.0,13.0,1.209214687347412
86.0,0.0,0.0,0.17006134986877441
43.0,0.0,0.0,0.08705878257751465
95.0,0.0,0.0,0.17805910110473633
188.0,2.0,2.0,0.3636019229888916
268.0,4.0,4.0,0.49640965461730957
274.0,7.0,7.0,0.5507755279541016
56.0,0.0,0.0,0.10753250122070312
408.0,17.0,17.0,0.7619028091430664
205.0,2.0,2.0,0.39061951637268066
232.0,4.0,4.0,0.4446578025817871
673.0,16.0,16.0,1.295562744140625
251.0,3.0,3.0,0.4661991596221924
353.0,6.0,6.0,0.6997361183166504
446.0,11.0,11.0,0.8997657299041748
457.0,1.0,1.0,0.8957111835479736
641.0,11.0,11.0,1.2314226627349854
839.0,12.0,12.0,1.690938949584961
120.0,6.0,6.0,0.23234248161315918
637.0,9.0,9.0,1.2852487564086914
848.0,16.0,16.0,1.6670951843261719
121.0,1.0,1.0,0.2147524356842041
117.0,4.0,4.0,0.22207927703857422
245.0,4.0,4.0,0.4651453495025635
359.0,6.0,6.0,0.7305052280426025
148.0,3.0,3.0,0.2948479652404785
406.0,11.0,11.0,0.7928452491760254
434.0,16.0,16.0,0.9046297073364258
243.0,1.0,1.0,0.4815328121185303
1467.0,47.0,47.0,2.9244771003723145
177.0,1.0,1.0,0.3376896381378174
213.0,3.0,3.0,0.43044304847717285
251.0,9.0,9.0,0.5504086017608643
256.0,10.0,10.0,0.5209915637969971
325.0,6.0,6.0,0.627281665802002
257.0,4.0,4.0,0.5151090621948242
64.0,0.0,0.0,0.11963534355163574
133.0,5.0,5.0,0.25258851051330566
107.0,0.0,0.0,0.23142647743225098
115.0,2.0,2.0,0.22502517700195312
887.0,23.0,23.0,1.7694363594055176
381.0,4.0,4.0,0.7813332080841064
45.0,0.0,0.0,0.08353090286254883
366.0,4.0,4.0,0.71095871925354
225.0,5.0,5.0,0.4556591510772705
54.0,1.0,1.0,0.10753059387207031
180.0,2.0,2.0,0.3511524200439453
440.0,13.0,13.0,0.90553879737854
164.0,1.0,1.0,0.3145625591278076
416.0,6.0,6.0,0.8067688941955566
229.0,7.0,7.0,0.476137638092041
476.0,15.0,15.0,0.9475061893463135
418.0,8.0,8.0,0.810175895690918
197.0,4.0,4.0,0.41985297203063965
490.0,10.0,10.0,0.9541723728179932
64.0,1.0,1.0,0.1255345344543457
212.0,11.0,11.0,0.434464693069458
743.0,15.0,15.0,1.4848828315734863
353.0,8.0,8.0,0.7039399147033691
225.0,2.0,2.0,0.4481391906738281
150.0,3.0,3.0,0.30980801582336426
348.0,4.0,4.0,0.6619489192962646
74.0,1.0,1.0,0.12955236434936523
157.0,4.0,4.0,0.2957444190979004
216.0,10.0,10.0,0.44048333168029785
234.0,2.0,2.0,0.48494648933410645
141.0,3.0,3.0,0.2558906078338623
738.0,10.0,10.0,1.4188265800476074
680.0,15.0,15.0,1.338346004486084
561.0,11.0,11.0,1.1061499118804932
497.0,11.0,11.0,1.0143258571624756
742.0,22.0,22.0,1.3990068435668945
899.0,13.0,13.0,1.8376867771148682
103.0,0.0,0.0,0.21352744102478027
180.0,0.0,0.0,0.3446037769317627
1101.0,21.0,21.0,2.1773619651794434
854.0,16.0,16.0,1.6909387111663818
941.0,26.0,26.0,1.8612008094787598
535.0,6.0,6.0,1.0395214557647705
269.0,6.0,6.0,0.5483431816101074
73.0,0.0,0.0,0.15854454040527344
104.0,1.0,1.0,0.20521974563598633
50.0,3.0,3.0,0.08152580261230469
197.0,5.0,5.0,0.35361719131469727
1217.0,27.0,27.0,2.3893325328826904
709.0,21.0,21.0,1.3910179138183594
683.0,8.0,8.0,1.3915064334869385
379.0,2.0,2.0,0.7782156467437744
286.0,4.0,4.0,0.579824686050415
476.0,7.0,7.0,0.9213788509368896
62.0,3.0,3.0,0.11553263664245605
62.0,4.0,4.0,0.11054468154907227
58.0,4.0,4.0,0.11305999755859375
96.0,4.0,4.0,0.18184113502502441
342.0,6.0,6.0,0.716649055480957
214.0,3.0,3.0,0.4104297161102295
884.0,9.0,9.0,1.7802884578704834
239.0,12.0,12.0,0.46675825119018555
540.0,16.0,16.0,1.012817144393921
765.0,14.0,14.0,1.5277364253997803
254.0,0.0,0.0,0.49163079261779785
747.0,16.0,16.0,1.449575662612915
138.0,1.0,1.0,0.2707703113555908
471.0,5.0,5.0,0.9267170429229736
260.0,6.0,6.0,0.5018155574798584
246.0,12.0,12.0,0.5349221229553223
470.0,6.0,6.0,0.8980536460876465
620.0,13.0,13.0,1.2482056617736816
417.0,12.0,12.0,0.8092987537384033
585.0,13.0,13.0,1.133169412612915
446.0,8.0,8.0,0.8449606895446777
41.0,0.0,0.0,0.0785362720489502
581.0,10.0,10.0,1.0981838703155518
499.0,10.0,10.0,0.9380443096160889
179.0,6.0,6.0,0.34543609619140625
772.0,15.0,15.0,1.5196301937103271
262.0,3.0,3.0,0.5022473335266113
725.0,20.0,20.0,1.444593906402588
136.0,3.0,3.0,0.27930140495300293
324.0,11.0,11.0,0.6120033264160156
311.0,7.0,7.0,0.5498321056365967
58.0,1.0,1.0,0.09456586837768555
373.0,13.0,13.0,0.7067508697509766
51.0,1.0,1.0,0.1097872257232666
506.0,13.0,13.0,0.9235687255859375
349.0,12.0,12.0,0.6433103084564209
591.0,10.0,10.0,1.1748411655426025
770.0,13.0,13.0,1.5045673847198486
111.0,2.0,2.0,0.20360851287841797
215.0,6.0,6.0,0.4353182315826416
278.0,3.0,3.0,0.5498359203338623
200.0,1.0,1.0,0.39362382888793945
607.0,9.0,9.0,1.1599326133728027
117.0,5.0,5.0,0.2394425868988037
222.0,4.0,4.0,0.37790942192077637
513.0,4.0,4.0,0.907106876373291
566.0,9.0,9.0,1.1007792949676514
180.0,2.0,2.0,0.3487107753753662
521.0,13.0,13.0,1.0402588844299316
195.0,3.0,3.0,0.39215636253356934
1001.0,19.0,19.0,1.9619805812835693
122.0,3.0,3.0,0.22807931900024414
851.0,17.0,17.0,1.6356260776519775
245.0,6.0,6.0,0.44440340995788574
146.0,2.0,2.0,0.29062509536743164
880.0,10.0,10.0,1.638676643371582
140.0,1.0,1.0,0.2580831050872803
360.0,0.0,0.0,0.7422418594360352
266.0,4.0,4.0,0.49214792251586914
195.0,4.0,4.0,0.36830878257751465
606.0,10.0,10.0,1.1822147369384766
226.0,3.0,3.0,0.4334545135498047
159.0,1.0,1.0,0.3045992851257324
202.0,8.0,8.0,0.36688733100891113
205.0,9.0,9.0,0.38613033294677734
389.0,7.0,7.0,0.7054622173309326
205.0,5.0,5.0,0.3842611312866211
323.0,5.0,5.0,0.6280431747436523
178.0,3.0,3.0,0.334134578704834
121.0,3.0,3.0,0.23607420921325684
113.0,6.0,6.0,0.19807028770446777
398.0,6.0,6.0,0.7942261695861816
424.0,9.0,9.0,0.8078253269195557
242.0,3.0,3.0,0.46689677238464355
970.0,30.0,30.0,1.89628005027771
98.0,0.0,0.0,0.19218802452087402
75.0,1.0,1.0,0.1351628303527832
1136.0,41.0,41.0,2.1616694927215576
470.0,7.0,7.0,0.946387767791748
144.0,7.0,7.0,0.2985348701477051
457.0,13.0,13.0,0.9007053375244141
201.0,0.0,0.0,0.39021801948547363
455.0,10.0,10.0,0.8932437896728516
45.0,1.0,1.0,0.0906984806060791
343.0,1.0,1.0,0.645733118057251
113.0,1.0,1.0,0.22512078285217285
902.0,17.0,17.0,1.7993109226226807
296.0,9.0,9.0,0.5853481292724609
276.0,4.0,4.0,0.5552809238433838
83.0,1.0,1.0,0.17081475257873535
474.0,14.0,14.0,0.920621395111084
157.0,0.0,0.0,0.29767394065856934
67.0,1.0,1.0,0.14145278930664062
305.0,12.0,12.0,0.580810546875
96.0,0.0,0.0,0.1883542537689209
269.0,5.0,5.0,0.5538394451141357
68.0,0.0,0.0,0.13584113121032715
611.0,7.0,7.0,1.1396701335906982
157.0,4.0,4.0,0.29805922508239746
292.0,1.0,1.0,0.5646774768829346
535.0,7.0,7.0,1.0342671871185303
583.0,12.0,12.0,1.144627332687378
236.0,8.0,8.0,0.48241376876831055
111.0,1.0,1.0,0.2040863037109375
296.0,7.0,7.0,0.565584659576416
376.0,2.0,2.0,0.7217581272125244
84.0,1.0,1.0,0.1569993495941162
2132.0,25.0,25.0,4.167633056640625
513.0,8.0,8.0,1.0017719268798828
190.0,2.0,2.0,0.37575411796569824
466.0,13.0,13.0,0.9421348571777344
88.0,3.0,3.0,0.17220783233642578
304.0,4.0,4.0,0.6256227493286133
96.0,4.0,4.0,0.18727827072143555
1806.0,33.0,33.0,3.4462227821350098
342.0,8.0,8.0,0.6691482067108154
221.0,1.0,1.0,0.4521207809448242
96.0,4.0,4.0,0.19413208961486816
311.0,6.0,6.0,0.6093311309814453
126.0,4.0,4.0,0.2599458694458008
92.0,2.0,2.0,0.1775214672088623
77.0,0.0,0.0,0.14907264709472656
178.0,4.0,4.0,0.34038543701171875
1220.0,29.0,29.0,2.4757802486419678
108.0,2.0,2.0,0.23613190650939941
359.0,2.0,2.0,0.7131936550140381
1237.0,22.0,22.0,2.4921209812164307
120.0,2.0,2.0,0.2690396308898926
999.0,19.0,19.0,1.978921890258789
614.0,23.0,23.0,1.230987548828125
221.0,7.0,7.0,0.42807984352111816
571.0,14.0,14.0,1.1076505184173584
1127.0,29.0,29.0,2.199902057647705
267.0,8.0,8.0,0.5014176368713379
216.0,2.0,2.0,0.41771364212036133
903.0,19.0,19.0,1.740971565246582
1027.0,22.0,22.0,2.023895263671875
713.0,11.0,11.0,1.4225642681121826
92.0,0.0,0.0,0.18547749519348145
157.0,2.0,2.0,0.3252112865447998
98.0,6.0,6.0,0.18310999870300293
265.0,3.0,3.0,0.5319390296936035
59.0,1.0,1.0,0.11809349060058594
343.0,13.0,13.0,0.6751456260681152
612.0,9.0,9.0,1.2279109954833984
499.0,11.0,11.0,1.000293493270874
113.0,2.0,2.0,0.2265768051147461
463.0,10.0,10.0,0.9246265888214111
1560.0,41.0,41.0,3.0738983154296875
255.0,13.0,13.0,0.5183053016662598
106.0,0.0,0.0,0.21306991577148438
260.0,6.0,6.0,0.5288505554199219
638.0,11.0,11.0,1.2702910900115967
780.0,14.0,14.0,1.5167577266693115
127.0,1.0,1.0,0.27037858963012695
233.0,7.0,7.0,0.4510035514831543
138.0,1.0,1.0,0.2616274356842041
430.0,8.0,8.0,0.783524751663208
439.0,9.0,9.0,0.8498044013977051
308.0,11.0,11.0,0.6366012096405029
313.0,3.0,3.0,0.613487720489502
83.0,1.0,1.0,0.1561133861541748
468.0,20.0,20.0,0.8976683616638184
1011.0,27.0,27.0,2.000655174255371
510.0,9.0,9.0,1.0443267822265625
434.0,4.0,4.0,0.9066133499145508
128.0,1.0,1.0,0.25707507133483887
55.0,1.0,1.0,0.1048741340637207
710.0,13.0,13.0,1.4206652641296387
194.0,0.0,0.0,0.38573408126831055
1066.0,22.0,22.0,2.0782291889190674
123.0,5.0,5.0,0.2267005443572998
1427.0,36.0,36.0,2.786823034286499
361.0,10.0,10.0,0.7099123001098633
256.0,8.0,8.0,0.4762539863586426
174.0,2.0,2.0,0.3374474048614502
297.0,9.0,9.0,0.562201976776123
1395.0,33.0,33.0,2.615414619445801
506.0,6.0,6.0,0.9925787448883057
281.0,4.0,4.0,0.5190823078155518
369.0,4.0,4.0,0.7197816371917725
162.0,2.0,2.0,0.3455238342285156
453.0,4.0,4.0,0.892115592956543
433.0,5.0,5.0,0.7842075824737549
205.0,3.0,3.0,0.4171292781829834
760.0,10.0,10.0,1.4244663715362549
276.0,8.0,8.0,0.5170993804931641
295.0,4.0,4.0,0.5642988681793213
236.0,9.0,9.0,0.46526575088500977
284.0,2.0,2.0,0.5522735118865967
741.0,13.0,13.0,1.493410587310791
471.0,8.0,8.0,0.8425517082214355
87.0,0.0,0.0,0.15709829330444336
517.0,12.0,12.0,0.9498946666717529
500.0,14.0,14.0,0.9853582382202148
533.0,12.0,12.0,0.991441011428833
100.0,0.0,0.0,0.18833136558532715
143.0,0.0,0.0,0.2508678436279297
370.0,4.0,4.0,0.7660660743713379
401.0,10.0,10.0,0.8158712387084961
89.0,1.0,1.0,0.16292786598205566
1173.0,20.0,20.0,2.273374080657959
207.0,3.0,3.0,0.39299726486206055
966.0,17.0,17.0,1.9583990573883057
220.0,2.0,2.0,0.4100484848022461
40.0,2.0,2.0,0.07854819297790527
141.0,3.0,3.0,0.2976980209350586
155.0,2.0,2.0,0.2909719944000244
1023.0,18.0,18.0,1.9966132640838623
393.0,9.0,9.0,0.7524182796478271
313.0,1.0,1.0,0.6033022403717041
90.0,3.0,3.0,0.18793988227844238
631.0,13.0,13.0,1.2219665050506592
107.0,1.0,1.0,0.19099950790405273
44.0,1.0,1.0,0.05990004539489746
219.0,4.0,4.0,0.3923764228820801
66.0,3.0,3.0,0.1258547306060791
223.0,3.0,3.0,0.4236571788787842
541.0,24.0,24.0,1.0386426448822021
455.0,18.0,18.0,0.847388744354248
300.0,12.0,12.0,0.5282726287841797
74.0,0.0,0.0,0.14606261253356934
991.0,25.0,25.0,1.9599015712738037
240.0,3.0,3.0,0.5028905868530273
397.0,6.0,6.0,0.7871685028076172
103.0,3.0,3.0,0.19211339950561523
275.0,9.0,9.0,0.5723466873168945
1847.0,45.0,45.0,3.568474292755127
174.0,2.0,2.0,0.3303382396697998
255.0,5.0,5.0,0.48424744606018066
398.0,4.0,4.0,0.7925877571105957
129.0,2.0,2.0,0.2604808807373047
900.0,16.0,16.0,1.7610340118408203
241.0,11.0,11.0,0.5257654190063477
295.0,6.0,6.0,0.5477542877197266
199.0,5.0,5.0,0.37454771995544434
708.0,10.0,10.0,1.37229323387146
112.0,2.0,2.0,0.17626690864562988
65.0,1.0,1.0,0.11005282402038574
36.0,0.0,0.0,0.06554532051086426
923.0,15.0,15.0,1.778303623199463
125.0,2.0,2.0,0.22631120681762695
329.0,0.0,0.0,0.5834465026855469
176.0,0.0,0.0,0.3411998748779297
529.0,7.0,7.0,1.0484793186187744
473.0,14.0,14.0,0.9312529563903809
2118.0,51.0,51.0,4.112677574157715
224.0,7.0,7.0,0.440563440322876
379.0,7.0,7.0,0.7484397888183594
120.0,1.0,1.0,0.24213528633117676
740.0,14.0,14.0,1.4960179328918457
161.0,3.0,3.0,0.32274484634399414
77.0,0.0,0.0,0.15114951133728027
112.0,4.0,4.0,0.20917344093322754
576.0,15.0,15.0,1.196528673171997
189.0,4.0,4.0,0.3854684829711914
211.0,6.0,6.0,0.41118478775024414
353.0,7.0,7.0,0.6976156234741211
628.0,10.0,10.0,1.221975564956665
55.0,3.0,3.0,0.11005282402038574
267.0,6.0,6.0,0.5062298774719238
701.0,9.0,9.0,1.3717808723449707
683.0,6.0,6.0,1.2847113609313965
347.0,7.0,7.0,0.7017717361450195
270.0,2.0,2.0,0.5172643661499023
410.0,12.0,12.0,0.7848851680755615
114.0,0.0,0.0,0.20398569107055664
983.0,29.0,29.0,1.8653278350830078
448.0,7.0,7.0,0.803081750869751
564.0,7.0,7.0,1.0476295948028564
81.0,1.0,1.0,0.15289688110351562
123.0,5.0,5.0,0.2352290153503418
402.0,4.0,4.0,0.768958330154419
363.0,4.0,4.0,0.6560823917388916
451.0,9.0,9.0,0.847771406173706
1522.0,39.0,39.0,2.9038589000701904
451.0,5.0,5.0,0.848888635635376
389.0,8.0,8.0,0.7019515037536621
92.0,3.0,3.0,0.17271637916564941
400.0,8.0,8.0,0.7230226993560791
132.0,1.0,1.0,0.2645261287689209
227.0,5.0,5.0,0.45377039909362793
76.0,5.0,5.0,0.14105892181396484
333.0,5.0,5.0,0.617509126663208
1217.0,19.0,19.0,2.4299373626708984
134.0,4.0,4.0,0.2700488567352295
159.0,0.0,0.0,0.3004467487335205
264.0,9.0,9.0,0.5091874599456787
621.0,15.0,15.0,1.2157797813415527
712.0,23.0,23.0,1.4102764129638672
1237.0,29.0,29.0,2.3548405170440674
627.0,9.0,9.0,1.2116172313690186
131.0,6.0,6.0,0.24063372611999512
370.0,2.0,2.0,0.7010564804077148
1670.0,39.0,39.0,3.178238868713379
63.0,1.0,1.0,0.130767822265625
241.0,4.0,4.0,0.39072561264038086
129.0,5.0,5.0,0.23417448997497559
468.0,13.0,13.0,0.8734610080718994
80.0,2.0,2.0,0.15617036819458008
424.0,11.0,11.0,0.87264084815979
623.0,11.0,11.0,1.2737340927124023
374.0,3.0,3.0,0.7054283618927002
60.0,0.0,0.0,0.11653780937194824
494.0,12.0,12.0,0.9853572845458984
515.0,11.0,11.0,0.9489221572875977
139.0,2.0,2.0,0.22152400016784668
213.0,2.0,2.0,0.40317511558532715
309.0,15.0,15.0,0.6097283363342285
550.0,4.0,4.0,1.0405926704406738
394.0,4.0,4.0,0.7548680305480957
590.0,11.0,11.0,1.0373165607452393
152.0,1.0,1.0,0.2740178108215332
328.0,9.0,9.0,0.6113920211791992
454.0,5.0,5.0,0.8429012298583984
181.0,2.0,2.0,0.2994542121887207
190.0,8.0,8.0,0.36472249031066895
80.0,2.0,2.0,0.17591476440429688
626.0,13.0,13.0,1.22078537940979
51.0,1.0,1.0,0.10791540145874023
146.0,5.0,5.0,0.2680389881134033
933.0,28.0,28.0,1.6645984649658203
703.0,13.0,13.0,1.2974522113800049
61.0,1.0,1.0,0.10358691215515137
217.0,4.0,4.0,0.3774130344390869
309.0,2.0,2.0,0.5597295761108398
256.0,3.0,3.0,0.4912900924682617
160.0,3.0,3.0,0.32518935203552246
1421.0,38.0,38.0,2.639226198196411
429.0,11.0,11.0,0.8115367889404297
185.0,3.0,3.0,0.3251786231994629
664.0,16.0,16.0,1.2982573509216309
311.0,11.0,11.0,0.5859649181365967
192.0,8.0,8.0,0.3641848564147949
306.0,9.0,9.0,0.5971288681030273
199.0,9.0,9.0,0.3774745464324951
712.0,14.0,14.0,1.3649718761444092
466.0,12.0,12.0,0.9089682102203369
145.0,5.0,5.0,0.29769372940063477
1432.0,32.0,32.0,2.778557062149048
503.0,6.0,6.0,1.0073976516723633
448.0,5.0,5.0,0.8616504669189453
444.0,13.0,13.0,0.8596925735473633
106.0,11.0,11.0,0.21817922592163086
565.0,16.0,16.0,1.1289546489715576
425.0,13.0,13.0,0.8574423789978027
190.0,1.0,1.0,0.3873112201690674
75.0,4.0,4.0,0.15462994575500488
729.0,5.0,5.0,1.3908751010894775
232.0,7.0,7.0,0.43233156204223633
852.0,11.0,11.0,1.6340899467468262
64.0,0.0,0.0,0.12607908248901367
236.0,5.0,5.0,0.45056819915771484
369.0,4.0,4.0,0.6949970722198486
669.0,15.0,15.0,1.262465476989746
657.0,12.0,12.0,1.2344927787780762
1148.0,21.0,21.0,2.1370983123779297
121.0,5.0,5.0,0.20967364311218262
574.0,12.0,12.0,1.02109694480896
500.0,6.0,6.0,0.9596645832061768
426.0,10.0,10.0,0.7778112888336182
197.0,7.0,7.0,0.3785691261291504
425.0,7.0,7.0,0.8192296028137207
115.0,7.0,7.0,0.23783636093139648
2451.0,70.0,70.0,4.756863594055176
51.0,2.0,2.0,0.10756230354309082
422.0,11.0,11.0,0.8179647922515869
122.0,5.0,5.0,0.23123550415039062
59.0,0.0,0.0,0.0990762710571289
128.0,3.0,3.0,0.23412108421325684
140.0,1.0,1.0,0.2606532573699951
405.0,10.0,10.0,0.7984302043914795
339.0,5.0,5.0,0.6583583354949951
216.0,7.0,7.0,0.40416455268859863
127.0,2.0,2.0,0.2251293659210205
135.0,3.0,3.0,0.24287915229797363
695.0,14.0,14.0,1.3559889793395996
257.0,6.0,6.0,0.5138976573944092
116.0,3.0,3.0,0.25214672088623047
459.0,7.0,7.0,0.8767251968383789
480.0,8.0,8.0,0.9365200996398926
238.0,7.0,7.0,0.43490171432495117
298.0,5.0,5.0,0.5932810306549072
134.0,2.0,2.0,0.23115301132202148
93.0,1.0,1.0,0.17914843559265137
89.0,1.0,1.0,0.18088769912719727
1251.0,27.0,27.0,2.3027889728546143
195.0,7.0,7.0,0.4406428337097168
46.0,3.0,3.0,0.10005974769592285
177.0,6.0,6.0,0.32013368606567383
67.0,2.0,2.0,0.1298370361328125
265.0,10.0,10.0,0.5401675701141357
49.0,0.0,0.0,0.0878598690032959
285.0,1.0,1.0,0.560490608215332
293.0,9.0,9.0,0.5302417278289795
302.0,3.0,3.0,0.580580472946167
228.0,3.0,3.0,0.4333202838897705
325.0,18.0,18.0,0.5903668403625488
396.0,7.0,7.0,0.7940750122070312
41.0,2.0,2.0,0.057909488677978516
352.0,6.0,6.0,0.6440141201019287
217.0,4.0,4.0,0.43683528900146484
378.0,6.0,6.0,0.6683814525604248
131.0,4.0,4.0,0.2421727180480957
121.0,4.0,4.0,0.23974037170410156
236.0,2.0,2.0,0.43766140937805176
48.0,0.0,0.0,0.07850837707519531
1536.0,26.0,26.0,2.946986198425293
257.0,3.0,3.0,0.44270849227905273
112.0,4.0,4.0,0.2165062427520752
407.0,13.0,13.0,0.7694807052612305
330.0,9.0,9.0,0.6398789882659912
797.0,6.0,6.0,1.4897973537445068
305.0,5.0,5.0,0.596968412399292
122.0,7.0,7.0,0.27671146392822266
483.0,7.0,7.0,0.8943214416503906
1365.0,27.0,27.0,2.6018271446228027
345.0,10.0,10.0,0.6594281196594238
157.0,0.0,0.0,0.34273338317871094
233.0,5.0,5.0,0.4233546257019043
607.0,14.0,14.0,1.1757118701934814
220.0,8.0,8.0,0.4652132987976074
353.0,5.0,5.0,0.6785421371459961
1665.0,40.0,40.0,3.176830291748047
142.0,3.0,3.0,0.2621781826019287
50.0,3.0,3.0,0.0962975025177002
436.0,12.0,12.0,0.8442895412445068
444.0,4.0,4.0,0.8300430774688721
265.0,14.0,14.0,0.49655914306640625
269.0,5.0,5.0,0.5538606643676758
153.0,10.0,10.0,0.3225083351135254
412.0,14.0,14.0,0.7603874206542969
250.0,6.0,6.0,0.48078370094299316
107.0,3.0,3.0,0.18413496017456055
73.0,3.0,3.0,0.12805581092834473
230.0,5.0,5.0,0.4214174747467041
277.0,4.0,4.0,0.5305583477020264
294.0,5.0,5.0,0.5688157081604004
46.0,0.0,0.0,0.07201457023620605
916.0,18.0,18.0,1.788527488708496
299.0,7.0,7.0,0.5952227115631104
466.0,6.0,6.0,0.8886735439300537
312.0,5.0,5.0,0.6107242107391357
524.0,10.0,10.0,0.9844157695770264
268.0,1.0,1.0,0.5444412231445312
48.0,1.0,1.0,0.08804607391357422
176.0,1.0,1.0,0.3194606304168701
1138.0,22.0,22.0,2.113931894302368
81.0,1.0,1.0,0.1745288372039795
319.0,7.0,7.0,0.5995774269104004
221.0,2.0,2.0,0.44247007369995117
191.0,3.0,3.0,0.3283040523529053
52.0,0.0,0.0,0.09604644775390625
1140.0,25.0,25.0,2.1171751022338867
381.0,12.0,12.0,0.7369911670684814
124.0,8.0,8.0,0.25391101837158203
252.0,11.0,11.0,0.4651298522949219
593.0,14.0,14.0,1.1207468509674072
473.0,15.0,15.0,0.9290666580200195
358.0,11.0,11.0,0.6951847076416016
236.0,8.0,8.0,0.4563882350921631
143.0,6.0,6.0,0.2722041606903076
58.0,2.0,2.0,0.1040658950805664
55.0,6.0,6.0,0.11204767227172852
1231.0,32.0,32.0,2.367647647857666
67.0,0.0,0.0,0.12404942512512207
251.0,4.0,4.0,0.5004050731658936
189.0,5.0,5.0,0.38453245162963867
83.0,3.0,3.0,0.15160703659057617
272.0,8.0,8.0,0.511786699295044
334.0,7.0,7.0,0.6099762916564941
495.0,8.0,8.0,0.9552404880523682
428.0,8.0,8.0,0.8270730972290039
476.0,6.0,6.0,0.946277379989624
294.0,5.0,5.0,0.5608198642730713
303.0,11.0,11.0,0.5932068824768066
89.0,2.0,2.0,0.17707085609436035
102.0,0.0,0.0,0.18760180473327637
183.0,2.0,2.0,0.359114408493042
218.0,5.0,5.0,0.44737696647644043
185.0,4.0,4.0,0.3706197738647461
1065.0,29.0,29.0,2.0279722213745117
333.0,4.0,4.0,0.5569233894348145
873.0,27.0,27.0,1.658210039138794
156.0,7.0,7.0,0.3081667423248291
527.0,10.0,10.0,0.9969041347503662
168.0,5.0,5.0,0.33216190338134766
113.0,0.0,0.0,0.2401566505432129
239.0,4.0,4.0,0.49384069442749023
186.0,0.0,0.0,0.37206459045410156
118.0,7.0,7.0,0.23615217208862305
185.0,1.0,1.0,0.3726930618286133
146.0,5.0,5.0,0.2520434856414795
250.0,4.0,4.0,0.4485642910003662
232.0,10.0,10.0,0.45476198196411133
266.0,2.0,2.0,0.46028733253479004
181.0,9.0,9.0,0.3246140480041504
967.0,18.0,18.0,1.8914391994476318
1236.0,25.0,25.0,2.4613373279571533
211.0,5.0,5.0,0.41712188720703125
220.0,9.0,9.0,0.428422212600708
241.0,5.0,5.0,0.4483664035797119
254.0,4.0,4.0,0.5037686824798584
1316.0,27.0,27.0,2.5213043689727783
166.0,1.0,1.0,0.33359622955322266
115.0,0.0,0.0,0.21889185905456543
348.0,7.0,7.0,0.5841255187988281
615.0,9.0,9.0,1.17753267288208
421.0,14.0,14.0,0.8076834678649902
201.0,3.0,3.0,0.39879417419433594
292.0,6.0,6.0,0.546367883682251
247.0,4.0,4.0,0.48929929733276367
524.0,11.0,11.0,1.0212161540985107
247.0,3.0,3.0,0.4759988784790039
669.0,3.0,3.0,1.3087997436523438
102.0,3.0,3.0,0.2067556381225586
91.0,1.0,1.0,0.17852139472961426
1245.0,26.0,26.0,2.315223455429077
154.0,3.0,3.0,0.2892730236053467
407.0,10.0,10.0,0.8133330345153809
435.0,13.0,13.0,0.8364906311035156
995.0,17.0,17.0,1.9109303951263428
258.0,2.0,2.0,0.456951379776001
1014.0,36.0,36.0,1.813920497894287
522.0,9.0,9.0,0.9686625003814697
374.0,3.0,3.0,0.7620444297790527
351.0,9.0,9.0,0.6451845169067383
764.0,15.0,15.0,1.4316701889038086
485.0,16.0,16.0,0.9607696533203125
44.0,0.0,0.0,0.08653783798217773
241.0,10.0,10.0,0.4603400230407715
1171.0,25.0,25.0,2.1666812896728516
236.0,1.0,1.0,0.4438772201538086
106.0,1.0,1.0,0.20908570289611816
682.0,16.0,16.0,1.3235039710998535
333.0,8.0,8.0,0.6032130718231201
212.0,9.0,9.0,0.42076539993286133
544.0,5.0,5.0,1.0001935958862305
170.0,3.0,3.0,0.3161630630493164
585.0,18.0,18.0,1.0986380577087402
290.0,9.0,9.0,0.5529720783233643
185.0,3.0,3.0,0.31395673751831055
708.0,7.0,7.0,1.3136115074157715
134.0,5.0,5.0,0.2502269744873047
121.0,0.0,0.0,0.24716854095458984
179.0,5.0,5.0,0.30611491203308105
327.0,6.0,6.0,0.6327071189880371
1004.0,25.0,25.0,1.8874871730804443
197.0,5.0,5.0,0.40292882919311523
117.0,5.0,5.0,0.2030625343322754
119.0,1.0,1.0,0.24509596824645996
448.0,14.0,14.0,0.9370253086090088
498.0,7.0,7.0,0.9935736656188965
283.0,3.0,3.0,0.5402224063873291
199.0,3.0,3.0,0.3861813545227051
398.0,6.0,6.0,0.7628366947174072
726.0,15.0,15.0,1.339599609375
291.0,6.0,6.0,0.5780820846557617
139.0,4.0,4.0,0.2677609920501709
434.0,6.0,6.0,0.8490762710571289
260.0,2.0,2.0,0.5729823112487793
217.0,7.0,7.0,0.45665860176086426
164.0,5.0,5.0,0.3039522171020508
414.0,7.0,7.0,0.7834627628326416
195.0,6.0,6.0,0.38429832458496094
414.0,8.0,8.0,0.845313310623169
354.0,3.0,3.0,0.6903271675109863
96.0,5.0,5.0,0.1776292324066162
379.0,11.0,11.0,0.6977534294128418
912.0,29.0,29.0,1.756303310394287
283.0,6.0,6.0,0.5156831741333008
589.0,14.0,14.0,1.1230552196502686
239.0,7.0,7.0,0.464158296585083
147.0,6.0,6.0,0.25054430961608887
1397.0,29.0,29.0,2.6182596683502197
139.0,1.0,1.0,0.2397022247314453
75.0,3.0,3.0,0.12605953216552734
213.0,2.0,2.0,0.4185218811035156
314.0,4.0,4.0,0.5709538459777832
578.0,18.0,18.0,1.0620408058166504
62.0,1.0,1.0,0.11254763603210449
1055.0,23.0,23.0,1.9902477264404297
63.0,1.0,1.0,0.11205482482910156
421.0,6.0,6.0,0.7982659339904785
751.0,22.0,22.0,1.4254262447357178
810.0,14.0,14.0,1.6668832302093506
113.0,2.0,2.0,0.21236205101013184
111.0,1.0,1.0,0.21676301956176758
926.0,15.0,15.0,1.7707509994506836
1041.0,14.0,14.0,2.008849859237671
312.0,11.0,11.0,0.5927116870880127
706.0,19.0,19.0,1.3546671867370605
92.0,4.0,4.0,0.1751117706298828
458.0,11.0,11.0,0.8820855617523193
119.0,5.0,5.0,0.2387702465057373
273.0,4.0,4.0,0.5163140296936035
83.0,4.0,4.0,0.15704727172851562
63.0,1.0,1.0,0.12790369987487793
53.0,4.0,4.0,0.10152578353881836
1146.0,23.0,23.0,2.1919190883636475
392.0,3.0,3.0,0.6990246772766113
663.0,10.0,10.0,1.2392897605895996
400.0,5.0,5.0,0.7585971355438232
283.0,5.0,5.0,0.5312478542327881
892.0,21.0,21.0,1.6952548027038574
1030.0,30.0,30.0,1.8283579349517822
373.0,4.0,4.0,0.7508528232574463
210.0,1.0,1.0,0.3732030391693115
249.0,4.0,4.0,0.46645283699035645
502.0,15.0,15.0,0.9309792518615723
1169.0,30.0,30.0,2.1455750465393066
420.0,4.0,4.0,0.7404215335845947
413.0,6.0,6.0,0.7504081726074219
197.0,2.0,2.0,0.37618374824523926
972.0,29.0,29.0,1.8336608409881592
1326.0,19.0,19.0,2.460947275161743
45.0,3.0,3.0,0.0885930061340332
102.0,0.0,0.0,0.1887977123260498
606.0,13.0,13.0,1.1127259731292725
842.0,21.0,21.0,1.491450548171997
263.0,2.0,2.0,0.48508644104003906
363.0,7.0,7.0,0.6435546875
450.0,8.0,8.0,0.800818920135498
324.0,4.0,4.0,0.6114940643310547
685.0,17.0,17.0,1.2389254570007324
505.0,6.0,6.0,0.9991507530212402
95.0,2.0,2.0,0.15569734573364258
215.0,3.0,3.0,0.42325544357299805
277.0,3.0,3.0,0.48632144927978516
289.0,6.0,6.0,0.5654745101928711
847.0,23.0,23.0,1.567394495010376
85.0,0.0,0.0,0.14147377014160156
256.0,5.0,5.0,0.48650050163269043
623.0,12.0,12.0,1.1432487964630127
348.0,5.0,5.0,0.6431522369384766
1442.0,32.0,32.0,2.5767111778259277
142.0,0.0,0.0,0.23561668395996094
187.0,0.0,0.0,0.36115598678588867
613.0,11.0,11.0,1.1266322135925293
184.0,4.0,4.0,0.33023500442504883
143.0,4.0,4.0,0.2825140953063965
302.0,5.0,5.0,0.5338294506072998
733.0,16.0,16.0,1.4090402126312256
118.0,0.0,0.0,0.21961593627929688
506.0,12.0,12.0,0.9420421123504639
147.0,1.0,1.0,0.25992679595947266
525.0,11.0,11.0,0.9576065540313721
356.0,10.0,10.0,0.6906936168670654
382.0,6.0,6.0,0.687598466873169
157.0,5.0,5.0,0.29816198348999023
568.0,4.0,4.0,1.052919864654541
150.0,4.0,4.0,0.282520055770874
555.0,11.0,11.0,1.048130750656128
203.0,13.0,13.0,0.39191174507141113
158.0,5.0,5.0,0.30855250358581543
510.0,10.0,10.0,0.9767739772796631
468.0,6.0,6.0,0.8019208908081055
903.0,18.0,18.0,1.7237226963043213
295.0,2.0,2.0,0.5443110466003418
355.0,5.0,5.0,0.6905269622802734
197.0,3.0,3.0,0.34543776512145996
248.0,7.0,7.0,0.46675610542297363
691.0,9.0,9.0,1.2283084392547607
481.0,14.0,14.0,0.8968284130096436
813.0,21.0,21.0,1.4799742698669434
633.0,9.0,9.0,1.2382991313934326
380.0,11.0,11.0,0.6909332275390625
535.0,11.0,11.0,1.0360491275787354
463.0,4.0,4.0,0.8606853485107422
442.0,7.0,7.0,0.8468434810638428
367.0,8.0,8.0,0.7491376399993896
828.0,24.0,24.0,1.5044119358062744
375.0,10.0,10.0,0.7313554286956787
583.0,17.0,17.0,1.06866455078125
191.0,2.0,2.0,0.36116743087768555
1186.0,32.0,32.0,2.181161880493164
188.0,3.0,3.0,0.36107778549194336
295.0,8.0,8.0,0.5755181312561035
1000.0,16.0,16.0,1.8231616020202637
250.0,3.0,3.0,0.46435070037841797
451.0,16.0,16.0,0.8253514766693115
716.0,11.0,11.0,1.2864201068878174
166.0,2.0,2.0,0.32927441596984863
145.0,4.0,4.0,0.2795712947845459
205.0,9.0,9.0,0.37653446197509766
406.0,8.0,8.0,0.8007345199584961
172.0,3.0,3.0,0.33090686798095703
530.0,12.0,12.0,0.969041109085083
713.0,11.0,11.0,1.4283337593078613
253.0,0.0,0.0,0.49974966049194336
1098.0,26.0,26.0,1.998673915863037
1204.0,23.0,23.0,2.1281208992004395
84.0,1.0,1.0,0.18171024322509766
83.0,2.0,2.0,0.16308307647705078
92.0,1.0,1.0,0.15602445602416992
1356.0,25.0,25.0,2.539881944656372
388.0,10.0,10.0,0.6904101371765137
195.0,11.0,11.0,0.36148786544799805
491.0,10.0,10.0,0.9382076263427734
1356.0,28.0,28.0,2.494875192642212
180.0,5.0,5.0,0.2981526851654053
128.0,1.0,1.0,0.21909785270690918
406.0,13.0,13.0,0.7236533164978027
1010.0,22.0,22.0,1.9283170700073242
77.0,0.0,0.0,0.16118955612182617
287.0,14.0,14.0,0.5613536834716797
419.0,10.0,10.0,0.7973089218139648
338.0,17.0,17.0,0.6238527297973633
1415.0,35.0,35.0,2.6323816776275635
392.0,3.0,3.0,0.7241923809051514
287.0,4.0,4.0,0.5027365684509277
918.0,21.0,21.0,1.7114601135253906
443.0,14.0,14.0,0.816422700881958
315.0,6.0,6.0,0.6281905174255371
128.0,1.0,1.0,0.23473072052001953
79.0,1.0,1.0,0.1254267692565918
1263.0,31.0,31.0,2.39976167678833
822.0,14.0,14.0,1.542288064956665
496.0,19.0,19.0,0.9344854354858398
117.0,7.0,7.0,0.24689650535583496
445.0,9.0,9.0,0.8596005439758301
95.0,2.0,2.0,0.17323660850524902
92.0,5.0,5.0,0.15668702125549316
626.0,12.0,12.0,1.1752848625183105
105.0,0.0,0.0,0.1760849952697754
75.0,3.0,3.0,0.14146208763122559
641.0,9.0,9.0,1.1620373725891113
270.0,4.0,4.0,0.4552574157714844
844.0,14.0,14.0,1.5510809421539307
234.0,11.0,11.0,0.40795421600341797
584.0,6.0,6.0,1.0722558498382568
144.0,4.0,4.0,0.25087666511535645
244.0,3.0,3.0,0.4399449825286865
830.0,10.0,10.0,1.5804827213287354
897.0,10.0,10.0,1.6493008136749268
1311.0,28.0,28.0,2.456146478652954
378.0,11.0,11.0,0.6906092166900635
193.0,7.0,7.0,0.33005809783935547
74.0,0.0,0.0,0.1254425048828125
58.0,1.0,1.0,0.09417271614074707
383.0,7.0,7.0,0.7373471260070801
1372.0,21.0,21.0,2.54463529586792
84.0,3.0,3.0,0.16128969192504883
88.0,1.0,1.0,0.14188170433044434
103.0,6.0,6.0,0.1881110668182373
174.0,5.0,5.0,0.360675573348999
592.0,8.0,8.0,1.0993847846984863
943.0,18.0,18.0,1.7402541637420654
515.0,6.0,6.0,0.9393815994262695
482.0,13.0,13.0,0.9066846370697021
388.0,13.0,13.0,0.6917142868041992
156.0,2.0,2.0,0.2521026134490967
366.0,7.0,7.0,0.7031099796295166
190.0,4.0,4.0,0.34516263008117676
384.0,5.0,5.0,0.6752796173095703
426.0,12.0,12.0,0.8006572723388672
192.0,4.0,4.0,0.3572957515716553
165.0,3.0,3.0,0.2821342945098877
393.0,4.0,4.0,0.7227857112884521
480.0,8.0,8.0,0.9409756660461426
89.0,1.0,1.0,0.17987704277038574
122.0,2.0,2.0,0.2055199146270752
256.0,5.0,5.0,0.4548220634460449
215.0,4.0,4.0,0.3923516273498535
85.0,4.0,4.0,0.1571047306060791
151.0,2.0,2.0,0.28250622749328613
359.0,7.0,7.0,0.7304825782775879
297.0,2.0,2.0,0.5192596912384033
1081.0,18.0,18.0,2.021730422973633
515.0,8.0,8.0,0.9563322067260742
53.0,0.0,0.0,0.10979437828063965
362.0,6.0,6.0,0.6435716152191162
964.0,16.0,16.0,1.7972686290740967
65.0,0.0,0.0,0.1254425048828125
40.0,1.0,1.0,0.07051897048950195
118.0,3.0,3.0,0.2039785385131836
390.0,10.0,10.0,0.7193548679351807
125.0,5.0,5.0,0.2516632080078125
280.0,10.0,10.0,0.49901676177978516
891.0,19.0,19.0,1.725111484527588
162.0,2.0,2.0,0.2828860282897949
146.0,1.0,1.0,0.2508580684661865
143.0,5.0,5.0,0.2669236660003662
655.0,16.0,16.0,1.2217984199523926
394.0,4.0,4.0,0.7608864307403564
451.0,8.0,8.0,0.8068039417266846
126.0,0.0,0.0,0.2512476444244385
255.0,7.0,7.0,0.45247554779052734
262.0,8.0,8.0,0.5178639888763428
185.0,6.0,6.0,0.3141312599182129
610.0,19.0,19.0,1.1476502418518066
531.0,11.0,11.0,0.9502272605895996
435.0,3.0,3.0,0.7850520610809326
290.0,10.0,10.0,0.5893785953521729
1326.0,23.0,23.0,2.428783893585205
348.0,5.0,5.0,0.5622825622558594
271.0,0.0,0.0,0.5021302700042725
263.0,12.0,12.0,0.4553189277648926
535.0,4.0,4.0,0.9861788749694824
332.0,8.0,8.0,0.5494801998138428
163.0,3.0,3.0,0.25118041038513184
801.0,18.0,18.0,1.5371451377868652
449.0,1.0,1.0,0.8320279121398926
44.0,1.0,1.0,0.07814693450927734
294.0,16.0,16.0,0.5342137813568115
291.0,6.0,6.0,0.5835449695587158
604.0,15.0,15.0,1.1138372421264648
226.0,2.0,2.0,0.39253783226013184
489.0,18.0,18.0,0.9074759483337402
395.0,16.0,16.0,0.722947359085083
99.0,0.0,0.0,0.16069555282592773
127.0,10.0,10.0,0.24723386764526367
82.0,6.0,6.0,0.14104104042053223
580.0,19.0,19.0,1.1146857738494873
574.0,1.0,1.0,1.0486235618591309
755.0,10.0,10.0,1.4241180419921875
858.0,12.0,12.0,1.5722846984863281
122.0,3.0,3.0,0.19750475883483887
298.0,10.0,10.0,0.5177912712097168
933.0,29.0,29.0,1.7506382465362549
73.0,0.0,0.0,0.11481928825378418
597.0,13.0,13.0,1.0516324043273926
327.0,8.0,8.0,0.6263511180877686
187.0,0.0,0.0,0.36444926261901855
453.0,8.0,8.0,0.8215928077697754
710.0,16.0,16.0,1.319274663925171
150.0,4.0,4.0,0.2802309989929199
201.0,7.0,7.0,0.37752389907836914
187.0,5.0,5.0,0.34580039978027344
720.0,19.0,19.0,1.3484046459197998
245.0,5.0,5.0,0.41992664337158203
418.0,6.0,6.0,0.7846724987030029
814.0,16.0,16.0,1.566727638244629
265.0,7.0,7.0,0.5177295207977295
157.0,4.0,4.0,0.2663710117340088
465.0,7.0,7.0,0.8639118671417236
70.0,0.0,0.0,0.16514801979064941
348.0,9.0,9.0,0.606492280960083
189.0,4.0,4.0,0.5252857208251953
245.0,5.0,5.0,0.28317809104919434
828.0,12.0,12.0,1.9813568592071533
127.0,4.0,4.0,0.33031296730041504
861.0,10.0,10.0,2.455968141555786
309.0,5.0,5.0,0.8950355052947998
155.0,0.0,0.0,0.42658281326293945
888.0,28.0,28.0,2.457240343093872
202.0,4.0,4.0,0.5178139209747314
230.0,1.0,1.0,0.6452503204345703
183.0,8.0,8.0,0.4862196445465088
112.0,3.0,3.0,0.34189653396606445
340.0,2.0,2.0,0.8900892734527588
787.0,23.0,23.0,2.2624247074127197
461.0,8.0,8.0,1.2708468437194824
1496.0,40.0,40.0,4.124408960342407
135.0,1.0,1.0,0.3454098701477051
138.0,4.0,4.0,0.38703298568725586
406.0,9.0,9.0,1.124119758605957
340.0,12.0,12.0,0.8946232795715332
62.0,0.0,0.0,0.18837451934814453
140.0,1.0,1.0,0.40737009048461914
1019.0,7.0,7.0,2.8797223567962646
70.0,2.0,2.0,0.18837881088256836
473.0,7.0,7.0,1.2876229286193848
91.0,0.0,0.0,0.22417497634887695
217.0,10.0,10.0,0.6394965648651123
902.0,21.0,21.0,2.4756953716278076
201.0,2.0,2.0,0.5339300632476807
90.0,4.0,4.0,0.26695847511291504
127.0,2.0,2.0,0.36118555068969727
877.0,18.0,18.0,2.4137439727783203
218.0,6.0,6.0,0.61287522315979
183.0,8.0,8.0,0.5457704067230225
539.0,12.0,12.0,1.4449498653411865
175.0,1.0,1.0,0.5495336055755615
91.0,2.0,2.0,0.28042030334472656
896.0,24.0,24.0,2.4554216861724854
145.0,4.0,4.0,0.4006640911102295
816.0,18.0,18.0,2.176088333129883
102.0,2.0,2.0,0.267406702041626
145.0,1.0,1.0,0.39264416694641113
51.0,1.0,1.0,0.14800810813903809
459.0,12.0,12.0,1.3286235332489014
91.0,0.0,0.0,0.21371841430664062
1549.0,23.0,23.0,4.267855882644653
169.0,6.0,6.0,0.5086214542388916
320.0,2.0,2.0,0.8472914695739746
1420.0,25.0,25.0,3.9690892696380615
682.0,19.0,19.0,1.8371944427490234
204.0,3.0,3.0,0.5789806842803955
238.0,2.0,2.0,0.6452834606170654
158.0,2.0,2.0,0.4400296211242676
985.0,14.0,14.0,2.821946144104004
174.0,7.0,7.0,0.5292947292327881
94.0,1.0,1.0,0.26250529289245605
1045.0,21.0,21.0,2.9505205154418945
278.0,4.0,4.0,0.7365334033966064
1028.0,18.0,18.0,2.806807279586792
220.0,3.0,3.0,0.6397988796234131
767.0,11.0,11.0,2.1567578315734863
416.0,12.0,12.0,1.0882081985473633
238.0,8.0,8.0,0.6427810192108154
56.0,2.0,2.0,0.15150880813598633
594.0,17.0,17.0,1.6492834091186523
292.0,15.0,15.0,0.8024740219116211
63.0,7.0,7.0,0.17279648780822754
598.0,18.0,18.0,1.6591391563415527
749.0,8.0,8.0,2.1159238815307617
267.0,4.0,4.0,0.7381303310394287
327.0,6.0,6.0,0.922168493270874
95.0,1.0,1.0,0.2893965244293213
259.0,8.0,8.0,0.7066035270690918
439.0,14.0,14.0,1.2844538688659668
126.0,0.0,0.0,0.3258380889892578
464.0,8.0,8.0,1.4596226215362549
108.0,0.0,0.0,0.34557056427001953
224.0,2.0,2.0,0.6536552906036377
596.0,22.0,22.0,1.7423007488250732
538.0,7.0,7.0,1.454397201538086
134.0,5.0,5.0,0.39191126823425293
532.0,15.0,15.0,1.4785730838775635
444.0,6.0,6.0,1.194345474243164
57.0,1.0,1.0,0.1410355567932129
459.0,9.0,9.0,1.3153107166290283
400.0,10.0,10.0,1.1064033508300781
108.0,2.0,2.0,0.329648494720459
152.0,5.0,5.0,0.41684436798095703
95.0,1.0,1.0,0.28255128860473633
301.0,4.0,4.0,0.8379721641540527
137.0,1.0,1.0,0.4041297435760498
574.0,21.0,21.0,1.6241841316223145
1118.0,31.0,31.0,3.1040425300598145
552.0,8.0,8.0,1.576103925704956
117.0,5.0,5.0,0.3386654853820801
232.0,4.0,4.0,0.6625466346740723
284.0,12.0,12.0,0.7927513122558594
763.0,28.0,28.0,2.230592966079712
1088.0,14.0,14.0,3.1896064281463623
175.0,1.0,1.0,0.501072883605957
1346.0,17.0,17.0,3.8229711055755615
58.0,1.0,1.0,0.15065383911132812
632.0,12.0,12.0,1.7906765937805176
2677.0,57.0,57.0,7.493178844451904
520.0,11.0,11.0,1.467872142791748
368.0,7.0,7.0,1.0331923961639404
468.0,9.0,9.0,1.2560648918151855
82.0,0.0,0.0,0.21963977813720703
903.0,20.0,20.0,2.5400631427764893
305.0,9.0,9.0,0.8437082767486572
50.0,2.0,2.0,0.14106416702270508
347.0,6.0,6.0,0.9415848255157471
551.0,9.0,9.0,1.5619282722473145
487.0,24.0,24.0,1.2991576194763184
229.0,1.0,1.0,0.6854872703552246
367.0,7.0,7.0,0.9737098217010498
911.0,9.0,9.0,2.570986747741699
52.0,3.0,3.0,0.11834454536437988
450.0,2.0,2.0,1.3129115104675293
421.0,3.0,3.0,1.119978904724121
190.0,3.0,3.0,0.5709323883056641
102.0,3.0,3.0,0.3083217144012451
82.0,0.0,0.0,0.21632957458496094
373.0,4.0,4.0,1.0211338996887207
57.0,1.0,1.0,0.15716981887817383
178.0,3.0,3.0,0.4713411331176758
679.0,10.0,10.0,2.0190823078155518
145.0,1.0,1.0,0.3559296131134033
211.0,7.0,7.0,0.6220545768737793
120.0,1.0,1.0,0.3052544593811035
237.0,2.0,2.0,0.6527752876281738
1456.0,43.0,43.0,4.114087820053101
250.0,6.0,6.0,0.706183671951294
556.0,9.0,9.0,1.555626392364502
573.0,7.0,7.0,1.679659366607666
467.0,4.0,4.0,1.345400333404541
167.0,2.0,2.0,0.4392564296722412
176.0,3.0,3.0,0.48751091957092285
899.0,26.0,26.0,2.446868896484375
1018.0,16.0,16.0,2.8211374282836914
958.0,25.0,25.0,2.649078845977783
818.0,27.0,27.0,2.2500126361846924
174.0,5.0,5.0,0.4513542652130127
156.0,3.0,3.0,0.42409229278564453
84.0,5.0,5.0,0.2090766429901123
182.0,5.0,5.0,0.5178375244140625
1293.0,38.0,38.0,3.6983304023742676
714.0,18.0,18.0,2.0232582092285156
369.0,5.0,5.0,0.9660415649414062
225.0,4.0,4.0,0.6276533603668213
656.0,15.0,15.0,1.8360950946807861
594.0,7.0,7.0,1.5896730422973633
327.0,9.0,9.0,0.8802502155303955
458.0,9.0,9.0,1.2787644863128662
565.0,17.0,17.0,1.522885799407959
558.0,18.0,18.0,1.5227580070495605
563.0,20.0,20.0,1.5474529266357422
777.0,18.0,18.0,2.120671033859253
1086.0,29.0,29.0,3.0382354259490967
257.0,5.0,5.0,0.6592423915863037
1569.0,34.0,34.0,4.297831058502197
393.0,4.0,4.0,1.0677578449249268
187.0,3.0,3.0,0.48665285110473633
109.0,4.0,4.0,0.34525442123413086
91.0,0.0,0.0,0.2476024627685547
2550.0,64.0,64.0,7.18073844909668
478.0,11.0,11.0,1.3057336807250977
251.0,6.0,6.0,0.676088809967041
171.0,3.0,3.0,0.4983088970184326
1044.0,19.0,19.0,2.8841490745544434
263.0,15.0,15.0,0.7470622062683105
181.0,2.0,2.0,0.5057017803192139
670.0,9.0,9.0,1.863860845565796
457.0,13.0,13.0,1.2677133083343506
1737.0,39.0,39.0,4.928006172180176
415.0,5.0,5.0,1.16255784034729
839.0,20.0,20.0,2.255950689315796
261.0,7.0,7.0,0.7230443954467773
302.0,6.0,6.0,0.8424503803253174
134.0,2.0,2.0,0.3615741729736328
321.0,12.0,12.0,0.9415037631988525
605.0,15.0,15.0,1.6462957859039307
299.0,13.0,13.0,0.7814884185791016
261.0,8.0,8.0,0.7570631504058838
450.0,12.0,12.0,1.1929552555084229
415.0,12.0,12.0,1.158623218536377
603.0,17.0,17.0,1.7154924869537354
254.0,6.0,6.0,0.6806669235229492
109.0,2.0,2.0,0.3140127658843994
613.0,18.0,18.0,1.7731091976165771
1622.0,41.0,41.0,4.427721738815308
694.0,20.0,20.0,1.930429458618164
233.0,3.0,3.0,0.6806755065917969
200.0,3.0,3.0,0.5355470180511475
294.0,7.0,7.0,0.8008041381835938
260.0,3.0,3.0,0.6753690242767334
434.0,7.0,7.0,1.2052338123321533
246.0,3.0,3.0,0.6749210357666016
365.0,8.0,8.0,1.0810623168945312
221.0,3.0,3.0,0.6219584941864014
946.0,27.0,27.0,2.7428669929504395
196.0,3.0,3.0,0.5495307445526123
292.0,4.0,4.0,0.8611054420471191
555.0,10.0,10.0,1.5631654262542725
1109.0,35.0,35.0,3.0606846809387207
294.0,12.0,12.0,0.8068945407867432
143.0,3.0,3.0,0.3767716884613037
414.0,12.0,12.0,1.0988388061523438
220.0,1.0,1.0,0.6238138675689697
125.0,4.0,4.0,0.3611423969268799
707.0,29.0,29.0,1.963170051574707
888.0,7.0,7.0,2.491882085800171
383.0,7.0,7.0,1.037121295928955
59.0,0.0,0.0,0.17230892181396484
510.0,18.0,18.0,1.451862096786499
126.0,3.0,3.0,0.36111903190612793
65.0,2.0,2.0,0.19170188903808594
672.0,11.0,11.0,1.8903369903564453
598.0,12.0,12.0,1.7500712871551514
92.0,1.0,1.0,0.23333454132080078
2443.0,72.0,72.0,6.629724740982056
248.0,5.0,5.0,0.7009873390197754
151.0,9.0,9.0,0.3763594627380371
914.0,23.0,23.0,2.656172037124634
1917.0,45.0,45.0,5.475501298904419
68.0,0.0,0.0,0.20403814315795898
230.0,7.0,7.0,0.6743221282958984
3145.0,68.0,68.0,8.732913732528687
659.0,12.0,12.0,1.909301519393921
166.0,2.0,2.0,0.47031617164611816
250.0,7.0,7.0,0.7047131061553955
538.0,12.0,12.0,1.4542591571807861
340.0,13.0,13.0,1.017915964126587
232.0,12.0,12.0,0.6212353706359863
576.0,17.0,17.0,1.5860812664031982
196.0,1.0,1.0,0.5449237823486328
668.0,14.0,14.0,1.933495283126831
159.0,0.0,0.0,0.449509859085083
783.0,18.0,18.0,2.0919344425201416
759.0,31.0,31.0,2.158365488052368
126.0,3.0,3.0,0.37278008460998535
293.0,4.0,4.0,0.7989394664764404
291.0,4.0,4.0,0.8635804653167725
1936.0,36.0,36.0,5.563225030899048
91.0,1.0,1.0,0.21964216232299805
349.0,10.0,10.0,0.9460053443908691
394.0,6.0,6.0,1.124706745147705
264.0,10.0,10.0,0.7682507038116455
290.0,2.0,2.0,0.7690632343292236
39.0,1.0,1.0,0.0941925048828125
272.0,7.0,7.0,0.8115763664245605
79.0,3.0,3.0,0.18842220306396484
376.0,14.0,14.0,1.0222082138061523
216.0,2.0,2.0,0.6329398155212402
215.0,3.0,3.0,0.656670331954956
821.0,8.0,8.0,2.319066286087036
447.0,6.0,6.0,1.2560539245605469
499.0,17.0,17.0,1.486424446105957
168.0,1.0,1.0,0.45531606674194336
429.0,8.0,8.0,1.2136623859405518
383.0,8.0,8.0,1.0494966506958008
1265.0,19.0,19.0,3.4479689598083496
353.0,4.0,4.0,1.001225233078003
137.0,3.0,3.0,0.3763585090637207
91.0,3.0,3.0,0.2513554096221924
205.0,7.0,7.0,0.564690351486206
87.0,3.0,3.0,0.21965575218200684
236.0,3.0,3.0,0.7176556587219238
273.0,4.0,4.0,0.722353458404541
141.0,3.0,3.0,0.39283037185668945
377.0,6.0,6.0,1.0908286571502686
613.0,8.0,8.0,1.6589841842651367
409.0,9.0,9.0,1.1264605522155762
1321.0,28.0,28.0,3.7152225971221924
149.0,1.0,1.0,0.43967509269714355
436.0,9.0,9.0,1.2348034381866455
441.0,6.0,6.0,1.2558457851409912
168.0,2.0,2.0,0.48369884490966797
251.0,6.0,6.0,0.6436715126037598
505.0,16.0,16.0,1.438241720199585
260.0,6.0,6.0,0.7201492786407471
213.0,1.0,1.0,0.5808315277099609
74.0,6.0,6.0,0.1883845329284668
228.0,1.0,1.0,0.5968046188354492
2054.0,61.0,61.0,5.835223197937012
80.0,3.0,3.0,0.2356889247894287
723.0,12.0,12.0,1.9815747737884521
431.0,4.0,4.0,1.1979072093963623
67.0,1.0,1.0,0.1728229522705078
521.0,5.0,5.0,1.4261934757232666
61.0,0.0,0.0,0.15712499618530273
169.0,5.0,5.0,0.4553036689758301
1007.0,20.0,20.0,2.744220495223999
412.0,6.0,6.0,1.1577374935150146
548.0,16.0,16.0,1.5535335540771484
1251.0,22.0,22.0,3.5262060165405273
559.0,10.0,10.0,1.592888593673706
289.0,5.0,5.0,0.8029448986053467
507.0,7.0,7.0,1.4275486469268799
333.0,0.0,0.0,0.8661353588104248
370.0,7.0,7.0,1.0049567222595215
375.0,8.0,8.0,1.0313630104064941
1382.0,33.0,33.0,3.8767340183258057
127.0,5.0,5.0,0.4001467227935791
463.0,3.0,3.0,1.2870423793792725
386.0,3.0,3.0,1.1316969394683838
160.0,4.0,4.0,0.4468498229980469
239.0,4.0,4.0,0.7377233505249023
352.0,5.0,5.0,1.002455472946167
54.0,0.0,0.0,0.1818094253540039
263.0,3.0,3.0,0.7506225109100342
164.0,3.0,3.0,0.43924760818481445
424.0,4.0,4.0,1.1775314807891846
203.0,5.0,5.0,0.542238712310791
612.0,13.0,13.0,1.6959245204925537
219.0,1.0,1.0,0.6230835914611816
1400.0,22.0,22.0,3.7173891067504883
105.0,4.0,4.0,0.26700592041015625
487.0,12.0,12.0,1.4402718544006348
381.0,9.0,9.0,1.020235300064087
817.0,11.0,11.0,2.1925487518310547
667.0,14.0,14.0,1.9265336990356445
175.0,4.0,4.0,0.5199201107025146
951.0,14.0,14.0,2.6486704349517822
142.0,2.0,2.0,0.41587138175964355
92.0,1.0,1.0,0.2370617389678955
359.0,9.0,9.0,0.9706301689147949
87.0,3.0,3.0,0.25160646438598633
147.0,1.0,1.0,0.40801405906677246
671.0,24.0,24.0,1.8770337104797363
1048.0,39.0,39.0,3.039745569229126
109.0,0.0,0.0,0.37919020652770996
46.0,0.0,0.0,0.1330580711364746
784.0,11.0,11.0,2.123640775680542
185.0,4.0,4.0,0.46271491050720215
217.0,5.0,5.0,0.596463680267334
182.0,4.0,4.0,0.5180094242095947
58.0,4.0,4.0,0.15715742111206055
974.0,17.0,17.0,2.8065080642700195
493.0,3.0,3.0,1.4234497547149658
239.0,7.0,7.0,0.6432204246520996
1985.0,43.0,43.0,5.4993181228637695
354.0,12.0,12.0,0.9442417621612549
160.0,6.0,6.0,0.44333672523498535
138.0,3.0,3.0,0.40734052658081055
408.0,10.0,10.0,1.1483356952667236
222.0,4.0,4.0,0.6130139827728271
393.0,17.0,17.0,1.144860029220581
193.0,2.0,2.0,0.5442192554473877
77.0,2.0,2.0,0.23722290992736816
258.0,7.0,7.0,0.7014918327331543
558.0,20.0,20.0,1.6087567806243896
58.0,0.0,0.0,0.1723461151123047
558.0,22.0,22.0,1.6578888893127441
109.0,0.0,0.0,0.29598164558410645
528.0,13.0,13.0,1.5106244087219238
258.0,8.0,8.0,0.7617950439453125
352.0,6.0,6.0,1.004051923751831
95.0,0.0,0.0,0.2499706745147705
228.0,2.0,2.0,0.6748976707458496
96.0,1.0,1.0,0.2953317165374756
309.0,5.0,5.0,0.8091776371002197
364.0,8.0,8.0,1.001188039779663
350.0,12.0,12.0,0.9835753440856934
99.0,3.0,3.0,0.2512853145599365
118.0,0.0,0.0,0.3294696807861328
809.0,14.0,14.0,2.268653392791748
257.0,2.0,2.0,0.7013242244720459
120.0,0.0,0.0,0.32485103607177734
258.0,11.0,11.0,0.750342607498169
375.0,7.0,7.0,1.0526762008666992
438.0,11.0,11.0,1.2336785793304443
594.0,12.0,12.0,1.5687053203582764
253.0,4.0,4.0,0.7118926048278809
75.0,4.0,4.0,0.18927812576293945
1400.0,35.0,35.0,3.8090405464172363
151.0,3.0,3.0,0.4557003974914551
1483.0,22.0,22.0,4.015247344970703
533.0,12.0,12.0,1.5034098625183105
655.0,14.0,14.0,1.838273525238037
465.0,5.0,5.0,1.2547001838684082
637.0,9.0,9.0,1.7660932540893555
624.0,18.0,18.0,1.735797643661499
689.0,23.0,23.0,1.926800012588501
111.0,3.0,3.0,0.26709818840026855
398.0,9.0,9.0,1.0789484977722168
135.0,0.0,0.0,0.360828161239624
180.0,3.0,3.0,0.4865756034851074
482.0,7.0,7.0,1.377591848373413
582.0,8.0,8.0,1.6191675662994385
342.0,8.0,8.0,0.9701342582702637
254.0,8.0,8.0,0.6901884078979492
899.0,16.0,16.0,2.537750244140625
228.0,7.0,7.0,0.6751325130462646
212.0,7.0,7.0,0.6082160472869873
986.0,13.0,13.0,2.7120702266693115
427.0,4.0,4.0,1.1184947490692139
97.0,2.0,2.0,0.2825462818145752
291.0,8.0,8.0,0.8251762390136719
188.0,2.0,2.0,0.5339457988739014
265.0,3.0,3.0,0.6909811496734619
382.0,13.0,13.0,1.0773067474365234
244.0,5.0,5.0,0.6592917442321777
293.0,12.0,12.0,0.799978494644165
185.0,6.0,6.0,0.5499570369720459
151.0,1.0,1.0,0.36794471740722656
133.0,3.0,3.0,0.3924570083618164
923.0,10.0,10.0,2.5416481494903564
1041.0,18.0,18.0,3.040039300918579
163.0,5.0,5.0,0.5021588802337646
106.0,0.0,0.0,0.33714747428894043
346.0,9.0,9.0,0.9610006809234619
562.0,12.0,12.0,1.5959267616271973
360.0,13.0,13.0,0.957556962966919
266.0,5.0,5.0,0.6910662651062012
930.0,24.0,24.0,2.559401273727417
712.0,26.0,26.0,1.945478916168213
244.0,5.0,5.0,0.6910998821258545
145.0,2.0,2.0,0.38253307342529297
1066.0,29.0,29.0,3.004359245300293
462.0,19.0,19.0,1.3290832042694092
260.0,8.0,8.0,0.717510461807251
131.0,0.0,0.0,0.3585934638977051
321.0,7.0,7.0,0.8994722366333008
176.0,5.0,5.0,0.4834122657775879
559.0,10.0,10.0,1.57588791847229
680.0,22.0,22.0,1.9250574111938477
597.0,14.0,14.0,1.6672945022583008
316.0,8.0,8.0,0.8381590843200684
197.0,1.0,1.0,0.512737512588501
165.0,6.0,6.0,0.4550282955169678
827.0,16.0,16.0,2.2384119033813477
815.0,18.0,18.0,2.1921558380126953
1459.0,32.0,32.0,4.185873508453369
453.0,18.0,18.0,1.3177340030670166
151.0,7.0,7.0,0.40061521530151367
53.0,1.0,1.0,0.14150452613830566
476.0,11.0,11.0,1.3646111488342285
339.0,5.0,5.0,0.9191539287567139
169.0,6.0,6.0,0.5022144317626953
620.0,3.0,3.0,1.7703137397766113
506.0,8.0,8.0,1.381678581237793
422.0,10.0,10.0,1.1875314712524414
106.0,3.0,3.0,0.3138427734375
175.0,2.0,2.0,0.45482587814331055
306.0,10.0,10.0,0.8319547176361084
230.0,3.0,3.0,0.6419241428375244
522.0,9.0,9.0,1.4748899936676025
109.0,6.0,6.0,0.29852795600891113
445.0,9.0,9.0,1.2494864463806152
184.0,5.0,5.0,0.48423171043395996
50.0,3.0,3.0,0.14757728576660156
121.0,0.0,0.0,0.3138539791107178
1796.0,35.0,35.0,5.040961027145386
90.0,1.0,1.0,0.23756718635559082
129.0,1.0,1.0,0.3385453224182129
122.0,3.0,3.0,0.34555506706237793
1058.0,10.0,10.0,2.8992862701416016
914.0,20.0,20.0,2.6003031730651855
1063.0,19.0,19.0,2.931246280670166
149.0,0.0,0.0,0.45711207389831543
802.0,24.0,24.0,2.2290456295013428
129.0,4.0,4.0,0.3606865406036377
247.0,8.0,8.0,0.6744458675384521
116.0,3.0,3.0,0.3137056827545166
77.0,1.0,1.0,0.20401477813720703
105.0,2.0,2.0,0.2669529914855957
260.0,3.0,3.0,0.7663745880126953
1296.0,24.0,24.0,3.5282299518585205
284.0,12.0,12.0,0.7687101364135742
258.0,6.0,6.0,0.7334792613983154
1158.0,35.0,35.0,3.214479684829712
48.0,0.0,0.0,0.12543869018554688
74.0,1.0,1.0,0.18837213516235352
466.0,11.0,11.0,1.3144288063049316
209.0,5.0,5.0,0.581200122833252
479.0,3.0,3.0,1.3955183029174805
55.0,0.0,0.0,0.15314483642578125
392.0,15.0,15.0,1.0723257064819336
156.0,9.0,9.0,0.4142775535583496
157.0,4.0,4.0,0.4553074836730957
176.0,2.0,2.0,0.5079407691955566
551.0,9.0,9.0,1.4326653480529785
252.0,10.0,10.0,0.7293517589569092
516.0,8.0,8.0,1.3846538066864014
353.0,5.0,5.0,1.026993751525879
68.0,1.0,1.0,0.20041155815124512
391.0,9.0,9.0,1.0546386241912842
1331.0,35.0,35.0,3.6927437782287598
262.0,7.0,7.0,0.6594433784484863
249.0,4.0,4.0,0.6795065402984619
652.0,10.0,10.0,1.800372838973999
92.0,0.0,0.0,0.23527908325195312
293.0,3.0,3.0,0.7917497158050537
647.0,18.0,18.0,1.723766565322876
186.0,6.0,6.0,0.518310546875
973.0,22.0,22.0,2.7245028018951416
435.0,12.0,12.0,1.2195584774017334
197.0,1.0,1.0,0.5178413391113281
382.0,13.0,13.0,1.1028425693511963
960.0,24.0,24.0,2.6993966102600098
1663.0,26.0,26.0,4.615677118301392
539.0,10.0,10.0,1.4103538990020752
495.0,8.0,8.0,1.3935532569885254
375.0,6.0,6.0,1.0248634815216064
99.0,2.0,2.0,0.250870943069458
192.0,4.0,4.0,0.515362024307251
193.0,1.0,1.0,0.49768781661987305
428.0,6.0,6.0,1.1618099212646484
443.0,7.0,7.0,1.2522234916687012
87.0,0.0,0.0,0.23523640632629395
131.0,4.0,4.0,0.3451573848724365
51.0,1.0,1.0,0.1256396770477295
130.0,2.0,2.0,0.3458423614501953
598.0,10.0,10.0,1.6584959030151367
948.0,19.0,19.0,2.638852119445801
58.0,3.0,3.0,0.14158129692077637
125.0,5.0,5.0,0.3288593292236328
792.0,17.0,17.0,2.3679189682006836
881.0,14.0,14.0,2.4764645099639893
417.0,9.0,9.0,1.2061569690704346
259.0,3.0,3.0,0.6909472942352295
53.0,0.0,0.0,0.15619421005249023
200.0,3.0,3.0,0.5653715133666992
321.0,5.0,5.0,0.921412467956543
100.0,3.0,3.0,0.26781797409057617
575.0,10.0,10.0,1.679638385772705
601.0,11.0,11.0,1.64444899559021
532.0,13.0,13.0,1.5509796142578125
994.0,22.0,22.0,2.8106112480163574
129.0,4.0,4.0,0.34507322311401367
70.0,0.0,0.0,0.2115168571472168
57.0,3.0,3.0,0.17258024215698242
226.0,7.0,7.0,0.6707930564880371
232.0,5.0,5.0,0.6234054565429688
333.0,7.0,7.0,0.973581075668335
91.0,2.0,2.0,0.23774409294128418
46.0,0.0,0.0,0.1098484992980957
222.0,2.0,2.0,0.655005693435669
476.0,9.0,9.0,1.3658514022827148
236.0,2.0,2.0,0.6594028472900391
87.0,2.0,2.0,0.2751469612121582
240.0,3.0,3.0,0.6271326541900635
119.0,1.0,1.0,0.32903432846069336
292.0,8.0,8.0,0.8164675235748291
938.0,22.0,22.0,2.6482362747192383
94.0,0.0,0.0,0.2920994758605957
119.0,3.0,3.0,0.3117806911468506
158.0,3.0,3.0,0.4240705966949463
1776.0,37.0,37.0,4.857765197753906
642.0,12.0,12.0,1.7901551723480225
66.0,0.0,0.0,0.18837881088256836
537.0,8.0,8.0,1.5226542949676514
1554.0,23.0,23.0,4.316864252090454
283.0,6.0,6.0,0.8017044067382812
117.0,5.0,5.0,0.3094186782836914
65.0,0.0,0.0,0.1768808364868164
507.0,16.0,16.0,1.345533847808838
139.0,1.0,1.0,0.424560546875
636.0,10.0,10.0,1.7389426231384277
76.0,2.0,2.0,0.18796944618225098
259.0,13.0,13.0,0.7461535930633545
419.0,12.0,12.0,1.1165833473205566
450.0,9.0,9.0,1.3175435066223145
1055.0,28.0,28.0,2.988771677017212
176.0,0.0,0.0,0.5026741027832031
339.0,4.0,4.0,0.862910270690918
174.0,3.0,3.0,0.4965488910675049
368.0,7.0,7.0,0.9737730026245117
119.0,0.0,0.0,0.29879188537597656
89.0,3.0,3.0,0.2356729507446289
200.0,0.0,0.0,0.5491151809692383
165.0,3.0,3.0,0.5006542205810547
92.0,1.0,1.0,0.2512221336364746
257.0,2.0,2.0,0.6914591789245605
382.0,8.0,8.0,1.1027443408966064
109.0,1.0,1.0,0.316570520401001
424.0,4.0,4.0,1.1776177883148193
109.0,1.0,1.0,0.31438589096069336
177.0,6.0,6.0,0.5021982192993164
479.0,7.0,7.0,1.3458380699157715
623.0,12.0,12.0,1.7942678928375244
114.0,5.0,5.0,0.3376190662384033
198.0,5.0,5.0,0.5853190422058105
427.0,6.0,6.0,1.2365655899047852
224.0,8.0,8.0,0.5651171207427979
122.0,4.0,4.0,0.36693549156188965
1374.0,29.0,29.0,3.922609567642212
1113.0,19.0,19.0,3.0648248195648193
400.0,11.0,11.0,1.1561124324798584
1832.0,28.0,28.0,5.052447319030762
385.0,6.0,6.0,1.0708096027374268
65.0,3.0,3.0,0.15661382675170898
63.0,3.0,3.0,0.1727733612060547
141.0,0.0,0.0,0.392406702041626
336.0,10.0,10.0,0.9548399448394775
568.0,8.0,8.0,1.634394884109497
174.0,5.0,5.0,0.5155205726623535
380.0,4.0,4.0,1.0046849250793457
285.0,2.0,2.0,0.784670352935791
108.0,12.0,12.0,0.3294816017150879
839.0,22.0,22.0,2.289677143096924
157.0,2.0,2.0,0.4515242576599121
221.0,4.0,4.0,0.6011617183685303
651.0,9.0,9.0,1.832700252532959
443.0,5.0,5.0,1.2420921325683594
263.0,2.0,2.0,0.7451839447021484
93.0,4.0,4.0,0.24942493438720703
1422.0,33.0,33.0,3.9660186767578125
190.0,3.0,3.0,0.5683763027191162
281.0,7.0,7.0,0.7494099140167236
803.0,20.0,20.0,2.178194999694824
1002.0,21.0,21.0,2.822754383087158
1054.0,29.0,29.0,2.908658266067505
892.0,24.0,24.0,2.447082281112671
220.0,4.0,4.0,0.6760733127593994
67.0,0.0,0.0,0.18838119506835938
603.0,16.0,16.0,1.7486815452575684
157.0,3.0,3.0,0.39341139793395996
168.0,6.0,6.0,0.503150224685669
645.0,17.0,17.0,2.038435220718384
746.0,13.0,13.0,2.2193732261657715
466.0,12.0,12.0,1.3011622428894043
182.0,5.0,5.0,0.559746265411377
726.0,19.0,19.0,1.9653582572937012
526.0,12.0,12.0,1.399768590927124
238.0,5.0,5.0,0.6784532070159912
320.0,9.0,9.0,0.9116284847259521
668.0,17.0,17.0,1.799513578414917
1144.0,23.0,23.0,3.3090627193450928
473.0,9.0,9.0,1.3249726295471191
357.0,6.0,6.0,1.0643112659454346
154.0,3.0,3.0,0.43968820571899414
683.0,6.0,6.0,1.9402379989624023
247.0,5.0,5.0,0.6909449100494385
183.0,3.0,3.0,0.488800048828125
117.0,3.0,3.0,0.33099985122680664
393.0,4.0,4.0,1.1713311672210693
331.0,9.0,9.0,0.9416942596435547
411.0,8.0,8.0,1.1877765655517578
487.0,7.0,7.0,1.366220235824585
233.0,3.0,3.0,0.6980743408203125
283.0,6.0,6.0,0.7557692527770996
471.0,12.0,12.0,1.3500823974609375
475.0,3.0,3.0,1.3772685527801514
99.0,1.0,1.0,0.28220295906066895
114.0,5.0,5.0,0.32436633110046387
123.0,2.0,2.0,0.37700343132019043
85.0,1.0,1.0,0.26624488830566406
99.0,2.0,2.0,0.27577948570251465
295.0,6.0,6.0,0.8317832946777344
261.0,4.0,4.0,0.73748779296875
670.0,23.0,23.0,1.865302562713623
519.0,9.0,9.0,1.4302029609680176
99.0,6.0,6.0,0.2829926013946533
247.0,2.0,2.0,0.6588985919952393
605.0,9.0,9.0,1.6730880737304688
589.0,15.0,15.0,1.6308860778808594
1110.0,20.0,20.0,3.0163052082061768
246.0,3.0,3.0,0.6592555046081543
512.0,11.0,11.0,1.4633936882019043
155.0,2.0,2.0,0.4250929355621338
695.0,11.0,11.0,1.9864561557769775
632.0,17.0,17.0,1.8053104877471924
535.0,14.0,14.0,1.485386848449707
958.0,20.0,20.0,2.7219996452331543
268.0,2.0,2.0,0.7825655937194824
2625.0,50.0,50.0,7.537013292312622
891.0,13.0,13.0,2.524399518966675
221.0,5.0,5.0,0.596973180770874
204.0,4.0,4.0,0.581437349319458
322.0,5.0,5.0,0.922309160232544
994.0,29.0,29.0,2.7897324562072754
197.0,5.0,5.0,0.5811724662780762
86.0,0.0,0.0,0.23523521423339844
73.0,3.0,3.0,0.21961498260498047
504.0,13.0,13.0,1.439225435256958
114.0,1.0,1.0,0.3138601779937744
212.0,4.0,4.0,0.597280740737915
913.0,18.0,18.0,2.508458137512207
737.0,15.0,15.0,2.1326053142547607
623.0,11.0,11.0,1.8241376876831055
205.0,3.0,3.0,0.5651054382324219
216.0,8.0,8.0,0.6292393207550049
539.0,10.0,10.0,1.5041096210479736
538.0,8.0,8.0,1.5031287670135498
450.0,5.0,5.0,1.2411046028137207
254.0,8.0,8.0,0.7606539726257324
188.0,3.0,3.0,0.5086004734039307
212.0,6.0,6.0,0.580869197845459
422.0,8.0,8.0,1.2081050872802734
70.0,0.0,0.0,0.22292613983154297
426.0,7.0,7.0,1.1654937267303467
992.0,23.0,23.0,2.7291643619537354
795.0,15.0,15.0,1.5350408554077148
250.0,7.0,7.0,0.43925905227661133
469.0,12.0,12.0,0.7801830768585205
384.0,15.0,15.0,0.6463413238525391
325.0,9.0,9.0,0.7066113948822021
51.0,2.0,2.0,0.06290364265441895
219.0,7.0,7.0,0.2668418884277344
333.0,4.0,4.0,0.4349193572998047
528.0,5.0,5.0,0.5750701427459717
467.0,5.0,5.0,0.5174596309661865
149.0,3.0,3.0,0.40828371047973633
134.0,3.0,3.0,0.39279770851135254
380.0,10.0,10.0,1.154674768447876
236.0,2.0,2.0,0.6803467273712158
300.0,8.0,8.0,0.9018020629882812
343.0,6.0,6.0,0.9347379207611084
524.0,6.0,6.0,0.9303836822509766
591.0,20.0,20.0,0.8132100105285645
1598.0,47.0,47.0,2.071171522140503
941.0,20.0,20.0,1.234130620956421
538.0,10.0,10.0,0.6800746917724609
1510.0,41.0,41.0,2.0660433769226074
110.0,1.0,1.0,0.15704679489135742
195.0,2.0,2.0,0.26755714416503906
611.0,12.0,12.0,0.843940258026123
218.0,3.0,3.0,0.27606654167175293
272.0,1.0,1.0,0.35037708282470703
314.0,8.0,8.0,0.44276857376098633
122.0,2.0,2.0,0.15780901908874512
804.0,27.0,27.0,1.097008466720581
171.0,1.0,1.0,0.21497297286987305
47.0,0.0,0.0,0.047757863998413086
374.0,2.0,2.0,0.48926830291748047
880.0,19.0,19.0,1.1870872974395752
75.0,2.0,2.0,0.09968400001525879
255.0,13.0,13.0,0.345888614654541
101.0,8.0,8.0,0.14191293716430664
392.0,3.0,3.0,0.5645346641540527
98.0,7.0,7.0,0.12605762481689453
774.0,21.0,21.0,1.040282964706421
647.0,10.0,10.0,0.8793270587921143
524.0,12.0,12.0,0.7116954326629639
191.0,8.0,8.0,0.2649407386779785
440.0,8.0,8.0,0.5626790523529053
136.0,1.0,1.0,0.18837189674377441
58.0,0.0,0.0,0.08627748489379883
259.0,5.0,5.0,0.3458220958709717
92.0,3.0,3.0,0.12841272354125977
265.0,5.0,5.0,0.33696770668029785
516.0,8.0,8.0,0.7168905735015869
1512.0,35.0,35.0,2.0338950157165527
1931.0,31.0,31.0,2.6618869304656982
121.0,4.0,4.0,0.1675262451171875
82.0,1.0,1.0,0.10690927505493164
1204.0,22.0,22.0,1.5949289798736572
290.0,10.0,10.0,0.3670687675476074
155.0,2.0,2.0,0.20511531829833984
340.0,2.0,2.0,0.45683932304382324
329.0,11.0,11.0,0.43346190452575684
50.0,1.0,1.0,0.06473994255065918
670.0,15.0,15.0,0.9079957008361816
151.0,2.0,2.0,0.1984851360321045
48.0,0.0,0.0,0.04929208755493164
155.0,0.0,0.0,0.22127652168273926
804.0,23.0,23.0,1.0210211277008057
535.0,23.0,23.0,0.7224159240722656
297.0,4.0,4.0,0.3565709590911865
1145.0,20.0,20.0,1.466660499572754
206.0,2.0,2.0,0.2892274856567383
444.0,11.0,11.0,0.5568060874938965
993.0,26.0,26.0,1.2324953079223633
406.0,12.0,12.0,0.5485830307006836
177.0,3.0,3.0,0.20991277694702148
619.0,18.0,18.0,0.7850332260131836
57.0,2.0,2.0,0.06832456588745117
278.0,5.0,5.0,0.3297240734100342
206.0,7.0,7.0,0.25545692443847656
125.0,3.0,3.0,0.1882920265197754
93.0,2.0,2.0,0.1476609706878662
375.0,7.0,7.0,0.4780442714691162
528.0,9.0,9.0,0.727611780166626
742.0,17.0,17.0,0.9934842586517334
284.0,7.0,7.0,0.38456034660339355
399.0,8.0,8.0,0.5472218990325928
371.0,5.0,5.0,0.48082494735717773
177.0,4.0,4.0,0.21655845642089844
44.0,4.0,4.0,0.045781612396240234
284.0,8.0,8.0,0.34931159019470215
169.0,3.0,3.0,0.24090170860290527
411.0,5.0,5.0,0.5213358402252197
225.0,4.0,4.0,0.2981743812561035
1292.0,27.0,27.0,1.6789038181304932
114.0,2.0,2.0,0.12662434577941895
93.0,1.0,1.0,0.10652875900268555
427.0,7.0,7.0,0.5344536304473877
57.0,0.0,0.0,0.08188581466674805
377.0,9.0,9.0,0.49997401237487793
159.0,6.0,6.0,0.22128987312316895
429.0,7.0,7.0,0.5628635883331299
192.0,3.0,3.0,0.26125621795654297
680.0,10.0,10.0,0.8716790676116943
100.0,1.0,1.0,0.1415417194366455
375.0,7.0,7.0,0.491771936416626
624.0,15.0,15.0,0.8368868827819824
279.0,5.0,5.0,0.3560807704925537
57.0,4.0,4.0,0.06258869171142578
68.0,0.0,0.0,0.09543251991271973
108.0,1.0,1.0,0.12741661071777344
486.0,14.0,14.0,0.6147217750549316
160.0,4.0,4.0,0.19345688819885254
618.0,16.0,16.0,0.7956976890563965
433.0,8.0,8.0,0.5704081058502197
280.0,11.0,11.0,0.36607933044433594
238.0,2.0,2.0,0.3448314666748047
363.0,5.0,5.0,0.47681307792663574
351.0,5.0,5.0,0.47222089767456055
131.0,2.0,2.0,0.1657094955444336
320.0,3.0,3.0,0.41423988342285156
670.0,10.0,10.0,0.9145693778991699
311.0,6.0,6.0,0.4272274971008301
139.0,4.0,4.0,0.19525599479675293
557.0,11.0,11.0,0.7054691314697266
295.0,8.0,8.0,0.3568594455718994
614.0,14.0,14.0,0.8035588264465332
1034.0,22.0,22.0,1.373856782913208
322.0,11.0,11.0,0.43497252464294434
75.0,3.0,3.0,0.147568941116333
381.0,6.0,6.0,0.49466848373413086
258.0,5.0,5.0,0.3049495220184326
413.0,16.0,16.0,0.5077588558197021
780.0,13.0,13.0,1.0331461429595947
1164.0,25.0,25.0,1.449181318283081
513.0,10.0,10.0,0.7004759311676025
821.0,29.0,29.0,1.0758931636810303
280.0,4.0,4.0,0.37607622146606445
150.0,6.0,6.0,0.21152710914611816
109.0,0.0,0.0,0.13248705863952637
137.0,2.0,2.0,0.17171907424926758
108.0,2.0,2.0,0.1594407558441162
740.0,13.0,13.0,0.9813511371612549
513.0,12.0,12.0,0.6486806869506836
86.0,2.0,2.0,0.11247491836547852
448.0,6.0,6.0,0.593055009841919
168.0,4.0,4.0,0.2052915096282959
265.0,7.0,7.0,0.35138607025146484
104.0,1.0,1.0,0.14869213104248047
109.0,0.0,0.0,0.13359332084655762
394.0,10.0,10.0,0.5210027694702148
706.0,11.0,11.0,0.9632716178894043
766.0,21.0,21.0,1.0061805248260498
590.0,11.0,11.0,0.7842063903808594
257.0,8.0,8.0,0.3596079349517822
478.0,7.0,7.0,0.5947277545928955
374.0,6.0,6.0,0.46141529083251953
248.0,5.0,5.0,0.31347179412841797
101.0,2.0,2.0,0.12596845626831055
200.0,7.0,7.0,0.24774646759033203
149.0,1.0,1.0,0.19400238990783691
194.0,3.0,3.0,0.2815392017364502
251.0,8.0,8.0,0.30036306381225586
858.0,20.0,20.0,1.0926513671875
750.0,6.0,6.0,0.9729335308074951
818.0,17.0,17.0,1.0422022342681885
547.0,22.0,22.0,0.6828179359436035
346.0,4.0,4.0,0.4665970802307129
147.0,0.0,0.0,0.16272258758544922
170.0,3.0,3.0,0.21986985206604004
140.0,6.0,6.0,0.18959403038024902
85.0,2.0,2.0,0.12543320655822754
317.0,5.0,5.0,0.4037928581237793
740.0,23.0,23.0,1.0261294841766357
444.0,9.0,9.0,0.5865688323974609
409.0,8.0,8.0,0.5896313190460205
241.0,4.0,4.0,0.31931161880493164
356.0,8.0,8.0,0.49376344680786133
159.0,0.0,0.0,0.20473980903625488
1329.0,44.0,44.0,1.721182107925415
323.0,12.0,12.0,0.43601036071777344
898.0,23.0,23.0,1.1819257736206055
343.0,9.0,9.0,0.4423201084136963
327.0,9.0,9.0,0.39936256408691406
348.0,11.0,11.0,0.5129354000091553
89.0,0.0,0.0,0.12363839149475098
148.0,5.0,5.0,0.19390106201171875
121.0,3.0,3.0,0.16027402877807617
48.0,0.0,0.0,0.05482006072998047
342.0,5.0,5.0,0.4360024929046631
126.0,1.0,1.0,0.15268778800964355
1424.0,33.0,33.0,1.8329038619995117
285.0,3.0,3.0,0.36180973052978516
667.0,17.0,17.0,0.8934264183044434
628.0,13.0,13.0,0.7966673374176025
555.0,16.0,16.0,0.7267992496490479
1613.0,30.0,30.0,2.0619964599609375
1010.0,20.0,20.0,1.3016297817230225
167.0,6.0,6.0,0.23595643043518066
87.0,0.0,0.0,0.11001396179199219
86.0,2.0,2.0,0.09443831443786621
863.0,19.0,19.0,1.1597955226898193
557.0,13.0,13.0,0.6997532844543457
144.0,3.0,3.0,0.1747448444366455
124.0,6.0,6.0,0.15657329559326172
992.0,24.0,24.0,1.3420088291168213
604.0,6.0,6.0,0.7731931209564209
152.0,4.0,4.0,0.1737349033355713
474.0,8.0,8.0,0.6301414966583252
152.0,4.0,4.0,0.19135785102844238
441.0,14.0,14.0,0.5619010925292969
133.0,2.0,2.0,0.16262149810791016
259.0,5.0,5.0,0.3142280578613281
1080.0,27.0,27.0,1.399111032485962
438.0,9.0,9.0,0.587622880935669
368.0,2.0,2.0,0.47156357765197754
158.0,1.0,1.0,0.1945648193359375
91.0,2.0,2.0,0.10993123054504395
463.0,5.0,5.0,0.5970718860626221
192.0,6.0,6.0,0.2835204601287842
546.0,12.0,12.0,0.6865315437316895
452.0,5.0,5.0,0.5851900577545166
41.0,0.0,0.0,0.06273818016052246
110.0,0.0,0.0,0.1275031566619873
441.0,13.0,13.0,0.5656130313873291
577.0,14.0,14.0,0.7222511768341064
1638.0,23.0,23.0,2.1206204891204834
175.0,6.0,6.0,0.22124576568603516
175.0,1.0,1.0,0.2203211784362793
848.0,16.0,16.0,1.0367789268493652
49.0,0.0,0.0,0.047295570373535156
524.0,14.0,14.0,0.6755337715148926
127.0,0.0,0.0,0.1567702293395996
111.0,3.0,3.0,0.14368367195129395
171.0,3.0,3.0,0.2387843132019043
422.0,4.0,4.0,0.5345549583435059
243.0,12.0,12.0,0.31113743782043457
761.0,15.0,15.0,1.005951166152954
846.0,18.0,18.0,1.089404821395874
78.0,2.0,2.0,0.11323928833007812
84.0,1.0,1.0,0.1147606372833252
209.0,9.0,9.0,0.2691943645477295
324.0,8.0,8.0,0.3950943946838379
123.0,3.0,3.0,0.15636563301086426
157.0,3.0,3.0,0.20571565628051758
753.0,11.0,11.0,0.9695639610290527
41.0,0.0,0.0,0.04889345169067383
85.0,1.0,1.0,0.10672116279602051
691.0,15.0,15.0,0.8990364074707031
2309.0,48.0,48.0,2.94663143157959
69.0,0.0,0.0,0.07855367660522461
586.0,9.0,9.0,0.787562370300293
271.0,6.0,6.0,0.3247518539428711
478.0,15.0,15.0,0.6100900173187256
76.0,0.0,0.0,0.09417319297790527
443.0,8.0,8.0,0.5665874481201172
183.0,3.0,3.0,0.2386922836303711
508.0,12.0,12.0,0.639441728591919
139.0,1.0,1.0,0.18892788887023926
214.0,4.0,4.0,0.2824678421020508
64.0,3.0,3.0,0.058400869369506836
155.0,3.0,3.0,0.19563937187194824
112.0,3.0,3.0,0.13133883476257324
916.0,18.0,18.0,1.2305495738983154
178.0,6.0,6.0,0.24785256385803223
373.0,4.0,4.0,0.49002838134765625
79.0,4.0,4.0,0.11054158210754395
679.0,8.0,8.0,0.8342149257659912
37.0,0.0,0.0,0.047466278076171875
61.0,2.0,2.0,0.07919907569885254
128.0,2.0,2.0,0.18109941482543945
250.0,1.0,1.0,0.33588171005249023
895.0,29.0,29.0,1.1138434410095215
182.0,2.0,2.0,0.22021222114562988
150.0,5.0,5.0,0.22098350524902344
75.0,1.0,1.0,0.09428787231445312
49.0,2.0,2.0,0.04978036880493164
86.0,1.0,1.0,0.12380647659301758
672.0,9.0,9.0,0.8781306743621826
131.0,0.0,0.0,0.18848133087158203
902.0,21.0,21.0,1.2025372982025146
510.0,8.0,8.0,0.652010440826416
464.0,17.0,17.0,0.6024816036224365
82.0,0.0,0.0,0.09667015075683594
170.0,5.0,5.0,0.20050716400146484
796.0,15.0,15.0,1.036025047302246
643.0,13.0,13.0,0.8014528751373291
315.0,8.0,8.0,0.4095418453216553
346.0,5.0,5.0,0.45795106887817383
210.0,3.0,3.0,0.31009531021118164
71.0,2.0,2.0,0.07977008819580078
668.0,10.0,10.0,0.8832683563232422
185.0,1.0,1.0,0.23388266563415527
213.0,2.0,2.0,0.2667050361633301
562.0,11.0,11.0,0.7427430152893066
328.0,6.0,6.0,0.38672733306884766
216.0,5.0,5.0,0.28664565086364746
227.0,2.0,2.0,0.28068041801452637
169.0,4.0,4.0,0.22143316268920898
826.0,15.0,15.0,1.191840648651123
484.0,4.0,4.0,0.6478075981140137
122.0,2.0,2.0,0.14027857780456543
910.0,14.0,14.0,1.2340176105499268
134.0,1.0,1.0,0.1650092601776123
377.0,5.0,5.0,0.45164966583251953
582.0,16.0,16.0,0.7740323543548584
329.0,6.0,6.0,0.45247697830200195
171.0,4.0,4.0,0.2243211269378662
307.0,5.0,5.0,0.38639044761657715
802.0,20.0,20.0,1.0146541595458984
856.0,32.0,32.0,1.096339225769043
238.0,3.0,3.0,0.2803525924682617
209.0,1.0,1.0,0.28347110748291016
289.0,7.0,7.0,0.32996630668640137
729.0,13.0,13.0,0.9007296562194824
878.0,17.0,17.0,1.1639444828033447
406.0,16.0,16.0,0.503389835357666
412.0,19.0,19.0,0.54988694190979
337.0,9.0,9.0,0.43955206871032715
51.0,0.0,0.0,0.06293916702270508
437.0,8.0,8.0,0.5515532493591309
239.0,2.0,2.0,0.2944788932800293
316.0,13.0,13.0,0.3933985233306885
113.0,1.0,1.0,0.14266300201416016
74.0,0.0,0.0,0.09414982795715332
173.0,5.0,5.0,0.1888594627380371
78.0,1.0,1.0,0.0943758487701416
648.0,3.0,3.0,0.8161718845367432
737.0,12.0,12.0,0.9450278282165527
960.0,32.0,32.0,1.2306818962097168
107.0,0.0,0.0,0.14072418212890625
277.0,0.0,0.0,0.35693359375
1369.0,25.0,25.0,1.805389404296875
276.0,1.0,1.0,0.3777198791503906
246.0,8.0,8.0,0.34108853340148926
717.0,14.0,14.0,0.9465279579162598
878.0,31.0,31.0,1.1540067195892334
309.0,6.0,6.0,0.4105355739593506
260.0,2.0,2.0,0.3461720943450928
106.0,3.0,3.0,0.1834723949432373
1004.0,15.0,15.0,1.2480583190917969
820.0,20.0,20.0,1.0700984001159668
153.0,9.0,9.0,0.18574213981628418
721.0,12.0,12.0,0.9561655521392822
109.0,2.0,2.0,0.14046669006347656
602.0,20.0,20.0,0.7746009826660156
338.0,9.0,9.0,0.426588773727417
143.0,0.0,0.0,0.20493030548095703
732.0,14.0,14.0,0.9598026275634766
829.0,14.0,14.0,1.0875980854034424
1254.0,23.0,23.0,1.7115869522094727
255.0,10.0,10.0,0.3366415500640869
252.0,5.0,5.0,0.30188775062561035
319.0,6.0,6.0,0.41002607345581055
282.0,8.0,8.0,0.34528589248657227
246.0,3.0,3.0,0.31603145599365234
240.0,5.0,5.0,0.32456088066101074
134.0,3.0,3.0,0.19092655181884766
607.0,24.0,24.0,0.7540559768676758
993.0,27.0,27.0,1.3133752346038818
429.0,11.0,11.0,0.5446319580078125
952.0,24.0,24.0,1.3099966049194336
311.0,6.0,6.0,0.41017818450927734
536.0,19.0,19.0,0.7190694808959961
419.0,6.0,6.0,0.5309159755706787
605.0,8.0,8.0,0.7668254375457764
263.0,7.0,7.0,0.36138391494750977
851.0,14.0,14.0,1.086426019668579
1120.0,19.0,19.0,1.4461965560913086
807.0,21.0,21.0,1.010303020477295
173.0,2.0,2.0,0.20442533493041992
465.0,9.0,9.0,0.6093766689300537
162.0,1.0,1.0,0.2198166847229004
215.0,2.0,2.0,0.26703810691833496
354.0,5.0,5.0,0.4423179626464844
267.0,5.0,5.0,0.3465862274169922
353.0,12.0,12.0,0.4722254276275635
2158.0,44.0,44.0,2.780721426010132
480.0,11.0,11.0,0.6252031326293945
56.0,0.0,0.0,0.06261539459228516
329.0,5.0,5.0,0.42464613914489746
640.0,22.0,22.0,0.7708220481872559
92.0,3.0,3.0,0.10970139503479004
64.0,2.0,2.0,0.12229228019714355
265.0,3.0,3.0,0.3401508331298828
401.0,15.0,15.0,0.5493168830871582
75.0,4.0,4.0,0.09477019309997559
541.0,14.0,14.0,0.7248220443725586
809.0,9.0,9.0,1.068138837814331
39.0,0.0,0.0,0.04744362831115723
480.0,5.0,5.0,0.6148145198822021
148.0,0.0,0.0,0.2034916877746582
435.0,4.0,4.0,0.5690431594848633
546.0,11.0,11.0,0.7201271057128906
50.0,0.0,0.0,0.06250166893005371
933.0,15.0,15.0,1.2549693584442139
483.0,9.0,9.0,0.6396982669830322
219.0,2.0,2.0,0.268237829208374
184.0,1.0,1.0,0.22159981727600098
394.0,10.0,10.0,0.520047664642334
276.0,6.0,6.0,0.3608396053314209
76.0,0.0,0.0,0.09683108329772949
817.0,12.0,12.0,1.0285720825195312
131.0,2.0,2.0,0.15708446502685547
103.0,2.0,2.0,0.14116477966308594
725.0,17.0,17.0,0.9352548122406006
529.0,15.0,15.0,0.7125544548034668
279.0,6.0,6.0,0.3599052429199219
134.0,1.0,1.0,0.18860220909118652
901.0,21.0,21.0,1.1345858573913574
185.0,6.0,6.0,0.2747681140899658
108.0,0.0,0.0,0.1150214672088623
647.0,17.0,17.0,0.8037559986114502
287.0,1.0,1.0,0.365511417388916
