Timesteps,Collisions,Steps Waited,Real-Time Elapsed
22.0,8.0,8.0,0.023543596267700195
95.0,33.0,33.0,0.08599233627319336
29.0,10.0,10.0,0.02354264259338379
25.0,11.0,11.0,0.02414226531982422
27.0,13.0,13.0,0.022750377655029297
121.0,30.0,30.0,0.10352420806884766
128.0,33.0,33.0,0.12830758094787598
90.0,18.0,18.0,0.07478761672973633
97.0,24.0,24.0,0.08123564720153809
24.0,9.0,9.0,0.02305746078491211
22.0,10.0,10.0,0.0192868709564209
56.0,26.0,26.0,0.053366899490356445
30.0,11.0,11.0,0.027553558349609375
77.0,17.0,17.0,0.07358336448669434
73.0,15.0,15.0,0.07828760147094727
27.0,6.0,6.0,0.044625043869018555
45.0,12.0,12.0,0.04856228828430176
35.0,13.0,13.0,0.03402853012084961
210.0,60.0,60.0,0.20120716094970703
102.0,29.0,29.0,0.09245562553405762
25.0,8.0,8.0,0.02279353141784668
56.0,14.0,14.0,0.05035281181335449
37.0,13.0,13.0,0.03561568260192871
54.0,20.0,20.0,0.05038952827453613
25.0,13.0,13.0,0.024847030639648438
89.0,14.0,14.0,0.09519505500793457
27.0,10.0,10.0,0.022739171981811523
36.0,13.0,13.0,0.033123016357421875
35.0,16.0,16.0,0.02647995948791504
38.0,13.0,13.0,0.037851810455322266
28.0,14.0,14.0,0.02257084846496582
107.0,41.0,41.0,0.08828115463256836
103.0,36.0,36.0,0.08485627174377441
23.0,11.0,11.0,0.02057957649230957
30.0,14.0,14.0,0.03112649917602539
31.0,3.0,3.0,0.02885913848876953
28.0,10.0,10.0,0.02506256103515625
50.0,22.0,22.0,0.04401564598083496
129.0,37.0,37.0,0.11367630958557129
90.0,33.0,33.0,0.07350015640258789
87.0,19.0,19.0,0.08050823211669922
43.0,15.0,15.0,0.03818225860595703
208.0,60.0,60.0,0.1755058765411377
96.0,31.0,31.0,0.07535409927368164
90.0,20.0,20.0,0.08238577842712402
56.0,19.0,19.0,0.059082984924316406
55.0,19.0,19.0,0.04709506034851074
18.0,4.0,4.0,0.016788005828857422
48.0,21.0,21.0,0.04065871238708496
34.0,12.0,12.0,0.02974724769592285
30.0,8.0,8.0,0.02811455726623535
100.0,29.0,29.0,0.08265018463134766
68.0,18.0,18.0,0.05345511436462402
83.0,27.0,27.0,0.06647539138793945
27.0,9.0,9.0,0.023288726806640625
48.0,24.0,24.0,0.043315887451171875
48.0,11.0,11.0,0.05450129508972168
24.0,12.0,12.0,0.02435159683227539
84.0,28.0,28.0,0.08010697364807129
54.0,23.0,23.0,0.04803800582885742
60.0,27.0,27.0,0.05053424835205078
40.0,17.0,17.0,0.027646303176879883
173.0,58.0,58.0,0.1366441249847412
75.0,37.0,37.0,0.06509041786193848
31.0,14.0,14.0,0.02603888511657715
33.0,20.0,20.0,0.02667403221130371
134.0,60.0,60.0,0.12129378318786621
39.0,28.0,28.0,0.036177635192871094
72.0,29.0,29.0,0.06309318542480469
17.0,4.0,4.0,0.013651847839355469
67.0,20.0,20.0,0.05581212043762207
28.0,16.0,16.0,0.02001166343688965
40.0,12.0,12.0,0.0408785343170166
140.0,31.0,31.0,0.11716651916503906
24.0,12.0,12.0,0.019504785537719727
61.0,33.0,33.0,0.05687141418457031
56.0,5.0,5.0,0.05324530601501465
34.0,3.0,3.0,0.029973268508911133
26.0,5.0,5.0,0.02046942710876465
26.0,9.0,9.0,0.02332019805908203
37.0,15.0,15.0,0.03515267372131348
64.0,28.0,28.0,0.06204581260681152
70.0,12.0,12.0,0.055143117904663086
47.0,23.0,23.0,0.04784226417541504
251.0,66.0,66.0,0.23612642288208008
27.0,16.0,16.0,0.022091388702392578
43.0,23.0,23.0,0.03338766098022461
30.0,14.0,14.0,0.02398824691772461
37.0,13.0,13.0,0.031050443649291992
25.0,8.0,8.0,0.02370738983154297
140.0,39.0,39.0,0.14066600799560547
86.0,21.0,21.0,0.07378101348876953
53.0,19.0,19.0,0.04708671569824219
40.0,18.0,18.0,0.0345454216003418
159.0,38.0,38.0,0.16892552375793457
24.0,12.0,12.0,0.020543813705444336
50.0,24.0,24.0,0.04690146446228027
15.0,4.0,4.0,0.016697168350219727
163.0,30.0,30.0,0.15384554862976074
27.0,16.0,16.0,0.024110794067382812
46.0,21.0,21.0,0.04116988182067871
34.0,17.0,17.0,0.04575395584106445
27.0,16.0,16.0,0.028366804122924805
48.0,16.0,16.0,0.04723548889160156
100.0,27.0,27.0,0.1067197322845459
23.0,9.0,9.0,0.022822856903076172
52.0,18.0,18.0,0.04819130897521973
24.0,8.0,8.0,0.02047896385192871
69.0,20.0,20.0,0.06686615943908691
77.0,16.0,16.0,0.07150697708129883
136.0,43.0,43.0,0.11907100677490234
43.0,29.0,29.0,0.031470298767089844
37.0,16.0,16.0,0.02812337875366211
29.0,11.0,11.0,0.025602102279663086
36.0,19.0,19.0,0.03022003173828125
91.0,35.0,35.0,0.0818169116973877
27.0,8.0,8.0,0.026573657989501953
19.0,8.0,8.0,0.014075517654418945
236.0,69.0,69.0,0.20151948928833008
64.0,37.0,37.0,0.048513174057006836
41.0,15.0,15.0,0.03210091590881348
74.0,21.0,21.0,0.06134366989135742
24.0,12.0,12.0,0.01779341697692871
95.0,22.0,22.0,0.06923532485961914
30.0,19.0,19.0,0.027236461639404297
20.0,8.0,8.0,0.019162893295288086
50.0,33.0,33.0,0.04182291030883789
67.0,28.0,28.0,0.06804656982421875
39.0,14.0,14.0,0.03671693801879883
77.0,30.0,30.0,0.06905150413513184
63.0,19.0,19.0,0.05951070785522461
83.0,27.0,27.0,0.07831764221191406
47.0,10.0,10.0,0.04371762275695801
25.0,8.0,8.0,0.021610736846923828
281.0,66.0,66.0,0.25362539291381836
58.0,22.0,22.0,0.04465484619140625
30.0,13.0,13.0,0.025202274322509766
104.0,24.0,24.0,0.0852806568145752
56.0,19.0,19.0,0.04936099052429199
34.0,8.0,8.0,0.02740645408630371
38.0,20.0,20.0,0.03129911422729492
30.0,13.0,13.0,0.025324344635009766
37.0,17.0,17.0,0.02925729751586914
23.0,10.0,10.0,0.01866316795349121
31.0,9.0,9.0,0.023520469665527344
75.0,61.0,61.0,0.06444907188415527
115.0,48.0,48.0,0.0985867977142334
45.0,14.0,14.0,0.03484082221984863
32.0,13.0,13.0,0.030118942260742188
58.0,12.0,12.0,0.049727439880371094
87.0,34.0,34.0,0.07176661491394043
16.0,5.0,5.0,0.013176918029785156
61.0,30.0,30.0,0.05323624610900879
131.0,39.0,39.0,0.12400317192077637
63.0,30.0,30.0,0.053229570388793945
29.0,17.0,17.0,0.027038097381591797
33.0,18.0,18.0,0.03373265266418457
36.0,15.0,15.0,0.030591964721679688
98.0,19.0,19.0,0.07895350456237793
48.0,15.0,15.0,0.03667855262756348
64.0,14.0,14.0,0.050019264221191406
71.0,32.0,32.0,0.050888776779174805
24.0,9.0,9.0,0.01873040199279785
56.0,26.0,26.0,0.03800487518310547
19.0,5.0,5.0,0.018859148025512695
48.0,18.0,18.0,0.039827585220336914
105.0,28.0,28.0,0.08910393714904785
92.0,33.0,33.0,0.07688307762145996
93.0,31.0,31.0,0.07396197319030762
33.0,16.0,16.0,0.0377347469329834
33.0,13.0,13.0,0.0273897647857666
23.0,11.0,11.0,0.017461776733398438
77.0,18.0,18.0,0.0790262222290039
66.0,17.0,17.0,0.05167126655578613
38.0,16.0,16.0,0.03106069564819336
99.0,31.0,31.0,0.10397481918334961
33.0,10.0,10.0,0.03934121131896973
20.0,9.0,9.0,0.018175601959228516
92.0,36.0,36.0,0.08552217483520508
28.0,14.0,14.0,0.02086806297302246
29.0,14.0,14.0,0.025658845901489258
30.0,12.0,12.0,0.024452924728393555
47.0,13.0,13.0,0.043282270431518555
32.0,11.0,11.0,0.02477407455444336
94.0,24.0,24.0,0.07857036590576172
159.0,49.0,49.0,0.1445772647857666
25.0,13.0,13.0,0.017846107482910156
27.0,13.0,13.0,0.01942157745361328
73.0,21.0,21.0,0.060263872146606445
103.0,30.0,30.0,0.10229945182800293
85.0,24.0,24.0,0.08591055870056152
37.0,14.0,14.0,0.03215217590332031
17.0,7.0,7.0,0.019185304641723633
94.0,52.0,52.0,0.08864307403564453
74.0,24.0,24.0,0.07745862007141113
23.0,2.0,2.0,0.024065494537353516
55.0,19.0,19.0,0.049527883529663086
19.0,4.0,4.0,0.014708518981933594
17.0,5.0,5.0,0.018024444580078125
32.0,5.0,5.0,0.024097204208374023
104.0,27.0,27.0,0.0984029769897461
129.0,45.0,45.0,0.13747000694274902
70.0,24.0,24.0,0.06562995910644531
80.0,39.0,39.0,0.06463027000427246
28.0,7.0,7.0,0.017676115036010742
52.0,18.0,18.0,0.056479454040527344
47.0,17.0,17.0,0.044423580169677734
29.0,14.0,14.0,0.030758380889892578
91.0,28.0,28.0,0.0885765552520752
25.0,11.0,11.0,0.03083658218383789
84.0,21.0,21.0,0.07629895210266113
40.0,19.0,19.0,0.03271174430847168
19.0,7.0,7.0,0.018240928649902344
56.0,25.0,25.0,0.048230648040771484
23.0,10.0,10.0,0.022422313690185547
66.0,17.0,17.0,0.06901717185974121
17.0,4.0,4.0,0.01983475685119629
53.0,27.0,27.0,0.06100177764892578
88.0,39.0,39.0,0.09128737449645996
66.0,22.0,22.0,0.07499146461486816
84.0,22.0,22.0,0.06635570526123047
48.0,8.0,8.0,0.03969597816467285
76.0,27.0,27.0,0.07765340805053711
57.0,25.0,25.0,0.0572504997253418
36.0,9.0,9.0,0.035617828369140625
59.0,25.0,25.0,0.060506582260131836
45.0,18.0,18.0,0.04187893867492676
158.0,35.0,35.0,0.14995741844177246
69.0,14.0,14.0,0.06825590133666992
49.0,21.0,21.0,0.04736328125
31.0,17.0,17.0,0.03178977966308594
32.0,17.0,17.0,0.03190803527832031
32.0,6.0,6.0,0.03242182731628418
29.0,4.0,4.0,0.033113718032836914
32.0,15.0,15.0,0.028751373291015625
185.0,63.0,63.0,0.1762993335723877
25.0,9.0,9.0,0.026231050491333008
60.0,16.0,16.0,0.05113840103149414
24.0,7.0,7.0,0.02756786346435547
37.0,10.0,10.0,0.031931400299072266
18.0,4.0,4.0,0.01878070831298828
46.0,20.0,20.0,0.04438328742980957
22.0,9.0,9.0,0.01824021339416504
57.0,25.0,25.0,0.056992292404174805
140.0,62.0,62.0,0.1426241397857666
36.0,14.0,14.0,0.034197330474853516
47.0,17.0,17.0,0.03892707824707031
13.0,1.0,1.0,0.01549983024597168
22.0,9.0,9.0,0.019538402557373047
103.0,19.0,19.0,0.09149432182312012
58.0,10.0,10.0,0.05286121368408203
94.0,19.0,19.0,0.0786445140838623
36.0,25.0,25.0,0.035109519958496094
92.0,27.0,27.0,0.07808828353881836
72.0,30.0,30.0,0.06956911087036133
98.0,32.0,32.0,0.10399580001831055
62.0,17.0,17.0,0.050731658935546875
23.0,12.0,12.0,0.023931026458740234
15.0,4.0,4.0,0.013359785079956055
70.0,49.0,49.0,0.06830716133117676
53.0,26.0,26.0,0.045816898345947266
22.0,9.0,9.0,0.020041704177856445
27.0,12.0,12.0,0.021784067153930664
68.0,24.0,24.0,0.06099891662597656
39.0,11.0,11.0,0.030468225479125977
55.0,14.0,14.0,0.044824838638305664
71.0,26.0,26.0,0.06291437149047852
23.0,11.0,11.0,0.02112603187561035
69.0,22.0,22.0,0.06742215156555176
66.0,27.0,27.0,0.06981539726257324
19.0,8.0,8.0,0.016338825225830078
84.0,29.0,29.0,0.0767977237701416
21.0,8.0,8.0,0.022025585174560547
74.0,27.0,27.0,0.07054734230041504
145.0,43.0,43.0,0.13465046882629395
54.0,14.0,14.0,0.03940892219543457
49.0,22.0,22.0,0.04262852668762207
26.0,11.0,11.0,0.020554304122924805
52.0,26.0,26.0,0.039972543716430664
32.0,9.0,9.0,0.03110218048095703
59.0,14.0,14.0,0.05729818344116211
59.0,12.0,12.0,0.05087733268737793
18.0,8.0,8.0,0.013612747192382812
53.0,14.0,14.0,0.04859614372253418
120.0,30.0,30.0,0.10789680480957031
43.0,18.0,18.0,0.047518014907836914
16.0,3.0,3.0,0.014299392700195312
94.0,41.0,41.0,0.10375285148620605
89.0,42.0,42.0,0.07823610305786133
24.0,4.0,4.0,0.02391362190246582
49.0,18.0,18.0,0.04963397979736328
65.0,17.0,17.0,0.05913090705871582
52.0,15.0,15.0,0.05043363571166992
45.0,24.0,24.0,0.0373072624206543
23.0,12.0,12.0,0.01833343505859375
43.0,10.0,10.0,0.037999629974365234
53.0,16.0,16.0,0.03944826126098633
21.0,6.0,6.0,0.027115583419799805
73.0,27.0,27.0,0.08189845085144043
92.0,29.0,29.0,0.10213804244995117
38.0,16.0,16.0,0.03406810760498047
21.0,8.0,8.0,0.019556522369384766
51.0,10.0,10.0,0.04724311828613281
23.0,12.0,12.0,0.01613163948059082
28.0,13.0,13.0,0.025831937789916992
166.0,59.0,59.0,0.13601899147033691
128.0,25.0,25.0,0.10797953605651855
42.0,17.0,17.0,0.033118486404418945
29.0,10.0,10.0,0.02306652069091797
66.0,22.0,22.0,0.05682539939880371
25.0,9.0,9.0,0.01923060417175293
29.0,17.0,17.0,0.026252031326293945
47.0,16.0,16.0,0.04250502586364746
54.0,28.0,28.0,0.04189729690551758
42.0,23.0,23.0,0.03085041046142578
48.0,17.0,17.0,0.037909746170043945
93.0,29.0,29.0,0.08568620681762695
79.0,19.0,19.0,0.06566953659057617
34.0,17.0,17.0,0.02670574188232422
39.0,17.0,17.0,0.03342080116271973
28.0,3.0,3.0,0.026947498321533203
84.0,34.0,34.0,0.0848398208618164
62.0,19.0,19.0,0.06202340126037598
48.0,20.0,20.0,0.03620505332946777
37.0,12.0,12.0,0.02945256233215332
83.0,26.0,26.0,0.06308937072753906
26.0,8.0,8.0,0.022270679473876953
34.0,8.0,8.0,0.03205275535583496
69.0,13.0,13.0,0.06281208992004395
64.0,22.0,22.0,0.05199790000915527
83.0,28.0,28.0,0.07351541519165039
61.0,22.0,22.0,0.05391240119934082
30.0,8.0,8.0,0.028180837631225586
19.0,5.0,5.0,0.014070749282836914
32.0,14.0,14.0,0.02915024757385254
47.0,17.0,17.0,0.04009246826171875
43.0,15.0,15.0,0.03265523910522461
43.0,16.0,16.0,0.04812908172607422
38.0,6.0,6.0,0.03855109214782715
32.0,5.0,5.0,0.03440451622009277
33.0,12.0,12.0,0.03523516654968262
26.0,14.0,14.0,0.025082111358642578
47.0,18.0,18.0,0.04024910926818848
51.0,9.0,9.0,0.04573988914489746
28.0,11.0,11.0,0.028307199478149414
53.0,25.0,25.0,0.05132770538330078
98.0,52.0,52.0,0.10476398468017578
62.0,31.0,31.0,0.06800341606140137
36.0,10.0,10.0,0.03275012969970703
55.0,33.0,33.0,0.046027183532714844
19.0,7.0,7.0,0.015464067459106445
54.0,25.0,25.0,0.04008173942565918
19.0,6.0,6.0,0.013098716735839844
39.0,22.0,22.0,0.02822256088256836
44.0,10.0,10.0,0.035115718841552734
115.0,39.0,39.0,0.0881035327911377
24.0,11.0,11.0,0.022467851638793945
80.0,20.0,20.0,0.06542420387268066
32.0,7.0,7.0,0.02714681625366211
15.0,3.0,3.0,0.013059139251708984
44.0,19.0,19.0,0.0385134220123291
107.0,26.0,26.0,0.09502816200256348
20.0,8.0,8.0,0.01834845542907715
57.0,22.0,22.0,0.04923701286315918
53.0,13.0,13.0,0.04835081100463867
45.0,11.0,11.0,0.04371070861816406
53.0,18.0,18.0,0.04122471809387207
79.0,43.0,43.0,0.06767773628234863
76.0,23.0,23.0,0.06932687759399414
51.0,19.0,19.0,0.051657676696777344
68.0,18.0,18.0,0.05603766441345215
77.0,20.0,20.0,0.05790543556213379
28.0,12.0,12.0,0.024494171142578125
49.0,16.0,16.0,0.038919925689697266
53.0,21.0,21.0,0.04433393478393555
70.0,17.0,17.0,0.06569790840148926
22.0,12.0,12.0,0.02098989486694336
61.0,16.0,16.0,0.0604093074798584
85.0,32.0,32.0,0.08188986778259277
83.0,22.0,22.0,0.06712675094604492
30.0,13.0,13.0,0.027161359786987305
36.0,11.0,11.0,0.03855729103088379
54.0,20.0,20.0,0.05200982093811035
34.0,18.0,18.0,0.03675079345703125
35.0,16.0,16.0,0.03766036033630371
34.0,16.0,16.0,0.03129386901855469
36.0,15.0,15.0,0.037779808044433594
31.0,7.0,7.0,0.026702165603637695
102.0,36.0,36.0,0.09433460235595703
84.0,28.0,28.0,0.06917071342468262
36.0,11.0,11.0,0.04047989845275879
19.0,7.0,7.0,0.02390289306640625
51.0,28.0,28.0,0.05393099784851074
18.0,7.0,7.0,0.016286373138427734
41.0,29.0,29.0,0.04271411895751953
115.0,32.0,32.0,0.1066441535949707
43.0,14.0,14.0,0.03892850875854492
102.0,32.0,32.0,0.0885624885559082
126.0,65.0,65.0,0.11981511116027832
220.0,68.0,68.0,0.18536806106567383
73.0,23.0,23.0,0.054697275161743164
74.0,32.0,32.0,0.05711245536804199
74.0,17.0,17.0,0.06797289848327637
31.0,10.0,10.0,0.02547311782836914
23.0,12.0,12.0,0.01637411117553711
17.0,5.0,5.0,0.014208078384399414
149.0,57.0,57.0,0.1330101490020752
116.0,43.0,43.0,0.09948253631591797
62.0,21.0,21.0,0.04712390899658203
20.0,8.0,8.0,0.014546871185302734
196.0,63.0,63.0,0.16531014442443848
24.0,11.0,11.0,0.020218849182128906
35.0,16.0,16.0,0.027518272399902344
57.0,22.0,22.0,0.06268310546875
103.0,52.0,52.0,0.09175300598144531
42.0,17.0,17.0,0.03739142417907715
26.0,10.0,10.0,0.019974946975708008
53.0,16.0,16.0,0.04488706588745117
23.0,12.0,12.0,0.01813340187072754
72.0,29.0,29.0,0.06635117530822754
20.0,8.0,8.0,0.021680116653442383
38.0,25.0,25.0,0.029886245727539062
42.0,11.0,11.0,0.03545951843261719
19.0,8.0,8.0,0.01847553253173828
77.0,25.0,25.0,0.06208205223083496
48.0,12.0,12.0,0.04416537284851074
60.0,27.0,27.0,0.05007576942443848
58.0,18.0,18.0,0.05629849433898926
52.0,26.0,26.0,0.0374605655670166
32.0,17.0,17.0,0.03460073471069336
62.0,18.0,18.0,0.07288932800292969
99.0,25.0,25.0,0.10616707801818848
25.0,14.0,14.0,0.030364274978637695
48.0,19.0,19.0,0.0617525577545166
95.0,30.0,30.0,0.07932186126708984
29.0,7.0,7.0,0.027093172073364258
47.0,19.0,19.0,0.05480480194091797
68.0,20.0,20.0,0.05889558792114258
28.0,9.0,9.0,0.030585765838623047
117.0,32.0,32.0,0.11256957054138184
65.0,31.0,31.0,0.06620097160339355
30.0,11.0,11.0,0.025806427001953125
79.0,25.0,25.0,0.08308124542236328
70.0,28.0,28.0,0.062478065490722656
60.0,26.0,26.0,0.06710410118103027
71.0,25.0,25.0,0.0819997787475586
53.0,19.0,19.0,0.05883049964904785
84.0,33.0,33.0,0.08339428901672363
27.0,14.0,14.0,0.030855655670166016
85.0,31.0,31.0,0.08235645294189453
18.0,7.0,7.0,0.017530202865600586
52.0,38.0,38.0,0.04289674758911133
177.0,51.0,51.0,0.1633155345916748
37.0,20.0,20.0,0.03082108497619629
21.0,8.0,8.0,0.016733884811401367
44.0,13.0,13.0,0.04292416572570801
68.0,30.0,30.0,0.06352996826171875
52.0,24.0,24.0,0.04950833320617676
91.0,33.0,33.0,0.07610344886779785
48.0,12.0,12.0,0.04084944725036621
38.0,18.0,18.0,0.030393362045288086
52.0,20.0,20.0,0.05134224891662598
52.0,9.0,9.0,0.047217369079589844
59.0,12.0,12.0,0.049790143966674805
43.0,32.0,32.0,0.03893876075744629
69.0,14.0,14.0,0.05780506134033203
104.0,28.0,28.0,0.1226956844329834
102.0,39.0,39.0,0.1038203239440918
83.0,25.0,25.0,0.0718526840209961
114.0,48.0,48.0,0.0981454849243164
31.0,8.0,8.0,0.02159595489501953
86.0,23.0,23.0,0.0732886791229248
61.0,16.0,16.0,0.05251121520996094
53.0,18.0,18.0,0.048834800720214844
38.0,14.0,14.0,0.06284713745117188
79.0,33.0,33.0,0.07927918434143066
166.0,50.0,50.0,0.14052176475524902
88.0,24.0,24.0,0.08608603477478027
17.0,4.0,4.0,0.017790555953979492
39.0,13.0,13.0,0.03984427452087402
75.0,28.0,28.0,0.07956767082214355
238.0,62.0,62.0,0.22093629837036133
59.0,16.0,16.0,0.05794572830200195
73.0,33.0,33.0,0.0742800235748291
64.0,32.0,32.0,0.063720703125
29.0,12.0,12.0,0.0326237678527832
64.0,21.0,21.0,0.05372476577758789
36.0,17.0,17.0,0.03521132469177246
128.0,33.0,33.0,0.1150054931640625
43.0,9.0,9.0,0.044409751892089844
116.0,49.0,49.0,0.09985542297363281
45.0,21.0,21.0,0.04162764549255371
44.0,15.0,15.0,0.04164600372314453
74.0,30.0,30.0,0.06556391716003418
76.0,21.0,21.0,0.06827831268310547
276.0,73.0,73.0,0.28694987297058105
22.0,7.0,7.0,0.01819157600402832
34.0,14.0,14.0,0.030217409133911133
26.0,8.0,8.0,0.02344369888305664
35.0,20.0,20.0,0.030201435089111328
158.0,43.0,43.0,0.16788268089294434
169.0,63.0,63.0,0.15786480903625488
35.0,13.0,13.0,0.03215837478637695
47.0,13.0,13.0,0.051215410232543945
59.0,20.0,20.0,0.05602693557739258
51.0,11.0,11.0,0.05418825149536133
36.0,17.0,17.0,0.03495454788208008
34.0,22.0,22.0,0.031794071197509766
175.0,58.0,58.0,0.16073822975158691
34.0,19.0,19.0,0.04732108116149902
31.0,12.0,12.0,0.03437995910644531
26.0,8.0,8.0,0.02642965316772461
26.0,10.0,10.0,0.023617982864379883
27.0,14.0,14.0,0.023306846618652344
76.0,23.0,23.0,0.07710027694702148
37.0,20.0,20.0,0.036786556243896484
25.0,13.0,13.0,0.02342963218688965
17.0,6.0,6.0,0.019689559936523438
27.0,9.0,9.0,0.027093887329101562
24.0,8.0,8.0,0.024463415145874023
35.0,22.0,22.0,0.049490928649902344
50.0,10.0,10.0,0.05248880386352539
69.0,18.0,18.0,0.07537603378295898
32.0,12.0,12.0,0.02599620819091797
56.0,8.0,8.0,0.06249666213989258
105.0,15.0,15.0,0.11945748329162598
55.0,27.0,27.0,0.05590534210205078
43.0,18.0,18.0,0.04258847236633301
35.0,9.0,9.0,0.03652644157409668
41.0,25.0,25.0,0.03959155082702637
31.0,10.0,10.0,0.0348970890045166
23.0,5.0,5.0,0.019175052642822266
83.0,21.0,21.0,0.07697272300720215
64.0,34.0,34.0,0.06871533393859863
71.0,26.0,26.0,0.08275699615478516
50.0,20.0,20.0,0.048429250717163086
69.0,28.0,28.0,0.07181692123413086
53.0,24.0,24.0,0.056311845779418945
22.0,10.0,10.0,0.020049333572387695
20.0,9.0,9.0,0.015827417373657227
71.0,23.0,23.0,0.0642094612121582
105.0,32.0,32.0,0.10017800331115723
110.0,30.0,30.0,0.11420607566833496
51.0,6.0,6.0,0.056359291076660156
57.0,19.0,19.0,0.055536508560180664
14.0,3.0,3.0,0.009732246398925781
176.0,33.0,33.0,0.1490650177001953
125.0,48.0,48.0,0.10890865325927734
61.0,27.0,27.0,0.04901599884033203
45.0,27.0,27.0,0.03858590126037598
31.0,9.0,9.0,0.023151397705078125
77.0,20.0,20.0,0.06137228012084961
23.0,12.0,12.0,0.020237207412719727
22.0,7.0,7.0,0.019964933395385742
67.0,23.0,23.0,0.0660099983215332
118.0,31.0,31.0,0.10095596313476562
172.0,46.0,46.0,0.16029620170593262
49.0,19.0,19.0,0.054662227630615234
53.0,21.0,21.0,0.05132174491882324
22.0,10.0,10.0,0.020020484924316406
30.0,16.0,16.0,0.0269625186920166
54.0,26.0,26.0,0.04555344581604004
55.0,22.0,22.0,0.055563926696777344
21.0,9.0,9.0,0.018776416778564453
139.0,33.0,33.0,0.11189031600952148
45.0,14.0,14.0,0.0475461483001709
82.0,41.0,41.0,0.07244610786437988
68.0,17.0,17.0,0.05647397041320801
39.0,12.0,12.0,0.03729963302612305
61.0,13.0,13.0,0.04608440399169922
100.0,30.0,30.0,0.11008906364440918
45.0,21.0,21.0,0.043776512145996094
72.0,22.0,22.0,0.07618117332458496
29.0,11.0,11.0,0.030182361602783203
23.0,11.0,11.0,0.018407821655273438
21.0,8.0,8.0,0.01471853256225586
45.0,19.0,19.0,0.03442978858947754
67.0,27.0,27.0,0.05572700500488281
77.0,31.0,31.0,0.05939292907714844
37.0,9.0,9.0,0.029550790786743164
39.0,12.0,12.0,0.02939915657043457
20.0,9.0,9.0,0.0169217586517334
67.0,16.0,16.0,0.05682563781738281
29.0,13.0,13.0,0.0216219425201416
25.0,12.0,12.0,0.022820711135864258
29.0,8.0,8.0,0.024182796478271484
61.0,15.0,15.0,0.05613207817077637
21.0,9.0,9.0,0.016304969787597656
30.0,7.0,7.0,0.029900789260864258
24.0,8.0,8.0,0.02091050148010254
19.0,6.0,6.0,0.01792144775390625
74.0,25.0,25.0,0.0559999942779541
42.0,23.0,23.0,0.03068375587463379
61.0,17.0,17.0,0.047301530838012695
35.0,10.0,10.0,0.026269912719726562
49.0,19.0,19.0,0.04031062126159668
51.0,17.0,17.0,0.04625844955444336
34.0,14.0,14.0,0.03155660629272461
38.0,14.0,14.0,0.03154802322387695
65.0,24.0,24.0,0.05498695373535156
22.0,11.0,11.0,0.01950860023498535
71.0,19.0,19.0,0.05682969093322754
82.0,27.0,27.0,0.07536125183105469
52.0,12.0,12.0,0.04375720024108887
37.0,12.0,12.0,0.035605430603027344
39.0,21.0,21.0,0.04140162467956543
31.0,18.0,18.0,0.029242277145385742
186.0,57.0,57.0,0.16241979598999023
81.0,16.0,16.0,0.06713581085205078
46.0,10.0,10.0,0.04384803771972656
32.0,18.0,18.0,0.02544260025024414
40.0,12.0,12.0,0.03780698776245117
66.0,12.0,12.0,0.04932999610900879
18.0,4.0,4.0,0.01582789421081543
201.0,47.0,47.0,0.1866142749786377
33.0,14.0,14.0,0.0261080265045166
32.0,14.0,14.0,0.02773737907409668
66.0,21.0,21.0,0.06113576889038086
57.0,31.0,31.0,0.058928489685058594
19.0,8.0,8.0,0.020972013473510742
144.0,42.0,42.0,0.1340184211730957
15.0,3.0,3.0,0.015184879302978516
35.0,12.0,12.0,0.02484416961669922
39.0,16.0,16.0,0.03442859649658203
41.0,21.0,21.0,0.03408098220825195
104.0,47.0,47.0,0.08431315422058105
137.0,38.0,38.0,0.12018084526062012
69.0,21.0,21.0,0.07044148445129395
44.0,16.0,16.0,0.03863525390625
28.0,10.0,10.0,0.023357391357421875
39.0,11.0,11.0,0.03209352493286133
63.0,32.0,32.0,0.0599057674407959
20.0,8.0,8.0,0.024791717529296875
23.0,7.0,7.0,0.02190995216369629
54.0,14.0,14.0,0.048592567443847656
50.0,15.0,15.0,0.0485837459564209
20.0,8.0,8.0,0.015147209167480469
46.0,13.0,13.0,0.0354006290435791
102.0,29.0,29.0,0.08318877220153809
29.0,13.0,13.0,0.024303913116455078
128.0,37.0,37.0,0.10877394676208496
51.0,20.0,20.0,0.04465913772583008
51.0,22.0,22.0,0.05042695999145508
45.0,14.0,14.0,0.04618430137634277
93.0,29.0,29.0,0.08155274391174316
31.0,4.0,4.0,0.028319835662841797
77.0,15.0,15.0,0.07089662551879883
68.0,22.0,22.0,0.06192421913146973
44.0,16.0,16.0,0.04344892501831055
61.0,29.0,29.0,0.055008888244628906
44.0,25.0,25.0,0.042237281799316406
39.0,14.0,14.0,0.04338359832763672
39.0,13.0,13.0,0.03314828872680664
28.0,6.0,6.0,0.025092124938964844
49.0,15.0,15.0,0.04579567909240723
30.0,11.0,11.0,0.026884078979492188
23.0,12.0,12.0,0.02511286735534668
91.0,30.0,30.0,0.07864880561828613
22.0,8.0,8.0,0.019383907318115234
39.0,19.0,19.0,0.03376460075378418
56.0,24.0,24.0,0.04376935958862305
25.0,12.0,12.0,0.020613908767700195
62.0,24.0,24.0,0.06981396675109863
69.0,25.0,25.0,0.06759524345397949
25.0,13.0,13.0,0.02090597152709961
24.0,12.0,12.0,0.023273468017578125
23.0,5.0,5.0,0.020696401596069336
45.0,12.0,12.0,0.03962516784667969
66.0,24.0,24.0,0.05299186706542969
71.0,19.0,19.0,0.05791473388671875
53.0,13.0,13.0,0.051386117935180664
52.0,10.0,10.0,0.037863731384277344
31.0,19.0,19.0,0.031566619873046875
101.0,32.0,32.0,0.09590721130371094
47.0,15.0,15.0,0.04580211639404297
43.0,14.0,14.0,0.03612256050109863
88.0,31.0,31.0,0.0808858871459961
35.0,21.0,21.0,0.03686046600341797
37.0,17.0,17.0,0.037749528884887695
39.0,22.0,22.0,0.037429094314575195
43.0,23.0,23.0,0.0384068489074707
23.0,11.0,11.0,0.022623300552368164
22.0,8.0,8.0,0.02193760871887207
18.0,6.0,6.0,0.012553691864013672
39.0,10.0,10.0,0.026910781860351562
182.0,55.0,55.0,0.15620779991149902
35.0,8.0,8.0,0.03235745429992676
23.0,10.0,10.0,0.022354602813720703
55.0,20.0,20.0,0.05173516273498535
62.0,18.0,18.0,0.05864906311035156
24.0,8.0,8.0,0.021611690521240234
37.0,13.0,13.0,0.03109121322631836
23.0,11.0,11.0,0.017048358917236328
150.0,43.0,43.0,0.12485098838806152
19.0,8.0,8.0,0.01791214942932129
77.0,29.0,29.0,0.07055282592773438
71.0,16.0,16.0,0.060071706771850586
55.0,21.0,21.0,0.04501962661743164
76.0,24.0,24.0,0.05671501159667969
75.0,21.0,21.0,0.06012225151062012
28.0,17.0,17.0,0.020859479904174805
46.0,12.0,12.0,0.03410649299621582
20.0,8.0,8.0,0.019055843353271484
68.0,17.0,17.0,0.0545802116394043
46.0,23.0,23.0,0.039736032485961914
35.0,14.0,14.0,0.02884840965270996
44.0,15.0,15.0,0.03282308578491211
28.0,9.0,9.0,0.02683115005493164
99.0,50.0,50.0,0.09191536903381348
30.0,16.0,16.0,0.03282880783081055
16.0,4.0,4.0,0.015978336334228516
28.0,11.0,11.0,0.028978347778320312
45.0,18.0,18.0,0.043863534927368164
35.0,13.0,13.0,0.02779841423034668
90.0,30.0,30.0,0.08793926239013672
62.0,24.0,24.0,0.05584001541137695
115.0,39.0,39.0,0.0888364315032959
21.0,10.0,10.0,0.021863937377929688
50.0,10.0,10.0,0.04533028602600098
75.0,45.0,45.0,0.06371903419494629
104.0,33.0,33.0,0.0828850269317627
29.0,9.0,9.0,0.024878978729248047
28.0,6.0,6.0,0.023418664932250977
20.0,7.0,7.0,0.016964197158813477
32.0,18.0,18.0,0.03411555290222168
58.0,15.0,15.0,0.05397200584411621
49.0,17.0,17.0,0.043767690658569336
40.0,13.0,13.0,0.03946971893310547
76.0,16.0,16.0,0.07601428031921387
129.0,43.0,43.0,0.12301135063171387
17.0,5.0,5.0,0.010815620422363281
77.0,25.0,25.0,0.07868814468383789
58.0,23.0,23.0,0.051682233810424805
36.0,23.0,23.0,0.035282135009765625
165.0,49.0,49.0,0.15011286735534668
76.0,41.0,41.0,0.06547164916992188
71.0,24.0,24.0,0.05838656425476074
69.0,22.0,22.0,0.06081032752990723
38.0,18.0,18.0,0.02607250213623047
48.0,14.0,14.0,0.03708696365356445
87.0,18.0,18.0,0.061316490173339844
87.0,24.0,24.0,0.07172322273254395
115.0,34.0,34.0,0.09250712394714355
76.0,21.0,21.0,0.055622100830078125
56.0,18.0,18.0,0.041585445404052734
39.0,14.0,14.0,0.03104257583618164
20.0,9.0,9.0,0.014411449432373047
48.0,21.0,21.0,0.03961920738220215
50.0,18.0,18.0,0.04164266586303711
68.0,11.0,11.0,0.05918765068054199
68.0,27.0,27.0,0.07252097129821777
23.0,9.0,9.0,0.025072097778320312
138.0,32.0,32.0,0.1213998794555664
14.0,3.0,3.0,0.018986940383911133
54.0,24.0,24.0,0.0488436222076416
36.0,9.0,9.0,0.02830791473388672
43.0,16.0,16.0,0.03254437446594238
45.0,28.0,28.0,0.04055929183959961
59.0,22.0,22.0,0.04714035987854004
36.0,12.0,12.0,0.03164243698120117
43.0,13.0,13.0,0.03970813751220703
43.0,15.0,15.0,0.03886675834655762
23.0,12.0,12.0,0.0209500789642334
27.0,17.0,17.0,0.023295879364013672
41.0,26.0,26.0,0.04028773307800293
60.0,19.0,19.0,0.06006908416748047
44.0,16.0,16.0,0.04781508445739746
32.0,13.0,13.0,0.032163381576538086
60.0,24.0,24.0,0.04918098449707031
59.0,24.0,24.0,0.061148643493652344
47.0,15.0,15.0,0.04156351089477539
118.0,32.0,32.0,0.11725735664367676
76.0,29.0,29.0,0.09908676147460938
32.0,18.0,18.0,0.031433820724487305
57.0,31.0,31.0,0.060594797134399414
85.0,23.0,23.0,0.07178783416748047
23.0,11.0,11.0,0.02139115333557129
36.0,20.0,20.0,0.039266109466552734
94.0,25.0,25.0,0.08124923706054688
36.0,9.0,9.0,0.03509664535522461
116.0,29.0,29.0,0.10787272453308105
30.0,11.0,11.0,0.03337240219116211
114.0,25.0,25.0,0.11515426635742188
38.0,17.0,17.0,0.045332908630371094
49.0,19.0,19.0,0.05122518539428711
38.0,17.0,17.0,0.04310297966003418
24.0,8.0,8.0,0.029526710510253906
136.0,36.0,36.0,0.142744779586792
88.0,24.0,24.0,0.0805966854095459
51.0,29.0,29.0,0.056163787841796875
82.0,14.0,14.0,0.08468151092529297
30.0,18.0,18.0,0.028546571731567383
68.0,15.0,15.0,0.07230806350708008
27.0,9.0,9.0,0.028349637985229492
165.0,46.0,46.0,0.15931963920593262
112.0,43.0,43.0,0.10055685043334961
73.0,17.0,17.0,0.06747102737426758
24.0,10.0,10.0,0.020213842391967773
41.0,17.0,17.0,0.04196000099182129
79.0,21.0,21.0,0.07625269889831543
34.0,13.0,13.0,0.029940128326416016
49.0,19.0,19.0,0.040306806564331055
44.0,22.0,22.0,0.04268193244934082
72.0,26.0,26.0,0.07469820976257324
63.0,19.0,19.0,0.057039737701416016
24.0,6.0,6.0,0.021159648895263672
57.0,19.0,19.0,0.056810855865478516
17.0,5.0,5.0,0.018739700317382812
32.0,13.0,13.0,0.034989118576049805
68.0,23.0,23.0,0.06322240829467773
74.0,32.0,32.0,0.06551170349121094
41.0,13.0,13.0,0.03815436363220215
31.0,11.0,11.0,0.02790546417236328
46.0,13.0,13.0,0.0467069149017334
15.0,4.0,4.0,0.01294398307800293
57.0,25.0,25.0,0.05131220817565918
96.0,18.0,18.0,0.08505511283874512
58.0,22.0,22.0,0.049781084060668945
22.0,6.0,6.0,0.022904157638549805
87.0,18.0,18.0,0.08874273300170898
62.0,23.0,23.0,0.04954123497009277
53.0,8.0,8.0,0.05136895179748535
49.0,12.0,12.0,0.04081153869628906
36.0,16.0,16.0,0.03481578826904297
73.0,26.0,26.0,0.07422947883605957
30.0,11.0,11.0,0.028043270111083984
53.0,14.0,14.0,0.04785609245300293
33.0,15.0,15.0,0.026708364486694336
59.0,24.0,24.0,0.05561995506286621
31.0,14.0,14.0,0.03130221366882324
39.0,11.0,11.0,0.028741121292114258
164.0,47.0,47.0,0.1546487808227539
40.0,14.0,14.0,0.03593039512634277
57.0,28.0,28.0,0.06296443939208984
33.0,11.0,11.0,0.029118061065673828
69.0,28.0,28.0,0.055246591567993164
38.0,17.0,17.0,0.030051708221435547
103.0,33.0,33.0,0.08924436569213867
45.0,19.0,19.0,0.04457902908325195
20.0,5.0,5.0,0.01848912239074707
35.0,21.0,21.0,0.022461414337158203
72.0,25.0,25.0,0.05848503112792969
30.0,11.0,11.0,0.03322553634643555
100.0,21.0,21.0,0.07369303703308105
35.0,13.0,13.0,0.03106069564819336
68.0,16.0,16.0,0.06629681587219238
30.0,9.0,9.0,0.02184748649597168
144.0,40.0,40.0,0.11518073081970215
32.0,9.0,9.0,0.02704763412475586
119.0,45.0,45.0,0.10269641876220703
142.0,30.0,30.0,0.1261284351348877
33.0,19.0,19.0,0.023815393447875977
62.0,28.0,28.0,0.0521695613861084
101.0,34.0,34.0,0.0821995735168457
39.0,20.0,20.0,0.033434391021728516
74.0,26.0,26.0,0.06427526473999023
28.0,9.0,9.0,0.02694988250732422
78.0,23.0,23.0,0.07191920280456543
39.0,19.0,19.0,0.031050443649291992
29.0,9.0,9.0,0.025780677795410156
131.0,35.0,35.0,0.11601376533508301
31.0,9.0,9.0,0.02799248695373535
62.0,21.0,21.0,0.05172252655029297
35.0,16.0,16.0,0.029108524322509766
168.0,40.0,40.0,0.13872766494750977
102.0,41.0,41.0,0.08384466171264648
37.0,13.0,13.0,0.027968883514404297
63.0,16.0,16.0,0.05126214027404785
32.0,18.0,18.0,0.03460359573364258
37.0,5.0,5.0,0.041052818298339844
105.0,35.0,35.0,0.10357952117919922
25.0,14.0,14.0,0.02734518051147461
114.0,25.0,25.0,0.09208130836486816
37.0,10.0,10.0,0.030924081802368164
111.0,32.0,32.0,0.1022806167602539
27.0,11.0,11.0,0.02642965316772461
26.0,10.0,10.0,0.018505573272705078
138.0,28.0,28.0,0.12254095077514648
42.0,18.0,18.0,0.034961700439453125
31.0,8.0,8.0,0.029053449630737305
33.0,14.0,14.0,0.026778221130371094
27.0,9.0,9.0,0.019943952560424805
70.0,30.0,30.0,0.06152701377868652
24.0,13.0,13.0,0.018858671188354492
54.0,21.0,21.0,0.04522442817687988
27.0,10.0,10.0,0.024875164031982422
57.0,15.0,15.0,0.04650449752807617
22.0,11.0,11.0,0.02268838882446289
32.0,9.0,9.0,0.026870012283325195
41.0,15.0,15.0,0.036696672439575195
44.0,15.0,15.0,0.04393887519836426
132.0,45.0,45.0,0.11053681373596191
43.0,18.0,18.0,0.04056835174560547
43.0,19.0,19.0,0.042572021484375
67.0,19.0,19.0,0.0677802562713623
26.0,7.0,7.0,0.022522926330566406
72.0,19.0,19.0,0.05732560157775879
30.0,14.0,14.0,0.025582551956176758
37.0,14.0,14.0,0.031260013580322266
91.0,35.0,35.0,0.07264232635498047
23.0,5.0,5.0,0.022484540939331055
39.0,12.0,12.0,0.04296731948852539
26.0,5.0,5.0,0.02765798568725586
19.0,7.0,7.0,0.021597862243652344
34.0,15.0,15.0,0.028394222259521484
25.0,13.0,13.0,0.02476048469543457
67.0,16.0,16.0,0.06507182121276855
27.0,10.0,10.0,0.021419763565063477
54.0,21.0,21.0,0.048085689544677734
29.0,8.0,8.0,0.02267313003540039
21.0,9.0,9.0,0.01753401756286621
16.0,3.0,3.0,0.022232770919799805
76.0,18.0,18.0,0.08497405052185059
77.0,33.0,33.0,0.06823301315307617
42.0,17.0,17.0,0.037291765213012695
50.0,20.0,20.0,0.05582141876220703
58.0,12.0,12.0,0.06518197059631348
22.0,10.0,10.0,0.019208192825317383
55.0,23.0,23.0,0.06838464736938477
24.0,13.0,13.0,0.028738021850585938
37.0,13.0,13.0,0.03665971755981445
49.0,8.0,8.0,0.05451798439025879
60.0,18.0,18.0,0.053914785385131836
61.0,22.0,22.0,0.05321550369262695
42.0,14.0,14.0,0.03363299369812012
45.0,11.0,11.0,0.03727531433105469
111.0,36.0,36.0,0.09491491317749023
42.0,10.0,10.0,0.03593921661376953
22.0,8.0,8.0,0.02228546142578125
26.0,14.0,14.0,0.024821996688842773
85.0,23.0,23.0,0.07361817359924316
41.0,18.0,18.0,0.03435158729553223
28.0,14.0,14.0,0.025551795959472656
44.0,18.0,18.0,0.03745675086975098
72.0,22.0,22.0,0.06853294372558594
25.0,12.0,12.0,0.022257566452026367
65.0,26.0,26.0,0.05610918998718262
50.0,17.0,17.0,0.045470237731933594
23.0,9.0,9.0,0.017295122146606445
35.0,16.0,16.0,0.030149221420288086
26.0,9.0,9.0,0.024668455123901367
21.0,10.0,10.0,0.0181429386138916
52.0,14.0,14.0,0.05553865432739258
35.0,14.0,14.0,0.03290867805480957
36.0,22.0,22.0,0.03700661659240723
33.0,17.0,17.0,0.03535580635070801
72.0,44.0,44.0,0.06116938591003418
64.0,16.0,16.0,0.0425262451171875
30.0,10.0,10.0,0.025179624557495117
39.0,12.0,12.0,0.03424715995788574
45.0,21.0,21.0,0.03866291046142578
102.0,33.0,33.0,0.10185480117797852
31.0,18.0,18.0,0.0377964973449707
114.0,32.0,32.0,0.10641813278198242
39.0,19.0,19.0,0.030186891555786133
16.0,3.0,3.0,0.016575098037719727
33.0,13.0,13.0,0.028857707977294922
106.0,32.0,32.0,0.0899815559387207
76.0,26.0,26.0,0.06556153297424316
29.0,15.0,15.0,0.02683711051940918
26.0,13.0,13.0,0.023042917251586914
28.0,10.0,10.0,0.02406930923461914
132.0,43.0,43.0,0.1164093017578125
19.0,8.0,8.0,0.019254684448242188
72.0,25.0,25.0,0.0731964111328125
39.0,14.0,14.0,0.03365135192871094
22.0,10.0,10.0,0.022928237915039062
55.0,13.0,13.0,0.05615592002868652
79.0,22.0,22.0,0.06830263137817383
34.0,12.0,12.0,0.026139497756958008
60.0,14.0,14.0,0.04714775085449219
33.0,12.0,12.0,0.030778884887695312
78.0,21.0,21.0,0.05946850776672363
67.0,28.0,28.0,0.05694246292114258
16.0,5.0,5.0,0.019443988800048828
38.0,12.0,12.0,0.03594827651977539
33.0,5.0,5.0,0.027545452117919922
106.0,32.0,32.0,0.08314085006713867
25.0,9.0,9.0,0.022722721099853516
111.0,30.0,30.0,0.08799004554748535
109.0,30.0,30.0,0.09660696983337402
67.0,13.0,13.0,0.0602869987487793
121.0,36.0,36.0,0.09840536117553711
26.0,14.0,14.0,0.023056745529174805
22.0,10.0,10.0,0.018798351287841797
326.0,83.0,83.0,0.29264235496520996
62.0,23.0,23.0,0.055837392807006836
44.0,16.0,16.0,0.04015398025512695
76.0,16.0,16.0,0.06261897087097168
59.0,20.0,20.0,0.05040740966796875
66.0,31.0,31.0,0.06920242309570312
61.0,22.0,22.0,0.06056714057922363
37.0,12.0,12.0,0.04020333290100098
24.0,8.0,8.0,0.019232988357543945
74.0,19.0,19.0,0.07973718643188477
85.0,19.0,19.0,0.0697481632232666
57.0,21.0,21.0,0.05911993980407715
29.0,17.0,17.0,0.024576425552368164
97.0,26.0,26.0,0.08004140853881836
52.0,15.0,15.0,0.0444028377532959
44.0,15.0,15.0,0.047646522521972656
24.0,9.0,9.0,0.026467561721801758
36.0,9.0,9.0,0.0386500358581543
71.0,23.0,23.0,0.08053207397460938
25.0,6.0,6.0,0.025088071823120117
21.0,9.0,9.0,0.023128986358642578
77.0,17.0,17.0,0.07471537590026855
20.0,6.0,6.0,0.016376495361328125
80.0,16.0,16.0,0.06490254402160645
47.0,12.0,12.0,0.03642439842224121
46.0,17.0,17.0,0.03739666938781738
20.0,8.0,8.0,0.016516685485839844
55.0,17.0,17.0,0.053365230560302734
20.0,6.0,6.0,0.014402151107788086
61.0,33.0,33.0,0.05598640441894531
62.0,23.0,23.0,0.06494712829589844
26.0,10.0,10.0,0.026697635650634766
25.0,10.0,10.0,0.03394174575805664
67.0,23.0,23.0,0.061103105545043945
57.0,19.0,19.0,0.05424833297729492
55.0,10.0,10.0,0.05236101150512695
18.0,5.0,5.0,0.017022132873535156
41.0,14.0,14.0,0.03531694412231445
52.0,22.0,22.0,0.0446321964263916
50.0,17.0,17.0,0.04888272285461426
39.0,9.0,9.0,0.03581404685974121
111.0,27.0,27.0,0.12523627281188965
114.0,21.0,21.0,0.11217141151428223
30.0,13.0,13.0,0.026097536087036133
65.0,20.0,20.0,0.05692243576049805
35.0,10.0,10.0,0.03331470489501953
39.0,17.0,17.0,0.038858890533447266
37.0,10.0,10.0,0.034986257553100586
24.0,11.0,11.0,0.025668621063232422
158.0,57.0,57.0,0.14557456970214844
44.0,14.0,14.0,0.03843855857849121
53.0,16.0,16.0,0.05285000801086426
44.0,20.0,20.0,0.03368067741394043
39.0,20.0,20.0,0.035558462142944336
48.0,21.0,21.0,0.04115748405456543
30.0,11.0,11.0,0.026592493057250977
21.0,9.0,9.0,0.018305301666259766
38.0,11.0,11.0,0.02619647979736328
87.0,27.0,27.0,0.07280993461608887
129.0,39.0,39.0,0.11467790603637695
27.0,10.0,10.0,0.028373003005981445
25.0,12.0,12.0,0.024874210357666016
35.0,20.0,20.0,0.04015493392944336
123.0,24.0,24.0,0.1181783676147461
31.0,16.0,16.0,0.03709888458251953
96.0,23.0,23.0,0.07490086555480957
99.0,22.0,22.0,0.08777666091918945
42.0,16.0,16.0,0.03876185417175293
132.0,39.0,39.0,0.1158905029296875
31.0,16.0,16.0,0.02377176284790039
13.0,1.0,1.0,0.015987396240234375
89.0,23.0,23.0,0.09086918830871582
47.0,10.0,10.0,0.03827190399169922
21.0,10.0,10.0,0.01836371421813965
20.0,6.0,6.0,0.013558149337768555
47.0,24.0,24.0,0.04180288314819336
78.0,24.0,24.0,0.06397652626037598
14.0,2.0,2.0,0.01689910888671875
28.0,7.0,7.0,0.021486282348632812
90.0,41.0,41.0,0.07597970962524414
31.0,11.0,11.0,0.027759552001953125
75.0,20.0,20.0,0.05694007873535156
31.0,12.0,12.0,0.023079395294189453
30.0,15.0,15.0,0.021906614303588867
116.0,32.0,32.0,0.12473082542419434
88.0,22.0,22.0,0.08584427833557129
42.0,11.0,11.0,0.03801584243774414
139.0,46.0,46.0,0.1343233585357666
44.0,14.0,14.0,0.04508256912231445
110.0,25.0,25.0,0.11194682121276855
136.0,49.0,49.0,0.12694263458251953
22.0,8.0,8.0,0.021176815032958984
28.0,16.0,16.0,0.02436685562133789
30.0,14.0,14.0,0.031388282775878906
26.0,11.0,11.0,0.027011394500732422
73.0,28.0,28.0,0.07138180732727051
34.0,12.0,12.0,0.029135942459106445
41.0,13.0,13.0,0.03438138961791992
71.0,28.0,28.0,0.06751537322998047
80.0,34.0,34.0,0.0840911865234375
103.0,22.0,22.0,0.11356854438781738
125.0,35.0,35.0,0.11036849021911621
23.0,11.0,11.0,0.02188730239868164
43.0,9.0,9.0,0.041922569274902344
57.0,30.0,30.0,0.05442643165588379
80.0,44.0,44.0,0.0749058723449707
38.0,13.0,13.0,0.03361845016479492
47.0,13.0,13.0,0.05563068389892578
50.0,15.0,15.0,0.04432249069213867
56.0,15.0,15.0,0.0504603385925293
60.0,20.0,20.0,0.05754876136779785
94.0,31.0,31.0,0.09482979774475098
31.0,9.0,9.0,0.029334306716918945
27.0,13.0,13.0,0.023397445678710938
22.0,10.0,10.0,0.02039313316345215
28.0,15.0,15.0,0.027359485626220703
22.0,11.0,11.0,0.02330327033996582
17.0,7.0,7.0,0.015040159225463867
33.0,10.0,10.0,0.03143310546875
24.0,12.0,12.0,0.024921417236328125
35.0,13.0,13.0,0.03585362434387207
29.0,10.0,10.0,0.030786752700805664
56.0,16.0,16.0,0.04946017265319824
42.0,11.0,11.0,0.035556793212890625
34.0,19.0,19.0,0.03180885314941406
90.0,25.0,25.0,0.09052896499633789
18.0,7.0,7.0,0.013943672180175781
31.0,12.0,12.0,0.028866291046142578
45.0,24.0,24.0,0.04137778282165527
47.0,12.0,12.0,0.0566256046295166
103.0,32.0,32.0,0.09265995025634766
71.0,19.0,19.0,0.05613136291503906
85.0,23.0,23.0,0.08303356170654297
70.0,19.0,19.0,0.061274051666259766
67.0,28.0,28.0,0.06341433525085449
37.0,13.0,13.0,0.03841733932495117
53.0,20.0,20.0,0.04670071601867676
162.0,58.0,58.0,0.16557812690734863
43.0,11.0,11.0,0.03760385513305664
70.0,25.0,25.0,0.06464982032775879
31.0,14.0,14.0,0.028149127960205078
24.0,10.0,10.0,0.025878190994262695
112.0,26.0,26.0,0.11305809020996094
60.0,16.0,16.0,0.05678296089172363
70.0,32.0,32.0,0.06170010566711426
60.0,26.0,26.0,0.05044913291931152
63.0,20.0,20.0,0.04368925094604492
22.0,7.0,7.0,0.023092031478881836
44.0,13.0,13.0,0.03905439376831055
126.0,42.0,42.0,0.10194706916809082
37.0,18.0,18.0,0.027668476104736328
70.0,16.0,16.0,0.05407524108886719
49.0,18.0,18.0,0.0361480712890625
68.0,20.0,20.0,0.060033559799194336
97.0,27.0,27.0,0.08821225166320801
93.0,31.0,31.0,0.08232760429382324
119.0,21.0,21.0,0.1001882553100586
51.0,13.0,13.0,0.03697323799133301
125.0,43.0,43.0,0.10626745223999023
100.0,28.0,28.0,0.0863950252532959
21.0,9.0,9.0,0.017845869064331055
16.0,4.0,4.0,0.012052536010742188
22.0,6.0,6.0,0.020514488220214844
29.0,10.0,10.0,0.026355266571044922
55.0,14.0,14.0,0.04178643226623535
32.0,18.0,18.0,0.03078937530517578
46.0,13.0,13.0,0.0359194278717041
18.0,7.0,7.0,0.019329547882080078
17.0,5.0,5.0,0.011940956115722656
77.0,38.0,38.0,0.06235527992248535
26.0,10.0,10.0,0.022335052490234375
50.0,32.0,32.0,0.04279470443725586
150.0,45.0,45.0,0.12341833114624023
146.0,54.0,54.0,0.13098978996276855
60.0,20.0,20.0,0.04928922653198242
22.0,7.0,7.0,0.020409345626831055
78.0,28.0,28.0,0.0663309097290039
33.0,9.0,9.0,0.0277559757232666
58.0,36.0,36.0,0.05490303039550781
28.0,12.0,12.0,0.021973133087158203
18.0,8.0,8.0,0.01590895652770996
52.0,28.0,28.0,0.05270218849182129
28.0,16.0,16.0,0.02909708023071289
112.0,40.0,40.0,0.11737275123596191
159.0,40.0,40.0,0.16206979751586914
44.0,26.0,26.0,0.03652381896972656
49.0,21.0,21.0,0.04128861427307129
37.0,16.0,16.0,0.030200958251953125
42.0,6.0,6.0,0.035719871520996094
23.0,13.0,13.0,0.02007293701171875
36.0,19.0,19.0,0.0360264778137207
149.0,59.0,59.0,0.15030789375305176
30.0,10.0,10.0,0.026166200637817383
55.0,23.0,23.0,0.051387786865234375
20.0,9.0,9.0,0.01751565933227539
101.0,26.0,26.0,0.09227681159973145
28.0,6.0,6.0,0.026230812072753906
71.0,20.0,20.0,0.06545805931091309
106.0,25.0,25.0,0.09450888633728027
34.0,16.0,16.0,0.03801703453063965
49.0,31.0,31.0,0.04198789596557617
55.0,19.0,19.0,0.047699928283691406
43.0,19.0,19.0,0.03896927833557129
27.0,15.0,15.0,0.027251482009887695
43.0,13.0,13.0,0.04329872131347656
34.0,12.0,12.0,0.029499053955078125
107.0,49.0,49.0,0.09555268287658691
31.0,12.0,12.0,0.030164241790771484
40.0,15.0,15.0,0.041710615158081055
54.0,33.0,33.0,0.046982765197753906
40.0,12.0,12.0,0.033417701721191406
29.0,17.0,17.0,0.0257265567779541
56.0,19.0,19.0,0.05084586143493652
64.0,30.0,30.0,0.05451226234436035
31.0,9.0,9.0,0.0269012451171875
178.0,50.0,50.0,0.14970731735229492
40.0,19.0,19.0,0.029093027114868164
100.0,28.0,28.0,0.08922195434570312
77.0,15.0,15.0,0.0677938461303711
130.0,45.0,45.0,0.11980414390563965
127.0,45.0,45.0,0.12140250205993652
67.0,15.0,15.0,0.062273263931274414
24.0,10.0,10.0,0.020873069763183594
63.0,44.0,44.0,0.06445956230163574
25.0,10.0,10.0,0.02245473861694336
150.0,43.0,43.0,0.1294255256652832
61.0,21.0,21.0,0.04653215408325195
54.0,21.0,21.0,0.04793357849121094
147.0,27.0,27.0,0.12051892280578613
29.0,14.0,14.0,0.023514509201049805
38.0,15.0,15.0,0.031952857971191406
62.0,30.0,30.0,0.050946712493896484
49.0,22.0,22.0,0.04164528846740723
23.0,4.0,4.0,0.017934799194335938
19.0,8.0,8.0,0.01748967170715332
23.0,12.0,12.0,0.021154165267944336
34.0,19.0,19.0,0.030461788177490234
18.0,7.0,7.0,0.016860485076904297
161.0,41.0,41.0,0.14693593978881836
21.0,7.0,7.0,0.019714832305908203
32.0,13.0,13.0,0.03207063674926758
42.0,9.0,9.0,0.03749680519104004
32.0,20.0,20.0,0.026695728302001953
104.0,28.0,28.0,0.0863039493560791
28.0,16.0,16.0,0.0235137939453125
35.0,19.0,19.0,0.029932260513305664
40.0,16.0,16.0,0.03049302101135254
33.0,17.0,17.0,0.030675649642944336
51.0,20.0,20.0,0.04671025276184082
37.0,9.0,9.0,0.033992767333984375
30.0,13.0,13.0,0.028056621551513672
44.0,18.0,18.0,0.04020857810974121
42.0,11.0,11.0,0.03387951850891113
164.0,48.0,48.0,0.15757203102111816
18.0,5.0,5.0,0.016961097717285156
42.0,16.0,16.0,0.03892040252685547
15.0,4.0,4.0,0.017060041427612305
141.0,71.0,71.0,0.13028573989868164
55.0,32.0,32.0,0.05403566360473633
43.0,12.0,12.0,0.03508591651916504
38.0,14.0,14.0,0.034879446029663086
50.0,16.0,16.0,0.04506683349609375
86.0,37.0,37.0,0.07752466201782227
45.0,18.0,18.0,0.04384970664978027
28.0,15.0,15.0,0.07806873321533203
30.0,18.0,18.0,0.039235830307006836
34.0,16.0,16.0,0.03131580352783203
106.0,42.0,42.0,0.09811592102050781
72.0,17.0,17.0,0.06317257881164551
58.0,20.0,20.0,0.04367995262145996
40.0,16.0,16.0,0.037934303283691406
101.0,30.0,30.0,0.08694148063659668
30.0,7.0,7.0,0.02382206916809082
48.0,26.0,26.0,0.044712066650390625
21.0,7.0,7.0,0.01305699348449707
72.0,33.0,33.0,0.06410980224609375
31.0,7.0,7.0,0.0290069580078125
25.0,9.0,9.0,0.020205974578857422
28.0,9.0,9.0,0.0282285213470459
37.0,18.0,18.0,0.029358625411987305
16.0,4.0,4.0,0.016876935958862305
39.0,13.0,13.0,0.03517603874206543
55.0,28.0,28.0,0.04898667335510254
40.0,15.0,15.0,0.035294294357299805
36.0,14.0,14.0,0.035245418548583984
53.0,20.0,20.0,0.0543363094329834
37.0,14.0,14.0,0.036347150802612305
61.0,20.0,20.0,0.06398725509643555
55.0,17.0,17.0,0.04636788368225098
86.0,31.0,31.0,0.08002066612243652
173.0,46.0,46.0,0.15878033638000488
72.0,22.0,22.0,0.06870079040527344
35.0,14.0,14.0,0.027811765670776367
124.0,48.0,48.0,0.10920906066894531
92.0,40.0,40.0,0.0816183090209961
55.0,20.0,20.0,0.05414438247680664
194.0,87.0,87.0,0.18091416358947754
63.0,27.0,27.0,0.056685686111450195
25.0,9.0,9.0,0.02449488639831543
95.0,30.0,30.0,0.09374380111694336
80.0,15.0,15.0,0.07890677452087402
98.0,28.0,28.0,0.10585141181945801
101.0,48.0,48.0,0.10625123977661133
30.0,14.0,14.0,0.02723217010498047
54.0,19.0,19.0,0.05867123603820801
28.0,16.0,16.0,0.03036022186279297
28.0,9.0,9.0,0.019622087478637695
37.0,18.0,18.0,0.029489755630493164
49.0,11.0,11.0,0.04572606086730957
33.0,8.0,8.0,0.030119895935058594
21.0,10.0,10.0,0.017490625381469727
94.0,32.0,32.0,0.09413766860961914
18.0,6.0,6.0,0.013627290725708008
16.0,5.0,5.0,0.013440370559692383
166.0,49.0,49.0,0.13978052139282227
67.0,22.0,22.0,0.060288190841674805
22.0,6.0,6.0,0.01933431625366211
28.0,4.0,4.0,0.02344036102294922
20.0,9.0,9.0,0.017893552780151367
41.0,17.0,17.0,0.030931949615478516
53.0,9.0,9.0,0.045903682708740234
95.0,22.0,22.0,0.08718347549438477
111.0,32.0,32.0,0.09126424789428711
63.0,22.0,22.0,0.0522465705871582
25.0,13.0,13.0,0.02069878578186035
25.0,15.0,15.0,0.020110607147216797
71.0,17.0,17.0,0.061966657638549805
29.0,6.0,6.0,0.02300262451171875
22.0,9.0,9.0,0.018741130828857422
32.0,16.0,16.0,0.030327796936035156
81.0,29.0,29.0,0.06418704986572266
80.0,20.0,20.0,0.06824421882629395
76.0,33.0,33.0,0.062459468841552734
31.0,6.0,6.0,0.030704736709594727
31.0,5.0,5.0,0.026653766632080078
25.0,12.0,12.0,0.01912069320678711
36.0,15.0,15.0,0.023911237716674805
96.0,35.0,35.0,0.0767817497253418
79.0,34.0,34.0,0.07640862464904785
26.0,10.0,10.0,0.020549297332763672
37.0,20.0,20.0,0.02933502197265625
94.0,34.0,34.0,0.0765373706817627
160.0,39.0,39.0,0.14276957511901855
36.0,10.0,10.0,0.03180360794067383
39.0,13.0,13.0,0.036191463470458984
55.0,17.0,17.0,0.04246687889099121
84.0,26.0,26.0,0.08693838119506836
73.0,24.0,24.0,0.07074403762817383
80.0,35.0,35.0,0.08163189888000488
19.0,5.0,5.0,0.015480995178222656
66.0,35.0,35.0,0.05723762512207031
43.0,10.0,10.0,0.04330754280090332
45.0,20.0,20.0,0.04134011268615723
33.0,12.0,12.0,0.02634906768798828
101.0,29.0,29.0,0.09801363945007324
128.0,39.0,39.0,0.11188530921936035
30.0,19.0,19.0,0.022850990295410156
36.0,11.0,11.0,0.029924631118774414
40.0,23.0,23.0,0.03171873092651367
77.0,23.0,23.0,0.06784629821777344
28.0,10.0,10.0,0.023662567138671875
39.0,17.0,17.0,0.03350234031677246
86.0,23.0,23.0,0.07496857643127441
108.0,29.0,29.0,0.09647846221923828
83.0,18.0,18.0,0.06832027435302734
41.0,15.0,15.0,0.034247398376464844
230.0,79.0,79.0,0.2092428207397461
41.0,15.0,15.0,0.04266166687011719
48.0,21.0,21.0,0.04811215400695801
42.0,9.0,9.0,0.040886640548706055
25.0,12.0,12.0,0.028295278549194336
16.0,4.0,4.0,0.01881241798400879
59.0,19.0,19.0,0.05873370170593262
41.0,22.0,22.0,0.0405888557434082
21.0,8.0,8.0,0.03566145896911621
24.0,9.0,9.0,0.023180484771728516
70.0,37.0,37.0,0.0704348087310791
26.0,13.0,13.0,0.025784969329833984
42.0,19.0,19.0,0.042113542556762695
22.0,9.0,9.0,0.022503376007080078
41.0,22.0,22.0,0.04155707359313965
59.0,25.0,25.0,0.0654609203338623
43.0,15.0,15.0,0.044362783432006836
174.0,38.0,38.0,0.17088556289672852
101.0,34.0,34.0,0.10909247398376465
40.0,18.0,18.0,0.0433049201965332
35.0,16.0,16.0,0.0329890251159668
47.0,9.0,9.0,0.0415043830871582
91.0,32.0,32.0,0.08609747886657715
44.0,13.0,13.0,0.03880906105041504
125.0,42.0,42.0,0.13173508644104004
46.0,14.0,14.0,0.041851043701171875
28.0,16.0,16.0,0.029602766036987305
19.0,8.0,8.0,0.01864171028137207
31.0,16.0,16.0,0.029968738555908203
18.0,6.0,6.0,0.02098846435546875
26.0,10.0,10.0,0.02682781219482422
74.0,19.0,19.0,0.06860208511352539
121.0,28.0,28.0,0.12300920486450195
135.0,38.0,38.0,0.12540841102600098
29.0,16.0,16.0,0.020093917846679688
113.0,35.0,35.0,0.10635638236999512
29.0,13.0,13.0,0.02642822265625
72.0,29.0,29.0,0.06776595115661621
86.0,32.0,32.0,0.07651352882385254
28.0,8.0,8.0,0.021175622940063477
37.0,20.0,20.0,0.032779693603515625
97.0,31.0,31.0,0.08704423904418945
125.0,38.0,38.0,0.12228536605834961
93.0,38.0,38.0,0.10523438453674316
23.0,9.0,9.0,0.026624202728271484
52.0,12.0,12.0,0.057442426681518555
140.0,50.0,50.0,0.13145971298217773
32.0,8.0,8.0,0.03528594970703125
49.0,13.0,13.0,0.043179988861083984
132.0,49.0,49.0,0.14175748825073242
46.0,28.0,28.0,0.0475001335144043
52.0,18.0,18.0,0.051656246185302734
45.0,20.0,20.0,0.054056406021118164
36.0,12.0,12.0,0.04039597511291504
34.0,18.0,18.0,0.04782247543334961
28.0,9.0,9.0,0.03222823143005371
42.0,20.0,20.0,0.04980754852294922
40.0,18.0,18.0,0.0456545352935791
57.0,25.0,25.0,0.056574344635009766
74.0,30.0,30.0,0.06508755683898926
42.0,12.0,12.0,0.043457984924316406
24.0,11.0,11.0,0.025648117065429688
56.0,26.0,26.0,0.06272673606872559
22.0,6.0,6.0,0.01665973663330078
36.0,16.0,16.0,0.03658342361450195
54.0,23.0,23.0,0.05089855194091797
31.0,16.0,16.0,0.02789020538330078
18.0,5.0,5.0,0.019653797149658203
24.0,10.0,10.0,0.023401975631713867
50.0,22.0,22.0,0.03662252426147461
28.0,9.0,9.0,0.019416332244873047
43.0,19.0,19.0,0.038681745529174805
37.0,16.0,16.0,0.027858495712280273
85.0,25.0,25.0,0.0757746696472168
26.0,15.0,15.0,0.024019956588745117
20.0,8.0,8.0,0.018203258514404297
34.0,11.0,11.0,0.028955698013305664
51.0,22.0,22.0,0.05250358581542969
64.0,22.0,22.0,0.058341264724731445
79.0,34.0,34.0,0.07803058624267578
35.0,20.0,20.0,0.0479283332824707
34.0,12.0,12.0,0.03041362762451172
53.0,18.0,18.0,0.0549623966217041
20.0,9.0,9.0,0.015720129013061523
48.0,15.0,15.0,0.0513765811920166
56.0,22.0,22.0,0.05356931686401367
51.0,23.0,23.0,0.0513310432434082
55.0,21.0,21.0,0.0513613224029541
22.0,6.0,6.0,0.018798112869262695
34.0,15.0,15.0,0.024864912033081055
45.0,16.0,16.0,0.03900957107543945
69.0,24.0,24.0,0.057462453842163086
108.0,33.0,33.0,0.09369778633117676
30.0,16.0,16.0,0.0246126651763916
28.0,15.0,15.0,0.0217440128326416
64.0,25.0,25.0,0.05383443832397461
69.0,22.0,22.0,0.05125689506530762
72.0,18.0,18.0,0.0661318302154541
29.0,7.0,7.0,0.031587839126586914
28.0,12.0,12.0,0.02379894256591797
63.0,13.0,13.0,0.049225807189941406
42.0,11.0,11.0,0.031147480010986328
19.0,7.0,7.0,0.01603221893310547
54.0,20.0,20.0,0.05392575263977051
52.0,20.0,20.0,0.05524563789367676
53.0,12.0,12.0,0.045592546463012695
106.0,36.0,36.0,0.10048413276672363
59.0,21.0,21.0,0.046788930892944336
37.0,14.0,14.0,0.03859519958496094
55.0,14.0,14.0,0.041665077209472656
30.0,19.0,19.0,0.024983644485473633
33.0,12.0,12.0,0.02359747886657715
45.0,19.0,19.0,0.033547401428222656
59.0,16.0,16.0,0.044912099838256836
82.0,27.0,27.0,0.07482790946960449
101.0,33.0,33.0,0.0754098892211914
27.0,12.0,12.0,0.02030348777770996
28.0,17.0,17.0,0.01925349235534668
38.0,9.0,9.0,0.03037858009338379
98.0,29.0,29.0,0.07738018035888672
107.0,36.0,36.0,0.09489965438842773
76.0,31.0,31.0,0.06534290313720703
91.0,28.0,28.0,0.07698726654052734
54.0,21.0,21.0,0.044280290603637695
38.0,12.0,12.0,0.030449867248535156
30.0,8.0,8.0,0.024437665939331055
57.0,19.0,19.0,0.04683971405029297
40.0,12.0,12.0,0.03556370735168457
42.0,17.0,17.0,0.03296160697937012
31.0,10.0,10.0,0.02542257308959961
72.0,18.0,18.0,0.05143380165100098
49.0,25.0,25.0,0.04132556915283203
90.0,23.0,23.0,0.07308554649353027
86.0,45.0,45.0,0.0689399242401123
110.0,34.0,34.0,0.11490273475646973
68.0,19.0,19.0,0.06531286239624023
45.0,14.0,14.0,0.04356241226196289
45.0,12.0,12.0,0.040062665939331055
23.0,8.0,8.0,0.01664876937866211
97.0,31.0,31.0,0.08766031265258789
32.0,12.0,12.0,0.0289914608001709
20.0,8.0,8.0,0.02206134796142578
50.0,21.0,21.0,0.05283236503601074
49.0,26.0,26.0,0.046883344650268555
34.0,9.0,9.0,0.037924766540527344
71.0,24.0,24.0,0.06265139579772949
17.0,4.0,4.0,0.01776599884033203
160.0,43.0,43.0,0.16471576690673828
61.0,30.0,30.0,0.06371903419494629
30.0,8.0,8.0,0.03914809226989746
36.0,15.0,15.0,0.029695749282836914
116.0,44.0,44.0,0.10214543342590332
22.0,12.0,12.0,0.021504878997802734
30.0,11.0,11.0,0.02650928497314453
42.0,23.0,23.0,0.0372769832611084
85.0,29.0,29.0,0.07154321670532227
40.0,10.0,10.0,0.0357053279876709
34.0,17.0,17.0,0.026779651641845703
64.0,28.0,28.0,0.05353283882141113
45.0,11.0,11.0,0.03905677795410156
29.0,8.0,8.0,0.026628971099853516
58.0,21.0,21.0,0.051225900650024414
91.0,25.0,25.0,0.08344388008117676
46.0,18.0,18.0,0.0355682373046875
26.0,14.0,14.0,0.020453929901123047
49.0,27.0,27.0,0.04344439506530762
81.0,34.0,34.0,0.08029341697692871
43.0,18.0,18.0,0.04239821434020996
47.0,10.0,10.0,0.048719167709350586
44.0,19.0,19.0,0.03825688362121582
63.0,29.0,29.0,0.05496788024902344
31.0,16.0,16.0,0.03453254699707031
20.0,8.0,8.0,0.018677949905395508
25.0,10.0,10.0,0.023032665252685547
61.0,19.0,19.0,0.05514645576477051
33.0,14.0,14.0,0.028090715408325195
46.0,12.0,12.0,0.04806017875671387
67.0,28.0,28.0,0.05852627754211426
29.0,10.0,10.0,0.022031545639038086
46.0,13.0,13.0,0.03980875015258789
114.0,43.0,43.0,0.1081235408782959
69.0,28.0,28.0,0.05814218521118164
29.0,10.0,10.0,0.02245783805847168
43.0,18.0,18.0,0.03918147087097168
76.0,33.0,33.0,0.06476378440856934
83.0,33.0,33.0,0.07585811614990234
104.0,34.0,34.0,0.09463000297546387
53.0,16.0,16.0,0.04532909393310547
51.0,22.0,22.0,0.0391850471496582
77.0,26.0,26.0,0.08708906173706055
35.0,12.0,12.0,0.03342175483703613
62.0,26.0,26.0,0.0642709732055664
25.0,7.0,7.0,0.0322260856628418
56.0,23.0,23.0,0.06988143920898438
30.0,12.0,12.0,0.03287482261657715
42.0,18.0,18.0,0.04263758659362793
37.0,17.0,17.0,0.035784244537353516
61.0,18.0,18.0,0.04969429969787598
148.0,47.0,47.0,0.1314382553100586
54.0,21.0,21.0,0.05239748954772949
17.0,5.0,5.0,0.01498723030090332
77.0,25.0,25.0,0.07206869125366211
66.0,28.0,28.0,0.06048774719238281
53.0,34.0,34.0,0.042139530181884766
33.0,12.0,12.0,0.030381202697753906
66.0,22.0,22.0,0.06310319900512695
67.0,32.0,32.0,0.06182098388671875
29.0,11.0,11.0,0.024341106414794922
69.0,47.0,47.0,0.0528566837310791
58.0,22.0,22.0,0.05832982063293457
67.0,19.0,19.0,0.06276750564575195
81.0,34.0,34.0,0.08189797401428223
41.0,17.0,17.0,0.042275428771972656
69.0,44.0,44.0,0.06922268867492676
60.0,18.0,18.0,0.05524253845214844
39.0,15.0,15.0,0.0337679386138916
30.0,8.0,8.0,0.027966022491455078
49.0,16.0,16.0,0.039404869079589844
33.0,13.0,13.0,0.028528451919555664
117.0,39.0,39.0,0.0987851619720459
46.0,8.0,8.0,0.04269814491271973
34.0,13.0,13.0,0.03412914276123047
17.0,7.0,7.0,0.018477439880371094
22.0,9.0,9.0,0.019138097763061523
28.0,6.0,6.0,0.025244951248168945
61.0,19.0,19.0,0.05075573921203613
44.0,25.0,25.0,0.04134559631347656
99.0,34.0,34.0,0.08568429946899414
40.0,13.0,13.0,0.040111541748046875
32.0,12.0,12.0,0.03749203681945801
40.0,24.0,24.0,0.035094499588012695
34.0,20.0,20.0,0.025772571563720703
69.0,27.0,27.0,0.06361603736877441
23.0,12.0,12.0,0.028263092041015625
60.0,24.0,24.0,0.0660557746887207
45.0,17.0,17.0,0.048388004302978516
49.0,20.0,20.0,0.04496312141418457
218.0,77.0,77.0,0.1814122200012207
131.0,38.0,38.0,0.11283326148986816
57.0,15.0,15.0,0.04667544364929199
45.0,15.0,15.0,0.03516554832458496
147.0,36.0,36.0,0.10993146896362305
114.0,46.0,46.0,0.08405900001525879
27.0,10.0,10.0,0.017891407012939453
28.0,11.0,11.0,0.021945714950561523
30.0,9.0,9.0,0.023601770401000977
97.0,23.0,23.0,0.08224916458129883
154.0,28.0,28.0,0.13254332542419434
112.0,31.0,31.0,0.09579896926879883
28.0,15.0,15.0,0.022524595260620117
25.0,12.0,12.0,0.023056745529174805
58.0,23.0,23.0,0.0519869327545166
30.0,16.0,16.0,0.0295712947845459
104.0,32.0,32.0,0.0871279239654541
29.0,6.0,6.0,0.021715164184570312
57.0,19.0,19.0,0.05342245101928711
52.0,15.0,15.0,0.04611706733703613
78.0,22.0,22.0,0.07533526420593262
31.0,11.0,11.0,0.0276947021484375
62.0,10.0,10.0,0.06045031547546387
31.0,12.0,12.0,0.021349668502807617
46.0,24.0,24.0,0.03425002098083496
43.0,20.0,20.0,0.03482508659362793
34.0,11.0,11.0,0.029141664505004883
22.0,10.0,10.0,0.022568225860595703
64.0,25.0,25.0,0.055001020431518555
29.0,18.0,18.0,0.028398752212524414
26.0,15.0,15.0,0.020884990692138672
47.0,13.0,13.0,0.04059958457946777
42.0,20.0,20.0,0.03087139129638672
158.0,40.0,40.0,0.1373274326324463
21.0,10.0,10.0,0.02175426483154297
38.0,16.0,16.0,0.038506269454956055
321.0,80.0,80.0,0.2633824348449707
57.0,19.0,19.0,0.04763960838317871
50.0,25.0,25.0,0.042881011962890625
19.0,5.0,5.0,0.016613245010375977
95.0,28.0,28.0,0.07608819007873535
21.0,8.0,8.0,0.01687026023864746
26.0,10.0,10.0,0.020940303802490234
25.0,7.0,7.0,0.020202159881591797
39.0,17.0,17.0,0.029666900634765625
54.0,11.0,11.0,0.046755313873291016
18.0,5.0,5.0,0.01711869239807129
60.0,11.0,11.0,0.04938840866088867
33.0,19.0,19.0,0.033251047134399414
96.0,26.0,26.0,0.08919358253479004
235.0,55.0,55.0,0.2061905860900879
48.0,14.0,14.0,0.039841651916503906
58.0,18.0,18.0,0.055535078048706055
64.0,37.0,37.0,0.05610227584838867
45.0,15.0,15.0,0.04062032699584961
31.0,9.0,9.0,0.026571273803710938
44.0,23.0,23.0,0.04483389854431152
29.0,11.0,11.0,0.024590730667114258
94.0,38.0,38.0,0.08462071418762207
24.0,9.0,9.0,0.026031017303466797
42.0,31.0,31.0,0.05092668533325195
39.0,15.0,15.0,0.04925823211669922
46.0,15.0,15.0,0.051291704177856445
34.0,16.0,16.0,0.04163408279418945
103.0,37.0,37.0,0.10557389259338379
28.0,14.0,14.0,0.032886505126953125
79.0,35.0,35.0,0.07903933525085449
106.0,32.0,32.0,0.11449718475341797
31.0,18.0,18.0,0.034406185150146484
42.0,11.0,11.0,0.04446125030517578
27.0,11.0,11.0,0.031558990478515625
40.0,12.0,12.0,0.04444432258605957
42.0,14.0,14.0,0.03919529914855957
121.0,36.0,36.0,0.13694262504577637
31.0,17.0,17.0,0.0462188720703125
144.0,42.0,42.0,0.16191315650939941
40.0,13.0,13.0,0.043361663818359375
31.0,11.0,11.0,0.033915042877197266
68.0,19.0,19.0,0.07413506507873535
92.0,27.0,27.0,0.1070394515991211
34.0,15.0,15.0,0.03582763671875
28.0,9.0,9.0,0.03237509727478027
38.0,12.0,12.0,0.04294753074645996
55.0,9.0,9.0,0.058153629302978516
34.0,16.0,16.0,0.035012006759643555
72.0,30.0,30.0,0.07538604736328125
40.0,14.0,14.0,0.04818248748779297
31.0,12.0,12.0,0.030310630798339844
22.0,8.0,8.0,0.027147293090820312
27.0,8.0,8.0,0.02776646614074707
46.0,17.0,17.0,0.05562019348144531
46.0,28.0,28.0,0.044313907623291016
61.0,8.0,8.0,0.06550288200378418
43.0,18.0,18.0,0.04395794868469238
54.0,21.0,21.0,0.06063485145568848
108.0,53.0,53.0,0.11174607276916504
44.0,15.0,15.0,0.047788143157958984
22.0,10.0,10.0,0.026611328125
73.0,26.0,26.0,0.07595705986022949
74.0,25.0,25.0,0.07316064834594727
113.0,60.0,60.0,0.10958337783813477
53.0,19.0,19.0,0.05770611763000488
30.0,18.0,18.0,0.023894548416137695
60.0,24.0,24.0,0.06374430656433105
35.0,13.0,13.0,0.0371088981628418
72.0,28.0,28.0,0.06877374649047852
72.0,23.0,23.0,0.0723273754119873
30.0,18.0,18.0,0.025220632553100586
73.0,20.0,20.0,0.08849859237670898
27.0,10.0,10.0,0.040489912033081055
24.0,11.0,11.0,0.027878999710083008
162.0,48.0,48.0,0.19106006622314453
63.0,23.0,23.0,0.06476998329162598
53.0,22.0,22.0,0.05576920509338379
41.0,14.0,14.0,0.0453031063079834
36.0,16.0,16.0,0.030094623565673828
51.0,18.0,18.0,0.05483222007751465
91.0,41.0,41.0,0.09007692337036133
36.0,22.0,22.0,0.045423269271850586
50.0,17.0,17.0,0.05621504783630371
25.0,9.0,9.0,0.025935888290405273
18.0,7.0,7.0,0.02069830894470215
68.0,24.0,24.0,0.07193851470947266
39.0,13.0,13.0,0.03761458396911621
83.0,25.0,25.0,0.08428597450256348
70.0,20.0,20.0,0.06903576850891113
39.0,10.0,10.0,0.04488396644592285
24.0,10.0,10.0,0.028349637985229492
122.0,30.0,30.0,0.13833165168762207
35.0,8.0,8.0,0.03566575050354004
50.0,19.0,19.0,0.04500317573547363
39.0,23.0,23.0,0.03290200233459473
39.0,12.0,12.0,0.0493159294128418
21.0,9.0,9.0,0.017721891403198242
29.0,16.0,16.0,0.03291177749633789
105.0,27.0,27.0,0.10687661170959473
37.0,10.0,10.0,0.0322113037109375
52.0,25.0,25.0,0.04778337478637695
20.0,9.0,9.0,0.019494056701660156
49.0,24.0,24.0,0.0478665828704834
37.0,15.0,15.0,0.0309293270111084
77.0,35.0,35.0,0.06296324729919434
68.0,30.0,30.0,0.0641477108001709
38.0,14.0,14.0,0.033598899841308594
63.0,24.0,24.0,0.05043673515319824
35.0,14.0,14.0,0.032149553298950195
25.0,13.0,13.0,0.02188873291015625
43.0,20.0,20.0,0.039628028869628906
23.0,9.0,9.0,0.021806001663208008
25.0,14.0,14.0,0.019862890243530273
21.0,10.0,10.0,0.01738572120666504
59.0,20.0,20.0,0.05474853515625
44.0,19.0,19.0,0.0509181022644043
117.0,32.0,32.0,0.12788057327270508
69.0,23.0,23.0,0.07903599739074707
34.0,10.0,10.0,0.03172945976257324
70.0,14.0,14.0,0.06309390068054199
32.0,14.0,14.0,0.028627395629882812
109.0,18.0,18.0,0.09660863876342773
24.0,9.0,9.0,0.021941423416137695
103.0,25.0,25.0,0.08832073211669922
24.0,13.0,13.0,0.02373337745666504
26.0,14.0,14.0,0.022306442260742188
26.0,6.0,6.0,0.02533698081970215
67.0,26.0,26.0,0.05436515808105469
132.0,37.0,37.0,0.10938191413879395
53.0,16.0,16.0,0.040008544921875
58.0,23.0,23.0,0.043076515197753906
128.0,42.0,42.0,0.11515951156616211
110.0,28.0,28.0,0.10117936134338379
25.0,9.0,9.0,0.022766590118408203
183.0,49.0,49.0,0.1441810131072998
54.0,37.0,37.0,0.04660344123840332
77.0,31.0,31.0,0.0671083927154541
34.0,4.0,4.0,0.027678728103637695
71.0,28.0,28.0,0.06141257286071777
35.0,9.0,9.0,0.029517412185668945
141.0,41.0,41.0,0.12045502662658691
98.0,28.0,28.0,0.08333706855773926
35.0,23.0,23.0,0.0299832820892334
47.0,16.0,16.0,0.04516482353210449
98.0,39.0,39.0,0.08449387550354004
63.0,24.0,24.0,0.053296804428100586
28.0,10.0,10.0,0.0278012752532959
33.0,10.0,10.0,0.02741241455078125
96.0,22.0,22.0,0.0843958854675293
40.0,9.0,9.0,0.03616499900817871
51.0,22.0,22.0,0.04537701606750488
22.0,11.0,11.0,0.025070905685424805
32.0,20.0,20.0,0.02934432029724121
42.0,17.0,17.0,0.043122053146362305
53.0,20.0,20.0,0.04890847206115723
32.0,16.0,16.0,0.03238654136657715
168.0,43.0,43.0,0.1564037799835205
84.0,26.0,26.0,0.07965683937072754
58.0,14.0,14.0,0.04295969009399414
24.0,7.0,7.0,0.02575063705444336
44.0,17.0,17.0,0.04118990898132324
28.0,13.0,13.0,0.024541139602661133
28.0,10.0,10.0,0.026084184646606445
77.0,29.0,29.0,0.05696392059326172
21.0,8.0,8.0,0.016288042068481445
26.0,9.0,9.0,0.02061629295349121
56.0,20.0,20.0,0.043131351470947266
37.0,12.0,12.0,0.029490947723388672
23.0,8.0,8.0,0.01766228675842285
169.0,61.0,61.0,0.13951802253723145
125.0,49.0,49.0,0.10729002952575684
22.0,9.0,9.0,0.01816868782043457
47.0,19.0,19.0,0.0382230281829834
24.0,9.0,9.0,0.026699066162109375
109.0,15.0,15.0,0.10230588912963867
38.0,16.0,16.0,0.03342270851135254
29.0,11.0,11.0,0.02812361717224121
45.0,19.0,19.0,0.045748233795166016
27.0,12.0,12.0,0.028592586517333984
32.0,8.0,8.0,0.02955460548400879
29.0,10.0,10.0,0.026711463928222656
26.0,5.0,5.0,0.025828838348388672
85.0,20.0,20.0,0.0782005786895752
102.0,30.0,30.0,0.07702946662902832
37.0,19.0,19.0,0.02791881561279297
82.0,29.0,29.0,0.07062911987304688
36.0,18.0,18.0,0.03391718864440918
19.0,7.0,7.0,0.012103796005249023
24.0,9.0,9.0,0.02117013931274414
42.0,18.0,18.0,0.03476834297180176
17.0,5.0,5.0,0.015001058578491211
25.0,14.0,14.0,0.0206296443939209
71.0,19.0,19.0,0.05214524269104004
27.0,7.0,7.0,0.021471738815307617
46.0,11.0,11.0,0.038744211196899414
65.0,30.0,30.0,0.05880999565124512
42.0,15.0,15.0,0.03322887420654297
46.0,20.0,20.0,0.04124855995178223
68.0,22.0,22.0,0.06128239631652832
77.0,36.0,36.0,0.07564616203308105
43.0,14.0,14.0,0.03835153579711914
91.0,40.0,40.0,0.07967066764831543
61.0,18.0,18.0,0.06265044212341309
41.0,21.0,21.0,0.03208446502685547
27.0,15.0,15.0,0.026467084884643555
26.0,9.0,9.0,0.02197265625
108.0,52.0,52.0,0.09251666069030762
24.0,12.0,12.0,0.018270254135131836
24.0,12.0,12.0,0.01930379867553711
23.0,12.0,12.0,0.01649951934814453
65.0,23.0,23.0,0.05170011520385742
51.0,22.0,22.0,0.04489707946777344
145.0,53.0,53.0,0.11459231376647949
30.0,11.0,11.0,0.024213075637817383
36.0,19.0,19.0,0.028413057327270508
42.0,14.0,14.0,0.03628373146057129
17.0,5.0,5.0,0.013387918472290039
38.0,14.0,14.0,0.033693790435791016
20.0,8.0,8.0,0.016100406646728516
18.0,4.0,4.0,0.014549493789672852
33.0,13.0,13.0,0.024057626724243164
79.0,34.0,34.0,0.057286739349365234
53.0,20.0,20.0,0.04307842254638672
35.0,16.0,16.0,0.028631925582885742
67.0,22.0,22.0,0.05622363090515137
26.0,8.0,8.0,0.020174503326416016
20.0,9.0,9.0,0.015092134475708008
49.0,33.0,33.0,0.04228353500366211
117.0,35.0,35.0,0.09332823753356934
134.0,34.0,34.0,0.0960078239440918
144.0,54.0,54.0,0.12802481651306152
43.0,17.0,17.0,0.037075042724609375
100.0,28.0,28.0,0.09106636047363281
31.0,8.0,8.0,0.026086091995239258
33.0,10.0,10.0,0.038453102111816406
25.0,14.0,14.0,0.0208892822265625
114.0,30.0,30.0,0.1078336238861084
85.0,29.0,29.0,0.0683603286743164
29.0,14.0,14.0,0.019103288650512695
14.0,4.0,4.0,0.013045787811279297
27.0,12.0,12.0,0.016913890838623047
33.0,13.0,13.0,0.024013519287109375
42.0,20.0,20.0,0.03552603721618652
50.0,18.0,18.0,0.048980712890625
71.0,25.0,25.0,0.05967235565185547
35.0,10.0,10.0,0.04160666465759277
24.0,11.0,11.0,0.02481818199157715
61.0,20.0,20.0,0.07002830505371094
31.0,10.0,10.0,0.027369260787963867
83.0,26.0,26.0,0.07114458084106445
104.0,34.0,34.0,0.08436393737792969
56.0,24.0,24.0,0.04941987991333008
60.0,22.0,22.0,0.049178123474121094
31.0,9.0,9.0,0.02186870574951172
23.0,12.0,12.0,0.016446590423583984
90.0,30.0,30.0,0.07566189765930176
83.0,33.0,33.0,0.07617354393005371
51.0,15.0,15.0,0.041480064392089844
64.0,25.0,25.0,0.05429577827453613
104.0,41.0,41.0,0.0980386734008789
29.0,18.0,18.0,0.02743053436279297
25.0,10.0,10.0,0.018346786499023438
55.0,26.0,26.0,0.05388355255126953
133.0,53.0,53.0,0.10699748992919922
21.0,9.0,9.0,0.019722938537597656
120.0,26.0,26.0,0.09905314445495605
17.0,4.0,4.0,0.015466451644897461
41.0,21.0,21.0,0.03481316566467285
42.0,13.0,13.0,0.031216859817504883
49.0,16.0,16.0,0.04073834419250488
67.0,27.0,27.0,0.05588078498840332
27.0,13.0,13.0,0.021817922592163086
16.0,4.0,4.0,0.014096498489379883
27.0,10.0,10.0,0.02600717544555664
39.0,24.0,24.0,0.03449892997741699
38.0,18.0,18.0,0.03322935104370117
45.0,16.0,16.0,0.04139900207519531
66.0,23.0,23.0,0.053162336349487305
40.0,12.0,12.0,0.03564929962158203
33.0,16.0,16.0,0.028201580047607422
39.0,22.0,22.0,0.03247785568237305
117.0,38.0,38.0,0.11522626876831055
18.0,7.0,7.0,0.015623807907104492
29.0,12.0,12.0,0.024999380111694336
27.0,13.0,13.0,0.026426315307617188
68.0,22.0,22.0,0.05061960220336914
39.0,15.0,15.0,0.031183719635009766
57.0,14.0,14.0,0.0639955997467041
42.0,15.0,15.0,0.03372645378112793
29.0,14.0,14.0,0.026783227920532227
52.0,21.0,21.0,0.049642086029052734
36.0,22.0,22.0,0.03543591499328613
119.0,34.0,34.0,0.12564802169799805
45.0,17.0,17.0,0.05380392074584961
21.0,10.0,10.0,0.023214101791381836
31.0,16.0,16.0,0.0360407829284668
31.0,11.0,11.0,0.029897212982177734
96.0,36.0,36.0,0.0779261589050293
28.0,13.0,13.0,0.0287625789642334
58.0,18.0,18.0,0.044390201568603516
23.0,11.0,11.0,0.019870519638061523
50.0,14.0,14.0,0.04721665382385254
82.0,22.0,22.0,0.06703901290893555
47.0,21.0,21.0,0.03795647621154785
37.0,12.0,12.0,0.029113292694091797
58.0,12.0,12.0,0.0529017448425293
29.0,8.0,8.0,0.020192384719848633
60.0,20.0,20.0,0.05459284782409668
84.0,26.0,26.0,0.06603598594665527
43.0,13.0,13.0,0.03384232521057129
32.0,13.0,13.0,0.03137493133544922
39.0,16.0,16.0,0.03464484214782715
45.0,19.0,19.0,0.041785478591918945
105.0,28.0,28.0,0.08889484405517578
67.0,23.0,23.0,0.06058096885681152
49.0,22.0,22.0,0.04683041572570801
25.0,13.0,13.0,0.019279003143310547
52.0,14.0,14.0,0.03853940963745117
51.0,22.0,22.0,0.046982526779174805
43.0,21.0,21.0,0.036518096923828125
56.0,12.0,12.0,0.055084943771362305
59.0,26.0,26.0,0.048744916915893555
41.0,16.0,16.0,0.038573503494262695
48.0,16.0,16.0,0.036131858825683594
55.0,18.0,18.0,0.0460965633392334
59.0,24.0,24.0,0.054880619049072266
82.0,37.0,37.0,0.06976199150085449
21.0,10.0,10.0,0.019425630569458008
21.0,9.0,9.0,0.01773524284362793
131.0,41.0,41.0,0.11974334716796875
37.0,13.0,13.0,0.035497426986694336
96.0,25.0,25.0,0.08789658546447754
19.0,5.0,5.0,0.01771855354309082
49.0,13.0,13.0,0.054689645767211914
33.0,18.0,18.0,0.03375744819641113
67.0,17.0,17.0,0.05891704559326172
62.0,24.0,24.0,0.0650019645690918
75.0,13.0,13.0,0.08314824104309082
23.0,10.0,10.0,0.018799543380737305
86.0,27.0,27.0,0.08281397819519043
32.0,7.0,7.0,0.03508114814758301
68.0,14.0,14.0,0.06253600120544434
24.0,12.0,12.0,0.02036738395690918
45.0,17.0,17.0,0.041916608810424805
30.0,17.0,17.0,0.029639482498168945
99.0,24.0,24.0,0.1023261547088623
79.0,24.0,24.0,0.07150459289550781
34.0,11.0,11.0,0.03223228454589844
22.0,11.0,11.0,0.024641036987304688
104.0,49.0,49.0,0.09827971458435059
107.0,31.0,31.0,0.10399889945983887
70.0,30.0,30.0,0.06945133209228516
57.0,32.0,32.0,0.05141091346740723
210.0,64.0,64.0,0.19163775444030762
52.0,28.0,28.0,0.057172536849975586
73.0,15.0,15.0,0.07178902626037598
14.0,2.0,2.0,0.014196157455444336
62.0,10.0,10.0,0.05559396743774414
198.0,43.0,43.0,0.18392634391784668
40.0,10.0,10.0,0.03518033027648926
19.0,4.0,4.0,0.02137136459350586
65.0,12.0,12.0,0.06429290771484375
37.0,17.0,17.0,0.0361480712890625
58.0,11.0,11.0,0.06242012977600098
22.0,6.0,6.0,0.01959848403930664
43.0,11.0,11.0,0.033503055572509766
25.0,11.0,11.0,0.027133464813232422
90.0,17.0,17.0,0.08575582504272461
27.0,3.0,3.0,0.02761363983154297
107.0,34.0,34.0,0.09604501724243164
92.0,20.0,20.0,0.0868990421295166
30.0,14.0,14.0,0.028131723403930664
34.0,8.0,8.0,0.041065216064453125
241.0,74.0,74.0,0.25179052352905273
133.0,45.0,45.0,0.12533950805664062
65.0,21.0,21.0,0.06546831130981445
18.0,7.0,7.0,0.016912460327148438
25.0,11.0,11.0,0.02207636833190918
266.0,78.0,78.0,0.23431682586669922
31.0,13.0,13.0,0.025575637817382812
49.0,16.0,16.0,0.04389762878417969
42.0,21.0,21.0,0.08784723281860352
78.0,16.0,16.0,0.1014397144317627
84.0,49.0,49.0,0.07512855529785156
29.0,10.0,10.0,0.031717538833618164
42.0,19.0,19.0,0.05323028564453125
34.0,12.0,12.0,0.04837656021118164
62.0,21.0,21.0,0.07102227210998535
95.0,25.0,25.0,0.10651540756225586
18.0,7.0,7.0,0.013524532318115234
23.0,9.0,9.0,0.025540828704833984
53.0,20.0,20.0,0.06551074981689453
67.0,16.0,16.0,0.07631969451904297
79.0,29.0,29.0,0.0914754867553711
108.0,37.0,37.0,0.10877680778503418
29.0,11.0,11.0,0.03201127052307129
26.0,15.0,15.0,0.02527594566345215
29.0,13.0,13.0,0.026192903518676758
53.0,34.0,34.0,0.05198216438293457
26.0,13.0,13.0,0.021030426025390625
59.0,14.0,14.0,0.054869651794433594
21.0,4.0,4.0,0.01903700828552246
19.0,8.0,8.0,0.021627187728881836
81.0,22.0,22.0,0.07949090003967285
149.0,29.0,29.0,0.16590285301208496
23.0,9.0,9.0,0.0262448787689209
139.0,34.0,34.0,0.14841461181640625
61.0,14.0,14.0,0.0634913444519043
45.0,16.0,16.0,0.043982505798339844
39.0,16.0,16.0,0.03339433670043945
120.0,24.0,24.0,0.09611225128173828
188.0,46.0,46.0,0.17278289794921875
45.0,12.0,12.0,0.04614973068237305
17.0,4.0,4.0,0.013688087463378906
38.0,14.0,14.0,0.037996530532836914
43.0,16.0,16.0,0.03592491149902344
77.0,24.0,24.0,0.06756925582885742
44.0,13.0,13.0,0.03757500648498535
19.0,7.0,7.0,0.01909160614013672
28.0,13.0,13.0,0.02538156509399414
118.0,18.0,18.0,0.11706709861755371
37.0,12.0,12.0,0.03896212577819824
90.0,19.0,19.0,0.07926607131958008
102.0,14.0,14.0,0.08720946311950684
35.0,19.0,19.0,0.031693220138549805
61.0,33.0,33.0,0.05388784408569336
36.0,9.0,9.0,0.035309791564941406
36.0,17.0,17.0,0.03717827796936035
24.0,4.0,4.0,0.022060394287109375
32.0,21.0,21.0,0.027207136154174805
134.0,38.0,38.0,0.12649106979370117
54.0,34.0,34.0,0.05129575729370117
83.0,30.0,30.0,0.07552719116210938
40.0,19.0,19.0,0.038500070571899414
48.0,20.0,20.0,0.049091339111328125
23.0,12.0,12.0,0.026186466217041016
27.0,13.0,13.0,0.026149511337280273
30.0,6.0,6.0,0.02418041229248047
23.0,8.0,8.0,0.018401145935058594
39.0,21.0,21.0,0.03113698959350586
28.0,13.0,13.0,0.023737668991088867
85.0,34.0,34.0,0.07145833969116211
32.0,20.0,20.0,0.03002309799194336
34.0,14.0,14.0,0.028144121170043945
59.0,24.0,24.0,0.049714088439941406
53.0,16.0,16.0,0.061392784118652344
78.0,22.0,22.0,0.08680486679077148
92.0,33.0,33.0,0.08454227447509766
143.0,33.0,33.0,0.12601876258850098
36.0,10.0,10.0,0.034345388412475586
40.0,18.0,18.0,0.032867431640625
52.0,18.0,18.0,0.0518343448638916
85.0,19.0,19.0,0.07033872604370117
45.0,8.0,8.0,0.03985333442687988
88.0,18.0,18.0,0.08603930473327637
163.0,44.0,44.0,0.13454055786132812
119.0,38.0,38.0,0.09166431427001953
24.0,9.0,9.0,0.02189350128173828
52.0,25.0,25.0,0.05045962333679199
27.0,5.0,5.0,0.022562265396118164
42.0,17.0,17.0,0.03426170349121094
55.0,18.0,18.0,0.04749298095703125
31.0,13.0,13.0,0.02423095703125
21.0,8.0,8.0,0.014140605926513672
60.0,17.0,17.0,0.05728864669799805
84.0,23.0,23.0,0.07530951499938965
25.0,11.0,11.0,0.022961854934692383
50.0,24.0,24.0,0.04298043251037598
33.0,10.0,10.0,0.03207731246948242
25.0,11.0,11.0,0.020874977111816406
45.0,21.0,21.0,0.04476666450500488
58.0,26.0,26.0,0.05072736740112305
26.0,9.0,9.0,0.022034168243408203
26.0,10.0,10.0,0.0213472843170166
98.0,31.0,31.0,0.08553266525268555
80.0,30.0,30.0,0.0667562484741211
44.0,13.0,13.0,0.04232382774353027
26.0,15.0,15.0,0.031778573989868164
56.0,17.0,17.0,0.04631829261779785
93.0,23.0,23.0,0.07867002487182617
43.0,15.0,15.0,0.038796424865722656
49.0,13.0,13.0,0.04069948196411133
27.0,11.0,11.0,0.023678302764892578
40.0,16.0,16.0,0.035531044006347656
85.0,20.0,20.0,0.07254648208618164
38.0,7.0,7.0,0.03232312202453613
154.0,45.0,45.0,0.15267658233642578
36.0,12.0,12.0,0.03637361526489258
27.0,12.0,12.0,0.03318166732788086
102.0,29.0,29.0,0.08159518241882324
42.0,20.0,20.0,0.03751683235168457
26.0,13.0,13.0,0.019054174423217773
80.0,24.0,24.0,0.07211518287658691
80.0,39.0,39.0,0.07291698455810547
70.0,31.0,31.0,0.05732417106628418
29.0,12.0,12.0,0.02154064178466797
42.0,24.0,24.0,0.03617691993713379
70.0,8.0,8.0,0.055757999420166016
91.0,35.0,35.0,0.07795500755310059
80.0,22.0,22.0,0.07089900970458984
29.0,15.0,15.0,0.024031877517700195
74.0,28.0,28.0,0.06695890426635742
64.0,16.0,16.0,0.056859731674194336
35.0,13.0,13.0,0.03077411651611328
213.0,55.0,55.0,0.18277621269226074
120.0,25.0,25.0,0.1143338680267334
45.0,21.0,21.0,0.04179263114929199
24.0,7.0,7.0,0.017641782760620117
55.0,15.0,15.0,0.04149961471557617
53.0,26.0,26.0,0.048887014389038086
60.0,20.0,20.0,0.04394412040710449
28.0,8.0,8.0,0.0203092098236084
48.0,16.0,16.0,0.05073881149291992
53.0,38.0,38.0,0.04382133483886719
216.0,57.0,57.0,0.184617280960083
35.0,19.0,19.0,0.026730775833129883
47.0,13.0,13.0,0.038642168045043945
32.0,16.0,16.0,0.026192426681518555
57.0,20.0,20.0,0.042616844177246094
41.0,25.0,25.0,0.03262448310852051
59.0,28.0,28.0,0.06703495979309082
21.0,10.0,10.0,0.018056154251098633
71.0,25.0,25.0,0.06367778778076172
42.0,19.0,19.0,0.03853321075439453
32.0,11.0,11.0,0.02412700653076172
35.0,22.0,22.0,0.03695082664489746
75.0,28.0,28.0,0.07116508483886719
19.0,8.0,8.0,0.016094684600830078
26.0,16.0,16.0,0.022948741912841797
23.0,10.0,10.0,0.01945018768310547
22.0,10.0,10.0,0.01808953285217285
39.0,11.0,11.0,0.035004377365112305
94.0,16.0,16.0,0.07580971717834473
91.0,20.0,20.0,0.07692694664001465
21.0,10.0,10.0,0.019730806350708008
49.0,22.0,22.0,0.0348963737487793
36.0,15.0,15.0,0.033148765563964844
25.0,13.0,13.0,0.018103361129760742
23.0,10.0,10.0,0.022186756134033203
26.0,16.0,16.0,0.024951457977294922
58.0,14.0,14.0,0.04791665077209473
31.0,12.0,12.0,0.025622129440307617
37.0,9.0,9.0,0.029700040817260742
29.0,11.0,11.0,0.019062042236328125
123.0,45.0,45.0,0.10100340843200684
27.0,16.0,16.0,0.020151376724243164
294.0,80.0,80.0,0.24306368827819824
27.0,12.0,12.0,0.02409839630126953
39.0,17.0,17.0,0.03937673568725586
41.0,11.0,11.0,0.03502702713012695
25.0,9.0,9.0,0.019521713256835938
49.0,26.0,26.0,0.05133390426635742
77.0,15.0,15.0,0.05900907516479492
109.0,37.0,37.0,0.1101386547088623
93.0,26.0,26.0,0.07893562316894531
53.0,21.0,21.0,0.04180788993835449
182.0,52.0,52.0,0.16641855239868164
38.0,10.0,10.0,0.033233642578125
44.0,19.0,19.0,0.0363001823425293
27.0,13.0,13.0,0.035013675689697266
30.0,8.0,8.0,0.026303768157958984
22.0,5.0,5.0,0.02149367332458496
25.0,5.0,5.0,0.0225832462310791
20.0,6.0,6.0,0.016539812088012695
130.0,49.0,49.0,0.11455273628234863
42.0,25.0,25.0,0.03897857666015625
28.0,10.0,10.0,0.02617955207824707
16.0,4.0,4.0,0.016985654830932617
19.0,8.0,8.0,0.017043352127075195
110.0,40.0,40.0,0.1121518611907959
29.0,7.0,7.0,0.03554558753967285
26.0,12.0,12.0,0.030820369720458984
50.0,39.0,39.0,0.055587053298950195
66.0,20.0,20.0,0.06795859336853027
31.0,13.0,13.0,0.0318446159362793
41.0,20.0,20.0,0.03882002830505371
44.0,12.0,12.0,0.042093515396118164
100.0,44.0,44.0,0.10135436058044434
36.0,19.0,19.0,0.041872501373291016
67.0,20.0,20.0,0.05549025535583496
42.0,15.0,15.0,0.032989501953125
19.0,8.0,8.0,0.012968301773071289
83.0,17.0,17.0,0.07592463493347168
38.0,19.0,19.0,0.028783082962036133
36.0,13.0,13.0,0.02467942237854004
38.0,26.0,26.0,0.029865503311157227
33.0,11.0,11.0,0.028505325317382812
169.0,34.0,34.0,0.13777446746826172
54.0,24.0,24.0,0.044739723205566406
28.0,12.0,12.0,0.02213120460510254
24.0,8.0,8.0,0.01614212989807129
64.0,37.0,37.0,0.04506683349609375
26.0,10.0,10.0,0.023095130920410156
57.0,27.0,27.0,0.04657888412475586
79.0,20.0,20.0,0.06042814254760742
24.0,12.0,12.0,0.016195058822631836
47.0,12.0,12.0,0.04045557975769043
45.0,10.0,10.0,0.03966021537780762
52.0,14.0,14.0,0.03719043731689453
35.0,9.0,9.0,0.03272819519042969
40.0,17.0,17.0,0.03331565856933594
50.0,28.0,28.0,0.042611122131347656
132.0,36.0,36.0,0.11862897872924805
44.0,8.0,8.0,0.04430985450744629
21.0,9.0,9.0,0.01873469352722168
51.0,27.0,27.0,0.05317831039428711
37.0,21.0,21.0,0.0454564094543457
77.0,31.0,31.0,0.08028984069824219
51.0,15.0,15.0,0.05400562286376953
61.0,24.0,24.0,0.053910255432128906
88.0,27.0,27.0,0.0935359001159668
18.0,5.0,5.0,0.0210874080657959
93.0,32.0,32.0,0.09786152839660645
39.0,10.0,10.0,0.03804826736450195
86.0,33.0,33.0,0.10283255577087402
55.0,24.0,24.0,0.06460261344909668
41.0,27.0,27.0,0.047458648681640625
121.0,52.0,52.0,0.11988091468811035
41.0,13.0,13.0,0.03803300857543945
43.0,22.0,22.0,0.0360560417175293
23.0,7.0,7.0,0.0292508602142334
37.0,16.0,16.0,0.0391390323638916
66.0,15.0,15.0,0.06177687644958496
96.0,32.0,32.0,0.09172224998474121
22.0,8.0,8.0,0.022579193115234375
37.0,20.0,20.0,0.04627871513366699
36.0,14.0,14.0,0.035521745681762695
52.0,21.0,21.0,0.050086259841918945
37.0,20.0,20.0,0.036470651626586914
138.0,34.0,34.0,0.12587928771972656
55.0,11.0,11.0,0.049397945404052734
62.0,19.0,19.0,0.05073261260986328
60.0,28.0,28.0,0.04947471618652344
27.0,13.0,13.0,0.03165578842163086
27.0,16.0,16.0,0.021852970123291016
23.0,10.0,10.0,0.021126270294189453
20.0,10.0,10.0,0.021164655685424805
57.0,15.0,15.0,0.04535675048828125
38.0,26.0,26.0,0.03593087196350098
66.0,16.0,16.0,0.06366157531738281
256.0,72.0,72.0,0.2473452091217041
84.0,21.0,21.0,0.07974004745483398
57.0,32.0,32.0,0.04914975166320801
49.0,17.0,17.0,0.049449920654296875
66.0,27.0,27.0,0.0619809627532959
34.0,17.0,17.0,0.03719520568847656
52.0,26.0,26.0,0.046506404876708984
23.0,8.0,8.0,0.021146535873413086
56.0,9.0,9.0,0.054939985275268555
106.0,34.0,34.0,0.10058259963989258
27.0,8.0,8.0,0.02750372886657715
27.0,9.0,9.0,0.026858806610107422
90.0,45.0,45.0,0.09926319122314453
30.0,12.0,12.0,0.03258514404296875
72.0,27.0,27.0,0.07573533058166504
27.0,7.0,7.0,0.03140854835510254
159.0,46.0,46.0,0.1386723518371582
41.0,8.0,8.0,0.04106879234313965
47.0,15.0,15.0,0.04589533805847168
21.0,9.0,9.0,0.024077177047729492
26.0,8.0,8.0,0.031017065048217773
30.0,12.0,12.0,0.0278017520904541
91.0,27.0,27.0,0.0740659236907959
18.0,5.0,5.0,0.01586008071899414
33.0,18.0,18.0,0.0331568717956543
37.0,5.0,5.0,0.0327448844909668
129.0,39.0,39.0,0.12418460845947266
35.0,19.0,19.0,0.03157472610473633
52.0,27.0,27.0,0.04287552833557129
27.0,11.0,11.0,0.0235595703125
43.0,17.0,17.0,0.03925824165344238
72.0,16.0,16.0,0.0680232048034668
60.0,21.0,21.0,0.05205559730529785
38.0,14.0,14.0,0.03589224815368652
79.0,41.0,41.0,0.08083987236022949
79.0,24.0,24.0,0.07325053215026855
103.0,23.0,23.0,0.10625815391540527
28.0,13.0,13.0,0.03034496307373047
84.0,25.0,25.0,0.07253789901733398
79.0,17.0,17.0,0.08012700080871582
14.0,2.0,2.0,0.015150308609008789
32.0,5.0,5.0,0.03187251091003418
82.0,17.0,17.0,0.0740208625793457
58.0,15.0,15.0,0.05115079879760742
34.0,15.0,15.0,0.033757686614990234
22.0,11.0,11.0,0.01949787139892578
22.0,11.0,11.0,0.023433208465576172
23.0,9.0,9.0,0.021438121795654297
35.0,12.0,12.0,0.03153038024902344
34.0,12.0,12.0,0.026340007781982422
55.0,22.0,22.0,0.04357790946960449
37.0,19.0,19.0,0.03796744346618652
94.0,37.0,37.0,0.09001636505126953
53.0,16.0,16.0,0.045342445373535156
48.0,15.0,15.0,0.038213491439819336
41.0,16.0,16.0,0.045645952224731445
73.0,24.0,24.0,0.08480477333068848
37.0,8.0,8.0,0.042601823806762695
34.0,15.0,15.0,0.039700984954833984
44.0,12.0,12.0,0.04462409019470215
48.0,16.0,16.0,0.036984920501708984
131.0,36.0,36.0,0.12261843681335449
25.0,14.0,14.0,0.028020858764648438
61.0,24.0,24.0,0.0611262321472168
33.0,8.0,8.0,0.02812671661376953
27.0,10.0,10.0,0.01864767074584961
124.0,25.0,25.0,0.09805631637573242
82.0,30.0,30.0,0.07152462005615234
56.0,24.0,24.0,0.04730534553527832
29.0,7.0,7.0,0.023827791213989258
32.0,20.0,20.0,0.02764439582824707
65.0,20.0,20.0,0.05195260047912598
150.0,33.0,33.0,0.1153876781463623
73.0,31.0,31.0,0.0553281307220459
31.0,21.0,21.0,0.031044721603393555
72.0,27.0,27.0,0.05921792984008789
83.0,26.0,26.0,0.06873488426208496
30.0,15.0,15.0,0.028324127197265625
42.0,21.0,21.0,0.03738856315612793
37.0,16.0,16.0,0.033246755599975586
32.0,15.0,15.0,0.025786399841308594
35.0,23.0,23.0,0.0306243896484375
17.0,4.0,4.0,0.01562809944152832
21.0,5.0,5.0,0.01974964141845703
55.0,22.0,22.0,0.04723358154296875
22.0,10.0,10.0,0.023370027542114258
68.0,28.0,28.0,0.06642460823059082
24.0,10.0,10.0,0.023194313049316406
89.0,35.0,35.0,0.08581161499023438
89.0,39.0,39.0,0.0783393383026123
77.0,23.0,23.0,0.07625079154968262
43.0,15.0,15.0,0.03819990158081055
38.0,18.0,18.0,0.03342175483703613
53.0,14.0,14.0,0.05243849754333496
115.0,25.0,25.0,0.10453534126281738
35.0,13.0,13.0,0.030132293701171875
63.0,45.0,45.0,0.05175471305847168
40.0,12.0,12.0,0.03982996940612793
46.0,32.0,32.0,0.04300570487976074
23.0,11.0,11.0,0.026354074478149414
137.0,39.0,39.0,0.13499736785888672
96.0,34.0,34.0,0.09351086616516113
39.0,14.0,14.0,0.039045095443725586
37.0,18.0,18.0,0.03253674507141113
62.0,23.0,23.0,0.05964183807373047
78.0,21.0,21.0,0.06463098526000977
44.0,29.0,29.0,0.035924673080444336
43.0,11.0,11.0,0.04318404197692871
56.0,18.0,18.0,0.04870772361755371
157.0,59.0,59.0,0.1300029754638672
46.0,19.0,19.0,0.04584312438964844
25.0,12.0,12.0,0.03173208236694336
24.0,8.0,8.0,0.017669200897216797
30.0,12.0,12.0,0.025369882583618164
152.0,63.0,63.0,0.13761210441589355
81.0,38.0,38.0,0.06433749198913574
59.0,13.0,13.0,0.04492330551147461
162.0,55.0,55.0,0.12647390365600586
51.0,26.0,26.0,0.0429530143737793
45.0,28.0,28.0,0.03505849838256836
36.0,16.0,16.0,0.028374433517456055
41.0,11.0,11.0,0.028400659561157227
151.0,37.0,37.0,0.14554882049560547
88.0,30.0,30.0,0.08194637298583984
27.0,12.0,12.0,0.018055200576782227
52.0,14.0,14.0,0.03938436508178711
95.0,37.0,37.0,0.08899044990539551
50.0,16.0,16.0,0.047963619232177734
162.0,33.0,33.0,0.14629364013671875
110.0,27.0,27.0,0.09270405769348145
45.0,24.0,24.0,0.03537774085998535
30.0,16.0,16.0,0.024166584014892578
93.0,25.0,25.0,0.08274292945861816
74.0,21.0,21.0,0.08270525932312012
25.0,13.0,13.0,0.026769399642944336
44.0,18.0,18.0,0.04912590980529785
32.0,18.0,18.0,0.03402972221374512
103.0,24.0,24.0,0.08495616912841797
19.0,8.0,8.0,0.017142057418823242
88.0,21.0,21.0,0.07791304588317871
31.0,8.0,8.0,0.03108048439025879
22.0,9.0,9.0,0.02424764633178711
28.0,15.0,15.0,0.021321535110473633
62.0,14.0,14.0,0.056791067123413086
80.0,17.0,17.0,0.0758061408996582
111.0,35.0,35.0,0.1064298152923584
37.0,9.0,9.0,0.036019325256347656
18.0,7.0,7.0,0.01817941665649414
121.0,32.0,32.0,0.11408472061157227
30.0,10.0,10.0,0.02585124969482422
16.0,3.0,3.0,0.01329493522644043
91.0,34.0,34.0,0.07989335060119629
32.0,11.0,11.0,0.027828454971313477
59.0,22.0,22.0,0.05294370651245117
24.0,9.0,9.0,0.023666858673095703
56.0,17.0,17.0,0.04688239097595215
103.0,49.0,49.0,0.09999322891235352
110.0,31.0,31.0,0.10293245315551758
30.0,8.0,8.0,0.044149160385131836
21.0,9.0,9.0,0.0268404483795166
27.0,15.0,15.0,0.028827667236328125
54.0,21.0,21.0,0.05230259895324707
34.0,21.0,21.0,0.029503345489501953
61.0,18.0,18.0,0.05221891403198242
49.0,18.0,18.0,0.04706740379333496
55.0,18.0,18.0,0.049900054931640625
146.0,57.0,57.0,0.11753249168395996
212.0,64.0,64.0,0.16366171836853027
27.0,10.0,10.0,0.01789712905883789
39.0,10.0,10.0,0.030948400497436523
34.0,12.0,12.0,0.025787830352783203
43.0,12.0,12.0,0.0374760627746582
49.0,17.0,17.0,0.04052162170410156
53.0,12.0,12.0,0.05356955528259277
76.0,27.0,27.0,0.07212162017822266
17.0,5.0,5.0,0.013823509216308594
63.0,18.0,18.0,0.06494355201721191
93.0,30.0,30.0,0.0803842544555664
47.0,6.0,6.0,0.048065185546875
24.0,9.0,9.0,0.014311552047729492
53.0,9.0,9.0,0.04383111000061035
29.0,13.0,13.0,0.03328514099121094
119.0,59.0,59.0,0.1024928092956543
79.0,35.0,35.0,0.062238454818725586
34.0,15.0,15.0,0.028388500213623047
61.0,21.0,21.0,0.04782843589782715
110.0,35.0,35.0,0.08917713165283203
52.0,18.0,18.0,0.04545426368713379
51.0,13.0,13.0,0.03747081756591797
19.0,4.0,4.0,0.019085168838500977
51.0,31.0,31.0,0.04230093955993652
76.0,20.0,20.0,0.0617680549621582
36.0,14.0,14.0,0.03155946731567383
45.0,16.0,16.0,0.04095816612243652
38.0,23.0,23.0,0.034334659576416016
61.0,30.0,30.0,0.04875063896179199
26.0,8.0,8.0,0.02276611328125
24.0,10.0,10.0,0.024678945541381836
20.0,5.0,5.0,0.01769089698791504
105.0,33.0,33.0,0.08524131774902344
55.0,19.0,19.0,0.04208517074584961
34.0,12.0,12.0,0.030020475387573242
83.0,34.0,34.0,0.07602667808532715
14.0,3.0,3.0,0.013211488723754883
33.0,12.0,12.0,0.03110790252685547
57.0,14.0,14.0,0.04849863052368164
196.0,59.0,59.0,0.18296360969543457
44.0,20.0,20.0,0.040476083755493164
26.0,14.0,14.0,0.026569128036499023
41.0,19.0,19.0,0.04387354850769043
24.0,11.0,11.0,0.02686452865600586
129.0,37.0,37.0,0.11828947067260742
54.0,16.0,16.0,0.04939079284667969
51.0,17.0,17.0,0.0405726432800293
192.0,46.0,46.0,0.17429804801940918
57.0,17.0,17.0,0.06008291244506836
43.0,18.0,18.0,0.0426027774810791
45.0,23.0,23.0,0.03950142860412598
25.0,12.0,12.0,0.022759675979614258
30.0,15.0,15.0,0.028128623962402344
158.0,49.0,49.0,0.1419665813446045
71.0,29.0,29.0,0.07196474075317383
32.0,14.0,14.0,0.027719736099243164
20.0,6.0,6.0,0.02227187156677246
54.0,22.0,22.0,0.048603057861328125
52.0,22.0,22.0,0.04967689514160156
110.0,43.0,43.0,0.10003542900085449
28.0,13.0,13.0,0.026189088821411133
26.0,14.0,14.0,0.020679950714111328
57.0,11.0,11.0,0.04643726348876953
19.0,8.0,8.0,0.017061710357666016
75.0,30.0,30.0,0.0663917064666748
43.0,25.0,25.0,0.03810429573059082
46.0,13.0,13.0,0.04426765441894531
94.0,34.0,34.0,0.08342266082763672
68.0,19.0,19.0,0.06495022773742676
51.0,29.0,29.0,0.039702653884887695
44.0,15.0,15.0,0.03741598129272461
57.0,15.0,15.0,0.043978214263916016
71.0,33.0,33.0,0.06434106826782227
45.0,18.0,18.0,0.04924464225769043
55.0,26.0,26.0,0.04531693458557129
58.0,19.0,19.0,0.04199051856994629
27.0,11.0,11.0,0.01816415786743164
87.0,33.0,33.0,0.06373977661132812
20.0,6.0,6.0,0.015269279479980469
40.0,13.0,13.0,0.03407478332519531
32.0,18.0,18.0,0.03250908851623535
65.0,10.0,10.0,0.0549623966217041
32.0,9.0,9.0,0.02688002586364746
23.0,10.0,10.0,0.020431995391845703
19.0,5.0,5.0,0.01662445068359375
56.0,16.0,16.0,0.05270791053771973
32.0,14.0,14.0,0.04231977462768555
129.0,37.0,37.0,0.1335432529449463
30.0,18.0,18.0,0.025831937789916992
18.0,5.0,5.0,0.020879507064819336
49.0,19.0,19.0,0.04741835594177246
33.0,13.0,13.0,0.04344010353088379
36.0,11.0,11.0,0.04250931739807129
57.0,23.0,23.0,0.07592940330505371
34.0,7.0,7.0,0.03385138511657715
47.0,9.0,9.0,0.05646920204162598
39.0,17.0,17.0,0.04111909866333008
16.0,6.0,6.0,0.014327764511108398
72.0,28.0,28.0,0.08190441131591797
25.0,14.0,14.0,0.02468729019165039
117.0,35.0,35.0,0.1329195499420166
23.0,10.0,10.0,0.02175426483154297
36.0,14.0,14.0,0.039510488510131836
80.0,22.0,22.0,0.08057785034179688
53.0,12.0,12.0,0.05130314826965332
159.0,41.0,41.0,0.16333580017089844
45.0,21.0,21.0,0.047898292541503906
173.0,50.0,50.0,0.1671006679534912
42.0,19.0,19.0,0.04119753837585449
33.0,14.0,14.0,0.029881954193115234
33.0,12.0,12.0,0.03156280517578125
34.0,8.0,8.0,0.027921199798583984
124.0,32.0,32.0,0.11195039749145508
17.0,6.0,6.0,0.0192718505859375
33.0,15.0,15.0,0.032895803451538086
66.0,31.0,31.0,0.05910134315490723
42.0,13.0,13.0,0.037801265716552734
40.0,22.0,22.0,0.033239126205444336
84.0,32.0,32.0,0.07763409614562988
53.0,22.0,22.0,0.0535891056060791
47.0,31.0,31.0,0.04956483840942383
119.0,35.0,35.0,0.11981344223022461
116.0,34.0,34.0,0.10768461227416992
30.0,19.0,19.0,0.027566194534301758
35.0,14.0,14.0,0.03179502487182617
60.0,25.0,25.0,0.05786466598510742
82.0,21.0,21.0,0.07396197319030762
52.0,15.0,15.0,0.050092458724975586
21.0,8.0,8.0,0.021356582641601562
35.0,14.0,14.0,0.03891324996948242
41.0,12.0,12.0,0.04516720771789551
42.0,12.0,12.0,0.040064334869384766
82.0,37.0,37.0,0.08871126174926758
47.0,14.0,14.0,0.04351353645324707
38.0,12.0,12.0,0.03610491752624512
144.0,43.0,43.0,0.1189115047454834
87.0,33.0,33.0,0.07135152816772461
38.0,17.0,17.0,0.039927005767822266
48.0,17.0,17.0,0.04750871658325195
45.0,21.0,21.0,0.04543471336364746
76.0,16.0,16.0,0.07452678680419922
75.0,31.0,31.0,0.07575178146362305
63.0,20.0,20.0,0.05879402160644531
31.0,5.0,5.0,0.03321647644042969
76.0,18.0,18.0,0.07606267929077148
55.0,16.0,16.0,0.051949262619018555
47.0,19.0,19.0,0.058551788330078125
33.0,16.0,16.0,0.026840925216674805
28.0,10.0,10.0,0.0228121280670166
31.0,7.0,7.0,0.02608323097229004
85.0,28.0,28.0,0.08488178253173828
134.0,42.0,42.0,0.13280367851257324
45.0,18.0,18.0,0.0372004508972168
17.0,5.0,5.0,0.0220644474029541
73.0,9.0,9.0,0.0639505386352539
17.0,6.0,6.0,0.018673181533813477
15.0,3.0,3.0,0.018182754516601562
40.0,13.0,13.0,0.033615827560424805
39.0,17.0,17.0,0.030434131622314453
42.0,16.0,16.0,0.03387594223022461
48.0,25.0,25.0,0.04327225685119629
68.0,19.0,19.0,0.0708773136138916
47.0,13.0,13.0,0.05102968215942383
59.0,19.0,19.0,0.04510664939880371
68.0,24.0,24.0,0.06052041053771973
52.0,25.0,25.0,0.056159019470214844
47.0,17.0,17.0,0.04048013687133789
66.0,18.0,18.0,0.060277462005615234
38.0,22.0,22.0,0.03431391716003418
71.0,36.0,36.0,0.06859278678894043
24.0,12.0,12.0,0.030193567276000977
36.0,16.0,16.0,0.036134958267211914
45.0,13.0,13.0,0.04852557182312012
16.0,5.0,5.0,0.014954090118408203
48.0,14.0,14.0,0.04665017127990723
35.0,10.0,10.0,0.03536558151245117
20.0,9.0,9.0,0.021405458450317383
41.0,14.0,14.0,0.038817405700683594
24.0,13.0,13.0,0.0228726863861084
24.0,10.0,10.0,0.02489471435546875
34.0,9.0,9.0,0.0352020263671875
29.0,17.0,17.0,0.024369001388549805
107.0,41.0,41.0,0.09620070457458496
37.0,12.0,12.0,0.03336811065673828
57.0,15.0,15.0,0.04860186576843262
79.0,29.0,29.0,0.05744647979736328
47.0,21.0,21.0,0.034538984298706055
45.0,23.0,23.0,0.033750057220458984
41.0,12.0,12.0,0.03258872032165527
86.0,37.0,37.0,0.0709228515625
18.0,7.0,7.0,0.010703802108764648
40.0,5.0,5.0,0.027521371841430664
133.0,26.0,26.0,0.10871767997741699
48.0,16.0,16.0,0.04993486404418945
64.0,25.0,25.0,0.04724931716918945
28.0,16.0,16.0,0.025837182998657227
55.0,18.0,18.0,0.04624056816101074
34.0,11.0,11.0,0.035384416580200195
53.0,19.0,19.0,0.04996180534362793
45.0,16.0,16.0,0.04119443893432617
111.0,33.0,33.0,0.08340024948120117
52.0,11.0,11.0,0.04552102088928223
74.0,24.0,24.0,0.06806254386901855
21.0,9.0,9.0,0.027451515197753906
45.0,22.0,22.0,0.054848670959472656
58.0,34.0,34.0,0.05928945541381836
67.0,22.0,22.0,0.07097363471984863
56.0,20.0,20.0,0.05321383476257324
115.0,48.0,48.0,0.11148333549499512
44.0,9.0,9.0,0.042986154556274414
42.0,14.0,14.0,0.03904366493225098
26.0,7.0,7.0,0.026710033416748047
46.0,17.0,17.0,0.03752875328063965
56.0,13.0,13.0,0.056627511978149414
28.0,11.0,11.0,0.021226882934570312
75.0,21.0,21.0,0.0690004825592041
27.0,12.0,12.0,0.024831056594848633
56.0,20.0,20.0,0.041584014892578125
57.0,24.0,24.0,0.07158899307250977
106.0,35.0,35.0,0.12085890769958496
89.0,29.0,29.0,0.09923624992370605
27.0,12.0,12.0,0.02620410919189453
42.0,19.0,19.0,0.031046390533447266
117.0,28.0,28.0,0.11088347434997559
21.0,11.0,11.0,0.022523164749145508
22.0,7.0,7.0,0.021384477615356445
94.0,19.0,19.0,0.0912168025970459
65.0,23.0,23.0,0.060947418212890625
25.0,13.0,13.0,0.021001815795898438
44.0,11.0,11.0,0.040268898010253906
77.0,39.0,39.0,0.06577348709106445
30.0,8.0,8.0,0.028323888778686523
29.0,8.0,8.0,0.027193307876586914
43.0,15.0,15.0,0.04642224311828613
162.0,40.0,40.0,0.14045405387878418
24.0,10.0,10.0,0.02875804901123047
49.0,18.0,18.0,0.04892611503601074
122.0,37.0,37.0,0.11596274375915527
30.0,15.0,15.0,0.030737876892089844
38.0,12.0,12.0,0.02794027328491211
21.0,7.0,7.0,0.016713380813598633
21.0,10.0,10.0,0.018494367599487305
26.0,16.0,16.0,0.02438497543334961
118.0,34.0,34.0,0.10369586944580078
25.0,13.0,13.0,0.01927971839904785
43.0,26.0,26.0,0.03850364685058594
54.0,20.0,20.0,0.050966739654541016
78.0,34.0,34.0,0.06559920310974121
179.0,48.0,48.0,0.15323472023010254
30.0,9.0,9.0,0.025552988052368164
70.0,25.0,25.0,0.08832621574401855
28.0,14.0,14.0,0.026815414428710938
62.0,19.0,19.0,0.052431583404541016
82.0,28.0,28.0,0.05056452751159668
92.0,11.0,11.0,0.07451343536376953
59.0,20.0,20.0,0.03843975067138672
22.0,10.0,10.0,0.01364755630493164
48.0,32.0,32.0,0.04317879676818848
21.0,7.0,7.0,0.015473604202270508
47.0,24.0,24.0,0.04077410697937012
147.0,45.0,45.0,0.11530590057373047
44.0,20.0,20.0,0.034723520278930664
103.0,34.0,34.0,0.06384849548339844
53.0,19.0,19.0,0.03693342208862305
82.0,27.0,27.0,0.053199052810668945
62.0,18.0,18.0,0.043561697006225586
103.0,40.0,40.0,0.07303476333618164
55.0,29.0,29.0,0.04039478302001953
102.0,29.0,29.0,0.0728766918182373
37.0,17.0,17.0,0.02382206916809082
37.0,22.0,22.0,0.024777650833129883
137.0,38.0,38.0,0.09145617485046387
90.0,42.0,42.0,0.06129312515258789
35.0,15.0,15.0,0.026606082916259766
30.0,8.0,8.0,0.019782304763793945
82.0,17.0,17.0,0.04992175102233887
86.0,23.0,23.0,0.05922222137451172
104.0,31.0,31.0,0.07529997825622559
42.0,19.0,19.0,0.03203845024108887
25.0,9.0,9.0,0.016810894012451172
24.0,13.0,13.0,0.016626358032226562
47.0,15.0,15.0,0.03209352493286133
32.0,17.0,17.0,0.02092266082763672
24.0,7.0,7.0,0.016588926315307617
66.0,23.0,23.0,0.042803049087524414
98.0,42.0,42.0,0.0680849552154541
45.0,33.0,33.0,0.02960062026977539
41.0,23.0,23.0,0.02821636199951172
31.0,20.0,20.0,0.023865699768066406
39.0,16.0,16.0,0.02357792854309082
23.0,13.0,13.0,0.017879962921142578
67.0,25.0,25.0,0.042063236236572266
50.0,10.0,10.0,0.031659841537475586
18.0,7.0,7.0,0.011262655258178711
131.0,50.0,50.0,0.08700108528137207
31.0,12.0,12.0,0.020004749298095703
167.0,32.0,32.0,0.11240601539611816
36.0,23.0,23.0,0.02634143829345703
163.0,54.0,54.0,0.11149907112121582
86.0,29.0,29.0,0.06025362014770508
94.0,30.0,30.0,0.06561827659606934
91.0,54.0,54.0,0.06282234191894531
17.0,5.0,5.0,0.010235071182250977
40.0,14.0,14.0,0.027445077896118164
20.0,9.0,9.0,0.012878894805908203
131.0,36.0,36.0,0.09754562377929688
30.0,17.0,17.0,0.02016472816467285
20.0,10.0,10.0,0.013478994369506836
35.0,11.0,11.0,0.02309393882751465
37.0,10.0,10.0,0.029328584671020508
51.0,32.0,32.0,0.03320884704589844
49.0,10.0,10.0,0.03379988670349121
30.0,18.0,18.0,0.019618988037109375
36.0,22.0,22.0,0.0259859561920166
36.0,13.0,13.0,0.024021625518798828
74.0,24.0,24.0,0.05113029479980469
78.0,25.0,25.0,0.055947303771972656
49.0,17.0,17.0,0.03622126579284668
32.0,13.0,13.0,0.024009227752685547
61.0,25.0,25.0,0.04485034942626953
52.0,26.0,26.0,0.03389763832092285
81.0,30.0,30.0,0.05744290351867676
51.0,23.0,23.0,0.03327608108520508
61.0,15.0,15.0,0.03899216651916504
50.0,20.0,20.0,0.031119108200073242
76.0,27.0,27.0,0.04910397529602051
68.0,25.0,25.0,0.043530941009521484
25.0,11.0,11.0,0.01573491096496582
60.0,22.0,22.0,0.04137301445007324
75.0,27.0,27.0,0.048157691955566406
85.0,34.0,34.0,0.055690765380859375
63.0,21.0,21.0,0.044028282165527344
30.0,18.0,18.0,0.0199735164642334
69.0,16.0,16.0,0.04712629318237305
61.0,17.0,17.0,0.04676079750061035
86.0,17.0,17.0,0.0585329532623291
25.0,13.0,13.0,0.016663551330566406
81.0,34.0,34.0,0.061431884765625
47.0,24.0,24.0,0.031501054763793945
40.0,13.0,13.0,0.029665231704711914
60.0,34.0,34.0,0.04441714286804199
78.0,17.0,17.0,0.05947685241699219
22.0,10.0,10.0,0.016743183135986328
33.0,15.0,15.0,0.023285388946533203
182.0,57.0,57.0,0.1361405849456787
21.0,9.0,9.0,0.014734983444213867
83.0,33.0,33.0,0.05061507225036621
68.0,20.0,20.0,0.04436159133911133
37.0,21.0,21.0,0.02429676055908203
49.0,13.0,13.0,0.03657364845275879
124.0,40.0,40.0,0.08461976051330566
47.0,26.0,26.0,0.033074378967285156
86.0,47.0,47.0,0.06129717826843262
32.0,12.0,12.0,0.024133682250976562
58.0,15.0,15.0,0.0402522087097168
31.0,10.0,10.0,0.021863222122192383
43.0,13.0,13.0,0.02971363067626953
35.0,12.0,12.0,0.02612590789794922
82.0,12.0,12.0,0.06240105628967285
131.0,57.0,57.0,0.09824824333190918
132.0,39.0,39.0,0.08600878715515137
52.0,15.0,15.0,0.04314064979553223
41.0,18.0,18.0,0.038739681243896484
47.0,20.0,20.0,0.03237342834472656
121.0,50.0,50.0,0.07976102828979492
26.0,11.0,11.0,0.018628835678100586
106.0,23.0,23.0,0.07572531700134277
84.0,27.0,27.0,0.055982112884521484
74.0,29.0,29.0,0.05329394340515137
86.0,23.0,23.0,0.059911489486694336
90.0,30.0,30.0,0.06179451942443848
53.0,20.0,20.0,0.03604316711425781
147.0,52.0,52.0,0.09485960006713867
130.0,44.0,44.0,0.08441543579101562
213.0,72.0,72.0,0.14906859397888184
30.0,14.0,14.0,0.021737337112426758
47.0,17.0,17.0,0.03251194953918457
35.0,21.0,21.0,0.023247957229614258
35.0,23.0,23.0,0.02301025390625
95.0,25.0,25.0,0.06416630744934082
33.0,13.0,13.0,0.020760774612426758
35.0,15.0,15.0,0.029035568237304688
26.0,12.0,12.0,0.02008199691772461
43.0,14.0,14.0,0.029137611389160156
72.0,31.0,31.0,0.05098223686218262
126.0,47.0,47.0,0.09489083290100098
33.0,21.0,21.0,0.022285938262939453
89.0,24.0,24.0,0.06303071975708008
25.0,11.0,11.0,0.016424894332885742
170.0,46.0,46.0,0.1263127326965332
78.0,25.0,25.0,0.04952549934387207
32.0,20.0,20.0,0.02021169662475586
63.0,13.0,13.0,0.04707527160644531
27.0,6.0,6.0,0.02140522003173828
104.0,28.0,28.0,0.0800466537475586
72.0,30.0,30.0,0.04830360412597656
59.0,34.0,34.0,0.05072331428527832
65.0,31.0,31.0,0.050096750259399414
70.0,13.0,13.0,0.06324005126953125
43.0,23.0,23.0,0.03193044662475586
36.0,7.0,7.0,0.026119232177734375
45.0,20.0,20.0,0.030419111251831055
119.0,57.0,57.0,0.08741307258605957
52.0,17.0,17.0,0.03621172904968262
27.0,12.0,12.0,0.031111478805541992
28.0,11.0,11.0,0.03226804733276367
58.0,31.0,31.0,0.03580021858215332
62.0,22.0,22.0,0.03704071044921875
32.0,12.0,12.0,0.019196033477783203
40.0,9.0,9.0,0.02399444580078125
47.0,4.0,4.0,0.03600358963012695
57.0,24.0,24.0,0.0462040901184082
22.0,7.0,7.0,0.015842676162719727
39.0,12.0,12.0,0.0317230224609375
89.0,28.0,28.0,0.07826638221740723
148.0,32.0,32.0,0.12452578544616699
16.0,4.0,4.0,0.012289285659790039
32.0,11.0,11.0,0.022195816040039062
145.0,45.0,45.0,0.12005043029785156
110.0,38.0,38.0,0.08137273788452148
48.0,32.0,32.0,0.036468505859375
48.0,19.0,19.0,0.031469106674194336
83.0,22.0,22.0,0.0642707347869873
95.0,34.0,34.0,0.06287384033203125
60.0,33.0,33.0,0.04124188423156738
27.0,14.0,14.0,0.02405524253845215
72.0,15.0,15.0,0.05808687210083008
170.0,36.0,36.0,0.1261730194091797
27.0,15.0,15.0,0.018093585968017578
36.0,7.0,7.0,0.024566173553466797
97.0,33.0,33.0,0.06640505790710449
44.0,17.0,17.0,0.027815818786621094
26.0,9.0,9.0,0.02357649803161621
27.0,14.0,14.0,0.020580530166625977
24.0,13.0,13.0,0.022278547286987305
72.0,28.0,28.0,0.05698823928833008
87.0,21.0,21.0,0.06915903091430664
58.0,14.0,14.0,0.046334028244018555
34.0,8.0,8.0,0.021477222442626953
88.0,34.0,34.0,0.05842018127441406
70.0,20.0,20.0,0.05329418182373047
78.0,27.0,27.0,0.05694746971130371
17.0,4.0,4.0,0.013397455215454102
26.0,15.0,15.0,0.020291566848754883
35.0,13.0,13.0,0.02931380271911621
42.0,17.0,17.0,0.03602886199951172
19.0,5.0,5.0,0.01894068717956543
54.0,22.0,22.0,0.04024696350097656
68.0,19.0,19.0,0.05670166015625
59.0,26.0,26.0,0.03699803352355957
57.0,25.0,25.0,0.04032707214355469
46.0,14.0,14.0,0.030811071395874023
43.0,16.0,16.0,0.02606654167175293
35.0,7.0,7.0,0.022409677505493164
100.0,18.0,18.0,0.08684206008911133
56.0,18.0,18.0,0.03879809379577637
153.0,37.0,37.0,0.12269878387451172
31.0,15.0,15.0,0.022573232650756836
134.0,39.0,39.0,0.14989948272705078
32.0,16.0,16.0,0.018733501434326172
29.0,17.0,17.0,0.018273353576660156
45.0,20.0,20.0,0.03012394905090332
27.0,13.0,13.0,0.018164634704589844
60.0,15.0,15.0,0.035189151763916016
106.0,38.0,38.0,0.06951904296875
35.0,11.0,11.0,0.025349855422973633
53.0,29.0,29.0,0.03301215171813965
30.0,11.0,11.0,0.019537925720214844
47.0,8.0,8.0,0.028841257095336914
42.0,7.0,7.0,0.02734541893005371
70.0,19.0,19.0,0.04429984092712402
31.0,9.0,9.0,0.018563508987426758
44.0,15.0,15.0,0.02895832061767578
31.0,11.0,11.0,0.01921248435974121
81.0,40.0,40.0,0.05063152313232422
28.0,9.0,9.0,0.019726276397705078
66.0,22.0,22.0,0.044677019119262695
74.0,28.0,28.0,0.048233747482299805
111.0,34.0,34.0,0.07253527641296387
78.0,22.0,22.0,0.04883408546447754
45.0,12.0,12.0,0.02816939353942871
123.0,23.0,23.0,0.08363103866577148
62.0,22.0,22.0,0.04336380958557129
42.0,15.0,15.0,0.027543067932128906
17.0,2.0,2.0,0.010008096694946289
24.0,10.0,10.0,0.015449047088623047
65.0,26.0,26.0,0.03902935981750488
31.0,16.0,16.0,0.018938541412353516
86.0,27.0,27.0,0.06489896774291992
81.0,27.0,27.0,0.05188465118408203
22.0,12.0,12.0,0.012039661407470703
27.0,6.0,6.0,0.018355131149291992
22.0,6.0,6.0,0.019304275512695312
25.0,13.0,13.0,0.016804218292236328
28.0,7.0,7.0,0.016998291015625
20.0,9.0,9.0,0.013559818267822266
31.0,6.0,6.0,0.020633697509765625
74.0,26.0,26.0,0.043646812438964844
19.0,5.0,5.0,0.01882338523864746
160.0,46.0,46.0,0.11818242073059082
61.0,19.0,19.0,0.04946756362915039
39.0,13.0,13.0,0.031156063079833984
69.0,22.0,22.0,0.04253816604614258
24.0,8.0,8.0,0.015594720840454102
85.0,29.0,29.0,0.059557437896728516
157.0,64.0,64.0,0.09957528114318848
25.0,14.0,14.0,0.020735502243041992
31.0,14.0,14.0,0.030710458755493164
32.0,14.0,14.0,0.022018909454345703
39.0,23.0,23.0,0.028556346893310547
34.0,11.0,11.0,0.026994943618774414
71.0,32.0,32.0,0.053229570388793945
29.0,8.0,8.0,0.030743122100830078
31.0,10.0,10.0,0.019205808639526367
114.0,23.0,23.0,0.06745100021362305
18.0,6.0,6.0,0.01066732406616211
23.0,12.0,12.0,0.013210773468017578
43.0,26.0,26.0,0.02913832664489746
56.0,16.0,16.0,0.04243206977844238
48.0,20.0,20.0,0.02819228172302246
198.0,49.0,49.0,0.12651276588439941
42.0,9.0,9.0,0.0370333194732666
24.0,9.0,9.0,0.015999555587768555
56.0,19.0,19.0,0.041332244873046875
55.0,10.0,10.0,0.036663055419921875
69.0,18.0,18.0,0.05547642707824707
46.0,17.0,17.0,0.03761887550354004
21.0,10.0,10.0,0.01388239860534668
47.0,11.0,11.0,0.030149459838867188
35.0,15.0,15.0,0.026078224182128906
75.0,32.0,32.0,0.049840450286865234
49.0,7.0,7.0,0.028007984161376953
34.0,9.0,9.0,0.020910978317260742
87.0,31.0,31.0,0.0523219108581543
46.0,14.0,14.0,0.03083634376525879
24.0,11.0,11.0,0.016497373580932617
100.0,39.0,39.0,0.07169723510742188
22.0,7.0,7.0,0.017046451568603516
31.0,17.0,17.0,0.026903867721557617
38.0,12.0,12.0,0.025458574295043945
70.0,22.0,22.0,0.04787421226501465
23.0,6.0,6.0,0.013567447662353516
65.0,26.0,26.0,0.03751969337463379
53.0,12.0,12.0,0.041162967681884766
52.0,13.0,13.0,0.03185844421386719
23.0,11.0,11.0,0.01429295539855957
56.0,19.0,19.0,0.0362241268157959
28.0,10.0,10.0,0.01651763916015625
98.0,33.0,33.0,0.07528448104858398
72.0,22.0,22.0,0.0424959659576416
34.0,16.0,16.0,0.01973557472229004
45.0,13.0,13.0,0.026802539825439453
67.0,27.0,27.0,0.03952527046203613
77.0,18.0,18.0,0.04392647743225098
15.0,4.0,4.0,0.008995532989501953
25.0,8.0,8.0,0.015050649642944336
84.0,18.0,18.0,0.05109000205993652
22.0,5.0,5.0,0.013897180557250977
57.0,28.0,28.0,0.03926825523376465
174.0,52.0,52.0,0.1397707462310791
128.0,39.0,39.0,0.1045541763305664
21.0,7.0,7.0,0.023711204528808594
23.0,6.0,6.0,0.02525806427001953
25.0,8.0,8.0,0.0194242000579834
32.0,17.0,17.0,0.027663469314575195
68.0,24.0,24.0,0.049282073974609375
42.0,22.0,22.0,0.0246579647064209
33.0,14.0,14.0,0.02144622802734375
