Timesteps,Collisions,Steps Waited,Real-Time Elapsed
450.0,13.0,13.0,0.7421526908874512
109.0,1.0,1.0,0.19127893447875977
149.0,3.0,3.0,0.23875999450683594
211.0,6.0,6.0,0.3365623950958252
288.0,4.0,4.0,0.46706056594848633
62.0,0.0,0.0,0.11243391036987305
450.0,13.0,13.0,0.7421526908874512
109.0,1.0,1.0,0.1912789344787597
149.0,3.0,3.0,0.2387599945068359
211.0,6.0,6.0,0.3365623950958252
288.0,4.0,4.0,0.4670605659484863
62.0,0.0,0.0,0.112433910369873
101.0,1.0,1.0,0.14586758613586426
673.0,7.0,7.0,1.0455081462860107
153.0,0.0,0.0,0.22156548500061035
340.0,4.0,4.0,0.4966163635253906
446.0,11.0,11.0,0.7014925479888916
404.0,10.0,10.0,0.6138744354248047
326.0,2.0,2.0,0.5342485904693604
443.0,16.0,16.0,0.7353298664093018
656.0,16.0,16.0,1.0117168426513672
887.0,14.0,14.0,1.3934664726257324
501.0,8.0,8.0,0.7903611660003662
1557.0,25.0,25.0,2.4042000770568848
134.0,3.0,3.0,0.19798517227172852
322.0,11.0,11.0,0.5279743671417236
228.0,4.0,4.0,0.33055639266967773
578.0,2.0,2.0,0.8492856025695801
529.0,16.0,16.0,0.8648715019226074
371.0,7.0,7.0,0.542522668838501
191.0,4.0,4.0,0.2908511161804199
1605.0,29.0,29.0,2.4102067947387695
360.0,15.0,15.0,0.5322122573852539
77.0,2.0,2.0,0.11015725135803223
217.0,5.0,5.0,0.3204195499420166
275.0,3.0,3.0,0.45775818824768066
44.0,2.0,2.0,0.07100105285644531
77.0,2.0,2.0,0.12004303932189941
391.0,10.0,10.0,0.5763142108917236
51.0,1.0,1.0,0.07011961936950684
298.0,11.0,11.0,0.4572148323059082
294.0,3.0,3.0,0.478989839553833
57.0,2.0,2.0,0.09004449844360352
816.0,10.0,10.0,1.3902838230133057
488.0,12.0,12.0,0.7700369358062744
256.0,5.0,5.0,0.44919753074645996
871.0,26.0,26.0,1.365790843963623
568.0,10.0,10.0,0.8747344017028809
225.0,9.0,9.0,0.3404219150543213
56.0,4.0,4.0,0.08009696006774902
269.0,3.0,3.0,0.40915489196777344
331.0,5.0,5.0,0.49974584579467773
188.0,2.0,2.0,0.2802562713623047
144.0,0.0,0.0,0.20879244804382324
39.0,0.0,0.0,0.07158398628234863
87.0,3.0,3.0,0.12867522239685059
148.0,4.0,4.0,0.27752161026000977
112.0,2.0,2.0,0.16412878036499023
554.0,22.0,22.0,0.8093588352203369
343.0,10.0,10.0,0.5082778930664062
75.0,1.0,1.0,0.13034367561340332
47.0,0.0,0.0,0.07997989654541016
353.0,5.0,5.0,0.5637292861938477
156.0,2.0,2.0,0.23531365394592285
927.0,14.0,14.0,1.374823808670044
109.0,3.0,3.0,0.1602315902709961
146.0,2.0,2.0,0.2295835018157959
847.0,14.0,14.0,1.2910709381103516
876.0,23.0,23.0,1.3960230350494385
911.0,16.0,16.0,1.3302016258239746
623.0,8.0,8.0,0.984266996383667
83.0,4.0,4.0,0.13391876220703125
534.0,6.0,6.0,0.8473095893859863
438.0,10.0,10.0,0.6899068355560303
306.0,11.0,11.0,0.5382118225097656
428.0,3.0,3.0,0.6757631301879883
62.0,0.0,0.0,0.0854637622833252
269.0,8.0,8.0,0.40032267570495605
485.0,3.0,3.0,0.7293548583984375
381.0,1.0,1.0,0.6311707496643066
311.0,16.0,16.0,0.4903087615966797
235.0,6.0,6.0,0.3391122817993164
89.0,0.0,0.0,0.13031268119812012
458.0,12.0,12.0,0.661085844039917
313.0,12.0,12.0,0.5166234970092773
280.0,4.0,4.0,0.41856884956359863
104.0,2.0,2.0,0.15031647682189941
119.0,0.0,0.0,0.1687324047088623
114.0,3.0,3.0,0.17075276374816895
275.0,4.0,4.0,0.3975961208343506
681.0,12.0,12.0,1.0770347118377686
1297.0,9.0,9.0,1.9305791854858398
389.0,3.0,3.0,0.6045565605163574
185.0,3.0,3.0,0.2669646739959717
325.0,12.0,12.0,0.48804593086242676
613.0,19.0,19.0,0.8800132274627686
139.0,1.0,1.0,0.27913498878479004
749.0,10.0,10.0,1.097184658050537
273.0,5.0,5.0,0.4297752380371094
175.0,3.0,3.0,0.32024192810058594
696.0,11.0,11.0,1.1198985576629639
348.0,6.0,6.0,0.5475203990936279
89.0,0.0,0.0,0.14657998085021973
475.0,1.0,1.0,0.7257633209228516
472.0,6.0,6.0,0.7576866149902344
413.0,8.0,8.0,0.6110947132110596
693.0,12.0,12.0,1.0936813354492188
435.0,3.0,3.0,0.6541059017181396
448.0,5.0,5.0,0.6613032817840576
356.0,8.0,8.0,0.531888484954834
793.0,22.0,22.0,1.2216827869415283
214.0,4.0,4.0,0.3099815845489502
103.0,0.0,0.0,0.15257573127746582
100.0,2.0,2.0,0.14105224609375
340.0,11.0,11.0,0.5021955966949463
188.0,3.0,3.0,0.31092095375061035
330.0,7.0,7.0,0.5263354778289795
534.0,8.0,8.0,0.7619056701660156
217.0,3.0,3.0,0.32018256187438965
143.0,6.0,6.0,0.22147011756896973
838.0,15.0,15.0,1.2574772834777832
690.0,12.0,12.0,1.0194940567016602
253.0,5.0,5.0,0.371213436126709
119.0,1.0,1.0,0.19664430618286133
229.0,9.0,9.0,0.34496331214904785
177.0,14.0,14.0,0.2605576515197754
201.0,1.0,1.0,0.36793041229248047
81.0,2.0,2.0,0.12450814247131348
1234.0,24.0,24.0,1.9838776588439941
351.0,5.0,5.0,0.5619716644287109
845.0,6.0,6.0,1.3543636798858643
133.0,1.0,1.0,0.19378161430358887
319.0,2.0,2.0,0.4599111080169678
405.0,7.0,7.0,0.6386997699737549
92.0,1.0,1.0,0.12702226638793945
326.0,8.0,8.0,0.5187008380889893
672.0,18.0,18.0,0.9883818626403809
324.0,6.0,6.0,0.4716620445251465
169.0,1.0,1.0,0.24083375930786133
637.0,9.0,9.0,1.0184566974639893
1509.0,30.0,30.0,2.3079068660736084
197.0,3.0,3.0,0.2878708839416504
393.0,8.0,8.0,0.5905463695526123
121.0,1.0,1.0,0.17151570320129395
349.0,4.0,4.0,0.5318140983581543
255.0,10.0,10.0,0.4259605407714844
293.0,7.0,7.0,0.4279022216796875
81.0,0.0,0.0,0.12109518051147461
136.0,2.0,2.0,0.2090458869934082
67.0,2.0,2.0,0.10101604461669922
342.0,9.0,9.0,0.5224785804748535
519.0,4.0,4.0,0.8237295150756836
290.0,9.0,9.0,0.4364964962005615
278.0,9.0,9.0,0.40238046646118164
211.0,4.0,4.0,0.32257747650146484
686.0,24.0,24.0,1.0732641220092773
373.0,19.0,19.0,0.5916295051574707
356.0,9.0,9.0,0.5335166454315186
464.0,2.0,2.0,0.7594201564788818
97.0,1.0,1.0,0.18317317962646484
404.0,8.0,8.0,0.5999870300292969
526.0,15.0,15.0,0.7763128280639648
2991.0,65.0,65.0,4.565147399902344
205.0,11.0,11.0,0.3007011413574219
132.0,1.0,1.0,0.20795869827270508
208.0,7.0,7.0,0.31256628036499023
120.0,1.0,1.0,0.20841717720031738
337.0,6.0,6.0,0.48652124404907227
217.0,4.0,4.0,0.3309817314147949
319.0,6.0,6.0,0.47006916999816895
98.0,9.0,9.0,0.1405956745147705
896.0,13.0,13.0,1.4017813205718994
684.0,10.0,10.0,1.0104799270629883
631.0,3.0,3.0,1.0065991878509521
673.0,8.0,8.0,1.0214786529541016
101.0,0.0,0.0,0.17137837409973145
238.0,6.0,6.0,0.4032316207885742
308.0,6.0,6.0,0.545952558517456
87.0,2.0,2.0,0.14171099662780762
560.0,7.0,7.0,0.8858587741851807
440.0,9.0,9.0,0.658902645111084
209.0,7.0,7.0,0.34636926651000977
891.0,14.0,14.0,1.335599660873413
67.0,1.0,1.0,0.11685395240783691
255.0,11.0,11.0,0.37171316146850586
50.0,0.0,0.0,0.08096098899841309
2775.0,58.0,58.0,4.278948783874512
900.0,27.0,27.0,1.405388355255127
580.0,16.0,16.0,0.8609669208526611
331.0,7.0,7.0,0.4825747013092041
169.0,3.0,3.0,0.2803990840911865
645.0,15.0,15.0,0.9890599250793457
445.0,15.0,15.0,0.6983213424682617
1170.0,19.0,19.0,1.780376672744751
59.0,1.0,1.0,0.09005117416381836
1371.0,30.0,30.0,2.220088005065918
118.0,5.0,5.0,0.1755964756011963
222.0,2.0,2.0,0.3533816337585449
546.0,8.0,8.0,0.8458497524261475
1043.0,25.0,25.0,1.5447516441345215
1239.0,22.0,22.0,1.905423879623413
115.0,4.0,4.0,0.18871521949768066
121.0,1.0,1.0,0.17785358428955078
471.0,4.0,4.0,0.7227747440338135
569.0,12.0,12.0,0.8375484943389893
53.0,0.0,0.0,0.07998347282409668
308.0,4.0,4.0,0.45723485946655273
627.0,5.0,5.0,0.9743363857269287
127.0,4.0,4.0,0.18036961555480957
234.0,6.0,6.0,0.3375535011291504
300.0,7.0,7.0,0.43985629081726074
375.0,12.0,12.0,0.5576348304748535
935.0,19.0,19.0,1.4664945602416992
439.0,12.0,12.0,0.6453287601470947
284.0,3.0,3.0,0.41860151290893555
104.0,2.0,2.0,0.1547996997833252
497.0,12.0,12.0,0.7657861709594727
468.0,17.0,17.0,0.8151390552520752
509.0,11.0,11.0,0.8891103267669678
300.0,6.0,6.0,0.48485541343688965
236.0,3.0,3.0,0.37472081184387207
444.0,3.0,3.0,0.757317066192627
106.0,1.0,1.0,0.15386390686035156
272.0,2.0,2.0,0.4481163024902344
131.0,1.0,1.0,0.2525908946990967
532.0,17.0,17.0,0.7706146240234375
493.0,12.0,12.0,0.729081392288208
634.0,14.0,14.0,0.9866464138031006
340.0,4.0,4.0,0.4992399215698242
172.0,3.0,3.0,0.2602226734161377
106.0,1.0,1.0,0.15578532218933105
118.0,2.0,2.0,0.18030381202697754
174.0,4.0,4.0,0.2604637145996094
110.0,0.0,0.0,0.16827607154846191
97.0,1.0,1.0,0.15001916885375977
77.0,6.0,6.0,0.12005972862243652
387.0,4.0,4.0,0.6155891418457031
191.0,0.0,0.0,0.27968621253967285
545.0,12.0,12.0,0.8548691272735596
253.0,2.0,2.0,0.37141871452331543
248.0,1.0,1.0,0.4038197994232178
144.0,4.0,4.0,0.2100982666015625
169.0,1.0,1.0,0.23950457572937012
224.0,1.0,1.0,0.3272676467895508
241.0,7.0,7.0,0.3504042625427246
644.0,15.0,15.0,0.9521880149841309
115.0,1.0,1.0,0.20403552055358887
146.0,2.0,2.0,0.2571580410003662
579.0,19.0,19.0,0.8246839046478271
617.0,6.0,6.0,0.902235746383667
391.0,10.0,10.0,0.6335916519165039
176.0,2.0,2.0,0.28862595558166504
707.0,6.0,6.0,1.108168363571167
382.0,3.0,3.0,0.6164155006408691
187.0,3.0,3.0,0.29580259323120117
622.0,9.0,9.0,0.9586200714111328
150.0,1.0,1.0,0.22898554801940918
164.0,5.0,5.0,0.24025559425354004
221.0,7.0,7.0,0.3290519714355469
1144.0,19.0,19.0,1.766322135925293
659.0,19.0,19.0,1.0941660404205322
203.0,0.0,0.0,0.30004405975341797
248.0,4.0,4.0,0.3705008029937744
238.0,6.0,6.0,0.36046361923217773
959.0,15.0,15.0,1.460827350616455
37.0,0.0,0.0,0.04685711860656738
120.0,1.0,1.0,0.18113279342651367
512.0,12.0,12.0,0.7308664321899414
490.0,4.0,4.0,0.7154073715209961
1162.0,17.0,17.0,1.8204643726348877
622.0,13.0,13.0,0.9769866466522217
231.0,6.0,6.0,0.3411402702331543
166.0,1.0,1.0,0.25696849822998047
281.0,4.0,4.0,0.415325403213501
876.0,12.0,12.0,1.326690912246704
638.0,21.0,21.0,1.0012507438659668
1570.0,36.0,36.0,2.379462242126465
178.0,0.0,0.0,0.24753713607788086
279.0,8.0,8.0,0.417452335357666
148.0,4.0,4.0,0.27043890953063965
999.0,23.0,23.0,1.4669005870819092
169.0,1.0,1.0,0.25142550468444824
151.0,1.0,1.0,0.24448609352111816
143.0,1.0,1.0,0.2580559253692627
629.0,13.0,13.0,0.9265437126159668
1358.0,28.0,28.0,2.0348708629608154
178.0,1.0,1.0,0.2495133876800537
193.0,11.0,11.0,0.29694652557373047
74.0,0.0,0.0,0.11009407043457031
93.0,0.0,0.0,0.14467453956604004
130.0,1.0,1.0,0.19326114654541016
175.0,10.0,10.0,0.24802565574645996
427.0,11.0,11.0,0.6781799793243408
151.0,12.0,12.0,0.24040961265563965
185.0,0.0,0.0,0.2900369167327881
605.0,7.0,7.0,0.8809511661529541
251.0,10.0,10.0,0.3697166442871094
177.0,1.0,1.0,0.3191413879394531
360.0,6.0,6.0,0.5420005321502686
124.0,2.0,2.0,0.17290401458740234
79.0,3.0,3.0,0.10990095138549805
1500.0,37.0,37.0,2.379566192626953
204.0,1.0,1.0,0.3040761947631836
72.0,1.0,1.0,0.11139702796936035
476.0,9.0,9.0,0.7625224590301514
127.0,1.0,1.0,0.17468738555908203
272.0,7.0,7.0,0.4792308807373047
934.0,17.0,17.0,1.3921091556549072
1023.0,24.0,24.0,1.5423247814178467
376.0,9.0,9.0,0.594233512878418
89.0,0.0,0.0,0.11200380325317383
124.0,2.0,2.0,0.23592925071716309
774.0,17.0,17.0,1.1222960948944092
102.0,1.0,1.0,0.15993738174438477
1105.0,22.0,22.0,1.6582927703857422
263.0,4.0,4.0,0.3889760971069336
1658.0,37.0,37.0,2.4676601886749268
507.0,14.0,14.0,0.7624433040618896
915.0,15.0,15.0,1.4057879447937012
301.0,15.0,15.0,0.4396800994873047
364.0,8.0,8.0,0.5282802581787109
253.0,0.0,0.0,0.41754722595214844
610.0,6.0,6.0,0.9720757007598877
251.0,5.0,5.0,0.457275390625
1020.0,19.0,19.0,1.6588892936706543
275.0,3.0,3.0,0.42137765884399414
920.0,16.0,16.0,1.4058313369750977
608.0,17.0,17.0,0.9283626079559326
182.0,2.0,2.0,0.3270571231842041
126.0,2.0,2.0,0.1756274700164795
542.0,6.0,6.0,0.8517119884490967
145.0,4.0,4.0,0.22014284133911133
462.0,5.0,5.0,0.6871490478515625
181.0,4.0,4.0,0.2701389789581299
140.0,2.0,2.0,0.20090246200561523
395.0,10.0,10.0,0.6042163372039795
481.0,1.0,1.0,0.7116544246673584
340.0,2.0,2.0,0.49940013885498047
34.0,0.0,0.0,0.050130605697631836
72.0,4.0,4.0,0.11025619506835938
277.0,4.0,4.0,0.40723252296447754
544.0,2.0,2.0,0.8466799259185791
84.0,3.0,3.0,0.1315762996673584
566.0,3.0,3.0,0.8287744522094727
393.0,10.0,10.0,0.585906982421875
457.0,8.0,8.0,0.7258377075195312
254.0,9.0,9.0,0.3703911304473877
328.0,5.0,5.0,0.48278141021728516
583.0,7.0,7.0,0.8356354236602783
305.0,6.0,6.0,0.5044369697570801
796.0,21.0,21.0,1.4325730800628662
173.0,3.0,3.0,0.24341201782226562
147.0,4.0,4.0,0.27138710021972656
2006.0,25.0,25.0,3.0620787143707275
101.0,0.0,0.0,0.17510366439819336
592.0,7.0,7.0,0.8897366523742676
55.0,1.0,1.0,0.09004902839660645
319.0,8.0,8.0,0.5663876533508301
765.0,12.0,12.0,1.1257967948913574
203.0,2.0,2.0,0.294811487197876
541.0,14.0,14.0,0.8221800327301025
197.0,9.0,9.0,0.29030394554138184
175.0,5.0,5.0,0.2601642608642578
507.0,8.0,8.0,0.7583880424499512
790.0,16.0,16.0,1.238245964050293
811.0,13.0,13.0,1.2453649044036865
367.0,11.0,11.0,0.5650641918182373
299.0,9.0,9.0,0.505699872970581
300.0,6.0,6.0,0.4375274181365967
280.0,7.0,7.0,0.4136371612548828
224.0,8.0,8.0,0.31425905227661133
404.0,6.0,6.0,0.5853533744812012
789.0,21.0,21.0,1.2267751693725586
67.0,3.0,3.0,0.15007972717285156
84.0,0.0,0.0,0.13055872917175293
124.0,2.0,2.0,0.21236586570739746
671.0,16.0,16.0,1.0690605640411377
423.0,8.0,8.0,0.6561379432678223
1041.0,24.0,24.0,1.6026942729949951
1350.0,35.0,35.0,2.0642833709716797
87.0,1.0,1.0,0.12875580787658691
696.0,12.0,12.0,1.022778034210205
545.0,8.0,8.0,0.8010618686676025
358.0,8.0,8.0,0.5860815048217773
120.0,0.0,0.0,0.17240214347839355
706.0,11.0,11.0,1.116779088973999
476.0,15.0,15.0,0.7997996807098389
273.0,5.0,5.0,0.429828405380249
746.0,10.0,10.0,1.107353925704956
733.0,11.0,11.0,1.1364719867706299
355.0,7.0,7.0,0.4984896183013916
439.0,5.0,5.0,0.6624712944030762
204.0,0.0,0.0,0.283203125
148.0,1.0,1.0,0.21903324127197266
200.0,3.0,3.0,0.3674886226654053
816.0,27.0,27.0,1.2553250789642334
734.0,19.0,19.0,1.1935060024261475
285.0,4.0,4.0,0.44771838188171387
168.0,4.0,4.0,0.22813630104064941
197.0,7.0,7.0,0.29825878143310547
108.0,2.0,2.0,0.1689302921295166
319.0,4.0,4.0,0.46703362464904785
434.0,9.0,9.0,0.6897051334381104
677.0,13.0,13.0,1.0120108127593994
353.0,5.0,5.0,0.5457768440246582
550.0,9.0,9.0,0.8496320247650146
146.0,2.0,2.0,0.2037067413330078
270.0,10.0,10.0,0.40816164016723633
124.0,2.0,2.0,0.1814417839050293
663.0,11.0,11.0,1.0237951278686523
117.0,1.0,1.0,0.1865384578704834
186.0,5.0,5.0,0.2705981731414795
226.0,7.0,7.0,0.3283982276916504
1014.0,12.0,12.0,1.5489473342895508
79.0,5.0,5.0,0.1147756576538086
794.0,19.0,19.0,1.1413345336914062
769.0,20.0,20.0,1.2025129795074463
64.0,6.0,6.0,0.10007143020629883
300.0,2.0,2.0,0.44619178771972656
565.0,13.0,13.0,0.8090980052947998
339.0,9.0,9.0,0.4958000183105469
1131.0,21.0,21.0,1.8392996788024902
353.0,1.0,1.0,0.5239696502685547
214.0,1.0,1.0,0.3567488193511963
42.0,2.0,2.0,0.06157183647155762
340.0,3.0,3.0,0.48689770698547363
325.0,4.0,4.0,0.4795966148376465
441.0,6.0,6.0,0.6554074287414551
513.0,11.0,11.0,0.7843117713928223
608.0,11.0,11.0,0.9725930690765381
298.0,10.0,10.0,0.4217100143432617
127.0,6.0,6.0,0.17268824577331543
482.0,7.0,7.0,0.7798655033111572
176.0,6.0,6.0,0.2672295570373535
149.0,1.0,1.0,0.21663379669189453
858.0,10.0,10.0,1.2495927810668945
735.0,9.0,9.0,1.1222178936004639
320.0,2.0,2.0,0.4822113513946533
79.0,0.0,0.0,0.13015389442443848
271.0,5.0,5.0,0.4722158908843994
141.0,3.0,3.0,0.22389793395996094
679.0,10.0,10.0,1.007446527481079
688.0,14.0,14.0,1.0052952766418457
94.0,0.0,0.0,0.14163661003112793
72.0,1.0,1.0,0.08738994598388672
771.0,16.0,16.0,1.1556971073150635
663.0,9.0,9.0,0.9880259037017822
715.0,12.0,12.0,1.1895866394042969
221.0,4.0,4.0,0.3342173099517822
204.0,0.0,0.0,0.2979445457458496
327.0,0.0,0.0,0.49495673179626465
555.0,7.0,7.0,0.8856031894683838
356.0,12.0,12.0,0.5270850658416748
83.0,0.0,0.0,0.12018275260925293
372.0,6.0,6.0,0.5531151294708252
140.0,1.0,1.0,0.20047569274902344
226.0,4.0,4.0,0.37685704231262207
217.0,6.0,6.0,0.3138406276702881
327.0,7.0,7.0,0.5129308700561523
184.0,3.0,3.0,0.26869773864746094
366.0,5.0,5.0,0.5272505283355713
104.0,0.0,0.0,0.17496848106384277
128.0,1.0,1.0,0.20400571823120117
259.0,2.0,2.0,0.4140491485595703
864.0,10.0,10.0,1.2848575115203857
235.0,2.0,2.0,0.3492155075073242
257.0,3.0,3.0,0.41170454025268555
666.0,13.0,13.0,1.0299513339996338
556.0,11.0,11.0,0.8632893562316895
342.0,15.0,15.0,0.5468943119049072
358.0,4.0,4.0,0.5412898063659668
125.0,2.0,2.0,0.18842506408691406
60.0,0.0,0.0,0.08704638481140137
266.0,8.0,8.0,0.43880653381347656
499.0,13.0,13.0,0.9051470756530762
237.0,2.0,2.0,0.36939382553100586
547.0,12.0,12.0,0.8367128372192383
380.0,7.0,7.0,0.5984501838684082
583.0,12.0,12.0,0.9379520416259766
104.0,1.0,1.0,0.1600639820098877
710.0,9.0,9.0,1.1422066688537598
41.0,0.0,0.0,0.058020591735839844
482.0,7.0,7.0,0.7649490833282471
298.0,4.0,4.0,0.4863932132720947
296.0,6.0,6.0,0.4320228099822998
363.0,11.0,11.0,0.5424585342407227
716.0,16.0,16.0,1.1212797164916992
76.0,0.0,0.0,0.11582756042480469
1263.0,17.0,17.0,1.9476239681243896
1092.0,16.0,16.0,1.6748566627502441
266.0,2.0,2.0,0.4003481864929199
83.0,1.0,1.0,0.12038898468017578
716.0,14.0,14.0,1.0563135147094727
765.0,14.0,14.0,1.1795060634613037
828.0,11.0,11.0,1.2507905960083008
213.0,10.0,10.0,0.31563329696655273
215.0,5.0,5.0,0.355029821395874
198.0,4.0,4.0,0.293790340423584
313.0,5.0,5.0,0.4671211242675781
230.0,2.0,2.0,0.3403291702270508
275.0,13.0,13.0,0.39952659606933594
1092.0,17.0,17.0,1.73221755027771
136.0,0.0,0.0,0.21291780471801758
334.0,4.0,4.0,0.6011919975280762
240.0,4.0,4.0,0.3404052257537842
566.0,19.0,19.0,0.9048831462860107
335.0,12.0,12.0,0.49896669387817383
205.0,5.0,5.0,0.29868197441101074
579.0,9.0,9.0,0.8919987678527832
103.0,0.0,0.0,0.1507885456085205
811.0,23.0,23.0,1.1726181507110596
51.0,1.0,1.0,0.07817602157592773
388.0,8.0,8.0,0.6177773475646973
289.0,8.0,8.0,0.447376012802124
1107.0,16.0,16.0,1.6657328605651855
98.0,3.0,3.0,0.16747283935546875
221.0,7.0,7.0,0.3326892852783203
826.0,18.0,18.0,1.228346347808838
604.0,3.0,3.0,0.9352872371673584
694.0,14.0,14.0,1.060689926147461
96.0,0.0,0.0,0.14261984825134277
362.0,6.0,6.0,0.5289359092712402
273.0,12.0,12.0,0.4526989459991455
123.0,4.0,4.0,0.17989659309387207
56.0,2.0,2.0,0.0902101993560791
45.0,0.0,0.0,0.06017327308654785
796.0,11.0,11.0,1.1624705791473389
136.0,4.0,4.0,0.21295881271362305
461.0,2.0,2.0,0.8052775859832764
145.0,3.0,3.0,0.2202920913696289
1478.0,28.0,28.0,2.320857048034668
439.0,8.0,8.0,0.6379978656768799
149.0,4.0,4.0,0.21282458305358887
97.0,6.0,6.0,0.14114975929260254
53.0,0.0,0.0,0.07865333557128906
334.0,6.0,6.0,0.5229542255401611
132.0,3.0,3.0,0.19794678688049316
212.0,6.0,6.0,0.31543421745300293
480.0,15.0,15.0,0.715956449508667
890.0,10.0,10.0,1.3701720237731934
556.0,18.0,18.0,0.80470871925354
496.0,6.0,6.0,0.7150919437408447
139.0,8.0,8.0,0.20404505729675293
334.0,9.0,9.0,0.5255913734436035
280.0,2.0,2.0,0.4213886260986328
322.0,3.0,3.0,0.4789409637451172
543.0,4.0,4.0,0.7883162498474121
591.0,7.0,7.0,0.9322981834411621
137.0,5.0,5.0,0.23291540145874023
434.0,13.0,13.0,0.623643159866333
457.0,7.0,7.0,0.7097620964050293
453.0,22.0,22.0,0.6941239833831787
94.0,3.0,3.0,0.15025091171264648
129.0,9.0,9.0,0.18137097358703613
317.0,10.0,10.0,0.4602088928222656
540.0,8.0,8.0,0.8465628623962402
205.0,4.0,4.0,0.3144075870513916
274.0,10.0,10.0,0.4320955276489258
472.0,9.0,9.0,0.7686171531677246
334.0,8.0,8.0,0.5565760135650635
278.0,2.0,2.0,0.4320657253265381
130.0,0.0,0.0,0.1879277229309082
376.0,11.0,11.0,0.5622556209564209
512.0,9.0,9.0,0.7412269115447998
119.0,4.0,4.0,0.17457079887390137
329.0,4.0,4.0,0.5554754734039307
778.0,7.0,7.0,1.1795291900634766
252.0,5.0,5.0,0.40148329734802246
203.0,3.0,3.0,0.3750314712524414
243.0,3.0,3.0,0.36000633239746094
175.0,6.0,6.0,0.2609095573425293
438.0,5.0,5.0,0.6882748603820801
129.0,1.0,1.0,0.18396925926208496
425.0,15.0,15.0,0.6456286907196045
88.0,0.0,0.0,0.16300582885742188
232.0,9.0,9.0,0.3612086772918701
563.0,9.0,9.0,0.7923181056976318
586.0,10.0,10.0,0.8653690814971924
101.0,0.0,0.0,0.19115686416625977
469.0,11.0,11.0,0.6918056011199951
544.0,7.0,7.0,0.796807050704956
689.0,10.0,10.0,1.0695552825927734
806.0,18.0,18.0,1.2154762744903564
2605.0,43.0,43.0,4.172767162322998
192.0,8.0,8.0,0.2842445373535156
107.0,3.0,3.0,0.1682283878326416
245.0,7.0,7.0,0.3705437183380127
207.0,9.0,9.0,0.35657262802124023
152.0,8.0,8.0,0.254594087600708
282.0,1.0,1.0,0.3931081295013428
36.0,0.0,0.0,0.0545654296875
428.0,12.0,12.0,0.6061744689941406
202.0,3.0,3.0,0.28302764892578125
260.0,2.0,2.0,0.38405680656433105
149.0,2.0,2.0,0.25961756706237793
177.0,2.0,2.0,0.2674229145050049
381.0,3.0,3.0,0.5473482608795166
177.0,2.0,2.0,0.26912498474121094
140.0,2.0,2.0,0.2001192569732666
82.0,1.0,1.0,0.12424111366271973
91.0,3.0,3.0,0.1305375099182129
188.0,6.0,6.0,0.28856778144836426
269.0,3.0,3.0,0.4756503105163574
518.0,7.0,7.0,0.7565174102783203
302.0,7.0,7.0,0.4481086730957031
362.0,6.0,6.0,0.5356025695800781
66.0,2.0,2.0,0.09424471855163574
448.0,3.0,3.0,0.6882812976837158
736.0,8.0,8.0,1.0747125148773193
66.0,0.0,0.0,0.11990880966186523
723.0,14.0,14.0,1.0927326679229736
133.0,0.0,0.0,0.2103562355041504
719.0,15.0,15.0,1.0428872108459473
354.0,6.0,6.0,0.5201480388641357
364.0,8.0,8.0,0.5684642791748047
90.0,2.0,2.0,0.13464832305908203
772.0,19.0,19.0,1.2292802333831787
339.0,12.0,12.0,0.6112926006317139
630.0,10.0,10.0,0.9533483982086182
809.0,20.0,20.0,1.2320170402526855
222.0,0.0,0.0,0.37868642807006836
60.0,0.0,0.0,0.08770585060119629
236.0,1.0,1.0,0.3288297653198242
410.0,7.0,7.0,0.6003139019012451
77.0,1.0,1.0,0.11000823974609375
449.0,18.0,18.0,0.6716301441192627
992.0,23.0,23.0,1.5337634086608887
160.0,5.0,5.0,0.23164105415344238
583.0,5.0,5.0,0.9212131500244141
510.0,7.0,7.0,0.7502086162567139
908.0,19.0,19.0,1.405705213546753
1649.0,32.0,32.0,2.648679256439209
472.0,6.0,6.0,0.7666070461273193
152.0,9.0,9.0,0.24470782279968262
282.0,2.0,2.0,0.4147515296936035
263.0,2.0,2.0,0.439655065536499
953.0,15.0,15.0,1.5013222694396973
682.0,12.0,12.0,1.10038423538208
662.0,12.0,12.0,0.9894862174987793
705.0,17.0,17.0,1.090700626373291
141.0,4.0,4.0,0.20026326179504395
287.0,5.0,5.0,0.4096240997314453
764.0,5.0,5.0,1.1156063079833984
230.0,1.0,1.0,0.4009377956390381
281.0,3.0,3.0,0.4750075340270996
84.0,4.0,4.0,0.12015867233276367
216.0,2.0,2.0,0.3332700729370117
200.0,5.0,5.0,0.29877281188964844
344.0,9.0,9.0,0.49518752098083496
253.0,2.0,2.0,0.3994462490081787
342.0,12.0,12.0,0.5113377571105957
197.0,5.0,5.0,0.2950174808502197
366.0,9.0,9.0,0.5496277809143066
267.0,6.0,6.0,0.40062522888183594
151.0,4.0,4.0,0.22867059707641602
93.0,1.0,1.0,0.1447610855102539
159.0,4.0,4.0,0.29921483993530273
90.0,0.0,0.0,0.12006735801696777
234.0,5.0,5.0,0.33895134925842285
447.0,10.0,10.0,0.6482987403869629
128.0,0.0,0.0,0.1900784969329834
580.0,12.0,12.0,0.8792164325714111
372.0,7.0,7.0,0.537968635559082
552.0,6.0,6.0,0.8315925598144531
486.0,18.0,18.0,0.7217330932617188
1099.0,14.0,14.0,1.7067594528198242
750.0,17.0,17.0,1.210916519165039
178.0,0.0,0.0,0.27886438369750977
494.0,5.0,5.0,0.7145092487335205
78.0,1.0,1.0,0.1269822120666504
512.0,5.0,5.0,0.8109478950500488
664.0,8.0,8.0,0.976900577545166
204.0,2.0,2.0,0.30016064643859863
1077.0,28.0,28.0,1.687887191772461
358.0,11.0,11.0,0.5257055759429932
90.0,0.0,0.0,0.1280369758605957
99.0,1.0,1.0,0.1390976905822754
213.0,8.0,8.0,0.32275938987731934
992.0,15.0,15.0,1.538470983505249
123.0,2.0,2.0,0.17198991775512695
398.0,3.0,3.0,0.578127384185791
464.0,12.0,12.0,0.7684876918792725
237.0,4.0,4.0,0.3558168411254883
116.0,3.0,3.0,0.17441511154174805
169.0,7.0,7.0,0.23501276969909668
160.0,2.0,2.0,0.23562049865722656
218.0,2.0,2.0,0.3317708969116211
706.0,12.0,12.0,1.0657927989959717
112.0,4.0,4.0,0.17003393173217773
775.0,11.0,11.0,1.1261060237884521
126.0,7.0,7.0,0.18963027000427246
487.0,13.0,13.0,0.8144075870513916
126.0,0.0,0.0,0.22003483772277832
403.0,9.0,9.0,0.6155688762664795
1074.0,16.0,16.0,1.710068702697754
890.0,22.0,22.0,1.302302360534668
141.0,1.0,1.0,0.27790379524230957
203.0,7.0,7.0,0.305084228515625
324.0,2.0,2.0,0.4791989326477051
285.0,2.0,2.0,0.43811535835266113
61.0,0.0,0.0,0.09441637992858887
267.0,4.0,4.0,0.444652795791626
134.0,2.0,2.0,0.18793272972106934
826.0,14.0,14.0,1.2836086750030518
312.0,3.0,3.0,0.454634428024292
254.0,5.0,5.0,0.3776516914367676
269.0,6.0,6.0,0.45317625999450684
178.0,3.0,3.0,0.27507972717285156
108.0,1.0,1.0,0.16034841537475586
69.0,0.0,0.0,0.09993267059326172
124.0,0.0,0.0,0.18015289306640625
226.0,4.0,4.0,0.3268129825592041
72.0,2.0,2.0,0.10006141662597656
280.0,4.0,4.0,0.40833353996276855
119.0,0.0,0.0,0.18037152290344238
191.0,3.0,3.0,0.30873751640319824
158.0,4.0,4.0,0.2918851375579834
138.0,4.0,4.0,0.20247697830200195
329.0,3.0,3.0,0.48073530197143555
765.0,15.0,15.0,1.1426653861999512
848.0,27.0,27.0,1.2549498081207275
101.0,2.0,2.0,0.14104461669921875
292.0,12.0,12.0,0.4278538227081299
96.0,2.0,2.0,0.14011168479919434
150.0,8.0,8.0,0.21768641471862793
647.0,18.0,18.0,1.1126611232757568
409.0,5.0,5.0,0.6736235618591309
233.0,1.0,1.0,0.33925676345825195
333.0,6.0,6.0,0.5087471008300781
599.0,12.0,12.0,0.9447472095489502
120.0,1.0,1.0,0.1727921962738037
363.0,4.0,4.0,0.5424580574035645
745.0,20.0,20.0,1.1455140113830566
684.0,5.0,5.0,1.0468006134033203
373.0,11.0,11.0,0.5511822700500488
242.0,6.0,6.0,0.4251976013183594
113.0,2.0,2.0,0.16950678825378418
186.0,3.0,3.0,0.2756311893463135
429.0,5.0,5.0,0.700209379196167
436.0,8.0,8.0,0.6200568675994873
360.0,2.0,2.0,0.5900306701660156
906.0,16.0,16.0,1.35296630859375
734.0,6.0,6.0,1.19075608253479
112.0,0.0,0.0,0.16564297676086426
1101.0,16.0,16.0,1.6424245834350586
269.0,6.0,6.0,0.39206957817077637
73.0,1.0,1.0,0.10672497749328613
371.0,17.0,17.0,0.5491983890533447
576.0,19.0,19.0,0.8509669303894043
402.0,2.0,2.0,0.7032890319824219
307.0,1.0,1.0,0.50103759765625
118.0,0.0,0.0,0.1724405288696289
109.0,3.0,3.0,0.21056199073791504
677.0,16.0,16.0,1.1589527130126953
284.0,8.0,8.0,0.4562389850616455
874.0,8.0,8.0,1.2778172492980957
318.0,3.0,3.0,0.5158798694610596
557.0,12.0,12.0,0.9052343368530273
96.0,1.0,1.0,0.13873076438903809
749.0,9.0,9.0,1.102574348449707
98.0,1.0,1.0,0.18569588661193848
635.0,6.0,6.0,0.9207620620727539
120.0,3.0,3.0,0.18290162086486816
416.0,8.0,8.0,0.6044161319732666
191.0,9.0,9.0,0.2749061584472656
453.0,9.0,9.0,0.7621400356292725
185.0,0.0,0.0,0.2725372314453125
315.0,9.0,9.0,0.4638216495513916
927.0,14.0,14.0,1.4692940711975098
110.0,7.0,7.0,0.1566638946533203
405.0,3.0,3.0,0.5916824340820312
246.0,7.0,7.0,0.3466308116912842
770.0,11.0,11.0,1.175830602645874
1276.0,18.0,18.0,1.9918479919433594
47.0,1.0,1.0,0.06712126731872559
1236.0,13.0,13.0,1.8873887062072754
206.0,4.0,4.0,0.34333229064941406
200.0,2.0,2.0,0.3067028522491455
76.0,0.0,0.0,0.10991954803466797
987.0,18.0,18.0,1.4615304470062256
406.0,11.0,11.0,0.6719138622283936
222.0,7.0,7.0,0.3193244934082031
624.0,11.0,11.0,0.9670383930206299
92.0,3.0,3.0,0.14040780067443848
290.0,11.0,11.0,0.45684289932250977
57.0,0.0,0.0,0.0739433765411377
157.0,2.0,2.0,0.2305619716644287
532.0,8.0,8.0,0.79563307762146
186.0,2.0,2.0,0.2810084819793701
608.0,15.0,15.0,0.9595785140991211
225.0,2.0,2.0,0.3330216407775879
429.0,9.0,9.0,0.6380469799041748
80.0,8.0,8.0,0.12002754211425781
286.0,0.0,0.0,0.41696882247924805
687.0,16.0,16.0,1.07891845703125
203.0,0.0,0.0,0.34593987464904785
347.0,6.0,6.0,0.5029025077819824
784.0,11.0,11.0,1.216111421585083
312.0,9.0,9.0,0.4479238986968994
164.0,4.0,4.0,0.23526549339294434
328.0,4.0,4.0,0.4954066276550293
681.0,22.0,22.0,1.0579602718353271
56.0,0.0,0.0,0.07904887199401855
306.0,4.0,4.0,0.48044776916503906
47.0,3.0,3.0,0.07854771614074707
299.0,4.0,4.0,0.5113937854766846
670.0,21.0,21.0,1.0602455139160156
703.0,25.0,25.0,1.0807738304138184
548.0,7.0,7.0,0.8098146915435791
759.0,16.0,16.0,1.1298983097076416
151.0,3.0,3.0,0.23549556732177734
194.0,4.0,4.0,0.2844822406768799
1784.0,22.0,22.0,2.7548911571502686
144.0,3.0,3.0,0.2537052631378174
238.0,3.0,3.0,0.4007704257965088
423.0,11.0,11.0,0.6403098106384277
286.0,6.0,6.0,0.41966748237609863
206.0,2.0,2.0,0.29689812660217285
519.0,10.0,10.0,0.8065488338470459
120.0,6.0,6.0,0.18862080574035645
153.0,2.0,2.0,0.2315208911895752
488.0,8.0,8.0,0.7087934017181396
868.0,27.0,27.0,1.341008186340332
561.0,8.0,8.0,0.8102355003356934
214.0,0.0,0.0,0.2981240749359131
944.0,23.0,23.0,1.4924523830413818
494.0,3.0,3.0,0.7864139080047607
103.0,0.0,0.0,0.1491680145263672
171.0,3.0,3.0,0.26683497428894043
287.0,9.0,9.0,0.4848196506500244
336.0,3.0,3.0,0.5588691234588623
397.0,14.0,14.0,0.5729217529296875
440.0,7.0,7.0,0.660895586013794
207.0,7.0,7.0,0.35030031204223633
1770.0,26.0,26.0,2.749420166015625
285.0,5.0,5.0,0.4468057155609131
102.0,5.0,5.0,0.16676044464111328
734.0,12.0,12.0,1.1746728420257568
393.0,5.0,5.0,0.5885682106018066
836.0,20.0,20.0,1.2253024578094482
467.0,4.0,4.0,0.7736973762512207
434.0,11.0,11.0,0.6406815052032471
188.0,4.0,4.0,0.28264403343200684
333.0,9.0,9.0,0.4868342876434326
1097.0,15.0,15.0,1.6247613430023193
499.0,11.0,11.0,0.7178549766540527
260.0,8.0,8.0,0.4603288173675537
77.0,3.0,3.0,0.1400294303894043
412.0,13.0,13.0,0.6678473949432373
35.0,1.0,1.0,0.04729437828063965
978.0,20.0,20.0,1.6334598064422607
387.0,14.0,14.0,0.5819945335388184
183.0,3.0,3.0,0.2540779113769531
81.0,4.0,4.0,0.11016178131103516
183.0,0.0,0.0,0.28438282012939453
950.0,22.0,22.0,1.441530466079712
383.0,10.0,10.0,0.5590300559997559
751.0,3.0,3.0,1.1648530960083008
143.0,6.0,6.0,0.20802545547485352
706.0,5.0,5.0,1.020822286605835
310.0,6.0,6.0,0.4635298252105713
835.0,17.0,17.0,1.2571396827697754
387.0,9.0,9.0,0.5571191310882568
123.0,0.0,0.0,0.18417096138000488
1042.0,32.0,32.0,1.6176724433898926
404.0,12.0,12.0,0.5984513759613037
326.0,8.0,8.0,0.48880720138549805
110.0,0.0,0.0,0.1768031120300293
70.0,0.0,0.0,0.13324952125549316
168.0,1.0,1.0,0.25562429428100586
786.0,21.0,21.0,1.1590080261230469
84.0,0.0,0.0,0.13005495071411133
116.0,1.0,1.0,0.16911864280700684
127.0,8.0,8.0,0.19029474258422852
320.0,4.0,4.0,0.567737340927124
621.0,11.0,11.0,0.9756135940551758
154.0,3.0,3.0,0.21959853172302246
821.0,18.0,18.0,1.3271114826202393
369.0,3.0,3.0,0.5450105667114258
409.0,8.0,8.0,0.6513950824737549
366.0,5.0,5.0,0.5386731624603271
413.0,2.0,2.0,0.6327533721923828
110.0,2.0,2.0,0.15696287155151367
753.0,13.0,13.0,1.1396863460540771
412.0,7.0,7.0,0.6851933002471924
295.0,2.0,2.0,0.4288661479949951
155.0,3.0,3.0,0.2398076057434082
58.0,0.0,0.0,0.1085360050201416
89.0,1.0,1.0,0.14309072494506836
335.0,1.0,1.0,0.5002999305725098
607.0,16.0,16.0,0.9507298469543457
169.0,5.0,5.0,0.2507047653198242
316.0,2.0,2.0,0.4566788673400879
42.0,0.0,0.0,0.060127973556518555
55.0,2.0,2.0,0.08004117012023926
803.0,11.0,11.0,1.3095781803131104
1179.0,26.0,26.0,1.716524362564087
212.0,0.0,0.0,0.32196855545043945
334.0,6.0,6.0,0.5135235786437988
75.0,0.0,0.0,0.10081934928894043
138.0,7.0,7.0,0.20396065711975098
157.0,0.0,0.0,0.2323589324951172
188.0,3.0,3.0,0.26287341117858887
565.0,6.0,6.0,0.8488695621490479
92.0,2.0,2.0,0.20999884605407715
226.0,4.0,4.0,0.3910675048828125
184.0,4.0,4.0,0.2723534107208252
309.0,9.0,9.0,0.4704437255859375
59.0,1.0,1.0,0.09028172492980957
236.0,2.0,2.0,0.37697720527648926
151.0,4.0,4.0,0.24350428581237793
163.0,4.0,4.0,0.23520779609680176
134.0,1.0,1.0,0.2771296501159668
80.0,2.0,2.0,0.11803579330444336
391.0,8.0,8.0,0.5886416435241699
198.0,2.0,2.0,0.28986072540283203
222.0,4.0,4.0,0.3287844657897949
81.0,2.0,2.0,0.1200411319732666
1134.0,20.0,20.0,1.7469103336334229
181.0,4.0,4.0,0.2719569206237793
679.0,11.0,11.0,1.0662751197814941
462.0,9.0,9.0,0.6726269721984863
151.0,6.0,6.0,0.23720455169677734
1032.0,20.0,20.0,1.545356035232544
144.0,0.0,0.0,0.1992948055267334
415.0,12.0,12.0,0.6184613704681396
121.0,0.0,0.0,0.20882320404052734
172.0,4.0,4.0,0.27121615409851074
73.0,3.0,3.0,0.11034178733825684
228.0,3.0,3.0,0.33689141273498535
276.0,10.0,10.0,0.46747279167175293
559.0,10.0,10.0,0.8111557960510254
688.0,15.0,15.0,1.000788688659668
477.0,11.0,11.0,0.7672107219696045
182.0,0.0,0.0,0.2706897258758545
319.0,7.0,7.0,0.4610872268676758
238.0,4.0,4.0,0.36301159858703613
504.0,7.0,7.0,0.8505816459655762
270.0,3.0,3.0,0.41120290756225586
67.0,0.0,0.0,0.11300468444824219
57.0,2.0,2.0,0.08463001251220703
436.0,4.0,4.0,0.6817772388458252
294.0,3.0,3.0,0.4601469039916992
139.0,2.0,2.0,0.20021820068359375
217.0,7.0,7.0,0.39439940452575684
195.0,6.0,6.0,0.2801649570465088
1459.0,21.0,21.0,2.2150654792785645
91.0,1.0,1.0,0.12886834144592285
181.0,1.0,1.0,0.26460981369018555
253.0,2.0,2.0,0.38251233100891113
203.0,4.0,4.0,0.29164552688598633
166.0,3.0,3.0,0.2511000633239746
124.0,2.0,2.0,0.1814556121826172
122.0,1.0,1.0,0.1666698455810547
129.0,2.0,2.0,0.24858331680297852
152.0,4.0,4.0,0.24075531959533691
394.0,1.0,1.0,0.5790953636169434
375.0,6.0,6.0,0.5503859519958496
153.0,3.0,3.0,0.22186636924743652
56.0,1.0,1.0,0.0818336009979248
1250.0,20.0,20.0,1.9356203079223633
656.0,12.0,12.0,1.0588042736053467
211.0,3.0,3.0,0.29222965240478516
1090.0,21.0,21.0,1.576359748840332
482.0,10.0,10.0,0.7646346092224121
479.0,10.0,10.0,0.7541203498840332
366.0,13.0,13.0,0.5904080867767334
294.0,3.0,3.0,0.5076055526733398
85.0,2.0,2.0,0.12163782119750977
440.0,11.0,11.0,0.6538867950439453
666.0,16.0,16.0,1.0366976261138916
116.0,2.0,2.0,0.18128466606140137
46.0,4.0,4.0,0.07296538352966309
309.0,5.0,5.0,0.5336785316467285
179.0,1.0,1.0,0.28296470642089844
714.0,5.0,5.0,1.0508654117584229
648.0,12.0,12.0,1.0195889472961426
61.0,0.0,0.0,0.09550976753234863
224.0,5.0,5.0,0.3234121799468994
756.0,11.0,11.0,1.114150047302246
210.0,4.0,4.0,0.383028507232666
69.0,1.0,1.0,0.09058189392089844
92.0,1.0,1.0,0.12589335441589355
103.0,0.0,0.0,0.16361331939697266
188.0,5.0,5.0,0.30312514305114746
954.0,14.0,14.0,1.4021167755126953
115.0,1.0,1.0,0.20107412338256836
234.0,1.0,1.0,0.33985424041748047
65.0,0.0,0.0,0.13003802299499512
96.0,0.0,0.0,0.15077662467956543
351.0,6.0,6.0,0.5307226181030273
848.0,15.0,15.0,1.3034875392913818
267.0,2.0,2.0,0.39369869232177734
455.0,3.0,3.0,0.6688590049743652
312.0,5.0,5.0,0.47078537940979004
210.0,7.0,7.0,0.3346843719482422
65.0,1.0,1.0,0.09632062911987305
1468.0,28.0,28.0,2.40535831451416
1680.0,22.0,22.0,2.966885566711426
38.0,0.0,0.0,0.07358527183532715
927.0,18.0,18.0,1.4109907150268555
606.0,20.0,20.0,0.9025499820709229
311.0,6.0,6.0,0.5368010997772217
169.0,4.0,4.0,0.23926162719726562
151.0,3.0,3.0,0.22221970558166504
206.0,4.0,4.0,0.30320048332214355
714.0,5.0,5.0,1.0603671073913574
560.0,13.0,13.0,0.8695080280303955
381.0,2.0,2.0,0.5620079040527344
828.0,10.0,10.0,1.2589597702026367
577.0,8.0,8.0,0.8473794460296631
180.0,0.0,0.0,0.2634925842285156
444.0,8.0,8.0,0.6981127262115479
271.0,4.0,4.0,0.45307397842407227
599.0,4.0,4.0,0.8512914180755615
163.0,1.0,1.0,0.23196029663085938
184.0,0.0,0.0,0.2640342712402344
580.0,8.0,8.0,0.8927314281463623
467.0,5.0,5.0,0.6980500221252441
541.0,18.0,18.0,0.8906228542327881
706.0,8.0,8.0,1.1675002574920654
292.0,3.0,3.0,0.46342968940734863
349.0,11.0,11.0,0.5718131065368652
292.0,7.0,7.0,0.4089953899383545
367.0,12.0,12.0,0.42285776138305664
46.0,1.0,1.0,0.05546069145202637
456.0,2.0,2.0,0.5303783416748047
94.0,2.0,2.0,0.10235929489135742
1870.0,41.0,41.0,2.0368733406066895
730.0,10.0,10.0,0.7891321182250977
188.0,1.0,1.0,0.20707154273986816
99.0,2.0,2.0,0.10656237602233887
497.0,7.0,7.0,0.5918304920196533
1253.0,28.0,28.0,2.2204813957214355
432.0,6.0,6.0,0.7008674144744873
680.0,15.0,15.0,1.19411301612854
466.0,14.0,14.0,0.8277761936187744
172.0,2.0,2.0,0.24872183799743652
694.0,7.0,7.0,1.3193705081939697
795.0,9.0,9.0,1.3428642749786377
268.0,1.0,1.0,0.4338359832763672
283.0,8.0,8.0,0.4579451084136963
145.0,0.0,0.0,0.30083274841308594
148.0,1.0,1.0,0.2211318016052246
769.0,13.0,13.0,1.2209370136260986
357.0,2.0,2.0,0.5969188213348389
626.0,14.0,14.0,1.0688633918762207
229.0,1.0,1.0,0.3782825469970703
447.0,9.0,9.0,0.7352981567382812
52.0,1.0,1.0,0.07499551773071289
525.0,8.0,8.0,0.81398606300354
546.0,9.0,9.0,0.8211419582366943
380.0,5.0,5.0,0.5544154644012451
258.0,2.0,2.0,0.46590185165405273
349.0,13.0,13.0,0.5328855514526367
396.0,6.0,6.0,0.5867645740509033
234.0,1.0,1.0,0.41898441314697266
243.0,5.0,5.0,0.3537132740020752
368.0,9.0,9.0,0.6061444282531738
220.0,2.0,2.0,0.35556507110595703
364.0,7.0,7.0,0.5854470729827881
248.0,2.0,2.0,0.3562963008880615
399.0,12.0,12.0,0.6552321910858154
321.0,3.0,3.0,0.46815013885498047
597.0,9.0,9.0,0.8490636348724365
377.0,8.0,8.0,0.56658935546875
126.0,1.0,1.0,0.2067580223083496
708.0,11.0,11.0,1.072784662246704
499.0,8.0,8.0,0.7970349788665771
463.0,14.0,14.0,0.743405818939209
195.0,2.0,2.0,0.2865443229675293
268.0,10.0,10.0,0.4740614891052246
387.0,1.0,1.0,0.7002298831939697
374.0,4.0,4.0,0.6506943702697754
287.0,1.0,1.0,0.4637472629547119
179.0,1.0,1.0,0.26769280433654785
327.0,8.0,8.0,0.5229828357696533
634.0,12.0,12.0,1.0731089115142822
121.0,0.0,0.0,0.21146512031555176
155.0,2.0,2.0,0.23150181770324707
146.0,1.0,1.0,0.22525572776794434
533.0,12.0,12.0,0.8732352256774902
242.0,8.0,8.0,0.38436174392700195
187.0,2.0,2.0,0.3175969123840332
70.0,2.0,2.0,0.11477994918823242
264.0,7.0,7.0,0.45243287086486816
89.0,0.0,0.0,0.16472792625427246
455.0,5.0,5.0,0.753004789352417
659.0,11.0,11.0,1.165332555770874
193.0,7.0,7.0,0.29198288917541504
72.0,2.0,2.0,0.12237215042114258
119.0,0.0,0.0,0.20033931732177734
916.0,12.0,12.0,1.4515471458435059
200.0,3.0,3.0,0.33399009704589844
116.0,1.0,1.0,0.198883056640625
220.0,6.0,6.0,0.39635348320007324
522.0,3.0,3.0,0.7944118976593018
287.0,7.0,7.0,0.471987247467041
183.0,3.0,3.0,0.27779436111450195
87.0,3.0,3.0,0.14351844787597656
450.0,13.0,13.0,0.7421526908874512
109.0,1.0,1.0,0.1912789344787597
149.0,3.0,3.0,0.2387599945068359
211.0,6.0,6.0,0.3365623950958252
288.0,4.0,4.0,0.4670605659484863
62.0,0.0,0.0,0.112433910369873
450.0,13.0,13.0,0.7421526908874512
109.0,1.0,1.0,0.1912789344787597
149.0,3.0,3.0,0.2387599945068359
211.0,6.0,6.0,0.3365623950958252
288.0,4.0,4.0,0.4670605659484863
62.0,0.0,0.0,0.112433910369873
101.0,1.0,1.0,0.1458675861358642
673.0,7.0,7.0,1.0455081462860107
153.0,0.0,0.0,0.2215654850006103
340.0,4.0,4.0,0.4966163635253906
446.0,11.0,11.0,0.7014925479888916
404.0,10.0,10.0,0.6138744354248047
326.0,2.0,2.0,0.5342485904693604
443.0,16.0,16.0,0.7353298664093018
656.0,16.0,16.0,1.0117168426513672
887.0,14.0,14.0,1.3934664726257324
501.0,8.0,8.0,0.7903611660003662
1557.0,25.0,25.0,2.4042000770568848
134.0,3.0,3.0,0.1979851722717285
322.0,11.0,11.0,0.5279743671417236
228.0,4.0,4.0,0.3305563926696777
578.0,2.0,2.0,0.8492856025695801
529.0,16.0,16.0,0.8648715019226074
371.0,7.0,7.0,0.542522668838501
191.0,4.0,4.0,0.2908511161804199
1605.0,29.0,29.0,2.410206794738769
360.0,15.0,15.0,0.5322122573852539
77.0,2.0,2.0,0.1101572513580322
217.0,5.0,5.0,0.3204195499420166
275.0,3.0,3.0,0.4577581882476806
44.0,2.0,2.0,0.0710010528564453
77.0,2.0,2.0,0.1200430393218994
391.0,10.0,10.0,0.5763142108917236
51.0,1.0,1.0,0.0701196193695068
298.0,11.0,11.0,0.4572148323059082
294.0,3.0,3.0,0.478989839553833
57.0,2.0,2.0,0.0900444984436035
816.0,10.0,10.0,1.3902838230133057
488.0,12.0,12.0,0.7700369358062744
256.0,5.0,5.0,0.4491975307464599
871.0,26.0,26.0,1.365790843963623
568.0,10.0,10.0,0.8747344017028809
225.0,9.0,9.0,0.3404219150543213
56.0,4.0,4.0,0.080096960067749
269.0,3.0,3.0,0.4091548919677734
331.0,5.0,5.0,0.4997458457946777
188.0,2.0,2.0,0.2802562713623047
144.0,0.0,0.0,0.2087924480438232
39.0,0.0,0.0,0.0715839862823486
87.0,3.0,3.0,0.1286752223968505
148.0,4.0,4.0,0.2775216102600097
112.0,2.0,2.0,0.1641287803649902
554.0,22.0,22.0,0.8093588352203369
343.0,10.0,10.0,0.5082778930664062
75.0,1.0,1.0,0.1303436756134033
47.0,0.0,0.0,0.0799798965454101
353.0,5.0,5.0,0.5637292861938477
156.0,2.0,2.0,0.2353136539459228
927.0,14.0,14.0,1.374823808670044
109.0,3.0,3.0,0.1602315902709961
146.0,2.0,2.0,0.2295835018157959
847.0,14.0,14.0,1.2910709381103516
876.0,23.0,23.0,1.3960230350494385
911.0,16.0,16.0,1.3302016258239746
623.0,8.0,8.0,0.984266996383667
83.0,4.0,4.0,0.1339187622070312
534.0,6.0,6.0,0.8473095893859863
438.0,10.0,10.0,0.6899068355560303
306.0,11.0,11.0,0.5382118225097656
428.0,3.0,3.0,0.6757631301879883
62.0,0.0,0.0,0.0854637622833252
269.0,8.0,8.0,0.400322675704956
485.0,3.0,3.0,0.7293548583984375
381.0,1.0,1.0,0.6311707496643066
311.0,16.0,16.0,0.4903087615966797
235.0,6.0,6.0,0.3391122817993164
89.0,0.0,0.0,0.1303126811981201
458.0,12.0,12.0,0.661085844039917
313.0,12.0,12.0,0.5166234970092773
280.0,4.0,4.0,0.4185688495635986
104.0,2.0,2.0,0.1503164768218994
119.0,0.0,0.0,0.1687324047088623
114.0,3.0,3.0,0.1707527637481689
275.0,4.0,4.0,0.3975961208343506
681.0,12.0,12.0,1.0770347118377686
1297.0,9.0,9.0,1.93057918548584
389.0,3.0,3.0,0.6045565605163574
185.0,3.0,3.0,0.2669646739959717
325.0,12.0,12.0,0.4880459308624267
613.0,19.0,19.0,0.8800132274627686
139.0,1.0,1.0,0.27913498878479
749.0,10.0,10.0,1.097184658050537
273.0,5.0,5.0,0.4297752380371094
175.0,3.0,3.0,0.3202419281005859
696.0,11.0,11.0,1.119898557662964
348.0,6.0,6.0,0.5475203990936279
89.0,0.0,0.0,0.1465799808502197
475.0,1.0,1.0,0.7257633209228516
472.0,6.0,6.0,0.7576866149902344
413.0,8.0,8.0,0.6110947132110596
693.0,12.0,12.0,1.0936813354492188
435.0,3.0,3.0,0.6541059017181396
448.0,5.0,5.0,0.6613032817840576
356.0,8.0,8.0,0.531888484954834
793.0,22.0,22.0,1.2216827869415283
214.0,4.0,4.0,0.3099815845489502
103.0,0.0,0.0,0.1525757312774658
100.0,2.0,2.0,0.14105224609375
340.0,11.0,11.0,0.5021955966949463
188.0,3.0,3.0,0.3109209537506103
330.0,7.0,7.0,0.5263354778289795
534.0,8.0,8.0,0.7619056701660156
217.0,3.0,3.0,0.3201825618743896
143.0,6.0,6.0,0.2214701175689697
838.0,15.0,15.0,1.2574772834777832
690.0,12.0,12.0,1.0194940567016602
253.0,5.0,5.0,0.371213436126709
119.0,1.0,1.0,0.1966443061828613
229.0,9.0,9.0,0.3449633121490478
177.0,14.0,14.0,0.2605576515197754
201.0,1.0,1.0,0.3679304122924804
81.0,2.0,2.0,0.1245081424713134
1234.0,24.0,24.0,1.983877658843994
351.0,5.0,5.0,0.5619716644287109
845.0,6.0,6.0,1.3543636798858645
133.0,1.0,1.0,0.1937816143035888
319.0,2.0,2.0,0.4599111080169678
405.0,7.0,7.0,0.6386997699737549
92.0,1.0,1.0,0.1270222663879394
326.0,8.0,8.0,0.5187008380889893
672.0,18.0,18.0,0.9883818626403807
324.0,6.0,6.0,0.4716620445251465
169.0,1.0,1.0,0.2408337593078613
637.0,9.0,9.0,1.0184566974639893
1509.0,30.0,30.0,2.3079068660736084
197.0,3.0,3.0,0.2878708839416504
393.0,8.0,8.0,0.5905463695526123
121.0,1.0,1.0,0.1715157032012939
349.0,4.0,4.0,0.5318140983581543
255.0,10.0,10.0,0.4259605407714844
293.0,7.0,7.0,0.4279022216796875
81.0,0.0,0.0,0.1210951805114746
136.0,2.0,2.0,0.2090458869934082
67.0,2.0,2.0,0.1010160446166992
342.0,9.0,9.0,0.5224785804748535
519.0,4.0,4.0,0.8237295150756836
290.0,9.0,9.0,0.4364964962005615
278.0,9.0,9.0,0.4023804664611816
211.0,4.0,4.0,0.3225774765014648
686.0,24.0,24.0,1.0732641220092771
373.0,19.0,19.0,0.5916295051574707
356.0,9.0,9.0,0.5335166454315186
464.0,2.0,2.0,0.7594201564788818
97.0,1.0,1.0,0.1831731796264648
404.0,8.0,8.0,0.5999870300292969
526.0,15.0,15.0,0.7763128280639648
2991.0,65.0,65.0,4.565147399902344
205.0,11.0,11.0,0.3007011413574219
132.0,1.0,1.0,0.207958698272705
208.0,7.0,7.0,0.3125662803649902
120.0,1.0,1.0,0.2084171772003173
337.0,6.0,6.0,0.4865212440490722
217.0,4.0,4.0,0.3309817314147949
319.0,6.0,6.0,0.4700691699981689
98.0,9.0,9.0,0.1405956745147705
896.0,13.0,13.0,1.4017813205718994
684.0,10.0,10.0,1.0104799270629885
631.0,3.0,3.0,1.006599187850952
673.0,8.0,8.0,1.0214786529541016
101.0,0.0,0.0,0.1713783740997314
238.0,6.0,6.0,0.4032316207885742
308.0,6.0,6.0,0.545952558517456
87.0,2.0,2.0,0.1417109966278076
560.0,7.0,7.0,0.8858587741851807
440.0,9.0,9.0,0.658902645111084
209.0,7.0,7.0,0.3463692665100097
891.0,14.0,14.0,1.335599660873413
67.0,1.0,1.0,0.1168539524078369
255.0,11.0,11.0,0.3717131614685058
50.0,0.0,0.0,0.080960988998413
2775.0,58.0,58.0,4.278948783874512
900.0,27.0,27.0,1.405388355255127
580.0,16.0,16.0,0.8609669208526611
331.0,7.0,7.0,0.4825747013092041
169.0,3.0,3.0,0.2803990840911865
645.0,15.0,15.0,0.9890599250793456
445.0,15.0,15.0,0.6983213424682617
1170.0,19.0,19.0,1.780376672744751
59.0,1.0,1.0,0.0900511741638183
1371.0,30.0,30.0,2.220088005065918
118.0,5.0,5.0,0.1755964756011963
222.0,2.0,2.0,0.3533816337585449
546.0,8.0,8.0,0.8458497524261475
1043.0,25.0,25.0,1.5447516441345217
1239.0,22.0,22.0,1.905423879623413
115.0,4.0,4.0,0.1887152194976806
121.0,1.0,1.0,0.1778535842895507
471.0,4.0,4.0,0.7227747440338135
569.0,12.0,12.0,0.8375484943389893
53.0,0.0,0.0,0.0799834728240966
308.0,4.0,4.0,0.4572348594665527
627.0,5.0,5.0,0.9743363857269288
127.0,4.0,4.0,0.1803696155548095
234.0,6.0,6.0,0.3375535011291504
300.0,7.0,7.0,0.4398562908172607
375.0,12.0,12.0,0.5576348304748535
935.0,19.0,19.0,1.4664945602416992
439.0,12.0,12.0,0.6453287601470947
284.0,3.0,3.0,0.4186015129089355
104.0,2.0,2.0,0.1547996997833252
497.0,12.0,12.0,0.7657861709594727
468.0,17.0,17.0,0.8151390552520752
509.0,11.0,11.0,0.8891103267669678
300.0,6.0,6.0,0.4848554134368896
236.0,3.0,3.0,0.374720811843872
444.0,3.0,3.0,0.757317066192627
106.0,1.0,1.0,0.1538639068603515
272.0,2.0,2.0,0.4481163024902344
131.0,1.0,1.0,0.2525908946990967
532.0,17.0,17.0,0.7706146240234375
493.0,12.0,12.0,0.729081392288208
634.0,14.0,14.0,0.9866464138031006
340.0,4.0,4.0,0.4992399215698242
172.0,3.0,3.0,0.2602226734161377
106.0,1.0,1.0,0.155785322189331
118.0,2.0,2.0,0.1803038120269775
174.0,4.0,4.0,0.2604637145996094
110.0,0.0,0.0,0.1682760715484619
97.0,1.0,1.0,0.1500191688537597
77.0,6.0,6.0,0.1200597286224365
387.0,4.0,4.0,0.6155891418457031
191.0,0.0,0.0,0.2796862125396728
545.0,12.0,12.0,0.8548691272735596
253.0,2.0,2.0,0.3714187145233154
248.0,1.0,1.0,0.4038197994232178
144.0,4.0,4.0,0.2100982666015625
169.0,1.0,1.0,0.2395045757293701
224.0,1.0,1.0,0.3272676467895508
241.0,7.0,7.0,0.3504042625427246
644.0,15.0,15.0,0.9521880149841307
115.0,1.0,1.0,0.2040355205535888
146.0,2.0,2.0,0.2571580410003662
579.0,19.0,19.0,0.8246839046478271
617.0,6.0,6.0,0.902235746383667
391.0,10.0,10.0,0.6335916519165039
176.0,2.0,2.0,0.288625955581665
707.0,6.0,6.0,1.108168363571167
382.0,3.0,3.0,0.6164155006408691
187.0,3.0,3.0,0.2958025932312011
622.0,9.0,9.0,0.9586200714111328
150.0,1.0,1.0,0.2289855480194091
164.0,5.0,5.0,0.24025559425354
221.0,7.0,7.0,0.3290519714355469
1144.0,19.0,19.0,1.766322135925293
659.0,19.0,19.0,1.0941660404205322
203.0,0.0,0.0,0.3000440597534179
248.0,4.0,4.0,0.3705008029937744
238.0,6.0,6.0,0.3604636192321777
959.0,15.0,15.0,1.460827350616455
37.0,0.0,0.0,0.0468571186065673
120.0,1.0,1.0,0.1811327934265136
512.0,12.0,12.0,0.7308664321899414
490.0,4.0,4.0,0.7154073715209961
1162.0,17.0,17.0,1.820464372634888
622.0,13.0,13.0,0.9769866466522216
231.0,6.0,6.0,0.3411402702331543
166.0,1.0,1.0,0.2569684982299804
281.0,4.0,4.0,0.415325403213501
876.0,12.0,12.0,1.326690912246704
638.0,21.0,21.0,1.0012507438659668
1570.0,36.0,36.0,2.379462242126465
178.0,0.0,0.0,0.2475371360778808
279.0,8.0,8.0,0.417452335357666
148.0,4.0,4.0,0.2704389095306396
999.0,23.0,23.0,1.4669005870819092
169.0,1.0,1.0,0.2514255046844482
151.0,1.0,1.0,0.2444860935211181
143.0,1.0,1.0,0.2580559253692627
629.0,13.0,13.0,0.9265437126159668
1358.0,28.0,28.0,2.0348708629608154
178.0,1.0,1.0,0.2495133876800537
193.0,11.0,11.0,0.2969465255737304
74.0,0.0,0.0,0.1100940704345703
93.0,0.0,0.0,0.14467453956604
130.0,1.0,1.0,0.1932611465454101
175.0,10.0,10.0,0.2480256557464599
427.0,11.0,11.0,0.6781799793243408
151.0,12.0,12.0,0.2404096126556396
185.0,0.0,0.0,0.2900369167327881
605.0,7.0,7.0,0.8809511661529541
251.0,10.0,10.0,0.3697166442871094
177.0,1.0,1.0,0.3191413879394531
360.0,6.0,6.0,0.5420005321502686
124.0,2.0,2.0,0.1729040145874023
79.0,3.0,3.0,0.109900951385498
1500.0,37.0,37.0,2.379566192626953
204.0,1.0,1.0,0.3040761947631836
72.0,1.0,1.0,0.1113970279693603
476.0,9.0,9.0,0.7625224590301514
127.0,1.0,1.0,0.174687385559082
272.0,7.0,7.0,0.4792308807373047
934.0,17.0,17.0,1.3921091556549072
1023.0,24.0,24.0,1.542324781417847
376.0,9.0,9.0,0.594233512878418
89.0,0.0,0.0,0.1120038032531738
124.0,2.0,2.0,0.235929250717163
774.0,17.0,17.0,1.1222960948944092
102.0,1.0,1.0,0.1599373817443847
1105.0,22.0,22.0,1.6582927703857422
263.0,4.0,4.0,0.3889760971069336
1658.0,37.0,37.0,2.4676601886749268
507.0,14.0,14.0,0.7624433040618896
915.0,15.0,15.0,1.4057879447937012
301.0,15.0,15.0,0.4396800994873047
364.0,8.0,8.0,0.5282802581787109
253.0,0.0,0.0,0.4175472259521484
610.0,6.0,6.0,0.9720757007598876
251.0,5.0,5.0,0.457275390625
1020.0,19.0,19.0,1.6588892936706543
275.0,3.0,3.0,0.4213776588439941
920.0,16.0,16.0,1.4058313369750977
608.0,17.0,17.0,0.9283626079559326
182.0,2.0,2.0,0.3270571231842041
126.0,2.0,2.0,0.1756274700164795
542.0,6.0,6.0,0.8517119884490967
145.0,4.0,4.0,0.2201428413391113
462.0,5.0,5.0,0.6871490478515625
181.0,4.0,4.0,0.2701389789581299
140.0,2.0,2.0,0.2009024620056152
395.0,10.0,10.0,0.6042163372039795
481.0,1.0,1.0,0.7116544246673584
340.0,2.0,2.0,0.4994001388549804
34.0,0.0,0.0,0.0501306056976318
72.0,4.0,4.0,0.1102561950683593
277.0,4.0,4.0,0.4072325229644775
544.0,2.0,2.0,0.8466799259185791
84.0,3.0,3.0,0.1315762996673584
566.0,3.0,3.0,0.8287744522094727
393.0,10.0,10.0,0.585906982421875
457.0,8.0,8.0,0.7258377075195312
254.0,9.0,9.0,0.3703911304473877
328.0,5.0,5.0,0.4827814102172851
583.0,7.0,7.0,0.8356354236602783
305.0,6.0,6.0,0.5044369697570801
796.0,21.0,21.0,1.4325730800628662
173.0,3.0,3.0,0.2434120178222656
147.0,4.0,4.0,0.2713871002197265
2006.0,25.0,25.0,3.0620787143707275
101.0,0.0,0.0,0.1751036643981933
592.0,7.0,7.0,0.8897366523742676
55.0,1.0,1.0,0.0900490283966064
319.0,8.0,8.0,0.5663876533508301
765.0,12.0,12.0,1.1257967948913574
203.0,2.0,2.0,0.294811487197876
541.0,14.0,14.0,0.8221800327301025
197.0,9.0,9.0,0.2903039455413818
175.0,5.0,5.0,0.2601642608642578
507.0,8.0,8.0,0.7583880424499512
790.0,16.0,16.0,1.238245964050293
811.0,13.0,13.0,1.2453649044036863
367.0,11.0,11.0,0.5650641918182373
299.0,9.0,9.0,0.505699872970581
300.0,6.0,6.0,0.4375274181365967
280.0,7.0,7.0,0.4136371612548828
224.0,8.0,8.0,0.3142590522766113
404.0,6.0,6.0,0.5853533744812012
789.0,21.0,21.0,1.2267751693725586
67.0,3.0,3.0,0.1500797271728515
84.0,0.0,0.0,0.1305587291717529
124.0,2.0,2.0,0.2123658657073974
671.0,16.0,16.0,1.0690605640411377
423.0,8.0,8.0,0.6561379432678223
1041.0,24.0,24.0,1.6026942729949951
1350.0,35.0,35.0,2.06428337097168
87.0,1.0,1.0,0.1287558078765869
696.0,12.0,12.0,1.022778034210205
545.0,8.0,8.0,0.8010618686676025
358.0,8.0,8.0,0.5860815048217773
120.0,0.0,0.0,0.1724021434783935
706.0,11.0,11.0,1.116779088973999
476.0,15.0,15.0,0.7997996807098389
273.0,5.0,5.0,0.429828405380249
746.0,10.0,10.0,1.107353925704956
733.0,11.0,11.0,1.13647198677063
355.0,7.0,7.0,0.4984896183013916
439.0,5.0,5.0,0.6624712944030762
204.0,0.0,0.0,0.283203125
148.0,1.0,1.0,0.2190332412719726
200.0,3.0,3.0,0.3674886226654053
816.0,27.0,27.0,1.2553250789642334
734.0,19.0,19.0,1.1935060024261477
285.0,4.0,4.0,0.4477183818817138
168.0,4.0,4.0,0.2281363010406494
197.0,7.0,7.0,0.2982587814331054
108.0,2.0,2.0,0.1689302921295166
319.0,4.0,4.0,0.4670336246490478
434.0,9.0,9.0,0.6897051334381104
677.0,13.0,13.0,1.0120108127593994
353.0,5.0,5.0,0.5457768440246582
550.0,9.0,9.0,0.8496320247650146
146.0,2.0,2.0,0.2037067413330078
270.0,10.0,10.0,0.4081616401672363
124.0,2.0,2.0,0.1814417839050293
663.0,11.0,11.0,1.0237951278686523
117.0,1.0,1.0,0.1865384578704834
186.0,5.0,5.0,0.2705981731414795
226.0,7.0,7.0,0.3283982276916504
1014.0,12.0,12.0,1.5489473342895508
79.0,5.0,5.0,0.1147756576538086
794.0,19.0,19.0,1.1413345336914062
769.0,20.0,20.0,1.2025129795074463
64.0,6.0,6.0,0.1000714302062988
300.0,2.0,2.0,0.4461917877197265
565.0,13.0,13.0,0.8090980052947998
339.0,9.0,9.0,0.4958000183105469
1131.0,21.0,21.0,1.8392996788024905
353.0,1.0,1.0,0.5239696502685547
214.0,1.0,1.0,0.3567488193511963
42.0,2.0,2.0,0.0615718364715576
340.0,3.0,3.0,0.4868977069854736
325.0,4.0,4.0,0.4795966148376465
441.0,6.0,6.0,0.6554074287414551
513.0,11.0,11.0,0.7843117713928223
608.0,11.0,11.0,0.972593069076538
298.0,10.0,10.0,0.4217100143432617
127.0,6.0,6.0,0.1726882457733154
482.0,7.0,7.0,0.7798655033111572
176.0,6.0,6.0,0.2672295570373535
149.0,1.0,1.0,0.2166337966918945
858.0,10.0,10.0,1.2495927810668943
735.0,9.0,9.0,1.122217893600464
320.0,2.0,2.0,0.4822113513946533
79.0,0.0,0.0,0.1301538944244384
271.0,5.0,5.0,0.4722158908843994
141.0,3.0,3.0,0.2238979339599609
679.0,10.0,10.0,1.007446527481079
688.0,14.0,14.0,1.0052952766418457
94.0,0.0,0.0,0.1416366100311279
72.0,1.0,1.0,0.0873899459838867
771.0,16.0,16.0,1.1556971073150637
663.0,9.0,9.0,0.9880259037017822
715.0,12.0,12.0,1.1895866394042969
221.0,4.0,4.0,0.3342173099517822
204.0,0.0,0.0,0.2979445457458496
327.0,0.0,0.0,0.4949567317962646
555.0,7.0,7.0,0.8856031894683838
356.0,12.0,12.0,0.5270850658416748
83.0,0.0,0.0,0.1201827526092529
372.0,6.0,6.0,0.5531151294708252
140.0,1.0,1.0,0.2004756927490234
226.0,4.0,4.0,0.376857042312622
217.0,6.0,6.0,0.3138406276702881
327.0,7.0,7.0,0.5129308700561523
184.0,3.0,3.0,0.2686977386474609
366.0,5.0,5.0,0.5272505283355713
104.0,0.0,0.0,0.1749684810638427
128.0,1.0,1.0,0.2040057182312011
259.0,2.0,2.0,0.4140491485595703
864.0,10.0,10.0,1.2848575115203855
235.0,2.0,2.0,0.3492155075073242
257.0,3.0,3.0,0.4117045402526855
666.0,13.0,13.0,1.0299513339996338
556.0,11.0,11.0,0.8632893562316895
342.0,15.0,15.0,0.5468943119049072
358.0,4.0,4.0,0.5412898063659668
125.0,2.0,2.0,0.188425064086914
60.0,0.0,0.0,0.0870463848114013
266.0,8.0,8.0,0.4388065338134765
499.0,13.0,13.0,0.9051470756530762
237.0,2.0,2.0,0.3693938255310058
547.0,12.0,12.0,0.8367128372192383
380.0,7.0,7.0,0.5984501838684082
583.0,12.0,12.0,0.9379520416259766
104.0,1.0,1.0,0.1600639820098877
710.0,9.0,9.0,1.1422066688537598
41.0,0.0,0.0,0.0580205917358398
482.0,7.0,7.0,0.7649490833282471
298.0,4.0,4.0,0.4863932132720947
296.0,6.0,6.0,0.4320228099822998
363.0,11.0,11.0,0.5424585342407227
716.0,16.0,16.0,1.1212797164916992
76.0,0.0,0.0,0.1158275604248046
1263.0,17.0,17.0,1.9476239681243896
1092.0,16.0,16.0,1.674856662750244
266.0,2.0,2.0,0.4003481864929199
83.0,1.0,1.0,0.1203889846801757
716.0,14.0,14.0,1.0563135147094729
765.0,14.0,14.0,1.1795060634613037
828.0,11.0,11.0,1.2507905960083008
213.0,10.0,10.0,0.3156332969665527
215.0,5.0,5.0,0.355029821395874
198.0,4.0,4.0,0.293790340423584
313.0,5.0,5.0,0.4671211242675781
230.0,2.0,2.0,0.3403291702270508
275.0,13.0,13.0,0.3995265960693359
1092.0,17.0,17.0,1.73221755027771
136.0,0.0,0.0,0.2129178047180175
334.0,4.0,4.0,0.6011919975280762
240.0,4.0,4.0,0.3404052257537842
566.0,19.0,19.0,0.9048831462860109
335.0,12.0,12.0,0.4989666938781738
205.0,5.0,5.0,0.2986819744110107
579.0,9.0,9.0,0.8919987678527832
103.0,0.0,0.0,0.1507885456085205
811.0,23.0,23.0,1.1726181507110596
51.0,1.0,1.0,0.0781760215759277
388.0,8.0,8.0,0.6177773475646973
289.0,8.0,8.0,0.447376012802124
1107.0,16.0,16.0,1.6657328605651855
98.0,3.0,3.0,0.1674728393554687
221.0,7.0,7.0,0.3326892852783203
826.0,18.0,18.0,1.228346347808838
604.0,3.0,3.0,0.9352872371673584
694.0,14.0,14.0,1.060689926147461
96.0,0.0,0.0,0.1426198482513427
362.0,6.0,6.0,0.5289359092712402
273.0,12.0,12.0,0.4526989459991455
123.0,4.0,4.0,0.179896593093872
56.0,2.0,2.0,0.0902101993560791
45.0,0.0,0.0,0.0601732730865478
796.0,11.0,11.0,1.1624705791473389
136.0,4.0,4.0,0.212958812713623
461.0,2.0,2.0,0.8052775859832764
145.0,3.0,3.0,0.2202920913696289
1478.0,28.0,28.0,2.320857048034668
439.0,8.0,8.0,0.6379978656768799
149.0,4.0,4.0,0.2128245830535888
97.0,6.0,6.0,0.1411497592926025
53.0,0.0,0.0,0.078653335571289
334.0,6.0,6.0,0.5229542255401611
132.0,3.0,3.0,0.1979467868804931
212.0,6.0,6.0,0.3154342174530029
480.0,15.0,15.0,0.715956449508667
890.0,10.0,10.0,1.3701720237731934
556.0,18.0,18.0,0.80470871925354
496.0,6.0,6.0,0.7150919437408447
139.0,8.0,8.0,0.2040450572967529
334.0,9.0,9.0,0.5255913734436035
280.0,2.0,2.0,0.4213886260986328
322.0,3.0,3.0,0.4789409637451172
543.0,4.0,4.0,0.7883162498474121
591.0,7.0,7.0,0.932298183441162
137.0,5.0,5.0,0.2329154014587402
434.0,13.0,13.0,0.623643159866333
457.0,7.0,7.0,0.7097620964050293
453.0,22.0,22.0,0.6941239833831787
94.0,3.0,3.0,0.1502509117126464
129.0,9.0,9.0,0.1813709735870361
317.0,10.0,10.0,0.4602088928222656
540.0,8.0,8.0,0.8465628623962402
205.0,4.0,4.0,0.3144075870513916
274.0,10.0,10.0,0.4320955276489258
472.0,9.0,9.0,0.7686171531677246
334.0,8.0,8.0,0.5565760135650635
278.0,2.0,2.0,0.4320657253265381
130.0,0.0,0.0,0.1879277229309082
376.0,11.0,11.0,0.5622556209564209
512.0,9.0,9.0,0.7412269115447998
119.0,4.0,4.0,0.1745707988739013
329.0,4.0,4.0,0.5554754734039307
778.0,7.0,7.0,1.1795291900634766
252.0,5.0,5.0,0.4014832973480224
203.0,3.0,3.0,0.3750314712524414
243.0,3.0,3.0,0.3600063323974609
175.0,6.0,6.0,0.2609095573425293
438.0,5.0,5.0,0.6882748603820801
129.0,1.0,1.0,0.1839692592620849
425.0,15.0,15.0,0.6456286907196045
88.0,0.0,0.0,0.1630058288574218
232.0,9.0,9.0,0.3612086772918701
563.0,9.0,9.0,0.7923181056976318
586.0,10.0,10.0,0.8653690814971924
101.0,0.0,0.0,0.1911568641662597
469.0,11.0,11.0,0.6918056011199951
544.0,7.0,7.0,0.796807050704956
689.0,10.0,10.0,1.0695552825927734
806.0,18.0,18.0,1.2154762744903564
2605.0,43.0,43.0,4.172767162322998
192.0,8.0,8.0,0.2842445373535156
107.0,3.0,3.0,0.1682283878326416
245.0,7.0,7.0,0.3705437183380127
207.0,9.0,9.0,0.3565726280212402
152.0,8.0,8.0,0.254594087600708
282.0,1.0,1.0,0.3931081295013428
36.0,0.0,0.0,0.0545654296875
428.0,12.0,12.0,0.6061744689941406
202.0,3.0,3.0,0.2830276489257812
260.0,2.0,2.0,0.384056806564331
149.0,2.0,2.0,0.2596175670623779
177.0,2.0,2.0,0.2674229145050049
381.0,3.0,3.0,0.5473482608795166
177.0,2.0,2.0,0.2691249847412109
140.0,2.0,2.0,0.2001192569732666
82.0,1.0,1.0,0.1242411136627197
91.0,3.0,3.0,0.1305375099182129
188.0,6.0,6.0,0.2885677814483642
269.0,3.0,3.0,0.4756503105163574
518.0,7.0,7.0,0.7565174102783203
302.0,7.0,7.0,0.4481086730957031
362.0,6.0,6.0,0.5356025695800781
66.0,2.0,2.0,0.0942447185516357
448.0,3.0,3.0,0.6882812976837158
736.0,8.0,8.0,1.0747125148773191
66.0,0.0,0.0,0.1199088096618652
723.0,14.0,14.0,1.0927326679229736
133.0,0.0,0.0,0.2103562355041504
719.0,15.0,15.0,1.0428872108459473
354.0,6.0,6.0,0.5201480388641357
364.0,8.0,8.0,0.5684642791748047
90.0,2.0,2.0,0.134648323059082
772.0,19.0,19.0,1.2292802333831787
339.0,12.0,12.0,0.6112926006317139
630.0,10.0,10.0,0.9533483982086182
809.0,20.0,20.0,1.2320170402526855
222.0,0.0,0.0,0.3786864280700683
60.0,0.0,0.0,0.0877058506011962
236.0,1.0,1.0,0.3288297653198242
410.0,7.0,7.0,0.6003139019012451
77.0,1.0,1.0,0.1100082397460937
449.0,18.0,18.0,0.6716301441192627
992.0,23.0,23.0,1.533763408660889
160.0,5.0,5.0,0.2316410541534423
583.0,5.0,5.0,0.921213150024414
510.0,7.0,7.0,0.7502086162567139
908.0,19.0,19.0,1.405705213546753
1649.0,32.0,32.0,2.648679256439209
472.0,6.0,6.0,0.7666070461273193
152.0,9.0,9.0,0.2447078227996826
282.0,2.0,2.0,0.4147515296936035
263.0,2.0,2.0,0.439655065536499
953.0,15.0,15.0,1.5013222694396973
682.0,12.0,12.0,1.10038423538208
662.0,12.0,12.0,0.9894862174987792
705.0,17.0,17.0,1.090700626373291
141.0,4.0,4.0,0.2002632617950439
287.0,5.0,5.0,0.4096240997314453
764.0,5.0,5.0,1.1156063079833984
230.0,1.0,1.0,0.4009377956390381
281.0,3.0,3.0,0.4750075340270996
84.0,4.0,4.0,0.1201586723327636
216.0,2.0,2.0,0.3332700729370117
200.0,5.0,5.0,0.2987728118896484
344.0,9.0,9.0,0.4951875209808349
253.0,2.0,2.0,0.3994462490081787
342.0,12.0,12.0,0.5113377571105957
197.0,5.0,5.0,0.2950174808502197
366.0,9.0,9.0,0.5496277809143066
267.0,6.0,6.0,0.4006252288818359
151.0,4.0,4.0,0.228670597076416
93.0,1.0,1.0,0.1447610855102539
159.0,4.0,4.0,0.2992148399353027
90.0,0.0,0.0,0.1200673580169677
234.0,5.0,5.0,0.3389513492584228
447.0,10.0,10.0,0.6482987403869629
128.0,0.0,0.0,0.1900784969329834
580.0,12.0,12.0,0.8792164325714111
372.0,7.0,7.0,0.537968635559082
552.0,6.0,6.0,0.8315925598144531
486.0,18.0,18.0,0.7217330932617188
1099.0,14.0,14.0,1.7067594528198242
750.0,17.0,17.0,1.210916519165039
178.0,0.0,0.0,0.2788643836975097
494.0,5.0,5.0,0.7145092487335205
78.0,1.0,1.0,0.1269822120666504
512.0,5.0,5.0,0.8109478950500488
664.0,8.0,8.0,0.976900577545166
204.0,2.0,2.0,0.3001606464385986
1077.0,28.0,28.0,1.687887191772461
358.0,11.0,11.0,0.5257055759429932
90.0,0.0,0.0,0.1280369758605957
99.0,1.0,1.0,0.1390976905822754
213.0,8.0,8.0,0.3227593898773193
992.0,15.0,15.0,1.538470983505249
123.0,2.0,2.0,0.1719899177551269
398.0,3.0,3.0,0.578127384185791
464.0,12.0,12.0,0.7684876918792725
237.0,4.0,4.0,0.3558168411254883
116.0,3.0,3.0,0.174415111541748
169.0,7.0,7.0,0.2350127696990966
160.0,2.0,2.0,0.2356204986572265
218.0,2.0,2.0,0.3317708969116211
706.0,12.0,12.0,1.0657927989959717
112.0,4.0,4.0,0.1700339317321777
775.0,11.0,11.0,1.126106023788452
126.0,7.0,7.0,0.1896302700042724
487.0,13.0,13.0,0.8144075870513916
126.0,0.0,0.0,0.2200348377227783
403.0,9.0,9.0,0.6155688762664795
1074.0,16.0,16.0,1.710068702697754
890.0,22.0,22.0,1.302302360534668
141.0,1.0,1.0,0.2779037952423095
203.0,7.0,7.0,0.305084228515625
324.0,2.0,2.0,0.4791989326477051
285.0,2.0,2.0,0.4381153583526611
61.0,0.0,0.0,0.0944163799285888
267.0,4.0,4.0,0.444652795791626
134.0,2.0,2.0,0.1879327297210693
826.0,14.0,14.0,1.2836086750030518
312.0,3.0,3.0,0.454634428024292
254.0,5.0,5.0,0.3776516914367676
269.0,6.0,6.0,0.4531762599945068
178.0,3.0,3.0,0.2750797271728515
108.0,1.0,1.0,0.1603484153747558
69.0,0.0,0.0,0.0999326705932617
124.0,0.0,0.0,0.1801528930664062
226.0,4.0,4.0,0.3268129825592041
72.0,2.0,2.0,0.1000614166259765
280.0,4.0,4.0,0.4083335399627685
119.0,0.0,0.0,0.1803715229034423
191.0,3.0,3.0,0.3087375164031982
158.0,4.0,4.0,0.2918851375579834
138.0,4.0,4.0,0.2024769783020019
329.0,3.0,3.0,0.4807353019714355
765.0,15.0,15.0,1.1426653861999512
848.0,27.0,27.0,1.2549498081207275
101.0,2.0,2.0,0.1410446166992187
292.0,12.0,12.0,0.4278538227081299
96.0,2.0,2.0,0.1401116847991943
150.0,8.0,8.0,0.2176864147186279
647.0,18.0,18.0,1.1126611232757568
409.0,5.0,5.0,0.6736235618591309
233.0,1.0,1.0,0.3392567634582519
333.0,6.0,6.0,0.5087471008300781
599.0,12.0,12.0,0.9447472095489502
120.0,1.0,1.0,0.1727921962738037
363.0,4.0,4.0,0.5424580574035645
745.0,20.0,20.0,1.1455140113830566
684.0,5.0,5.0,1.0468006134033203
373.0,11.0,11.0,0.5511822700500488
242.0,6.0,6.0,0.4251976013183594
113.0,2.0,2.0,0.1695067882537841
186.0,3.0,3.0,0.2756311893463135
429.0,5.0,5.0,0.700209379196167
436.0,8.0,8.0,0.6200568675994873
360.0,2.0,2.0,0.5900306701660156
906.0,16.0,16.0,1.35296630859375
734.0,6.0,6.0,1.19075608253479
112.0,0.0,0.0,0.1656429767608642
1101.0,16.0,16.0,1.6424245834350586
269.0,6.0,6.0,0.3920695781707763
73.0,1.0,1.0,0.1067249774932861
371.0,17.0,17.0,0.5491983890533447
576.0,19.0,19.0,0.8509669303894043
402.0,2.0,2.0,0.7032890319824219
307.0,1.0,1.0,0.50103759765625
118.0,0.0,0.0,0.1724405288696289
109.0,3.0,3.0,0.210561990737915
677.0,16.0,16.0,1.158952713012695
284.0,8.0,8.0,0.4562389850616455
874.0,8.0,8.0,1.2778172492980957
318.0,3.0,3.0,0.5158798694610596
557.0,12.0,12.0,0.9052343368530272
96.0,1.0,1.0,0.138730764389038
749.0,9.0,9.0,1.102574348449707
98.0,1.0,1.0,0.1856958866119384
635.0,6.0,6.0,0.920762062072754
120.0,3.0,3.0,0.1829016208648681
416.0,8.0,8.0,0.6044161319732666
191.0,9.0,9.0,0.2749061584472656
453.0,9.0,9.0,0.7621400356292725
185.0,0.0,0.0,0.2725372314453125
315.0,9.0,9.0,0.4638216495513916
927.0,14.0,14.0,1.4692940711975098
110.0,7.0,7.0,0.1566638946533203
405.0,3.0,3.0,0.5916824340820312
246.0,7.0,7.0,0.3466308116912842
770.0,11.0,11.0,1.175830602645874
1276.0,18.0,18.0,1.9918479919433596
47.0,1.0,1.0,0.0671212673187255
1236.0,13.0,13.0,1.8873887062072756
206.0,4.0,4.0,0.343332290649414
200.0,2.0,2.0,0.3067028522491455
76.0,0.0,0.0,0.1099195480346679
987.0,18.0,18.0,1.4615304470062256
406.0,11.0,11.0,0.6719138622283936
222.0,7.0,7.0,0.3193244934082031
624.0,11.0,11.0,0.96703839302063
92.0,3.0,3.0,0.1404078006744384
290.0,11.0,11.0,0.4568428993225097
57.0,0.0,0.0,0.0739433765411377
157.0,2.0,2.0,0.2305619716644287
532.0,8.0,8.0,0.79563307762146
186.0,2.0,2.0,0.2810084819793701
608.0,15.0,15.0,0.9595785140991212
225.0,2.0,2.0,0.3330216407775879
429.0,9.0,9.0,0.6380469799041748
80.0,8.0,8.0,0.1200275421142578
286.0,0.0,0.0,0.416968822479248
687.0,16.0,16.0,1.07891845703125
203.0,0.0,0.0,0.3459398746490478
347.0,6.0,6.0,0.5029025077819824
784.0,11.0,11.0,1.216111421585083
312.0,9.0,9.0,0.4479238986968994
164.0,4.0,4.0,0.2352654933929443
328.0,4.0,4.0,0.4954066276550293
681.0,22.0,22.0,1.0579602718353271
56.0,0.0,0.0,0.0790488719940185
306.0,4.0,4.0,0.480447769165039
47.0,3.0,3.0,0.078547716140747
299.0,4.0,4.0,0.5113937854766846
670.0,21.0,21.0,1.0602455139160156
703.0,25.0,25.0,1.0807738304138184
548.0,7.0,7.0,0.8098146915435791
759.0,16.0,16.0,1.1298983097076416
151.0,3.0,3.0,0.2354955673217773
194.0,4.0,4.0,0.2844822406768799
1784.0,22.0,22.0,2.754891157150269
144.0,3.0,3.0,0.2537052631378174
238.0,3.0,3.0,0.4007704257965088
423.0,11.0,11.0,0.6403098106384277
286.0,6.0,6.0,0.4196674823760986
206.0,2.0,2.0,0.2968981266021728
519.0,10.0,10.0,0.8065488338470459
120.0,6.0,6.0,0.1886208057403564
153.0,2.0,2.0,0.2315208911895752
488.0,8.0,8.0,0.7087934017181396
868.0,27.0,27.0,1.341008186340332
561.0,8.0,8.0,0.8102355003356934
214.0,0.0,0.0,0.2981240749359131
944.0,23.0,23.0,1.4924523830413818
494.0,3.0,3.0,0.7864139080047607
103.0,0.0,0.0,0.1491680145263672
171.0,3.0,3.0,0.2668349742889404
287.0,9.0,9.0,0.4848196506500244
336.0,3.0,3.0,0.5588691234588623
397.0,14.0,14.0,0.5729217529296875
440.0,7.0,7.0,0.660895586013794
207.0,7.0,7.0,0.3503003120422363
1770.0,26.0,26.0,2.749420166015625
285.0,5.0,5.0,0.4468057155609131
102.0,5.0,5.0,0.1667604446411132
734.0,12.0,12.0,1.1746728420257568
393.0,5.0,5.0,0.5885682106018066
836.0,20.0,20.0,1.2253024578094482
467.0,4.0,4.0,0.7736973762512207
434.0,11.0,11.0,0.6406815052032471
188.0,4.0,4.0,0.2826440334320068
333.0,9.0,9.0,0.4868342876434326
1097.0,15.0,15.0,1.6247613430023191
499.0,11.0,11.0,0.7178549766540527
260.0,8.0,8.0,0.4603288173675537
77.0,3.0,3.0,0.1400294303894043
412.0,13.0,13.0,0.6678473949432373
35.0,1.0,1.0,0.0472943782806396
978.0,20.0,20.0,1.6334598064422607
387.0,14.0,14.0,0.5819945335388184
183.0,3.0,3.0,0.2540779113769531
81.0,4.0,4.0,0.1101617813110351
183.0,0.0,0.0,0.2843828201293945
950.0,22.0,22.0,1.441530466079712
383.0,10.0,10.0,0.5590300559997559
751.0,3.0,3.0,1.1648530960083008
143.0,6.0,6.0,0.2080254554748535
706.0,5.0,5.0,1.020822286605835
310.0,6.0,6.0,0.4635298252105713
835.0,17.0,17.0,1.2571396827697754
387.0,9.0,9.0,0.5571191310882568
123.0,0.0,0.0,0.1841709613800048
1042.0,32.0,32.0,1.6176724433898926
404.0,12.0,12.0,0.5984513759613037
326.0,8.0,8.0,0.488807201385498
110.0,0.0,0.0,0.1768031120300293
70.0,0.0,0.0,0.1332495212554931
168.0,1.0,1.0,0.2556242942810058
786.0,21.0,21.0,1.1590080261230469
84.0,0.0,0.0,0.1300549507141113
116.0,1.0,1.0,0.1691186428070068
127.0,8.0,8.0,0.1902947425842285
320.0,4.0,4.0,0.567737340927124
621.0,11.0,11.0,0.9756135940551758
154.0,3.0,3.0,0.2195985317230224
821.0,18.0,18.0,1.3271114826202393
369.0,3.0,3.0,0.5450105667114258
409.0,8.0,8.0,0.6513950824737549
366.0,5.0,5.0,0.5386731624603271
413.0,2.0,2.0,0.6327533721923828
110.0,2.0,2.0,0.1569628715515136
753.0,13.0,13.0,1.1396863460540771
412.0,7.0,7.0,0.6851933002471924
295.0,2.0,2.0,0.4288661479949951
155.0,3.0,3.0,0.2398076057434082
58.0,0.0,0.0,0.1085360050201416
89.0,1.0,1.0,0.1430907249450683
335.0,1.0,1.0,0.5002999305725098
607.0,16.0,16.0,0.9507298469543456
169.0,5.0,5.0,0.2507047653198242
316.0,2.0,2.0,0.4566788673400879
42.0,0.0,0.0,0.0601279735565185
55.0,2.0,2.0,0.0800411701202392
803.0,11.0,11.0,1.3095781803131104
1179.0,26.0,26.0,1.716524362564087
212.0,0.0,0.0,0.3219685554504394
334.0,6.0,6.0,0.5135235786437988
75.0,0.0,0.0,0.1008193492889404
138.0,7.0,7.0,0.2039606571197509
157.0,0.0,0.0,0.2323589324951172
188.0,3.0,3.0,0.2628734111785888
565.0,6.0,6.0,0.8488695621490479
92.0,2.0,2.0,0.2099988460540771
226.0,4.0,4.0,0.3910675048828125
184.0,4.0,4.0,0.2723534107208252
309.0,9.0,9.0,0.4704437255859375
59.0,1.0,1.0,0.0902817249298095
236.0,2.0,2.0,0.3769772052764892
151.0,4.0,4.0,0.2435042858123779
163.0,4.0,4.0,0.2352077960968017
134.0,1.0,1.0,0.2771296501159668
80.0,2.0,2.0,0.1180357933044433
391.0,8.0,8.0,0.5886416435241699
198.0,2.0,2.0,0.289860725402832
222.0,4.0,4.0,0.3287844657897949
81.0,2.0,2.0,0.1200411319732666
1134.0,20.0,20.0,1.7469103336334229
181.0,4.0,4.0,0.2719569206237793
679.0,11.0,11.0,1.066275119781494
462.0,9.0,9.0,0.6726269721984863
151.0,6.0,6.0,0.2372045516967773
1032.0,20.0,20.0,1.545356035232544
144.0,0.0,0.0,0.1992948055267334
415.0,12.0,12.0,0.6184613704681396
121.0,0.0,0.0,0.2088232040405273
172.0,4.0,4.0,0.2712161540985107
73.0,3.0,3.0,0.1103417873382568
228.0,3.0,3.0,0.3368914127349853
276.0,10.0,10.0,0.4674727916717529
559.0,10.0,10.0,0.8111557960510254
688.0,15.0,15.0,1.000788688659668
477.0,11.0,11.0,0.7672107219696045
182.0,0.0,0.0,0.2706897258758545
319.0,7.0,7.0,0.4610872268676758
238.0,4.0,4.0,0.3630115985870361
504.0,7.0,7.0,0.8505816459655762
270.0,3.0,3.0,0.4112029075622558
67.0,0.0,0.0,0.1130046844482421
57.0,2.0,2.0,0.084630012512207
436.0,4.0,4.0,0.6817772388458252
294.0,3.0,3.0,0.4601469039916992
139.0,2.0,2.0,0.2002182006835937
217.0,7.0,7.0,0.3943994045257568
195.0,6.0,6.0,0.2801649570465088
1459.0,21.0,21.0,2.2150654792785645
91.0,1.0,1.0,0.1288683414459228
181.0,1.0,1.0,0.2646098136901855
253.0,2.0,2.0,0.3825123310089111
203.0,4.0,4.0,0.2916455268859863
166.0,3.0,3.0,0.2511000633239746
124.0,2.0,2.0,0.1814556121826172
122.0,1.0,1.0,0.1666698455810547
129.0,2.0,2.0,0.2485833168029785
152.0,4.0,4.0,0.2407553195953369
394.0,1.0,1.0,0.5790953636169434
375.0,6.0,6.0,0.5503859519958496
153.0,3.0,3.0,0.2218663692474365
56.0,1.0,1.0,0.0818336009979248
1250.0,20.0,20.0,1.9356203079223635
656.0,12.0,12.0,1.058804273605347
211.0,3.0,3.0,0.2922296524047851
1090.0,21.0,21.0,1.576359748840332
482.0,10.0,10.0,0.7646346092224121
479.0,10.0,10.0,0.7541203498840332
366.0,13.0,13.0,0.5904080867767334
294.0,3.0,3.0,0.5076055526733398
85.0,2.0,2.0,0.1216378211975097
440.0,11.0,11.0,0.6538867950439453
666.0,16.0,16.0,1.0366976261138916
116.0,2.0,2.0,0.1812846660614013
46.0,4.0,4.0,0.072965383529663
309.0,5.0,5.0,0.5336785316467285
179.0,1.0,1.0,0.2829647064208984
714.0,5.0,5.0,1.0508654117584229
648.0,12.0,12.0,1.0195889472961426
61.0,0.0,0.0,0.0955097675323486
224.0,5.0,5.0,0.3234121799468994
756.0,11.0,11.0,1.114150047302246
210.0,4.0,4.0,0.383028507232666
69.0,1.0,1.0,0.0905818939208984
92.0,1.0,1.0,0.1258933544158935
103.0,0.0,0.0,0.1636133193969726
188.0,5.0,5.0,0.3031251430511474
954.0,14.0,14.0,1.402116775512695
115.0,1.0,1.0,0.2010741233825683
234.0,1.0,1.0,0.3398542404174804
65.0,0.0,0.0,0.1300380229949951
96.0,0.0,0.0,0.1507766246795654
351.0,6.0,6.0,0.5307226181030273
848.0,15.0,15.0,1.3034875392913818
267.0,2.0,2.0,0.3936986923217773
455.0,3.0,3.0,0.6688590049743652
312.0,5.0,5.0,0.47078537940979
210.0,7.0,7.0,0.3346843719482422
65.0,1.0,1.0,0.096320629119873
1468.0,28.0,28.0,2.40535831451416
1680.0,22.0,22.0,2.966885566711426
38.0,0.0,0.0,0.0735852718353271
927.0,18.0,18.0,1.4109907150268557
606.0,20.0,20.0,0.9025499820709229
311.0,6.0,6.0,0.5368010997772217
169.0,4.0,4.0,0.2392616271972656
151.0,3.0,3.0,0.222219705581665
206.0,4.0,4.0,0.3032004833221435
714.0,5.0,5.0,1.0603671073913574
560.0,13.0,13.0,0.8695080280303955
381.0,2.0,2.0,0.5620079040527344
828.0,10.0,10.0,1.2589597702026367
577.0,8.0,8.0,0.8473794460296631
180.0,0.0,0.0,0.2634925842285156
444.0,8.0,8.0,0.6981127262115479
271.0,4.0,4.0,0.4530739784240722
599.0,4.0,4.0,0.8512914180755615
163.0,1.0,1.0,0.2319602966308593
184.0,0.0,0.0,0.2640342712402344
580.0,8.0,8.0,0.8927314281463623
467.0,5.0,5.0,0.6980500221252441
541.0,18.0,18.0,0.8906228542327881
706.0,8.0,8.0,1.1675002574920654
292.0,3.0,3.0,0.4634296894073486
349.0,11.0,11.0,0.5718131065368652
292.0,7.0,7.0,0.4089953899383545
367.0,12.0,12.0,0.4228577613830566
46.0,1.0,1.0,0.0554606914520263
456.0,2.0,2.0,0.5303783416748047
94.0,2.0,2.0,0.1023592948913574
1870.0,41.0,41.0,2.036873340606689
730.0,10.0,10.0,0.7891321182250977
188.0,1.0,1.0,0.2070715427398681
99.0,2.0,2.0,0.1065623760223388
497.0,7.0,7.0,0.5918304920196533
1253.0,28.0,28.0,2.2204813957214355
432.0,6.0,6.0,0.7008674144744873
680.0,15.0,15.0,1.19411301612854
466.0,14.0,14.0,0.8277761936187744
172.0,2.0,2.0,0.2487218379974365
694.0,7.0,7.0,1.3193705081939695
795.0,9.0,9.0,1.3428642749786377
268.0,1.0,1.0,0.4338359832763672
283.0,8.0,8.0,0.4579451084136963
145.0,0.0,0.0,0.3008327484130859
148.0,1.0,1.0,0.2211318016052246
769.0,13.0,13.0,1.2209370136260986
357.0,2.0,2.0,0.5969188213348389
626.0,14.0,14.0,1.0688633918762207
229.0,1.0,1.0,0.3782825469970703
447.0,9.0,9.0,0.7352981567382812
52.0,1.0,1.0,0.0749955177307128
525.0,8.0,8.0,0.81398606300354
546.0,9.0,9.0,0.8211419582366943
380.0,5.0,5.0,0.5544154644012451
258.0,2.0,2.0,0.4659018516540527
349.0,13.0,13.0,0.5328855514526367
396.0,6.0,6.0,0.5867645740509033
234.0,1.0,1.0,0.4189844131469726
243.0,5.0,5.0,0.3537132740020752
368.0,9.0,9.0,0.6061444282531738
220.0,2.0,2.0,0.355565071105957
364.0,7.0,7.0,0.5854470729827881
248.0,2.0,2.0,0.3562963008880615
399.0,12.0,12.0,0.6552321910858154
321.0,3.0,3.0,0.4681501388549804
597.0,9.0,9.0,0.8490636348724365
377.0,8.0,8.0,0.56658935546875
126.0,1.0,1.0,0.2067580223083496
708.0,11.0,11.0,1.072784662246704
499.0,8.0,8.0,0.7970349788665771
463.0,14.0,14.0,0.743405818939209
195.0,2.0,2.0,0.2865443229675293
268.0,10.0,10.0,0.4740614891052246
387.0,1.0,1.0,0.7002298831939697
374.0,4.0,4.0,0.6506943702697754
287.0,1.0,1.0,0.4637472629547119
179.0,1.0,1.0,0.2676928043365478
327.0,8.0,8.0,0.5229828357696533
634.0,12.0,12.0,1.0731089115142822
121.0,0.0,0.0,0.2114651203155517
155.0,2.0,2.0,0.231501817703247
146.0,1.0,1.0,0.2252557277679443
533.0,12.0,12.0,0.8732352256774902
242.0,8.0,8.0,0.3843617439270019
187.0,2.0,2.0,0.3175969123840332
70.0,2.0,2.0,0.1147799491882324
264.0,7.0,7.0,0.4524328708648681
89.0,0.0,0.0,0.1647279262542724
455.0,5.0,5.0,0.753004789352417
659.0,11.0,11.0,1.165332555770874
193.0,7.0,7.0,0.291982889175415
72.0,2.0,2.0,0.1223721504211425
119.0,0.0,0.0,0.2003393173217773
916.0,12.0,12.0,1.451547145843506
200.0,3.0,3.0,0.3339900970458984
116.0,1.0,1.0,0.198883056640625
220.0,6.0,6.0,0.3963534832000732
522.0,3.0,3.0,0.7944118976593018
287.0,7.0,7.0,0.471987247467041
183.0,3.0,3.0,0.2777943611145019
87.0,3.0,3.0,0.1435184478759765
260.0,0.0,0.0,0.4338047504425049
246.0,5.0,5.0,0.37018680572509766
109.0,1.0,1.0,0.18675637245178223
1157.0,21.0,21.0,1.944584846496582
550.0,15.0,15.0,0.9908909797668457
111.0,2.0,2.0,0.18847060203552246
45.0,0.0,0.0,0.08063769340515137
717.0,14.0,14.0,1.150496482849121
91.0,3.0,3.0,0.1571335792541504
426.0,5.0,5.0,0.7196049690246582
176.0,1.0,1.0,0.2738666534423828
102.0,0.0,0.0,0.16918206214904785
207.0,3.0,3.0,0.35422444343566895
961.0,16.0,16.0,1.7385351657867432
599.0,12.0,12.0,0.975515604019165
372.0,9.0,9.0,0.5920441150665283
870.0,15.0,15.0,1.4435830116271973
188.0,2.0,2.0,0.326129674911499
357.0,7.0,7.0,0.5977444648742676
264.0,2.0,2.0,0.44116854667663574
211.0,1.0,1.0,0.41927409172058105
286.0,8.0,8.0,0.47307825088500977
712.0,14.0,14.0,1.1352250576019287
183.0,6.0,6.0,0.29546546936035156
584.0,8.0,8.0,0.9767947196960449
565.0,12.0,12.0,0.8593308925628662
620.0,18.0,18.0,1.029707431793213
87.0,1.0,1.0,0.127669095993042
367.0,4.0,4.0,0.5930678844451904
356.0,4.0,4.0,0.5266702175140381
283.0,4.0,4.0,0.45284509658813477
144.0,2.0,2.0,0.3084390163421631
215.0,1.0,1.0,0.3555114269256592
300.0,2.0,2.0,0.5517125129699707
204.0,2.0,2.0,0.34996986389160156
166.0,1.0,1.0,0.2538795471191406
657.0,10.0,10.0,1.0786490440368652
58.0,0.0,0.0,0.10208344459533691
243.0,3.0,3.0,0.4336519241333008
210.0,8.0,8.0,0.33025312423706055
50.0,0.0,0.0,0.07772946357727051
67.0,0.0,0.0,0.10029458999633789
174.0,1.0,1.0,0.32035160064697266
139.0,3.0,3.0,0.23516058921813965
569.0,8.0,8.0,0.9733874797821045
195.0,5.0,5.0,0.3111147880554199
98.0,0.0,0.0,0.177476167678833
364.0,8.0,8.0,0.5975110530853271
234.0,2.0,2.0,0.3715801239013672
597.0,14.0,14.0,1.0505738258361816
73.0,3.0,3.0,0.1105799674987793
480.0,5.0,5.0,0.8126039505004883
260.0,6.0,6.0,0.48206305503845215
43.0,0.0,0.0,0.0661020278930664
788.0,18.0,18.0,1.3142204284667969
965.0,16.0,16.0,1.649064540863037
296.0,6.0,6.0,0.4413878917694092
168.0,6.0,6.0,0.25975680351257324
211.0,2.0,2.0,0.36330080032348633
81.0,8.0,8.0,0.14963865280151367
190.0,0.0,0.0,0.3298616409301758
366.0,9.0,9.0,0.6438512802124023
238.0,3.0,3.0,0.3902158737182617
392.0,12.0,12.0,0.6412508487701416
257.0,4.0,4.0,0.4150431156158447
131.0,2.0,2.0,0.19694280624389648
410.0,11.0,11.0,0.7472279071807861
649.0,15.0,15.0,1.1177377700805664
446.0,10.0,10.0,0.732222318649292
326.0,11.0,11.0,0.6503801345825195
162.0,0.0,0.0,0.27729296684265137
726.0,11.0,11.0,1.3256840705871582
239.0,3.0,3.0,0.40305066108703613
273.0,8.0,8.0,0.4683389663696289
356.0,4.0,4.0,0.6074321269989014
123.0,2.0,2.0,0.22203636169433594
1397.0,26.0,26.0,2.3297078609466553
43.0,0.0,0.0,0.06255316734313965
282.0,0.0,0.0,0.43284130096435547
385.0,2.0,2.0,0.6334965229034424
284.0,0.0,0.0,0.49472618103027344
146.0,10.0,10.0,0.2478954792022705
229.0,4.0,4.0,0.37638258934020996
563.0,9.0,9.0,0.9811320304870605
549.0,6.0,6.0,0.8945164680480957
421.0,6.0,6.0,0.723463773727417
398.0,7.0,7.0,0.6922049522399902
236.0,4.0,4.0,0.37284255027770996
319.0,10.0,10.0,0.5043561458587646
142.0,1.0,1.0,0.21270132064819336
457.0,12.0,12.0,0.7638018131256104
419.0,10.0,10.0,0.763322114944458
153.0,0.0,0.0,0.27950477600097656
521.0,14.0,14.0,0.8950457572937012
497.0,6.0,6.0,0.8634109497070312
1116.0,16.0,16.0,1.8656628131866455
701.0,14.0,14.0,1.1592814922332764
347.0,1.0,1.0,0.5587818622589111
940.0,17.0,17.0,1.549433946609497
107.0,1.0,1.0,0.1740264892578125
74.0,2.0,2.0,0.1344585418701172
352.0,5.0,5.0,0.615556001663208
1157.0,24.0,24.0,1.7955482006072998
292.0,8.0,8.0,0.4951131343841553
402.0,7.0,7.0,0.6942715644836426
727.0,8.0,8.0,1.2093141078948975
300.0,5.0,5.0,0.4890153408050537
587.0,12.0,12.0,0.9799759387969971
217.0,7.0,7.0,0.3135983943939209
136.0,1.0,1.0,0.22066950798034668
107.0,0.0,0.0,0.1626753807067871
876.0,15.0,15.0,1.5208988189697266
304.0,11.0,11.0,0.5036816596984863
609.0,16.0,16.0,0.9780063629150391
752.0,10.0,10.0,1.258312702178955
350.0,6.0,6.0,0.5448043346405029
397.0,11.0,11.0,0.6568825244903564
236.0,4.0,4.0,0.372114896774292
543.0,10.0,10.0,0.9113645553588867
1119.0,29.0,29.0,1.8604786396026611
1284.0,17.0,17.0,2.079951763153076
850.0,16.0,16.0,1.3274133205413818
412.0,3.0,3.0,0.6826586723327637
717.0,10.0,10.0,1.1748299598693848
619.0,5.0,5.0,1.035454511642456
133.0,2.0,2.0,0.21962976455688477
303.0,11.0,11.0,0.5159924030303955
1180.0,24.0,24.0,1.9818880558013916
74.0,0.0,0.0,0.13204026222229004
469.0,9.0,9.0,0.8202340602874756
455.0,2.0,2.0,0.7874407768249512
628.0,21.0,21.0,1.1012647151947021
68.0,4.0,4.0,0.10978412628173828
1385.0,23.0,23.0,2.291494369506836
562.0,9.0,9.0,0.8601078987121582
423.0,16.0,16.0,0.7211837768554688
116.0,3.0,3.0,0.21451354026794434
1060.0,17.0,17.0,1.764467477798462
168.0,0.0,0.0,0.2986733913421631
1049.0,18.0,18.0,1.7763750553131104
438.0,10.0,10.0,0.7708101272583008
361.0,7.0,7.0,0.5939328670501709
628.0,6.0,6.0,1.0005102157592773
56.0,2.0,2.0,0.09727287292480469
94.0,1.0,1.0,0.1650993824005127
150.0,4.0,4.0,0.3043088912963867
533.0,9.0,9.0,0.8931412696838379
1230.0,21.0,21.0,2.159594774246216
186.0,1.0,1.0,0.36403942108154297
181.0,7.0,7.0,0.31627368927001953
648.0,3.0,3.0,1.1005358695983887
329.0,4.0,4.0,0.6170079708099365
319.0,3.0,3.0,0.5449662208557129
1071.0,17.0,17.0,1.815134048461914
417.0,2.0,2.0,0.7151191234588623
380.0,4.0,4.0,0.6628751754760742
714.0,13.0,13.0,1.1650168895721436
254.0,4.0,4.0,0.4400622844696045
182.0,4.0,4.0,0.3100247383117676
198.0,2.0,2.0,0.3867161273956299
890.0,22.0,22.0,1.5828204154968262
195.0,4.0,4.0,0.317824125289917
114.0,1.0,1.0,0.19560885429382324
335.0,7.0,7.0,0.6336731910705566
146.0,0.0,0.0,0.2666287422180176
336.0,11.0,11.0,0.5999002456665039
1572.0,35.0,35.0,2.766165256500244
934.0,13.0,13.0,1.6516945362091064
154.0,0.0,0.0,0.27866196632385254
302.0,7.0,7.0,0.5579140186309814
681.0,15.0,15.0,1.1683619022369385
548.0,13.0,13.0,0.8819396495819092
83.0,2.0,2.0,0.15893101692199707
690.0,7.0,7.0,1.2065155506134033
147.0,7.0,7.0,0.2865920066833496
543.0,9.0,9.0,0.8888688087463379
378.0,3.0,3.0,0.6361324787139893
461.0,11.0,11.0,0.7478358745574951
399.0,9.0,9.0,0.679201602935791
116.0,1.0,1.0,0.1863422393798828
352.0,11.0,11.0,0.593231201171875
673.0,9.0,9.0,1.1188087463378906
160.0,5.0,5.0,0.2555384635925293
200.0,11.0,11.0,0.3500072956085205
409.0,6.0,6.0,0.7230932712554932
88.0,2.0,2.0,0.15016889572143555
1159.0,16.0,16.0,1.9794049263000488
213.0,12.0,12.0,0.38504457473754883
122.0,4.0,4.0,0.1812586784362793
306.0,5.0,5.0,0.5339314937591553
392.0,6.0,6.0,0.6833603382110596
53.0,1.0,1.0,0.09933662414550781
74.0,0.0,0.0,0.14691162109375
973.0,17.0,17.0,1.5772264003753662
207.0,4.0,4.0,0.3390004634857178
93.0,4.0,4.0,0.16721391677856445
741.0,17.0,17.0,1.227126121520996
81.0,2.0,2.0,0.12537002563476562
301.0,6.0,6.0,0.5060672760009766
410.0,8.0,8.0,0.7232809066772461
259.0,7.0,7.0,0.4049031734466553
481.0,15.0,15.0,0.8016133308410645
1100.0,17.0,17.0,1.815816879272461
304.0,5.0,5.0,0.5570132732391357
727.0,12.0,12.0,1.2244930267333984
102.0,1.0,1.0,0.18794560432434082
470.0,12.0,12.0,0.8084962368011475
802.0,7.0,7.0,1.3543415069580078
1155.0,28.0,28.0,2.1212878227233887
1175.0,12.0,12.0,2.0838072299957275
174.0,3.0,3.0,0.2927420139312744
948.0,14.0,14.0,1.5673198699951172
245.0,9.0,9.0,0.4772922992706299
139.0,2.0,2.0,0.24333691596984863
447.0,8.0,8.0,0.7414193153381348
102.0,5.0,5.0,0.17599201202392578
1385.0,30.0,30.0,2.3379836082458496
166.0,1.0,1.0,0.3046081066131592
113.0,3.0,3.0,0.1789095401763916
513.0,4.0,4.0,0.8921356201171875
583.0,18.0,18.0,0.9744095802307129
487.0,10.0,10.0,0.8385493755340576
134.0,3.0,3.0,0.21948599815368652
235.0,1.0,1.0,0.3378899097442627
139.0,3.0,3.0,0.22102928161621094
352.0,5.0,5.0,0.5492408275604248
185.0,2.0,2.0,0.28032541275024414
53.0,0.0,0.0,0.0806574821472168
263.0,3.0,3.0,0.4271128177642822
58.0,3.0,3.0,0.11702752113342285
139.0,1.0,1.0,0.25763440132141113
608.0,12.0,12.0,0.9549527168273926
579.0,16.0,16.0,0.9660518169403076
1054.0,21.0,21.0,1.7716155052185059
432.0,6.0,6.0,0.7839031219482422
1251.0,15.0,15.0,2.194082736968994
119.0,2.0,2.0,0.21032285690307617
274.0,1.0,1.0,0.4932587146759033
167.0,1.0,1.0,0.32764768600463867
289.0,5.0,5.0,0.5096490383148193
247.0,4.0,4.0,0.45679521560668945
106.0,2.0,2.0,0.18217778205871582
406.0,3.0,3.0,0.7350142002105713
373.0,6.0,6.0,0.6618971824645996
1036.0,30.0,30.0,1.6794569492340088
68.0,3.0,3.0,0.10976648330688477
178.0,1.0,1.0,0.298140287399292
186.0,6.0,6.0,0.30831098556518555
72.0,2.0,2.0,0.10980868339538574
87.0,2.0,2.0,0.14931535720825195
888.0,14.0,14.0,1.436502456665039
84.0,2.0,2.0,0.1318669319152832
291.0,10.0,10.0,0.4639744758605957
547.0,10.0,10.0,0.9297606945037842
589.0,15.0,15.0,0.9262039661407471
221.0,5.0,5.0,0.352614164352417
976.0,14.0,14.0,1.6986002922058105
832.0,13.0,13.0,1.4086823463439941
55.0,2.0,2.0,0.10979652404785156
358.0,3.0,3.0,0.6407723426818848
438.0,8.0,8.0,0.7453253269195557
298.0,5.0,5.0,0.5348231792449951
469.0,19.0,19.0,0.8126940727233887
364.0,7.0,7.0,0.6116628646850586
63.0,1.0,1.0,0.09506654739379883
323.0,2.0,2.0,0.5233476161956787
328.0,6.0,6.0,0.56630539894104
209.0,5.0,5.0,0.37853360176086426
73.0,5.0,5.0,0.11313295364379883
195.0,6.0,6.0,0.34369802474975586
808.0,13.0,13.0,1.3698406219482422
591.0,15.0,15.0,1.0308055877685547
66.0,0.0,0.0,0.1190185546875
598.0,11.0,11.0,0.9922623634338379
156.0,2.0,2.0,0.23604726791381836
1293.0,18.0,18.0,2.191650629043579
619.0,15.0,15.0,1.041963815689087
471.0,13.0,13.0,0.8291864395141602
157.0,2.0,2.0,0.23167872428894043
330.0,6.0,6.0,0.6083273887634277
59.0,1.0,1.0,0.10272049903869629
1000.0,15.0,15.0,1.774109125137329
51.0,2.0,2.0,0.09090423583984375
537.0,9.0,9.0,0.9607605934143066
174.0,4.0,4.0,0.30132532119750977
303.0,8.0,8.0,0.5331053733825684
932.0,18.0,18.0,1.6527714729309082
224.0,0.0,0.0,0.3724820613861084
520.0,9.0,9.0,0.9263875484466553
451.0,10.0,10.0,0.756436824798584
133.0,0.0,0.0,0.22281455993652344
653.0,8.0,8.0,1.1248352527618408
405.0,7.0,7.0,0.68857741355896
135.0,0.0,0.0,0.2196052074432373
93.0,1.0,1.0,0.15983343124389648
286.0,8.0,8.0,0.47034502029418945
92.0,0.0,0.0,0.15666556358337402
546.0,15.0,15.0,0.9043774604797363
210.0,6.0,6.0,0.33779263496398926
826.0,9.0,9.0,1.3379929065704346
139.0,1.0,1.0,0.23168158531188965
152.0,2.0,2.0,0.29221558570861816
96.0,1.0,1.0,0.15753698348999023
355.0,3.0,3.0,0.5138375759124756
357.0,4.0,4.0,0.614337682723999
553.0,10.0,10.0,0.9259545803070068
338.0,4.0,4.0,0.5781412124633789
249.0,9.0,9.0,0.4391348361968994
143.0,4.0,4.0,0.24850749969482422
741.0,18.0,18.0,1.3281855583190918
90.0,2.0,2.0,0.17185401916503906
412.0,4.0,4.0,0.7410399913787842
454.0,13.0,13.0,0.7865281105041504
395.0,8.0,8.0,0.6914834976196289
337.0,11.0,11.0,0.6001083850860596
619.0,6.0,6.0,1.09897780418396
459.0,6.0,6.0,0.8088812828063965
64.0,0.0,0.0,0.11699128150939941
377.0,10.0,10.0,0.6663577556610107
419.0,11.0,11.0,0.7206575870513916
115.0,1.0,1.0,0.21944665908813477
992.0,17.0,17.0,1.5682964324951172
596.0,20.0,20.0,1.0467720031738281
309.0,6.0,6.0,0.5182459354400635
109.0,0.0,0.0,0.17269682884216309
142.0,7.0,7.0,0.26279616355895996
274.0,2.0,2.0,0.417417049407959
421.0,17.0,17.0,0.775824785232544
1163.0,23.0,23.0,1.8982203006744385
1648.0,39.0,39.0,2.8496408462524414
301.0,9.0,9.0,0.4954667091369629
170.0,4.0,4.0,0.28269362449645996
569.0,7.0,7.0,0.9734501838684082
109.0,0.0,0.0,0.21886730194091797
568.0,7.0,7.0,0.9799039363861084
113.0,0.0,0.0,0.20096445083618164
572.0,10.0,10.0,0.9703578948974609
137.0,3.0,3.0,0.2624940872192383
726.0,11.0,11.0,1.2370083332061768
845.0,27.0,27.0,1.414792776107788
559.0,8.0,8.0,0.9644937515258789
729.0,13.0,13.0,1.2464840412139893
973.0,13.0,13.0,1.6756467819213867
707.0,16.0,16.0,1.2008178234100342
312.0,3.0,3.0,0.538623571395874
397.0,6.0,6.0,0.7003316879272461
338.0,11.0,11.0,0.5501606464385986
125.0,0.0,0.0,0.18834233283996582
473.0,18.0,18.0,0.8080494403839111
161.0,7.0,7.0,0.26466894149780273
242.0,6.0,6.0,0.4018115997314453
295.0,4.0,4.0,0.46984410285949707
235.0,6.0,6.0,0.40077733993530273
901.0,13.0,13.0,1.5611236095428467
60.0,0.0,0.0,0.09583830833435059
276.0,8.0,8.0,0.45084452629089355
1511.0,35.0,35.0,2.6715707778930664
451.0,7.0,7.0,0.7498009204864502
157.0,5.0,5.0,0.28177762031555176
1165.0,21.0,21.0,2.0220861434936523
292.0,6.0,6.0,0.5312187671661377
1753.0,34.0,34.0,2.9644625186920166
761.0,14.0,14.0,1.2362706661224365
111.0,0.0,0.0,0.18635988235473633
181.0,7.0,7.0,0.3495771884918213
304.0,5.0,5.0,0.48220109939575195
133.0,1.0,1.0,0.22641658782958984
195.0,6.0,6.0,0.33267784118652344
110.0,0.0,0.0,0.20079779624938965
195.0,6.0,6.0,0.33396387100219727
513.0,12.0,12.0,0.8750410079956055
122.0,4.0,4.0,0.18544983863830566
223.0,2.0,2.0,0.3428785800933838
116.0,4.0,4.0,0.18646955490112305
495.0,6.0,6.0,0.8273935317993164
192.0,4.0,4.0,0.3542907238006592
80.0,0.0,0.0,0.13918519020080566
404.0,6.0,6.0,0.656496524810791
444.0,9.0,9.0,0.7631807327270508
131.0,0.0,0.0,0.22128772735595703
200.0,7.0,7.0,0.3119029998779297
439.0,8.0,8.0,0.7555060386657715
98.0,3.0,3.0,0.16798901557922363
183.0,5.0,5.0,0.3195652961730957
250.0,6.0,6.0,0.40715861320495605
67.0,1.0,1.0,0.10599231719970703
1205.0,25.0,25.0,2.0852625370025635
140.0,1.0,1.0,0.23437809944152832
473.0,5.0,5.0,0.843491792678833
175.0,1.0,1.0,0.29988956451416016
265.0,3.0,3.0,0.46573424339294434
293.0,3.0,3.0,0.4747495651245117
350.0,6.0,6.0,0.5535035133361816
214.0,6.0,6.0,0.3972747325897217
360.0,4.0,4.0,0.5839929580688477
154.0,5.0,5.0,0.26921796798706055
298.0,8.0,8.0,0.48683714866638184
515.0,12.0,12.0,0.8952767848968506
72.0,1.0,1.0,0.12809443473815918
168.0,8.0,8.0,0.27797365188598633
626.0,13.0,13.0,1.082507848739624
96.0,4.0,4.0,0.15867972373962402
240.0,0.0,0.0,0.40938258171081543
108.0,1.0,1.0,0.2292180061340332
136.0,5.0,5.0,0.22074580192565918
648.0,18.0,18.0,1.1076993942260742
546.0,12.0,12.0,0.9420182704925537
175.0,2.0,2.0,0.2637672424316406
151.0,4.0,4.0,0.2514185905456543
391.0,2.0,2.0,0.6529309749603271
435.0,5.0,5.0,0.7387487888336182
251.0,3.0,3.0,0.44705820083618164
133.0,4.0,4.0,0.2224864959716797
522.0,18.0,18.0,0.882265567779541
799.0,7.0,7.0,1.383859634399414
169.0,4.0,4.0,0.2813878059387207
516.0,9.0,9.0,0.909442663192749
367.0,5.0,5.0,0.6226308345794678
408.0,8.0,8.0,0.6850812435150146
1027.0,17.0,17.0,1.7175853252410889
596.0,15.0,15.0,1.0148749351501465
189.0,1.0,1.0,0.3126509189605713
147.0,9.0,9.0,0.23279976844787598
343.0,5.0,5.0,0.586719274520874
643.0,15.0,15.0,1.1185832023620605
289.0,3.0,3.0,0.49631428718566895
363.0,3.0,3.0,0.6247861385345459
1864.0,48.0,48.0,3.188168525695801
322.0,5.0,5.0,0.5588974952697754
379.0,9.0,9.0,0.6316506862640381
115.0,0.0,0.0,0.1884148120880127
634.0,9.0,9.0,1.0238840579986572
330.0,7.0,7.0,0.521277904510498
624.0,8.0,8.0,1.048243522644043
86.0,1.0,1.0,0.14020895957946777
79.0,0.0,0.0,0.13405442237854004
262.0,2.0,2.0,0.4494338035583496
230.0,9.0,9.0,0.3876049518585205
450.0,9.0,9.0,0.7892796993255615
1046.0,11.0,11.0,1.754300594329834
386.0,3.0,3.0,0.606419563293457
74.0,0.0,0.0,0.15091228485107422
397.0,4.0,4.0,0.6564540863037109
647.0,11.0,11.0,1.0757501125335693
226.0,3.0,3.0,0.37799549102783203
147.0,2.0,2.0,0.2910044193267822
214.0,2.0,2.0,0.3512401580810547
622.0,10.0,10.0,1.0226712226867676
273.0,0.0,0.0,0.49726176261901855
107.0,0.0,0.0,0.19260358810424805
51.0,0.0,0.0,0.09182548522949219
183.0,5.0,5.0,0.3346261978149414
53.0,2.0,2.0,0.09777593612670898
1533.0,29.0,29.0,2.6604530811309814
273.0,5.0,5.0,0.4398374557495117
74.0,1.0,1.0,0.12851428985595703
82.0,0.0,0.0,0.14323043823242188
410.0,10.0,10.0,0.6900286674499512
322.0,7.0,7.0,0.579458475112915
261.0,1.0,1.0,0.45905375480651855
481.0,8.0,8.0,0.8119502067565918
268.0,4.0,4.0,0.4389989376068115
271.0,3.0,3.0,0.46764397621154785
103.0,0.0,0.0,0.16575264930725098
405.0,9.0,9.0,0.6447949409484863
329.0,5.0,5.0,0.5404527187347412
179.0,0.0,0.0,0.2935221195220947
387.0,7.0,7.0,0.6728413105010986
94.0,3.0,3.0,0.15204429626464844
462.0,10.0,10.0,0.7774455547332764
603.0,9.0,9.0,1.0487346649169922
68.0,0.0,0.0,0.11563611030578613
340.0,5.0,5.0,0.5427815914154053
972.0,11.0,11.0,1.6098816394805908
315.0,6.0,6.0,0.5031795501708984
442.0,9.0,9.0,0.6875960826873779
1626.0,29.0,29.0,2.731170892715454
258.0,2.0,2.0,0.4232802391052246
1873.0,40.0,40.0,3.196645736694336
99.0,2.0,2.0,0.17524075508117676
514.0,11.0,11.0,0.839423418045044
143.0,4.0,4.0,0.2333087921142578
161.0,3.0,3.0,0.3027167320251465
89.0,6.0,6.0,0.15851473808288574
164.0,2.0,2.0,0.2574920654296875
64.0,0.0,0.0,0.09604907035827637
284.0,11.0,11.0,0.49597597122192383
137.0,0.0,0.0,0.25534915924072266
469.0,12.0,12.0,0.7354402542114258
1182.0,23.0,23.0,2.065153121948242
149.0,1.0,1.0,0.2587132453918457
285.0,2.0,2.0,0.5124216079711914
811.0,14.0,14.0,1.3915865421295166
397.0,8.0,8.0,0.7110505104064941
340.0,14.0,14.0,0.5507068634033203
187.0,9.0,9.0,0.3185393810272217
128.0,4.0,4.0,0.21294307708740234
392.0,10.0,10.0,0.6832013130187988
58.0,2.0,2.0,0.10105037689208984
218.0,3.0,3.0,0.4038543701171875
388.0,10.0,10.0,0.6356117725372314
1495.0,17.0,17.0,2.486881971359253
411.0,8.0,8.0,0.7084250450134277
395.0,5.0,5.0,0.6600685119628906
145.0,2.0,2.0,0.23624730110168457
371.0,10.0,10.0,0.6912539005279541
224.0,4.0,4.0,0.37733983993530273
78.0,0.0,0.0,0.12454676628112793
522.0,17.0,17.0,0.8627438545227051
248.0,2.0,2.0,0.38673901557922363
306.0,7.0,7.0,0.5051772594451904
230.0,10.0,10.0,0.39404892921447754
373.0,12.0,12.0,0.6295506954193115
522.0,8.0,8.0,0.9085414409637451
377.0,7.0,7.0,0.6718449592590332
290.0,5.0,5.0,0.4985237121582031
201.0,5.0,5.0,0.3499162197113037
544.0,17.0,17.0,0.9283790588378906
454.0,2.0,2.0,0.7741386890411377
767.0,12.0,12.0,1.3617615699768066
248.0,3.0,3.0,0.41395092010498047
420.0,3.0,3.0,0.7522060871124268
254.0,7.0,7.0,0.4507477283477783
392.0,9.0,9.0,0.7096500396728516
90.0,5.0,5.0,0.13327383995056152
165.0,3.0,3.0,0.2676353454589844
1703.0,28.0,28.0,2.814725399017334
278.0,3.0,3.0,0.48241519927978516
171.0,1.0,1.0,0.31625866889953613
153.0,1.0,1.0,0.23766589164733887
471.0,9.0,9.0,0.7479293346405029
556.0,12.0,12.0,0.917832612991333
468.0,12.0,12.0,0.8031361103057861
504.0,11.0,11.0,0.8257927894592285
743.0,14.0,14.0,1.2107436656951904
750.0,20.0,20.0,1.230663776397705
168.0,5.0,5.0,0.2769451141357422
555.0,5.0,5.0,0.9477121829986572
47.0,0.0,0.0,0.0865621566772461
795.0,15.0,15.0,1.3353283405303955
578.0,18.0,18.0,0.9846572875976562
212.0,5.0,5.0,0.36930227279663086
179.0,0.0,0.0,0.3000156879425049
621.0,14.0,14.0,1.0959725379943848
314.0,8.0,8.0,0.5342123508453369
136.0,2.0,2.0,0.23378825187683105
427.0,7.0,7.0,0.7469658851623535
157.0,3.0,3.0,0.2386157512664795
396.0,7.0,7.0,0.7400627136230469
453.0,3.0,3.0,0.7667403221130371
939.0,15.0,15.0,1.6207571029663086
100.0,0.0,0.0,0.15053915977478027
119.0,0.0,0.0,0.21534943580627441
241.0,7.0,7.0,0.42635655403137207
120.0,1.0,1.0,0.21181464195251465
208.0,4.0,4.0,0.3728153705596924
111.0,0.0,0.0,0.17691802978515625
455.0,4.0,4.0,0.8123824596405029
115.0,1.0,1.0,0.19370079040527344
92.0,2.0,2.0,0.1432819366455078
491.0,7.0,7.0,0.8244774341583252
289.0,5.0,5.0,0.471937894821167
134.0,3.0,3.0,0.2578766345977783
1043.0,15.0,15.0,1.757863998413086
529.0,3.0,3.0,0.9357562065124512
307.0,7.0,7.0,0.5341885089874268
576.0,8.0,8.0,0.9564816951751709
315.0,6.0,6.0,0.5408496856689453
213.0,4.0,4.0,0.3641171455383301
373.0,8.0,8.0,0.6451208591461182
113.0,1.0,1.0,0.18033075332641602
564.0,10.0,10.0,0.9576752185821533
696.0,9.0,9.0,1.1215529441833496
104.0,2.0,2.0,0.13894319534301758
416.0,3.0,3.0,0.6963000297546387
41.0,0.0,0.0,0.07007646560668945
2289.0,45.0,45.0,3.9053664207458496
263.0,0.0,0.0,0.4510025978088379
369.0,7.0,7.0,0.6387851238250732
420.0,5.0,5.0,0.7108018398284912
341.0,10.0,10.0,0.5373375415802002
793.0,17.0,17.0,1.3620045185089111
326.0,4.0,4.0,0.5516307353973389
98.0,3.0,3.0,0.1503608226776123
61.0,4.0,4.0,0.10125970840454102
464.0,11.0,11.0,0.816887617111206
91.0,1.0,1.0,0.1871967315673828
1173.0,26.0,26.0,2.037649393081665
404.0,8.0,8.0,0.6757898330688477
150.0,0.0,0.0,0.251873254776001
60.0,0.0,0.0,0.10709524154663086
374.0,4.0,4.0,0.6407668590545654
332.0,14.0,14.0,0.575242280960083
114.0,0.0,0.0,0.21970844268798828
216.0,1.0,1.0,0.35555219650268555
338.0,5.0,5.0,0.5757241249084473
493.0,12.0,12.0,0.8907067775726318
332.0,5.0,5.0,0.6148772239685059
747.0,9.0,9.0,1.2211024761199951
161.0,2.0,2.0,0.27653956413269043
117.0,4.0,4.0,0.1883406639099121
133.0,4.0,4.0,0.22991013526916504
434.0,5.0,5.0,0.7624256610870361
1439.0,28.0,28.0,2.4766173362731934
58.0,0.0,0.0,0.10167503356933594
917.0,10.0,10.0,1.6111383438110352
755.0,9.0,9.0,1.2473130226135254
264.0,4.0,4.0,0.4509162902832031
263.0,7.0,7.0,0.4691758155822754
231.0,6.0,6.0,0.35496020317077637
753.0,20.0,20.0,1.3316528797149658
373.0,7.0,7.0,0.6468508243560791
595.0,4.0,4.0,0.9934015274047852
179.0,3.0,3.0,0.3138115406036377
224.0,0.0,0.0,0.37747716903686523
231.0,4.0,4.0,0.39181947708129883
489.0,1.0,1.0,0.861445426940918
313.0,6.0,6.0,0.5428831577301025
670.0,13.0,13.0,1.1862847805023193
470.0,6.0,6.0,0.756829023361206
130.0,3.0,3.0,0.21370482444763184
377.0,11.0,11.0,0.5964498519897461
236.0,4.0,4.0,0.4235696792602539
473.0,11.0,11.0,0.7832643985748291
110.0,0.0,0.0,0.1570892333984375
168.0,1.0,1.0,0.26209473609924316
162.0,1.0,1.0,0.2562575340270996
465.0,7.0,7.0,0.8036003112792969
278.0,12.0,12.0,0.4630312919616699
474.0,4.0,4.0,0.7538127899169922
572.0,9.0,9.0,1.002852201461792
206.0,6.0,6.0,0.3784925937652588
98.0,4.0,4.0,0.1816103458404541
159.0,0.0,0.0,0.2795827388763428
611.0,16.0,16.0,1.054701566696167
296.0,10.0,10.0,0.513704776763916
88.0,3.0,3.0,0.17080473899841309
293.0,7.0,7.0,0.4906432628631592
500.0,9.0,9.0,0.8234522342681885
356.0,5.0,5.0,0.6207065582275391
264.0,2.0,2.0,0.46463894844055176
104.0,1.0,1.0,0.1569054126739502
211.0,5.0,5.0,0.34055042266845703
197.0,4.0,4.0,0.33397412300109863
124.0,0.0,0.0,0.21998023986816406
601.0,13.0,13.0,1.004737138748169
590.0,2.0,2.0,0.9736602306365967
869.0,14.0,14.0,1.4217605590820312
206.0,3.0,3.0,0.32335734367370605
396.0,7.0,7.0,0.6215827465057373
494.0,10.0,10.0,0.7870504856109619
897.0,22.0,22.0,1.518528938293457
556.0,5.0,5.0,0.8974723815917969
221.0,1.0,1.0,0.40436410903930664
137.0,8.0,8.0,0.23159265518188477
282.0,6.0,6.0,0.44881582260131836
229.0,5.0,5.0,0.34554028511047363
906.0,20.0,20.0,1.4920930862426758
806.0,22.0,22.0,1.3010671138763428
643.0,15.0,15.0,1.0449624061584473
169.0,3.0,3.0,0.26641392707824707
1406.0,42.0,42.0,2.2832067012786865
127.0,2.0,2.0,0.22010469436645508
491.0,6.0,6.0,0.8159198760986328
328.0,5.0,5.0,0.5897517204284668
544.0,11.0,11.0,0.943382740020752
366.0,9.0,9.0,0.602262020111084
255.0,3.0,3.0,0.4362049102783203
342.0,7.0,7.0,0.6072053909301758
463.0,5.0,5.0,0.7059574127197266
59.0,2.0,2.0,0.09418392181396484
202.0,1.0,1.0,0.3275294303894043
1607.0,32.0,32.0,2.6576600074768066
1240.0,23.0,23.0,2.041428327560425
63.0,0.0,0.0,0.0985567569732666
510.0,2.0,2.0,0.8744473457336426
77.0,1.0,1.0,0.1149740219116211
58.0,1.0,1.0,0.08507680892944336
317.0,5.0,5.0,0.5137186050415039
1739.0,31.0,31.0,2.833308458328247
215.0,1.0,1.0,0.3610575199127197
416.0,9.0,9.0,0.7345085144042969
241.0,10.0,10.0,0.3615603446960449
181.0,1.0,1.0,0.3058333396911621
156.0,1.0,1.0,0.2305278778076172
98.0,3.0,3.0,0.15721964836120605
716.0,17.0,17.0,1.2308435440063477
100.0,3.0,3.0,0.1630845069885254
360.0,7.0,7.0,0.5955474376678467
758.0,16.0,16.0,1.1828279495239258
336.0,7.0,7.0,0.5814619064331055
133.0,1.0,1.0,0.22502517700195312
385.0,11.0,11.0,0.6421847343444824
871.0,32.0,32.0,1.436190128326416
451.0,6.0,6.0,0.730644941329956
428.0,5.0,5.0,0.6689572334289551
549.0,18.0,18.0,0.9016158580780029
111.0,0.0,0.0,0.2368171215057373
57.0,0.0,0.0,0.09417915344238281
350.0,10.0,10.0,0.5326564311981201
359.0,4.0,4.0,0.6023495197296143
154.0,2.0,2.0,0.24393200874328613
167.0,1.0,1.0,0.31744909286499023
992.0,22.0,22.0,1.5909423828125
118.0,9.0,9.0,0.21143817901611328
530.0,15.0,15.0,0.8920116424560547
410.0,6.0,6.0,0.6900548934936523
204.0,4.0,4.0,0.35736751556396484
362.0,5.0,5.0,0.6354155540466309
82.0,0.0,0.0,0.14179277420043945
477.0,12.0,12.0,0.799048662185669
1759.0,29.0,29.0,2.9967281818389893
257.0,6.0,6.0,0.4037609100341797
38.0,1.0,1.0,0.06292176246643066
143.0,5.0,5.0,0.28884315490722656
347.0,4.0,4.0,0.5664839744567871
358.0,3.0,3.0,0.6021344661712646
112.0,1.0,1.0,0.2004706859588623
562.0,11.0,11.0,0.973609209060669
389.0,6.0,6.0,0.6379456520080566
145.0,1.0,1.0,0.24861502647399902
962.0,16.0,16.0,1.6014599800109863
499.0,2.0,2.0,0.8320224285125732
506.0,14.0,14.0,0.8320536613464355
407.0,9.0,9.0,0.6900415420532227
199.0,9.0,9.0,0.3358726501464844
118.0,0.0,0.0,0.20724987983703613
565.0,5.0,5.0,0.8884177207946777
57.0,3.0,3.0,0.09453320503234863
146.0,2.0,2.0,0.2758007049560547
378.0,5.0,5.0,0.6321840286254883
281.0,16.0,16.0,0.443004846572876
84.0,1.0,1.0,0.15992236137390137
149.0,4.0,4.0,0.2462301254272461
722.0,14.0,14.0,1.2385811805725098
370.0,6.0,6.0,0.6311380863189697
268.0,6.0,6.0,0.4653456211090088
112.0,1.0,1.0,0.18834304809570312
781.0,19.0,19.0,1.3632521629333496
695.0,25.0,25.0,1.1355462074279785
122.0,1.0,1.0,0.20451664924621582
405.0,6.0,6.0,0.6876821517944336
687.0,26.0,26.0,1.0925405025482178
92.0,3.0,3.0,0.12544655799865723
279.0,6.0,6.0,0.4278378486633301
661.0,15.0,15.0,1.1070637702941895
507.0,7.0,7.0,0.8045763969421387
361.0,3.0,3.0,0.6223545074462891
840.0,9.0,9.0,1.3977229595184326
1423.0,29.0,29.0,2.3733198642730713
468.0,8.0,8.0,0.7968161106109619
210.0,10.0,10.0,0.3578653335571289
128.0,0.0,0.0,0.19044780731201172
308.0,3.0,3.0,0.49633240699768066
273.0,3.0,3.0,0.40677714347839355
724.0,16.0,16.0,1.2424225807189941
211.0,5.0,5.0,0.33029890060424805
125.0,5.0,5.0,0.21629023551940918
294.0,4.0,4.0,0.5083625316619873
357.0,5.0,5.0,0.6028664112091064
171.0,1.0,1.0,0.3352470397949219
286.0,4.0,4.0,0.47362208366394043
91.0,0.0,0.0,0.14052414894104004
48.0,2.0,2.0,0.07899832725524902
304.0,10.0,10.0,0.517742395401001
266.0,2.0,2.0,0.4220702648162842
636.0,4.0,4.0,1.142448902130127
580.0,6.0,6.0,0.9400618076324463
518.0,11.0,11.0,0.8792545795440674
75.0,0.0,0.0,0.13115596771240234
126.0,1.0,1.0,0.20397090911865234
122.0,0.0,0.0,0.23749232292175293
228.0,10.0,10.0,0.39710187911987305
390.0,8.0,8.0,0.6601390838623047
1439.0,29.0,29.0,2.4024834632873535
101.0,0.0,0.0,0.14990973472595215
196.0,7.0,7.0,0.34873437881469727
113.0,3.0,3.0,0.15879034996032715
345.0,3.0,3.0,0.5653655529022217
311.0,4.0,4.0,0.5342321395874023
57.0,0.0,0.0,0.09418439865112305
355.0,8.0,8.0,0.5967819690704346
138.0,1.0,1.0,0.2673063278198242
810.0,13.0,13.0,1.2866804599761963
223.0,0.0,0.0,0.36797094345092773
101.0,1.0,1.0,0.16889238357543945
1343.0,29.0,29.0,2.248323678970337
940.0,17.0,17.0,1.517094612121582
484.0,1.0,1.0,0.7975788116455078
716.0,9.0,9.0,1.2083797454833984
294.0,3.0,3.0,0.459674596786499
82.0,2.0,2.0,0.14109468460083008
206.0,4.0,4.0,0.34520506858825684
166.0,0.0,0.0,0.28023529052734375
468.0,6.0,6.0,0.8232085704803467
181.0,2.0,2.0,0.324359655380249
618.0,17.0,17.0,1.0021460056304932
431.0,4.0,4.0,0.7208595275878906
91.0,0.0,0.0,0.14106416702270508
419.0,4.0,4.0,0.6907484531402588
405.0,4.0,4.0,0.6951758861541748
98.0,1.0,1.0,0.15132379531860352
108.0,7.0,7.0,0.15669679641723633
624.0,12.0,12.0,1.0472593307495117
402.0,5.0,5.0,0.6429603099822998
1242.0,26.0,26.0,2.040247678756714
311.0,7.0,7.0,0.5021102428436279
594.0,7.0,7.0,0.9849791526794434
136.0,1.0,1.0,0.2358400821685791
183.0,1.0,1.0,0.3235185146331787
78.0,1.0,1.0,0.13245129585266113
296.0,6.0,6.0,0.5745234489440918
353.0,5.0,5.0,0.5836946964263916
185.0,3.0,3.0,0.32704758644104004
226.0,0.0,0.0,0.4006807804107666
328.0,4.0,4.0,0.5456140041351318
356.0,9.0,9.0,0.5787906646728516
303.0,3.0,3.0,0.522803544998169
246.0,3.0,3.0,0.4115331172943115
204.0,0.0,0.0,0.3296194076538086
173.0,2.0,2.0,0.2695324420928955
135.0,3.0,3.0,0.20446181297302246
102.0,0.0,0.0,0.16694045066833496
303.0,11.0,11.0,0.4988899230957031
608.0,8.0,8.0,1.0701544284820557
428.0,7.0,7.0,0.7387394905090332
325.0,2.0,2.0,0.5650193691253662
159.0,6.0,6.0,0.28053903579711914
158.0,2.0,2.0,0.26122164726257324
402.0,3.0,3.0,0.6464741230010986
1574.0,23.0,23.0,2.6787898540496826
324.0,10.0,10.0,0.5334272384643555
490.0,7.0,7.0,0.8186089992523193
420.0,1.0,1.0,0.6375222206115723
1556.0,25.0,25.0,2.639395236968994
118.0,1.0,1.0,0.17273521423339844
409.0,1.0,1.0,0.6875381469726562
316.0,7.0,7.0,0.5266215801239014
115.0,5.0,5.0,0.1873323917388916
364.0,2.0,2.0,0.6150791645050049
279.0,10.0,10.0,0.45833659172058105
601.0,16.0,16.0,0.9598052501678467
177.0,1.0,1.0,0.305431604385376
437.0,7.0,7.0,0.7142307758331299
193.0,8.0,8.0,0.30420875549316406
702.0,14.0,14.0,1.200099229812622
274.0,0.0,0.0,0.4618232250213623
220.0,2.0,2.0,0.37010931968688965
992.0,11.0,11.0,1.6613481044769287
671.0,20.0,20.0,1.1374406814575195
567.0,12.0,12.0,0.9512796401977539
73.0,7.0,7.0,0.13325977325439453
196.0,0.0,0.0,0.29813265800476074
92.0,2.0,2.0,0.1565713882446289
184.0,0.0,0.0,0.3137679100036621
174.0,0.0,0.0,0.2909126281738281
1173.0,17.0,17.0,1.94819974899292
167.0,1.0,1.0,0.2825291156768799
153.0,0.0,0.0,0.25625085830688477
147.0,1.0,1.0,0.24919795989990234
514.0,9.0,9.0,0.8973302841186523
35.0,0.0,0.0,0.06250452995300293
137.0,3.0,3.0,0.23566484451293945
40.0,0.0,0.0,0.06026721000671387
858.0,12.0,12.0,1.4060149192810059
461.0,5.0,5.0,0.8108165264129639
486.0,15.0,15.0,0.8097577095031738
361.0,15.0,15.0,0.6220924854278564
188.0,5.0,5.0,0.3079793453216553
700.0,10.0,10.0,1.1687836647033691
1535.0,30.0,30.0,2.5567681789398193
138.0,5.0,5.0,0.22679686546325684
233.0,5.0,5.0,0.39936256408691406
149.0,1.0,1.0,0.22011399269104004
243.0,7.0,7.0,0.4067261219024658
165.0,2.0,2.0,0.26691150665283203
647.0,12.0,12.0,1.0860161781311035
82.0,2.0,2.0,0.1141195297241211
167.0,6.0,6.0,0.2512483596801758
1724.0,30.0,30.0,2.7578229904174805
77.0,1.0,1.0,0.14106011390686035
332.0,3.0,3.0,0.5236022472381592
529.0,14.0,14.0,0.8951992988586426
418.0,7.0,7.0,0.67655348777771
542.0,10.0,10.0,0.8654248714447021
706.0,9.0,9.0,1.2213144302368164
382.0,15.0,15.0,0.634833574295044
432.0,8.0,8.0,0.7445108890533447
563.0,16.0,16.0,0.9808976650238037
247.0,3.0,3.0,0.40796446800231934
241.0,7.0,7.0,0.40746593475341797
37.0,1.0,1.0,0.06290197372436523
974.0,21.0,21.0,1.6196424961090088
301.0,11.0,11.0,0.4490375518798828
2267.0,47.0,47.0,3.8438098430633545
471.0,5.0,5.0,0.800713300704956
932.0,23.0,23.0,1.5524911880493164
1494.0,23.0,23.0,2.5205788612365723
407.0,7.0,7.0,0.7060244083404541
277.0,3.0,3.0,0.47960472106933594
222.0,6.0,6.0,0.38400912284851074
243.0,2.0,2.0,0.37424731254577637
685.0,15.0,15.0,1.1252954006195068
651.0,12.0,12.0,1.0787413120269775
72.0,1.0,1.0,0.12581467628479004
71.0,1.0,1.0,0.145308256149292
116.0,4.0,4.0,0.17917966842651367
336.0,2.0,2.0,0.5334246158599854
178.0,2.0,2.0,0.32510900497436523
284.0,7.0,7.0,0.5486164093017578
319.0,10.0,10.0,0.5582284927368164
470.0,4.0,4.0,0.8022816181182861
421.0,9.0,9.0,0.7690839767456055
832.0,9.0,9.0,1.339146614074707
368.0,6.0,6.0,0.596343994140625
434.0,9.0,9.0,0.7333202362060547
583.0,16.0,16.0,0.9576613903045654
209.0,3.0,3.0,0.34503173828125
270.0,6.0,6.0,0.4400064945220947
290.0,3.0,3.0,0.5035271644592285
415.0,11.0,11.0,0.6967051029205322
456.0,4.0,4.0,0.7844510078430176
86.0,0.0,0.0,0.12840056419372559
156.0,6.0,6.0,0.281982421875
183.0,3.0,3.0,0.32603025436401367
231.0,5.0,5.0,0.38640761375427246
198.0,3.0,3.0,0.2929990291595459
440.0,13.0,13.0,0.7841546535491943
190.0,5.0,5.0,0.33966588973999023
318.0,9.0,9.0,0.5880060195922852
112.0,5.0,5.0,0.18834447860717773
446.0,6.0,6.0,0.7371711730957031
189.0,0.0,0.0,0.2939586639404297
349.0,6.0,6.0,0.5718495845794678
135.0,1.0,1.0,0.2595794200897217
89.0,0.0,0.0,0.14816832542419434
233.0,4.0,4.0,0.3746926784515381
920.0,20.0,20.0,1.5200910568237305
1161.0,18.0,18.0,1.9101157188415527
329.0,7.0,7.0,0.5506346225738525
389.0,9.0,9.0,0.6093659400939941
102.0,2.0,2.0,0.17230582237243652
846.0,13.0,13.0,1.4221055507659912
451.0,6.0,6.0,0.7136414051055908
447.0,2.0,2.0,0.7551698684692383
542.0,12.0,12.0,0.8958549499511719
390.0,5.0,5.0,0.6322855949401855
431.0,6.0,6.0,0.7183680534362793
775.0,15.0,15.0,1.2841932773590088
483.0,8.0,8.0,0.8309755325317383
101.0,2.0,2.0,0.15693354606628418
721.0,8.0,8.0,1.2636208534240723
584.0,10.0,10.0,0.9887182712554932
273.0,5.0,5.0,0.46370482444763184
998.0,23.0,23.0,1.611116886138916
198.0,12.0,12.0,0.32979798316955566
756.0,15.0,15.0,1.2610352039337158
531.0,7.0,7.0,0.8601343631744385
597.0,14.0,14.0,1.007777214050293
582.0,12.0,12.0,0.9027199745178223
580.0,13.0,13.0,0.9413914680480957
228.0,3.0,3.0,0.40501928329467773
389.0,3.0,3.0,0.6093480587005615
89.0,6.0,6.0,0.15651226043701172
144.0,0.0,0.0,0.2512798309326172
232.0,4.0,4.0,0.4239234924316406
670.0,8.0,8.0,1.0930290222167969
94.0,1.0,1.0,0.1624598503112793
125.0,1.0,1.0,0.17460107803344727
49.0,2.0,2.0,0.07342886924743652
1085.0,20.0,20.0,1.8002991676330566
446.0,11.0,11.0,0.7549641132354736
432.0,2.0,2.0,0.79254150390625
215.0,3.0,3.0,0.38507604598999023
534.0,2.0,2.0,0.9441196918487549
223.0,4.0,4.0,0.3768901824951172
540.0,12.0,12.0,0.9467902183532715
730.0,8.0,8.0,1.2403311729431152
478.0,8.0,8.0,0.7540109157562256
154.0,2.0,2.0,0.2669057846069336
306.0,7.0,7.0,0.5102396011352539
73.0,1.0,1.0,0.12542724609375
217.0,3.0,3.0,0.36058855056762695
270.0,4.0,4.0,0.45496082305908203
102.0,1.0,1.0,0.1737508773803711
143.0,3.0,3.0,0.23606443405151367
859.0,6.0,6.0,1.3484807014465332
259.0,6.0,6.0,0.4230482578277588
806.0,16.0,16.0,1.3601040840148926
663.0,7.0,7.0,1.1063578128814697
534.0,6.0,6.0,0.8716645240783691
819.0,13.0,13.0,1.3353126049041748
234.0,1.0,1.0,0.3928210735321045
370.0,6.0,6.0,0.6874115467071533
1097.0,22.0,22.0,1.7653517723083496
1045.0,21.0,21.0,1.786344289779663
137.0,3.0,3.0,0.21288108825683594
215.0,1.0,1.0,0.35701632499694824
134.0,2.0,2.0,0.22002148628234863
161.0,0.0,0.0,0.32581591606140137
102.0,2.0,2.0,0.15857362747192383
162.0,2.0,2.0,0.28247904777526855
878.0,19.0,19.0,1.393995761871338
246.0,10.0,10.0,0.4330484867095947
77.0,0.0,0.0,0.11622262001037598
753.0,17.0,17.0,1.2112479209899902
897.0,22.0,22.0,1.517305612564087
135.0,1.0,1.0,0.20401644706726074
465.0,6.0,6.0,0.7217617034912109
978.0,7.0,7.0,1.673330545425415
226.0,3.0,3.0,0.38544797897338867
374.0,4.0,4.0,0.5810308456420898
180.0,0.0,0.0,0.34046173095703125
393.0,11.0,11.0,0.687227725982666
281.0,7.0,7.0,0.46948838233947754
123.0,1.0,1.0,0.19833612442016602
74.0,0.0,0.0,0.13243985176086426
182.0,2.0,2.0,0.3322913646697998
103.0,5.0,5.0,0.18057489395141602
1243.0,23.0,23.0,2.1272547245025635
349.0,3.0,3.0,0.6083352565765381
78.0,0.0,0.0,0.12401413917541504
287.0,1.0,1.0,0.4948151111602783
95.0,2.0,2.0,0.1647646427154541
1038.0,16.0,16.0,1.7401635646820068
609.0,18.0,18.0,1.0221524238586426
241.0,4.0,4.0,0.4000248908996582
72.0,3.0,3.0,0.13777685165405273
200.0,4.0,4.0,0.3154733180999756
135.0,4.0,4.0,0.25888776779174805
