Timesteps,Collisions,Steps Waited,Real-Time Elapsed
19.0,5.0,5.0,0.006583690643310547
50.0,1.0,1.0,0.016333818435668945
35.0,3.0,3.0,0.010804176330566406
77.0,13.0,13.0,0.030443668365478516
23.0,9.0,9.0,0.007450580596923828
182.0,17.0,17.0,0.06737947463989258
44.0,6.0,6.0,0.016359567642211914
91.0,11.0,11.0,0.02780747413635254
191.0,13.0,13.0,0.057650089263916016
24.0,7.0,7.0,0.00952291488647461
27.0,4.0,4.0,0.010380268096923828
19.0,6.0,6.0,0.005409717559814453
17.0,3.0,3.0,0.004997730255126953
87.0,17.0,17.0,0.03740215301513672
72.0,14.0,14.0,0.035756826400756836
17.0,4.0,4.0,0.008596181869506836
17.0,2.0,2.0,0.011852025985717773
55.0,13.0,13.0,0.02122211456298828
28.0,6.0,6.0,0.012105226516723633
51.0,9.0,9.0,0.016990184783935547
44.0,11.0,11.0,0.021407365798950195
96.0,26.0,26.0,0.04643845558166504
19.0,6.0,6.0,0.00998377799987793
24.0,5.0,5.0,0.012690305709838867
45.0,8.0,8.0,0.024336576461791992
36.0,3.0,3.0,0.012131452560424805
63.0,13.0,13.0,0.027337074279785156
41.0,7.0,7.0,0.013247966766357422
17.0,5.0,5.0,0.007153511047363281
28.0,10.0,10.0,0.011265754699707031
29.0,10.0,10.0,0.010895490646362305
25.0,4.0,4.0,0.010707616806030273
23.0,6.0,6.0,0.006864309310913086
47.0,9.0,9.0,0.01359701156616211
77.0,8.0,8.0,0.03632020950317383
62.0,20.0,20.0,0.0274045467376709
60.0,10.0,10.0,0.026401758193969727
23.0,7.0,7.0,0.008112430572509766
21.0,3.0,3.0,0.009004831314086914
62.0,7.0,7.0,0.027454137802124023
40.0,8.0,8.0,0.01628398895263672
35.0,7.0,7.0,0.015645742416381836
36.0,6.0,6.0,0.019425630569458008
29.0,5.0,5.0,0.01493072509765625
43.0,22.0,22.0,0.021939516067504883
28.0,6.0,6.0,0.01591658592224121
14.0,3.0,3.0,0.00799703598022461
60.0,17.0,17.0,0.01897120475769043
26.0,4.0,4.0,0.009002208709716797
38.0,7.0,7.0,0.015000104904174805
23.0,5.0,5.0,0.01571941375732422
33.0,13.0,13.0,0.012057065963745117
110.0,22.0,22.0,0.039518117904663086
32.0,5.0,5.0,0.009999275207519531
210.0,16.0,16.0,0.05712318420410156
21.0,6.0,6.0,0.006824016571044922
30.0,11.0,11.0,0.008575201034545898
53.0,5.0,5.0,0.01575303077697754
80.0,12.0,12.0,0.02264881134033203
56.0,10.0,10.0,0.019282817840576172
31.0,5.0,5.0,0.00941324234008789
62.0,7.0,7.0,0.018965959548950195
44.0,5.0,5.0,0.017615556716918945
93.0,8.0,8.0,0.027666091918945312
81.0,12.0,12.0,0.0252988338470459
88.0,6.0,6.0,0.028650999069213867
74.0,13.0,13.0,0.03274178504943848
31.0,5.0,5.0,0.010714054107666016
51.0,6.0,6.0,0.017364025115966797
58.0,8.0,8.0,0.02061748504638672
24.0,5.0,5.0,0.011058330535888672
43.0,5.0,5.0,0.02056598663330078
31.0,3.0,3.0,0.016875743865966797
82.0,7.0,7.0,0.031476736068725586
20.0,2.0,2.0,0.007524013519287109
102.0,9.0,9.0,0.03414630889892578
14.0,2.0,2.0,0.006104469299316406
86.0,11.0,11.0,0.035173892974853516
46.0,8.0,8.0,0.016007423400878906
33.0,9.0,9.0,0.0110015869140625
23.0,9.0,9.0,0.0069980621337890625
37.0,17.0,17.0,0.010998725891113281
20.0,6.0,6.0,0.006000041961669922
127.0,15.0,15.0,0.03394293785095215
34.0,10.0,10.0,0.014815092086791992
17.0,3.0,3.0,0.00582122802734375
94.0,12.0,12.0,0.035997867584228516
42.0,15.0,15.0,0.013293027877807617
45.0,7.0,7.0,0.017844676971435547
43.0,12.0,12.0,0.0159149169921875
36.0,7.0,7.0,0.011477947235107422
18.0,4.0,4.0,0.005196571350097656
38.0,8.0,8.0,0.01061558723449707
18.0,6.0,6.0,0.005986213684082031
61.0,8.0,8.0,0.023821353912353516
85.0,8.0,8.0,0.023890018463134766
35.0,14.0,14.0,0.011718273162841797
63.0,8.0,8.0,0.025141239166259766
51.0,10.0,10.0,0.01741814613342285
37.0,9.0,9.0,0.01873016357421875
60.0,10.0,10.0,0.03353691101074219
21.0,7.0,7.0,0.007077932357788086
26.0,4.0,4.0,0.011484384536743164
55.0,10.0,10.0,0.02782607078552246
41.0,8.0,8.0,0.011336088180541992
52.0,11.0,11.0,0.019412517547607422
43.0,24.0,24.0,0.014116048812866211
50.0,6.0,6.0,0.015897750854492188
79.0,8.0,8.0,0.027854204177856445
17.0,3.0,3.0,0.006010532379150391
35.0,6.0,6.0,0.012017488479614258
24.0,3.0,3.0,0.007574319839477539
85.0,8.0,8.0,0.026775598526000977
15.0,4.0,4.0,0.0035886764526367188
169.0,18.0,18.0,0.049651145935058594
18.0,3.0,3.0,0.006064414978027344
36.0,10.0,10.0,0.012714862823486328
35.0,5.0,5.0,0.017243385314941406
49.0,11.0,11.0,0.018892765045166016
57.0,9.0,9.0,0.017829179763793945
91.0,24.0,24.0,0.03222846984863281
54.0,9.0,9.0,0.018970489501953125
26.0,5.0,5.0,0.015579700469970703
28.0,6.0,6.0,0.015730857849121094
62.0,9.0,9.0,0.018999338150024414
138.0,17.0,17.0,0.047219038009643555
55.0,13.0,13.0,0.015596628189086914
54.0,11.0,11.0,0.01444101333618164
42.0,7.0,7.0,0.011057615280151367
35.0,10.0,10.0,0.010757207870483398
25.0,5.0,5.0,0.009242773056030273
33.0,5.0,5.0,0.011088848114013672
70.0,13.0,13.0,0.02634143829345703
21.0,3.0,3.0,0.011258840560913086
26.0,10.0,10.0,0.014148235321044922
28.0,10.0,10.0,0.010531902313232422
69.0,14.0,14.0,0.03272604942321777
80.0,13.0,13.0,0.033562421798706055
60.0,6.0,6.0,0.01759028434753418
20.0,2.0,2.0,0.009579896926879883
19.0,6.0,6.0,0.006871938705444336
72.0,18.0,18.0,0.026288270950317383
92.0,19.0,19.0,0.035210371017456055
22.0,3.0,3.0,0.007336854934692383
17.0,5.0,5.0,0.0045855045318603516
26.0,9.0,9.0,0.006605386734008789
70.0,16.0,16.0,0.024671554565429688
41.0,10.0,10.0,0.014659881591796875
42.0,14.0,14.0,0.014600753784179688
39.0,7.0,7.0,0.013889074325561523
35.0,5.0,5.0,0.01385498046875
13.0,1.0,1.0,0.0036482810974121094
37.0,8.0,8.0,0.015361785888671875
151.0,24.0,24.0,0.04815936088562012
127.0,14.0,14.0,0.0512537956237793
34.0,3.0,3.0,0.010933160781860352
16.0,5.0,5.0,0.004109382629394531
20.0,7.0,7.0,0.006009340286254883
126.0,20.0,20.0,0.03928184509277344
25.0,7.0,7.0,0.006758213043212891
23.0,3.0,3.0,0.007029533386230469
123.0,27.0,27.0,0.047979116439819336
35.0,10.0,10.0,0.011214971542358398
17.0,6.0,6.0,0.004707813262939453
24.0,8.0,8.0,0.006014585494995117
39.0,16.0,16.0,0.012832880020141602
32.0,8.0,8.0,0.009249448776245117
38.0,7.0,7.0,0.010000228881835938
81.0,16.0,16.0,0.02604389190673828
15.0,4.0,4.0,0.004590272903442383
27.0,9.0,9.0,0.01019287109375
42.0,7.0,7.0,0.014849424362182617
17.0,4.0,4.0,0.005996227264404297
15.0,3.0,3.0,0.0054552555084228516
31.0,4.0,4.0,0.009921550750732422
17.0,5.0,5.0,0.006585121154785156
49.0,10.0,10.0,0.017372846603393555
38.0,9.0,9.0,0.01152801513671875
17.0,6.0,6.0,0.004394054412841797
31.0,7.0,7.0,0.009837865829467773
49.0,17.0,17.0,0.017072439193725586
51.0,13.0,13.0,0.014995336532592773
26.0,9.0,9.0,0.006997585296630859
17.0,3.0,3.0,0.004997730255126953
93.0,14.0,14.0,0.025514602661132812
28.0,8.0,8.0,0.007512092590332031
105.0,9.0,9.0,0.03172016143798828
67.0,13.0,13.0,0.01953744888305664
50.0,7.0,7.0,0.019287824630737305
142.0,21.0,21.0,0.057256221771240234
22.0,6.0,6.0,0.007092714309692383
20.0,3.0,3.0,0.008015632629394531
41.0,3.0,3.0,0.012839078903198242
23.0,9.0,9.0,0.005987882614135742
21.0,1.0,1.0,0.005839109420776367
50.0,6.0,6.0,0.013196229934692383
49.0,5.0,5.0,0.013585805892944336
23.0,6.0,6.0,0.007154703140258789
13.0,1.0,1.0,0.0035085678100585938
15.0,2.0,2.0,0.004998922348022461
137.0,11.0,11.0,0.041072845458984375
26.0,5.0,5.0,0.007285356521606445
31.0,7.0,7.0,0.010185480117797852
33.0,2.0,2.0,0.009485960006713867
32.0,5.0,5.0,0.009018182754516602
23.0,10.0,10.0,0.005808591842651367
56.0,11.0,11.0,0.01488637924194336
44.0,7.0,7.0,0.01104736328125
22.0,4.0,4.0,0.005532503128051758
105.0,19.0,19.0,0.030231952667236328
155.0,22.0,22.0,0.046903133392333984
14.0,3.0,3.0,0.005980968475341797
89.0,11.0,11.0,0.030756711959838867
22.0,6.0,6.0,0.008074283599853516
78.0,16.0,16.0,0.025279998779296875
58.0,5.0,5.0,0.019333839416503906
40.0,7.0,7.0,0.010694503784179688
13.0,2.0,2.0,0.005630016326904297
22.0,6.0,6.0,0.008783102035522461
50.0,12.0,12.0,0.019802570343017578
43.0,7.0,7.0,0.01618170738220215
30.0,4.0,4.0,0.008724451065063477
119.0,14.0,14.0,0.032090187072753906
31.0,4.0,4.0,0.009999513626098633
49.0,9.0,9.0,0.015513420104980469
62.0,9.0,9.0,0.0240328311920166
78.0,16.0,16.0,0.021277904510498047
48.0,14.0,14.0,0.013509988784790039
130.0,18.0,18.0,0.03546500205993652
58.0,15.0,15.0,0.01835036277770996
29.0,11.0,11.0,0.00806879997253418
60.0,6.0,6.0,0.01955103874206543
15.0,4.0,4.0,0.005006074905395508
44.0,5.0,5.0,0.01199793815612793
61.0,5.0,5.0,0.016132593154907227
67.0,15.0,15.0,0.01935410499572754
62.0,20.0,20.0,0.017006397247314453
16.0,3.0,3.0,0.004000663757324219
19.0,4.0,4.0,0.005532026290893555
26.0,4.0,4.0,0.007001399993896484
55.0,11.0,11.0,0.0184323787689209
60.0,18.0,18.0,0.021306753158569336
56.0,5.0,5.0,0.017046213150024414
45.0,7.0,7.0,0.013725519180297852
23.0,3.0,3.0,0.0061702728271484375
65.0,9.0,9.0,0.01914238929748535
38.0,3.0,3.0,0.013004779815673828
42.0,10.0,10.0,0.017016887664794922
16.0,2.0,2.0,0.003996133804321289
129.0,14.0,14.0,0.03470015525817871
59.0,12.0,12.0,0.02660083770751953
42.0,8.0,8.0,0.017363309860229492
15.0,2.0,2.0,0.004664897918701172
22.0,3.0,3.0,0.008629560470581055
42.0,6.0,6.0,0.015010595321655273
50.0,7.0,7.0,0.014905929565429688
72.0,11.0,11.0,0.022150754928588867
75.0,9.0,9.0,0.025913715362548828
38.0,6.0,6.0,0.012994766235351562
54.0,10.0,10.0,0.014336347579956055
52.0,12.0,12.0,0.02061176300048828
68.0,8.0,8.0,0.02055048942565918
71.0,10.0,10.0,0.031085729598999023
34.0,7.0,7.0,0.009003639221191406
42.0,9.0,9.0,0.011139631271362305
22.0,3.0,3.0,0.006392240524291992
64.0,7.0,7.0,0.028113126754760742
18.0,5.0,5.0,0.005825519561767578
26.0,5.0,5.0,0.0076389312744140625
77.0,5.0,5.0,0.02776646614074707
75.0,11.0,11.0,0.01914048194885254
14.0,2.0,2.0,0.004416942596435547
20.0,4.0,4.0,0.005039691925048828
50.0,3.0,3.0,0.016357898712158203
70.0,8.0,8.0,0.01957845687866211
37.0,11.0,11.0,0.015631675720214844
132.0,25.0,25.0,0.040055036544799805
18.0,4.0,4.0,0.0055429935455322266
20.0,5.0,5.0,0.00599980354309082
19.0,2.0,2.0,0.006829023361206055
35.0,6.0,6.0,0.010452508926391602
15.0,3.0,3.0,0.008374214172363281
43.0,5.0,5.0,0.01469278335571289
53.0,14.0,14.0,0.01611638069152832
21.0,6.0,6.0,0.0069427490234375
30.0,4.0,4.0,0.009522676467895508
90.0,15.0,15.0,0.028798341751098633
63.0,11.0,11.0,0.020995140075683594
71.0,20.0,20.0,0.023396968841552734
51.0,9.0,9.0,0.015811443328857422
17.0,7.0,7.0,0.005775928497314453
42.0,4.0,4.0,0.01357412338256836
19.0,4.0,4.0,0.0050885677337646484
24.0,3.0,3.0,0.007032632827758789
31.0,9.0,9.0,0.008726358413696289
44.0,8.0,8.0,0.012511968612670898
19.0,5.0,5.0,0.00769352912902832
35.0,4.0,4.0,0.011374473571777344
16.0,4.0,4.0,0.0058612823486328125
64.0,3.0,3.0,0.022118568420410156
60.0,6.0,6.0,0.021843433380126953
29.0,9.0,9.0,0.008511781692504883
30.0,10.0,10.0,0.008718252182006836
53.0,8.0,8.0,0.014749526977539062
108.0,18.0,18.0,0.03489565849304199
41.0,4.0,4.0,0.012230873107910156
52.0,8.0,8.0,0.014303445816040039
49.0,7.0,7.0,0.014804601669311523
52.0,5.0,5.0,0.01806187629699707
106.0,21.0,21.0,0.03636455535888672
15.0,3.0,3.0,0.0036268234252929688
90.0,16.0,16.0,0.032778263092041016
15.0,4.0,4.0,0.00460052490234375
33.0,7.0,7.0,0.0099945068359375
55.0,6.0,6.0,0.015773534774780273
35.0,13.0,13.0,0.009998083114624023
63.0,12.0,12.0,0.024537324905395508
42.0,9.0,9.0,0.016735315322875977
50.0,5.0,5.0,0.01582479476928711
51.0,7.0,7.0,0.014728069305419922
14.0,3.0,3.0,0.004506587982177734
22.0,5.0,5.0,0.008002519607543945
47.0,10.0,10.0,0.015503406524658203
88.0,21.0,21.0,0.030205726623535156
40.0,6.0,6.0,0.01139068603515625
12.0,1.0,1.0,0.0035784244537353516
202.0,17.0,17.0,0.06372356414794922
28.0,6.0,6.0,0.009014368057250977
68.0,14.0,14.0,0.018224239349365234
25.0,6.0,6.0,0.006709575653076172
22.0,7.0,7.0,0.0054323673248291016
20.0,10.0,10.0,0.005947589874267578
93.0,15.0,15.0,0.025112152099609375
26.0,6.0,6.0,0.0066680908203125
52.0,7.0,7.0,0.013750076293945312
24.0,7.0,7.0,0.00699615478515625
34.0,12.0,12.0,0.00951695442199707
87.0,9.0,9.0,0.029601573944091797
36.0,12.0,12.0,0.013837575912475586
42.0,7.0,7.0,0.017869234085083008
125.0,9.0,9.0,0.042233943939208984
86.0,13.0,13.0,0.02836132049560547
85.0,17.0,17.0,0.03253793716430664
32.0,3.0,3.0,0.008835077285766602
18.0,4.0,4.0,0.004928112030029297
38.0,6.0,6.0,0.011525392532348633
104.0,17.0,17.0,0.039455413818359375
31.0,5.0,5.0,0.01053762435913086
136.0,17.0,17.0,0.037342071533203125
40.0,10.0,10.0,0.011833429336547852
17.0,5.0,5.0,0.005274295806884766
118.0,18.0,18.0,0.03203439712524414
71.0,12.0,12.0,0.017553091049194336
60.0,12.0,12.0,0.017850399017333984
18.0,6.0,6.0,0.0046350955963134766
58.0,7.0,7.0,0.014837980270385742
63.0,2.0,2.0,0.016615629196166992
36.0,7.0,7.0,0.01105952262878418
56.0,18.0,18.0,0.014925718307495117
15.0,4.0,4.0,0.003998517990112305
18.0,6.0,6.0,0.00500035285949707
64.0,12.0,12.0,0.020421266555786133
80.0,9.0,9.0,0.023922443389892578
72.0,10.0,10.0,0.01808762550354004
27.0,7.0,7.0,0.0070226192474365234
57.0,11.0,11.0,0.015313386917114258
23.0,0.0,0.0,0.006098508834838867
29.0,5.0,5.0,0.007998228073120117
22.0,5.0,5.0,0.0055234432220458984
32.0,5.0,5.0,0.012236833572387695
65.0,10.0,10.0,0.020487070083618164
73.0,9.0,9.0,0.019941329956054688
13.0,1.0,1.0,0.0029997825622558594
43.0,7.0,7.0,0.014105558395385742
36.0,9.0,9.0,0.011885404586791992
75.0,13.0,13.0,0.021734952926635742
19.0,6.0,6.0,0.00486302375793457
38.0,9.0,9.0,0.014608621597290039
37.0,9.0,9.0,0.011769294738769531
56.0,6.0,6.0,0.015043020248413086
31.0,6.0,6.0,0.007817983627319336
21.0,4.0,4.0,0.005850076675415039
46.0,6.0,6.0,0.012065649032592773
50.0,14.0,14.0,0.013155698776245117
21.0,4.0,4.0,0.0060007572174072266
18.0,2.0,2.0,0.005530357360839844
25.0,2.0,2.0,0.0069997310638427734
94.0,12.0,12.0,0.03492140769958496
19.0,6.0,6.0,0.00867152214050293
45.0,5.0,5.0,0.02025151252746582
32.0,4.0,4.0,0.01683187484741211
33.0,9.0,9.0,0.0167539119720459
39.0,4.0,4.0,0.015418052673339844
35.0,7.0,7.0,0.010830163955688477
28.0,10.0,10.0,0.01058506965637207
20.0,2.0,2.0,0.005392313003540039
102.0,15.0,15.0,0.028115272521972656
27.0,8.0,8.0,0.011790037155151367
89.0,10.0,10.0,0.03226470947265625
113.0,27.0,27.0,0.03759336471557617
39.0,10.0,10.0,0.010583639144897461
62.0,12.0,12.0,0.017516136169433594
43.0,7.0,7.0,0.016687393188476562
18.0,5.0,5.0,0.004534721374511719
61.0,9.0,9.0,0.02201533317565918
30.0,3.0,3.0,0.010277748107910156
20.0,6.0,6.0,0.006171464920043945
19.0,4.0,4.0,0.005242347717285156
60.0,5.0,5.0,0.0211031436920166
39.0,11.0,11.0,0.010776281356811523
13.0,2.0,2.0,0.003999948501586914
38.0,8.0,8.0,0.01356053352355957
72.0,7.0,7.0,0.0206758975982666
70.0,11.0,11.0,0.023708343505859375
25.0,6.0,6.0,0.013712167739868164
52.0,6.0,6.0,0.016157150268554688
30.0,5.0,5.0,0.007814884185791016
39.0,7.0,7.0,0.013686656951904297
45.0,12.0,12.0,0.013998270034790039
58.0,7.0,7.0,0.018659114837646484
69.0,8.0,8.0,0.023531198501586914
28.0,3.0,3.0,0.011896133422851562
52.0,12.0,12.0,0.014832258224487305
84.0,10.0,10.0,0.03204655647277832
31.0,7.0,7.0,0.012515544891357422
63.0,5.0,5.0,0.02743983268737793
63.0,15.0,15.0,0.02686786651611328
25.0,7.0,7.0,0.0066432952880859375
54.0,15.0,15.0,0.014227151870727539
41.0,6.0,6.0,0.010623693466186523
35.0,8.0,8.0,0.010621070861816406
32.0,8.0,8.0,0.008289098739624023
67.0,19.0,19.0,0.016801834106445312
59.0,9.0,9.0,0.015651941299438477
64.0,7.0,7.0,0.017028331756591797
42.0,10.0,10.0,0.011528253555297852
153.0,13.0,13.0,0.04108095169067383
100.0,14.0,14.0,0.027942657470703125
16.0,3.0,3.0,0.008996725082397461
79.0,17.0,17.0,0.02901625633239746
55.0,6.0,6.0,0.015176057815551758
47.0,9.0,9.0,0.011996984481811523
35.0,8.0,8.0,0.008882284164428711
14.0,2.0,2.0,0.0039975643157958984
125.0,13.0,13.0,0.03277730941772461
21.0,6.0,6.0,0.005997657775878906
174.0,16.0,16.0,0.04630398750305176
133.0,19.0,19.0,0.03568911552429199
107.0,18.0,18.0,0.04070758819580078
21.0,7.0,7.0,0.007668495178222656
59.0,6.0,6.0,0.01792311668395996
35.0,3.0,3.0,0.008959293365478516
69.0,8.0,8.0,0.019031286239624023
51.0,6.0,6.0,0.013622760772705078
23.0,5.0,5.0,0.0054302215576171875
119.0,17.0,17.0,0.03280019760131836
98.0,10.0,10.0,0.02855539321899414
41.0,9.0,9.0,0.010997772216796875
101.0,16.0,16.0,0.026894569396972656
53.0,8.0,8.0,0.013669729232788086
38.0,10.0,10.0,0.010003805160522461
66.0,7.0,7.0,0.017017602920532227
55.0,7.0,7.0,0.014880895614624023
19.0,6.0,6.0,0.0054073333740234375
39.0,7.0,7.0,0.011547088623046875
56.0,13.0,13.0,0.01709461212158203
57.0,10.0,10.0,0.014844655990600586
46.0,9.0,9.0,0.011532306671142578
50.0,12.0,12.0,0.013494253158569336
18.0,5.0,5.0,0.004999637603759766
20.0,2.0,2.0,0.0049991607666015625
85.0,15.0,15.0,0.025185585021972656
63.0,5.0,5.0,0.01602911949157715
73.0,18.0,18.0,0.01900935173034668
36.0,10.0,10.0,0.010355710983276367
26.0,8.0,8.0,0.0065114498138427734
50.0,3.0,3.0,0.012999773025512695
18.0,6.0,6.0,0.0049974918365478516
105.0,11.0,11.0,0.030646324157714844
54.0,15.0,15.0,0.014938116073608398
45.0,6.0,6.0,0.011450529098510742
17.0,5.0,5.0,0.0039997100830078125
35.0,16.0,16.0,0.009714841842651367
24.0,8.0,8.0,0.005999565124511719
50.0,11.0,11.0,0.012519359588623047
17.0,4.0,4.0,0.0056133270263671875
42.0,8.0,8.0,0.013257741928100586
29.0,9.0,9.0,0.0075283050537109375
30.0,6.0,6.0,0.009615182876586914
16.0,3.0,3.0,0.0049991607666015625
25.0,7.0,7.0,0.006510257720947266
57.0,8.0,8.0,0.014702796936035156
64.0,6.0,6.0,0.015996456146240234
44.0,6.0,6.0,0.01041722297668457
13.0,2.0,2.0,0.0030896663665771484
25.0,9.0,9.0,0.006999969482421875
36.0,7.0,7.0,0.009367942810058594
77.0,8.0,8.0,0.01995396614074707
29.0,8.0,8.0,0.009433746337890625
53.0,6.0,6.0,0.015974760055541992
26.0,4.0,4.0,0.007008552551269531
20.0,6.0,6.0,0.005514860153198242
28.0,7.0,7.0,0.008608579635620117
20.0,0.0,0.0,0.005837440490722656
20.0,6.0,6.0,0.00622868537902832
40.0,6.0,6.0,0.010251283645629883
22.0,7.0,7.0,0.006720542907714844
47.0,7.0,7.0,0.013443708419799805
81.0,10.0,10.0,0.023033618927001953
52.0,9.0,9.0,0.014557600021362305
54.0,10.0,10.0,0.014089107513427734
20.0,5.0,5.0,0.0051631927490234375
40.0,6.0,6.0,0.010537385940551758
71.0,10.0,10.0,0.018512964248657227
20.0,4.0,4.0,0.0055162906646728516
56.0,15.0,15.0,0.014008522033691406
98.0,10.0,10.0,0.029230117797851562
163.0,17.0,17.0,0.04274129867553711
34.0,4.0,4.0,0.008912086486816406
16.0,4.0,4.0,0.003686666488647461
53.0,5.0,5.0,0.0163118839263916
22.0,5.0,5.0,0.00600123405456543
50.0,4.0,4.0,0.016010522842407227
65.0,12.0,12.0,0.025029420852661133
20.0,2.0,2.0,0.009298324584960938
46.0,15.0,15.0,0.024443864822387695
19.0,6.0,6.0,0.012139320373535156
31.0,8.0,8.0,0.009520292282104492
38.0,4.0,4.0,0.01157069206237793
66.0,4.0,4.0,0.022522449493408203
20.0,2.0,2.0,0.006006717681884766
75.0,14.0,14.0,0.02187371253967285
46.0,5.0,5.0,0.017379045486450195
42.0,6.0,6.0,0.01121664047241211
43.0,6.0,6.0,0.013976335525512695
29.0,10.0,10.0,0.01146078109741211
17.0,3.0,3.0,0.004996061325073242
31.0,10.0,10.0,0.011803627014160156
26.0,5.0,5.0,0.007943391799926758
14.0,0.0,0.0,0.004076480865478516
43.0,6.0,6.0,0.012094974517822266
14.0,2.0,2.0,0.004000425338745117
27.0,7.0,7.0,0.007188558578491211
35.0,9.0,9.0,0.009126663208007812
43.0,17.0,17.0,0.01158761978149414
32.0,9.0,9.0,0.008384466171264648
22.0,4.0,4.0,0.007642984390258789
22.0,3.0,3.0,0.006140947341918945
24.0,4.0,4.0,0.01025843620300293
28.0,7.0,7.0,0.008743524551391602
30.0,6.0,6.0,0.009832143783569336
19.0,7.0,7.0,0.008836984634399414
30.0,7.0,7.0,0.00855565071105957
23.0,6.0,6.0,0.00925445556640625
24.0,7.0,7.0,0.007498979568481445
16.0,1.0,1.0,0.0060083866119384766
64.0,11.0,11.0,0.01932835578918457
17.0,5.0,5.0,0.004574298858642578
72.0,4.0,4.0,0.023448705673217773
289.0,32.0,32.0,0.09525156021118164
15.0,2.0,2.0,0.006061077117919922
19.0,8.0,8.0,0.007831811904907227
74.0,17.0,17.0,0.022829055786132812
40.0,6.0,6.0,0.012776374816894531
39.0,7.0,7.0,0.011830568313598633
89.0,8.0,8.0,0.034259796142578125
39.0,5.0,5.0,0.011430501937866211
21.0,4.0,4.0,0.006387472152709961
159.0,23.0,23.0,0.051085472106933594
18.0,3.0,3.0,0.004728555679321289
57.0,15.0,15.0,0.022330522537231445
77.0,13.0,13.0,0.019436120986938477
84.0,8.0,8.0,0.02570176124572754
50.0,9.0,9.0,0.014041900634765625
16.0,2.0,2.0,0.003998756408691406
35.0,13.0,13.0,0.011572599411010742
24.0,3.0,3.0,0.00894308090209961
66.0,10.0,10.0,0.021115541458129883
17.0,5.0,5.0,0.006579875946044922
24.0,4.0,4.0,0.006997346878051758
58.0,10.0,10.0,0.021685361862182617
164.0,25.0,25.0,0.058580636978149414
25.0,7.0,7.0,0.009625911712646484
27.0,9.0,9.0,0.008000373840332031
101.0,13.0,13.0,0.02962636947631836
33.0,8.0,8.0,0.008499622344970703
131.0,10.0,10.0,0.03351426124572754
36.0,10.0,10.0,0.009228944778442383
46.0,10.0,10.0,0.012037992477416992
17.0,6.0,6.0,0.004670619964599609
19.0,5.0,5.0,0.0046045780181884766
153.0,22.0,22.0,0.0426030158996582
73.0,18.0,18.0,0.019678354263305664
55.0,6.0,6.0,0.01413726806640625
20.0,9.0,9.0,0.004512786865234375
73.0,16.0,16.0,0.027556896209716797
23.0,6.0,6.0,0.006001949310302734
18.0,4.0,4.0,0.0045206546783447266
47.0,14.0,14.0,0.016380786895751953
29.0,2.0,2.0,0.010725259780883789
45.0,6.0,6.0,0.016569852828979492
20.0,7.0,7.0,0.0060040950775146484
71.0,19.0,19.0,0.018520355224609375
15.0,4.0,4.0,0.0039975643157958984
94.0,7.0,7.0,0.024515867233276367
76.0,13.0,13.0,0.020502567291259766
29.0,9.0,9.0,0.009999752044677734
36.0,9.0,9.0,0.010009288787841797
99.0,8.0,8.0,0.030879974365234375
39.0,2.0,2.0,0.011852025985717773
26.0,1.0,1.0,0.007180213928222656
38.0,9.0,9.0,0.009624958038330078
27.0,7.0,7.0,0.006513118743896484
14.0,3.0,3.0,0.003998517990112305
27.0,8.0,8.0,0.006504058837890625
14.0,3.0,3.0,0.003998756408691406
14.0,3.0,3.0,0.003998279571533203
20.0,4.0,4.0,0.006727933883666992
52.0,8.0,8.0,0.016503334045410156
60.0,3.0,3.0,0.018108367919921875
35.0,10.0,10.0,0.010074138641357422
22.0,2.0,2.0,0.0057697296142578125
47.0,8.0,8.0,0.013300180435180664
128.0,16.0,16.0,0.03345966339111328
50.0,11.0,11.0,0.013827800750732422
40.0,10.0,10.0,0.011450052261352539
27.0,7.0,7.0,0.006862163543701172
127.0,18.0,18.0,0.03299975395202637
16.0,3.0,3.0,0.004468679428100586
84.0,8.0,8.0,0.02211594581604004
12.0,0.0,0.0,0.004012107849121094
18.0,6.0,6.0,0.00500035285949707
22.0,4.0,4.0,0.006659984588623047
29.0,2.0,2.0,0.008388519287109375
106.0,14.0,14.0,0.028792142868041992
25.0,0.0,0.0,0.0060002803802490234
15.0,3.0,3.0,0.003997802734375
27.0,6.0,6.0,0.007275819778442383
19.0,7.0,7.0,0.00511622428894043
79.0,14.0,14.0,0.0270078182220459
84.0,10.0,10.0,0.027042150497436523
41.0,6.0,6.0,0.015501976013183594
22.0,2.0,2.0,0.006825923919677734
22.0,3.0,3.0,0.006536722183227539
30.0,10.0,10.0,0.011087894439697266
24.0,6.0,6.0,0.007080078125
15.0,3.0,3.0,0.007899045944213867
63.0,10.0,10.0,0.02129960060119629
72.0,9.0,9.0,0.020082473754882812
48.0,4.0,4.0,0.013579368591308594
57.0,11.0,11.0,0.022539138793945312
66.0,7.0,7.0,0.01723623275756836
25.0,5.0,5.0,0.0069997310638427734
20.0,4.0,4.0,0.009591817855834961
109.0,15.0,15.0,0.0315248966217041
17.0,4.0,4.0,0.003993988037109375
16.0,3.0,3.0,0.004523754119873047
16.0,4.0,4.0,0.006015777587890625
132.0,16.0,16.0,0.03604316711425781
25.0,0.0,0.0,0.005997896194458008
40.0,7.0,7.0,0.009998083114624023
47.0,11.0,11.0,0.012512445449829102
95.0,6.0,6.0,0.025017261505126953
33.0,14.0,14.0,0.012770414352416992
24.0,7.0,7.0,0.00830078125
31.0,7.0,7.0,0.012635469436645508
26.0,5.0,5.0,0.008137226104736328
39.0,7.0,7.0,0.011318206787109375
51.0,15.0,15.0,0.01839280128479004
32.0,7.0,7.0,0.009765148162841797
102.0,19.0,19.0,0.02797389030456543
91.0,8.0,8.0,0.026648283004760742
34.0,9.0,9.0,0.009657859802246094
54.0,9.0,9.0,0.022641420364379883
60.0,13.0,13.0,0.015531778335571289
18.0,5.0,5.0,0.005000114440917969
27.0,2.0,2.0,0.007760763168334961
64.0,19.0,19.0,0.01699995994567871
26.0,10.0,10.0,0.007005929946899414
40.0,10.0,10.0,0.010999441146850586
27.0,5.0,5.0,0.008000373840332031
46.0,7.0,7.0,0.011998653411865234
24.0,10.0,10.0,0.006997823715209961
90.0,16.0,16.0,0.023040771484375
27.0,4.0,4.0,0.00700068473815918
21.0,10.0,10.0,0.005997657775878906
20.0,5.0,5.0,0.006042003631591797
12.0,1.0,1.0,0.0029997825622558594
17.0,3.0,3.0,0.003998279571533203
125.0,12.0,12.0,0.04028964042663574
123.0,21.0,21.0,0.03365755081176758
25.0,8.0,8.0,0.006705522537231445
76.0,14.0,14.0,0.02014017105102539
20.0,6.0,6.0,0.004997730255126953
25.0,2.0,2.0,0.006697893142700195
19.0,7.0,7.0,0.004518270492553711
26.0,10.0,10.0,0.007014751434326172
50.0,4.0,4.0,0.013169050216674805
16.0,4.0,4.0,0.0035142898559570312
27.0,4.0,4.0,0.006856441497802734
21.0,4.0,4.0,0.005999326705932617
42.0,5.0,5.0,0.01062321662902832
104.0,9.0,9.0,0.026998043060302734
69.0,6.0,6.0,0.020644664764404297
54.0,13.0,13.0,0.015542268753051758
96.0,8.0,8.0,0.026228666305541992
39.0,6.0,6.0,0.01156759262084961
37.0,3.0,3.0,0.00960850715637207
24.0,8.0,8.0,0.006507396697998047
125.0,15.0,15.0,0.04190397262573242
67.0,4.0,4.0,0.02385687828063965
62.0,7.0,7.0,0.016238927841186523
22.0,3.0,3.0,0.0059967041015625
67.0,4.0,4.0,0.01663517951965332
35.0,6.0,6.0,0.009134292602539062
14.0,3.0,3.0,0.0033953189849853516
131.0,24.0,24.0,0.035025835037231445
16.0,4.0,4.0,0.0040435791015625
27.0,8.0,8.0,0.007509469985961914
33.0,10.0,10.0,0.008951425552368164
26.0,6.0,6.0,0.0070002079010009766
36.0,9.0,9.0,0.009512662887573242
65.0,6.0,6.0,0.017007827758789062
25.0,6.0,6.0,0.006528139114379883
19.0,8.0,8.0,0.004504680633544922
24.0,5.0,5.0,0.007000923156738281
18.0,3.0,3.0,0.004998683929443359
111.0,13.0,13.0,0.02840113639831543
56.0,10.0,10.0,0.015125513076782227
38.0,5.0,5.0,0.009305477142333984
19.0,6.0,6.0,0.005579471588134766
58.0,14.0,14.0,0.015062332153320312
42.0,8.0,8.0,0.01093435287475586
16.0,4.0,4.0,0.004435539245605469
39.0,10.0,10.0,0.01015472412109375
20.0,9.0,9.0,0.00501561164855957
35.0,9.0,9.0,0.009036779403686523
43.0,11.0,11.0,0.011217594146728516
88.0,14.0,14.0,0.02923870086669922
83.0,13.0,13.0,0.022763729095458984
16.0,3.0,3.0,0.005097150802612305
46.0,12.0,12.0,0.012703895568847656
26.0,7.0,7.0,0.007208824157714844
106.0,24.0,24.0,0.029496431350708008
43.0,6.0,6.0,0.011004924774169922
94.0,19.0,19.0,0.027867794036865234
53.0,4.0,4.0,0.015235662460327148
43.0,7.0,7.0,0.010998010635375977
108.0,11.0,11.0,0.029526948928833008
20.0,4.0,4.0,0.005678892135620117
32.0,11.0,11.0,0.009995222091674805
29.0,7.0,7.0,0.013694286346435547
26.0,9.0,9.0,0.010499238967895508
84.0,15.0,15.0,0.024774551391601562
55.0,8.0,8.0,0.018526077270507812
23.0,5.0,5.0,0.006842136383056641
37.0,4.0,4.0,0.012033462524414062
24.0,8.0,8.0,0.008246183395385742
22.0,4.0,4.0,0.007591962814331055
196.0,33.0,33.0,0.057108163833618164
113.0,29.0,29.0,0.030710458755493164
25.0,7.0,7.0,0.007000446319580078
21.0,8.0,8.0,0.006005525588989258
19.0,7.0,7.0,0.00551915168762207
75.0,11.0,11.0,0.022791147232055664
21.0,3.0,3.0,0.0074846744537353516
19.0,8.0,8.0,0.005872011184692383
35.0,5.0,5.0,0.011263847351074219
33.0,6.0,6.0,0.011169672012329102
17.0,1.0,1.0,0.004510641098022461
65.0,4.0,4.0,0.023063182830810547
46.0,5.0,5.0,0.017372608184814453
56.0,10.0,10.0,0.01699995994567871
73.0,13.0,13.0,0.02630162239074707
110.0,11.0,11.0,0.03172707557678223
40.0,9.0,9.0,0.02002549171447754
138.0,19.0,19.0,0.04669594764709473
20.0,2.0,2.0,0.006372690200805664
23.0,10.0,10.0,0.007544040679931641
19.0,5.0,5.0,0.007050991058349609
68.0,19.0,19.0,0.02397298812866211
14.0,3.0,3.0,0.005046367645263672
14.0,3.0,3.0,0.004001140594482422
57.0,11.0,11.0,0.018428564071655273
22.0,8.0,8.0,0.009486913681030273
25.0,5.0,5.0,0.01046133041381836
77.0,17.0,17.0,0.023838043212890625
23.0,2.0,2.0,0.009894609451293945
30.0,4.0,4.0,0.008255720138549805
44.0,8.0,8.0,0.01151132583618164
52.0,18.0,18.0,0.01708221435546875
14.0,2.0,2.0,0.004517793655395508
59.0,10.0,10.0,0.019148588180541992
72.0,10.0,10.0,0.02330160140991211
22.0,7.0,7.0,0.005521297454833984
47.0,7.0,7.0,0.013566732406616211
28.0,7.0,7.0,0.008333206176757812
23.0,6.0,6.0,0.006891012191772461
84.0,19.0,19.0,0.024466991424560547
32.0,4.0,4.0,0.010401725769042969
14.0,1.0,1.0,0.0057718753814697266
53.0,11.0,11.0,0.016407251358032227
21.0,4.0,4.0,0.007039070129394531
53.0,5.0,5.0,0.015724658966064453
12.0,1.0,1.0,0.00299835205078125
18.0,3.0,3.0,0.005121946334838867
23.0,5.0,5.0,0.0072138309478759766
142.0,20.0,20.0,0.04564237594604492
32.0,3.0,3.0,0.013538837432861328
62.0,13.0,13.0,0.023723840713500977
25.0,6.0,6.0,0.008189916610717773
70.0,14.0,14.0,0.0218045711517334
114.0,16.0,16.0,0.03652381896972656
83.0,13.0,13.0,0.02753448486328125
67.0,10.0,10.0,0.01748371124267578
32.0,14.0,14.0,0.009878873825073242
15.0,4.0,4.0,0.004003047943115234
101.0,14.0,14.0,0.03141140937805176
29.0,7.0,7.0,0.008228540420532227
53.0,6.0,6.0,0.013878345489501953
91.0,8.0,8.0,0.03265047073364258
22.0,5.0,5.0,0.006027936935424805
22.0,4.0,4.0,0.006850242614746094
61.0,10.0,10.0,0.01723623275756836
21.0,8.0,8.0,0.005887746810913086
22.0,8.0,8.0,0.006278276443481445
31.0,7.0,7.0,0.009165763854980469
44.0,9.0,9.0,0.012640237808227539
35.0,9.0,9.0,0.009440183639526367
30.0,9.0,9.0,0.008356809616088867
31.0,4.0,4.0,0.009457588195800781
73.0,17.0,17.0,0.01972365379333496
81.0,8.0,8.0,0.022511959075927734
47.0,3.0,3.0,0.011997699737548828
89.0,15.0,15.0,0.02402496337890625
42.0,13.0,13.0,0.012027978897094727
29.0,6.0,6.0,0.008531332015991211
44.0,13.0,13.0,0.013082265853881836
47.0,11.0,11.0,0.013457059860229492
16.0,5.0,5.0,0.004637479782104492
44.0,9.0,9.0,0.011722564697265625
82.0,11.0,11.0,0.023370027542114258
168.0,28.0,28.0,0.05031752586364746
55.0,8.0,8.0,0.014798402786254883
61.0,10.0,10.0,0.016078948974609375
23.0,3.0,3.0,0.008523702621459961
42.0,8.0,8.0,0.02021312713623047
49.0,5.0,5.0,0.013520956039428711
21.0,6.0,6.0,0.007998228073120117
39.0,7.0,7.0,0.011999130249023438
32.0,2.0,2.0,0.008517026901245117
41.0,8.0,8.0,0.010632514953613281
41.0,8.0,8.0,0.01210331916809082
18.0,5.0,5.0,0.006000041961669922
19.0,6.0,6.0,0.004923343658447266
74.0,12.0,12.0,0.019746065139770508
18.0,3.0,3.0,0.005434751510620117
19.0,7.0,7.0,0.0051500797271728516
14.0,4.0,4.0,0.0041599273681640625
48.0,11.0,11.0,0.012893199920654297
54.0,7.0,7.0,0.014237642288208008
42.0,8.0,8.0,0.014528274536132812
27.0,8.0,8.0,0.009204864501953125
62.0,10.0,10.0,0.01701641082763672
15.0,5.0,5.0,0.0041310787200927734
92.0,21.0,21.0,0.032213687896728516
18.0,5.0,5.0,0.004997968673706055
69.0,6.0,6.0,0.02601766586303711
69.0,13.0,13.0,0.020015954971313477
18.0,1.0,1.0,0.004998445510864258
20.0,4.0,4.0,0.005533695220947266
79.0,10.0,10.0,0.019513845443725586
74.0,9.0,9.0,0.02457737922668457
67.0,7.0,7.0,0.020148754119873047
24.0,5.0,5.0,0.009699106216430664
52.0,7.0,7.0,0.016276836395263672
152.0,18.0,18.0,0.06261801719665527
89.0,17.0,17.0,0.033310890197753906
129.0,7.0,7.0,0.039809226989746094
40.0,8.0,8.0,0.017273426055908203
31.0,6.0,6.0,0.01140284538269043
57.0,8.0,8.0,0.02066349983215332
40.0,7.0,7.0,0.011522054672241211
12.0,1.0,1.0,0.0030815601348876953
30.0,13.0,13.0,0.015229225158691406
107.0,11.0,11.0,0.03938126564025879
76.0,14.0,14.0,0.025517702102661133
33.0,10.0,10.0,0.014107227325439453
38.0,20.0,20.0,0.011971712112426758
26.0,5.0,5.0,0.011277437210083008
20.0,5.0,5.0,0.007798194885253906
114.0,15.0,15.0,0.04122161865234375
71.0,6.0,6.0,0.01903676986694336
142.0,16.0,16.0,0.04424405097961426
64.0,8.0,8.0,0.018024682998657227
51.0,17.0,17.0,0.014007091522216797
23.0,9.0,9.0,0.006997823715209961
29.0,10.0,10.0,0.008007049560546875
97.0,14.0,14.0,0.02578425407409668
29.0,14.0,14.0,0.007997751235961914
19.0,6.0,6.0,0.00551915168762207
47.0,5.0,5.0,0.013103485107421875
69.0,10.0,10.0,0.019496917724609375
23.0,11.0,11.0,0.006872653961181641
46.0,13.0,13.0,0.013599634170532227
37.0,6.0,6.0,0.011000633239746094
54.0,11.0,11.0,0.01651453971862793
58.0,5.0,5.0,0.015770912170410156
82.0,11.0,11.0,0.027170181274414062
15.0,2.0,2.0,0.00400090217590332
55.0,10.0,10.0,0.015039443969726562
71.0,14.0,14.0,0.020791292190551758
104.0,10.0,10.0,0.028568744659423828
34.0,8.0,8.0,0.01430201530456543
26.0,4.0,4.0,0.012650012969970703
124.0,20.0,20.0,0.03739023208618164
55.0,6.0,6.0,0.017133474349975586
74.0,9.0,9.0,0.025503158569335938
36.0,6.0,6.0,0.010160446166992188
49.0,12.0,12.0,0.015294551849365234
14.0,2.0,2.0,0.006689310073852539
19.0,6.0,6.0,0.005574703216552734
43.0,3.0,3.0,0.013632059097290039
134.0,14.0,14.0,0.03934669494628906
35.0,8.0,8.0,0.013029336929321289
30.0,10.0,10.0,0.009551763534545898
29.0,7.0,7.0,0.007883787155151367
17.0,4.0,4.0,0.0050201416015625
56.0,9.0,9.0,0.0234677791595459
42.0,11.0,11.0,0.012794017791748047
15.0,4.0,4.0,0.004221439361572266
14.0,3.0,3.0,0.005542278289794922
28.0,9.0,9.0,0.009800910949707031
84.0,12.0,12.0,0.027014970779418945
24.0,8.0,8.0,0.010654449462890625
48.0,16.0,16.0,0.017061710357666016
65.0,14.0,14.0,0.0197908878326416
27.0,6.0,6.0,0.009693384170532227
23.0,8.0,8.0,0.00873708724975586
16.0,4.0,4.0,0.0058901309967041016
20.0,7.0,7.0,0.008071184158325195
39.0,4.0,4.0,0.010690927505493164
53.0,7.0,7.0,0.01513814926147461
46.0,8.0,8.0,0.013025999069213867
72.0,17.0,17.0,0.019558429718017578
72.0,12.0,12.0,0.01817917823791504
127.0,15.0,15.0,0.03176164627075195
55.0,9.0,9.0,0.014676094055175781
37.0,9.0,9.0,0.011062145233154297
27.0,4.0,4.0,0.007609367370605469
38.0,7.0,7.0,0.012310504913330078
29.0,3.0,3.0,0.007517814636230469
16.0,5.0,5.0,0.005000114440917969
39.0,6.0,6.0,0.010709762573242188
37.0,8.0,8.0,0.009999513626098633
36.0,18.0,18.0,0.009000301361083984
26.0,6.0,6.0,0.006785392761230469
59.0,8.0,8.0,0.015346288681030273
48.0,11.0,11.0,0.012639284133911133
48.0,5.0,5.0,0.012665033340454102
36.0,7.0,7.0,0.010172367095947266
22.0,5.0,5.0,0.0064351558685302734
32.0,7.0,7.0,0.00953054428100586
61.0,11.0,11.0,0.01651597023010254
111.0,12.0,12.0,0.02848958969116211
37.0,5.0,5.0,0.009771347045898438
60.0,15.0,15.0,0.018002033233642578
44.0,5.0,5.0,0.012514829635620117
15.0,3.0,3.0,0.0040018558502197266
15.0,2.0,2.0,0.004999637603759766
34.0,6.0,6.0,0.008988618850708008
14.0,2.0,2.0,0.00450587272644043
17.0,6.0,6.0,0.007323026657104492
23.0,9.0,9.0,0.007079601287841797
31.0,6.0,6.0,0.008023738861083984
25.0,8.0,8.0,0.007528543472290039
19.0,3.0,3.0,0.0049970149993896484
37.0,7.0,7.0,0.010286808013916016
102.0,10.0,10.0,0.026792287826538086
80.0,13.0,13.0,0.02083730697631836
115.0,7.0,7.0,0.03302764892578125
35.0,9.0,9.0,0.01351308822631836
88.0,19.0,19.0,0.022999286651611328
104.0,11.0,11.0,0.02826404571533203
19.0,5.0,5.0,0.005730152130126953
44.0,7.0,7.0,0.015077590942382812
18.0,3.0,3.0,0.005004405975341797
33.0,1.0,1.0,0.008948564529418945
28.0,7.0,7.0,0.007521390914916992
31.0,4.0,4.0,0.009062767028808594
22.0,7.0,7.0,0.007025957107543945
32.0,5.0,5.0,0.010680913925170898
59.0,14.0,14.0,0.02053666114807129
20.0,4.0,4.0,0.00600123405456543
28.0,3.0,3.0,0.008483171463012695
34.0,10.0,10.0,0.008625984191894531
27.0,5.0,5.0,0.009372949600219727
46.0,16.0,16.0,0.020607709884643555
34.0,3.0,3.0,0.011749267578125
43.0,7.0,7.0,0.0211026668548584
134.0,19.0,19.0,0.10082864761352539
28.0,8.0,8.0,0.008734703063964844
14.0,2.0,2.0,0.004210948944091797
84.0,9.0,9.0,0.02193760871887207
25.0,4.0,4.0,0.007613182067871094
55.0,14.0,14.0,0.02039194107055664
59.0,3.0,3.0,0.015113115310668945
56.0,12.0,12.0,0.014539718627929688
22.0,7.0,7.0,0.005585908889770508
96.0,10.0,10.0,0.03049635887145996
73.0,7.0,7.0,0.03498983383178711
47.0,11.0,11.0,0.014131307601928711
34.0,7.0,7.0,0.008630514144897461
83.0,16.0,16.0,0.024089336395263672
17.0,4.0,4.0,0.00499725341796875
171.0,25.0,25.0,0.04981684684753418
16.0,5.0,5.0,0.003998517990112305
27.0,4.0,4.0,0.010925531387329102
17.0,4.0,4.0,0.008182048797607422
43.0,4.0,4.0,0.011607170104980469
44.0,10.0,10.0,0.015985727310180664
35.0,4.0,4.0,0.009505271911621094
98.0,15.0,15.0,0.02917790412902832
30.0,8.0,8.0,0.014001607894897461
96.0,12.0,12.0,0.030842065811157227
19.0,2.0,2.0,0.007991313934326172
34.0,9.0,9.0,0.009372711181640625
25.0,6.0,6.0,0.00800180435180664
77.0,11.0,11.0,0.023328542709350586
25.0,9.0,9.0,0.007990837097167969
32.0,8.0,8.0,0.010298013687133789
26.0,11.0,11.0,0.012909889221191406
128.0,18.0,18.0,0.045670509338378906
18.0,3.0,3.0,0.0053827762603759766
73.0,10.0,10.0,0.02050304412841797
19.0,1.0,1.0,0.005999088287353516
47.0,9.0,9.0,0.01593780517578125
36.0,10.0,10.0,0.01720571517944336
49.0,5.0,5.0,0.01635265350341797
48.0,7.0,7.0,0.019996166229248047
82.0,11.0,11.0,0.029690980911254883
29.0,5.0,5.0,0.013941049575805664
16.0,5.0,5.0,0.005919933319091797
19.0,4.0,4.0,0.00547480583190918
62.0,19.0,19.0,0.01969456672668457
24.0,6.0,6.0,0.006000995635986328
26.0,7.0,7.0,0.008775472640991211
53.0,8.0,8.0,0.015316247940063477
39.0,5.0,5.0,0.010195732116699219
187.0,25.0,25.0,0.06313872337341309
25.0,1.0,1.0,0.007357120513916016
15.0,5.0,5.0,0.005216360092163086
56.0,4.0,4.0,0.015830278396606445
155.0,27.0,27.0,0.05027437210083008
31.0,3.0,3.0,0.011159896850585938
38.0,5.0,5.0,0.012049674987792969
22.0,6.0,6.0,0.006206989288330078
36.0,14.0,14.0,0.011576414108276367
30.0,5.0,5.0,0.008575439453125
41.0,9.0,9.0,0.011895418167114258
14.0,3.0,3.0,0.0038826465606689453
16.0,4.0,4.0,0.004667997360229492
18.0,7.0,7.0,0.005594491958618164
15.0,2.0,2.0,0.007528543472290039
37.0,7.0,7.0,0.01712512969970703
49.0,7.0,7.0,0.02407217025756836
57.0,5.0,5.0,0.02115631103515625
68.0,17.0,17.0,0.024541378021240234
33.0,10.0,10.0,0.012907266616821289
92.0,13.0,13.0,0.029814958572387695
17.0,4.0,4.0,0.005461931228637695
20.0,5.0,5.0,0.005586147308349609
125.0,20.0,20.0,0.04174184799194336
26.0,7.0,7.0,0.008893489837646484
83.0,10.0,10.0,0.02364492416381836
66.0,13.0,13.0,0.018841266632080078
24.0,1.0,1.0,0.006760120391845703
58.0,2.0,2.0,0.018709421157836914
26.0,12.0,12.0,0.007243156433105469
17.0,5.0,5.0,0.004739046096801758
31.0,9.0,9.0,0.008490800857543945
20.0,6.0,6.0,0.0054318904876708984
19.0,4.0,4.0,0.004944801330566406
24.0,13.0,13.0,0.0059468746185302734
20.0,4.0,4.0,0.004827022552490234
51.0,8.0,8.0,0.016421794891357422
84.0,13.0,13.0,0.038454294204711914
30.0,5.0,5.0,0.009326457977294922
19.0,5.0,5.0,0.00499725341796875
21.0,6.0,6.0,0.005998134613037109
100.0,13.0,13.0,0.03101062774658203
15.0,3.0,3.0,0.008003950119018555
41.0,5.0,5.0,0.011514902114868164
48.0,5.0,5.0,0.022986412048339844
30.0,7.0,7.0,0.012391090393066406
26.0,4.0,4.0,0.008355140686035156
21.0,3.0,3.0,0.005608797073364258
94.0,25.0,25.0,0.03173422813415527
21.0,9.0,9.0,0.005433559417724609
24.0,11.0,11.0,0.0065460205078125
25.0,8.0,8.0,0.01106119155883789
43.0,7.0,7.0,0.015490293502807617
14.0,3.0,3.0,0.003604412078857422
22.0,4.0,4.0,0.006273031234741211
30.0,10.0,10.0,0.007336616516113281
35.0,4.0,4.0,0.008881807327270508
84.0,13.0,13.0,0.022784709930419922
47.0,5.0,5.0,0.011927366256713867
33.0,8.0,8.0,0.01005411148071289
65.0,8.0,8.0,0.022247791290283203
70.0,7.0,7.0,0.022556304931640625
40.0,6.0,6.0,0.013395309448242188
65.0,1.0,1.0,0.02333807945251465
45.0,9.0,9.0,0.013987064361572266
61.0,8.0,8.0,0.02044510841369629
33.0,5.0,5.0,0.011992216110229492
25.0,7.0,7.0,0.011339187622070312
16.0,4.0,4.0,0.007709503173828125
102.0,19.0,19.0,0.031989336013793945
37.0,14.0,14.0,0.011000871658325195
51.0,7.0,7.0,0.016323566436767578
51.0,7.0,7.0,0.015380859375
57.0,12.0,12.0,0.016183853149414062
41.0,9.0,9.0,0.012674570083618164
93.0,10.0,10.0,0.030994176864624023
57.0,4.0,4.0,0.021355628967285156
23.0,11.0,11.0,0.008293628692626953
19.0,6.0,6.0,0.005999326705932617
21.0,7.0,7.0,0.006224155426025391
41.0,8.0,8.0,0.015491962432861328
40.0,6.0,6.0,0.015229940414428711
38.0,9.0,9.0,0.011242151260375977
18.0,2.0,2.0,0.004992485046386719
48.0,18.0,18.0,0.014275074005126953
21.0,5.0,5.0,0.0063190460205078125
59.0,7.0,7.0,0.020117521286010742
87.0,13.0,13.0,0.02737879753112793
44.0,9.0,9.0,0.012863397598266602
26.0,7.0,7.0,0.00699925422668457
25.0,3.0,3.0,0.009008646011352539
31.0,4.0,4.0,0.013575077056884766
37.0,5.0,5.0,0.013231039047241211
26.0,2.0,2.0,0.007471323013305664
52.0,8.0,8.0,0.016377687454223633
13.0,1.0,1.0,0.003603696823120117
65.0,8.0,8.0,0.01937580108642578
20.0,5.0,5.0,0.007470846176147461
175.0,27.0,27.0,0.05949831008911133
22.0,4.0,4.0,0.006402015686035156
56.0,9.0,9.0,0.01604938507080078
30.0,7.0,7.0,0.007999897003173828
175.0,25.0,25.0,0.05393552780151367
20.0,6.0,6.0,0.0059108734130859375
163.0,18.0,18.0,0.050384521484375
12.0,1.0,1.0,0.003058910369873047
18.0,4.0,4.0,0.0066680908203125
172.0,16.0,16.0,0.04938769340515137
55.0,8.0,8.0,0.016416072845458984
20.0,8.0,8.0,0.006010770797729492
18.0,6.0,6.0,0.005101680755615234
80.0,19.0,19.0,0.02296757698059082
18.0,6.0,6.0,0.005153179168701172
15.0,3.0,3.0,0.004240512847900391
60.0,6.0,6.0,0.01990652084350586
55.0,5.0,5.0,0.016561031341552734
26.0,7.0,7.0,0.007503032684326172
79.0,22.0,22.0,0.0233309268951416
47.0,7.0,7.0,0.014059066772460938
74.0,11.0,11.0,0.0209963321685791
28.0,7.0,7.0,0.007997274398803711
13.0,1.0,1.0,0.0030002593994140625
43.0,8.0,8.0,0.01165318489074707
28.0,8.0,8.0,0.00852346420288086
28.0,6.0,6.0,0.007512331008911133
17.0,4.0,4.0,0.005602359771728516
20.0,8.0,8.0,0.007931709289550781
39.0,3.0,3.0,0.010144233703613281
45.0,7.0,7.0,0.011714696884155273
79.0,15.0,15.0,0.02049398422241211
59.0,13.0,13.0,0.017559051513671875
91.0,18.0,18.0,0.02998828887939453
36.0,8.0,8.0,0.010236740112304688
26.0,5.0,5.0,0.01389169692993164
32.0,4.0,4.0,0.010000228881835938
49.0,6.0,6.0,0.01400446891784668
38.0,7.0,7.0,0.010523796081542969
55.0,9.0,9.0,0.014001607894897461
69.0,14.0,14.0,0.020547151565551758
21.0,3.0,3.0,0.005331993103027344
75.0,10.0,10.0,0.019121408462524414
23.0,3.0,3.0,0.006175518035888672
29.0,7.0,7.0,0.008048772811889648
27.0,1.0,1.0,0.006773948669433594
48.0,6.0,6.0,0.013332128524780273
16.0,4.0,4.0,0.004080772399902344
91.0,7.0,7.0,0.023513078689575195
39.0,6.0,6.0,0.015001296997070312
14.0,3.0,3.0,0.003533601760864258
24.0,7.0,7.0,0.006638288497924805
79.0,12.0,12.0,0.02099776268005371
20.0,6.0,6.0,0.004522562026977539
35.0,9.0,9.0,0.008997440338134766
149.0,15.0,15.0,0.04095768928527832
51.0,12.0,12.0,0.01408696174621582
17.0,3.0,3.0,0.0070514678955078125
25.0,8.0,8.0,0.00795292854309082
28.0,2.0,2.0,0.007653951644897461
34.0,3.0,3.0,0.010127544403076172
25.0,7.0,7.0,0.006941080093383789
52.0,5.0,5.0,0.014034509658813477
46.0,7.0,7.0,0.01242375373840332
37.0,8.0,8.0,0.009776830673217773
71.0,3.0,3.0,0.022582054138183594
30.0,5.0,5.0,0.008284568786621094
125.0,25.0,25.0,0.03306937217712402
65.0,15.0,15.0,0.017519474029541016
19.0,5.0,5.0,0.005644083023071289
66.0,7.0,7.0,0.021007537841796875
35.0,4.0,4.0,0.00949716567993164
30.0,8.0,8.0,0.0075054168701171875
29.0,10.0,10.0,0.010221719741821289
19.0,6.0,6.0,0.006555080413818359
116.0,20.0,20.0,0.030066251754760742
16.0,5.0,5.0,0.004002809524536133
34.0,4.0,4.0,0.01437234878540039
20.0,9.0,9.0,0.009049415588378906
23.0,6.0,6.0,0.009384870529174805
40.0,5.0,5.0,0.011761188507080078
68.0,9.0,9.0,0.019664525985717773
80.0,7.0,7.0,0.023304224014282227
30.0,5.0,5.0,0.00824880599975586
32.0,7.0,7.0,0.009121894836425781
63.0,9.0,9.0,0.017009973526000977
34.0,4.0,4.0,0.009869813919067383
49.0,7.0,7.0,0.013604879379272461
74.0,5.0,5.0,0.018129348754882812
85.0,7.0,7.0,0.025117874145507812
17.0,6.0,6.0,0.004007577896118164
35.0,2.0,2.0,0.008998870849609375
91.0,10.0,10.0,0.02552938461303711
60.0,7.0,7.0,0.019771575927734375
15.0,2.0,2.0,0.005124807357788086
48.0,12.0,12.0,0.013876676559448242
68.0,17.0,17.0,0.026555299758911133
27.0,5.0,5.0,0.008144855499267578
28.0,3.0,3.0,0.007508277893066406
22.0,7.0,7.0,0.006253480911254883
27.0,5.0,5.0,0.007552385330200195
41.0,11.0,11.0,0.010177850723266602
39.0,8.0,8.0,0.010167837142944336
35.0,2.0,2.0,0.012156009674072266
73.0,11.0,11.0,0.021990299224853516
14.0,3.0,3.0,0.006463289260864258
69.0,10.0,10.0,0.023046493530273438
53.0,3.0,3.0,0.013941764831542969
84.0,9.0,9.0,0.021845340728759766
80.0,6.0,6.0,0.02031087875366211
27.0,4.0,4.0,0.007789134979248047
22.0,9.0,9.0,0.005817413330078125
126.0,15.0,15.0,0.035835981369018555
29.0,4.0,4.0,0.011846780776977539
21.0,8.0,8.0,0.007001161575317383
30.0,4.0,4.0,0.007999897003173828
51.0,5.0,5.0,0.012524604797363281
46.0,8.0,8.0,0.018000125885009766
59.0,13.0,13.0,0.015507221221923828
24.0,4.0,4.0,0.0069925785064697266
19.0,4.0,4.0,0.006529092788696289
55.0,5.0,5.0,0.019014835357666016
80.0,12.0,12.0,0.021825313568115234
15.0,1.0,1.0,0.007527589797973633
35.0,3.0,3.0,0.009448528289794922
20.0,3.0,3.0,0.004896640777587891
86.0,12.0,12.0,0.024182796478271484
22.0,8.0,8.0,0.007334232330322266
30.0,13.0,13.0,0.009372711181640625
32.0,8.0,8.0,0.008466482162475586
15.0,4.0,4.0,0.004998683929443359
48.0,10.0,10.0,0.012006282806396484
28.0,4.0,4.0,0.006999969482421875
63.0,7.0,7.0,0.018508195877075195
60.0,12.0,12.0,0.01703786849975586
16.0,5.0,5.0,0.005000114440917969
16.0,4.0,4.0,0.005001544952392578
42.0,12.0,12.0,0.011548042297363281
24.0,6.0,6.0,0.012475967407226562
40.0,9.0,9.0,0.011061668395996094
25.0,6.0,6.0,0.007607698440551758
21.0,1.0,1.0,0.008088350296020508
19.0,3.0,3.0,0.00600743293762207
48.0,6.0,6.0,0.014935016632080078
22.0,5.0,5.0,0.007103919982910156
12.0,1.0,1.0,0.004267215728759766
41.0,11.0,11.0,0.012893438339233398
24.0,2.0,2.0,0.008933067321777344
17.0,3.0,3.0,0.006402492523193359
15.0,4.0,4.0,0.006767988204956055
18.0,5.0,5.0,0.005520820617675781
28.0,6.0,6.0,0.007819652557373047
29.0,7.0,7.0,0.00782322883605957
84.0,8.0,8.0,0.023070096969604492
21.0,4.0,4.0,0.006357908248901367
26.0,6.0,6.0,0.007120370864868164
26.0,4.0,4.0,0.0068700313568115234
53.0,4.0,4.0,0.013956308364868164
67.0,20.0,20.0,0.020351886749267578
78.0,20.0,20.0,0.02147507667541504
42.0,16.0,16.0,0.01085209846496582
38.0,5.0,5.0,0.011331319808959961
75.0,13.0,13.0,0.024904727935791016
36.0,10.0,10.0,0.013867378234863281
20.0,5.0,5.0,0.00791168212890625
61.0,10.0,10.0,0.0181577205657959
15.0,2.0,2.0,0.0035881996154785156
57.0,10.0,10.0,0.015386343002319336
22.0,8.0,8.0,0.005743741989135742
24.0,3.0,3.0,0.006787776947021484
26.0,2.0,2.0,0.00634312629699707
27.0,1.0,1.0,0.007555246353149414
21.0,8.0,8.0,0.007999420166015625
27.0,6.0,6.0,0.008511781692504883
30.0,8.0,8.0,0.009513616561889648
108.0,9.0,9.0,0.03398323059082031
41.0,10.0,10.0,0.015534162521362305
41.0,19.0,19.0,0.01353764533996582
20.0,1.0,1.0,0.0069179534912109375
37.0,8.0,8.0,0.015826702117919922
51.0,12.0,12.0,0.016196012496948242
67.0,11.0,11.0,0.017954587936401367
34.0,5.0,5.0,0.01137232780456543
16.0,4.0,4.0,0.0060350894927978516
33.0,5.0,5.0,0.01114201545715332
31.0,6.0,6.0,0.007999897003173828
18.0,7.0,7.0,0.005001068115234375
42.0,8.0,8.0,0.012027978897094727
56.0,20.0,20.0,0.01574420928955078
24.0,3.0,3.0,0.006590366363525391
37.0,7.0,7.0,0.010852813720703125
53.0,16.0,16.0,0.014950752258300781
60.0,9.0,9.0,0.01916980743408203
41.0,7.0,7.0,0.011945962905883789
37.0,13.0,13.0,0.01028585433959961
74.0,10.0,10.0,0.021017789840698242
40.0,8.0,8.0,0.011018991470336914
55.0,12.0,12.0,0.015552043914794922
17.0,5.0,5.0,0.004617214202880859
15.0,3.0,3.0,0.004118442535400391
79.0,12.0,12.0,0.027513504028320312
52.0,5.0,5.0,0.014223337173461914
115.0,12.0,12.0,0.02881455421447754
19.0,8.0,8.0,0.005638599395751953
17.0,4.0,4.0,0.004401445388793945
53.0,6.0,6.0,0.014181375503540039
32.0,9.0,9.0,0.008550882339477539
32.0,6.0,6.0,0.008484840393066406
42.0,6.0,6.0,0.01450347900390625
57.0,10.0,10.0,0.021352767944335938
17.0,3.0,3.0,0.006994962692260742
43.0,10.0,10.0,0.01656818389892578
20.0,8.0,8.0,0.007311582565307617
23.0,3.0,3.0,0.009641170501708984
87.0,10.0,10.0,0.029643535614013672
22.0,7.0,7.0,0.009556293487548828
134.0,24.0,24.0,0.04490041732788086
21.0,4.0,4.0,0.008194208145141602
21.0,6.0,6.0,0.006623983383178711
39.0,5.0,5.0,0.011649370193481445
19.0,6.0,6.0,0.006121158599853516
54.0,10.0,10.0,0.01528167724609375
139.0,13.0,13.0,0.03936028480529785
30.0,2.0,2.0,0.008971691131591797
58.0,9.0,9.0,0.019184350967407227
78.0,11.0,11.0,0.022150516510009766
22.0,1.0,1.0,0.005788564682006836
79.0,14.0,14.0,0.027043819427490234
13.0,1.0,1.0,0.003730297088623047
25.0,6.0,6.0,0.006661176681518555
29.0,3.0,3.0,0.008545875549316406
58.0,12.0,12.0,0.018141984939575195
14.0,3.0,3.0,0.004734992980957031
14.0,3.0,3.0,0.003462553024291992
51.0,11.0,11.0,0.013506412506103516
25.0,8.0,8.0,0.006998300552368164
69.0,12.0,12.0,0.01851820945739746
22.0,9.0,9.0,0.007999658584594727
58.0,22.0,22.0,0.01983332633972168
20.0,8.0,8.0,0.0055654048919677734
100.0,22.0,22.0,0.027428865432739258
44.0,10.0,10.0,0.011395931243896484
139.0,20.0,20.0,0.04157233238220215
13.0,1.0,1.0,0.004742860794067383
30.0,6.0,6.0,0.008835554122924805
24.0,6.0,6.0,0.0067844390869140625
166.0,19.0,19.0,0.04514956474304199
68.0,7.0,7.0,0.019068479537963867
125.0,7.0,7.0,0.03500032424926758
52.0,9.0,9.0,0.02581024169921875
27.0,9.0,9.0,0.008542776107788086
47.0,6.0,6.0,0.014308691024780273
68.0,26.0,26.0,0.02001166343688965
80.0,12.0,12.0,0.026971101760864258
75.0,11.0,11.0,0.026720046997070312
124.0,29.0,29.0,0.036272287368774414
39.0,8.0,8.0,0.013192176818847656
76.0,18.0,18.0,0.020400047302246094
36.0,12.0,12.0,0.010259389877319336
14.0,2.0,2.0,0.0032880306243896484
15.0,4.0,4.0,0.005561351776123047
20.0,4.0,4.0,0.007987737655639648
94.0,10.0,10.0,0.025188446044921875
50.0,7.0,7.0,0.01318502426147461
60.0,10.0,10.0,0.01603841781616211
81.0,8.0,8.0,0.021692752838134766
19.0,5.0,5.0,0.005434989929199219
29.0,4.0,4.0,0.009140253067016602
55.0,13.0,13.0,0.019668102264404297
52.0,8.0,8.0,0.015085697174072266
81.0,9.0,9.0,0.021686553955078125
80.0,19.0,19.0,0.021517515182495117
15.0,2.0,2.0,0.005516767501831055
30.0,11.0,11.0,0.011156082153320312
15.0,4.0,4.0,0.005407094955444336
75.0,5.0,5.0,0.030014991760253906
32.0,2.0,2.0,0.009532928466796875
74.0,12.0,12.0,0.027317285537719727
84.0,14.0,14.0,0.029083728790283203
122.0,19.0,19.0,0.031935930252075195
19.0,9.0,9.0,0.006508827209472656
37.0,10.0,10.0,0.011225700378417969
90.0,7.0,7.0,0.02298283576965332
17.0,2.0,2.0,0.004067659378051758
17.0,5.0,5.0,0.004502296447753906
29.0,3.0,3.0,0.007995843887329102
23.0,5.0,5.0,0.00821065902709961
40.0,5.0,5.0,0.01119852066040039
51.0,11.0,11.0,0.012685298919677734
24.0,3.0,3.0,0.00704193115234375
72.0,14.0,14.0,0.021221160888671875
71.0,10.0,10.0,0.018534183502197266
34.0,12.0,12.0,0.009034156799316406
21.0,4.0,4.0,0.007008075714111328
22.0,2.0,2.0,0.005031585693359375
19.0,4.0,4.0,0.0048100948333740234
27.0,4.0,4.0,0.00762486457824707
92.0,7.0,7.0,0.024916648864746094
27.0,10.0,10.0,0.008540868759155273
19.0,5.0,5.0,0.008526325225830078
67.0,11.0,11.0,0.01788330078125
26.0,4.0,4.0,0.0066034793853759766
21.0,9.0,9.0,0.006292819976806641
83.0,3.0,3.0,0.0227205753326416
42.0,6.0,6.0,0.012959718704223633
53.0,13.0,13.0,0.015366792678833008
29.0,4.0,4.0,0.00950932502746582
19.0,7.0,7.0,0.0066983699798583984
49.0,1.0,1.0,0.012923240661621094
46.0,7.0,7.0,0.012343645095825195
20.0,5.0,5.0,0.006011247634887695
32.0,2.0,2.0,0.009444236755371094
132.0,12.0,12.0,0.04435372352600098
95.0,19.0,19.0,0.03282976150512695
24.0,5.0,5.0,0.008442878723144531
15.0,4.0,4.0,0.005464792251586914
25.0,6.0,6.0,0.009462356567382812
24.0,4.0,4.0,0.006258249282836914
35.0,15.0,15.0,0.008838176727294922
78.0,10.0,10.0,0.019665241241455078
15.0,4.0,4.0,0.005014896392822266
108.0,17.0,17.0,0.03517770767211914
15.0,4.0,4.0,0.0043261051177978516
21.0,7.0,7.0,0.007130861282348633
32.0,5.0,5.0,0.00998067855834961
26.0,6.0,6.0,0.0070648193359375
32.0,10.0,10.0,0.010314226150512695
35.0,3.0,3.0,0.009258031845092773
16.0,3.0,3.0,0.005232572555541992
16.0,5.0,5.0,0.006904125213623047
38.0,4.0,4.0,0.016389131546020508
26.0,8.0,8.0,0.008169412612915039
43.0,11.0,11.0,0.013439416885375977
25.0,4.0,4.0,0.006800413131713867
153.0,14.0,14.0,0.045198678970336914
74.0,19.0,19.0,0.021640300750732422
56.0,3.0,3.0,0.015497922897338867
118.0,23.0,23.0,0.03861570358276367
22.0,11.0,11.0,0.005677223205566406
55.0,7.0,7.0,0.014368772506713867
56.0,5.0,5.0,0.016183137893676758
104.0,10.0,10.0,0.030406475067138672
66.0,12.0,12.0,0.02220916748046875
59.0,6.0,6.0,0.021503686904907227
57.0,5.0,5.0,0.021109819412231445
30.0,7.0,7.0,0.009041309356689453
38.0,7.0,7.0,0.01053619384765625
34.0,6.0,6.0,0.009729862213134766
60.0,11.0,11.0,0.022095203399658203
77.0,9.0,9.0,0.029983043670654297
17.0,5.0,5.0,0.004777669906616211
29.0,9.0,9.0,0.008393287658691406
63.0,11.0,11.0,0.017928361892700195
35.0,1.0,1.0,0.010035276412963867
30.0,5.0,5.0,0.010694265365600586
151.0,18.0,18.0,0.04310488700866699
25.0,5.0,5.0,0.007056474685668945
29.0,3.0,3.0,0.00832676887512207
55.0,5.0,5.0,0.014219284057617188
43.0,3.0,3.0,0.01112055778503418
34.0,6.0,6.0,0.009296655654907227
16.0,5.0,5.0,0.00462031364440918
32.0,9.0,9.0,0.007784128189086914
60.0,9.0,9.0,0.015717267990112305
16.0,6.0,6.0,0.005193471908569336
27.0,6.0,6.0,0.007635831832885742
24.0,8.0,8.0,0.006762504577636719
25.0,10.0,10.0,0.006273508071899414
61.0,9.0,9.0,0.018086671829223633
16.0,3.0,3.0,0.004728078842163086
43.0,11.0,11.0,0.012778759002685547
49.0,12.0,12.0,0.01468205451965332
28.0,6.0,6.0,0.007750272750854492
103.0,15.0,15.0,0.035710811614990234
17.0,4.0,4.0,0.006079196929931641
49.0,9.0,9.0,0.012535810470581055
65.0,9.0,9.0,0.017999887466430664
50.0,8.0,8.0,0.013999223709106445
28.0,5.0,5.0,0.007513999938964844
20.0,8.0,8.0,0.00499725341796875
23.0,10.0,10.0,0.006007671356201172
25.0,3.0,3.0,0.0069980621337890625
24.0,5.0,5.0,0.006983041763305664
123.0,16.0,16.0,0.03717517852783203
25.0,3.0,3.0,0.00778961181640625
15.0,3.0,3.0,0.004288434982299805
20.0,7.0,7.0,0.005284786224365234
23.0,5.0,5.0,0.006335020065307617
32.0,5.0,5.0,0.009037971496582031
72.0,13.0,13.0,0.01937580108642578
20.0,2.0,2.0,0.005634784698486328
55.0,17.0,17.0,0.018203258514404297
62.0,10.0,10.0,0.017506837844848633
25.0,2.0,2.0,0.00700068473815918
46.0,6.0,6.0,0.016423940658569336
54.0,5.0,5.0,0.016566753387451172
65.0,10.0,10.0,0.025537967681884766
25.0,5.0,5.0,0.008442401885986328
60.0,4.0,4.0,0.019351720809936523
22.0,5.0,5.0,0.005492448806762695
23.0,11.0,11.0,0.0065114498138427734
22.0,2.0,2.0,0.007590770721435547
22.0,6.0,6.0,0.007192373275756836
33.0,13.0,13.0,0.010646581649780273
18.0,1.0,1.0,0.004735231399536133
46.0,9.0,9.0,0.016100645065307617
176.0,24.0,24.0,0.060572147369384766
23.0,5.0,5.0,0.006730079650878906
133.0,13.0,13.0,0.038933515548706055
19.0,6.0,6.0,0.0061261653900146484
20.0,0.0,0.0,0.006278276443481445
26.0,3.0,3.0,0.00789952278137207
195.0,17.0,17.0,0.06276726722717285
41.0,2.0,2.0,0.011655569076538086
48.0,11.0,11.0,0.018887758255004883
51.0,9.0,9.0,0.015183687210083008
49.0,5.0,5.0,0.01874089241027832
50.0,15.0,15.0,0.019558429718017578
25.0,5.0,5.0,0.006998538970947266
20.0,5.0,5.0,0.005922079086303711
34.0,5.0,5.0,0.010366439819335938
19.0,4.0,4.0,0.005212545394897461
49.0,13.0,13.0,0.013959646224975586
122.0,18.0,18.0,0.03588056564331055
47.0,4.0,4.0,0.016417980194091797
47.0,4.0,4.0,0.01411890983581543
32.0,8.0,8.0,0.009605884552001953
45.0,11.0,11.0,0.01243901252746582
28.0,8.0,8.0,0.00806570053100586
15.0,2.0,2.0,0.006896495819091797
44.0,9.0,9.0,0.012295961380004883
73.0,11.0,11.0,0.02242422103881836
15.0,4.0,4.0,0.00563812255859375
41.0,11.0,11.0,0.011843442916870117
22.0,5.0,5.0,0.006776094436645508
54.0,10.0,10.0,0.015509605407714844
104.0,19.0,19.0,0.03159213066101074
56.0,10.0,10.0,0.016662120819091797
21.0,6.0,6.0,0.007541179656982422
191.0,18.0,18.0,0.06247067451477051
27.0,6.0,6.0,0.007381439208984375
25.0,4.0,4.0,0.0064029693603515625
23.0,4.0,4.0,0.0063228607177734375
88.0,15.0,15.0,0.023652076721191406
54.0,14.0,14.0,0.013841867446899414
91.0,16.0,16.0,0.023960351943969727
92.0,17.0,17.0,0.024610519409179688
39.0,8.0,8.0,0.011003255844116211
59.0,3.0,3.0,0.017078399658203125
60.0,16.0,16.0,0.015737533569335938
23.0,8.0,8.0,0.006541013717651367
27.0,7.0,7.0,0.007391929626464844
22.0,8.0,8.0,0.006898164749145508
18.0,2.0,2.0,0.005612373352050781
15.0,3.0,3.0,0.005202770233154297
166.0,22.0,22.0,0.0452580451965332
42.0,17.0,17.0,0.011232852935791016
47.0,9.0,9.0,0.01252293586730957
19.0,6.0,6.0,0.004996776580810547
31.0,8.0,8.0,0.009052276611328125
32.0,7.0,7.0,0.008893489837646484
22.0,1.0,1.0,0.00574493408203125
31.0,9.0,9.0,0.01091146469116211
50.0,10.0,10.0,0.017208099365234375
56.0,16.0,16.0,0.014152765274047852
80.0,8.0,8.0,0.02048635482788086
21.0,7.0,7.0,0.005003929138183594
69.0,10.0,10.0,0.01978015899658203
54.0,6.0,6.0,0.01890397071838379
14.0,2.0,2.0,0.004369258880615234
82.0,19.0,19.0,0.025394916534423828
34.0,11.0,11.0,0.011968135833740234
45.0,12.0,12.0,0.018635034561157227
31.0,7.0,7.0,0.008745431900024414
96.0,16.0,16.0,0.03162264823913574
17.0,0.0,0.0,0.007318258285522461
34.0,7.0,7.0,0.009856224060058594
23.0,9.0,9.0,0.008760690689086914
72.0,14.0,14.0,0.021805524826049805
41.0,11.0,11.0,0.018858671188354492
44.0,11.0,11.0,0.021950244903564453
63.0,9.0,9.0,0.02858877182006836
125.0,17.0,17.0,0.04973006248474121
144.0,13.0,13.0,0.05591011047363281
25.0,1.0,1.0,0.010079383850097656
93.0,6.0,6.0,0.028489112854003906
103.0,6.0,6.0,0.03430342674255371
32.0,10.0,10.0,0.009617805480957031
25.0,2.0,2.0,0.008371353149414062
12.0,1.0,1.0,0.005154132843017578
20.0,6.0,6.0,0.01107335090637207
35.0,7.0,7.0,0.011378288269042969
37.0,9.0,9.0,0.009244918823242188
18.0,4.0,4.0,0.004616498947143555
25.0,5.0,5.0,0.006974458694458008
62.0,15.0,15.0,0.017117977142333984
18.0,3.0,3.0,0.004064321517944336
83.0,16.0,16.0,0.025979995727539062
55.0,9.0,9.0,0.01592397689819336
23.0,6.0,6.0,0.00700831413269043
39.0,6.0,6.0,0.010307788848876953
66.0,14.0,14.0,0.01727461814880371
31.0,2.0,2.0,0.008537769317626953
23.0,3.0,3.0,0.007749080657958984
51.0,8.0,8.0,0.015455245971679688
19.0,8.0,8.0,0.008009195327758789
107.0,19.0,19.0,0.03859376907348633
15.0,4.0,4.0,0.004625082015991211
16.0,4.0,4.0,0.004037380218505859
22.0,2.0,2.0,0.006825923919677734
31.0,7.0,7.0,0.008014678955078125
41.0,9.0,9.0,0.01138615608215332
16.0,3.0,3.0,0.004456520080566406
18.0,3.0,3.0,0.0067102909088134766
47.0,8.0,8.0,0.014532089233398438
45.0,7.0,7.0,0.012002706527709961
51.0,21.0,21.0,0.014907360076904297
16.0,5.0,5.0,0.005984783172607422
50.0,3.0,3.0,0.01349186897277832
47.0,13.0,13.0,0.012997865676879883
73.0,6.0,6.0,0.02037787437438965
81.0,19.0,19.0,0.026254892349243164
151.0,17.0,17.0,0.05836200714111328
21.0,6.0,6.0,0.008183002471923828
18.0,6.0,6.0,0.007936239242553711
63.0,13.0,13.0,0.02468085289001465
36.0,3.0,3.0,0.014730453491210938
34.0,5.0,5.0,0.013563871383666992
51.0,16.0,16.0,0.017757177352905273
31.0,8.0,8.0,0.007862567901611328
24.0,10.0,10.0,0.006342172622680664
21.0,6.0,6.0,0.0052280426025390625
27.0,9.0,9.0,0.006882429122924805
57.0,16.0,16.0,0.015674829483032227
47.0,5.0,5.0,0.012266874313354492
22.0,10.0,10.0,0.006064891815185547
16.0,4.0,4.0,0.00435185432434082
22.0,2.0,2.0,0.006545305252075195
20.0,5.0,5.0,0.00709986686706543
24.0,13.0,13.0,0.010664939880371094
22.0,5.0,5.0,0.00815892219543457
32.0,4.0,4.0,0.008999824523925781
13.0,2.0,2.0,0.004000425338745117
46.0,5.0,5.0,0.01351165771484375
16.0,2.0,2.0,0.0049991607666015625
19.0,6.0,6.0,0.005999088287353516
43.0,15.0,15.0,0.015662670135498047
23.0,1.0,1.0,0.006251096725463867
65.0,11.0,11.0,0.018403291702270508
19.0,3.0,3.0,0.0067174434661865234
29.0,7.0,7.0,0.011952877044677734
28.0,9.0,9.0,0.011615753173828125
18.0,5.0,5.0,0.0055391788482666016
32.0,5.0,5.0,0.00965428352355957
24.0,3.0,3.0,0.006723165512084961
66.0,9.0,9.0,0.019683361053466797
24.0,6.0,6.0,0.006693363189697266
53.0,10.0,10.0,0.01770806312561035
17.0,6.0,6.0,0.005833625793457031
15.0,3.0,3.0,0.006112813949584961
16.0,2.0,2.0,0.004462480545043945
32.0,11.0,11.0,0.009893178939819336
66.0,15.0,15.0,0.01702284812927246
26.0,6.0,6.0,0.006913900375366211
27.0,6.0,6.0,0.007609844207763672
23.0,5.0,5.0,0.0066835880279541016
27.0,6.0,6.0,0.008422374725341797
33.0,10.0,10.0,0.009800195693969727
43.0,10.0,10.0,0.014956474304199219
30.0,7.0,7.0,0.011710882186889648
42.0,4.0,4.0,0.02076125144958496
67.0,10.0,10.0,0.01992034912109375
49.0,7.0,7.0,0.014345169067382812
22.0,4.0,4.0,0.0062198638916015625
32.0,9.0,9.0,0.008857965469360352
94.0,11.0,11.0,0.02814793586730957
18.0,0.0,0.0,0.005621910095214844
30.0,6.0,6.0,0.010432004928588867
42.0,10.0,10.0,0.014310359954833984
19.0,6.0,6.0,0.005532979965209961
41.0,6.0,6.0,0.013623714447021484
65.0,9.0,9.0,0.017503976821899414
48.0,12.0,12.0,0.013000011444091797
50.0,5.0,5.0,0.014002561569213867
81.0,17.0,17.0,0.022638320922851562
31.0,7.0,7.0,0.010622024536132812
73.0,5.0,5.0,0.01951146125793457
45.0,8.0,8.0,0.011997461318969727
46.0,11.0,11.0,0.012508869171142578
16.0,4.0,4.0,0.003997802734375
36.0,6.0,6.0,0.00950479507446289
38.0,8.0,8.0,0.010510444641113281
19.0,4.0,4.0,0.004998683929443359
33.0,4.0,4.0,0.008997917175292969
52.0,9.0,9.0,0.019455432891845703
65.0,8.0,8.0,0.016817808151245117
24.0,4.0,4.0,0.006290912628173828
79.0,8.0,8.0,0.02010369300842285
40.0,7.0,7.0,0.010612249374389648
48.0,14.0,14.0,0.01244807243347168
113.0,17.0,17.0,0.02889418601989746
173.0,25.0,25.0,0.05235886573791504
109.0,17.0,17.0,0.03091287612915039
93.0,11.0,11.0,0.029167652130126953
20.0,4.0,4.0,0.005128622055053711
21.0,7.0,7.0,0.007859945297241211
29.0,3.0,3.0,0.01228189468383789
75.0,10.0,10.0,0.02562236785888672
178.0,19.0,19.0,0.062032222747802734
49.0,8.0,8.0,0.01543283462524414
28.0,13.0,13.0,0.006995439529418945
82.0,11.0,11.0,0.020505666732788086
93.0,10.0,10.0,0.024693727493286133
23.0,6.0,6.0,0.005767345428466797
62.0,11.0,11.0,0.015949249267578125
156.0,15.0,15.0,0.039728641510009766
35.0,5.0,5.0,0.00929570198059082
33.0,6.0,6.0,0.009559392929077148
22.0,3.0,3.0,0.007080793380737305
22.0,9.0,9.0,0.006642341613769531
25.0,8.0,8.0,0.009695291519165039
67.0,11.0,11.0,0.027585744857788086
50.0,11.0,11.0,0.021991252899169922
56.0,9.0,9.0,0.022956132888793945
14.0,3.0,3.0,0.004770994186401367
101.0,16.0,16.0,0.035738468170166016
51.0,4.0,4.0,0.019652843475341797
26.0,3.0,3.0,0.00792074203491211
51.0,13.0,13.0,0.015517234802246094
31.0,3.0,3.0,0.01228642463684082
39.0,4.0,4.0,0.011411190032958984
27.0,9.0,9.0,0.008906841278076172
18.0,4.0,4.0,0.006216764450073242
62.0,12.0,12.0,0.01908111572265625
21.0,1.0,1.0,0.0075190067291259766
70.0,36.0,36.0,0.02277517318725586
57.0,10.0,10.0,0.018419981002807617
54.0,8.0,8.0,0.01934218406677246
82.0,5.0,5.0,0.02304363250732422
15.0,3.0,3.0,0.0040700435638427734
53.0,9.0,9.0,0.014289379119873047
51.0,5.0,5.0,0.014153242111206055
26.0,4.0,4.0,0.012818336486816406
130.0,20.0,20.0,0.04969167709350586
17.0,2.0,2.0,0.005998849868774414
36.0,7.0,7.0,0.013566255569458008
36.0,13.0,13.0,0.011358261108398438
33.0,7.0,7.0,0.010680437088012695
45.0,6.0,6.0,0.019985198974609375
24.0,8.0,8.0,0.007634401321411133
73.0,11.0,11.0,0.021806001663208008
21.0,5.0,5.0,0.006015300750732422
52.0,16.0,16.0,0.019723892211914062
50.0,14.0,14.0,0.014170169830322266
37.0,8.0,8.0,0.009798765182495117
51.0,2.0,2.0,0.01962566375732422
55.0,11.0,11.0,0.015831708908081055
21.0,5.0,5.0,0.0059392452239990234
39.0,9.0,9.0,0.009881973266601562
41.0,6.0,6.0,0.011931657791137695
12.0,1.0,1.0,0.0030062198638916016
23.0,13.0,13.0,0.00699925422668457
19.0,5.0,5.0,0.007071256637573242
23.0,6.0,6.0,0.007428169250488281
43.0,9.0,9.0,0.012785911560058594
112.0,15.0,15.0,0.03803372383117676
31.0,7.0,7.0,0.008846044540405273
16.0,3.0,3.0,0.004688262939453125
22.0,8.0,8.0,0.006170034408569336
106.0,16.0,16.0,0.02989673614501953
42.0,6.0,6.0,0.011541366577148438
16.0,5.0,5.0,0.004998922348022461
16.0,2.0,2.0,0.004785299301147461
16.0,3.0,3.0,0.005066871643066406
19.0,4.0,4.0,0.006215095520019531
66.0,8.0,8.0,0.021488666534423828
22.0,7.0,7.0,0.0060007572174072266
25.0,7.0,7.0,0.007513523101806641
16.0,3.0,3.0,0.004220485687255859
35.0,9.0,9.0,0.00999140739440918
70.0,9.0,9.0,0.018952131271362305
76.0,10.0,10.0,0.022203445434570312
84.0,12.0,12.0,0.025953054428100586
36.0,4.0,4.0,0.009535551071166992
83.0,24.0,24.0,0.02310037612915039
13.0,2.0,2.0,0.00401616096496582
13.0,1.0,1.0,0.0039980411529541016
55.0,11.0,11.0,0.014997482299804688
56.0,8.0,8.0,0.0161287784576416
20.0,2.0,2.0,0.005039691925048828
26.0,9.0,9.0,0.007519245147705078
46.0,4.0,4.0,0.015029191970825195
20.0,9.0,9.0,0.005995750427246094
17.0,5.0,5.0,0.004720926284790039
51.0,4.0,4.0,0.012726068496704102
89.0,15.0,15.0,0.02249741554260254
22.0,7.0,7.0,0.005669832229614258
55.0,6.0,6.0,0.013924121856689453
25.0,8.0,8.0,0.007012605667114258
39.0,10.0,10.0,0.010044574737548828
28.0,5.0,5.0,0.009531974792480469
132.0,22.0,22.0,0.03711199760437012
24.0,5.0,5.0,0.006978034973144531
52.0,8.0,8.0,0.01321554183959961
59.0,15.0,15.0,0.015108585357666016
41.0,8.0,8.0,0.01451253890991211
35.0,7.0,7.0,0.00899815559387207
46.0,6.0,6.0,0.014234781265258789
92.0,2.0,2.0,0.026380062103271484
34.0,9.0,9.0,0.00931692123413086
105.0,20.0,20.0,0.028374195098876953
18.0,4.0,4.0,0.005038738250732422
67.0,10.0,10.0,0.018204927444458008
30.0,11.0,11.0,0.00851893424987793
21.0,3.0,3.0,0.00682377815246582
16.0,4.0,4.0,0.0070302486419677734
48.0,11.0,11.0,0.014997005462646484
20.0,9.0,9.0,0.005997657775878906
63.0,9.0,9.0,0.01651167869567871
30.0,10.0,10.0,0.007512569427490234
38.0,9.0,9.0,0.009998083114624023
56.0,4.0,4.0,0.015007972717285156
76.0,13.0,13.0,0.020511627197265625
37.0,5.0,5.0,0.011419296264648438
35.0,11.0,11.0,0.009396791458129883
17.0,2.0,2.0,0.004211902618408203
28.0,10.0,10.0,0.006913661956787109
41.0,7.0,7.0,0.010268926620483398
32.0,10.0,10.0,0.008470773696899414
24.0,6.0,6.0,0.0064394474029541016
15.0,3.0,3.0,0.0035202503204345703
40.0,4.0,4.0,0.010507345199584961
20.0,7.0,7.0,0.007002115249633789
15.0,2.0,2.0,0.0035142898559570312
59.0,12.0,12.0,0.015766620635986328
27.0,6.0,6.0,0.008075952529907227
81.0,11.0,11.0,0.023267269134521484
31.0,5.0,5.0,0.008260965347290039
30.0,7.0,7.0,0.008130788803100586
274.0,41.0,41.0,0.08752751350402832
125.0,13.0,13.0,0.03509998321533203
46.0,5.0,5.0,0.01517629623413086
78.0,16.0,16.0,0.024533748626708984
27.0,7.0,7.0,0.0069580078125
55.0,12.0,12.0,0.016484975814819336
54.0,7.0,7.0,0.015358209609985352
79.0,29.0,29.0,0.02124476432800293
23.0,2.0,2.0,0.005997180938720703
18.0,5.0,5.0,0.00513148307800293
46.0,14.0,14.0,0.012024879455566406
28.0,8.0,8.0,0.006997108459472656
35.0,11.0,11.0,0.008701562881469727
36.0,4.0,4.0,0.009517908096313477
29.0,6.0,6.0,0.0075185298919677734
15.0,2.0,2.0,0.004887580871582031
39.0,5.0,5.0,0.014068126678466797
25.0,3.0,3.0,0.006609916687011719
25.0,4.0,4.0,0.006650209426879883
32.0,12.0,12.0,0.009524822235107422
39.0,12.0,12.0,0.009999990463256836
24.0,7.0,7.0,0.007997751235961914
19.0,5.0,5.0,0.005521535873413086
29.0,8.0,8.0,0.008389711380004883
73.0,10.0,10.0,0.02259540557861328
18.0,2.0,2.0,0.006879091262817383
60.0,8.0,8.0,0.017987966537475586
34.0,6.0,6.0,0.00972747802734375
49.0,6.0,6.0,0.0137176513671875
33.0,11.0,11.0,0.01210474967956543
30.0,10.0,10.0,0.013785600662231445
87.0,12.0,12.0,0.038877010345458984
85.0,16.0,16.0,0.03255772590637207
22.0,9.0,9.0,0.00745391845703125
16.0,5.0,5.0,0.006405830383300781
51.0,6.0,6.0,0.015562772750854492
53.0,6.0,6.0,0.018759489059448242
36.0,11.0,11.0,0.012539386749267578
20.0,5.0,5.0,0.007996559143066406
43.0,9.0,9.0,0.017120361328125
26.0,7.0,7.0,0.00695347785949707
59.0,14.0,14.0,0.017076730728149414
57.0,5.0,5.0,0.01592278480529785
72.0,15.0,15.0,0.020008563995361328
17.0,6.0,6.0,0.004565715789794922
213.0,31.0,31.0,0.05835151672363281
27.0,6.0,6.0,0.007612943649291992
22.0,10.0,10.0,0.006000041961669922
58.0,11.0,11.0,0.017282485961914062
52.0,12.0,12.0,0.018299341201782227
92.0,6.0,6.0,0.02602410316467285
58.0,9.0,9.0,0.020137548446655273
17.0,2.0,2.0,0.004564762115478516
19.0,2.0,2.0,0.006997346878051758
58.0,10.0,10.0,0.016371488571166992
25.0,4.0,4.0,0.00756382942199707
26.0,9.0,9.0,0.008011102676391602
16.0,2.0,2.0,0.0045299530029296875
84.0,11.0,11.0,0.027442455291748047
20.0,2.0,2.0,0.006516456604003906
17.0,5.0,5.0,0.006125926971435547
24.0,4.0,4.0,0.009634733200073242
141.0,17.0,17.0,0.038512468338012695
45.0,3.0,3.0,0.01437234878540039
22.0,6.0,6.0,0.007235050201416016
25.0,6.0,6.0,0.00742340087890625
22.0,5.0,5.0,0.005760908126831055
20.0,5.0,5.0,0.005807161331176758
22.0,8.0,8.0,0.006487131118774414
59.0,8.0,8.0,0.015951871871948242
69.0,13.0,13.0,0.022003650665283203
24.0,11.0,11.0,0.008033514022827148
62.0,6.0,6.0,0.018676042556762695
38.0,6.0,6.0,0.011273622512817383
19.0,7.0,7.0,0.009134054183959961
14.0,1.0,1.0,0.003312349319458008
21.0,8.0,8.0,0.006553173065185547
29.0,3.0,3.0,0.00933074951171875
34.0,7.0,7.0,0.01204681396484375
40.0,15.0,15.0,0.017894983291625977
32.0,3.0,3.0,0.010525226593017578
27.0,8.0,8.0,0.008258819580078125
31.0,6.0,6.0,0.008584260940551758
44.0,5.0,5.0,0.013035774230957031
27.0,1.0,1.0,0.0070002079010009766
25.0,11.0,11.0,0.0062007904052734375
72.0,13.0,13.0,0.018702030181884766
110.0,10.0,10.0,0.030957698822021484
25.0,4.0,4.0,0.006523609161376953
42.0,8.0,8.0,0.010026931762695312
35.0,6.0,6.0,0.009172201156616211
82.0,26.0,26.0,0.022528409957885742
29.0,7.0,7.0,0.008519649505615234
45.0,7.0,7.0,0.01215982437133789
33.0,8.0,8.0,0.009278059005737305
15.0,4.0,4.0,0.009957551956176758
58.0,9.0,9.0,0.015281200408935547
46.0,11.0,11.0,0.011527299880981445
16.0,4.0,4.0,0.004002809524536133
74.0,19.0,19.0,0.020000219345092773
26.0,6.0,6.0,0.007001161575317383
70.0,6.0,6.0,0.01818680763244629
17.0,5.0,5.0,0.0045659542083740234
48.0,5.0,5.0,0.019191741943359375
28.0,6.0,6.0,0.011752843856811523
24.0,5.0,5.0,0.006434202194213867
16.0,5.0,5.0,0.004095315933227539
104.0,21.0,21.0,0.026990652084350586
23.0,8.0,8.0,0.006559848785400391
69.0,6.0,6.0,0.019730091094970703
20.0,3.0,3.0,0.009256362915039062
49.0,8.0,8.0,0.022678613662719727
18.0,7.0,7.0,0.0068857669830322266
15.0,1.0,1.0,0.00451207160949707
20.0,4.0,4.0,0.0069773197174072266
24.0,10.0,10.0,0.007805347442626953
18.0,6.0,6.0,0.005891084671020508
52.0,5.0,5.0,0.016208648681640625
16.0,5.0,5.0,0.005559444427490234
18.0,3.0,3.0,0.007951498031616211
41.0,6.0,6.0,0.014703035354614258
18.0,3.0,3.0,0.005611419677734375
57.0,14.0,14.0,0.018286466598510742
39.0,3.0,3.0,0.012771129608154297
20.0,3.0,3.0,0.0056879520416259766
74.0,12.0,12.0,0.02402210235595703
25.0,6.0,6.0,0.007376909255981445
22.0,5.0,5.0,0.0063130855560302734
23.0,5.0,5.0,0.006737709045410156
82.0,10.0,10.0,0.023230314254760742
24.0,5.0,5.0,0.00846099853515625
16.0,2.0,2.0,0.0065860748291015625
24.0,4.0,4.0,0.0063323974609375
18.0,4.0,4.0,0.004778623580932617
43.0,9.0,9.0,0.011904001235961914
29.0,2.0,2.0,0.009077787399291992
29.0,5.0,5.0,0.008585214614868164
14.0,3.0,3.0,0.003997802734375
33.0,7.0,7.0,0.00905299186706543
22.0,9.0,9.0,0.00600433349609375
29.0,6.0,6.0,0.006676912307739258
16.0,3.0,3.0,0.004166841506958008
60.0,10.0,10.0,0.016506195068359375
12.0,0.0,0.0,0.005000591278076172
51.0,6.0,6.0,0.025649070739746094
75.0,13.0,13.0,0.02866363525390625
20.0,5.0,5.0,0.006305217742919922
36.0,8.0,8.0,0.013564825057983398
22.0,7.0,7.0,0.007758140563964844
20.0,3.0,3.0,0.008994102478027344
29.0,5.0,5.0,0.011645793914794922
17.0,5.0,5.0,0.004545688629150391
24.0,10.0,10.0,0.006453037261962891
45.0,7.0,7.0,0.011521577835083008
21.0,8.0,8.0,0.005245208740234375
16.0,3.0,3.0,0.004564523696899414
25.0,1.0,1.0,0.00687098503112793
20.0,5.0,5.0,0.005807638168334961
36.0,8.0,8.0,0.009981632232666016
56.0,7.0,7.0,0.015103340148925781
54.0,3.0,3.0,0.0163114070892334
15.0,4.0,4.0,0.005270719528198242
15.0,3.0,3.0,0.0044362545013427734
39.0,6.0,6.0,0.011726617813110352
81.0,12.0,12.0,0.02263784408569336
45.0,3.0,3.0,0.012245655059814453
23.0,1.0,1.0,0.006873130798339844
32.0,3.0,3.0,0.009544134140014648
231.0,23.0,23.0,0.07457423210144043
25.0,2.0,2.0,0.00885629653930664
19.0,3.0,3.0,0.0062541961669921875
22.0,7.0,7.0,0.006071329116821289
25.0,5.0,5.0,0.006862163543701172
18.0,4.0,4.0,0.005022287368774414
26.0,4.0,4.0,0.00693821907043457
51.0,8.0,8.0,0.020190000534057617
20.0,6.0,6.0,0.0076923370361328125
60.0,16.0,16.0,0.018883466720581055
27.0,4.0,4.0,0.011556386947631836
105.0,17.0,17.0,0.028442859649658203
32.0,4.0,4.0,0.010509729385375977
21.0,7.0,7.0,0.009724617004394531
13.0,1.0,1.0,0.003319978713989258
53.0,6.0,6.0,0.019446611404418945
72.0,6.0,6.0,0.025452375411987305
27.0,1.0,1.0,0.013840675354003906
35.0,11.0,11.0,0.01676797866821289
32.0,4.0,4.0,0.013123750686645508
35.0,5.0,5.0,0.0152740478515625
28.0,6.0,6.0,0.008358955383300781
30.0,7.0,7.0,0.009615659713745117
81.0,10.0,10.0,0.027886390686035156
25.0,8.0,8.0,0.007068634033203125
50.0,8.0,8.0,0.013759613037109375
145.0,18.0,18.0,0.04188346862792969
100.0,9.0,9.0,0.0312957763671875
87.0,16.0,16.0,0.031946659088134766
115.0,14.0,14.0,0.031705617904663086
18.0,5.0,5.0,0.005333900451660156
32.0,10.0,10.0,0.008539199829101562
22.0,3.0,3.0,0.006234169006347656
15.0,4.0,4.0,0.004254341125488281
67.0,11.0,11.0,0.018150806427001953
31.0,3.0,3.0,0.008107900619506836
16.0,4.0,4.0,0.004710197448730469
111.0,9.0,9.0,0.03165626525878906
30.0,5.0,5.0,0.009798526763916016
88.0,16.0,16.0,0.024680376052856445
72.0,10.0,10.0,0.021164894104003906
26.0,4.0,4.0,0.007114410400390625
31.0,6.0,6.0,0.007828712463378906
61.0,8.0,8.0,0.015885591506958008
16.0,3.0,3.0,0.004000663757324219
23.0,7.0,7.0,0.0060007572174072266
16.0,3.0,3.0,0.004531145095825195
37.0,8.0,8.0,0.010268211364746094
30.0,9.0,9.0,0.007157802581787109
33.0,3.0,3.0,0.008728981018066406
18.0,5.0,5.0,0.00484919548034668
19.0,6.0,6.0,0.006011486053466797
51.0,10.0,10.0,0.024161815643310547
19.0,8.0,8.0,0.008541584014892578
17.0,3.0,3.0,0.00731968879699707
18.0,7.0,7.0,0.00647425651550293
53.0,6.0,6.0,0.01573920249938965
24.0,12.0,12.0,0.00736546516418457
81.0,16.0,16.0,0.026926517486572266
62.0,13.0,13.0,0.024782180786132812
25.0,5.0,5.0,0.007041454315185547
72.0,6.0,6.0,0.02826070785522461
58.0,12.0,12.0,0.02487802505493164
33.0,4.0,4.0,0.009746074676513672
47.0,4.0,4.0,0.013889789581298828
33.0,6.0,6.0,0.010424137115478516
19.0,2.0,2.0,0.0056726932525634766
22.0,7.0,7.0,0.008393049240112305
120.0,24.0,24.0,0.04510188102722168
52.0,7.0,7.0,0.01373744010925293
161.0,22.0,22.0,0.04738807678222656
40.0,6.0,6.0,0.016072511672973633
50.0,15.0,15.0,0.018261194229125977
37.0,4.0,4.0,0.010230779647827148
25.0,2.0,2.0,0.007300138473510742
15.0,3.0,3.0,0.004621028900146484
56.0,8.0,8.0,0.015164852142333984
12.0,1.0,1.0,0.0036153793334960938
88.0,7.0,7.0,0.028047800064086914
16.0,4.0,4.0,0.005058765411376953
56.0,15.0,15.0,0.014211177825927734
17.0,6.0,6.0,0.005236625671386719
17.0,3.0,3.0,0.005029439926147461
25.0,5.0,5.0,0.006821393966674805
331.0,36.0,36.0,0.12622642517089844
21.0,10.0,10.0,0.006663799285888672
29.0,8.0,8.0,0.008135080337524414
76.0,12.0,12.0,0.020499229431152344
28.0,8.0,8.0,0.007642030715942383
56.0,8.0,8.0,0.01903676986694336
16.0,3.0,3.0,0.005734443664550781
22.0,2.0,2.0,0.005350828170776367
23.0,6.0,6.0,0.00645756721496582
21.0,8.0,8.0,0.006838560104370117
15.0,4.0,4.0,0.006825923919677734
22.0,5.0,5.0,0.007848739624023438
63.0,9.0,9.0,0.021710872650146484
77.0,6.0,6.0,0.021181344985961914
104.0,9.0,9.0,0.0351252555847168
15.0,5.0,5.0,0.005398273468017578
17.0,4.0,4.0,0.003962516784667969
30.0,7.0,7.0,0.012510299682617188
25.0,8.0,8.0,0.006997585296630859
47.0,8.0,8.0,0.013000965118408203
20.0,7.0,7.0,0.005527019500732422
41.0,7.0,7.0,0.009999990463256836
86.0,9.0,9.0,0.029782533645629883
29.0,6.0,6.0,0.007987499237060547
80.0,11.0,11.0,0.020234107971191406
14.0,3.0,3.0,0.0033216476440429688
22.0,4.0,4.0,0.006027698516845703
88.0,15.0,15.0,0.02373051643371582
26.0,5.0,5.0,0.007999420166015625
39.0,4.0,4.0,0.009975194931030273
48.0,13.0,13.0,0.012919902801513672
26.0,3.0,3.0,0.00999760627746582
17.0,5.0,5.0,0.009001731872558594
25.0,2.0,2.0,0.00768589973449707
16.0,1.0,1.0,0.0049970149993896484
43.0,4.0,4.0,0.01403498649597168
15.0,4.0,4.0,0.005999565124511719
32.0,7.0,7.0,0.015517950057983398
31.0,9.0,9.0,0.00799703598022461
40.0,2.0,2.0,0.010998249053955078
26.0,2.0,2.0,0.007517576217651367
73.0,8.0,8.0,0.03047657012939453
55.0,12.0,12.0,0.019390344619750977
24.0,7.0,7.0,0.006000518798828125
30.0,6.0,6.0,0.007001399993896484
25.0,6.0,6.0,0.007000446319580078
47.0,7.0,7.0,0.014759540557861328
84.0,12.0,12.0,0.021923542022705078
21.0,2.0,2.0,0.005594730377197266
19.0,3.0,3.0,0.005524158477783203
50.0,10.0,10.0,0.014522790908813477
186.0,15.0,15.0,0.05096745491027832
44.0,8.0,8.0,0.0180971622467041
29.0,6.0,6.0,0.015378475189208984
98.0,13.0,13.0,0.03688836097717285
43.0,8.0,8.0,0.014071941375732422
72.0,7.0,7.0,0.026456356048583984
33.0,4.0,4.0,0.011673450469970703
53.0,9.0,9.0,0.015534639358520508
18.0,3.0,3.0,0.008313655853271484
36.0,12.0,12.0,0.010074138641357422
32.0,7.0,7.0,0.00894618034362793
86.0,11.0,11.0,0.022792816162109375
34.0,6.0,6.0,0.009003639221191406
24.0,10.0,10.0,0.005997180938720703
56.0,3.0,3.0,0.015060901641845703
21.0,3.0,3.0,0.005671977996826172
24.0,12.0,12.0,0.006358146667480469
57.0,11.0,11.0,0.017908334732055664
25.0,9.0,9.0,0.007476806640625
68.0,7.0,7.0,0.02001500129699707
28.0,3.0,3.0,0.009476184844970703
15.0,4.0,4.0,0.00610661506652832
31.0,4.0,4.0,0.010061025619506836
75.0,6.0,6.0,0.02387070655822754
62.0,17.0,17.0,0.017818212509155273
69.0,12.0,12.0,0.019797325134277344
68.0,7.0,7.0,0.025421857833862305
41.0,5.0,5.0,0.015566825866699219
47.0,7.0,7.0,0.012571334838867188
55.0,12.0,12.0,0.023871660232543945
56.0,10.0,10.0,0.020568132400512695
52.0,15.0,15.0,0.017966508865356445
165.0,13.0,13.0,0.04894065856933594
35.0,7.0,7.0,0.009001731872558594
67.0,12.0,12.0,0.019501924514770508
59.0,10.0,10.0,0.024776935577392578
35.0,5.0,5.0,0.009633779525756836
40.0,11.0,11.0,0.011016130447387695
59.0,14.0,14.0,0.016999006271362305
56.0,10.0,10.0,0.02087879180908203
23.0,5.0,5.0,0.005991697311401367
28.0,8.0,8.0,0.007999897003173828
15.0,4.0,4.0,0.0040018558502197266
55.0,11.0,11.0,0.0192413330078125
49.0,5.0,5.0,0.01257467269897461
110.0,12.0,12.0,0.029273033142089844
27.0,2.0,2.0,0.007620096206665039
21.0,2.0,2.0,0.005744218826293945
25.0,6.0,6.0,0.006062984466552734
35.0,3.0,3.0,0.00916290283203125
27.0,8.0,8.0,0.007000923156738281
22.0,4.0,4.0,0.006896495819091797
17.0,5.0,5.0,0.0046122074127197266
124.0,18.0,18.0,0.047013282775878906
26.0,4.0,4.0,0.007303953170776367
28.0,3.0,3.0,0.011240482330322266
29.0,5.0,5.0,0.01237344741821289
47.0,7.0,7.0,0.019983291625976562
41.0,27.0,27.0,0.024293899536132812
67.0,5.0,5.0,0.0180361270904541
35.0,7.0,7.0,0.008998394012451172
38.0,10.0,10.0,0.016923904418945312
54.0,6.0,6.0,0.022367477416992188
49.0,12.0,12.0,0.01745462417602539
27.0,6.0,6.0,0.010419130325317383
117.0,18.0,18.0,0.03619074821472168
51.0,7.0,7.0,0.014196157455444336
69.0,9.0,9.0,0.019280433654785156
69.0,7.0,7.0,0.018123865127563477
36.0,7.0,7.0,0.009317159652709961
59.0,14.0,14.0,0.016117572784423828
18.0,5.0,5.0,0.0040013790130615234
69.0,11.0,11.0,0.020023822784423828
73.0,15.0,15.0,0.020020008087158203
25.0,6.0,6.0,0.008000612258911133
47.0,11.0,11.0,0.012021541595458984
17.0,4.0,4.0,0.008002519607543945
21.0,7.0,7.0,0.004536867141723633
25.0,4.0,4.0,0.005621671676635742
56.0,11.0,11.0,0.016132593154907227
68.0,15.0,15.0,0.030957698822021484
40.0,5.0,5.0,0.011100053787231445
24.0,11.0,11.0,0.006886005401611328
47.0,4.0,4.0,0.013527154922485352
44.0,1.0,1.0,0.015941143035888672
33.0,4.0,4.0,0.010420799255371094
66.0,7.0,7.0,0.024819374084472656
28.0,2.0,2.0,0.015050649642944336
106.0,16.0,16.0,0.03987860679626465
64.0,8.0,8.0,0.01732611656188965
36.0,5.0,5.0,0.010644674301147461
22.0,3.0,3.0,0.006593227386474609
40.0,9.0,9.0,0.018228769302368164
16.0,3.0,3.0,0.0062825679779052734
39.0,7.0,7.0,0.012133359909057617
72.0,5.0,5.0,0.022812366485595703
113.0,23.0,23.0,0.035863399505615234
35.0,5.0,5.0,0.010147333145141602
38.0,11.0,11.0,0.015423059463500977
40.0,5.0,5.0,0.01070094108581543
51.0,10.0,10.0,0.014364480972290039
98.0,20.0,20.0,0.031331777572631836
73.0,10.0,10.0,0.021952390670776367
33.0,5.0,5.0,0.014705181121826172
53.0,6.0,6.0,0.02204442024230957
19.0,7.0,7.0,0.006343841552734375
27.0,5.0,5.0,0.008687734603881836
37.0,9.0,9.0,0.014096975326538086
69.0,10.0,10.0,0.02469182014465332
116.0,17.0,17.0,0.03238701820373535
28.0,12.0,12.0,0.012221574783325195
115.0,18.0,18.0,0.034681081771850586
24.0,4.0,4.0,0.007246494293212891
75.0,7.0,7.0,0.01979827880859375
23.0,9.0,9.0,0.00992441177368164
16.0,4.0,4.0,0.004069089889526367
17.0,6.0,6.0,0.005642890930175781
22.0,4.0,4.0,0.008648157119750977
54.0,8.0,8.0,0.01795482635498047
29.0,7.0,7.0,0.008214712142944336
40.0,5.0,5.0,0.012643098831176758
23.0,5.0,5.0,0.00716090202331543
72.0,16.0,16.0,0.025147676467895508
44.0,7.0,7.0,0.016070127487182617
18.0,7.0,7.0,0.006889820098876953
12.0,1.0,1.0,0.004525661468505859
25.0,10.0,10.0,0.01534414291381836
44.0,8.0,8.0,0.013910531997680664
41.0,10.0,10.0,0.012124061584472656
21.0,5.0,5.0,0.0060117244720458984
19.0,3.0,3.0,0.005599021911621094
18.0,7.0,7.0,0.0064389705657958984
21.0,6.0,6.0,0.006245613098144531
26.0,11.0,11.0,0.0062983036041259766
37.0,5.0,5.0,0.015896320343017578
20.0,5.0,5.0,0.008964061737060547
28.0,4.0,4.0,0.009667158126831055
30.0,8.0,8.0,0.009017705917358398
23.0,11.0,11.0,0.006237506866455078
86.0,11.0,11.0,0.025989770889282227
56.0,18.0,18.0,0.018840551376342773
76.0,11.0,11.0,0.02559494972229004
64.0,18.0,18.0,0.018096208572387695
63.0,17.0,17.0,0.021170854568481445
20.0,8.0,8.0,0.0065577030181884766
22.0,4.0,4.0,0.004019260406494141
32.0,4.0,4.0,0.018912792205810547
24.0,2.0,2.0,0.007587909698486328
50.0,9.0,9.0,0.012024164199829102
41.0,4.0,4.0,0.011998891830444336
87.0,15.0,15.0,0.023842334747314453
19.0,6.0,6.0,0.009337663650512695
30.0,7.0,7.0,0.00929403305053711
48.0,10.0,10.0,0.015208721160888672
16.0,2.0,2.0,0.005730867385864258
30.0,7.0,7.0,0.014342784881591797
22.0,10.0,10.0,0.00977468490600586
22.0,2.0,2.0,0.0076999664306640625
25.0,4.0,4.0,0.009038209915161133
40.0,4.0,4.0,0.011728048324584961
37.0,4.0,4.0,0.011887311935424805
37.0,13.0,13.0,0.017365455627441406
46.0,5.0,5.0,0.018607378005981445
79.0,14.0,14.0,0.025905847549438477
55.0,11.0,11.0,0.017750978469848633
16.0,4.0,4.0,0.00484466552734375
23.0,7.0,7.0,0.010716676712036133
79.0,16.0,16.0,0.028435945510864258
52.0,11.0,11.0,0.01783895492553711
16.0,3.0,3.0,0.0027179718017578125
45.0,4.0,4.0,0.01677680015563965
63.0,12.0,12.0,0.02731609344482422
96.0,12.0,12.0,0.035071372985839844
20.0,8.0,8.0,0.008479118347167969
85.0,18.0,18.0,0.03261160850524902
43.0,7.0,7.0,0.015072107315063477
18.0,5.0,5.0,0.005844831466674805
19.0,4.0,4.0,0.009927749633789062
78.0,8.0,8.0,0.02406024932861328
18.0,1.0,1.0,0.00742340087890625
20.0,5.0,5.0,0.009804010391235352
17.0,3.0,3.0,0.008207321166992188
23.0,6.0,6.0,0.007002592086791992
31.0,9.0,9.0,0.010300636291503906
30.0,3.0,3.0,0.008870601654052734
27.0,11.0,11.0,0.01204228401184082
86.0,8.0,8.0,0.026352405548095703
22.0,4.0,4.0,0.008595705032348633
29.0,8.0,8.0,0.01306009292602539
89.0,3.0,3.0,0.02534937858581543
68.0,11.0,11.0,0.01949763298034668
20.0,4.0,4.0,0.009927749633789062
39.0,10.0,10.0,0.012217044830322266
96.0,18.0,18.0,0.03190183639526367
29.0,6.0,6.0,0.013132095336914062
21.0,10.0,10.0,0.0072021484375
174.0,28.0,28.0,0.05056643486022949
21.0,7.0,7.0,0.004140615463256836
65.0,12.0,12.0,0.024495363235473633
45.0,8.0,8.0,0.019631385803222656
20.0,4.0,4.0,0.01044154167175293
98.0,5.0,5.0,0.026929616928100586
40.0,5.0,5.0,0.011033058166503906
25.0,5.0,5.0,0.00640106201171875
65.0,15.0,15.0,0.01753711700439453
52.0,17.0,17.0,0.013778924942016602
20.0,9.0,9.0,0.0043523311614990234
40.0,5.0,5.0,0.01215815544128418
40.0,14.0,14.0,0.015998125076293945
25.0,5.0,5.0,0.008144378662109375
31.0,3.0,3.0,0.008007049560546875
48.0,1.0,1.0,0.023555278778076172
47.0,8.0,8.0,0.020117521286010742
31.0,8.0,8.0,0.014038801193237305
33.0,8.0,8.0,0.013999700546264648
32.0,7.0,7.0,0.007133960723876953
28.0,3.0,3.0,0.007999181747436523
30.0,10.0,10.0,0.00873708724975586
19.0,8.0,8.0,0.006045103073120117
36.0,21.0,21.0,0.009819269180297852
49.0,10.0,10.0,0.013936281204223633
87.0,22.0,22.0,0.03186440467834473
48.0,6.0,6.0,0.014297723770141602
16.0,3.0,3.0,0.0047588348388671875
14.0,3.0,3.0,0.002869844436645508
25.0,12.0,12.0,0.008102655410766602
48.0,19.0,19.0,0.015114545822143555
20.0,6.0,6.0,0.007608175277709961
21.0,1.0,1.0,0.006979942321777344
58.0,6.0,6.0,0.022361040115356445
41.0,11.0,11.0,0.014983415603637695
19.0,6.0,6.0,0.005642414093017578
17.0,4.0,4.0,0.0056591033935546875
75.0,11.0,11.0,0.027036666870117188
75.0,8.0,8.0,0.027016878128051758
19.0,6.0,6.0,0.007704019546508789
17.0,5.0,5.0,0.006676197052001953
61.0,8.0,8.0,0.02147960662841797
19.0,7.0,7.0,0.008692264556884766
22.0,7.0,7.0,0.0072743892669677734
76.0,18.0,18.0,0.023777246475219727
76.0,17.0,17.0,0.02281475067138672
62.0,14.0,14.0,0.017908334732055664
16.0,4.0,4.0,0.008069515228271484
52.0,4.0,4.0,0.02048468589782715
78.0,12.0,12.0,0.024709463119506836
16.0,5.0,5.0,0.005088090896606445
15.0,4.0,4.0,0.005095958709716797
68.0,12.0,12.0,0.01997685432434082
38.0,8.0,8.0,0.009158611297607422
60.0,2.0,2.0,0.017179250717163086
47.0,6.0,6.0,0.01847982406616211
26.0,7.0,7.0,0.007150173187255859
86.0,14.0,14.0,0.024771928787231445
26.0,7.0,7.0,0.009768486022949219
65.0,9.0,9.0,0.016777992248535156
18.0,7.0,7.0,0.006101846694946289
21.0,4.0,4.0,0.0063474178314208984
24.0,4.0,4.0,0.007323265075683594
71.0,13.0,13.0,0.023566246032714844
32.0,6.0,6.0,0.013908624649047852
63.0,13.0,13.0,0.02618408203125
81.0,8.0,8.0,0.026268959045410156
20.0,2.0,2.0,0.0066950321197509766
43.0,7.0,7.0,0.016523361206054688
36.0,7.0,7.0,0.013440847396850586
72.0,14.0,14.0,0.022127151489257812
16.0,4.0,4.0,0.00525665283203125
17.0,2.0,2.0,0.007996320724487305
44.0,13.0,13.0,0.013755321502685547
19.0,7.0,7.0,0.006048917770385742
86.0,13.0,13.0,0.025188684463500977
14.0,3.0,3.0,0.004254817962646484
23.0,7.0,7.0,0.008138418197631836
49.0,10.0,10.0,0.01380014419555664
27.0,13.0,13.0,0.007011890411376953
31.0,16.0,16.0,0.010259628295898438
58.0,5.0,5.0,0.016206741333007812
32.0,12.0,12.0,0.008752822875976562
20.0,4.0,4.0,0.006342649459838867
17.0,4.0,4.0,0.005315065383911133
104.0,22.0,22.0,0.030500173568725586
36.0,6.0,6.0,0.010625839233398438
23.0,4.0,4.0,0.007488250732421875
19.0,5.0,5.0,0.00704503059387207
22.0,5.0,5.0,0.013172626495361328
41.0,3.0,3.0,0.014086246490478516
72.0,6.0,6.0,0.01970386505126953
34.0,9.0,9.0,0.009178400039672852
31.0,7.0,7.0,0.008187055587768555
78.0,8.0,8.0,0.021550655364990234
65.0,11.0,11.0,0.017899751663208008
28.0,8.0,8.0,0.011983394622802734
18.0,6.0,6.0,0.006890535354614258
49.0,5.0,5.0,0.01892709732055664
23.0,4.0,4.0,0.008043766021728516
17.0,4.0,4.0,0.005814313888549805
19.0,7.0,7.0,0.005801200866699219
42.0,14.0,14.0,0.012720823287963867
23.0,10.0,10.0,0.00667262077331543
40.0,3.0,3.0,0.012490987777709961
28.0,8.0,8.0,0.010812520980834961
21.0,10.0,10.0,0.009188175201416016
51.0,15.0,15.0,0.017864227294921875
24.0,7.0,7.0,0.009084701538085938
24.0,9.0,9.0,0.006525278091430664
45.0,2.0,2.0,0.015784025192260742
39.0,6.0,6.0,0.015033483505249023
24.0,11.0,11.0,0.012331724166870117
24.0,5.0,5.0,0.011393308639526367
19.0,3.0,3.0,0.0063703060150146484
79.0,4.0,4.0,0.04082131385803223
79.0,12.0,12.0,0.026374101638793945
62.0,14.0,14.0,0.02034139633178711
67.0,10.0,10.0,0.030648469924926758
29.0,11.0,11.0,0.009643793106079102
21.0,8.0,8.0,0.009336471557617188
119.0,11.0,11.0,0.03502988815307617
47.0,9.0,9.0,0.012396097183227539
81.0,7.0,7.0,0.02218461036682129
23.0,3.0,3.0,0.007172346115112305
13.0,2.0,2.0,0.0040433406829833984
52.0,12.0,12.0,0.01407480239868164
57.0,10.0,10.0,0.015464544296264648
36.0,5.0,5.0,0.009313106536865234
31.0,10.0,10.0,0.007509946823120117
22.0,5.0,5.0,0.0049991607666015625
18.0,6.0,6.0,0.005003929138183594
33.0,4.0,4.0,0.007919788360595703
70.0,8.0,8.0,0.018997907638549805
19.0,3.0,3.0,0.005707263946533203
22.0,3.0,3.0,0.011198759078979492
58.0,13.0,13.0,0.018132448196411133
31.0,6.0,6.0,0.008078813552856445
46.0,12.0,12.0,0.01233673095703125
42.0,8.0,8.0,0.010919332504272461
53.0,11.0,11.0,0.01958298683166504
67.0,15.0,15.0,0.021796703338623047
28.0,8.0,8.0,0.007998228073120117
57.0,14.0,14.0,0.02024531364440918
132.0,13.0,13.0,0.03412318229675293
21.0,2.0,2.0,0.009560346603393555
46.0,7.0,7.0,0.019158363342285156
31.0,11.0,11.0,0.009008407592773438
73.0,19.0,19.0,0.02612018585205078
30.0,5.0,5.0,0.012043476104736328
78.0,13.0,13.0,0.021854400634765625
54.0,6.0,6.0,0.016292810440063477
60.0,5.0,5.0,0.016637325286865234
18.0,3.0,3.0,0.00499725341796875
32.0,2.0,2.0,0.008568525314331055
31.0,8.0,8.0,0.009001970291137695
51.0,6.0,6.0,0.016225337982177734
56.0,12.0,12.0,0.016650676727294922
66.0,12.0,12.0,0.019628047943115234
86.0,11.0,11.0,0.026567459106445312
96.0,19.0,19.0,0.03526663780212402
14.0,2.0,2.0,0.007516384124755859
33.0,7.0,7.0,0.015807151794433594
190.0,26.0,26.0,0.05704808235168457
23.0,5.0,5.0,0.006833553314208984
28.0,7.0,7.0,0.007968425750732422
28.0,14.0,14.0,0.007997751235961914
42.0,9.0,9.0,0.01701831817626953
149.0,24.0,24.0,0.044687747955322266
38.0,13.0,13.0,0.010955095291137695
25.0,4.0,4.0,0.010052919387817383
33.0,3.0,3.0,0.009003639221191406
29.0,7.0,7.0,0.008399486541748047
86.0,10.0,10.0,0.028486251831054688
67.0,20.0,20.0,0.01974010467529297
37.0,5.0,5.0,0.012053251266479492
41.0,7.0,7.0,0.011157751083374023
32.0,6.0,6.0,0.009902477264404297
40.0,13.0,13.0,0.010269880294799805
18.0,6.0,6.0,0.0056455135345458984
45.0,14.0,14.0,0.015611886978149414
17.0,5.0,5.0,0.005062580108642578
34.0,6.0,6.0,0.013872385025024414
39.0,5.0,5.0,0.012562274932861328
42.0,6.0,6.0,0.012685775756835938
29.0,8.0,8.0,0.007697105407714844
37.0,5.0,5.0,0.011460542678833008
34.0,4.0,4.0,0.008626937866210938
22.0,6.0,6.0,0.00709843635559082
22.0,6.0,6.0,0.006425619125366211
14.0,3.0,3.0,0.003999948501586914
21.0,5.0,5.0,0.006529092788696289
48.0,6.0,6.0,0.014845848083496094
40.0,6.0,6.0,0.011521339416503906
24.0,10.0,10.0,0.006753206253051758
55.0,8.0,8.0,0.01597881317138672
12.0,1.0,1.0,0.0050199031829833984
32.0,8.0,8.0,0.010242938995361328
40.0,10.0,10.0,0.011022806167602539
25.0,8.0,8.0,0.006713151931762695
13.0,1.0,1.0,0.003902912139892578
26.0,5.0,5.0,0.006037712097167969
20.0,1.0,1.0,0.005082368850708008
29.0,5.0,5.0,0.008271932601928711
62.0,5.0,5.0,0.01590251922607422
43.0,4.0,4.0,0.015941381454467773
24.0,11.0,11.0,0.0070037841796875
38.0,5.0,5.0,0.01804184913635254
103.0,13.0,13.0,0.028691530227661133
22.0,8.0,8.0,0.0060002803802490234
65.0,10.0,10.0,0.022939443588256836
22.0,7.0,7.0,0.005525112152099609
16.0,3.0,3.0,0.005000114440917969
49.0,7.0,7.0,0.013000011444091797
16.0,3.0,3.0,0.00392460823059082
54.0,7.0,7.0,0.015209197998046875
33.0,10.0,10.0,0.010716438293457031
16.0,5.0,5.0,0.0041294097900390625
44.0,6.0,6.0,0.011811494827270508
53.0,8.0,8.0,0.015228986740112305
36.0,12.0,12.0,0.01789379119873047
42.0,8.0,8.0,0.016009807586669922
34.0,5.0,5.0,0.008846282958984375
25.0,7.0,7.0,0.008638620376586914
14.0,2.0,2.0,0.004117250442504883
57.0,7.0,7.0,0.016382932662963867
25.0,3.0,3.0,0.006533384323120117
16.0,2.0,2.0,0.004520416259765625
14.0,3.0,3.0,0.0050847530364990234
22.0,3.0,3.0,0.006021261215209961
31.0,4.0,4.0,0.007655143737792969
21.0,5.0,5.0,0.008513927459716797
27.0,5.0,5.0,0.009999752044677734
16.0,1.0,1.0,0.006994485855102539
33.0,6.0,6.0,0.008748769760131836
68.0,5.0,5.0,0.018259525299072266
33.0,13.0,13.0,0.008521795272827148
16.0,3.0,3.0,0.005220890045166016
31.0,2.0,2.0,0.008509397506713867
53.0,12.0,12.0,0.014134645462036133
19.0,1.0,1.0,0.006025075912475586
15.0,2.0,2.0,0.004006147384643555
39.0,7.0,7.0,0.012744426727294922
20.0,5.0,5.0,0.0071752071380615234
19.0,6.0,6.0,0.00581812858581543
35.0,5.0,5.0,0.009242534637451172
23.0,9.0,9.0,0.006640434265136719
31.0,2.0,2.0,0.012929677963256836
35.0,10.0,10.0,0.012979507446289062
50.0,8.0,8.0,0.024518728256225586
35.0,8.0,8.0,0.020103931427001953
17.0,4.0,4.0,0.012018203735351562
44.0,9.0,9.0,0.020267486572265625
37.0,8.0,8.0,0.010527610778808594
19.0,6.0,6.0,0.004740476608276367
84.0,8.0,8.0,0.024846315383911133
21.0,6.0,6.0,0.006449460983276367
35.0,4.0,4.0,0.01280665397644043
42.0,11.0,11.0,0.01732802391052246
138.0,30.0,30.0,0.04119372367858887
40.0,6.0,6.0,0.010813236236572266
81.0,15.0,15.0,0.02588057518005371
71.0,13.0,13.0,0.023195505142211914
51.0,6.0,6.0,0.016594886779785156
34.0,4.0,4.0,0.011391878128051758
49.0,12.0,12.0,0.013923883438110352
57.0,13.0,13.0,0.014776229858398438
25.0,3.0,3.0,0.007300853729248047
72.0,6.0,6.0,0.02197885513305664
14.0,2.0,2.0,0.00471043586730957
35.0,7.0,7.0,0.01592421531677246
51.0,7.0,7.0,0.013567924499511719
45.0,11.0,11.0,0.012642145156860352
44.0,11.0,11.0,0.010538339614868164
126.0,15.0,15.0,0.03302121162414551
28.0,5.0,5.0,0.006644725799560547
21.0,4.0,4.0,0.006002187728881836
37.0,17.0,17.0,0.009912490844726562
36.0,4.0,4.0,0.016459941864013672
72.0,16.0,16.0,0.01967334747314453
20.0,7.0,7.0,0.005597352981567383
96.0,16.0,16.0,0.02514052391052246
98.0,13.0,13.0,0.02645087242126465
21.0,9.0,9.0,0.0055468082427978516
28.0,6.0,6.0,0.0092926025390625
15.0,4.0,4.0,0.005037546157836914
49.0,6.0,6.0,0.01699042320251465
37.0,10.0,10.0,0.01116180419921875
30.0,4.0,4.0,0.009226083755493164
31.0,1.0,1.0,0.009808778762817383
75.0,11.0,11.0,0.022390127182006836
19.0,7.0,7.0,0.006685495376586914
24.0,8.0,8.0,0.007965564727783203
41.0,9.0,9.0,0.010613441467285156
53.0,11.0,11.0,0.029469966888427734
18.0,2.0,2.0,0.0051844120025634766
37.0,10.0,10.0,0.011360645294189453
17.0,4.0,4.0,0.004262447357177734
48.0,3.0,3.0,0.014959096908569336
25.0,5.0,5.0,0.010719060897827148
25.0,3.0,3.0,0.007589817047119141
31.0,6.0,6.0,0.010569334030151367
67.0,12.0,12.0,0.021448373794555664
53.0,14.0,14.0,0.014116048812866211
79.0,16.0,16.0,0.021348237991333008
19.0,5.0,5.0,0.005270481109619141
18.0,5.0,5.0,0.004944562911987305
28.0,6.0,6.0,0.007831096649169922
35.0,11.0,11.0,0.014175891876220703
21.0,7.0,7.0,0.006003856658935547
23.0,2.0,2.0,0.007508516311645508
53.0,5.0,5.0,0.019746065139770508
48.0,7.0,7.0,0.014258384704589844
54.0,8.0,8.0,0.015845060348510742
16.0,2.0,2.0,0.00499415397644043
58.0,9.0,9.0,0.02025580406188965
51.0,13.0,13.0,0.021063566207885742
19.0,2.0,2.0,0.00814962387084961
149.0,17.0,17.0,0.05129289627075195
37.0,5.0,5.0,0.011530399322509766
27.0,9.0,9.0,0.007978677749633789
65.0,8.0,8.0,0.018900394439697266
84.0,11.0,11.0,0.02976846694946289
37.0,7.0,7.0,0.01089930534362793
35.0,10.0,10.0,0.009635686874389648
19.0,7.0,7.0,0.005190610885620117
25.0,7.0,7.0,0.0066356658935546875
44.0,6.0,6.0,0.011917591094970703
22.0,8.0,8.0,0.005667448043823242
45.0,15.0,15.0,0.011739730834960938
16.0,5.0,5.0,0.0040628910064697266
41.0,7.0,7.0,0.00999903678894043
47.0,9.0,9.0,0.012999534606933594
15.0,4.0,4.0,0.00662541389465332
50.0,10.0,10.0,0.017853498458862305
31.0,8.0,8.0,0.01224970817565918
17.0,5.0,5.0,0.004290103912353516
58.0,14.0,14.0,0.0191805362701416
68.0,7.0,7.0,0.02605581283569336
18.0,5.0,5.0,0.0072591304779052734
47.0,7.0,7.0,0.020389318466186523
54.0,10.0,10.0,0.017416954040527344
28.0,6.0,6.0,0.008544921875
30.0,3.0,3.0,0.00851893424987793
15.0,4.0,4.0,0.004024982452392578
25.0,13.0,13.0,0.00800180435180664
114.0,18.0,18.0,0.04096722602844238
33.0,6.0,6.0,0.011155843734741211
82.0,13.0,13.0,0.029018640518188477
71.0,6.0,6.0,0.02337360382080078
39.0,13.0,13.0,0.012245655059814453
51.0,5.0,5.0,0.0169827938079834
29.0,3.0,3.0,0.00821065902709961
19.0,7.0,7.0,0.006256818771362305
125.0,15.0,15.0,0.042807579040527344
86.0,9.0,9.0,0.0270388126373291
50.0,1.0,1.0,0.013915061950683594
69.0,11.0,11.0,0.020760297775268555
48.0,11.0,11.0,0.01397395133972168
37.0,7.0,7.0,0.01170492172241211
17.0,5.0,5.0,0.004568338394165039
30.0,7.0,7.0,0.00774073600769043
19.0,5.0,5.0,0.00822305679321289
35.0,5.0,5.0,0.00934600830078125
12.0,1.0,1.0,0.0035164356231689453
18.0,5.0,5.0,0.005513906478881836
33.0,2.0,2.0,0.009569883346557617
21.0,7.0,7.0,0.00561213493347168
21.0,4.0,4.0,0.006685495376586914
17.0,5.0,5.0,0.0046901702880859375
49.0,22.0,22.0,0.013952016830444336
68.0,15.0,15.0,0.019193649291992188
17.0,5.0,5.0,0.004998922348022461
25.0,3.0,3.0,0.0071718692779541016
58.0,16.0,16.0,0.01683330535888672
15.0,5.0,5.0,0.004186391830444336
14.0,2.0,2.0,0.0045087337493896484
91.0,18.0,18.0,0.027067899703979492
51.0,9.0,9.0,0.013358354568481445
39.0,9.0,9.0,0.013049602508544922
51.0,5.0,5.0,0.015004873275756836
59.0,14.0,14.0,0.01752018928527832
69.0,13.0,13.0,0.02110123634338379
50.0,5.0,5.0,0.016546249389648438
29.0,3.0,3.0,0.0076618194580078125
32.0,9.0,9.0,0.009008169174194336
52.0,10.0,10.0,0.015969038009643555
94.0,14.0,14.0,0.023613929748535156
76.0,6.0,6.0,0.01995396614074707
29.0,5.0,5.0,0.007470607757568359
18.0,3.0,3.0,0.005478382110595703
21.0,6.0,6.0,0.0059621334075927734
15.0,4.0,4.0,0.004323244094848633
29.0,4.0,4.0,0.008827447891235352
19.0,6.0,6.0,0.00675201416015625
124.0,17.0,17.0,0.04567098617553711
44.0,16.0,16.0,0.014601707458496094
159.0,18.0,18.0,0.04785656929016113
20.0,4.0,4.0,0.0062596797943115234
32.0,13.0,13.0,0.008859634399414062
101.0,12.0,12.0,0.033608198165893555
40.0,3.0,3.0,0.011449575424194336
18.0,2.0,2.0,0.0050733089447021484
21.0,7.0,7.0,0.005498647689819336
27.0,7.0,7.0,0.006407976150512695
18.0,3.0,3.0,0.005605220794677734
16.0,5.0,5.0,0.0043506622314453125
115.0,15.0,15.0,0.031226158142089844
31.0,6.0,6.0,0.010123968124389648
22.0,6.0,6.0,0.00850677490234375
21.0,6.0,6.0,0.005064487457275391
84.0,8.0,8.0,0.02419900894165039
102.0,16.0,16.0,0.02879810333251953
57.0,10.0,10.0,0.019846677780151367
19.0,6.0,6.0,0.006524324417114258
69.0,14.0,14.0,0.026943445205688477
48.0,11.0,11.0,0.013155460357666016
43.0,5.0,5.0,0.013886690139770508
35.0,5.0,5.0,0.010275840759277344
15.0,2.0,2.0,0.00463104248046875
25.0,8.0,8.0,0.007111787796020508
29.0,2.0,2.0,0.012379169464111328
35.0,8.0,8.0,0.012080907821655273
38.0,8.0,8.0,0.01356363296508789
17.0,6.0,6.0,0.005540132522583008
19.0,8.0,8.0,0.008720636367797852
28.0,6.0,6.0,0.0077037811279296875
91.0,13.0,13.0,0.027537107467651367
43.0,10.0,10.0,0.013781547546386719
63.0,14.0,14.0,0.01751995086669922
19.0,7.0,7.0,0.00574803352355957
28.0,8.0,8.0,0.01338648796081543
47.0,8.0,8.0,0.019169092178344727
146.0,16.0,16.0,0.041396141052246094
38.0,3.0,3.0,0.011159420013427734
64.0,16.0,16.0,0.018768787384033203
12.0,1.0,1.0,0.004278898239135742
33.0,5.0,5.0,0.009785652160644531
27.0,6.0,6.0,0.009267091751098633
31.0,6.0,6.0,0.010407447814941406
30.0,10.0,10.0,0.011251449584960938
39.0,9.0,9.0,0.010593175888061523
52.0,8.0,8.0,0.01755690574645996
17.0,6.0,6.0,0.0052525997161865234
43.0,10.0,10.0,0.01347494125366211
17.0,4.0,4.0,0.005013227462768555
29.0,5.0,5.0,0.007997512817382812
51.0,9.0,9.0,0.018476009368896484
54.0,9.0,9.0,0.01551961898803711
13.0,2.0,2.0,0.003522157669067383
73.0,13.0,13.0,0.020511627197265625
26.0,9.0,9.0,0.008249282836914062
81.0,14.0,14.0,0.02397322654724121
77.0,11.0,11.0,0.021001815795898438
65.0,10.0,10.0,0.019585847854614258
47.0,3.0,3.0,0.016436100006103516
161.0,26.0,26.0,0.04732012748718262
21.0,4.0,4.0,0.008469820022583008
18.0,5.0,5.0,0.005017757415771484
139.0,9.0,9.0,0.044159889221191406
29.0,5.0,5.0,0.009911060333251953
116.0,12.0,12.0,0.0317692756652832
18.0,4.0,4.0,0.006137847900390625
23.0,2.0,2.0,0.006170749664306641
95.0,10.0,10.0,0.025776386260986328
35.0,4.0,4.0,0.011735200881958008
76.0,5.0,5.0,0.030611515045166016
53.0,12.0,12.0,0.02820110321044922
16.0,6.0,6.0,0.004096269607543945
37.0,13.0,13.0,0.01000833511352539
34.0,5.0,5.0,0.009985685348510742
44.0,6.0,6.0,0.012589216232299805
48.0,2.0,2.0,0.016771316528320312
18.0,6.0,6.0,0.0049991607666015625
28.0,9.0,9.0,0.006997585296630859
31.0,8.0,8.0,0.008487224578857422
91.0,12.0,12.0,0.0255126953125
24.0,6.0,6.0,0.006028175354003906
39.0,14.0,14.0,0.01197504997253418
85.0,20.0,20.0,0.024000883102416992
28.0,5.0,5.0,0.008000612258911133
41.0,9.0,9.0,0.020441532135009766
68.0,19.0,19.0,0.019577980041503906
33.0,5.0,5.0,0.00969386100769043
53.0,7.0,7.0,0.014639139175415039
32.0,4.0,4.0,0.008613824844360352
45.0,8.0,8.0,0.012012720108032227
42.0,11.0,11.0,0.020999431610107422
23.0,4.0,4.0,0.006787300109863281
26.0,9.0,9.0,0.006452083587646484
32.0,8.0,8.0,0.008631706237792969
33.0,9.0,9.0,0.009287357330322266
16.0,5.0,5.0,0.0046007633209228516
19.0,4.0,4.0,0.0051538944244384766
226.0,26.0,26.0,0.06610441207885742
57.0,14.0,14.0,0.015124320983886719
63.0,12.0,12.0,0.01939988136291504
22.0,4.0,4.0,0.006682395935058594
25.0,10.0,10.0,0.006763458251953125
65.0,11.0,11.0,0.01772761344909668
27.0,9.0,9.0,0.007066011428833008
40.0,3.0,3.0,0.01160573959350586
25.0,9.0,9.0,0.007711887359619141
99.0,19.0,19.0,0.028719663619995117
93.0,16.0,16.0,0.039696693420410156
15.0,4.0,4.0,0.0046541690826416016
97.0,15.0,15.0,0.0254056453704834
37.0,18.0,18.0,0.010199785232543945
13.0,1.0,1.0,0.004000186920166016
17.0,6.0,6.0,0.004626035690307617
22.0,4.0,4.0,0.006257057189941406
40.0,9.0,9.0,0.011158227920532227
72.0,10.0,10.0,0.020183324813842773
25.0,3.0,3.0,0.006997823715209961
19.0,5.0,5.0,0.004996776580810547
27.0,8.0,8.0,0.007998228073120117
49.0,11.0,11.0,0.014519453048706055
56.0,5.0,5.0,0.016264915466308594
40.0,2.0,2.0,0.01746082305908203
38.0,17.0,17.0,0.01161646842956543
14.0,2.0,2.0,0.0039975643157958984
75.0,35.0,35.0,0.02516031265258789
18.0,7.0,7.0,0.006842851638793945
11.0,0.0,0.0,0.005161285400390625
49.0,14.0,14.0,0.016539573669433594
80.0,6.0,6.0,0.032111167907714844
28.0,7.0,7.0,0.010986089706420898
37.0,9.0,9.0,0.01252436637878418
67.0,8.0,8.0,0.027138233184814453
48.0,13.0,13.0,0.01574110984802246
21.0,5.0,5.0,0.006541013717651367
32.0,9.0,9.0,0.011790037155151367
25.0,10.0,10.0,0.0074388980865478516
28.0,8.0,8.0,0.010780096054077148
53.0,8.0,8.0,0.017102479934692383
66.0,17.0,17.0,0.02256917953491211
35.0,5.0,5.0,0.013906478881835938
22.0,5.0,5.0,0.0053517818450927734
35.0,6.0,6.0,0.010302543640136719
34.0,4.0,4.0,0.01270294189453125
50.0,7.0,7.0,0.01699066162109375
26.0,3.0,3.0,0.007945060729980469
45.0,9.0,9.0,0.012444734573364258
49.0,8.0,8.0,0.012998104095458984
38.0,14.0,14.0,0.012134075164794922
52.0,5.0,5.0,0.014006614685058594
18.0,6.0,6.0,0.0055310726165771484
15.0,4.0,4.0,0.004590749740600586
95.0,12.0,12.0,0.03142714500427246
30.0,11.0,11.0,0.008439302444458008
40.0,3.0,3.0,0.010505437850952148
25.0,6.0,6.0,0.0066449642181396484
22.0,9.0,9.0,0.005712985992431641
17.0,6.0,6.0,0.0045511722564697266
35.0,7.0,7.0,0.0093231201171875
30.0,3.0,3.0,0.008165121078491211
73.0,7.0,7.0,0.01927351951599121
67.0,11.0,11.0,0.0194852352142334
81.0,3.0,3.0,0.02884960174560547
19.0,4.0,4.0,0.0056612491607666016
64.0,7.0,7.0,0.017136812210083008
61.0,7.0,7.0,0.01680755615234375
30.0,4.0,4.0,0.00841665267944336
47.0,13.0,13.0,0.013212919235229492
18.0,5.0,5.0,0.006246328353881836
23.0,10.0,10.0,0.007410287857055664
19.0,6.0,6.0,0.005875825881958008
62.0,9.0,9.0,0.023522615432739258
31.0,12.0,12.0,0.010533332824707031
28.0,11.0,11.0,0.01152181625366211
38.0,5.0,5.0,0.017522811889648438
23.0,6.0,6.0,0.00989842414855957
68.0,13.0,13.0,0.024535179138183594
90.0,13.0,13.0,0.028431415557861328
16.0,5.0,5.0,0.005090236663818359
16.0,5.0,5.0,0.0051479339599609375
21.0,3.0,3.0,0.006284236907958984
22.0,1.0,1.0,0.006392478942871094
58.0,10.0,10.0,0.015520811080932617
22.0,6.0,6.0,0.005961418151855469
68.0,12.0,12.0,0.0180051326751709
24.0,9.0,9.0,0.0061187744140625
46.0,5.0,5.0,0.013500452041625977
156.0,23.0,23.0,0.0462794303894043
110.0,16.0,16.0,0.03080606460571289
13.0,1.0,1.0,0.0031790733337402344
52.0,12.0,12.0,0.019898176193237305
22.0,6.0,6.0,0.008999109268188477
50.0,7.0,7.0,0.014027833938598633
14.0,1.0,1.0,0.0060040950775146484
56.0,15.0,15.0,0.015995025634765625
23.0,6.0,6.0,0.005999088287353516
74.0,13.0,13.0,0.021522045135498047
26.0,7.0,7.0,0.010001659393310547
34.0,3.0,3.0,0.009518146514892578
37.0,6.0,6.0,0.011999845504760742
30.0,5.0,5.0,0.008518218994140625
27.0,5.0,5.0,0.0075266361236572266
43.0,13.0,13.0,0.011996269226074219
46.0,6.0,6.0,0.011823415756225586
31.0,4.0,4.0,0.007519245147705078
121.0,23.0,23.0,0.03152012825012207
41.0,10.0,10.0,0.010998725891113281
21.0,4.0,4.0,0.005521059036254883
32.0,12.0,12.0,0.009521245956420898
29.0,6.0,6.0,0.010999679565429688
37.0,9.0,9.0,0.010001897811889648
54.0,11.0,11.0,0.014196395874023438
46.0,10.0,10.0,0.011837482452392578
21.0,6.0,6.0,0.0055789947509765625
13.0,2.0,2.0,0.0041391849517822266
52.0,7.0,7.0,0.013776779174804688
39.0,6.0,6.0,0.01006460189819336
44.0,11.0,11.0,0.012956857681274414
53.0,10.0,10.0,0.02041912078857422
