Timesteps,Collisions,Steps Waited,Real-Time Elapsed
94.0,3.0,3.0,0.022562265396118164
40.0,1.0,1.0,0.00765538215637207
29.0,1.0,1.0,0.004525661468505859
39.0,4.0,4.0,0.006579399108886719
16.0,0.0,0.0,0.00318145751953125
12.0,1.0,1.0,0.0009958744049072266
64.0,4.0,4.0,0.009251832962036133
34.0,3.0,3.0,0.0038022994995117188
35.0,1.0,1.0,0.003682851791381836
19.0,1.0,1.0,0.0029795169830322266
19.0,2.0,2.0,0.0025298595428466797
28.0,3.0,3.0,0.004007577896118164
30.0,2.0,2.0,0.0038063526153564453
12.0,0.0,0.0,0.001573801040649414
45.0,4.0,4.0,0.006493568420410156
49.0,3.0,3.0,0.007196664810180664
23.0,0.0,0.0,0.0028924942016601562
29.0,1.0,1.0,0.004157066345214844
16.0,1.0,1.0,0.0020101070404052734
27.0,1.0,1.0,0.003000020980834961
32.0,0.0,0.0,0.0046443939208984375
66.0,6.0,6.0,0.012900829315185547
12.0,0.0,0.0,0.0015578269958496094
23.0,0.0,0.0,0.004342317581176758
33.0,1.0,1.0,0.005330562591552734
54.0,1.0,1.0,0.007012605667114258
16.0,1.0,1.0,0.002012968063354492
41.0,1.0,1.0,0.006204366683959961
12.0,0.0,0.0,0.0015234947204589844
23.0,0.0,0.0,0.0025224685668945312
26.0,0.0,0.0,0.0035130977630615234
22.0,1.0,1.0,0.0032470226287841797
105.0,7.0,7.0,0.016220569610595703
11.0,0.0,0.0,0.0019981861114501953
67.0,4.0,4.0,0.008671998977661133
29.0,0.0,0.0,0.004775524139404297
27.0,0.0,0.0,0.004057645797729492
35.0,3.0,3.0,0.004660844802856445
20.0,0.0,0.0,0.0029985904693603516
26.0,0.0,0.0,0.003579378128051758
29.0,1.0,1.0,0.00469207763671875
21.0,0.0,0.0,0.004450559616088867
56.0,0.0,0.0,0.0067195892333984375
21.0,0.0,0.0,0.0030100345611572266
127.0,4.0,4.0,0.016797542572021484
72.0,3.0,3.0,0.009464025497436523
37.0,0.0,0.0,0.004679203033447266
12.0,0.0,0.0,0.001997709274291992
27.0,0.0,0.0,0.0036716461181640625
30.0,0.0,0.0,0.0052111148834228516
14.0,0.0,0.0,0.0015327930450439453
13.0,1.0,1.0,0.0019981861114501953
11.0,0.0,0.0,0.0009989738464355469
17.0,2.0,2.0,0.0021181106567382812
28.0,1.0,1.0,0.003705263137817383
19.0,2.0,2.0,0.0025053024291992188
46.0,2.0,2.0,0.005624532699584961
17.0,0.0,0.0,0.003120899200439453
27.0,1.0,1.0,0.0038666725158691406
40.0,5.0,5.0,0.004657268524169922
51.0,4.0,4.0,0.00792551040649414
66.0,5.0,5.0,0.009927034378051758
15.0,0.0,0.0,0.0019981861114501953
13.0,0.0,0.0,0.002146005630493164
54.0,1.0,1.0,0.006753206253051758
25.0,0.0,0.0,0.0036792755126953125
36.0,0.0,0.0,0.004995822906494141
29.0,0.0,0.0,0.0040280818939208984
11.0,0.0,0.0,0.0019989013671875
13.0,0.0,0.0,0.0021152496337890625
22.0,0.0,0.0,0.002822399139404297
55.0,1.0,1.0,0.008674860000610352
55.0,3.0,3.0,0.007474184036254883
49.0,2.0,2.0,0.006632804870605469
55.0,2.0,2.0,0.008814334869384766
77.0,3.0,3.0,0.01287984848022461
31.0,1.0,1.0,0.004896402359008789
53.0,5.0,5.0,0.00995945930480957
73.0,3.0,3.0,0.011438131332397461
13.0,0.0,0.0,0.0022842884063720703
19.0,1.0,1.0,0.001810312271118164
46.0,3.0,3.0,0.005968332290649414
31.0,1.0,1.0,0.004001140594482422
13.0,0.0,0.0,0.0018355846405029297
23.0,2.0,2.0,0.0029032230377197266
14.0,1.0,1.0,0.0022444725036621094
40.0,6.0,6.0,0.004798173904418945
17.0,1.0,1.0,0.0032279491424560547
86.0,2.0,2.0,0.026767730712890625
31.0,1.0,1.0,0.0
11.0,0.0,0.0,0.0032198429107666016
13.0,0.0,0.0,0.0024225711822509766
42.0,2.0,2.0,0.008549928665161133
13.0,0.0,0.0,0.002211332321166992
26.0,0.0,0.0,0.005560874938964844
18.0,2.0,2.0,0.002488851547241211
81.0,1.0,1.0,0.01064157485961914
16.0,0.0,0.0,0.002001523971557617
70.0,3.0,3.0,0.009465694427490234
19.0,1.0,1.0,0.002688169479370117
44.0,2.0,2.0,0.006005048751831055
33.0,0.0,0.0,0.006099224090576172
148.0,13.0,13.0,0.020934104919433594
41.0,0.0,0.0,0.005651235580444336
24.0,1.0,1.0,0.0035965442657470703
85.0,3.0,3.0,0.012575387954711914
35.0,0.0,0.0,0.004019498825073242
14.0,0.0,0.0,0.001992940902709961
15.0,0.0,0.0,0.0015153884887695312
58.0,7.0,7.0,0.00867915153503418
62.0,4.0,4.0,0.008219718933105469
105.0,6.0,6.0,0.01607799530029297
11.0,0.0,0.0,0.001987934112548828
47.0,2.0,2.0,0.006768226623535156
21.0,3.0,3.0,0.0028188228607177734
13.0,2.0,2.0,0.0020143985748291016
86.0,3.0,3.0,0.01184844970703125
69.0,2.0,2.0,0.010963201522827148
38.0,2.0,2.0,0.005620241165161133
72.0,2.0,2.0,0.010576486587524414
39.0,3.0,3.0,0.005098104476928711
22.0,0.0,0.0,0.00295257568359375
31.0,1.0,1.0,0.006927013397216797
36.0,0.0,0.0,0.0056972503662109375
24.0,4.0,4.0,0.003828287124633789
32.0,0.0,0.0,0.00499415397644043
17.0,0.0,0.0,0.001999378204345703
37.0,3.0,3.0,0.007056474685668945
11.0,0.0,0.0,0.0020024776458740234
14.0,1.0,1.0,0.0015940666198730469
41.0,4.0,4.0,0.005612373352050781
18.0,1.0,1.0,0.002665281295776367
75.0,5.0,5.0,0.01050257682800293
87.0,7.0,7.0,0.012327194213867188
19.0,0.0,0.0,0.0021288394927978516
14.0,0.0,0.0,0.0019979476928710938
24.0,3.0,3.0,0.0031828880310058594
68.0,4.0,4.0,0.011334657669067383
43.0,1.0,1.0,0.006377458572387695
12.0,0.0,0.0,0.001293182373046875
34.0,1.0,1.0,0.0044896602630615234
33.0,0.0,0.0,0.004488706588745117
62.0,1.0,1.0,0.008369922637939453
23.0,2.0,2.0,0.003419160842895508
17.0,0.0,0.0,0.0022978782653808594
34.0,0.0,0.0,0.003983736038208008
11.0,0.0,0.0,0.0011949539184570312
17.0,1.0,1.0,0.0036792755126953125
94.0,4.0,4.0,0.019795894622802734
17.0,4.0,4.0,0.0042688846588134766
17.0,1.0,1.0,0.0033111572265625
14.0,0.0,0.0,0.004258871078491211
18.0,0.0,0.0,0.0030243396759033203
41.0,0.0,0.0,0.008956193923950195
18.0,5.0,5.0,0.0047512054443359375
21.0,3.0,3.0,0.005002737045288086
30.0,2.0,2.0,0.00741267204284668
38.0,5.0,5.0,0.007615327835083008
62.0,4.0,4.0,0.013421773910522461
39.0,5.0,5.0,0.0077860355377197266
23.0,3.0,3.0,0.003147602081298828
51.0,0.0,0.0,0.009645223617553711
116.0,6.0,6.0,0.024999380111694336
14.0,2.0,2.0,0.002100229263305664
60.0,0.0,0.0,0.009217023849487305
18.0,0.0,0.0,0.002567768096923828
24.0,3.0,3.0,0.003544330596923828
52.0,1.0,1.0,0.007280826568603516
44.0,0.0,0.0,0.006818532943725586
11.0,1.0,1.0,0.0011556148529052734
14.0,1.0,1.0,0.002002239227294922
82.0,7.0,7.0,0.011794090270996094
23.0,0.0,0.0,0.0031697750091552734
64.0,3.0,3.0,0.011594057083129883
14.0,2.0,2.0,0.002000093460083008
14.0,1.0,1.0,0.002658367156982422
72.0,3.0,3.0,0.00964975357055664
50.0,5.0,5.0,0.00689697265625
15.0,4.0,4.0,0.00251007080078125
71.0,2.0,2.0,0.010653257369995117
36.0,0.0,0.0,0.004681825637817383
36.0,0.0,0.0,0.005170583724975586
20.0,1.0,1.0,0.003016233444213867
39.0,0.0,0.0,0.0051729679107666016
17.0,1.0,1.0,0.002015829086303711
60.0,0.0,0.0,0.00824117660522461
18.0,0.0,0.0,0.003000020980834961
36.0,5.0,5.0,0.0050165653228759766
15.0,0.0,0.0,0.0027008056640625
30.0,1.0,1.0,0.0060269832611083984
61.0,3.0,3.0,0.009226083755493164
22.0,0.0,0.0,0.0034589767456054688
37.0,2.0,2.0,0.005877017974853516
24.0,0.0,0.0,0.002994537353515625
15.0,1.0,1.0,0.004889726638793945
33.0,4.0,4.0,0.0055277347564697266
18.0,0.0,0.0,0.0032699108123779297
12.0,0.0,0.0,0.0019540786743164062
25.0,2.0,2.0,0.0036840438842773438
25.0,0.0,0.0,0.0030019283294677734
25.0,1.0,1.0,0.0037412643432617188
43.0,1.0,1.0,0.0063953399658203125
23.0,1.0,1.0,0.004122734069824219
49.0,2.0,2.0,0.006536006927490234
16.0,0.0,0.0,0.0019991397857666016
60.0,0.0,0.0,0.009851932525634766
19.0,0.0,0.0,0.002790212631225586
38.0,5.0,5.0,0.006409645080566406
67.0,5.0,5.0,0.008778572082519531
15.0,0.0,0.0,0.0030014514923095703
13.0,0.0,0.0,0.00202178955078125
54.0,3.0,3.0,0.007788658142089844
32.0,1.0,1.0,0.004518270492553711
44.0,4.0,4.0,0.0065822601318359375
43.0,5.0,5.0,0.00770115852355957
17.0,4.0,4.0,0.0020084381103515625
26.0,0.0,0.0,0.004163265228271484
96.0,4.0,4.0,0.014534235000610352
12.0,1.0,1.0,0.002010822296142578
39.0,2.0,2.0,0.007176876068115234
54.0,1.0,1.0,0.00852060317993164
23.0,0.0,0.0,0.002908468246459961
37.0,3.0,3.0,0.005384683609008789
41.0,2.0,2.0,0.0058748722076416016
49.0,4.0,4.0,0.007199287414550781
39.0,1.0,1.0,0.005368947982788086
45.0,4.0,4.0,0.006222724914550781
13.0,1.0,1.0,0.002008199691772461
39.0,0.0,0.0,0.009428024291992188
30.0,0.0,0.0,0.004028797149658203
38.0,0.0,0.0,0.006253957748413086
25.0,0.0,0.0,0.004330873489379883
85.0,4.0,4.0,0.013837575912475586
152.0,8.0,8.0,0.024380922317504883
55.0,3.0,3.0,0.007606029510498047
12.0,0.0,0.0,0.0020322799682617188
13.0,0.0,0.0,0.002219676971435547
36.0,3.0,3.0,0.006318569183349609
25.0,0.0,0.0,0.0051479339599609375
21.0,0.0,0.0,0.0030744075775146484
55.0,2.0,2.0,0.008217573165893555
13.0,0.0,0.0,0.0016181468963623047
41.0,1.0,1.0,0.00564885139465332
49.0,1.0,1.0,0.008435249328613281
21.0,3.0,3.0,0.003823518753051758
12.0,0.0,0.0,0.001998424530029297
12.0,0.0,0.0,0.002655506134033203
58.0,0.0,0.0,0.010059833526611328
65.0,1.0,1.0,0.009900808334350586
16.0,0.0,0.0,0.0024385452270507812
17.0,4.0,4.0,0.0054857730865478516
19.0,0.0,0.0,0.00217437744140625
20.0,1.0,1.0,0.005464076995849609
17.0,1.0,1.0,0.0031261444091796875
34.0,3.0,3.0,0.0042650699615478516
26.0,3.0,3.0,0.003649473190307617
98.0,6.0,6.0,0.013919353485107422
85.0,3.0,3.0,0.011530160903930664
25.0,3.0,3.0,0.0036230087280273438
15.0,0.0,0.0,0.0029990673065185547
20.0,1.0,1.0,0.0027518272399902344
38.0,1.0,1.0,0.006263256072998047
37.0,3.0,3.0,0.006388664245605469
27.0,2.0,2.0,0.0040323734283447266
58.0,0.0,0.0,0.007671356201171875
36.0,1.0,1.0,0.004846811294555664
71.0,3.0,3.0,0.009391546249389648
43.0,1.0,1.0,0.007060527801513672
80.0,3.0,3.0,0.01125192642211914
54.0,4.0,4.0,0.009181737899780273
32.0,0.0,0.0,0.005000591278076172
42.0,3.0,3.0,0.006024837493896484
87.0,5.0,5.0,0.012885332107543945
32.0,0.0,0.0,0.005003213882446289
32.0,0.0,0.0,0.004846096038818359
14.0,1.0,1.0,0.0025038719177246094
41.0,0.0,0.0,0.005419015884399414
85.0,1.0,1.0,0.01126551628112793
16.0,0.0,0.0,0.0022864341735839844
50.0,1.0,1.0,0.007174253463745117
17.0,1.0,1.0,0.0017015933990478516
28.0,4.0,4.0,0.005243778228759766
12.0,0.0,0.0,0.0018970966339111328
35.0,2.0,2.0,0.004150867462158203
70.0,2.0,2.0,0.011174917221069336
103.0,1.0,1.0,0.013416767120361328
67.0,2.0,2.0,0.010509490966796875
103.0,7.0,7.0,0.013289213180541992
86.0,2.0,2.0,0.011467695236206055
17.0,0.0,0.0,0.0018854141235351562
224.0,9.0,9.0,0.029698610305786133
67.0,7.0,7.0,0.008139371871948242
32.0,0.0,0.0,0.0048100948333740234
28.0,2.0,2.0,0.004651784896850586
21.0,0.0,0.0,0.0025022029876708984
41.0,1.0,1.0,0.005457878112792969
66.0,2.0,2.0,0.008138418197631836
13.0,0.0,0.0,0.003003835678100586
88.0,7.0,7.0,0.011774778366088867
64.0,5.0,5.0,0.009692668914794922
14.0,2.0,2.0,0.0020728111267089844
68.0,2.0,2.0,0.011163949966430664
65.0,4.0,4.0,0.008585453033447266
13.0,0.0,0.0,0.001998424530029297
41.0,3.0,3.0,0.005088090896606445
20.0,2.0,2.0,0.0025022029876708984
39.0,1.0,1.0,0.0055294036865234375
45.0,4.0,4.0,0.006946563720703125
30.0,2.0,2.0,0.004754066467285156
55.0,4.0,4.0,0.007863283157348633
45.0,1.0,1.0,0.00602269172668457
31.0,0.0,0.0,0.0046520233154296875
28.0,2.0,2.0,0.005083799362182617
32.0,0.0,0.0,0.004379987716674805
31.0,0.0,0.0,0.004039287567138672
17.0,1.0,1.0,0.0026559829711914062
41.0,4.0,4.0,0.005509614944458008
53.0,4.0,4.0,0.007329225540161133
23.0,2.0,2.0,0.003707408905029297
15.0,0.0,0.0,0.0033571720123291016
18.0,1.0,1.0,0.002575397491455078
81.0,2.0,2.0,0.010676860809326172
20.0,0.0,0.0,0.0041959285736083984
28.0,1.0,1.0,0.005190372467041016
14.0,1.0,1.0,0.0019986629486083984
62.0,5.0,5.0,0.007899999618530273
48.0,4.0,4.0,0.006194114685058594
11.0,0.0,0.0,0.002000570297241211
25.0,1.0,1.0,0.005792379379272461
56.0,1.0,1.0,0.01132059097290039
15.0,2.0,2.0,0.0016222000122070312
41.0,3.0,3.0,0.006647586822509766
23.0,0.0,0.0,0.004471540451049805
21.0,0.0,0.0,0.0036847591400146484
38.0,1.0,1.0,0.0058405399322509766
35.0,3.0,3.0,0.005489349365234375
28.0,3.0,3.0,0.0059282779693603516
11.0,0.0,0.0,0.004418134689331055
90.0,9.0,9.0,0.01453852653503418
48.0,1.0,1.0,0.006314992904663086
41.0,3.0,3.0,0.006901741027832031
75.0,1.0,1.0,0.010874271392822266
58.0,4.0,4.0,0.008256196975708008
57.0,2.0,2.0,0.0068399906158447266
72.0,0.0,0.0,0.010819673538208008
27.0,0.0,0.0,0.0035529136657714844
60.0,6.0,6.0,0.008306741714477539
24.0,0.0,0.0,0.004517078399658203
23.0,0.0,0.0,0.003145456314086914
73.0,3.0,3.0,0.010040998458862305
11.0,0.0,0.0,0.0020067691802978516
51.0,2.0,2.0,0.006693601608276367
38.0,1.0,1.0,0.0064890384674072266
49.0,4.0,4.0,0.0068852901458740234
20.0,1.0,1.0,0.0032193660736083984
16.0,0.0,0.0,0.001997709274291992
104.0,2.0,2.0,0.015452384948730469
88.0,2.0,2.0,0.01312112808227539
11.0,0.0,0.0,0.002543926239013672
12.0,0.0,0.0,0.001708984375
38.0,3.0,3.0,0.0041201114654541016
15.0,1.0,1.0,0.0017096996307373047
24.0,2.0,2.0,0.004664421081542969
11.0,0.0,0.0,0.0015125274658203125
45.0,0.0,0.0,0.006235599517822266
106.0,6.0,6.0,0.01598048210144043
155.0,4.0,4.0,0.022245168685913086
14.0,3.0,3.0,0.0019986629486083984
138.0,5.0,5.0,0.018849611282348633
15.0,0.0,0.0,0.0022094249725341797
43.0,3.0,3.0,0.0059931278228759766
12.0,0.0,0.0,0.001520395278930664
22.0,0.0,0.0,0.0029153823852539062
19.0,0.0,0.0,0.003675222396850586
29.0,1.0,1.0,0.0035157203674316406
38.0,0.0,0.0,0.0063169002532958984
20.0,3.0,3.0,0.002820730209350586
13.0,1.0,1.0,0.0015811920166015625
19.0,0.0,0.0,0.0025284290313720703
38.0,1.0,1.0,0.004822492599487305
30.0,2.0,2.0,0.004527568817138672
41.0,3.0,3.0,0.005100727081298828
13.0,1.0,1.0,0.0016102790832519531
36.0,0.0,0.0,0.007391691207885742
11.0,0.0,0.0,0.0013415813446044922
47.0,2.0,2.0,0.00715327262878418
37.0,2.0,2.0,0.004999876022338867
23.0,1.0,1.0,0.0026612281799316406
63.0,3.0,3.0,0.008572101593017578
46.0,0.0,0.0,0.0062885284423828125
35.0,3.0,3.0,0.004566669464111328
20.0,0.0,0.0,0.0020952224731445312
40.0,2.0,2.0,0.006976127624511719
56.0,3.0,3.0,0.007523775100708008
63.0,0.0,0.0,0.007929801940917969
15.0,1.0,1.0,0.0010731220245361328
38.0,0.0,0.0,0.005171537399291992
37.0,1.0,1.0,0.005420207977294922
14.0,0.0,0.0,0.0019943714141845703
51.0,3.0,3.0,0.008562088012695312
70.0,3.0,3.0,0.008673667907714844
55.0,3.0,3.0,0.008323907852172852
27.0,0.0,0.0,0.003632068634033203
11.0,0.0,0.0,0.0017547607421875
11.0,0.0,0.0,0.002239704132080078
17.0,0.0,0.0,0.0029675960540771484
29.0,4.0,4.0,0.004526376724243164
13.0,1.0,1.0,0.003520965576171875
14.0,0.0,0.0,0.0038030147552490234
18.0,0.0,0.0,0.0026514530181884766
75.0,2.0,2.0,0.011127233505249023
43.0,3.0,3.0,0.006752729415893555
25.0,0.0,0.0,0.0030431747436523438
14.0,0.0,0.0,0.002141237258911133
30.0,0.0,0.0,0.005006551742553711
12.0,0.0,0.0,0.0018541812896728516
24.0,3.0,3.0,0.003548145294189453
11.0,0.0,0.0,0.001004934310913086
87.0,1.0,1.0,0.011632442474365234
21.0,0.0,0.0,0.002694845199584961
22.0,1.0,1.0,0.002816915512084961
40.0,2.0,2.0,0.010218143463134766
50.0,3.0,3.0,0.00698399543762207
19.0,0.0,0.0,0.0035381317138671875
14.0,0.0,0.0,0.001280069351196289
32.0,0.0,0.0,0.005189657211303711
73.0,5.0,5.0,0.008678197860717773
14.0,0.0,0.0,0.0030105113983154297
26.0,0.0,0.0,0.004950761795043945
11.0,0.0,0.0,0.0022170543670654297
33.0,2.0,2.0,0.004761934280395508
23.0,1.0,1.0,0.0035839080810546875
45.0,3.0,3.0,0.005406856536865234
91.0,5.0,5.0,0.012063026428222656
23.0,0.0,0.0,0.0031723976135253906
15.0,0.0,0.0,0.001848459243774414
14.0,0.0,0.0,0.0019989013671875
15.0,4.0,4.0,0.0019860267639160156
40.0,0.0,0.0,0.004533290863037109
28.0,2.0,2.0,0.003094911575317383
77.0,3.0,3.0,0.010133504867553711
26.0,0.0,0.0,0.0028867721557617188
114.0,4.0,4.0,0.016321659088134766
19.0,0.0,0.0,0.0025131702423095703
20.0,0.0,0.0,0.003142833709716797
47.0,0.0,0.0,0.0056726932525634766
25.0,1.0,1.0,0.0031647682189941406
32.0,0.0,0.0,0.0046596527099609375
58.0,2.0,2.0,0.007678508758544922
23.0,3.0,3.0,0.003644227981567383
29.0,3.0,3.0,0.0038034915924072266
22.0,1.0,1.0,0.0021810531616210938
45.0,0.0,0.0,0.00769352912902832
56.0,2.0,2.0,0.008129358291625977
54.0,1.0,1.0,0.00784444808959961
99.0,3.0,3.0,0.013909578323364258
31.0,0.0,0.0,0.00587153434753418
12.0,1.0,1.0,0.002030611038208008
26.0,1.0,1.0,0.0032377243041992188
26.0,0.0,0.0,0.006006717681884766
73.0,5.0,5.0,0.014035940170288086
20.0,0.0,0.0,0.0038747787475585938
22.0,0.0,0.0,0.004130363464355469
17.0,0.0,0.0,0.0032880306243896484
29.0,3.0,3.0,0.00510859489440918
48.0,3.0,3.0,0.008376836776733398
52.0,3.0,3.0,0.007157802581787109
51.0,2.0,2.0,0.006986141204833984
58.0,5.0,5.0,0.007647037506103516
52.0,4.0,4.0,0.007927894592285156
27.0,0.0,0.0,0.0037353038787841797
14.0,0.0,0.0,0.0018072128295898438
39.0,2.0,2.0,0.007600069046020508
15.0,2.0,2.0,0.0025146007537841797
41.0,1.0,1.0,0.006035804748535156
43.0,1.0,1.0,0.005174160003662109
30.0,0.0,0.0,0.0032300949096679688
29.0,1.0,1.0,0.004095315933227539
12.0,1.0,1.0,0.0020067691802978516
11.0,0.0,0.0,0.0019991397857666016
27.0,3.0,3.0,0.0029866695404052734
60.0,2.0,2.0,0.007321596145629883
24.0,0.0,0.0,0.003050088882446289
11.0,0.0,0.0,0.0015299320220947266
108.0,3.0,3.0,0.014621496200561523
28.0,2.0,2.0,0.004686832427978516
15.0,0.0,0.0,0.0026373863220214844
20.0,2.0,2.0,0.0030002593994140625
24.0,0.0,0.0,0.004913806915283203
15.0,0.0,0.0,0.002019643783569336
13.0,2.0,2.0,0.0018787384033203125
14.0,0.0,0.0,0.0020284652709960938
21.0,1.0,1.0,0.004000186920166016
34.0,4.0,4.0,0.006184816360473633
89.0,5.0,5.0,0.011535406112670898
32.0,0.0,0.0,0.004710674285888672
63.0,1.0,1.0,0.010117053985595703
39.0,1.0,1.0,0.007146358489990234
24.0,0.0,0.0,0.0030488967895507812
33.0,1.0,1.0,0.005040884017944336
16.0,0.0,0.0,0.002519845962524414
21.0,2.0,2.0,0.0025353431701660156
77.0,3.0,3.0,0.011744022369384766
38.0,0.0,0.0,0.00540924072265625
19.0,1.0,1.0,0.0027649402618408203
81.0,1.0,1.0,0.013052225112915039
93.0,4.0,4.0,0.01210474967956543
104.0,4.0,4.0,0.01713252067565918
11.0,0.0,0.0,0.0020411014556884766
12.0,0.0,0.0,0.0020279884338378906
90.0,5.0,5.0,0.012795448303222656
14.0,0.0,0.0,0.0020754337310791016
17.0,0.0,0.0,0.001789093017578125
22.0,1.0,1.0,0.00359344482421875
50.0,1.0,1.0,0.006546974182128906
19.0,0.0,0.0,0.0019986629486083984
50.0,4.0,4.0,0.00713801383972168
60.0,7.0,7.0,0.008877038955688477
13.0,0.0,0.0,0.002000570297241211
19.0,2.0,2.0,0.0030221939086914062
65.0,6.0,6.0,0.009459257125854492
71.0,5.0,5.0,0.009196996688842773
37.0,0.0,0.0,0.005130290985107422
27.0,1.0,1.0,0.004039764404296875
51.0,0.0,0.0,0.007034778594970703
105.0,5.0,5.0,0.016033411026000977
23.0,1.0,1.0,0.0028464794158935547
18.0,0.0,0.0,0.0031142234802246094
13.0,0.0,0.0,0.0027751922607421875
25.0,0.0,0.0,0.0035376548767089844
46.0,0.0,0.0,0.005712747573852539
58.0,9.0,9.0,0.008103132247924805
49.0,6.0,6.0,0.00627446174621582
40.0,0.0,0.0,0.006153106689453125
19.0,2.0,2.0,0.002849102020263672
49.0,2.0,2.0,0.0064394474029541016
37.0,1.0,1.0,0.006222248077392578
15.0,1.0,1.0,0.0017447471618652344
22.0,1.0,1.0,0.0029408931732177734
16.0,2.0,2.0,0.002115011215209961
29.0,2.0,2.0,0.004006862640380859
25.0,0.0,0.0,0.003654956817626953
31.0,0.0,0.0,0.004024505615234375
112.0,2.0,2.0,0.01625347137451172
66.0,1.0,1.0,0.010994911193847656
25.0,0.0,0.0,0.004369258880615234
34.0,0.0,0.0,0.005430459976196289
45.0,7.0,7.0,0.005546092987060547
27.0,1.0,1.0,0.003999948501586914
80.0,2.0,2.0,0.011692285537719727
66.0,3.0,3.0,0.010010719299316406
50.0,5.0,5.0,0.006087064743041992
29.0,2.0,2.0,0.0049970149993896484
50.0,3.0,3.0,0.006670713424682617
17.0,1.0,1.0,0.003714323043823242
76.0,2.0,2.0,0.010156393051147461
19.0,0.0,0.0,0.003453493118286133
12.0,0.0,0.0,0.001455545425415039
41.0,0.0,0.0,0.005712747573852539
15.0,0.0,0.0,0.0026977062225341797
18.0,1.0,1.0,0.002557516098022461
46.0,6.0,6.0,0.008161306381225586
27.0,0.0,0.0,0.0030803680419921875
43.0,3.0,3.0,0.006182670593261719
55.0,2.0,2.0,0.007930755615234375
25.0,1.0,1.0,0.00350189208984375
31.0,0.0,0.0,0.004007101058959961
101.0,5.0,5.0,0.014149904251098633
59.0,1.0,1.0,0.009521245956420898
37.0,1.0,1.0,0.006977081298828125
154.0,1.0,1.0,0.02082657814025879
34.0,0.0,0.0,0.005012035369873047
78.0,7.0,7.0,0.009589910507202148
22.0,2.0,2.0,0.0036253929138183594
11.0,0.0,0.0,0.0017859935760498047
86.0,4.0,4.0,0.013859033584594727
11.0,0.0,0.0,0.0019860267639160156
32.0,2.0,2.0,0.005457162857055664
11.0,0.0,0.0,0.0012199878692626953
42.0,5.0,5.0,0.006686210632324219
23.0,1.0,1.0,0.003323078155517578
106.0,3.0,3.0,0.013480186462402344
29.0,0.0,0.0,0.004030466079711914
79.0,4.0,4.0,0.011776924133300781
15.0,0.0,0.0,0.0018928050994873047
14.0,0.0,0.0,0.0020198822021484375
19.0,0.0,0.0,0.002408266067504883
76.0,5.0,5.0,0.011243581771850586
13.0,1.0,1.0,0.0024080276489257812
62.0,4.0,4.0,0.008641719818115234
21.0,1.0,1.0,0.0035843849182128906
25.0,0.0,0.0,0.002863645553588867
13.0,0.0,0.0,0.00251007080078125
116.0,11.0,11.0,0.014879941940307617
41.0,1.0,1.0,0.0060083866119384766
88.0,7.0,7.0,0.01165318489074707
13.0,0.0,0.0,0.001722574234008789
38.0,0.0,0.0,0.004875898361206055
25.0,2.0,2.0,0.002536773681640625
24.0,2.0,2.0,0.003507852554321289
36.0,3.0,3.0,0.005001068115234375
24.0,0.0,0.0,0.0033206939697265625
34.0,1.0,1.0,0.004752397537231445
49.0,0.0,0.0,0.008255958557128906
46.0,0.0,0.0,0.0074329376220703125
45.0,4.0,4.0,0.00633692741394043
22.0,0.0,0.0,0.003054380416870117
34.0,3.0,3.0,0.006792306900024414
15.0,0.0,0.0,0.0027048587799072266
16.0,0.0,0.0,0.0019986629486083984
40.0,0.0,0.0,0.005433082580566406
29.0,3.0,3.0,0.004057168960571289
18.0,1.0,1.0,0.0025119781494140625
29.0,0.0,0.0,0.005068063735961914
33.0,1.0,1.0,0.00543522834777832
19.0,0.0,0.0,0.002862215042114258
17.0,0.0,0.0,0.0016400814056396484
18.0,6.0,6.0,0.0035538673400878906
18.0,0.0,0.0,0.0045320987701416016
143.0,4.0,4.0,0.02052927017211914
58.0,2.0,2.0,0.0076274871826171875
54.0,2.0,2.0,0.008409500122070312
22.0,0.0,0.0,0.003615856170654297
18.0,0.0,0.0,0.0019867420196533203
24.0,4.0,4.0,0.003520965576171875
50.0,2.0,2.0,0.005648612976074219
15.0,2.0,2.0,0.001619577407836914
12.0,0.0,0.0,0.001981973648071289
30.0,2.0,2.0,0.0048122406005859375
88.0,1.0,1.0,0.016643285751342773
95.0,5.0,5.0,0.01265406608581543
18.0,0.0,0.0,0.002946615219116211
30.0,0.0,0.0,0.0036242008209228516
14.0,0.0,0.0,0.0022716522216796875
23.0,0.0,0.0,0.0035178661346435547
58.0,5.0,5.0,0.008326530456542969
46.0,1.0,1.0,0.006048917770385742
40.0,3.0,3.0,0.004933595657348633
44.0,2.0,2.0,0.005661487579345703
28.0,0.0,0.0,0.0037751197814941406
33.0,2.0,2.0,0.005333423614501953
45.0,6.0,6.0,0.006518125534057617
89.0,2.0,2.0,0.0146636962890625
33.0,1.0,1.0,0.004185676574707031
79.0,5.0,5.0,0.010479211807250977
254.0,21.0,21.0,0.03347659111022949
35.0,4.0,4.0,0.003998994827270508
19.0,2.0,2.0,0.0034415721893310547
53.0,1.0,1.0,0.008988618850708008
17.0,0.0,0.0,0.001995086669921875
45.0,2.0,2.0,0.007071733474731445
29.0,0.0,0.0,0.0036668777465820312
23.0,0.0,0.0,0.002754688262939453
20.0,0.0,0.0,0.0027458667755126953
11.0,0.0,0.0,0.0014505386352539062
30.0,0.0,0.0,0.0037665367126464844
12.0,0.0,0.0,0.002132415771484375
79.0,4.0,4.0,0.013911724090576172
64.0,5.0,5.0,0.008673429489135742
28.0,1.0,1.0,0.0056400299072265625
19.0,2.0,2.0,0.0023033618927001953
38.0,1.0,1.0,0.005455732345581055
13.0,0.0,0.0,0.0015897750854492188
24.0,0.0,0.0,0.0049860477447509766
34.0,0.0,0.0,0.005573272705078125
64.0,3.0,3.0,0.009323835372924805
64.0,2.0,2.0,0.008656501770019531
20.0,5.0,5.0,0.00403285026550293
30.0,0.0,0.0,0.004192829132080078
25.0,2.0,2.0,0.0028069019317626953
14.0,2.0,2.0,0.0019979476928710938
15.0,3.0,3.0,0.0012705326080322266
16.0,0.0,0.0,0.0022590160369873047
18.0,0.0,0.0,0.0026481151580810547
73.0,2.0,2.0,0.01080632209777832
56.0,0.0,0.0,0.0077228546142578125
12.0,0.0,0.0,0.0021028518676757812
54.0,6.0,6.0,0.0073816776275634766
11.0,0.0,0.0,0.0012586116790771484
13.0,0.0,0.0,0.003560781478881836
192.0,4.0,4.0,0.027373313903808594
20.0,2.0,2.0,0.003001689910888672
22.0,1.0,1.0,0.0028443336486816406
78.0,5.0,5.0,0.010414838790893555
12.0,1.0,1.0,0.001943349838256836
14.0,0.0,0.0,0.0018324851989746094
46.0,1.0,1.0,0.005759477615356445
28.0,0.0,0.0,0.003888368606567383
109.0,3.0,3.0,0.014971733093261719
186.0,9.0,9.0,0.026134014129638672
35.0,3.0,3.0,0.006736278533935547
13.0,1.0,1.0,0.001874685287475586
54.0,4.0,4.0,0.007669925689697266
111.0,4.0,4.0,0.01669144630432129
23.0,0.0,0.0,0.004155874252319336
45.0,1.0,1.0,0.00928187370300293
65.0,5.0,5.0,0.01165318489074707
56.0,0.0,0.0,0.010433435440063477
31.0,0.0,0.0,0.0052030086517333984
124.0,7.0,7.0,0.02370476722717285
11.0,0.0,0.0,0.001016378402709961
23.0,0.0,0.0,0.004003763198852539
20.0,0.0,0.0,0.002535104751586914
53.0,4.0,4.0,0.007131814956665039
53.0,2.0,2.0,0.008822917938232422
16.0,0.0,0.0,0.0019979476928710938
29.0,2.0,2.0,0.00390625
218.0,15.0,15.0,0.029406070709228516
18.0,0.0,0.0,0.002955913543701172
29.0,0.0,0.0,0.004260063171386719
15.0,1.0,1.0,0.001996755599975586
129.0,10.0,10.0,0.017195463180541992
13.0,1.0,1.0,0.002000093460083008
11.0,0.0,0.0,0.0020067691802978516
13.0,0.0,0.0,0.0022301673889160156
25.0,0.0,0.0,0.0045473575592041016
13.0,2.0,2.0,0.0022079944610595703
14.0,3.0,3.0,0.0030126571655273438
25.0,1.0,1.0,0.0029976367950439453
14.0,0.0,0.0,0.0018391609191894531
19.0,0.0,0.0,0.0030078887939453125
17.0,0.0,0.0,0.003180265426635742
54.0,2.0,2.0,0.008038759231567383
23.0,0.0,0.0,0.0035195350646972656
17.0,0.0,0.0,0.0022478103637695312
47.0,10.0,10.0,0.006650209426879883
16.0,0.0,0.0,0.001650094985961914
15.0,0.0,0.0,0.0030927658081054688
12.0,0.0,0.0,0.0019524097442626953
100.0,3.0,3.0,0.014191627502441406
23.0,0.0,0.0,0.003509044647216797
13.0,0.0,0.0,0.0013365745544433594
45.0,1.0,1.0,0.007868766784667969
21.0,3.0,3.0,0.0026428699493408203
20.0,3.0,3.0,0.0032536983489990234
20.0,1.0,1.0,0.004675865173339844
41.0,2.0,2.0,0.006598234176635742
12.0,0.0,0.0,0.002102375030517578
43.0,1.0,1.0,0.009462118148803711
12.0,0.0,0.0,0.003665447235107422
75.0,3.0,3.0,0.014421939849853516
17.0,2.0,2.0,0.002177000045776367
35.0,5.0,5.0,0.007064104080200195
24.0,3.0,3.0,0.0035407543182373047
33.0,6.0,6.0,0.004273176193237305
35.0,2.0,2.0,0.003978729248046875
11.0,0.0,0.0,0.001451730728149414
15.0,1.0,1.0,0.0024862289428710938
26.0,0.0,0.0,0.004060983657836914
29.0,2.0,2.0,0.00566411018371582
42.0,2.0,2.0,0.005212306976318359
46.0,3.0,3.0,0.012189626693725586
45.0,3.0,3.0,0.009599447250366211
76.0,5.0,5.0,0.015659570693969727
18.0,1.0,1.0,0.003648996353149414
15.0,0.0,0.0,0.0038619041442871094
27.0,1.0,1.0,0.004731655120849609
20.0,0.0,0.0,0.0036253929138183594
16.0,0.0,0.0,0.0023484230041503906
16.0,0.0,0.0,0.002031564712524414
11.0,1.0,1.0,0.0011186599731445312
17.0,0.0,0.0,0.003022432327270508
39.0,1.0,1.0,0.007197141647338867
17.0,0.0,0.0,0.003257274627685547
72.0,2.0,2.0,0.010054588317871094
14.0,2.0,2.0,0.001926422119140625
33.0,3.0,3.0,0.006278276443481445
29.0,0.0,0.0,0.004843473434448242
21.0,1.0,1.0,0.003102540969848633
41.0,4.0,4.0,0.006807565689086914
21.0,1.0,1.0,0.00454258918762207
33.0,0.0,0.0,0.004033327102661133
45.0,4.0,4.0,0.005738258361816406
14.0,0.0,0.0,0.0021600723266601562
40.0,0.0,0.0,0.006657600402832031
37.0,0.0,0.0,0.006398916244506836
54.0,9.0,9.0,0.009128332138061523
12.0,0.0,0.0,0.0018000602722167969
43.0,3.0,3.0,0.0059392452239990234
13.0,0.0,0.0,0.0017750263214111328
41.0,1.0,1.0,0.007103919982910156
15.0,0.0,0.0,0.0020096302032470703
38.0,1.0,1.0,0.00583958625793457
36.0,3.0,3.0,0.005871295928955078
29.0,0.0,0.0,0.004359006881713867
54.0,4.0,4.0,0.008121728897094727
22.0,0.0,0.0,0.003173828125
23.0,0.0,0.0,0.0033571720123291016
70.0,6.0,6.0,0.010249614715576172
12.0,1.0,1.0,0.0015177726745605469
61.0,0.0,0.0,0.007685184478759766
25.0,4.0,4.0,0.004144191741943359
22.0,0.0,0.0,0.003183603286743164
143.0,9.0,9.0,0.01826786994934082
65.0,1.0,1.0,0.00909113883972168
37.0,1.0,1.0,0.004029989242553711
60.0,2.0,2.0,0.007765769958496094
56.0,3.0,3.0,0.007696628570556641
20.0,1.0,1.0,0.0021829605102539062
63.0,2.0,2.0,0.008132219314575195
53.0,0.0,0.0,0.010143280029296875
13.0,0.0,0.0,0.002997875213623047
35.0,1.0,1.0,0.0087890625
21.0,4.0,4.0,0.0046482086181640625
12.0,0.0,0.0,0.002999544143676758
49.0,0.0,0.0,0.010823726654052734
16.0,0.0,0.0,0.0025076866149902344
89.0,3.0,3.0,0.011380910873413086
53.0,3.0,3.0,0.007021188735961914
24.0,0.0,0.0,0.0032410621643066406
17.0,0.0,0.0,0.0016689300537109375
30.0,3.0,3.0,0.0047571659088134766
57.0,2.0,2.0,0.008280754089355469
42.0,1.0,1.0,0.004689693450927734
65.0,6.0,6.0,0.008889913558959961
19.0,1.0,1.0,0.002682209014892578
34.0,1.0,1.0,0.005026578903198242
22.0,0.0,0.0,0.003161191940307617
16.0,0.0,0.0,0.0018825531005859375
17.0,1.0,1.0,0.004903078079223633
15.0,2.0,2.0,0.0035974979400634766
37.0,2.0,2.0,0.004778146743774414
29.0,5.0,5.0,0.0032384395599365234
14.0,2.0,2.0,0.0017848014831542969
29.0,2.0,2.0,0.0038170814514160156
82.0,3.0,3.0,0.011184453964233398
40.0,0.0,0.0,0.0046482086181640625
59.0,1.0,1.0,0.00998544692993164
16.0,0.0,0.0,0.002998828887939453
64.0,6.0,6.0,0.009094953536987305
32.0,1.0,1.0,0.004008769989013672
13.0,0.0,0.0,0.0014870166778564453
66.0,2.0,2.0,0.011071443557739258
29.0,1.0,1.0,0.006557464599609375
35.0,1.0,1.0,0.008679866790771484
69.0,2.0,2.0,0.012809514999389648
13.0,0.0,0.0,0.0019989013671875
46.0,0.0,0.0,0.010066986083984375
20.0,0.0,0.0,0.004189014434814453
57.0,2.0,2.0,0.013244867324829102
31.0,0.0,0.0,0.0070209503173828125
44.0,2.0,2.0,0.007879018783569336
73.0,13.0,13.0,0.00964498519897461
22.0,0.0,0.0,0.004534482955932617
41.0,0.0,0.0,0.005153656005859375
21.0,1.0,1.0,0.0028448104858398438
183.0,11.0,11.0,0.027019739151000977
82.0,1.0,1.0,0.016871213912963867
41.0,0.0,0.0,0.0055696964263916016
12.0,0.0,0.0,0.0020313262939453125
86.0,3.0,3.0,0.012599706649780273
67.0,2.0,2.0,0.00918126106262207
30.0,0.0,0.0,0.003638029098510742
68.0,1.0,1.0,0.010447025299072266
13.0,0.0,0.0,0.0020110607147216797
39.0,3.0,3.0,0.006021976470947266
49.0,0.0,0.0,0.007016658782958984
33.0,0.0,0.0,0.00481867790222168
35.0,2.0,2.0,0.005415678024291992
52.0,7.0,7.0,0.008569955825805664
55.0,2.0,2.0,0.012996673583984375
21.0,0.0,0.0,0.0031006336212158203
18.0,0.0,0.0,0.002006053924560547
90.0,6.0,6.0,0.011684894561767578
25.0,0.0,0.0,0.003018617630004883
17.0,1.0,1.0,0.00215911865234375
13.0,0.0,0.0,0.001516103744506836
32.0,2.0,2.0,0.00400090217590332
69.0,1.0,1.0,0.008836507797241211
27.0,1.0,1.0,0.004285097122192383
30.0,2.0,2.0,0.0039937496185302734
19.0,1.0,1.0,0.0023796558380126953
32.0,1.0,1.0,0.005515098571777344
13.0,0.0,0.0,0.0015327930450439453
43.0,2.0,2.0,0.005723237991333008
31.0,0.0,0.0,0.004681587219238281
21.0,0.0,0.0,0.002367734909057617
31.0,0.0,0.0,0.0062940120697021484
12.0,1.0,1.0,0.0017130374908447266
41.0,1.0,1.0,0.006095170974731445
29.0,2.0,2.0,0.004161357879638672
58.0,0.0,0.0,0.007606983184814453
14.0,0.0,0.0,0.0030820369720458984
42.0,3.0,3.0,0.0066411495208740234
12.0,0.0,0.0,0.0019915103912353516
43.0,0.0,0.0,0.0061609745025634766
18.0,0.0,0.0,0.0030007362365722656
27.0,2.0,2.0,0.004033327102661133
18.0,2.0,2.0,0.002997875213623047
15.0,0.0,0.0,0.0031545162200927734
20.0,6.0,6.0,0.0028619766235351562
62.0,6.0,6.0,0.009486913681030273
19.0,2.0,2.0,0.0025701522827148438
92.0,2.0,2.0,0.01262211799621582
17.0,0.0,0.0,0.0021791458129882812
131.0,3.0,3.0,0.020772457122802734
23.0,1.0,1.0,0.00240325927734375
20.0,0.0,0.0,0.002312898635864258
38.0,3.0,3.0,0.006008625030517578
11.0,0.0,0.0,0.0021314620971679688
15.0,2.0,2.0,0.002312183380126953
24.0,4.0,4.0,0.002998828887939453
73.0,4.0,4.0,0.014699459075927734
19.0,0.0,0.0,0.003000497817993164
14.0,1.0,1.0,0.0035147666931152344
103.0,7.0,7.0,0.02216625213623047
28.0,0.0,0.0,0.004370927810668945
37.0,3.0,3.0,0.0067729949951171875
21.0,0.0,0.0,0.0024127960205078125
61.0,0.0,0.0,0.008363008499145508
29.0,0.0,0.0,0.0040395259857177734
15.0,0.0,0.0,0.0030286312103271484
50.0,3.0,3.0,0.007407665252685547
34.0,2.0,2.0,0.004802703857421875
12.0,0.0,0.0,0.0013396739959716797
34.0,2.0,2.0,0.0052564144134521484
30.0,0.0,0.0,0.0041692256927490234
57.0,2.0,2.0,0.010516881942749023
25.0,0.0,0.0,0.004323482513427734
14.0,2.0,2.0,0.0018029212951660156
72.0,6.0,6.0,0.008506536483764648
89.0,3.0,3.0,0.013067245483398438
50.0,2.0,2.0,0.006790637969970703
48.0,2.0,2.0,0.005509138107299805
22.0,0.0,0.0,0.003202676773071289
29.0,4.0,4.0,0.0058209896087646484
16.0,0.0,0.0,0.002350330352783203
23.0,4.0,4.0,0.0040798187255859375
31.0,1.0,1.0,0.0038383007049560547
11.0,0.0,0.0,0.0020008087158203125
20.0,0.0,0.0,0.003007650375366211
35.0,0.0,0.0,0.004435539245605469
79.0,12.0,12.0,0.011799097061157227
21.0,0.0,0.0,0.0022652149200439453
42.0,2.0,2.0,0.005494356155395508
14.0,0.0,0.0,0.002634286880493164
55.0,1.0,1.0,0.007966279983520508
31.0,1.0,1.0,0.004164934158325195
75.0,0.0,0.0,0.013001203536987305
14.0,1.0,1.0,0.00421452522277832
43.0,3.0,3.0,0.006865739822387695
16.0,4.0,4.0,0.0020017623901367188
113.0,5.0,5.0,0.015079021453857422
24.0,1.0,1.0,0.003999948501586914
56.0,4.0,4.0,0.007707357406616211
12.0,0.0,0.0,0.0009999275207519531
21.0,0.0,0.0,0.0031015872955322266
25.0,1.0,1.0,0.005001544952392578
20.0,0.0,0.0,0.0031130313873291016
60.0,3.0,3.0,0.010787487030029297
36.0,2.0,2.0,0.005950927734375
43.0,2.0,2.0,0.006166934967041016
20.0,0.0,0.0,0.002459287643432617
26.0,3.0,3.0,0.004090070724487305
38.0,0.0,0.0,0.005770683288574219
40.0,2.0,2.0,0.006398677825927734
69.0,0.0,0.0,0.009421586990356445
15.0,2.0,2.0,0.002269744873046875
22.0,0.0,0.0,0.002790689468383789
85.0,3.0,3.0,0.011365413665771484
35.0,2.0,2.0,0.005647182464599609
44.0,4.0,4.0,0.008388757705688477
42.0,2.0,2.0,0.008225202560424805
62.0,2.0,2.0,0.00832509994506836
77.0,0.0,0.0,0.010106801986694336
13.0,0.0,0.0,0.002916574478149414
100.0,4.0,4.0,0.013759374618530273
39.0,0.0,0.0,0.005242824554443359
30.0,2.0,2.0,0.004870176315307617
23.0,1.0,1.0,0.0036706924438476562
121.0,5.0,5.0,0.02102828025817871
17.0,2.0,2.0,0.003011465072631836
16.0,0.0,0.0,0.0021288394927978516
22.0,1.0,1.0,0.002760648727416992
16.0,0.0,0.0,0.002157449722290039
114.0,2.0,2.0,0.01864004135131836
81.0,5.0,5.0,0.01802515983581543
11.0,1.0,1.0,0.0019648075103759766
21.0,3.0,3.0,0.004949808120727539
62.0,3.0,3.0,0.013686895370483398
11.0,0.0,0.0,0.001996278762817383
66.0,3.0,3.0,0.015069007873535156
23.0,3.0,3.0,0.005053520202636719
22.0,0.0,0.0,0.004669904708862305
30.0,5.0,5.0,0.0046672821044921875
25.0,1.0,1.0,0.0059947967529296875
16.0,0.0,0.0,0.00244140625
34.0,6.0,6.0,0.003998756408691406
34.0,4.0,4.0,0.008030176162719727
22.0,3.0,3.0,0.004527091979980469
18.0,1.0,1.0,0.00416254997253418
24.0,2.0,2.0,0.004546403884887695
41.0,8.0,8.0,0.0067408084869384766
56.0,0.0,0.0,0.011275053024291992
121.0,3.0,3.0,0.02477097511291504
68.0,2.0,2.0,0.010550737380981445
18.0,3.0,3.0,0.003063201904296875
12.0,1.0,1.0,0.002008676528930664
101.0,3.0,3.0,0.01501011848449707
51.0,1.0,1.0,0.00755620002746582
88.0,11.0,11.0,0.014302968978881836
13.0,0.0,0.0,0.003580331802368164
21.0,1.0,1.0,0.002980470657348633
61.0,2.0,2.0,0.011173009872436523
29.0,0.0,0.0,0.004021406173706055
20.0,0.0,0.0,0.003001689910888672
13.0,0.0,0.0,0.002264261245727539
58.0,2.0,2.0,0.008113384246826172
22.0,1.0,1.0,0.003000974655151367
59.0,1.0,1.0,0.008238792419433594
22.0,1.0,1.0,0.0026400089263916016
33.0,3.0,3.0,0.004972934722900391
11.0,0.0,0.0,0.0021452903747558594
18.0,0.0,0.0,0.003008127212524414
30.0,1.0,1.0,0.005026102066040039
59.0,3.0,3.0,0.00766301155090332
34.0,1.0,1.0,0.0042455196380615234
35.0,1.0,1.0,0.004371166229248047
23.0,1.0,1.0,0.004613637924194336
19.0,0.0,0.0,0.0032634735107421875
37.0,0.0,0.0,0.006178617477416992
13.0,0.0,0.0,0.003000020980834961
54.0,0.0,0.0,0.007572174072265625
51.0,0.0,0.0,0.007046937942504883
33.0,4.0,4.0,0.00463557243347168
18.0,1.0,1.0,0.003606557846069336
19.0,0.0,0.0,0.0026543140411376953
100.0,6.0,6.0,0.014430046081542969
13.0,0.0,0.0,0.0026540756225585938
105.0,10.0,10.0,0.014896154403686523
37.0,1.0,1.0,0.004521846771240234
30.0,1.0,1.0,0.004636049270629883
80.0,5.0,5.0,0.012385845184326172
30.0,2.0,2.0,0.004250526428222656
12.0,1.0,1.0,0.0010004043579101562
33.0,1.0,1.0,0.004288434982299805
45.0,1.0,1.0,0.007766246795654297
47.0,2.0,2.0,0.00824594497680664
55.0,3.0,3.0,0.009964466094970703
12.0,0.0,0.0,0.002008676528930664
14.0,0.0,0.0,0.001453399658203125
25.0,1.0,1.0,0.0031795501708984375
28.0,0.0,0.0,0.003889322280883789
29.0,3.0,3.0,0.003558635711669922
46.0,1.0,1.0,0.0063745975494384766
79.0,4.0,4.0,0.012986421585083008
19.0,1.0,1.0,0.0032444000244140625
24.0,0.0,0.0,0.003512859344482422
17.0,2.0,2.0,0.002170085906982422
58.0,2.0,2.0,0.010484457015991211
41.0,1.0,1.0,0.007375001907348633
18.0,2.0,2.0,0.003397226333618164
15.0,0.0,0.0,0.0021085739135742188
60.0,4.0,4.0,0.011975288391113281
14.0,0.0,0.0,0.002576589584350586
19.0,3.0,3.0,0.004551887512207031
11.0,0.0,0.0,0.0015702247619628906
25.0,1.0,1.0,0.0034813880920410156
21.0,0.0,0.0,0.0026171207427978516
23.0,1.0,1.0,0.003655672073364258
40.0,2.0,2.0,0.00848698616027832
151.0,5.0,5.0,0.024021387100219727
15.0,1.0,1.0,0.0026688575744628906
11.0,0.0,0.0,0.002642393112182617
51.0,1.0,1.0,0.00905299186706543
61.0,3.0,3.0,0.010953187942504883
98.0,3.0,3.0,0.013576984405517578
13.0,0.0,0.0,0.002015829086303711
55.0,0.0,0.0,0.007987499237060547
78.0,4.0,4.0,0.010367631912231445
86.0,5.0,5.0,0.01146697998046875
33.0,0.0,0.0,0.004807472229003906
19.0,0.0,0.0,0.002532482147216797
15.0,0.0,0.0,0.0021750926971435547
151.0,7.0,7.0,0.021151065826416016
17.0,0.0,0.0,0.0026922225952148438
34.0,2.0,2.0,0.005237579345703125
21.0,0.0,0.0,0.00466156005859375
14.0,2.0,2.0,0.0025649070739746094
62.0,5.0,5.0,0.008794069290161133
22.0,1.0,1.0,0.003468036651611328
168.0,11.0,11.0,0.023097753524780273
47.0,0.0,0.0,0.006913423538208008
18.0,2.0,2.0,0.003076791763305664
54.0,4.0,4.0,0.007145404815673828
21.0,2.0,2.0,0.00238037109375
102.0,2.0,2.0,0.013704538345336914
73.0,3.0,3.0,0.01020359992980957
47.0,5.0,5.0,0.0056972503662109375
26.0,1.0,1.0,0.003111124038696289
37.0,4.0,4.0,0.004998445510864258
28.0,0.0,0.0,0.003990650177001953
113.0,10.0,10.0,0.018096923828125
43.0,1.0,1.0,0.006125688552856445
34.0,3.0,3.0,0.0058917999267578125
37.0,4.0,4.0,0.00458216667175293
28.0,2.0,2.0,0.003508329391479492
82.0,1.0,1.0,0.012795209884643555
51.0,4.0,4.0,0.00825810432434082
19.0,0.0,0.0,0.002999544143676758
56.0,4.0,4.0,0.00702357292175293
29.0,1.0,1.0,0.003663778305053711
20.0,2.0,2.0,0.0025751590728759766
43.0,0.0,0.0,0.006281852722167969
27.0,1.0,1.0,0.004008054733276367
25.0,0.0,0.0,0.003632068634033203
91.0,6.0,6.0,0.015178680419921875
11.0,0.0,0.0,0.0020170211791992188
39.0,1.0,1.0,0.00753474235534668
43.0,3.0,3.0,0.0058972835540771484
39.0,1.0,1.0,0.004341602325439453
117.0,2.0,2.0,0.016152381896972656
43.0,0.0,0.0,0.007416963577270508
31.0,0.0,0.0,0.003928422927856445
12.0,0.0,0.0,0.0026383399963378906
24.0,1.0,1.0,0.005187034606933594
86.0,7.0,7.0,0.017752408981323242
74.0,5.0,5.0,0.014272212982177734
29.0,3.0,3.0,0.00415802001953125
16.0,0.0,0.0,0.00263214111328125
18.0,0.0,0.0,0.0016999244689941406
63.0,2.0,2.0,0.009340524673461914
13.0,0.0,0.0,0.0027947425842285156
33.0,0.0,0.0,0.00609898567199707
33.0,1.0,1.0,0.0037012100219726562
67.0,1.0,1.0,0.009207487106323242
12.0,1.0,1.0,0.0018508434295654297
79.0,1.0,1.0,0.012016534805297852
59.0,1.0,1.0,0.007685184478759766
84.0,14.0,14.0,0.011170387268066406
32.0,3.0,3.0,0.005125761032104492
22.0,0.0,0.0,0.0030100345611572266
28.0,0.0,0.0,0.0032978057861328125
34.0,7.0,7.0,0.004583597183227539
13.0,0.0,0.0,0.0017979145050048828
49.0,5.0,5.0,0.007561445236206055
15.0,0.0,0.0,0.002178668975830078
23.0,1.0,1.0,0.0027866363525390625
13.0,1.0,1.0,0.002496480941772461
48.0,3.0,3.0,0.007622480392456055
21.0,0.0,0.0,0.0028297901153564453
13.0,0.0,0.0,0.002050638198852539
37.0,1.0,1.0,0.004656076431274414
15.0,0.0,0.0,0.0035305023193359375
43.0,0.0,0.0,0.008920669555664062
13.0,0.0,0.0,0.0031938552856445312
17.0,0.0,0.0,0.004518985748291016
17.0,1.0,1.0,0.0036165714263916016
12.0,0.0,0.0,0.000997781753540039
72.0,4.0,4.0,0.008969545364379883
16.0,0.0,0.0,0.002279043197631836
40.0,2.0,2.0,0.004662990570068359
40.0,4.0,4.0,0.005156993865966797
119.0,3.0,3.0,0.015573740005493164
64.0,3.0,3.0,0.010321617126464844
11.0,0.0,0.0,0.00327301025390625
24.0,0.0,0.0,0.004111528396606445
44.0,0.0,0.0,0.0060846805572509766
11.0,0.0,0.0,0.0010025501251220703
22.0,0.0,0.0,0.003999233245849609
53.0,0.0,0.0,0.007406711578369141
13.0,0.0,0.0,0.002510547637939453
44.0,0.0,0.0,0.005403757095336914
26.0,4.0,4.0,0.004155635833740234
92.0,2.0,2.0,0.011811494827270508
15.0,1.0,1.0,0.0019240379333496094
12.0,0.0,0.0,0.001998424530029297
15.0,0.0,0.0,0.0025115013122558594
20.0,1.0,1.0,0.002859354019165039
20.0,0.0,0.0,0.0029990673065185547
26.0,2.0,2.0,0.002815723419189453
45.0,1.0,1.0,0.006518840789794922
14.0,0.0,0.0,0.0020170211791992188
38.0,3.0,3.0,0.005088090896606445
30.0,1.0,1.0,0.0040285587310791016
50.0,0.0,0.0,0.0067250728607177734
44.0,0.0,0.0,0.006006479263305664
39.0,1.0,1.0,0.00531315803527832
12.0,1.0,1.0,0.002015829086303711
32.0,0.0,0.0,0.006024360656738281
22.0,3.0,3.0,0.003537893295288086
75.0,6.0,6.0,0.010549545288085938
29.0,1.0,1.0,0.004459857940673828
22.0,0.0,0.0,0.003057718276977539
43.0,2.0,2.0,0.006546974182128906
129.0,7.0,7.0,0.01948714256286621
17.0,0.0,0.0,0.0029954910278320312
15.0,0.0,0.0,0.0019996166229248047
38.0,0.0,0.0,0.0050241947174072266
11.0,0.0,0.0,0.0025043487548828125
14.0,1.0,1.0,0.0016891956329345703
71.0,4.0,4.0,0.013578653335571289
26.0,0.0,0.0,0.004323005676269531
67.0,0.0,0.0,0.010848522186279297
46.0,0.0,0.0,0.00666499137878418
58.0,3.0,3.0,0.008506536483764648
63.0,1.0,1.0,0.007607221603393555
11.0,0.0,0.0,0.001840829849243164
23.0,0.0,0.0,0.0031614303588867188
21.0,3.0,3.0,0.0020089149475097656
15.0,3.0,3.0,0.0015039443969726562
86.0,7.0,7.0,0.011177778244018555
33.0,0.0,0.0,0.00463557243347168
56.0,3.0,3.0,0.009041070938110352
32.0,4.0,4.0,0.004662036895751953
59.0,1.0,1.0,0.008664846420288086
80.0,5.0,5.0,0.010504007339477539
24.0,2.0,2.0,0.0037953853607177734
18.0,0.0,0.0,0.0034520626068115234
52.0,6.0,6.0,0.008705854415893555
23.0,1.0,1.0,0.0027642250061035156
67.0,3.0,3.0,0.00896143913269043
40.0,0.0,0.0,0.006117343902587891
62.0,0.0,0.0,0.009639263153076172
22.0,1.0,1.0,0.003511667251586914
24.0,0.0,0.0,0.0028901100158691406
53.0,2.0,2.0,0.006948232650756836
26.0,0.0,0.0,0.004006147384643555
34.0,1.0,1.0,0.004945278167724609
38.0,1.0,1.0,0.0054705142974853516
80.0,11.0,11.0,0.010606765747070312
22.0,0.0,0.0,0.0026259422302246094
14.0,0.0,0.0,0.0022122859954833984
32.0,0.0,0.0,0.006041049957275391
11.0,1.0,1.0,0.0013566017150878906
15.0,0.0,0.0,0.001252889633178711
68.0,2.0,2.0,0.010333538055419922
13.0,0.0,0.0,0.003690004348754883
19.0,0.0,0.0,0.002930164337158203
26.0,0.0,0.0,0.004038572311401367
70.0,2.0,2.0,0.009775876998901367
112.0,13.0,13.0,0.015324115753173828
61.0,7.0,7.0,0.008217334747314453
35.0,4.0,4.0,0.005156993865966797
40.0,0.0,0.0,0.0047724246978759766
34.0,0.0,0.0,0.005295276641845703
23.0,0.0,0.0,0.0037407875061035156
25.0,1.0,1.0,0.0029993057250976562
23.0,4.0,4.0,0.0031490325927734375
13.0,1.0,1.0,0.0017123222351074219
15.0,0.0,0.0,0.0017807483673095703
12.0,0.0,0.0,0.001916646957397461
80.0,1.0,1.0,0.012317657470703125
34.0,0.0,0.0,0.0071337223052978516
50.0,2.0,2.0,0.006693840026855469
28.0,0.0,0.0,0.0035157203674316406
28.0,0.0,0.0,0.00617527961730957
22.0,0.0,0.0,0.0036067962646484375
24.0,1.0,1.0,0.003222942352294922
28.0,0.0,0.0,0.003631114959716797
22.0,1.0,1.0,0.004217624664306641
154.0,10.0,10.0,0.025073528289794922
41.0,0.0,0.0,0.008037567138671875
12.0,1.0,1.0,0.0018155574798583984
19.0,0.0,0.0,0.003012418746948242
25.0,2.0,2.0,0.0036051273345947266
35.0,2.0,2.0,0.004926443099975586
17.0,4.0,4.0,0.002084970474243164
18.0,0.0,0.0,0.0016601085662841797
32.0,1.0,1.0,0.004549264907836914
29.0,0.0,0.0,0.004150390625
23.0,1.0,1.0,0.0024459362030029297
26.0,2.0,2.0,0.003652334213256836
20.0,0.0,0.0,0.003604412078857422
17.0,2.0,2.0,0.0015180110931396484
20.0,0.0,0.0,0.002507448196411133
69.0,2.0,2.0,0.010547876358032227
52.0,0.0,0.0,0.006674528121948242
86.0,5.0,5.0,0.012943267822265625
22.0,0.0,0.0,0.0033185482025146484
41.0,2.0,2.0,0.005007505416870117
27.0,2.0,2.0,0.0037834644317626953
80.0,5.0,5.0,0.011220693588256836
12.0,0.0,0.0,0.00099945068359375
19.0,1.0,1.0,0.0030727386474609375
35.0,3.0,3.0,0.0049664974212646484
43.0,2.0,2.0,0.005822658538818359
70.0,4.0,4.0,0.011768579483032227
48.0,4.0,4.0,0.00664067268371582
39.0,2.0,2.0,0.005524396896362305
18.0,0.0,0.0,0.0017516613006591797
17.0,0.0,0.0,0.0031354427337646484
24.0,0.0,0.0,0.003998279571533203
13.0,0.0,0.0,0.001459360122680664
14.0,0.0,0.0,0.0018792152404785156
27.0,8.0,8.0,0.003695249557495117
17.0,0.0,0.0,0.0014259815216064453
11.0,0.0,0.0,0.002103567123413086
26.0,3.0,3.0,0.00484919548034668
20.0,0.0,0.0,0.0030052661895751953
26.0,2.0,2.0,0.003564119338989258
116.0,1.0,1.0,0.015398025512695312
31.0,1.0,1.0,0.005057573318481445
19.0,0.0,0.0,0.0029702186584472656
55.0,2.0,2.0,0.006679058074951172
49.0,4.0,4.0,0.007280826568603516
27.0,1.0,1.0,0.003820657730102539
20.0,4.0,4.0,0.002745389938354492
114.0,6.0,6.0,0.01879596710205078
48.0,0.0,0.0,0.006466388702392578
132.0,4.0,4.0,0.019717931747436523
29.0,0.0,0.0,0.0038509368896484375
98.0,6.0,6.0,0.013555049896240234
23.0,1.0,1.0,0.002710103988647461
13.0,1.0,1.0,0.001999378204345703
17.0,4.0,4.0,0.002858400344848633
12.0,0.0,0.0,0.003449678421020508
107.0,5.0,5.0,0.014178991317749023
28.0,2.0,2.0,0.004395008087158203
23.0,1.0,1.0,0.004128456115722656
15.0,1.0,1.0,0.0015263557434082031
17.0,0.0,0.0,0.0018546581268310547
38.0,3.0,3.0,0.005679130554199219
17.0,0.0,0.0,0.0025310516357421875
18.0,1.0,1.0,0.0017359256744384766
51.0,4.0,4.0,0.007642984390258789
17.0,0.0,0.0,0.0025255680084228516
12.0,0.0,0.0,0.002001047134399414
63.0,1.0,1.0,0.011631488800048828
63.0,2.0,2.0,0.01192474365234375
19.0,1.0,1.0,0.002474546432495117
79.0,2.0,2.0,0.010923147201538086
32.0,0.0,0.0,0.003826141357421875
47.0,2.0,2.0,0.00789499282836914
21.0,0.0,0.0,0.0026025772094726562
42.0,3.0,3.0,0.006999015808105469
25.0,2.0,2.0,0.0028226375579833984
15.0,0.0,0.0,0.0015001296997070312
31.0,3.0,3.0,0.004530191421508789
22.0,2.0,2.0,0.002999544143676758
36.0,3.0,3.0,0.0060422420501708984
11.0,0.0,0.0,0.0020012855529785156
21.0,1.0,1.0,0.004744291305541992
20.0,0.0,0.0,0.002644777297973633
19.0,0.0,0.0,0.002582073211669922
24.0,1.0,1.0,0.003972768783569336
43.0,2.0,2.0,0.005631923675537109
77.0,3.0,3.0,0.010215997695922852
16.0,1.0,1.0,0.0015039443969726562
22.0,1.0,1.0,0.0020072460174560547
13.0,0.0,0.0,0.0025098323822021484
44.0,1.0,1.0,0.005643129348754883
66.0,1.0,1.0,0.008747577667236328
19.0,0.0,0.0,0.0032405853271484375
20.0,0.0,0.0,0.001856088638305664
24.0,0.0,0.0,0.004955291748046875
37.0,2.0,2.0,0.006402730941772461
32.0,1.0,1.0,0.003922462463378906
58.0,0.0,0.0,0.009264945983886719
18.0,3.0,3.0,0.0025463104248046875
40.0,0.0,0.0,0.005789041519165039
109.0,4.0,4.0,0.01613926887512207
31.0,0.0,0.0,0.004581451416015625
44.0,1.0,1.0,0.008615493774414062
85.0,5.0,5.0,0.02286386489868164
13.0,1.0,1.0,0.0020139217376708984
20.0,0.0,0.0,0.005280017852783203
25.0,3.0,3.0,0.005438566207885742
50.0,1.0,1.0,0.010527610778808594
54.0,2.0,2.0,0.009793996810913086
26.0,1.0,1.0,0.0046024322509765625
29.0,4.0,4.0,0.00531005859375
20.0,0.0,0.0,0.004341840744018555
51.0,3.0,3.0,0.008154630661010742
14.0,0.0,0.0,0.002967357635498047
20.0,0.0,0.0,0.001583099365234375
94.0,4.0,4.0,0.012087583541870117
79.0,0.0,0.0,0.01408529281616211
46.0,1.0,1.0,0.007142782211303711
60.0,2.0,2.0,0.011911392211914062
23.0,1.0,1.0,0.004291534423828125
51.0,1.0,1.0,0.008441925048828125
13.0,1.0,1.0,0.001009225845336914
18.0,1.0,1.0,0.0030961036682128906
13.0,2.0,2.0,0.0025398731231689453
50.0,0.0,0.0,0.009718894958496094
64.0,2.0,2.0,0.010195493698120117
32.0,0.0,0.0,0.00505518913269043
87.0,3.0,3.0,0.011733293533325195
56.0,4.0,4.0,0.009789466857910156
21.0,1.0,1.0,0.003015756607055664
37.0,1.0,1.0,0.00480341911315918
137.0,4.0,4.0,0.017858266830444336
31.0,3.0,3.0,0.0052165985107421875
24.0,0.0,0.0,0.003287792205810547
23.0,0.0,0.0,0.0041544437408447266
52.0,0.0,0.0,0.007681131362915039
18.0,0.0,0.0,0.0025069713592529297
37.0,3.0,3.0,0.0065839290618896484
37.0,0.0,0.0,0.004748821258544922
13.0,0.0,0.0,0.0019426345825195312
14.0,2.0,2.0,0.002084016799926758
54.0,4.0,4.0,0.007768869400024414
44.0,0.0,0.0,0.00798487663269043
24.0,1.0,1.0,0.004020214080810547
12.0,1.0,1.0,0.002502918243408203
24.0,2.0,2.0,0.0031740665435791016
14.0,0.0,0.0,0.0020003318786621094
33.0,3.0,3.0,0.004145383834838867
105.0,9.0,9.0,0.013701915740966797
22.0,2.0,2.0,0.004061460494995117
35.0,1.0,1.0,0.004547595977783203
70.0,4.0,4.0,0.009055376052856445
35.0,3.0,3.0,0.004762411117553711
13.0,1.0,1.0,0.001969575881958008
28.0,2.0,2.0,0.004185676574707031
41.0,0.0,0.0,0.00458526611328125
39.0,1.0,1.0,0.005648612976074219
30.0,3.0,3.0,0.004925251007080078
33.0,0.0,0.0,0.00445556640625
23.0,0.0,0.0,0.005275726318359375
27.0,2.0,2.0,0.004408836364746094
25.0,2.0,2.0,0.0035507678985595703
15.0,0.0,0.0,0.0025281906127929688
24.0,3.0,3.0,0.00307464599609375
38.0,5.0,5.0,0.004662513732910156
31.0,7.0,7.0,0.004999876022338867
46.0,1.0,1.0,0.006131410598754883
15.0,2.0,2.0,0.0020291805267333984
37.0,2.0,2.0,0.004583835601806641
45.0,4.0,4.0,0.006234884262084961
38.0,1.0,1.0,0.004923343658447266
11.0,0.0,0.0,0.002017498016357422
19.0,1.0,1.0,0.0020422935485839844
21.0,0.0,0.0,0.0038013458251953125
29.0,0.0,0.0,0.004004478454589844
20.0,1.0,1.0,0.0029311180114746094
94.0,3.0,3.0,0.012278556823730469
56.0,2.0,2.0,0.009137630462646484
16.0,0.0,0.0,0.0025053024291992188
18.0,3.0,3.0,0.0025072097778320312
13.0,0.0,0.0,0.0020194053649902344
44.0,0.0,0.0,0.00552821159362793
14.0,0.0,0.0,0.0020208358764648438
73.0,4.0,4.0,0.013199806213378906
21.0,0.0,0.0,0.004620790481567383
21.0,0.0,0.0,0.0037724971771240234
60.0,1.0,1.0,0.008054256439208984
27.0,0.0,0.0,0.003603696823120117
103.0,10.0,10.0,0.014005422592163086
34.0,1.0,1.0,0.004101276397705078
44.0,3.0,3.0,0.006888151168823242
21.0,0.0,0.0,0.0025086402893066406
15.0,1.0,1.0,0.0027642250061035156
53.0,2.0,2.0,0.007519245147705078
18.0,0.0,0.0,0.003022432327270508
21.0,1.0,1.0,0.0029532909393310547
103.0,2.0,2.0,0.01553797721862793
13.0,0.0,0.0,0.0024995803833007812
32.0,0.0,0.0,0.003663778305053711
35.0,1.0,1.0,0.004513740539550781
22.0,3.0,3.0,0.005013704299926758
29.0,0.0,0.0,0.004548072814941406
37.0,2.0,2.0,0.004698514938354492
13.0,0.0,0.0,0.0031003952026367188
28.0,0.0,0.0,0.0035810470581054688
16.0,0.0,0.0,0.0025115013122558594
72.0,2.0,2.0,0.010949850082397461
19.0,2.0,2.0,0.002001523971557617
67.0,4.0,4.0,0.008508920669555664
13.0,0.0,0.0,0.002003908157348633
44.0,3.0,3.0,0.005522012710571289
98.0,8.0,8.0,0.012267112731933594
33.0,2.0,2.0,0.005664348602294922
68.0,4.0,4.0,0.009403228759765625
25.0,0.0,0.0,0.003324747085571289
25.0,1.0,1.0,0.003008127212524414
24.0,0.0,0.0,0.00407099723815918
32.0,1.0,1.0,0.004877805709838867
14.0,0.0,0.0,0.002508878707885742
18.0,0.0,0.0,0.0022208690643310547
29.0,3.0,3.0,0.0035827159881591797
12.0,0.0,0.0,0.002226591110229492
16.0,1.0,1.0,0.0012841224670410156
30.0,0.0,0.0,0.005479574203491211
37.0,1.0,1.0,0.004978656768798828
46.0,1.0,1.0,0.005743265151977539
39.0,1.0,1.0,0.0057697296142578125
72.0,6.0,6.0,0.00909113883972168
43.0,1.0,1.0,0.0054779052734375
13.0,0.0,0.0,0.0015189647674560547
56.0,3.0,3.0,0.00735163688659668
21.0,0.0,0.0,0.00276947021484375
14.0,1.0,1.0,0.001787424087524414
72.0,4.0,4.0,0.009770631790161133
13.0,1.0,1.0,0.0020008087158203125
58.0,2.0,2.0,0.0078008174896240234
89.0,5.0,5.0,0.011691570281982422
59.0,1.0,1.0,0.00775909423828125
25.0,0.0,0.0,0.0036873817443847656
11.0,0.0,0.0,0.0018956661224365234
19.0,4.0,4.0,0.002895832061767578
46.0,3.0,3.0,0.005616903305053711
17.0,0.0,0.0,0.0025017261505126953
30.0,1.0,1.0,0.0032486915588378906
17.0,0.0,0.0,0.0029916763305664062
17.0,0.0,0.0,0.002122640609741211
20.0,1.0,1.0,0.0030198097229003906
90.0,2.0,2.0,0.01104116439819336
20.0,0.0,0.0,0.002143383026123047
29.0,1.0,1.0,0.0037364959716796875
11.0,0.0,0.0,0.0020914077758789062
51.0,1.0,1.0,0.00858306884765625
38.0,1.0,1.0,0.0046999454498291016
26.0,1.0,1.0,0.007539987564086914
11.0,0.0,0.0,0.003010272979736328
18.0,0.0,0.0,0.004340410232543945
11.0,0.0,0.0,0.0010068416595458984
15.0,0.0,0.0,0.001998424530029297
16.0,0.0,0.0,0.0029993057250976562
15.0,0.0,0.0,0.002857685089111328
66.0,3.0,3.0,0.009275436401367188
58.0,6.0,6.0,0.007942438125610352
94.0,6.0,6.0,0.012157201766967773
82.0,6.0,6.0,0.011206626892089844
32.0,1.0,1.0,0.004644870758056641
115.0,9.0,9.0,0.016447782516479492
19.0,3.0,3.0,0.00243377685546875
50.0,2.0,2.0,0.0077435970306396484
43.0,3.0,3.0,0.006318330764770508
34.0,0.0,0.0,0.005701303482055664
52.0,1.0,1.0,0.006821393966674805
20.0,0.0,0.0,0.0030698776245117188
25.0,2.0,2.0,0.0027990341186523438
21.0,2.0,2.0,0.003122091293334961
43.0,1.0,1.0,0.006532192230224609
20.0,0.0,0.0,0.0028607845306396484
40.0,3.0,3.0,0.005753993988037109
14.0,0.0,0.0,0.0015597343444824219
29.0,1.0,1.0,0.003968000411987305
44.0,4.0,4.0,0.006232738494873047
14.0,1.0,1.0,0.004226207733154297
11.0,0.0,0.0,0.0015168190002441406
40.0,0.0,0.0,0.007143259048461914
13.0,1.0,1.0,0.0023343563079833984
22.0,1.0,1.0,0.004148960113525391
13.0,1.0,1.0,0.0015268325805664062
26.0,2.0,2.0,0.003640413284301758
38.0,3.0,3.0,0.00426173210144043
83.0,0.0,0.0,0.010136127471923828
30.0,0.0,0.0,0.0055387020111083984
22.0,0.0,0.0,0.0031757354736328125
18.0,1.0,1.0,0.0042150020599365234
100.0,7.0,7.0,0.013579368591308594
89.0,5.0,5.0,0.010979175567626953
12.0,0.0,0.0,0.002112150192260742
12.0,0.0,0.0,0.0016469955444335938
79.0,0.0,0.0,0.010242223739624023
52.0,1.0,1.0,0.007092714309692383
18.0,0.0,0.0,0.0030074119567871094
45.0,4.0,4.0,0.004843473434448242
11.0,0.0,0.0,0.0019872188568115234
13.0,0.0,0.0,0.0017821788787841797
20.0,2.0,2.0,0.002179861068725586
61.0,5.0,5.0,0.007683753967285156
26.0,3.0,3.0,0.002894163131713867
44.0,0.0,0.0,0.005650520324707031
18.0,1.0,1.0,0.0018084049224853516
168.0,11.0,11.0,0.024450063705444336
12.0,0.0,0.0,0.002139568328857422
23.0,2.0,2.0,0.004062652587890625
13.0,0.0,0.0,0.002635955810546875
35.0,0.0,0.0,0.005529642105102539
34.0,0.0,0.0,0.004497528076171875
91.0,14.0,14.0,0.015906572341918945
66.0,0.0,0.0,0.008682012557983398
17.0,3.0,3.0,0.00299835205078125
39.0,1.0,1.0,0.004539966583251953
13.0,0.0,0.0,0.002017974853515625
14.0,1.0,1.0,0.002001047134399414
86.0,3.0,3.0,0.014197587966918945
27.0,0.0,0.0,0.004000186920166016
68.0,0.0,0.0,0.012671232223510742
236.0,10.0,10.0,0.039246320724487305
69.0,2.0,2.0,0.010292768478393555
73.0,5.0,5.0,0.00947117805480957
89.0,7.0,7.0,0.011651039123535156
33.0,1.0,1.0,0.004882097244262695
44.0,1.0,1.0,0.007184505462646484
24.0,0.0,0.0,0.0033652782440185547
50.0,2.0,2.0,0.0067288875579833984
24.0,1.0,1.0,0.0026361942291259766
14.0,0.0,0.0,0.002999544143676758
35.0,0.0,0.0,0.004660606384277344
91.0,0.0,0.0,0.013208150863647461
27.0,1.0,1.0,0.0027611255645751953
41.0,1.0,1.0,0.006237983703613281
12.0,0.0,0.0,0.0019981861114501953
85.0,0.0,0.0,0.01215219497680664
14.0,2.0,2.0,0.0021321773529052734
60.0,5.0,5.0,0.009703397750854492
12.0,1.0,1.0,0.0023114681243896484
30.0,0.0,0.0,0.003996849060058594
30.0,1.0,1.0,0.00372314453125
13.0,0.0,0.0,0.0019986629486083984
49.0,4.0,4.0,0.0071451663970947266
35.0,2.0,2.0,0.0045452117919921875
39.0,2.0,2.0,0.0055084228515625
16.0,3.0,3.0,0.002529144287109375
83.0,2.0,2.0,0.011691808700561523
17.0,0.0,0.0,0.0025053024291992188
93.0,4.0,4.0,0.014223575592041016
27.0,0.0,0.0,0.0036449432373046875
32.0,1.0,1.0,0.003790616989135742
23.0,2.0,2.0,0.0032455921173095703
26.0,3.0,3.0,0.0028543472290039062
29.0,1.0,1.0,0.00412750244140625
17.0,1.0,1.0,0.001544952392578125
37.0,0.0,0.0,0.0067768096923828125
38.0,2.0,2.0,0.004999637603759766
85.0,1.0,1.0,0.012342691421508789
124.0,2.0,2.0,0.020458698272705078
12.0,1.0,1.0,0.002003192901611328
47.0,3.0,3.0,0.006641387939453125
67.0,2.0,2.0,0.010035037994384766
25.0,3.0,3.0,0.004312992095947266
46.0,1.0,1.0,0.005724668502807617
31.0,0.0,0.0,0.004093647003173828
28.0,0.0,0.0,0.004306316375732422
46.0,3.0,3.0,0.006007671356201172
48.0,1.0,1.0,0.0075495243072509766
116.0,5.0,5.0,0.015887737274169922
25.0,0.0,0.0,0.003000020980834961
14.0,0.0,0.0,0.0028831958770751953
35.0,2.0,2.0,0.007227182388305664
30.0,1.0,1.0,0.004367351531982422
41.0,3.0,3.0,0.005245685577392578
13.0,0.0,0.0,0.0019989013671875
48.0,2.0,2.0,0.006089448928833008
34.0,1.0,1.0,0.005155801773071289
35.0,0.0,0.0,0.004011631011962891
21.0,1.0,1.0,0.003938436508178711
67.0,4.0,4.0,0.009739398956298828
44.0,1.0,1.0,0.007233142852783203
24.0,2.0,2.0,0.0035283565521240234
32.0,1.0,1.0,0.0035140514373779297
106.0,3.0,3.0,0.01396942138671875
14.0,1.0,1.0,0.0021157264709472656
12.0,1.0,1.0,0.0021407604217529297
66.0,6.0,6.0,0.009472846984863281
20.0,0.0,0.0,0.002731800079345703
14.0,0.0,0.0,0.002101421356201172
13.0,0.0,0.0,0.002369403839111328
25.0,1.0,1.0,0.0027685165405273438
58.0,1.0,1.0,0.008005857467651367
17.0,0.0,0.0,0.003000020980834961
12.0,1.0,1.0,0.0017354488372802734
92.0,4.0,4.0,0.012055158615112305
25.0,0.0,0.0,0.004008769989013672
17.0,1.0,1.0,0.001825094223022461
22.0,0.0,0.0,0.0032079219818115234
18.0,1.0,1.0,0.002584218978881836
26.0,0.0,0.0,0.0046427249908447266
29.0,1.0,1.0,0.004709482192993164
11.0,0.0,0.0,0.0015330314636230469
37.0,2.0,2.0,0.004499912261962891
68.0,6.0,6.0,0.009803295135498047
32.0,2.0,2.0,0.004770994186401367
68.0,5.0,5.0,0.009244918823242188
32.0,1.0,1.0,0.0035369396209716797
32.0,0.0,0.0,0.00530552864074707
47.0,6.0,6.0,0.0060117244720458984
65.0,4.0,4.0,0.009620428085327148
21.0,0.0,0.0,0.0026862621307373047
39.0,2.0,2.0,0.00736689567565918
50.0,1.0,1.0,0.005747795104980469
44.0,5.0,5.0,0.0050776004791259766
13.0,1.0,1.0,0.0010042190551757812
51.0,0.0,0.0,0.006534576416015625
15.0,0.0,0.0,0.0025892257690429688
13.0,0.0,0.0,0.0020329952239990234
73.0,1.0,1.0,0.010317802429199219
12.0,1.0,1.0,0.0010170936584472656
14.0,0.0,0.0,0.003222942352294922
25.0,0.0,0.0,0.004259586334228516
16.0,1.0,1.0,0.002187967300415039
16.0,0.0,0.0,0.0023741722106933594
14.0,3.0,3.0,0.003139495849609375
23.0,4.0,4.0,0.005973339080810547
11.0,1.0,1.0,0.0020020008087158203
13.0,0.0,0.0,0.002281665802001953
28.0,0.0,0.0,0.004426002502441406
17.0,0.0,0.0,0.002172708511352539
27.0,0.0,0.0,0.004326820373535156
41.0,4.0,4.0,0.008624076843261719
83.0,5.0,5.0,0.014865398406982422
23.0,0.0,0.0,0.003468036651611328
23.0,0.0,0.0,0.0040721893310546875
19.0,2.0,2.0,0.003154277801513672
15.0,1.0,1.0,0.0032460689544677734
99.0,3.0,3.0,0.018840789794921875
25.0,1.0,1.0,0.004957675933837891
92.0,2.0,2.0,0.013764381408691406
46.0,2.0,2.0,0.006609916687011719
16.0,2.0,2.0,0.001775503158569336
13.0,1.0,1.0,0.0017590522766113281
12.0,1.0,1.0,0.0019550323486328125
13.0,0.0,0.0,0.001744985580444336
27.0,0.0,0.0,0.004847049713134766
26.0,0.0,0.0,0.0040013790130615234
99.0,5.0,5.0,0.013774394989013672
15.0,1.0,1.0,0.0022728443145751953
27.0,2.0,2.0,0.004737138748168945
80.0,1.0,1.0,0.010696172714233398
19.0,2.0,2.0,0.0025055408477783203
12.0,0.0,0.0,0.0021581649780273438
33.0,1.0,1.0,0.005621671676635742
12.0,0.0,0.0,0.002089262008666992
27.0,4.0,4.0,0.005559682846069336
32.0,1.0,1.0,0.004674196243286133
62.0,4.0,4.0,0.008425712585449219
14.0,0.0,0.0,0.002000570297241211
94.0,5.0,5.0,0.012952804565429688
20.0,0.0,0.0,0.0027005672454833984
17.0,2.0,2.0,0.0019996166229248047
12.0,0.0,0.0,0.0010128021240234375
29.0,1.0,1.0,0.004052639007568359
15.0,0.0,0.0,0.0021283626556396484
36.0,0.0,0.0,0.006202220916748047
56.0,0.0,0.0,0.008309364318847656
45.0,8.0,8.0,0.006705045700073242
43.0,0.0,0.0,0.006740570068359375
35.0,4.0,4.0,0.0045163631439208984
16.0,0.0,0.0,0.002562999725341797
13.0,0.0,0.0,0.0020074844360351562
17.0,0.0,0.0,0.002126932144165039
93.0,2.0,2.0,0.01304006576538086
11.0,0.0,0.0,0.0020096302032470703
21.0,1.0,1.0,0.004190921783447266
17.0,2.0,2.0,0.0029985904693603516
37.0,2.0,2.0,0.0061495304107666016
68.0,3.0,3.0,0.008985757827758789
28.0,0.0,0.0,0.004381418228149414
14.0,3.0,3.0,0.0024199485778808594
94.0,10.0,10.0,0.013729095458984375
81.0,8.0,8.0,0.010766029357910156
103.0,4.0,4.0,0.016796350479125977
59.0,0.0,0.0,0.009428977966308594
27.0,1.0,1.0,0.0038995742797851562
13.0,0.0,0.0,0.0021386146545410156
11.0,0.0,0.0,0.0023775100708007812
11.0,1.0,1.0,0.0010554790496826172
53.0,0.0,0.0,0.00966954231262207
51.0,5.0,5.0,0.008678436279296875
21.0,0.0,0.0,0.0029990673065185547
27.0,0.0,0.0,0.004585742950439453
45.0,0.0,0.0,0.0064849853515625
36.0,0.0,0.0,0.004517078399658203
24.0,1.0,1.0,0.00336456298828125
31.0,1.0,1.0,0.004113674163818359
40.0,2.0,2.0,0.006026506423950195
11.0,0.0,0.0,0.0010027885437011719
103.0,7.0,7.0,0.022306203842163086
32.0,3.0,3.0,0.006604194641113281
43.0,2.0,2.0,0.005839347839355469
21.0,0.0,0.0,0.002936124801635742
58.0,0.0,0.0,0.01076507568359375
146.0,16.0,16.0,0.020163536071777344
19.0,0.0,0.0,0.0021352767944335938
55.0,3.0,3.0,0.007428884506225586
82.0,2.0,2.0,0.010960578918457031
49.0,1.0,1.0,0.0062885284423828125
43.0,6.0,6.0,0.006219625473022461
22.0,1.0,1.0,0.002611398696899414
28.0,3.0,3.0,0.003417491912841797
60.0,2.0,2.0,0.007398128509521484
15.0,0.0,0.0,0.002000570297241211
53.0,1.0,1.0,0.007027864456176758
18.0,0.0,0.0,0.0027747154235839844
15.0,1.0,1.0,0.0022821426391601562
24.0,1.0,1.0,0.0029914379119873047
23.0,0.0,0.0,0.004337310791015625
49.0,5.0,5.0,0.00800323486328125
18.0,4.0,4.0,0.002011537551879883
101.0,1.0,1.0,0.014441251754760742
82.0,7.0,7.0,0.011441946029663086
13.0,0.0,0.0,0.001901865005493164
126.0,3.0,3.0,0.016023874282836914
63.0,8.0,8.0,0.008456707000732422
17.0,1.0,1.0,0.0025064945220947266
12.0,0.0,0.0,0.0013701915740966797
30.0,1.0,1.0,0.004570722579956055
24.0,4.0,4.0,0.0027086734771728516
29.0,2.0,2.0,0.00388336181640625
59.0,1.0,1.0,0.007624149322509766
48.0,2.0,2.0,0.007173061370849609
59.0,2.0,2.0,0.007308244705200195
36.0,0.0,0.0,0.00519108772277832
32.0,1.0,1.0,0.004683971405029297
28.0,5.0,5.0,0.0034656524658203125
62.0,2.0,2.0,0.00854349136352539
11.0,0.0,0.0,0.0011315345764160156
69.0,0.0,0.0,0.00867462158203125
12.0,0.0,0.0,0.001998424530029297
13.0,2.0,2.0,0.001995086669921875
29.0,5.0,5.0,0.004851818084716797
56.0,5.0,5.0,0.007741212844848633
52.0,0.0,0.0,0.008125782012939453
28.0,2.0,2.0,0.0037522315979003906
75.0,2.0,2.0,0.010083675384521484
13.0,0.0,0.0,0.002785921096801758
93.0,2.0,2.0,0.014071464538574219
12.0,0.0,0.0,0.0020034313201904297
61.0,2.0,2.0,0.00841212272644043
80.0,3.0,3.0,0.011239051818847656
15.0,1.0,1.0,0.001996755599975586
68.0,1.0,1.0,0.013685226440429688
51.0,5.0,5.0,0.007113933563232422
32.0,1.0,1.0,0.004718780517578125
85.0,5.0,5.0,0.012636423110961914
37.0,2.0,2.0,0.00501251220703125
17.0,3.0,3.0,0.0015268325805664062
36.0,2.0,2.0,0.005252838134765625
36.0,2.0,2.0,0.00565791130065918
16.0,1.0,1.0,0.0034248828887939453
19.0,2.0,2.0,0.002734661102294922
48.0,0.0,0.0,0.0074117183685302734
22.0,2.0,2.0,0.002699613571166992
28.0,0.0,0.0,0.005315303802490234
47.0,2.0,2.0,0.009353876113891602
24.0,0.0,0.0,0.0036945343017578125
27.0,0.0,0.0,0.0036439895629882812
13.0,0.0,0.0,0.002130746841430664
40.0,2.0,2.0,0.004850149154663086
72.0,6.0,6.0,0.010509967803955078
25.0,0.0,0.0,0.0035085678100585938
11.0,0.0,0.0,0.0021505355834960938
64.0,1.0,1.0,0.009810686111450195
21.0,0.0,0.0,0.002810955047607422
17.0,0.0,0.0,0.00249481201171875
42.0,0.0,0.0,0.006364345550537109
11.0,1.0,1.0,0.0021185874938964844
48.0,2.0,2.0,0.007151603698730469
23.0,0.0,0.0,0.003523588180541992
18.0,0.0,0.0,0.0017960071563720703
34.0,0.0,0.0,0.005090475082397461
46.0,4.0,4.0,0.006634950637817383
28.0,1.0,1.0,0.0036339759826660156
57.0,1.0,1.0,0.007649898529052734
12.0,0.0,0.0,0.001251220703125
136.0,1.0,1.0,0.01884913444519043
34.0,0.0,0.0,0.0066373348236083984
20.0,0.0,0.0,0.002512693405151367
30.0,6.0,6.0,0.004542350769042969
61.0,3.0,3.0,0.008611917495727539
59.0,1.0,1.0,0.008889436721801758
34.0,1.0,1.0,0.0054857730865478516
70.0,5.0,5.0,0.009417533874511719
12.0,1.0,1.0,0.0013031959533691406
47.0,3.0,3.0,0.00703120231628418
36.0,1.0,1.0,0.005424022674560547
26.0,3.0,3.0,0.004000186920166016
15.0,1.0,1.0,0.0018281936645507812
14.0,0.0,0.0,0.0015349388122558594
33.0,1.0,1.0,0.005303382873535156
93.0,4.0,4.0,0.014856576919555664
15.0,1.0,1.0,0.0032646656036376953
59.0,0.0,0.0,0.010193109512329102
29.0,0.0,0.0,0.003989219665527344
16.0,0.0,0.0,0.0014011859893798828
21.0,1.0,1.0,0.003007650375366211
12.0,0.0,0.0,0.002893686294555664
18.0,1.0,1.0,0.002998828887939453
14.0,1.0,1.0,0.003781557083129883
29.0,3.0,3.0,0.004643917083740234
26.0,2.0,2.0,0.004007816314697266
40.0,1.0,1.0,0.0051496028900146484
24.0,2.0,2.0,0.004993438720703125
14.0,0.0,0.0,0.003826618194580078
12.0,0.0,0.0,0.002228975296020508
17.0,0.0,0.0,0.002490520477294922
29.0,0.0,0.0,0.003998756408691406
25.0,0.0,0.0,0.0031549930572509766
25.0,2.0,2.0,0.0025207996368408203
20.0,0.0,0.0,0.002633333206176758
127.0,4.0,4.0,0.018472671508789062
14.0,1.0,1.0,0.0036339759826660156
15.0,0.0,0.0,0.0018923282623291016
71.0,0.0,0.0,0.009656429290771484
27.0,2.0,2.0,0.004648923873901367
11.0,0.0,0.0,0.0010035037994384766
28.0,4.0,4.0,0.004625558853149414
38.0,1.0,1.0,0.0053577423095703125
13.0,2.0,2.0,0.0021953582763671875
48.0,3.0,3.0,0.007143735885620117
86.0,3.0,3.0,0.01221156120300293
49.0,0.0,0.0,0.0068743228912353516
23.0,0.0,0.0,0.0034127235412597656
36.0,3.0,3.0,0.00515437126159668
60.0,0.0,0.0,0.00867152214050293
23.0,0.0,0.0,0.0036644935607910156
35.0,3.0,3.0,0.004030942916870117
106.0,3.0,3.0,0.015590429306030273
87.0,5.0,5.0,0.015737533569335938
21.0,0.0,0.0,0.0034379959106445312
38.0,1.0,1.0,0.005525112152099609
45.0,3.0,3.0,0.007763385772705078
24.0,1.0,1.0,0.004164695739746094
33.0,0.0,0.0,0.005011320114135742
20.0,1.0,1.0,0.0033218860626220703
17.0,0.0,0.0,0.0025207996368408203
49.0,0.0,0.0,0.0065844058990478516
20.0,3.0,3.0,0.0029976367950439453
13.0,2.0,2.0,0.002108335494995117
116.0,7.0,7.0,0.016823291778564453
57.0,3.0,3.0,0.007900238037109375
13.0,1.0,1.0,0.00278472900390625
50.0,1.0,1.0,0.007276296615600586
58.0,2.0,2.0,0.011166095733642578
78.0,6.0,6.0,0.010885000228881836
89.0,1.0,1.0,0.013436079025268555
29.0,2.0,2.0,0.0041086673736572266
26.0,0.0,0.0,0.003643512725830078
20.0,0.0,0.0,0.002801179885864258
36.0,0.0,0.0,0.004862308502197266
124.0,7.0,7.0,0.016175508499145508
20.0,2.0,2.0,0.003843069076538086
141.0,10.0,10.0,0.020054101943969727
33.0,1.0,1.0,0.005964994430541992
17.0,2.0,2.0,0.002610445022583008
97.0,3.0,3.0,0.013884305953979492
22.0,0.0,0.0,0.0029969215393066406
16.0,0.0,0.0,0.0021712779998779297
26.0,4.0,4.0,0.0030181407928466797
75.0,2.0,2.0,0.010809659957885742
34.0,4.0,4.0,0.0051822662353515625
12.0,0.0,0.0,0.0019927024841308594
166.0,6.0,6.0,0.021420717239379883
15.0,1.0,1.0,0.001737833023071289
16.0,1.0,1.0,0.0025217533111572266
47.0,0.0,0.0,0.006651163101196289
15.0,0.0,0.0,0.0019981861114501953
64.0,5.0,5.0,0.011214733123779297
21.0,1.0,1.0,0.0025391578674316406
30.0,0.0,0.0,0.004015207290649414
11.0,0.0,0.0,0.0021338462829589844
13.0,0.0,0.0,0.0015807151794433594
20.0,0.0,0.0,0.0028259754180908203
69.0,11.0,11.0,0.010450363159179688
20.0,1.0,1.0,0.003223419189453125
22.0,0.0,0.0,0.002997875213623047
18.0,0.0,0.0,0.0037622451782226562
42.0,3.0,3.0,0.0055828094482421875
29.0,2.0,2.0,0.0044710636138916016
34.0,4.0,4.0,0.00478672981262207
23.0,4.0,4.0,0.0035240650177001953
45.0,1.0,1.0,0.006148338317871094
17.0,2.0,2.0,0.001998424530029297
16.0,1.0,1.0,0.0027265548706054688
77.0,7.0,7.0,0.010525226593017578
13.0,1.0,1.0,0.0020020008087158203
81.0,3.0,3.0,0.010680675506591797
12.0,0.0,0.0,0.003657817840576172
52.0,3.0,3.0,0.01138925552368164
24.0,1.0,1.0,0.004306316375732422
24.0,2.0,2.0,0.003824472427368164
33.0,2.0,2.0,0.004019498825073242
88.0,5.0,5.0,0.011739015579223633
13.0,0.0,0.0,0.0020759105682373047
66.0,1.0,1.0,0.0079345703125
33.0,1.0,1.0,0.005270481109619141
13.0,0.0,0.0,0.002149820327758789
17.0,0.0,0.0,0.002012014389038086
30.0,2.0,2.0,0.0039980411529541016
34.0,1.0,1.0,0.005526304244995117
113.0,4.0,4.0,0.018095970153808594
21.0,0.0,0.0,0.0039861202239990234
15.0,1.0,1.0,0.001981973648071289
13.0,1.0,1.0,0.002007007598876953
86.0,4.0,4.0,0.016646146774291992
29.0,0.0,0.0,0.004017829895019531
13.0,1.0,1.0,0.0020189285278320312
47.0,4.0,4.0,0.007292985916137695
53.0,4.0,4.0,0.007082939147949219
30.0,0.0,0.0,0.004075527191162109
11.0,0.0,0.0,0.0011241436004638672
32.0,8.0,8.0,0.0051615238189697266
37.0,0.0,0.0,0.0058057308197021484
55.0,0.0,0.0,0.008002758026123047
22.0,2.0,2.0,0.0036308765411376953
15.0,2.0,2.0,0.0019969940185546875
16.0,0.0,0.0,0.0017116069793701172
14.0,0.0,0.0,0.0019981861114501953
26.0,0.0,0.0,0.0039997100830078125
27.0,4.0,4.0,0.00558018684387207
46.0,0.0,0.0,0.011009454727172852
15.0,1.0,1.0,0.0034379959106445312
139.0,5.0,5.0,0.031377315521240234
119.0,2.0,2.0,0.018908977508544922
25.0,0.0,0.0,0.004309177398681641
116.0,7.0,7.0,0.020953893661499023
39.0,2.0,2.0,0.008529186248779297
38.0,5.0,5.0,0.007255077362060547
16.0,1.0,1.0,0.0023431777954101562
34.0,2.0,2.0,0.004746675491333008
67.0,3.0,3.0,0.00960683822631836
49.0,3.0,3.0,0.007925271987915039
40.0,4.0,4.0,0.009118795394897461
107.0,5.0,5.0,0.02283024787902832
59.0,5.0,5.0,0.00976705551147461
14.0,2.0,2.0,0.003962039947509766
38.0,1.0,1.0,0.004945993423461914
59.0,2.0,2.0,0.00869131088256836
13.0,1.0,1.0,0.001546621322631836
41.0,0.0,0.0,0.0064198970794677734
37.0,0.0,0.0,0.005664825439453125
15.0,0.0,0.0,0.0016438961029052734
30.0,1.0,1.0,0.005007505416870117
55.0,6.0,6.0,0.0069997310638427734
43.0,2.0,2.0,0.006162166595458984
94.0,7.0,7.0,0.01182699203491211
48.0,2.0,2.0,0.006379365921020508
34.0,1.0,1.0,0.005628108978271484
28.0,0.0,0.0,0.004526615142822266
21.0,2.0,2.0,0.003002166748046875
23.0,1.0,1.0,0.0027844905853271484
13.0,0.0,0.0,0.0010004043579101562
75.0,2.0,2.0,0.009320974349975586
46.0,3.0,3.0,0.0066680908203125
52.0,4.0,4.0,0.007463216781616211
20.0,0.0,0.0,0.0025246143341064453
14.0,0.0,0.0,0.001995563507080078
34.0,1.0,1.0,0.005040645599365234
107.0,0.0,0.0,0.014929056167602539
77.0,3.0,3.0,0.012057781219482422
31.0,0.0,0.0,0.004109382629394531
25.0,2.0,2.0,0.0035238265991210938
25.0,0.0,0.0,0.003613710403442383
82.0,4.0,4.0,0.013176679611206055
16.0,3.0,3.0,0.003244638442993164
25.0,1.0,1.0,0.004683732986450195
28.0,0.0,0.0,0.0037994384765625
97.0,1.0,1.0,0.014950037002563477
23.0,0.0,0.0,0.003211498260498047
75.0,6.0,6.0,0.012166976928710938
46.0,3.0,3.0,0.0053904056549072266
30.0,0.0,0.0,0.0043675899505615234
11.0,0.0,0.0,0.0021991729736328125
32.0,0.0,0.0,0.003764629364013672
50.0,1.0,1.0,0.006615638732910156
36.0,0.0,0.0,0.0077326297760009766
34.0,0.0,0.0,0.0055162906646728516
26.0,0.0,0.0,0.0036592483520507812
23.0,0.0,0.0,0.004068136215209961
19.0,2.0,2.0,0.002535104751586914
23.0,2.0,2.0,0.0028693675994873047
35.0,7.0,7.0,0.006068229675292969
14.0,0.0,0.0,0.0019979476928710938
32.0,3.0,3.0,0.0051348209381103516
39.0,3.0,3.0,0.005676746368408203
18.0,1.0,1.0,0.0026450157165527344
96.0,6.0,6.0,0.015763282775878906
14.0,0.0,0.0,0.001996755599975586
13.0,1.0,1.0,0.0019991397857666016
23.0,0.0,0.0,0.0046443939208984375
16.0,0.0,0.0,0.002619504928588867
18.0,0.0,0.0,0.0026090145111083984
96.0,3.0,3.0,0.013606071472167969
42.0,0.0,0.0,0.005667924880981445
64.0,7.0,7.0,0.008507251739501953
21.0,2.0,2.0,0.0030012130737304688
59.0,1.0,1.0,0.008845090866088867
67.0,8.0,8.0,0.010132551193237305
34.0,3.0,3.0,0.005846977233886719
13.0,2.0,2.0,0.003003835678100586
20.0,1.0,1.0,0.002954244613647461
14.0,0.0,0.0,0.0015225410461425781
27.0,1.0,1.0,0.003650188446044922
60.0,4.0,4.0,0.008532524108886719
42.0,2.0,2.0,0.006478548049926758
108.0,8.0,8.0,0.014513731002807617
78.0,1.0,1.0,0.011975526809692383
92.0,4.0,4.0,0.01373600959777832
28.0,0.0,0.0,0.0040035247802734375
36.0,1.0,1.0,0.0058994293212890625
110.0,2.0,2.0,0.01583385467529297
38.0,0.0,0.0,0.005321025848388672
25.0,2.0,2.0,0.0029997825622558594
81.0,3.0,3.0,0.012705087661743164
28.0,0.0,0.0,0.00397181510925293
11.0,0.0,0.0,0.0016515254974365234
42.0,1.0,1.0,0.005961894989013672
18.0,0.0,0.0,0.0026302337646484375
11.0,0.0,0.0,0.0018849372863769531
94.0,4.0,4.0,0.015611648559570312
142.0,3.0,3.0,0.018441200256347656
135.0,15.0,15.0,0.01904749870300293
11.0,0.0,0.0,0.001649618148803711
11.0,0.0,0.0,0.0012924671173095703
18.0,0.0,0.0,0.00267791748046875
33.0,0.0,0.0,0.0055332183837890625
57.0,0.0,0.0,0.00735926628112793
81.0,5.0,5.0,0.010614395141601562
39.0,3.0,3.0,0.005714893341064453
67.0,3.0,3.0,0.008701801300048828
18.0,1.0,1.0,0.0030007362365722656
25.0,0.0,0.0,0.0035347938537597656
39.0,3.0,3.0,0.006743669509887695
88.0,10.0,10.0,0.012826681137084961
12.0,1.0,1.0,0.002999544143676758
19.0,0.0,0.0,0.0017099380493164062
21.0,1.0,1.0,0.0031905174255371094
51.0,0.0,0.0,0.007192373275756836
42.0,0.0,0.0,0.00516510009765625
35.0,2.0,2.0,0.004515171051025391
38.0,1.0,1.0,0.00566864013671875
93.0,4.0,4.0,0.013646841049194336
12.0,1.0,1.0,0.0013813972473144531
73.0,0.0,0.0,0.01115727424621582
24.0,0.0,0.0,0.003102540969848633
220.0,7.0,7.0,0.029386281967163086
25.0,0.0,0.0,0.0031070709228515625
60.0,4.0,4.0,0.007918357849121094
12.0,0.0,0.0,0.002000570297241211
23.0,1.0,1.0,0.0029997825622558594
35.0,1.0,1.0,0.00456547737121582
28.0,2.0,2.0,0.0037920475006103516
27.0,1.0,1.0,0.003628969192504883
89.0,2.0,2.0,0.011267662048339844
11.0,0.0,0.0,0.0021169185638427734
23.0,1.0,1.0,0.002969026565551758
55.0,3.0,3.0,0.0077362060546875
96.0,9.0,9.0,0.012636423110961914
19.0,0.0,0.0,0.0032243728637695312
12.0,0.0,0.0,0.002809762954711914
15.0,1.0,1.0,0.0018913745880126953
32.0,4.0,4.0,0.0046808719635009766
11.0,0.0,0.0,0.002192974090576172
23.0,0.0,0.0,0.003464937210083008
19.0,0.0,0.0,0.002209901809692383
19.0,2.0,2.0,0.0029973983764648438
41.0,4.0,4.0,0.005732297897338867
15.0,2.0,2.0,0.0025107860565185547
74.0,12.0,12.0,0.010358810424804688
13.0,2.0,2.0,0.001149892807006836
44.0,1.0,1.0,0.0057985782623291016
25.0,0.0,0.0,0.0029740333557128906
82.0,3.0,3.0,0.0107574462890625
20.0,3.0,3.0,0.003939628601074219
21.0,1.0,1.0,0.003530263900756836
36.0,3.0,3.0,0.005116462707519531
58.0,2.0,2.0,0.008670806884765625
36.0,1.0,1.0,0.004986286163330078
14.0,0.0,0.0,0.0018260478973388672
56.0,4.0,4.0,0.006789207458496094
20.0,1.0,1.0,0.0031414031982421875
22.0,1.0,1.0,0.0036661624908447266
25.0,0.0,0.0,0.003663301467895508
11.0,0.0,0.0,0.0018794536590576172
17.0,2.0,2.0,0.0022635459899902344
22.0,0.0,0.0,0.0035877227783203125
37.0,3.0,3.0,0.0052034854888916016
57.0,4.0,4.0,0.007246255874633789
46.0,4.0,4.0,0.005622386932373047
16.0,0.0,0.0,0.002507448196411133
41.0,6.0,6.0,0.008446216583251953
122.0,8.0,8.0,0.015655040740966797
55.0,2.0,2.0,0.008345842361450195
47.0,1.0,1.0,0.00702357292175293
16.0,2.0,2.0,0.0025124549865722656
41.0,2.0,2.0,0.005161285400390625
44.0,1.0,1.0,0.005864143371582031
17.0,1.0,1.0,0.002691030502319336
20.0,0.0,0.0,0.002998828887939453
22.0,0.0,0.0,0.003510713577270508
58.0,3.0,3.0,0.006833553314208984
93.0,3.0,3.0,0.01262354850769043
80.0,4.0,4.0,0.01029515266418457
23.0,0.0,0.0,0.0038428306579589844
13.0,0.0,0.0,0.0029342174530029297
56.0,4.0,4.0,0.008489131927490234
18.0,1.0,1.0,0.002510547637939453
47.0,11.0,11.0,0.006705284118652344
47.0,4.0,4.0,0.007373809814453125
19.0,0.0,0.0,0.003545999526977539
31.0,1.0,1.0,0.005372047424316406
59.0,2.0,2.0,0.008838891983032227
18.0,1.0,1.0,0.0029981136322021484
23.0,2.0,2.0,0.003541707992553711
37.0,1.0,1.0,0.005658149719238281
92.0,3.0,3.0,0.012488365173339844
16.0,0.0,0.0,0.0027670860290527344
46.0,2.0,2.0,0.008029699325561523
53.0,2.0,2.0,0.0073490142822265625
12.0,0.0,0.0,0.002040863037109375
49.0,1.0,1.0,0.006491422653198242
11.0,0.0,0.0,0.0015850067138671875
85.0,1.0,1.0,0.012783050537109375
15.0,0.0,0.0,0.0014376640319824219
11.0,0.0,0.0,0.001967906951904297
21.0,0.0,0.0,0.0026848316192626953
17.0,0.0,0.0,0.002088785171508789
39.0,0.0,0.0,0.005278587341308594
11.0,0.0,0.0,0.001007080078125
44.0,0.0,0.0,0.005894899368286133
125.0,8.0,8.0,0.017255306243896484
44.0,4.0,4.0,0.005689859390258789
11.0,0.0,0.0,0.002001047134399414
25.0,1.0,1.0,0.003515005111694336
27.0,0.0,0.0,0.0038924217224121094
23.0,1.0,1.0,0.0025751590728759766
51.0,3.0,3.0,0.0071375370025634766
25.0,0.0,0.0,0.0029015541076660156
19.0,0.0,0.0,0.003044605255126953
34.0,1.0,1.0,0.004112958908081055
61.0,2.0,2.0,0.008034944534301758
17.0,1.0,1.0,0.0026917457580566406
38.0,0.0,0.0,0.005994558334350586
29.0,5.0,5.0,0.0047948360443115234
32.0,3.0,3.0,0.004258632659912109
18.0,1.0,1.0,0.0029757022857666016
34.0,2.0,2.0,0.005106925964355469
39.0,0.0,0.0,0.005820274353027344
133.0,4.0,4.0,0.020508289337158203
54.0,1.0,1.0,0.0067119598388671875
63.0,5.0,5.0,0.00887751579284668
14.0,1.0,1.0,0.0026397705078125
27.0,1.0,1.0,0.0037784576416015625
14.0,1.0,1.0,0.002071380615234375
27.0,4.0,4.0,0.003926515579223633
14.0,0.0,0.0,0.00164031982421875
16.0,2.0,2.0,0.002749919891357422
68.0,2.0,2.0,0.009242057800292969
38.0,1.0,1.0,0.005784034729003906
18.0,0.0,0.0,0.002669811248779297
19.0,3.0,3.0,0.002019166946411133
23.0,5.0,5.0,0.0035262107849121094
89.0,3.0,3.0,0.011199235916137695
21.0,0.0,0.0,0.003510713577270508
88.0,4.0,4.0,0.015826940536499023
108.0,5.0,5.0,0.0173797607421875
16.0,1.0,1.0,0.0026237964630126953
83.0,6.0,6.0,0.01062154769897461
25.0,2.0,2.0,0.004106044769287109
20.0,0.0,0.0,0.002508401870727539
67.0,3.0,3.0,0.008534908294677734
18.0,1.0,1.0,0.002012014389038086
104.0,8.0,8.0,0.014186620712280273
83.0,2.0,2.0,0.013080358505249023
35.0,2.0,2.0,0.004548072814941406
23.0,1.0,1.0,0.0032548904418945312
56.0,6.0,6.0,0.008182525634765625
24.0,1.0,1.0,0.0044994354248046875
11.0,0.0,0.0,0.0026788711547851562
14.0,0.0,0.0,0.0015437602996826172
37.0,0.0,0.0,0.004929542541503906
144.0,4.0,4.0,0.0206453800201416
21.0,2.0,2.0,0.0027337074279785156
16.0,0.0,0.0,0.0025415420532226562
36.0,2.0,2.0,0.004824161529541016
12.0,1.0,1.0,0.0024323463439941406
21.0,0.0,0.0,0.0029697418212890625
17.0,0.0,0.0,0.0032455921173095703
43.0,2.0,2.0,0.005740165710449219
60.0,2.0,2.0,0.010167837142944336
65.0,2.0,2.0,0.01080322265625
14.0,0.0,0.0,0.0019996166229248047
32.0,1.0,1.0,0.009323358535766602
18.0,1.0,1.0,0.0029990673065185547
49.0,5.0,5.0,0.007052898406982422
21.0,4.0,4.0,0.00299835205078125
13.0,0.0,0.0,0.0019974708557128906
104.0,4.0,4.0,0.01345372200012207
43.0,2.0,2.0,0.005007028579711914
25.0,1.0,1.0,0.0037093162536621094
25.0,0.0,0.0,0.003083944320678711
32.0,0.0,0.0,0.005993366241455078
13.0,0.0,0.0,0.0023293495178222656
22.0,0.0,0.0,0.0028967857360839844
74.0,4.0,4.0,0.009636640548706055
19.0,0.0,0.0,0.0035898685455322266
64.0,6.0,6.0,0.008672475814819336
33.0,1.0,1.0,0.003851175308227539
26.0,0.0,0.0,0.003611326217651367
28.0,0.0,0.0,0.002959728240966797
52.0,5.0,5.0,0.009090423583984375
21.0,1.0,1.0,0.005077838897705078
48.0,1.0,1.0,0.008435964584350586
54.0,5.0,5.0,0.009767532348632812
17.0,0.0,0.0,0.0026395320892333984
19.0,5.0,5.0,0.0029990673065185547
21.0,1.0,1.0,0.002777099609375
37.0,3.0,3.0,0.0050067901611328125
15.0,0.0,0.0,0.0021555423736572266
102.0,4.0,4.0,0.01362919807434082
50.0,4.0,4.0,0.0061817169189453125
51.0,1.0,1.0,0.006337404251098633
94.0,11.0,11.0,0.013399362564086914
31.0,2.0,2.0,0.0043582916259765625
58.0,1.0,1.0,0.012156009674072266
15.0,0.0,0.0,0.0031948089599609375
87.0,7.0,7.0,0.015291213989257812
39.0,4.0,4.0,0.006135225296020508
28.0,1.0,1.0,0.0037965774536132812
16.0,0.0,0.0,0.002057313919067383
183.0,10.0,10.0,0.027939796447753906
22.0,0.0,0.0,0.003771066665649414
31.0,2.0,2.0,0.004857778549194336
112.0,9.0,9.0,0.01923394203186035
69.0,2.0,2.0,0.010865926742553711
23.0,0.0,0.0,0.002905607223510742
15.0,0.0,0.0,0.002009868621826172
11.0,0.0,0.0,0.0024492740631103516
14.0,0.0,0.0,0.001901865005493164
20.0,0.0,0.0,0.002359151840209961
19.0,2.0,2.0,0.0021338462829589844
29.0,3.0,3.0,0.005385637283325195
13.0,1.0,1.0,0.004208803176879883
52.0,1.0,1.0,0.006392002105712891
16.0,0.0,0.0,0.002169370651245117
40.0,2.0,2.0,0.006633758544921875
13.0,0.0,0.0,0.002195596694946289
21.0,0.0,0.0,0.0029997825622558594
80.0,4.0,4.0,0.010631799697875977
21.0,0.0,0.0,0.002607107162475586
27.0,0.0,0.0,0.004592180252075195
31.0,1.0,1.0,0.004189968109130859
21.0,0.0,0.0,0.002741575241088867
31.0,1.0,1.0,0.004040956497192383
30.0,2.0,2.0,0.005133152008056641
33.0,2.0,2.0,0.006023406982421875
61.0,3.0,3.0,0.00812220573425293
18.0,0.0,0.0,0.003145456314086914
19.0,0.0,0.0,0.002543926239013672
49.0,7.0,7.0,0.007664680480957031
20.0,1.0,1.0,0.004887819290161133
84.0,2.0,2.0,0.011276006698608398
13.0,1.0,1.0,0.0020072460174560547
15.0,1.0,1.0,0.003140687942504883
47.0,2.0,2.0,0.008426904678344727
36.0,0.0,0.0,0.0039980411529541016
14.0,0.0,0.0,0.0027167797088623047
26.0,0.0,0.0,0.004109382629394531
28.0,1.0,1.0,0.0039997100830078125
14.0,0.0,0.0,0.002022266387939453
35.0,0.0,0.0,0.005006313323974609
22.0,0.0,0.0,0.003030538558959961
25.0,1.0,1.0,0.003002166748046875
11.0,0.0,0.0,0.0014340877532958984
15.0,0.0,0.0,0.0025298595428466797
15.0,0.0,0.0,0.001972198486328125
29.0,0.0,0.0,0.004098415374755859
44.0,2.0,2.0,0.005055427551269531
44.0,3.0,3.0,0.00653386116027832
18.0,0.0,0.0,0.002532958984375
25.0,1.0,1.0,0.0037009716033935547
80.0,0.0,0.0,0.010808944702148438
13.0,0.0,0.0,0.0020477771759033203
60.0,4.0,4.0,0.008574247360229492
60.0,1.0,1.0,0.008329391479492188
62.0,4.0,4.0,0.008569955825805664
22.0,1.0,1.0,0.0026061534881591797
11.0,0.0,0.0,0.0017290115356445312
27.0,3.0,3.0,0.0030002593994140625
101.0,3.0,3.0,0.01360177993774414
76.0,1.0,1.0,0.010887861251831055
62.0,1.0,1.0,0.008791685104370117
30.0,6.0,6.0,0.005094766616821289
27.0,4.0,4.0,0.004580974578857422
111.0,3.0,3.0,0.015340089797973633
15.0,0.0,0.0,0.0019979476928710938
38.0,3.0,3.0,0.0049054622650146484
46.0,2.0,2.0,0.006503582000732422
20.0,0.0,0.0,0.0028748512268066406
112.0,5.0,5.0,0.018279314041137695
73.0,3.0,3.0,0.014876842498779297
15.0,0.0,0.0,0.002972841262817383
39.0,3.0,3.0,0.00968170166015625
50.0,2.0,2.0,0.011462688446044922
40.0,2.0,2.0,0.008420705795288086
29.0,8.0,8.0,0.0040051937103271484
89.0,6.0,6.0,0.012192249298095703
25.0,1.0,1.0,0.0035178661346435547
40.0,0.0,0.0,0.005761861801147461
70.0,2.0,2.0,0.011547088623046875
109.0,9.0,9.0,0.013496875762939453
25.0,4.0,4.0,0.003856658935546875
93.0,6.0,6.0,0.011764287948608398
11.0,0.0,0.0,0.0014748573303222656
34.0,0.0,0.0,0.004805088043212891
29.0,1.0,1.0,0.0045928955078125
66.0,0.0,0.0,0.007783174514770508
14.0,0.0,0.0,0.0019986629486083984
14.0,1.0,1.0,0.002076864242553711
90.0,5.0,5.0,0.011783123016357422
172.0,11.0,11.0,0.02820873260498047
25.0,2.0,2.0,0.00413060188293457
18.0,0.0,0.0,0.0024797916412353516
69.0,2.0,2.0,0.009691953659057617
31.0,0.0,0.0,0.003897428512573242
39.0,0.0,0.0,0.0050029754638671875
15.0,0.0,0.0,0.002664804458618164
12.0,1.0,1.0,0.002111196517944336
19.0,1.0,1.0,0.0016493797302246094
85.0,3.0,3.0,0.013381481170654297
27.0,0.0,0.0,0.0036079883575439453
11.0,0.0,0.0,0.002000093460083008
21.0,0.0,0.0,0.004816770553588867
22.0,2.0,2.0,0.003515958786010742
19.0,1.0,1.0,0.0020105838775634766
60.0,3.0,3.0,0.010352134704589844
218.0,13.0,13.0,0.03313636779785156
42.0,0.0,0.0,0.006033420562744141
82.0,4.0,4.0,0.011302471160888672
119.0,5.0,5.0,0.018174409866333008
31.0,2.0,2.0,0.004705667495727539
30.0,4.0,4.0,0.005300998687744141
21.0,0.0,0.0,0.0029938220977783203
55.0,0.0,0.0,0.007460355758666992
24.0,0.0,0.0,0.0028243064880371094
20.0,0.0,0.0,0.0025424957275390625
50.0,2.0,2.0,0.008996009826660156
22.0,1.0,1.0,0.0041730403900146484
47.0,1.0,1.0,0.00940251350402832
28.0,1.0,1.0,0.004000663757324219
89.0,1.0,1.0,0.012641429901123047
22.0,1.0,1.0,0.003299713134765625
31.0,1.0,1.0,0.004712820053100586
36.0,3.0,3.0,0.0048139095306396484
18.0,0.0,0.0,0.0020101070404052734
17.0,2.0,2.0,0.002522706985473633
26.0,3.0,3.0,0.003108978271484375
25.0,2.0,2.0,0.002700328826904297
102.0,8.0,8.0,0.013833761215209961
35.0,0.0,0.0,0.005460500717163086
18.0,4.0,4.0,0.0024683475494384766
30.0,0.0,0.0,0.006174325942993164
14.0,0.0,0.0,0.002000570297241211
12.0,0.0,0.0,0.001512289047241211
13.0,0.0,0.0,0.0017671585083007812
70.0,5.0,5.0,0.009942054748535156
29.0,3.0,3.0,0.00400090217590332
31.0,1.0,1.0,0.004850149154663086
26.0,7.0,7.0,0.004218339920043945
70.0,2.0,2.0,0.009701013565063477
30.0,0.0,0.0,0.003846883773803711
16.0,0.0,0.0,0.0029642581939697266
21.0,0.0,0.0,0.0028166770935058594
52.0,7.0,7.0,0.007340908050537109
65.0,4.0,4.0,0.008722305297851562
19.0,0.0,0.0,0.003410816192626953
15.0,0.0,0.0,0.0013053417205810547
39.0,2.0,2.0,0.0051422119140625
37.0,1.0,1.0,0.0054149627685546875
42.0,2.0,2.0,0.005713701248168945
15.0,1.0,1.0,0.0018382072448730469
27.0,7.0,7.0,0.003721475601196289
36.0,1.0,1.0,0.00652623176574707
18.0,1.0,1.0,0.002528667449951172
22.0,2.0,2.0,0.002805948257446289
31.0,0.0,0.0,0.004655122756958008
194.0,5.0,5.0,0.0307464599609375
25.0,5.0,5.0,0.003264188766479492
29.0,1.0,1.0,0.005068302154541016
38.0,0.0,0.0,0.005818605422973633
41.0,2.0,2.0,0.0070002079010009766
73.0,4.0,4.0,0.01106405258178711
24.0,0.0,0.0,0.0055179595947265625
12.0,0.0,0.0,0.002000093460083008
23.0,2.0,2.0,0.0043027400970458984
139.0,1.0,1.0,0.018677234649658203
70.0,1.0,1.0,0.009999990463256836
17.0,0.0,0.0,0.0029997825622558594
12.0,0.0,0.0,0.0015969276428222656
26.0,1.0,1.0,0.004000663757324219
55.0,3.0,3.0,0.00787210464477539
14.0,1.0,1.0,0.0030002593994140625
13.0,0.0,0.0,0.0015981197357177734
47.0,4.0,4.0,0.006365299224853516
15.0,0.0,0.0,0.0020418167114257812
33.0,2.0,2.0,0.0035848617553710938
13.0,0.0,0.0,0.0015969276428222656
45.0,3.0,3.0,0.008316516876220703
53.0,2.0,2.0,0.00737762451171875
82.0,8.0,8.0,0.012069463729858398
77.0,2.0,2.0,0.011296272277832031
24.0,1.0,1.0,0.004408597946166992
112.0,6.0,6.0,0.01585865020751953
38.0,2.0,2.0,0.0075855255126953125
43.0,1.0,1.0,0.008650779724121094
99.0,4.0,4.0,0.014594793319702148
12.0,0.0,0.0,0.0020003318786621094
23.0,2.0,2.0,0.002863645553588867
19.0,0.0,0.0,0.0029997825622558594
14.0,0.0,0.0,0.002267122268676758
11.0,0.0,0.0,0.001566171646118164
39.0,0.0,0.0,0.005000114440917969
12.0,0.0,0.0,0.0026700496673583984
22.0,3.0,3.0,0.0030002593994140625
21.0,1.0,1.0,0.003522157669067383
12.0,0.0,0.0,0.002044677734375
24.0,1.0,1.0,0.004000186920166016
22.0,0.0,0.0,0.0026421546936035156
56.0,3.0,3.0,0.008872509002685547
40.0,1.0,1.0,0.004999876022338867
35.0,2.0,2.0,0.0066432952880859375
58.0,1.0,1.0,0.009991884231567383
67.0,6.0,6.0,0.009482145309448242
34.0,0.0,0.0,0.005041599273681641
19.0,2.0,2.0,0.0032243728637695312
14.0,0.0,0.0,0.0020449161529541016
61.0,2.0,2.0,0.008920907974243164
33.0,0.0,0.0,0.004999637603759766
27.0,4.0,4.0,0.003999233245849609
84.0,5.0,5.0,0.014416217803955078
47.0,5.0,5.0,0.006999969482421875
86.0,3.0,3.0,0.013000249862670898
20.0,1.0,1.0,0.0029697418212890625
54.0,2.0,2.0,0.009315013885498047
40.0,3.0,3.0,0.005584716796875
49.0,2.0,2.0,0.008642911911010742
42.0,1.0,1.0,0.005624532699584961
27.0,3.0,3.0,0.0041294097900390625
46.0,3.0,3.0,0.005586385726928711
33.0,2.0,2.0,0.0038747787475585938
13.0,2.0,2.0,0.0020003318786621094
55.0,3.0,3.0,0.007993221282958984
12.0,0.0,0.0,0.0020003318786621094
63.0,5.0,5.0,0.00793313980102539
18.0,1.0,1.0,0.0023179054260253906
171.0,3.0,3.0,0.022032737731933594
24.0,1.0,1.0,0.003000020980834961
51.0,0.0,0.0,0.005613803863525391
103.0,3.0,3.0,0.014091253280639648
30.0,1.0,1.0,0.003999471664428711
102.0,8.0,8.0,0.014899969100952148
21.0,1.0,1.0,0.0019996166229248047
61.0,9.0,9.0,0.009063005447387695
29.0,1.0,1.0,0.004855632781982422
36.0,0.0,0.0,0.0039997100830078125
14.0,0.0,0.0,0.0036077499389648438
13.0,0.0,0.0,0.002000093460083008
179.0,11.0,11.0,0.024445533752441406
88.0,3.0,3.0,0.011450767517089844
26.0,1.0,1.0,0.005858659744262695
37.0,6.0,6.0,0.004999876022338867
56.0,2.0,2.0,0.007607698440551758
52.0,3.0,3.0,0.006876468658447266
21.0,0.0,0.0,0.005084037780761719
47.0,3.0,3.0,0.007224321365356445
36.0,2.0,2.0,0.006585597991943359
85.0,0.0,0.0,0.013951778411865234
57.0,3.0,3.0,0.008862972259521484
22.0,4.0,4.0,0.004000425338745117
80.0,10.0,10.0,0.009794473648071289
40.0,3.0,3.0,0.0056416988372802734
11.0,0.0,0.0,0.0019998550415039062
85.0,3.0,3.0,0.011478185653686523
43.0,0.0,0.0,0.005000114440917969
40.0,2.0,2.0,0.006233930587768555
50.0,0.0,0.0,0.006890058517456055
63.0,2.0,2.0,0.009870529174804688
16.0,0.0,0.0,0.002999544143676758
129.0,4.0,4.0,0.01868414878845215
36.0,2.0,2.0,0.004684925079345703
80.0,1.0,1.0,0.011542797088623047
23.0,1.0,1.0,0.0036339759826660156
108.0,6.0,6.0,0.01800990104675293
13.0,0.0,0.0,0.0030002593994140625
52.0,0.0,0.0,0.007906675338745117
56.0,2.0,2.0,0.008077144622802734
14.0,0.0,0.0,0.002000093460083008
15.0,1.0,1.0,0.0022161006927490234
61.0,1.0,1.0,0.008812665939331055
21.0,2.0,2.0,0.002585172653198242
64.0,0.0,0.0,0.010879993438720703
12.0,0.0,0.0,0.0022220611572265625
12.0,0.0,0.0,0.004042387008666992
30.0,0.0,0.0,0.004833221435546875
90.0,5.0,5.0,0.015635967254638672
27.0,1.0,1.0,0.0050449371337890625
64.0,8.0,8.0,0.01091146469116211
55.0,3.0,3.0,0.009500741958618164
26.0,1.0,1.0,0.004263639450073242
98.0,6.0,6.0,0.019073486328125
30.0,5.0,5.0,0.005791664123535156
45.0,0.0,0.0,0.0077250003814697266
13.0,1.0,1.0,0.0019996166229248047
41.0,2.0,2.0,0.0060253143310546875
43.0,1.0,1.0,0.006315946578979492
16.0,2.0,2.0,0.0021364688873291016
22.0,0.0,0.0,0.0038971900939941406
33.0,0.0,0.0,0.006140232086181641
13.0,0.0,0.0,0.0017237663269042969
42.0,0.0,0.0,0.005627155303955078
54.0,2.0,2.0,0.007908344268798828
41.0,2.0,2.0,0.0055315494537353516
42.0,0.0,0.0,0.0056340694427490234
49.0,1.0,1.0,0.010806560516357422
15.0,0.0,0.0,0.0019998550415039062
38.0,0.0,0.0,0.005522727966308594
28.0,2.0,2.0,0.0031304359436035156
58.0,2.0,2.0,0.008014917373657227
48.0,2.0,2.0,0.006525278091430664
35.0,3.0,3.0,0.0038242340087890625
35.0,2.0,2.0,0.007033109664916992
19.0,0.0,0.0,0.0029997825622558594
16.0,4.0,4.0,0.0019996166229248047
31.0,3.0,3.0,0.004866123199462891
52.0,2.0,2.0,0.007857084274291992
78.0,0.0,0.0,0.014885425567626953
15.0,2.0,2.0,0.002672433853149414
49.0,1.0,1.0,0.006234169006347656
20.0,2.0,2.0,0.0030448436737060547
26.0,5.0,5.0,0.004193305969238281
14.0,0.0,0.0,0.00258636474609375
100.0,8.0,8.0,0.013918161392211914
28.0,2.0,2.0,0.0036199092864990234
62.0,1.0,1.0,0.00847935676574707
39.0,1.0,1.0,0.005305767059326172
19.0,0.0,0.0,0.0035665035247802734
94.0,5.0,5.0,0.012942790985107422
27.0,1.0,1.0,0.005586385726928711
42.0,1.0,1.0,0.00588536262512207
14.0,0.0,0.0,0.0019998550415039062
30.0,2.0,2.0,0.003641843795776367
18.0,0.0,0.0,0.0030002593994140625
11.0,0.0,0.0,0.0012345314025878906
42.0,1.0,1.0,0.008123636245727539
14.0,0.0,0.0,0.0025856494903564453
13.0,1.0,1.0,0.003000020980834961
40.0,1.0,1.0,0.00586247444152832
41.0,4.0,4.0,0.006421327590942383
42.0,3.0,3.0,0.0070002079010009766
15.0,0.0,0.0,0.0026073455810546875
64.0,1.0,1.0,0.00784754753112793
65.0,0.0,0.0,0.007892131805419922
37.0,0.0,0.0,0.006333589553833008
16.0,2.0,2.0,0.0020415782928466797
20.0,3.0,3.0,0.003000020980834961
69.0,2.0,2.0,0.010953664779663086
11.0,0.0,0.0,0.0019998550415039062
13.0,0.0,0.0,0.002000093460083008
103.0,4.0,4.0,0.013982772827148438
39.0,1.0,1.0,0.004999876022338867
36.0,0.0,0.0,0.004647970199584961
45.0,0.0,0.0,0.0066661834716796875
23.0,0.0,0.0,0.0029997825622558594
118.0,5.0,5.0,0.016379594802856445
26.0,2.0,2.0,0.003999948501586914
25.0,4.0,4.0,0.0039708614349365234
32.0,4.0,4.0,0.0039997100830078125
93.0,5.0,5.0,0.013809680938720703
22.0,1.0,1.0,0.003000020980834961
14.0,2.0,2.0,0.0012462139129638672
26.0,1.0,1.0,0.004042148590087891
64.0,1.0,1.0,0.008875370025634766
14.0,0.0,0.0,0.0022859573364257812
23.0,2.0,2.0,0.0030875205993652344
48.0,2.0,2.0,0.006830692291259766
15.0,0.0,0.0,0.0020003318786621094
28.0,0.0,0.0,0.004407644271850586
28.0,2.0,2.0,0.003000020980834961
42.0,3.0,3.0,0.005815267562866211
57.0,3.0,3.0,0.008287906646728516
15.0,1.0,1.0,0.003044605255126953
21.0,2.0,2.0,0.0029997825622558594
42.0,2.0,2.0,0.006642580032348633
49.0,0.0,0.0,0.006388664245605469
53.0,0.0,0.0,0.006735324859619141
24.0,2.0,2.0,0.003000020980834961
34.0,1.0,1.0,0.004808902740478516
66.0,0.0,0.0,0.010864496231079102
36.0,6.0,6.0,0.0053043365478515625
17.0,1.0,1.0,0.003084421157836914
16.0,0.0,0.0,0.003999948501586914
21.0,1.0,1.0,0.0036149024963378906
17.0,1.0,1.0,0.0020003318786621094
14.0,3.0,3.0,0.0028448104858398438
23.0,0.0,0.0,0.003000020980834961
31.0,3.0,3.0,0.004221677780151367
29.0,0.0,0.0,0.0030450820922851562
85.0,9.0,9.0,0.012864828109741211
18.0,1.0,1.0,0.002579927444458008
50.0,0.0,0.0,0.00792551040649414
32.0,0.0,0.0,0.005000114440917969
18.0,0.0,0.0,0.002638578414916992
37.0,0.0,0.0,0.0052642822265625
36.0,0.0,0.0,0.0045855045318603516
17.0,0.0,0.0,0.002000093460083008
35.0,2.0,2.0,0.004642009735107422
35.0,1.0,1.0,0.005202531814575195
88.0,5.0,5.0,0.012297868728637695
16.0,0.0,0.0,0.0029997825622558594
26.0,2.0,2.0,0.0041351318359375
57.0,3.0,3.0,0.008035898208618164
154.0,6.0,6.0,0.020114898681640625
13.0,0.0,0.0,0.0019998550415039062
12.0,0.0,0.0,0.0014810562133789062
12.0,0.0,0.0,0.0020449161529541016
13.0,1.0,1.0,0.002000093460083008
12.0,0.0,0.0,0.0009999275207519531
23.0,1.0,1.0,0.0036420822143554688
50.0,0.0,0.0,0.0062770843505859375
67.0,2.0,2.0,0.008823156356811523
80.0,4.0,4.0,0.01190185546875
31.0,0.0,0.0,0.003228902816772461
23.0,1.0,1.0,0.0030448436737060547
39.0,3.0,3.0,0.0048274993896484375
54.0,1.0,1.0,0.007201194763183594
12.0,1.0,1.0,0.0015857219696044922
30.0,0.0,0.0,0.003999948501586914
15.0,0.0,0.0,0.00283050537109375
32.0,1.0,1.0,0.003999948501586914
44.0,0.0,0.0,0.006846427917480469
11.0,0.0,0.0,0.002000093460083008
11.0,0.0,0.0,0.0022258758544921875
12.0,0.0,0.0,0.0015854835510253906
16.0,0.0,0.0,0.0020003318786621094
21.0,2.0,2.0,0.003221750259399414
52.0,1.0,1.0,0.007044792175292969
40.0,1.0,1.0,0.006642341613769531
47.0,0.0,0.0,0.007875919342041016
42.0,0.0,0.0,0.005859375
41.0,1.0,1.0,0.00769805908203125
17.0,1.0,1.0,0.0019998550415039062
55.0,4.0,4.0,0.0074481964111328125
136.0,13.0,13.0,0.0187532901763916
20.0,2.0,2.0,0.0019998550415039062
29.0,0.0,0.0,0.00385284423828125
11.0,0.0,0.0,0.0009999275207519531
44.0,0.0,0.0,0.006976127624511719
12.0,1.0,1.0,0.002000093460083008
11.0,0.0,0.0,0.002000093460083008
14.0,1.0,1.0,0.0015761852264404297
57.0,6.0,6.0,0.008875608444213867
26.0,1.0,1.0,0.0039997100830078125
24.0,0.0,0.0,0.002748250961303711
21.0,1.0,1.0,0.002000093460083008
91.0,0.0,0.0,0.01442718505859375
25.0,1.0,1.0,0.003044605255126953
69.0,3.0,3.0,0.014502763748168945
27.0,1.0,1.0,0.004032135009765625
43.0,3.0,3.0,0.005853176116943359
15.0,0.0,0.0,0.002000093460083008
14.0,0.0,0.0,0.002804994583129883
13.0,0.0,0.0,0.002000093460083008
86.0,2.0,2.0,0.013897895812988281
16.0,0.0,0.0,0.003000020980834961
15.0,0.0,0.0,0.003999948501586914
84.0,5.0,5.0,0.016517162322998047
15.0,0.0,0.0,0.0036416053771972656
34.0,2.0,2.0,0.004999876022338867
31.0,0.0,0.0,0.005577802658081055
16.0,1.0,1.0,0.0017938613891601562
33.0,1.0,1.0,0.005043506622314453
22.0,2.0,2.0,0.0032329559326171875
15.0,0.0,0.0,0.0015854835510253906
31.0,1.0,1.0,0.0039997100830078125
62.0,2.0,2.0,0.008890390396118164
18.0,1.0,1.0,0.0027468204498291016
25.0,1.0,1.0,0.0029997825622558594
22.0,4.0,4.0,0.0037751197814941406
19.0,0.0,0.0,0.0030450820922851562
34.0,0.0,0.0,0.005827426910400391
38.0,1.0,1.0,0.009000539779663086
31.0,0.0,0.0,0.006419658660888672
93.0,5.0,5.0,0.01331782341003418
13.0,1.0,1.0,0.001997709274291992
39.0,3.0,3.0,0.005998373031616211
23.0,0.0,0.0,0.0027244091033935547
29.0,4.0,4.0,0.005244016647338867
54.0,0.0,0.0,0.006644248962402344
25.0,1.0,1.0,0.0030884742736816406
31.0,3.0,3.0,0.00399327278137207
82.0,1.0,1.0,0.011206626892089844
13.0,0.0,0.0,0.0011925697326660156
16.0,2.0,2.0,0.0019049644470214844
48.0,3.0,3.0,0.007650852203369141
37.0,2.0,2.0,0.004999637603759766
12.0,0.0,0.0,0.0022182464599609375
70.0,1.0,1.0,0.009791135787963867
56.0,3.0,3.0,0.007210969924926758
60.0,3.0,3.0,0.009840965270996094
33.0,1.0,1.0,0.0035216808319091797
11.0,0.0,0.0,0.0012733936309814453
12.0,0.0,0.0,0.0015168190002441406
36.0,0.0,0.0,0.00500035285949707
27.0,0.0,0.0,0.005680561065673828
26.0,2.0,2.0,0.0029997825622558594
19.0,0.0,0.0,0.0025141239166259766
28.0,0.0,0.0,0.004000425338745117
37.0,4.0,4.0,0.005529165267944336
19.0,0.0,0.0,0.0030012130737304688
31.0,2.0,2.0,0.0045168399810791016
17.0,1.0,1.0,0.0019998550415039062
40.0,1.0,1.0,0.005771636962890625
24.0,2.0,2.0,0.004227638244628906
16.0,0.0,0.0,0.002043008804321289
22.0,1.0,1.0,0.002999544143676758
30.0,5.0,5.0,0.003885507583618164
121.0,5.0,5.0,0.015914440155029297
58.0,4.0,4.0,0.007642984390258789
30.0,3.0,3.0,0.003642559051513672
19.0,0.0,0.0,0.0030007362365722656
140.0,12.0,12.0,0.01815032958984375
28.0,0.0,0.0,0.0038950443267822266
12.0,0.0,0.0,0.0019998550415039062
19.0,0.0,0.0,0.0030002593994140625
29.0,0.0,0.0,0.0035676956176757812
36.0,0.0,0.0,0.005446195602416992
59.0,2.0,2.0,0.008331775665283203
21.0,2.0,2.0,0.0030450820922851562
11.0,0.0,0.0,0.0019998550415039062
135.0,0.0,0.0,0.017858266830444336
25.0,5.0,5.0,0.00401616096496582
14.0,0.0,0.0,0.002000570297241211
16.0,0.0,0.0,0.002000093460083008
20.0,2.0,2.0,0.0020012855529785156
36.0,0.0,0.0,0.004007816314697266
24.0,2.0,2.0,0.0038170814514160156
25.0,1.0,1.0,0.003999948501586914
72.0,4.0,4.0,0.010858297348022461
22.0,0.0,0.0,0.0031294822692871094
33.0,0.0,0.0,0.003999948501586914
43.0,0.0,0.0,0.006335258483886719
17.0,2.0,2.0,0.002000093460083008
63.0,3.0,3.0,0.008642435073852539
38.0,4.0,4.0,0.004891872406005859
75.0,5.0,5.0,0.00987863540649414
78.0,5.0,5.0,0.012955665588378906
21.0,1.0,1.0,0.004177093505859375
33.0,5.0,5.0,0.004883289337158203
20.0,0.0,0.0,0.0030455589294433594
92.0,7.0,7.0,0.015202522277832031
20.0,2.0,2.0,0.003999948501586914
20.0,0.0,0.0,0.002810955047607422
88.0,1.0,1.0,0.018731355667114258
20.0,0.0,0.0,0.003000020980834961
78.0,6.0,6.0,0.009898900985717773
18.0,1.0,1.0,0.0029594898223876953
16.0,0.0,0.0,0.0020003318786621094
46.0,0.0,0.0,0.0058553218841552734
35.0,1.0,1.0,0.0060427188873291016
23.0,0.0,0.0,0.0036249160766601562
30.0,3.0,3.0,0.003999471664428711
19.0,0.0,0.0,0.0026085376739501953
50.0,7.0,7.0,0.005999565124511719
23.0,1.0,1.0,0.003999948501586914
50.0,1.0,1.0,0.006998538970947266
16.0,0.0,0.0,0.001992464065551758
84.0,6.0,6.0,0.012279272079467773
33.0,1.0,1.0,0.0045697689056396484
14.0,0.0,0.0,0.002265453338623047
26.0,3.0,3.0,0.0030417442321777344
60.0,3.0,3.0,0.007854700088500977
19.0,0.0,0.0,0.003000497817993164
21.0,0.0,0.0,0.0026416778564453125
11.0,0.0,0.0,0.0009999275207519531
28.0,0.0,0.0,0.004214048385620117
64.0,3.0,3.0,0.009316205978393555
124.0,5.0,5.0,0.01781749725341797
21.0,0.0,0.0,0.003041982650756836
72.0,2.0,2.0,0.009843826293945312
37.0,2.0,2.0,0.0052793025970458984
41.0,0.0,0.0,0.006044864654541016
34.0,4.0,4.0,0.0041103363037109375
47.0,3.0,3.0,0.00629425048828125
15.0,3.0,3.0,0.002044200897216797
39.0,1.0,1.0,0.005407094955444336
16.0,0.0,0.0,0.0020415782928466797
76.0,2.0,2.0,0.00988626480102539
30.0,0.0,0.0,0.005323886871337891
16.0,3.0,3.0,0.002042531967163086
32.0,0.0,0.0,0.004315376281738281
48.0,3.0,3.0,0.006586551666259766
64.0,4.0,4.0,0.009404897689819336
41.0,2.0,2.0,0.00564265251159668
14.0,3.0,3.0,0.0019998550415039062
23.0,0.0,0.0,0.0027980804443359375
54.0,3.0,3.0,0.007511615753173828
42.0,4.0,4.0,0.005044698715209961
27.0,0.0,0.0,0.004023313522338867
21.0,0.0,0.0,0.003000497817993164
16.0,0.0,0.0,0.0021598339080810547
19.0,1.0,1.0,0.002045154571533203
11.0,0.0,0.0,0.0009996891021728516
13.0,2.0,2.0,0.0009999275207519531
20.0,1.0,1.0,0.002641916275024414
101.0,2.0,2.0,0.0148468017578125
46.0,1.0,1.0,0.0065958499908447266
64.0,0.0,0.0,0.008912324905395508
51.0,5.0,5.0,0.006875276565551758
74.0,1.0,1.0,0.010978221893310547
25.0,0.0,0.0,0.003623485565185547
26.0,1.0,1.0,0.0039997100830078125
66.0,1.0,1.0,0.008642196655273438
35.0,3.0,3.0,0.003916025161743164
37.0,0.0,0.0,0.006236553192138672
39.0,2.0,2.0,0.005585670471191406
60.0,5.0,5.0,0.008942604064941406
29.0,4.0,4.0,0.004868984222412109
140.0,7.0,7.0,0.02753615379333496
41.0,2.0,2.0,0.00992274284362793
22.0,0.0,0.0,0.003999948501586914
13.0,0.0,0.0,0.001537322998046875
125.0,2.0,2.0,0.020166635513305664
44.0,7.0,7.0,0.007057905197143555
96.0,4.0,4.0,0.012557506561279297
29.0,3.0,3.0,0.004173755645751953
59.0,0.0,0.0,0.007169246673583984
42.0,1.0,1.0,0.005975484848022461
19.0,1.0,1.0,0.0026307106018066406
36.0,6.0,6.0,0.005068778991699219
30.0,1.0,1.0,0.005330801010131836
16.0,3.0,3.0,0.0027730464935302734
64.0,3.0,3.0,0.008716821670532227
53.0,2.0,2.0,0.0067822933197021484
81.0,2.0,2.0,0.013289690017700195
13.0,1.0,1.0,0.0019304752349853516
14.0,2.0,2.0,0.002395153045654297
21.0,2.0,2.0,0.003534078598022461
20.0,0.0,0.0,0.002864360809326172
23.0,1.0,1.0,0.0028095245361328125
39.0,0.0,0.0,0.004845857620239258
13.0,0.0,0.0,0.0022890567779541016
108.0,4.0,4.0,0.018132686614990234
12.0,0.0,0.0,0.0030069351196289062
43.0,1.0,1.0,0.006698131561279297
17.0,0.0,0.0,0.002000093460083008
13.0,1.0,1.0,0.0010340213775634766
40.0,0.0,0.0,0.0065686702728271484
12.0,0.0,0.0,0.0011942386627197266
30.0,0.0,0.0,0.003554821014404297
13.0,0.0,0.0,0.002000093460083008
41.0,1.0,1.0,0.005881309509277344
18.0,1.0,1.0,0.0029997825622558594
66.0,3.0,3.0,0.009897947311401367
27.0,1.0,1.0,0.0036072731018066406
24.0,0.0,0.0,0.004545927047729492
45.0,1.0,1.0,0.006796598434448242
12.0,0.0,0.0,0.0011878013610839844
143.0,7.0,7.0,0.019225120544433594
20.0,0.0,0.0,0.0030324459075927734
65.0,4.0,4.0,0.009378194808959961
17.0,1.0,1.0,0.0030596256256103516
61.0,7.0,7.0,0.008607864379882812
64.0,2.0,2.0,0.00764775276184082
27.0,0.0,0.0,0.004139900207519531
46.0,1.0,1.0,0.0077931880950927734
26.0,2.0,2.0,0.004000425338745117
25.0,0.0,0.0,0.0037851333618164062
23.0,1.0,1.0,0.0029997825622558594
34.0,2.0,2.0,0.004814863204956055
14.0,0.0,0.0,0.0019996166229248047
46.0,1.0,1.0,0.007857561111450195
28.0,1.0,1.0,0.004236698150634766
41.0,3.0,3.0,0.006609201431274414
76.0,1.0,1.0,0.010533332824707031
13.0,0.0,0.0,0.0019731521606445312
76.0,12.0,12.0,0.010894536972045898
24.0,1.0,1.0,0.003000020980834961
12.0,0.0,0.0,0.0023050308227539062
17.0,3.0,3.0,0.0030448436737060547
42.0,1.0,1.0,0.0058252811431884766
16.0,1.0,1.0,0.003999948501586914
36.0,0.0,0.0,0.006600618362426758
62.0,2.0,2.0,0.00987100601196289
86.0,5.0,5.0,0.013727664947509766
35.0,1.0,1.0,0.007380008697509766
39.0,2.0,2.0,0.0050427913665771484
42.0,1.0,1.0,0.007608175277709961
29.0,0.0,0.0,0.004862308502197266
50.0,1.0,1.0,0.007878780364990234
46.0,3.0,3.0,0.006272792816162109
35.0,1.0,1.0,0.005000114440917969
13.0,0.0,0.0,0.0022840499877929688
43.0,0.0,0.0,0.00604248046875
47.0,1.0,1.0,0.008870601654052734
17.0,1.0,1.0,0.0022401809692382812
83.0,7.0,7.0,0.011948585510253906
53.0,0.0,0.0,0.0068852901458740234
124.0,3.0,3.0,0.02016472816467285
79.0,1.0,1.0,0.013130903244018555
43.0,3.0,3.0,0.01192331314086914
58.0,6.0,6.0,0.015377521514892578
15.0,1.0,1.0,0.004000186920166016
61.0,3.0,3.0,0.010721921920776367
76.0,3.0,3.0,0.011394977569580078
34.0,2.0,2.0,0.00500035285949707
63.0,3.0,3.0,0.010788202285766602
60.0,5.0,5.0,0.008817911148071289
50.0,1.0,1.0,0.007285356521606445
123.0,7.0,7.0,0.0216677188873291
30.0,2.0,2.0,0.004999876022338867
26.0,4.0,4.0,0.003586292266845703
123.0,5.0,5.0,0.018711090087890625
13.0,0.0,0.0,0.0022301673889160156
31.0,2.0,2.0,0.00456690788269043
39.0,0.0,0.0,0.00588226318359375
31.0,2.0,2.0,0.005042552947998047
12.0,0.0,0.0,0.0026137828826904297
86.0,1.0,1.0,0.012848138809204102
50.0,5.0,5.0,0.008641719818115234
13.0,0.0,0.0,0.001565694808959961
37.0,2.0,2.0,0.00500035285949707
11.0,0.0,0.0,0.0012745857238769531
31.0,2.0,2.0,0.0050449371337890625
17.0,1.0,1.0,0.003975629806518555
16.0,1.0,1.0,0.0020003318786621094
