Timesteps,Collisions,Steps Waited,Real-Time Elapsed
302.0,6.0,6.0,0.18992376327514648
1116.0,16.0,16.0,0.6675162315368652
486.0,11.0,11.0,0.2809569835662842
239.0,6.0,6.0,0.1433262825012207
1029.0,5.0,5.0,0.5717687606811523
77.0,2.0,2.0,0.04192781448364258
232.0,7.0,7.0,0.12993788719177246
126.0,6.0,6.0,0.06866192817687988
400.0,10.0,10.0,0.22129225730895996
120.0,4.0,4.0,0.0877540111541748
3127.0,23.0,23.0,1.7726807594299316
166.0,5.0,5.0,0.0914163589477539
30.0,0.0,0.0,0.0168149471282959
60.0,3.0,3.0,0.032538652420043945
67.0,0.0,0.0,0.036673545837402344
169.0,2.0,2.0,0.09369063377380371
365.0,7.0,7.0,0.22410941123962402
562.0,8.0,8.0,0.3101191520690918
213.0,1.0,1.0,0.11775565147399902
56.0,5.0,5.0,0.03106522560119629
935.0,18.0,18.0,0.5162007808685303
495.0,7.0,7.0,0.2783963680267334
148.0,8.0,8.0,0.08506011962890625
260.0,5.0,5.0,0.15028071403503418
290.0,6.0,6.0,0.16029596328735352
189.0,5.0,5.0,0.10203075408935547
64.0,2.0,2.0,0.03695416450500488
133.0,7.0,7.0,0.0729978084564209
1238.0,19.0,19.0,0.7111053466796875
153.0,3.0,3.0,0.08287429809570312
463.0,14.0,14.0,0.25625085830688477
252.0,1.0,1.0,0.13852882385253906
108.0,7.0,7.0,0.057668447494506836
1017.0,9.0,9.0,0.5600807666778564
197.0,2.0,2.0,0.10628008842468262
311.0,8.0,8.0,0.17918825149536133
69.0,3.0,3.0,0.03812980651855469
364.0,7.0,7.0,0.21150469779968262
1194.0,9.0,9.0,0.679776668548584
237.0,3.0,3.0,0.12998414039611816
861.0,10.0,10.0,0.47026705741882324
480.0,15.0,15.0,0.26195836067199707
260.0,7.0,7.0,0.14371109008789062
434.0,6.0,6.0,0.24135756492614746
522.0,12.0,12.0,0.29633259773254395
958.0,9.0,9.0,0.5533444881439209
219.0,2.0,2.0,0.12263870239257812
548.0,5.0,5.0,0.2986316680908203
457.0,3.0,3.0,0.2556328773498535
103.0,1.0,1.0,0.05462765693664551
117.0,3.0,3.0,0.06477236747741699
424.0,5.0,5.0,0.23326492309570312
83.0,1.0,1.0,0.04602766036987305
118.0,1.0,1.0,0.06717348098754883
59.0,0.0,0.0,0.035633087158203125
591.0,16.0,16.0,0.3370201587677002
139.0,9.0,9.0,0.07558965682983398
333.0,6.0,6.0,0.21506905555725098
64.0,0.0,0.0,0.035703182220458984
236.0,7.0,7.0,0.14352011680603027
141.0,4.0,4.0,0.08462381362915039
192.0,6.0,6.0,0.10825443267822266
237.0,8.0,8.0,0.15720605850219727
428.0,8.0,8.0,0.2668886184692383
364.0,16.0,16.0,0.2129204273223877
495.0,9.0,9.0,0.3240325450897217
1444.0,6.0,6.0,0.8565094470977783
591.0,9.0,9.0,0.32250142097473145
1374.0,5.0,5.0,0.7548830509185791
935.0,14.0,14.0,0.5259146690368652
1253.0,14.0,14.0,0.7099623680114746
164.0,4.0,4.0,0.08660769462585449
416.0,8.0,8.0,0.22615981101989746
81.0,0.0,0.0,0.04389357566833496
1209.0,7.0,7.0,0.6660385131835938
200.0,0.0,0.0,0.1113433837890625
329.0,9.0,9.0,0.17789411544799805
241.0,0.0,0.0,0.1330711841583252
247.0,13.0,13.0,0.13513588905334473
1300.0,13.0,13.0,0.7316298484802246
105.0,1.0,1.0,0.05559420585632324
1091.0,15.0,15.0,0.5959029197692871
748.0,16.0,16.0,0.41512107849121094
122.0,10.0,10.0,0.06724691390991211
543.0,4.0,4.0,0.29695820808410645
38.0,2.0,2.0,0.02032923698425293
254.0,8.0,8.0,0.13847851753234863
932.0,3.0,3.0,0.52998948097229
292.0,7.0,7.0,0.16091489791870117
283.0,9.0,9.0,0.15511775016784668
342.0,5.0,5.0,0.191375732421875
300.0,1.0,1.0,0.16779232025146484
386.0,7.0,7.0,0.21524477005004883
460.0,8.0,8.0,0.2538001537322998
333.0,7.0,7.0,0.18777990341186523
464.0,0.0,0.0,0.25510096549987793
422.0,12.0,12.0,0.24077820777893066
1161.0,8.0,8.0,0.6567246913909912
182.0,2.0,2.0,0.09844136238098145
64.0,1.0,1.0,0.03369951248168945
50.0,3.0,3.0,0.028127431869506836
144.0,11.0,11.0,0.07915925979614258
175.0,8.0,8.0,0.0963284969329834
326.0,6.0,6.0,0.18068265914916992
311.0,3.0,3.0,0.16976451873779297
295.0,3.0,3.0,0.16431474685668945
412.0,4.0,4.0,0.22714900970458984
122.0,5.0,5.0,0.06909394264221191
675.0,15.0,15.0,0.4331216812133789
217.0,5.0,5.0,0.12104654312133789
45.0,0.0,0.0,0.024152755737304688
152.0,3.0,3.0,0.08051848411560059
110.0,4.0,4.0,0.06017279624938965
814.0,9.0,9.0,0.4498932361602783
188.0,5.0,5.0,0.10214352607727051
335.0,6.0,6.0,0.18539190292358398
722.0,17.0,17.0,0.3995668888092041
194.0,8.0,8.0,0.1078035831451416
41.0,1.0,1.0,0.023642539978027344
332.0,6.0,6.0,0.17553234100341797
460.0,12.0,12.0,0.24939727783203125
764.0,11.0,11.0,0.4574124813079834
98.0,8.0,8.0,0.0542294979095459
299.0,0.0,0.0,0.17959976196289062
839.0,6.0,6.0,0.5336594581604004
63.0,1.0,1.0,0.03475761413574219
1100.0,17.0,17.0,0.6810956001281738
131.0,0.0,0.0,0.0919487476348877
141.0,5.0,5.0,0.09265995025634766
173.0,3.0,3.0,0.1193242073059082
494.0,10.0,10.0,0.2953758239746094
117.0,8.0,8.0,0.07802939414978027
413.0,5.0,5.0,0.23498082160949707
1183.0,10.0,10.0,0.644263744354248
649.0,8.0,8.0,0.3521769046783447
604.0,3.0,3.0,0.3370804786682129
425.0,7.0,7.0,0.2376723289489746
399.0,7.0,7.0,0.23923397064208984
203.0,2.0,2.0,0.1129922866821289
105.0,2.0,2.0,0.06024360656738281
288.0,1.0,1.0,0.16060590744018555
1294.0,22.0,22.0,0.7188060283660889
321.0,7.0,7.0,0.1785440444946289
937.0,12.0,12.0,0.5134024620056152
1481.0,19.0,19.0,0.8475170135498047
703.0,3.0,3.0,0.3868601322174072
874.0,10.0,10.0,0.4799470901489258
360.0,7.0,7.0,0.20485162734985352
294.0,10.0,10.0,0.16017913818359375
267.0,2.0,2.0,0.14802312850952148
957.0,11.0,11.0,0.5444998741149902
317.0,5.0,5.0,0.17637872695922852
356.0,7.0,7.0,0.19089961051940918
717.0,12.0,12.0,0.3900923728942871
154.0,1.0,1.0,0.08371734619140625
396.0,3.0,3.0,0.21898531913757324
140.0,6.0,6.0,0.0799410343170166
492.0,13.0,13.0,0.2728893756866455
298.0,3.0,3.0,0.16594624519348145
390.0,9.0,9.0,0.21301913261413574
651.0,5.0,5.0,0.3773057460784912
187.0,7.0,7.0,0.1029210090637207
115.0,4.0,4.0,0.06346774101257324
146.0,6.0,6.0,0.07938742637634277
1065.0,10.0,10.0,0.5957505702972412
727.0,10.0,10.0,0.4036743640899658
1844.0,13.0,13.0,1.053849220275879
229.0,1.0,1.0,0.13735604286193848
296.0,6.0,6.0,0.17589116096496582
384.0,3.0,3.0,0.21232247352600098
196.0,2.0,2.0,0.12094640731811523
1396.0,12.0,12.0,0.7741820812225342
162.0,3.0,3.0,0.09334254264831543
469.0,8.0,8.0,0.25931239128112793
479.0,9.0,9.0,0.2873809337615967
709.0,2.0,2.0,0.3884854316711426
180.0,4.0,4.0,0.09915900230407715
291.0,8.0,8.0,0.16909027099609375
860.0,13.0,13.0,0.5480136871337891
680.0,28.0,28.0,0.4051487445831299
287.0,2.0,2.0,0.1808607578277588
305.0,6.0,6.0,0.18697190284729004
132.0,7.0,7.0,0.07467174530029297
431.0,5.0,5.0,0.24047470092773438
172.0,5.0,5.0,0.10410070419311523
172.0,3.0,3.0,0.11891770362854004
344.0,5.0,5.0,0.19544243812561035
411.0,4.0,4.0,0.2483217716217041
44.0,0.0,0.0,0.025982141494750977
476.0,7.0,7.0,0.26520776748657227
379.0,7.0,7.0,0.21597075462341309
672.0,8.0,8.0,0.3736584186553955
343.0,8.0,8.0,0.19055771827697754
85.0,0.0,0.0,0.0457763671875
138.0,11.0,11.0,0.09145283699035645
142.0,4.0,4.0,0.08313632011413574
603.0,2.0,2.0,0.3356471061706543
981.0,14.0,14.0,0.5404918193817139
196.0,0.0,0.0,0.10570740699768066
69.0,1.0,1.0,0.03834128379821777
661.0,4.0,4.0,0.3614664077758789
178.0,5.0,5.0,0.09722399711608887
143.0,2.0,2.0,0.07981085777282715
137.0,1.0,1.0,0.07672357559204102
397.0,10.0,10.0,0.22158503532409668
263.0,2.0,2.0,0.14376282691955566
934.0,6.0,6.0,0.5269780158996582
1565.0,15.0,15.0,0.867455244064331
1158.0,24.0,24.0,0.6360044479370117
550.0,14.0,14.0,0.32550501823425293
276.0,7.0,7.0,0.154127836227417
443.0,2.0,2.0,0.25005483627319336
37.0,2.0,2.0,0.020293235778808594
151.0,3.0,3.0,0.08407473564147949
238.0,1.0,1.0,0.13097167015075684
449.0,10.0,10.0,0.2493295669555664
415.0,5.0,5.0,0.23031044006347656
805.0,11.0,11.0,0.448397159576416
460.0,11.0,11.0,0.2526090145111084
699.0,17.0,17.0,0.4079272747039795
1186.0,16.0,16.0,0.6423003673553467
937.0,14.0,14.0,0.5131363868713379
55.0,3.0,3.0,0.03079676628112793
103.0,3.0,3.0,0.05597639083862305
92.0,2.0,2.0,0.049689531326293945
245.0,3.0,3.0,0.13440680503845215
118.0,4.0,4.0,0.06968069076538086
206.0,6.0,6.0,0.11470842361450195
299.0,15.0,15.0,0.16494441032409668
56.0,1.0,1.0,0.03005361557006836
132.0,6.0,6.0,0.07446146011352539
1210.0,15.0,15.0,0.6874959468841553
871.0,15.0,15.0,0.48650097846984863
188.0,2.0,2.0,0.10474395751953125
120.0,9.0,9.0,0.0651407241821289
793.0,8.0,8.0,0.4519996643066406
111.0,5.0,5.0,0.06241416931152344
947.0,23.0,23.0,0.5425295829772949
380.0,13.0,13.0,0.21513056755065918
602.0,21.0,21.0,0.3285529613494873
514.0,9.0,9.0,0.2828819751739502
118.0,7.0,7.0,0.0648508071899414
116.0,8.0,8.0,0.06273531913757324
106.0,13.0,13.0,0.05891609191894531
227.0,4.0,4.0,0.12405180931091309
154.0,6.0,6.0,0.08421444892883301
272.0,8.0,8.0,0.15955281257629395
377.0,2.0,2.0,0.21251130104064941
205.0,1.0,1.0,0.1298222541809082
74.0,4.0,4.0,0.04704856872558594
255.0,3.0,3.0,0.21319913864135742
315.0,10.0,10.0,0.1893329620361328
439.0,10.0,10.0,0.28719639778137207
435.0,6.0,6.0,0.25130581855773926
1019.0,7.0,7.0,0.6030313968658447
227.0,9.0,9.0,0.13261866569519043
251.0,1.0,1.0,0.17118358612060547
330.0,5.0,5.0,0.19792580604553223
162.0,9.0,9.0,0.08907580375671387
79.0,9.0,9.0,0.04182147979736328
144.0,2.0,2.0,0.08040356636047363
606.0,8.0,8.0,0.3648555278778076
944.0,10.0,10.0,0.5268192291259766
331.0,4.0,4.0,0.18597006797790527
772.0,10.0,10.0,0.4279320240020752
1267.0,9.0,9.0,0.7017207145690918
275.0,5.0,5.0,0.14942574501037598
161.0,5.0,5.0,0.09989333152770996
203.0,3.0,3.0,0.12615108489990234
370.0,8.0,8.0,0.1999368667602539
301.0,5.0,5.0,0.17864251136779785
61.0,2.0,2.0,0.03312945365905762
410.0,8.0,8.0,0.2302558422088623
93.0,5.0,5.0,0.052663326263427734
484.0,4.0,4.0,0.2670309543609619
443.0,7.0,7.0,0.247023344039917
507.0,15.0,15.0,0.283095121383667
96.0,2.0,2.0,0.052806854248046875
857.0,10.0,10.0,0.4707968235015869
880.0,6.0,6.0,0.5047533512115479
55.0,1.0,1.0,0.03079080581665039
192.0,8.0,8.0,0.10746312141418457
613.0,13.0,13.0,0.33635640144348145
57.0,4.0,4.0,0.0322115421295166
376.0,5.0,5.0,0.21005582809448242
1932.0,24.0,24.0,1.0896074771881104
359.0,5.0,5.0,0.221116304397583
356.0,3.0,3.0,0.20037508010864258
478.0,8.0,8.0,0.2679154872894287
201.0,5.0,5.0,0.10863232612609863
333.0,4.0,4.0,0.18157005310058594
426.0,4.0,4.0,0.23125886917114258
434.0,4.0,4.0,0.2371363639831543
562.0,6.0,6.0,0.304473876953125
52.0,1.0,1.0,0.0280001163482666
793.0,23.0,23.0,0.45029735565185547
261.0,8.0,8.0,0.14278173446655273
232.0,6.0,6.0,0.12940216064453125
144.0,0.0,0.0,0.07863116264343262
261.0,4.0,4.0,0.14621520042419434
827.0,5.0,5.0,0.46111226081848145
238.0,4.0,4.0,0.1366736888885498
195.0,6.0,6.0,0.1082162857055664
355.0,11.0,11.0,0.19366860389709473
619.0,13.0,13.0,0.3413431644439697
391.0,1.0,1.0,0.21479034423828125
337.0,5.0,5.0,0.2114884853363037
1969.0,20.0,20.0,1.080291509628296
350.0,8.0,8.0,0.22411680221557617
233.0,6.0,6.0,0.1327040195465088
156.0,6.0,6.0,0.09436345100402832
101.0,6.0,6.0,0.05499148368835449
165.0,4.0,4.0,0.09209895133972168
63.0,12.0,12.0,0.03458237648010254
513.0,11.0,11.0,0.28530025482177734
750.0,5.0,5.0,0.48401713371276855
490.0,8.0,8.0,0.29431676864624023
501.0,11.0,11.0,0.31291937828063965
394.0,6.0,6.0,0.23619866371154785
234.0,2.0,2.0,0.16048431396484375
282.0,8.0,8.0,0.1599595546722412
501.0,4.0,4.0,0.2980611324310303
219.0,10.0,10.0,0.12414145469665527
70.0,2.0,2.0,0.0469205379486084
53.0,1.0,1.0,0.030937671661376953
124.0,4.0,4.0,0.0728294849395752
759.0,13.0,13.0,0.43307995796203613
52.0,3.0,3.0,0.02904224395751953
169.0,3.0,3.0,0.09264779090881348
132.0,3.0,3.0,0.07258486747741699
305.0,2.0,2.0,0.1676621437072754
170.0,1.0,1.0,0.0955657958984375
142.0,4.0,4.0,0.07563138008117676
75.0,1.0,1.0,0.040999650955200195
428.0,11.0,11.0,0.2345418930053711
364.0,2.0,2.0,0.202301025390625
1623.0,27.0,27.0,0.9549968242645264
211.0,9.0,9.0,0.11325812339782715
388.0,9.0,9.0,0.21329498291015625
378.0,11.0,11.0,0.21638178825378418
234.0,9.0,9.0,0.15211868286132812
577.0,8.0,8.0,0.3455958366394043
553.0,10.0,10.0,0.31871581077575684
440.0,7.0,7.0,0.24729347229003906
342.0,6.0,6.0,0.20625877380371094
107.0,2.0,2.0,0.05963134765625
149.0,9.0,9.0,0.08262825012207031
43.0,1.0,1.0,0.03067922592163086
1650.0,16.0,16.0,0.9543673992156982
122.0,8.0,8.0,0.06799983978271484
133.0,4.0,4.0,0.07462644577026367
415.0,4.0,4.0,0.23025822639465332
336.0,6.0,6.0,0.18225836753845215
136.0,0.0,0.0,0.0746314525604248
304.0,6.0,6.0,0.16562771797180176
698.0,15.0,15.0,0.39003682136535645
286.0,6.0,6.0,0.18120527267456055
285.0,12.0,12.0,0.15640783309936523
356.0,6.0,6.0,0.19559264183044434
249.0,14.0,14.0,0.1366283893585205
472.0,14.0,14.0,0.2621645927429199
362.0,5.0,5.0,0.26696109771728516
567.0,3.0,3.0,0.3105130195617676
166.0,6.0,6.0,0.09063100814819336
1487.0,10.0,10.0,0.8307955265045166
431.0,13.0,13.0,0.23781824111938477
553.0,5.0,5.0,0.30425000190734863
867.0,8.0,8.0,0.5113577842712402
592.0,7.0,7.0,0.32389116287231445
404.0,9.0,9.0,0.22078442573547363
272.0,2.0,2.0,0.15025877952575684
130.0,3.0,3.0,0.0690000057220459
696.0,11.0,11.0,0.41295313835144043
305.0,6.0,6.0,0.1642167568206787
1444.0,8.0,8.0,0.7902827262878418
397.0,2.0,2.0,0.21759772300720215
248.0,4.0,4.0,0.1362597942352295
647.0,6.0,6.0,0.35263967514038086
208.0,8.0,8.0,0.11362648010253906
106.0,4.0,4.0,0.05863761901855469
132.0,2.0,2.0,0.08662748336791992
219.0,6.0,6.0,0.13129830360412598
58.0,3.0,3.0,0.033165693283081055
787.0,9.0,9.0,0.4458310604095459
313.0,11.0,11.0,0.2014153003692627
504.0,10.0,10.0,0.33223986625671387
292.0,9.0,9.0,0.1847820281982422
595.0,11.0,11.0,0.3996591567993164
66.0,6.0,6.0,0.04162740707397461
1395.0,22.0,22.0,0.8327102661132812
211.0,4.0,4.0,0.12071752548217773
813.0,14.0,14.0,0.4435396194458008
338.0,11.0,11.0,0.18466973304748535
368.0,1.0,1.0,0.20225834846496582
85.0,1.0,1.0,0.04658913612365723
182.0,5.0,5.0,0.10005569458007812
87.0,0.0,0.0,0.049042463302612305
745.0,20.0,20.0,0.4084129333496094
348.0,8.0,8.0,0.1982591152191162
427.0,11.0,11.0,0.2656431198120117
126.0,5.0,5.0,0.06912493705749512
270.0,8.0,8.0,0.14754390716552734
89.0,5.0,5.0,0.0495908260345459
193.0,5.0,5.0,0.11169242858886719
142.0,7.0,7.0,0.07636117935180664
665.0,16.0,16.0,0.3737189769744873
371.0,5.0,5.0,0.2035655975341797
331.0,4.0,4.0,0.17966985702514648
132.0,4.0,4.0,0.07258892059326172
293.0,2.0,2.0,0.16054344177246094
261.0,0.0,0.0,0.14262700080871582
217.0,15.0,15.0,0.1216738224029541
989.0,10.0,10.0,0.5591573715209961
84.0,6.0,6.0,0.044631004333496094
1348.0,12.0,12.0,0.7422096729278564
98.0,4.0,4.0,0.05258750915527344
224.0,4.0,4.0,0.12262725830078125
37.0,0.0,0.0,0.020999908447265625
898.0,23.0,23.0,0.500978946685791
774.0,14.0,14.0,0.4528164863586426
180.0,2.0,2.0,0.0997312068939209
150.0,3.0,3.0,0.08207488059997559
294.0,14.0,14.0,0.16121673583984375
43.0,0.0,0.0,0.024000167846679688
428.0,9.0,9.0,0.23489069938659668
290.0,10.0,10.0,0.1615753173828125
212.0,17.0,17.0,0.11867332458496094
236.0,3.0,3.0,0.1282210350036621
120.0,2.0,2.0,0.06904244422912598
128.0,14.0,14.0,0.0710000991821289
32.0,0.0,0.0,0.01704263687133789
39.0,0.0,0.0,0.020589590072631836
2263.0,34.0,34.0,1.298743724822998
244.0,3.0,3.0,0.13130927085876465
804.0,7.0,7.0,0.4450490474700928
143.0,2.0,2.0,0.07858490943908691
363.0,5.0,5.0,0.2004075050354004
87.0,2.0,2.0,0.047631025314331055
830.0,18.0,18.0,0.4555168151855469
110.0,1.0,1.0,0.05862689018249512
386.0,11.0,11.0,0.21691679954528809
851.0,8.0,8.0,0.4969189167022705
375.0,6.0,6.0,0.20177769660949707
161.0,3.0,3.0,0.0876314640045166
579.0,9.0,9.0,0.32288503646850586
313.0,6.0,6.0,0.19925951957702637
99.0,4.0,4.0,0.06263136863708496
242.0,3.0,3.0,0.14102625846862793
1220.0,11.0,11.0,0.6695823669433594
96.0,1.0,1.0,0.052626848220825195
90.0,7.0,7.0,0.05099987983703613
153.0,5.0,5.0,0.10569596290588379
118.0,8.0,8.0,0.07107830047607422
1117.0,8.0,8.0,0.6146490573883057
55.0,3.0,3.0,0.030041933059692383
146.0,2.0,2.0,0.0815892219543457
502.0,7.0,7.0,0.2922680377960205
455.0,8.0,8.0,0.27301907539367676
538.0,14.0,14.0,0.31772446632385254
42.0,2.0,2.0,0.02604222297668457
141.0,2.0,2.0,0.09107065200805664
230.0,4.0,4.0,0.1271829605102539
290.0,4.0,4.0,0.1659700870513916
61.0,1.0,1.0,0.04410743713378906
234.0,8.0,8.0,0.14331531524658203
156.0,7.0,7.0,0.08937907218933105
323.0,16.0,16.0,0.1978926658630371
71.0,3.0,3.0,0.03899860382080078
494.0,8.0,8.0,0.2985692024230957
586.0,4.0,4.0,0.35599350929260254
407.0,7.0,7.0,0.22219109535217285
142.0,2.0,2.0,0.08153772354125977
112.0,2.0,2.0,0.061632633209228516
154.0,15.0,15.0,0.08462691307067871
540.0,11.0,11.0,0.3176441192626953
269.0,7.0,7.0,0.1472172737121582
386.0,8.0,8.0,0.23873305320739746
374.0,5.0,5.0,0.2056436538696289
351.0,2.0,2.0,0.20189738273620605
604.0,6.0,6.0,0.33458399772644043
479.0,5.0,5.0,0.2637922763824463
65.0,1.0,1.0,0.03600001335144043
55.0,5.0,5.0,0.030627012252807617
539.0,12.0,12.0,0.2938041687011719
175.0,2.0,2.0,0.09758782386779785
222.0,0.0,0.0,0.1219015121459961
604.0,5.0,5.0,0.3264138698577881
199.0,4.0,4.0,0.10763144493103027
139.0,1.0,1.0,0.09105920791625977
136.0,2.0,2.0,0.07862257957458496
1065.0,13.0,13.0,0.589200496673584
353.0,17.0,17.0,0.1962590217590332
209.0,3.0,3.0,0.11863183975219727
300.0,3.0,3.0,0.1647782325744629
120.0,3.0,3.0,0.06599974632263184
309.0,6.0,6.0,0.17626094818115234
257.0,9.0,9.0,0.14267420768737793
855.0,9.0,9.0,0.47151851654052734
546.0,8.0,8.0,0.32196640968322754
352.0,7.0,7.0,0.1916806697845459
110.0,3.0,3.0,0.06602239608764648
95.0,3.0,3.0,0.05463147163391113
389.0,4.0,4.0,0.21425938606262207
162.0,11.0,11.0,0.08892607688903809
243.0,8.0,8.0,0.13465046882629395
394.0,4.0,4.0,0.22730207443237305
546.0,8.0,8.0,0.320697546005249
216.0,10.0,10.0,0.12215542793273926
359.0,6.0,6.0,0.25084733963012695
95.0,3.0,3.0,0.04964256286621094
180.0,3.0,3.0,0.09866094589233398
156.0,3.0,3.0,0.0856313705444336
311.0,4.0,4.0,0.20322871208190918
190.0,0.0,0.0,0.10275053977966309
339.0,8.0,8.0,0.18626022338867188
135.0,7.0,7.0,0.07304239273071289
963.0,11.0,11.0,0.5327205657958984
266.0,0.0,0.0,0.14463114738464355
861.0,17.0,17.0,0.47315382957458496
181.0,3.0,3.0,0.10163187980651855
218.0,5.0,5.0,0.11792922019958496
693.0,11.0,11.0,0.4110095500946045
1246.0,7.0,7.0,0.6813442707061768
169.0,2.0,2.0,0.09437441825866699
69.0,5.0,5.0,0.03704333305358887
349.0,10.0,10.0,0.18912220001220703
51.0,3.0,3.0,0.02858901023864746
120.0,1.0,1.0,0.06604218482971191
432.0,19.0,19.0,0.23737382888793945
104.0,6.0,6.0,0.05704236030578613
307.0,1.0,1.0,0.16821670532226562
329.0,3.0,3.0,0.18212103843688965
595.0,7.0,7.0,0.3358898162841797
825.0,20.0,20.0,0.47637009620666504
275.0,11.0,11.0,0.1502668857574463
914.0,17.0,17.0,0.509425163269043
429.0,7.0,7.0,0.23625898361206055
982.0,5.0,5.0,0.5582029819488525
374.0,10.0,10.0,0.2663536071777344
936.0,6.0,6.0,0.5842256546020508
179.0,1.0,1.0,0.09699034690856934
251.0,1.0,1.0,0.1461935043334961
361.0,12.0,12.0,0.22517848014831543
366.0,7.0,7.0,0.2108299732208252
246.0,9.0,9.0,0.14664435386657715
737.0,5.0,5.0,0.4447619915008545
564.0,17.0,17.0,0.31327319145202637
46.0,4.0,4.0,0.03752779960632324
353.0,7.0,7.0,0.20395469665527344
95.0,1.0,1.0,0.051000118255615234
412.0,2.0,2.0,0.2358860969543457
892.0,18.0,18.0,0.48201608657836914
87.0,1.0,1.0,0.048584938049316406
593.0,9.0,9.0,0.32883763313293457
189.0,5.0,5.0,0.10363149642944336
532.0,10.0,10.0,0.2927429676055908
256.0,9.0,9.0,0.13725876808166504
819.0,6.0,6.0,0.46692681312561035
168.0,9.0,9.0,0.09363174438476562
453.0,2.0,2.0,0.24988651275634766
260.0,4.0,4.0,0.15127110481262207
209.0,7.0,7.0,0.11189985275268555
479.0,18.0,18.0,0.269423246383667
136.0,8.0,8.0,0.07362771034240723
354.0,3.0,3.0,0.19658803939819336
327.0,1.0,1.0,0.17725849151611328
337.0,0.0,0.0,0.18567347526550293
102.0,4.0,4.0,0.056044578552246094
1123.0,13.0,13.0,0.645620584487915
181.0,0.0,0.0,0.1006317138671875
582.0,6.0,6.0,0.32230639457702637
127.0,4.0,4.0,0.06904244422912598
196.0,2.0,2.0,0.10499811172485352
563.0,11.0,11.0,0.31641125679016113
160.0,0.0,0.0,0.08863162994384766
1754.0,24.0,24.0,0.9849123954772949
650.0,9.0,9.0,0.36232829093933105
394.0,6.0,6.0,0.2163102626800537
204.0,5.0,5.0,0.11959362030029297
266.0,4.0,4.0,0.14763236045837402
90.0,1.0,1.0,0.04862713813781738
41.0,1.0,1.0,0.02299976348876953
531.0,9.0,9.0,0.29122090339660645
184.0,3.0,3.0,0.09862709045410156
128.0,4.0,4.0,0.07004213333129883
147.0,2.0,2.0,0.07859015464782715
106.0,1.0,1.0,0.06087970733642578
126.0,7.0,7.0,0.06763219833374023
115.0,0.0,0.0,0.062000274658203125
620.0,8.0,8.0,0.3429431915283203
381.0,6.0,6.0,0.22983932495117188
292.0,6.0,6.0,0.16669535636901855
322.0,16.0,16.0,0.17293071746826172
150.0,12.0,12.0,0.0875847339630127
153.0,5.0,5.0,0.0876317024230957
78.0,10.0,10.0,0.04562687873840332
147.0,0.0,0.0,0.08658766746520996
42.0,1.0,1.0,0.02299976348876953
322.0,3.0,3.0,0.1957392692565918
701.0,2.0,2.0,0.38051700592041016
168.0,2.0,2.0,0.09204220771789551
132.0,3.0,3.0,0.07156753540039062
331.0,2.0,2.0,0.18425774574279785
1091.0,8.0,8.0,0.6187117099761963
40.0,0.0,0.0,0.02269887924194336
796.0,8.0,8.0,0.4448213577270508
218.0,7.0,7.0,0.12062692642211914
861.0,3.0,3.0,0.4786224365234375
1554.0,18.0,18.0,0.8551638126373291
163.0,1.0,1.0,0.0900423526763916
314.0,5.0,5.0,0.18869614601135254
482.0,14.0,14.0,0.29578566551208496
262.0,8.0,8.0,0.17354440689086914
480.0,5.0,5.0,0.2957737445831299
154.0,6.0,6.0,0.10863137245178223
785.0,5.0,5.0,0.4549102783203125
254.0,2.0,2.0,0.1589524745941162
463.0,7.0,7.0,0.2762153148651123
204.0,2.0,2.0,0.1295168399810791
384.0,5.0,5.0,0.25528407096862793
36.0,0.0,0.0,0.019847393035888672
424.0,6.0,6.0,0.23460698127746582
174.0,1.0,1.0,0.09746766090393066
1016.0,14.0,14.0,0.5610568523406982
282.0,2.0,2.0,0.155259370803833
970.0,13.0,13.0,0.5341446399688721
395.0,1.0,1.0,0.21941518783569336
172.0,9.0,9.0,0.09355306625366211
340.0,3.0,3.0,0.19469285011291504
527.0,9.0,9.0,0.3105010986328125
214.0,2.0,2.0,0.11947250366210938
245.0,0.0,0.0,0.13263201713562012
1106.0,8.0,8.0,0.6061980724334717
224.0,5.0,5.0,0.12256598472595215
131.0,6.0,6.0,0.0746316909790039
497.0,8.0,8.0,0.2788853645324707
497.0,11.0,11.0,0.273684024810791
46.0,0.0,0.0,0.02500009536743164
157.0,8.0,8.0,0.08463144302368164
243.0,8.0,8.0,0.13262724876403809
123.0,2.0,2.0,0.08454585075378418
190.0,3.0,3.0,0.10753512382507324
1035.0,18.0,18.0,0.5710744857788086
236.0,4.0,4.0,0.1255042552947998
146.0,4.0,4.0,0.08066129684448242
655.0,6.0,6.0,0.35681891441345215
169.0,4.0,4.0,0.09358954429626465
604.0,15.0,15.0,0.3485143184661865
59.0,1.0,1.0,0.03129935264587402
898.0,13.0,13.0,0.5127942562103271
360.0,7.0,7.0,0.19879150390625
1198.0,18.0,18.0,0.6624064445495605
55.0,2.0,2.0,0.029999971389770508
648.0,6.0,6.0,0.35738563537597656
251.0,9.0,9.0,0.14218807220458984
559.0,11.0,11.0,0.31130218505859375
232.0,3.0,3.0,0.12721729278564453
196.0,7.0,7.0,0.10762715339660645
37.0,2.0,2.0,0.020999670028686523
170.0,2.0,2.0,0.09263277053833008
380.0,13.0,13.0,0.2355661392211914
1381.0,24.0,24.0,0.761610746383667
797.0,11.0,11.0,0.44307971000671387
136.0,5.0,5.0,0.07458901405334473
1095.0,14.0,14.0,0.602299690246582
162.0,4.0,4.0,0.09938812255859375
155.0,2.0,2.0,0.09699082374572754
49.0,0.0,0.0,0.02926158905029297
181.0,1.0,1.0,0.09881329536437988
208.0,7.0,7.0,0.10998392105102539
246.0,4.0,4.0,0.13762736320495605
1369.0,23.0,23.0,0.7579667568206787
132.0,3.0,3.0,0.07204246520996094
68.0,0.0,0.0,0.03858470916748047
125.0,5.0,5.0,0.06904220581054688
95.0,5.0,5.0,0.0515897274017334
291.0,11.0,11.0,0.16025876998901367
1343.0,22.0,22.0,0.7628293037414551
507.0,8.0,8.0,0.27588653564453125
326.0,3.0,3.0,0.18065476417541504
122.0,7.0,7.0,0.0777750015258789
132.0,3.0,3.0,0.07275247573852539
131.0,1.0,1.0,0.07918906211853027
1350.0,11.0,11.0,0.8419418334960938
36.0,3.0,3.0,0.01988506317138672
120.0,3.0,3.0,0.06320858001708984
98.0,2.0,2.0,0.05478334426879883
819.0,8.0,8.0,0.5259761810302734
63.0,2.0,2.0,0.03332376480102539
140.0,0.0,0.0,0.08566451072692871
50.0,3.0,3.0,0.029999971389770508
378.0,2.0,2.0,0.24298739433288574
276.0,6.0,6.0,0.15885496139526367
57.0,3.0,3.0,0.029972553253173828
1189.0,6.0,6.0,0.696976900100708
416.0,5.0,5.0,0.2318875789642334
639.0,7.0,7.0,0.36005401611328125
73.0,0.0,0.0,0.0396275520324707
375.0,10.0,10.0,0.23566198348999023
363.0,8.0,8.0,0.2052905559539795
1493.0,17.0,17.0,0.8254218101501465
76.0,2.0,2.0,0.04215192794799805
387.0,4.0,4.0,0.2132587432861328
1127.0,8.0,8.0,0.6177749633789062
255.0,7.0,7.0,0.16048884391784668
587.0,10.0,10.0,0.33232927322387695
688.0,12.0,12.0,0.3750426769256592
132.0,3.0,3.0,0.07162737846374512
465.0,11.0,11.0,0.25826239585876465
274.0,8.0,8.0,0.14857101440429688
1710.0,19.0,19.0,0.9541890621185303
222.0,0.0,0.0,0.14076519012451172
214.0,4.0,4.0,0.1194448471069336
315.0,12.0,12.0,0.1715564727783203
132.0,1.0,1.0,0.07199978828430176
376.0,13.0,13.0,0.2043018341064453
677.0,4.0,4.0,0.3732602596282959
197.0,5.0,5.0,0.10963177680969238
215.0,3.0,3.0,0.11867094039916992
940.0,17.0,17.0,0.5169956684112549
273.0,4.0,4.0,0.14863133430480957
120.0,9.0,9.0,0.06662726402282715
355.0,2.0,2.0,0.21535825729370117
485.0,9.0,9.0,0.2738490104675293
141.0,8.0,8.0,0.08263134956359863
714.0,22.0,22.0,0.3978745937347412
403.0,3.0,3.0,0.22925829887390137
213.0,4.0,4.0,0.11792993545532227
712.0,8.0,8.0,0.39104652404785156
1121.0,17.0,17.0,0.6337778568267822
474.0,14.0,14.0,0.2723405361175537
858.0,11.0,11.0,0.4836745262145996
998.0,13.0,13.0,0.5443167686462402
583.0,2.0,2.0,0.3237264156341553
124.0,0.0,0.0,0.06800007820129395
1158.0,27.0,27.0,0.6754360198974609
573.0,7.0,7.0,0.31983232498168945
528.0,3.0,3.0,0.2907130718231201
128.0,11.0,11.0,0.06963205337524414
133.0,2.0,2.0,0.07462692260742188
283.0,1.0,1.0,0.1566314697265625
928.0,11.0,11.0,0.5287225246429443
548.0,9.0,9.0,0.3418591022491455
189.0,14.0,14.0,0.10733437538146973
231.0,3.0,3.0,0.15403318405151367
88.0,0.0,0.0,0.05933785438537598
76.0,3.0,3.0,0.04310250282287598
283.0,9.0,9.0,0.1679859161376953
235.0,4.0,4.0,0.13419628143310547
1202.0,16.0,16.0,0.7594990730285645
73.0,6.0,6.0,0.042368173599243164
153.0,4.0,4.0,0.08717465400695801
464.0,2.0,2.0,0.25248265266418457
160.0,9.0,9.0,0.09319949150085449
672.0,7.0,7.0,0.3831651210784912
160.0,1.0,1.0,0.09032726287841797
996.0,6.0,6.0,0.565514326095581
613.0,9.0,9.0,0.3417530059814453
555.0,6.0,6.0,0.30524492263793945
482.0,4.0,4.0,0.26389050483703613
361.0,5.0,5.0,0.19855451583862305
952.0,11.0,11.0,0.6025819778442383
374.0,4.0,4.0,0.20994782447814941
302.0,9.0,9.0,0.1626882553100586
824.0,15.0,15.0,0.46439075469970703
511.0,6.0,6.0,0.2826368808746338
221.0,4.0,4.0,0.12467408180236816
379.0,3.0,3.0,0.20728397369384766
68.0,7.0,7.0,0.03700065612792969
86.0,0.0,0.0,0.04804205894470215
443.0,8.0,8.0,0.24284839630126953
382.0,7.0,7.0,0.2126598358154297
305.0,5.0,5.0,0.1885380744934082
247.0,4.0,4.0,0.13733315467834473
203.0,8.0,8.0,0.11266970634460449
1133.0,10.0,10.0,0.6212093830108643
1895.0,22.0,22.0,1.032423496246338
617.0,11.0,11.0,0.38201475143432617
260.0,2.0,2.0,0.14761090278625488
1024.0,8.0,8.0,0.572676420211792
122.0,2.0,2.0,0.06606769561767578
242.0,12.0,12.0,0.13419127464294434
599.0,9.0,9.0,0.33944272994995117
343.0,7.0,7.0,0.1942594051361084
221.0,8.0,8.0,0.12521648406982422
281.0,8.0,8.0,0.15764641761779785
1708.0,22.0,22.0,0.9710745811462402
304.0,9.0,9.0,0.16425848007202148
352.0,5.0,5.0,0.19359374046325684
344.0,1.0,1.0,0.18925952911376953
149.0,0.0,0.0,0.08204197883605957
422.0,4.0,4.0,0.2336597442626953
341.0,4.0,4.0,0.19025921821594238
182.0,6.0,6.0,0.09763169288635254
189.0,5.0,5.0,0.10662674903869629
91.0,5.0,5.0,0.04900002479553223
95.0,3.0,3.0,0.05863189697265625
160.0,0.0,0.0,0.08762741088867188
1884.0,17.0,17.0,1.076242208480835
53.0,2.0,2.0,0.02904343605041504
353.0,11.0,11.0,0.21948027610778809
593.0,14.0,14.0,0.3838484287261963
245.0,6.0,6.0,0.13895630836486816
72.0,7.0,7.0,0.04052448272705078
424.0,6.0,6.0,0.2885713577270508
1365.0,16.0,16.0,0.8312382698059082
377.0,7.0,7.0,0.2377948760986328
1670.0,13.0,13.0,1.0030264854431152
1356.0,32.0,32.0,0.7764558792114258
71.0,3.0,3.0,0.04062700271606445
146.0,3.0,3.0,0.08104276657104492
489.0,16.0,16.0,0.27512288093566895
561.0,13.0,13.0,0.3061988353729248
104.0,3.0,3.0,0.05763125419616699
85.0,7.0,7.0,0.04699969291687012
166.0,3.0,3.0,0.09262704849243164
175.0,4.0,4.0,0.09614276885986328
278.0,2.0,2.0,0.1552586555480957
323.0,4.0,4.0,0.17969560623168945
44.0,0.0,0.0,0.02399921417236328
724.0,11.0,11.0,0.4241220951080322
52.0,0.0,0.0,0.028042078018188477
234.0,4.0,4.0,0.12855815887451172
493.0,4.0,4.0,0.2713019847869873
1502.0,28.0,28.0,0.833406925201416
195.0,6.0,6.0,0.10763144493103027
838.0,24.0,24.0,0.4685709476470947
49.0,0.0,0.0,0.0279998779296875
1345.0,10.0,10.0,0.7712011337280273
124.0,2.0,2.0,0.06699991226196289
456.0,11.0,11.0,0.25231409072875977
277.0,11.0,11.0,0.15363216400146484
512.0,8.0,8.0,0.28014612197875977
462.0,5.0,5.0,0.25420117378234863
1387.0,5.0,5.0,0.8127255439758301
535.0,5.0,5.0,0.2928905487060547
252.0,7.0,7.0,0.13883399963378906
82.0,7.0,7.0,0.0446314811706543
329.0,5.0,5.0,0.1836690902709961
1061.0,22.0,22.0,0.5858035087585449
447.0,6.0,6.0,0.25084853172302246
388.0,9.0,9.0,0.2147836685180664
119.0,4.0,4.0,0.06663107872009277
46.0,3.0,3.0,0.026000261306762695
322.0,5.0,5.0,0.20314455032348633
516.0,5.0,5.0,0.2817549705505371
987.0,23.0,23.0,0.5529789924621582
299.0,2.0,2.0,0.16521668434143066
1780.0,16.0,16.0,0.9880726337432861
53.0,1.0,1.0,0.0279998779296875
302.0,4.0,4.0,0.1935126781463623
169.0,22.0,22.0,0.0938112735748291
183.0,5.0,5.0,0.10215091705322266
762.0,5.0,5.0,0.42899131774902344
357.0,5.0,5.0,0.1948084831237793
243.0,7.0,7.0,0.13262724876403809
795.0,10.0,10.0,0.43589019775390625
62.0,0.0,0.0,0.034631967544555664
465.0,2.0,2.0,0.2550525665283203
67.0,0.0,0.0,0.03763747215270996
508.0,9.0,9.0,0.2843010425567627
176.0,12.0,12.0,0.11002874374389648
274.0,5.0,5.0,0.1583089828491211
1822.0,19.0,19.0,1.1238272190093994
404.0,8.0,8.0,0.27674341201782227
162.0,5.0,5.0,0.09777569770812988
73.0,2.0,2.0,0.04203534126281738
81.0,0.0,0.0,0.04904913902282715
313.0,9.0,9.0,0.18692994117736816
543.0,3.0,3.0,0.36301445960998535
463.0,4.0,4.0,0.2556617259979248
196.0,1.0,1.0,0.10681867599487305
465.0,8.0,8.0,0.25836610794067383
119.0,0.0,0.0,0.0656282901763916
162.0,2.0,2.0,0.08904218673706055
94.0,2.0,2.0,0.05304360389709473
216.0,0.0,0.0,0.1225287914276123
1024.0,12.0,12.0,0.5667586326599121
92.0,4.0,4.0,0.050042152404785156
705.0,5.0,5.0,0.390516996383667
69.0,2.0,2.0,0.03858518600463867
310.0,5.0,5.0,0.20114588737487793
436.0,3.0,3.0,0.23795723915100098
127.0,1.0,1.0,0.06963133811950684
1106.0,9.0,9.0,0.6232635974884033
1305.0,7.0,7.0,0.7113063335418701
104.0,6.0,6.0,0.05927157402038574
950.0,14.0,14.0,0.5597250461578369
348.0,4.0,4.0,0.1921696662902832
452.0,4.0,4.0,0.2458491325378418
1049.0,11.0,11.0,0.5805559158325195
191.0,5.0,5.0,0.10563135147094727
442.0,6.0,6.0,0.2412586212158203
106.0,5.0,5.0,0.06262683868408203
180.0,2.0,2.0,0.10163164138793945
689.0,7.0,7.0,0.38404273986816406
605.0,8.0,8.0,0.35730648040771484
323.0,8.0,8.0,0.1752157211303711
217.0,4.0,4.0,0.12559247016906738
120.0,9.0,9.0,0.06660246849060059
328.0,10.0,10.0,0.1799757480621338
777.0,11.0,11.0,0.4265174865722656
922.0,7.0,7.0,0.5156075954437256
451.0,11.0,11.0,0.24789118766784668
619.0,11.0,11.0,0.3672478199005127
111.0,4.0,4.0,0.059999942779541016
374.0,10.0,10.0,0.2072591781616211
603.0,9.0,9.0,0.33019280433654785
151.0,9.0,9.0,0.08676886558532715
82.0,9.0,9.0,0.04558539390563965
172.0,0.0,0.0,0.09263157844543457
709.0,6.0,6.0,0.39591550827026367
159.0,4.0,4.0,0.0841214656829834
139.0,5.0,5.0,0.0746760368347168
234.0,4.0,4.0,0.12752032279968262
329.0,9.0,9.0,0.1812586784362793
725.0,7.0,7.0,0.4264402389526367
243.0,2.0,2.0,0.13310027122497559
200.0,8.0,8.0,0.11062860488891602
384.0,11.0,11.0,0.21468424797058105
111.0,3.0,3.0,0.059000253677368164
602.0,5.0,5.0,0.33122944831848145
576.0,4.0,4.0,0.32295703887939453
79.0,6.0,6.0,0.04199981689453125
1247.0,11.0,11.0,0.7034025192260742
1160.0,16.0,16.0,0.6600472927093506
379.0,2.0,2.0,0.20825934410095215
188.0,3.0,3.0,0.12207603454589844
142.0,4.0,4.0,0.0820765495300293
700.0,8.0,8.0,0.4510469436645508
596.0,19.0,19.0,0.3919963836669922
171.0,7.0,7.0,0.09751272201538086
377.0,7.0,7.0,0.24544191360473633
145.0,3.0,3.0,0.09770941734313965
270.0,4.0,4.0,0.14939236640930176
138.0,3.0,3.0,0.07351970672607422
797.0,23.0,23.0,0.506479024887085
113.0,13.0,13.0,0.06019878387451172
660.0,7.0,7.0,0.3707129955291748
34.0,1.0,1.0,0.018999814987182617
128.0,3.0,3.0,0.07004237174987793
464.0,13.0,13.0,0.25330305099487305
491.0,12.0,12.0,0.26699399948120117
1793.0,13.0,13.0,1.0068309307098389
35.0,0.0,0.0,0.018999814987182617
372.0,8.0,8.0,0.20025944709777832
1421.0,24.0,24.0,0.7799892425537109
145.0,6.0,6.0,0.0826270580291748
556.0,12.0,12.0,0.30189037322998047
434.0,12.0,12.0,0.25745153427124023
1273.0,11.0,11.0,0.6855714321136475
801.0,18.0,18.0,0.4329066276550293
73.0,1.0,1.0,0.03899979591369629
489.0,16.0,16.0,0.2694106101989746
899.0,13.0,13.0,0.5266709327697754
296.0,6.0,6.0,0.19134950637817383
105.0,4.0,4.0,0.058277130126953125
303.0,6.0,6.0,0.16621732711791992
377.0,7.0,7.0,0.20525836944580078
754.0,3.0,3.0,0.41329503059387207
124.0,3.0,3.0,0.06763124465942383
112.0,7.0,7.0,0.060626983642578125
179.0,2.0,2.0,0.0991508960723877
207.0,5.0,5.0,0.1136312484741211
596.0,7.0,7.0,0.34088563919067383
405.0,8.0,8.0,0.23589015007019043
229.0,2.0,2.0,0.13062739372253418
242.0,2.0,2.0,0.1427001953125
316.0,1.0,1.0,0.1860198974609375
526.0,7.0,7.0,0.2868213653564453
247.0,5.0,5.0,0.13367033004760742
1437.0,7.0,7.0,0.8009819984436035
393.0,11.0,11.0,0.21653318405151367
313.0,12.0,12.0,0.17719793319702148
357.0,8.0,8.0,0.20384812355041504
81.0,7.0,7.0,0.04460573196411133
161.0,5.0,5.0,0.08881807327270508
317.0,9.0,9.0,0.19371438026428223
242.0,6.0,6.0,0.1314067840576172
470.0,9.0,9.0,0.2568850517272949
93.0,2.0,2.0,0.050994873046875
317.0,9.0,9.0,0.1702587604522705
47.0,3.0,3.0,0.025000333786010742
38.0,1.0,1.0,0.020631790161132812
753.0,9.0,9.0,0.4110407829284668
236.0,4.0,4.0,0.128631591796875
310.0,2.0,2.0,0.17125868797302246
130.0,1.0,1.0,0.07104182243347168
1296.0,13.0,13.0,0.742767333984375
78.0,4.0,4.0,0.040972232818603516
54.0,2.0,2.0,0.03063201904296875
125.0,3.0,3.0,0.06999969482421875
1129.0,14.0,14.0,0.6214046478271484
257.0,10.0,10.0,0.14263200759887695
390.0,5.0,5.0,0.21367263793945312
1194.0,10.0,10.0,0.7494089603424072
1219.0,12.0,12.0,0.7619533538818359
126.0,10.0,10.0,0.06914186477661133
61.0,3.0,3.0,0.03326869010925293
454.0,4.0,4.0,0.27622270584106445
591.0,21.0,21.0,0.3688933849334717
703.0,7.0,7.0,0.4126927852630615
344.0,2.0,2.0,0.2062394618988037
242.0,10.0,10.0,0.14325833320617676
498.0,9.0,9.0,0.3148984909057617
236.0,14.0,14.0,0.12708044052124023
198.0,3.0,3.0,0.12326788902282715
277.0,5.0,5.0,0.15145492553710938
466.0,7.0,7.0,0.25730085372924805
759.0,13.0,13.0,0.429534912109375
595.0,13.0,13.0,0.3312387466430664
577.0,9.0,9.0,0.31989121437072754
110.0,7.0,7.0,0.0609288215637207
462.0,5.0,5.0,0.2759544849395752
577.0,4.0,4.0,0.31862473487854004
291.0,8.0,8.0,0.16066956520080566
656.0,14.0,14.0,0.37047457695007324
270.0,6.0,6.0,0.14825868606567383
586.0,2.0,2.0,0.32641077041625977
180.0,8.0,8.0,0.0986318588256836
180.0,1.0,1.0,0.09815669059753418
608.0,3.0,3.0,0.335369348526001
91.0,7.0,7.0,0.050631046295166016
181.0,2.0,2.0,0.09993982315063477
358.0,13.0,13.0,0.22450923919677734
769.0,5.0,5.0,0.42156171798706055
183.0,3.0,3.0,0.10398173332214355
566.0,11.0,11.0,0.3083987236022949
336.0,14.0,14.0,0.1865098476409912
146.0,4.0,4.0,0.07817482948303223
183.0,0.0,0.0,0.09963154792785645
106.0,5.0,5.0,0.05762791633605957
123.0,2.0,2.0,0.06963157653808594
386.0,8.0,8.0,0.2132587432861328
488.0,13.0,13.0,0.26630067825317383
210.0,3.0,3.0,0.1158447265625
215.0,5.0,5.0,0.13732504844665527
262.0,2.0,2.0,0.14669251441955566
51.0,1.0,1.0,0.02758932113647461
1305.0,19.0,19.0,0.7230663299560547
164.0,5.0,5.0,0.09063148498535156
133.0,1.0,1.0,0.07262778282165527
386.0,1.0,1.0,0.20978760719299316
177.0,4.0,4.0,0.09562802314758301
57.0,3.0,3.0,0.03099989891052246
452.0,8.0,8.0,0.24889087677001953
993.0,17.0,17.0,0.5817787647247314
116.0,2.0,2.0,0.06194901466369629
362.0,0.0,0.0,0.20960688591003418
238.0,0.0,0.0,0.12919354438781738
606.0,5.0,5.0,0.3394746780395508
376.0,15.0,15.0,0.20425868034362793
44.0,2.0,2.0,0.024000167846679688
46.0,2.0,2.0,0.025042295455932617
118.0,3.0,3.0,0.06358456611633301
292.0,9.0,9.0,0.16225838661193848
734.0,12.0,12.0,0.40451693534851074
309.0,4.0,4.0,0.16974163055419922
773.0,22.0,22.0,0.4512042999267578
103.0,3.0,3.0,0.0545957088470459
383.0,11.0,11.0,0.20695257186889648
66.0,6.0,6.0,0.03800010681152344
115.0,3.0,3.0,0.06262683868408203
155.0,3.0,3.0,0.0856316089630127
362.0,9.0,9.0,0.19825959205627441
608.0,5.0,5.0,0.33515501022338867
150.0,8.0,8.0,0.08162736892700195
211.0,10.0,10.0,0.11463189125061035
1206.0,18.0,18.0,0.6707658767700195
127.0,1.0,1.0,0.08408570289611816
114.0,4.0,4.0,0.07974123954772949
880.0,14.0,14.0,0.5724585056304932
542.0,10.0,10.0,0.372600793838501
1051.0,14.0,14.0,0.6221485137939453
567.0,8.0,8.0,0.36852145195007324
215.0,3.0,3.0,0.1284029483795166
764.0,16.0,16.0,0.44731712341308594
375.0,8.0,8.0,0.20625901222229004
773.0,4.0,4.0,0.4215104579925537
530.0,13.0,13.0,0.29119253158569336
175.0,0.0,0.0,0.09463191032409668
338.0,9.0,9.0,0.1852588653564453
212.0,4.0,4.0,0.11693572998046875
213.0,6.0,6.0,0.12063145637512207
626.0,22.0,22.0,0.35245823860168457
57.0,1.0,1.0,0.03099966049194336
165.0,4.0,4.0,0.11193299293518066
165.0,8.0,8.0,0.09113097190856934
264.0,7.0,7.0,0.14246654510498047
87.0,3.0,3.0,0.04799008369445801
155.0,0.0,0.0,0.0839390754699707
103.0,7.0,7.0,0.058042049407958984
552.0,10.0,10.0,0.300891637802124
1167.0,10.0,10.0,0.6662652492523193
37.0,0.0,0.0,0.019835233688354492
311.0,12.0,12.0,0.16901803016662598
1317.0,11.0,11.0,0.7451465129852295
708.0,11.0,11.0,0.3906240463256836
134.0,5.0,5.0,0.07358455657958984
1679.0,13.0,13.0,0.9293303489685059
1388.0,10.0,10.0,0.7951085567474365
330.0,1.0,1.0,0.18121767044067383
324.0,12.0,12.0,0.18057537078857422
242.0,5.0,5.0,0.12962651252746582
199.0,7.0,7.0,0.10963153839111328
378.0,17.0,17.0,0.20936846733093262
109.0,3.0,3.0,0.06100010871887207
204.0,0.0,0.0,0.1146697998046875
2094.0,27.0,27.0,1.1839635372161865
57.0,2.0,2.0,0.034348249435424805
208.0,9.0,9.0,0.12011575698852539
576.0,8.0,8.0,0.3249185085296631
32.0,2.0,2.0,0.017000198364257812
603.0,5.0,5.0,0.3569681644439697
157.0,3.0,3.0,0.08766412734985352
421.0,1.0,1.0,0.23003411293029785
100.0,7.0,7.0,0.05466485023498535
870.0,4.0,4.0,0.5434668064117432
1423.0,15.0,15.0,0.8292043209075928
308.0,6.0,6.0,0.17421698570251465
110.0,4.0,4.0,0.06263136863708496
562.0,10.0,10.0,0.3088853359222412
166.0,0.0,0.0,0.09363150596618652
207.0,2.0,2.0,0.11162757873535156
243.0,8.0,8.0,0.13367342948913574
720.0,6.0,6.0,0.39788269996643066
388.0,8.0,8.0,0.21328139305114746
712.0,11.0,11.0,0.4118204116821289
44.0,6.0,6.0,0.024000167846679688
654.0,11.0,11.0,0.38062024116516113
331.0,8.0,8.0,0.2068033218383789
180.0,10.0,10.0,0.12114882469177246
96.0,0.0,0.0,0.055216073989868164
354.0,5.0,5.0,0.21294355392456055
245.0,3.0,3.0,0.13814091682434082
212.0,9.0,9.0,0.1211249828338623
441.0,7.0,7.0,0.26027750968933105
219.0,2.0,2.0,0.13918018341064453
176.0,4.0,4.0,0.10921669006347656
868.0,10.0,10.0,0.5173196792602539
590.0,11.0,11.0,0.32608556747436523
400.0,3.0,3.0,0.21825909614562988
66.0,3.0,3.0,0.03664398193359375
221.0,3.0,3.0,0.1216273307800293
610.0,10.0,10.0,0.336165189743042
35.0,0.0,0.0,0.021042346954345703
408.0,7.0,7.0,0.22784829139709473
1270.0,16.0,16.0,0.7253270149230957
283.0,4.0,4.0,0.15425515174865723
341.0,10.0,10.0,0.1983332633972168
550.0,14.0,14.0,0.30341434478759766
822.0,7.0,7.0,0.44695258140563965
517.0,22.0,22.0,0.2880852222442627
558.0,14.0,14.0,0.30388855934143066
157.0,4.0,4.0,0.0876321792602539
156.0,2.0,2.0,0.08915472030639648
354.0,3.0,3.0,0.22411561012268066
211.0,3.0,3.0,0.11435389518737793
345.0,5.0,5.0,0.1932687759399414
135.0,0.0,0.0,0.07266449928283691
189.0,1.0,1.0,0.10462760925292969
421.0,3.0,3.0,0.23071575164794922
129.0,7.0,7.0,0.07258987426757812
135.0,3.0,3.0,0.07462692260742188
213.0,5.0,5.0,0.11663174629211426
760.0,14.0,14.0,0.41596031188964844
269.0,5.0,5.0,0.14416265487670898
117.0,15.0,15.0,0.07204318046569824
1682.0,24.0,24.0,0.9572486877441406
122.0,2.0,2.0,0.06663179397583008
161.0,3.0,3.0,0.08762693405151367
112.0,1.0,1.0,0.06099987030029297
429.0,4.0,4.0,0.23689007759094238
46.0,3.0,3.0,0.025999784469604492
1195.0,21.0,21.0,0.6519405841827393
172.0,2.0,2.0,0.09619379043579102
90.0,6.0,6.0,0.04842019081115723
562.0,6.0,6.0,0.31816864013671875
228.0,9.0,9.0,0.13653135299682617
423.0,12.0,12.0,0.2321488857269287
356.0,8.0,8.0,0.1954336166381836
106.0,1.0,1.0,0.056826114654541016
344.0,2.0,2.0,0.18881845474243164
90.0,0.0,0.0,0.050772905349731445
164.0,8.0,8.0,0.09055304527282715
186.0,10.0,10.0,0.10135173797607422
741.0,8.0,8.0,0.4074373245239258
309.0,5.0,5.0,0.17490553855895996
990.0,7.0,7.0,0.5636732578277588
708.0,16.0,16.0,0.40198636054992676
137.0,6.0,6.0,0.07589459419250488
157.0,5.0,5.0,0.08496880531311035
59.0,0.0,0.0,0.03314352035522461
410.0,4.0,4.0,0.2355499267578125
394.0,6.0,6.0,0.2163698673248291
313.0,3.0,3.0,0.1783144474029541
150.0,8.0,8.0,0.07984113693237305
411.0,5.0,5.0,0.23131251335144043
84.0,1.0,1.0,0.04600191116333008
327.0,6.0,6.0,0.18274402618408203
212.0,3.0,3.0,0.11521387100219727
162.0,4.0,4.0,0.08888673782348633
325.0,9.0,9.0,0.19491171836853027
123.0,3.0,3.0,0.07264995574951172
189.0,5.0,5.0,0.10064339637756348
55.0,0.0,0.0,0.027960538864135742
950.0,11.0,11.0,0.5172460079193115
420.0,7.0,7.0,0.23111724853515625
84.0,4.0,4.0,0.04554128646850586
110.0,5.0,5.0,0.06905579566955566
720.0,4.0,4.0,0.4057929515838623
77.0,2.0,2.0,0.04876208305358887
192.0,7.0,7.0,0.11974692344665527
426.0,5.0,5.0,0.28400444984436035
39.0,0.0,0.0,0.0224306583404541
393.0,8.0,8.0,0.2208395004272461
135.0,1.0,1.0,0.08703017234802246
75.0,0.0,0.0,0.04879951477050781
180.0,5.0,5.0,0.10503983497619629
206.0,5.0,5.0,0.12483978271484375
355.0,1.0,1.0,0.2199690341949463
1114.0,7.0,7.0,0.6424329280853271
153.0,5.0,5.0,0.08400440216064453
406.0,4.0,4.0,0.22415471076965332
451.0,12.0,12.0,0.29070162773132324
230.0,4.0,4.0,0.12624502182006836
312.0,9.0,9.0,0.17434453964233398
541.0,6.0,6.0,0.3212461471557617
340.0,10.0,10.0,0.1941509246826172
488.0,9.0,9.0,0.2716536521911621
334.0,14.0,14.0,0.19234156608581543
509.0,15.0,15.0,0.29819321632385254
301.0,6.0,6.0,0.1708378791809082
361.0,12.0,12.0,0.19980955123901367
440.0,11.0,11.0,0.23958849906921387
381.0,12.0,12.0,0.20555686950683594
173.0,2.0,2.0,0.09253454208374023
1750.0,12.0,12.0,0.9983243942260742
379.0,12.0,12.0,0.2082364559173584
500.0,13.0,13.0,0.2738306522369385
135.0,3.0,3.0,0.07298469543457031
262.0,2.0,2.0,0.15485405921936035
41.0,3.0,3.0,0.02265167236328125
316.0,8.0,8.0,0.17109942436218262
1216.0,18.0,18.0,0.6872975826263428
47.0,1.0,1.0,0.0255734920501709
74.0,0.0,0.0,0.04645848274230957
1448.0,16.0,16.0,0.792539119720459
452.0,10.0,10.0,0.24805188179016113
164.0,6.0,6.0,0.09209513664245605
431.0,9.0,9.0,0.24738359451293945
580.0,6.0,6.0,0.31565237045288086
245.0,4.0,4.0,0.16623950004577637
166.0,1.0,1.0,0.10335040092468262
519.0,16.0,16.0,0.28644800186157227
170.0,2.0,2.0,0.09461236000061035
730.0,14.0,14.0,0.40558791160583496
94.0,0.0,0.0,0.05379199981689453
351.0,4.0,4.0,0.1945505142211914
807.0,12.0,12.0,0.47007203102111816
1009.0,8.0,8.0,0.5715112686157227
578.0,10.0,10.0,0.3282489776611328
277.0,7.0,7.0,0.15796995162963867
555.0,19.0,19.0,0.30623936653137207
85.0,2.0,2.0,0.04627585411071777
176.0,6.0,6.0,0.09944629669189453
242.0,3.0,3.0,0.13497662544250488
130.0,3.0,3.0,0.07170772552490234
158.0,3.0,3.0,0.08921694755554199
556.0,10.0,10.0,0.3049051761627197
454.0,19.0,19.0,0.2563812732696533
99.0,2.0,2.0,0.05192112922668457
91.0,1.0,1.0,0.054079532623291016
314.0,1.0,1.0,0.17580580711364746
571.0,12.0,12.0,0.3344295024871826
282.0,9.0,9.0,0.15862083435058594
844.0,12.0,12.0,0.46626734733581543
842.0,3.0,3.0,0.45898866653442383
90.0,1.0,1.0,0.04760289192199707
204.0,3.0,3.0,0.11194896697998047
308.0,6.0,6.0,0.1788625717163086
525.0,13.0,13.0,0.3285377025604248
144.0,4.0,4.0,0.08766818046569824
191.0,4.0,4.0,0.12475752830505371
473.0,3.0,3.0,0.26926732063293457
83.0,4.0,4.0,0.05088376998901367
896.0,8.0,8.0,0.5425119400024414
993.0,12.0,12.0,0.6049759387969971
311.0,2.0,2.0,0.1748800277709961
768.0,16.0,16.0,0.4331014156341553
601.0,9.0,9.0,0.3559398651123047
279.0,9.0,9.0,0.1531062126159668
120.0,7.0,7.0,0.06715703010559082
524.0,17.0,17.0,0.3030989170074463
82.0,2.0,2.0,0.04570293426513672
436.0,4.0,4.0,0.2453458309173584
692.0,13.0,13.0,0.38423633575439453
347.0,5.0,5.0,0.18951010704040527
84.0,0.0,0.0,0.04773283004760742
1232.0,12.0,12.0,0.7163510322570801
168.0,1.0,1.0,0.0912165641784668
155.0,6.0,6.0,0.08609986305236816
416.0,5.0,5.0,0.2244877815246582
246.0,3.0,3.0,0.13517284393310547
312.0,9.0,9.0,0.1723334789276123
481.0,11.0,11.0,0.26386094093322754
135.0,0.0,0.0,0.07101011276245117
160.0,1.0,1.0,0.09080982208251953
793.0,17.0,17.0,0.4350013732910156
217.0,7.0,7.0,0.11627316474914551
51.0,0.0,0.0,0.030056476593017578
187.0,4.0,4.0,0.10273218154907227
2082.0,22.0,22.0,1.208374261856079
168.0,7.0,7.0,0.10015869140625
93.0,6.0,6.0,0.048636436462402344
461.0,9.0,9.0,0.2640345096588135
1056.0,19.0,19.0,0.5789740085601807
687.0,15.0,15.0,0.4049184322357178
979.0,6.0,6.0,0.5573582649230957
71.0,2.0,2.0,0.04154014587402344
420.0,6.0,6.0,0.2321782112121582
210.0,1.0,1.0,0.11588191986083984
257.0,4.0,4.0,0.14273905754089355
43.0,0.0,0.0,0.022281408309936523
225.0,4.0,4.0,0.12534403800964355
140.0,4.0,4.0,0.07737255096435547
289.0,11.0,11.0,0.15794849395751953
200.0,2.0,2.0,0.10939884185791016
43.0,0.0,0.0,0.02322554588317871
341.0,8.0,8.0,0.18860650062561035
310.0,15.0,15.0,0.19709086418151855
458.0,6.0,6.0,0.24265789985656738
751.0,17.0,17.0,0.4190962314605713
237.0,5.0,5.0,0.13081789016723633
363.0,8.0,8.0,0.20319056510925293
1389.0,19.0,19.0,0.7706108093261719
231.0,2.0,2.0,0.13262367248535156
181.0,2.0,2.0,0.09742116928100586
37.0,1.0,1.0,0.02492523193359375
90.0,0.0,0.0,0.06165575981140137
540.0,7.0,7.0,0.29685497283935547
139.0,0.0,0.0,0.08296442031860352
779.0,16.0,16.0,0.42534756660461426
1128.0,22.0,22.0,0.6134734153747559
137.0,4.0,4.0,0.07365584373474121
65.0,0.0,0.0,0.035259246826171875
206.0,5.0,5.0,0.11225676536560059
75.0,2.0,2.0,0.042696237564086914
90.0,0.0,0.0,0.049165964126586914
124.0,7.0,7.0,0.07085776329040527
53.0,1.0,1.0,0.029972553253173828
489.0,10.0,10.0,0.2746162414550781
383.0,6.0,6.0,0.2503364086151123
446.0,1.0,1.0,0.27486562728881836
434.0,13.0,13.0,0.2626171112060547
136.0,5.0,5.0,0.08906817436218262
36.0,2.0,2.0,0.021587133407592773
545.0,10.0,10.0,0.33486390113830566
482.0,16.0,16.0,0.3034484386444092
1222.0,14.0,14.0,0.7250466346740723
139.0,14.0,14.0,0.08656764030456543
343.0,2.0,2.0,0.1923811435699463
726.0,24.0,24.0,0.4139590263366699
186.0,0.0,0.0,0.1095583438873291
1478.0,12.0,12.0,0.873835563659668
224.0,6.0,6.0,0.12155342102050781
247.0,3.0,3.0,0.14433550834655762
644.0,7.0,7.0,0.3803591728210449
155.0,11.0,11.0,0.08732795715332031
36.0,0.0,0.0,0.019752025604248047
156.0,1.0,1.0,0.0855402946472168
305.0,3.0,3.0,0.1678621768951416
60.0,5.0,5.0,0.03338456153869629
355.0,5.0,5.0,0.19991064071655273
1255.0,16.0,16.0,0.6859149932861328
126.0,1.0,1.0,0.06741523742675781
362.0,2.0,2.0,0.1987924575805664
724.0,8.0,8.0,0.40299034118652344
539.0,4.0,4.0,0.32022571563720703
285.0,5.0,5.0,0.15138888359069824
551.0,11.0,11.0,0.2980332374572754
1145.0,8.0,8.0,0.6242969036102295
794.0,16.0,16.0,0.44142723083496094
761.0,3.0,3.0,0.42006897926330566
495.0,6.0,6.0,0.2927396297454834
404.0,12.0,12.0,0.21840739250183105
1309.0,10.0,10.0,0.7375040054321289
286.0,5.0,5.0,0.15990328788757324
474.0,5.0,5.0,0.26305055618286133
321.0,7.0,7.0,0.17998290061950684
687.0,12.0,12.0,0.3867623805999756
264.0,7.0,7.0,0.1567978858947754
362.0,8.0,8.0,0.19433331489562988
766.0,10.0,10.0,0.42548656463623047
1352.0,7.0,7.0,0.7505290508270264
613.0,6.0,6.0,0.33524584770202637
221.0,4.0,4.0,0.12329268455505371
50.0,4.0,4.0,0.0270388126373291
269.0,10.0,10.0,0.15619969367980957
327.0,8.0,8.0,0.1898970603942871
110.0,6.0,6.0,0.05990886688232422
415.0,7.0,7.0,0.22749567031860352
728.0,13.0,13.0,0.4013516902923584
235.0,11.0,11.0,0.1313025951385498
271.0,1.0,1.0,0.15103721618652344
1702.0,10.0,10.0,0.9489021301269531
461.0,10.0,10.0,0.2777371406555176
109.0,0.0,0.0,0.06011056900024414
345.0,3.0,3.0,0.19087719917297363
110.0,2.0,2.0,0.06909918785095215
116.0,6.0,6.0,0.06381535530090332
341.0,5.0,5.0,0.22293806076049805
601.0,4.0,4.0,0.368009090423584
1127.0,10.0,10.0,0.635847806930542
669.0,27.0,27.0,0.4254631996154785
242.0,7.0,7.0,0.1517009735107422
334.0,12.0,12.0,0.19243645668029785
148.0,11.0,11.0,0.0773460865020752
401.0,12.0,12.0,0.22411203384399414
571.0,2.0,2.0,0.3204326629638672
824.0,8.0,8.0,0.44869208335876465
1784.0,29.0,29.0,1.0159180164337158
311.0,0.0,0.0,0.17660737037658691
91.0,0.0,0.0,0.04964709281921387
322.0,3.0,3.0,0.1819772720336914
157.0,6.0,6.0,0.08713793754577637
240.0,5.0,5.0,0.131483793258667
251.0,11.0,11.0,0.13382387161254883
45.0,0.0,0.0,0.02539348602294922
637.0,7.0,7.0,0.3501143455505371
245.0,6.0,6.0,0.13581323623657227
131.0,4.0,4.0,0.07521867752075195
432.0,13.0,13.0,0.23969650268554688
267.0,3.0,3.0,0.1491096019744873
76.0,3.0,3.0,0.04347038269042969
306.0,9.0,9.0,0.1851499080657959
316.0,3.0,3.0,0.17905545234680176
270.0,9.0,9.0,0.1499156951904297
691.0,12.0,12.0,0.3775501251220703
145.0,5.0,5.0,0.08129382133483887
1012.0,11.0,11.0,0.5549378395080566
500.0,5.0,5.0,0.273043155670166
497.0,4.0,4.0,0.2771573066711426
205.0,5.0,5.0,0.11241722106933594
73.0,2.0,2.0,0.04292798042297363
71.0,0.0,0.0,0.04781532287597656
62.0,2.0,2.0,0.04088544845581055
176.0,6.0,6.0,0.11031413078308105
862.0,11.0,11.0,0.47745180130004883
235.0,15.0,15.0,0.12572193145751953
224.0,8.0,8.0,0.12486839294433594
374.0,17.0,17.0,0.20661306381225586
264.0,12.0,12.0,0.14928460121154785
243.0,3.0,3.0,0.13125133514404297
273.0,5.0,5.0,0.14965415000915527
644.0,8.0,8.0,0.35161781311035156
288.0,3.0,3.0,0.1704695224761963
135.0,7.0,7.0,0.07402825355529785
364.0,16.0,16.0,0.22384023666381836
94.0,1.0,1.0,0.05345010757446289
1390.0,21.0,21.0,0.7727963924407959
417.0,0.0,0.0,0.22879743576049805
38.0,2.0,2.0,0.021236658096313477
944.0,21.0,21.0,0.521176815032959
1096.0,15.0,15.0,0.6302547454833984
246.0,6.0,6.0,0.13432598114013672
617.0,5.0,5.0,0.3410301208496094
123.0,4.0,4.0,0.06792068481445312
327.0,0.0,0.0,0.1845400333404541
677.0,1.0,1.0,0.3703444004058838
216.0,9.0,9.0,0.11651039123535156
112.0,4.0,4.0,0.06320881843566895
704.0,6.0,6.0,0.3978893756866455
173.0,8.0,8.0,0.09854507446289062
802.0,15.0,15.0,0.4635484218597412
347.0,11.0,11.0,0.18983697891235352
83.0,3.0,3.0,0.045343637466430664
608.0,8.0,8.0,0.333099365234375
160.0,8.0,8.0,0.09131979942321777
41.0,0.0,0.0,0.021113157272338867
261.0,4.0,4.0,0.14865684509277344
270.0,9.0,9.0,0.17223501205444336
1102.0,14.0,14.0,0.6805558204650879
1469.0,19.0,19.0,0.8918354511260986
487.0,4.0,4.0,0.2987864017486572
111.0,4.0,4.0,0.07126784324645996
620.0,12.0,12.0,0.35034990310668945
60.0,2.0,2.0,0.0320582389831543
237.0,7.0,7.0,0.13048028945922852
318.0,9.0,9.0,0.173659086227417
456.0,10.0,10.0,0.2519044876098633
560.0,11.0,11.0,0.3356504440307617
468.0,9.0,9.0,0.2607309818267822
438.0,21.0,21.0,0.23990464210510254
256.0,0.0,0.0,0.14120078086853027
66.0,0.0,0.0,0.0350337028503418
461.0,4.0,4.0,0.2575337886810303
97.0,6.0,6.0,0.05311083793640137
153.0,3.0,3.0,0.08473730087280273
402.0,17.0,17.0,0.22032451629638672
121.0,5.0,5.0,0.07664132118225098
981.0,12.0,12.0,0.5564286708831787
142.0,6.0,6.0,0.08367228507995605
977.0,16.0,16.0,0.5875482559204102
342.0,7.0,7.0,0.18503284454345703
120.0,4.0,4.0,0.0724637508392334
711.0,7.0,7.0,0.39154577255249023
247.0,3.0,3.0,0.13806438446044922
725.0,5.0,5.0,0.39724016189575195
54.0,1.0,1.0,0.02835679054260254
322.0,6.0,6.0,0.1794605255126953
141.0,2.0,2.0,0.07989811897277832
865.0,14.0,14.0,0.5012879371643066
865.0,13.0,13.0,0.5006260871887207
413.0,2.0,2.0,0.22606658935546875
320.0,4.0,4.0,0.17479825019836426
577.0,11.0,11.0,0.31615495681762695
87.0,7.0,7.0,0.047189950942993164
83.0,0.0,0.0,0.05023789405822754
255.0,7.0,7.0,0.13927865028381348
52.0,6.0,6.0,0.029006242752075195
458.0,4.0,4.0,0.2529256343841553
952.0,5.0,5.0,0.5505275726318359
1740.0,19.0,19.0,0.9612522125244141
84.0,7.0,7.0,0.046373605728149414
275.0,7.0,7.0,0.1515500545501709
558.0,3.0,3.0,0.30609583854675293
1013.0,14.0,14.0,0.5888705253601074
303.0,5.0,5.0,0.16428065299987793
188.0,15.0,15.0,0.10079622268676758
130.0,0.0,0.0,0.07190132141113281
191.0,11.0,11.0,0.10559988021850586
112.0,3.0,3.0,0.06111001968383789
233.0,4.0,4.0,0.1281888484954834
267.0,5.0,5.0,0.1475236415863037
290.0,4.0,4.0,0.16297411918640137
152.0,6.0,6.0,0.08924627304077148
62.0,0.0,0.0,0.03331875801086426
1011.0,15.0,15.0,0.5573329925537109
628.0,7.0,7.0,0.37429094314575195
114.0,2.0,2.0,0.06901073455810547
475.0,10.0,10.0,0.2505180835723877
899.0,4.0,4.0,0.49512743949890137
267.0,12.0,12.0,0.1953115463256836
246.0,4.0,4.0,0.13274264335632324
305.0,6.0,6.0,0.1667463779449463
971.0,20.0,20.0,0.556063175201416
828.0,10.0,10.0,0.5090208053588867
34.0,0.0,0.0,0.02348470687866211
495.0,12.0,12.0,0.3185110092163086
166.0,7.0,7.0,0.1082923412322998
254.0,3.0,3.0,0.15384316444396973
418.0,10.0,10.0,0.251375675201416
274.0,4.0,4.0,0.1739811897277832
301.0,5.0,5.0,0.20157146453857422
455.0,9.0,9.0,0.2665247917175293
328.0,4.0,4.0,0.186767578125
381.0,6.0,6.0,0.20803546905517578
566.0,11.0,11.0,0.33580589294433594
377.0,13.0,13.0,0.20923542976379395
230.0,5.0,5.0,0.1236884593963623
90.0,7.0,7.0,0.04951071739196777
659.0,5.0,5.0,0.3602437973022461
2273.0,46.0,46.0,1.2994351387023926
321.0,1.0,1.0,0.17503571510314941
342.0,10.0,10.0,0.19314336776733398
117.0,2.0,2.0,0.06476593017578125
297.0,0.0,0.0,0.16544413566589355
259.0,8.0,8.0,0.14452171325683594
463.0,7.0,7.0,0.25707316398620605
93.0,0.0,0.0,0.050127506256103516
306.0,9.0,9.0,0.17017912864685059
416.0,9.0,9.0,0.22888445854187012
1814.0,12.0,12.0,1.0257835388183594
255.0,11.0,11.0,0.14081525802612305
538.0,3.0,3.0,0.29639101028442383
1077.0,14.0,14.0,0.5952932834625244
132.0,0.0,0.0,0.07160449028015137
230.0,3.0,3.0,0.1260972023010254
229.0,2.0,2.0,0.1262803077697754
1301.0,18.0,18.0,0.7508430480957031
512.0,8.0,8.0,0.2806425094604492
190.0,6.0,6.0,0.1127767562866211
665.0,10.0,10.0,0.38642454147338867
382.0,2.0,2.0,0.21306681632995605
190.0,2.0,2.0,0.10529255867004395
973.0,7.0,7.0,0.5358066558837891
230.0,12.0,12.0,0.1263589859008789
1431.0,10.0,10.0,0.8162267208099365
93.0,2.0,2.0,0.052640438079833984
364.0,3.0,3.0,0.20494437217712402
640.0,7.0,7.0,0.3492257595062256
529.0,8.0,8.0,0.29117584228515625
77.0,2.0,2.0,0.04221391677856445
97.0,2.0,2.0,0.05404186248779297
547.0,4.0,4.0,0.301440954208374
76.0,8.0,8.0,0.042221784591674805
338.0,7.0,7.0,0.20827031135559082
724.0,10.0,10.0,0.40001845359802246
94.0,4.0,4.0,0.057210683822631836
283.0,3.0,3.0,0.15474414825439453
148.0,9.0,9.0,0.07978463172912598
71.0,3.0,3.0,0.03940010070800781
554.0,5.0,5.0,0.30248117446899414
303.0,4.0,4.0,0.1678149700164795
1108.0,14.0,14.0,0.6328167915344238
545.0,13.0,13.0,0.33315205574035645
298.0,9.0,9.0,0.17894530296325684
417.0,10.0,10.0,0.25336432456970215
506.0,13.0,13.0,0.31812262535095215
371.0,6.0,6.0,0.2543966770172119
172.0,4.0,4.0,0.09542965888977051
389.0,3.0,3.0,0.23750925064086914
329.0,8.0,8.0,0.21589446067810059
67.0,2.0,2.0,0.039975881576538086
678.0,9.0,9.0,0.4276423454284668
71.0,4.0,4.0,0.03865933418273926
165.0,5.0,5.0,0.10717606544494629
631.0,14.0,14.0,0.3647806644439697
124.0,3.0,3.0,0.06821966171264648
800.0,9.0,9.0,0.44806480407714844
665.0,6.0,6.0,0.37241697311401367
382.0,4.0,4.0,0.21420836448669434
540.0,8.0,8.0,0.30016231536865234
208.0,0.0,0.0,0.115509033203125
816.0,11.0,11.0,0.482219934463501
576.0,3.0,3.0,0.3163871765136719
267.0,3.0,3.0,0.14771652221679688
441.0,4.0,4.0,0.24348235130310059
173.0,4.0,4.0,0.0957794189453125
817.0,21.0,21.0,0.4543187618255615
497.0,11.0,11.0,0.27199769020080566
253.0,10.0,10.0,0.14679288864135742
217.0,8.0,8.0,0.12321925163269043
118.0,3.0,3.0,0.06558537483215332
598.0,15.0,15.0,0.3653271198272705
331.0,6.0,6.0,0.18601632118225098
469.0,7.0,7.0,0.25972461700439453
189.0,2.0,2.0,0.11306619644165039
554.0,13.0,13.0,0.30393075942993164
138.0,4.0,4.0,0.07803106307983398
119.0,5.0,5.0,0.06934642791748047
235.0,9.0,9.0,0.1286916732788086
407.0,2.0,2.0,0.22772860527038574
428.0,12.0,12.0,0.24435162544250488
131.0,8.0,8.0,0.07254385948181152
90.0,5.0,5.0,0.0495302677154541
788.0,12.0,12.0,0.5433385372161865
1255.0,6.0,6.0,0.6910231113433838
63.0,0.0,0.0,0.034761667251586914
473.0,4.0,4.0,0.2699625492095947
457.0,13.0,13.0,0.2529473304748535
292.0,11.0,11.0,0.15981411933898926
120.0,5.0,5.0,0.06538891792297363
296.0,5.0,5.0,0.16146135330200195
515.0,9.0,9.0,0.29979491233825684
97.0,4.0,4.0,0.05437827110290527
102.0,0.0,0.0,0.05574440956115723
259.0,2.0,2.0,0.1423509120941162
286.0,3.0,3.0,0.1612241268157959
118.0,3.0,3.0,0.0640709400177002
75.0,4.0,4.0,0.04411721229553223
1245.0,11.0,11.0,0.6918303966522217
42.0,0.0,0.0,0.02364039421081543
967.0,20.0,20.0,0.5397613048553467
855.0,27.0,27.0,0.4866466522216797
43.0,2.0,2.0,0.02457904815673828
401.0,6.0,6.0,0.22014999389648438
413.0,5.0,5.0,0.23634862899780273
1369.0,6.0,6.0,0.762362003326416
121.0,7.0,7.0,0.06969213485717773
100.0,3.0,3.0,0.05746316909790039
192.0,10.0,10.0,0.10593914985656738
113.0,3.0,3.0,0.06164693832397461
146.0,2.0,2.0,0.08031773567199707
219.0,11.0,11.0,0.12236285209655762
874.0,16.0,16.0,0.5099501609802246
215.0,0.0,0.0,0.11718964576721191
203.0,1.0,1.0,0.11274051666259766
214.0,8.0,8.0,0.12103390693664551
365.0,6.0,6.0,0.22942018508911133
88.0,11.0,11.0,0.06239819526672363
704.0,21.0,21.0,0.4291684627532959
1078.0,15.0,15.0,0.6495950222015381
287.0,4.0,4.0,0.20565271377563477
255.0,7.0,7.0,0.15854716300964355
205.0,7.0,7.0,0.11265063285827637
1298.0,14.0,14.0,0.7695765495300293
798.0,16.0,16.0,0.437511682510376
204.0,1.0,1.0,0.11413860321044922
571.0,2.0,2.0,0.3175544738769531
222.0,4.0,4.0,0.12116289138793945
791.0,5.0,5.0,0.4662020206451416
490.0,18.0,18.0,0.27810192108154297
80.0,4.0,4.0,0.04318046569824219
102.0,2.0,2.0,0.055572509765625
262.0,3.0,3.0,0.14407062530517578
445.0,4.0,4.0,0.24600815773010254
628.0,16.0,16.0,0.34542298316955566
293.0,4.0,4.0,0.16103029251098633
125.0,7.0,7.0,0.06955695152282715
269.0,3.0,3.0,0.14981412887573242
508.0,2.0,2.0,0.28188323974609375
62.0,0.0,0.0,0.05024123191833496
619.0,8.0,8.0,0.3472104072570801
147.0,2.0,2.0,0.07953166961669922
74.0,1.0,1.0,0.03986668586730957
569.0,5.0,5.0,0.31424593925476074
866.0,10.0,10.0,0.48481273651123047
67.0,6.0,6.0,0.03749394416809082
430.0,3.0,3.0,0.2358405590057373
521.0,12.0,12.0,0.28924083709716797
1113.0,15.0,15.0,0.6322872638702393
370.0,8.0,8.0,0.20470595359802246
129.0,6.0,6.0,0.07010173797607422
417.0,1.0,1.0,0.23350858688354492
154.0,4.0,4.0,0.08560037612915039
299.0,17.0,17.0,0.16566014289855957
343.0,9.0,9.0,0.18988251686096191
49.0,1.0,1.0,0.027730703353881836
93.0,3.0,3.0,0.05274653434753418
107.0,6.0,6.0,0.05985569953918457
223.0,0.0,0.0,0.1261897087097168
889.0,13.0,13.0,0.49332261085510254
150.0,4.0,4.0,0.08220791816711426
69.0,2.0,2.0,0.040268898010253906
289.0,9.0,9.0,0.1742405891418457
45.0,1.0,1.0,0.024686336517333984
618.0,8.0,8.0,0.3480410575866699
151.0,2.0,2.0,0.08379888534545898
141.0,3.0,3.0,0.0769495964050293
51.0,0.0,0.0,0.029839754104614258
84.0,2.0,2.0,0.04530167579650879
287.0,6.0,6.0,0.15478229522705078
333.0,7.0,7.0,0.1858820915222168
461.0,8.0,8.0,0.2527930736541748
151.0,7.0,7.0,0.08348917961120605
348.0,9.0,9.0,0.19418978691101074
298.0,6.0,6.0,0.16228342056274414
533.0,7.0,7.0,0.29709362983703613
109.0,7.0,7.0,0.06174659729003906
177.0,8.0,8.0,0.1254580020904541
182.0,10.0,10.0,0.10614395141601562
636.0,8.0,8.0,0.34976792335510254
828.0,12.0,12.0,0.4571709632873535
1016.0,15.0,15.0,0.5890722274780273
116.0,1.0,1.0,0.06354737281799316
1107.0,14.0,14.0,0.6290180683135986
814.0,20.0,20.0,0.46320676803588867
153.0,6.0,6.0,0.08339262008666992
475.0,5.0,5.0,0.28174829483032227
195.0,1.0,1.0,0.10673308372497559
213.0,3.0,3.0,0.11983680725097656
287.0,8.0,8.0,0.17615962028503418
960.0,8.0,8.0,0.5572397708892822
1114.0,15.0,15.0,0.7129189968109131
131.0,2.0,2.0,0.08370757102966309
1067.0,11.0,11.0,0.6487631797790527
496.0,8.0,8.0,0.28922295570373535
53.0,6.0,6.0,0.03296399116516113
374.0,3.0,3.0,0.20705628395080566
179.0,2.0,2.0,0.09778475761413574
458.0,7.0,7.0,0.25328707695007324
200.0,1.0,1.0,0.10895419120788574
1116.0,21.0,21.0,0.6379592418670654
579.0,11.0,11.0,0.31528806686401367
53.0,10.0,10.0,0.029680967330932617
70.0,4.0,4.0,0.03830075263977051
1159.0,18.0,18.0,0.6445343494415283
339.0,6.0,6.0,0.18912863731384277
341.0,2.0,2.0,0.19317173957824707
193.0,3.0,3.0,0.10520505905151367
131.0,3.0,3.0,0.08725547790527344
80.0,1.0,1.0,0.05927753448486328
252.0,7.0,7.0,0.13583731651306152
400.0,8.0,8.0,0.2181243896484375
209.0,2.0,2.0,0.1156928539276123
327.0,5.0,5.0,0.1847999095916748
610.0,4.0,4.0,0.3422091007232666
470.0,7.0,7.0,0.25979089736938477
863.0,6.0,6.0,0.4804227352142334
180.0,2.0,2.0,0.09821748733520508
378.0,4.0,4.0,0.21010756492614746
623.0,5.0,5.0,0.3645443916320801
40.0,0.0,0.0,0.022204875946044922
149.0,0.0,0.0,0.08422994613647461
553.0,15.0,15.0,0.3059396743774414
1247.0,12.0,12.0,0.6927251815795898
311.0,8.0,8.0,0.1699974536895752
112.0,1.0,1.0,0.06157112121582031
589.0,12.0,12.0,0.3240692615509033
1017.0,20.0,20.0,0.584627628326416
800.0,14.0,14.0,0.44420552253723145
87.0,8.0,8.0,0.047905921936035156
353.0,6.0,6.0,0.199920654296875
655.0,6.0,6.0,0.35882043838500977
182.0,4.0,4.0,0.10069036483764648
125.0,4.0,4.0,0.07004356384277344
792.0,10.0,10.0,0.4399838447570801
38.0,0.0,0.0,0.02099895477294922
341.0,10.0,10.0,0.20998692512512207
522.0,11.0,11.0,0.29592275619506836
196.0,6.0,6.0,0.11068320274353027
687.0,8.0,8.0,0.3796510696411133
1031.0,14.0,14.0,0.5765786170959473
422.0,6.0,6.0,0.23195147514343262
386.0,6.0,6.0,0.21523761749267578
120.0,9.0,9.0,0.06578826904296875
1119.0,7.0,7.0,0.6357119083404541
90.0,4.0,4.0,0.04984116554260254
161.0,2.0,2.0,0.0886390209197998
194.0,6.0,6.0,0.10596299171447754
401.0,4.0,4.0,0.2236042022705078
104.0,1.0,1.0,0.05738639831542969
396.0,12.0,12.0,0.22157788276672363
148.0,7.0,7.0,0.08286118507385254
211.0,4.0,4.0,0.11532759666442871
229.0,10.0,10.0,0.12734746932983398
400.0,4.0,4.0,0.21983957290649414
143.0,3.0,3.0,0.07803726196289062
162.0,4.0,4.0,0.09592413902282715
374.0,9.0,9.0,0.23519611358642578
308.0,8.0,8.0,0.22342896461486816
164.0,3.0,3.0,0.09197688102722168
117.0,5.0,5.0,0.06292343139648438
340.0,6.0,6.0,0.21451663970947266
42.0,6.0,6.0,0.02368474006652832
63.0,2.0,2.0,0.034972429275512695
616.0,15.0,15.0,0.3701133728027344
143.0,0.0,0.0,0.08329653739929199
644.0,15.0,15.0,0.3713109493255615
72.0,1.0,1.0,0.04258298873901367
203.0,0.0,0.0,0.14124751091003418
507.0,11.0,11.0,0.3143622875213623
220.0,7.0,7.0,0.12862634658813477
410.0,6.0,6.0,0.2504568099975586
41.0,1.0,1.0,0.025724411010742188
183.0,5.0,5.0,0.10167384147644043
64.0,4.0,4.0,0.0341796875
606.0,7.0,7.0,0.3325347900390625
95.0,3.0,3.0,0.05256009101867676
680.0,13.0,13.0,0.3697657585144043
156.0,8.0,8.0,0.08843684196472168
1250.0,20.0,20.0,0.6902985572814941
414.0,7.0,7.0,0.2252178192138672
182.0,2.0,2.0,0.09930610656738281
162.0,4.0,4.0,0.10864019393920898
353.0,6.0,6.0,0.19846820831298828
855.0,6.0,6.0,0.47306323051452637
66.0,4.0,4.0,0.03654074668884277
231.0,1.0,1.0,0.12529683113098145
274.0,6.0,6.0,0.14975261688232422
216.0,7.0,7.0,0.11925005912780762
84.0,3.0,3.0,0.0462489128112793
436.0,6.0,6.0,0.23772573471069336
77.0,0.0,0.0,0.041411638259887695
59.0,3.0,3.0,0.03163290023803711
373.0,7.0,7.0,0.2120218276977539
435.0,12.0,12.0,0.23682093620300293
97.0,1.0,1.0,0.05443000793457031
776.0,15.0,15.0,0.4664797782897949
154.0,6.0,6.0,0.08417391777038574
486.0,13.0,13.0,0.2701261043548584
557.0,14.0,14.0,0.30614519119262695
224.0,5.0,5.0,0.12502360343933105
436.0,3.0,3.0,0.23968267440795898
242.0,4.0,4.0,0.14037036895751953
148.0,3.0,3.0,0.07992315292358398
549.0,7.0,7.0,0.30292272567749023
63.0,1.0,1.0,0.034407615661621094
253.0,8.0,8.0,0.1375415325164795
747.0,12.0,12.0,0.48059988021850586
174.0,4.0,4.0,0.09469914436340332
218.0,3.0,3.0,0.12189149856567383
197.0,3.0,3.0,0.10780906677246094
159.0,0.0,0.0,0.08598542213439941
317.0,5.0,5.0,0.17334461212158203
133.0,2.0,2.0,0.07323694229125977
256.0,5.0,5.0,0.14091897010803223
248.0,3.0,3.0,0.13939356803894043
344.0,13.0,13.0,0.19205522537231445
614.0,9.0,9.0,0.3372945785522461
640.0,29.0,29.0,0.3538553714752197
109.0,7.0,7.0,0.058579206466674805
303.0,13.0,13.0,0.1753385066986084
451.0,10.0,10.0,0.2436375617980957
368.0,9.0,9.0,0.20134520530700684
267.0,9.0,9.0,0.15162205696105957
161.0,11.0,11.0,0.09380769729614258
198.0,14.0,14.0,0.11661243438720703
362.0,11.0,11.0,0.19815349578857422
257.0,4.0,4.0,0.13864970207214355
398.0,10.0,10.0,0.21948695182800293
145.0,0.0,0.0,0.07876443862915039
103.0,2.0,2.0,0.05551886558532715
146.0,7.0,7.0,0.08092141151428223
258.0,4.0,4.0,0.1433570384979248
278.0,5.0,5.0,0.15158414840698242
834.0,12.0,12.0,0.4803752899169922
1601.0,24.0,24.0,0.8839230537414551
338.0,7.0,7.0,0.18790125846862793
525.0,12.0,12.0,0.2897307872772217
538.0,7.0,7.0,0.29791951179504395
440.0,2.0,2.0,0.2630913257598877
91.0,3.0,3.0,0.0555722713470459
290.0,8.0,8.0,0.16808509826660156
803.0,5.0,5.0,0.5054678916931152
113.0,2.0,2.0,0.07390522956848145
1094.0,18.0,18.0,0.7446632385253906
461.0,6.0,6.0,0.30362772941589355
480.0,9.0,9.0,0.2968575954437256
171.0,10.0,10.0,0.11905407905578613
469.0,6.0,6.0,0.2599029541015625
63.0,3.0,3.0,0.035186052322387695
236.0,10.0,10.0,0.13091039657592773
88.0,0.0,0.0,0.049483537673950195
216.0,10.0,10.0,0.11989593505859375
52.0,1.0,1.0,0.02902960777282715
223.0,3.0,3.0,0.12677931785583496
54.0,0.0,0.0,0.028835773468017578
265.0,7.0,7.0,0.14418959617614746
242.0,5.0,5.0,0.1323256492614746
185.0,4.0,4.0,0.1037137508392334
577.0,12.0,12.0,0.33058905601501465
327.0,10.0,10.0,0.18107056617736816
427.0,16.0,16.0,0.24031710624694824
147.0,9.0,9.0,0.08940553665161133
231.0,9.0,9.0,0.14533019065856934
678.0,4.0,4.0,0.37300968170166016
546.0,6.0,6.0,0.3008699417114258
180.0,4.0,4.0,0.09783816337585449
59.0,1.0,1.0,0.03245067596435547
393.0,6.0,6.0,0.2142810821533203
1070.0,15.0,15.0,0.5855453014373779
693.0,14.0,14.0,0.3789243698120117
356.0,9.0,9.0,0.22629261016845703
330.0,0.0,0.0,0.17989420890808105
124.0,1.0,1.0,0.06844162940979004
247.0,3.0,3.0,0.13749361038208008
461.0,8.0,8.0,0.2500910758972168
196.0,6.0,6.0,0.10774111747741699
129.0,3.0,3.0,0.07077860832214355
312.0,11.0,11.0,0.17199206352233887
108.0,0.0,0.0,0.05921673774719238
326.0,10.0,10.0,0.17847800254821777
694.0,11.0,11.0,0.38155555725097656
948.0,7.0,7.0,0.5553836822509766
61.0,0.0,0.0,0.035291194915771484
720.0,17.0,17.0,0.41553664207458496
283.0,3.0,3.0,0.15528178215026855
199.0,4.0,4.0,0.11720728874206543
268.0,12.0,12.0,0.1508018970489502
369.0,5.0,5.0,0.2001657485961914
338.0,7.0,7.0,0.190629243850708
405.0,4.0,4.0,0.22291183471679688
217.0,4.0,4.0,0.12235140800476074
147.0,12.0,12.0,0.08279895782470703
381.0,7.0,7.0,0.2068166732788086
988.0,8.0,8.0,0.5733423233032227
1975.0,37.0,37.0,1.108572006225586
532.0,2.0,2.0,0.3222048282623291
148.0,4.0,4.0,0.08219075202941895
278.0,3.0,3.0,0.15519452095031738
201.0,0.0,0.0,0.11243677139282227
201.0,4.0,4.0,0.1163337230682373
51.0,2.0,2.0,0.033423662185668945
1454.0,18.0,18.0,0.7961320877075195
122.0,3.0,3.0,0.06722474098205566
233.0,11.0,11.0,0.13002538681030273
86.0,0.0,0.0,0.047866106033325195
413.0,10.0,10.0,0.2368483543395996
294.0,3.0,3.0,0.16642141342163086
442.0,2.0,2.0,0.24395132064819336
99.0,6.0,6.0,0.05487418174743652
143.0,2.0,2.0,0.07794523239135742
164.0,6.0,6.0,0.09217429161071777
983.0,21.0,21.0,0.56404709815979
694.0,4.0,4.0,0.38951849937438965
121.0,5.0,5.0,0.07511305809020996
666.0,2.0,2.0,0.3975861072540283
573.0,10.0,10.0,0.34447813034057617
844.0,10.0,10.0,0.497006893157959
94.0,22.0,22.0,0.06788349151611328
115.0,0.0,0.0,0.07749176025390625
979.0,17.0,17.0,0.6012940406799316
445.0,2.0,2.0,0.24325180053710938
343.0,8.0,8.0,0.1927947998046875
164.0,3.0,3.0,0.08663249015808105
603.0,3.0,3.0,0.3379356861114502
567.0,8.0,8.0,0.31060218811035156
699.0,12.0,12.0,0.4027397632598877
157.0,8.0,8.0,0.09080672264099121
114.0,0.0,0.0,0.06333518028259277
199.0,11.0,11.0,0.10878515243530273
303.0,2.0,2.0,0.16729474067687988
79.0,5.0,5.0,0.04252171516418457
360.0,6.0,6.0,0.200272798538208
74.0,2.0,2.0,0.0399169921875
333.0,12.0,12.0,0.18263030052185059
311.0,9.0,9.0,0.17153716087341309
291.0,4.0,4.0,0.1758427619934082
128.0,3.0,3.0,0.07054662704467773
1389.0,10.0,10.0,0.7968509197235107
963.0,10.0,10.0,0.5499181747436523
254.0,5.0,5.0,0.14262032508850098
79.0,2.0,2.0,0.04273819923400879
300.0,3.0,3.0,0.1641082763671875
149.0,3.0,3.0,0.08056879043579102
312.0,20.0,20.0,0.17063093185424805
605.0,4.0,4.0,0.3330087661743164
722.0,13.0,13.0,0.45807433128356934
660.0,8.0,8.0,0.38805699348449707
861.0,12.0,12.0,0.481670618057251
738.0,8.0,8.0,0.4070878028869629
632.0,4.0,4.0,0.35119080543518066
529.0,3.0,3.0,0.2938120365142822
202.0,11.0,11.0,0.11238265037536621
82.0,1.0,1.0,0.04556608200073242
202.0,6.0,6.0,0.11318469047546387
1622.0,18.0,18.0,0.9561080932617188
642.0,7.0,7.0,0.37504053115844727
309.0,12.0,12.0,0.16902995109558105
766.0,14.0,14.0,0.4230959415435791
95.0,1.0,1.0,0.05097222328186035
505.0,8.0,8.0,0.28200221061706543
185.0,11.0,11.0,0.1189582347869873
569.0,10.0,10.0,0.32012295722961426
38.0,0.0,0.0,0.021136760711669922
112.0,3.0,3.0,0.0636742115020752
477.0,9.0,9.0,0.26853108406066895
225.0,2.0,2.0,0.12338972091674805
858.0,15.0,15.0,0.4708399772644043
422.0,5.0,5.0,0.2321641445159912
352.0,11.0,11.0,0.19380497932434082
442.0,5.0,5.0,0.2435741424560547
93.0,4.0,4.0,0.05501985549926758
152.0,5.0,5.0,0.08499026298522949
620.0,12.0,12.0,0.3603239059448242
614.0,13.0,13.0,0.3404545783996582
81.0,10.0,10.0,0.04501819610595703
172.0,3.0,3.0,0.09498262405395508
677.0,13.0,13.0,0.3703341484069824
117.0,6.0,6.0,0.06475162506103516
53.0,2.0,2.0,0.029004812240600586
76.0,1.0,1.0,0.04152679443359375
944.0,13.0,13.0,0.5787348747253418
808.0,17.0,17.0,0.5203416347503662
316.0,2.0,2.0,0.1734151840209961
548.0,6.0,6.0,0.3006768226623535
986.0,22.0,22.0,0.6014072895050049
168.0,8.0,8.0,0.09972715377807617
220.0,10.0,10.0,0.1206822395324707
360.0,1.0,1.0,0.2050778865814209
1658.0,14.0,14.0,0.9512619972229004
453.0,10.0,10.0,0.2509949207305908
139.0,2.0,2.0,0.07480049133300781
99.0,7.0,7.0,0.055973052978515625
693.0,6.0,6.0,0.379148006439209
87.0,3.0,3.0,0.04704928398132324
212.0,6.0,6.0,0.11788249015808105
717.0,4.0,4.0,0.3963737487792969
750.0,15.0,15.0,0.4222075939178467
619.0,15.0,15.0,0.35101771354675293
263.0,8.0,8.0,0.14608502388000488
586.0,10.0,10.0,0.32152414321899414
126.0,7.0,7.0,0.06841897964477539
866.0,15.0,15.0,0.4826793670654297
476.0,13.0,13.0,0.2637495994567871
44.0,0.0,0.0,0.02297353744506836
788.0,4.0,4.0,0.4373013973236084
175.0,2.0,2.0,0.1098172664642334
284.0,7.0,7.0,0.1706538200378418
414.0,2.0,2.0,0.22855114936828613
197.0,2.0,2.0,0.1076207160949707
197.0,8.0,8.0,0.10804080963134766
804.0,5.0,5.0,0.4459104537963867
381.0,5.0,5.0,0.21107029914855957
299.0,12.0,12.0,0.1647510528564453
86.0,0.0,0.0,0.04729914665222168
240.0,4.0,4.0,0.13013648986816406
306.0,11.0,11.0,0.17488574981689453
422.0,8.0,8.0,0.2353651523590088
277.0,5.0,5.0,0.17139148712158203
591.0,7.0,7.0,0.3359858989715576
1080.0,15.0,15.0,0.6044514179229736
111.0,6.0,6.0,0.062482595443725586
773.0,6.0,6.0,0.4285116195678711
358.0,7.0,7.0,0.19494414329528809
141.0,4.0,4.0,0.0778193473815918
152.0,3.0,3.0,0.08434844017028809
363.0,12.0,12.0,0.19945931434631348
99.0,4.0,4.0,0.056176185607910156
1629.0,21.0,21.0,0.9053945541381836
1291.0,9.0,9.0,0.7094206809997559
660.0,10.0,10.0,0.3708662986755371
564.0,5.0,5.0,0.322582483291626
166.0,5.0,5.0,0.09874415397644043
186.0,5.0,5.0,0.1011800765991211
309.0,3.0,3.0,0.16961026191711426
90.0,2.0,2.0,0.04862785339355469
566.0,3.0,3.0,0.31975722312927246
140.0,0.0,0.0,0.07764005661010742
755.0,3.0,3.0,0.4164392948150635
95.0,9.0,9.0,0.053019046783447266
135.0,4.0,4.0,0.07495641708374023
1129.0,16.0,16.0,0.6302220821380615
189.0,0.0,0.0,0.1208193302154541
2417.0,9.0,9.0,1.4869353771209717
1034.0,11.0,11.0,0.6118717193603516
608.0,8.0,8.0,0.363614559173584
347.0,11.0,11.0,0.19136738777160645
169.0,6.0,6.0,0.0925741195678711
123.0,3.0,3.0,0.06774187088012695
255.0,3.0,3.0,0.1410815715789795
136.0,3.0,3.0,0.074554443359375
36.0,2.0,2.0,0.020694494247436523
136.0,1.0,1.0,0.0735938549041748
579.0,4.0,4.0,0.3180105686187744
72.0,2.0,2.0,0.04070401191711426
373.0,3.0,3.0,0.2054734230041504
313.0,9.0,9.0,0.17139577865600586
999.0,8.0,8.0,0.5590813159942627
142.0,0.0,0.0,0.09871602058410645
396.0,11.0,11.0,0.2211313247680664
92.0,3.0,3.0,0.05202674865722656
419.0,6.0,6.0,0.23549818992614746
259.0,5.0,5.0,0.14515972137451172
171.0,5.0,5.0,0.09340357780456543
276.0,10.0,10.0,0.155228853225708
430.0,7.0,7.0,0.23756623268127441
38.0,3.0,3.0,0.021001338958740234
913.0,10.0,10.0,0.5054688453674316
175.0,7.0,7.0,0.10870075225830078
830.0,13.0,13.0,0.4961729049682617
525.0,7.0,7.0,0.28764915466308594
121.0,2.0,2.0,0.06586742401123047
125.0,8.0,8.0,0.0684506893157959
811.0,13.0,13.0,0.44896364212036133
66.0,0.0,0.0,0.03553056716918945
627.0,16.0,16.0,0.347639799118042
277.0,9.0,9.0,0.15314507484436035
257.0,7.0,7.0,0.14551544189453125
263.0,4.0,4.0,0.14481830596923828
353.0,7.0,7.0,0.20609569549560547
301.0,4.0,4.0,0.18195605278015137
91.0,4.0,4.0,0.057523250579833984
314.0,7.0,7.0,0.17200827598571777
390.0,2.0,2.0,0.21558642387390137
148.0,2.0,2.0,0.08244466781616211
335.0,3.0,3.0,0.18977737426757812
61.0,3.0,3.0,0.03339052200317383
145.0,8.0,8.0,0.07782912254333496
267.0,14.0,14.0,0.1475517749786377
786.0,10.0,10.0,0.43918418884277344
229.0,11.0,11.0,0.1260383129119873
62.0,0.0,0.0,0.03418111801147461
301.0,4.0,4.0,0.22053074836730957
166.0,2.0,2.0,0.08942866325378418
122.0,3.0,3.0,0.06721282005310059
50.0,0.0,0.0,0.027842044830322266
300.0,10.0,10.0,0.18207907676696777
663.0,13.0,13.0,0.37399721145629883
387.0,4.0,4.0,0.215745210647583
168.0,4.0,4.0,0.09246444702148438
66.0,1.0,1.0,0.03570365905761719
422.0,10.0,10.0,0.233872652053833
366.0,2.0,2.0,0.20611214637756348
662.0,14.0,14.0,0.3656272888183594
179.0,5.0,5.0,0.09950137138366699
294.0,5.0,5.0,0.1617584228515625
139.0,6.0,6.0,0.07587099075317383
1039.0,15.0,15.0,0.6048915386199951
501.0,7.0,7.0,0.27678656578063965
229.0,8.0,8.0,0.1251668930053711
170.0,3.0,3.0,0.0946199893951416
144.0,7.0,7.0,0.08165884017944336
57.0,2.0,2.0,0.03154778480529785
169.0,3.0,3.0,0.10323452949523926
433.0,8.0,8.0,0.2428913116455078
947.0,7.0,7.0,0.5354869365692139
217.0,6.0,6.0,0.12047576904296875
889.0,13.0,13.0,0.5154962539672852
87.0,2.0,2.0,0.049252986907958984
54.0,2.0,2.0,0.034659624099731445
101.0,2.0,2.0,0.06608748435974121
87.0,3.0,3.0,0.06086468696594238
65.0,4.0,4.0,0.04229569435119629
305.0,8.0,8.0,0.19600462913513184
203.0,6.0,6.0,0.11744856834411621
78.0,1.0,1.0,0.05152130126953125
247.0,14.0,14.0,0.15422606468200684
190.0,5.0,5.0,0.1259167194366455
239.0,8.0,8.0,0.13121747970581055
273.0,4.0,4.0,0.15373945236206055
493.0,3.0,3.0,0.27941393852233887
80.0,5.0,5.0,0.0496981143951416
121.0,2.0,2.0,0.08485150337219238
1083.0,10.0,10.0,0.6719286441802979
294.0,11.0,11.0,0.16457819938659668
486.0,4.0,4.0,0.2725033760070801
333.0,7.0,7.0,0.18552398681640625
82.0,4.0,4.0,0.04439187049865723
270.0,6.0,6.0,0.15058350563049316
89.0,9.0,9.0,0.048383474349975586
529.0,2.0,2.0,0.2912259101867676
285.0,5.0,5.0,0.15752625465393066
191.0,3.0,3.0,0.10633635520935059
171.0,6.0,6.0,0.0929265022277832
98.0,1.0,1.0,0.054817914962768555
545.0,19.0,19.0,0.3243696689605713
1195.0,11.0,11.0,0.6591892242431641
680.0,26.0,26.0,0.3792903423309326
139.0,3.0,3.0,0.0776371955871582
88.0,2.0,2.0,0.04955649375915527
225.0,8.0,8.0,0.12701630592346191
342.0,5.0,5.0,0.18667101860046387
237.0,1.0,1.0,0.12884092330932617
50.0,0.0,0.0,0.027367353439331055
505.0,6.0,6.0,0.2859213352203369
256.0,4.0,4.0,0.14714789390563965
281.0,6.0,6.0,0.17153072357177734
73.0,5.0,5.0,0.04075145721435547
93.0,7.0,7.0,0.05948233604431152
1182.0,19.0,19.0,0.6454339027404785
38.0,0.0,0.0,0.020009517669677734
609.0,16.0,16.0,0.3391234874725342
719.0,7.0,7.0,0.41666579246520996
370.0,11.0,11.0,0.202223539352417
41.0,1.0,1.0,0.02263665199279785
192.0,5.0,5.0,0.10407352447509766
204.0,3.0,3.0,0.11575603485107422
148.0,4.0,4.0,0.10962390899658203
112.0,3.0,3.0,0.07127022743225098
241.0,1.0,1.0,0.13343143463134766
172.0,0.0,0.0,0.09395742416381836
286.0,10.0,10.0,0.1577773094177246
205.0,4.0,4.0,0.11360454559326172
298.0,1.0,1.0,0.17082810401916504
115.0,5.0,5.0,0.061654090881347656
338.0,4.0,4.0,0.18607711791992188
178.0,6.0,6.0,0.09975099563598633
168.0,9.0,9.0,0.09389948844909668
1902.0,20.0,20.0,1.0922627449035645
67.0,2.0,2.0,0.04117631912231445
80.0,1.0,1.0,0.05927276611328125
111.0,4.0,4.0,0.0754249095916748
70.0,0.0,0.0,0.0404057502746582
57.0,1.0,1.0,0.03052496910095215
209.0,1.0,1.0,0.12051725387573242
755.0,13.0,13.0,0.4224514961242676
339.0,6.0,6.0,0.20031976699829102
108.0,13.0,13.0,0.06061077117919922
143.0,2.0,2.0,0.07898235321044922
347.0,6.0,6.0,0.1893467903137207
60.0,2.0,2.0,0.035773277282714844
414.0,7.0,7.0,0.24402308464050293
110.0,6.0,6.0,0.06723976135253906
958.0,13.0,13.0,0.5756239891052246
261.0,6.0,6.0,0.13948392868041992
200.0,6.0,6.0,0.10908889770507812
593.0,5.0,5.0,0.3346250057220459
400.0,13.0,13.0,0.22471928596496582
781.0,4.0,4.0,0.42821311950683594
68.0,5.0,5.0,0.03975653648376465
457.0,12.0,12.0,0.2548980712890625
325.0,4.0,4.0,0.17746686935424805
46.0,1.0,1.0,0.024998903274536133
545.0,2.0,2.0,0.3167228698730469
51.0,6.0,6.0,0.027657508850097656
194.0,7.0,7.0,0.10695266723632812
652.0,19.0,19.0,0.3554260730743408
105.0,6.0,6.0,0.058638572692871094
95.0,6.0,6.0,0.05281662940979004
333.0,8.0,8.0,0.19427275657653809
64.0,0.0,0.0,0.03784990310668945
61.0,3.0,3.0,0.0338587760925293
639.0,10.0,10.0,0.3962085247039795
738.0,9.0,9.0,0.45286011695861816
486.0,8.0,8.0,0.2864823341369629
205.0,4.0,4.0,0.12341928482055664
986.0,10.0,10.0,0.6084959506988525
141.0,6.0,6.0,0.08957290649414062
634.0,5.0,5.0,0.3481869697570801
468.0,4.0,4.0,0.2661447525024414
469.0,10.0,10.0,0.25988245010375977
515.0,12.0,12.0,0.2818334102630615
183.0,6.0,6.0,0.10093951225280762
59.0,0.0,0.0,0.031296491622924805
632.0,10.0,10.0,0.3774683475494385
1538.0,22.0,22.0,0.8639674186706543
1735.0,16.0,16.0,0.9590461254119873
1190.0,9.0,9.0,0.6859691143035889
187.0,3.0,3.0,0.10299849510192871
218.0,3.0,3.0,0.1185462474822998
77.0,3.0,3.0,0.04355955123901367
393.0,6.0,6.0,0.2167801856994629
481.0,3.0,3.0,0.2664377689361572
186.0,7.0,7.0,0.1012735366821289
380.0,5.0,5.0,0.21917414665222168
1398.0,12.0,12.0,0.8137884140014648
142.0,10.0,10.0,0.0797281265258789
378.0,9.0,9.0,0.2097165584564209
868.0,10.0,10.0,0.5407431125640869
543.0,6.0,6.0,0.30568575859069824
130.0,14.0,14.0,0.07371950149536133
747.0,12.0,12.0,0.41358256340026855
221.0,1.0,1.0,0.12052035331726074
389.0,8.0,8.0,0.21462583541870117
155.0,4.0,4.0,0.10457396507263184
154.0,3.0,3.0,0.0852804183959961
1270.0,27.0,27.0,0.7096266746520996
532.0,2.0,2.0,0.2940809726715088
173.0,8.0,8.0,0.10037636756896973
382.0,4.0,4.0,0.20951366424560547
1636.0,17.0,17.0,0.9290182590484619
122.0,4.0,4.0,0.0668325424194336
75.0,3.0,3.0,0.04241538047790527
123.0,8.0,8.0,0.06970715522766113
410.0,11.0,11.0,0.22974443435668945
803.0,11.0,11.0,0.44541215896606445
214.0,6.0,6.0,0.1190481185913086
201.0,5.0,5.0,0.11159729957580566
168.0,7.0,7.0,0.09226441383361816
771.0,5.0,5.0,0.44445276260375977
179.0,1.0,1.0,0.0998234748840332
234.0,7.0,7.0,0.12993931770324707
887.0,12.0,12.0,0.5238151550292969
1006.0,5.0,5.0,0.5531489849090576
200.0,3.0,3.0,0.11010122299194336
55.0,0.0,0.0,0.0312042236328125
87.0,2.0,2.0,0.047892093658447266
259.0,5.0,5.0,0.14367318153381348
1299.0,13.0,13.0,0.7952823638916016
312.0,2.0,2.0,0.20333194732666016
479.0,4.0,4.0,0.27271175384521484
411.0,5.0,5.0,0.24561500549316406
94.0,3.0,3.0,0.0528414249420166
121.0,6.0,6.0,0.06762433052062988
160.0,7.0,7.0,0.09586501121520996
928.0,3.0,3.0,0.5877315998077393
148.0,4.0,4.0,0.08375334739685059
194.0,3.0,3.0,0.10645079612731934
202.0,2.0,2.0,0.11020350456237793
191.0,8.0,8.0,0.11132168769836426
811.0,8.0,8.0,0.47765254974365234
223.0,6.0,6.0,0.12344813346862793
85.0,1.0,1.0,0.046185970306396484
90.0,10.0,10.0,0.04855680465698242
374.0,7.0,7.0,0.2104203701019287
125.0,6.0,6.0,0.07055354118347168
269.0,6.0,6.0,0.1510920524597168
614.0,4.0,4.0,0.33712124824523926
896.0,11.0,11.0,0.5030863285064697
85.0,5.0,5.0,0.04707074165344238
290.0,8.0,8.0,0.15974211692810059
1611.0,16.0,16.0,0.9162695407867432
607.0,7.0,7.0,0.35577821731567383
116.0,7.0,7.0,0.06609225273132324
208.0,2.0,2.0,0.12012553215026855
674.0,6.0,6.0,0.3823723793029785
368.0,10.0,10.0,0.20519638061523438
242.0,5.0,5.0,0.1296374797821045
123.0,15.0,15.0,0.06747770309448242
1794.0,28.0,28.0,1.0018820762634277
371.0,7.0,7.0,0.2350606918334961
212.0,7.0,7.0,0.12410545349121094
122.0,5.0,5.0,0.07089471817016602
106.0,7.0,7.0,0.06428050994873047
221.0,5.0,5.0,0.12372183799743652
232.0,0.0,0.0,0.13615989685058594
137.0,5.0,5.0,0.07348132133483887
144.0,4.0,4.0,0.08310198783874512
704.0,4.0,4.0,0.3916473388671875
509.0,13.0,13.0,0.30698370933532715
114.0,2.0,2.0,0.0638120174407959
58.0,3.0,3.0,0.033908843994140625
1197.0,8.0,8.0,0.6607937812805176
212.0,5.0,5.0,0.12161111831665039
398.0,6.0,6.0,0.2156689167022705
287.0,5.0,5.0,0.15752291679382324
332.0,9.0,9.0,0.1828162670135498
275.0,4.0,4.0,0.1519756317138672
638.0,9.0,9.0,0.3544175624847412
267.0,10.0,10.0,0.17949557304382324
392.0,6.0,6.0,0.22956371307373047
190.0,5.0,5.0,0.10528135299682617
75.0,1.0,1.0,0.04117226600646973
182.0,8.0,8.0,0.09886455535888672
351.0,6.0,6.0,0.2005453109741211
1205.0,7.0,7.0,0.6702508926391602
194.0,7.0,7.0,0.10953068733215332
322.0,10.0,10.0,0.18676161766052246
111.0,1.0,1.0,0.06087493896484375
702.0,9.0,9.0,0.403881311416626
169.0,5.0,5.0,0.10252928733825684
178.0,15.0,15.0,0.09787297248840332
561.0,8.0,8.0,0.31224870681762695
370.0,3.0,3.0,0.23073840141296387
226.0,3.0,3.0,0.1180577278137207
1498.0,14.0,14.0,0.8118000030517578
175.0,4.0,4.0,0.09633731842041016
170.0,5.0,5.0,0.09588789939880371
65.0,5.0,5.0,0.03610515594482422
351.0,1.0,1.0,0.19797420501708984
460.0,7.0,7.0,0.3072359561920166
102.0,5.0,5.0,0.06565690040588379
270.0,5.0,5.0,0.16186881065368652
411.0,11.0,11.0,0.27176356315612793
628.0,11.0,11.0,0.36824750900268555
267.0,8.0,8.0,0.14935517311096191
578.0,14.0,14.0,0.31732749938964844
1273.0,14.0,14.0,0.7407755851745605
186.0,0.0,0.0,0.10033011436462402
147.0,11.0,11.0,0.07851839065551758
94.0,4.0,4.0,0.05106091499328613
579.0,8.0,8.0,0.34641432762145996
1200.0,15.0,15.0,0.6603291034698486
259.0,9.0,9.0,0.1506633758544922
525.0,5.0,5.0,0.29077577590942383
694.0,12.0,12.0,0.4051482677459717
247.0,5.0,5.0,0.14357423782348633
1209.0,13.0,13.0,0.6601138114929199
410.0,7.0,7.0,0.2240891456604004
422.0,10.0,10.0,0.24759173393249512
305.0,5.0,5.0,0.1775190830230713
81.0,7.0,7.0,0.04379463195800781
104.0,2.0,2.0,0.05577898025512695
156.0,3.0,3.0,0.08585095405578613
114.0,6.0,6.0,0.0625309944152832
114.0,8.0,8.0,0.06200671195983887
307.0,6.0,6.0,0.1686692237854004
242.0,3.0,3.0,0.13628005981445312
550.0,3.0,3.0,0.3400442600250244
478.0,10.0,10.0,0.2637674808502197
662.0,9.0,9.0,0.3680250644683838
804.0,18.0,18.0,0.4425380229949951
311.0,8.0,8.0,0.16939711570739746
329.0,7.0,7.0,0.18542790412902832
304.0,1.0,1.0,0.16887497901916504
81.0,4.0,4.0,0.044647932052612305
403.0,9.0,9.0,0.22537946701049805
641.0,10.0,10.0,0.37334465980529785
193.0,7.0,7.0,0.10803818702697754
150.0,2.0,2.0,0.08329653739929199
89.0,8.0,8.0,0.04908299446105957
377.0,4.0,4.0,0.20587611198425293
159.0,5.0,5.0,0.08873343467712402
1143.0,19.0,19.0,0.6308543682098389
565.0,16.0,16.0,0.31262779235839844
548.0,7.0,7.0,0.30271124839782715
266.0,4.0,4.0,0.16717863082885742
630.0,13.0,13.0,0.3532726764678955
213.0,1.0,1.0,0.11509132385253906
120.0,2.0,2.0,0.06651926040649414
169.0,3.0,3.0,0.09165573120117188
214.0,4.0,4.0,0.12992215156555176
760.0,7.0,7.0,0.41469311714172363
303.0,1.0,1.0,0.17375874519348145
83.0,2.0,2.0,0.04451799392700195
320.0,2.0,2.0,0.17796826362609863
162.0,2.0,2.0,0.0877065658569336
1270.0,8.0,8.0,0.7225627899169922
314.0,2.0,2.0,0.1762864589691162
1293.0,7.0,7.0,0.7142212390899658
368.0,11.0,11.0,0.20738530158996582
955.0,16.0,16.0,0.5271894931793213
275.0,10.0,10.0,0.15045666694641113
84.0,1.0,1.0,0.04560446739196777
1503.0,31.0,31.0,0.916456937789917
358.0,13.0,13.0,0.22722887992858887
148.0,3.0,3.0,0.08275055885314941
109.0,5.0,5.0,0.06558990478515625
533.0,4.0,4.0,0.3310985565185547
36.0,0.0,0.0,0.02130889892578125
237.0,11.0,11.0,0.1463165283203125
885.0,8.0,8.0,0.544156551361084
967.0,10.0,10.0,0.565453290939331
460.0,10.0,10.0,0.259113073348999
475.0,10.0,10.0,0.2609589099884033
287.0,8.0,8.0,0.15872621536254883
673.0,6.0,6.0,0.3740692138671875
425.0,4.0,4.0,0.2364358901977539
148.0,1.0,1.0,0.08328080177307129
531.0,10.0,10.0,0.3192284107208252
508.0,2.0,2.0,0.2780795097351074
461.0,6.0,6.0,0.2689790725708008
285.0,5.0,5.0,0.1557161808013916
133.0,4.0,4.0,0.07254266738891602
163.0,7.0,7.0,0.09109187126159668
431.0,6.0,6.0,0.23864388465881348
76.0,0.0,0.0,0.041684627532958984
288.0,8.0,8.0,0.15825986862182617
204.0,3.0,3.0,0.11240911483764648
164.0,6.0,6.0,0.09099197387695312
342.0,2.0,2.0,0.1887524127960205
623.0,5.0,5.0,0.3624386787414551
68.0,0.0,0.0,0.0433351993560791
176.0,11.0,11.0,0.10714483261108398
334.0,7.0,7.0,0.1850447654724121
54.0,0.0,0.0,0.030156850814819336
754.0,11.0,11.0,0.4247138500213623
443.0,6.0,6.0,0.2546532154083252
110.0,6.0,6.0,0.06390810012817383
134.0,6.0,6.0,0.07956838607788086
529.0,4.0,4.0,0.31504178047180176
110.0,1.0,1.0,0.06480216979980469
307.0,9.0,9.0,0.1781630516052246
153.0,0.0,0.0,0.08423829078674316
950.0,13.0,13.0,0.5661921501159668
123.0,0.0,0.0,0.06955170631408691
233.0,10.0,10.0,0.1302337646484375
145.0,7.0,7.0,0.07911467552185059
123.0,8.0,8.0,0.06876397132873535
766.0,10.0,10.0,0.4187812805175781
90.0,4.0,4.0,0.04892301559448242
343.0,3.0,3.0,0.19244861602783203
293.0,11.0,11.0,0.1640338897705078
80.0,10.0,10.0,0.04342913627624512
69.0,1.0,1.0,0.0378262996673584
157.0,10.0,10.0,0.08537006378173828
208.0,4.0,4.0,0.11401486396789551
236.0,12.0,12.0,0.13066911697387695
142.0,5.0,5.0,0.07816576957702637
219.0,9.0,9.0,0.12245988845825195
397.0,4.0,4.0,0.25359296798706055
171.0,4.0,4.0,0.0974433422088623
156.0,2.0,2.0,0.08560299873352051
390.0,2.0,2.0,0.2146909236907959
116.0,1.0,1.0,0.0641019344329834
781.0,5.0,5.0,0.4378054141998291
555.0,7.0,7.0,0.30202603340148926
364.0,11.0,11.0,0.19957399368286133
213.0,7.0,7.0,0.11608314514160156
324.0,2.0,2.0,0.1778252124786377
31.0,0.0,0.0,0.016997814178466797
741.0,15.0,15.0,0.4356667995452881
77.0,1.0,1.0,0.049074411392211914
639.0,6.0,6.0,0.35611605644226074
1020.0,19.0,19.0,0.5627553462982178
607.0,11.0,11.0,0.3343808650970459
689.0,13.0,13.0,0.38065028190612793
501.0,8.0,8.0,0.28420329093933105
111.0,3.0,3.0,0.0611577033996582
219.0,7.0,7.0,0.13984370231628418
149.0,6.0,6.0,0.09031963348388672
122.0,4.0,4.0,0.07096028327941895
125.0,7.0,7.0,0.06776642799377441
330.0,3.0,3.0,0.1799607276916504
653.0,13.0,13.0,0.35999536514282227
1090.0,19.0,19.0,0.6787891387939453
102.0,16.0,16.0,0.05400204658508301
191.0,3.0,3.0,0.11877822875976562
532.0,3.0,3.0,0.32727956771850586
647.0,7.0,7.0,0.39559340476989746
287.0,2.0,2.0,0.1646113395690918
165.0,8.0,8.0,0.10928893089294434
1031.0,9.0,9.0,0.645383358001709
1090.0,15.0,15.0,0.5989065170288086
258.0,10.0,10.0,0.14353156089782715
252.0,4.0,4.0,0.1396620273590088
51.0,2.0,2.0,0.030757665634155273
890.0,20.0,20.0,0.5121526718139648
163.0,4.0,4.0,0.09079289436340332
544.0,9.0,9.0,0.3095219135284424
186.0,4.0,4.0,0.11426568031311035
62.0,2.0,2.0,0.04000139236450195
932.0,16.0,16.0,0.5364346504211426
231.0,3.0,3.0,0.1301555633544922
1433.0,10.0,10.0,0.8250033855438232
613.0,11.0,11.0,0.33595871925354004
150.0,4.0,4.0,0.08354544639587402
579.0,4.0,4.0,0.32007884979248047
322.0,0.0,0.0,0.18097352981567383
1687.0,17.0,17.0,0.9342656135559082
263.0,6.0,6.0,0.19974255561828613
83.0,1.0,1.0,0.04741549491882324
141.0,4.0,4.0,0.07736468315124512
237.0,16.0,16.0,0.12635111808776855
187.0,2.0,2.0,0.10352635383605957
79.0,8.0,8.0,0.04221367835998535
583.0,10.0,10.0,0.32710790634155273
308.0,12.0,12.0,0.1707160472869873
377.0,4.0,4.0,0.2076106071472168
749.0,6.0,6.0,0.4154675006866455
43.0,1.0,1.0,0.022999048233032227
116.0,0.0,0.0,0.06310701370239258
101.0,1.0,1.0,0.05782675743103027
416.0,10.0,10.0,0.23218488693237305
72.0,9.0,9.0,0.03956151008605957
189.0,5.0,5.0,0.10409164428710938
152.0,5.0,5.0,0.09938740730285645
488.0,10.0,10.0,0.30100035667419434
110.0,0.0,0.0,0.058611154556274414
2127.0,16.0,16.0,1.1949527263641357
230.0,4.0,4.0,0.1281569004058838
410.0,1.0,1.0,0.23700165748596191
1361.0,16.0,16.0,0.7837045192718506
689.0,8.0,8.0,0.38054776191711426
362.0,13.0,13.0,0.19707727432250977
518.0,12.0,12.0,0.2825937271118164
126.0,3.0,3.0,0.06911206245422363
563.0,2.0,2.0,0.306455135345459
174.0,3.0,3.0,0.09607934951782227
180.0,5.0,5.0,0.09939098358154297
717.0,17.0,17.0,0.4217193126678467
63.0,2.0,2.0,0.03732895851135254
152.0,6.0,6.0,0.08277463912963867
732.0,16.0,16.0,0.4017648696899414
84.0,3.0,3.0,0.04779243469238281
287.0,7.0,7.0,0.16028332710266113
1406.0,15.0,15.0,0.8118321895599365
545.0,3.0,3.0,0.34488534927368164
635.0,6.0,6.0,0.3849830627441406
257.0,9.0,9.0,0.15636777877807617
282.0,10.0,10.0,0.16766667366027832
351.0,2.0,2.0,0.20134329795837402
101.0,0.0,0.0,0.07378244400024414
64.0,5.0,5.0,0.041986942291259766
69.0,12.0,12.0,0.0410614013671875
298.0,5.0,5.0,0.19661951065063477
168.0,2.0,2.0,0.10794496536254883
1087.0,21.0,21.0,0.6568076610565186
91.0,7.0,7.0,0.05533599853515625
102.0,1.0,1.0,0.05550694465637207
105.0,2.0,2.0,0.0593869686126709
190.0,4.0,4.0,0.12791037559509277
69.0,0.0,0.0,0.040502071380615234
643.0,10.0,10.0,0.3551821708679199
229.0,5.0,5.0,0.12610340118408203
227.0,2.0,2.0,0.12400197982788086
356.0,0.0,0.0,0.19853568077087402
449.0,7.0,7.0,0.24402284622192383
134.0,1.0,1.0,0.07380056381225586
406.0,12.0,12.0,0.2247934341430664
781.0,21.0,21.0,0.4365653991699219
357.0,2.0,2.0,0.19662880897521973
500.0,10.0,10.0,0.2930915355682373
135.0,1.0,1.0,0.07338142395019531
134.0,4.0,4.0,0.07584643363952637
104.0,1.0,1.0,0.05891227722167969
402.0,3.0,3.0,0.21911025047302246
420.0,10.0,10.0,0.23090338706970215
190.0,5.0,5.0,0.1034994125366211
771.0,11.0,11.0,0.42403078079223633
98.0,6.0,6.0,0.05435466766357422
327.0,2.0,2.0,0.1826317310333252
406.0,8.0,8.0,0.22064805030822754
513.0,2.0,2.0,0.28365182876586914
393.0,23.0,23.0,0.2449665069580078
554.0,5.0,5.0,0.30298924446105957
278.0,3.0,3.0,0.15457940101623535
43.0,0.0,0.0,0.024127960205078125
214.0,5.0,5.0,0.11959099769592285
98.0,2.0,2.0,0.05608105659484863
181.0,6.0,6.0,0.09953188896179199
139.0,5.0,5.0,0.07723808288574219
65.0,0.0,0.0,0.034998178482055664
202.0,5.0,5.0,0.10922646522521973
377.0,1.0,1.0,0.21407604217529297
69.0,3.0,3.0,0.03828144073486328
627.0,6.0,6.0,0.3460972309112549
59.0,3.0,3.0,0.03381180763244629
295.0,6.0,6.0,0.16491365432739258
39.0,0.0,0.0,0.02300095558166504
355.0,7.0,7.0,0.20031070709228516
424.0,5.0,5.0,0.24622344970703125
775.0,9.0,9.0,0.43396425247192383
219.0,9.0,9.0,0.12125158309936523
143.0,5.0,5.0,0.07807207107543945
432.0,5.0,5.0,0.24047541618347168
360.0,2.0,2.0,0.19945883750915527
199.0,9.0,9.0,0.10908341407775879
1481.0,19.0,19.0,0.8412230014801025
130.0,3.0,3.0,0.07109665870666504
692.0,15.0,15.0,0.38208770751953125
67.0,4.0,4.0,0.038238525390625
362.0,5.0,5.0,0.1979076862335205
327.0,6.0,6.0,0.18776702880859375
1758.0,36.0,36.0,0.9662895202636719
329.0,5.0,5.0,0.18299388885498047
234.0,0.0,0.0,0.14629292488098145
706.0,5.0,5.0,0.38824892044067383
54.0,4.0,4.0,0.03243899345397949
258.0,1.0,1.0,0.14292287826538086
745.0,10.0,10.0,0.4210050106048584
250.0,10.0,10.0,0.14007210731506348
155.0,3.0,3.0,0.08230924606323242
174.0,2.0,2.0,0.09443831443786621
671.0,9.0,9.0,0.37306642532348633
411.0,13.0,13.0,0.22547221183776855
31.0,0.0,0.0,0.018169164657592773
1055.0,15.0,15.0,0.6813561916351318
1110.0,17.0,17.0,0.6953611373901367
268.0,9.0,9.0,0.16530942916870117
172.0,2.0,2.0,0.12544751167297363
200.0,8.0,8.0,0.128218412399292
205.0,2.0,2.0,0.1109311580657959
214.0,8.0,8.0,0.1181344985961914
537.0,10.0,10.0,0.34081196784973145
239.0,6.0,6.0,0.13967561721801758
347.0,12.0,12.0,0.1988813877105713
95.0,1.0,1.0,0.057378530502319336
289.0,0.0,0.0,0.1693897247314453
411.0,9.0,9.0,0.23350977897644043
98.0,1.0,1.0,0.05530953407287598
109.0,7.0,7.0,0.05948686599731445
464.0,12.0,12.0,0.25372767448425293
1723.0,15.0,15.0,0.968721866607666
255.0,4.0,4.0,0.15828490257263184
277.0,3.0,3.0,0.15490007400512695
197.0,6.0,6.0,0.10810136795043945
451.0,17.0,17.0,0.24804401397705078
406.0,8.0,8.0,0.23163747787475586
102.0,0.0,0.0,0.05492734909057617
410.0,1.0,1.0,0.23063325881958008
139.0,1.0,1.0,0.07799506187438965
115.0,1.0,1.0,0.06264114379882812
921.0,7.0,7.0,0.5040395259857178
70.0,7.0,7.0,0.037834882736206055
440.0,7.0,7.0,0.2429056167602539
1042.0,20.0,20.0,0.602799654006958
463.0,4.0,4.0,0.25460290908813477
432.0,2.0,2.0,0.24036836624145508
514.0,12.0,12.0,0.28624582290649414
70.0,3.0,3.0,0.03750300407409668
410.0,11.0,11.0,0.22469592094421387
63.0,3.0,3.0,0.03408932685852051
327.0,1.0,1.0,0.18043112754821777
316.0,9.0,9.0,0.17959880828857422
733.0,10.0,10.0,0.4281015396118164
281.0,2.0,2.0,0.20526957511901855
138.0,0.0,0.0,0.07512545585632324
127.0,1.0,1.0,0.06867027282714844
245.0,1.0,1.0,0.1349475383758545
573.0,7.0,7.0,0.31647706031799316
392.0,14.0,14.0,0.21695280075073242
264.0,3.0,3.0,0.14528942108154297
71.0,0.0,0.0,0.03857421875
60.0,1.0,1.0,0.03248429298400879
122.0,6.0,6.0,0.06726980209350586
136.0,1.0,1.0,0.07679915428161621
89.0,2.0,2.0,0.049520254135131836
263.0,5.0,5.0,0.15109992027282715
359.0,3.0,3.0,0.19649815559387207
292.0,0.0,0.0,0.17216753959655762
492.0,11.0,11.0,0.29246068000793457
360.0,10.0,10.0,0.19957900047302246
900.0,4.0,4.0,0.5963985919952393
104.0,1.0,1.0,0.0573732852935791
309.0,4.0,4.0,0.17077231407165527
327.0,9.0,9.0,0.1990509033203125
272.0,6.0,6.0,0.1543419361114502
240.0,8.0,8.0,0.13350200653076172
216.0,4.0,4.0,0.12426543235778809
268.0,2.0,2.0,0.16174864768981934
1053.0,20.0,20.0,0.6371293067932129
358.0,4.0,4.0,0.1955559253692627
567.0,7.0,7.0,0.3169996738433838
437.0,5.0,5.0,0.24286770820617676
758.0,7.0,7.0,0.42397451400756836
862.0,10.0,10.0,0.4917013645172119
38.0,1.0,1.0,0.02378988265991211
99.0,9.0,9.0,0.05785655975341797
152.0,8.0,8.0,0.08810830116271973
144.0,0.0,0.0,0.07555913925170898
183.0,5.0,5.0,0.1000356674194336
448.0,6.0,6.0,0.25377559661865234
236.0,6.0,6.0,0.14577412605285645
931.0,4.0,4.0,0.5487077236175537
211.0,2.0,2.0,0.12290263175964355
119.0,6.0,6.0,0.06627678871154785
71.0,6.0,6.0,0.04035139083862305
335.0,5.0,5.0,0.1863088607788086
1327.0,14.0,14.0,0.8618781566619873
197.0,4.0,4.0,0.11772990226745605
780.0,10.0,10.0,0.4420921802520752
496.0,7.0,7.0,0.2763807773590088
430.0,7.0,7.0,0.23649382591247559
248.0,7.0,7.0,0.13675522804260254
235.0,4.0,4.0,0.1296672821044922
150.0,8.0,8.0,0.0817720890045166
1100.0,10.0,10.0,0.6327481269836426
679.0,10.0,10.0,0.37877655029296875
954.0,15.0,15.0,0.5295286178588867
432.0,7.0,7.0,0.2393953800201416
194.0,1.0,1.0,0.10552716255187988
181.0,1.0,1.0,0.09749031066894531
549.0,4.0,4.0,0.3056154251098633
1359.0,10.0,10.0,0.7900364398956299
114.0,3.0,3.0,0.0711362361907959
495.0,9.0,9.0,0.27660131454467773
403.0,4.0,4.0,0.22546672821044922
84.0,1.0,1.0,0.04564929008483887
67.0,3.0,3.0,0.03756546974182129
64.0,4.0,4.0,0.034903764724731445
882.0,7.0,7.0,0.48543334007263184
350.0,9.0,9.0,0.19514775276184082
617.0,5.0,5.0,0.3680286407470703
36.0,0.0,0.0,0.023673295974731445
146.0,7.0,7.0,0.08426833152770996
125.0,4.0,4.0,0.0673983097076416
339.0,3.0,3.0,0.19082140922546387
581.0,17.0,17.0,0.3169422149658203
239.0,12.0,12.0,0.13129019737243652
70.0,3.0,3.0,0.04025387763977051
84.0,3.0,3.0,0.048094749450683594
270.0,8.0,8.0,0.15094852447509766
278.0,3.0,3.0,0.15247726440429688
490.0,6.0,6.0,0.26833605766296387
93.0,9.0,9.0,0.05343770980834961
235.0,2.0,2.0,0.12929129600524902
1360.0,22.0,22.0,0.75478196144104
146.0,4.0,4.0,0.07836127281188965
401.0,6.0,6.0,0.22057461738586426
249.0,11.0,11.0,0.1346433162689209
1043.0,7.0,7.0,0.592125654220581
180.0,2.0,2.0,0.1020212173461914
485.0,3.0,3.0,0.27088260650634766
89.0,2.0,2.0,0.047930002212524414
711.0,9.0,9.0,0.4026463031768799
674.0,3.0,3.0,0.3762636184692383
146.0,1.0,1.0,0.07982039451599121
152.0,2.0,2.0,0.08212876319885254
219.0,5.0,5.0,0.11998701095581055
224.0,2.0,2.0,0.12672019004821777
788.0,7.0,7.0,0.4348893165588379
58.0,0.0,0.0,0.03189444541931152
302.0,4.0,4.0,0.16824793815612793
240.0,13.0,13.0,0.13448762893676758
567.0,18.0,18.0,0.3141481876373291
889.0,6.0,6.0,0.5318624973297119
830.0,2.0,2.0,0.47631311416625977
80.0,0.0,0.0,0.04476594924926758
265.0,7.0,7.0,0.15555906295776367
160.0,6.0,6.0,0.08495664596557617
219.0,1.0,1.0,0.11984705924987793
77.0,2.0,2.0,0.04623126983642578
134.0,5.0,5.0,0.07777237892150879
317.0,7.0,7.0,0.181532621383667
1428.0,16.0,16.0,0.8666133880615234
110.0,2.0,2.0,0.06211209297180176
667.0,5.0,5.0,0.3981809616088867
160.0,1.0,1.0,0.1005253791809082
264.0,1.0,1.0,0.16634249687194824
537.0,5.0,5.0,0.3285841941833496
615.0,7.0,7.0,0.34926509857177734
114.0,5.0,5.0,0.06221795082092285
1065.0,17.0,17.0,0.5890655517578125
950.0,15.0,15.0,0.5474231243133545
836.0,15.0,15.0,0.45774149894714355
146.0,2.0,2.0,0.07936787605285645
291.0,4.0,4.0,0.1606302261352539
442.0,6.0,6.0,0.2468569278717041
165.0,5.0,5.0,0.09426212310791016
560.0,11.0,11.0,0.3095426559448242
63.0,4.0,4.0,0.03454422950744629
341.0,5.0,5.0,0.18767857551574707
69.0,0.0,0.0,0.039034366607666016
839.0,12.0,12.0,0.4820973873138428
138.0,2.0,2.0,0.07515597343444824
39.0,0.0,0.0,0.02099919319152832
635.0,5.0,5.0,0.3479583263397217
119.0,8.0,8.0,0.06447076797485352
1016.0,11.0,11.0,0.5853891372680664
129.0,4.0,4.0,0.0698394775390625
320.0,4.0,4.0,0.175368070602417
990.0,11.0,11.0,0.5688772201538086
328.0,11.0,11.0,0.180741548538208
459.0,7.0,7.0,0.25440192222595215
49.0,0.0,0.0,0.028135299682617188
93.0,11.0,11.0,0.05155539512634277
119.0,7.0,7.0,0.06544971466064453
300.0,2.0,2.0,0.16502594947814941
336.0,7.0,7.0,0.19168424606323242
1492.0,22.0,22.0,0.8247487545013428
134.0,2.0,2.0,0.07472872734069824
116.0,8.0,8.0,0.06316161155700684
453.0,13.0,13.0,0.2777595520019531
303.0,6.0,6.0,0.16734862327575684
1061.0,27.0,27.0,0.5879013538360596
476.0,8.0,8.0,0.2620716094970703
120.0,0.0,0.0,0.06569170951843262
144.0,2.0,2.0,0.0811314582824707
476.0,7.0,7.0,0.2587110996246338
605.0,12.0,12.0,0.33530378341674805
491.0,12.0,12.0,0.2891509532928467
202.0,8.0,8.0,0.11677861213684082
138.0,3.0,3.0,0.07209348678588867
453.0,2.0,2.0,0.247267484664917
130.0,0.0,0.0,0.07145881652832031
295.0,7.0,7.0,0.16577506065368652
269.0,5.0,5.0,0.14681315422058105
518.0,11.0,11.0,0.28562068939208984
306.0,9.0,9.0,0.17405176162719727
608.0,8.0,8.0,0.3416097164154053
296.0,4.0,4.0,0.16300368309020996
471.0,11.0,11.0,0.2562408447265625
322.0,12.0,12.0,0.19799447059631348
870.0,10.0,10.0,0.4941685199737549
797.0,11.0,11.0,0.44280195236206055
526.0,4.0,4.0,0.2910771369934082
643.0,7.0,7.0,0.35464930534362793
591.0,7.0,7.0,0.36599016189575195
113.0,8.0,8.0,0.07827091217041016
215.0,13.0,13.0,0.15422916412353516
57.0,1.0,1.0,0.03883194923400879
306.0,4.0,4.0,0.19471120834350586
43.0,0.0,0.0,0.022368669509887695
1190.0,13.0,13.0,0.773810625076294
425.0,4.0,4.0,0.231003999710083
725.0,4.0,4.0,0.4542715549468994
397.0,14.0,14.0,0.22575736045837402
694.0,10.0,10.0,0.41634678840637207
173.0,4.0,4.0,0.09359502792358398
382.0,9.0,9.0,0.2109527587890625
105.0,0.0,0.0,0.0616452693939209
156.0,3.0,3.0,0.12398386001586914
269.0,9.0,9.0,0.14265966415405273
92.0,5.0,5.0,0.051995038986206055
637.0,2.0,2.0,0.3503568172454834
241.0,5.0,5.0,0.1329643726348877
780.0,14.0,14.0,0.43230295181274414
38.0,0.0,0.0,0.02096414566040039
85.0,0.0,0.0,0.04767727851867676
165.0,3.0,3.0,0.09191608428955078
246.0,5.0,5.0,0.1419696807861328
477.0,3.0,3.0,0.26741480827331543
78.0,2.0,2.0,0.04168248176574707
256.0,8.0,8.0,0.13958001136779785
260.0,4.0,4.0,0.14299321174621582
290.0,5.0,5.0,0.16175508499145508
285.0,1.0,1.0,0.1560354232788086
114.0,5.0,5.0,0.0610044002532959
325.0,9.0,9.0,0.17864584922790527
191.0,5.0,5.0,0.10435366630554199
306.0,8.0,8.0,0.16761469841003418
157.0,3.0,3.0,0.08662843704223633
197.0,5.0,5.0,0.10834240913391113
194.0,3.0,3.0,0.10698962211608887
535.0,2.0,2.0,0.2929878234863281
193.0,5.0,5.0,0.10533905029296875
170.0,4.0,4.0,0.11216402053833008
322.0,5.0,5.0,0.18006134033203125
203.0,1.0,1.0,0.11151432991027832
130.0,3.0,3.0,0.07649850845336914
1433.0,15.0,15.0,0.7857697010040283
175.0,9.0,9.0,0.09667301177978516
95.0,6.0,6.0,0.05196642875671387
62.0,0.0,0.0,0.03362011909484863
1624.0,23.0,23.0,0.9261977672576904
99.0,8.0,8.0,0.05569314956665039
207.0,4.0,4.0,0.11496973037719727
141.0,0.0,0.0,0.07641124725341797
640.0,21.0,21.0,0.3556497097015381
80.0,9.0,9.0,0.04419064521789551
1349.0,13.0,13.0,0.7473118305206299
107.0,1.0,1.0,0.060445308685302734
263.0,4.0,4.0,0.14307284355163574
118.0,7.0,7.0,0.06619119644165039
129.0,4.0,4.0,0.07275772094726562
106.0,4.0,4.0,0.05893349647521973
97.0,3.0,3.0,0.051291465759277344
467.0,10.0,10.0,0.2838597297668457
264.0,2.0,2.0,0.14954447746276855
669.0,11.0,11.0,0.3719315528869629
130.0,6.0,6.0,0.07541060447692871
47.0,0.0,0.0,0.025619983673095703
366.0,6.0,6.0,0.19923186302185059
350.0,6.0,6.0,0.19669294357299805
337.0,8.0,8.0,0.18881964683532715
107.0,1.0,1.0,0.058580636978149414
161.0,3.0,3.0,0.09014272689819336
299.0,14.0,14.0,0.16482019424438477
70.0,10.0,10.0,0.037999629974365234
333.0,18.0,18.0,0.18320274353027344
115.0,2.0,2.0,0.0634465217590332
48.0,4.0,4.0,0.026998519897460938
498.0,8.0,8.0,0.30626988410949707
436.0,9.0,9.0,0.242811918258667
249.0,17.0,17.0,0.13639211654663086
356.0,6.0,6.0,0.1990818977355957
205.0,10.0,10.0,0.11351919174194336
234.0,8.0,8.0,0.1293954849243164
388.0,12.0,12.0,0.21733427047729492
1156.0,16.0,16.0,0.6448755264282227
163.0,5.0,5.0,0.09429192543029785
386.0,15.0,15.0,0.23541688919067383
276.0,3.0,3.0,0.17475223541259766
78.0,3.0,3.0,0.04854607582092285
348.0,5.0,5.0,0.23293256759643555
404.0,7.0,7.0,0.28776121139526367
324.0,10.0,10.0,0.18400168418884277
1256.0,31.0,31.0,0.7522037029266357
359.0,6.0,6.0,0.21024131774902344
415.0,4.0,4.0,0.25272154808044434
603.0,15.0,15.0,0.38338661193847656
350.0,5.0,5.0,0.18912935256958008
897.0,6.0,6.0,0.5001652240753174
352.0,2.0,2.0,0.19156527519226074
186.0,0.0,0.0,0.103668212890625
