Timesteps,Collisions,Steps Waited,Real-Time Elapsed
66.0,11.0,11.0,0.07189679145812988
62.0,32.0,32.0,0.05155181884765625
65.0,18.0,18.0,0.0510561466217041
23.0,10.0,10.0,0.025328874588012695
26.0,6.0,6.0,0.03438401222229004
33.0,19.0,19.0,0.0404508113861084
99.0,26.0,26.0,0.1111447811126709
122.0,23.0,23.0,0.16119980812072754
102.0,28.0,28.0,0.10591244697570801
45.0,19.0,19.0,0.042038679122924805
107.0,36.0,36.0,0.10958385467529297
52.0,17.0,17.0,0.05780315399169922
25.0,11.0,11.0,0.023685216903686523
17.0,6.0,6.0,0.014226198196411133
22.0,9.0,9.0,0.01769733428955078
46.0,24.0,24.0,0.060112714767456055
51.0,18.0,18.0,0.0556488037109375
58.0,35.0,35.0,0.05231976509094238
41.0,12.0,12.0,0.03794360160827637
80.0,36.0,36.0,0.06866621971130371
54.0,28.0,28.0,0.04233407974243164
27.0,10.0,10.0,0.027187585830688477
35.0,9.0,9.0,0.027405500411987305
50.0,16.0,16.0,0.04317045211791992
88.0,37.0,37.0,0.07055163383483887
63.0,21.0,21.0,0.047885894775390625
48.0,16.0,16.0,0.04855489730834961
40.0,12.0,12.0,0.04279685020446777
42.0,10.0,10.0,0.03668618202209473
72.0,20.0,20.0,0.06170463562011719
70.0,22.0,22.0,0.06452798843383789
39.0,18.0,18.0,0.03274106979370117
43.0,12.0,12.0,0.04042792320251465
24.0,8.0,8.0,0.021666526794433594
58.0,19.0,19.0,0.05098772048950195
137.0,33.0,33.0,0.12321591377258301
43.0,16.0,16.0,0.037102699279785156
77.0,31.0,31.0,0.06917357444763184
14.0,3.0,3.0,0.014889001846313477
26.0,13.0,13.0,0.01897573471069336
49.0,15.0,15.0,0.04378390312194824
31.0,13.0,13.0,0.030027389526367188
33.0,18.0,18.0,0.026345491409301758
34.0,16.0,16.0,0.028811931610107422
81.0,32.0,32.0,0.07132768630981445
138.0,42.0,42.0,0.13699817657470703
73.0,25.0,25.0,0.06267023086547852
46.0,22.0,22.0,0.039587974548339844
54.0,15.0,15.0,0.039710283279418945
45.0,18.0,18.0,0.03252291679382324
27.0,16.0,16.0,0.023604631423950195
134.0,41.0,41.0,0.1064903736114502
40.0,8.0,8.0,0.032219886779785156
47.0,22.0,22.0,0.030452966690063477
44.0,19.0,19.0,0.03430938720703125
48.0,22.0,22.0,0.03887677192687988
54.0,23.0,23.0,0.03783392906188965
61.0,12.0,12.0,0.04879450798034668
57.0,22.0,22.0,0.05368375778198242
65.0,19.0,19.0,0.060341835021972656
108.0,32.0,32.0,0.0998988151550293
55.0,20.0,20.0,0.05332040786743164
74.0,19.0,19.0,0.06948733329772949
50.0,15.0,15.0,0.03707146644592285
65.0,20.0,20.0,0.05414772033691406
46.0,12.0,12.0,0.03609132766723633
43.0,17.0,17.0,0.03681159019470215
31.0,12.0,12.0,0.029907941818237305
68.0,30.0,30.0,0.06122708320617676
37.0,17.0,17.0,0.031647443771362305
47.0,27.0,27.0,0.04229426383972168
40.0,10.0,10.0,0.03230643272399902
115.0,28.0,28.0,0.09717369079589844
72.0,27.0,27.0,0.0632166862487793
169.0,55.0,55.0,0.13830184936523438
109.0,35.0,35.0,0.08571147918701172
15.0,2.0,2.0,0.011971712112426758
210.0,41.0,41.0,0.17807245254516602
21.0,7.0,7.0,0.01477503776550293
44.0,10.0,10.0,0.03290104866027832
51.0,8.0,8.0,0.04273247718811035
21.0,10.0,10.0,0.018154144287109375
81.0,22.0,22.0,0.060660600662231445
32.0,9.0,9.0,0.02593207359313965
67.0,27.0,27.0,0.06443524360656738
30.0,11.0,11.0,0.0257871150970459
48.0,16.0,16.0,0.04919862747192383
50.0,20.0,20.0,0.04766082763671875
85.0,19.0,19.0,0.07008600234985352
51.0,19.0,19.0,0.04059481620788574
34.0,20.0,20.0,0.024885892868041992
53.0,9.0,9.0,0.03613471984863281
40.0,18.0,18.0,0.025930166244506836
37.0,9.0,9.0,0.02510857582092285
28.0,13.0,13.0,0.019521236419677734
32.0,14.0,14.0,0.02790379524230957
26.0,14.0,14.0,0.024469614028930664
31.0,15.0,15.0,0.02203655242919922
96.0,22.0,22.0,0.0672450065612793
20.0,9.0,9.0,0.013034820556640625
48.0,23.0,23.0,0.03809165954589844
23.0,9.0,9.0,0.01507115364074707
30.0,9.0,9.0,0.02411055564880371
25.0,10.0,10.0,0.022455215454101562
30.0,8.0,8.0,0.024508237838745117
39.0,24.0,24.0,0.033026933670043945
60.0,18.0,18.0,0.048429012298583984
77.0,23.0,23.0,0.06893754005432129
36.0,17.0,17.0,0.038700103759765625
22.0,11.0,11.0,0.019391298294067383
34.0,23.0,23.0,0.027701377868652344
73.0,32.0,32.0,0.06407856941223145
27.0,11.0,11.0,0.018909454345703125
57.0,21.0,21.0,0.04688382148742676
19.0,8.0,8.0,0.014710664749145508
104.0,24.0,24.0,0.08138585090637207
87.0,31.0,31.0,0.078094482421875
94.0,22.0,22.0,0.08858966827392578
55.0,21.0,21.0,0.052899837493896484
30.0,13.0,13.0,0.02601146697998047
53.0,16.0,16.0,0.06001639366149902
36.0,11.0,11.0,0.03538656234741211
101.0,42.0,42.0,0.09369540214538574
31.0,5.0,5.0,0.024802684783935547
41.0,15.0,15.0,0.03327345848083496
50.0,26.0,26.0,0.04376697540283203
33.0,9.0,9.0,0.023253202438354492
126.0,42.0,42.0,0.09996843338012695
69.0,18.0,18.0,0.056902408599853516
50.0,19.0,19.0,0.042055606842041016
71.0,22.0,22.0,0.05173802375793457
25.0,9.0,9.0,0.024748802185058594
39.0,10.0,10.0,0.04101824760437012
37.0,16.0,16.0,0.06360554695129395
61.0,14.0,14.0,0.11935687065124512
15.0,4.0,4.0,0.02743387222290039
42.0,10.0,10.0,0.05041980743408203
149.0,33.0,33.0,0.20697236061096191
40.0,18.0,18.0,0.061806678771972656
19.0,8.0,8.0,0.0323944091796875
95.0,32.0,32.0,0.13116955757141113
31.0,18.0,18.0,0.04775524139404297
67.0,28.0,28.0,0.07306027412414551
107.0,48.0,48.0,0.10344362258911133
28.0,14.0,14.0,0.03229188919067383
26.0,16.0,16.0,0.041710615158081055
32.0,10.0,10.0,0.04818391799926758
76.0,42.0,42.0,0.11702990531921387
37.0,12.0,12.0,0.051703691482543945
15.0,3.0,3.0,0.02107691764831543
57.0,34.0,34.0,0.07956647872924805
59.0,35.0,35.0,0.0879518985748291
45.0,8.0,8.0,0.06584477424621582
101.0,24.0,24.0,0.15206694602966309
24.0,13.0,13.0,0.03618812561035156
25.0,14.0,14.0,0.028178930282592773
60.0,15.0,15.0,0.054291725158691406
53.0,17.0,17.0,0.05001974105834961
37.0,13.0,13.0,0.032178401947021484
62.0,32.0,32.0,0.06572794914245605
74.0,21.0,21.0,0.0843508243560791
33.0,11.0,11.0,0.03756093978881836
82.0,29.0,29.0,0.0758812427520752
27.0,12.0,12.0,0.025909423828125
94.0,33.0,33.0,0.10476183891296387
50.0,23.0,23.0,0.05757761001586914
20.0,7.0,7.0,0.027943849563598633
130.0,25.0,25.0,0.14972805976867676
53.0,17.0,17.0,0.05385875701904297
48.0,12.0,12.0,0.05769944190979004
150.0,55.0,55.0,0.12746596336364746
54.0,10.0,10.0,0.04051661491394043
28.0,8.0,8.0,0.02437114715576172
24.0,9.0,9.0,0.018585205078125
102.0,18.0,18.0,0.0819544792175293
34.0,12.0,12.0,0.027739524841308594
86.0,26.0,26.0,0.07103705406188965
32.0,13.0,13.0,0.02654886245727539
80.0,33.0,33.0,0.06698322296142578
147.0,49.0,49.0,0.12654995918273926
79.0,22.0,22.0,0.04977536201477051
41.0,24.0,24.0,0.038324832916259766
23.0,11.0,11.0,0.015279769897460938
28.0,10.0,10.0,0.02146434783935547
72.0,20.0,20.0,0.07181739807128906
190.0,64.0,64.0,0.1434488296508789
19.0,8.0,8.0,0.024945974349975586
41.0,10.0,10.0,0.036180973052978516
49.0,22.0,22.0,0.043285369873046875
69.0,25.0,25.0,0.050261735916137695
45.0,17.0,17.0,0.04236102104187012
103.0,37.0,37.0,0.09253072738647461
46.0,5.0,5.0,0.04131913185119629
27.0,10.0,10.0,0.025626420974731445
45.0,19.0,19.0,0.03362846374511719
156.0,44.0,44.0,0.13511085510253906
18.0,7.0,7.0,0.017928600311279297
33.0,17.0,17.0,0.032064199447631836
91.0,37.0,37.0,0.06934547424316406
58.0,17.0,17.0,0.045361995697021484
83.0,15.0,15.0,0.07106590270996094
18.0,6.0,6.0,0.0164034366607666
21.0,8.0,8.0,0.01577615737915039
19.0,8.0,8.0,0.018849611282348633
70.0,28.0,28.0,0.06230354309082031
20.0,8.0,8.0,0.017351150512695312
46.0,16.0,16.0,0.04646468162536621
39.0,20.0,20.0,0.04085731506347656
61.0,17.0,17.0,0.07317590713500977
54.0,17.0,17.0,0.04947686195373535
96.0,19.0,19.0,0.08583712577819824
48.0,10.0,10.0,0.03761863708496094
31.0,16.0,16.0,0.02486276626586914
101.0,37.0,37.0,0.07767152786254883
97.0,30.0,30.0,0.08366727828979492
23.0,6.0,6.0,0.023944854736328125
49.0,14.0,14.0,0.04052448272705078
81.0,30.0,30.0,0.0590665340423584
39.0,6.0,6.0,0.02943253517150879
44.0,21.0,21.0,0.03595399856567383
52.0,14.0,14.0,0.045797109603881836
121.0,36.0,36.0,0.11835980415344238
58.0,20.0,20.0,0.05050063133239746
112.0,36.0,36.0,0.09452438354492188
53.0,25.0,25.0,0.04555559158325195
30.0,14.0,14.0,0.02464914321899414
87.0,28.0,28.0,0.06588244438171387
73.0,25.0,25.0,0.05413389205932617
38.0,18.0,18.0,0.03616666793823242
46.0,26.0,26.0,0.04218029975891113
192.0,53.0,53.0,0.16084671020507812
116.0,34.0,34.0,0.09990406036376953
77.0,29.0,29.0,0.06186532974243164
119.0,43.0,43.0,0.10230040550231934
46.0,29.0,29.0,0.03972911834716797
51.0,25.0,25.0,0.03979158401489258
71.0,22.0,22.0,0.06395697593688965
167.0,55.0,55.0,0.15913629531860352
33.0,4.0,4.0,0.03121781349182129
26.0,11.0,11.0,0.02297663688659668
89.0,30.0,30.0,0.07926774024963379
115.0,25.0,25.0,0.11301207542419434
41.0,20.0,20.0,0.04679369926452637
47.0,13.0,13.0,0.05453658103942871
72.0,26.0,26.0,0.06723833084106445
15.0,4.0,4.0,0.017921924591064453
85.0,25.0,25.0,0.07553720474243164
38.0,14.0,14.0,0.03480815887451172
45.0,15.0,15.0,0.035927534103393555
28.0,7.0,7.0,0.019810914993286133
92.0,30.0,30.0,0.08170318603515625
53.0,12.0,12.0,0.04990243911743164
42.0,16.0,16.0,0.035771846771240234
19.0,8.0,8.0,0.014518022537231445
29.0,12.0,12.0,0.023065567016601562
22.0,10.0,10.0,0.01850414276123047
21.0,9.0,9.0,0.018416166305541992
41.0,15.0,15.0,0.03218340873718262
38.0,9.0,9.0,0.03473806381225586
36.0,14.0,14.0,0.029294729232788086
55.0,14.0,14.0,0.0534970760345459
37.0,12.0,12.0,0.03431987762451172
17.0,5.0,5.0,0.01264047622680664
200.0,53.0,53.0,0.1858968734741211
44.0,16.0,16.0,0.04051661491394043
86.0,22.0,22.0,0.08533453941345215
43.0,14.0,14.0,0.04493069648742676
52.0,25.0,25.0,0.04621458053588867
39.0,20.0,20.0,0.03916144371032715
61.0,19.0,19.0,0.05081677436828613
43.0,15.0,15.0,0.035640716552734375
58.0,22.0,22.0,0.05118823051452637
59.0,23.0,23.0,0.06030559539794922
59.0,18.0,18.0,0.05820631980895996
23.0,9.0,9.0,0.02129650115966797
41.0,24.0,24.0,0.03597211837768555
31.0,10.0,10.0,0.029429197311401367
51.0,14.0,14.0,0.05594062805175781
36.0,14.0,14.0,0.03731393814086914
46.0,24.0,24.0,0.047751426696777344
23.0,11.0,11.0,0.01729440689086914
106.0,19.0,19.0,0.0963125228881836
25.0,8.0,8.0,0.02031087875366211
27.0,12.0,12.0,0.02332592010498047
52.0,24.0,24.0,0.04272150993347168
46.0,11.0,11.0,0.03471946716308594
26.0,10.0,10.0,0.016425371170043945
49.0,19.0,19.0,0.04086160659790039
51.0,13.0,13.0,0.043756723403930664
142.0,40.0,40.0,0.14347052574157715
83.0,28.0,28.0,0.07948946952819824
32.0,8.0,8.0,0.03298377990722656
38.0,14.0,14.0,0.03943824768066406
22.0,11.0,11.0,0.021842479705810547
77.0,18.0,18.0,0.10245180130004883
64.0,15.0,15.0,0.06883621215820312
42.0,19.0,19.0,0.057920217514038086
34.0,8.0,8.0,0.051178932189941406
24.0,12.0,12.0,0.028360605239868164
24.0,10.0,10.0,0.03249692916870117
152.0,36.0,36.0,0.1853806972503662
52.0,20.0,20.0,0.05233120918273926
18.0,6.0,6.0,0.016860246658325195
55.0,21.0,21.0,0.05640769004821777
17.0,6.0,6.0,0.013334512710571289
49.0,20.0,20.0,0.04399919509887695
39.0,7.0,7.0,0.036570072174072266
39.0,12.0,12.0,0.033245086669921875
78.0,40.0,40.0,0.0810549259185791
37.0,12.0,12.0,0.04446530342102051
79.0,34.0,34.0,0.07668042182922363
38.0,12.0,12.0,0.03988170623779297
24.0,10.0,10.0,0.023494720458984375
103.0,22.0,22.0,0.11258983612060547
105.0,29.0,29.0,0.11054658889770508
34.0,15.0,15.0,0.03722548484802246
40.0,19.0,19.0,0.043207645416259766
20.0,8.0,8.0,0.021228313446044922
45.0,18.0,18.0,0.05101895332336426
41.0,16.0,16.0,0.03420209884643555
20.0,4.0,4.0,0.025002717971801758
33.0,14.0,14.0,0.03943014144897461
33.0,15.0,15.0,0.03806328773498535
23.0,10.0,10.0,0.02164745330810547
37.0,22.0,22.0,0.04373455047607422
115.0,34.0,34.0,0.10104155540466309
39.0,12.0,12.0,0.04210305213928223
23.0,4.0,4.0,0.024416685104370117
51.0,24.0,24.0,0.054593801498413086
54.0,23.0,23.0,0.057442426681518555
34.0,11.0,11.0,0.03995800018310547
109.0,30.0,30.0,0.11498188972473145
52.0,14.0,14.0,0.05613303184509277
33.0,13.0,13.0,0.03842973709106445
101.0,27.0,27.0,0.09117412567138672
57.0,21.0,21.0,0.047678470611572266
81.0,23.0,23.0,0.06916189193725586
95.0,23.0,23.0,0.09786653518676758
32.0,16.0,16.0,0.03183245658874512
64.0,19.0,19.0,0.05135059356689453
98.0,32.0,32.0,0.0925133228302002
44.0,12.0,12.0,0.04284477233886719
26.0,7.0,7.0,0.02880549430847168
52.0,20.0,20.0,0.04436159133911133
38.0,12.0,12.0,0.02788853645324707
49.0,25.0,25.0,0.041853904724121094
131.0,31.0,31.0,0.1280515193939209
44.0,12.0,12.0,0.05047607421875
33.0,15.0,15.0,0.03405928611755371
32.0,11.0,11.0,0.028250932693481445
93.0,25.0,25.0,0.09405827522277832
82.0,19.0,19.0,0.0862278938293457
57.0,17.0,17.0,0.05690646171569824
126.0,35.0,35.0,0.10962200164794922
175.0,54.0,54.0,0.15900659561157227
24.0,8.0,8.0,0.020544767379760742
30.0,12.0,12.0,0.02363300323486328
41.0,15.0,15.0,0.030530214309692383
52.0,26.0,26.0,0.044112443923950195
37.0,10.0,10.0,0.031013965606689453
53.0,21.0,21.0,0.05279421806335449
29.0,11.0,11.0,0.022896766662597656
32.0,9.0,9.0,0.025658845901489258
48.0,23.0,23.0,0.03338217735290527
21.0,8.0,8.0,0.0157470703125
60.0,22.0,22.0,0.04613614082336426
38.0,11.0,11.0,0.03374171257019043
198.0,66.0,66.0,0.19929194450378418
20.0,8.0,8.0,0.016336917877197266
158.0,46.0,46.0,0.1355762481689453
20.0,6.0,6.0,0.013289213180541992
42.0,13.0,13.0,0.036163330078125
110.0,20.0,20.0,0.08641862869262695
14.0,2.0,2.0,0.015046358108520508
19.0,7.0,7.0,0.022918224334716797
24.0,9.0,9.0,0.02272176742553711
36.0,9.0,9.0,0.029094934463500977
14.0,4.0,4.0,0.012676239013671875
88.0,25.0,25.0,0.07973098754882812
22.0,10.0,10.0,0.02174997329711914
144.0,38.0,38.0,0.13018250465393066
33.0,9.0,9.0,0.029946565628051758
56.0,16.0,16.0,0.050431013107299805
63.0,18.0,18.0,0.06449556350708008
26.0,14.0,14.0,0.029200077056884766
100.0,32.0,32.0,0.08287334442138672
35.0,14.0,14.0,0.025371789932250977
53.0,21.0,21.0,0.04012250900268555
53.0,21.0,21.0,0.05855751037597656
30.0,8.0,8.0,0.026978492736816406
71.0,12.0,12.0,0.058151960372924805
25.0,8.0,8.0,0.02007889747619629
97.0,48.0,48.0,0.09302258491516113
29.0,9.0,9.0,0.026241064071655273
36.0,7.0,7.0,0.03246045112609863
59.0,18.0,18.0,0.048609018325805664
19.0,8.0,8.0,0.015609025955200195
26.0,12.0,12.0,0.021751880645751953
139.0,56.0,56.0,0.13830924034118652
102.0,37.0,37.0,0.10704493522644043
87.0,44.0,44.0,0.09322071075439453
36.0,16.0,16.0,0.035865068435668945
70.0,25.0,25.0,0.0638284683227539
42.0,17.0,17.0,0.037459373474121094
19.0,5.0,5.0,0.01898336410522461
35.0,10.0,10.0,0.03646969795227051
83.0,22.0,22.0,0.0998687744140625
37.0,7.0,7.0,0.03831887245178223
48.0,16.0,16.0,0.041348934173583984
35.0,21.0,21.0,0.03167152404785156
70.0,16.0,16.0,0.08171606063842773
42.0,10.0,10.0,0.04753756523132324
39.0,10.0,10.0,0.0376431941986084
19.0,5.0,5.0,0.022302865982055664
74.0,21.0,21.0,0.08320164680480957
93.0,24.0,24.0,0.09754633903503418
50.0,7.0,7.0,0.035317420959472656
180.0,52.0,52.0,0.2035384178161621
35.0,23.0,23.0,0.03324174880981445
23.0,12.0,12.0,0.021442651748657227
76.0,20.0,20.0,0.07140636444091797
43.0,14.0,14.0,0.04167509078979492
68.0,26.0,26.0,0.06294631958007812
26.0,14.0,14.0,0.027515172958374023
44.0,14.0,14.0,0.03845500946044922
36.0,15.0,15.0,0.031676292419433594
41.0,11.0,11.0,0.04185342788696289
54.0,25.0,25.0,0.059101104736328125
44.0,17.0,17.0,0.05164146423339844
81.0,42.0,42.0,0.08558416366577148
82.0,28.0,28.0,0.08072733879089355
17.0,5.0,5.0,0.019661664962768555
25.0,5.0,5.0,0.02176833152770996
27.0,15.0,15.0,0.030219316482543945
72.0,30.0,30.0,0.06429839134216309
14.0,3.0,3.0,0.009116888046264648
81.0,30.0,30.0,0.06701993942260742
28.0,13.0,13.0,0.025230884552001953
31.0,12.0,12.0,0.022619962692260742
40.0,22.0,22.0,0.037558555603027344
69.0,21.0,21.0,0.05427050590515137
53.0,21.0,21.0,0.045578956604003906
232.0,65.0,65.0,0.2091231346130371
18.0,6.0,6.0,0.01471710205078125
32.0,9.0,9.0,0.032018423080444336
17.0,4.0,4.0,0.021562814712524414
56.0,18.0,18.0,0.05342578887939453
38.0,16.0,16.0,0.03411293029785156
20.0,7.0,7.0,0.0189516544342041
41.0,25.0,25.0,0.04242348670959473
67.0,12.0,12.0,0.0719149112701416
25.0,9.0,9.0,0.025871992111206055
65.0,25.0,25.0,0.07017326354980469
69.0,19.0,19.0,0.08254647254943848
67.0,19.0,19.0,0.0508732795715332
64.0,19.0,19.0,0.05130267143249512
56.0,18.0,18.0,0.06383085250854492
34.0,13.0,13.0,0.027807235717773438
29.0,10.0,10.0,0.033568620681762695
54.0,22.0,22.0,0.05391573905944824
28.0,15.0,15.0,0.0332951545715332
27.0,16.0,16.0,0.03365635871887207
95.0,31.0,31.0,0.0840146541595459
56.0,16.0,16.0,0.0462498664855957
82.0,30.0,30.0,0.09228181838989258
83.0,29.0,29.0,0.08571243286132812
33.0,8.0,8.0,0.02937006950378418
38.0,12.0,12.0,0.029473543167114258
41.0,17.0,17.0,0.03204751014709473
27.0,16.0,16.0,0.021191120147705078
66.0,21.0,21.0,0.06244373321533203
37.0,18.0,18.0,0.036286354064941406
58.0,28.0,28.0,0.05263352394104004
63.0,23.0,23.0,0.06552743911743164
23.0,11.0,11.0,0.021984577178955078
41.0,15.0,15.0,0.0411984920501709
32.0,22.0,22.0,0.03381514549255371
18.0,6.0,6.0,0.021704912185668945
62.0,13.0,13.0,0.07034420967102051
28.0,13.0,13.0,0.027650117874145508
68.0,18.0,18.0,0.0683751106262207
63.0,26.0,26.0,0.059275150299072266
20.0,8.0,8.0,0.0249330997467041
69.0,21.0,21.0,0.14360857009887695
30.0,11.0,11.0,0.031075716018676758
18.0,3.0,3.0,0.02384185791015625
19.0,7.0,7.0,0.025797128677368164
29.0,8.0,8.0,0.03326988220214844
49.0,13.0,13.0,0.06357574462890625
22.0,5.0,5.0,0.029294967651367188
21.0,11.0,11.0,0.02523207664489746
24.0,11.0,11.0,0.027121305465698242
41.0,13.0,13.0,0.04063701629638672
31.0,11.0,11.0,0.031224727630615234
32.0,11.0,11.0,0.03915214538574219
100.0,31.0,31.0,0.10179352760314941
45.0,15.0,15.0,0.04302334785461426
40.0,12.0,12.0,0.04383039474487305
62.0,31.0,31.0,0.06367158889770508
20.0,9.0,9.0,0.021785259246826172
21.0,5.0,5.0,0.028758525848388672
24.0,7.0,7.0,0.02491474151611328
104.0,45.0,45.0,0.09702515602111816
84.0,30.0,30.0,0.06453299522399902
24.0,12.0,12.0,0.026502132415771484
143.0,33.0,33.0,0.12210202217102051
37.0,14.0,14.0,0.03446459770202637
86.0,27.0,27.0,0.08713293075561523
91.0,30.0,30.0,0.09788155555725098
19.0,8.0,8.0,0.01348257064819336
43.0,15.0,15.0,0.04188036918640137
27.0,9.0,9.0,0.023328542709350586
43.0,11.0,11.0,0.03436779975891113
34.0,14.0,14.0,0.030223846435546875
42.0,16.0,16.0,0.03664684295654297
48.0,30.0,30.0,0.04524540901184082
21.0,9.0,9.0,0.018224716186523438
44.0,6.0,6.0,0.04861593246459961
54.0,15.0,15.0,0.04869532585144043
47.0,29.0,29.0,0.04568004608154297
104.0,31.0,31.0,0.1114511489868164
110.0,34.0,34.0,0.1206963062286377
71.0,20.0,20.0,0.07647109031677246
91.0,28.0,28.0,0.09203720092773438
54.0,14.0,14.0,0.050508737564086914
32.0,14.0,14.0,0.03038334846496582
53.0,16.0,16.0,0.05022788047790527
57.0,23.0,23.0,0.060701847076416016
24.0,9.0,9.0,0.02940988540649414
42.0,18.0,18.0,0.05282711982727051
36.0,13.0,13.0,0.03883814811706543
51.0,26.0,26.0,0.05136895179748535
40.0,15.0,15.0,0.04521036148071289
27.0,7.0,7.0,0.035599470138549805
51.0,12.0,12.0,0.05646848678588867
92.0,22.0,22.0,0.09092354774475098
58.0,15.0,15.0,0.0732412338256836
81.0,28.0,28.0,0.09490776062011719
22.0,7.0,7.0,0.025481700897216797
142.0,39.0,39.0,0.12985920906066895
81.0,23.0,23.0,0.07992196083068848
80.0,25.0,25.0,0.07117938995361328
23.0,7.0,7.0,0.020871877670288086
128.0,21.0,21.0,0.1216878890991211
89.0,25.0,25.0,0.0686333179473877
84.0,20.0,20.0,0.06387543678283691
30.0,12.0,12.0,0.02370929718017578
27.0,12.0,12.0,0.02080535888671875
32.0,3.0,3.0,0.023457050323486328
41.0,18.0,18.0,0.0306394100189209
52.0,26.0,26.0,0.03774118423461914
62.0,19.0,19.0,0.0473027229309082
53.0,12.0,12.0,0.04820394515991211
145.0,44.0,44.0,0.11187148094177246
47.0,9.0,9.0,0.03682994842529297
48.0,17.0,17.0,0.0382847785949707
30.0,11.0,11.0,0.02628922462463379
45.0,30.0,30.0,0.03719639778137207
153.0,42.0,42.0,0.12433552742004395
26.0,12.0,12.0,0.020357131958007812
37.0,13.0,13.0,0.02818894386291504
50.0,22.0,22.0,0.03282427787780762
70.0,28.0,28.0,0.05098152160644531
32.0,10.0,10.0,0.02390146255493164
18.0,6.0,6.0,0.013996124267578125
45.0,20.0,20.0,0.031594276428222656
40.0,21.0,21.0,0.036568641662597656
79.0,27.0,27.0,0.06779289245605469
117.0,29.0,29.0,0.09195852279663086
108.0,20.0,20.0,0.07710742950439453
66.0,29.0,29.0,0.05023050308227539
36.0,11.0,11.0,0.026171207427978516
61.0,24.0,24.0,0.04733467102050781
38.0,15.0,15.0,0.02655315399169922
62.0,21.0,21.0,0.042388916015625
23.0,10.0,10.0,0.018330812454223633
37.0,11.0,11.0,0.03172779083251953
74.0,28.0,28.0,0.07525157928466797
23.0,11.0,11.0,0.023212909698486328
23.0,12.0,12.0,0.030536651611328125
42.0,16.0,16.0,0.04434609413146973
42.0,19.0,19.0,0.04006552696228027
153.0,43.0,43.0,0.13869547843933105
79.0,17.0,17.0,0.06240677833557129
98.0,33.0,33.0,0.0729970932006836
25.0,7.0,7.0,0.01789379119873047
74.0,22.0,22.0,0.06399917602539062
68.0,26.0,26.0,0.05290579795837402
90.0,16.0,16.0,0.07768988609313965
67.0,19.0,19.0,0.049199819564819336
84.0,28.0,28.0,0.06409525871276855
22.0,8.0,8.0,0.0216214656829834
49.0,24.0,24.0,0.042650461196899414
116.0,53.0,53.0,0.10303831100463867
66.0,28.0,28.0,0.05283641815185547
94.0,28.0,28.0,0.08732271194458008
31.0,12.0,12.0,0.036124229431152344
19.0,6.0,6.0,0.014633893966674805
47.0,13.0,13.0,0.041765689849853516
16.0,3.0,3.0,0.012672662734985352
36.0,19.0,19.0,0.03365325927734375
21.0,6.0,6.0,0.02285456657409668
50.0,19.0,19.0,0.05226731300354004
22.0,6.0,6.0,0.0216062068939209
35.0,19.0,19.0,0.03436088562011719
28.0,11.0,11.0,0.028968334197998047
19.0,8.0,8.0,0.01912856101989746
57.0,9.0,9.0,0.04466128349304199
35.0,14.0,14.0,0.0276339054107666
37.0,10.0,10.0,0.03476285934448242
20.0,5.0,5.0,0.02279949188232422
76.0,14.0,14.0,0.07177472114562988
25.0,9.0,9.0,0.023642539978027344
17.0,4.0,4.0,0.011129617691040039
23.0,6.0,6.0,0.02451920509338379
68.0,26.0,26.0,0.06326007843017578
28.0,15.0,15.0,0.023733139038085938
48.0,28.0,28.0,0.042519330978393555
101.0,20.0,20.0,0.09678173065185547
18.0,8.0,8.0,0.02372574806213379
35.0,10.0,10.0,0.029909133911132812
54.0,19.0,19.0,0.056593894958496094
70.0,12.0,12.0,0.0678250789642334
70.0,26.0,26.0,0.07310724258422852
96.0,29.0,29.0,0.10556292533874512
21.0,7.0,7.0,0.02005481719970703
53.0,15.0,15.0,0.05001068115234375
31.0,12.0,12.0,0.03249216079711914
45.0,22.0,22.0,0.049386024475097656
59.0,14.0,14.0,0.05835700035095215
40.0,1.0,1.0,0.03504490852355957
33.0,16.0,16.0,0.029798030853271484
54.0,25.0,25.0,0.06173825263977051
107.0,33.0,33.0,0.10700845718383789
37.0,15.0,15.0,0.03824019432067871
20.0,4.0,4.0,0.018517017364501953
18.0,6.0,6.0,0.022266626358032227
29.0,8.0,8.0,0.033885955810546875
25.0,9.0,9.0,0.028012752532958984
28.0,17.0,17.0,0.03204512596130371
25.0,13.0,13.0,0.028033733367919922
41.0,15.0,15.0,0.055179595947265625
58.0,23.0,23.0,0.05126357078552246
48.0,12.0,12.0,0.04515671730041504
58.0,18.0,18.0,0.05706024169921875
86.0,29.0,29.0,0.08280682563781738
48.0,30.0,30.0,0.041532039642333984
43.0,14.0,14.0,0.036692142486572266
22.0,10.0,10.0,0.020177602767944336
67.0,22.0,22.0,0.07719850540161133
53.0,18.0,18.0,0.0474090576171875
44.0,15.0,15.0,0.041330814361572266
73.0,18.0,18.0,0.08114957809448242
21.0,8.0,8.0,0.01882457733154297
38.0,16.0,16.0,0.02977299690246582
62.0,22.0,22.0,0.04109382629394531
230.0,55.0,55.0,0.24179363250732422
25.0,13.0,13.0,0.03083205223083496
33.0,11.0,11.0,0.03226923942565918
36.0,18.0,18.0,0.03896784782409668
112.0,48.0,48.0,0.14954471588134766
189.0,73.0,73.0,0.18801212310791016
48.0,28.0,28.0,0.06093430519104004
63.0,11.0,11.0,0.05501747131347656
28.0,17.0,17.0,0.022150039672851562
66.0,27.0,27.0,0.07230544090270996
40.0,11.0,11.0,0.03674626350402832
60.0,22.0,22.0,0.05234837532043457
363.0,89.0,89.0,0.3364872932434082
42.0,18.0,18.0,0.03264307975769043
55.0,21.0,21.0,0.04229235649108887
29.0,12.0,12.0,0.02568984031677246
35.0,16.0,16.0,0.021289825439453125
98.0,37.0,37.0,0.07573556900024414
104.0,32.0,32.0,0.07705950736999512
18.0,5.0,5.0,0.017432212829589844
54.0,19.0,19.0,0.04284358024597168
58.0,32.0,32.0,0.045085906982421875
39.0,15.0,15.0,0.03180980682373047
30.0,10.0,10.0,0.02433943748474121
18.0,6.0,6.0,0.01399683952331543
83.0,28.0,28.0,0.07550263404846191
61.0,25.0,25.0,0.05299043655395508
103.0,30.0,30.0,0.08066558837890625
33.0,14.0,14.0,0.025048494338989258
68.0,15.0,15.0,0.058868408203125
29.0,7.0,7.0,0.02852630615234375
90.0,35.0,35.0,0.0862586498260498
50.0,16.0,16.0,0.04884457588195801
15.0,4.0,4.0,0.013043403625488281
33.0,10.0,10.0,0.02035808563232422
73.0,28.0,28.0,0.06359553337097168
24.0,13.0,13.0,0.01971149444580078
37.0,13.0,13.0,0.03147721290588379
29.0,6.0,6.0,0.021603107452392578
21.0,8.0,8.0,0.013875484466552734
42.0,17.0,17.0,0.03232932090759277
131.0,18.0,18.0,0.10497665405273438
19.0,7.0,7.0,0.0152587890625
16.0,2.0,2.0,0.016376018524169922
124.0,26.0,26.0,0.09955120086669922
39.0,10.0,10.0,0.027785539627075195
63.0,20.0,20.0,0.05163240432739258
41.0,14.0,14.0,0.03388237953186035
24.0,8.0,8.0,0.020169496536254883
39.0,10.0,10.0,0.029871225357055664
74.0,14.0,14.0,0.07685112953186035
31.0,10.0,10.0,0.034467458724975586
62.0,30.0,30.0,0.06111574172973633
35.0,17.0,17.0,0.04034018516540527
25.0,11.0,11.0,0.0280153751373291
51.0,19.0,19.0,0.04404330253601074
66.0,19.0,19.0,0.05297279357910156
19.0,4.0,4.0,0.012048006057739258
32.0,10.0,10.0,0.028171777725219727
46.0,16.0,16.0,0.03865361213684082
28.0,17.0,17.0,0.029434919357299805
26.0,9.0,9.0,0.022118091583251953
57.0,17.0,17.0,0.043912649154663086
51.0,26.0,26.0,0.03648710250854492
34.0,5.0,5.0,0.022042036056518555
93.0,39.0,39.0,0.07387495040893555
48.0,10.0,10.0,0.043755531311035156
22.0,11.0,11.0,0.016121625900268555
51.0,7.0,7.0,0.03438591957092285
58.0,15.0,15.0,0.050171852111816406
43.0,14.0,14.0,0.03388810157775879
19.0,7.0,7.0,0.014629602432250977
40.0,13.0,13.0,0.03626728057861328
65.0,29.0,29.0,0.05474233627319336
60.0,23.0,23.0,0.04241490364074707
204.0,53.0,53.0,0.17400097846984863
128.0,26.0,26.0,0.11154985427856445
17.0,6.0,6.0,0.016834735870361328
16.0,4.0,4.0,0.011705636978149414
79.0,30.0,30.0,0.05949687957763672
48.0,21.0,21.0,0.04514813423156738
48.0,20.0,20.0,0.03332781791687012
18.0,4.0,4.0,0.011976242065429688
19.0,6.0,6.0,0.012746334075927734
45.0,13.0,13.0,0.031676530838012695
76.0,22.0,22.0,0.05507230758666992
53.0,19.0,19.0,0.042937278747558594
48.0,20.0,20.0,0.03642535209655762
31.0,14.0,14.0,0.026954174041748047
162.0,38.0,38.0,0.13838839530944824
37.0,11.0,11.0,0.033144474029541016
41.0,25.0,25.0,0.03438258171081543
95.0,21.0,21.0,0.07796740531921387
55.0,12.0,12.0,0.04830813407897949
50.0,9.0,9.0,0.05400395393371582
56.0,14.0,14.0,0.05705428123474121
54.0,21.0,21.0,0.04711437225341797
62.0,18.0,18.0,0.07063508033752441
36.0,8.0,8.0,0.03152346611022949
118.0,33.0,33.0,0.10319328308105469
126.0,42.0,42.0,0.09427595138549805
77.0,22.0,22.0,0.06730175018310547
27.0,11.0,11.0,0.01847362518310547
48.0,15.0,15.0,0.03792738914489746
34.0,8.0,8.0,0.030060768127441406
38.0,17.0,17.0,0.029497623443603516
59.0,28.0,28.0,0.0589756965637207
60.0,28.0,28.0,0.04904747009277344
18.0,6.0,6.0,0.020815610885620117
147.0,48.0,48.0,0.14750385284423828
37.0,21.0,21.0,0.04663348197937012
72.0,26.0,26.0,0.0758047103881836
39.0,16.0,16.0,0.03178977966308594
36.0,13.0,13.0,0.03180527687072754
71.0,20.0,20.0,0.07578778266906738
18.0,6.0,6.0,0.01947021484375
23.0,10.0,10.0,0.020319223403930664
38.0,16.0,16.0,0.041727304458618164
19.0,9.0,9.0,0.020058155059814453
31.0,12.0,12.0,0.024177074432373047
33.0,13.0,13.0,0.03284406661987305
93.0,18.0,18.0,0.08176064491271973
36.0,18.0,18.0,0.029732465744018555
44.0,19.0,19.0,0.035843610763549805
42.0,20.0,20.0,0.033542633056640625
128.0,30.0,30.0,0.12449812889099121
50.0,18.0,18.0,0.04869794845581055
31.0,18.0,18.0,0.02608203887939453
30.0,7.0,7.0,0.029937028884887695
18.0,6.0,6.0,0.014029264450073242
19.0,4.0,4.0,0.014974117279052734
78.0,15.0,15.0,0.07699894905090332
26.0,9.0,9.0,0.03438401222229004
98.0,25.0,25.0,0.10763192176818848
132.0,50.0,50.0,0.11980152130126953
28.0,16.0,16.0,0.024051427841186523
29.0,9.0,9.0,0.026617765426635742
127.0,58.0,58.0,0.1053476333618164
44.0,16.0,16.0,0.03888201713562012
21.0,10.0,10.0,0.021617650985717773
41.0,9.0,9.0,0.04383516311645508
75.0,12.0,12.0,0.07243108749389648
47.0,15.0,15.0,0.04552483558654785
37.0,16.0,16.0,0.03121185302734375
22.0,8.0,8.0,0.02092909812927246
23.0,11.0,11.0,0.02089977264404297
37.0,7.0,7.0,0.031018733978271484
32.0,11.0,11.0,0.026506900787353516
36.0,20.0,20.0,0.028916120529174805
34.0,20.0,20.0,0.02585768699645996
38.0,6.0,6.0,0.028191089630126953
157.0,48.0,48.0,0.13680243492126465
29.0,13.0,13.0,0.02537226676940918
34.0,19.0,19.0,0.027601242065429688
45.0,7.0,7.0,0.03625226020812988
42.0,17.0,17.0,0.0359494686126709
92.0,30.0,30.0,0.0805666446685791
47.0,14.0,14.0,0.03932547569274902
102.0,23.0,23.0,0.09256696701049805
62.0,20.0,20.0,0.05387258529663086
72.0,26.0,26.0,0.05903911590576172
23.0,11.0,11.0,0.020343780517578125
45.0,16.0,16.0,0.030674219131469727
34.0,14.0,14.0,0.02413153648376465
33.0,12.0,12.0,0.019399642944335938
38.0,9.0,9.0,0.025269508361816406
77.0,22.0,22.0,0.06144881248474121
26.0,8.0,8.0,0.018888235092163086
48.0,23.0,23.0,0.04483771324157715
41.0,16.0,16.0,0.03422212600708008
15.0,4.0,4.0,0.01287078857421875
31.0,11.0,11.0,0.023661136627197266
69.0,26.0,26.0,0.05822324752807617
75.0,23.0,23.0,0.058714866638183594
37.0,9.0,9.0,0.029863357543945312
69.0,20.0,20.0,0.0632925033569336
22.0,10.0,10.0,0.019315242767333984
30.0,11.0,11.0,0.027803659439086914
30.0,13.0,13.0,0.0299985408782959
74.0,23.0,23.0,0.07357001304626465
33.0,11.0,11.0,0.03472161293029785
52.0,20.0,20.0,0.04608154296875
20.0,6.0,6.0,0.018109560012817383
48.0,12.0,12.0,0.03438901901245117
26.0,13.0,13.0,0.01642131805419922
62.0,23.0,23.0,0.0508730411529541
129.0,51.0,51.0,0.09205079078674316
69.0,22.0,22.0,0.05848813056945801
56.0,21.0,21.0,0.040468454360961914
88.0,17.0,17.0,0.07768392562866211
57.0,10.0,10.0,0.06438469886779785
55.0,29.0,29.0,0.04833078384399414
34.0,13.0,13.0,0.029160499572753906
46.0,17.0,17.0,0.04383277893066406
23.0,11.0,11.0,0.017809629440307617
22.0,9.0,9.0,0.01894235610961914
47.0,11.0,11.0,0.03819680213928223
44.0,9.0,9.0,0.03373003005981445
41.0,10.0,10.0,0.036031246185302734
19.0,6.0,6.0,0.012868881225585938
31.0,8.0,8.0,0.024356603622436523
17.0,6.0,6.0,0.01550912857055664
60.0,18.0,18.0,0.05170869827270508
27.0,10.0,10.0,0.025739669799804688
18.0,6.0,6.0,0.015340328216552734
41.0,15.0,15.0,0.03233003616333008
79.0,31.0,31.0,0.06941032409667969
142.0,45.0,45.0,0.13138175010681152
60.0,19.0,19.0,0.0484623908996582
72.0,27.0,27.0,0.05239129066467285
23.0,10.0,10.0,0.01904749870300293
27.0,12.0,12.0,0.02468109130859375
20.0,9.0,9.0,0.01651763916015625
38.0,8.0,8.0,0.034731149673461914
90.0,37.0,37.0,0.07588481903076172
29.0,10.0,10.0,0.02035069465637207
59.0,20.0,20.0,0.04592251777648926
48.0,19.0,19.0,0.04692721366882324
259.0,79.0,79.0,0.22628521919250488
39.0,14.0,14.0,0.03259921073913574
25.0,7.0,7.0,0.02672553062438965
24.0,11.0,11.0,0.034636497497558594
98.0,30.0,30.0,0.1159820556640625
36.0,14.0,14.0,0.0393216609954834
21.0,10.0,10.0,0.01943373680114746
49.0,27.0,27.0,0.05005240440368652
91.0,32.0,32.0,0.08826708793640137
28.0,14.0,14.0,0.029640913009643555
73.0,33.0,33.0,0.07105755805969238
26.0,13.0,13.0,0.03189659118652344
24.0,10.0,10.0,0.03057241439819336
36.0,11.0,11.0,0.04330801963806152
28.0,14.0,14.0,0.029018402099609375
70.0,26.0,26.0,0.07414484024047852
16.0,6.0,6.0,0.016328811645507812
83.0,19.0,19.0,0.0763096809387207
18.0,6.0,6.0,0.017866134643554688
45.0,16.0,16.0,0.05538344383239746
92.0,33.0,33.0,0.1187276840209961
49.0,28.0,28.0,0.06274724006652832
51.0,33.0,33.0,0.06897497177124023
23.0,4.0,4.0,0.02960801124572754
29.0,16.0,16.0,0.0285952091217041
72.0,30.0,30.0,0.06926965713500977
41.0,15.0,15.0,0.03818774223327637
27.0,8.0,8.0,0.026749849319458008
181.0,54.0,54.0,0.1721351146697998
13.0,2.0,2.0,0.010066032409667969
69.0,37.0,37.0,0.06807088851928711
19.0,8.0,8.0,0.01583123207092285
189.0,62.0,62.0,0.16471266746520996
68.0,25.0,25.0,0.06499409675598145
46.0,17.0,17.0,0.04170489311218262
35.0,12.0,12.0,0.024178504943847656
87.0,18.0,18.0,0.07794642448425293
57.0,20.0,20.0,0.04788970947265625
30.0,9.0,9.0,0.029947519302368164
83.0,27.0,27.0,0.07072997093200684
51.0,25.0,25.0,0.04257512092590332
18.0,5.0,5.0,0.012281179428100586
28.0,7.0,7.0,0.028276443481445312
37.0,10.0,10.0,0.029360532760620117
53.0,19.0,19.0,0.05618715286254883
35.0,25.0,25.0,0.042387962341308594
63.0,15.0,15.0,0.07655620574951172
63.0,21.0,21.0,0.0654139518737793
31.0,13.0,13.0,0.032164812088012695
126.0,38.0,38.0,0.10476160049438477
30.0,13.0,13.0,0.029471874237060547
20.0,8.0,8.0,0.013847112655639648
70.0,16.0,16.0,0.05247616767883301
41.0,16.0,16.0,0.03757476806640625
81.0,24.0,24.0,0.06938314437866211
125.0,30.0,30.0,0.09941864013671875
71.0,38.0,38.0,0.0750274658203125
108.0,37.0,37.0,0.11573672294616699
79.0,22.0,22.0,0.0732717514038086
93.0,28.0,28.0,0.07101273536682129
38.0,11.0,11.0,0.030147552490234375
47.0,22.0,22.0,0.04767656326293945
40.0,8.0,8.0,0.03664374351501465
67.0,28.0,28.0,0.06655502319335938
245.0,51.0,51.0,0.22815299034118652
30.0,11.0,11.0,0.03247976303100586
43.0,17.0,17.0,0.03418684005737305
22.0,11.0,11.0,0.024125337600708008
34.0,16.0,16.0,0.03159737586975098
59.0,18.0,18.0,0.05169200897216797
35.0,13.0,13.0,0.035221099853515625
16.0,5.0,5.0,0.017221927642822266
80.0,31.0,31.0,0.07607793807983398
29.0,10.0,10.0,0.02156853675842285
102.0,13.0,13.0,0.08406853675842285
86.0,27.0,27.0,0.07528567314147949
108.0,50.0,50.0,0.07941508293151855
34.0,14.0,14.0,0.023786306381225586
36.0,10.0,10.0,0.024600505828857422
70.0,12.0,12.0,0.05606341361999512
140.0,61.0,61.0,0.12051534652709961
42.0,9.0,9.0,0.03130960464477539
72.0,27.0,27.0,0.06251215934753418
15.0,3.0,3.0,0.01095128059387207
19.0,8.0,8.0,0.016167163848876953
121.0,31.0,31.0,0.0980384349822998
24.0,12.0,12.0,0.01687169075012207
171.0,61.0,61.0,0.13705825805664062
89.0,32.0,32.0,0.07849264144897461
26.0,15.0,15.0,0.02228236198425293
57.0,16.0,16.0,0.060288190841674805
20.0,9.0,9.0,0.02283763885498047
28.0,16.0,16.0,0.021312236785888672
95.0,26.0,26.0,0.092437744140625
55.0,31.0,31.0,0.05594301223754883
98.0,35.0,35.0,0.09506940841674805
45.0,18.0,18.0,0.03880143165588379
27.0,9.0,9.0,0.02843642234802246
49.0,14.0,14.0,0.036017417907714844
162.0,48.0,48.0,0.127363920211792
80.0,16.0,16.0,0.06234240531921387
21.0,11.0,11.0,0.01900792121887207
33.0,17.0,17.0,0.02578902244567871
32.0,16.0,16.0,0.023195266723632812
136.0,50.0,50.0,0.10072708129882812
26.0,12.0,12.0,0.02018427848815918
81.0,20.0,20.0,0.061429500579833984
135.0,39.0,39.0,0.11478090286254883
18.0,3.0,3.0,0.014025688171386719
62.0,25.0,25.0,0.055504798889160156
51.0,13.0,13.0,0.048516273498535156
26.0,7.0,7.0,0.019687414169311523
33.0,15.0,15.0,0.021468639373779297
19.0,9.0,9.0,0.01804351806640625
44.0,15.0,15.0,0.03490614891052246
46.0,19.0,19.0,0.0317690372467041
72.0,28.0,28.0,0.05515575408935547
47.0,11.0,11.0,0.03156137466430664
26.0,14.0,14.0,0.026852846145629883
91.0,33.0,33.0,0.06785702705383301
29.0,13.0,13.0,0.02758193016052246
28.0,9.0,9.0,0.016916275024414062
87.0,33.0,33.0,0.06273460388183594
50.0,16.0,16.0,0.03730654716491699
34.0,17.0,17.0,0.026080846786499023
54.0,13.0,13.0,0.050171613693237305
43.0,22.0,22.0,0.035840511322021484
40.0,14.0,14.0,0.027896404266357422
81.0,21.0,21.0,0.08893394470214844
211.0,56.0,56.0,0.20291876792907715
68.0,21.0,21.0,0.05388236045837402
45.0,16.0,16.0,0.03280448913574219
66.0,19.0,19.0,0.05431699752807617
57.0,19.0,19.0,0.050086259841918945
66.0,26.0,26.0,0.05301499366760254
38.0,17.0,17.0,0.034562110900878906
56.0,25.0,25.0,0.046717166900634766
28.0,8.0,8.0,0.03386807441711426
29.0,16.0,16.0,0.03466796875
56.0,17.0,17.0,0.058553218841552734
81.0,29.0,29.0,0.09809160232543945
41.0,13.0,13.0,0.042816162109375
82.0,48.0,48.0,0.08397531509399414
105.0,29.0,29.0,0.08659243583679199
123.0,26.0,26.0,0.10205960273742676
92.0,81.0,81.0,0.07522201538085938
32.0,14.0,14.0,0.02429676055908203
60.0,22.0,22.0,0.06699681282043457
34.0,13.0,13.0,0.027144670486450195
37.0,4.0,4.0,0.02720355987548828
79.0,21.0,21.0,0.0565035343170166
62.0,20.0,20.0,0.052583932876586914
124.0,39.0,39.0,0.12822651863098145
19.0,8.0,8.0,0.017368078231811523
180.0,50.0,50.0,0.17089366912841797
27.0,11.0,11.0,0.020285844802856445
36.0,14.0,14.0,0.02789306640625
39.0,10.0,10.0,0.028375864028930664
78.0,21.0,21.0,0.06616950035095215
48.0,22.0,22.0,0.0411982536315918
53.0,16.0,16.0,0.05061650276184082
21.0,10.0,10.0,0.019260406494140625
56.0,14.0,14.0,0.05100893974304199
23.0,11.0,11.0,0.021550893783569336
93.0,18.0,18.0,0.07703995704650879
43.0,21.0,21.0,0.0446932315826416
112.0,34.0,34.0,0.09885263442993164
39.0,12.0,12.0,0.03534197807312012
27.0,10.0,10.0,0.018357515335083008
111.0,37.0,37.0,0.0891108512878418
75.0,18.0,18.0,0.06628918647766113
54.0,28.0,28.0,0.0440976619720459
54.0,17.0,17.0,0.03679203987121582
24.0,14.0,14.0,0.016185998916625977
32.0,11.0,11.0,0.024268627166748047
113.0,28.0,28.0,0.09193086624145508
39.0,24.0,24.0,0.0467686653137207
73.0,32.0,32.0,0.09075760841369629
24.0,11.0,11.0,0.029117107391357422
150.0,73.0,73.0,0.15613818168640137
34.0,12.0,12.0,0.0315091609954834
29.0,15.0,15.0,0.026105642318725586
66.0,21.0,21.0,0.055528879165649414
37.0,19.0,19.0,0.03012228012084961
55.0,21.0,21.0,0.04814457893371582
30.0,12.0,12.0,0.023102998733520508
23.0,3.0,3.0,0.016446590423583984
48.0,20.0,20.0,0.03795599937438965
70.0,14.0,14.0,0.05805039405822754
66.0,29.0,29.0,0.05638265609741211
115.0,34.0,34.0,0.09295248985290527
87.0,14.0,14.0,0.06839442253112793
19.0,7.0,7.0,0.014301538467407227
37.0,18.0,18.0,0.02644205093383789
27.0,7.0,7.0,0.020585060119628906
46.0,7.0,7.0,0.03679227828979492
64.0,7.0,7.0,0.05585145950317383
33.0,20.0,20.0,0.02712273597717285
43.0,14.0,14.0,0.04147529602050781
28.0,9.0,9.0,0.026159286499023438
24.0,11.0,11.0,0.02949047088623047
159.0,34.0,34.0,0.13733339309692383
40.0,6.0,6.0,0.02755570411682129
82.0,19.0,19.0,0.06011080741882324
20.0,6.0,6.0,0.015784740447998047
25.0,13.0,13.0,0.022069454193115234
29.0,12.0,12.0,0.025517702102661133
32.0,18.0,18.0,0.025527477264404297
120.0,33.0,33.0,0.0932779312133789
30.0,5.0,5.0,0.0309903621673584
27.0,12.0,12.0,0.027112960815429688
59.0,18.0,18.0,0.05207252502441406
29.0,8.0,8.0,0.027693986892700195
30.0,12.0,12.0,0.0319819450378418
33.0,16.0,16.0,0.03063678741455078
34.0,14.0,14.0,0.024195432662963867
33.0,14.0,14.0,0.02621293067932129
119.0,41.0,41.0,0.09733438491821289
23.0,12.0,12.0,0.022368669509887695
28.0,13.0,13.0,0.022020578384399414
104.0,35.0,35.0,0.0798349380493164
34.0,13.0,13.0,0.028935670852661133
36.0,10.0,10.0,0.03083944320678711
80.0,33.0,33.0,0.055626630783081055
22.0,8.0,8.0,0.015991926193237305
37.0,14.0,14.0,0.0384211540222168
51.0,14.0,14.0,0.04675459861755371
28.0,10.0,10.0,0.027169466018676758
117.0,31.0,31.0,0.11012148857116699
26.0,15.0,15.0,0.023497343063354492
15.0,3.0,3.0,0.010715723037719727
23.0,12.0,12.0,0.0182950496673584
69.0,19.0,19.0,0.05440998077392578
71.0,16.0,16.0,0.04724574089050293
179.0,51.0,51.0,0.14283967018127441
31.0,14.0,14.0,0.02743673324584961
67.0,22.0,22.0,0.053069114685058594
108.0,32.0,32.0,0.1110696792602539
37.0,15.0,15.0,0.03853559494018555
23.0,5.0,5.0,0.01807260513305664
52.0,22.0,22.0,0.040732622146606445
47.0,23.0,23.0,0.04187488555908203
81.0,11.0,11.0,0.07278585433959961
64.0,14.0,14.0,0.06473922729492188
68.0,22.0,22.0,0.07347607612609863
26.0,7.0,7.0,0.018086671829223633
33.0,12.0,12.0,0.03216385841369629
71.0,18.0,18.0,0.06146740913391113
33.0,16.0,16.0,0.02850198745727539
74.0,20.0,20.0,0.06668233871459961
41.0,16.0,16.0,0.033849239349365234
71.0,18.0,18.0,0.06164836883544922
49.0,16.0,16.0,0.04350423812866211
58.0,5.0,5.0,0.05628204345703125
36.0,13.0,13.0,0.029592275619506836
67.0,16.0,16.0,0.05611014366149902
56.0,23.0,23.0,0.04543256759643555
50.0,25.0,25.0,0.045350074768066406
60.0,22.0,22.0,0.06139349937438965
55.0,28.0,28.0,0.04533123970031738
37.0,11.0,11.0,0.029054880142211914
44.0,11.0,11.0,0.03245234489440918
21.0,8.0,8.0,0.01480865478515625
42.0,18.0,18.0,0.032616615295410156
31.0,5.0,5.0,0.027855873107910156
99.0,43.0,43.0,0.10864615440368652
79.0,18.0,18.0,0.08668756484985352
27.0,9.0,9.0,0.019343852996826172
22.0,10.0,10.0,0.02148604393005371
31.0,13.0,13.0,0.03707480430603027
140.0,41.0,41.0,0.18993377685546875
29.0,16.0,16.0,0.03378796577453613
88.0,34.0,34.0,0.11718010902404785
27.0,12.0,12.0,0.030005693435668945
82.0,28.0,28.0,0.09073376655578613
97.0,27.0,27.0,0.10718941688537598
20.0,6.0,6.0,0.023955821990966797
21.0,7.0,7.0,0.027040481567382812
55.0,13.0,13.0,0.06479620933532715
149.0,58.0,58.0,0.15729427337646484
84.0,23.0,23.0,0.09339642524719238
59.0,22.0,22.0,0.06667661666870117
154.0,40.0,40.0,0.15194392204284668
43.0,28.0,28.0,0.05950164794921875
124.0,36.0,36.0,0.15332388877868652
145.0,32.0,32.0,0.142411470413208
56.0,15.0,15.0,0.04851055145263672
42.0,19.0,19.0,0.03949308395385742
162.0,38.0,38.0,0.14145541191101074
49.0,18.0,18.0,0.04385256767272949
29.0,8.0,8.0,0.024602174758911133
75.0,16.0,16.0,0.05926227569580078
20.0,8.0,8.0,0.013118267059326172
74.0,18.0,18.0,0.05383920669555664
55.0,15.0,15.0,0.049746036529541016
61.0,9.0,9.0,0.053021907806396484
51.0,22.0,22.0,0.04480934143066406
62.0,17.0,17.0,0.07678937911987305
26.0,8.0,8.0,0.035048484802246094
41.0,18.0,18.0,0.05159759521484375
51.0,16.0,16.0,0.04965853691101074
99.0,42.0,42.0,0.12943291664123535
47.0,14.0,14.0,0.06958150863647461
64.0,30.0,30.0,0.09435057640075684
23.0,10.0,10.0,0.04067206382751465
86.0,20.0,20.0,0.10354900360107422
48.0,6.0,6.0,0.04396247863769531
45.0,17.0,17.0,0.048529863357543945
66.0,19.0,19.0,0.06420230865478516
38.0,12.0,12.0,0.0300600528717041
60.0,11.0,11.0,0.059111833572387695
26.0,13.0,13.0,0.023604393005371094
20.0,8.0,8.0,0.018926382064819336
99.0,22.0,22.0,0.09607243537902832
21.0,6.0,6.0,0.024087905883789062
45.0,8.0,8.0,0.04094386100769043
100.0,23.0,23.0,0.10654759407043457
82.0,31.0,31.0,0.08395862579345703
23.0,12.0,12.0,0.03060460090637207
85.0,31.0,31.0,0.09671545028686523
38.0,17.0,17.0,0.057448625564575195
43.0,12.0,12.0,0.0471189022064209
159.0,46.0,46.0,0.1984844207763672
59.0,26.0,26.0,0.07498717308044434
52.0,17.0,17.0,0.0794057846069336
47.0,22.0,22.0,0.07230854034423828
86.0,23.0,23.0,0.1128387451171875
29.0,14.0,14.0,0.0377197265625
28.0,7.0,7.0,0.032514095306396484
16.0,4.0,4.0,0.019769906997680664
112.0,38.0,38.0,0.15458202362060547
21.0,10.0,10.0,0.0246121883392334
86.0,14.0,14.0,0.10723352432250977
84.0,39.0,39.0,0.11775803565979004
32.0,18.0,18.0,0.0444185733795166
46.0,12.0,12.0,0.056359291076660156
143.0,38.0,38.0,0.15174579620361328
37.0,5.0,5.0,0.04997730255126953
91.0,21.0,21.0,0.11118841171264648
48.0,13.0,13.0,0.05726265907287598
23.0,10.0,10.0,0.02324533462524414
89.0,36.0,36.0,0.09256410598754883
47.0,23.0,23.0,0.05463290214538574
40.0,20.0,20.0,0.05253410339355469
32.0,16.0,16.0,0.036214590072631836
91.0,36.0,36.0,0.0876162052154541
60.0,22.0,22.0,0.0755469799041748
29.0,14.0,14.0,0.03490614891052246
162.0,51.0,51.0,0.1954643726348877
44.0,8.0,8.0,0.04982781410217285
170.0,40.0,40.0,0.2031536102294922
73.0,15.0,15.0,0.07074308395385742
53.0,28.0,28.0,0.05829143524169922
47.0,12.0,12.0,0.05323910713195801
33.0,4.0,4.0,0.03214669227600098
21.0,7.0,7.0,0.02637648582458496
67.0,36.0,36.0,0.058791160583496094
87.0,14.0,14.0,0.1150975227355957
51.0,14.0,14.0,0.05578303337097168
33.0,10.0,10.0,0.030722856521606445
20.0,9.0,9.0,0.021337509155273438
283.0,75.0,75.0,0.36134982109069824
20.0,9.0,9.0,0.023727893829345703
51.0,20.0,20.0,0.05416464805603027
20.0,7.0,7.0,0.018985748291015625
71.0,24.0,24.0,0.07004666328430176
37.0,17.0,17.0,0.044411659240722656
18.0,6.0,6.0,0.020102262496948242
66.0,37.0,37.0,0.08830142021179199
32.0,11.0,11.0,0.03344106674194336
40.0,10.0,10.0,0.04928255081176758
72.0,20.0,20.0,0.08527159690856934
23.0,9.0,9.0,0.02498650550842285
63.0,47.0,47.0,0.05935382843017578
66.0,32.0,32.0,0.05241894721984863
34.0,22.0,22.0,0.03557443618774414
26.0,9.0,9.0,0.0258638858795166
70.0,13.0,13.0,0.0861501693725586
63.0,24.0,24.0,0.06510806083679199
41.0,23.0,23.0,0.04372406005859375
95.0,28.0,28.0,0.07791996002197266
57.0,14.0,14.0,0.04366755485534668
25.0,10.0,10.0,0.023396015167236328
33.0,8.0,8.0,0.034195899963378906
25.0,14.0,14.0,0.028624534606933594
26.0,7.0,7.0,0.030614137649536133
64.0,21.0,21.0,0.07606220245361328
47.0,16.0,16.0,0.056308746337890625
32.0,9.0,9.0,0.03893256187438965
42.0,8.0,8.0,0.04673027992248535
22.0,10.0,10.0,0.03153824806213379
130.0,30.0,30.0,0.13779520988464355
17.0,4.0,4.0,0.018904685974121094
72.0,10.0,10.0,0.07125353813171387
32.0,17.0,17.0,0.0493466854095459
78.0,18.0,18.0,0.06513762474060059
39.0,21.0,21.0,0.027081966400146484
44.0,18.0,18.0,0.03677701950073242
19.0,4.0,4.0,0.018589496612548828
58.0,20.0,20.0,0.050229787826538086
43.0,9.0,9.0,0.03379487991333008
32.0,12.0,12.0,0.03436756134033203
192.0,63.0,63.0,0.16367769241333008
30.0,19.0,19.0,0.026823997497558594
19.0,6.0,6.0,0.014856576919555664
28.0,12.0,12.0,0.02407526969909668
32.0,9.0,9.0,0.028980731964111328
26.0,11.0,11.0,0.020664215087890625
56.0,11.0,11.0,0.06187868118286133
91.0,30.0,30.0,0.0952603816986084
85.0,21.0,21.0,0.10933232307434082
45.0,16.0,16.0,0.04532933235168457
33.0,12.0,12.0,0.027494192123413086
37.0,13.0,13.0,0.03485846519470215
37.0,9.0,9.0,0.029195308685302734
137.0,37.0,37.0,0.10486531257629395
34.0,12.0,12.0,0.02782416343688965
78.0,15.0,15.0,0.07087326049804688
26.0,13.0,13.0,0.022938251495361328
46.0,16.0,16.0,0.037363290786743164
52.0,22.0,22.0,0.043179988861083984
23.0,11.0,11.0,0.0231320858001709
38.0,10.0,10.0,0.041057586669921875
18.0,7.0,7.0,0.018535614013671875
106.0,28.0,28.0,0.09174561500549316
78.0,27.0,27.0,0.09061002731323242
43.0,14.0,14.0,0.050226688385009766
60.0,18.0,18.0,0.06194424629211426
134.0,37.0,37.0,0.11292338371276855
33.0,15.0,15.0,0.03152751922607422
61.0,29.0,29.0,0.04455256462097168
42.0,21.0,21.0,0.029822111129760742
115.0,34.0,34.0,0.08225679397583008
30.0,13.0,13.0,0.023906469345092773
115.0,35.0,35.0,0.12990784645080566
48.0,30.0,30.0,0.047425270080566406
41.0,12.0,12.0,0.03432822227478027
123.0,31.0,31.0,0.09660863876342773
69.0,24.0,24.0,0.05958843231201172
81.0,22.0,22.0,0.06496167182922363
28.0,8.0,8.0,0.031046152114868164
94.0,20.0,20.0,0.10428786277770996
25.0,10.0,10.0,0.025278329849243164
18.0,6.0,6.0,0.018266677856445312
28.0,12.0,12.0,0.02933216094970703
48.0,26.0,26.0,0.042761802673339844
44.0,29.0,29.0,0.050304412841796875
37.0,10.0,10.0,0.04511737823486328
58.0,15.0,15.0,0.05429697036743164
101.0,32.0,32.0,0.10973858833312988
29.0,17.0,17.0,0.028741121292114258
51.0,15.0,15.0,0.058135032653808594
65.0,26.0,26.0,0.06797409057617188
83.0,36.0,36.0,0.07783937454223633
27.0,12.0,12.0,0.028923511505126953
99.0,34.0,34.0,0.09220504760742188
29.0,7.0,7.0,0.029120922088623047
27.0,16.0,16.0,0.031223773956298828
31.0,14.0,14.0,0.02784276008605957
43.0,16.0,16.0,0.060874223709106445
39.0,19.0,19.0,0.07495975494384766
89.0,24.0,24.0,0.09180402755737305
28.0,8.0,8.0,0.02935338020324707
52.0,25.0,25.0,0.04690432548522949
118.0,24.0,24.0,0.11599588394165039
36.0,13.0,13.0,0.03574633598327637
73.0,23.0,23.0,0.07308053970336914
32.0,16.0,16.0,0.029475688934326172
78.0,27.0,27.0,0.06563973426818848
50.0,22.0,22.0,0.04993438720703125
32.0,11.0,11.0,0.04125833511352539
71.0,14.0,14.0,0.07019472122192383
49.0,14.0,14.0,0.04932856559753418
47.0,19.0,19.0,0.04996037483215332
61.0,17.0,17.0,0.06405520439147949
35.0,14.0,14.0,0.03169584274291992
37.0,19.0,19.0,0.03021073341369629
45.0,14.0,14.0,0.04349112510681152
33.0,14.0,14.0,0.03536105155944824
77.0,18.0,18.0,0.08039641380310059
27.0,11.0,11.0,0.03320932388305664
65.0,20.0,20.0,0.08259916305541992
32.0,5.0,5.0,0.040993452072143555
126.0,41.0,41.0,0.14593076705932617
41.0,15.0,15.0,0.03821969032287598
45.0,22.0,22.0,0.03740215301513672
64.0,24.0,24.0,0.0593259334564209
62.0,25.0,25.0,0.05794048309326172
118.0,29.0,29.0,0.12017393112182617
31.0,9.0,9.0,0.02970266342163086
24.0,13.0,13.0,0.022895097732543945
38.0,7.0,7.0,0.03670358657836914
21.0,9.0,9.0,0.020538806915283203
70.0,15.0,15.0,0.06498599052429199
26.0,11.0,11.0,0.031230688095092773
24.0,11.0,11.0,0.027422189712524414
40.0,9.0,9.0,0.039522647857666016
95.0,31.0,31.0,0.10418868064880371
40.0,13.0,13.0,0.030712127685546875
200.0,59.0,59.0,0.17536115646362305
29.0,16.0,16.0,0.024118423461914062
19.0,6.0,6.0,0.015583992004394531
41.0,16.0,16.0,0.042733192443847656
36.0,9.0,9.0,0.03157472610473633
42.0,14.0,14.0,0.03968691825866699
55.0,15.0,15.0,0.05499696731567383
65.0,12.0,12.0,0.07182884216308594
38.0,17.0,17.0,0.046857595443725586
40.0,10.0,10.0,0.035811424255371094
43.0,15.0,15.0,0.03834795951843262
21.0,7.0,7.0,0.0165863037109375
34.0,17.0,17.0,0.033521413803100586
39.0,28.0,28.0,0.030992507934570312
43.0,11.0,11.0,0.04083538055419922
29.0,17.0,17.0,0.02705240249633789
49.0,18.0,18.0,0.04105687141418457
145.0,43.0,43.0,0.1411576271057129
64.0,9.0,9.0,0.06320786476135254
46.0,17.0,17.0,0.04493856430053711
25.0,12.0,12.0,0.027821063995361328
43.0,20.0,20.0,0.04931807518005371
59.0,19.0,19.0,0.0676872730255127
71.0,15.0,15.0,0.07057499885559082
21.0,10.0,10.0,0.030986547470092773
31.0,2.0,2.0,0.04004502296447754
26.0,7.0,7.0,0.03482460975646973
143.0,45.0,45.0,0.14516806602478027
114.0,32.0,32.0,0.11762380599975586
102.0,32.0,32.0,0.1093451976776123
23.0,10.0,10.0,0.025393247604370117
32.0,10.0,10.0,0.032497406005859375
31.0,18.0,18.0,0.030592679977416992
44.0,14.0,14.0,0.04070782661437988
39.0,8.0,8.0,0.03728485107421875
71.0,17.0,17.0,0.0680246353149414
117.0,39.0,39.0,0.11070394515991211
17.0,6.0,6.0,0.016323566436767578
52.0,13.0,13.0,0.041641950607299805
52.0,9.0,9.0,0.048319339752197266
58.0,23.0,23.0,0.05354619026184082
25.0,14.0,14.0,0.02633357048034668
62.0,31.0,31.0,0.07112812995910645
59.0,21.0,21.0,0.056560516357421875
49.0,29.0,29.0,0.06050896644592285
30.0,9.0,9.0,0.025331974029541016
22.0,7.0,7.0,0.019203901290893555
95.0,34.0,34.0,0.08061909675598145
53.0,11.0,11.0,0.054128408432006836
126.0,42.0,42.0,0.11771893501281738
22.0,8.0,8.0,0.02523064613342285
60.0,18.0,18.0,0.055010318756103516
54.0,26.0,26.0,0.04589128494262695
95.0,30.0,30.0,0.07195925712585449
76.0,18.0,18.0,0.06340408325195312
40.0,25.0,25.0,0.027733564376831055
90.0,21.0,21.0,0.07769560813903809
34.0,9.0,9.0,0.029149532318115234
50.0,28.0,28.0,0.04148435592651367
56.0,19.0,19.0,0.060399770736694336
33.0,19.0,19.0,0.030086517333984375
152.0,42.0,42.0,0.16129326820373535
141.0,37.0,37.0,0.15901541709899902
41.0,25.0,25.0,0.037481069564819336
46.0,17.0,17.0,0.04362320899963379
28.0,10.0,10.0,0.02257251739501953
111.0,26.0,26.0,0.09781384468078613
25.0,12.0,12.0,0.02042841911315918
16.0,4.0,4.0,0.012343883514404297
37.0,17.0,17.0,0.0326685905456543
44.0,12.0,12.0,0.03756856918334961
72.0,25.0,25.0,0.0713663101196289
33.0,13.0,13.0,0.036777496337890625
19.0,8.0,8.0,0.01968979835510254
22.0,9.0,9.0,0.0182192325592041
37.0,14.0,14.0,0.03690958023071289
65.0,24.0,24.0,0.0632779598236084
100.0,35.0,35.0,0.08375906944274902
37.0,10.0,10.0,0.03977847099304199
34.0,14.0,14.0,0.027332782745361328
94.0,31.0,31.0,0.07663726806640625
24.0,13.0,13.0,0.018167734146118164
45.0,16.0,16.0,0.040859222412109375
99.0,34.0,34.0,0.08263969421386719
37.0,15.0,15.0,0.028511524200439453
21.0,8.0,8.0,0.020639896392822266
31.0,9.0,9.0,0.03188133239746094
94.0,31.0,31.0,0.10277056694030762
135.0,54.0,54.0,0.12675118446350098
45.0,15.0,15.0,0.04109501838684082
25.0,9.0,9.0,0.022729158401489258
68.0,23.0,23.0,0.06047344207763672
30.0,16.0,16.0,0.03991103172302246
44.0,11.0,11.0,0.03983426094055176
58.0,19.0,19.0,0.04818248748779297
41.0,21.0,21.0,0.03403043746948242
19.0,7.0,7.0,0.015661239624023438
34.0,23.0,23.0,0.03195047378540039
47.0,22.0,22.0,0.05013132095336914
31.0,11.0,11.0,0.024884700775146484
36.0,17.0,17.0,0.03036952018737793
83.0,11.0,11.0,0.07136249542236328
33.0,11.0,11.0,0.0254974365234375
103.0,36.0,36.0,0.08628606796264648
39.0,16.0,16.0,0.04149484634399414
59.0,8.0,8.0,0.07057642936706543
37.0,23.0,23.0,0.047235965728759766
61.0,22.0,22.0,0.06034588813781738
53.0,39.0,39.0,0.05065560340881348
38.0,19.0,19.0,0.030191659927368164
119.0,32.0,32.0,0.0971076488494873
22.0,11.0,11.0,0.019217491149902344
25.0,9.0,9.0,0.028461217880249023
62.0,27.0,27.0,0.07160091400146484
36.0,15.0,15.0,0.03865671157836914
23.0,9.0,9.0,0.032619476318359375
81.0,22.0,22.0,0.09292793273925781
20.0,7.0,7.0,0.015995502471923828
26.0,15.0,15.0,0.029735565185546875
30.0,15.0,15.0,0.03606986999511719
41.0,20.0,20.0,0.057039499282836914
119.0,38.0,38.0,0.13004016876220703
107.0,21.0,21.0,0.11282539367675781
33.0,10.0,10.0,0.0361483097076416
40.0,12.0,12.0,0.049665212631225586
48.0,27.0,27.0,0.06132626533508301
21.0,7.0,7.0,0.026447057723999023
92.0,26.0,26.0,0.12419581413269043
33.0,12.0,12.0,0.04010629653930664
45.0,18.0,18.0,0.05140423774719238
32.0,11.0,11.0,0.0420076847076416
55.0,34.0,34.0,0.06493544578552246
86.0,21.0,21.0,0.09130978584289551
36.0,15.0,15.0,0.037281036376953125
36.0,23.0,23.0,0.03977799415588379
140.0,41.0,41.0,0.14876246452331543
30.0,17.0,17.0,0.023827791213989258
70.0,28.0,28.0,0.05967855453491211
56.0,24.0,24.0,0.05844616889953613
24.0,12.0,12.0,0.021870136260986328
78.0,27.0,27.0,0.07534360885620117
33.0,11.0,11.0,0.034700870513916016
29.0,18.0,18.0,0.032993316650390625
51.0,30.0,30.0,0.06006622314453125
38.0,21.0,21.0,0.04333853721618652
52.0,27.0,27.0,0.05937075614929199
23.0,10.0,10.0,0.02243971824645996
42.0,13.0,13.0,0.05834054946899414
47.0,23.0,23.0,0.05124330520629883
53.0,20.0,20.0,0.05685591697692871
31.0,11.0,11.0,0.02686619758605957
23.0,12.0,12.0,0.01714777946472168
65.0,25.0,25.0,0.0575253963470459
48.0,31.0,31.0,0.04629230499267578
35.0,17.0,17.0,0.026151657104492188
56.0,16.0,16.0,0.05611920356750488
38.0,12.0,12.0,0.031211137771606445
31.0,17.0,17.0,0.023595333099365234
94.0,28.0,28.0,0.07124686241149902
66.0,21.0,21.0,0.054624319076538086
17.0,3.0,3.0,0.019023895263671875
51.0,21.0,21.0,0.03723955154418945
36.0,18.0,18.0,0.025551319122314453
74.0,34.0,34.0,0.06860113143920898
51.0,18.0,18.0,0.0434420108795166
90.0,22.0,22.0,0.08504390716552734
78.0,22.0,22.0,0.06505084037780762
167.0,39.0,39.0,0.13844752311706543
59.0,21.0,21.0,0.04534316062927246
24.0,6.0,6.0,0.021080493927001953
40.0,10.0,10.0,0.0296323299407959
18.0,5.0,5.0,0.013644218444824219
26.0,9.0,9.0,0.0248262882232666
147.0,33.0,33.0,0.13160157203674316
29.0,17.0,17.0,0.022572994232177734
72.0,22.0,22.0,0.07017254829406738
43.0,12.0,12.0,0.03328847885131836
48.0,27.0,27.0,0.037346839904785156
102.0,27.0,27.0,0.07683253288269043
83.0,31.0,31.0,0.06947183609008789
90.0,36.0,36.0,0.0740976333618164
24.0,10.0,10.0,0.02534031867980957
87.0,17.0,17.0,0.07471323013305664
27.0,10.0,10.0,0.028443098068237305
27.0,12.0,12.0,0.029024839401245117
51.0,14.0,14.0,0.0590972900390625
34.0,10.0,10.0,0.03785538673400879
79.0,24.0,24.0,0.07506918907165527
86.0,11.0,11.0,0.0816497802734375
49.0,19.0,19.0,0.05467104911804199
19.0,8.0,8.0,0.022476673126220703
85.0,20.0,20.0,0.07179141044616699
84.0,23.0,23.0,0.059533119201660156
65.0,31.0,31.0,0.05682086944580078
36.0,12.0,12.0,0.03367948532104492
31.0,4.0,4.0,0.025639772415161133
176.0,38.0,38.0,0.1508934497833252
55.0,27.0,27.0,0.05675935745239258
113.0,24.0,24.0,0.07949376106262207
48.0,22.0,22.0,0.03353309631347656
184.0,53.0,53.0,0.1836073398590088
117.0,49.0,49.0,0.09577107429504395
28.0,10.0,10.0,0.019450664520263672
23.0,10.0,10.0,0.025274038314819336
74.0,18.0,18.0,0.07448673248291016
35.0,10.0,10.0,0.03323483467102051
74.0,20.0,20.0,0.06114029884338379
34.0,11.0,11.0,0.028341293334960938
71.0,30.0,30.0,0.0737466812133789
115.0,36.0,36.0,0.08999824523925781
70.0,19.0,19.0,0.054558515548706055
68.0,34.0,34.0,0.06374931335449219
32.0,11.0,11.0,0.03311610221862793
26.0,16.0,16.0,0.029128074645996094
76.0,16.0,16.0,0.08031463623046875
100.0,50.0,50.0,0.087310791015625
57.0,20.0,20.0,0.05724740028381348
52.0,25.0,25.0,0.046797990798950195
97.0,32.0,32.0,0.09923219680786133
33.0,14.0,14.0,0.027643918991088867
71.0,15.0,15.0,0.060739994049072266
57.0,19.0,19.0,0.07578420639038086
44.0,12.0,12.0,0.047235965728759766
18.0,5.0,5.0,0.02227044105529785
23.0,11.0,11.0,0.02136969566345215
83.0,36.0,36.0,0.07740402221679688
27.0,13.0,13.0,0.026353836059570312
83.0,28.0,28.0,0.07202816009521484
41.0,14.0,14.0,0.03469109535217285
60.0,14.0,14.0,0.04802727699279785
48.0,17.0,17.0,0.04474472999572754
32.0,17.0,17.0,0.029806852340698242
47.0,16.0,16.0,0.045777320861816406
81.0,23.0,23.0,0.061200857162475586
40.0,14.0,14.0,0.03346872329711914
35.0,8.0,8.0,0.027188539505004883
137.0,62.0,62.0,0.14724445343017578
36.0,20.0,20.0,0.036012887954711914
26.0,8.0,8.0,0.031423091888427734
34.0,12.0,12.0,0.03519248962402344
84.0,15.0,15.0,0.07617640495300293
58.0,18.0,18.0,0.05609917640686035
20.0,8.0,8.0,0.022134065628051758
17.0,5.0,5.0,0.017681121826171875
38.0,14.0,14.0,0.04147815704345703
115.0,51.0,51.0,0.11270809173583984
21.0,9.0,9.0,0.02514028549194336
35.0,12.0,12.0,0.03611135482788086
49.0,9.0,9.0,0.05595111846923828
24.0,8.0,8.0,0.01855945587158203
68.0,22.0,22.0,0.05776190757751465
46.0,8.0,8.0,0.05209994316101074
51.0,16.0,16.0,0.04107928276062012
44.0,18.0,18.0,0.0438995361328125
31.0,17.0,17.0,0.03244900703430176
98.0,20.0,20.0,0.10136699676513672
24.0,8.0,8.0,0.021619558334350586
19.0,8.0,8.0,0.015758991241455078
32.0,15.0,15.0,0.036126136779785156
25.0,10.0,10.0,0.021590709686279297
59.0,17.0,17.0,0.055359601974487305
59.0,16.0,16.0,0.05418705940246582
30.0,13.0,13.0,0.028398990631103516
33.0,14.0,14.0,0.03577280044555664
78.0,14.0,14.0,0.07318425178527832
29.0,6.0,6.0,0.025809049606323242
18.0,6.0,6.0,0.017542362213134766
49.0,19.0,19.0,0.04861116409301758
91.0,47.0,47.0,0.10732245445251465
41.0,21.0,21.0,0.05449509620666504
96.0,33.0,33.0,0.09343075752258301
48.0,22.0,22.0,0.03521013259887695
93.0,21.0,21.0,0.09166598320007324
45.0,17.0,17.0,0.040456295013427734
35.0,14.0,14.0,0.04057621955871582
24.0,10.0,10.0,0.023577451705932617
33.0,18.0,18.0,0.02966022491455078
29.0,10.0,10.0,0.04477286338806152
27.0,8.0,8.0,0.0196840763092041
84.0,33.0,33.0,0.09131288528442383
73.0,27.0,27.0,0.06456232070922852
23.0,7.0,7.0,0.024885892868041992
29.0,8.0,8.0,0.03691506385803223
109.0,34.0,34.0,0.12160706520080566
49.0,21.0,21.0,0.0557408332824707
55.0,16.0,16.0,0.07465934753417969
63.0,11.0,11.0,0.0731809139251709
40.0,3.0,3.0,0.041283369064331055
64.0,13.0,13.0,0.08773398399353027
19.0,6.0,6.0,0.02755427360534668
57.0,15.0,15.0,0.06930232048034668
27.0,12.0,12.0,0.03197431564331055
28.0,11.0,11.0,0.03672385215759277
29.0,14.0,14.0,0.04142284393310547
27.0,14.0,14.0,0.03652381896972656
143.0,44.0,44.0,0.20679450035095215
33.0,17.0,17.0,0.051256418228149414
32.0,14.0,14.0,0.04480409622192383
18.0,8.0,8.0,0.016344547271728516
20.0,6.0,6.0,0.01946115493774414
44.0,13.0,13.0,0.044318437576293945
45.0,17.0,17.0,0.06207394599914551
70.0,26.0,26.0,0.08888363838195801
122.0,52.0,52.0,0.13665485382080078
31.0,12.0,12.0,0.03583717346191406
161.0,51.0,51.0,0.1827561855316162
20.0,6.0,6.0,0.021121740341186523
20.0,7.0,7.0,0.022914648056030273
43.0,30.0,30.0,0.04562044143676758
88.0,24.0,24.0,0.09090662002563477
23.0,5.0,5.0,0.02126932144165039
34.0,11.0,11.0,0.0381772518157959
129.0,38.0,38.0,0.14547181129455566
87.0,29.0,29.0,0.09081196784973145
19.0,3.0,3.0,0.026158809661865234
34.0,13.0,13.0,0.0329134464263916
43.0,10.0,10.0,0.0425877571105957
53.0,17.0,17.0,0.04383397102355957
86.0,18.0,18.0,0.07468318939208984
28.0,7.0,7.0,0.024167299270629883
49.0,13.0,13.0,0.04528617858886719
123.0,34.0,34.0,0.09670543670654297
58.0,13.0,13.0,0.04258537292480469
31.0,10.0,10.0,0.03516983985900879
34.0,12.0,12.0,0.03818058967590332
53.0,9.0,9.0,0.06292724609375
58.0,20.0,20.0,0.046584129333496094
155.0,43.0,43.0,0.14108943939208984
17.0,6.0,6.0,0.017155885696411133
94.0,18.0,18.0,0.08421015739440918
28.0,8.0,8.0,0.026113033294677734
68.0,22.0,22.0,0.07258367538452148
45.0,30.0,30.0,0.03805994987487793
84.0,20.0,20.0,0.06812715530395508
40.0,12.0,12.0,0.02973198890686035
31.0,19.0,19.0,0.025792837142944336
36.0,16.0,16.0,0.02943253517150879
119.0,25.0,25.0,0.09945392608642578
108.0,34.0,34.0,0.09072518348693848
35.0,12.0,12.0,0.03187298774719238
31.0,11.0,11.0,0.026316165924072266
37.0,13.0,13.0,0.034616947174072266
48.0,13.0,13.0,0.04114866256713867
70.0,26.0,26.0,0.07741785049438477
73.0,31.0,31.0,0.07740211486816406
26.0,6.0,6.0,0.032881975173950195
31.0,16.0,16.0,0.03498077392578125
63.0,19.0,19.0,0.06759095191955566
70.0,24.0,24.0,0.07182025909423828
12.0,1.0,1.0,0.016896724700927734
74.0,27.0,27.0,0.07729792594909668
60.0,22.0,22.0,0.05813145637512207
106.0,42.0,42.0,0.10177874565124512
35.0,13.0,13.0,0.03283262252807617
51.0,24.0,24.0,0.04167771339416504
91.0,21.0,21.0,0.0772249698638916
22.0,9.0,9.0,0.02680182456970215
69.0,36.0,36.0,0.05602431297302246
43.0,15.0,15.0,0.03730201721191406
53.0,20.0,20.0,0.044851064682006836
29.0,11.0,11.0,0.03489971160888672
53.0,34.0,34.0,0.05512404441833496
124.0,33.0,33.0,0.1257157325744629
36.0,17.0,17.0,0.02965092658996582
23.0,8.0,8.0,0.023094892501831055
111.0,46.0,46.0,0.10505795478820801
45.0,19.0,19.0,0.045212745666503906
25.0,11.0,11.0,0.025543928146362305
43.0,16.0,16.0,0.04933619499206543
122.0,21.0,21.0,0.13442611694335938
54.0,30.0,30.0,0.058602094650268555
29.0,15.0,15.0,0.030846357345581055
107.0,27.0,27.0,0.10561561584472656
45.0,10.0,10.0,0.052659034729003906
44.0,14.0,14.0,0.04274296760559082
50.0,19.0,19.0,0.0478215217590332
26.0,15.0,15.0,0.024639368057250977
39.0,18.0,18.0,0.03994870185852051
157.0,66.0,66.0,0.1414198875427246
36.0,11.0,11.0,0.03127694129943848
40.0,11.0,11.0,0.04655170440673828
130.0,25.0,25.0,0.14983463287353516
21.0,8.0,8.0,0.027114152908325195
32.0,12.0,12.0,0.033555030822753906
46.0,21.0,21.0,0.05343461036682129
70.0,28.0,28.0,0.06119108200073242
63.0,15.0,15.0,0.07006502151489258
51.0,19.0,19.0,0.057053327560424805
98.0,38.0,38.0,0.09080672264099121
43.0,11.0,11.0,0.03566336631774902
28.0,11.0,11.0,0.029302597045898438
23.0,11.0,11.0,0.017812252044677734
106.0,29.0,29.0,0.09762024879455566
26.0,11.0,11.0,0.022858858108520508
22.0,11.0,11.0,0.0173952579498291
44.0,16.0,16.0,0.046791791915893555
60.0,22.0,22.0,0.05120134353637695
52.0,16.0,16.0,0.04600167274475098
21.0,9.0,9.0,0.016097307205200195
65.0,21.0,21.0,0.06471037864685059
36.0,14.0,14.0,0.035338401794433594
26.0,8.0,8.0,0.03134489059448242
48.0,32.0,32.0,0.04044818878173828
84.0,24.0,24.0,0.07725238800048828
60.0,26.0,26.0,0.05068397521972656
46.0,14.0,14.0,0.03893232345581055
59.0,18.0,18.0,0.052431583404541016
46.0,12.0,12.0,0.049211740493774414
21.0,9.0,9.0,0.02206254005432129
33.0,12.0,12.0,0.03209733963012695
28.0,7.0,7.0,0.03325796127319336
64.0,20.0,20.0,0.061711788177490234
51.0,26.0,26.0,0.043859004974365234
71.0,25.0,25.0,0.05361533164978027
52.0,16.0,16.0,0.04175853729248047
21.0,9.0,9.0,0.014568090438842773
36.0,9.0,9.0,0.041835784912109375
107.0,36.0,36.0,0.09789371490478516
34.0,18.0,18.0,0.032926321029663086
40.0,22.0,22.0,0.033559560775756836
30.0,12.0,12.0,0.029400348663330078
74.0,20.0,20.0,0.06252241134643555
53.0,22.0,22.0,0.043385982513427734
33.0,9.0,9.0,0.034088850021362305
36.0,17.0,17.0,0.03722095489501953
28.0,12.0,12.0,0.026128530502319336
158.0,32.0,32.0,0.15826821327209473
26.0,8.0,8.0,0.02529168128967285
23.0,11.0,11.0,0.016735315322875977
96.0,31.0,31.0,0.09574675559997559
37.0,11.0,11.0,0.025946378707885742
17.0,6.0,6.0,0.010951042175292969
56.0,20.0,20.0,0.05073404312133789
131.0,36.0,36.0,0.11907291412353516
58.0,14.0,14.0,0.04629397392272949
95.0,14.0,14.0,0.09305000305175781
23.0,11.0,11.0,0.020875930786132812
62.0,18.0,18.0,0.04880499839782715
55.0,15.0,15.0,0.044736385345458984
23.0,12.0,12.0,0.015262842178344727
64.0,22.0,22.0,0.056447505950927734
29.0,12.0,12.0,0.025753021240234375
113.0,30.0,30.0,0.09834647178649902
76.0,16.0,16.0,0.06329560279846191
50.0,18.0,18.0,0.03914189338684082
61.0,17.0,17.0,0.043370723724365234
56.0,13.0,13.0,0.04432177543640137
37.0,17.0,17.0,0.02858114242553711
48.0,31.0,31.0,0.037615060806274414
29.0,16.0,16.0,0.026781797409057617
36.0,10.0,10.0,0.030740737915039062
55.0,20.0,20.0,0.04283595085144043
23.0,12.0,12.0,0.018627643585205078
66.0,21.0,21.0,0.05749249458312988
39.0,14.0,14.0,0.034586429595947266
106.0,36.0,36.0,0.08675742149353027
93.0,35.0,35.0,0.08056497573852539
58.0,24.0,24.0,0.05376076698303223
122.0,25.0,25.0,0.09819841384887695
47.0,21.0,21.0,0.037607669830322266
17.0,5.0,5.0,0.012562990188598633
93.0,24.0,24.0,0.08242177963256836
34.0,8.0,8.0,0.025852203369140625
14.0,3.0,3.0,0.01599574089050293
130.0,43.0,43.0,0.11432123184204102
27.0,9.0,9.0,0.020647764205932617
25.0,10.0,10.0,0.02101278305053711
90.0,24.0,24.0,0.08312582969665527
25.0,14.0,14.0,0.022626399993896484
20.0,9.0,9.0,0.023938894271850586
69.0,15.0,15.0,0.0714566707611084
23.0,8.0,8.0,0.02663135528564453
21.0,6.0,6.0,0.017079830169677734
23.0,10.0,10.0,0.02362799644470215
40.0,12.0,12.0,0.039160966873168945
53.0,17.0,17.0,0.03868579864501953
100.0,34.0,34.0,0.08560967445373535
38.0,18.0,18.0,0.027439355850219727
49.0,10.0,10.0,0.038268327713012695
26.0,4.0,4.0,0.021050453186035156
23.0,12.0,12.0,0.014111995697021484
62.0,17.0,17.0,0.04654860496520996
43.0,17.0,17.0,0.03735232353210449
24.0,12.0,12.0,0.018462657928466797
42.0,12.0,12.0,0.03634238243103027
21.0,9.0,9.0,0.015047311782836914
113.0,34.0,34.0,0.10592079162597656
20.0,4.0,4.0,0.017062664031982422
31.0,17.0,17.0,0.02871417999267578
36.0,14.0,14.0,0.030471324920654297
104.0,24.0,24.0,0.09133625030517578
71.0,20.0,20.0,0.0591890811920166
83.0,15.0,15.0,0.07316184043884277
60.0,20.0,20.0,0.050499916076660156
42.0,27.0,27.0,0.0347597599029541
48.0,19.0,19.0,0.04200553894042969
25.0,12.0,12.0,0.01756739616394043
48.0,27.0,27.0,0.05368924140930176
25.0,11.0,11.0,0.02105879783630371
32.0,16.0,16.0,0.02362346649169922
28.0,5.0,5.0,0.025738000869750977
42.0,18.0,18.0,0.039431095123291016
75.0,19.0,19.0,0.07384729385375977
23.0,11.0,11.0,0.017717838287353516
38.0,17.0,17.0,0.033097028732299805
97.0,27.0,27.0,0.07162141799926758
35.0,15.0,15.0,0.0280611515045166
74.0,25.0,25.0,0.06287717819213867
26.0,14.0,14.0,0.027339458465576172
57.0,12.0,12.0,0.04879164695739746
42.0,9.0,9.0,0.03358316421508789
104.0,29.0,29.0,0.08794927597045898
23.0,11.0,11.0,0.02017974853515625
68.0,23.0,23.0,0.055001258850097656
22.0,9.0,9.0,0.022047996520996094
92.0,28.0,28.0,0.06967854499816895
24.0,9.0,9.0,0.017323970794677734
43.0,17.0,17.0,0.029346942901611328
31.0,15.0,15.0,0.023014068603515625
171.0,58.0,58.0,0.1627042293548584
61.0,11.0,11.0,0.04490494728088379
84.0,33.0,33.0,0.06667900085449219
34.0,18.0,18.0,0.0353245735168457
111.0,29.0,29.0,0.09580636024475098
116.0,41.0,41.0,0.08873939514160156
54.0,19.0,19.0,0.04219841957092285
27.0,11.0,11.0,0.024396657943725586
47.0,13.0,13.0,0.03844571113586426
51.0,18.0,18.0,0.03844308853149414
72.0,26.0,26.0,0.06456828117370605
24.0,7.0,7.0,0.02120828628540039
22.0,5.0,5.0,0.021616458892822266
39.0,24.0,24.0,0.03505277633666992
33.0,16.0,16.0,0.03065180778503418
23.0,10.0,10.0,0.030105113983154297
49.0,21.0,21.0,0.05092191696166992
196.0,40.0,40.0,0.14639902114868164
42.0,14.0,14.0,0.03663372993469238
65.0,19.0,19.0,0.058316946029663086
65.0,29.0,29.0,0.06075596809387207
95.0,26.0,26.0,0.07917332649230957
36.0,9.0,9.0,0.02645587921142578
63.0,20.0,20.0,0.05343222618103027
111.0,29.0,29.0,0.09526324272155762
60.0,24.0,24.0,0.045723915100097656
44.0,15.0,15.0,0.042150259017944336
17.0,5.0,5.0,0.013543128967285156
49.0,18.0,18.0,0.03897595405578613
42.0,8.0,8.0,0.03898930549621582
68.0,15.0,15.0,0.05272936820983887
45.0,15.0,15.0,0.03295445442199707
29.0,12.0,12.0,0.023874282836914062
106.0,39.0,39.0,0.09522557258605957
91.0,35.0,35.0,0.08011960983276367
31.0,17.0,17.0,0.023868560791015625
44.0,21.0,21.0,0.0399324893951416
36.0,13.0,13.0,0.03454399108886719
47.0,18.0,18.0,0.04314827919006348
125.0,37.0,37.0,0.1110224723815918
28.0,7.0,7.0,0.026461362838745117
52.0,14.0,14.0,0.054818153381347656
53.0,22.0,22.0,0.05416297912597656
104.0,28.0,28.0,0.09386301040649414
78.0,26.0,26.0,0.0641942024230957
45.0,17.0,17.0,0.0375673770904541
17.0,5.0,5.0,0.013496637344360352
27.0,12.0,12.0,0.02319955825805664
56.0,23.0,23.0,0.045679569244384766
42.0,20.0,20.0,0.03238415718078613
34.0,11.0,11.0,0.030626535415649414
36.0,14.0,14.0,0.024678468704223633
25.0,7.0,7.0,0.0180511474609375
84.0,24.0,24.0,0.08689522743225098
31.0,6.0,6.0,0.02870774269104004
81.0,23.0,23.0,0.07796406745910645
39.0,17.0,17.0,0.030931711196899414
46.0,14.0,14.0,0.041289329528808594
18.0,5.0,5.0,0.018949031829833984
29.0,13.0,13.0,0.026105165481567383
71.0,20.0,20.0,0.06748366355895996
41.0,15.0,15.0,0.03610730171203613
34.0,16.0,16.0,0.036054372787475586
26.0,13.0,13.0,0.02201366424560547
19.0,7.0,7.0,0.023993492126464844
81.0,24.0,24.0,0.09535646438598633
83.0,38.0,38.0,0.10189318656921387
36.0,17.0,17.0,0.02379751205444336
33.0,16.0,16.0,0.026168346405029297
19.0,7.0,7.0,0.014547348022460938
32.0,10.0,10.0,0.024119853973388672
47.0,13.0,13.0,0.03832244873046875
34.0,15.0,15.0,0.03642988204956055
26.0,9.0,9.0,0.019570112228393555
38.0,14.0,14.0,0.02579951286315918
73.0,30.0,30.0,0.05608677864074707
28.0,11.0,11.0,0.025751113891601562
26.0,14.0,14.0,0.01831817626953125
48.0,15.0,15.0,0.04298758506774902
37.0,11.0,11.0,0.03421187400817871
21.0,8.0,8.0,0.01828765869140625
72.0,32.0,32.0,0.06593537330627441
112.0,21.0,21.0,0.10507583618164062
19.0,3.0,3.0,0.014055490493774414
43.0,11.0,11.0,0.03218388557434082
27.0,7.0,7.0,0.02400970458984375
70.0,25.0,25.0,0.05352163314819336
32.0,9.0,9.0,0.02290821075439453
206.0,57.0,57.0,0.16605830192565918
25.0,15.0,15.0,0.019170284271240234
118.0,21.0,21.0,0.12026786804199219
29.0,15.0,15.0,0.031140804290771484
24.0,9.0,9.0,0.02441263198852539
23.0,11.0,11.0,0.023299694061279297
31.0,16.0,16.0,0.025041580200195312
85.0,36.0,36.0,0.07336974143981934
53.0,17.0,17.0,0.043463945388793945
66.0,36.0,36.0,0.05370497703552246
23.0,9.0,9.0,0.027538776397705078
34.0,19.0,19.0,0.025799036026000977
80.0,35.0,35.0,0.05259585380554199
23.0,8.0,8.0,0.015116214752197266
47.0,20.0,20.0,0.031026363372802734
41.0,21.0,21.0,0.03395676612854004
24.0,10.0,10.0,0.02001500129699707
32.0,13.0,13.0,0.02634143829345703
42.0,8.0,8.0,0.03840327262878418
24.0,5.0,5.0,0.019765615463256836
109.0,25.0,25.0,0.08931398391723633
19.0,5.0,5.0,0.013279199600219727
23.0,9.0,9.0,0.019990205764770508
54.0,23.0,23.0,0.04698538780212402
47.0,10.0,10.0,0.038454532623291016
107.0,44.0,44.0,0.09459829330444336
41.0,24.0,24.0,0.036618709564208984
53.0,16.0,16.0,0.039705514907836914
37.0,8.0,8.0,0.027152538299560547
58.0,18.0,18.0,0.04695558547973633
68.0,26.0,26.0,0.05574226379394531
37.0,13.0,13.0,0.039022207260131836
30.0,13.0,13.0,0.03270459175109863
57.0,17.0,17.0,0.05122566223144531
64.0,15.0,15.0,0.05522751808166504
40.0,9.0,9.0,0.034279823303222656
57.0,20.0,20.0,0.044191598892211914
42.0,16.0,16.0,0.03664565086364746
34.0,10.0,10.0,0.03398609161376953
59.0,4.0,4.0,0.04500150680541992
36.0,13.0,13.0,0.02808856964111328
90.0,28.0,28.0,0.08490443229675293
89.0,30.0,30.0,0.07778048515319824
41.0,23.0,23.0,0.03670096397399902
160.0,41.0,41.0,0.13863873481750488
104.0,30.0,30.0,0.09119129180908203
26.0,8.0,8.0,0.02226424217224121
26.0,12.0,12.0,0.021018505096435547
91.0,45.0,45.0,0.08921217918395996
49.0,18.0,18.0,0.057198524475097656
61.0,14.0,14.0,0.0720815658569336
33.0,22.0,22.0,0.031815528869628906
24.0,9.0,9.0,0.02759265899658203
30.0,12.0,12.0,0.028007030487060547
63.0,34.0,34.0,0.059348344802856445
59.0,27.0,27.0,0.06322121620178223
30.0,12.0,12.0,0.030199766159057617
23.0,10.0,10.0,0.02741098403930664
90.0,28.0,28.0,0.09671878814697266
86.0,30.0,30.0,0.08387637138366699
94.0,35.0,35.0,0.07948827743530273
35.0,12.0,12.0,0.030986309051513672
46.0,16.0,16.0,0.03966069221496582
82.0,20.0,20.0,0.07479381561279297
25.0,8.0,8.0,0.02375030517578125
51.0,20.0,20.0,0.04514884948730469
27.0,5.0,5.0,0.026286840438842773
50.0,22.0,22.0,0.05852341651916504
84.0,25.0,25.0,0.08310461044311523
198.0,46.0,46.0,0.17972588539123535
84.0,29.0,29.0,0.08068013191223145
24.0,6.0,6.0,0.0182037353515625
50.0,12.0,12.0,0.04261136054992676
38.0,10.0,10.0,0.03613996505737305
55.0,23.0,23.0,0.05228304862976074
50.0,22.0,22.0,0.045884132385253906
38.0,11.0,11.0,0.04211091995239258
28.0,11.0,11.0,0.026249170303344727
22.0,12.0,12.0,0.023986339569091797
17.0,6.0,6.0,0.01644110679626465
22.0,9.0,9.0,0.019427061080932617
43.0,22.0,22.0,0.03617691993713379
58.0,36.0,36.0,0.04649209976196289
37.0,18.0,18.0,0.037334442138671875
79.0,19.0,19.0,0.0667879581451416
58.0,25.0,25.0,0.05141735076904297
33.0,8.0,8.0,0.03337383270263672
36.0,20.0,20.0,0.0343470573425293
42.0,18.0,18.0,0.04785871505737305
33.0,14.0,14.0,0.03015613555908203
23.0,4.0,4.0,0.021894216537475586
180.0,43.0,43.0,0.18456125259399414
74.0,33.0,33.0,0.07211446762084961
17.0,5.0,5.0,0.0184478759765625
27.0,10.0,10.0,0.031076431274414062
72.0,14.0,14.0,0.07297563552856445
35.0,11.0,11.0,0.03516221046447754
18.0,6.0,6.0,0.013171672821044922
89.0,25.0,25.0,0.07516717910766602
52.0,28.0,28.0,0.049710988998413086
35.0,17.0,17.0,0.02758002281188965
31.0,7.0,7.0,0.025571584701538086
60.0,12.0,12.0,0.056975603103637695
28.0,18.0,18.0,0.026572227478027344
156.0,38.0,38.0,0.1489708423614502
48.0,14.0,14.0,0.0520327091217041
56.0,17.0,17.0,0.061528682708740234
43.0,20.0,20.0,0.04698657989501953
98.0,33.0,33.0,0.09833574295043945
63.0,17.0,17.0,0.05949735641479492
37.0,10.0,10.0,0.03352022171020508
150.0,64.0,64.0,0.1570286750793457
20.0,8.0,8.0,0.015495777130126953
48.0,12.0,12.0,0.03855729103088379
142.0,50.0,50.0,0.14237260818481445
61.0,17.0,17.0,0.043791770935058594
106.0,20.0,20.0,0.09137153625488281
99.0,35.0,35.0,0.08627915382385254
50.0,26.0,26.0,0.03954172134399414
150.0,46.0,46.0,0.12663769721984863
19.0,7.0,7.0,0.01725912094116211
54.0,23.0,23.0,0.04920673370361328
28.0,11.0,11.0,0.025454044342041016
33.0,7.0,7.0,0.027349472045898438
110.0,57.0,57.0,0.09534859657287598
42.0,18.0,18.0,0.04281759262084961
17.0,6.0,6.0,0.021787643432617188
123.0,35.0,35.0,0.1199948787689209
40.0,15.0,15.0,0.04085946083068848
89.0,22.0,22.0,0.08725547790527344
54.0,24.0,24.0,0.06229901313781738
28.0,10.0,10.0,0.026119709014892578
80.0,31.0,31.0,0.07165956497192383
80.0,24.0,24.0,0.0630791187286377
17.0,5.0,5.0,0.016973018646240234
31.0,17.0,17.0,0.03158307075500488
17.0,7.0,7.0,0.016156435012817383
74.0,20.0,20.0,0.07218194007873535
82.0,21.0,21.0,0.08017587661743164
43.0,20.0,20.0,0.03180885314941406
38.0,17.0,17.0,0.02855372428894043
36.0,15.0,15.0,0.03624320030212402
33.0,15.0,15.0,0.023334026336669922
46.0,15.0,15.0,0.04172968864440918
39.0,14.0,14.0,0.03801727294921875
36.0,16.0,16.0,0.030937671661376953
70.0,16.0,16.0,0.0621337890625
86.0,24.0,24.0,0.0631718635559082
83.0,32.0,32.0,0.07016491889953613
46.0,22.0,22.0,0.04660320281982422
27.0,16.0,16.0,0.02285480499267578
28.0,15.0,15.0,0.024054288864135742
66.0,21.0,21.0,0.0613551139831543
54.0,14.0,14.0,0.05865740776062012
43.0,8.0,8.0,0.03997516632080078
76.0,21.0,21.0,0.06284427642822266
29.0,12.0,12.0,0.030388355255126953
30.0,11.0,11.0,0.025718212127685547
43.0,7.0,7.0,0.033445119857788086
49.0,21.0,21.0,0.042845964431762695
31.0,18.0,18.0,0.027374267578125
24.0,9.0,9.0,0.01871633529663086
16.0,4.0,4.0,0.015966176986694336
48.0,14.0,14.0,0.04588603973388672
26.0,10.0,10.0,0.019801855087280273
42.0,20.0,20.0,0.03543567657470703
82.0,48.0,48.0,0.0794382095336914
80.0,18.0,18.0,0.07823753356933594
47.0,18.0,18.0,0.03645443916320801
64.0,17.0,17.0,0.049921274185180664
22.0,11.0,11.0,0.01830315589904785
42.0,18.0,18.0,0.03943037986755371
47.0,20.0,20.0,0.0366818904876709
89.0,34.0,34.0,0.07888674736022949
29.0,14.0,14.0,0.024500370025634766
74.0,32.0,32.0,0.09295034408569336
86.0,37.0,37.0,0.09835195541381836
61.0,16.0,16.0,0.07147765159606934
47.0,22.0,22.0,0.040192365646362305
103.0,16.0,16.0,0.08611822128295898
29.0,16.0,16.0,0.02210521697998047
56.0,18.0,18.0,0.05195450782775879
53.0,17.0,17.0,0.045133352279663086
25.0,8.0,8.0,0.02329087257385254
47.0,23.0,23.0,0.044074296951293945
139.0,39.0,39.0,0.12395477294921875
45.0,13.0,13.0,0.0357203483581543
30.0,17.0,17.0,0.03381037712097168
36.0,10.0,10.0,0.03728961944580078
132.0,26.0,26.0,0.11932110786437988
95.0,36.0,36.0,0.08086109161376953
75.0,19.0,19.0,0.06172013282775879
16.0,6.0,6.0,0.013778209686279297
235.0,63.0,63.0,0.19415879249572754
86.0,19.0,19.0,0.077301025390625
122.0,36.0,36.0,0.08829045295715332
74.0,33.0,33.0,0.058680057525634766
94.0,38.0,38.0,0.09087705612182617
101.0,26.0,26.0,0.08483290672302246
25.0,13.0,13.0,0.0239408016204834
87.0,25.0,25.0,0.06959247589111328
49.0,23.0,23.0,0.03556990623474121
71.0,31.0,31.0,0.057822227478027344
26.0,10.0,10.0,0.020472288131713867
37.0,17.0,17.0,0.029140233993530273
45.0,11.0,11.0,0.035109758377075195
168.0,34.0,34.0,0.14905166625976562
35.0,14.0,14.0,0.029072999954223633
102.0,32.0,32.0,0.08519697189331055
17.0,5.0,5.0,0.020203113555908203
110.0,36.0,36.0,0.1388101577758789
38.0,14.0,14.0,0.04434037208557129
32.0,15.0,15.0,0.04623293876647949
131.0,42.0,42.0,0.15047717094421387
77.0,20.0,20.0,0.07934737205505371
62.0,16.0,16.0,0.06045818328857422
19.0,4.0,4.0,0.021851778030395508
44.0,18.0,18.0,0.03710341453552246
17.0,4.0,4.0,0.014599323272705078
19.0,5.0,5.0,0.0186307430267334
47.0,17.0,17.0,0.03771185874938965
18.0,6.0,6.0,0.012402534484863281
65.0,27.0,27.0,0.05940866470336914
24.0,13.0,13.0,0.019706010818481445
29.0,12.0,12.0,0.02783989906311035
26.0,13.0,13.0,0.021959543228149414
102.0,35.0,35.0,0.08549880981445312
45.0,22.0,22.0,0.038010358810424805
33.0,18.0,18.0,0.028791427612304688
69.0,16.0,16.0,0.052501678466796875
38.0,9.0,9.0,0.03764629364013672
24.0,9.0,9.0,0.01833319664001465
103.0,38.0,38.0,0.07175612449645996
49.0,16.0,16.0,0.03341269493103027
92.0,27.0,27.0,0.08380484580993652
16.0,5.0,5.0,0.0169980525970459
84.0,30.0,30.0,0.06936001777648926
85.0,25.0,25.0,0.06789326667785645
30.0,11.0,11.0,0.02998065948486328
28.0,8.0,8.0,0.020468950271606445
41.0,9.0,9.0,0.036368608474731445
48.0,14.0,14.0,0.03844761848449707
32.0,7.0,7.0,0.03158998489379883
66.0,29.0,29.0,0.06184554100036621
69.0,25.0,25.0,0.05689072608947754
45.0,14.0,14.0,0.028735637664794922
29.0,8.0,8.0,0.021659135818481445
31.0,20.0,20.0,0.022823095321655273
46.0,11.0,11.0,0.03921651840209961
86.0,32.0,32.0,0.07887697219848633
130.0,50.0,50.0,0.10697698593139648
41.0,16.0,16.0,0.0337529182434082
22.0,9.0,9.0,0.015572071075439453
34.0,15.0,15.0,0.028046846389770508
31.0,11.0,11.0,0.023344755172729492
27.0,12.0,12.0,0.019123077392578125
17.0,6.0,6.0,0.012913942337036133
47.0,24.0,24.0,0.04248309135437012
23.0,10.0,10.0,0.03271365165710449
16.0,4.0,4.0,0.017958879470825195
29.0,14.0,14.0,0.02430438995361328
37.0,20.0,20.0,0.031020641326904297
26.0,8.0,8.0,0.02135181427001953
30.0,18.0,18.0,0.024355411529541016
35.0,15.0,15.0,0.02791285514831543
22.0,4.0,4.0,0.018273115158081055
23.0,13.0,13.0,0.019001483917236328
62.0,25.0,25.0,0.054090261459350586
86.0,23.0,23.0,0.061224937438964844
26.0,14.0,14.0,0.020056962966918945
41.0,13.0,13.0,0.028184175491333008
68.0,26.0,26.0,0.05540299415588379
23.0,11.0,11.0,0.017774581909179688
54.0,16.0,16.0,0.03852343559265137
36.0,21.0,21.0,0.0237734317779541
44.0,12.0,12.0,0.03211474418640137
30.0,8.0,8.0,0.02714395523071289
114.0,33.0,33.0,0.1025242805480957
34.0,10.0,10.0,0.04022669792175293
35.0,13.0,13.0,0.02871394157409668
26.0,7.0,7.0,0.02005290985107422
36.0,14.0,14.0,0.027780532836914062
31.0,9.0,9.0,0.01768946647644043
39.0,16.0,16.0,0.0395815372467041
36.0,21.0,21.0,0.03105902671813965
131.0,45.0,45.0,0.12776517868041992
44.0,18.0,18.0,0.030063629150390625
32.0,11.0,11.0,0.02632284164428711
48.0,18.0,18.0,0.04381752014160156
33.0,14.0,14.0,0.02700948715209961
62.0,27.0,27.0,0.055245161056518555
31.0,19.0,19.0,0.025016307830810547
29.0,8.0,8.0,0.024323225021362305
23.0,2.0,2.0,0.0169675350189209
48.0,12.0,12.0,0.038576602935791016
28.0,12.0,12.0,0.021699190139770508
66.0,34.0,34.0,0.05362057685852051
38.0,22.0,22.0,0.03390336036682129
48.0,7.0,7.0,0.036516666412353516
18.0,5.0,5.0,0.021060705184936523
207.0,62.0,62.0,0.19735097885131836
48.0,11.0,11.0,0.0364382266998291
70.0,13.0,13.0,0.05855679512023926
52.0,23.0,23.0,0.03940153121948242
110.0,33.0,33.0,0.08227968215942383
28.0,10.0,10.0,0.023342132568359375
32.0,13.0,13.0,0.02792644500732422
23.0,11.0,11.0,0.01784658432006836
58.0,29.0,29.0,0.045250892639160156
41.0,13.0,13.0,0.03211784362792969
72.0,19.0,19.0,0.06003713607788086
79.0,28.0,28.0,0.07797741889953613
17.0,6.0,6.0,0.0187833309173584
27.0,6.0,6.0,0.026417255401611328
136.0,38.0,38.0,0.1274547576904297
47.0,10.0,10.0,0.05088973045349121
22.0,8.0,8.0,0.015005350112915039
53.0,24.0,24.0,0.03679323196411133
46.0,11.0,11.0,0.03288888931274414
89.0,28.0,28.0,0.07968759536743164
23.0,11.0,11.0,0.015644311904907227
55.0,29.0,29.0,0.046625375747680664
31.0,14.0,14.0,0.026984214782714844
25.0,8.0,8.0,0.020874738693237305
34.0,11.0,11.0,0.030751705169677734
22.0,6.0,6.0,0.029653310775756836
60.0,24.0,24.0,0.05745434761047363
24.0,11.0,11.0,0.02103710174560547
44.0,16.0,16.0,0.049863338470458984
32.0,17.0,17.0,0.02736806869506836
169.0,42.0,42.0,0.13964486122131348
52.0,20.0,20.0,0.05200695991516113
35.0,14.0,14.0,0.03340864181518555
183.0,41.0,41.0,0.14596891403198242
125.0,37.0,37.0,0.10638308525085449
24.0,11.0,11.0,0.017836332321166992
19.0,6.0,6.0,0.012123823165893555
15.0,3.0,3.0,0.013390302658081055
42.0,16.0,16.0,0.03660941123962402
34.0,13.0,13.0,0.027727365493774414
77.0,21.0,21.0,0.06237077713012695
37.0,23.0,23.0,0.03270077705383301
34.0,13.0,13.0,0.02847456932067871
138.0,45.0,45.0,0.1215670108795166
30.0,17.0,17.0,0.02966618537902832
30.0,11.0,11.0,0.03545641899108887
34.0,4.0,4.0,0.03740644454956055
101.0,27.0,27.0,0.09816265106201172
29.0,8.0,8.0,0.022606849670410156
22.0,11.0,11.0,0.018317699432373047
41.0,21.0,21.0,0.03683137893676758
33.0,12.0,12.0,0.028097152709960938
26.0,12.0,12.0,0.023211956024169922
52.0,26.0,26.0,0.045858144760131836
61.0,18.0,18.0,0.06644344329833984
35.0,16.0,16.0,0.03131413459777832
110.0,32.0,32.0,0.12245821952819824
58.0,15.0,15.0,0.05562567710876465
90.0,42.0,42.0,0.0797126293182373
26.0,14.0,14.0,0.024437427520751953
35.0,8.0,8.0,0.03204488754272461
23.0,11.0,11.0,0.017899036407470703
60.0,20.0,20.0,0.05603313446044922
22.0,5.0,5.0,0.021863937377929688
26.0,13.0,13.0,0.020923376083374023
56.0,9.0,9.0,0.06063103675842285
87.0,32.0,32.0,0.08226728439331055
24.0,11.0,11.0,0.019492149353027344
30.0,16.0,16.0,0.02816152572631836
34.0,13.0,13.0,0.027703046798706055
25.0,8.0,8.0,0.023136138916015625
108.0,28.0,28.0,0.09809255599975586
36.0,20.0,20.0,0.03807401657104492
164.0,58.0,58.0,0.15247035026550293
28.0,9.0,9.0,0.023950815200805664
46.0,15.0,15.0,0.03927969932556152
17.0,4.0,4.0,0.017652511596679688
63.0,20.0,20.0,0.05118823051452637
35.0,19.0,19.0,0.026116371154785156
40.0,10.0,10.0,0.03738737106323242
62.0,11.0,11.0,0.05444908142089844
23.0,5.0,5.0,0.02338886260986328
35.0,22.0,22.0,0.02890610694885254
159.0,50.0,50.0,0.13023591041564941
62.0,29.0,29.0,0.0461575984954834
170.0,54.0,54.0,0.15588045120239258
51.0,9.0,9.0,0.05287623405456543
145.0,52.0,52.0,0.13663673400878906
33.0,11.0,11.0,0.02768540382385254
41.0,14.0,14.0,0.04490947723388672
65.0,20.0,20.0,0.056932926177978516
27.0,12.0,12.0,0.021614551544189453
135.0,41.0,41.0,0.12473559379577637
84.0,26.0,26.0,0.09049344062805176
35.0,11.0,11.0,0.03802347183227539
60.0,21.0,21.0,0.0644829273223877
23.0,8.0,8.0,0.019877195358276367
46.0,11.0,11.0,0.041847944259643555
102.0,32.0,32.0,0.09506583213806152
25.0,12.0,12.0,0.02584075927734375
74.0,27.0,27.0,0.06504392623901367
44.0,12.0,12.0,0.043355703353881836
194.0,55.0,55.0,0.18067383766174316
109.0,37.0,37.0,0.08871817588806152
24.0,8.0,8.0,0.020208120346069336
43.0,17.0,17.0,0.03655219078063965
68.0,30.0,30.0,0.07151675224304199
62.0,21.0,21.0,0.0654914379119873
59.0,22.0,22.0,0.06040239334106445
29.0,17.0,17.0,0.03315234184265137
213.0,77.0,77.0,0.21116375923156738
32.0,13.0,13.0,0.025893688201904297
32.0,15.0,15.0,0.03095865249633789
62.0,24.0,24.0,0.06981706619262695
33.0,13.0,13.0,0.0328526496887207
101.0,24.0,24.0,0.09723591804504395
43.0,17.0,17.0,0.03645920753479004
52.0,15.0,15.0,0.03986477851867676
58.0,21.0,21.0,0.04785919189453125
41.0,18.0,18.0,0.03431081771850586
16.0,4.0,4.0,0.01633906364440918
24.0,9.0,9.0,0.027055740356445312
129.0,39.0,39.0,0.10359573364257812
43.0,22.0,22.0,0.03499913215637207
73.0,18.0,18.0,0.06107974052429199
44.0,8.0,8.0,0.03943896293640137
99.0,20.0,20.0,0.11727190017700195
107.0,28.0,28.0,0.08924126625061035
78.0,14.0,14.0,0.06943464279174805
38.0,15.0,15.0,0.04009246826171875
51.0,14.0,14.0,0.05845308303833008
116.0,33.0,33.0,0.13706493377685547
68.0,23.0,23.0,0.06708812713623047
58.0,20.0,20.0,0.048521995544433594
38.0,9.0,9.0,0.026318073272705078
32.0,12.0,12.0,0.023952245712280273
42.0,12.0,12.0,0.04328155517578125
41.0,22.0,22.0,0.035207509994506836
34.0,11.0,11.0,0.032227277755737305
158.0,43.0,43.0,0.13110923767089844
48.0,19.0,19.0,0.03573918342590332
23.0,8.0,8.0,0.019212722778320312
44.0,13.0,13.0,0.04129171371459961
30.0,8.0,8.0,0.027027606964111328
56.0,20.0,20.0,0.048461198806762695
66.0,17.0,17.0,0.05132770538330078
62.0,12.0,12.0,0.05050063133239746
73.0,22.0,22.0,0.06543898582458496
27.0,9.0,9.0,0.02473282814025879
87.0,15.0,15.0,0.08218073844909668
24.0,9.0,9.0,0.018955707550048828
20.0,8.0,8.0,0.02024674415588379
24.0,13.0,13.0,0.026502609252929688
30.0,13.0,13.0,0.024903059005737305
28.0,13.0,13.0,0.01944565773010254
141.0,26.0,26.0,0.11731171607971191
34.0,8.0,8.0,0.031096220016479492
75.0,33.0,33.0,0.06396245956420898
20.0,7.0,7.0,0.015628814697265625
140.0,36.0,36.0,0.11824679374694824
127.0,39.0,39.0,0.11223602294921875
26.0,12.0,12.0,0.02147698402404785
133.0,32.0,32.0,0.11545491218566895
17.0,5.0,5.0,0.015944957733154297
20.0,9.0,9.0,0.017256498336791992
37.0,15.0,15.0,0.026669025421142578
123.0,35.0,35.0,0.11017704010009766
27.0,11.0,11.0,0.01906561851501465
100.0,22.0,22.0,0.07567620277404785
46.0,11.0,11.0,0.0358891487121582
68.0,12.0,12.0,0.053621530532836914
51.0,17.0,17.0,0.034258365631103516
51.0,14.0,14.0,0.044814348220825195
57.0,17.0,17.0,0.049920082092285156
27.0,11.0,11.0,0.024785518646240234
26.0,7.0,7.0,0.02061152458190918
31.0,16.0,16.0,0.027463674545288086
43.0,15.0,15.0,0.03907155990600586
97.0,29.0,29.0,0.06827139854431152
80.0,14.0,14.0,0.060101985931396484
61.0,16.0,16.0,0.05117464065551758
42.0,13.0,13.0,0.0352628231048584
35.0,16.0,16.0,0.02734541893005371
17.0,5.0,5.0,0.011849403381347656
17.0,6.0,6.0,0.013909578323364258
42.0,19.0,19.0,0.035889625549316406
135.0,40.0,40.0,0.10690951347351074
22.0,9.0,9.0,0.020025253295898438
51.0,10.0,10.0,0.03904247283935547
65.0,18.0,18.0,0.05004572868347168
80.0,22.0,22.0,0.06595253944396973
25.0,11.0,11.0,0.021177053451538086
225.0,72.0,72.0,0.18361234664916992
23.0,13.0,13.0,0.013761281967163086
57.0,14.0,14.0,0.05235767364501953
71.0,24.0,24.0,0.05885171890258789
57.0,11.0,11.0,0.04662132263183594
32.0,16.0,16.0,0.02337813377380371
65.0,15.0,15.0,0.051223039627075195
147.0,45.0,45.0,0.09864020347595215
93.0,22.0,22.0,0.14325308799743652
80.0,19.0,19.0,0.11347556114196777
33.0,14.0,14.0,0.0525507926940918
15.0,4.0,4.0,0.027101516723632812
29.0,6.0,6.0,0.06455755233764648
50.0,20.0,20.0,0.10991859436035156
37.0,13.0,13.0,0.0771946907043457
28.0,16.0,16.0,0.06501245498657227
56.0,19.0,19.0,0.14608454704284668
78.0,24.0,24.0,0.19205570220947266
28.0,14.0,14.0,0.06285834312438965
79.0,38.0,38.0,0.19284725189208984
62.0,23.0,23.0,0.11368155479431152
61.0,22.0,22.0,0.0982668399810791
32.0,13.0,13.0,0.061095476150512695
23.0,12.0,12.0,0.03590130805969238
93.0,33.0,33.0,0.1520099639892578
49.0,13.0,13.0,0.04908347129821777
101.0,24.0,24.0,0.11343026161193848
103.0,32.0,32.0,0.10287952423095703
52.0,15.0,15.0,0.05376791954040527
33.0,19.0,19.0,0.03690171241760254
25.0,9.0,9.0,0.030570268630981445
24.0,10.0,10.0,0.026002883911132812
55.0,21.0,21.0,0.05766153335571289
70.0,22.0,22.0,0.0705099105834961
24.0,10.0,10.0,0.025127172470092773
20.0,9.0,9.0,0.024014711380004883
122.0,42.0,42.0,0.12294554710388184
22.0,8.0,8.0,0.017307043075561523
31.0,8.0,8.0,0.031295061111450195
33.0,15.0,15.0,0.03394126892089844
40.0,12.0,12.0,0.04082059860229492
89.0,22.0,22.0,0.08094096183776855
21.0,10.0,10.0,0.01848578453063965
41.0,23.0,23.0,0.03776121139526367
24.0,10.0,10.0,0.02470993995666504
41.0,11.0,11.0,0.053469181060791016
15.0,3.0,3.0,0.01777791976928711
41.0,12.0,12.0,0.05870223045349121
182.0,40.0,40.0,0.20320653915405273
109.0,25.0,25.0,0.15057587623596191
103.0,33.0,33.0,0.11362957954406738
22.0,9.0,9.0,0.019925594329833984
29.0,16.0,16.0,0.02496051788330078
29.0,8.0,8.0,0.024634838104248047
116.0,39.0,39.0,0.11203908920288086
28.0,12.0,12.0,0.026929140090942383
24.0,7.0,7.0,0.021213769912719727
106.0,34.0,34.0,0.11538553237915039
86.0,31.0,31.0,0.08967828750610352
24.0,12.0,12.0,0.02921295166015625
16.0,5.0,5.0,0.015606164932250977
22.0,8.0,8.0,0.027456045150756836
84.0,15.0,15.0,0.09339666366577148
36.0,14.0,14.0,0.040052175521850586
49.0,25.0,25.0,0.042938232421875
38.0,13.0,13.0,0.041053056716918945
126.0,39.0,39.0,0.14302968978881836
51.0,16.0,16.0,0.05350351333618164
71.0,17.0,17.0,0.08646345138549805
114.0,32.0,32.0,0.10728049278259277
23.0,8.0,8.0,0.01733851432800293
25.0,12.0,12.0,0.01840996742248535
40.0,16.0,16.0,0.03368949890136719
20.0,6.0,6.0,0.016582965850830078
86.0,30.0,30.0,0.07132911682128906
38.0,13.0,13.0,0.0352327823638916
78.0,32.0,32.0,0.07539582252502441
189.0,65.0,65.0,0.16084909439086914
54.0,30.0,30.0,0.05124330520629883
38.0,10.0,10.0,0.03853464126586914
39.0,7.0,7.0,0.03477835655212402
139.0,38.0,38.0,0.10665273666381836
61.0,29.0,29.0,0.048174381256103516
49.0,14.0,14.0,0.042634010314941406
60.0,24.0,24.0,0.048853158950805664
22.0,11.0,11.0,0.02158069610595703
17.0,5.0,5.0,0.014690399169921875
24.0,7.0,7.0,0.019942283630371094
29.0,11.0,11.0,0.029148340225219727
254.0,62.0,62.0,0.25658106803894043
24.0,5.0,5.0,0.023638248443603516
59.0,19.0,19.0,0.050309181213378906
22.0,11.0,11.0,0.019654273986816406
30.0,11.0,11.0,0.018150806427001953
46.0,20.0,20.0,0.03473162651062012
35.0,20.0,20.0,0.026044845581054688
113.0,29.0,29.0,0.09935593605041504
38.0,8.0,8.0,0.029685020446777344
39.0,12.0,12.0,0.033638954162597656
25.0,4.0,4.0,0.029251575469970703
34.0,14.0,14.0,0.02663135528564453
20.0,8.0,8.0,0.018810272216796875
67.0,33.0,33.0,0.0714573860168457
41.0,12.0,12.0,0.04086709022521973
18.0,4.0,4.0,0.017771244049072266
36.0,12.0,12.0,0.03859710693359375
46.0,25.0,25.0,0.04161572456359863
47.0,16.0,16.0,0.04265260696411133
63.0,24.0,24.0,0.06797575950622559
157.0,37.0,37.0,0.12388753890991211
71.0,26.0,26.0,0.04675865173339844
80.0,32.0,32.0,0.05595684051513672
31.0,6.0,6.0,0.019697904586791992
44.0,24.0,24.0,0.029521703720092773
139.0,41.0,41.0,0.09198546409606934
61.0,14.0,14.0,0.044641971588134766
78.0,31.0,31.0,0.06213855743408203
55.0,16.0,16.0,0.043035030364990234
17.0,5.0,5.0,0.015044450759887695
123.0,33.0,33.0,0.10654354095458984
19.0,9.0,9.0,0.013309955596923828
29.0,15.0,15.0,0.020679712295532227
26.0,6.0,6.0,0.0183413028717041
65.0,18.0,18.0,0.05094027519226074
48.0,16.0,16.0,0.03997230529785156
53.0,8.0,8.0,0.0403439998626709
37.0,16.0,16.0,0.03470420837402344
93.0,34.0,34.0,0.07743668556213379
68.0,26.0,26.0,0.06153225898742676
39.0,22.0,22.0,0.026721715927124023
97.0,25.0,25.0,0.07781052589416504
37.0,14.0,14.0,0.027233362197875977
45.0,17.0,17.0,0.04067873954772949
25.0,10.0,10.0,0.02559041976928711
35.0,17.0,17.0,0.03990936279296875
84.0,30.0,30.0,0.0828249454498291
25.0,11.0,11.0,0.025946378707885742
95.0,42.0,42.0,0.09961581230163574
41.0,10.0,10.0,0.04347491264343262
108.0,38.0,38.0,0.10329771041870117
66.0,23.0,23.0,0.06998729705810547
35.0,23.0,23.0,0.029075145721435547
22.0,10.0,10.0,0.02278733253479004
26.0,15.0,15.0,0.025258541107177734
30.0,16.0,16.0,0.028893232345581055
42.0,8.0,8.0,0.04355597496032715
79.0,19.0,19.0,0.06851696968078613
22.0,9.0,9.0,0.019037246704101562
30.0,9.0,9.0,0.027148008346557617
127.0,27.0,27.0,0.1136476993560791
18.0,6.0,6.0,0.01833367347717285
35.0,12.0,12.0,0.03227591514587402
48.0,15.0,15.0,0.046399593353271484
21.0,10.0,10.0,0.020177125930786133
24.0,13.0,13.0,0.021733522415161133
70.0,32.0,32.0,0.06817412376403809
46.0,24.0,24.0,0.04452085494995117
50.0,27.0,27.0,0.04754757881164551
37.0,13.0,13.0,0.032978057861328125
33.0,7.0,7.0,0.035372257232666016
50.0,23.0,23.0,0.044681549072265625
27.0,11.0,11.0,0.020677566528320312
65.0,34.0,34.0,0.061881065368652344
30.0,10.0,10.0,0.030374526977539062
24.0,8.0,8.0,0.019754886627197266
24.0,10.0,10.0,0.023103952407836914
42.0,15.0,15.0,0.03859996795654297
30.0,13.0,13.0,0.023729801177978516
126.0,28.0,28.0,0.11499500274658203
63.0,19.0,19.0,0.0539555549621582
34.0,15.0,15.0,0.03280353546142578
53.0,13.0,13.0,0.05332064628601074
60.0,24.0,24.0,0.05106782913208008
34.0,16.0,16.0,0.029128074645996094
20.0,6.0,6.0,0.014837265014648438
26.0,10.0,10.0,0.0217740535736084
21.0,9.0,9.0,0.018056154251098633
29.0,8.0,8.0,0.024875640869140625
65.0,27.0,27.0,0.06424927711486816
51.0,14.0,14.0,0.0446932315826416
29.0,14.0,14.0,0.02831554412841797
22.0,9.0,9.0,0.019776344299316406
28.0,15.0,15.0,0.02516627311706543
55.0,15.0,15.0,0.06644463539123535
128.0,33.0,33.0,0.1492002010345459
86.0,29.0,29.0,0.10166382789611816
152.0,38.0,38.0,0.1436936855316162
34.0,14.0,14.0,0.03521370887756348
18.0,5.0,5.0,0.016384601593017578
63.0,22.0,22.0,0.05904650688171387
72.0,22.0,22.0,0.06565093994140625
24.0,9.0,9.0,0.025571823120117188
50.0,16.0,16.0,0.04537343978881836
39.0,23.0,23.0,0.0296328067779541
127.0,46.0,46.0,0.11156558990478516
63.0,19.0,19.0,0.055330753326416016
19.0,7.0,7.0,0.01616644859313965
54.0,18.0,18.0,0.044934988021850586
38.0,13.0,13.0,0.03431582450866699
118.0,35.0,35.0,0.12251543998718262
29.0,11.0,11.0,0.02971482276916504
290.0,75.0,75.0,0.25789666175842285
32.0,12.0,12.0,0.0253753662109375
55.0,16.0,16.0,0.03742384910583496
44.0,26.0,26.0,0.027446508407592773
56.0,14.0,14.0,0.03928637504577637
29.0,10.0,10.0,0.02035665512084961
17.0,5.0,5.0,0.014767169952392578
292.0,55.0,55.0,0.2240128517150879
73.0,24.0,24.0,0.06348896026611328
70.0,21.0,21.0,0.05603837966918945
97.0,36.0,36.0,0.06882023811340332
39.0,12.0,12.0,0.02671194076538086
53.0,14.0,14.0,0.04418587684631348
33.0,20.0,20.0,0.03159666061401367
33.0,14.0,14.0,0.027376413345336914
75.0,25.0,25.0,0.0596318244934082
52.0,19.0,19.0,0.05118751525878906
32.0,13.0,13.0,0.03271484375
25.0,11.0,11.0,0.02234053611755371
32.0,10.0,10.0,0.026540517807006836
114.0,32.0,32.0,0.09226775169372559
25.0,9.0,9.0,0.023149967193603516
25.0,14.0,14.0,0.02407693862915039
43.0,14.0,14.0,0.02652764320373535
35.0,12.0,12.0,0.024555444717407227
166.0,55.0,55.0,0.14320683479309082
65.0,34.0,34.0,0.05204606056213379
85.0,30.0,30.0,0.06752204895019531
47.0,12.0,12.0,0.03445863723754883
62.0,27.0,27.0,0.0501713752746582
33.0,15.0,15.0,0.02356410026550293
49.0,14.0,14.0,0.04326510429382324
145.0,40.0,40.0,0.1173543930053711
221.0,64.0,64.0,0.20395994186401367
42.0,23.0,23.0,0.03142142295837402
126.0,44.0,44.0,0.11445355415344238
48.0,21.0,21.0,0.0327143669128418
64.0,16.0,16.0,0.04102468490600586
105.0,24.0,24.0,0.09963846206665039
34.0,21.0,21.0,0.02754354476928711
36.0,15.0,15.0,0.03615570068359375
47.0,14.0,14.0,0.03964853286743164
53.0,22.0,22.0,0.049871206283569336
75.0,28.0,28.0,0.0682523250579834
19.0,8.0,8.0,0.01653599739074707
141.0,39.0,39.0,0.11227703094482422
49.0,15.0,15.0,0.05181622505187988
95.0,28.0,28.0,0.08165168762207031
82.0,29.0,29.0,0.06897807121276855
26.0,15.0,15.0,0.02624225616455078
20.0,9.0,9.0,0.019872665405273438
65.0,29.0,29.0,0.06668353080749512
72.0,24.0,24.0,0.05922412872314453
48.0,16.0,16.0,0.04940056800842285
38.0,14.0,14.0,0.04313373565673828
53.0,20.0,20.0,0.0579679012298584
97.0,31.0,31.0,0.09234380722045898
36.0,15.0,15.0,0.02912282943725586
48.0,15.0,15.0,0.03588509559631348
29.0,12.0,12.0,0.020235538482666016
24.0,8.0,8.0,0.014501333236694336
104.0,28.0,28.0,0.07906436920166016
32.0,15.0,15.0,0.024721145629882812
52.0,21.0,21.0,0.0407862663269043
120.0,42.0,42.0,0.0995340347290039
141.0,55.0,55.0,0.1079254150390625
74.0,24.0,24.0,0.06053900718688965
25.0,13.0,13.0,0.021357297897338867
26.0,8.0,8.0,0.02065110206604004
38.0,12.0,12.0,0.03101372718811035
23.0,11.0,11.0,0.016300201416015625
48.0,22.0,22.0,0.03868436813354492
12.0,1.0,1.0,0.009401321411132812
38.0,12.0,12.0,0.0308990478515625
31.0,7.0,7.0,0.02287125587463379
47.0,24.0,24.0,0.03866410255432129
66.0,21.0,21.0,0.06616640090942383
50.0,18.0,18.0,0.04971599578857422
31.0,16.0,16.0,0.028014183044433594
20.0,10.0,10.0,0.01736593246459961
76.0,17.0,17.0,0.061812639236450195
30.0,17.0,17.0,0.025717735290527344
16.0,5.0,5.0,0.012325048446655273
25.0,14.0,14.0,0.01714015007019043
110.0,36.0,36.0,0.0829620361328125
99.0,24.0,24.0,0.07573556900024414
76.0,23.0,23.0,0.06219220161437988
44.0,12.0,12.0,0.03231310844421387
57.0,12.0,12.0,0.04923057556152344
57.0,26.0,26.0,0.05177450180053711
58.0,19.0,19.0,0.043677330017089844
18.0,6.0,6.0,0.016217470169067383
150.0,27.0,27.0,0.12004804611206055
14.0,3.0,3.0,0.009527206420898438
80.0,24.0,24.0,0.06691694259643555
68.0,13.0,13.0,0.05042219161987305
18.0,7.0,7.0,0.010149002075195312
96.0,39.0,39.0,0.0757758617401123
103.0,24.0,24.0,0.09161019325256348
44.0,20.0,20.0,0.03721284866333008
65.0,30.0,30.0,0.05337834358215332
112.0,33.0,33.0,0.09877586364746094
41.0,19.0,19.0,0.03718996047973633
167.0,60.0,60.0,0.2149524688720703
53.0,15.0,15.0,0.046848297119140625
60.0,12.0,12.0,0.05586385726928711
26.0,14.0,14.0,0.020416736602783203
19.0,7.0,7.0,0.013808965682983398
64.0,21.0,21.0,0.04720044136047363
32.0,11.0,11.0,0.021043062210083008
30.0,12.0,12.0,0.021158218383789062
37.0,13.0,13.0,0.03460264205932617
93.0,39.0,39.0,0.12876033782958984
34.0,10.0,10.0,0.025300025939941406
52.0,19.0,19.0,0.0381777286529541
68.0,11.0,11.0,0.05175352096557617
30.0,11.0,11.0,0.025951385498046875
121.0,31.0,31.0,0.09412121772766113
159.0,31.0,31.0,0.1415553092956543
113.0,47.0,47.0,0.09023499488830566
53.0,22.0,22.0,0.04628562927246094
27.0,13.0,13.0,0.027425050735473633
26.0,11.0,11.0,0.0274050235748291
78.0,16.0,16.0,0.06656146049499512
79.0,27.0,27.0,0.06900501251220703
35.0,15.0,15.0,0.025813817977905273
58.0,21.0,21.0,0.04299783706665039
43.0,17.0,17.0,0.029085636138916016
24.0,11.0,11.0,0.018553972244262695
22.0,11.0,11.0,0.015743255615234375
132.0,41.0,41.0,0.11121201515197754
32.0,16.0,16.0,0.025838136672973633
43.0,16.0,16.0,0.0473477840423584
110.0,31.0,31.0,0.10587072372436523
79.0,25.0,25.0,0.06923365592956543
69.0,14.0,14.0,0.060518503189086914
78.0,27.0,27.0,0.06531834602355957
92.0,37.0,37.0,0.08227801322937012
32.0,10.0,10.0,0.03265523910522461
22.0,7.0,7.0,0.02237081527709961
61.0,22.0,22.0,0.060422420501708984
35.0,18.0,18.0,0.03332042694091797
95.0,24.0,24.0,0.08543777465820312
164.0,34.0,34.0,0.1326005458831787
26.0,9.0,9.0,0.025133609771728516
83.0,23.0,23.0,0.06739449501037598
105.0,27.0,27.0,0.08307456970214844
116.0,29.0,29.0,0.08452630043029785
33.0,9.0,9.0,0.027948617935180664
24.0,11.0,11.0,0.025669336318969727
31.0,17.0,17.0,0.024084091186523438
26.0,15.0,15.0,0.020643949508666992
17.0,4.0,4.0,0.012010335922241211
56.0,15.0,15.0,0.046686649322509766
41.0,21.0,21.0,0.028919458389282227
67.0,21.0,21.0,0.05310225486755371
82.0,29.0,29.0,0.06566119194030762
88.0,21.0,21.0,0.07004952430725098
36.0,8.0,8.0,0.02925276756286621
29.0,15.0,15.0,0.024488210678100586
46.0,19.0,19.0,0.03186345100402832
21.0,10.0,10.0,0.014161348342895508
106.0,38.0,38.0,0.07864236831665039
28.0,11.0,11.0,0.023967981338500977
38.0,17.0,17.0,0.030759811401367188
29.0,7.0,7.0,0.02462601661682129
24.0,11.0,11.0,0.022199153900146484
44.0,18.0,18.0,0.03791975975036621
59.0,18.0,18.0,0.046991825103759766
20.0,8.0,8.0,0.018317461013793945
15.0,1.0,1.0,0.011538505554199219
52.0,17.0,17.0,0.04951167106628418
23.0,7.0,7.0,0.018182754516601562
22.0,8.0,8.0,0.016917943954467773
60.0,23.0,23.0,0.041671037673950195
18.0,7.0,7.0,0.012669801712036133
29.0,11.0,11.0,0.02196955680847168
120.0,37.0,37.0,0.09110069274902344
135.0,31.0,31.0,0.10515022277832031
55.0,10.0,10.0,0.04901838302612305
63.0,18.0,18.0,0.052710771560668945
93.0,31.0,31.0,0.0748741626739502
58.0,17.0,17.0,0.04715752601623535
29.0,12.0,12.0,0.025713682174682617
40.0,16.0,16.0,0.032677650451660156
22.0,9.0,9.0,0.022461891174316406
45.0,18.0,18.0,0.044927120208740234
22.0,6.0,6.0,0.02262592315673828
26.0,14.0,14.0,0.02893519401550293
32.0,11.0,11.0,0.02837347984313965
56.0,24.0,24.0,0.05560874938964844
19.0,9.0,9.0,0.01526021957397461
30.0,17.0,17.0,0.02969956398010254
48.0,16.0,16.0,0.04444575309753418
70.0,21.0,21.0,0.052484989166259766
32.0,13.0,13.0,0.02305746078491211
24.0,5.0,5.0,0.01959371566772461
85.0,29.0,29.0,0.06721711158752441
30.0,12.0,12.0,0.02396392822265625
105.0,44.0,44.0,0.08798885345458984
47.0,15.0,15.0,0.030918359756469727
40.0,21.0,21.0,0.030023813247680664
43.0,8.0,8.0,0.03347063064575195
24.0,11.0,11.0,0.019896745681762695
29.0,14.0,14.0,0.023868322372436523
48.0,12.0,12.0,0.045754432678222656
88.0,26.0,26.0,0.07950091361999512
24.0,12.0,12.0,0.022068500518798828
34.0,19.0,19.0,0.029278039932250977
20.0,4.0,4.0,0.017023563385009766
30.0,16.0,16.0,0.02418684959411621
62.0,13.0,13.0,0.04371452331542969
41.0,25.0,25.0,0.024891376495361328
66.0,23.0,23.0,0.0561215877532959
19.0,9.0,9.0,0.016660690307617188
76.0,32.0,32.0,0.05035710334777832
22.0,10.0,10.0,0.018942594528198242
33.0,10.0,10.0,0.02659153938293457
53.0,18.0,18.0,0.05574607849121094
27.0,11.0,11.0,0.020238876342773438
28.0,15.0,15.0,0.01878809928894043
58.0,18.0,18.0,0.04957413673400879
80.0,17.0,17.0,0.06002640724182129
20.0,9.0,9.0,0.02198028564453125
23.0,10.0,10.0,0.019117116928100586
61.0,22.0,22.0,0.044415950775146484
121.0,43.0,43.0,0.09241747856140137
40.0,21.0,21.0,0.027506589889526367
23.0,5.0,5.0,0.017897605895996094
27.0,11.0,11.0,0.016331911087036133
39.0,19.0,19.0,0.028414249420166016
51.0,16.0,16.0,0.0507051944732666
54.0,21.0,21.0,0.05023384094238281
41.0,20.0,20.0,0.03374838829040527
48.0,18.0,18.0,0.0424041748046875
169.0,64.0,64.0,0.13455867767333984
88.0,25.0,25.0,0.07646346092224121
61.0,14.0,14.0,0.05385923385620117
31.0,6.0,6.0,0.02611517906188965
25.0,13.0,13.0,0.02017831802368164
36.0,15.0,15.0,0.036287546157836914
63.0,24.0,24.0,0.06417608261108398
31.0,12.0,12.0,0.023700714111328125
161.0,34.0,34.0,0.13822364807128906
68.0,17.0,17.0,0.054853200912475586
145.0,41.0,41.0,0.12381672859191895
30.0,11.0,11.0,0.027433156967163086
69.0,16.0,16.0,0.06463623046875
89.0,29.0,29.0,0.09059500694274902
32.0,10.0,10.0,0.026813507080078125
96.0,25.0,25.0,0.08928608894348145
22.0,9.0,9.0,0.021753311157226562
88.0,32.0,32.0,0.07260298728942871
84.0,24.0,24.0,0.06162285804748535
32.0,15.0,15.0,0.03104233741760254
24.0,8.0,8.0,0.024228334426879883
51.0,9.0,9.0,0.04264044761657715
40.0,13.0,13.0,0.030591726303100586
34.0,9.0,9.0,0.02911996841430664
40.0,9.0,9.0,0.03818392753601074
46.0,17.0,17.0,0.04352164268493652
33.0,13.0,13.0,0.02979302406311035
103.0,28.0,28.0,0.09993386268615723
24.0,6.0,6.0,0.022318363189697266
20.0,6.0,6.0,0.018258333206176758
95.0,30.0,30.0,0.079010009765625
86.0,20.0,20.0,0.07929253578186035
23.0,12.0,12.0,0.021770000457763672
24.0,9.0,9.0,0.022990942001342773
40.0,12.0,12.0,0.0400395393371582
68.0,34.0,34.0,0.06157994270324707
53.0,14.0,14.0,0.04751467704772949
26.0,6.0,6.0,0.02149796485900879
49.0,20.0,20.0,0.053558349609375
17.0,2.0,2.0,0.012725591659545898
81.0,21.0,21.0,0.06608724594116211
30.0,17.0,17.0,0.03208565711975098
55.0,16.0,16.0,0.05268239974975586
101.0,28.0,28.0,0.07262229919433594
25.0,14.0,14.0,0.018379688262939453
42.0,17.0,17.0,0.04230451583862305
39.0,22.0,22.0,0.031179189682006836
40.0,10.0,10.0,0.04206395149230957
24.0,9.0,9.0,0.0244753360748291
51.0,15.0,15.0,0.05222725868225098
53.0,13.0,13.0,0.06576704978942871
25.0,11.0,11.0,0.025751352310180664
136.0,25.0,25.0,0.12452054023742676
26.0,14.0,14.0,0.022502660751342773
125.0,29.0,29.0,0.11865925788879395
29.0,15.0,15.0,0.026378631591796875
49.0,26.0,26.0,0.04047584533691406
160.0,48.0,48.0,0.1418898105621338
36.0,14.0,14.0,0.028118133544921875
191.0,64.0,64.0,0.16486334800720215
37.0,15.0,15.0,0.03763008117675781
18.0,6.0,6.0,0.016777515411376953
38.0,5.0,5.0,0.038880109786987305
82.0,26.0,26.0,0.07480263710021973
22.0,6.0,6.0,0.019230127334594727
32.0,14.0,14.0,0.027048110961914062
34.0,14.0,14.0,0.02198481559753418
53.0,18.0,18.0,0.04695010185241699
90.0,44.0,44.0,0.08713173866271973
138.0,36.0,36.0,0.13109564781188965
27.0,15.0,15.0,0.022773265838623047
43.0,11.0,11.0,0.03830766677856445
52.0,19.0,19.0,0.044381141662597656
72.0,34.0,34.0,0.06672263145446777
32.0,10.0,10.0,0.02547430992126465
34.0,15.0,15.0,0.03281354904174805
43.0,15.0,15.0,0.04355573654174805
103.0,34.0,34.0,0.10199522972106934
51.0,37.0,37.0,0.04360365867614746
23.0,10.0,10.0,0.018463611602783203
39.0,9.0,9.0,0.040598154067993164
130.0,42.0,42.0,0.11682438850402832
27.0,15.0,15.0,0.024727344512939453
45.0,23.0,23.0,0.03453946113586426
110.0,28.0,28.0,0.08558249473571777
50.0,20.0,20.0,0.044062137603759766
152.0,46.0,46.0,0.158738374710083
43.0,11.0,11.0,0.04018592834472656
25.0,10.0,10.0,0.02269768714904785
101.0,34.0,34.0,0.08423423767089844
15.0,2.0,2.0,0.013218402862548828
28.0,14.0,14.0,0.020026683807373047
