Timesteps,Collisions,Steps Waited,Real-Time Elapsed
29.0,0.0,0.0,0.0009562969207763672
78.0,0.0,0.0,0.0019805431365966797
29.0,0.0,0.0,0.0015556812286376953
20.0,0.0,0.0,0.002008676528930664
51.0,1.0,1.0,0.0019986629486083984
44.0,0.0,0.0,0.0009984970092773438
32.0,0.0,0.0,0.0019826889038085938
16.0,0.0,0.0,0.0010004043579101562
51.0,1.0,1.0,0.0019881725311279297
11.0,0.0,0.0,0.0014655590057373047
73.0,0.0,0.0,0.0046384334564208984
20.0,0.0,0.0,0.0014042854309082031
13.0,0.0,0.0,0.0
21.0,0.0,0.0,0.0010075569152832031
59.0,0.0,0.0,0.0033376216888427734
33.0,0.0,0.0,0.002010822296142578
22.0,0.0,0.0,0.0
91.0,0.0,0.0,0.0035507678985595703
69.0,1.0,1.0,0.001999378204345703
37.0,0.0,0.0,0.001003265380859375
22.0,0.0,0.0,0.0010025501251220703
24.0,0.0,0.0,0.001009225845336914
15.0,0.0,0.0,0.0
29.0,0.0,0.0,0.0009999275207519531
16.0,0.0,0.0,0.0
14.0,0.0,0.0,0.0005064010620117188
29.0,0.0,0.0,0.0
40.0,0.0,0.0,0.0010135173797607422
18.0,0.0,0.0,0.001010894775390625
36.0,0.0,0.0,0.0009222030639648438
46.0,0.0,0.0,0.0010111331939697266
56.0,0.0,0.0,0.0014798641204833984
15.0,0.0,0.0,0.0
31.0,0.0,0.0,0.0
35.0,0.0,0.0,0.0
26.0,0.0,0.0,0.0010106563568115234
78.0,0.0,0.0,0.0018935203552246094
103.0,0.0,0.0,0.002684354782104492
15.0,0.0,0.0,0.0
11.0,0.0,0.0,0.0
19.0,0.0,0.0,0.0
18.0,0.0,0.0,0.0
12.0,0.0,0.0,0.0
89.0,0.0,0.0,0.001814126968383789
13.0,0.0,0.0,0.0010025501251220703
12.0,0.0,0.0,0.0
22.0,0.0,0.0,0.0009963512420654297
60.0,0.0,0.0,0.001519918441772461
11.0,0.0,0.0,0.0
34.0,0.0,0.0,0.0009961128234863281
14.0,0.0,0.0,0.0010001659393310547
12.0,0.0,0.0,0.0
122.0,0.0,0.0,0.0029108524322509766
41.0,0.0,0.0,0.0015368461608886719
11.0,0.0,0.0,0.0
49.0,1.0,1.0,0.0015423297882080078
39.0,0.0,0.0,0.0011487007141113281
28.0,0.0,0.0,0.0010068416595458984
45.0,0.0,0.0,0.0010027885437011719
29.0,0.0,0.0,0.0013234615325927734
13.0,0.0,0.0,0.0010752677917480469
34.0,0.0,0.0,0.0
50.0,0.0,0.0,0.0021178722381591797
131.0,1.0,1.0,0.004076719284057617
26.0,0.0,0.0,0.0010144710540771484
33.0,0.0,0.0,0.0
42.0,0.0,0.0,0.0020089149475097656
15.0,0.0,0.0,0.0
26.0,0.0,0.0,0.0011353492736816406
104.0,0.0,0.0,0.0031080245971679688
87.0,0.0,0.0,0.0026595592498779297
44.0,0.0,0.0,0.0009739398956298828
26.0,0.0,0.0,0.0010020732879638672
54.0,0.0,0.0,0.0015671253204345703
15.0,0.0,0.0,0.0
79.0,0.0,0.0,0.0027320384979248047
88.0,0.0,0.0,0.002000570297241211
16.0,0.0,0.0,0.0
69.0,0.0,0.0,0.0018546581268310547
49.0,0.0,0.0,0.0019986629486083984
13.0,0.0,0.0,0.0
39.0,0.0,0.0,0.002108335494995117
29.0,0.0,0.0,0.001008749008178711
17.0,0.0,0.0,0.0010030269622802734
51.0,0.0,0.0,0.001300811767578125
48.0,0.0,0.0,0.002232789993286133
18.0,0.0,0.0,0.0
85.0,0.0,0.0,0.0022454261779785156
61.0,0.0,0.0,0.0019996166229248047
13.0,0.0,0.0,0.0
17.0,0.0,0.0,0.0010159015655517578
15.0,0.0,0.0,0.001007080078125
73.0,0.0,0.0,0.0027954578399658203
21.0,0.0,0.0,0.0
42.0,0.0,0.0,0.001104593276977539
192.0,0.0,0.0,0.005515336990356445
14.0,0.0,0.0,0.0
14.0,0.0,0.0,0.00012946128845214844
67.0,0.0,0.0,0.002093791961669922
23.0,0.0,0.0,0.0
115.0,0.0,0.0,0.002984762191772461
32.0,0.0,0.0,0.0010836124420166016
18.0,0.0,0.0,0.0
11.0,0.0,0.0,0.0
41.0,0.0,0.0,0.0015034675598144531
149.0,0.0,0.0,0.004999876022338867
36.0,0.0,0.0,0.0030503273010253906
41.0,0.0,0.0,0.0010030269622802734
41.0,0.0,0.0,0.001096963882446289
36.0,0.0,0.0,0.0
26.0,0.0,0.0,0.002011537551879883
20.0,0.0,0.0,0.0
23.0,0.0,0.0,0.0015490055084228516
26.0,0.0,0.0,0.0
29.0,0.0,0.0,0.0
40.0,0.0,0.0,0.0010251998901367188
18.0,0.0,0.0,0.0
14.0,0.0,0.0,0.0
91.0,0.0,0.0,0.0038878917694091797
35.0,0.0,0.0,0.0
12.0,0.0,0.0,0.0010077953338623047
13.0,0.0,0.0,0.0005085468292236328
11.0,0.0,0.0,0.0
31.0,0.0,0.0,0.0
18.0,0.0,0.0,0.0
60.0,0.0,0.0,0.0016162395477294922
15.0,0.0,0.0,0.0
41.0,0.0,0.0,0.0015501976013183594
29.0,0.0,0.0,0.0
28.0,0.0,0.0,0.0
21.0,0.0,0.0,0.0
53.0,0.0,0.0,0.0011050701141357422
59.0,0.0,0.0,0.002148151397705078
14.0,0.0,0.0,0.0010118484497070312
28.0,0.0,0.0,0.0010013580322265625
21.0,0.0,0.0,0.0010097026824951172
14.0,0.0,0.0,0.00023174285888671875
38.0,0.0,0.0,0.0012514591217041016
24.0,0.0,0.0,0.0010077953338623047
27.0,0.0,0.0,0.0015034675598144531
109.0,0.0,0.0,0.0029931068420410156
21.0,0.0,0.0,0.0
19.0,0.0,0.0,0.0
30.0,0.0,0.0,0.0
138.0,0.0,0.0,0.003618955612182617
26.0,0.0,0.0,0.0010097026824951172
26.0,0.0,0.0,0.0
20.0,0.0,0.0,0.0
73.0,0.0,0.0,0.002085447311401367
73.0,0.0,0.0,0.002091646194458008
16.0,0.0,0.0,0.0
38.0,0.0,0.0,0.0009965896606445312
14.0,0.0,0.0,0.0
65.0,0.0,0.0,0.002536773681640625
11.0,0.0,0.0,0.0010025501251220703
17.0,0.0,0.0,0.001001119613647461
19.0,0.0,0.0,0.0012187957763671875
27.0,0.0,0.0,0.0011267662048339844
15.0,0.0,0.0,0.0
101.0,1.0,1.0,0.0029840469360351562
46.0,0.0,0.0,0.002002239227294922
97.0,0.0,0.0,0.0035767555236816406
12.0,0.0,0.0,0.0
54.0,0.0,0.0,0.002005338668823242
13.0,0.0,0.0,0.0
11.0,0.0,0.0,0.0
16.0,0.0,0.0,0.0
36.0,0.0,0.0,0.0010073184967041016
28.0,0.0,0.0,0.0
37.0,0.0,0.0,0.0
17.0,0.0,0.0,0.0010213851928710938
11.0,0.0,0.0,0.0
14.0,0.0,0.0,0.0009963512420654297
57.0,0.0,0.0,0.0019562244415283203
17.0,0.0,0.0,0.0
11.0,0.0,0.0,0.0
51.0,0.0,0.0,0.0013346672058105469
68.0,0.0,0.0,0.002632617950439453
16.0,0.0,0.0,0.0
45.0,0.0,0.0,0.0014569759368896484
18.0,0.0,0.0,0.0010142326354980469
91.0,0.0,0.0,0.002512216567993164
11.0,0.0,0.0,0.0
43.0,0.0,0.0,0.0015418529510498047
21.0,0.0,0.0,0.0010123252868652344
63.0,0.0,0.0,0.0020062923431396484
127.0,0.0,0.0,0.004582643508911133
59.0,0.0,0.0,0.0017404556274414062
60.0,0.0,0.0,0.0010328292846679688
81.0,0.0,0.0,0.002508401870727539
15.0,0.0,0.0,0.0
17.0,0.0,0.0,0.0013439655303955078
112.0,1.0,1.0,0.0027658939361572266
58.0,0.0,0.0,0.0019996166229248047
65.0,0.0,0.0,0.002191781997680664
36.0,0.0,0.0,0.0
23.0,0.0,0.0,0.0010132789611816406
23.0,1.0,1.0,0.0
32.0,0.0,0.0,0.00038743019104003906
28.0,0.0,0.0,0.0012335777282714844
11.0,0.0,0.0,0.0010001659393310547
40.0,0.0,0.0,0.0014123916625976562
16.0,0.0,0.0,0.0
26.0,0.0,0.0,0.0
31.0,0.0,0.0,0.0024902820587158203
80.0,0.0,0.0,0.0019996166229248047
46.0,0.0,0.0,0.0011210441589355469
25.0,0.0,0.0,0.0020067691802978516
13.0,0.0,0.0,0.0010111331939697266
25.0,0.0,0.0,0.0010104179382324219
72.0,0.0,0.0,0.0011789798736572266
14.0,0.0,0.0,0.0
20.0,0.0,0.0,0.000997781753540039
43.0,0.0,0.0,0.0009899139404296875
11.0,0.0,0.0,0.0
11.0,0.0,0.0,0.001010894775390625
35.0,0.0,0.0,0.0011644363403320312
40.0,0.0,0.0,0.0010230541229248047
22.0,0.0,0.0,0.0
35.0,0.0,0.0,0.0010085105895996094
14.0,0.0,0.0,0.0015175342559814453
11.0,0.0,0.0,0.0
21.0,0.0,0.0,0.0
15.0,0.0,0.0,0.0010035037994384766
47.0,0.0,0.0,0.0010104179382324219
55.0,0.0,0.0,0.0021009445190429688
41.0,0.0,0.0,0.0010116100311279297
34.0,0.0,0.0,0.0010035037994384766
47.0,1.0,1.0,0.0012538433074951172
13.0,0.0,0.0,0.0009989738464355469
20.0,0.0,0.0,0.0010209083557128906
32.0,1.0,1.0,0.001010894775390625
30.0,0.0,0.0,0.0010051727294921875
30.0,0.0,0.0,0.0010023117065429688
26.0,0.0,0.0,0.0010037422180175781
25.0,0.0,0.0,0.001010894775390625
70.0,0.0,0.0,0.001750946044921875
40.0,0.0,0.0,0.0012521743774414062
23.0,0.0,0.0,0.0010068416595458984
11.0,0.0,0.0,0.0010962486267089844
32.0,0.0,0.0,0.0014429092407226562
18.0,0.0,0.0,0.0005056858062744141
25.0,0.0,0.0,0.0010082721710205078
33.0,0.0,0.0,0.0014269351959228516
18.0,0.0,0.0,0.0
121.0,0.0,0.0,0.004531145095825195
18.0,0.0,0.0,0.0011661052703857422
15.0,0.0,0.0,0.0011425018310546875
23.0,0.0,0.0,0.0
52.0,0.0,0.0,0.0019974708557128906
29.0,0.0,0.0,0.0010459423065185547
41.0,0.0,0.0,0.0010173320770263672
34.0,0.0,0.0,0.0010066032409667969
76.0,0.0,0.0,0.0019905567169189453
14.0,0.0,0.0,0.0010085105895996094
17.0,0.0,0.0,0.0010476112365722656
15.0,0.0,0.0,0.0
75.0,0.0,0.0,0.003335237503051758
17.0,0.0,0.0,0.0010118484497070312
21.0,0.0,0.0,0.0010530948638916016
14.0,0.0,0.0,0.0010008811950683594
129.0,0.0,0.0,0.004044294357299805
71.0,0.0,0.0,0.002341032028198242
38.0,0.0,0.0,0.0009620189666748047
33.0,0.0,0.0,0.0006604194641113281
36.0,0.0,0.0,0.0010440349578857422
59.0,0.0,0.0,0.0020072460174560547
24.0,0.0,0.0,0.0
65.0,0.0,0.0,0.001016855239868164
12.0,0.0,0.0,0.0009996891021728516
64.0,0.0,0.0,0.0020275115966796875
32.0,1.0,1.0,0.0027556419372558594
15.0,0.0,0.0,0.0010004043579101562
29.0,0.0,0.0,0.0010104179382324219
29.0,0.0,0.0,0.0016047954559326172
18.0,0.0,0.0,0.001024007797241211
87.0,0.0,0.0,0.0038726329803466797
71.0,0.0,0.0,0.0019986629486083984
33.0,0.0,0.0,0.001550912857055664
25.0,0.0,0.0,0.0010139942169189453
53.0,1.0,1.0,0.00098419189453125
14.0,0.0,0.0,0.001004934310913086
15.0,0.0,0.0,0.0
68.0,0.0,0.0,0.002317190170288086
35.0,0.0,0.0,0.0005440711975097656
21.0,0.0,0.0,0.0
24.0,0.0,0.0,0.0009953975677490234
27.0,0.0,0.0,0.0010943412780761719
94.0,0.0,0.0,0.003999233245849609
36.0,0.0,0.0,0.00101470947265625
15.0,0.0,0.0,0.0
21.0,0.0,0.0,0.000997781753540039
15.0,0.0,0.0,0.0
61.0,0.0,0.0,0.0019969940185546875
17.0,0.0,0.0,0.0010042190551757812
61.0,0.0,0.0,0.0016160011291503906
19.0,0.0,0.0,0.0
27.0,0.0,0.0,0.0010006427764892578
18.0,0.0,0.0,0.0009987354278564453
24.0,0.0,0.0,0.0006072521209716797
11.0,0.0,0.0,0.0
41.0,0.0,0.0,0.0009295940399169922
63.0,0.0,0.0,0.002501964569091797
11.0,0.0,0.0,0.0
14.0,0.0,0.0,0.00011920928955078125
48.0,0.0,0.0,0.002013683319091797
31.0,0.0,0.0,0.0010051727294921875
14.0,0.0,0.0,0.0
15.0,0.0,0.0,0.0
119.0,0.0,0.0,0.004135847091674805
65.0,0.0,0.0,0.0009984970092773438
20.0,0.0,0.0,0.0010020732879638672
39.0,0.0,0.0,0.0010039806365966797
28.0,0.0,0.0,0.0010106563568115234
15.0,0.0,0.0,0.0
23.0,0.0,0.0,0.0
16.0,0.0,0.0,0.0
31.0,0.0,0.0,0.0
34.0,0.0,0.0,0.0
13.0,0.0,0.0,0.001018524169921875
20.0,0.0,0.0,0.0
18.0,0.0,0.0,0.0005049705505371094
31.0,0.0,0.0,0.0012936592102050781
43.0,0.0,0.0,0.0014388561248779297
23.0,0.0,0.0,0.0011184215545654297
42.0,0.0,0.0,0.0014088153839111328
47.0,0.0,0.0,0.0010821819305419922
140.0,0.0,0.0,0.004712820053100586
19.0,0.0,0.0,0.0
38.0,0.0,0.0,0.0013315677642822266
27.0,0.0,0.0,0.0010077953338623047
55.0,0.0,0.0,0.0010235309600830078
67.0,0.0,0.0,0.0017883777618408203
60.0,0.0,0.0,0.0017001628875732422
56.0,0.0,0.0,0.0017440319061279297
40.0,0.0,0.0,0.0010275840759277344
65.0,0.0,0.0,0.0025162696838378906
28.0,0.0,0.0,0.0031206607818603516
62.0,0.0,0.0,0.003452301025390625
41.0,0.0,0.0,0.002305746078491211
19.0,0.0,0.0,0.00148773193359375
27.0,0.0,0.0,0.001009225845336914
66.0,0.0,0.0,0.0018281936645507812
13.0,0.0,0.0,0.0
48.0,0.0,0.0,0.0012090206146240234
34.0,0.0,0.0,0.002061128616333008
49.0,0.0,0.0,0.0020003318786621094
22.0,0.0,0.0,0.0
21.0,0.0,0.0,0.0010089874267578125
57.0,0.0,0.0,0.0022356510162353516
86.0,0.0,0.0,0.0031464099884033203
27.0,0.0,0.0,0.0010135173797607422
24.0,0.0,0.0,0.0010159015655517578
28.0,0.0,0.0,0.0010118484497070312
85.0,0.0,0.0,0.0024733543395996094
29.0,0.0,0.0,0.001028299331665039
170.0,1.0,1.0,0.004050254821777344
36.0,0.0,0.0,0.0010046958923339844
55.0,0.0,0.0,0.002002716064453125
41.0,0.0,0.0,0.0020062923431396484
12.0,0.0,0.0,0.0
93.0,0.0,0.0,0.002512216567993164
15.0,0.0,0.0,0.0
19.0,0.0,0.0,0.0
20.0,0.0,0.0,0.001074075698852539
12.0,0.0,0.0,0.0010113716125488281
65.0,0.0,0.0,0.0022509098052978516
91.0,0.0,0.0,0.0020301342010498047
11.0,0.0,0.0,0.0
24.0,0.0,0.0,0.0010137557983398438
50.0,0.0,0.0,0.0014369487762451172
17.0,0.0,0.0,0.0011124610900878906
18.0,0.0,0.0,0.00013947486877441406
12.0,0.0,0.0,0.0
28.0,0.0,0.0,0.0012972354888916016
21.0,0.0,0.0,0.0
23.0,0.0,0.0,0.0
56.0,0.0,0.0,0.002103567123413086
52.0,0.0,0.0,0.00103759765625
38.0,0.0,0.0,0.0019910335540771484
20.0,0.0,0.0,0.0
46.0,0.0,0.0,0.0019958019256591797
32.0,0.0,0.0,0.0
36.0,0.0,0.0,0.0019490718841552734
42.0,0.0,0.0,0.001001119613647461
47.0,0.0,0.0,0.002007722854614258
15.0,0.0,0.0,0.0010428428649902344
30.0,0.0,0.0,0.0010144710540771484
31.0,0.0,0.0,0.0
15.0,0.0,0.0,0.0
11.0,0.0,0.0,0.0
57.0,0.0,0.0,0.001996278762817383
12.0,0.0,0.0,0.00012373924255371094
46.0,0.0,0.0,0.0013365745544433594
32.0,0.0,0.0,0.0010089874267578125
42.0,0.0,0.0,0.0019407272338867188
19.0,0.0,0.0,0.0
95.0,0.0,0.0,0.002526521682739258
28.0,0.0,0.0,0.002197742462158203
18.0,0.0,0.0,0.0
82.0,0.0,0.0,0.0025336742401123047
114.0,0.0,0.0,0.003969669342041016
25.0,0.0,0.0,0.0
27.0,0.0,0.0,0.0
14.0,0.0,0.0,0.0010251998901367188
20.0,0.0,0.0,0.0
77.0,0.0,0.0,0.0021865367889404297
42.0,0.0,0.0,0.0010039806365966797
12.0,0.0,0.0,0.0010154247283935547
100.0,0.0,0.0,0.0020058155059814453
25.0,0.0,0.0,0.0010025501251220703
44.0,0.0,0.0,0.0010008811950683594
14.0,0.0,0.0,0.0010156631469726562
85.0,0.0,0.0,0.002007722854614258
16.0,0.0,0.0,0.0010056495666503906
30.0,0.0,0.0,0.0
20.0,0.0,0.0,0.0
65.0,0.0,0.0,0.0025272369384765625
13.0,0.0,0.0,0.0
24.0,0.0,0.0,0.001215219497680664
86.0,0.0,0.0,0.002012014389038086
22.0,0.0,0.0,0.0
14.0,0.0,0.0,0.0
11.0,0.0,0.0,0.0
38.0,0.0,0.0,0.0012309551239013672
63.0,0.0,0.0,0.0025086402893066406
40.0,0.0,0.0,0.001065969467163086
22.0,0.0,0.0,0.0010004043579101562
11.0,0.0,0.0,0.0010030269622802734
31.0,1.0,1.0,0.001409769058227539
12.0,0.0,0.0,0.00027060508728027344
36.0,0.0,0.0,0.0014653205871582031
15.0,0.0,0.0,0.0010004043579101562
70.0,0.0,0.0,0.002131938934326172
102.0,0.0,0.0,0.002536296844482422
95.0,0.0,0.0,0.002998828887939453
18.0,0.0,0.0,0.0010001659393310547
45.0,0.0,0.0,0.0010232925415039062
53.0,0.0,0.0,0.002000093460083008
54.0,0.0,0.0,0.0019974708557128906
14.0,0.0,0.0,0.0
19.0,0.0,0.0,0.0010161399841308594
63.0,0.0,0.0,0.002095937728881836
37.0,0.0,0.0,0.0015158653259277344
48.0,0.0,0.0,0.004002571105957031
73.0,0.0,0.0,0.0047872066497802734
41.0,0.0,0.0,0.0036737918853759766
14.0,0.0,0.0,0.0
47.0,0.0,0.0,0.0015904903411865234
16.0,0.0,0.0,0.0
28.0,0.0,0.0,0.0010082721710205078
23.0,0.0,0.0,0.0
50.0,0.0,0.0,0.0012640953063964844
26.0,0.0,0.0,0.0010190010070800781
11.0,0.0,0.0,0.0
44.0,0.0,0.0,0.0012884140014648438
48.0,0.0,0.0,0.00232696533203125
69.0,0.0,0.0,0.0022025108337402344
25.0,0.0,0.0,0.00017881393432617188
14.0,0.0,0.0,0.0011212825775146484
27.0,0.0,0.0,0.0010793209075927734
37.0,0.0,0.0,0.001348733901977539
57.0,0.0,0.0,0.0021963119506835938
18.0,0.0,0.0,0.0010089874267578125
133.0,0.0,0.0,0.004090070724487305
38.0,0.0,0.0,0.0010349750518798828
92.0,1.0,1.0,0.002997875213623047
11.0,0.0,0.0,0.0010437965393066406
30.0,0.0,0.0,0.0009982585906982422
12.0,0.0,0.0,0.0
37.0,0.0,0.0,0.0010004043579101562
51.0,1.0,1.0,0.002036571502685547
116.0,0.0,0.0,0.003017902374267578
12.0,0.0,0.0,0.0009386539459228516
46.0,0.0,0.0,0.001093149185180664
41.0,0.0,0.0,0.0010104179382324219
21.0,0.0,0.0,0.0
47.0,0.0,0.0,0.0020568370819091797
13.0,0.0,0.0,0.001007080078125
11.0,0.0,0.0,0.0
20.0,0.0,0.0,0.0010013580322265625
19.0,0.0,0.0,0.0
17.0,0.0,0.0,0.0
35.0,0.0,0.0,0.0014188289642333984
44.0,0.0,0.0,0.0015010833740234375
11.0,0.0,0.0,0.0
37.0,0.0,0.0,0.0014078617095947266
15.0,0.0,0.0,0.0009932518005371094
13.0,0.0,0.0,0.0
44.0,0.0,0.0,0.0019979476928710938
54.0,0.0,0.0,0.002198934555053711
76.0,0.0,0.0,0.003001689910888672
15.0,0.0,0.0,0.0
32.0,0.0,0.0,0.0019037723541259766
18.0,0.0,0.0,0.0010409355163574219
23.0,0.0,0.0,0.0009961128234863281
110.0,0.0,0.0,0.0030074119567871094
20.0,0.0,0.0,0.0
26.0,0.0,0.0,0.0011339187622070312
55.0,0.0,0.0,0.0020487308502197266
62.0,0.0,0.0,0.0019989013671875
44.0,0.0,0.0,0.0024809837341308594
39.0,0.0,0.0,0.0014767646789550781
14.0,0.0,0.0,0.0
21.0,0.0,0.0,0.0013012886047363281
28.0,0.0,0.0,0.0
37.0,0.0,0.0,0.0013828277587890625
59.0,0.0,0.0,0.0020084381103515625
94.0,0.0,0.0,0.002926349639892578
12.0,0.0,0.0,0.0010142326354980469
27.0,0.0,0.0,0.001409769058227539
44.0,0.0,0.0,0.0019996166229248047
44.0,0.0,0.0,0.0015287399291992188
36.0,0.0,0.0,0.0010077953338623047
26.0,0.0,0.0,0.0023734569549560547
32.0,0.0,0.0,0.001032114028930664
15.0,0.0,0.0,0.0
31.0,0.0,0.0,0.001012563705444336
16.0,0.0,0.0,0.0010066032409667969
21.0,0.0,0.0,0.0010333061218261719
15.0,0.0,0.0,0.0
11.0,0.0,0.0,0.0
19.0,0.0,0.0,0.0
35.0,0.0,0.0,0.0010635852813720703
139.0,0.0,0.0,0.004567146301269531
35.0,0.0,0.0,0.0020008087158203125
58.0,0.0,0.0,0.001493692398071289
36.0,0.0,0.0,0.001007080078125
54.0,0.0,0.0,0.0024209022521972656
59.0,0.0,0.0,0.0026559829711914062
39.0,0.0,0.0,0.0010142326354980469
20.0,0.0,0.0,0.002003908157348633
105.0,1.0,1.0,0.0036673545837402344
41.0,0.0,0.0,0.0009903907775878906
54.0,0.0,0.0,0.002389192581176758
113.0,0.0,0.0,0.003641843795776367
38.0,0.0,0.0,0.0009717941284179688
21.0,0.0,0.0,0.0
18.0,0.0,0.0,0.0
36.0,0.0,0.0,0.0014774799346923828
19.0,0.0,0.0,0.0010101795196533203
15.0,0.0,0.0,0.0010547637939453125
55.0,0.0,0.0,0.002005338668823242
73.0,0.0,0.0,0.0026464462280273438
27.0,0.0,0.0,0.0010166168212890625
75.0,0.0,0.0,0.0018701553344726562
90.0,0.0,0.0,0.004735469818115234
29.0,0.0,0.0,0.0009996891021728516
23.0,0.0,0.0,0.0009605884552001953
17.0,0.0,0.0,0.0
42.0,0.0,0.0,0.0016078948974609375
32.0,0.0,0.0,0.0
41.0,0.0,0.0,0.0020809173583984375
32.0,0.0,0.0,0.001009225845336914
42.0,0.0,0.0,0.0010695457458496094
20.0,0.0,0.0,0.0010843276977539062
60.0,0.0,0.0,0.0018658638000488281
39.0,0.0,0.0,0.001996278762817383
21.0,0.0,0.0,0.0
78.0,1.0,1.0,0.001960277557373047
14.0,0.0,0.0,0.0
33.0,0.0,0.0,0.001495361328125
16.0,0.0,0.0,0.0
15.0,0.0,0.0,0.0009286403656005859
12.0,0.0,0.0,0.0010128021240234375
13.0,0.0,0.0,0.0
36.0,1.0,1.0,0.0010089874267578125
17.0,0.0,0.0,0.0
106.0,0.0,0.0,0.0023016929626464844
31.0,0.0,0.0,0.0010137557983398438
19.0,0.0,0.0,0.0
11.0,0.0,0.0,0.0
14.0,0.0,0.0,0.0010151863098144531
22.0,0.0,0.0,0.0
40.0,0.0,0.0,0.001523733139038086
30.0,0.0,0.0,0.0
107.0,1.0,1.0,0.0026078224182128906
75.0,0.0,0.0,0.002193927764892578
34.0,0.0,0.0,0.0010123252868652344
41.0,0.0,0.0,0.0020084381103515625
41.0,0.0,0.0,0.0011682510375976562
39.0,1.0,1.0,0.0009913444519042969
17.0,0.0,0.0,0.0005102157592773438
53.0,0.0,0.0,0.002150297164916992
22.0,0.0,0.0,0.001013040542602539
17.0,0.0,0.0,0.0
15.0,0.0,0.0,0.0010106563568115234
14.0,0.0,0.0,0.0005469322204589844
29.0,0.0,0.0,0.0
38.0,0.0,0.0,0.001013040542602539
31.0,0.0,0.0,0.0
29.0,0.0,0.0,0.0021514892578125
13.0,0.0,0.0,0.0
50.0,0.0,0.0,0.0015168190002441406
63.0,0.0,0.0,0.0015413761138916016
17.0,0.0,0.0,0.00099945068359375
35.0,0.0,0.0,0.001264810562133789
86.0,0.0,0.0,0.002665996551513672
67.0,0.0,0.0,0.0017430782318115234
12.0,0.0,0.0,0.0
18.0,0.0,0.0,0.0
14.0,0.0,0.0,0.0
45.0,0.0,0.0,0.0010898113250732422
16.0,0.0,0.0,0.0
20.0,0.0,0.0,0.0
31.0,0.0,0.0,0.0010063648223876953
23.0,0.0,0.0,0.0009250640869140625
20.0,0.0,0.0,0.0005733966827392578
24.0,0.0,0.0,0.001352548599243164
48.0,0.0,0.0,0.0010039806365966797
11.0,0.0,0.0,0.0
34.0,0.0,0.0,0.0016024112701416016
17.0,0.0,0.0,0.0016551017761230469
29.0,0.0,0.0,0.0005080699920654297
55.0,0.0,0.0,0.0020062923431396484
18.0,0.0,0.0,0.0010094642639160156
13.0,0.0,0.0,0.0
21.0,0.0,0.0,0.0010190010070800781
28.0,0.0,0.0,0.0010113716125488281
34.0,0.0,0.0,0.0010540485382080078
35.0,0.0,0.0,0.0012438297271728516
29.0,0.0,0.0,0.0015361309051513672
86.0,0.0,0.0,0.0027189254760742188
25.0,0.0,0.0,0.0
16.0,0.0,0.0,0.0
22.0,0.0,0.0,0.001003265380859375
35.0,0.0,0.0,0.0014145374298095703
33.0,1.0,1.0,0.0
13.0,0.0,0.0,0.0010488033294677734
32.0,0.0,0.0,0.0009999275207519531
11.0,0.0,0.0,0.0
79.0,0.0,0.0,0.0031223297119140625
97.0,0.0,0.0,0.002626657485961914
36.0,0.0,0.0,0.001959085464477539
23.0,1.0,1.0,0.0010907649993896484
133.0,0.0,0.0,0.00403285026550293
27.0,0.0,0.0,0.0009286403656005859
20.0,0.0,0.0,0.0
36.0,0.0,0.0,0.001153707504272461
62.0,0.0,0.0,0.003020048141479492
58.0,0.0,0.0,0.0020322799682617188
56.0,0.0,0.0,0.001995563507080078
78.0,0.0,0.0,0.0023832321166992188
19.0,0.0,0.0,0.0
35.0,0.0,0.0,0.0010907649993896484
67.0,0.0,0.0,0.0014832019805908203
13.0,0.0,0.0,0.0010020732879638672
16.0,0.0,0.0,0.0
30.0,0.0,0.0,0.0011966228485107422
11.0,0.0,0.0,0.0
16.0,0.0,0.0,0.0
36.0,0.0,0.0,0.0014843940734863281
15.0,0.0,0.0,0.0010056495666503906
13.0,0.0,0.0,0.00033926963806152344
123.0,0.0,0.0,0.0027222633361816406
11.0,0.0,0.0,0.0009396076202392578
27.0,0.0,0.0,0.0009677410125732422
55.0,0.0,0.0,0.0015139579772949219
109.0,0.0,0.0,0.0030210018157958984
19.0,0.0,0.0,0.0014300346374511719
20.0,0.0,0.0,0.0011720657348632812
18.0,0.0,0.0,0.0
65.0,0.0,0.0,0.002012968063354492
26.0,0.0,0.0,0.0005061626434326172
18.0,0.0,0.0,0.0010039806365966797
19.0,0.0,0.0,0.0
27.0,0.0,0.0,0.0010099411010742188
15.0,0.0,0.0,0.0
16.0,0.0,0.0,0.0
13.0,0.0,0.0,0.0
83.0,0.0,0.0,0.003293275833129883
28.0,0.0,0.0,0.0
13.0,0.0,0.0,0.0010106563568115234
36.0,0.0,0.0,0.002000093460083008
34.0,0.0,0.0,0.0015735626220703125
25.0,0.0,0.0,0.0
19.0,0.0,0.0,0.0
32.0,0.0,0.0,0.0015361309051513672
18.0,0.0,0.0,0.0014684200286865234
12.0,0.0,0.0,0.0
38.0,0.0,0.0,0.0010137557983398438
24.0,0.0,0.0,0.0
35.0,0.0,0.0,0.0010080337524414062
23.0,0.0,0.0,0.0010123252868652344
18.0,0.0,0.0,0.001032114028930664
28.0,0.0,0.0,0.0009996891021728516
37.0,0.0,0.0,0.0009996891021728516
14.0,0.0,0.0,0.0
42.0,0.0,0.0,0.0018851757049560547
11.0,0.0,0.0,0.0
49.0,0.0,0.0,0.0010066032409667969
20.0,0.0,0.0,0.0
13.0,0.0,0.0,0.001180887222290039
80.0,0.0,0.0,0.002086639404296875
52.0,0.0,0.0,0.0019996166229248047
14.0,0.0,0.0,0.0
27.0,0.0,0.0,0.0010006427764892578
38.0,0.0,0.0,0.0020148754119873047
32.0,0.0,0.0,0.0009751319885253906
46.0,0.0,0.0,0.0015594959259033203
24.0,0.0,0.0,0.0011093616485595703
40.0,0.0,0.0,0.001253366470336914
22.0,0.0,0.0,0.001247406005859375
22.0,0.0,0.0,0.0010001659393310547
14.0,0.0,0.0,0.0010001659393310547
77.0,0.0,0.0,0.004121541976928711
49.0,1.0,1.0,0.002020120620727539
25.0,0.0,0.0,0.0010166168212890625
86.0,0.0,0.0,0.005149364471435547
25.0,0.0,0.0,0.0021867752075195312
20.0,0.0,0.0,0.0010724067687988281
14.0,0.0,0.0,0.0010101795196533203
13.0,0.0,0.0,0.0012240409851074219
21.0,1.0,1.0,0.0012049674987792969
73.0,0.0,0.0,0.003148794174194336
62.0,0.0,0.0,0.001401662826538086
20.0,0.0,0.0,0.0010142326354980469
101.0,0.0,0.0,0.004544258117675781
32.0,0.0,0.0,0.0
16.0,0.0,0.0,0.0010552406311035156
19.0,0.0,0.0,0.0010449886322021484
23.0,0.0,0.0,0.0011577606201171875
22.0,0.0,0.0,0.0010807514190673828
24.0,0.0,0.0,0.001249551773071289
12.0,0.0,0.0,0.0009982585906982422
17.0,0.0,0.0,0.0011200904846191406
12.0,0.0,0.0,0.0022001266479492188
34.0,0.0,0.0,0.002223491668701172
12.0,0.0,0.0,0.000990152359008789
63.0,0.0,0.0,0.0011210441589355469
20.0,0.0,0.0,0.0
66.0,0.0,0.0,0.0029997825622558594
59.0,1.0,1.0,0.0022933483123779297
11.0,0.0,0.0,0.0005857944488525391
11.0,0.0,0.0,0.00047898292541503906
13.0,0.0,0.0,0.0010106563568115234
143.0,0.0,0.0,0.0047643184661865234
46.0,0.0,0.0,0.0015327930450439453
32.0,0.0,0.0,0.0010590553283691406
56.0,0.0,0.0,0.002248525619506836
17.0,0.0,0.0,0.0013463497161865234
38.0,0.0,0.0,0.0010378360748291016
34.0,0.0,0.0,0.001157522201538086
16.0,0.0,0.0,0.001039266586303711
18.0,0.0,0.0,0.0006127357482910156
21.0,0.0,0.0,0.0005543231964111328
37.0,0.0,0.0,0.0011990070343017578
40.0,0.0,0.0,0.0010609626770019531
22.0,0.0,0.0,0.0014181137084960938
86.0,0.0,0.0,0.0032088756561279297
38.0,0.0,0.0,0.0013668537139892578
113.0,0.0,0.0,0.0034646987915039062
33.0,0.0,0.0,0.0010671615600585938
56.0,1.0,1.0,0.002577543258666992
15.0,0.0,0.0,0.0005209445953369141
14.0,0.0,0.0,0.00054931640625
13.0,0.0,0.0,0.0005354881286621094
33.0,0.0,0.0,0.0017058849334716797
40.0,0.0,0.0,0.0015647411346435547
27.0,0.0,0.0,0.0011544227600097656
38.0,0.0,0.0,0.001043081283569336
38.0,0.0,0.0,0.0010535717010498047
14.0,0.0,0.0,0.0010554790496826172
49.0,0.0,0.0,0.0024805068969726562
28.0,0.0,0.0,0.0011165142059326172
12.0,0.0,0.0,0.0005326271057128906
37.0,1.0,1.0,0.0012173652648925781
12.0,0.0,0.0,0.0008697509765625
33.0,0.0,0.0,0.0017921924591064453
15.0,0.0,0.0,0.0010631084442138672
14.0,0.0,0.0,0.0005211830139160156
44.0,0.0,0.0,0.0014319419860839844
18.0,0.0,0.0,0.0005366802215576172
17.0,0.0,0.0,0.0005304813385009766
23.0,0.0,0.0,0.0005311965942382812
18.0,0.0,0.0,0.0005331039428710938
53.0,0.0,0.0,0.0015156269073486328
23.0,0.0,0.0,0.0
15.0,0.0,0.0,0.0005359649658203125
11.0,0.0,0.0,0.0
64.0,0.0,0.0,0.0020096302032470703
27.0,0.0,0.0,0.0
12.0,0.0,0.0,0.0010144710540771484
21.0,0.0,0.0,0.0
97.0,0.0,0.0,0.003014087677001953
27.0,0.0,0.0,0.0011699199676513672
12.0,0.0,0.0,0.0
81.0,0.0,0.0,0.002307415008544922
43.0,0.0,0.0,0.0015063285827636719
28.0,0.0,0.0,0.0010116100311279297
12.0,0.0,0.0,0.0010156631469726562
11.0,0.0,0.0,0.0010149478912353516
24.0,0.0,0.0,0.0
26.0,0.0,0.0,0.0010111331939697266
17.0,0.0,0.0,0.0
25.0,0.0,0.0,0.0009992122650146484
75.0,0.0,0.0,0.0025634765625
15.0,0.0,0.0,0.0010194778442382812
59.0,0.0,0.0,0.0020074844360351562
18.0,0.0,0.0,0.0
49.0,0.0,0.0,0.0019071102142333984
47.0,0.0,0.0,0.0011034011840820312
20.0,0.0,0.0,0.0
11.0,0.0,0.0,0.0
11.0,0.0,0.0,0.0
14.0,0.0,0.0,0.0
29.0,0.0,0.0,0.0
23.0,0.0,0.0,0.0010094642639160156
49.0,0.0,0.0,0.00200653076171875
11.0,0.0,0.0,0.001010894775390625
27.0,0.0,0.0,0.0009968280792236328
52.0,0.0,0.0,0.001483917236328125
28.0,0.0,0.0,0.001001119613647461
86.0,0.0,0.0,0.0019991397857666016
20.0,0.0,0.0,0.0010020732879638672
50.0,0.0,0.0,0.001005411148071289
36.0,0.0,0.0,0.0015294551849365234
21.0,0.0,0.0,0.0010104179382324219
12.0,0.0,0.0,0.000997304916381836
45.0,1.0,1.0,0.0010023117065429688
16.0,0.0,0.0,0.0013828277587890625
45.0,0.0,0.0,0.0015802383422851562
34.0,0.0,0.0,0.0
38.0,1.0,1.0,0.0010123252868652344
52.0,0.0,0.0,0.0013506412506103516
16.0,0.0,0.0,0.0
26.0,2.0,2.0,0.0010080337524414062
20.0,0.0,0.0,0.0
11.0,0.0,0.0,0.0
18.0,0.0,0.0,0.0012595653533935547
27.0,0.0,0.0,0.0011882781982421875
73.0,0.0,0.0,0.0012078285217285156
59.0,0.0,0.0,0.0012021064758300781
39.0,0.0,0.0,0.002351999282836914
30.0,0.0,0.0,0.0
20.0,0.0,0.0,0.0
65.0,0.0,0.0,0.0013129711151123047
41.0,0.0,0.0,0.002122640609741211
14.0,0.0,0.0,0.0
63.0,0.0,0.0,0.0020112991333007812
11.0,0.0,0.0,0.0013194084167480469
19.0,0.0,0.0,0.001001119613647461
16.0,1.0,1.0,0.0010113716125488281
56.0,0.0,0.0,0.002511262893676758
12.0,0.0,0.0,0.0012753009796142578
21.0,0.0,0.0,0.0010008811950683594
14.0,0.0,0.0,0.0
12.0,0.0,0.0,0.0
13.0,0.0,0.0,0.001001596450805664
16.0,0.0,0.0,0.0
16.0,0.0,0.0,0.0
24.0,0.0,0.0,0.0
44.0,0.0,0.0,0.0011515617370605469
15.0,0.0,0.0,0.0010099411010742188
29.0,0.0,0.0,0.0
32.0,0.0,0.0,0.0
37.0,0.0,0.0,0.0010085105895996094
71.0,0.0,0.0,0.0016865730285644531
31.0,0.0,0.0,0.0010113716125488281
19.0,0.0,0.0,0.0
23.0,0.0,0.0,0.0011785030364990234
113.0,0.0,0.0,0.003618955612182617
15.0,0.0,0.0,0.0
40.0,0.0,0.0,0.0014128684997558594
12.0,0.0,0.0,0.0
24.0,0.0,0.0,0.0
23.0,1.0,1.0,0.0010013580322265625
21.0,0.0,0.0,0.0010106563568115234
12.0,0.0,0.0,0.0005068778991699219
23.0,0.0,0.0,0.0010075569152832031
60.0,0.0,0.0,0.001996755599975586
50.0,0.0,0.0,0.002529621124267578
14.0,0.0,0.0,0.0011289119720458984
43.0,0.0,0.0,0.001007080078125
64.0,0.0,0.0,0.0022192001342773438
11.0,0.0,0.0,0.0010166168212890625
24.0,0.0,0.0,0.0
12.0,0.0,0.0,0.0010137557983398438
24.0,0.0,0.0,0.0
13.0,0.0,0.0,0.0010001659393310547
20.0,0.0,0.0,0.0
20.0,0.0,0.0,0.0
47.0,0.0,0.0,0.0009946823120117188
13.0,0.0,0.0,0.0
17.0,0.0,0.0,0.0
28.0,0.0,0.0,0.0005064010620117188
42.0,0.0,0.0,0.0012431144714355469
76.0,0.0,0.0,0.002606630325317383
28.0,0.0,0.0,0.0
23.0,0.0,0.0,0.0
59.0,0.0,0.0,0.0018553733825683594
42.0,0.0,0.0,0.0021615028381347656
86.0,0.0,0.0,0.0025281906127929688
78.0,0.0,0.0,0.001514434814453125
95.0,0.0,0.0,0.003000974655151367
43.0,0.0,0.0,0.0015184879302978516
44.0,0.0,0.0,0.001005411148071289
59.0,0.0,0.0,0.001708984375
22.0,0.0,0.0,0.0
21.0,0.0,0.0,0.0005040168762207031
18.0,0.0,0.0,0.001009225845336914
29.0,0.0,0.0,0.0
21.0,0.0,0.0,0.0010085105895996094
11.0,0.0,0.0,0.0
71.0,0.0,0.0,0.0021376609802246094
106.0,0.0,0.0,0.0030219554901123047
36.0,0.0,0.0,0.0010030269622802734
192.0,0.0,0.0,0.005658626556396484
33.0,0.0,0.0,0.0010094642639160156
12.0,0.0,0.0,0.0
15.0,0.0,0.0,0.0
33.0,0.0,0.0,0.0015857219696044922
11.0,0.0,0.0,0.0
40.0,0.0,0.0,0.0014183521270751953
50.0,0.0,0.0,0.0025186538696289062
80.0,0.0,0.0,0.0019478797912597656
18.0,0.0,0.0,0.0018856525421142578
16.0,0.0,0.0,0.0
33.0,0.0,0.0,0.0
16.0,0.0,0.0,0.0010132789611816406
68.0,0.0,0.0,0.0022068023681640625
19.0,0.0,0.0,0.0010089874267578125
55.0,0.0,0.0,0.0020189285278320312
12.0,0.0,0.0,0.0
27.0,0.0,0.0,0.0010101795196533203
13.0,0.0,0.0,0.0
38.0,0.0,0.0,0.0009999275207519531
77.0,1.0,1.0,0.003098726272583008
28.0,0.0,0.0,0.0010132789611816406
52.0,0.0,0.0,0.001986265182495117
26.0,0.0,0.0,0.0010497570037841797
93.0,0.0,0.0,0.0030786991119384766
27.0,0.0,0.0,0.002030611038208008
51.0,0.0,0.0,0.0015037059783935547
40.0,0.0,0.0,0.002002239227294922
26.0,0.0,0.0,0.0
11.0,0.0,0.0,0.0
44.0,0.0,0.0,0.002195119857788086
25.0,0.0,0.0,0.00139617919921875
12.0,0.0,0.0,0.0005064010620117188
17.0,0.0,0.0,0.0005450248718261719
14.0,0.0,0.0,0.0
36.0,0.0,0.0,0.0010001659393310547
41.0,0.0,0.0,0.0010101795196533203
87.0,0.0,0.0,0.003107309341430664
29.0,0.0,0.0,0.0010075569152832031
73.0,0.0,0.0,0.0019991397857666016
12.0,0.0,0.0,0.0
21.0,0.0,0.0,0.0
63.0,1.0,1.0,0.002062559127807617
11.0,0.0,0.0,0.0
12.0,0.0,0.0,0.0
12.0,0.0,0.0,0.0
18.0,0.0,0.0,0.0
24.0,0.0,0.0,0.0015170574188232422
48.0,0.0,0.0,0.0018908977508544922
12.0,0.0,0.0,0.0
13.0,0.0,0.0,0.0
19.0,0.0,0.0,0.0010294914245605469
19.0,0.0,0.0,0.0014450550079345703
46.0,0.0,0.0,0.0020062923431396484
57.0,0.0,0.0,0.0015347003936767578
53.0,0.0,0.0,0.002438068389892578
14.0,0.0,0.0,0.0010066032409667969
20.0,0.0,0.0,0.0
23.0,0.0,0.0,0.001009225845336914
21.0,0.0,0.0,0.0
11.0,0.0,0.0,0.0
56.0,0.0,0.0,0.0018627643585205078
13.0,0.0,0.0,0.0
60.0,0.0,0.0,0.001537322998046875
48.0,0.0,0.0,0.002000570297241211
23.0,0.0,0.0,0.0
34.0,0.0,0.0,0.0010149478912353516
36.0,0.0,0.0,0.0010938644409179688
18.0,0.0,0.0,0.0
47.0,0.0,0.0,0.0010187625885009766
36.0,0.0,0.0,0.0010027885437011719
72.0,0.0,0.0,0.0020813941955566406
38.0,0.0,0.0,0.0011997222900390625
69.0,0.0,0.0,0.002546072006225586
15.0,0.0,0.0,0.0
77.0,0.0,0.0,0.0018761157989501953
15.0,0.0,0.0,0.0010771751403808594
18.0,0.0,0.0,0.0
20.0,0.0,0.0,0.0012843608856201172
31.0,0.0,0.0,0.0013835430145263672
56.0,0.0,0.0,0.0023767948150634766
29.0,0.0,0.0,0.0010211467742919922
60.0,0.0,0.0,0.0017118453979492188
26.0,0.0,0.0,0.0
58.0,1.0,1.0,0.002390146255493164
25.0,0.0,0.0,0.001003265380859375
20.0,0.0,0.0,0.0010139942169189453
16.0,0.0,0.0,0.0
83.0,0.0,0.0,0.003838062286376953
15.0,0.0,0.0,0.0010018348693847656
58.0,0.0,0.0,0.002361774444580078
16.0,0.0,0.0,0.0009737014770507812
26.0,0.0,0.0,0.001010894775390625
81.0,0.0,0.0,0.0037360191345214844
37.0,0.0,0.0,0.0010082721710205078
35.0,0.0,0.0,0.0005393028259277344
13.0,0.0,0.0,0.0
24.0,0.0,0.0,0.0014295578002929688
14.0,0.0,0.0,0.0
21.0,0.0,0.0,0.0011410713195800781
35.0,0.0,0.0,0.0010211467742919922
111.0,0.0,0.0,0.004488468170166016
48.0,1.0,1.0,0.0012712478637695312
26.0,0.0,0.0,0.0
102.0,0.0,0.0,0.004803180694580078
19.0,0.0,0.0,0.001043558120727539
21.0,0.0,0.0,0.0009984970092773438
28.0,0.0,0.0,0.0009903907775878906
11.0,0.0,0.0,0.0011610984802246094
15.0,0.0,0.0,0.0011601448059082031
17.0,0.0,0.0,0.0
12.0,0.0,0.0,0.0
22.0,0.0,0.0,0.0
25.0,0.0,0.0,0.0
43.0,0.0,0.0,0.0010166168212890625
17.0,0.0,0.0,0.001008749008178711
34.0,1.0,1.0,0.0009632110595703125
24.0,0.0,0.0,0.0
46.0,0.0,0.0,0.002009868621826172
44.0,0.0,0.0,0.0011165142059326172
28.0,0.0,0.0,0.0
20.0,0.0,0.0,0.0010118484497070312
18.0,0.0,0.0,0.0
22.0,0.0,0.0,0.0005061626434326172
74.0,0.0,0.0,0.002223968505859375
58.0,0.0,0.0,0.0015964508056640625
22.0,0.0,0.0,0.0010066032409667969
13.0,0.0,0.0,0.0
31.0,0.0,0.0,0.0
32.0,0.0,0.0,0.0
20.0,0.0,0.0,0.001010894775390625
84.0,0.0,0.0,0.002553224563598633
19.0,0.0,0.0,0.0010044574737548828
32.0,0.0,0.0,0.0010006427764892578
23.0,0.0,0.0,0.0
66.0,0.0,0.0,0.002006053924560547
50.0,0.0,0.0,0.0020058155059814453
74.0,0.0,0.0,0.002516031265258789
17.0,0.0,0.0,0.0
52.0,0.0,0.0,0.002512216567993164
24.0,0.0,0.0,0.0013248920440673828
23.0,0.0,0.0,0.001001119613647461
11.0,0.0,0.0,0.0
85.0,0.0,0.0,0.0024433135986328125
17.0,0.0,0.0,0.0
16.0,0.0,0.0,0.001001596450805664
16.0,0.0,0.0,0.0
47.0,1.0,1.0,0.0015773773193359375
58.0,0.0,0.0,0.001962900161743164
26.0,0.0,0.0,0.0
19.0,0.0,0.0,0.0
56.0,0.0,0.0,0.0020210742950439453
25.0,0.0,0.0,6.890296936035156e-05
11.0,0.0,0.0,0.0
26.0,0.0,0.0,0.001001596450805664
19.0,0.0,0.0,0.0
28.0,0.0,0.0,0.0
47.0,0.0,0.0,0.0011947154998779297
59.0,0.0,0.0,0.001009225845336914
47.0,0.0,0.0,0.002492189407348633
17.0,0.0,0.0,0.0010128021240234375
13.0,0.0,0.0,0.0
19.0,0.0,0.0,0.0
45.0,0.0,0.0,0.0020394325256347656
25.0,0.0,0.0,0.001010894775390625
19.0,0.0,0.0,0.0
30.0,0.0,0.0,0.0010142326354980469
27.0,0.0,0.0,0.0010085105895996094
64.0,0.0,0.0,0.001998424530029297
69.0,0.0,0.0,0.002000570297241211
15.0,0.0,0.0,0.001005411148071289
15.0,0.0,0.0,0.0010151863098144531
22.0,0.0,0.0,0.0
12.0,0.0,0.0,0.0005064010620117188
33.0,0.0,0.0,0.0
17.0,0.0,0.0,0.0
32.0,0.0,0.0,0.0
75.0,0.0,0.0,0.002650737762451172
20.0,0.0,0.0,0.0010027885437011719
19.0,0.0,0.0,0.00099945068359375
11.0,0.0,0.0,0.0
11.0,0.0,0.0,0.0
45.0,0.0,0.0,0.0015168190002441406
21.0,0.0,0.0,0.0
16.0,0.0,0.0,0.0010075569152832031
21.0,0.0,0.0,0.0005114078521728516
138.0,0.0,0.0,0.0037195682525634766
12.0,0.0,0.0,0.0010058879852294922
86.0,1.0,1.0,0.00254058837890625
60.0,0.0,0.0,0.0025267601013183594
32.0,0.0,0.0,0.0010013580322265625
74.0,0.0,0.0,0.001994609832763672
11.0,0.0,0.0,0.0011262893676757812
32.0,0.0,0.0,0.0005075931549072266
49.0,0.0,0.0,0.0020024776458740234
34.0,0.0,0.0,0.0009980201721191406
31.0,0.0,0.0,0.0015025138854980469
64.0,0.0,0.0,0.001233816146850586
57.0,0.0,0.0,0.001394033432006836
13.0,0.0,0.0,0.0
31.0,0.0,0.0,0.0014586448669433594
17.0,0.0,0.0,0.0010135173797607422
27.0,0.0,0.0,0.0009975433349609375
35.0,0.0,0.0,0.000997781753540039
41.0,0.0,0.0,0.0014111995697021484
25.0,0.0,0.0,0.0010187625885009766
40.0,0.0,0.0,0.0021638870239257812
24.0,0.0,0.0,0.0013709068298339844
40.0,0.0,0.0,0.002042531967163086
31.0,0.0,0.0,0.0022068023681640625
17.0,0.0,0.0,0.0
86.0,0.0,0.0,0.0040740966796875
62.0,0.0,0.0,0.0021142959594726562
62.0,0.0,0.0,0.002008676528930664
44.0,0.0,0.0,0.001003265380859375
32.0,0.0,0.0,0.0009963512420654297
19.0,0.0,0.0,0.0
19.0,0.0,0.0,0.0
22.0,0.0,0.0,0.0010068416595458984
13.0,0.0,0.0,0.0
13.0,0.0,0.0,0.0
13.0,0.0,0.0,0.0005066394805908203
14.0,0.0,0.0,0.0005064010620117188
18.0,0.0,0.0,0.0
35.0,0.0,0.0,0.0
11.0,0.0,0.0,0.00101470947265625
38.0,0.0,0.0,0.0013692378997802734
23.0,0.0,0.0,0.001008749008178711
58.0,0.0,0.0,0.0014126300811767578
87.0,0.0,0.0,0.001653909683227539
19.0,0.0,0.0,0.0011150836944580078
13.0,0.0,0.0,0.0
46.0,0.0,0.0,0.0011298656463623047
21.0,0.0,0.0,0.0010094642639160156
27.0,0.0,0.0,0.0010178089141845703
11.0,0.0,0.0,0.0
18.0,0.0,0.0,0.0010101795196533203
25.0,0.0,0.0,0.001047372817993164
40.0,0.0,0.0,0.0013413429260253906
53.0,2.0,2.0,0.0020051002502441406
15.0,0.0,0.0,0.0010159015655517578
23.0,0.0,0.0,0.0
42.0,0.0,0.0,0.0017426013946533203
13.0,0.0,0.0,0.0011281967163085938
46.0,0.0,0.0,0.0015096664428710938
54.0,0.0,0.0,0.0015821456909179688
75.0,0.0,0.0,0.0017886161804199219
11.0,0.0,0.0,0.0009846687316894531
31.0,0.0,0.0,0.0
21.0,0.0,0.0,0.001010894775390625
16.0,1.0,1.0,0.0
79.0,0.0,0.0,0.0022635459899902344
16.0,0.0,0.0,0.0
65.0,1.0,1.0,0.001035451889038086
79.0,0.0,0.0,0.0014929771423339844
27.0,0.0,0.0,0.0012102127075195312
27.0,0.0,0.0,0.0
17.0,0.0,0.0,0.0
43.0,0.0,0.0,0.0015375614166259766
39.0,0.0,0.0,0.0010221004486083984
92.0,1.0,1.0,0.0039997100830078125
17.0,0.0,0.0,0.0
90.0,0.0,0.0,0.0030956268310546875
28.0,0.0,0.0,0.001001596450805664
13.0,0.0,0.0,0.0
22.0,0.0,0.0,0.0010068416595458984
17.0,0.0,0.0,0.0
30.0,0.0,0.0,0.0010116100311279297
11.0,0.0,0.0,0.0
21.0,0.0,0.0,0.0009999275207519531
18.0,0.0,0.0,0.0
27.0,0.0,0.0,0.0
12.0,0.0,0.0,0.001100301742553711
77.0,0.0,0.0,0.0020072460174560547
31.0,0.0,0.0,0.0
99.0,0.0,0.0,0.0026869773864746094
13.0,0.0,0.0,0.00013113021850585938
19.0,0.0,0.0,0.0
18.0,0.0,0.0,0.0
45.0,1.0,1.0,0.0015277862548828125
53.0,0.0,0.0,0.002025127410888672
31.0,0.0,0.0,0.0010859966278076172
11.0,0.0,0.0,0.0
12.0,0.0,0.0,0.0
15.0,0.0,0.0,0.0
75.0,0.0,0.0,0.0020318031311035156
12.0,0.0,0.0,0.0
28.0,0.0,0.0,0.00013375282287597656
21.0,0.0,0.0,0.0010044574737548828
18.0,0.0,0.0,0.0005059242248535156
16.0,0.0,0.0,0.0
61.0,0.0,0.0,0.0018610954284667969
78.0,0.0,0.0,0.002130746841430664
12.0,0.0,0.0,0.0
44.0,0.0,0.0,0.0014309883117675781
15.0,0.0,0.0,0.0
11.0,0.0,0.0,0.001005411148071289
34.0,0.0,0.0,0.0005023479461669922
33.0,0.0,0.0,0.0010116100311279297
21.0,0.0,0.0,0.0
26.0,0.0,0.0,0.0010123252868652344
32.0,0.0,0.0,0.0
38.0,0.0,0.0,0.0011532306671142578
23.0,0.0,0.0,0.0010085105895996094
58.0,0.0,0.0,0.002000093460083008
31.0,0.0,0.0,0.0
33.0,0.0,0.0,0.0010111331939697266
35.0,0.0,0.0,0.0016012191772460938
33.0,0.0,0.0,0.0
21.0,0.0,0.0,0.0010104179382324219
21.0,0.0,0.0,0.0010128021240234375
11.0,0.0,0.0,0.0
20.0,0.0,0.0,0.0
43.0,0.0,0.0,0.0010123252868652344
18.0,0.0,0.0,0.0010404586791992188
26.0,0.0,0.0,0.0
21.0,0.0,0.0,0.0010113716125488281
11.0,0.0,0.0,0.0
19.0,0.0,0.0,0.0
52.0,0.0,0.0,0.001508474349975586
54.0,0.0,0.0,0.0016293525695800781
25.0,0.0,0.0,0.0
28.0,0.0,0.0,0.0005080699920654297
12.0,0.0,0.0,0.0
12.0,0.0,0.0,0.00101470947265625
12.0,0.0,0.0,0.0010018348693847656
34.0,0.0,0.0,0.0010027885437011719
24.0,0.0,0.0,0.0010128021240234375
26.0,0.0,0.0,0.0010082721710205078
39.0,0.0,0.0,0.0010106563568115234
11.0,0.0,0.0,0.0
94.0,1.0,1.0,0.0019032955169677734
42.0,0.0,0.0,0.0020029544830322266
41.0,0.0,0.0,0.0012707710266113281
13.0,0.0,0.0,0.0
22.0,0.0,0.0,0.0009975433349609375
24.0,0.0,0.0,0.0
62.0,0.0,0.0,0.0018243789672851562
40.0,0.0,0.0,0.0
72.0,0.0,0.0,0.0020198822021484375
28.0,0.0,0.0,0.0010004043579101562
25.0,0.0,0.0,0.001003265380859375
18.0,0.0,0.0,0.0
11.0,0.0,0.0,0.0
80.0,0.0,0.0,0.002026081085205078
23.0,0.0,0.0,0.001003265380859375
30.0,0.0,0.0,0.0
12.0,0.0,0.0,0.0
16.0,0.0,0.0,0.0
22.0,0.0,0.0,0.0010128021240234375
33.0,0.0,0.0,0.0012888908386230469
40.0,0.0,0.0,0.0010128021240234375
35.0,0.0,0.0,0.0
21.0,0.0,0.0,0.0010063648223876953
56.0,0.0,0.0,0.0022759437561035156
34.0,0.0,0.0,0.0010082721710205078
25.0,0.0,0.0,0.0012106895446777344
34.0,0.0,0.0,0.0009686946868896484
93.0,0.0,0.0,0.0029680728912353516
21.0,0.0,0.0,0.00098419189453125
12.0,0.0,0.0,0.0012314319610595703
39.0,0.0,0.0,0.001352071762084961
59.0,0.0,0.0,0.0022292137145996094
16.0,0.0,0.0,0.0009968280792236328
12.0,0.0,0.0,0.0
31.0,0.0,0.0,0.0010094642639160156
28.0,0.0,0.0,0.0010116100311279297
14.0,0.0,0.0,0.0010254383087158203
44.0,0.0,0.0,0.0010004043579101562
54.0,0.0,0.0,0.001512289047241211
22.0,0.0,0.0,0.0
33.0,0.0,0.0,0.0019526481628417969
34.0,0.0,0.0,0.001003265380859375
11.0,0.0,0.0,0.0010013580322265625
55.0,0.0,0.0,0.0020296573638916016
16.0,0.0,0.0,0.0009868144989013672
23.0,0.0,0.0,0.0014057159423828125
39.0,0.0,0.0,0.0010030269622802734
50.0,0.0,0.0,0.0036020278930664062
16.0,0.0,0.0,0.0009999275207519531
27.0,0.0,0.0,0.0010085105895996094
42.0,0.0,0.0,0.0010008811950683594
14.0,0.0,0.0,0.0
32.0,0.0,0.0,0.001009225845336914
27.0,0.0,0.0,0.0010030269622802734
84.0,0.0,0.0,0.0020110607147216797
13.0,0.0,0.0,0.0010008811950683594
48.0,0.0,0.0,0.001010894775390625
27.0,0.0,0.0,0.0010046958923339844
20.0,0.0,0.0,0.0005805492401123047
12.0,0.0,0.0,0.0013124942779541016
34.0,0.0,0.0,0.0020012855529785156
15.0,0.0,0.0,0.0
15.0,0.0,0.0,0.0010156631469726562
17.0,0.0,0.0,0.0
11.0,0.0,0.0,0.0010066032409667969
107.0,0.0,0.0,0.0025091171264648438
12.0,0.0,0.0,0.00013589859008789062
17.0,0.0,0.0,0.0
18.0,0.0,0.0,0.0
33.0,0.0,0.0,0.0010881423950195312
18.0,0.0,0.0,0.0010118484497070312
18.0,0.0,0.0,0.0
142.0,0.0,0.0,0.00403904914855957
18.0,0.0,0.0,0.0009980201721191406
52.0,0.0,0.0,0.0014019012451171875
50.0,0.0,0.0,0.0010683536529541016
18.0,0.0,0.0,0.0010366439819335938
36.0,0.0,0.0,0.0010128021240234375
48.0,0.0,0.0,0.0020630359649658203
36.0,0.0,0.0,0.002038240432739258
16.0,0.0,0.0,0.0
84.0,0.0,0.0,0.001711130142211914
71.0,0.0,0.0,0.0010266304016113281
32.0,0.0,0.0,0.0
27.0,0.0,0.0,0.0010132789611816406
27.0,0.0,0.0,0.0010128021240234375
70.0,0.0,0.0,0.0020096302032470703
47.0,0.0,0.0,0.0014307498931884766
56.0,0.0,0.0,0.0014739036560058594
234.0,0.0,0.0,0.006647348403930664
33.0,0.0,0.0,0.0021059513092041016
50.0,0.0,0.0,0.0022194385528564453
87.0,0.0,0.0,0.0037887096405029297
157.0,0.0,0.0,0.006745338439941406
21.0,0.0,0.0,0.0010063648223876953
37.0,0.0,0.0,0.0013682842254638672
12.0,0.0,0.0,0.0
23.0,0.0,0.0,0.0
27.0,0.0,0.0,0.00028061866760253906
13.0,0.0,0.0,0.0010166168212890625
22.0,0.0,0.0,0.0
13.0,0.0,0.0,0.0
14.0,0.0,0.0,0.0009996891021728516
29.0,0.0,0.0,0.0
17.0,0.0,0.0,0.001013040542602539
18.0,0.0,0.0,0.0
58.0,0.0,0.0,0.002010822296142578
48.0,0.0,0.0,0.001169443130493164
25.0,0.0,0.0,0.0010080337524414062
14.0,0.0,0.0,0.0
24.0,0.0,0.0,0.0010073184967041016
56.0,0.0,0.0,0.0013782978057861328
40.0,0.0,0.0,0.0010077953338623047
15.0,0.0,0.0,0.0
33.0,0.0,0.0,0.0010085105895996094
23.0,0.0,0.0,0.0010101795196533203
88.0,0.0,0.0,0.0020101070404052734
40.0,0.0,0.0,0.0010020732879638672
36.0,0.0,0.0,0.00012254714965820312
44.0,0.0,0.0,0.001432180404663086
47.0,0.0,0.0,0.0010101795196533203
30.0,0.0,0.0,0.0
12.0,0.0,0.0,0.0
26.0,0.0,0.0,0.0009984970092773438
23.0,0.0,0.0,0.0010194778442382812
26.0,0.0,0.0,0.0010113716125488281
12.0,0.0,0.0,0.0
22.0,0.0,0.0,0.0
20.0,0.0,0.0,0.0
21.0,0.0,0.0,0.0
26.0,0.0,0.0,0.0010154247283935547
54.0,0.0,0.0,0.002006053924560547
11.0,0.0,0.0,0.001009225845336914
19.0,0.0,0.0,0.0010228157043457031
12.0,0.0,0.0,0.0
35.0,0.0,0.0,0.0010020732879638672
101.0,0.0,0.0,0.0040302276611328125
16.0,0.0,0.0,0.0010008811950683594
76.0,0.0,0.0,0.0042018890380859375
19.0,0.0,0.0,0.001207113265991211
17.0,0.0,0.0,0.0
12.0,0.0,0.0,0.0
28.0,0.0,0.0,0.0011794567108154297
16.0,0.0,0.0,0.0
104.0,0.0,0.0,0.003028392791748047
26.0,0.0,0.0,0.0010104179382324219
37.0,0.0,0.0,0.0010182857513427734
108.0,0.0,0.0,0.003255128860473633
18.0,0.0,0.0,0.0010025501251220703
63.0,0.0,0.0,0.0019960403442382812
19.0,0.0,0.0,0.0009984970092773438
19.0,0.0,0.0,0.0
99.0,0.0,0.0,0.0036890506744384766
36.0,0.0,0.0,0.0011010169982910156
22.0,0.0,0.0,0.0
34.0,0.0,0.0,0.0011501312255859375
27.0,0.0,0.0,0.001474142074584961
11.0,0.0,0.0,0.001012563705444336
11.0,0.0,0.0,0.0
24.0,0.0,0.0,0.0010123252868652344
45.0,0.0,0.0,0.0010001659393310547
17.0,0.0,0.0,0.0010001659393310547
67.0,0.0,0.0,0.0015077590942382812
11.0,0.0,0.0,0.0010006427764892578
12.0,0.0,0.0,0.0
20.0,0.0,0.0,0.0
19.0,0.0,0.0,0.0
42.0,0.0,0.0,0.0016291141510009766
13.0,0.0,0.0,0.0
61.0,0.0,0.0,0.002660036087036133
82.0,1.0,1.0,0.0017483234405517578
16.0,0.0,0.0,0.0
20.0,0.0,0.0,0.0
24.0,0.0,0.0,0.0
32.0,0.0,0.0,0.001527547836303711
43.0,0.0,0.0,0.001961231231689453
18.0,0.0,0.0,0.0
93.0,0.0,0.0,0.002610445022583008
41.0,0.0,0.0,0.0015354156494140625
28.0,0.0,0.0,0.0009965896606445312
47.0,0.0,0.0,0.002102375030517578
183.0,0.0,0.0,0.00475311279296875
99.0,0.0,0.0,0.0026617050170898438
13.0,0.0,0.0,0.0010199546813964844
42.0,0.0,0.0,0.0022363662719726562
92.0,0.0,0.0,0.002997875213623047
20.0,0.0,0.0,0.0
71.0,0.0,0.0,0.0020236968994140625
47.0,0.0,0.0,0.0020346641540527344
78.0,0.0,0.0,0.0025081634521484375
65.0,0.0,0.0,0.003489255905151367
40.0,0.0,0.0,0.0020830631256103516
38.0,0.0,0.0,0.0010008811950683594
12.0,0.0,0.0,0.0010004043579101562
51.0,0.0,0.0,0.001125335693359375
61.0,0.0,0.0,0.0015017986297607422
57.0,0.0,0.0,0.0019986629486083984
52.0,0.0,0.0,0.0021796226501464844
27.0,0.0,0.0,0.0
34.0,0.0,0.0,0.0015521049499511719
19.0,0.0,0.0,0.0
40.0,0.0,0.0,0.0012619495391845703
44.0,0.0,0.0,0.0020253658294677734
38.0,0.0,0.0,0.0011019706726074219
21.0,0.0,0.0,0.0010089874267578125
30.0,0.0,0.0,0.0013320446014404297
54.0,0.0,0.0,0.0010073184967041016
55.0,0.0,0.0,0.002020597457885742
16.0,0.0,0.0,0.001516103744506836
50.0,0.0,0.0,0.0015857219696044922
48.0,0.0,0.0,0.0014891624450683594
46.0,0.0,0.0,0.0010135173797607422
57.0,0.0,0.0,0.0018374919891357422
13.0,0.0,0.0,0.0
22.0,0.0,0.0,0.0
37.0,0.0,0.0,0.0013167858123779297
24.0,0.0,0.0,0.0010094642639160156
133.0,0.0,0.0,0.003997802734375
17.0,0.0,0.0,0.00010442733764648438
12.0,0.0,0.0,0.0
29.0,0.0,0.0,0.0
14.0,0.0,0.0,0.0
58.0,0.0,0.0,0.0015535354614257812
11.0,0.0,0.0,0.0
77.0,0.0,0.0,0.0023233890533447266
38.0,0.0,0.0,0.0016617774963378906
40.0,0.0,0.0,0.002458333969116211
21.0,0.0,0.0,0.0
73.0,0.0,0.0,0.0019276142120361328
43.0,0.0,0.0,0.0010142326354980469
40.0,0.0,0.0,0.0010035037994384766
15.0,0.0,0.0,0.001043081283569336
12.0,0.0,0.0,0.0010991096496582031
12.0,0.0,0.0,0.0
17.0,0.0,0.0,0.0
13.0,0.0,0.0,0.0
20.0,0.0,0.0,0.0010941028594970703
16.0,0.0,0.0,0.0
41.0,0.0,0.0,0.0015692710876464844
27.0,0.0,0.0,0.0011980533599853516
24.0,0.0,0.0,0.0
12.0,0.0,0.0,0.0012059211730957031
47.0,0.0,0.0,0.0010724067687988281
42.0,0.0,0.0,0.0013146400451660156
11.0,0.0,0.0,0.0
23.0,0.0,0.0,0.0
128.0,0.0,0.0,0.004041433334350586
44.0,0.0,0.0,0.0012786388397216797
191.0,0.0,0.0,0.006029605865478516
15.0,0.0,0.0,0.0
18.0,0.0,0.0,0.0
21.0,0.0,0.0,0.0010192394256591797
82.0,0.0,0.0,0.002998828887939453
82.0,0.0,0.0,0.0031349658966064453
19.0,0.0,0.0,0.0014812946319580078
17.0,0.0,0.0,0.0010116100311279297
12.0,0.0,0.0,0.0
42.0,0.0,0.0,0.0014133453369140625
18.0,0.0,0.0,0.0010142326354980469
24.0,0.0,0.0,0.0010173320770263672
36.0,0.0,0.0,0.0015010833740234375
21.0,0.0,0.0,0.0
63.0,0.0,0.0,0.0015628337860107422
14.0,0.0,0.0,0.0
92.0,0.0,0.0,0.002973794937133789
67.0,0.0,0.0,0.003125429153442383
21.0,0.0,0.0,0.0012943744659423828
24.0,0.0,0.0,0.0013918876647949219
12.0,0.0,0.0,0.0
37.0,0.0,0.0,0.0049974918365478516
26.0,1.0,1.0,0.0
31.0,0.0,0.0,0.001013040542602539
16.0,0.0,0.0,0.0
51.0,1.0,1.0,0.0020151138305664062
49.0,0.0,0.0,0.0012240409851074219
16.0,0.0,0.0,0.0011930465698242188
117.0,0.0,0.0,0.0044100284576416016
37.0,0.0,0.0,0.0020203590393066406
18.0,0.0,0.0,0.0
60.0,0.0,0.0,0.002302408218383789
19.0,0.0,0.0,0.001013040542602539
21.0,0.0,0.0,0.0011055469512939453
142.0,0.0,0.0,0.005018711090087891
17.0,0.0,0.0,0.0
29.0,0.0,0.0,0.0013630390167236328
15.0,0.0,0.0,0.0010144710540771484
20.0,0.0,0.0,0.0
13.0,0.0,0.0,0.0
14.0,0.0,0.0,0.0
46.0,0.0,0.0,0.0020062923431396484
18.0,0.0,0.0,0.0
58.0,0.0,0.0,0.0014982223510742188
24.0,0.0,0.0,0.0010104179382324219
68.0,0.0,0.0,0.0019974708557128906
84.0,1.0,1.0,0.0033752918243408203
24.0,0.0,0.0,0.0
46.0,0.0,0.0,0.0021429061889648438
26.0,0.0,0.0,0.0010101795196533203
36.0,0.0,0.0,0.0
17.0,0.0,0.0,0.0010111331939697266
23.0,0.0,0.0,0.0010089874267578125
45.0,0.0,0.0,0.002051830291748047
11.0,0.0,0.0,0.0015060901641845703
50.0,0.0,0.0,0.0011272430419921875
31.0,0.0,0.0,0.0
25.0,0.0,0.0,0.0
46.0,0.0,0.0,0.0011930465698242188
101.0,0.0,0.0,0.0035195350646972656
49.0,0.0,0.0,0.0011191368103027344
31.0,0.0,0.0,0.001008749008178711
32.0,0.0,0.0,0.0010516643524169922
13.0,0.0,0.0,0.0
135.0,0.0,0.0,0.004682302474975586
27.0,0.0,0.0,0.0
44.0,0.0,0.0,0.001435995101928711
21.0,0.0,0.0,0.0018315315246582031
26.0,1.0,1.0,0.0010256767272949219
34.0,0.0,0.0,0.0015137195587158203
73.0,0.0,0.0,0.0019991397857666016
70.0,0.0,0.0,0.002088785171508789
48.0,0.0,0.0,0.0020952224731445312
16.0,0.0,0.0,0.0
56.0,0.0,0.0,0.002012491226196289
53.0,0.0,0.0,0.001003265380859375
43.0,0.0,0.0,0.0010135173797607422
12.0,0.0,0.0,0.0009984970092773438
12.0,0.0,0.0,0.0009999275207519531
29.0,0.0,0.0,0.0
11.0,0.0,0.0,0.0
11.0,0.0,0.0,0.0010046958923339844
29.0,0.0,0.0,0.00011157989501953125
15.0,0.0,0.0,0.0
29.0,0.0,0.0,0.0
11.0,0.0,0.0,0.0
52.0,0.0,0.0,0.001605987548828125
43.0,0.0,0.0,0.0011031627655029297
17.0,0.0,0.0,0.0
15.0,0.0,0.0,0.0
14.0,0.0,0.0,0.0
161.0,0.0,0.0,0.005696535110473633
31.0,0.0,0.0,0.001003265380859375
50.0,0.0,0.0,0.0018095970153808594
12.0,0.0,0.0,0.0
49.0,0.0,0.0,0.0015172958374023438
61.0,0.0,0.0,0.0020024776458740234
35.0,0.0,0.0,0.0019986629486083984
22.0,0.0,0.0,0.0010089874267578125
35.0,0.0,0.0,0.0010673999786376953
32.0,0.0,0.0,0.0010366439819335938
14.0,0.0,0.0,0.0
22.0,0.0,0.0,0.0
30.0,0.0,0.0,0.0
85.0,0.0,0.0,0.002962350845336914
31.0,0.0,0.0,0.00099945068359375
44.0,0.0,0.0,0.0011458396911621094
12.0,0.0,0.0,0.0012423992156982422
11.0,0.0,0.0,0.0
45.0,0.0,0.0,0.0013301372528076172
46.0,0.0,0.0,0.002012014389038086
38.0,0.0,0.0,0.001013040542602539
52.0,0.0,0.0,0.0019996166229248047
38.0,0.0,0.0,0.0011281967163085938
29.0,0.0,0.0,0.0
66.0,0.0,0.0,0.0024824142456054688
35.0,0.0,0.0,0.0
13.0,0.0,0.0,0.001010894775390625
17.0,0.0,0.0,0.0
34.0,0.0,0.0,0.00109100341796875
32.0,0.0,0.0,0.001066446304321289
29.0,0.0,0.0,0.0012962818145751953
33.0,0.0,0.0,0.0012352466583251953
18.0,0.0,0.0,0.0
55.0,0.0,0.0,0.0020170211791992188
38.0,1.0,1.0,0.0010762214660644531
30.0,0.0,0.0,0.0
61.0,0.0,0.0,0.002017498016357422
23.0,0.0,0.0,0.0009999275207519531
37.0,0.0,0.0,0.0011286735534667969
67.0,0.0,0.0,0.0016293525695800781
41.0,0.0,0.0,0.0012753009796142578
38.0,0.0,0.0,0.0017254352569580078
55.0,0.0,0.0,0.0013518333435058594
49.0,0.0,0.0,0.0023374557495117188
36.0,0.0,0.0,0.0022630691528320312
23.0,0.0,0.0,0.0013399124145507812
90.0,0.0,0.0,0.0038230419158935547
12.0,0.0,0.0,0.0
20.0,0.0,0.0,0.00238037109375
36.0,0.0,0.0,0.002045154571533203
12.0,0.0,0.0,0.0
25.0,0.0,0.0,0.0011904239654541016
24.0,0.0,0.0,0.002160310745239258
85.0,1.0,1.0,0.004530668258666992
16.0,0.0,0.0,0.0
29.0,0.0,0.0,0.0010170936584472656
14.0,0.0,0.0,0.0
62.0,0.0,0.0,0.0024602413177490234
19.0,0.0,0.0,0.0011851787567138672
12.0,0.0,0.0,0.0
15.0,0.0,0.0,0.0
12.0,0.0,0.0,0.0010056495666503906
19.0,0.0,0.0,0.00013780593872070312
63.0,1.0,1.0,0.002011537551879883
28.0,0.0,0.0,0.0010027885437011719
73.0,0.0,0.0,0.002574443817138672
26.0,0.0,0.0,0.0006718635559082031
11.0,0.0,0.0,0.0010869503021240234
47.0,0.0,0.0,0.0010251998901367188
57.0,0.0,0.0,0.002180814743041992
28.0,0.0,0.0,0.001650094985961914
47.0,0.0,0.0,0.0016925334930419922
44.0,0.0,0.0,0.0015959739685058594
45.0,0.0,0.0,0.001575469970703125
30.0,0.0,0.0,0.0015692710876464844
29.0,1.0,1.0,0.0005314350128173828
22.0,0.0,0.0,0.001035451889038086
12.0,0.0,0.0,0.0005085468292236328
11.0,0.0,0.0,0.0012047290802001953
22.0,0.0,0.0,0.0
53.0,0.0,0.0,0.001991748809814453
60.0,0.0,0.0,0.001506805419921875
11.0,0.0,0.0,0.0010020732879638672
16.0,0.0,0.0,0.0001678466796875
12.0,0.0,0.0,0.0
22.0,0.0,0.0,0.0
15.0,0.0,0.0,0.0011093616485595703
23.0,0.0,0.0,0.0
36.0,0.0,0.0,0.0010695457458496094
13.0,0.0,0.0,0.0005242824554443359
36.0,0.0,0.0,0.0010616779327392578
33.0,0.0,0.0,0.0010688304901123047
47.0,0.0,0.0,0.0015568733215332031
33.0,0.0,0.0,0.0010449886322021484
20.0,0.0,0.0,0.0005300045013427734
12.0,0.0,0.0,0.0005290508270263672
14.0,0.0,0.0,0.0005433559417724609
24.0,0.0,0.0,0.0010533332824707031
112.0,0.0,0.0,0.0038933753967285156
42.0,1.0,1.0,0.0016102790832519531
24.0,0.0,0.0,0.0012362003326416016
13.0,0.0,0.0,0.000537872314453125
74.0,0.0,0.0,0.002236604690551758
22.0,0.0,0.0,0.0010361671447753906
31.0,0.0,0.0,0.0005419254302978516
14.0,0.0,0.0,0.0
11.0,0.0,0.0,0.0005354881286621094
39.0,0.0,0.0,0.001043558120727539
45.0,1.0,1.0,0.0010402202606201172
14.0,0.0,0.0,0.0
43.0,0.0,0.0,0.0015454292297363281
18.0,0.0,0.0,0.0005183219909667969
27.0,0.0,0.0,0.0006587505340576172
20.0,0.0,0.0,0.0
53.0,0.0,0.0,0.0015091896057128906
16.0,0.0,0.0,0.0
51.0,0.0,0.0,0.0020177364349365234
11.0,0.0,0.0,0.0
21.0,0.0,0.0,0.0
12.0,0.0,0.0,0.0
34.0,0.0,0.0,0.0013515949249267578
51.0,0.0,0.0,0.002001523971557617
41.0,0.0,0.0,0.0
23.0,0.0,0.0,0.0020482540130615234
16.0,0.0,0.0,0.0010001659393310547
55.0,0.0,0.0,0.0019996166229248047
55.0,0.0,0.0,0.0021164417266845703
11.0,0.0,0.0,0.0
12.0,0.0,0.0,0.001007080078125
40.0,0.0,0.0,0.0
16.0,0.0,0.0,0.0010170936584472656
56.0,0.0,0.0,0.0027627944946289062
73.0,0.0,0.0,0.001519918441772461
11.0,0.0,0.0,0.0010018348693847656
21.0,0.0,0.0,0.0
22.0,0.0,0.0,0.0
34.0,0.0,0.0,0.0014100074768066406
79.0,1.0,1.0,0.0030298233032226562
12.0,0.0,0.0,0.0
32.0,0.0,0.0,0.0
11.0,0.0,0.0,0.0
25.0,0.0,0.0,0.0
32.0,0.0,0.0,0.0010106563568115234
55.0,0.0,0.0,0.0015115737915039062
65.0,0.0,0.0,0.001584768295288086
23.0,0.0,0.0,0.001013040542602539
14.0,0.0,0.0,0.0
36.0,0.0,0.0,0.0014851093292236328
37.0,0.0,0.0,0.0010132789611816406
21.0,0.0,0.0,0.0
20.0,0.0,0.0,0.0
23.0,0.0,0.0,0.0002410411834716797
40.0,0.0,0.0,0.001260995864868164
89.0,0.0,0.0,0.002507925033569336
77.0,1.0,1.0,0.002100229263305664
33.0,0.0,0.0,0.0013651847839355469
48.0,0.0,0.0,0.0014925003051757812
14.0,0.0,0.0,0.001013040542602539
16.0,0.0,0.0,0.0
42.0,1.0,1.0,0.0011172294616699219
30.0,0.0,0.0,0.0
45.0,0.0,0.0,0.0014328956604003906
22.0,0.0,0.0,0.0010128021240234375
27.0,0.0,0.0,0.0
164.0,1.0,1.0,0.0045354366302490234
24.0,0.0,0.0,0.0
61.0,0.0,0.0,0.0017712116241455078
50.0,0.0,0.0,0.0017397403717041016
21.0,0.0,0.0,0.0
42.0,0.0,0.0,0.001087188720703125
20.0,0.0,0.0,0.0010113716125488281
33.0,0.0,0.0,0.0014233589172363281
12.0,0.0,0.0,0.0
81.0,0.0,0.0,0.0015323162078857422
15.0,1.0,1.0,0.0
28.0,0.0,0.0,0.0
23.0,0.0,0.0,0.0
25.0,0.0,0.0,0.0008842945098876953
19.0,0.0,0.0,0.001074075698852539
56.0,0.0,0.0,0.0031692981719970703
12.0,1.0,1.0,0.001001119613647461
12.0,0.0,0.0,0.001001596450805664
37.0,0.0,0.0,0.002376556396484375
31.0,0.0,0.0,0.0
77.0,1.0,1.0,0.0032241344451904297
72.0,0.0,0.0,0.0029981136322021484
39.0,0.0,0.0,0.0011720657348632812
37.0,0.0,0.0,0.0009989738464355469
64.0,0.0,0.0,0.0019996166229248047
15.0,0.0,0.0,0.0
42.0,0.0,0.0,0.0010216236114501953
87.0,0.0,0.0,0.0020020008087158203
24.0,0.0,0.0,0.0010020732879638672
48.0,0.0,0.0,0.0009989738464355469
122.0,0.0,0.0,0.003576517105102539
11.0,0.0,0.0,0.0009996891021728516
44.0,0.0,0.0,0.0009989738464355469
46.0,0.0,0.0,0.00099945068359375
12.0,0.0,0.0,0.0
16.0,0.0,0.0,0.0005085468292236328
12.0,0.0,0.0,0.0
13.0,0.0,0.0,0.0009989738464355469
19.0,0.0,0.0,0.0
11.0,0.0,0.0,0.0009996891021728516
66.0,0.0,0.0,0.0019707679748535156
39.0,0.0,0.0,0.0013473033905029297
11.0,0.0,0.0,0.0010132789611816406
25.0,0.0,0.0,0.0
28.0,1.0,1.0,0.00099945068359375
31.0,1.0,1.0,0.001527547836303711
18.0,0.0,0.0,0.0
85.0,1.0,1.0,0.002518892288208008
151.0,0.0,0.0,0.004656076431274414
29.0,0.0,0.0,0.0
12.0,0.0,0.0,0.0009963512420654297
32.0,0.0,0.0,0.0009987354278564453
73.0,0.0,0.0,0.0021240711212158203
28.0,0.0,0.0,0.0005114078521728516
117.0,0.0,0.0,0.00299835205078125
36.0,0.0,0.0,0.0010128021240234375
33.0,0.0,0.0,0.001117706298828125
48.0,0.0,0.0,0.0015215873718261719
21.0,0.0,0.0,0.0
42.0,0.0,0.0,0.001997232437133789
138.0,0.0,0.0,0.006428718566894531
14.0,0.0,0.0,0.0
12.0,0.0,0.0,0.0013349056243896484
66.0,0.0,0.0,0.002574920654296875
57.0,0.0,0.0,0.0010101795196533203
55.0,0.0,0.0,0.0020046234130859375
58.0,0.0,0.0,0.002000093460083008
11.0,0.0,0.0,0.0
19.0,0.0,0.0,0.0
44.0,0.0,0.0,0.001415252685546875
50.0,0.0,0.0,0.0013856887817382812
16.0,0.0,0.0,0.0011210441589355469
47.0,0.0,0.0,0.0012249946594238281
54.0,0.0,0.0,0.0020074844360351562
69.0,0.0,0.0,0.0025119781494140625
42.0,0.0,0.0,0.0013322830200195312
106.0,0.0,0.0,0.0030193328857421875
57.0,0.0,0.0,0.002000093460083008
19.0,0.0,0.0,0.001003265380859375
19.0,0.0,0.0,0.0
23.0,0.0,0.0,0.0
46.0,0.0,0.0,0.001382589340209961
30.0,0.0,0.0,0.001009225845336914
23.0,0.0,0.0,0.0
64.0,0.0,0.0,0.0020134449005126953
12.0,0.0,0.0,0.0010204315185546875
12.0,0.0,0.0,0.0
11.0,0.0,0.0,0.0
24.0,0.0,0.0,0.0
20.0,0.0,0.0,0.0
32.0,0.0,0.0,0.001130819320678711
12.0,1.0,1.0,0.001018524169921875
51.0,0.0,0.0,0.001827239990234375
12.0,0.0,0.0,0.0
74.0,0.0,0.0,0.0019309520721435547
27.0,0.0,0.0,0.0010962486267089844
23.0,0.0,0.0,0.0
76.0,0.0,0.0,0.0019617080688476562
13.0,0.0,0.0,0.0010001659393310547
25.0,0.0,0.0,0.0
94.0,0.0,0.0,0.0030417442321777344
50.0,0.0,0.0,0.0019979476928710938
56.0,0.0,0.0,0.0019807815551757812
21.0,0.0,0.0,0.0
13.0,0.0,0.0,0.0010204315185546875
15.0,1.0,1.0,0.0
29.0,1.0,1.0,0.0
42.0,0.0,0.0,0.0010113716125488281
43.0,0.0,0.0,0.0026574134826660156
43.0,0.0,0.0,0.001994609832763672
65.0,0.0,0.0,0.0009982585906982422
38.0,0.0,0.0,0.0010693073272705078
42.0,0.0,0.0,0.002998828887939453
11.0,0.0,0.0,0.0014483928680419922
145.0,1.0,1.0,0.004079103469848633
35.0,0.0,0.0,0.0009996891021728516
20.0,0.0,0.0,0.000997781753540039
14.0,0.0,0.0,0.0009992122650146484
16.0,0.0,0.0,0.0
102.0,0.0,0.0,0.003011941909790039
31.0,0.0,0.0,0.0009984970092773438
16.0,0.0,0.0,0.0
46.0,0.0,0.0,0.0021271705627441406
14.0,0.0,0.0,0.0
13.0,0.0,0.0,0.0
18.0,0.0,0.0,0.0009989738464355469
34.0,0.0,0.0,0.0009989738464355469
20.0,0.0,0.0,0.0009984970092773438
80.0,0.0,0.0,0.0025420188903808594
23.0,0.0,0.0,0.0010001659393310547
72.0,0.0,0.0,0.0019979476928710938
33.0,0.0,0.0,0.0014424324035644531
30.0,0.0,0.0,0.001020669937133789
22.0,0.0,0.0,0.0010128021240234375
16.0,0.0,0.0,0.0
15.0,0.0,0.0,0.0
45.0,0.0,0.0,0.0009999275207519531
26.0,0.0,0.0,0.0011248588562011719
61.0,0.0,0.0,0.0010118484497070312
59.0,0.0,0.0,0.0019989013671875
12.0,1.0,1.0,0.0
77.0,0.0,0.0,0.002125263214111328
66.0,0.0,0.0,0.0010037422180175781
34.0,0.0,0.0,0.0009965896606445312
26.0,0.0,0.0,0.0009980201721191406
16.0,0.0,0.0,0.00099945068359375
11.0,0.0,0.0,0.0
36.0,0.0,0.0,0.00051116943359375
67.0,0.0,0.0,0.0019998550415039062
13.0,0.0,0.0,0.0010006427764892578
81.0,0.0,0.0,0.0019974708557128906
15.0,0.0,0.0,0.0
25.0,0.0,0.0,0.0
28.0,0.0,0.0,0.0
67.0,0.0,0.0,0.0018630027770996094
97.0,0.0,0.0,0.003076791763305664
56.0,0.0,0.0,0.0016896724700927734
26.0,0.0,0.0,0.0
40.0,0.0,0.0,0.001013040542602539
31.0,0.0,0.0,0.0010650157928466797
74.0,0.0,0.0,0.00200653076171875
28.0,0.0,0.0,0.0
56.0,0.0,0.0,0.0017650127410888672
11.0,0.0,0.0,0.00012755393981933594
36.0,0.0,0.0,0.00051116943359375
16.0,0.0,0.0,0.0009999275207519531
13.0,0.0,0.0,0.0
32.0,0.0,0.0,0.0
36.0,0.0,0.0,0.0010111331939697266
22.0,0.0,0.0,0.0010075569152832031
34.0,0.0,0.0,0.0005042552947998047
15.0,0.0,0.0,0.0
106.0,0.0,0.0,0.003197193145751953
75.0,0.0,0.0,0.0019230842590332031
13.0,0.0,0.0,0.0009999275207519531
19.0,0.0,0.0,0.0
174.0,0.0,0.0,0.0047435760498046875
47.0,0.0,0.0,0.00099945068359375
11.0,0.0,0.0,0.0010325908660888672
32.0,0.0,0.0,0.0010247230529785156
17.0,0.0,0.0,0.0
42.0,0.0,0.0,0.001116037368774414
13.0,0.0,0.0,0.0010137557983398438
26.0,0.0,0.0,0.0
15.0,0.0,0.0,0.0005109310150146484
19.0,0.0,0.0,0.0
21.0,0.0,0.0,0.001020669937133789
34.0,0.0,0.0,0.0013155937194824219
29.0,0.0,0.0,0.0010135173797607422
25.0,0.0,0.0,0.0
92.0,0.0,0.0,0.0029180049896240234
15.0,0.0,0.0,0.0
117.0,0.0,0.0,0.003018617630004883
14.0,0.0,0.0,0.0010004043579101562
35.0,0.0,0.0,0.0016024112701416016
40.0,0.0,0.0,0.0010135173797607422
24.0,0.0,0.0,0.0
24.0,0.0,0.0,0.0
39.0,0.0,0.0,0.0012326240539550781
68.0,0.0,0.0,0.0026564598083496094
85.0,0.0,0.0,0.001964092254638672
56.0,0.0,0.0,0.0020227432250976562
74.0,0.0,0.0,0.0016124248504638672
14.0,0.0,0.0,0.0010142326354980469
33.0,0.0,0.0,0.0013575553894042969
73.0,0.0,0.0,0.002511739730834961
29.0,0.0,0.0,0.0
25.0,0.0,0.0,0.0010144710540771484
12.0,0.0,0.0,0.0010006427764892578
79.0,0.0,0.0,0.0018527507781982422
36.0,0.0,0.0,0.0010044574737548828
27.0,0.0,0.0,0.0
33.0,0.0,0.0,0.0011591911315917969
35.0,0.0,0.0,0.0013294219970703125
19.0,1.0,1.0,0.0010039806365966797
16.0,0.0,0.0,0.0
35.0,1.0,1.0,0.0010123252868652344
16.0,0.0,0.0,0.0010120868682861328
23.0,0.0,0.0,0.0
41.0,0.0,0.0,0.0013306140899658203
13.0,0.0,0.0,0.001169443130493164
15.0,0.0,0.0,0.0
26.0,0.0,0.0,0.0
29.0,0.0,0.0,0.0
14.0,0.0,0.0,0.0
14.0,0.0,0.0,0.0
12.0,0.0,0.0,0.0
13.0,0.0,0.0,0.0
15.0,0.0,0.0,0.0
17.0,0.0,0.0,0.0
42.0,0.0,0.0,0.0014843940734863281
32.0,0.0,0.0,0.0005066394805908203
47.0,0.0,0.0,0.0015339851379394531
36.0,0.0,0.0,0.0010113716125488281
17.0,0.0,0.0,0.0
37.0,0.0,0.0,0.0013744831085205078
32.0,0.0,0.0,0.0010082721710205078
39.0,0.0,0.0,0.0015497207641601562
31.0,0.0,0.0,0.0
47.0,0.0,0.0,0.0014789104461669922
38.0,0.0,0.0,0.0010094642639160156
52.0,0.0,0.0,0.0015022754669189453
44.0,0.0,0.0,0.0010156631469726562
46.0,0.0,0.0,0.0020821094512939453
12.0,0.0,0.0,0.0010085105895996094
39.0,0.0,0.0,0.0010001659393310547
63.0,0.0,0.0,0.0017511844635009766
57.0,0.0,0.0,0.0013895034790039062
18.0,0.0,0.0,0.0010137557983398438
34.0,0.0,0.0,0.0
29.0,0.0,0.0,0.0
89.0,0.0,0.0,0.0025610923767089844
52.0,0.0,0.0,0.0012826919555664062
13.0,0.0,0.0,0.0
21.0,0.0,0.0,0.00099945068359375
76.0,0.0,0.0,0.0021233558654785156
115.0,1.0,1.0,0.002789020538330078
51.0,0.0,0.0,0.002030611038208008
22.0,0.0,0.0,0.0011076927185058594
48.0,0.0,0.0,0.0019063949584960938
11.0,0.0,0.0,0.0
51.0,0.0,0.0,0.0018587112426757812
33.0,0.0,0.0,0.0009984970092773438
38.0,1.0,1.0,0.0016093254089355469
13.0,0.0,0.0,0.0
12.0,0.0,0.0,0.0
33.0,0.0,0.0,0.0023491382598876953
12.0,0.0,0.0,0.001898050308227539
51.0,0.0,0.0,0.0036933422088623047
39.0,0.0,0.0,0.0027456283569335938
44.0,1.0,1.0,0.002022266387939453
13.0,0.0,0.0,0.0
18.0,0.0,0.0,0.0010030269622802734
13.0,0.0,0.0,0.0
41.0,0.0,0.0,0.0010001659393310547
21.0,0.0,0.0,0.0009984970092773438
16.0,0.0,0.0,0.0
40.0,0.0,0.0,0.0016093254089355469
49.0,0.0,0.0,0.0010335445404052734
20.0,0.0,0.0,0.0010037422180175781
24.0,0.0,0.0,0.0
12.0,0.0,0.0,0.0
35.0,0.0,0.0,0.0011293888092041016
108.0,0.0,0.0,0.003467559814453125
52.0,0.0,0.0,0.0009908676147460938
12.0,0.0,0.0,0.0009756088256835938
153.0,0.0,0.0,0.004528522491455078
17.0,0.0,0.0,0.001001596450805664
23.0,0.0,0.0,0.0010004043579101562
53.0,0.0,0.0,0.0015223026275634766
54.0,0.0,0.0,0.0019986629486083984
37.0,0.0,0.0,0.0010066032409667969
61.0,0.0,0.0,0.0020020008087158203
82.0,0.0,0.0,0.0036160945892333984
18.0,0.0,0.0,0.001363992691040039
11.0,0.0,0.0,0.0010221004486083984
46.0,0.0,0.0,0.0012769699096679688
20.0,0.0,0.0,0.0010263919830322266
12.0,0.0,0.0,0.0
35.0,0.0,0.0,0.001486063003540039
19.0,0.0,0.0,0.0010895729064941406
30.0,1.0,1.0,0.001168966293334961
33.0,0.0,0.0,0.0010213851928710938
108.0,1.0,1.0,0.00313568115234375
17.0,0.0,0.0,0.0
14.0,0.0,0.0,0.0009932518005371094
40.0,0.0,0.0,0.0009987354278564453
17.0,0.0,0.0,0.0
40.0,0.0,0.0,0.0020689964294433594
17.0,0.0,0.0,0.0
33.0,0.0,0.0,0.0009984970092773438
16.0,0.0,0.0,0.0009992122650146484
69.0,0.0,0.0,0.0024716854095458984
43.0,0.0,0.0,0.0020189285278320312
36.0,0.0,0.0,0.0
20.0,0.0,0.0,0.0010170936584472656
13.0,0.0,0.0,0.0
35.0,0.0,0.0,0.0014042854309082031
43.0,0.0,0.0,0.0020227432250976562
70.0,0.0,0.0,0.0019996166229248047
27.0,0.0,0.0,0.0
39.0,0.0,0.0,0.0
11.0,0.0,0.0,0.0
44.0,0.0,0.0,0.001203298568725586
14.0,0.0,0.0,0.0010068416595458984
29.0,0.0,0.0,0.0
60.0,0.0,0.0,0.00189208984375
33.0,0.0,0.0,0.00012183189392089844
21.0,0.0,0.0,0.0010101795196533203
24.0,0.0,0.0,0.0
27.0,0.0,0.0,0.0
12.0,0.0,0.0,0.0
71.0,0.0,0.0,0.0018970966339111328
44.0,0.0,0.0,0.0013861656188964844
30.0,0.0,0.0,0.0010104179382324219
42.0,0.0,0.0,0.0015006065368652344
25.0,0.0,0.0,0.0010118484497070312
14.0,0.0,0.0,0.0005047321319580078
20.0,0.0,0.0,0.0010116100311279297
28.0,0.0,0.0,0.0010027885437011719
11.0,0.0,0.0,0.0
100.0,0.0,0.0,0.002791881561279297
39.0,0.0,0.0,0.0010120868682861328
110.0,0.0,0.0,0.003007650375366211
64.0,0.0,0.0,0.002002716064453125
14.0,0.0,0.0,0.0010035037994384766
11.0,0.0,0.0,0.0
29.0,0.0,0.0,0.0
28.0,0.0,0.0,0.0
142.0,0.0,0.0,0.0037870407104492188
17.0,0.0,0.0,0.0
13.0,0.0,0.0,0.0
11.0,0.0,0.0,0.0005085468292236328
53.0,0.0,0.0,0.0017900466918945312
27.0,0.0,0.0,0.0
13.0,0.0,0.0,0.0011258125305175781
30.0,0.0,0.0,0.00051116943359375
17.0,0.0,0.0,0.0009992122650146484
39.0,0.0,0.0,0.0020101070404052734
86.0,0.0,0.0,0.0025246143341064453
86.0,0.0,0.0,0.002538919448852539
71.0,0.0,0.0,0.0019974708557128906
12.0,0.0,0.0,0.0
70.0,0.0,0.0,0.0021071434020996094
17.0,0.0,0.0,0.0
70.0,0.0,0.0,0.0015285015106201172
11.0,0.0,0.0,0.0
40.0,0.0,0.0,0.001998424530029297
11.0,0.0,0.0,0.001470804214477539
12.0,0.0,0.0,0.0
14.0,0.0,0.0,0.0010974407196044922
22.0,0.0,0.0,0.0010080337524414062
11.0,0.0,0.0,0.0014672279357910156
19.0,0.0,0.0,0.0
28.0,0.0,0.0,0.0010118484497070312
69.0,0.0,0.0,0.0027070045471191406
15.0,0.0,0.0,0.0
32.0,0.0,0.0,0.0
33.0,0.0,0.0,0.0
46.0,0.0,0.0,0.0020723342895507812
17.0,0.0,0.0,0.0
14.0,0.0,0.0,0.0
41.0,0.0,0.0,0.0014362335205078125
11.0,0.0,0.0,0.0
30.0,0.0,0.0,0.001245260238647461
21.0,0.0,0.0,0.0
41.0,0.0,0.0,0.0014584064483642578
36.0,0.0,0.0,0.0010077953338623047
12.0,0.0,0.0,0.0
12.0,0.0,0.0,0.0010101795196533203
16.0,0.0,0.0,0.0010058879852294922
23.0,0.0,0.0,0.0005097389221191406
19.0,0.0,0.0,0.0
13.0,0.0,0.0,0.0
26.0,0.0,0.0,0.0005092620849609375
39.0,0.0,0.0,0.0015213489532470703
44.0,0.0,0.0,0.00148773193359375
20.0,0.0,0.0,0.0010128021240234375
57.0,0.0,0.0,0.0018630027770996094
15.0,0.0,0.0,0.000125885009765625
11.0,0.0,0.0,0.0005066394805908203
12.0,0.0,0.0,0.0
41.0,1.0,1.0,0.0014123916625976562
32.0,0.0,0.0,0.0010139942169189453
24.0,0.0,0.0,0.0
83.0,0.0,0.0,0.002703428268432617
31.0,0.0,0.0,0.0009980201721191406
60.0,0.0,0.0,0.0015866756439208984
13.0,0.0,0.0,0.0
11.0,0.0,0.0,0.0
17.0,0.0,0.0,0.0
16.0,0.0,0.0,0.0
18.0,0.0,0.0,0.0
43.0,0.0,0.0,0.0011317729949951172
40.0,0.0,0.0,0.001013040542602539
16.0,0.0,0.0,0.0
29.0,0.0,0.0,0.0
75.0,0.0,0.0,0.0018799304962158203
11.0,0.0,0.0,0.0009968280792236328
23.0,0.0,0.0,0.0
18.0,0.0,0.0,0.0010199546813964844
28.0,0.0,0.0,0.0
61.0,0.0,0.0,0.0018463134765625
14.0,0.0,0.0,0.0
27.0,0.0,0.0,0.0
85.0,0.0,0.0,0.002430438995361328
13.0,0.0,0.0,0.001173257827758789
16.0,0.0,0.0,0.0010001659393310547
16.0,0.0,0.0,0.0010001659393310547
24.0,0.0,0.0,0.0012552738189697266
49.0,0.0,0.0,0.001997709274291992
15.0,0.0,0.0,0.0013074874877929688
62.0,1.0,1.0,0.0019989013671875
39.0,0.0,0.0,0.0021605491638183594
25.0,0.0,0.0,0.0010082721710205078
59.0,0.0,0.0,0.0016453266143798828
39.0,0.0,0.0,0.0
40.0,0.0,0.0,0.0015153884887695312
25.0,0.0,0.0,0.001005411148071289
23.0,0.0,0.0,0.0
11.0,0.0,0.0,0.0
49.0,0.0,0.0,0.0011997222900390625
15.0,0.0,0.0,0.0010995864868164062
22.0,0.0,0.0,0.0
59.0,0.0,0.0,0.0017347335815429688
114.0,0.0,0.0,0.002682209014892578
47.0,0.0,0.0,0.0015194416046142578
41.0,0.0,0.0,0.0011138916015625
43.0,0.0,0.0,0.002005338668823242
12.0,0.0,0.0,0.0010149478912353516
28.0,0.0,0.0,0.0
32.0,0.0,0.0,0.0012197494506835938
36.0,0.0,0.0,0.0014758110046386719
45.0,0.0,0.0,0.0010097026824951172
35.0,0.0,0.0,0.0013427734375
87.0,0.0,0.0,0.002098560333251953
67.0,0.0,0.0,0.0018608570098876953
45.0,0.0,0.0,0.0013620853424072266
33.0,0.0,0.0,0.0010137557983398438
27.0,0.0,0.0,0.0
13.0,0.0,0.0,0.0
18.0,0.0,0.0,0.0
17.0,0.0,0.0,0.0
12.0,0.0,0.0,0.0
17.0,0.0,0.0,0.0
30.0,0.0,0.0,0.0
14.0,0.0,0.0,0.0
31.0,0.0,0.0,0.0
57.0,0.0,0.0,0.0018918514251708984
19.0,0.0,0.0,0.0
56.0,0.0,0.0,0.0011796951293945312
89.0,1.0,1.0,0.003036022186279297
20.0,0.0,0.0,0.0009992122650146484
70.0,0.0,0.0,0.001997709274291992
32.0,0.0,0.0,0.0
19.0,0.0,0.0,0.001018524169921875
17.0,0.0,0.0,0.0009989738464355469
26.0,0.0,0.0,0.0010211467742919922
35.0,0.0,0.0,0.0010004043579101562
68.0,0.0,0.0,0.002135753631591797
39.0,0.0,0.0,0.0010008811950683594
66.0,1.0,1.0,0.001615285873413086
35.0,0.0,0.0,0.0
18.0,0.0,0.0,0.0
89.0,0.0,0.0,0.003161191940307617
97.0,0.0,0.0,0.0036122798919677734
26.0,0.0,0.0,0.0
13.0,0.0,0.0,0.001253366470336914
25.0,0.0,0.0,0.0010075569152832031
12.0,0.0,0.0,0.001013040542602539
29.0,0.0,0.0,0.00013113021850585938
22.0,0.0,0.0,0.0
132.0,0.0,0.0,0.004035472869873047
27.0,0.0,0.0,0.0
18.0,0.0,0.0,0.0010142326354980469
26.0,0.0,0.0,0.0
149.0,0.0,0.0,0.00492548942565918
90.0,1.0,1.0,0.0027399063110351562
23.0,0.0,0.0,0.0
18.0,0.0,0.0,0.0
16.0,0.0,0.0,0.0
62.0,0.0,0.0,0.0015454292297363281
82.0,0.0,0.0,0.0017018318176269531
18.0,0.0,0.0,0.0010008811950683594
12.0,1.0,1.0,0.0
71.0,0.0,0.0,0.0019240379333496094
29.0,0.0,0.0,0.0010211467742919922
23.0,0.0,0.0,0.0010101795196533203
51.0,0.0,0.0,0.002180814743041992
33.0,0.0,0.0,0.0
98.0,0.0,0.0,0.0029754638671875
31.0,0.0,0.0,0.0014541149139404297
28.0,0.0,0.0,0.0010132789611816406
49.0,0.0,0.0,0.0021228790283203125
50.0,0.0,0.0,0.0014045238494873047
20.0,0.0,0.0,0.0009999275207519531
37.0,0.0,0.0,0.0010135173797607422
22.0,0.0,0.0,0.0
49.0,0.0,0.0,0.002297639846801758
51.0,0.0,0.0,0.0015969276428222656
15.0,0.0,0.0,0.0
27.0,0.0,0.0,0.0019991397857666016
24.0,0.0,0.0,0.0
44.0,0.0,0.0,0.0011818408966064453
53.0,0.0,0.0,0.0026006698608398438
20.0,0.0,0.0,0.0014188289642333984
37.0,0.0,0.0,0.002447366714477539
147.0,0.0,0.0,0.006545305252075195
11.0,0.0,0.0,0.001489877700805664
13.0,0.0,0.0,0.0
50.0,0.0,0.0,0.001998424530029297
22.0,0.0,0.0,0.0
72.0,0.0,0.0,0.0024886131286621094
24.0,0.0,0.0,0.001003265380859375
58.0,0.0,0.0,0.0012052059173583984
45.0,0.0,0.0,0.0010149478912353516
56.0,0.0,0.0,0.001878499984741211
31.0,1.0,1.0,0.0
12.0,0.0,0.0,0.0010075569152832031
22.0,0.0,0.0,0.0005087852478027344
42.0,0.0,0.0,0.0020215511322021484
23.0,0.0,0.0,0.0011277198791503906
22.0,0.0,0.0,0.001008749008178711
31.0,0.0,0.0,0.0
53.0,1.0,1.0,0.0015180110931396484
28.0,0.0,0.0,0.0
61.0,1.0,1.0,0.001325845718383789
41.0,0.0,0.0,0.0012116432189941406
12.0,0.0,0.0,0.00101470947265625
41.0,0.0,0.0,0.0010144710540771484
71.0,0.0,0.0,0.002128124237060547
73.0,0.0,0.0,0.0013380050659179688
28.0,0.0,0.0,0.0010063648223876953
38.0,0.0,0.0,0.0013477802276611328
19.0,0.0,0.0,0.0
54.0,0.0,0.0,0.0011949539184570312
57.0,0.0,0.0,0.0019860267639160156
75.0,0.0,0.0,0.0015330314636230469
39.0,0.0,0.0,0.0010013580322265625
44.0,0.0,0.0,0.0011966228485107422
12.0,0.0,0.0,0.0010149478912353516
15.0,0.0,0.0,0.0
16.0,0.0,0.0,0.0
44.0,1.0,1.0,0.0010919570922851562
89.0,0.0,0.0,0.003020048141479492
25.0,0.0,0.0,0.0010018348693847656
13.0,0.0,0.0,9.274482727050781e-05
25.0,0.0,0.0,0.0
57.0,0.0,0.0,0.0020117759704589844
53.0,0.0,0.0,0.0019214153289794922
11.0,0.0,0.0,0.0
15.0,0.0,0.0,0.0
20.0,0.0,0.0,0.0
11.0,0.0,0.0,0.0
14.0,0.0,0.0,0.0
25.0,0.0,0.0,0.0
57.0,0.0,0.0,0.0017735958099365234
29.0,0.0,0.0,0.0
13.0,0.0,0.0,0.0010099411010742188
28.0,0.0,0.0,0.0014045238494873047
24.0,0.0,0.0,0.0010209083557128906
17.0,0.0,0.0,0.0
30.0,0.0,0.0,0.0
11.0,0.0,0.0,0.0010144710540771484
14.0,0.0,0.0,0.0
11.0,0.0,0.0,0.0
53.0,0.0,0.0,0.002244710922241211
62.0,0.0,0.0,0.0013315677642822266
21.0,0.0,0.0,0.0010008811950683594
33.0,0.0,0.0,0.0
15.0,0.0,0.0,0.0010347366333007812
122.0,0.0,0.0,0.0034742355346679688
55.0,0.0,0.0,0.0010039806365966797
41.0,0.0,0.0,0.001005411148071289
97.0,0.0,0.0,0.0036160945892333984
16.0,0.0,0.0,0.0
51.0,0.0,0.0,0.0014705657958984375
17.0,0.0,0.0,0.0010094642639160156
37.0,0.0,0.0,0.0010006427764892578
24.0,0.0,0.0,0.0011157989501953125
33.0,0.0,0.0,0.0011093616485595703
19.0,0.0,0.0,0.0
59.0,0.0,0.0,0.0016100406646728516
73.0,0.0,0.0,0.0017077922821044922
14.0,0.0,0.0,0.0006008148193359375
35.0,0.0,0.0,0.0012958049774169922
26.0,0.0,0.0,0.0010135173797607422
19.0,0.0,0.0,0.0
27.0,0.0,0.0,0.0
15.0,0.0,0.0,0.0
15.0,0.0,0.0,0.0
33.0,0.0,0.0,0.0014901161193847656
106.0,0.0,0.0,0.0029985904693603516
14.0,0.0,0.0,0.0010001659393310547
60.0,1.0,1.0,0.001638650894165039
64.0,0.0,0.0,0.0016286373138427734
15.0,0.0,0.0,0.0
64.0,0.0,0.0,0.001985311508178711
71.0,0.0,0.0,0.0022563934326171875
63.0,0.0,0.0,0.00099945068359375
12.0,0.0,0.0,0.0
31.0,0.0,0.0,0.001112222671508789
68.0,0.0,0.0,0.0016677379608154297
29.0,0.0,0.0,0.0009975433349609375
23.0,0.0,0.0,0.0
16.0,0.0,0.0,0.0
18.0,0.0,0.0,0.0
27.0,1.0,1.0,0.0010218620300292969
31.0,0.0,0.0,0.0010080337524414062
51.0,1.0,1.0,0.0021278858184814453
66.0,0.0,0.0,0.002819538116455078
67.0,0.0,0.0,0.0019989013671875
23.0,0.0,0.0,0.0010104179382324219
25.0,0.0,0.0,0.0010509490966796875
66.0,0.0,0.0,0.0027697086334228516
63.0,1.0,1.0,0.0014452934265136719
11.0,0.0,0.0,0.0
32.0,0.0,0.0,0.001172780990600586
25.0,0.0,0.0,0.0
83.0,0.0,0.0,0.0018165111541748047
56.0,0.0,0.0,0.001998424530029297
21.0,0.0,0.0,0.001001119613647461
16.0,0.0,0.0,0.0010237693786621094
31.0,0.0,0.0,0.0010118484497070312
16.0,0.0,0.0,0.0009996891021728516
28.0,0.0,0.0,0.0010001659393310547
11.0,0.0,0.0,0.0
12.0,0.0,0.0,0.0
12.0,0.0,0.0,0.0010192394256591797
65.0,0.0,0.0,0.002011537551879883
15.0,0.0,0.0,0.0
50.0,0.0,0.0,0.00099945068359375
40.0,0.0,0.0,0.0012044906616210938
59.0,0.0,0.0,0.0015218257904052734
36.0,0.0,0.0,0.0010132789611816406
70.0,0.0,0.0,0.0019969940185546875
27.0,0.0,0.0,0.0
16.0,0.0,0.0,0.0
17.0,0.0,0.0,0.0
82.0,0.0,0.0,0.001997232437133789
33.0,0.0,0.0,0.0009992122650146484
25.0,0.0,0.0,0.0015859603881835938
16.0,0.0,0.0,0.0005109310150146484
12.0,0.0,0.0,0.0
53.0,0.0,0.0,0.0009989738464355469
121.0,0.0,0.0,0.003127574920654297
19.0,0.0,0.0,0.0005114078521728516
16.0,0.0,0.0,0.0
34.0,0.0,0.0,0.001012563705444336
32.0,0.0,0.0,0.001003265380859375
45.0,0.0,0.0,0.0011088848114013672
40.0,0.0,0.0,0.0
18.0,0.0,0.0,0.0010099411010742188
29.0,0.0,0.0,0.0
18.0,0.0,0.0,0.0010006427764892578
25.0,0.0,0.0,0.0
14.0,0.0,0.0,0.0
33.0,0.0,0.0,0.0005071163177490234
26.0,0.0,0.0,0.0
22.0,0.0,0.0,0.0
13.0,0.0,0.0,0.0005042552947998047
17.0,0.0,0.0,0.0
21.0,0.0,0.0,0.0010128021240234375
43.0,0.0,0.0,0.0010106563568115234
27.0,0.0,0.0,0.0
17.0,0.0,0.0,0.00099945068359375
18.0,0.0,0.0,0.0009996891021728516
37.0,0.0,0.0,0.001577138900756836
38.0,0.0,0.0,0.0
121.0,0.0,0.0,0.00410008430480957
58.0,0.0,0.0,0.0015320777893066406
105.0,0.0,0.0,0.004000663757324219
15.0,0.0,0.0,0.0
11.0,0.0,0.0,0.00116729736328125
31.0,0.0,0.0,0.0
47.0,0.0,0.0,0.0014617443084716797
21.0,0.0,0.0,0.0010650157928466797
26.0,0.0,0.0,0.0
32.0,0.0,0.0,0.0
31.0,0.0,0.0,0.0010116100311279297
97.0,0.0,0.0,0.0025131702423095703
25.0,0.0,0.0,0.0010018348693847656
29.0,0.0,0.0,0.0
27.0,0.0,0.0,0.0010142326354980469
34.0,0.0,0.0,0.0010094642639160156
20.0,0.0,0.0,0.0
42.0,0.0,0.0,0.0019702911376953125
18.0,0.0,0.0,0.0
49.0,0.0,0.0,0.001558542251586914
48.0,0.0,0.0,0.0010101795196533203
40.0,0.0,0.0,0.002011537551879883
30.0,0.0,0.0,0.0010116100311279297
14.0,0.0,0.0,0.0
76.0,0.0,0.0,0.0018987655639648438
36.0,0.0,0.0,0.0010006427764892578
35.0,0.0,0.0,0.0013089179992675781
12.0,0.0,0.0,0.0
12.0,0.0,0.0,0.0
16.0,0.0,0.0,0.0
50.0,0.0,0.0,0.0010945796966552734
11.0,0.0,0.0,0.0
32.0,0.0,0.0,0.0013284683227539062
15.0,0.0,0.0,0.0
99.0,0.0,0.0,0.003116607666015625
12.0,0.0,0.0,0.0
20.0,0.0,0.0,0.0
76.0,0.0,0.0,0.0016307830810546875
14.0,0.0,0.0,0.0010192394256591797
21.0,0.0,0.0,0.0
66.0,0.0,0.0,0.0016756057739257812
13.0,0.0,0.0,0.0
117.0,0.0,0.0,0.00305938720703125
19.0,0.0,0.0,0.0
19.0,0.0,0.0,0.0
57.0,0.0,0.0,0.001611948013305664
12.0,0.0,0.0,0.0
42.0,0.0,0.0,0.0014994144439697266
11.0,0.0,0.0,0.0010101795196533203
15.0,0.0,0.0,0.0
27.0,0.0,0.0,0.0013723373413085938
11.0,0.0,0.0,0.0
66.0,0.0,0.0,0.0037322044372558594
47.0,0.0,0.0,0.0011744499206542969
21.0,0.0,0.0,0.0010008811950683594
27.0,0.0,0.0,0.0
31.0,0.0,0.0,0.001010894775390625
16.0,0.0,0.0,0.0010142326354980469
29.0,0.0,0.0,0.0
50.0,0.0,0.0,0.0020227432250976562
39.0,0.0,0.0,0.0
61.0,0.0,0.0,0.0020177364349365234
41.0,0.0,0.0,0.0010027885437011719
64.0,0.0,0.0,0.0019998550415039062
20.0,0.0,0.0,0.001003265380859375
32.0,0.0,0.0,0.0010149478912353516
21.0,0.0,0.0,0.0010020732879638672
14.0,0.0,0.0,0.0
12.0,0.0,0.0,0.0
67.0,0.0,0.0,0.0018837451934814453
23.0,0.0,0.0,0.001528024673461914
16.0,0.0,0.0,0.0
61.0,0.0,0.0,0.001977682113647461
15.0,0.0,0.0,0.0
13.0,0.0,0.0,0.0
39.0,0.0,0.0,0.0022771358489990234
18.0,0.0,0.0,0.0
36.0,0.0,0.0,0.0010025501251220703
18.0,0.0,0.0,0.0
30.0,0.0,0.0,0.0010080337524414062
78.0,1.0,1.0,0.0015804767608642578
21.0,0.0,0.0,0.0
19.0,0.0,0.0,0.0
58.0,0.0,0.0,0.0018656253814697266
46.0,0.0,0.0,0.001291036605834961
20.0,0.0,0.0,0.0010135173797607422
34.0,0.0,0.0,0.0013644695281982422
11.0,0.0,0.0,0.0
11.0,0.0,0.0,0.0
64.0,1.0,1.0,0.0018520355224609375
21.0,0.0,0.0,0.0
53.0,0.0,0.0,0.002329111099243164
16.0,0.0,0.0,0.0
12.0,0.0,0.0,0.0010180473327636719
23.0,0.0,0.0,0.0
12.0,0.0,0.0,0.0
13.0,0.0,0.0,0.0
22.0,0.0,0.0,0.0
68.0,3.0,3.0,0.0010118484497070312
24.0,0.0,0.0,0.0
33.0,0.0,0.0,0.00099945068359375
19.0,0.0,0.0,0.0009996891021728516
14.0,0.0,0.0,0.0
47.0,0.0,0.0,0.0020973682403564453
12.0,0.0,0.0,0.0010113716125488281
30.0,0.0,0.0,0.0012216567993164062
17.0,0.0,0.0,0.0010132789611816406
39.0,0.0,0.0,0.0020513534545898438
18.0,0.0,0.0,0.0
18.0,0.0,0.0,0.0010013580322265625
17.0,0.0,0.0,0.0
47.0,0.0,0.0,0.0013806819915771484
50.0,0.0,0.0,0.0020079612731933594
52.0,0.0,0.0,0.002007007598876953
37.0,0.0,0.0,0.0010099411010742188
20.0,0.0,0.0,0.0014615058898925781
13.0,0.0,0.0,0.0
21.0,0.0,0.0,0.0
43.0,0.0,0.0,0.0014843940734863281
29.0,0.0,0.0,0.0010089874267578125
92.0,0.0,0.0,0.0018303394317626953
16.0,0.0,0.0,0.0
43.0,0.0,0.0,0.0014891624450683594
75.0,0.0,0.0,0.0018460750579833984
19.0,0.0,0.0,0.0
133.0,0.0,0.0,0.003529071807861328
64.0,1.0,1.0,0.0019233226776123047
28.0,0.0,0.0,0.0
14.0,0.0,0.0,0.0
60.0,0.0,0.0,0.001837015151977539
11.0,0.0,0.0,0.0
18.0,0.0,0.0,0.0
68.0,0.0,0.0,0.001909017562866211
24.0,0.0,0.0,0.0
19.0,0.0,0.0,0.0010137557983398438
38.0,0.0,0.0,0.0013387203216552734
45.0,0.0,0.0,0.001466989517211914
12.0,0.0,0.0,0.0010137557983398438
22.0,0.0,0.0,0.0
22.0,0.0,0.0,0.0
21.0,0.0,0.0,0.0
31.0,0.0,0.0,0.0
37.0,0.0,0.0,0.0013914108276367188
54.0,0.0,0.0,0.0020928382873535156
28.0,0.0,0.0,0.0
11.0,0.0,0.0,0.0011641979217529297
126.0,2.0,2.0,0.002588033676147461
11.0,0.0,0.0,0.0010068416595458984
74.0,0.0,0.0,0.00133514404296875
54.0,0.0,0.0,0.0018494129180908203
19.0,0.0,0.0,0.0
20.0,0.0,0.0,0.0
11.0,0.0,0.0,0.0
18.0,0.0,0.0,0.0
17.0,0.0,0.0,0.0010139942169189453
31.0,0.0,0.0,0.0
19.0,0.0,0.0,0.0
21.0,0.0,0.0,0.0
13.0,0.0,0.0,0.0
13.0,0.0,0.0,0.0
69.0,0.0,0.0,0.0037763118743896484
11.0,0.0,0.0,0.0009944438934326172
16.0,0.0,0.0,0.0010170936584472656
33.0,0.0,0.0,0.0011944770812988281
13.0,0.0,0.0,0.0010080337524414062
20.0,0.0,0.0,0.0010097026824951172
19.0,0.0,0.0,0.0
68.0,0.0,0.0,0.002671480178833008
31.0,0.0,0.0,0.0011076927185058594
35.0,0.0,0.0,0.0009989738464355469
29.0,0.0,0.0,0.0009992122650146484
30.0,0.0,0.0,0.0
19.0,0.0,0.0,0.0011532306671142578
45.0,0.0,0.0,0.001157522201538086
64.0,0.0,0.0,0.0021157264709472656
61.0,0.0,0.0,0.002046346664428711
72.0,0.0,0.0,0.002053976058959961
30.0,0.0,0.0,0.0010008811950683594
11.0,0.0,0.0,0.0
18.0,0.0,0.0,0.0014524459838867188
11.0,0.0,0.0,0.0010025501251220703
16.0,0.0,0.0,0.0
64.0,0.0,0.0,0.0020449161529541016
45.0,0.0,0.0,0.002012968063354492
11.0,0.0,0.0,0.0
28.0,0.0,0.0,0.0
57.0,0.0,0.0,0.0015478134155273438
17.0,0.0,0.0,0.0005412101745605469
89.0,0.0,0.0,0.002611398696899414
59.0,0.0,0.0,0.0017764568328857422
11.0,0.0,0.0,0.0
29.0,0.0,0.0,0.0010762214660644531
21.0,0.0,0.0,0.0005512237548828125
31.0,0.0,0.0,0.0005373954772949219
33.0,0.0,0.0,0.0010616779327392578
22.0,0.0,0.0,0.0010035037994384766
11.0,0.0,0.0,0.0005373954772949219
11.0,0.0,0.0,0.0005381107330322266
48.0,0.0,0.0,0.0016179084777832031
15.0,0.0,0.0,0.0005080699920654297
12.0,0.0,0.0,0.0005304813385009766
12.0,0.0,0.0,0.0005099773406982422
12.0,0.0,0.0,0.0005180835723876953
11.0,0.0,0.0,0.0005195140838623047
32.0,0.0,0.0,0.0015759468078613281
76.0,0.0,0.0,0.0031414031982421875
32.0,0.0,0.0,0.00099945068359375
18.0,0.0,0.0,0.0
22.0,0.0,0.0,0.0005183219909667969
40.0,0.0,0.0,0.001054525375366211
16.0,0.0,0.0,0.0005261898040771484
47.0,0.0,0.0,0.0011730194091796875
34.0,0.0,0.0,0.0010597705841064453
24.0,0.0,0.0,0.0005357265472412109
23.0,0.0,0.0,0.0005609989166259766
63.0,0.0,0.0,0.002116680145263672
23.0,0.0,0.0,0.0010843276977539062
11.0,0.0,0.0,0.0005323886871337891
14.0,0.0,0.0,0.0005552768707275391
23.0,0.0,0.0,0.0010678768157958984
94.0,0.0,0.0,0.0028085708618164062
22.0,0.0,0.0,0.0005481243133544922
11.0,0.0,0.0,0.0005261898040771484
49.0,1.0,1.0,0.0015549659729003906
23.0,0.0,0.0,0.0005235671997070312
27.0,0.0,0.0,0.0006415843963623047
17.0,0.0,0.0,0.0005452632904052734
39.0,0.0,0.0,0.0010330677032470703
67.0,0.0,0.0,0.002117633819580078
34.0,0.0,0.0,0.0010306835174560547
25.0,0.0,0.0,0.0005159378051757812
12.0,0.0,0.0,0.0
13.0,0.0,0.0,0.0005304813385009766
31.0,0.0,0.0,0.0011241436004638672
49.0,0.0,0.0,0.0015342235565185547
31.0,0.0,0.0,0.0010104179382324219
19.0,0.0,0.0,0.0010693073272705078
71.0,0.0,0.0,0.0012805461883544922
17.0,0.0,0.0,0.0010139942169189453
22.0,0.0,0.0,0.0
58.0,1.0,1.0,0.0015158653259277344
13.0,0.0,0.0,0.0010027885437011719
16.0,0.0,0.0,0.0
40.0,1.0,1.0,0.0015854835510253906
11.0,0.0,0.0,0.0
104.0,0.0,0.0,0.0024924278259277344
26.0,0.0,0.0,0.001008749008178711
45.0,0.0,0.0,0.0010132789611816406
34.0,0.0,0.0,0.0010211467742919922
44.0,0.0,0.0,0.002012968063354492
79.0,0.0,0.0,0.0022275447845458984
86.0,0.0,0.0,0.002544403076171875
11.0,0.0,0.0,0.0
56.0,1.0,1.0,0.0019690990447998047
29.0,0.0,0.0,0.0
11.0,0.0,0.0,0.0005075931549072266
25.0,1.0,1.0,0.0
17.0,0.0,0.0,0.0
12.0,0.0,0.0,0.0009989738464355469
12.0,0.0,0.0,0.0
21.0,0.0,0.0,0.00099945068359375
14.0,0.0,0.0,0.0
27.0,0.0,0.0,0.0011217594146728516
49.0,0.0,0.0,0.0010216236114501953
89.0,0.0,0.0,0.003579378128051758
20.0,0.0,0.0,0.0010097026824951172
42.0,0.0,0.0,0.002169370651245117
26.0,0.0,0.0,0.0
14.0,0.0,0.0,0.0
21.0,0.0,0.0,0.0
50.0,0.0,0.0,0.001683950424194336
14.0,0.0,0.0,0.0021202564239501953
168.0,1.0,1.0,0.006213188171386719
116.0,0.0,0.0,0.0026459693908691406
33.0,1.0,1.0,0.0010039806365966797
22.0,0.0,0.0,0.0
28.0,0.0,0.0,9.894371032714844e-05
35.0,0.0,0.0,0.001013040542602539
81.0,0.0,0.0,0.001997709274291992
15.0,0.0,0.0,0.001001119613647461
45.0,0.0,0.0,0.0009984970092773438
55.0,0.0,0.0,0.0015292167663574219
12.0,0.0,0.0,0.0010020732879638672
12.0,0.0,0.0,0.0
73.0,0.0,0.0,0.0019979476928710938
52.0,1.0,1.0,0.0021500587463378906
39.0,0.0,0.0,0.001013040542602539
84.0,1.0,1.0,0.002998828887939453
17.0,0.0,0.0,0.0
53.0,0.0,0.0,0.002129793167114258
35.0,0.0,0.0,0.001013040542602539
20.0,0.0,0.0,0.0010113716125488281
48.0,0.0,0.0,0.0009987354278564453
68.0,0.0,0.0,0.0019986629486083984
21.0,0.0,0.0,0.0010180473327636719
16.0,0.0,0.0,0.0
62.0,0.0,0.0,0.0025742053985595703
39.0,0.0,0.0,0.0020301342010498047
17.0,0.0,0.0,9.703636169433594e-05
31.0,0.0,0.0,0.0013937950134277344
11.0,0.0,0.0,0.0010154247283935547
24.0,0.0,0.0,0.0
31.0,0.0,0.0,0.0010099411010742188
20.0,0.0,0.0,0.0
49.0,0.0,0.0,0.0015249252319335938
27.0,0.0,0.0,0.0009965896606445312
19.0,0.0,0.0,0.0010037422180175781
66.0,0.0,0.0,0.0016911029815673828
66.0,0.0,0.0,0.0020055770874023438
70.0,0.0,0.0,0.0032300949096679688
63.0,0.0,0.0,0.002115488052368164
38.0,0.0,0.0,0.0024099349975585938
85.0,0.0,0.0,0.0033121109008789062
83.0,0.0,0.0,0.004532814025878906
12.0,0.0,0.0,0.0010895729064941406
36.0,0.0,0.0,0.0
33.0,0.0,0.0,0.0011029243469238281
13.0,0.0,0.0,0.0
41.0,0.0,0.0,0.0013804435729980469
13.0,0.0,0.0,0.0
59.0,0.0,0.0,0.0027341842651367188
84.0,0.0,0.0,0.0024559497833251953
18.0,0.0,0.0,0.0
12.0,0.0,0.0,0.0009987354278564453
13.0,0.0,0.0,0.0
23.0,0.0,0.0,0.0
19.0,0.0,0.0,0.0010118484497070312
26.0,0.0,0.0,0.0010128021240234375
95.0,0.0,0.0,0.0041658878326416016
15.0,0.0,0.0,0.0010302066802978516
69.0,0.0,0.0,0.002036571502685547
28.0,0.0,0.0,0.0005102157592773438
33.0,0.0,0.0,0.0009932518005371094
33.0,0.0,0.0,0.0010023117065429688
35.0,0.0,0.0,0.0009996891021728516
47.0,0.0,0.0,0.002009868621826172
40.0,0.0,0.0,0.0010123252868652344
71.0,0.0,0.0,0.003400564193725586
68.0,0.0,0.0,0.001997232437133789
17.0,0.0,0.0,0.0009992122650146484
71.0,0.0,0.0,0.002151966094970703
39.0,0.0,0.0,0.001999378204345703
145.0,0.0,0.0,0.0033464431762695312
17.0,0.0,0.0,0.0009968280792236328
27.0,0.0,0.0,0.0009984970092773438
27.0,0.0,0.0,0.0009984970092773438
27.0,0.0,0.0,0.0009982585906982422
13.0,0.0,0.0,0.0
30.0,0.0,0.0,0.0
14.0,0.0,0.0,0.0
23.0,0.0,0.0,0.0005145072937011719
18.0,0.0,0.0,0.00099945068359375
21.0,0.0,0.0,0.0
12.0,0.0,0.0,0.0009989738464355469
24.0,0.0,0.0,0.0
11.0,1.0,1.0,0.0
12.0,0.0,0.0,0.00051116943359375
12.0,0.0,0.0,0.0
44.0,0.0,0.0,0.0009982585906982422
11.0,0.0,0.0,0.0009989738464355469
61.0,0.0,0.0,0.0011794567108154297
11.0,0.0,0.0,0.0010101795196533203
65.0,0.0,0.0,0.001996755599975586
27.0,0.0,0.0,0.0010018348693847656
45.0,0.0,0.0,0.0015118122100830078
20.0,0.0,0.0,0.0
12.0,0.0,0.0,0.0
50.0,0.0,0.0,0.0013854503631591797
14.0,0.0,0.0,0.0
45.0,0.0,0.0,0.0016219615936279297
36.0,0.0,0.0,0.0
24.0,0.0,0.0,0.0010180473327636719
11.0,0.0,0.0,0.0
11.0,0.0,0.0,0.001001596450805664
51.0,0.0,0.0,0.00152587890625
12.0,0.0,0.0,0.0
124.0,0.0,0.0,0.002822399139404297
11.0,0.0,0.0,0.0
34.0,0.0,0.0,0.0009987354278564453
19.0,0.0,0.0,0.0010209083557128906
154.0,0.0,0.0,0.0037593841552734375
74.0,0.0,0.0,0.0026268959045410156
66.0,0.0,0.0,0.0012993812561035156
11.0,0.0,0.0,0.0
15.0,0.0,0.0,0.0
24.0,0.0,0.0,0.0
21.0,0.0,0.0,0.0
14.0,0.0,0.0,0.001020669937133789
32.0,0.0,0.0,0.0
14.0,0.0,0.0,0.0
29.0,0.0,0.0,0.0010170936584472656
21.0,0.0,0.0,0.0
14.0,0.0,0.0,0.0010192394256591797
31.0,0.0,0.0,0.0010135173797607422
11.0,0.0,0.0,0.0
28.0,0.0,0.0,0.0
45.0,0.0,0.0,0.0013585090637207031
53.0,0.0,0.0,0.0027091503143310547
83.0,0.0,0.0,0.0019555091857910156
26.0,0.0,0.0,0.0010035037994384766
22.0,0.0,0.0,0.0010037422180175781
69.0,0.0,0.0,0.0017142295837402344
12.0,0.0,0.0,0.0
14.0,0.0,0.0,0.000995635986328125
47.0,0.0,0.0,0.0010051727294921875
29.0,0.0,0.0,0.0010042190551757812
18.0,0.0,0.0,0.0010290145874023438
15.0,0.0,0.0,0.0
54.0,0.0,0.0,0.0019989013671875
49.0,0.0,0.0,0.0010006427764892578
18.0,0.0,0.0,0.001125335693359375
16.0,0.0,0.0,0.0
34.0,0.0,0.0,0.0010104179382324219
45.0,0.0,0.0,0.0019986629486083984
27.0,0.0,0.0,0.0009996891021728516
15.0,0.0,0.0,0.0014472007751464844
47.0,0.0,0.0,0.0020570755004882812
14.0,0.0,0.0,0.001001119613647461
11.0,0.0,0.0,0.00051116943359375
18.0,0.0,0.0,0.0
34.0,0.0,0.0,0.0014107227325439453
63.0,0.0,0.0,0.0012183189392089844
52.0,0.0,0.0,0.002416372299194336
12.0,0.0,0.0,0.0010173320770263672
76.0,0.0,0.0,0.00107574462890625
34.0,0.0,0.0,0.0
26.0,0.0,0.0,0.0010159015655517578
108.0,2.0,2.0,0.002807140350341797
46.0,0.0,0.0,0.0014889240264892578
44.0,0.0,0.0,0.0010094642639160156
59.0,0.0,0.0,0.0020618438720703125
14.0,0.0,0.0,0.0
34.0,0.0,0.0,0.0014564990997314453
25.0,0.0,0.0,0.0
11.0,0.0,0.0,0.0
50.0,0.0,0.0,0.001895904541015625
13.0,0.0,0.0,0.00010919570922851562
22.0,0.0,0.0,0.0
16.0,0.0,0.0,0.0
41.0,0.0,0.0,0.0011837482452392578
38.0,0.0,0.0,0.0010101795196533203
14.0,0.0,0.0,0.0012860298156738281
22.0,0.0,0.0,0.00012636184692382812
34.0,0.0,0.0,0.0015113353729248047
79.0,0.0,0.0,0.0025107860565185547
67.0,0.0,0.0,0.0018467903137207031
12.0,0.0,0.0,0.0010106563568115234
103.0,0.0,0.0,0.002497434616088867
86.0,0.0,0.0,0.002549886703491211
51.0,0.0,0.0,0.0010137557983398438
44.0,0.0,0.0,0.001115560531616211
28.0,0.0,0.0,0.0
14.0,0.0,0.0,0.0009984970092773438
44.0,0.0,0.0,0.0015861988067626953
75.0,0.0,0.0,0.001573801040649414
23.0,0.0,0.0,0.0
19.0,0.0,0.0,0.0
17.0,0.0,0.0,0.0
19.0,0.0,0.0,0.0
66.0,0.0,0.0,0.0015208721160888672
16.0,0.0,0.0,0.0
13.0,0.0,0.0,0.0
29.0,0.0,0.0,0.0
12.0,0.0,0.0,0.0
34.0,0.0,0.0,0.0013840198516845703
13.0,0.0,0.0,0.0
42.0,0.0,0.0,0.0013833045959472656
53.0,0.0,0.0,0.002007722854614258
89.0,0.0,0.0,0.004077911376953125
21.0,0.0,0.0,0.0
30.0,0.0,0.0,0.0010159015655517578
112.0,0.0,0.0,0.004586219787597656
56.0,0.0,0.0,0.0025289058685302734
32.0,0.0,0.0,0.0012319087982177734
34.0,0.0,0.0,0.0009953975677490234
50.0,0.0,0.0,0.0021033287048339844
30.0,0.0,0.0,0.0
84.0,1.0,1.0,0.0030188560485839844
72.0,0.0,0.0,0.0019974708557128906
18.0,0.0,0.0,0.0
35.0,0.0,0.0,0.00101470947265625
12.0,0.0,0.0,0.0
23.0,0.0,0.0,0.0
19.0,0.0,0.0,0.0011048316955566406
103.0,0.0,0.0,0.003088712692260742
72.0,0.0,0.0,0.0020074844360351562
49.0,0.0,0.0,0.0009996891021728516
12.0,0.0,0.0,0.0
89.0,0.0,0.0,0.002630949020385742
39.0,0.0,0.0,0.002003192901611328
16.0,0.0,0.0,0.0
64.0,0.0,0.0,0.002148151397705078
50.0,0.0,0.0,0.0014271736145019531
23.0,0.0,0.0,0.0005080699920654297
83.0,0.0,0.0,0.0017104148864746094
59.0,0.0,0.0,0.0020046234130859375
27.0,0.0,0.0,0.0010156631469726562
21.0,0.0,0.0,0.0010137557983398438
37.0,0.0,0.0,0.0009984970092773438
31.0,0.0,0.0,0.0011153221130371094
42.0,0.0,0.0,0.0021545886993408203
15.0,0.0,0.0,0.0
101.0,1.0,1.0,0.005027055740356445
49.0,0.0,0.0,0.003105640411376953
97.0,0.0,0.0,0.0033235549926757812
58.0,0.0,0.0,0.002017974853515625
53.0,0.0,0.0,0.0010044574737548828
35.0,0.0,0.0,0.0010471343994140625
57.0,0.0,0.0,0.0014910697937011719
113.0,0.0,0.0,0.0031545162200927734
70.0,0.0,0.0,0.002996683120727539
57.0,0.0,0.0,0.0031630992889404297
19.0,0.0,0.0,0.0012080669403076172
15.0,0.0,0.0,0.0010128021240234375
18.0,0.0,0.0,0.0
28.0,0.0,0.0,0.0011072158813476562
24.0,0.0,0.0,0.0010042190551757812
33.0,0.0,0.0,0.0010135173797607422
14.0,0.0,0.0,0.0
26.0,0.0,0.0,0.0009982585906982422
37.0,1.0,1.0,0.0010821819305419922
39.0,0.0,0.0,0.00203704833984375
53.0,0.0,0.0,0.0011508464813232422
47.0,0.0,0.0,0.0018811225891113281
26.0,0.0,0.0,0.0
62.0,0.0,0.0,0.0018000602722167969
141.0,0.0,0.0,0.003868579864501953
23.0,0.0,0.0,0.0010023117065429688
23.0,0.0,0.0,0.0
32.0,0.0,0.0,0.0005066394805908203
13.0,0.0,0.0,0.0
43.0,0.0,0.0,0.0019989013671875
66.0,0.0,0.0,0.0026082992553710938
38.0,0.0,0.0,0.0
13.0,0.0,0.0,0.0
17.0,0.0,0.0,0.0
11.0,0.0,0.0,0.0
50.0,1.0,1.0,0.0018939971923828125
28.0,0.0,0.0,0.0
21.0,0.0,0.0,0.0
21.0,0.0,0.0,0.0010204315185546875
12.0,0.0,0.0,0.0010094642639160156
12.0,0.0,0.0,0.0
19.0,0.0,0.0,0.0010008811950683594
21.0,0.0,0.0,0.0
68.0,0.0,0.0,0.0019979476928710938
90.0,0.0,0.0,0.0030107498168945312
26.0,0.0,0.0,0.0012271404266357422
13.0,0.0,0.0,0.00014090538024902344
16.0,0.0,0.0,0.0
58.0,0.0,0.0,0.0014843940734863281
66.0,0.0,0.0,0.002520322799682617
30.0,0.0,0.0,0.0011234283447265625
98.0,0.0,0.0,0.0027763843536376953
13.0,0.0,0.0,0.0
39.0,0.0,0.0,0.0014598369598388672
28.0,0.0,0.0,0.0010128021240234375
44.0,0.0,0.0,0.0010173320770263672
16.0,0.0,0.0,0.001012563705444336
49.0,0.0,0.0,0.001249551773071289
45.0,0.0,0.0,0.001001119613647461
13.0,1.0,1.0,0.0010366439819335938
13.0,0.0,0.0,0.0
52.0,0.0,0.0,0.002002716064453125
27.0,0.0,0.0,0.0
31.0,0.0,0.0,0.0
52.0,0.0,0.0,0.001421213150024414
43.0,0.0,0.0,0.0010943412780761719
21.0,0.0,0.0,0.0010106563568115234
22.0,0.0,0.0,0.0
29.0,0.0,0.0,0.0009562969207763
78.0,0.0,0.0,0.0019805431365966
29.0,0.0,0.0,0.0015556812286376
20.0,0.0,0.0,0.0020086765289306
51.0,1.0,1.0,0.0019986629486083
44.0,0.0,0.0,0.0009984970092773
32.0,0.0,0.0,0.0019826889038085
16.0,0.0,0.0,0.0010004043579101
51.0,1.0,1.0,0.0019881725311279
11.0,0.0,0.0,0.0014655590057373
73.0,0.0,0.0,0.0046384334564208
20.0,0.0,0.0,0.0014042854309082
13.0,0.0,0.0,0.0
21.0,0.0,0.0,0.0010075569152832
59.0,0.0,0.0,0.0033376216888427
33.0,0.0,0.0,0.0020108222961425
22.0,0.0,0.0,0.0
91.0,0.0,0.0,0.0035507678985595
69.0,1.0,1.0,0.0019993782043457
37.0,0.0,0.0,0.0010032653808593
22.0,0.0,0.0,0.001002550125122
24.0,0.0,0.0,0.0010092258453369
15.0,0.0,0.0,0.0
29.0,0.0,0.0,0.0009999275207519
16.0,0.0,0.0,0.0
14.0,0.0,0.0,0.0005064010620117
29.0,0.0,0.0,0.0
40.0,0.0,0.0,0.0010135173797607
18.0,0.0,0.0,0.0010108947753906
36.0,0.0,0.0,0.0009222030639648
46.0,0.0,0.0,0.0010111331939697
56.0,0.0,0.0,0.0014798641204833
15.0,0.0,0.0,0.0
31.0,0.0,0.0,0.0
35.0,0.0,0.0,0.0
26.0,0.0,0.0,0.0010106563568115
78.0,0.0,0.0,0.0018935203552246
103.0,0.0,0.0,0.0026843547821044
15.0,0.0,0.0,0.0
11.0,0.0,0.0,0.0
19.0,0.0,0.0,0.0
18.0,0.0,0.0,0.0
12.0,0.0,0.0,0.0
89.0,0.0,0.0,0.0018141269683837
13.0,0.0,0.0,0.001002550125122
12.0,0.0,0.0,0.0
22.0,0.0,0.0,0.0009963512420654
60.0,0.0,0.0,0.0015199184417724
11.0,0.0,0.0,0.0
34.0,0.0,0.0,0.0009961128234863
14.0,0.0,0.0,0.001000165939331
12.0,0.0,0.0,0.0
122.0,0.0,0.0,0.0029108524322509
41.0,0.0,0.0,0.0015368461608886
11.0,0.0,0.0,0.0
49.0,1.0,1.0,0.001542329788208
39.0,0.0,0.0,0.0011487007141113
28.0,0.0,0.0,0.0010068416595458
45.0,0.0,0.0,0.0010027885437011
29.0,0.0,0.0,0.0013234615325927
13.0,0.0,0.0,0.001075267791748
34.0,0.0,0.0,0.0
50.0,0.0,0.0,0.0021178722381591
131.0,1.0,1.0,0.0040767192840576
26.0,0.0,0.0,0.0010144710540771
33.0,0.0,0.0,0.0
42.0,0.0,0.0,0.0020089149475097
15.0,0.0,0.0,0.0
26.0,0.0,0.0,0.0011353492736816
104.0,0.0,0.0,0.0031080245971679
87.0,0.0,0.0,0.0026595592498779
44.0,0.0,0.0,0.0009739398956298
26.0,0.0,0.0,0.0010020732879638
54.0,0.0,0.0,0.0015671253204345
15.0,0.0,0.0,0.0
79.0,0.0,0.0,0.0027320384979248
88.0,0.0,0.0,0.0020005702972412
16.0,0.0,0.0,0.0
69.0,0.0,0.0,0.001854658126831
49.0,0.0,0.0,0.0019986629486083
13.0,0.0,0.0,0.0
39.0,0.0,0.0,0.0021083354949951
29.0,0.0,0.0,0.0010087490081787
17.0,0.0,0.0,0.0010030269622802
51.0,0.0,0.0,0.0013008117675781
48.0,0.0,0.0,0.0022327899932861
18.0,0.0,0.0,0.0
85.0,0.0,0.0,0.0022454261779785
61.0,0.0,0.0,0.0019996166229248
13.0,0.0,0.0,0.0
17.0,0.0,0.0,0.0010159015655517
15.0,0.0,0.0,0.001007080078125
73.0,0.0,0.0,0.0027954578399658
21.0,0.0,0.0,0.0
42.0,0.0,0.0,0.0011045932769775
192.0,0.0,0.0,0.0055153369903564
14.0,0.0,0.0,0.0
14.0,0.0,0.0,0.0001294612884521
67.0,0.0,0.0,0.0020937919616699
23.0,0.0,0.0,0.0
115.0,0.0,0.0,0.0029847621917724
32.0,0.0,0.0,0.0010836124420166
18.0,0.0,0.0,0.0
11.0,0.0,0.0,0.0
41.0,0.0,0.0,0.0015034675598144
149.0,0.0,0.0,0.0049998760223388
36.0,0.0,0.0,0.0030503273010253
41.0,0.0,0.0,0.0010030269622802
41.0,0.0,0.0,0.0010969638824462
36.0,0.0,0.0,0.0
26.0,0.0,0.0,0.0020115375518798
20.0,0.0,0.0,0.0
23.0,0.0,0.0,0.0015490055084228
26.0,0.0,0.0,0.0
29.0,0.0,0.0,0.0
40.0,0.0,0.0,0.0010251998901367
18.0,0.0,0.0,0.0
14.0,0.0,0.0,0.0
91.0,0.0,0.0,0.0038878917694091
35.0,0.0,0.0,0.0
12.0,0.0,0.0,0.0010077953338623
13.0,0.0,0.0,0.0005085468292236
11.0,0.0,0.0,0.0
31.0,0.0,0.0,0.0
18.0,0.0,0.0,0.0
60.0,0.0,0.0,0.0016162395477294
15.0,0.0,0.0,0.0
41.0,0.0,0.0,0.0015501976013183
29.0,0.0,0.0,0.0
28.0,0.0,0.0,0.0
21.0,0.0,0.0,0.0
53.0,0.0,0.0,0.0011050701141357
59.0,0.0,0.0,0.002148151397705
14.0,0.0,0.0,0.001011848449707
28.0,0.0,0.0,0.0010013580322265
21.0,0.0,0.0,0.0010097026824951
14.0,0.0,0.0,0.0002317428588867
38.0,0.0,0.0,0.0012514591217041
24.0,0.0,0.0,0.0010077953338623
27.0,0.0,0.0,0.0015034675598144
109.0,0.0,0.0,0.002993106842041
21.0,0.0,0.0,0.0
19.0,0.0,0.0,0.0
30.0,0.0,0.0,0.0
138.0,0.0,0.0,0.0036189556121826
26.0,0.0,0.0,0.0010097026824951
26.0,0.0,0.0,0.0
20.0,0.0,0.0,0.0
73.0,0.0,0.0,0.0020854473114013
73.0,0.0,0.0,0.002091646194458
16.0,0.0,0.0,0.0
38.0,0.0,0.0,0.0009965896606445
14.0,0.0,0.0,0.0
65.0,0.0,0.0,0.0025367736816406
11.0,0.0,0.0,0.001002550125122
17.0,0.0,0.0,0.0010011196136474
19.0,0.0,0.0,0.0012187957763671
27.0,0.0,0.0,0.0011267662048339
15.0,0.0,0.0,0.0
101.0,1.0,1.0,0.0029840469360351
46.0,0.0,0.0,0.0020022392272949
97.0,0.0,0.0,0.0035767555236816
12.0,0.0,0.0,0.0
54.0,0.0,0.0,0.0020053386688232
13.0,0.0,0.0,0.0
11.0,0.0,0.0,0.0
16.0,0.0,0.0,0.0
36.0,0.0,0.0,0.0010073184967041
28.0,0.0,0.0,0.0
37.0,0.0,0.0,0.0
17.0,0.0,0.0,0.001021385192871
11.0,0.0,0.0,0.0
14.0,0.0,0.0,0.0009963512420654
57.0,0.0,0.0,0.0019562244415283
17.0,0.0,0.0,0.0
11.0,0.0,0.0,0.0
51.0,0.0,0.0,0.0013346672058105
68.0,0.0,0.0,0.0026326179504394
16.0,0.0,0.0,0.0
45.0,0.0,0.0,0.0014569759368896
18.0,0.0,0.0,0.001014232635498
91.0,0.0,0.0,0.0025122165679931
11.0,0.0,0.0,0.0
43.0,0.0,0.0,0.0015418529510498
21.0,0.0,0.0,0.0010123252868652
63.0,0.0,0.0,0.0020062923431396
127.0,0.0,0.0,0.0045826435089111
59.0,0.0,0.0,0.0017404556274414
60.0,0.0,0.0,0.0010328292846679
81.0,0.0,0.0,0.0025084018707275
15.0,0.0,0.0,0.0
17.0,0.0,0.0,0.0013439655303955
112.0,1.0,1.0,0.0027658939361572
58.0,0.0,0.0,0.0019996166229248
65.0,0.0,0.0,0.0021917819976806
36.0,0.0,0.0,0.0
23.0,0.0,0.0,0.0010132789611816
23.0,1.0,1.0,0.0
32.0,0.0,0.0,0.00038743019104
28.0,0.0,0.0,0.0012335777282714
11.0,0.0,0.0,0.001000165939331
40.0,0.0,0.0,0.0014123916625976
16.0,0.0,0.0,0.0
26.0,0.0,0.0,0.0
31.0,0.0,0.0,0.0024902820587158
80.0,0.0,0.0,0.0019996166229248
46.0,0.0,0.0,0.0011210441589355
25.0,0.0,0.0,0.0020067691802978
13.0,0.0,0.0,0.0010111331939697
25.0,0.0,0.0,0.0010104179382324
72.0,0.0,0.0,0.0011789798736572
14.0,0.0,0.0,0.0
20.0,0.0,0.0,0.00099778175354
43.0,0.0,0.0,0.0009899139404296
11.0,0.0,0.0,0.0
11.0,0.0,0.0,0.0010108947753906
35.0,0.0,0.0,0.001164436340332
40.0,0.0,0.0,0.0010230541229248
22.0,0.0,0.0,0.0
35.0,0.0,0.0,0.0010085105895996
14.0,0.0,0.0,0.0015175342559814
11.0,0.0,0.0,0.0
21.0,0.0,0.0,0.0
15.0,0.0,0.0,0.0010035037994384
47.0,0.0,0.0,0.0010104179382324
55.0,0.0,0.0,0.0021009445190429
41.0,0.0,0.0,0.0010116100311279
34.0,0.0,0.0,0.0010035037994384
47.0,1.0,1.0,0.0012538433074951
13.0,0.0,0.0,0.0009989738464355
20.0,0.0,0.0,0.0010209083557128
32.0,1.0,1.0,0.0010108947753906
30.0,0.0,0.0,0.0010051727294921
30.0,0.0,0.0,0.0010023117065429
26.0,0.0,0.0,0.0010037422180175
25.0,0.0,0.0,0.0010108947753906
70.0,0.0,0.0,0.0017509460449218
40.0,0.0,0.0,0.0012521743774414
23.0,0.0,0.0,0.0010068416595458
11.0,0.0,0.0,0.0010962486267089
32.0,0.0,0.0,0.0014429092407226
18.0,0.0,0.0,0.0005056858062744
25.0,0.0,0.0,0.0010082721710205
33.0,0.0,0.0,0.0014269351959228
18.0,0.0,0.0,0.0
121.0,0.0,0.0,0.0045311450958251
18.0,0.0,0.0,0.0011661052703857
15.0,0.0,0.0,0.0011425018310546
23.0,0.0,0.0,0.0
52.0,0.0,0.0,0.0019974708557128
29.0,0.0,0.0,0.0010459423065185
41.0,0.0,0.0,0.0010173320770263
34.0,0.0,0.0,0.0010066032409667
76.0,0.0,0.0,0.0019905567169189
14.0,0.0,0.0,0.0010085105895996
17.0,0.0,0.0,0.0010476112365722
15.0,0.0,0.0,0.0
75.0,0.0,0.0,0.0033352375030517
17.0,0.0,0.0,0.001011848449707
21.0,0.0,0.0,0.0010530948638916
14.0,0.0,0.0,0.0010008811950683
129.0,0.0,0.0,0.0040442943572998
71.0,0.0,0.0,0.0023410320281982
38.0,0.0,0.0,0.0009620189666748
33.0,0.0,0.0,0.0006604194641113
36.0,0.0,0.0,0.0010440349578857
59.0,0.0,0.0,0.002007246017456
24.0,0.0,0.0,0.0
65.0,0.0,0.0,0.0010168552398681
12.0,0.0,0.0,0.0009996891021728
64.0,0.0,0.0,0.0020275115966796
32.0,1.0,1.0,0.0027556419372558
15.0,0.0,0.0,0.0010004043579101
29.0,0.0,0.0,0.0010104179382324
29.0,0.0,0.0,0.0016047954559326
18.0,0.0,0.0,0.0010240077972412
87.0,0.0,0.0,0.0038726329803466
71.0,0.0,0.0,0.0019986629486083
33.0,0.0,0.0,0.0015509128570556
25.0,0.0,0.0,0.0010139942169189
53.0,1.0,1.0,0.0009841918945312
14.0,0.0,0.0,0.001004934310913
15.0,0.0,0.0,0.0
68.0,0.0,0.0,0.002317190170288
35.0,0.0,0.0,0.0005440711975097
21.0,0.0,0.0,0.0
24.0,0.0,0.0,0.000995397567749
27.0,0.0,0.0,0.0010943412780761
94.0,0.0,0.0,0.0039992332458496
36.0,0.0,0.0,0.0010147094726562
15.0,0.0,0.0,0.0
21.0,0.0,0.0,0.00099778175354
15.0,0.0,0.0,0.0
61.0,0.0,0.0,0.0019969940185546
17.0,0.0,0.0,0.0010042190551757
61.0,0.0,0.0,0.0016160011291503
19.0,0.0,0.0,0.0
27.0,0.0,0.0,0.0010006427764892
18.0,0.0,0.0,0.0009987354278564
24.0,0.0,0.0,0.0006072521209716
11.0,0.0,0.0,0.0
41.0,0.0,0.0,0.0009295940399169
63.0,0.0,0.0,0.0025019645690917
11.0,0.0,0.0,0.0
14.0,0.0,0.0,0.0001192092895507
48.0,0.0,0.0,0.0020136833190917
31.0,0.0,0.0,0.0010051727294921
14.0,0.0,0.0,0.0
15.0,0.0,0.0,0.0
119.0,0.0,0.0,0.0041358470916748
65.0,0.0,0.0,0.0009984970092773
20.0,0.0,0.0,0.0010020732879638
39.0,0.0,0.0,0.0010039806365966
28.0,0.0,0.0,0.0010106563568115
15.0,0.0,0.0,0.0
23.0,0.0,0.0,0.0
16.0,0.0,0.0,0.0
31.0,0.0,0.0,0.0
34.0,0.0,0.0,0.0
13.0,0.0,0.0,0.0010185241699218
20.0,0.0,0.0,0.0
18.0,0.0,0.0,0.0005049705505371
31.0,0.0,0.0,0.001293659210205
43.0,0.0,0.0,0.0014388561248779
23.0,0.0,0.0,0.0011184215545654
42.0,0.0,0.0,0.0014088153839111
47.0,0.0,0.0,0.0010821819305419
140.0,0.0,0.0,0.0047128200531005
19.0,0.0,0.0,0.0
38.0,0.0,0.0,0.0013315677642822
27.0,0.0,0.0,0.0010077953338623
55.0,0.0,0.0,0.001023530960083
67.0,0.0,0.0,0.0017883777618408
60.0,0.0,0.0,0.0017001628875732
56.0,0.0,0.0,0.0017440319061279
40.0,0.0,0.0,0.0010275840759277
65.0,0.0,0.0,0.0025162696838378
28.0,0.0,0.0,0.0031206607818603
62.0,0.0,0.0,0.0034523010253906
41.0,0.0,0.0,0.0023057460784912
19.0,0.0,0.0,0.0014877319335937
27.0,0.0,0.0,0.0010092258453369
66.0,0.0,0.0,0.0018281936645507
13.0,0.0,0.0,0.0
48.0,0.0,0.0,0.001209020614624
34.0,0.0,0.0,0.002061128616333
49.0,0.0,0.0,0.0020003318786621
22.0,0.0,0.0,0.0
21.0,0.0,0.0,0.0010089874267578
57.0,0.0,0.0,0.0022356510162353
86.0,0.0,0.0,0.0031464099884033
27.0,0.0,0.0,0.0010135173797607
24.0,0.0,0.0,0.0010159015655517
28.0,0.0,0.0,0.001011848449707
85.0,0.0,0.0,0.0024733543395996
29.0,0.0,0.0,0.001028299331665
170.0,1.0,1.0,0.0040502548217773
36.0,0.0,0.0,0.0010046958923339
55.0,0.0,0.0,0.0020027160644531
41.0,0.0,0.0,0.0020062923431396
12.0,0.0,0.0,0.0
93.0,0.0,0.0,0.0025122165679931
15.0,0.0,0.0,0.0
19.0,0.0,0.0,0.0
20.0,0.0,0.0,0.0010740756988525
12.0,0.0,0.0,0.0010113716125488
65.0,0.0,0.0,0.0022509098052978
91.0,0.0,0.0,0.0020301342010498
11.0,0.0,0.0,0.0
24.0,0.0,0.0,0.0010137557983398
50.0,0.0,0.0,0.0014369487762451
17.0,0.0,0.0,0.0011124610900878
18.0,0.0,0.0,0.0001394748687744
12.0,0.0,0.0,0.0
28.0,0.0,0.0,0.0012972354888916
21.0,0.0,0.0,0.0
23.0,0.0,0.0,0.0
56.0,0.0,0.0,0.002103567123413
52.0,0.0,0.0,0.00103759765625
38.0,0.0,0.0,0.0019910335540771
20.0,0.0,0.0,0.0
46.0,0.0,0.0,0.0019958019256591
32.0,0.0,0.0,0.0
36.0,0.0,0.0,0.0019490718841552
42.0,0.0,0.0,0.0010011196136474
47.0,0.0,0.0,0.0020077228546142
15.0,0.0,0.0,0.0010428428649902
30.0,0.0,0.0,0.0010144710540771
31.0,0.0,0.0,0.0
15.0,0.0,0.0,0.0
11.0,0.0,0.0,0.0
57.0,0.0,0.0,0.0019962787628173
12.0,0.0,0.0,0.0001237392425537
46.0,0.0,0.0,0.0013365745544433
32.0,0.0,0.0,0.0010089874267578
42.0,0.0,0.0,0.0019407272338867
19.0,0.0,0.0,0.0
95.0,0.0,0.0,0.0025265216827392
28.0,0.0,0.0,0.0021977424621582
18.0,0.0,0.0,0.0
82.0,0.0,0.0,0.0025336742401123
114.0,0.0,0.0,0.003969669342041
25.0,0.0,0.0,0.0
27.0,0.0,0.0,0.0
14.0,0.0,0.0,0.0010251998901367
20.0,0.0,0.0,0.0
77.0,0.0,0.0,0.0021865367889404
42.0,0.0,0.0,0.0010039806365966
12.0,0.0,0.0,0.0010154247283935
100.0,0.0,0.0,0.0020058155059814
25.0,0.0,0.0,0.001002550125122
44.0,0.0,0.0,0.0010008811950683
14.0,0.0,0.0,0.0010156631469726
85.0,0.0,0.0,0.0020077228546142
16.0,0.0,0.0,0.0010056495666503
30.0,0.0,0.0,0.0
20.0,0.0,0.0,0.0
65.0,0.0,0.0,0.0025272369384765
13.0,0.0,0.0,0.0
24.0,0.0,0.0,0.0012152194976806
86.0,0.0,0.0,0.002012014389038
22.0,0.0,0.0,0.0
14.0,0.0,0.0,0.0
11.0,0.0,0.0,0.0
38.0,0.0,0.0,0.0012309551239013
63.0,0.0,0.0,0.0025086402893066
40.0,0.0,0.0,0.001065969467163
22.0,0.0,0.0,0.0010004043579101
11.0,0.0,0.0,0.0010030269622802
31.0,1.0,1.0,0.0014097690582275
12.0,0.0,0.0,0.0002706050872802
36.0,0.0,0.0,0.0014653205871582
15.0,0.0,0.0,0.0010004043579101
70.0,0.0,0.0,0.0021319389343261
102.0,0.0,0.0,0.0025362968444824
95.0,0.0,0.0,0.0029988288879394
18.0,0.0,0.0,0.001000165939331
45.0,0.0,0.0,0.0010232925415039
53.0,0.0,0.0,0.002000093460083
54.0,0.0,0.0,0.0019974708557128
14.0,0.0,0.0,0.0
19.0,0.0,0.0,0.0010161399841308
63.0,0.0,0.0,0.0020959377288818
37.0,0.0,0.0,0.0015158653259277
48.0,0.0,0.0,0.004002571105957
73.0,0.0,0.0,0.0047872066497802
41.0,0.0,0.0,0.0036737918853759
14.0,0.0,0.0,0.0
47.0,0.0,0.0,0.0015904903411865
16.0,0.0,0.0,0.0
28.0,0.0,0.0,0.0010082721710205
23.0,0.0,0.0,0.0
50.0,0.0,0.0,0.0012640953063964
26.0,0.0,0.0,0.00101900100708
11.0,0.0,0.0,0.0
44.0,0.0,0.0,0.0012884140014648
48.0,0.0,0.0,0.0023269653320312
69.0,0.0,0.0,0.0022025108337402
25.0,0.0,0.0,0.0001788139343261
14.0,0.0,0.0,0.0011212825775146
27.0,0.0,0.0,0.0010793209075927
37.0,0.0,0.0,0.0013487339019775
57.0,0.0,0.0,0.0021963119506835
18.0,0.0,0.0,0.0010089874267578
133.0,0.0,0.0,0.0040900707244873
38.0,0.0,0.0,0.0010349750518798
92.0,1.0,1.0,0.002997875213623
11.0,0.0,0.0,0.0010437965393066
30.0,0.0,0.0,0.0009982585906982
12.0,0.0,0.0,0.0
37.0,0.0,0.0,0.0010004043579101
51.0,1.0,1.0,0.0020365715026855
116.0,0.0,0.0,0.0030179023742675
12.0,0.0,0.0,0.0009386539459228
46.0,0.0,0.0,0.0010931491851806
41.0,0.0,0.0,0.0010104179382324
21.0,0.0,0.0,0.0
47.0,0.0,0.0,0.0020568370819091
13.0,0.0,0.0,0.001007080078125
11.0,0.0,0.0,0.0
20.0,0.0,0.0,0.0010013580322265
19.0,0.0,0.0,0.0
17.0,0.0,0.0,0.0
35.0,0.0,0.0,0.0014188289642333
44.0,0.0,0.0,0.0015010833740234
11.0,0.0,0.0,0.0
37.0,0.0,0.0,0.0014078617095947
15.0,0.0,0.0,0.0009932518005371
13.0,0.0,0.0,0.0
44.0,0.0,0.0,0.001997947692871
54.0,0.0,0.0,0.0021989345550537
76.0,0.0,0.0,0.0030016899108886
15.0,0.0,0.0,0.0
32.0,0.0,0.0,0.0019037723541259
18.0,0.0,0.0,0.0010409355163574
23.0,0.0,0.0,0.0009961128234863
110.0,0.0,0.0,0.0030074119567871
20.0,0.0,0.0,0.0
26.0,0.0,0.0,0.001133918762207
55.0,0.0,0.0,0.0020487308502197
62.0,0.0,0.0,0.0019989013671875
44.0,0.0,0.0,0.0024809837341308
39.0,0.0,0.0,0.001476764678955
14.0,0.0,0.0,0.0
21.0,0.0,0.0,0.0013012886047363
28.0,0.0,0.0,0.0
37.0,0.0,0.0,0.001382827758789
59.0,0.0,0.0,0.0020084381103515
94.0,0.0,0.0,0.0029263496398925
12.0,0.0,0.0,0.001014232635498
27.0,0.0,0.0,0.0014097690582275
44.0,0.0,0.0,0.0019996166229248
44.0,0.0,0.0,0.0015287399291992
36.0,0.0,0.0,0.0010077953338623
26.0,0.0,0.0,0.002373456954956
32.0,0.0,0.0,0.0010321140289306
15.0,0.0,0.0,0.0
31.0,0.0,0.0,0.0010125637054443
16.0,0.0,0.0,0.0010066032409667
21.0,0.0,0.0,0.0010333061218261
15.0,0.0,0.0,0.0
11.0,0.0,0.0,0.0
19.0,0.0,0.0,0.0
35.0,0.0,0.0,0.001063585281372
139.0,0.0,0.0,0.0045671463012695
35.0,0.0,0.0,0.0020008087158203
58.0,0.0,0.0,0.0014936923980712
36.0,0.0,0.0,0.001007080078125
54.0,0.0,0.0,0.0024209022521972
59.0,0.0,0.0,0.0026559829711914
39.0,0.0,0.0,0.001014232635498
20.0,0.0,0.0,0.0020039081573486
105.0,1.0,1.0,0.0036673545837402
41.0,0.0,0.0,0.0009903907775878
54.0,0.0,0.0,0.0023891925811767
113.0,0.0,0.0,0.0036418437957763
38.0,0.0,0.0,0.0009717941284179
21.0,0.0,0.0,0.0
18.0,0.0,0.0,0.0
36.0,0.0,0.0,0.0014774799346923
19.0,0.0,0.0,0.0010101795196533
15.0,0.0,0.0,0.0010547637939453
55.0,0.0,0.0,0.0020053386688232
73.0,0.0,0.0,0.0026464462280273
27.0,0.0,0.0,0.001016616821289
75.0,0.0,0.0,0.0018701553344726
90.0,0.0,0.0,0.0047354698181152
29.0,0.0,0.0,0.0009996891021728
23.0,0.0,0.0,0.0009605884552001
17.0,0.0,0.0,0.0
42.0,0.0,0.0,0.0016078948974609
32.0,0.0,0.0,0.0
41.0,0.0,0.0,0.0020809173583984
32.0,0.0,0.0,0.0010092258453369
42.0,0.0,0.0,0.0010695457458496
20.0,0.0,0.0,0.0010843276977539
60.0,0.0,0.0,0.0018658638000488
39.0,0.0,0.0,0.0019962787628173
21.0,0.0,0.0,0.0
78.0,1.0,1.0,0.001960277557373
14.0,0.0,0.0,0.0
33.0,0.0,0.0,0.001495361328125
16.0,0.0,0.0,0.0
15.0,0.0,0.0,0.0009286403656005
12.0,0.0,0.0,0.0010128021240234
13.0,0.0,0.0,0.0
36.0,1.0,1.0,0.0010089874267578
17.0,0.0,0.0,0.0
106.0,0.0,0.0,0.0023016929626464
31.0,0.0,0.0,0.0010137557983398
19.0,0.0,0.0,0.0
11.0,0.0,0.0,0.0
14.0,0.0,0.0,0.0010151863098144
22.0,0.0,0.0,0.0
40.0,0.0,0.0,0.001523733139038
30.0,0.0,0.0,0.0
107.0,1.0,1.0,0.0026078224182128
75.0,0.0,0.0,0.0021939277648925
34.0,0.0,0.0,0.0010123252868652
41.0,0.0,0.0,0.0020084381103515
41.0,0.0,0.0,0.0011682510375976
39.0,1.0,1.0,0.0009913444519042
17.0,0.0,0.0,0.0005102157592773
53.0,0.0,0.0,0.0021502971649169
22.0,0.0,0.0,0.0010130405426025
17.0,0.0,0.0,0.0
15.0,0.0,0.0,0.0010106563568115
14.0,0.0,0.0,0.0005469322204589
29.0,0.0,0.0,0.0
38.0,0.0,0.0,0.0010130405426025
31.0,0.0,0.0,0.0
29.0,0.0,0.0,0.0021514892578125
13.0,0.0,0.0,0.0
50.0,0.0,0.0,0.0015168190002441
63.0,0.0,0.0,0.0015413761138916
17.0,0.0,0.0,0.0009994506835937
35.0,0.0,0.0,0.0012648105621337
86.0,0.0,0.0,0.0026659965515136
67.0,0.0,0.0,0.0017430782318115
12.0,0.0,0.0,0.0
18.0,0.0,0.0,0.0
14.0,0.0,0.0,0.0
45.0,0.0,0.0,0.0010898113250732
16.0,0.0,0.0,0.0
20.0,0.0,0.0,0.0
31.0,0.0,0.0,0.0010063648223876
23.0,0.0,0.0,0.000925064086914
20.0,0.0,0.0,0.0005733966827392
24.0,0.0,0.0,0.0013525485992431
48.0,0.0,0.0,0.0010039806365966
11.0,0.0,0.0,0.0
34.0,0.0,0.0,0.0016024112701416
17.0,0.0,0.0,0.001655101776123
29.0,0.0,0.0,0.0005080699920654
55.0,0.0,0.0,0.0020062923431396
18.0,0.0,0.0,0.001009464263916
13.0,0.0,0.0,0.0
21.0,0.0,0.0,0.00101900100708
28.0,0.0,0.0,0.0010113716125488
34.0,0.0,0.0,0.001054048538208
35.0,0.0,0.0,0.0012438297271728
29.0,0.0,0.0,0.0015361309051513
86.0,0.0,0.0,0.0027189254760742
25.0,0.0,0.0,0.0
16.0,0.0,0.0,0.0
22.0,0.0,0.0,0.0010032653808593
35.0,0.0,0.0,0.0014145374298095
33.0,1.0,1.0,0.0
13.0,0.0,0.0,0.0010488033294677
32.0,0.0,0.0,0.0009999275207519
11.0,0.0,0.0,0.0
79.0,0.0,0.0,0.003122329711914
97.0,0.0,0.0,0.0026266574859619
36.0,0.0,0.0,0.0019590854644775
23.0,1.0,1.0,0.0010907649993896
133.0,0.0,0.0,0.0040328502655029
27.0,0.0,0.0,0.0009286403656005
20.0,0.0,0.0,0.0
36.0,0.0,0.0,0.0011537075042724
62.0,0.0,0.0,0.0030200481414794
58.0,0.0,0.0,0.0020322799682617
56.0,0.0,0.0,0.00199556350708
78.0,0.0,0.0,0.0023832321166992
19.0,0.0,0.0,0.0
35.0,0.0,0.0,0.0010907649993896
67.0,0.0,0.0,0.0014832019805908
13.0,0.0,0.0,0.0010020732879638
16.0,0.0,0.0,0.0
30.0,0.0,0.0,0.0011966228485107
11.0,0.0,0.0,0.0
16.0,0.0,0.0,0.0
36.0,0.0,0.0,0.0014843940734863
15.0,0.0,0.0,0.0010056495666503
13.0,0.0,0.0,0.0003392696380615
123.0,0.0,0.0,0.0027222633361816
11.0,0.0,0.0,0.0009396076202392
27.0,0.0,0.0,0.0009677410125732
55.0,0.0,0.0,0.0015139579772949
109.0,0.0,0.0,0.0030210018157958
19.0,0.0,0.0,0.0014300346374511
20.0,0.0,0.0,0.0011720657348632
18.0,0.0,0.0,0.0
65.0,0.0,0.0,0.0020129680633544
26.0,0.0,0.0,0.0005061626434326
18.0,0.0,0.0,0.0010039806365966
19.0,0.0,0.0,0.0
27.0,0.0,0.0,0.0010099411010742
15.0,0.0,0.0,0.0
16.0,0.0,0.0,0.0
13.0,0.0,0.0,0.0
83.0,0.0,0.0,0.0032932758331298
28.0,0.0,0.0,0.0
13.0,0.0,0.0,0.0010106563568115
36.0,0.0,0.0,0.002000093460083
34.0,0.0,0.0,0.0015735626220703
25.0,0.0,0.0,0.0
19.0,0.0,0.0,0.0
32.0,0.0,0.0,0.0015361309051513
18.0,0.0,0.0,0.0014684200286865
12.0,0.0,0.0,0.0
38.0,0.0,0.0,0.0010137557983398
24.0,0.0,0.0,0.0
35.0,0.0,0.0,0.0010080337524414
23.0,0.0,0.0,0.0010123252868652
18.0,0.0,0.0,0.0010321140289306
28.0,0.0,0.0,0.0009996891021728
37.0,0.0,0.0,0.0009996891021728
14.0,0.0,0.0,0.0
42.0,0.0,0.0,0.001885175704956
11.0,0.0,0.0,0.0
49.0,0.0,0.0,0.0010066032409667
20.0,0.0,0.0,0.0
13.0,0.0,0.0,0.00118088722229
80.0,0.0,0.0,0.0020866394042968
52.0,0.0,0.0,0.0019996166229248
14.0,0.0,0.0,0.0
27.0,0.0,0.0,0.0010006427764892
38.0,0.0,0.0,0.0020148754119873
32.0,0.0,0.0,0.0009751319885253
46.0,0.0,0.0,0.0015594959259033
24.0,0.0,0.0,0.0011093616485595
40.0,0.0,0.0,0.0012533664703369
22.0,0.0,0.0,0.0012474060058593
22.0,0.0,0.0,0.001000165939331
14.0,0.0,0.0,0.001000165939331
77.0,0.0,0.0,0.0041215419769287
49.0,1.0,1.0,0.0020201206207275
25.0,0.0,0.0,0.001016616821289
86.0,0.0,0.0,0.0051493644714355
25.0,0.0,0.0,0.0021867752075195
20.0,0.0,0.0,0.0010724067687988
14.0,0.0,0.0,0.0010101795196533
13.0,0.0,0.0,0.0012240409851074
21.0,1.0,1.0,0.0012049674987792
73.0,0.0,0.0,0.0031487941741943
62.0,0.0,0.0,0.001401662826538
20.0,0.0,0.0,0.001014232635498
101.0,0.0,0.0,0.0045442581176757
32.0,0.0,0.0,0.0
16.0,0.0,0.0,0.0010552406311035
19.0,0.0,0.0,0.0010449886322021
23.0,0.0,0.0,0.0011577606201171
22.0,0.0,0.0,0.0010807514190673
24.0,0.0,0.0,0.0012495517730712
12.0,0.0,0.0,0.0009982585906982
17.0,0.0,0.0,0.0011200904846191
12.0,0.0,0.0,0.0022001266479492
34.0,0.0,0.0,0.0022234916687011
12.0,0.0,0.0,0.0009901523590087
63.0,0.0,0.0,0.0011210441589355
20.0,0.0,0.0,0.0
66.0,0.0,0.0,0.0029997825622558
59.0,1.0,1.0,0.0022933483123779
11.0,0.0,0.0,0.0005857944488525
11.0,0.0,0.0,0.000478982925415
13.0,0.0,0.0,0.0010106563568115
143.0,0.0,0.0,0.0047643184661865
46.0,0.0,0.0,0.0015327930450439
32.0,0.0,0.0,0.0010590553283691
56.0,0.0,0.0,0.0022485256195068
17.0,0.0,0.0,0.0013463497161865
38.0,0.0,0.0,0.0010378360748291
34.0,0.0,0.0,0.001157522201538
16.0,0.0,0.0,0.0010392665863037
18.0,0.0,0.0,0.000612735748291
21.0,0.0,0.0,0.0005543231964111
37.0,0.0,0.0,0.0011990070343017
40.0,0.0,0.0,0.0010609626770019
22.0,0.0,0.0,0.001418113708496
86.0,0.0,0.0,0.0032088756561279
38.0,0.0,0.0,0.0013668537139892
113.0,0.0,0.0,0.0034646987915039
33.0,0.0,0.0,0.0010671615600585
56.0,1.0,1.0,0.0025775432586669
15.0,0.0,0.0,0.0005209445953369
14.0,0.0,0.0,0.00054931640625
13.0,0.0,0.0,0.0005354881286621
33.0,0.0,0.0,0.0017058849334716
40.0,0.0,0.0,0.0015647411346435
27.0,0.0,0.0,0.0011544227600097
38.0,0.0,0.0,0.0010430812835693
38.0,0.0,0.0,0.0010535717010498
14.0,0.0,0.0,0.0010554790496826
49.0,0.0,0.0,0.0024805068969726
28.0,0.0,0.0,0.0011165142059326
12.0,0.0,0.0,0.0005326271057128
37.0,1.0,1.0,0.0012173652648925
12.0,0.0,0.0,0.0008697509765625
33.0,0.0,0.0,0.0017921924591064
15.0,0.0,0.0,0.0010631084442138
14.0,0.0,0.0,0.000521183013916
44.0,0.0,0.0,0.0014319419860839
18.0,0.0,0.0,0.0005366802215576
17.0,0.0,0.0,0.0005304813385009
23.0,0.0,0.0,0.0005311965942382
18.0,0.0,0.0,0.000533103942871
53.0,0.0,0.0,0.0015156269073486
23.0,0.0,0.0,0.0
15.0,0.0,0.0,0.0005359649658203
11.0,0.0,0.0,0.0
64.0,0.0,0.0,0.002009630203247
27.0,0.0,0.0,0.0
12.0,0.0,0.0,0.0010144710540771
21.0,0.0,0.0,0.0
97.0,0.0,0.0,0.0030140876770019
27.0,0.0,0.0,0.0011699199676513
12.0,0.0,0.0,0.0
81.0,0.0,0.0,0.0023074150085449
43.0,0.0,0.0,0.0015063285827636
28.0,0.0,0.0,0.0010116100311279
12.0,0.0,0.0,0.0010156631469726
11.0,0.0,0.0,0.0010149478912353
24.0,0.0,0.0,0.0
26.0,0.0,0.0,0.0010111331939697
17.0,0.0,0.0,0.0
25.0,0.0,0.0,0.0009992122650146
75.0,0.0,0.0,0.0025634765625
15.0,0.0,0.0,0.0010194778442382
59.0,0.0,0.0,0.0020074844360351
18.0,0.0,0.0,0.0
49.0,0.0,0.0,0.0019071102142333
47.0,0.0,0.0,0.001103401184082
20.0,0.0,0.0,0.0
11.0,0.0,0.0,0.0
11.0,0.0,0.0,0.0
14.0,0.0,0.0,0.0
29.0,0.0,0.0,0.0
23.0,0.0,0.0,0.001009464263916
49.0,0.0,0.0,0.0020065307617187
11.0,0.0,0.0,0.0010108947753906
27.0,0.0,0.0,0.0009968280792236
52.0,0.0,0.0,0.0014839172363281
28.0,0.0,0.0,0.0010011196136474
86.0,0.0,0.0,0.0019991397857666
20.0,0.0,0.0,0.0010020732879638
50.0,0.0,0.0,0.0010054111480712
36.0,0.0,0.0,0.0015294551849365
21.0,0.0,0.0,0.0010104179382324
12.0,0.0,0.0,0.0009973049163818
45.0,1.0,1.0,0.0010023117065429
16.0,0.0,0.0,0.001382827758789
45.0,0.0,0.0,0.0015802383422851
34.0,0.0,0.0,0.0
38.0,1.0,1.0,0.0010123252868652
52.0,0.0,0.0,0.0013506412506103
16.0,0.0,0.0,0.0
26.0,2.0,2.0,0.0010080337524414
20.0,0.0,0.0,0.0
11.0,0.0,0.0,0.0
18.0,0.0,0.0,0.0012595653533935
27.0,0.0,0.0,0.0011882781982421
73.0,0.0,0.0,0.0012078285217285
59.0,0.0,0.0,0.00120210647583
39.0,0.0,0.0,0.0023519992828369
30.0,0.0,0.0,0.0
20.0,0.0,0.0,0.0
65.0,0.0,0.0,0.0013129711151123
41.0,0.0,0.0,0.0021226406097412
14.0,0.0,0.0,0.0
63.0,0.0,0.0,0.0020112991333007
11.0,0.0,0.0,0.001319408416748
19.0,0.0,0.0,0.0010011196136474
16.0,1.0,1.0,0.0010113716125488
56.0,0.0,0.0,0.0025112628936767
12.0,0.0,0.0,0.0012753009796142
21.0,0.0,0.0,0.0010008811950683
14.0,0.0,0.0,0.0
12.0,0.0,0.0,0.0
13.0,0.0,0.0,0.0010015964508056
16.0,0.0,0.0,0.0
16.0,0.0,0.0,0.0
24.0,0.0,0.0,0.0
44.0,0.0,0.0,0.0011515617370605
15.0,0.0,0.0,0.0010099411010742
29.0,0.0,0.0,0.0
32.0,0.0,0.0,0.0
37.0,0.0,0.0,0.0010085105895996
71.0,0.0,0.0,0.0016865730285644
31.0,0.0,0.0,0.0010113716125488
19.0,0.0,0.0,0.0
23.0,0.0,0.0,0.001178503036499
113.0,0.0,0.0,0.0036189556121826
15.0,0.0,0.0,0.0
40.0,0.0,0.0,0.0014128684997558
12.0,0.0,0.0,0.0
24.0,0.0,0.0,0.0
23.0,1.0,1.0,0.0010013580322265
21.0,0.0,0.0,0.0010106563568115
12.0,0.0,0.0,0.0005068778991699
23.0,0.0,0.0,0.0010075569152832
60.0,0.0,0.0,0.0019967555999755
50.0,0.0,0.0,0.0025296211242675
14.0,0.0,0.0,0.0011289119720458
43.0,0.0,0.0,0.001007080078125
64.0,0.0,0.0,0.0022192001342773
11.0,0.0,0.0,0.001016616821289
24.0,0.0,0.0,0.0
12.0,0.0,0.0,0.0010137557983398
24.0,0.0,0.0,0.0
13.0,0.0,0.0,0.001000165939331
20.0,0.0,0.0,0.0
20.0,0.0,0.0,0.0
47.0,0.0,0.0,0.0009946823120117
13.0,0.0,0.0,0.0
17.0,0.0,0.0,0.0
28.0,0.0,0.0,0.0005064010620117
42.0,0.0,0.0,0.0012431144714355
76.0,0.0,0.0,0.0026066303253173
28.0,0.0,0.0,0.0
23.0,0.0,0.0,0.0
59.0,0.0,0.0,0.0018553733825683
42.0,0.0,0.0,0.0021615028381347
86.0,0.0,0.0,0.0025281906127929
78.0,0.0,0.0,0.0015144348144531
95.0,0.0,0.0,0.0030009746551513
43.0,0.0,0.0,0.0015184879302978
44.0,0.0,0.0,0.0010054111480712
59.0,0.0,0.0,0.001708984375
22.0,0.0,0.0,0.0
21.0,0.0,0.0,0.0005040168762207
18.0,0.0,0.0,0.0010092258453369
29.0,0.0,0.0,0.0
21.0,0.0,0.0,0.0010085105895996
11.0,0.0,0.0,0.0
71.0,0.0,0.0,0.0021376609802246
106.0,0.0,0.0,0.0030219554901123
36.0,0.0,0.0,0.0010030269622802
192.0,0.0,0.0,0.0056586265563964
33.0,0.0,0.0,0.001009464263916
12.0,0.0,0.0,0.0
15.0,0.0,0.0,0.0
33.0,0.0,0.0,0.0015857219696044
11.0,0.0,0.0,0.0
40.0,0.0,0.0,0.0014183521270751
50.0,0.0,0.0,0.0025186538696289
80.0,0.0,0.0,0.0019478797912597
18.0,0.0,0.0,0.0018856525421142
16.0,0.0,0.0,0.0
33.0,0.0,0.0,0.0
16.0,0.0,0.0,0.0010132789611816
68.0,0.0,0.0,0.002206802368164
19.0,0.0,0.0,0.0010089874267578
55.0,0.0,0.0,0.002018928527832
12.0,0.0,0.0,0.0
27.0,0.0,0.0,0.0010101795196533
13.0,0.0,0.0,0.0
38.0,0.0,0.0,0.0009999275207519
77.0,1.0,1.0,0.003098726272583
28.0,0.0,0.0,0.0010132789611816
52.0,0.0,0.0,0.0019862651824951
26.0,0.0,0.0,0.0010497570037841
93.0,0.0,0.0,0.0030786991119384
27.0,0.0,0.0,0.002030611038208
51.0,0.0,0.0,0.0015037059783935
40.0,0.0,0.0,0.0020022392272949
26.0,0.0,0.0,0.0
11.0,0.0,0.0,0.0
44.0,0.0,0.0,0.002195119857788
25.0,0.0,0.0,0.0013961791992187
12.0,0.0,0.0,0.0005064010620117
17.0,0.0,0.0,0.0005450248718261
14.0,0.0,0.0,0.0
36.0,0.0,0.0,0.001000165939331
41.0,0.0,0.0,0.0010101795196533
87.0,0.0,0.0,0.0031073093414306
29.0,0.0,0.0,0.0010075569152832
73.0,0.0,0.0,0.0019991397857666
12.0,0.0,0.0,0.0
21.0,0.0,0.0,0.0
63.0,1.0,1.0,0.0020625591278076
11.0,0.0,0.0,0.0
12.0,0.0,0.0,0.0
12.0,0.0,0.0,0.0
18.0,0.0,0.0,0.0
24.0,0.0,0.0,0.0015170574188232
48.0,0.0,0.0,0.0018908977508544
12.0,0.0,0.0,0.0
13.0,0.0,0.0,0.0
19.0,0.0,0.0,0.0010294914245605
19.0,0.0,0.0,0.0014450550079345
46.0,0.0,0.0,0.0020062923431396
57.0,0.0,0.0,0.0015347003936767
53.0,0.0,0.0,0.0024380683898925
14.0,0.0,0.0,0.0010066032409667
20.0,0.0,0.0,0.0
23.0,0.0,0.0,0.0010092258453369
21.0,0.0,0.0,0.0
11.0,0.0,0.0,0.0
56.0,0.0,0.0,0.0018627643585205
13.0,0.0,0.0,0.0
60.0,0.0,0.0,0.0015373229980468
48.0,0.0,0.0,0.0020005702972412
23.0,0.0,0.0,0.0
34.0,0.0,0.0,0.0010149478912353
36.0,0.0,0.0,0.0010938644409179
18.0,0.0,0.0,0.0
47.0,0.0,0.0,0.0010187625885009
36.0,0.0,0.0,0.0010027885437011
72.0,0.0,0.0,0.0020813941955566
38.0,0.0,0.0,0.001199722290039
69.0,0.0,0.0,0.0025460720062255
15.0,0.0,0.0,0.0
77.0,0.0,0.0,0.0018761157989501
15.0,0.0,0.0,0.0010771751403808
18.0,0.0,0.0,0.0
20.0,0.0,0.0,0.0012843608856201
31.0,0.0,0.0,0.0013835430145263
56.0,0.0,0.0,0.0023767948150634
29.0,0.0,0.0,0.0010211467742919
60.0,0.0,0.0,0.0017118453979492
26.0,0.0,0.0,0.0
58.0,1.0,1.0,0.0023901462554931
25.0,0.0,0.0,0.0010032653808593
20.0,0.0,0.0,0.0010139942169189
16.0,0.0,0.0,0.0
83.0,0.0,0.0,0.0038380622863769
15.0,0.0,0.0,0.0010018348693847
58.0,0.0,0.0,0.00236177444458
16.0,0.0,0.0,0.0009737014770507
26.0,0.0,0.0,0.0010108947753906
81.0,0.0,0.0,0.0037360191345214
37.0,0.0,0.0,0.0010082721710205
35.0,0.0,0.0,0.0005393028259277
13.0,0.0,0.0,0.0
24.0,0.0,0.0,0.0014295578002929
14.0,0.0,0.0,0.0
21.0,0.0,0.0,0.00114107131958
35.0,0.0,0.0,0.0010211467742919
111.0,0.0,0.0,0.004488468170166
48.0,1.0,1.0,0.0012712478637695
26.0,0.0,0.0,0.0
102.0,0.0,0.0,0.00480318069458
19.0,0.0,0.0,0.0010435581207275
21.0,0.0,0.0,0.0009984970092773
28.0,0.0,0.0,0.0009903907775878
11.0,0.0,0.0,0.0011610984802246
15.0,0.0,0.0,0.0011601448059082
17.0,0.0,0.0,0.0
12.0,0.0,0.0,0.0
22.0,0.0,0.0,0.0
25.0,0.0,0.0,0.0
43.0,0.0,0.0,0.001016616821289
17.0,0.0,0.0,0.0010087490081787
34.0,1.0,1.0,0.0009632110595703
24.0,0.0,0.0,0.0
46.0,0.0,0.0,0.0020098686218261
44.0,0.0,0.0,0.0011165142059326
28.0,0.0,0.0,0.0
20.0,0.0,0.0,0.001011848449707
18.0,0.0,0.0,0.0
22.0,0.0,0.0,0.0005061626434326
74.0,0.0,0.0,0.0022239685058593
58.0,0.0,0.0,0.001596450805664
22.0,0.0,0.0,0.0010066032409667
13.0,0.0,0.0,0.0
31.0,0.0,0.0,0.0
32.0,0.0,0.0,0.0
20.0,0.0,0.0,0.0010108947753906
84.0,0.0,0.0,0.0025532245635986
19.0,0.0,0.0,0.0010044574737548
32.0,0.0,0.0,0.0010006427764892
23.0,0.0,0.0,0.0
66.0,0.0,0.0,0.0020060539245605
50.0,0.0,0.0,0.0020058155059814
74.0,0.0,0.0,0.0025160312652587
17.0,0.0,0.0,0.0
52.0,0.0,0.0,0.0025122165679931
24.0,0.0,0.0,0.0013248920440673
23.0,0.0,0.0,0.0010011196136474
11.0,0.0,0.0,0.0
85.0,0.0,0.0,0.0024433135986328
17.0,0.0,0.0,0.0
16.0,0.0,0.0,0.0010015964508056
16.0,0.0,0.0,0.0
47.0,1.0,1.0,0.0015773773193359
58.0,0.0,0.0,0.0019629001617431
26.0,0.0,0.0,0.0
19.0,0.0,0.0,0.0
56.0,0.0,0.0,0.0020210742950439
25.0,0.0,0.0,6.890296936035156e-05
11.0,0.0,0.0,0.0
26.0,0.0,0.0,0.0010015964508056
19.0,0.0,0.0,0.0
28.0,0.0,0.0,0.0
47.0,0.0,0.0,0.0011947154998779
59.0,0.0,0.0,0.0010092258453369
47.0,0.0,0.0,0.0024921894073486
17.0,0.0,0.0,0.0010128021240234
13.0,0.0,0.0,0.0
19.0,0.0,0.0,0.0
45.0,0.0,0.0,0.0020394325256347
25.0,0.0,0.0,0.0010108947753906
19.0,0.0,0.0,0.0
30.0,0.0,0.0,0.001014232635498
27.0,0.0,0.0,0.0010085105895996
64.0,0.0,0.0,0.0019984245300292
69.0,0.0,0.0,0.0020005702972412
15.0,0.0,0.0,0.0010054111480712
15.0,0.0,0.0,0.0010151863098144
22.0,0.0,0.0,0.0
12.0,0.0,0.0,0.0005064010620117
33.0,0.0,0.0,0.0
17.0,0.0,0.0,0.0
32.0,0.0,0.0,0.0
75.0,0.0,0.0,0.0026507377624511
20.0,0.0,0.0,0.0010027885437011
19.0,0.0,0.0,0.0009994506835937
11.0,0.0,0.0,0.0
11.0,0.0,0.0,0.0
45.0,0.0,0.0,0.0015168190002441
21.0,0.0,0.0,0.0
16.0,0.0,0.0,0.0010075569152832
21.0,0.0,0.0,0.0005114078521728
138.0,0.0,0.0,0.0037195682525634
12.0,0.0,0.0,0.0010058879852294
86.0,1.0,1.0,0.0025405883789062
60.0,0.0,0.0,0.0025267601013183
32.0,0.0,0.0,0.0010013580322265
74.0,0.0,0.0,0.0019946098327636
11.0,0.0,0.0,0.0011262893676757
32.0,0.0,0.0,0.0005075931549072
49.0,0.0,0.0,0.002002477645874
34.0,0.0,0.0,0.0009980201721191
31.0,0.0,0.0,0.001502513885498
64.0,0.0,0.0,0.0012338161468505
57.0,0.0,0.0,0.0013940334320068
13.0,0.0,0.0,0.0
31.0,0.0,0.0,0.0014586448669433
17.0,0.0,0.0,0.0010135173797607
27.0,0.0,0.0,0.0009975433349609
35.0,0.0,0.0,0.00099778175354
41.0,0.0,0.0,0.0014111995697021
25.0,0.0,0.0,0.0010187625885009
40.0,0.0,0.0,0.0021638870239257
24.0,0.0,0.0,0.0013709068298339
40.0,0.0,0.0,0.002042531967163
31.0,0.0,0.0,0.002206802368164
17.0,0.0,0.0,0.0
86.0,0.0,0.0,0.0040740966796875
62.0,0.0,0.0,0.0021142959594726
62.0,0.0,0.0,0.0020086765289306
44.0,0.0,0.0,0.0010032653808593
32.0,0.0,0.0,0.0009963512420654
19.0,0.0,0.0,0.0
19.0,0.0,0.0,0.0
22.0,0.0,0.0,0.0010068416595458
13.0,0.0,0.0,0.0
13.0,0.0,0.0,0.0
13.0,0.0,0.0,0.0005066394805908
14.0,0.0,0.0,0.0005064010620117
18.0,0.0,0.0,0.0
35.0,0.0,0.0,0.0
11.0,0.0,0.0,0.0010147094726562
38.0,0.0,0.0,0.0013692378997802
23.0,0.0,0.0,0.0010087490081787
58.0,0.0,0.0,0.0014126300811767
87.0,0.0,0.0,0.0016539096832275
19.0,0.0,0.0,0.001115083694458
13.0,0.0,0.0,0.0
46.0,0.0,0.0,0.0011298656463623
21.0,0.0,0.0,0.001009464263916
27.0,0.0,0.0,0.0010178089141845
11.0,0.0,0.0,0.0
18.0,0.0,0.0,0.0010101795196533
25.0,0.0,0.0,0.0010473728179931
40.0,0.0,0.0,0.0013413429260253
53.0,2.0,2.0,0.0020051002502441
15.0,0.0,0.0,0.0010159015655517
23.0,0.0,0.0,0.0
42.0,0.0,0.0,0.0017426013946533
13.0,0.0,0.0,0.0011281967163085
46.0,0.0,0.0,0.001509666442871
54.0,0.0,0.0,0.0015821456909179
75.0,0.0,0.0,0.0017886161804199
11.0,0.0,0.0,0.0009846687316894
31.0,0.0,0.0,0.0
21.0,0.0,0.0,0.0010108947753906
16.0,1.0,1.0,0.0
79.0,0.0,0.0,0.0022635459899902
16.0,0.0,0.0,0.0
65.0,1.0,1.0,0.001035451889038
79.0,0.0,0.0,0.0014929771423339
27.0,0.0,0.0,0.0012102127075195
27.0,0.0,0.0,0.0
17.0,0.0,0.0,0.0
43.0,0.0,0.0,0.0015375614166259
39.0,0.0,0.0,0.0010221004486083
92.0,1.0,1.0,0.0039997100830078
17.0,0.0,0.0,0.0
90.0,0.0,0.0,0.0030956268310546
28.0,0.0,0.0,0.0010015964508056
13.0,0.0,0.0,0.0
22.0,0.0,0.0,0.0010068416595458
17.0,0.0,0.0,0.0
30.0,0.0,0.0,0.0010116100311279
11.0,0.0,0.0,0.0
21.0,0.0,0.0,0.0009999275207519
18.0,0.0,0.0,0.0
27.0,0.0,0.0,0.0
12.0,0.0,0.0,0.0011003017425537
77.0,0.0,0.0,0.002007246017456
31.0,0.0,0.0,0.0
99.0,0.0,0.0,0.0026869773864746
13.0,0.0,0.0,0.0001311302185058
19.0,0.0,0.0,0.0
18.0,0.0,0.0,0.0
45.0,1.0,1.0,0.0015277862548828
53.0,0.0,0.0,0.0020251274108886
31.0,0.0,0.0,0.0010859966278076
11.0,0.0,0.0,0.0
12.0,0.0,0.0,0.0
15.0,0.0,0.0,0.0
75.0,0.0,0.0,0.0020318031311035
12.0,0.0,0.0,0.0
28.0,0.0,0.0,0.0001337528228759
21.0,0.0,0.0,0.0010044574737548
18.0,0.0,0.0,0.0005059242248535
16.0,0.0,0.0,0.0
61.0,0.0,0.0,0.0018610954284667
78.0,0.0,0.0,0.0021307468414306
12.0,0.0,0.0,0.0
44.0,0.0,0.0,0.0014309883117675
15.0,0.0,0.0,0.0
11.0,0.0,0.0,0.0010054111480712
34.0,0.0,0.0,0.0005023479461669
33.0,0.0,0.0,0.0010116100311279
21.0,0.0,0.0,0.0
26.0,0.0,0.0,0.0010123252868652
32.0,0.0,0.0,0.0
38.0,0.0,0.0,0.0011532306671142
23.0,0.0,0.0,0.0010085105895996
58.0,0.0,0.0,0.002000093460083
31.0,0.0,0.0,0.0
33.0,0.0,0.0,0.0010111331939697
35.0,0.0,0.0,0.001601219177246
33.0,0.0,0.0,0.0
21.0,0.0,0.0,0.0010104179382324
21.0,0.0,0.0,0.0010128021240234
11.0,0.0,0.0,0.0
20.0,0.0,0.0,0.0
43.0,0.0,0.0,0.0010123252868652
18.0,0.0,0.0,0.0010404586791992
26.0,0.0,0.0,0.0
21.0,0.0,0.0,0.0010113716125488
11.0,0.0,0.0,0.0
19.0,0.0,0.0,0.0
52.0,0.0,0.0,0.0015084743499755
54.0,0.0,0.0,0.00162935256958
25.0,0.0,0.0,0.0
28.0,0.0,0.0,0.0005080699920654
12.0,0.0,0.0,0.0
12.0,0.0,0.0,0.0010147094726562
12.0,0.0,0.0,0.0010018348693847
34.0,0.0,0.0,0.0010027885437011
24.0,0.0,0.0,0.0010128021240234
26.0,0.0,0.0,0.0010082721710205
39.0,0.0,0.0,0.0010106563568115
11.0,0.0,0.0,0.0
94.0,1.0,1.0,0.0019032955169677
42.0,0.0,0.0,0.0020029544830322
41.0,0.0,0.0,0.0012707710266113
13.0,0.0,0.0,0.0
22.0,0.0,0.0,0.0009975433349609
24.0,0.0,0.0,0.0
62.0,0.0,0.0,0.0018243789672851
40.0,0.0,0.0,0.0
72.0,0.0,0.0,0.0020198822021484
28.0,0.0,0.0,0.0010004043579101
25.0,0.0,0.0,0.0010032653808593
18.0,0.0,0.0,0.0
11.0,0.0,0.0,0.0
80.0,0.0,0.0,0.002026081085205
23.0,0.0,0.0,0.0010032653808593
30.0,0.0,0.0,0.0
12.0,0.0,0.0,0.0
16.0,0.0,0.0,0.0
22.0,0.0,0.0,0.0010128021240234
33.0,0.0,0.0,0.001288890838623
40.0,0.0,0.0,0.0010128021240234
35.0,0.0,0.0,0.0
21.0,0.0,0.0,0.0010063648223876
56.0,0.0,0.0,0.0022759437561035
34.0,0.0,0.0,0.0010082721710205
25.0,0.0,0.0,0.0012106895446777
34.0,0.0,0.0,0.0009686946868896
93.0,0.0,0.0,0.0029680728912353
21.0,0.0,0.0,0.0009841918945312
12.0,0.0,0.0,0.0012314319610595
39.0,0.0,0.0,0.0013520717620849
59.0,0.0,0.0,0.0022292137145996
16.0,0.0,0.0,0.0009968280792236
12.0,0.0,0.0,0.0
31.0,0.0,0.0,0.001009464263916
28.0,0.0,0.0,0.0010116100311279
14.0,0.0,0.0,0.0010254383087158
44.0,0.0,0.0,0.0010004043579101
54.0,0.0,0.0,0.0015122890472412
22.0,0.0,0.0,0.0
33.0,0.0,0.0,0.0019526481628417
34.0,0.0,0.0,0.0010032653808593
11.0,0.0,0.0,0.0010013580322265
55.0,0.0,0.0,0.0020296573638916
16.0,0.0,0.0,0.0009868144989013
23.0,0.0,0.0,0.0014057159423828
39.0,0.0,0.0,0.0010030269622802
50.0,0.0,0.0,0.0036020278930664
16.0,0.0,0.0,0.0009999275207519
27.0,0.0,0.0,0.0010085105895996
42.0,0.0,0.0,0.0010008811950683
14.0,0.0,0.0,0.0
32.0,0.0,0.0,0.0010092258453369
27.0,0.0,0.0,0.0010030269622802
84.0,0.0,0.0,0.0020110607147216
13.0,0.0,0.0,0.0010008811950683
48.0,0.0,0.0,0.0010108947753906
27.0,0.0,0.0,0.0010046958923339
20.0,0.0,0.0,0.0005805492401123
12.0,0.0,0.0,0.0013124942779541
34.0,0.0,0.0,0.0020012855529785
15.0,0.0,0.0,0.0
15.0,0.0,0.0,0.0010156631469726
17.0,0.0,0.0,0.0
11.0,0.0,0.0,0.0010066032409667
107.0,0.0,0.0,0.0025091171264648
12.0,0.0,0.0,0.0001358985900878
17.0,0.0,0.0,0.0
18.0,0.0,0.0,0.0
33.0,0.0,0.0,0.0010881423950195
18.0,0.0,0.0,0.001011848449707
18.0,0.0,0.0,0.0
142.0,0.0,0.0,0.0040390491485595
18.0,0.0,0.0,0.0009980201721191
52.0,0.0,0.0,0.0014019012451171
50.0,0.0,0.0,0.0010683536529541
18.0,0.0,0.0,0.0010366439819335
36.0,0.0,0.0,0.0010128021240234
48.0,0.0,0.0,0.0020630359649658
36.0,0.0,0.0,0.0020382404327392
16.0,0.0,0.0,0.0
84.0,0.0,0.0,0.0017111301422119
71.0,0.0,0.0,0.0010266304016113
32.0,0.0,0.0,0.0
27.0,0.0,0.0,0.0010132789611816
27.0,0.0,0.0,0.0010128021240234
70.0,0.0,0.0,0.002009630203247
47.0,0.0,0.0,0.0014307498931884
56.0,0.0,0.0,0.0014739036560058
234.0,0.0,0.0,0.0066473484039306
33.0,0.0,0.0,0.0021059513092041
50.0,0.0,0.0,0.0022194385528564
87.0,0.0,0.0,0.0037887096405029
157.0,0.0,0.0,0.0067453384399414
21.0,0.0,0.0,0.0010063648223876
37.0,0.0,0.0,0.0013682842254638
12.0,0.0,0.0,0.0
23.0,0.0,0.0,0.0
27.0,0.0,0.0,0.0002806186676025
13.0,0.0,0.0,0.001016616821289
22.0,0.0,0.0,0.0
13.0,0.0,0.0,0.0
14.0,0.0,0.0,0.0009996891021728
29.0,0.0,0.0,0.0
17.0,0.0,0.0,0.0010130405426025
18.0,0.0,0.0,0.0
58.0,0.0,0.0,0.0020108222961425
48.0,0.0,0.0,0.0011694431304931
25.0,0.0,0.0,0.0010080337524414
14.0,0.0,0.0,0.0
24.0,0.0,0.0,0.0010073184967041
56.0,0.0,0.0,0.0013782978057861
40.0,0.0,0.0,0.0010077953338623
15.0,0.0,0.0,0.0
33.0,0.0,0.0,0.0010085105895996
23.0,0.0,0.0,0.0010101795196533
88.0,0.0,0.0,0.0020101070404052
40.0,0.0,0.0,0.0010020732879638
36.0,0.0,0.0,0.0001225471496582
44.0,0.0,0.0,0.001432180404663
47.0,0.0,0.0,0.0010101795196533
30.0,0.0,0.0,0.0
12.0,0.0,0.0,0.0
26.0,0.0,0.0,0.0009984970092773
23.0,0.0,0.0,0.0010194778442382
26.0,0.0,0.0,0.0010113716125488
12.0,0.0,0.0,0.0
22.0,0.0,0.0,0.0
20.0,0.0,0.0,0.0
21.0,0.0,0.0,0.0
26.0,0.0,0.0,0.0010154247283935
54.0,0.0,0.0,0.0020060539245605
11.0,0.0,0.0,0.0010092258453369
19.0,0.0,0.0,0.0010228157043457
12.0,0.0,0.0,0.0
35.0,0.0,0.0,0.0010020732879638
101.0,0.0,0.0,0.0040302276611328
16.0,0.0,0.0,0.0010008811950683
76.0,0.0,0.0,0.0042018890380859
19.0,0.0,0.0,0.0012071132659912
17.0,0.0,0.0,0.0
12.0,0.0,0.0,0.0
28.0,0.0,0.0,0.0011794567108154
16.0,0.0,0.0,0.0
104.0,0.0,0.0,0.003028392791748
26.0,0.0,0.0,0.0010104179382324
37.0,0.0,0.0,0.0010182857513427
108.0,0.0,0.0,0.0032551288604736
18.0,0.0,0.0,0.001002550125122
63.0,0.0,0.0,0.0019960403442382
19.0,0.0,0.0,0.0009984970092773
19.0,0.0,0.0,0.0
99.0,0.0,0.0,0.0036890506744384
36.0,0.0,0.0,0.001101016998291
22.0,0.0,0.0,0.0
34.0,0.0,0.0,0.0011501312255859
27.0,0.0,0.0,0.0014741420745849
11.0,0.0,0.0,0.0010125637054443
11.0,0.0,0.0,0.0
24.0,0.0,0.0,0.0010123252868652
45.0,0.0,0.0,0.001000165939331
17.0,0.0,0.0,0.001000165939331
67.0,0.0,0.0,0.0015077590942382
11.0,0.0,0.0,0.0010006427764892
12.0,0.0,0.0,0.0
20.0,0.0,0.0,0.0
19.0,0.0,0.0,0.0
42.0,0.0,0.0,0.0016291141510009
13.0,0.0,0.0,0.0
61.0,0.0,0.0,0.0026600360870361
82.0,1.0,1.0,0.0017483234405517
16.0,0.0,0.0,0.0
20.0,0.0,0.0,0.0
24.0,0.0,0.0,0.0
32.0,0.0,0.0,0.0015275478363037
43.0,0.0,0.0,0.0019612312316894
18.0,0.0,0.0,0.0
93.0,0.0,0.0,0.002610445022583
41.0,0.0,0.0,0.001535415649414
28.0,0.0,0.0,0.0009965896606445
47.0,0.0,0.0,0.0021023750305175
183.0,0.0,0.0,0.0047531127929687
99.0,0.0,0.0,0.0026617050170898
13.0,0.0,0.0,0.0010199546813964
42.0,0.0,0.0,0.0022363662719726
92.0,0.0,0.0,0.002997875213623
20.0,0.0,0.0,0.0
71.0,0.0,0.0,0.002023696899414
47.0,0.0,0.0,0.0020346641540527
78.0,0.0,0.0,0.0025081634521484
65.0,0.0,0.0,0.0034892559051513
40.0,0.0,0.0,0.0020830631256103
38.0,0.0,0.0,0.0010008811950683
12.0,0.0,0.0,0.0010004043579101
51.0,0.0,0.0,0.0011253356933593
61.0,0.0,0.0,0.0015017986297607
57.0,0.0,0.0,0.0019986629486083
52.0,0.0,0.0,0.0021796226501464
27.0,0.0,0.0,0.0
34.0,0.0,0.0,0.0015521049499511
19.0,0.0,0.0,0.0
40.0,0.0,0.0,0.0012619495391845
44.0,0.0,0.0,0.0020253658294677
38.0,0.0,0.0,0.0011019706726074
21.0,0.0,0.0,0.0010089874267578
30.0,0.0,0.0,0.0013320446014404
54.0,0.0,0.0,0.0010073184967041
55.0,0.0,0.0,0.0020205974578857
16.0,0.0,0.0,0.0015161037445068
50.0,0.0,0.0,0.0015857219696044
48.0,0.0,0.0,0.0014891624450683
46.0,0.0,0.0,0.0010135173797607
57.0,0.0,0.0,0.0018374919891357
13.0,0.0,0.0,0.0
22.0,0.0,0.0,0.0
37.0,0.0,0.0,0.0013167858123779
24.0,0.0,0.0,0.001009464263916
133.0,0.0,0.0,0.003997802734375
17.0,0.0,0.0,0.0001044273376464
12.0,0.0,0.0,0.0
29.0,0.0,0.0,0.0
14.0,0.0,0.0,0.0
58.0,0.0,0.0,0.0015535354614257
11.0,0.0,0.0,0.0
77.0,0.0,0.0,0.0023233890533447
38.0,0.0,0.0,0.0016617774963378
40.0,0.0,0.0,0.0024583339691162
21.0,0.0,0.0,0.0
73.0,0.0,0.0,0.0019276142120361
43.0,0.0,0.0,0.001014232635498
40.0,0.0,0.0,0.0010035037994384
15.0,0.0,0.0,0.0010430812835693
12.0,0.0,0.0,0.0010991096496582
12.0,0.0,0.0,0.0
17.0,0.0,0.0,0.0
13.0,0.0,0.0,0.0
20.0,0.0,0.0,0.001094102859497
16.0,0.0,0.0,0.0
41.0,0.0,0.0,0.0015692710876464
27.0,0.0,0.0,0.0011980533599853
24.0,0.0,0.0,0.0
12.0,0.0,0.0,0.0012059211730957
47.0,0.0,0.0,0.0010724067687988
42.0,0.0,0.0,0.001314640045166
11.0,0.0,0.0,0.0
23.0,0.0,0.0,0.0
128.0,0.0,0.0,0.0040414333343505
44.0,0.0,0.0,0.0012786388397216
191.0,0.0,0.0,0.0060296058654785
15.0,0.0,0.0,0.0
18.0,0.0,0.0,0.0
21.0,0.0,0.0,0.0010192394256591
82.0,0.0,0.0,0.0029988288879394
82.0,0.0,0.0,0.0031349658966064
19.0,0.0,0.0,0.001481294631958
17.0,0.0,0.0,0.0010116100311279
12.0,0.0,0.0,0.0
42.0,0.0,0.0,0.001413345336914
18.0,0.0,0.0,0.001014232635498
24.0,0.0,0.0,0.0010173320770263
36.0,0.0,0.0,0.0015010833740234
21.0,0.0,0.0,0.0
63.0,0.0,0.0,0.0015628337860107
14.0,0.0,0.0,0.0
92.0,0.0,0.0,0.0029737949371337
67.0,0.0,0.0,0.0031254291534423
21.0,0.0,0.0,0.0012943744659423
24.0,0.0,0.0,0.0013918876647949
12.0,0.0,0.0,0.0
37.0,0.0,0.0,0.0049974918365478
26.0,1.0,1.0,0.0
31.0,0.0,0.0,0.0010130405426025
16.0,0.0,0.0,0.0
51.0,1.0,1.0,0.0020151138305664
49.0,0.0,0.0,0.0012240409851074
16.0,0.0,0.0,0.0011930465698242
117.0,0.0,0.0,0.0044100284576416
37.0,0.0,0.0,0.0020203590393066
18.0,0.0,0.0,0.0
60.0,0.0,0.0,0.0023024082183837
19.0,0.0,0.0,0.0010130405426025
21.0,0.0,0.0,0.0011055469512939
142.0,0.0,0.0,0.0050187110900878
17.0,0.0,0.0,0.0
29.0,0.0,0.0,0.0013630390167236
15.0,0.0,0.0,0.0010144710540771
20.0,0.0,0.0,0.0
13.0,0.0,0.0,0.0
14.0,0.0,0.0,0.0
46.0,0.0,0.0,0.0020062923431396
18.0,0.0,0.0,0.0
58.0,0.0,0.0,0.0014982223510742
24.0,0.0,0.0,0.0010104179382324
68.0,0.0,0.0,0.0019974708557128
84.0,1.0,1.0,0.0033752918243408
24.0,0.0,0.0,0.0
46.0,0.0,0.0,0.0021429061889648
26.0,0.0,0.0,0.0010101795196533
36.0,0.0,0.0,0.0
17.0,0.0,0.0,0.0010111331939697
23.0,0.0,0.0,0.0010089874267578
45.0,0.0,0.0,0.002051830291748
11.0,0.0,0.0,0.0015060901641845
50.0,0.0,0.0,0.0011272430419921
31.0,0.0,0.0,0.0
25.0,0.0,0.0,0.0
46.0,0.0,0.0,0.0011930465698242
101.0,0.0,0.0,0.0035195350646972
49.0,0.0,0.0,0.0011191368103027
31.0,0.0,0.0,0.0010087490081787
32.0,0.0,0.0,0.0010516643524169
13.0,0.0,0.0,0.0
135.0,0.0,0.0,0.0046823024749755
27.0,0.0,0.0,0.0
44.0,0.0,0.0,0.0014359951019287
21.0,0.0,0.0,0.0018315315246582
26.0,1.0,1.0,0.0010256767272949
34.0,0.0,0.0,0.0015137195587158
73.0,0.0,0.0,0.0019991397857666
70.0,0.0,0.0,0.0020887851715087
48.0,0.0,0.0,0.0020952224731445
16.0,0.0,0.0,0.0
56.0,0.0,0.0,0.0020124912261962
53.0,0.0,0.0,0.0010032653808593
43.0,0.0,0.0,0.0010135173797607
12.0,0.0,0.0,0.0009984970092773
12.0,0.0,0.0,0.0009999275207519
29.0,0.0,0.0,0.0
11.0,0.0,0.0,0.0
11.0,0.0,0.0,0.0010046958923339
29.0,0.0,0.0,0.0001115798950195
15.0,0.0,0.0,0.0
29.0,0.0,0.0,0.0
11.0,0.0,0.0,0.0
52.0,0.0,0.0,0.0016059875488281
43.0,0.0,0.0,0.0011031627655029
17.0,0.0,0.0,0.0
15.0,0.0,0.0,0.0
14.0,0.0,0.0,0.0
161.0,0.0,0.0,0.0056965351104736
31.0,0.0,0.0,0.0010032653808593
50.0,0.0,0.0,0.0018095970153808
12.0,0.0,0.0,0.0
49.0,0.0,0.0,0.0015172958374023
61.0,0.0,0.0,0.002002477645874
35.0,0.0,0.0,0.0019986629486083
22.0,0.0,0.0,0.0010089874267578
35.0,0.0,0.0,0.0010673999786376
32.0,0.0,0.0,0.0010366439819335
14.0,0.0,0.0,0.0
22.0,0.0,0.0,0.0
30.0,0.0,0.0,0.0
85.0,0.0,0.0,0.0029623508453369
31.0,0.0,0.0,0.0009994506835937
44.0,0.0,0.0,0.0011458396911621
12.0,0.0,0.0,0.0012423992156982
11.0,0.0,0.0,0.0
45.0,0.0,0.0,0.0013301372528076
46.0,0.0,0.0,0.002012014389038
38.0,0.0,0.0,0.0010130405426025
52.0,0.0,0.0,0.0019996166229248
38.0,0.0,0.0,0.0011281967163085
29.0,0.0,0.0,0.0
66.0,0.0,0.0,0.0024824142456054
35.0,0.0,0.0,0.0
13.0,0.0,0.0,0.0010108947753906
17.0,0.0,0.0,0.0
34.0,0.0,0.0,0.0010910034179687
32.0,0.0,0.0,0.0010664463043212
29.0,0.0,0.0,0.0012962818145751
33.0,0.0,0.0,0.0012352466583251
18.0,0.0,0.0,0.0
55.0,0.0,0.0,0.0020170211791992
38.0,1.0,1.0,0.0010762214660644
30.0,0.0,0.0,0.0
61.0,0.0,0.0,0.0020174980163574
23.0,0.0,0.0,0.0009999275207519
37.0,0.0,0.0,0.0011286735534667
67.0,0.0,0.0,0.00162935256958
41.0,0.0,0.0,0.0012753009796142
38.0,0.0,0.0,0.001725435256958
55.0,0.0,0.0,0.0013518333435058
49.0,0.0,0.0,0.0023374557495117
36.0,0.0,0.0,0.002263069152832
23.0,0.0,0.0,0.0013399124145507
90.0,0.0,0.0,0.0038230419158935
12.0,0.0,0.0,0.0
20.0,0.0,0.0,0.00238037109375
36.0,0.0,0.0,0.0020451545715332
12.0,0.0,0.0,0.0
25.0,0.0,0.0,0.0011904239654541
24.0,0.0,0.0,0.0021603107452392
85.0,1.0,1.0,0.0045306682586669
16.0,0.0,0.0,0.0
29.0,0.0,0.0,0.0010170936584472
14.0,0.0,0.0,0.0
62.0,0.0,0.0,0.002460241317749
19.0,0.0,0.0,0.0011851787567138
12.0,0.0,0.0,0.0
15.0,0.0,0.0,0.0
12.0,0.0,0.0,0.0010056495666503
19.0,0.0,0.0,0.0001378059387207
63.0,1.0,1.0,0.0020115375518798
28.0,0.0,0.0,0.0010027885437011
73.0,0.0,0.0,0.0025744438171386
26.0,0.0,0.0,0.0006718635559082
11.0,0.0,0.0,0.001086950302124
47.0,0.0,0.0,0.0010251998901367
57.0,0.0,0.0,0.0021808147430419
28.0,0.0,0.0,0.0016500949859619
47.0,0.0,0.0,0.0016925334930419
44.0,0.0,0.0,0.0015959739685058
45.0,0.0,0.0,0.0015754699707031
30.0,0.0,0.0,0.0015692710876464
29.0,1.0,1.0,0.0005314350128173
22.0,0.0,0.0,0.001035451889038
12.0,0.0,0.0,0.0005085468292236
11.0,0.0,0.0,0.0012047290802001
22.0,0.0,0.0,0.0
53.0,0.0,0.0,0.0019917488098144
60.0,0.0,0.0,0.0015068054199218
11.0,0.0,0.0,0.0010020732879638
16.0,0.0,0.0,0.0001678466796875
12.0,0.0,0.0,0.0
22.0,0.0,0.0,0.0
15.0,0.0,0.0,0.0011093616485595
23.0,0.0,0.0,0.0
36.0,0.0,0.0,0.0010695457458496
13.0,0.0,0.0,0.0005242824554443
36.0,0.0,0.0,0.0010616779327392
33.0,0.0,0.0,0.0010688304901123
47.0,0.0,0.0,0.0015568733215332
33.0,0.0,0.0,0.0010449886322021
20.0,0.0,0.0,0.0005300045013427
12.0,0.0,0.0,0.0005290508270263
14.0,0.0,0.0,0.0005433559417724
24.0,0.0,0.0,0.0010533332824707
112.0,0.0,0.0,0.0038933753967285
42.0,1.0,1.0,0.0016102790832519
24.0,0.0,0.0,0.0012362003326416
13.0,0.0,0.0,0.0005378723144531
74.0,0.0,0.0,0.0022366046905517
22.0,0.0,0.0,0.0010361671447753
31.0,0.0,0.0,0.0005419254302978
14.0,0.0,0.0,0.0
11.0,0.0,0.0,0.0005354881286621
39.0,0.0,0.0,0.0010435581207275
45.0,1.0,1.0,0.0010402202606201
14.0,0.0,0.0,0.0
43.0,0.0,0.0,0.0015454292297363
18.0,0.0,0.0,0.0005183219909667
27.0,0.0,0.0,0.0006587505340576
20.0,0.0,0.0,0.0
53.0,0.0,0.0,0.0015091896057128
16.0,0.0,0.0,0.0
51.0,0.0,0.0,0.0020177364349365
11.0,0.0,0.0,0.0
21.0,0.0,0.0,0.0
12.0,0.0,0.0,0.0
34.0,0.0,0.0,0.0013515949249267
51.0,0.0,0.0,0.0020015239715576
41.0,0.0,0.0,0.0
23.0,0.0,0.0,0.0020482540130615
16.0,0.0,0.0,0.001000165939331
55.0,0.0,0.0,0.0019996166229248
55.0,0.0,0.0,0.0021164417266845
11.0,0.0,0.0,0.0
12.0,0.0,0.0,0.001007080078125
40.0,0.0,0.0,0.0
16.0,0.0,0.0,0.0010170936584472
56.0,0.0,0.0,0.0027627944946289
73.0,0.0,0.0,0.0015199184417724
11.0,0.0,0.0,0.0010018348693847
21.0,0.0,0.0,0.0
22.0,0.0,0.0,0.0
34.0,0.0,0.0,0.0014100074768066
79.0,1.0,1.0,0.0030298233032226
12.0,0.0,0.0,0.0
32.0,0.0,0.0,0.0
11.0,0.0,0.0,0.0
25.0,0.0,0.0,0.0
32.0,0.0,0.0,0.0010106563568115
55.0,0.0,0.0,0.0015115737915039
65.0,0.0,0.0,0.001584768295288
23.0,0.0,0.0,0.0010130405426025
14.0,0.0,0.0,0.0
36.0,0.0,0.0,0.0014851093292236
37.0,0.0,0.0,0.0010132789611816
21.0,0.0,0.0,0.0
20.0,0.0,0.0,0.0
23.0,0.0,0.0,0.0002410411834716
40.0,0.0,0.0,0.0012609958648681
89.0,0.0,0.0,0.0025079250335693
77.0,1.0,1.0,0.0021002292633056
33.0,0.0,0.0,0.0013651847839355
48.0,0.0,0.0,0.0014925003051757
14.0,0.0,0.0,0.0010130405426025
16.0,0.0,0.0,0.0
42.0,1.0,1.0,0.0011172294616699
30.0,0.0,0.0,0.0
45.0,0.0,0.0,0.0014328956604003
22.0,0.0,0.0,0.0010128021240234
27.0,0.0,0.0,0.0
164.0,1.0,1.0,0.004535436630249
24.0,0.0,0.0,0.0
61.0,0.0,0.0,0.0017712116241455
50.0,0.0,0.0,0.0017397403717041
21.0,0.0,0.0,0.0
42.0,0.0,0.0,0.0010871887207031
20.0,0.0,0.0,0.0010113716125488
33.0,0.0,0.0,0.0014233589172363
12.0,0.0,0.0,0.0
81.0,0.0,0.0,0.0015323162078857
15.0,1.0,1.0,0.0
28.0,0.0,0.0,0.0
23.0,0.0,0.0,0.0
25.0,0.0,0.0,0.0008842945098876
19.0,0.0,0.0,0.0010740756988525
56.0,0.0,0.0,0.003169298171997
12.0,1.0,1.0,0.0010011196136474
12.0,0.0,0.0,0.0010015964508056
37.0,0.0,0.0,0.0023765563964843
31.0,0.0,0.0,0.0
77.0,1.0,1.0,0.0032241344451904
72.0,0.0,0.0,0.0029981136322021
39.0,0.0,0.0,0.0011720657348632
37.0,0.0,0.0,0.0009989738464355
64.0,0.0,0.0,0.0019996166229248
15.0,0.0,0.0,0.0
42.0,0.0,0.0,0.0010216236114501
87.0,0.0,0.0,0.0020020008087158
24.0,0.0,0.0,0.0010020732879638
48.0,0.0,0.0,0.0009989738464355
122.0,0.0,0.0,0.0035765171051025
11.0,0.0,0.0,0.0009996891021728
44.0,0.0,0.0,0.0009989738464355
46.0,0.0,0.0,0.0009994506835937
12.0,0.0,0.0,0.0
16.0,0.0,0.0,0.0005085468292236
12.0,0.0,0.0,0.0
13.0,0.0,0.0,0.0009989738464355
19.0,0.0,0.0,0.0
11.0,0.0,0.0,0.0009996891021728
66.0,0.0,0.0,0.0019707679748535
39.0,0.0,0.0,0.0013473033905029
11.0,0.0,0.0,0.0010132789611816
25.0,0.0,0.0,0.0
28.0,1.0,1.0,0.0009994506835937
31.0,1.0,1.0,0.0015275478363037
18.0,0.0,0.0,0.0
85.0,1.0,1.0,0.002518892288208
151.0,0.0,0.0,0.0046560764312744
29.0,0.0,0.0,0.0
12.0,0.0,0.0,0.0009963512420654
32.0,0.0,0.0,0.0009987354278564
73.0,0.0,0.0,0.0021240711212158
28.0,0.0,0.0,0.0005114078521728
117.0,0.0,0.0,0.0029983520507812
36.0,0.0,0.0,0.0010128021240234
33.0,0.0,0.0,0.0011177062988281
48.0,0.0,0.0,0.0015215873718261
21.0,0.0,0.0,0.0
42.0,0.0,0.0,0.0019972324371337
138.0,0.0,0.0,0.0064287185668945
14.0,0.0,0.0,0.0
12.0,0.0,0.0,0.0013349056243896
66.0,0.0,0.0,0.0025749206542968
57.0,0.0,0.0,0.0010101795196533
55.0,0.0,0.0,0.0020046234130859
58.0,0.0,0.0,0.002000093460083
11.0,0.0,0.0,0.0
19.0,0.0,0.0,0.0
44.0,0.0,0.0,0.0014152526855468
50.0,0.0,0.0,0.0013856887817382
16.0,0.0,0.0,0.0011210441589355
47.0,0.0,0.0,0.0012249946594238
54.0,0.0,0.0,0.0020074844360351
69.0,0.0,0.0,0.002511978149414
42.0,0.0,0.0,0.0013322830200195
106.0,0.0,0.0,0.0030193328857421
57.0,0.0,0.0,0.002000093460083
19.0,0.0,0.0,0.0010032653808593
19.0,0.0,0.0,0.0
23.0,0.0,0.0,0.0
46.0,0.0,0.0,0.0013825893402099
30.0,0.0,0.0,0.0010092258453369
23.0,0.0,0.0,0.0
64.0,0.0,0.0,0.0020134449005126
12.0,0.0,0.0,0.0010204315185546
12.0,0.0,0.0,0.0
11.0,0.0,0.0,0.0
24.0,0.0,0.0,0.0
20.0,0.0,0.0,0.0
32.0,0.0,0.0,0.0011308193206787
12.0,1.0,1.0,0.0010185241699218
51.0,0.0,0.0,0.0018272399902343
12.0,0.0,0.0,0.0
74.0,0.0,0.0,0.0019309520721435
27.0,0.0,0.0,0.0010962486267089
23.0,0.0,0.0,0.0
76.0,0.0,0.0,0.0019617080688476
13.0,0.0,0.0,0.001000165939331
25.0,0.0,0.0,0.0
94.0,0.0,0.0,0.0030417442321777
50.0,0.0,0.0,0.001997947692871
56.0,0.0,0.0,0.0019807815551757
21.0,0.0,0.0,0.0
13.0,0.0,0.0,0.0010204315185546
15.0,1.0,1.0,0.0
29.0,1.0,1.0,0.0
42.0,0.0,0.0,0.0010113716125488
43.0,0.0,0.0,0.002657413482666
43.0,0.0,0.0,0.0019946098327636
65.0,0.0,0.0,0.0009982585906982
38.0,0.0,0.0,0.0010693073272705
42.0,0.0,0.0,0.0029988288879394
11.0,0.0,0.0,0.0014483928680419
145.0,1.0,1.0,0.0040791034698486
35.0,0.0,0.0,0.0009996891021728
20.0,0.0,0.0,0.00099778175354
14.0,0.0,0.0,0.0009992122650146
16.0,0.0,0.0,0.0
102.0,0.0,0.0,0.00301194190979
31.0,0.0,0.0,0.0009984970092773
16.0,0.0,0.0,0.0
46.0,0.0,0.0,0.0021271705627441
14.0,0.0,0.0,0.0
13.0,0.0,0.0,0.0
18.0,0.0,0.0,0.0009989738464355
34.0,0.0,0.0,0.0009989738464355
20.0,0.0,0.0,0.0009984970092773
80.0,0.0,0.0,0.0025420188903808
23.0,0.0,0.0,0.001000165939331
72.0,0.0,0.0,0.001997947692871
33.0,0.0,0.0,0.0014424324035644
30.0,0.0,0.0,0.0010206699371337
22.0,0.0,0.0,0.0010128021240234
16.0,0.0,0.0,0.0
15.0,0.0,0.0,0.0
45.0,0.0,0.0,0.0009999275207519
26.0,0.0,0.0,0.0011248588562011
61.0,0.0,0.0,0.001011848449707
59.0,0.0,0.0,0.0019989013671875
12.0,1.0,1.0,0.0
77.0,0.0,0.0,0.0021252632141113
66.0,0.0,0.0,0.0010037422180175
34.0,0.0,0.0,0.0009965896606445
26.0,0.0,0.0,0.0009980201721191
16.0,0.0,0.0,0.0009994506835937
11.0,0.0,0.0,0.0
36.0,0.0,0.0,0.0005111694335937
67.0,0.0,0.0,0.0019998550415039
13.0,0.0,0.0,0.0010006427764892
81.0,0.0,0.0,0.0019974708557128
15.0,0.0,0.0,0.0
25.0,0.0,0.0,0.0
28.0,0.0,0.0,0.0
67.0,0.0,0.0,0.0018630027770996
97.0,0.0,0.0,0.0030767917633056
56.0,0.0,0.0,0.0016896724700927
26.0,0.0,0.0,0.0
40.0,0.0,0.0,0.0010130405426025
31.0,0.0,0.0,0.0010650157928466
74.0,0.0,0.0,0.0020065307617187
28.0,0.0,0.0,0.0
56.0,0.0,0.0,0.0017650127410888
11.0,0.0,0.0,0.0001275539398193
36.0,0.0,0.0,0.0005111694335937
16.0,0.0,0.0,0.0009999275207519
13.0,0.0,0.0,0.0
32.0,0.0,0.0,0.0
36.0,0.0,0.0,0.0010111331939697
22.0,0.0,0.0,0.0010075569152832
34.0,0.0,0.0,0.0005042552947998
15.0,0.0,0.0,0.0
106.0,0.0,0.0,0.0031971931457519
75.0,0.0,0.0,0.0019230842590332
13.0,0.0,0.0,0.0009999275207519
19.0,0.0,0.0,0.0
174.0,0.0,0.0,0.0047435760498046
47.0,0.0,0.0,0.0009994506835937
11.0,0.0,0.0,0.0010325908660888
32.0,0.0,0.0,0.0010247230529785
17.0,0.0,0.0,0.0
42.0,0.0,0.0,0.0011160373687744
13.0,0.0,0.0,0.0010137557983398
26.0,0.0,0.0,0.0
15.0,0.0,0.0,0.0005109310150146
19.0,0.0,0.0,0.0
21.0,0.0,0.0,0.0010206699371337
34.0,0.0,0.0,0.0013155937194824
29.0,0.0,0.0,0.0010135173797607
25.0,0.0,0.0,0.0
92.0,0.0,0.0,0.002918004989624
15.0,0.0,0.0,0.0
117.0,0.0,0.0,0.0030186176300048
14.0,0.0,0.0,0.0010004043579101
35.0,0.0,0.0,0.0016024112701416
40.0,0.0,0.0,0.0010135173797607
24.0,0.0,0.0,0.0
24.0,0.0,0.0,0.0
39.0,0.0,0.0,0.001232624053955
68.0,0.0,0.0,0.0026564598083496
85.0,0.0,0.0,0.0019640922546386
56.0,0.0,0.0,0.0020227432250976
74.0,0.0,0.0,0.0016124248504638
14.0,0.0,0.0,0.001014232635498
33.0,0.0,0.0,0.0013575553894042
73.0,0.0,0.0,0.0025117397308349
29.0,0.0,0.0,0.0
25.0,0.0,0.0,0.0010144710540771
12.0,0.0,0.0,0.0010006427764892
79.0,0.0,0.0,0.0018527507781982
36.0,0.0,0.0,0.0010044574737548
27.0,0.0,0.0,0.0
33.0,0.0,0.0,0.0011591911315917
35.0,0.0,0.0,0.0013294219970703
19.0,1.0,1.0,0.0010039806365966
16.0,0.0,0.0,0.0
35.0,1.0,1.0,0.0010123252868652
16.0,0.0,0.0,0.0010120868682861
23.0,0.0,0.0,0.0
41.0,0.0,0.0,0.0013306140899658
13.0,0.0,0.0,0.0011694431304931
15.0,0.0,0.0,0.0
26.0,0.0,0.0,0.0
29.0,0.0,0.0,0.0
14.0,0.0,0.0,0.0
14.0,0.0,0.0,0.0
12.0,0.0,0.0,0.0
13.0,0.0,0.0,0.0
15.0,0.0,0.0,0.0
17.0,0.0,0.0,0.0
42.0,0.0,0.0,0.0014843940734863
32.0,0.0,0.0,0.0005066394805908
47.0,0.0,0.0,0.0015339851379394
36.0,0.0,0.0,0.0010113716125488
17.0,0.0,0.0,0.0
37.0,0.0,0.0,0.0013744831085205
32.0,0.0,0.0,0.0010082721710205
39.0,0.0,0.0,0.0015497207641601
31.0,0.0,0.0,0.0
47.0,0.0,0.0,0.0014789104461669
38.0,0.0,0.0,0.001009464263916
52.0,0.0,0.0,0.0015022754669189
44.0,0.0,0.0,0.0010156631469726
46.0,0.0,0.0,0.0020821094512939
12.0,0.0,0.0,0.0010085105895996
39.0,0.0,0.0,0.001000165939331
63.0,0.0,0.0,0.0017511844635009
57.0,0.0,0.0,0.0013895034790039
18.0,0.0,0.0,0.0010137557983398
34.0,0.0,0.0,0.0
29.0,0.0,0.0,0.0
89.0,0.0,0.0,0.0025610923767089
52.0,0.0,0.0,0.0012826919555664
13.0,0.0,0.0,0.0
21.0,0.0,0.0,0.0009994506835937
76.0,0.0,0.0,0.0021233558654785
115.0,1.0,1.0,0.00278902053833
51.0,0.0,0.0,0.002030611038208
22.0,0.0,0.0,0.0011076927185058
48.0,0.0,0.0,0.001906394958496
11.0,0.0,0.0,0.0
51.0,0.0,0.0,0.0018587112426757
33.0,0.0,0.0,0.0009984970092773
38.0,1.0,1.0,0.0016093254089355
13.0,0.0,0.0,0.0
12.0,0.0,0.0,0.0
33.0,0.0,0.0,0.0023491382598876
12.0,0.0,0.0,0.0018980503082275
51.0,0.0,0.0,0.0036933422088623
39.0,0.0,0.0,0.0027456283569335
44.0,1.0,1.0,0.0020222663879394
13.0,0.0,0.0,0.0
18.0,0.0,0.0,0.0010030269622802
13.0,0.0,0.0,0.0
41.0,0.0,0.0,0.001000165939331
21.0,0.0,0.0,0.0009984970092773
16.0,0.0,0.0,0.0
40.0,0.0,0.0,0.0016093254089355
49.0,0.0,0.0,0.0010335445404052
20.0,0.0,0.0,0.0010037422180175
24.0,0.0,0.0,0.0
12.0,0.0,0.0,0.0
35.0,0.0,0.0,0.0011293888092041
108.0,0.0,0.0,0.0034675598144531
52.0,0.0,0.0,0.000990867614746
12.0,0.0,0.0,0.0009756088256835
153.0,0.0,0.0,0.004528522491455
17.0,0.0,0.0,0.0010015964508056
23.0,0.0,0.0,0.0010004043579101
53.0,0.0,0.0,0.0015223026275634
54.0,0.0,0.0,0.0019986629486083
37.0,0.0,0.0,0.0010066032409667
61.0,0.0,0.0,0.0020020008087158
82.0,0.0,0.0,0.0036160945892333
18.0,0.0,0.0,0.00136399269104
11.0,0.0,0.0,0.0010221004486083
46.0,0.0,0.0,0.0012769699096679
20.0,0.0,0.0,0.0010263919830322
12.0,0.0,0.0,0.0
35.0,0.0,0.0,0.00148606300354
19.0,0.0,0.0,0.0010895729064941
30.0,1.0,1.0,0.0011689662933349
33.0,0.0,0.0,0.001021385192871
108.0,1.0,1.0,0.0031356811523437
17.0,0.0,0.0,0.0
14.0,0.0,0.0,0.0009932518005371
40.0,0.0,0.0,0.0009987354278564
17.0,0.0,0.0,0.0
40.0,0.0,0.0,0.0020689964294433
17.0,0.0,0.0,0.0
33.0,0.0,0.0,0.0009984970092773
16.0,0.0,0.0,0.0009992122650146
69.0,0.0,0.0,0.0024716854095458
43.0,0.0,0.0,0.002018928527832
36.0,0.0,0.0,0.0
20.0,0.0,0.0,0.0010170936584472
13.0,0.0,0.0,0.0
35.0,0.0,0.0,0.0014042854309082
43.0,0.0,0.0,0.0020227432250976
70.0,0.0,0.0,0.0019996166229248
27.0,0.0,0.0,0.0
39.0,0.0,0.0,0.0
11.0,0.0,0.0,0.0
44.0,0.0,0.0,0.0012032985687255
14.0,0.0,0.0,0.0010068416595458
29.0,0.0,0.0,0.0
60.0,0.0,0.0,0.00189208984375
33.0,0.0,0.0,0.0001218318939208
21.0,0.0,0.0,0.0010101795196533
24.0,0.0,0.0,0.0
27.0,0.0,0.0,0.0
12.0,0.0,0.0,0.0
71.0,0.0,0.0,0.0018970966339111
44.0,0.0,0.0,0.0013861656188964
30.0,0.0,0.0,0.0010104179382324
42.0,0.0,0.0,0.0015006065368652
25.0,0.0,0.0,0.001011848449707
14.0,0.0,0.0,0.000504732131958
20.0,0.0,0.0,0.0010116100311279
28.0,0.0,0.0,0.0010027885437011
11.0,0.0,0.0,0.0
100.0,0.0,0.0,0.0027918815612792
39.0,0.0,0.0,0.0010120868682861
110.0,0.0,0.0,0.0030076503753662
64.0,0.0,0.0,0.0020027160644531
14.0,0.0,0.0,0.0010035037994384
11.0,0.0,0.0,0.0
29.0,0.0,0.0,0.0
28.0,0.0,0.0,0.0
142.0,0.0,0.0,0.0037870407104492
17.0,0.0,0.0,0.0
13.0,0.0,0.0,0.0
11.0,0.0,0.0,0.0005085468292236
53.0,0.0,0.0,0.0017900466918945
27.0,0.0,0.0,0.0
13.0,0.0,0.0,0.0011258125305175
30.0,0.0,0.0,0.0005111694335937
17.0,0.0,0.0,0.0009992122650146
39.0,0.0,0.0,0.0020101070404052
86.0,0.0,0.0,0.0025246143341064
86.0,0.0,0.0,0.0025389194488525
71.0,0.0,0.0,0.0019974708557128
12.0,0.0,0.0,0.0
70.0,0.0,0.0,0.0021071434020996
17.0,0.0,0.0,0.0
70.0,0.0,0.0,0.0015285015106201
11.0,0.0,0.0,0.0
40.0,0.0,0.0,0.0019984245300292
11.0,0.0,0.0,0.0014708042144775
12.0,0.0,0.0,0.0
14.0,0.0,0.0,0.0010974407196044
22.0,0.0,0.0,0.0010080337524414
11.0,0.0,0.0,0.001467227935791
19.0,0.0,0.0,0.0
28.0,0.0,0.0,0.001011848449707
69.0,0.0,0.0,0.0027070045471191
15.0,0.0,0.0,0.0
32.0,0.0,0.0,0.0
33.0,0.0,0.0,0.0
46.0,0.0,0.0,0.0020723342895507
17.0,0.0,0.0,0.0
14.0,0.0,0.0,0.0
41.0,0.0,0.0,0.0014362335205078
11.0,0.0,0.0,0.0
30.0,0.0,0.0,0.0012452602386474
21.0,0.0,0.0,0.0
41.0,0.0,0.0,0.0014584064483642
36.0,0.0,0.0,0.0010077953338623
12.0,0.0,0.0,0.0
12.0,0.0,0.0,0.0010101795196533
16.0,0.0,0.0,0.0010058879852294
23.0,0.0,0.0,0.0005097389221191
19.0,0.0,0.0,0.0
13.0,0.0,0.0,0.0
26.0,0.0,0.0,0.0005092620849609
39.0,0.0,0.0,0.001521348953247
44.0,0.0,0.0,0.0014877319335937
20.0,0.0,0.0,0.0010128021240234
57.0,0.0,0.0,0.0018630027770996
15.0,0.0,0.0,0.0001258850097656
11.0,0.0,0.0,0.0005066394805908
12.0,0.0,0.0,0.0
41.0,1.0,1.0,0.0014123916625976
32.0,0.0,0.0,0.0010139942169189
24.0,0.0,0.0,0.0
83.0,0.0,0.0,0.0027034282684326
31.0,0.0,0.0,0.0009980201721191
60.0,0.0,0.0,0.0015866756439208
13.0,0.0,0.0,0.0
11.0,0.0,0.0,0.0
17.0,0.0,0.0,0.0
16.0,0.0,0.0,0.0
18.0,0.0,0.0,0.0
43.0,0.0,0.0,0.0011317729949951
40.0,0.0,0.0,0.0010130405426025
16.0,0.0,0.0,0.0
29.0,0.0,0.0,0.0
75.0,0.0,0.0,0.0018799304962158
11.0,0.0,0.0,0.0009968280792236
23.0,0.0,0.0,0.0
18.0,0.0,0.0,0.0010199546813964
28.0,0.0,0.0,0.0
61.0,0.0,0.0,0.0018463134765625
14.0,0.0,0.0,0.0
27.0,0.0,0.0,0.0
85.0,0.0,0.0,0.0024304389953613
13.0,0.0,0.0,0.0011732578277587
16.0,0.0,0.0,0.001000165939331
16.0,0.0,0.0,0.001000165939331
24.0,0.0,0.0,0.0012552738189697
49.0,0.0,0.0,0.0019977092742919
15.0,0.0,0.0,0.0013074874877929
62.0,1.0,1.0,0.0019989013671875
39.0,0.0,0.0,0.0021605491638183
25.0,0.0,0.0,0.0010082721710205
59.0,0.0,0.0,0.0016453266143798
39.0,0.0,0.0,0.0
40.0,0.0,0.0,0.0015153884887695
25.0,0.0,0.0,0.0010054111480712
23.0,0.0,0.0,0.0
11.0,0.0,0.0,0.0
49.0,0.0,0.0,0.001199722290039
15.0,0.0,0.0,0.0010995864868164
22.0,0.0,0.0,0.0
59.0,0.0,0.0,0.0017347335815429
114.0,0.0,0.0,0.0026822090148925
47.0,0.0,0.0,0.0015194416046142
41.0,0.0,0.0,0.0011138916015625
43.0,0.0,0.0,0.0020053386688232
12.0,0.0,0.0,0.0010149478912353
28.0,0.0,0.0,0.0
32.0,0.0,0.0,0.0012197494506835
36.0,0.0,0.0,0.0014758110046386
45.0,0.0,0.0,0.0010097026824951
35.0,0.0,0.0,0.0013427734375
87.0,0.0,0.0,0.0020985603332519
67.0,0.0,0.0,0.0018608570098876
45.0,0.0,0.0,0.0013620853424072
33.0,0.0,0.0,0.0010137557983398
27.0,0.0,0.0,0.0
13.0,0.0,0.0,0.0
18.0,0.0,0.0,0.0
17.0,0.0,0.0,0.0
12.0,0.0,0.0,0.0
17.0,0.0,0.0,0.0
30.0,0.0,0.0,0.0
14.0,0.0,0.0,0.0
31.0,0.0,0.0,0.0
57.0,0.0,0.0,0.0018918514251708
19.0,0.0,0.0,0.0
56.0,0.0,0.0,0.0011796951293945
89.0,1.0,1.0,0.0030360221862792
20.0,0.0,0.0,0.0009992122650146
70.0,0.0,0.0,0.0019977092742919
32.0,0.0,0.0,0.0
19.0,0.0,0.0,0.0010185241699218
17.0,0.0,0.0,0.0009989738464355
26.0,0.0,0.0,0.0010211467742919
35.0,0.0,0.0,0.0010004043579101
68.0,0.0,0.0,0.0021357536315917
39.0,0.0,0.0,0.0010008811950683
66.0,1.0,1.0,0.001615285873413
35.0,0.0,0.0,0.0
18.0,0.0,0.0,0.0
89.0,0.0,0.0,0.0031611919403076
97.0,0.0,0.0,0.0036122798919677
26.0,0.0,0.0,0.0
13.0,0.0,0.0,0.0012533664703369
25.0,0.0,0.0,0.0010075569152832
12.0,0.0,0.0,0.0010130405426025
29.0,0.0,0.0,0.0001311302185058
22.0,0.0,0.0,0.0
132.0,0.0,0.0,0.004035472869873
27.0,0.0,0.0,0.0
18.0,0.0,0.0,0.001014232635498
26.0,0.0,0.0,0.0
149.0,0.0,0.0,0.0049254894256591
90.0,1.0,1.0,0.0027399063110351
23.0,0.0,0.0,0.0
18.0,0.0,0.0,0.0
16.0,0.0,0.0,0.0
62.0,0.0,0.0,0.0015454292297363
82.0,0.0,0.0,0.0017018318176269
18.0,0.0,0.0,0.0010008811950683
12.0,1.0,1.0,0.0
71.0,0.0,0.0,0.0019240379333496
29.0,0.0,0.0,0.0010211467742919
23.0,0.0,0.0,0.0010101795196533
51.0,0.0,0.0,0.0021808147430419
33.0,0.0,0.0,0.0
98.0,0.0,0.0,0.0029754638671875
31.0,0.0,0.0,0.0014541149139404
28.0,0.0,0.0,0.0010132789611816
49.0,0.0,0.0,0.0021228790283203
50.0,0.0,0.0,0.0014045238494873
20.0,0.0,0.0,0.0009999275207519
37.0,0.0,0.0,0.0010135173797607
22.0,0.0,0.0,0.0
49.0,0.0,0.0,0.0022976398468017
51.0,0.0,0.0,0.0015969276428222
15.0,0.0,0.0,0.0
27.0,0.0,0.0,0.0019991397857666
24.0,0.0,0.0,0.0
44.0,0.0,0.0,0.0011818408966064
53.0,0.0,0.0,0.0026006698608398
20.0,0.0,0.0,0.0014188289642333
37.0,0.0,0.0,0.0024473667144775
147.0,0.0,0.0,0.0065453052520751
11.0,0.0,0.0,0.0014898777008056
13.0,0.0,0.0,0.0
50.0,0.0,0.0,0.0019984245300292
22.0,0.0,0.0,0.0
72.0,0.0,0.0,0.0024886131286621
24.0,0.0,0.0,0.0010032653808593
58.0,0.0,0.0,0.0012052059173583
45.0,0.0,0.0,0.0010149478912353
56.0,0.0,0.0,0.0018784999847412
31.0,1.0,1.0,0.0
12.0,0.0,0.0,0.0010075569152832
22.0,0.0,0.0,0.0005087852478027
42.0,0.0,0.0,0.0020215511322021
23.0,0.0,0.0,0.0011277198791503
22.0,0.0,0.0,0.0010087490081787
31.0,0.0,0.0,0.0
53.0,1.0,1.0,0.0015180110931396
28.0,0.0,0.0,0.0
61.0,1.0,1.0,0.0013258457183837
41.0,0.0,0.0,0.0012116432189941
12.0,0.0,0.0,0.0010147094726562
41.0,0.0,0.0,0.0010144710540771
71.0,0.0,0.0,0.0021281242370605
73.0,0.0,0.0,0.0013380050659179
28.0,0.0,0.0,0.0010063648223876
38.0,0.0,0.0,0.0013477802276611
19.0,0.0,0.0,0.0
54.0,0.0,0.0,0.001194953918457
57.0,0.0,0.0,0.001986026763916
75.0,0.0,0.0,0.001533031463623
39.0,0.0,0.0,0.0010013580322265
44.0,0.0,0.0,0.0011966228485107
12.0,0.0,0.0,0.0010149478912353
15.0,0.0,0.0,0.0
16.0,0.0,0.0,0.0
44.0,1.0,1.0,0.0010919570922851
89.0,0.0,0.0,0.0030200481414794
25.0,0.0,0.0,0.0010018348693847
13.0,0.0,0.0,9.27448272705078e-05
25.0,0.0,0.0,0.0
57.0,0.0,0.0,0.0020117759704589
53.0,0.0,0.0,0.0019214153289794
11.0,0.0,0.0,0.0
15.0,0.0,0.0,0.0
20.0,0.0,0.0,0.0
11.0,0.0,0.0,0.0
14.0,0.0,0.0,0.0
25.0,0.0,0.0,0.0
57.0,0.0,0.0,0.0017735958099365
29.0,0.0,0.0,0.0
13.0,0.0,0.0,0.0010099411010742
28.0,0.0,0.0,0.0014045238494873
24.0,0.0,0.0,0.0010209083557128
17.0,0.0,0.0,0.0
30.0,0.0,0.0,0.0
11.0,0.0,0.0,0.0010144710540771
14.0,0.0,0.0,0.0
11.0,0.0,0.0,0.0
53.0,0.0,0.0,0.0022447109222412
62.0,0.0,0.0,0.0013315677642822
21.0,0.0,0.0,0.0010008811950683
33.0,0.0,0.0,0.0
15.0,0.0,0.0,0.0010347366333007
122.0,0.0,0.0,0.0034742355346679
55.0,0.0,0.0,0.0010039806365966
41.0,0.0,0.0,0.0010054111480712
97.0,0.0,0.0,0.0036160945892333
16.0,0.0,0.0,0.0
51.0,0.0,0.0,0.0014705657958984
17.0,0.0,0.0,0.001009464263916
37.0,0.0,0.0,0.0010006427764892
24.0,0.0,0.0,0.0011157989501953
33.0,0.0,0.0,0.0011093616485595
19.0,0.0,0.0,0.0
59.0,0.0,0.0,0.0016100406646728
73.0,0.0,0.0,0.0017077922821044
14.0,0.0,0.0,0.0006008148193359
35.0,0.0,0.0,0.0012958049774169
26.0,0.0,0.0,0.0010135173797607
19.0,0.0,0.0,0.0
27.0,0.0,0.0,0.0
15.0,0.0,0.0,0.0
15.0,0.0,0.0,0.0
33.0,0.0,0.0,0.0014901161193847
106.0,0.0,0.0,0.0029985904693603
14.0,0.0,0.0,0.001000165939331
60.0,1.0,1.0,0.001638650894165
64.0,0.0,0.0,0.0016286373138427
15.0,0.0,0.0,0.0
64.0,0.0,0.0,0.0019853115081787
71.0,0.0,0.0,0.0022563934326171
63.0,0.0,0.0,0.0009994506835937
12.0,0.0,0.0,0.0
31.0,0.0,0.0,0.0011122226715087
68.0,0.0,0.0,0.0016677379608154
29.0,0.0,0.0,0.0009975433349609
23.0,0.0,0.0,0.0
16.0,0.0,0.0,0.0
18.0,0.0,0.0,0.0
27.0,1.0,1.0,0.0010218620300292
31.0,0.0,0.0,0.0010080337524414
51.0,1.0,1.0,0.0021278858184814
66.0,0.0,0.0,0.002819538116455
67.0,0.0,0.0,0.0019989013671875
23.0,0.0,0.0,0.0010104179382324
25.0,0.0,0.0,0.0010509490966796
66.0,0.0,0.0,0.0027697086334228
63.0,1.0,1.0,0.0014452934265136
11.0,0.0,0.0,0.0
32.0,0.0,0.0,0.0011727809906005
25.0,0.0,0.0,0.0
83.0,0.0,0.0,0.0018165111541748
56.0,0.0,0.0,0.0019984245300292
21.0,0.0,0.0,0.0010011196136474
16.0,0.0,0.0,0.0010237693786621
31.0,0.0,0.0,0.001011848449707
16.0,0.0,0.0,0.0009996891021728
28.0,0.0,0.0,0.001000165939331
11.0,0.0,0.0,0.0
12.0,0.0,0.0,0.0
12.0,0.0,0.0,0.0010192394256591
65.0,0.0,0.0,0.0020115375518798
15.0,0.0,0.0,0.0
50.0,0.0,0.0,0.0009994506835937
40.0,0.0,0.0,0.001204490661621
59.0,0.0,0.0,0.0015218257904052
36.0,0.0,0.0,0.0010132789611816
70.0,0.0,0.0,0.0019969940185546
27.0,0.0,0.0,0.0
16.0,0.0,0.0,0.0
17.0,0.0,0.0,0.0
82.0,0.0,0.0,0.0019972324371337
33.0,0.0,0.0,0.0009992122650146
25.0,0.0,0.0,0.0015859603881835
16.0,0.0,0.0,0.0005109310150146
12.0,0.0,0.0,0.0
53.0,0.0,0.0,0.0009989738464355
121.0,0.0,0.0,0.0031275749206542
19.0,0.0,0.0,0.0005114078521728
16.0,0.0,0.0,0.0
34.0,0.0,0.0,0.0010125637054443
32.0,0.0,0.0,0.0010032653808593
45.0,0.0,0.0,0.0011088848114013
40.0,0.0,0.0,0.0
18.0,0.0,0.0,0.0010099411010742
29.0,0.0,0.0,0.0
18.0,0.0,0.0,0.0010006427764892
25.0,0.0,0.0,0.0
14.0,0.0,0.0,0.0
33.0,0.0,0.0,0.000507116317749
26.0,0.0,0.0,0.0
22.0,0.0,0.0,0.0
13.0,0.0,0.0,0.0005042552947998
17.0,0.0,0.0,0.0
21.0,0.0,0.0,0.0010128021240234
43.0,0.0,0.0,0.0010106563568115
27.0,0.0,0.0,0.0
17.0,0.0,0.0,0.0009994506835937
18.0,0.0,0.0,0.0009996891021728
37.0,0.0,0.0,0.0015771389007568
38.0,0.0,0.0,0.0
121.0,0.0,0.0,0.0041000843048095
58.0,0.0,0.0,0.0015320777893066
105.0,0.0,0.0,0.0040006637573242
15.0,0.0,0.0,0.0
11.0,0.0,0.0,0.0011672973632812
31.0,0.0,0.0,0.0
47.0,0.0,0.0,0.0014617443084716
21.0,0.0,0.0,0.0010650157928466
26.0,0.0,0.0,0.0
32.0,0.0,0.0,0.0
31.0,0.0,0.0,0.0010116100311279
97.0,0.0,0.0,0.0025131702423095
25.0,0.0,0.0,0.0010018348693847
29.0,0.0,0.0,0.0
27.0,0.0,0.0,0.001014232635498
34.0,0.0,0.0,0.001009464263916
20.0,0.0,0.0,0.0
42.0,0.0,0.0,0.0019702911376953
18.0,0.0,0.0,0.0
49.0,0.0,0.0,0.0015585422515869
48.0,0.0,0.0,0.0010101795196533
40.0,0.0,0.0,0.0020115375518798
30.0,0.0,0.0,0.0010116100311279
14.0,0.0,0.0,0.0
76.0,0.0,0.0,0.0018987655639648
36.0,0.0,0.0,0.0010006427764892
35.0,0.0,0.0,0.0013089179992675
12.0,0.0,0.0,0.0
12.0,0.0,0.0,0.0
16.0,0.0,0.0,0.0
50.0,0.0,0.0,0.0010945796966552
11.0,0.0,0.0,0.0
32.0,0.0,0.0,0.0013284683227539
15.0,0.0,0.0,0.0
99.0,0.0,0.0,0.0031166076660156
12.0,0.0,0.0,0.0
20.0,0.0,0.0,0.0
76.0,0.0,0.0,0.0016307830810546
14.0,0.0,0.0,0.0010192394256591
21.0,0.0,0.0,0.0
66.0,0.0,0.0,0.0016756057739257
13.0,0.0,0.0,0.0
117.0,0.0,0.0,0.0030593872070312
19.0,0.0,0.0,0.0
19.0,0.0,0.0,0.0
57.0,0.0,0.0,0.0016119480133056
12.0,0.0,0.0,0.0
42.0,0.0,0.0,0.0014994144439697
11.0,0.0,0.0,0.0010101795196533
15.0,0.0,0.0,0.0
27.0,0.0,0.0,0.0013723373413085
11.0,0.0,0.0,0.0
66.0,0.0,0.0,0.0037322044372558
47.0,0.0,0.0,0.0011744499206542
21.0,0.0,0.0,0.0010008811950683
27.0,0.0,0.0,0.0
31.0,0.0,0.0,0.0010108947753906
16.0,0.0,0.0,0.001014232635498
29.0,0.0,0.0,0.0
50.0,0.0,0.0,0.0020227432250976
39.0,0.0,0.0,0.0
61.0,0.0,0.0,0.0020177364349365
41.0,0.0,0.0,0.0010027885437011
64.0,0.0,0.0,0.0019998550415039
20.0,0.0,0.0,0.0010032653808593
32.0,0.0,0.0,0.0010149478912353
21.0,0.0,0.0,0.0010020732879638
14.0,0.0,0.0,0.0
12.0,0.0,0.0,0.0
67.0,0.0,0.0,0.0018837451934814
23.0,0.0,0.0,0.0015280246734619
16.0,0.0,0.0,0.0
61.0,0.0,0.0,0.0019776821136474
15.0,0.0,0.0,0.0
13.0,0.0,0.0,0.0
39.0,0.0,0.0,0.002277135848999
18.0,0.0,0.0,0.0
36.0,0.0,0.0,0.001002550125122
18.0,0.0,0.0,0.0
30.0,0.0,0.0,0.0010080337524414
78.0,1.0,1.0,0.0015804767608642
21.0,0.0,0.0,0.0
19.0,0.0,0.0,0.0
58.0,0.0,0.0,0.0018656253814697
46.0,0.0,0.0,0.0012910366058349
20.0,0.0,0.0,0.0010135173797607
34.0,0.0,0.0,0.0013644695281982
11.0,0.0,0.0,0.0
11.0,0.0,0.0,0.0
64.0,1.0,1.0,0.0018520355224609
21.0,0.0,0.0,0.0
53.0,0.0,0.0,0.0023291110992431
16.0,0.0,0.0,0.0
12.0,0.0,0.0,0.0010180473327636
23.0,0.0,0.0,0.0
12.0,0.0,0.0,0.0
13.0,0.0,0.0,0.0
22.0,0.0,0.0,0.0
68.0,3.0,3.0,0.001011848449707
24.0,0.0,0.0,0.0
33.0,0.0,0.0,0.0009994506835937
19.0,0.0,0.0,0.0009996891021728
14.0,0.0,0.0,0.0
47.0,0.0,0.0,0.0020973682403564
12.0,0.0,0.0,0.0010113716125488
30.0,0.0,0.0,0.0012216567993164
17.0,0.0,0.0,0.0010132789611816
39.0,0.0,0.0,0.0020513534545898
18.0,0.0,0.0,0.0
18.0,0.0,0.0,0.0010013580322265
17.0,0.0,0.0,0.0
47.0,0.0,0.0,0.0013806819915771
50.0,0.0,0.0,0.0020079612731933
52.0,0.0,0.0,0.0020070075988769
37.0,0.0,0.0,0.0010099411010742
20.0,0.0,0.0,0.0014615058898925
13.0,0.0,0.0,0.0
21.0,0.0,0.0,0.0
43.0,0.0,0.0,0.0014843940734863
29.0,0.0,0.0,0.0010089874267578
92.0,0.0,0.0,0.0018303394317626
16.0,0.0,0.0,0.0
43.0,0.0,0.0,0.0014891624450683
75.0,0.0,0.0,0.0018460750579833
19.0,0.0,0.0,0.0
133.0,0.0,0.0,0.0035290718078613
64.0,1.0,1.0,0.0019233226776123
28.0,0.0,0.0,0.0
14.0,0.0,0.0,0.0
60.0,0.0,0.0,0.0018370151519775
11.0,0.0,0.0,0.0
18.0,0.0,0.0,0.0
68.0,0.0,0.0,0.0019090175628662
24.0,0.0,0.0,0.0
19.0,0.0,0.0,0.0010137557983398
38.0,0.0,0.0,0.0013387203216552
45.0,0.0,0.0,0.0014669895172119
12.0,0.0,0.0,0.0010137557983398
22.0,0.0,0.0,0.0
22.0,0.0,0.0,0.0
21.0,0.0,0.0,0.0
31.0,0.0,0.0,0.0
37.0,0.0,0.0,0.0013914108276367
54.0,0.0,0.0,0.0020928382873535
28.0,0.0,0.0,0.0
11.0,0.0,0.0,0.0011641979217529
126.0,2.0,2.0,0.0025880336761474
11.0,0.0,0.0,0.0010068416595458
74.0,0.0,0.0,0.0013351440429687
54.0,0.0,0.0,0.0018494129180908
19.0,0.0,0.0,0.0
20.0,0.0,0.0,0.0
11.0,0.0,0.0,0.0
18.0,0.0,0.0,0.0
17.0,0.0,0.0,0.0010139942169189
31.0,0.0,0.0,0.0
19.0,0.0,0.0,0.0
21.0,0.0,0.0,0.0
13.0,0.0,0.0,0.0
13.0,0.0,0.0,0.0
69.0,0.0,0.0,0.0037763118743896
11.0,0.0,0.0,0.0009944438934326
16.0,0.0,0.0,0.0010170936584472
33.0,0.0,0.0,0.0011944770812988
13.0,0.0,0.0,0.0010080337524414
20.0,0.0,0.0,0.0010097026824951
19.0,0.0,0.0,0.0
68.0,0.0,0.0,0.002671480178833
31.0,0.0,0.0,0.0011076927185058
35.0,0.0,0.0,0.0009989738464355
29.0,0.0,0.0,0.0009992122650146
30.0,0.0,0.0,0.0
19.0,0.0,0.0,0.0011532306671142
45.0,0.0,0.0,0.001157522201538
64.0,0.0,0.0,0.0021157264709472
61.0,0.0,0.0,0.0020463466644287
72.0,0.0,0.0,0.0020539760589599
30.0,0.0,0.0,0.0010008811950683
11.0,0.0,0.0,0.0
18.0,0.0,0.0,0.0014524459838867
11.0,0.0,0.0,0.001002550125122
16.0,0.0,0.0,0.0
64.0,0.0,0.0,0.0020449161529541
45.0,0.0,0.0,0.0020129680633544
11.0,0.0,0.0,0.0
28.0,0.0,0.0,0.0
57.0,0.0,0.0,0.0015478134155273
17.0,0.0,0.0,0.0005412101745605
89.0,0.0,0.0,0.0026113986968994
59.0,0.0,0.0,0.0017764568328857
11.0,0.0,0.0,0.0
29.0,0.0,0.0,0.0010762214660644
21.0,0.0,0.0,0.0005512237548828
31.0,0.0,0.0,0.0005373954772949
33.0,0.0,0.0,0.0010616779327392
22.0,0.0,0.0,0.0010035037994384
11.0,0.0,0.0,0.0005373954772949
11.0,0.0,0.0,0.0005381107330322
48.0,0.0,0.0,0.0016179084777832
15.0,0.0,0.0,0.0005080699920654
12.0,0.0,0.0,0.0005304813385009
12.0,0.0,0.0,0.0005099773406982
12.0,0.0,0.0,0.0005180835723876
11.0,0.0,0.0,0.0005195140838623
32.0,0.0,0.0,0.0015759468078613
76.0,0.0,0.0,0.0031414031982421
32.0,0.0,0.0,0.0009994506835937
18.0,0.0,0.0,0.0
22.0,0.0,0.0,0.0005183219909667
40.0,0.0,0.0,0.0010545253753662
16.0,0.0,0.0,0.0005261898040771
47.0,0.0,0.0,0.0011730194091796
34.0,0.0,0.0,0.0010597705841064
24.0,0.0,0.0,0.0005357265472412
23.0,0.0,0.0,0.0005609989166259
63.0,0.0,0.0,0.0021166801452636
23.0,0.0,0.0,0.0010843276977539
11.0,0.0,0.0,0.0005323886871337
14.0,0.0,0.0,0.0005552768707275
23.0,0.0,0.0,0.0010678768157958
94.0,0.0,0.0,0.0028085708618164
22.0,0.0,0.0,0.0005481243133544
11.0,0.0,0.0,0.0005261898040771
49.0,1.0,1.0,0.0015549659729003
23.0,0.0,0.0,0.000523567199707
27.0,0.0,0.0,0.0006415843963623
17.0,0.0,0.0,0.0005452632904052
39.0,0.0,0.0,0.001033067703247
67.0,0.0,0.0,0.00211763381958
34.0,0.0,0.0,0.001030683517456
25.0,0.0,0.0,0.0005159378051757
12.0,0.0,0.0,0.0
13.0,0.0,0.0,0.0005304813385009
31.0,0.0,0.0,0.0011241436004638
49.0,0.0,0.0,0.0015342235565185
31.0,0.0,0.0,0.0010104179382324
19.0,0.0,0.0,0.0010693073272705
71.0,0.0,0.0,0.0012805461883544
17.0,0.0,0.0,0.0010139942169189
22.0,0.0,0.0,0.0
58.0,1.0,1.0,0.0015158653259277
13.0,0.0,0.0,0.0010027885437011
16.0,0.0,0.0,0.0
40.0,1.0,1.0,0.0015854835510253
11.0,0.0,0.0,0.0
104.0,0.0,0.0,0.0024924278259277
26.0,0.0,0.0,0.0010087490081787
45.0,0.0,0.0,0.0010132789611816
34.0,0.0,0.0,0.0010211467742919
44.0,0.0,0.0,0.0020129680633544
79.0,0.0,0.0,0.0022275447845458
86.0,0.0,0.0,0.0025444030761718
11.0,0.0,0.0,0.0
56.0,1.0,1.0,0.0019690990447998
29.0,0.0,0.0,0.0
11.0,0.0,0.0,0.0005075931549072
25.0,1.0,1.0,0.0
17.0,0.0,0.0,0.0
12.0,0.0,0.0,0.0009989738464355
12.0,0.0,0.0,0.0
21.0,0.0,0.0,0.0009994506835937
14.0,0.0,0.0,0.0
27.0,0.0,0.0,0.0011217594146728
49.0,0.0,0.0,0.0010216236114501
89.0,0.0,0.0,0.0035793781280517
20.0,0.0,0.0,0.0010097026824951
42.0,0.0,0.0,0.0021693706512451
26.0,0.0,0.0,0.0
14.0,0.0,0.0,0.0
21.0,0.0,0.0,0.0
50.0,0.0,0.0,0.0016839504241943
14.0,0.0,0.0,0.0021202564239501
168.0,1.0,1.0,0.0062131881713867
116.0,0.0,0.0,0.0026459693908691
33.0,1.0,1.0,0.0010039806365966
22.0,0.0,0.0,0.0
28.0,0.0,0.0,9.894371032714844e-05
35.0,0.0,0.0,0.0010130405426025
81.0,0.0,0.0,0.0019977092742919
15.0,0.0,0.0,0.0010011196136474
45.0,0.0,0.0,0.0009984970092773
55.0,0.0,0.0,0.0015292167663574
12.0,0.0,0.0,0.0010020732879638
12.0,0.0,0.0,0.0
73.0,0.0,0.0,0.001997947692871
52.0,1.0,1.0,0.0021500587463378
39.0,0.0,0.0,0.0010130405426025
84.0,1.0,1.0,0.0029988288879394
17.0,0.0,0.0,0.0
53.0,0.0,0.0,0.0021297931671142
35.0,0.0,0.0,0.0010130405426025
20.0,0.0,0.0,0.0010113716125488
48.0,0.0,0.0,0.0009987354278564
68.0,0.0,0.0,0.0019986629486083
21.0,0.0,0.0,0.0010180473327636
16.0,0.0,0.0,0.0
62.0,0.0,0.0,0.0025742053985595
39.0,0.0,0.0,0.0020301342010498
17.0,0.0,0.0,9.703636169433594e-05
31.0,0.0,0.0,0.0013937950134277
11.0,0.0,0.0,0.0010154247283935
24.0,0.0,0.0,0.0
31.0,0.0,0.0,0.0010099411010742
20.0,0.0,0.0,0.0
49.0,0.0,0.0,0.0015249252319335
27.0,0.0,0.0,0.0009965896606445
19.0,0.0,0.0,0.0010037422180175
66.0,0.0,0.0,0.0016911029815673
66.0,0.0,0.0,0.0020055770874023
70.0,0.0,0.0,0.0032300949096679
63.0,0.0,0.0,0.0021154880523681
38.0,0.0,0.0,0.0024099349975585
85.0,0.0,0.0,0.0033121109008789
83.0,0.0,0.0,0.0045328140258789
12.0,0.0,0.0,0.0010895729064941
36.0,0.0,0.0,0.0
33.0,0.0,0.0,0.0011029243469238
13.0,0.0,0.0,0.0
41.0,0.0,0.0,0.001380443572998
13.0,0.0,0.0,0.0
59.0,0.0,0.0,0.0027341842651367
84.0,0.0,0.0,0.0024559497833251
18.0,0.0,0.0,0.0
12.0,0.0,0.0,0.0009987354278564
13.0,0.0,0.0,0.0
23.0,0.0,0.0,0.0
19.0,0.0,0.0,0.001011848449707
26.0,0.0,0.0,0.0010128021240234
95.0,0.0,0.0,0.0041658878326416
15.0,0.0,0.0,0.0010302066802978
69.0,0.0,0.0,0.0020365715026855
28.0,0.0,0.0,0.0005102157592773
33.0,0.0,0.0,0.0009932518005371
33.0,0.0,0.0,0.0010023117065429
35.0,0.0,0.0,0.0009996891021728
47.0,0.0,0.0,0.0020098686218261
40.0,0.0,0.0,0.0010123252868652
71.0,0.0,0.0,0.0034005641937255
68.0,0.0,0.0,0.0019972324371337
17.0,0.0,0.0,0.0009992122650146
71.0,0.0,0.0,0.0021519660949707
39.0,0.0,0.0,0.0019993782043457
145.0,0.0,0.0,0.0033464431762695
17.0,0.0,0.0,0.0009968280792236
27.0,0.0,0.0,0.0009984970092773
27.0,0.0,0.0,0.0009984970092773
27.0,0.0,0.0,0.0009982585906982
13.0,0.0,0.0,0.0
30.0,0.0,0.0,0.0
14.0,0.0,0.0,0.0
23.0,0.0,0.0,0.0005145072937011
18.0,0.0,0.0,0.0009994506835937
21.0,0.0,0.0,0.0
12.0,0.0,0.0,0.0009989738464355
24.0,0.0,0.0,0.0
11.0,1.0,1.0,0.0
12.0,0.0,0.0,0.0005111694335937
12.0,0.0,0.0,0.0
44.0,0.0,0.0,0.0009982585906982
11.0,0.0,0.0,0.0009989738464355
61.0,0.0,0.0,0.0011794567108154
11.0,0.0,0.0,0.0010101795196533
65.0,0.0,0.0,0.0019967555999755
27.0,0.0,0.0,0.0010018348693847
45.0,0.0,0.0,0.001511812210083
20.0,0.0,0.0,0.0
12.0,0.0,0.0,0.0
50.0,0.0,0.0,0.0013854503631591
14.0,0.0,0.0,0.0
45.0,0.0,0.0,0.0016219615936279
36.0,0.0,0.0,0.0
24.0,0.0,0.0,0.0010180473327636
11.0,0.0,0.0,0.0
11.0,0.0,0.0,0.0010015964508056
51.0,0.0,0.0,0.00152587890625
12.0,0.0,0.0,0.0
124.0,0.0,0.0,0.0028223991394042
11.0,0.0,0.0,0.0
34.0,0.0,0.0,0.0009987354278564
19.0,0.0,0.0,0.0010209083557128
154.0,0.0,0.0,0.0037593841552734
74.0,0.0,0.0,0.002626895904541
66.0,0.0,0.0,0.0012993812561035
11.0,0.0,0.0,0.0
15.0,0.0,0.0,0.0
24.0,0.0,0.0,0.0
21.0,0.0,0.0,0.0
14.0,0.0,0.0,0.0010206699371337
32.0,0.0,0.0,0.0
14.0,0.0,0.0,0.0
29.0,0.0,0.0,0.0010170936584472
21.0,0.0,0.0,0.0
14.0,0.0,0.0,0.0010192394256591
31.0,0.0,0.0,0.0010135173797607
11.0,0.0,0.0,0.0
28.0,0.0,0.0,0.0
45.0,0.0,0.0,0.0013585090637207
53.0,0.0,0.0,0.002709150314331
83.0,0.0,0.0,0.001955509185791
26.0,0.0,0.0,0.0010035037994384
22.0,0.0,0.0,0.0010037422180175
69.0,0.0,0.0,0.0017142295837402
12.0,0.0,0.0,0.0
14.0,0.0,0.0,0.0009956359863281
47.0,0.0,0.0,0.0010051727294921
29.0,0.0,0.0,0.0010042190551757
18.0,0.0,0.0,0.0010290145874023
15.0,0.0,0.0,0.0
54.0,0.0,0.0,0.0019989013671875
49.0,0.0,0.0,0.0010006427764892
18.0,0.0,0.0,0.0011253356933593
16.0,0.0,0.0,0.0
34.0,0.0,0.0,0.0010104179382324
45.0,0.0,0.0,0.0019986629486083
27.0,0.0,0.0,0.0009996891021728
15.0,0.0,0.0,0.0014472007751464
47.0,0.0,0.0,0.0020570755004882
14.0,0.0,0.0,0.0010011196136474
11.0,0.0,0.0,0.0005111694335937
18.0,0.0,0.0,0.0
34.0,0.0,0.0,0.0014107227325439
63.0,0.0,0.0,0.0012183189392089
52.0,0.0,0.0,0.0024163722991943
12.0,0.0,0.0,0.0010173320770263
76.0,0.0,0.0,0.0010757446289062
34.0,0.0,0.0,0.0
26.0,0.0,0.0,0.0010159015655517
108.0,2.0,2.0,0.0028071403503417
46.0,0.0,0.0,0.0014889240264892
44.0,0.0,0.0,0.001009464263916
59.0,0.0,0.0,0.0020618438720703
14.0,0.0,0.0,0.0
34.0,0.0,0.0,0.0014564990997314
25.0,0.0,0.0,0.0
11.0,0.0,0.0,0.0
50.0,0.0,0.0,0.0018959045410156
13.0,0.0,0.0,0.0001091957092285
22.0,0.0,0.0,0.0
16.0,0.0,0.0,0.0
41.0,0.0,0.0,0.0011837482452392
38.0,0.0,0.0,0.0010101795196533
14.0,0.0,0.0,0.0012860298156738
22.0,0.0,0.0,0.0001263618469238
34.0,0.0,0.0,0.0015113353729248
79.0,0.0,0.0,0.0025107860565185
67.0,0.0,0.0,0.0018467903137207
12.0,0.0,0.0,0.0010106563568115
103.0,0.0,0.0,0.0024974346160888
86.0,0.0,0.0,0.0025498867034912
51.0,0.0,0.0,0.0010137557983398
44.0,0.0,0.0,0.0011155605316162
28.0,0.0,0.0,0.0
14.0,0.0,0.0,0.0009984970092773
44.0,0.0,0.0,0.0015861988067626
75.0,0.0,0.0,0.0015738010406494
23.0,0.0,0.0,0.0
19.0,0.0,0.0,0.0
17.0,0.0,0.0,0.0
19.0,0.0,0.0,0.0
66.0,0.0,0.0,0.0015208721160888
16.0,0.0,0.0,0.0
13.0,0.0,0.0,0.0
29.0,0.0,0.0,0.0
12.0,0.0,0.0,0.0
34.0,0.0,0.0,0.0013840198516845
13.0,0.0,0.0,0.0
42.0,0.0,0.0,0.0013833045959472
53.0,0.0,0.0,0.0020077228546142
89.0,0.0,0.0,0.0040779113769531
21.0,0.0,0.0,0.0
30.0,0.0,0.0,0.0010159015655517
112.0,0.0,0.0,0.0045862197875976
56.0,0.0,0.0,0.0025289058685302
32.0,0.0,0.0,0.0012319087982177
34.0,0.0,0.0,0.000995397567749
50.0,0.0,0.0,0.0021033287048339
30.0,0.0,0.0,0.0
84.0,1.0,1.0,0.0030188560485839
72.0,0.0,0.0,0.0019974708557128
18.0,0.0,0.0,0.0
35.0,0.0,0.0,0.0010147094726562
12.0,0.0,0.0,0.0
23.0,0.0,0.0,0.0
19.0,0.0,0.0,0.0011048316955566
103.0,0.0,0.0,0.0030887126922607
72.0,0.0,0.0,0.0020074844360351
49.0,0.0,0.0,0.0009996891021728
12.0,0.0,0.0,0.0
89.0,0.0,0.0,0.0026309490203857
39.0,0.0,0.0,0.0020031929016113
16.0,0.0,0.0,0.0
64.0,0.0,0.0,0.002148151397705
50.0,0.0,0.0,0.0014271736145019
23.0,0.0,0.0,0.0005080699920654
83.0,0.0,0.0,0.0017104148864746
59.0,0.0,0.0,0.0020046234130859
27.0,0.0,0.0,0.0010156631469726
21.0,0.0,0.0,0.0010137557983398
37.0,0.0,0.0,0.0009984970092773
31.0,0.0,0.0,0.0011153221130371
42.0,0.0,0.0,0.0021545886993408
15.0,0.0,0.0,0.0
101.0,1.0,1.0,0.0050270557403564
49.0,0.0,0.0,0.0031056404113769
97.0,0.0,0.0,0.0033235549926757
58.0,0.0,0.0,0.0020179748535156
53.0,0.0,0.0,0.0010044574737548
35.0,0.0,0.0,0.001047134399414
57.0,0.0,0.0,0.0014910697937011
113.0,0.0,0.0,0.0031545162200927
70.0,0.0,0.0,0.0029966831207275
57.0,0.0,0.0,0.0031630992889404
19.0,0.0,0.0,0.0012080669403076
15.0,0.0,0.0,0.0010128021240234
18.0,0.0,0.0,0.0
28.0,0.0,0.0,0.0011072158813476
24.0,0.0,0.0,0.0010042190551757
33.0,0.0,0.0,0.0010135173797607
14.0,0.0,0.0,0.0
26.0,0.0,0.0,0.0009982585906982
37.0,1.0,1.0,0.0010821819305419
39.0,0.0,0.0,0.0020370483398437
53.0,0.0,0.0,0.0011508464813232
47.0,0.0,0.0,0.0018811225891113
26.0,0.0,0.0,0.0
62.0,0.0,0.0,0.0018000602722167
141.0,0.0,0.0,0.0038685798645019
23.0,0.0,0.0,0.0010023117065429
23.0,0.0,0.0,0.0
32.0,0.0,0.0,0.0005066394805908
13.0,0.0,0.0,0.0
43.0,0.0,0.0,0.0019989013671875
66.0,0.0,0.0,0.002608299255371
38.0,0.0,0.0,0.0
13.0,0.0,0.0,0.0
17.0,0.0,0.0,0.0
11.0,0.0,0.0,0.0
50.0,1.0,1.0,0.0018939971923828
28.0,0.0,0.0,0.0
21.0,0.0,0.0,0.0
21.0,0.0,0.0,0.0010204315185546
12.0,0.0,0.0,0.001009464263916
12.0,0.0,0.0,0.0
19.0,0.0,0.0,0.0010008811950683
21.0,0.0,0.0,0.0
68.0,0.0,0.0,0.001997947692871
90.0,0.0,0.0,0.0030107498168945
26.0,0.0,0.0,0.0012271404266357
13.0,0.0,0.0,0.000140905380249
16.0,0.0,0.0,0.0
58.0,0.0,0.0,0.0014843940734863
66.0,0.0,0.0,0.0025203227996826
30.0,0.0,0.0,0.0011234283447265
98.0,0.0,0.0,0.0027763843536376
13.0,0.0,0.0,0.0
39.0,0.0,0.0,0.0014598369598388
28.0,0.0,0.0,0.0010128021240234
44.0,0.0,0.0,0.0010173320770263
16.0,0.0,0.0,0.0010125637054443
49.0,0.0,0.0,0.0012495517730712
45.0,0.0,0.0,0.0010011196136474
13.0,1.0,1.0,0.0010366439819335
13.0,0.0,0.0,0.0
52.0,0.0,0.0,0.0020027160644531
27.0,0.0,0.0,0.0
31.0,0.0,0.0,0.0
52.0,0.0,0.0,0.0014212131500244
43.0,0.0,0.0,0.0010943412780761
21.0,0.0,0.0,0.0010106563568115
22.0,0.0,0.0,0.0
12.0,0.0,0.0,0.0
117.0,0.0,0.0,0.0029757022857666016
25.0,0.0,0.0,0.0
63.0,0.0,0.0,0.0017910003662109375
18.0,0.0,0.0,0.0011165142059326172
39.0,0.0,0.0,0.0009989738464355469
63.0,1.0,1.0,0.0011746883392333984
39.0,0.0,0.0,0.0010001659393310547
26.0,0.0,0.0,0.0010004043579101562
19.0,0.0,0.0,0.0009984970092773438
27.0,0.0,0.0,0.0005114078521728516
12.0,0.0,0.0,0.0010476112365722656
11.0,0.0,0.0,0.0
14.0,0.0,0.0,0.0
116.0,0.0,0.0,0.005232334136962891
56.0,0.0,0.0,0.0011205673217773438
22.0,0.0,0.0,0.0011539459228515625
38.0,0.0,0.0,0.0005104541778564453
36.0,0.0,0.0,0.0015549659729003906
18.0,0.0,0.0,0.0011363029479980469
32.0,0.0,0.0,0.0014753341674804688
68.0,0.0,0.0,0.001997709274291992
76.0,0.0,0.0,0.003415822982788086
27.0,0.0,0.0,0.0014333724975585938
11.0,0.0,0.0,0.0
32.0,0.0,0.0,0.0
27.0,0.0,0.0,0.00109100341796875
39.0,0.0,0.0,0.0010967254638671875
34.0,1.0,1.0,0.001355886459350586
35.0,0.0,0.0,0.0
22.0,0.0,0.0,0.0011169910430908203
67.0,0.0,0.0,0.0013155937194824219
12.0,0.0,0.0,0.001007080078125
80.0,0.0,0.0,0.002359151840209961
33.0,0.0,0.0,0.0010068416595458984
49.0,0.0,0.0,0.002027273178100586
16.0,0.0,0.0,0.0010542869567871094
12.0,0.0,0.0,0.0
23.0,0.0,0.0,0.0
41.0,0.0,0.0,0.0011320114135742188
20.0,0.0,0.0,0.0010120868682861328
46.0,0.0,0.0,0.0013060569763183594
31.0,0.0,0.0,0.0010080337524414062
63.0,0.0,0.0,0.0017175674438476562
14.0,0.0,0.0,0.0
42.0,0.0,0.0,0.0019571781158447266
53.0,0.0,0.0,0.0019996166229248047
60.0,0.0,0.0,0.0021209716796875
51.0,0.0,0.0,0.0015120506286621094
31.0,0.0,0.0,0.002000093460083008
37.0,0.0,0.0,0.0009996891021728516
18.0,0.0,0.0,0.0010001659393310547
11.0,0.0,0.0,0.0
42.0,0.0,0.0,0.002007007598876953
35.0,0.0,0.0,0.0009999275207519531
14.0,0.0,0.0,0.0009999275207519531
33.0,0.0,0.0,0.001001119613647461
31.0,0.0,0.0,0.0015213489532470703
61.0,0.0,0.0,0.002000093460083008
13.0,0.0,0.0,0.0
27.0,0.0,0.0,0.0009999275207519531
12.0,0.0,0.0,0.0010182857513427734
24.0,0.0,0.0,0.0010094642639160156
43.0,0.0,0.0,0.0020003318786621094
47.0,0.0,0.0,0.002000093460083008
17.0,0.0,0.0,0.0001049041748046875
74.0,0.0,0.0,0.002042531967163086
18.0,0.0,0.0,0.0009996891021728516
17.0,0.0,0.0,0.0009999275207519531
75.0,0.0,0.0,0.0022170543670654297
58.0,1.0,1.0,0.00258636474609375
61.0,0.0,0.0,0.0019996166229248047
20.0,0.0,0.0,0.0
41.0,0.0,0.0,0.001211404800415039
77.0,0.0,0.0,0.004000186920166016
93.0,0.0,0.0,0.0025985240936279297
23.0,0.0,0.0,0.0011708736419677734
25.0,0.0,0.0,0.0
60.0,0.0,0.0,0.001512289047241211
24.0,0.0,0.0,0.00101470947265625
127.0,0.0,0.0,0.003605365753173828
20.0,0.0,0.0,0.0
56.0,0.0,0.0,0.0012960433959960938
57.0,0.0,0.0,0.002133607864379883
24.0,0.0,0.0,0.0010151863098144531
13.0,0.0,0.0,0.0
30.0,0.0,0.0,0.0
15.0,0.0,0.0,0.0
49.0,0.0,0.0,0.0012388229370117188
16.0,0.0,0.0,0.0
24.0,0.0,0.0,0.0
64.0,0.0,0.0,0.001895904541015625
75.0,1.0,1.0,0.0017802715301513672
45.0,0.0,0.0,0.0012416839599609375
20.0,0.0,0.0,0.001009225845336914
24.0,0.0,0.0,0.0
39.0,0.0,0.0,0.0010008811950683594
49.0,0.0,0.0,0.0014369487762451172
42.0,0.0,0.0,0.0015003681182861328
33.0,0.0,0.0,0.0
43.0,1.0,1.0,0.0014307498931884766
11.0,0.0,0.0,0.0010094642639160156
34.0,0.0,0.0,0.0
11.0,0.0,0.0,0.0010018348693847656
11.0,0.0,0.0,0.0
69.0,0.0,0.0,0.0018839836120605469
53.0,0.0,0.0,0.0019001960754394531
13.0,0.0,0.0,0.0
34.0,0.0,0.0,0.0
25.0,0.0,0.0,0.0
13.0,0.0,0.0,0.0
12.0,0.0,0.0,0.0
13.0,0.0,0.0,0.0
16.0,0.0,0.0,0.0
30.0,0.0,0.0,0.0
54.0,0.0,0.0,0.0020194053649902344
13.0,1.0,1.0,0.0
28.0,0.0,0.0,0.0
41.0,0.0,0.0,0.0010135173797607422
22.0,0.0,0.0,0.0010156631469726562
57.0,0.0,0.0,0.0014100074768066406
13.0,0.0,0.0,0.0010085105895996094
20.0,0.0,0.0,0.0
104.0,0.0,0.0,0.003035306930541992
81.0,1.0,1.0,0.0030295848846435547
25.0,0.0,0.0,0.0009982585906982422
13.0,0.0,0.0,0.0
51.0,0.0,0.0,0.002007007598876953
22.0,0.0,0.0,0.0
13.0,0.0,0.0,0.001013040542602539
63.0,0.0,0.0,0.001092672348022461
67.0,0.0,0.0,0.0011093616485595703
41.0,0.0,0.0,0.001003265380859375
21.0,0.0,0.0,0.001012563705444336
27.0,0.0,0.0,0.0
32.0,0.0,0.0,0.0010113716125488281
12.0,0.0,0.0,0.0010132789611816406
28.0,0.0,0.0,0.0
51.0,0.0,0.0,0.0020127296447753906
38.0,1.0,1.0,0.0011403560638427734
79.0,0.0,0.0,0.002098560333251953
19.0,0.0,0.0,0.0
54.0,0.0,0.0,0.0015609264373779297
24.0,0.0,0.0,0.0011379718780517578
35.0,0.0,0.0,0.0010151863098144531
54.0,0.0,0.0,0.0011243820190429688
19.0,0.0,0.0,0.0
21.0,0.0,0.0,0.0
38.0,0.0,0.0,0.0011239051818847656
16.0,0.0,0.0,0.0010077953338623047
20.0,0.0,0.0,0.0
148.0,0.0,0.0,0.004529237747192383
60.0,0.0,0.0,0.0009999275207519531
78.0,0.0,0.0,0.002162456512451172
21.0,0.0,0.0,0.0
11.0,0.0,0.0,0.0
26.0,0.0,0.0,0.0
50.0,0.0,0.0,0.0012907981872558594
29.0,0.0,0.0,0.0
54.0,0.0,0.0,0.0015189647674560547
12.0,0.0,0.0,0.0010006427764892578
26.0,0.0,0.0,0.0
37.0,0.0,0.0,0.0012524127960205078
45.0,0.0,0.0,0.0010080337524414062
56.0,0.0,0.0,0.002027273178100586
45.0,0.0,0.0,0.0010001659393310547
17.0,0.0,0.0,0.0
31.0,0.0,0.0,0.0
30.0,0.0,0.0,0.0
58.0,0.0,0.0,0.002023935317993164
19.0,0.0,0.0,0.0
31.0,0.0,0.0,0.0009999275207519531
24.0,0.0,0.0,0.0005090236663818359
35.0,0.0,0.0,0.0012362003326416016
40.0,0.0,0.0,0.001003265380859375
11.0,0.0,0.0,0.0
17.0,0.0,0.0,0.0
57.0,0.0,0.0,0.002531766891479492
25.0,0.0,0.0,0.0010151863098144531
13.0,0.0,0.0,0.0
12.0,0.0,0.0,0.0
31.0,0.0,0.0,0.0
11.0,0.0,0.0,0.0010464191436767578
45.0,0.0,0.0,0.0012669563293457031
52.0,0.0,0.0,0.0014064311981201172
41.0,0.0,0.0,0.0014278888702392578
30.0,0.0,0.0,0.0
13.0,0.0,0.0,0.001161336898803711
17.0,0.0,0.0,0.0
106.0,0.0,0.0,0.0025300979614257812
153.0,0.0,0.0,0.005000114440917969
52.0,1.0,1.0,0.0015184879302978516
66.0,0.0,0.0,0.0020003318786621094
138.0,0.0,0.0,0.004419565200805664
83.0,0.0,0.0,0.002630472183227539
29.0,0.0,0.0,0.0
16.0,0.0,0.0,0.0
53.0,0.0,0.0,0.0013120174407958984
18.0,0.0,0.0,0.0009961128234863281
13.0,0.0,0.0,0.0
14.0,0.0,0.0,0.0
59.0,0.0,0.0,0.001955747604370117
11.0,0.0,0.0,0.0
19.0,0.0,0.0,0.0
18.0,0.0,0.0,0.0
37.0,0.0,0.0,0.0013737678527832031
12.0,0.0,0.0,0.0
38.0,0.0,0.0,0.0011188983917236328
53.0,1.0,1.0,0.002006053924560547
42.0,0.0,0.0,0.0
14.0,0.0,0.0,0.0010166168212890625
44.0,0.0,0.0,0.0013628005981445312
26.0,0.0,0.0,0.0010099411010742188
48.0,0.0,0.0,0.0015513896942138672
41.0,0.0,0.0,0.0013301372528076172
21.0,0.0,0.0,0.001009225845336914
63.0,0.0,0.0,0.0013430118560791016
17.0,0.0,0.0,0.0
14.0,0.0,0.0,0.0
30.0,0.0,0.0,0.0
28.0,0.0,0.0,0.0
46.0,0.0,0.0,0.001348257064819336
23.0,0.0,0.0,0.001009225845336914
16.0,0.0,0.0,0.0
90.0,1.0,1.0,0.003021717071533203
12.0,0.0,0.0,0.0
53.0,0.0,0.0,0.0034508705139160156
11.0,0.0,0.0,0.0011413097381591797
67.0,0.0,0.0,0.0017483234405517578
42.0,0.0,0.0,0.0019981861114501953
16.0,0.0,0.0,0.0
19.0,0.0,0.0,0.0010027885437011719
13.0,0.0,0.0,0.0
37.0,0.0,0.0,0.0010135173797607422
35.0,0.0,0.0,0.0010149478912353516
21.0,0.0,0.0,0.0010166168212890625
42.0,0.0,0.0,0.0010519027709960938
54.0,0.0,0.0,0.0020225048065185547
123.0,0.0,0.0,0.0034716129302978516
43.0,0.0,0.0,0.0
63.0,0.0,0.0,0.0014989376068115234
58.0,0.0,0.0,0.0016655921936035156
17.0,0.0,0.0,0.0011165142059326172
45.0,0.0,0.0,0.0009999275207519531
11.0,0.0,0.0,0.0010001659393310547
13.0,0.0,0.0,0.0
19.0,0.0,0.0,0.0
59.0,0.0,0.0,0.0014925003051757812
31.0,0.0,0.0,0.0
12.0,0.0,0.0,0.0
15.0,0.0,0.0,0.0
26.0,0.0,0.0,0.0
30.0,0.0,0.0,0.0010004043579101562
19.0,0.0,0.0,0.0010008811950683594
25.0,0.0,0.0,0.0011031627655029297
54.0,0.0,0.0,0.0013184547424316406
23.0,0.0,0.0,0.0010135173797607422
20.0,0.0,0.0,0.0
16.0,0.0,0.0,0.0011734962463378906
28.0,0.0,0.0,0.0014927387237548828
34.0,0.0,0.0,0.0012009143829345703
29.0,0.0,0.0,0.0014035701751708984
14.0,0.0,0.0,0.0010030269622802734
40.0,0.0,0.0,0.0012431144714355469
30.0,0.0,0.0,0.0009949207305908203
20.0,0.0,0.0,0.001163482666015625
20.0,0.0,0.0,0.0
11.0,0.0,0.0,0.0011696815490722656
40.0,0.0,0.0,0.0009980201721191406
83.0,0.0,0.0,0.0033822059631347656
37.0,0.0,0.0,0.001998424530029297
25.0,0.0,0.0,0.0
46.0,0.0,0.0,0.0010018348693847656
26.0,0.0,0.0,0.00099945068359375
11.0,0.0,0.0,0.0
40.0,0.0,0.0,0.0009984970092773438
25.0,0.0,0.0,0.0
23.0,0.0,0.0,0.0010094642639160156
11.0,0.0,0.0,0.0
21.0,0.0,0.0,0.0010225772857666016
27.0,0.0,0.0,0.0010080337524414062
14.0,0.0,0.0,0.0
36.0,0.0,0.0,0.0014734268188476562
152.0,0.0,0.0,0.006182432174682617
38.0,0.0,0.0,0.0010004043579101562
18.0,0.0,0.0,0.0
14.0,0.0,0.0,0.0009992122650146484
29.0,0.0,0.0,0.0
14.0,0.0,0.0,0.0010190010070800781
19.0,0.0,0.0,0.0
14.0,0.0,0.0,0.0019960403442382812
20.0,0.0,0.0,0.0011286735534667969
74.0,0.0,0.0,0.001455068588256836
51.0,0.0,0.0,0.001809835433959961
46.0,0.0,0.0,0.0011832714080810547
12.0,0.0,0.0,0.001009225845336914
31.0,0.0,0.0,0.0
48.0,0.0,0.0,0.002023458480834961
36.0,0.0,0.0,0.0
25.0,0.0,0.0,0.0
14.0,0.0,0.0,0.0
42.0,0.0,0.0,0.0013344287872314453
14.0,0.0,0.0,0.0010113716125488281
35.0,0.0,0.0,0.0
20.0,0.0,0.0,0.0
12.0,0.0,0.0,0.0
16.0,0.0,0.0,0.0
15.0,0.0,0.0,0.0009992122650146484
99.0,0.0,0.0,0.0027098655700683594
24.0,0.0,0.0,0.0009987354278564453
11.0,0.0,0.0,0.0
55.0,0.0,0.0,0.0019979476928710938
53.0,0.0,0.0,0.001110076904296875
18.0,0.0,0.0,0.0
91.0,0.0,0.0,0.0015742778778076172
12.0,0.0,0.0,0.0
16.0,0.0,0.0,0.0
92.0,0.0,0.0,0.0026292800903320312
26.0,0.0,0.0,0.0010018348693847656
60.0,0.0,0.0,0.0019981861114501953
52.0,1.0,1.0,0.0009989738464355469
14.0,0.0,0.0,0.0010211467742919922
20.0,0.0,0.0,0.0
20.0,0.0,0.0,0.0
32.0,0.0,0.0,0.00099945068359375
13.0,0.0,0.0,0.0009992122650146484
35.0,0.0,0.0,0.0010180473327636719
48.0,0.0,0.0,0.001013040542602539
43.0,0.0,0.0,0.0014538764953613281
59.0,0.0,0.0,0.002011537551879883
53.0,0.0,0.0,0.001142740249633789
31.0,0.0,0.0,0.0012774467468261719
21.0,0.0,0.0,0.0009996891021728516
31.0,0.0,0.0,0.0012471675872802734
39.0,0.0,0.0,0.0010001659393310547
15.0,0.0,0.0,0.0
28.0,0.0,0.0,0.0010080337524414062
30.0,0.0,0.0,0.0013568401336669922
83.0,0.0,0.0,0.0025281906127929688
19.0,0.0,0.0,0.0
77.0,0.0,0.0,0.002012968063354492
22.0,0.0,0.0,0.001004934310913086
29.0,0.0,0.0,0.0
51.0,0.0,0.0,0.0020189285278320312
15.0,0.0,0.0,0.0
49.0,0.0,0.0,0.0013897418975830078
32.0,0.0,0.0,0.0
40.0,0.0,0.0,0.0013799667358398438
26.0,0.0,0.0,0.0
83.0,0.0,0.0,0.002518177032470703
25.0,0.0,0.0,0.0
54.0,0.0,0.0,0.0015058517456054688
31.0,0.0,0.0,0.0
20.0,0.0,0.0,0.0
77.0,0.0,0.0,0.001722574234008789
31.0,0.0,0.0,0.0010023117065429688
77.0,0.0,0.0,0.0020177364349365234
27.0,0.0,0.0,0.0010023117065429688
44.0,0.0,0.0,0.0014166831970214844
21.0,0.0,0.0,0.00101470947265625
25.0,0.0,0.0,0.0
73.0,0.0,0.0,0.0020294189453125
11.0,0.0,0.0,0.0010004043579101562
26.0,0.0,0.0,0.001001119613647461
29.0,0.0,0.0,0.001001119613647461
15.0,0.0,0.0,0.0
55.0,0.0,0.0,0.001962900161743164
92.0,0.0,0.0,0.0018439292907714844
15.0,0.0,0.0,0.0010006427764892578
33.0,0.0,0.0,0.0
18.0,0.0,0.0,0.0010116100311279297
18.0,0.0,0.0,0.0
66.0,0.0,0.0,0.001859426498413086
23.0,0.0,0.0,0.0
16.0,0.0,0.0,0.0
49.0,0.0,0.0,0.0013158321380615234
27.0,0.0,0.0,0.0
59.0,1.0,1.0,0.0018177032470703125
32.0,0.0,0.0,0.0
38.0,0.0,0.0,0.0010094642639160156
55.0,0.0,0.0,0.0019991397857666016
15.0,0.0,0.0,0.0
82.0,1.0,1.0,0.0018630027770996094
15.0,0.0,0.0,0.001003265380859375
35.0,0.0,0.0,0.0013608932495117188
29.0,0.0,0.0,0.0019617080688476562
47.0,0.0,0.0,0.0015192031860351562
60.0,0.0,0.0,0.001226186752319336
13.0,0.0,0.0,0.001253366470336914
57.0,0.0,0.0,0.001493692398071289
27.0,0.0,0.0,0.0
30.0,0.0,0.0,0.0010089874267578125
46.0,0.0,0.0,0.001100301742553711
11.0,0.0,0.0,0.0010077953338623047
31.0,0.0,0.0,0.0011060237884521484
11.0,0.0,0.0,0.0010018348693847656
17.0,0.0,0.0,0.0005118846893310547
12.0,0.0,0.0,0.0
16.0,0.0,0.0,0.0
46.0,0.0,0.0,0.001013040542602539
53.0,0.0,0.0,0.002012968063354492
17.0,0.0,0.0,0.0
32.0,0.0,0.0,0.0010879039764404297
27.0,0.0,0.0,0.0010178089141845703
21.0,0.0,0.0,0.0
28.0,0.0,0.0,0.0
17.0,0.0,0.0,0.0
25.0,0.0,0.0,0.0
32.0,0.0,0.0,0.001010894775390625
40.0,0.0,0.0,0.002007007598876953
32.0,0.0,0.0,0.001009225845336914
14.0,0.0,0.0,0.0
23.0,0.0,0.0,0.0
23.0,0.0,0.0,0.0
24.0,0.0,0.0,0.0
12.0,0.0,0.0,0.0
33.0,0.0,0.0,0.0014128684997558594
13.0,0.0,0.0,0.0
12.0,0.0,0.0,0.0
25.0,0.0,0.0,0.0
15.0,0.0,0.0,0.001013040542602539
19.0,0.0,0.0,0.0
15.0,0.0,0.0,0.0
16.0,0.0,0.0,0.0
30.0,0.0,0.0,0.0009996891021728516
13.0,0.0,0.0,0.0009996891021728516
11.0,0.0,0.0,0.0
35.0,0.0,0.0,0.0010073184967041016
49.0,0.0,0.0,0.0020003318786621094
13.0,0.0,0.0,0.0009999275207519531
95.0,0.0,0.0,0.00363922119140625
20.0,0.0,0.0,0.0009999275207519531
43.0,0.0,0.0,0.0009999275207519531
91.0,0.0,0.0,0.0036232471466064453
35.0,0.0,0.0,0.0010068416595458984
14.0,0.0,0.0,0.0010004043579101562
22.0,0.0,0.0,0.0
39.0,0.0,0.0,0.0009996891021728516
34.0,0.0,0.0,0.0010335445404052734
45.0,0.0,0.0,0.0029997825622558594
32.0,0.0,0.0,0.003971099853515625
41.0,0.0,0.0,0.0020325183868408203
21.0,0.0,0.0,0.0019998550415039062
17.0,0.0,0.0,0.0009996891021728516
27.0,0.0,0.0,0.0008385181427001953
42.0,0.0,0.0,0.0015311241149902344
11.0,0.0,0.0,0.0
49.0,0.0,0.0,0.0014543533325195312
22.0,0.0,0.0,0.0010139942169189453
65.0,1.0,1.0,0.0018820762634277344
20.0,0.0,0.0,0.0
22.0,0.0,0.0,0.0009989738464355469
51.0,0.0,0.0,0.0014255046844482422
25.0,0.0,0.0,0.0010144710540771484
40.0,0.0,0.0,0.001142740249633789
67.0,0.0,0.0,0.0020172595977783203
59.0,0.0,0.0,0.0020012855529785156
36.0,0.0,0.0,0.0010025501251220703
30.0,0.0,0.0,0.0
11.0,0.0,0.0,0.0
33.0,0.0,0.0,0.0
35.0,0.0,0.0,0.0014801025390625
77.0,0.0,0.0,0.0025136470794677734
18.0,0.0,0.0,0.0
30.0,0.0,0.0,0.0
22.0,0.0,0.0,0.0
16.0,0.0,0.0,0.0
77.0,0.0,0.0,0.0019230842590332031
26.0,0.0,0.0,0.0011043548583984375
94.0,0.0,0.0,0.0018558502197265625
21.0,0.0,0.0,0.0010111331939697266
29.0,0.0,0.0,0.0
18.0,0.0,0.0,0.0
26.0,0.0,0.0,0.0
14.0,0.0,0.0,0.0010144710540771484
14.0,0.0,0.0,0.0
30.0,0.0,0.0,0.0
11.0,0.0,0.0,0.0
16.0,0.0,0.0,0.0
45.0,1.0,1.0,0.0015332698822021484
21.0,0.0,0.0,0.0005085468292236328
50.0,0.0,0.0,0.0019989013671875
20.0,0.0,0.0,0.0
113.0,0.0,0.0,0.0036194324493408203
26.0,0.0,0.0,0.0
28.0,0.0,0.0,0.0
12.0,0.0,0.0,0.0010116100311279297
23.0,1.0,1.0,0.0009996891021728516
14.0,0.0,0.0,0.0
107.0,0.0,0.0,0.002523660659790039
11.0,0.0,0.0,0.0
24.0,0.0,0.0,0.0015201568603515625
60.0,0.0,0.0,0.002713441848754883
99.0,0.0,0.0,0.004008054733276367
32.0,0.0,0.0,0.0009999275207519531
43.0,0.0,0.0,0.001149892807006836
11.0,0.0,0.0,0.0
12.0,0.0,0.0,0.0
60.0,0.0,0.0,0.001903533935546875
18.0,0.0,0.0,0.0
50.0,0.0,0.0,0.0015892982482910156
17.0,0.0,0.0,0.0010113716125488281
19.0,0.0,0.0,0.0
19.0,0.0,0.0,0.0009937286376953125
37.0,0.0,0.0,0.0
39.0,0.0,0.0,0.0010306835174560547
20.0,0.0,0.0,0.0010113716125488281
22.0,0.0,0.0,0.001863718032836914
29.0,0.0,0.0,0.0009987354278564453
25.0,0.0,0.0,0.0009984970092773438
27.0,0.0,0.0,0.0
30.0,0.0,0.0,0.0011439323425292969
19.0,0.0,0.0,0.0
19.0,0.0,0.0,0.0
42.0,0.0,0.0,0.0009999275207519531
90.0,0.0,0.0,0.0035126209259033203
30.0,0.0,0.0,0.0019991397857666016
35.0,0.0,0.0,0.002415180206298828
17.0,1.0,1.0,0.0
32.0,0.0,0.0,0.0010104179382324219
33.0,0.0,0.0,0.001001596450805664
17.0,0.0,0.0,0.0010008811950683594
61.0,0.0,0.0,0.0022437572479248047
108.0,0.0,0.0,0.003633737564086914
51.0,0.0,0.0,0.0015091896057128906
34.0,0.0,0.0,0.0010879039764404297
29.0,0.0,0.0,0.0
45.0,0.0,0.0,0.002084970474243164
14.0,0.0,0.0,0.0
28.0,0.0,0.0,0.0
16.0,0.0,0.0,0.0010383129119873047
49.0,0.0,0.0,0.0013256072998046875
15.0,1.0,1.0,0.0
93.0,0.0,0.0,0.002519369125366211
13.0,0.0,0.0,0.0
35.0,0.0,0.0,0.0011417865753173828
52.0,0.0,0.0,0.0012197494506835938
12.0,0.0,0.0,0.0010139942169189453
26.0,0.0,0.0,0.0
29.0,0.0,0.0,0.0
68.0,0.0,0.0,0.0016193389892578125
13.0,0.0,0.0,0.0
55.0,0.0,0.0,0.0013709068298339844
23.0,0.0,0.0,0.0021371841430664062
12.0,0.0,0.0,0.0
30.0,0.0,0.0,0.0
78.0,0.0,0.0,0.003098726272583008
15.0,0.0,0.0,0.0010058879852294922
41.0,0.0,0.0,0.001123666763305664
13.0,0.0,0.0,0.0010104179382324219
11.0,0.0,0.0,0.0
100.0,1.0,1.0,0.0023941993713378906
11.0,0.0,0.0,0.0010020732879638672
27.0,0.0,0.0,0.00012111663818359375
88.0,0.0,0.0,0.0025577545166015625
11.0,0.0,0.0,0.0
84.0,0.0,0.0,0.001856088638305664
25.0,0.0,0.0,0.0011000633239746094
21.0,0.0,0.0,0.0
12.0,0.0,0.0,0.0
38.0,0.0,0.0,0.0013737678527832031
13.0,0.0,0.0,0.0010094642639160156
33.0,0.0,0.0,0.0
18.0,0.0,0.0,0.0011038780212402344
71.0,0.0,0.0,0.0019631385803222656
35.0,0.0,0.0,0.0
12.0,0.0,0.0,0.0
13.0,0.0,0.0,0.0
35.0,0.0,0.0,0.0014183521270751953
31.0,0.0,0.0,0.0010159015655517578
40.0,0.0,0.0,0.001123666763305664
76.0,0.0,0.0,0.0025110244750976562
49.0,1.0,1.0,0.0014872550964355469
60.0,0.0,0.0,0.0019745826721191406
41.0,1.0,1.0,0.0
36.0,0.0,0.0,0.001435995101928711
16.0,0.0,0.0,0.0010097026824951172
27.0,0.0,0.0,0.0
63.0,0.0,0.0,0.0020220279693603516
24.0,0.0,0.0,0.0009992122650146484
81.0,0.0,0.0,0.0019996166229248047
21.0,0.0,0.0,0.0010001659393310547
13.0,0.0,0.0,0.0
45.0,0.0,0.0,0.002007007598876953
26.0,0.0,0.0,0.0010004043579101562
28.0,0.0,0.0,0.0
28.0,0.0,0.0,0.0
66.0,0.0,0.0,0.0026416778564453125
17.0,0.0,0.0,0.0
67.0,0.0,0.0,0.0019998550415039062
35.0,0.0,0.0,0.001001119613647461
22.0,0.0,0.0,0.0011990070343017578
46.0,0.0,0.0,0.001512289047241211
11.0,0.0,0.0,0.0
21.0,0.0,0.0,0.0
31.0,0.0,0.0,0.0010001659393310547
45.0,0.0,0.0,0.0025250911712646484
34.0,0.0,0.0,0.0020003318786621094
47.0,0.0,0.0,0.0011153221130371094
12.0,0.0,0.0,0.0
34.0,0.0,0.0,0.001369476318359375
27.0,0.0,0.0,0.0
13.0,0.0,0.0,0.0010027885437011719
14.0,0.0,0.0,0.0
15.0,1.0,1.0,0.0
27.0,1.0,1.0,0.0
12.0,0.0,0.0,0.0010006427764892578
28.0,0.0,0.0,0.0
36.0,0.0,0.0,0.0010118484497070312
28.0,0.0,0.0,0.001010894775390625
40.0,0.0,0.0,0.001435995101928711
16.0,0.0,0.0,0.0010099411010742188
28.0,0.0,0.0,0.0
57.0,0.0,0.0,0.0010085105895996094
12.0,0.0,0.0,0.0011217594146728516
14.0,0.0,0.0,0.0
138.0,0.0,0.0,0.002846240997314453
81.0,0.0,0.0,0.0025987625122070312
21.0,0.0,0.0,0.0
16.0,0.0,0.0,0.0
21.0,0.0,0.0,0.0
59.0,0.0,0.0,0.00121307373046875
21.0,0.0,0.0,0.0010139942169189453
38.0,0.0,0.0,0.0013339519500732422
30.0,0.0,0.0,0.0010089874267578125
52.0,0.0,0.0,0.0014557838439941406
21.0,0.0,0.0,0.00101470947265625
18.0,0.0,0.0,0.0010042190551757812
36.0,0.0,0.0,0.0012764930725097656
78.0,0.0,0.0,0.0015625953674316406
20.0,0.0,0.0,0.0010056495666503906
32.0,0.0,0.0,0.0010178089141845703
23.0,0.0,0.0,0.0010175704956054688
18.0,0.0,0.0,0.0
13.0,0.0,0.0,0.0009989738464355469
14.0,0.0,0.0,0.0
13.0,0.0,0.0,0.0009984970092773438
17.0,0.0,0.0,0.0
13.0,0.0,0.0,0.0
42.0,0.0,0.0,0.0010025501251220703
53.0,0.0,0.0,0.0009984970092773438
38.0,0.0,0.0,0.0010004043579101562
43.0,0.0,0.0,0.0020503997802734375
34.0,0.0,0.0,0.001012563705444336
51.0,0.0,0.0,0.0019979476928710938
14.0,0.0,0.0,0.0
41.0,0.0,0.0,0.0010120868682861328
29.0,0.0,0.0,0.0
91.0,0.0,0.0,0.0021209716796875
36.0,0.0,0.0,0.00099945068359375
54.0,0.0,0.0,0.0011587142944335938
31.0,0.0,0.0,0.0012362003326416016
22.0,0.0,0.0,0.0021691322326660156
49.0,0.0,0.0,0.002411365509033203
79.0,0.0,0.0,0.0020749568939208984
135.0,0.0,0.0,0.0051555633544921875
15.0,0.0,0.0,0.0010018348693847656
64.0,0.0,0.0,0.0030007362365722656
36.0,0.0,0.0,0.0011487007141113281
47.0,0.0,0.0,0.0014064311981201172
60.0,0.0,0.0,0.0020122528076171875
16.0,0.0,0.0,0.0010025501251220703
30.0,0.0,0.0,0.0010936260223388672
31.0,0.0,0.0,0.0015826225280761719
13.0,0.0,0.0,0.0005631446838378906
76.0,0.0,0.0,0.0038938522338867188
76.0,0.0,0.0,0.0028514862060546875
38.0,0.0,0.0,0.002131938934326172
111.0,0.0,0.0,0.0043065547943115234
19.0,0.0,0.0,0.0012059211730957031
51.0,0.0,0.0,0.0015139579772949219
15.0,0.0,0.0,0.0
66.0,0.0,0.0,0.0011174678802490234
13.0,0.0,0.0,0.0011661052703857422
21.0,0.0,0.0,0.0010106563568115234
17.0,0.0,0.0,0.0
24.0,0.0,0.0,0.0010139942169189453
13.0,0.0,0.0,0.0
66.0,0.0,0.0,0.0016126632690429688
24.0,0.0,0.0,0.0015137195587158203
35.0,0.0,0.0,0.0010263919830322266
25.0,0.0,0.0,0.0005185604095458984
19.0,0.0,0.0,0.0010650157928466797
32.0,0.0,0.0,0.0005440711975097656
58.0,0.0,0.0,0.001710653305053711
32.0,0.0,0.0,0.0010352134704589844
13.0,0.0,0.0,0.0005154609680175781
11.0,0.0,0.0,0.0005240440368652344
19.0,0.0,0.0,0.0006139278411865234
49.0,0.0,0.0,0.0021257400512695312
36.0,0.0,0.0,0.0010590553283691406
36.0,0.0,0.0,0.0015668869018554688
56.0,0.0,0.0,0.002335786819458008
20.0,0.0,0.0,0.0005407333374023438
11.0,0.0,0.0,0.0005373954772949219
18.0,0.0,0.0,0.0005218982696533203
13.0,0.0,0.0,0.0005273818969726562
13.0,0.0,0.0,0.0005364418029785156
75.0,0.0,0.0,0.0033617019653320312
13.0,0.0,0.0,0.0006623268127441406
20.0,0.0,0.0,0.00054168701171875
11.0,0.0,0.0,0.0005371570587158203
27.0,0.0,0.0,0.0010628700256347656
38.0,0.0,0.0,0.0011334419250488281
21.0,0.0,0.0,0.002033233642578125
111.0,0.0,0.0,0.002819538116455078
64.0,0.0,0.0,0.0019521713256835938
103.0,0.0,0.0,0.002848386764526367
21.0,0.0,0.0,0.0005104541778564453
25.0,0.0,0.0,0.0010094642639160156
39.0,0.0,0.0,0.0010097026824951172
55.0,0.0,0.0,0.002020597457885742
18.0,0.0,0.0,0.0
79.0,0.0,0.0,0.0019979476928710938
23.0,0.0,0.0,0.0010042190551757812
14.0,0.0,0.0,0.0009844303131103516
17.0,0.0,0.0,0.0
78.0,0.0,0.0,0.002518177032470703
44.0,0.0,0.0,0.0012347698211669922
30.0,0.0,0.0,0.001107931137084961
27.0,0.0,0.0,0.0005059242248535156
55.0,0.0,0.0,0.0012006759643554688
32.0,0.0,0.0,0.001046895980834961
22.0,0.0,0.0,0.0010116100311279297
72.0,0.0,0.0,0.0016417503356933594
54.0,2.0,2.0,0.0018873214721679688
36.0,0.0,0.0,0.0
130.0,0.0,0.0,0.003585338592529297
54.0,0.0,0.0,0.0014197826385498047
47.0,0.0,0.0,0.002025604248046875
15.0,0.0,0.0,0.001009225845336914
15.0,0.0,0.0,0.0
85.0,0.0,0.0,0.0018668174743652344
59.0,0.0,0.0,0.0019986629486083984
22.0,0.0,0.0,0.001005411148071289
23.0,0.0,0.0,0.0
28.0,0.0,0.0,0.0
30.0,0.0,0.0,0.0
80.0,0.0,0.0,0.0018825531005859375
12.0,0.0,0.0,0.0
16.0,0.0,0.0,0.0010814666748046875
11.0,0.0,0.0,0.0010657310485839844
16.0,0.0,0.0,0.0
24.0,0.0,0.0,0.0010063648223876953
81.0,0.0,0.0,0.0018842220306396484
147.0,0.0,0.0,0.004594564437866211
14.0,0.0,0.0,0.0
26.0,0.0,0.0,0.0009975433349609375
29.0,0.0,0.0,0.0
13.0,0.0,0.0,0.0
40.0,0.0,0.0,0.0014591217041015625
45.0,0.0,0.0,0.001458883285522461
12.0,0.0,0.0,0.001010894775390625
28.0,0.0,0.0,0.0012254714965820312
19.0,0.0,0.0,0.001008749008178711
68.0,0.0,0.0,0.0015146732330322266
74.0,1.0,1.0,0.002000093460083008
19.0,0.0,0.0,0.0010061264038085938
16.0,0.0,0.0,0.0
66.0,0.0,0.0,0.003998517990112305
61.0,1.0,1.0,0.0029723644256591797
44.0,0.0,0.0,0.0020258426666259766
21.0,0.0,0.0,0.0
13.0,0.0,0.0,0.0
73.0,1.0,1.0,0.0020143985748291016
11.0,0.0,0.0,0.0
22.0,0.0,0.0,0.0010156631469726562
18.0,0.0,0.0,0.0
43.0,0.0,0.0,0.0010824203491210938
11.0,0.0,0.0,0.0
57.0,1.0,1.0,0.0020360946655273438
85.0,0.0,0.0,0.002307415008544922
24.0,0.0,0.0,0.0
12.0,0.0,0.0,0.0010111331939697266
30.0,0.0,0.0,0.0
92.0,0.0,0.0,0.003007650375366211
12.0,0.0,0.0,0.0010023117065429688
12.0,0.0,0.0,0.0
44.0,0.0,0.0,0.0013020038604736328
21.0,0.0,0.0,0.001008749008178711
15.0,0.0,0.0,0.0
33.0,0.0,0.0,0.0
25.0,1.0,1.0,0.001033782958984375
44.0,0.0,0.0,0.0010237693786621094
28.0,0.0,0.0,0.0010097026824951172
64.0,0.0,0.0,0.002005338668823242
51.0,0.0,0.0,0.0021657943725585938
23.0,0.0,0.0,0.0010099411010742188
46.0,1.0,1.0,0.0015532970428466797
33.0,0.0,0.0,0.0
12.0,0.0,0.0,0.0
24.0,0.0,0.0,0.0010256767272949219
18.0,0.0,0.0,0.0010151863098144531
120.0,0.0,0.0,0.003919124603271484
14.0,0.0,0.0,0.0009999275207519531
30.0,0.0,0.0,0.0
19.0,0.0,0.0,0.0
61.0,0.0,0.0,0.002216339111328125
49.0,0.0,0.0,0.002012014389038086
16.0,0.0,0.0,0.0010128021240234375
24.0,0.0,0.0,0.0005106925964355469
30.0,0.0,0.0,0.0009984970092773438
15.0,0.0,0.0,0.0
86.0,0.0,0.0,0.0019826889038085938
25.0,0.0,0.0,0.0010089874267578125
19.0,0.0,0.0,0.0005056858062744141
13.0,0.0,0.0,0.0
18.0,0.0,0.0,0.0009996891021728516
13.0,0.0,0.0,0.0
12.0,0.0,0.0,0.0
31.0,0.0,0.0,0.0005278587341308594
23.0,0.0,0.0,0.0010035037994384766
11.0,0.0,0.0,0.0
17.0,0.0,0.0,0.0
22.0,0.0,0.0,0.0
35.0,0.0,0.0,0.0
155.0,1.0,1.0,0.004513740539550781
13.0,0.0,0.0,0.0
73.0,0.0,0.0,0.001980304718017578
13.0,0.0,0.0,0.0
12.0,0.0,0.0,0.0009989738464355469
16.0,0.0,0.0,0.0015094280242919922
46.0,0.0,0.0,0.0014765262603759766
11.0,0.0,0.0,0.0
13.0,0.0,0.0,0.0
79.0,0.0,0.0,0.002998828887939453
91.0,0.0,0.0,0.002089977264404297
13.0,0.0,0.0,0.0
24.0,0.0,0.0,0.0
39.0,0.0,0.0,0.001161336898803711
23.0,0.0,0.0,0.0010104179382324219
20.0,0.0,0.0,0.0
27.0,0.0,0.0,0.0010135173797607422
12.0,0.0,0.0,0.0
11.0,0.0,0.0,0.0009984970092773438
14.0,0.0,0.0,0.0
19.0,0.0,0.0,0.0009996891021728516
20.0,0.0,0.0,0.0009987354278564453
17.0,0.0,0.0,0.0
19.0,0.0,0.0,0.0
20.0,0.0,0.0,0.0
30.0,0.0,0.0,0.0
19.0,0.0,0.0,0.0
26.0,0.0,0.0,0.0
12.0,0.0,0.0,0.0
18.0,0.0,0.0,0.0010077953338623047
40.0,0.0,0.0,0.0024750232696533203
91.0,0.0,0.0,0.0031130313873291016
107.0,0.0,0.0,0.0040035247802734375
41.0,0.0,0.0,0.0010716915130615234
31.0,0.0,0.0,0.0010204315185546875
12.0,0.0,0.0,0.0010023117065429688
73.0,0.0,0.0,0.00170135498046875
43.0,0.0,0.0,0.0020546913146972656
39.0,0.0,0.0,0.0012080669403076172
44.0,0.0,0.0,0.0014472007751464844
24.0,0.0,0.0,0.0010018348693847656
68.0,0.0,0.0,0.0015997886657714844
17.0,0.0,0.0,0.0
89.0,0.0,0.0,0.0020117759704589844
23.0,0.0,0.0,0.0009996891021728516
20.0,0.0,0.0,0.0009989738464355469
73.0,0.0,0.0,0.0015637874603271484
36.0,0.0,0.0,0.0014307498931884766
23.0,0.0,0.0,0.0010120868682861328
17.0,0.0,0.0,0.0
148.0,0.0,0.0,0.0037140846252441406
45.0,0.0,0.0,0.002006053924560547
15.0,0.0,0.0,0.0
38.0,0.0,0.0,0.0010004043579101562
32.0,0.0,0.0,0.0
13.0,0.0,0.0,0.0010120868682861328
34.0,0.0,0.0,0.0017871856689453125
17.0,0.0,0.0,0.0010042190551757812
23.0,0.0,0.0,0.0
103.0,0.0,0.0,0.003134489059448242
102.0,0.0,0.0,0.002000570297241211
73.0,0.0,0.0,0.0022869110107421875
42.0,0.0,0.0,0.0010502338409423828
34.0,0.0,0.0,0.0010101795196533203
33.0,0.0,0.0,0.0
20.0,0.0,0.0,0.0
27.0,0.0,0.0,0.0
14.0,0.0,0.0,0.0010139942169189453
46.0,0.0,0.0,0.0030219554901123047
50.0,0.0,0.0,0.0019969940185546875
29.0,0.0,0.0,0.0010058879852294922
11.0,0.0,0.0,0.001003265380859375
22.0,0.0,0.0,0.001043558120727539
35.0,0.0,0.0,0.0
59.0,0.0,0.0,0.0019676685333251953
38.0,0.0,0.0,0.0021734237670898438
25.0,0.0,0.0,0.0013260841369628906
58.0,0.0,0.0,0.0023882389068603516
25.0,0.0,0.0,0.0
12.0,0.0,0.0,0.001020193099975586
47.0,0.0,0.0,0.002083301544189453
18.0,0.0,0.0,0.001001119613647461
39.0,0.0,0.0,0.001007080078125
57.0,0.0,0.0,0.0013036727905273438
13.0,0.0,0.0,0.0
24.0,0.0,0.0,0.0009987354278564453
26.0,0.0,0.0,0.0011708736419677734
54.0,0.0,0.0,0.0013942718505859375
14.0,0.0,0.0,0.0010082721710205078
47.0,0.0,0.0,0.0013279914855957031
38.0,0.0,0.0,0.0010104179382324219
25.0,0.0,0.0,0.0010194778442382812
31.0,0.0,0.0,0.0010116100311279297
15.0,0.0,0.0,0.0010018348693847656
27.0,0.0,0.0,0.0
24.0,0.0,0.0,0.001012563705444336
84.0,0.0,0.0,0.0023572444915771484
28.0,0.0,0.0,0.001013040542602539
13.0,0.0,0.0,0.0
16.0,0.0,0.0,0.0
126.0,0.0,0.0,0.002550363540649414
14.0,0.0,0.0,0.001020669937133789
19.0,0.0,0.0,0.0010135173797607422
24.0,1.0,1.0,0.0
63.0,0.0,0.0,0.001741170883178711
46.0,0.0,0.0,0.0014421939849853516
23.0,0.0,0.0,0.0
12.0,0.0,0.0,0.0
30.0,0.0,0.0,0.0
14.0,0.0,0.0,0.001013040542602539
11.0,0.0,0.0,0.0010020732879638672
26.0,0.0,0.0,0.0
29.0,0.0,0.0,0.0
13.0,0.0,0.0,0.0
32.0,1.0,1.0,0.0
24.0,0.0,0.0,0.0010106563568115234
54.0,0.0,0.0,0.0015976428985595703
11.0,0.0,0.0,0.0
16.0,0.0,0.0,0.0
16.0,0.0,0.0,0.0005066394805908203
14.0,0.0,0.0,0.0
16.0,0.0,0.0,0.0
27.0,0.0,0.0,0.0
39.0,0.0,0.0,0.001514434814453125
22.0,0.0,0.0,0.0
72.0,0.0,0.0,0.0015859603881835938
32.0,0.0,0.0,0.0010061264038085938
47.0,0.0,0.0,0.0010967254638671875
38.0,0.0,0.0,0.0012388229370117188
36.0,0.0,0.0,0.0010101795196533203
71.0,0.0,0.0,0.0031113624572753906
45.0,0.0,0.0,0.0015249252319335938
30.0,0.0,0.0,0.0011360645294189453
27.0,0.0,0.0,0.0013947486877441406
53.0,0.0,0.0,0.0020074844360351562
16.0,0.0,0.0,0.0011029243469238281
81.0,0.0,0.0,0.002165555953979492
22.0,0.0,0.0,0.001010894775390625
55.0,0.0,0.0,0.0010156631469726562
12.0,0.0,0.0,0.0010461807250976562
54.0,0.0,0.0,0.0011529922485351562
39.0,0.0,0.0,0.0010037422180175781
37.0,0.0,0.0,0.0010135173797607422
14.0,0.0,0.0,0.0010123252868652344
23.0,0.0,0.0,0.0
14.0,0.0,0.0,0.0
34.0,0.0,0.0,0.0010104179382324219
20.0,0.0,0.0,0.0
54.0,0.0,0.0,0.001499176025390625
11.0,0.0,0.0,0.0010082721710205078
96.0,0.0,0.0,0.002449512481689453
36.0,0.0,0.0,0.001009225845336914
21.0,0.0,0.0,0.0
30.0,0.0,0.0,0.0
41.0,0.0,0.0,0.001585245132446289
19.0,0.0,0.0,0.0
26.0,0.0,0.0,0.0
34.0,0.0,0.0,0.0
32.0,0.0,0.0,0.0010089874267578125
13.0,0.0,0.0,0.0
19.0,0.0,0.0,0.0006322860717773438
32.0,0.0,0.0,0.0
17.0,0.0,0.0,0.0
32.0,0.0,0.0,0.0014848709106445312
15.0,0.0,0.0,0.0010080337524414062
25.0,0.0,0.0,0.0
29.0,0.0,0.0,0.001065969467163086
75.0,0.0,0.0,0.0018267631530761719
16.0,0.0,0.0,0.0
50.0,0.0,0.0,0.001997709274291992
19.0,0.0,0.0,0.0
15.0,0.0,0.0,0.0010159015655517578
11.0,0.0,0.0,0.0
34.0,0.0,0.0,0.0009987354278564453
39.0,0.0,0.0,0.0019996166229248047
46.0,0.0,0.0,0.0010097026824951172
13.0,0.0,0.0,0.0
25.0,0.0,0.0,0.0
60.0,0.0,0.0,0.001972675323486328
68.0,0.0,0.0,0.0010089874267578125
77.0,0.0,0.0,0.0021080970764160156
43.0,0.0,0.0,0.001007080078125
20.0,0.0,0.0,0.0
14.0,0.0,0.0,0.0
69.0,0.0,0.0,0.0017271041870117188
18.0,0.0,0.0,0.0
12.0,0.0,0.0,0.0
72.0,0.0,0.0,0.0023474693298339844
31.0,0.0,0.0,0.0
59.0,0.0,0.0,0.0016639232635498047
17.0,0.0,0.0,0.0010638236999511719
14.0,0.0,0.0,0.0009930133819580078
53.0,0.0,0.0,0.003234386444091797
23.0,0.0,0.0,0.0012531280517578125
17.0,0.0,0.0,0.0014646053314208984
68.0,0.0,0.0,0.002117633819580078
40.0,0.0,0.0,0.0021522045135498047
14.0,0.0,0.0,0.00017499923706054688
12.0,0.0,0.0,0.0009791851043701172
55.0,0.0,0.0,0.0012545585632324219
22.0,0.0,0.0,0.0010111331939697266
44.0,0.0,0.0,0.0011758804321289062
22.0,0.0,0.0,0.0
14.0,0.0,0.0,0.0010006427764892578
37.0,0.0,0.0,0.0
42.0,0.0,0.0,0.0021212100982666016
24.0,0.0,0.0,0.0
29.0,0.0,0.0,0.0010983943939208984
52.0,0.0,0.0,0.0019245147705078125
54.0,0.0,0.0,0.00099945068359375
40.0,0.0,0.0,0.0019996166229248047
12.0,0.0,0.0,0.0009999275207519531
23.0,0.0,0.0,0.0
86.0,0.0,0.0,0.0019996166229248047
52.0,0.0,0.0,0.002355813980102539
29.0,0.0,0.0,0.0010135173797607422
57.0,0.0,0.0,0.0012538433074951172
52.0,0.0,0.0,0.001316070556640625
12.0,1.0,1.0,0.001013040542602539
45.0,0.0,0.0,0.0019953250885009766
34.0,0.0,0.0,0.001009225845336914
25.0,0.0,0.0,0.0009999275207519531
12.0,0.0,0.0,0.0
22.0,0.0,0.0,0.001008749008178711
17.0,0.0,0.0,0.0
35.0,0.0,0.0,0.0
29.0,0.0,0.0,0.0010120868682861328
165.0,1.0,1.0,0.0046880245208740234
18.0,0.0,0.0,0.0
12.0,0.0,0.0,0.0009949207305908203
123.0,0.0,0.0,0.003019571304321289
19.0,0.0,0.0,0.0010135173797607422
52.0,1.0,1.0,0.001402139663696289
31.0,0.0,0.0,0.0010836124420166016
14.0,0.0,0.0,0.0
67.0,1.0,1.0,0.0012946128845214844
30.0,0.0,0.0,0.0010173320770263672
55.0,0.0,0.0,0.0019981861114501953
75.0,0.0,0.0,0.0012676715850830078
40.0,0.0,0.0,0.001001596450805664
27.0,0.0,0.0,0.0017895698547363281
36.0,0.0,0.0,0.001237630844116211
24.0,0.0,0.0,0.0014340877532958984
42.0,0.0,0.0,0.0024962425231933594
11.0,0.0,0.0,0.0
60.0,0.0,0.0,0.002144336700439453
33.0,0.0,0.0,0.0021207332611083984
103.0,0.0,0.0,0.0030112266540527344
35.0,0.0,0.0,0.0009989738464355469
11.0,0.0,0.0,0.0
43.0,0.0,0.0,0.0009992122650146484
19.0,0.0,0.0,0.0010182857513427734
54.0,0.0,0.0,0.001405954360961914
46.0,0.0,0.0,0.0009996891021728516
26.0,0.0,0.0,0.0010197162628173828
45.0,1.0,1.0,0.0010173320770263672
34.0,0.0,0.0,0.001020193099975586
14.0,0.0,0.0,0.0010128021240234375
44.0,0.0,0.0,0.0014719963073730469
13.0,0.0,0.0,0.0
44.0,0.0,0.0,0.0013966560363769531
12.0,0.0,0.0,0.0
13.0,0.0,0.0,0.0
20.0,0.0,0.0,0.0
14.0,0.0,0.0,0.0
23.0,0.0,0.0,0.0
75.0,0.0,0.0,0.0015778541564941406
14.0,0.0,0.0,0.0
30.0,0.0,0.0,0.0
16.0,0.0,0.0,0.0
16.0,0.0,0.0,0.0
56.0,0.0,0.0,0.0016224384307861328
15.0,0.0,0.0,0.0
40.0,0.0,0.0,0.0011894702911376953
13.0,0.0,0.0,0.0
38.0,0.0,0.0,0.0019161701202392578
13.0,0.0,0.0,0.0010187625885009766
90.0,0.0,0.0,0.0025093555450439453
28.0,0.0,0.0,0.0010025501251220703
89.0,0.0,0.0,0.0019516944885253906
23.0,0.0,0.0,0.0010151863098144531
41.0,0.0,0.0,0.0021598339080810547
47.0,0.0,0.0,0.0034592151641845703
42.0,0.0,0.0,0.0010156631469726562
20.0,0.0,0.0,0.0
13.0,0.0,0.0,0.0005047321319580078
102.0,0.0,0.0,0.0034072399139404297
22.0,0.0,0.0,0.001117706298828125
31.0,0.0,0.0,0.0022454261779785156
68.0,0.0,0.0,0.004270792007446289
19.0,0.0,0.0,0.0
14.0,0.0,0.0,0.0
39.0,0.0,0.0,0.0010118484497070312
11.0,0.0,0.0,0.0010306835174560547
37.0,0.0,0.0,0.0011398792266845703
51.0,0.0,0.0,0.0020096302032470703
20.0,0.0,0.0,0.0
26.0,0.0,0.0,0.0010027885437011719
12.0,0.0,0.0,0.0
43.0,0.0,0.0,0.0013246536254882812
30.0,0.0,0.0,0.0
44.0,0.0,0.0,0.0020096302032470703
17.0,0.0,0.0,0.0
92.0,0.0,0.0,0.0030007362365722656
53.0,0.0,0.0,0.0010116100311279297
16.0,0.0,0.0,0.0009975433349609375
15.0,0.0,0.0,0.0009968280792236328
31.0,0.0,0.0,0.0010151863098144531
18.0,0.0,0.0,0.0010068416595458984
14.0,0.0,0.0,0.0
18.0,0.0,0.0,0.0005064010620117188
19.0,0.0,0.0,0.0
22.0,0.0,0.0,0.0005042552947998047
19.0,0.0,0.0,0.0
70.0,1.0,1.0,0.0020554065704345703
38.0,0.0,0.0,0.0010073184967041016
15.0,0.0,0.0,0.0010046958923339844
67.0,1.0,1.0,0.0018680095672607422
46.0,0.0,0.0,0.0013246536254882812
49.0,0.0,0.0,0.001010894775390625
41.0,0.0,0.0,0.002010345458984375
22.0,0.0,0.0,0.0010044574737548828
25.0,0.0,0.0,0.0
48.0,0.0,0.0,0.0013885498046875
32.0,0.0,0.0,0.0010101795196533203
50.0,0.0,0.0,0.0012111663818359375
87.0,0.0,0.0,0.003097057342529297
39.0,0.0,0.0,0.0015878677368164062
67.0,0.0,0.0,0.0019683837890625
63.0,0.0,0.0,0.0018630027770996094
31.0,0.0,0.0,0.00015497207641601562
38.0,0.0,0.0,0.0010111331939697266
21.0,0.0,0.0,0.0
21.0,0.0,0.0,0.0005049705505371094
26.0,0.0,0.0,0.0011272430419921875
25.0,0.0,0.0,0.0011453628540039062
19.0,0.0,0.0,0.0
73.0,0.0,0.0,0.0024976730346679688
19.0,0.0,0.0,0.0
28.0,0.0,0.0,0.0
49.0,0.0,0.0,0.0015180110931396484
21.0,0.0,0.0,0.0
22.0,0.0,0.0,0.0020270347595214844
18.0,0.0,0.0,0.0016329288482666016
21.0,0.0,0.0,0.0010123252868652344
70.0,0.0,0.0,0.001990795135498047
19.0,0.0,0.0,0.0010008811950683594
13.0,0.0,0.0,0.0
17.0,0.0,0.0,0.0010194778442382812
30.0,0.0,0.0,0.0009996891021728516
103.0,0.0,0.0,0.0019979476928710938
39.0,0.0,0.0,0.0021333694458007812
28.0,0.0,0.0,0.0
34.0,0.0,0.0,0.001001119613647461
61.0,1.0,1.0,0.001998424530029297
33.0,0.0,0.0,0.0010008811950683594
55.0,0.0,0.0,0.0012233257293701172
12.0,0.0,0.0,0.0
21.0,0.0,0.0,0.00099945068359375
77.0,0.0,0.0,0.002000570297241211
32.0,0.0,0.0,0.0010001659393310547
18.0,1.0,1.0,0.0
23.0,0.0,0.0,0.0010144710540771484
21.0,0.0,0.0,0.0
31.0,0.0,0.0,0.0010001659393310547
20.0,0.0,0.0,0.0010006427764892578
36.0,0.0,0.0,0.0011136531829833984
20.0,0.0,0.0,0.00051116943359375
13.0,0.0,0.0,0.0
12.0,0.0,0.0,0.0009999275207519531
25.0,0.0,0.0,0.0
20.0,0.0,0.0,0.0010001659393310547
14.0,0.0,0.0,0.0
11.0,0.0,0.0,0.0011205673217773438
42.0,0.0,0.0,0.0005114078521728516
31.0,0.0,0.0,0.0010008811950683594
67.0,0.0,0.0,0.001998424530029297
28.0,0.0,0.0,0.0009999275207519531
13.0,0.0,0.0,0.001049041748046875
33.0,0.0,0.0,0.0005064010620117188
70.0,0.0,0.0,0.0018301010131835938
29.0,0.0,0.0,0.0
62.0,0.0,0.0,0.0012776851654052734
22.0,0.0,0.0,0.0005056858062744141
102.0,1.0,1.0,0.0031414031982421875
23.0,0.0,0.0,0.0
26.0,0.0,0.0,0.0010018348693847656
56.0,0.0,0.0,0.0015172958374023438
42.0,0.0,0.0,0.0010030269622802734
43.0,0.0,0.0,0.0010097026824951172
11.0,0.0,0.0,0.0
17.0,0.0,0.0,0.0
73.0,0.0,0.0,0.0028138160705566406
29.0,0.0,0.0,0.0010030269622802734
21.0,0.0,0.0,0.0
68.0,0.0,0.0,0.0017573833465576172
12.0,0.0,0.0,0.0010807514190673828
31.0,1.0,1.0,0.0
39.0,0.0,0.0,0.0010106563568115234
77.0,0.0,0.0,0.0016028881072998047
21.0,0.0,0.0,0.0
38.0,0.0,0.0,0.001010894775390625
38.0,0.0,0.0,0.0005059242248535156
14.0,0.0,0.0,0.0
78.0,0.0,0.0,0.0020837783813476562
21.0,0.0,0.0,0.0005064010620117188
87.0,0.0,0.0,0.002107858657836914
36.0,0.0,0.0,0.00099945068359375
14.0,0.0,0.0,0.000997781753540039
67.0,0.0,0.0,0.0015006065368652344
22.0,0.0,0.0,0.0005061626434326172
60.0,0.0,0.0,0.002069711685180664
16.0,1.0,1.0,0.0
12.0,0.0,0.0,0.0
101.0,0.0,0.0,0.0025746822357177734
16.0,0.0,0.0,0.0010068416595458984
11.0,0.0,0.0,0.0
13.0,0.0,0.0,0.0
35.0,0.0,0.0,0.0
32.0,0.0,0.0,0.0006470680236816406
82.0,0.0,0.0,0.001997232437133789
14.0,0.0,0.0,0.0010023117065429688
20.0,0.0,0.0,0.0
15.0,0.0,0.0,0.0009996891021728516
48.0,0.0,0.0,0.0015289783477783203
18.0,0.0,0.0,0.0
19.0,0.0,0.0,0.0
16.0,0.0,0.0,0.0
15.0,0.0,0.0,0.0
40.0,0.0,0.0,0.0014836788177490234
63.0,0.0,0.0,0.0020263195037841797
14.0,0.0,0.0,0.0010001659393310547
41.0,0.0,0.0,0.0009982585906982422
70.0,0.0,0.0,0.002626180648803711
51.0,0.0,0.0,0.0018265247344970703
65.0,0.0,0.0,0.0015158653259277344
14.0,0.0,0.0,0.0
59.0,0.0,0.0,0.0029969215393066406
11.0,0.0,0.0,0.0
33.0,0.0,0.0,0.001018524169921875
30.0,1.0,1.0,0.0021228790283203125
14.0,0.0,0.0,0.0005040168762207031
27.0,0.0,0.0,0.0009975433349609375
64.0,0.0,0.0,0.0020051002502441406
61.0,0.0,0.0,0.0019981861114501953
34.0,0.0,0.0,0.0010013580322265625
58.0,0.0,0.0,0.0018603801727294922
37.0,0.0,0.0,0.0020029544830322266
42.0,0.0,0.0,0.0014085769653320312
33.0,0.0,0.0,0.0013813972473144531
74.0,0.0,0.0,0.0019996166229248047
16.0,0.0,0.0,0.0010066032409667969
12.0,0.0,0.0,0.0
40.0,0.0,0.0,0.0017807483673095703
88.0,0.0,0.0,0.001687765121459961
17.0,0.0,0.0,0.001039266586303711
103.0,0.0,0.0,0.0023119449615478516
30.0,0.0,0.0,0.0010030269622802734
64.0,1.0,1.0,0.0020020008087158203
11.0,0.0,0.0,0.0
17.0,0.0,0.0,0.0010068416595458984
25.0,0.0,0.0,0.0
37.0,0.0,0.0,0.001001119613647461
13.0,0.0,0.0,0.0
14.0,0.0,0.0,0.0005049705505371094
24.0,0.0,0.0,0.0
37.0,0.0,0.0,0.0010104179382324219
25.0,0.0,0.0,0.0
73.0,1.0,1.0,0.0017402172088623047
13.0,0.0,0.0,0.0010066032409667969
106.0,0.0,0.0,0.0026090145111083984
22.0,0.0,0.0,0.0
46.0,0.0,0.0,0.0021424293518066406
16.0,0.0,0.0,0.0010101795196533203
16.0,0.0,0.0,0.00011777877807617188
33.0,0.0,0.0,0.0005052089691162109
25.0,0.0,0.0,0.0010111331939697266
12.0,0.0,0.0,0.0
14.0,0.0,0.0,0.0
31.0,0.0,0.0,0.0
90.0,0.0,0.0,0.002527952194213867
22.0,0.0,0.0,0.0010035037994384766
95.0,1.0,1.0,0.0024602413177490234
11.0,0.0,0.0,0.0
22.0,0.0,0.0,0.0011098384857177734
26.0,0.0,0.0,0.0
66.0,0.0,0.0,0.0017635822296142578
22.0,0.0,0.0,0.0
49.0,0.0,0.0,0.0015406608581542969
43.0,0.0,0.0,0.0015263557434082031
50.0,0.0,0.0,0.0010044574737548828
36.0,0.0,0.0,0.0010080337524414062
55.0,0.0,0.0,0.0015184879302978516
47.0,0.0,0.0,0.0021524429321289062
68.0,0.0,0.0,0.0021331310272216797
24.0,0.0,0.0,0.0
42.0,0.0,0.0,0.0023136138916015625
51.0,0.0,0.0,0.0011379718780517578
113.0,0.0,0.0,0.004250526428222656
13.0,0.0,0.0,0.0
48.0,0.0,0.0,0.0015096664428710938
31.0,0.0,0.0,0.0020084381103515625
14.0,0.0,0.0,0.0011944770812988281
106.0,0.0,0.0,0.0032608509063720703
22.0,0.0,0.0,0.0
53.0,0.0,0.0,0.0014424324035644531
55.0,0.0,0.0,0.0011248588562011719
16.0,0.0,0.0,0.0010156631469726562
16.0,0.0,0.0,0.0
29.0,0.0,0.0,0.0010151863098144531
28.0,0.0,0.0,0.0010132789611816406
13.0,0.0,0.0,0.0
20.0,0.0,0.0,0.0
22.0,0.0,0.0,0.0
12.0,0.0,0.0,0.0
30.0,0.0,0.0,0.0
46.0,0.0,0.0,0.0013458728790283203
64.0,0.0,0.0,0.002107858657836914
19.0,0.0,0.0,0.0
25.0,0.0,0.0,0.0010142326354980469
39.0,0.0,0.0,0.001280069351196289
19.0,0.0,0.0,0.0
11.0,0.0,0.0,0.0
82.0,0.0,0.0,0.0031485557556152344
53.0,0.0,0.0,0.001226663589477539
12.0,0.0,0.0,0.0
14.0,0.0,0.0,0.0
33.0,0.0,0.0,0.002160787582397461
18.0,0.0,0.0,0.0
23.0,0.0,0.0,0.0010101795196533203
13.0,0.0,0.0,0.0
17.0,0.0,0.0,0.0010180473327636719
36.0,0.0,0.0,0.0012140274047851562
29.0,0.0,0.0,0.002010822296142578
85.0,0.0,0.0,0.003000020980834961
30.0,0.0,0.0,0.0009975433349609375
40.0,0.0,0.0,0.002226591110229492
20.0,0.0,0.0,0.0
13.0,0.0,0.0,0.0009996891021728516
12.0,0.0,0.0,0.0
26.0,0.0,0.0,0.0009987354278564453
31.0,0.0,0.0,0.0010144710540771484
20.0,0.0,0.0,0.001009225845336914
11.0,0.0,0.0,0.0
11.0,0.0,0.0,0.0
43.0,0.0,0.0,0.0013551712036132812
37.0,0.0,0.0,0.0005056858062744141
21.0,0.0,0.0,0.0010170936584472656
16.0,0.0,0.0,0.0
13.0,0.0,0.0,0.0010151863098144531
54.0,0.0,0.0,0.0022487640380859375
59.0,0.0,0.0,0.0021953582763671875
12.0,0.0,0.0,0.0
39.0,0.0,0.0,0.0014660358428955078
15.0,0.0,0.0,0.001013040542602539
14.0,0.0,0.0,0.0
23.0,0.0,0.0,0.0011224746704101562
13.0,0.0,0.0,0.0
54.0,1.0,1.0,0.001003265380859375
11.0,0.0,0.0,0.0
15.0,0.0,0.0,0.0009989738464355469
17.0,0.0,0.0,0.0
21.0,0.0,0.0,0.0010192394256591797
29.0,0.0,0.0,0.0009996891021728516
98.0,0.0,0.0,0.0029921531677246094
94.0,1.0,1.0,0.0036385059356689453
18.0,0.0,0.0,0.0010030269622802734
21.0,0.0,0.0,0.0010025501251220703
42.0,0.0,0.0,0.0020003318786621094
47.0,0.0,0.0,0.0012023448944091797
84.0,0.0,0.0,0.002511739730834961
13.0,0.0,0.0,0.001003265380859375
36.0,0.0,0.0,0.0012276172637939453
55.0,0.0,0.0,0.0011212825775146484
32.0,0.0,0.0,0.001009225845336914
34.0,0.0,0.0,0.000997781753540039
14.0,0.0,0.0,0.0010020732879638672
98.0,0.0,0.0,0.0026388168334960938
55.0,0.0,0.0,0.0020074844360351562
38.0,0.0,0.0,0.0010006427764892578
45.0,0.0,0.0,0.0019998550415039062
80.0,0.0,0.0,0.0021338462829589844
13.0,0.0,0.0,0.0010075569152832031
56.0,0.0,0.0,0.0009999275207519531
48.0,0.0,0.0,0.002000093460083008
50.0,0.0,0.0,0.0011229515075683594
51.0,0.0,0.0,0.0010077953338623047
54.0,0.0,0.0,0.0019998550415039062
32.0,0.0,0.0,0.0009999275207519531
12.0,0.0,0.0,0.0
18.0,0.0,0.0,0.0009999275207519531
50.0,0.0,0.0,0.0015211105346679688
35.0,0.0,0.0,0.0010004043579101562
66.0,1.0,1.0,0.002000093460083008
12.0,0.0,0.0,0.0010001659393310547
45.0,0.0,0.0,0.0017020702362060547
68.0,0.0,0.0,0.002002239227294922
55.0,0.0,0.0,0.0010001659393310547
24.0,0.0,0.0,0.001157999038696289
32.0,0.0,0.0,0.000507354736328125
27.0,0.0,0.0,0.0010330677032470703
13.0,0.0,0.0,0.0009999275207519531
19.0,0.0,0.0,0.0
11.0,0.0,0.0,0.0009999275207519531
29.0,0.0,0.0,0.0009999275207519531
54.0,0.0,0.0,0.0015971660614013672
90.0,0.0,0.0,0.0030002593994140625
82.0,0.0,0.0,0.002000093460083008
61.0,0.0,0.0,0.0015974044799804688
11.0,0.0,0.0,0.0
21.0,0.0,0.0,0.0009996891021728516
11.0,0.0,0.0,0.0
23.0,0.0,0.0,0.0010001659393310547
18.0,0.0,0.0,0.0
30.0,0.0,0.0,0.0010449886322021484
35.0,0.0,0.0,0.0010426044464111328
18.0,0.0,0.0,0.0
19.0,0.0,0.0,0.0009999275207519531
18.0,0.0,0.0,0.001201629638671875
31.0,0.0,0.0,0.00054168701171875
61.0,0.0,0.0,0.0019998550415039062
51.0,0.0,0.0,0.0010001659393310547
46.0,0.0,0.0,0.001739501953125
108.0,0.0,0.0,0.0030450820922851562
107.0,0.0,0.0,0.002000093460083008
22.0,1.0,1.0,0.0
19.0,0.0,0.0,0.0010564327239990234
27.0,0.0,0.0,0.00104522705078125
43.0,0.0,0.0,0.0009999275207519531
17.0,0.0,0.0,0.0009996891021728516
40.0,0.0,0.0,0.0009999275207519531
22.0,0.0,0.0,0.0
20.0,0.0,0.0,0.0
56.0,1.0,1.0,0.0009999275207519531
35.0,0.0,0.0,0.0009996891021728516
72.0,0.0,0.0,0.002190113067626953
16.0,0.0,0.0,0.0
20.0,0.0,0.0,0.0010001659393310547
140.0,0.0,0.0,0.005139350891113281
54.0,0.0,0.0,0.0015859603881835938
20.0,0.0,0.0,0.0
16.0,0.0,0.0,0.0009999275207519531
57.0,0.0,0.0,0.0019998550415039062
22.0,0.0,0.0,0.0
31.0,0.0,0.0,0.0015826225280761719
81.0,0.0,0.0,0.002000093460083008
48.0,0.0,0.0,0.002000093460083008
27.0,0.0,0.0,0.001041412353515625
43.0,0.0,0.0,0.002000570297241211
20.0,0.0,0.0,0.0019707679748535156
56.0,0.0,0.0,0.002565145492553711
17.0,0.0,0.0,0.0010139942169189453
51.0,0.0,0.0,0.001367330551147461
21.0,0.0,0.0,0.0
32.0,0.0,0.0,0.0
12.0,0.0,0.0,0.0010213851928710938
54.0,0.0,0.0,0.0011997222900390625
27.0,0.0,0.0,0.0010094642639160156
45.0,0.0,0.0,0.001331329345703125
38.0,0.0,0.0,0.0013751983642578125
34.0,0.0,0.0,0.0010073184967041016
84.0,0.0,0.0,0.002014636993408203
16.0,0.0,0.0,0.0
14.0,0.0,0.0,0.0009989738464355469
19.0,0.0,0.0,0.0005052089691162109
13.0,0.0,0.0,0.0
41.0,0.0,0.0,0.00139617919921875
50.0,1.0,1.0,0.002007722854614258
41.0,0.0,0.0,0.0010101795196533203
46.0,0.0,0.0,0.001310110092163086
15.0,0.0,0.0,0.0
98.0,0.0,0.0,0.003009796142578125
45.0,0.0,0.0,0.0010020732879638672
34.0,0.0,0.0,0.001119852066040039
25.0,0.0,0.0,0.0
12.0,0.0,0.0,0.0
69.0,0.0,0.0,0.0019121170043945312
18.0,0.0,0.0,0.0
19.0,0.0,0.0,0.0
29.0,0.0,0.0,0.0
21.0,0.0,0.0,0.0
12.0,0.0,0.0,0.0
46.0,0.0,0.0,0.0013909339904785156
33.0,0.0,0.0,0.0010135173797607422
47.0,0.0,0.0,0.0011343955993652344
30.0,0.0,0.0,0.0010097026824951172
22.0,0.0,0.0,0.0
39.0,0.0,0.0,0.002014636993408203
11.0,0.0,0.0,0.0010080337524414062
30.0,0.0,0.0,0.0014214515686035156
11.0,0.0,0.0,0.0
13.0,0.0,0.0,0.001154184341430664
129.0,0.0,0.0,0.005688667297363281
47.0,0.0,0.0,0.0010020732879638672
22.0,0.0,0.0,0.000995635986328125
25.0,0.0,0.0,0.0
48.0,0.0,0.0,0.0031642913818359375
33.0,0.0,0.0,0.00199127197265625
16.0,0.0,0.0,0.0
15.0,0.0,0.0,0.0
21.0,0.0,0.0,0.0014748573303222656
18.0,0.0,0.0,0.0007219314575195312
33.0,0.0,0.0,0.0010788440704345703
39.0,0.0,0.0,0.0013041496276855469
22.0,0.0,0.0,0.0014653205871582031
