Timesteps,Collisions,Steps Waited,Real-Time Elapsed
106.0,3.0,3.0,0.06288909912109375
259.0,2.0,2.0,0.11381816864013672
702.0,3.0,3.0,0.30143284797668457
287.0,1.0,1.0,0.1287691593170166
399.0,6.0,6.0,0.18134856224060059
199.0,6.0,6.0,0.08898782730102539
35.0,0.0,0.0,0.016193151473999023
568.0,6.0,6.0,0.2527148723602295
189.0,2.0,2.0,0.07802844047546387
125.0,1.0,1.0,0.05504775047302246
90.0,1.0,1.0,0.039678096771240234
672.0,3.0,3.0,0.27577805519104004
554.0,7.0,7.0,0.23647594451904297
122.0,1.0,1.0,0.0504605770111084
383.0,9.0,9.0,0.1601269245147705
87.0,1.0,1.0,0.03615283966064453
42.0,0.0,0.0,0.017037391662597656
830.0,12.0,12.0,0.36458516120910645
303.0,6.0,6.0,0.12633991241455078
445.0,10.0,10.0,0.1886143684387207
376.0,6.0,6.0,0.15331006050109863
775.0,5.0,5.0,0.31804609298706055
668.0,6.0,6.0,0.2762126922607422
189.0,8.0,8.0,0.07664608955383301
680.0,16.0,16.0,0.2785675525665283
185.0,3.0,3.0,0.07747507095336914
126.0,1.0,1.0,0.05270242691040039
1061.0,11.0,11.0,0.46117472648620605
463.0,3.0,3.0,0.19731831550598145
530.0,6.0,6.0,0.2179701328277588
627.0,6.0,6.0,0.26136350631713867
72.0,2.0,2.0,0.02959442138671875
2705.0,8.0,8.0,1.1185498237609863
847.0,8.0,8.0,0.45645713806152344
356.0,3.0,3.0,0.14834904670715332
381.0,4.0,4.0,0.16080403327941895
227.0,4.0,4.0,0.10139966011047363
469.0,7.0,7.0,0.19834184646606445
244.0,3.0,3.0,0.10405206680297852
55.0,4.0,4.0,0.022315025329589844
328.0,1.0,1.0,0.13149285316467285
208.0,1.0,1.0,0.09450221061706543
374.0,7.0,7.0,0.15900802612304688
258.0,5.0,5.0,0.10616016387939453
2314.0,12.0,12.0,0.9877684116363525
628.0,7.0,7.0,0.25740957260131836
531.0,8.0,8.0,0.21612024307250977
572.0,5.0,5.0,0.23528647422790527
230.0,5.0,5.0,0.09314298629760742
134.0,4.0,4.0,0.05523824691772461
84.0,1.0,1.0,0.03419375419616699
813.0,12.0,12.0,0.33692264556884766
427.0,4.0,4.0,0.17354750633239746
2165.0,19.0,19.0,0.9178571701049805
1053.0,10.0,10.0,0.43882107734680176
221.0,5.0,5.0,0.08986854553222656
67.0,0.0,0.0,0.026670217514038086
337.0,1.0,1.0,0.13981342315673828
111.0,5.0,5.0,0.04561257362365723
273.0,4.0,4.0,0.1149289608001709
59.0,3.0,3.0,0.03023552894592285
399.0,8.0,8.0,0.1701810359954834
387.0,10.0,10.0,0.1726076602935791
648.0,6.0,6.0,0.2903459072113037
153.0,3.0,3.0,0.06476354598999023
612.0,12.0,12.0,0.28722667694091797
188.0,1.0,1.0,0.0801858901977539
939.0,14.0,14.0,0.41181087493896484
127.0,2.0,2.0,0.05968451499938965
896.0,6.0,6.0,0.4218893051147461
299.0,3.0,3.0,0.13510918617248535
86.0,1.0,1.0,0.03701162338256836
214.0,9.0,9.0,0.09102725982666016
655.0,10.0,10.0,0.2709963321685791
381.0,15.0,15.0,0.15965986251831055
807.0,5.0,5.0,0.3334779739379883
628.0,8.0,8.0,0.27520751953125
970.0,17.0,17.0,0.4037907123565674
262.0,0.0,0.0,0.10910964012145996
486.0,2.0,2.0,0.20549225807189941
836.0,1.0,1.0,0.3492703437805176
412.0,5.0,5.0,0.16823410987854004
516.0,12.0,12.0,0.21246552467346191
232.0,3.0,3.0,0.09718775749206543
127.0,1.0,1.0,0.05176973342895508
264.0,3.0,3.0,0.10854578018188477
118.0,2.0,2.0,0.048180580139160156
130.0,2.0,2.0,0.05307650566101074
775.0,14.0,14.0,0.3271770477294922
256.0,0.0,0.0,0.13083672523498535
58.0,2.0,2.0,0.025397062301635742
159.0,0.0,0.0,0.06560873985290527
905.0,16.0,16.0,0.3771824836730957
441.0,4.0,4.0,0.18198871612548828
169.0,5.0,5.0,0.06872797012329102
1330.0,12.0,12.0,0.5443239212036133
472.0,5.0,5.0,0.1963503360748291
40.0,0.0,0.0,0.01632976531982422
74.0,6.0,6.0,0.03114008903503418
89.0,6.0,6.0,0.03665900230407715
178.0,5.0,5.0,0.07172155380249023
634.0,4.0,4.0,0.2640562057495117
114.0,3.0,3.0,0.047698974609375
438.0,0.0,0.0,0.19955992698669434
393.0,3.0,3.0,0.16115283966064453
434.0,2.0,2.0,0.17687535285949707
248.0,10.0,10.0,0.10489916801452637
217.0,2.0,2.0,0.09076142311096191
507.0,9.0,9.0,0.20807862281799316
238.0,2.0,2.0,0.09659862518310547
183.0,0.0,0.0,0.07742142677307129
523.0,9.0,9.0,0.22060585021972656
1395.0,18.0,18.0,0.583247184753418
1769.0,16.0,16.0,0.7634387016296387
51.0,1.0,1.0,0.02062392234802246
751.0,10.0,10.0,0.31266140937805176
229.0,3.0,3.0,0.09831452369689941
96.0,8.0,8.0,0.040532588958740234
147.0,0.0,0.0,0.060791730880737305
54.0,6.0,6.0,0.021761178970336914
916.0,10.0,10.0,0.3756697177886963
270.0,1.0,1.0,0.11128807067871094
501.0,1.0,1.0,0.2043759822845459
208.0,2.0,2.0,0.08778119087219238
160.0,3.0,3.0,0.0667276382446289
561.0,12.0,12.0,0.2339494228363037
221.0,1.0,1.0,0.09174776077270508
230.0,3.0,3.0,0.10883164405822754
75.0,1.0,1.0,0.04099225997924805
290.0,0.0,0.0,0.12639760971069336
180.0,4.0,4.0,0.07647180557250977
205.0,8.0,8.0,0.08529829978942871
164.0,1.0,1.0,0.06595468521118164
345.0,3.0,3.0,0.14174556732177734
372.0,7.0,7.0,0.1545701026916504
199.0,4.0,4.0,0.08207130432128906
46.0,2.0,2.0,0.01781487464904785
184.0,3.0,3.0,0.07480263710021973
328.0,6.0,6.0,0.13347482681274414
354.0,6.0,6.0,0.1478416919708252
287.0,3.0,3.0,0.12621116638183594
69.0,8.0,8.0,0.0343325138092041
101.0,2.0,2.0,0.043476104736328125
238.0,2.0,2.0,0.0992119312286377
339.0,5.0,5.0,0.14001798629760742
167.0,2.0,2.0,0.06785058975219727
314.0,6.0,6.0,0.12926292419433594
416.0,4.0,4.0,0.17399311065673828
220.0,1.0,1.0,0.0921320915222168
105.0,0.0,0.0,0.046640634536743164
341.0,7.0,7.0,0.15638327598571777
1205.0,17.0,17.0,0.5045547485351562
107.0,2.0,2.0,0.0449981689453125
66.0,5.0,5.0,0.02646350860595703
627.0,0.0,0.0,0.2577555179595947
122.0,2.0,2.0,0.050110578536987305
212.0,1.0,1.0,0.08629488945007324
47.0,1.0,1.0,0.019514799118041992
202.0,3.0,3.0,0.08258700370788574
260.0,4.0,4.0,0.10805606842041016
86.0,3.0,3.0,0.03524518013000488
679.0,4.0,4.0,0.27721309661865234
647.0,8.0,8.0,0.28659892082214355
448.0,10.0,10.0,0.2080838680267334
230.0,1.0,1.0,0.12146830558776855
112.0,0.0,0.0,0.05011343955993652
81.0,3.0,3.0,0.03938651084899902
554.0,1.0,1.0,0.22902441024780273
99.0,2.0,2.0,0.04101705551147461
144.0,5.0,5.0,0.07344484329223633
187.0,3.0,3.0,0.08324933052062988
204.0,8.0,8.0,0.0937509536743164
273.0,3.0,3.0,0.11565661430358887
189.0,9.0,9.0,0.08740043640136719
687.0,9.0,9.0,0.29975080490112305
513.0,8.0,8.0,0.2597842216491699
293.0,3.0,3.0,0.13963031768798828
332.0,7.0,7.0,0.14125776290893555
656.0,2.0,2.0,0.2765991687774658
599.0,7.0,7.0,0.2683126926422119
86.0,5.0,5.0,0.03667616844177246
195.0,4.0,4.0,0.07940053939819336
141.0,2.0,2.0,0.05943465232849121
1307.0,8.0,8.0,0.5361490249633789
277.0,0.0,0.0,0.11419272422790527
134.0,3.0,3.0,0.05585074424743652
3392.0,26.0,26.0,1.4452695846557617
330.0,5.0,5.0,0.13680291175842285
680.0,2.0,2.0,0.28371715545654297
267.0,4.0,4.0,0.10794663429260254
165.0,2.0,2.0,0.06870269775390625
467.0,9.0,9.0,0.19359588623046875
311.0,5.0,5.0,0.12483525276184082
947.0,10.0,10.0,0.40056633949279785
818.0,9.0,9.0,0.3361990451812744
149.0,4.0,4.0,0.06165647506713867
248.0,1.0,1.0,0.10142064094543457
201.0,3.0,3.0,0.08498096466064453
220.0,5.0,5.0,0.10280656814575195
174.0,0.0,0.0,0.07597589492797852
285.0,1.0,1.0,0.12197518348693848
233.0,5.0,5.0,0.09474778175354004
36.0,0.0,0.0,0.014217376708984375
501.0,6.0,6.0,0.20586013793945312
201.0,1.0,1.0,0.08384299278259277
116.0,1.0,1.0,0.04775381088256836
314.0,3.0,3.0,0.1292569637298584
689.0,9.0,9.0,0.28737616539001465
247.0,5.0,5.0,0.10169529914855957
95.0,6.0,6.0,0.04168844223022461
179.0,3.0,3.0,0.07334661483764648
754.0,10.0,10.0,0.30829620361328125
191.0,3.0,3.0,0.08019828796386719
495.0,5.0,5.0,0.205580472946167
77.0,4.0,4.0,0.031240224838256836
1285.0,13.0,13.0,0.5608611106872559
100.0,0.0,0.0,0.04133772850036621
290.0,9.0,9.0,0.12141013145446777
345.0,5.0,5.0,0.14452672004699707
180.0,4.0,4.0,0.07849478721618652
240.0,0.0,0.0,0.09886837005615234
727.0,9.0,9.0,0.30225205421447754
217.0,3.0,3.0,0.08734869956970215
213.0,0.0,0.0,0.08704042434692383
266.0,2.0,2.0,0.11050844192504883
784.0,5.0,5.0,0.3210422992706299
126.0,3.0,3.0,0.052400827407836914
68.0,2.0,2.0,0.028505563735961914
283.0,1.0,1.0,0.11973142623901367
191.0,5.0,5.0,0.0782630443572998
358.0,2.0,2.0,0.14903879165649414
232.0,1.0,1.0,0.11845207214355469
504.0,8.0,8.0,0.2100086212158203
432.0,1.0,1.0,0.17643284797668457
394.0,5.0,5.0,0.16660094261169434
141.0,3.0,3.0,0.0585939884185791
954.0,10.0,10.0,0.39685869216918945
413.0,5.0,5.0,0.17121005058288574
632.0,8.0,8.0,0.2592141628265381
45.0,0.0,0.0,0.018413305282592773
355.0,13.0,13.0,0.14606595039367676
672.0,4.0,4.0,0.27489399909973145
97.0,2.0,2.0,0.03972148895263672
844.0,2.0,2.0,0.3801534175872803
246.0,6.0,6.0,0.09871888160705566
200.0,2.0,2.0,0.08118128776550293
305.0,3.0,3.0,0.12578248977661133
71.0,1.0,1.0,0.03281283378601074
504.0,0.0,0.0,0.20339298248291016
211.0,4.0,4.0,0.08529543876647949
380.0,2.0,2.0,0.1761765480041504
117.0,0.0,0.0,0.04866933822631836
554.0,1.0,1.0,0.22625064849853516
189.0,2.0,2.0,0.0756688117980957
387.0,5.0,5.0,0.17213082313537598
278.0,3.0,3.0,0.12274599075317383
210.0,0.0,0.0,0.09812498092651367
663.0,8.0,8.0,0.2847740650177002
134.0,6.0,6.0,0.05608391761779785
574.0,7.0,7.0,0.26065683364868164
318.0,3.0,3.0,0.1296234130859375
773.0,5.0,5.0,0.35529184341430664
276.0,3.0,3.0,0.1326613426208496
91.0,2.0,2.0,0.04661703109741211
451.0,3.0,3.0,0.23236632347106934
53.0,3.0,3.0,0.0210268497467041
207.0,6.0,6.0,0.08383893966674805
202.0,3.0,3.0,0.09100222587585449
99.0,4.0,4.0,0.040149688720703125
908.0,14.0,14.0,0.4336833953857422
436.0,7.0,7.0,0.1946721076965332
989.0,6.0,6.0,0.45540499687194824
80.0,3.0,3.0,0.031601905822753906
105.0,11.0,11.0,0.0439150333404541
260.0,1.0,1.0,0.11512041091918945
450.0,5.0,5.0,0.18627071380615234
107.0,4.0,4.0,0.04391002655029297
332.0,6.0,6.0,0.1373608112335205
746.0,15.0,15.0,0.3068885803222656
175.0,3.0,3.0,0.07113122940063477
197.0,4.0,4.0,0.08399438858032227
428.0,2.0,2.0,0.175246000289917
402.0,2.0,2.0,0.16798830032348633
241.0,4.0,4.0,0.09843945503234863
92.0,0.0,0.0,0.03699898719787598
113.0,0.0,0.0,0.046076059341430664
205.0,4.0,4.0,0.08725094795227051
62.0,2.0,2.0,0.0260007381439209
278.0,0.0,0.0,0.1143486499786377
578.0,3.0,3.0,0.2686941623687744
597.0,0.0,0.0,0.25153613090515137
93.0,2.0,2.0,0.03746390342712402
587.0,2.0,2.0,0.24020671844482422
1066.0,6.0,6.0,0.4623887538909912
864.0,5.0,5.0,0.4167141914367676
209.0,4.0,4.0,0.08451366424560547
396.0,7.0,7.0,0.16154193878173828
95.0,4.0,4.0,0.038512468338012695
342.0,12.0,12.0,0.14229512214660645
100.0,4.0,4.0,0.045258522033691406
201.0,3.0,3.0,0.08314108848571777
1116.0,14.0,14.0,0.4792625904083252
373.0,6.0,6.0,0.15324640274047852
129.0,5.0,5.0,0.053288936614990234
301.0,8.0,8.0,0.1231837272644043
377.0,3.0,3.0,0.16443991661071777
57.0,3.0,3.0,0.023377180099487305
946.0,1.0,1.0,0.3935234546661377
199.0,4.0,4.0,0.08213329315185547
401.0,10.0,10.0,0.16370201110839844
608.0,5.0,5.0,0.2549731731414795
460.0,2.0,2.0,0.19182896614074707
276.0,8.0,8.0,0.11493444442749023
222.0,3.0,3.0,0.11282587051391602
51.0,4.0,4.0,0.024097919464111328
180.0,3.0,3.0,0.07490706443786621
580.0,6.0,6.0,0.2378380298614502
69.0,2.0,2.0,0.027804851531982422
391.0,4.0,4.0,0.16427111625671387
204.0,0.0,0.0,0.08487892150878906
200.0,6.0,6.0,0.08586406707763672
1158.0,11.0,11.0,0.47739505767822266
92.0,4.0,4.0,0.03844094276428223
392.0,2.0,2.0,0.16145706176757812
124.0,1.0,1.0,0.04987955093383789
61.0,1.0,1.0,0.024950265884399414
239.0,3.0,3.0,0.1011805534362793
446.0,6.0,6.0,0.18567371368408203
80.0,4.0,4.0,0.03254890441894531
76.0,5.0,5.0,0.031127214431762695
609.0,6.0,6.0,0.2499990463256836
1092.0,12.0,12.0,0.47597599029541016
214.0,0.0,0.0,0.08672332763671875
163.0,3.0,3.0,0.06825757026672363
281.0,7.0,7.0,0.11815524101257324
621.0,3.0,3.0,0.28023791313171387
93.0,0.0,0.0,0.042310237884521484
70.0,5.0,5.0,0.03139352798461914
146.0,0.0,0.0,0.06927061080932617
207.0,12.0,12.0,0.08660531044006348
62.0,0.0,0.0,0.025064468383789062
469.0,8.0,8.0,0.20029568672180176
161.0,0.0,0.0,0.06317710876464844
509.0,8.0,8.0,0.20789027214050293
53.0,4.0,4.0,0.02162313461303711
342.0,6.0,6.0,0.14487624168395996
332.0,4.0,4.0,0.13730716705322266
162.0,0.0,0.0,0.06850576400756836
90.0,2.0,2.0,0.036192893981933594
168.0,6.0,6.0,0.08755898475646973
226.0,6.0,6.0,0.096832275390625
58.0,5.0,5.0,0.023291349411010742
495.0,2.0,2.0,0.20290064811706543
54.0,2.0,2.0,0.022074222564697266
348.0,2.0,2.0,0.14272046089172363
423.0,4.0,4.0,0.17496204376220703
918.0,13.0,13.0,0.3764214515686035
327.0,5.0,5.0,0.13908171653747559
880.0,6.0,6.0,0.35831737518310547
554.0,5.0,5.0,0.22866010665893555
459.0,8.0,8.0,0.18993449211120605
412.0,11.0,11.0,0.17087054252624512
1188.0,16.0,16.0,0.5216078758239746
453.0,2.0,2.0,0.18863224983215332
327.0,1.0,1.0,0.1390688419342041
72.0,2.0,2.0,0.03029632568359375
350.0,14.0,14.0,0.15134763717651367
216.0,9.0,9.0,0.09163641929626465
202.0,1.0,1.0,0.08619832992553711
281.0,1.0,1.0,0.1340491771697998
507.0,2.0,2.0,0.24071145057678223
123.0,6.0,6.0,0.04987692832946777
519.0,6.0,6.0,0.2744624614715576
321.0,3.0,3.0,0.17763566970825195
212.0,4.0,4.0,0.11886119842529297
887.0,10.0,10.0,0.40076422691345215
384.0,1.0,1.0,0.16710233688354492
301.0,5.0,5.0,0.13782024383544922
246.0,4.0,4.0,0.10139656066894531
101.0,5.0,5.0,0.04369759559631348
65.0,1.0,1.0,0.027232646942138672
1168.0,9.0,9.0,0.48314738273620605
380.0,5.0,5.0,0.1579136848449707
87.0,9.0,9.0,0.03610682487487793
206.0,1.0,1.0,0.08250880241394043
115.0,0.0,0.0,0.04850602149963379
2585.0,23.0,23.0,1.0795960426330566
469.0,5.0,5.0,0.23989605903625488
317.0,6.0,6.0,0.12883853912353516
169.0,0.0,0.0,0.07453513145446777
512.0,10.0,10.0,0.21440792083740234
450.0,9.0,9.0,0.1988391876220703
557.0,3.0,3.0,0.2248995304107666
150.0,4.0,4.0,0.060860633850097656
155.0,6.0,6.0,0.06316518783569336
157.0,1.0,1.0,0.06497669219970703
201.0,2.0,2.0,0.08111310005187988
298.0,0.0,0.0,0.12333536148071289
1428.0,18.0,18.0,0.6081852912902832
265.0,3.0,3.0,0.10823225975036621
102.0,4.0,4.0,0.04181647300720215
257.0,7.0,7.0,0.10405349731445312
804.0,12.0,12.0,0.330214262008667
923.0,5.0,5.0,0.3836097717285156
368.0,8.0,8.0,0.1585385799407959
459.0,1.0,1.0,0.18964338302612305
394.0,3.0,3.0,0.16251444816589355
538.0,5.0,5.0,0.2246096134185791
339.0,8.0,8.0,0.15975093841552734
428.0,14.0,14.0,0.18894410133361816
206.0,2.0,2.0,0.08601689338684082
251.0,4.0,4.0,0.10323643684387207
64.0,0.0,0.0,0.02604818344116211
315.0,1.0,1.0,0.12996506690979004
950.0,9.0,9.0,0.394024133682251
301.0,7.0,7.0,0.1274271011352539
72.0,6.0,6.0,0.030762910842895508
1165.0,9.0,9.0,0.4821023941040039
1309.0,5.0,5.0,0.5754604339599609
785.0,7.0,7.0,0.31946825981140137
569.0,10.0,10.0,0.23509526252746582
1423.0,7.0,7.0,0.5936779975891113
128.0,6.0,6.0,0.05321455001831055
243.0,3.0,3.0,0.09940719604492188
141.0,4.0,4.0,0.0574793815612793
219.0,4.0,4.0,0.09090399742126465
98.0,2.0,2.0,0.04088234901428223
386.0,4.0,4.0,0.15909290313720703
514.0,12.0,12.0,0.21503734588623047
399.0,6.0,6.0,0.16469073295593262
99.0,4.0,4.0,0.04422497749328613
145.0,0.0,0.0,0.0715644359588623
581.0,7.0,7.0,0.24212145805358887
435.0,3.0,3.0,0.18083977699279785
993.0,8.0,8.0,0.4067819118499756
608.0,4.0,4.0,0.2506983280181885
592.0,10.0,10.0,0.2420494556427002
389.0,3.0,3.0,0.16091465950012207
2229.0,21.0,21.0,0.9445333480834961
321.0,6.0,6.0,0.13171052932739258
751.0,8.0,8.0,0.30834221839904785
1491.0,14.0,14.0,0.6287922859191895
319.0,3.0,3.0,0.16464829444885254
561.0,9.0,9.0,0.2638053894042969
182.0,2.0,2.0,0.07937812805175781
510.0,11.0,11.0,0.24550843238830566
318.0,5.0,5.0,0.1499006748199463
376.0,2.0,2.0,0.16623544692993164
975.0,9.0,9.0,0.4574136734008789
172.0,6.0,6.0,0.08204340934753418
900.0,6.0,6.0,0.42270541191101074
623.0,11.0,11.0,0.2737095355987549
141.0,6.0,6.0,0.057865142822265625
98.0,2.0,2.0,0.04082489013671875
205.0,4.0,4.0,0.08574128150939941
213.0,5.0,5.0,0.0890510082244873
134.0,7.0,7.0,0.05447745323181152
132.0,0.0,0.0,0.05598020553588867
698.0,2.0,2.0,0.29331493377685547
255.0,0.0,0.0,0.12510371208190918
1329.0,11.0,11.0,0.5638761520385742
580.0,7.0,7.0,0.2501065731048584
170.0,1.0,1.0,0.07077741622924805
659.0,15.0,15.0,0.2756950855255127
155.0,2.0,2.0,0.0641627311706543
174.0,2.0,2.0,0.07293891906738281
299.0,2.0,2.0,0.12559247016906738
152.0,5.0,5.0,0.06256222724914551
632.0,5.0,5.0,0.258068323135376
1034.0,2.0,2.0,0.4553685188293457
438.0,6.0,6.0,0.1815176010131836
334.0,3.0,3.0,0.13817524909973145
68.0,0.0,0.0,0.027515649795532227
547.0,9.0,9.0,0.22516798973083496
512.0,7.0,7.0,0.21065163612365723
269.0,11.0,11.0,0.11994481086730957
105.0,3.0,3.0,0.048090457916259766
487.0,3.0,3.0,0.19268131256103516
156.0,4.0,4.0,0.06644105911254883
328.0,10.0,10.0,0.13504266738891602
108.0,1.0,1.0,0.04407978057861328
135.0,2.0,2.0,0.05378532409667969
490.0,2.0,2.0,0.20411157608032227
226.0,6.0,6.0,0.09284281730651855
116.0,2.0,2.0,0.047591209411621094
330.0,4.0,4.0,0.13490581512451172
590.0,6.0,6.0,0.27071380615234375
801.0,6.0,6.0,0.3253617286682129
1892.0,8.0,8.0,0.784149169921875
221.0,9.0,9.0,0.09118485450744629
166.0,4.0,4.0,0.06726527214050293
180.0,5.0,5.0,0.07488179206848145
178.0,7.0,7.0,0.07198643684387207
1142.0,6.0,6.0,0.46610569953918457
85.0,2.0,2.0,0.03539156913757324
342.0,5.0,5.0,0.15936923027038574
275.0,5.0,5.0,0.12204980850219727
317.0,4.0,4.0,0.13695979118347168
80.0,2.0,2.0,0.03800654411315918
40.0,5.0,5.0,0.01754617691040039
551.0,4.0,4.0,0.2587594985961914
491.0,12.0,12.0,0.20015597343444824
187.0,7.0,7.0,0.0774238109588623
221.0,7.0,7.0,0.09897875785827637
287.0,3.0,3.0,0.12307572364807129
64.0,1.0,1.0,0.02811288833618164
209.0,2.0,2.0,0.09297490119934082
500.0,1.0,1.0,0.2168583869934082
72.0,1.0,1.0,0.03072047233581543
198.0,8.0,8.0,0.0863792896270752
136.0,2.0,2.0,0.05865168571472168
296.0,2.0,2.0,0.12598919868469238
492.0,10.0,10.0,0.20105838775634766
166.0,0.0,0.0,0.06902670860290527
1122.0,10.0,10.0,0.4786505699157715
146.0,29.0,29.0,0.06353878974914551
97.0,4.0,4.0,0.03887367248535156
569.0,9.0,9.0,0.23125624656677246
47.0,0.0,0.0,0.018475770950317383
71.0,7.0,7.0,0.029368877410888672
568.0,1.0,1.0,0.2337327003479004
82.0,3.0,3.0,0.03362441062927246
705.0,7.0,7.0,0.2878248691558838
284.0,3.0,3.0,0.11665606498718262
541.0,8.0,8.0,0.2235863208770752
197.0,2.0,2.0,0.08102011680603027
308.0,6.0,6.0,0.12830805778503418
178.0,3.0,3.0,0.07366657257080078
104.0,1.0,1.0,0.04093289375305176
323.0,9.0,9.0,0.1332259178161621
896.0,6.0,6.0,0.3877990245819092
695.0,7.0,7.0,0.286055326461792
234.0,6.0,6.0,0.09555196762084961
1134.0,16.0,16.0,0.46648216247558594
101.0,2.0,2.0,0.04280686378479004
772.0,12.0,12.0,0.3187270164489746
109.0,5.0,5.0,0.04525494575500488
79.0,0.0,0.0,0.03288435935974121
300.0,9.0,9.0,0.12240457534790039
117.0,4.0,4.0,0.048027753829956055
264.0,3.0,3.0,0.11301779747009277
174.0,5.0,5.0,0.07048988342285156
1674.0,16.0,16.0,0.8384101390838623
677.0,6.0,6.0,0.3112449645996094
179.0,4.0,4.0,0.0729665756225586
149.0,0.0,0.0,0.06499147415161133
1284.0,19.0,19.0,0.5628929138183594
662.0,13.0,13.0,0.28479528427124023
108.0,3.0,3.0,0.04636836051940918
322.0,4.0,4.0,0.13811945915222168
80.0,2.0,2.0,0.032683372497558594
392.0,2.0,2.0,0.18167757987976074
149.0,1.0,1.0,0.0698387622833252
123.0,15.0,15.0,0.049108028411865234
327.0,11.0,11.0,0.1331319808959961
386.0,3.0,3.0,0.1633150577545166
398.0,5.0,5.0,0.16184735298156738
373.0,0.0,0.0,0.15300488471984863
252.0,3.0,3.0,0.10053420066833496
77.0,2.0,2.0,0.035079002380371094
566.0,7.0,7.0,0.2319633960723877
331.0,4.0,4.0,0.1362600326538086
472.0,3.0,3.0,0.19657492637634277
230.0,3.0,3.0,0.09428000450134277
443.0,4.0,4.0,0.18577122688293457
407.0,6.0,6.0,0.16756296157836914
586.0,5.0,5.0,0.25195932388305664
812.0,7.0,7.0,0.3491179943084717
365.0,4.0,4.0,0.15354323387145996
153.0,2.0,2.0,0.06479668617248535
220.0,10.0,10.0,0.08986783027648926
495.0,12.0,12.0,0.20701837539672852
1615.0,3.0,3.0,0.7178349494934082
421.0,9.0,9.0,0.169630765914917
266.0,2.0,2.0,0.1103968620300293
91.0,4.0,4.0,0.03779458999633789
334.0,6.0,6.0,0.13824224472045898
556.0,3.0,3.0,0.2633354663848877
449.0,4.0,4.0,0.1852273941040039
321.0,3.0,3.0,0.13151025772094727
298.0,2.0,2.0,0.12302207946777344
585.0,0.0,0.0,0.24121308326721191
134.0,0.0,0.0,0.054108381271362305
833.0,10.0,10.0,0.3422219753265381
291.0,3.0,3.0,0.12518525123596191
634.0,6.0,6.0,0.2619166374206543
104.0,0.0,0.0,0.04226279258728027
41.0,0.0,0.0,0.01700592041015625
108.0,0.0,0.0,0.04317069053649902
139.0,2.0,2.0,0.05636334419250488
124.0,2.0,2.0,0.049883365631103516
323.0,4.0,4.0,0.13254022598266602
230.0,0.0,0.0,0.09380173683166504
65.0,3.0,3.0,0.027248144149780273
285.0,0.0,0.0,0.12578177452087402
68.0,0.0,0.0,0.03605055809020996
267.0,5.0,5.0,0.12336087226867676
120.0,3.0,3.0,0.0505976676940918
138.0,1.0,1.0,0.056606292724609375
170.0,4.0,4.0,0.07201933860778809
539.0,2.0,2.0,0.22339916229248047
528.0,6.0,6.0,0.21565008163452148
203.0,1.0,1.0,0.08362579345703125
617.0,4.0,4.0,0.2600882053375244
619.0,6.0,6.0,0.25683093070983887
1056.0,4.0,4.0,0.437732458114624
633.0,6.0,6.0,0.26415133476257324
448.0,2.0,2.0,0.20516610145568848
168.0,9.0,9.0,0.06845521926879883
217.0,5.0,5.0,0.08842277526855469
213.0,5.0,5.0,0.08729887008666992
99.0,4.0,4.0,0.03975343704223633
250.0,4.0,4.0,0.10183358192443848
157.0,0.0,0.0,0.06525945663452148
147.0,1.0,1.0,0.060690879821777344
253.0,2.0,2.0,0.10437130928039551
315.0,2.0,2.0,0.13426470756530762
177.0,6.0,6.0,0.07816553115844727
180.0,3.0,3.0,0.07705831527709961
494.0,5.0,5.0,0.21074891090393066
369.0,7.0,7.0,0.15155959129333496
226.0,1.0,1.0,0.10054230690002441
539.0,8.0,8.0,0.22891807556152344
436.0,5.0,5.0,0.1925961971282959
404.0,6.0,6.0,0.1660466194152832
55.0,5.0,5.0,0.021997928619384766
460.0,9.0,9.0,0.21151185035705566
312.0,7.0,7.0,0.1261274814605713
344.0,7.0,7.0,0.14670443534851074
613.0,8.0,8.0,0.24809002876281738
626.0,1.0,1.0,0.27176809310913086
1199.0,18.0,18.0,0.5027170181274414
1337.0,14.0,14.0,0.5468630790710449
774.0,15.0,15.0,0.3540232181549072
139.0,4.0,4.0,0.05725669860839844
509.0,8.0,8.0,0.23768925666809082
164.0,1.0,1.0,0.08597016334533691
330.0,6.0,6.0,0.14949893951416016
250.0,7.0,7.0,0.11287927627563477
219.0,4.0,4.0,0.10634088516235352
329.0,3.0,3.0,0.16826558113098145
50.0,1.0,1.0,0.020516157150268555
452.0,5.0,5.0,0.1838374137878418
122.0,1.0,1.0,0.05869936943054199
916.0,5.0,5.0,0.3947174549102783
55.0,7.0,7.0,0.02231431007385254
194.0,3.0,3.0,0.08178901672363281
61.0,0.0,0.0,0.02815985679626465
825.0,17.0,17.0,0.3833317756652832
192.0,5.0,5.0,0.08899235725402832
72.0,1.0,1.0,0.029559612274169922
259.0,7.0,7.0,0.10858941078186035
720.0,13.0,13.0,0.2969024181365967
946.0,7.0,7.0,0.391981840133667
312.0,8.0,8.0,0.13066792488098145
924.0,10.0,10.0,0.37733983993530273
835.0,22.0,22.0,0.34897851943969727
132.0,1.0,1.0,0.0532834529876709
300.0,2.0,2.0,0.12369537353515625
326.0,0.0,0.0,0.1327362060546875
368.0,11.0,11.0,0.18228554725646973
352.0,3.0,3.0,0.14613914489746094
82.0,5.0,5.0,0.03421783447265625
1193.0,8.0,8.0,0.5058729648590088
435.0,5.0,5.0,0.1809697151184082
252.0,3.0,3.0,0.10367274284362793
213.0,8.0,8.0,0.08694767951965332
719.0,7.0,7.0,0.3000144958496094
314.0,0.0,0.0,0.13205933570861816
168.0,0.0,0.0,0.06909608840942383
217.0,0.0,0.0,0.08806681632995605
313.0,1.0,1.0,0.12899088859558105
856.0,7.0,7.0,0.3828468322753906
95.0,2.0,2.0,0.05145716667175293
961.0,9.0,9.0,0.3972301483154297
772.0,3.0,3.0,0.3196866512298584
246.0,1.0,1.0,0.10310864448547363
510.0,9.0,9.0,0.2093796730041504
434.0,18.0,18.0,0.17635560035705566
485.0,1.0,1.0,0.19825196266174316
189.0,5.0,5.0,0.0802614688873291
442.0,2.0,2.0,0.18009734153747559
330.0,1.0,1.0,0.15102720260620117
836.0,13.0,13.0,0.3892207145690918
140.0,3.0,3.0,0.05582237243652344
330.0,4.0,4.0,0.13855528831481934
633.0,4.0,4.0,0.2578904628753662
235.0,1.0,1.0,0.09502458572387695
695.0,8.0,8.0,0.28710126876831055
445.0,1.0,1.0,0.18340826034545898
418.0,10.0,10.0,0.16979575157165527
154.0,7.0,7.0,0.06825780868530273
354.0,2.0,2.0,0.14490461349487305
303.0,5.0,5.0,0.126173734664917
635.0,6.0,6.0,0.2625308036804199
948.0,4.0,4.0,0.41272759437561035
180.0,8.0,8.0,0.07711648941040039
182.0,1.0,1.0,0.07312870025634766
365.0,6.0,6.0,0.1490628719329834
907.0,9.0,9.0,0.3739173412322998
1050.0,14.0,14.0,0.4325575828552246
878.0,11.0,11.0,0.36910247802734375
392.0,0.0,0.0,0.16451358795166016
263.0,3.0,3.0,0.10807037353515625
272.0,7.0,7.0,0.11074161529541016
420.0,2.0,2.0,0.19038915634155273
88.0,1.0,1.0,0.04607796669006348
189.0,3.0,3.0,0.08208441734313965
175.0,5.0,5.0,0.07184410095214844
450.0,5.0,5.0,0.18458914756774902
568.0,4.0,4.0,0.23240423202514648
328.0,8.0,8.0,0.13157105445861816
184.0,5.0,5.0,0.07571721076965332
204.0,2.0,2.0,0.0853872299194336
229.0,5.0,5.0,0.09419107437133789
451.0,4.0,4.0,0.19150424003601074
147.0,1.0,1.0,0.06035327911376953
1490.0,15.0,15.0,0.60555100440979
809.0,5.0,5.0,0.3551158905029297
231.0,11.0,11.0,0.09380030632019043
401.0,3.0,3.0,0.16289114952087402
111.0,5.0,5.0,0.04834890365600586
462.0,5.0,5.0,0.19032883644104004
257.0,6.0,6.0,0.10893058776855469
357.0,2.0,2.0,0.1463615894317627
61.0,0.0,0.0,0.02599477767944336
364.0,5.0,5.0,0.17187094688415527
126.0,6.0,6.0,0.058736562728881836
528.0,8.0,8.0,0.2407979965209961
325.0,6.0,6.0,0.14003753662109375
634.0,10.0,10.0,0.2606327533721924
615.0,1.0,1.0,0.2775421142578125
252.0,7.0,7.0,0.13696813583374023
50.0,0.0,0.0,0.02697610855102539
263.0,4.0,4.0,0.12770915031433105
52.0,2.0,2.0,0.021739721298217773
566.0,1.0,1.0,0.27449512481689453
207.0,1.0,1.0,0.09552121162414551
564.0,8.0,8.0,0.24340391159057617
747.0,11.0,11.0,0.3159949779510498
628.0,1.0,1.0,0.26168107986450195
361.0,8.0,8.0,0.15372276306152344
249.0,7.0,7.0,0.09996604919433594
1300.0,12.0,12.0,0.5467002391815186
182.0,7.0,7.0,0.0935823917388916
625.0,13.0,13.0,0.26648831367492676
1029.0,22.0,22.0,0.43395471572875977
115.0,2.0,2.0,0.047504425048828125
39.0,0.0,0.0,0.015486717224121094
367.0,2.0,2.0,0.15186786651611328
145.0,3.0,3.0,0.06624412536621094
536.0,6.0,6.0,0.22832322120666504
368.0,8.0,8.0,0.15297698974609375
143.0,1.0,1.0,0.05796360969543457
76.0,1.0,1.0,0.034064292907714844
734.0,8.0,8.0,0.31561994552612305
329.0,0.0,0.0,0.1430971622467041
756.0,3.0,3.0,0.3467679023742676
444.0,1.0,1.0,0.18688392639160156
930.0,9.0,9.0,0.38834404945373535
38.0,1.0,1.0,0.015517234802246094
534.0,8.0,8.0,0.22091960906982422
224.0,6.0,6.0,0.09232902526855469
263.0,3.0,3.0,0.10701465606689453
248.0,1.0,1.0,0.10028076171875
337.0,8.0,8.0,0.14168667793273926
431.0,4.0,4.0,0.1771717071533203
427.0,5.0,5.0,0.1751401424407959
725.0,6.0,6.0,0.2980217933654785
75.0,2.0,2.0,0.030529022216796875
222.0,2.0,2.0,0.0926964282989502
185.0,2.0,2.0,0.09063196182250977
398.0,1.0,1.0,0.16859769821166992
208.0,0.0,0.0,0.0889272689819336
270.0,5.0,5.0,0.11947441101074219
63.0,0.0,0.0,0.026459217071533203
39.0,0.0,0.0,0.01525568962097168
632.0,5.0,5.0,0.2599310874938965
238.0,12.0,12.0,0.09844183921813965
180.0,7.0,7.0,0.0764923095703125
187.0,0.0,0.0,0.07600712776184082
309.0,17.0,17.0,0.12761282920837402
164.0,2.0,2.0,0.06905651092529297
724.0,17.0,17.0,0.2994227409362793
143.0,4.0,4.0,0.05922293663024902
102.0,5.0,5.0,0.04185366630554199
330.0,5.0,5.0,0.1375410556793213
423.0,13.0,13.0,0.17267727851867676
628.0,7.0,7.0,0.29607534408569336
405.0,4.0,4.0,0.1712048053741455
649.0,8.0,8.0,0.2762584686279297
266.0,7.0,7.0,0.12156486511230469
109.0,7.0,7.0,0.04811239242553711
106.0,4.0,4.0,0.04767584800720215
141.0,6.0,6.0,0.05606961250305176
461.0,7.0,7.0,0.21419930458068848
249.0,14.0,14.0,0.11066484451293945
158.0,1.0,1.0,0.06432652473449707
765.0,4.0,4.0,0.3778398036956787
638.0,17.0,17.0,0.2703235149383545
51.0,1.0,1.0,0.020084142684936523
50.0,0.0,0.0,0.019745349884033203
396.0,4.0,4.0,0.1801142692565918
724.0,6.0,6.0,0.3251056671142578
147.0,0.0,0.0,0.060680389404296875
806.0,4.0,4.0,0.3297858238220215
455.0,7.0,7.0,0.1890120506286621
109.0,5.0,5.0,0.04428410530090332
107.0,9.0,9.0,0.043166160583496094
208.0,3.0,3.0,0.08626270294189453
334.0,5.0,5.0,0.13623261451721191
97.0,0.0,0.0,0.039964914321899414
56.0,5.0,5.0,0.024063587188720703
352.0,1.0,1.0,0.14595413208007812
90.0,1.0,1.0,0.03716874122619629
184.0,6.0,6.0,0.07444143295288086
184.0,8.0,8.0,0.07451701164245605
41.0,1.0,1.0,0.016579151153564453
1110.0,7.0,7.0,0.46186161041259766
598.0,0.0,0.0,0.261460542678833
237.0,4.0,4.0,0.10502338409423828
474.0,13.0,13.0,0.1925973892211914
268.0,5.0,5.0,0.10866570472717285
594.0,10.0,10.0,0.24560952186584473
215.0,16.0,16.0,0.08914542198181152
304.0,2.0,2.0,0.12462234497070312
276.0,2.0,2.0,0.11501789093017578
179.0,5.0,5.0,0.07521986961364746
1192.0,7.0,7.0,0.5950305461883545
374.0,5.0,5.0,0.17134547233581543
437.0,2.0,2.0,0.21361994743347168
277.0,11.0,11.0,0.12108945846557617
288.0,7.0,7.0,0.12825536727905273
81.0,5.0,5.0,0.03686976432800293
167.0,5.0,5.0,0.09540700912475586
648.0,9.0,9.0,0.30814170837402344
210.0,1.0,1.0,0.11655640602111816
98.0,7.0,7.0,0.04845857620239258
259.0,2.0,2.0,0.12817788124084473
424.0,0.0,0.0,0.20641088485717773
155.0,4.0,4.0,0.08296895027160645
54.0,0.0,0.0,0.028951644897460938
340.0,5.0,5.0,0.15634799003601074
278.0,0.0,0.0,0.12485504150390625
884.0,5.0,5.0,0.3627355098724365
518.0,9.0,9.0,0.2149491310119629
335.0,2.0,2.0,0.16238689422607422
879.0,5.0,5.0,0.3661525249481201
138.0,1.0,1.0,0.05690646171569824
492.0,2.0,2.0,0.20295476913452148
193.0,3.0,3.0,0.08042788505554199
199.0,1.0,1.0,0.08122515678405762
61.0,2.0,2.0,0.02586197853088379
527.0,0.0,0.0,0.21398639678955078
108.0,5.0,5.0,0.04446601867675781
237.0,0.0,0.0,0.09703350067138672
183.0,4.0,4.0,0.0810699462890625
109.0,1.0,1.0,0.04431772232055664
1232.0,16.0,16.0,0.5091664791107178
483.0,7.0,7.0,0.20288896560668945
234.0,1.0,1.0,0.09809517860412598
451.0,2.0,2.0,0.22414183616638184
129.0,1.0,1.0,0.05287289619445801
511.0,5.0,5.0,0.21088457107543945
112.0,5.0,5.0,0.045652151107788086
1021.0,3.0,3.0,0.4180784225463867
86.0,5.0,5.0,0.03631472587585449
348.0,4.0,4.0,0.15271997451782227
471.0,5.0,5.0,0.19586682319641113
80.0,0.0,0.0,0.03460073471069336
433.0,2.0,2.0,0.18010997772216797
141.0,3.0,3.0,0.06531524658203125
364.0,6.0,6.0,0.16119694709777832
69.0,2.0,2.0,0.030941486358642578
703.0,9.0,9.0,0.2944936752319336
132.0,0.0,0.0,0.05592966079711914
527.0,1.0,1.0,0.23830461502075195
199.0,4.0,4.0,0.0816352367401123
388.0,3.0,3.0,0.15787386894226074
202.0,5.0,5.0,0.08301997184753418
322.0,3.0,3.0,0.13554930686950684
352.0,8.0,8.0,0.14296245574951172
119.0,3.0,3.0,0.051137447357177734
107.0,4.0,4.0,0.04564356803894043
116.0,5.0,5.0,0.04747438430786133
156.0,11.0,11.0,0.06523561477661133
1024.0,7.0,7.0,0.4226217269897461
151.0,6.0,6.0,0.06072807312011719
232.0,2.0,2.0,0.09601736068725586
208.0,2.0,2.0,0.08653044700622559
524.0,3.0,3.0,0.21715879440307617
359.0,3.0,3.0,0.1489696502685547
190.0,8.0,8.0,0.07707858085632324
565.0,9.0,9.0,0.25541162490844727
1820.0,6.0,6.0,0.7516429424285889
209.0,2.0,2.0,0.08504343032836914
322.0,5.0,5.0,0.13338351249694824
306.0,0.0,0.0,0.12343549728393555
399.0,11.0,11.0,0.17079520225524902
63.0,5.0,5.0,0.026330232620239258
344.0,2.0,2.0,0.14014577865600586
120.0,0.0,0.0,0.05124354362487793
153.0,4.0,4.0,0.06442999839782715
111.0,1.0,1.0,0.04442477226257324
60.0,1.0,1.0,0.02465367317199707
1025.0,2.0,2.0,0.4444248676300049
59.0,0.0,0.0,0.031211376190185547
485.0,6.0,6.0,0.20409274101257324
249.0,2.0,2.0,0.09987044334411621
927.0,14.0,14.0,0.38337254524230957
352.0,1.0,1.0,0.14367008209228516
158.0,5.0,5.0,0.06526446342468262
784.0,8.0,8.0,0.3254730701446533
400.0,6.0,6.0,0.1644124984741211
355.0,9.0,9.0,0.14470982551574707
140.0,0.0,0.0,0.060269832611083984
205.0,5.0,5.0,0.0836324691772461
141.0,4.0,4.0,0.05907773971557617
83.0,2.0,2.0,0.03424835205078125
630.0,7.0,7.0,0.2618892192840576
236.0,3.0,3.0,0.11993670463562012
590.0,10.0,10.0,0.2465653419494629
77.0,1.0,1.0,0.03198122978210449
581.0,6.0,6.0,0.24764800071716309
1081.0,10.0,10.0,0.46751880645751953
161.0,1.0,1.0,0.06642985343933105
328.0,2.0,2.0,0.13408732414245605
124.0,0.0,0.0,0.05089569091796875
125.0,2.0,2.0,0.053151607513427734
275.0,2.0,2.0,0.11182117462158203
348.0,14.0,14.0,0.14289426803588867
408.0,4.0,4.0,0.17701053619384766
573.0,1.0,1.0,0.2612488269805908
165.0,2.0,2.0,0.0879831314086914
106.0,2.0,2.0,0.06230664253234863
308.0,2.0,2.0,0.13801956176757812
266.0,3.0,3.0,0.13370704650878906
207.0,1.0,1.0,0.10002994537353516
463.0,7.0,7.0,0.23001432418823242
662.0,3.0,3.0,0.2840852737426758
51.0,0.0,0.0,0.02030348777770996
414.0,4.0,4.0,0.2046184539794922
372.0,2.0,2.0,0.1574718952178955
191.0,2.0,2.0,0.08648943901062012
698.0,2.0,2.0,0.3247497081756592
254.0,3.0,3.0,0.12331223487854004
106.0,0.0,0.0,0.043508291244506836
493.0,13.0,13.0,0.2101290225982666
442.0,6.0,6.0,0.2032153606414795
453.0,9.0,9.0,0.18862366676330566
121.0,0.0,0.0,0.04986715316772461
250.0,4.0,4.0,0.1010141372680664
867.0,4.0,4.0,0.35968708992004395
100.0,6.0,6.0,0.04052162170410156
591.0,7.0,7.0,0.24326157569885254
219.0,3.0,3.0,0.09234285354614258
401.0,8.0,8.0,0.16393160820007324
304.0,3.0,3.0,0.12408757209777832
876.0,12.0,12.0,0.3657102584838867
366.0,1.0,1.0,0.15276312828063965
256.0,1.0,1.0,0.10399270057678223
179.0,0.0,0.0,0.09101104736328125
267.0,3.0,3.0,0.11018562316894531
383.0,10.0,10.0,0.15540504455566406
252.0,5.0,5.0,0.10350275039672852
396.0,2.0,2.0,0.16287517547607422
141.0,0.0,0.0,0.05738687515258789
219.0,4.0,4.0,0.08930516242980957
1833.0,13.0,13.0,0.7482953071594238
587.0,4.0,4.0,0.24518966674804688
260.0,4.0,4.0,0.10812497138977051
675.0,7.0,7.0,0.28014302253723145
429.0,18.0,18.0,0.19462823867797852
627.0,4.0,4.0,0.2555077075958252
162.0,0.0,0.0,0.0658574104309082
537.0,2.0,2.0,0.2219851016998291
522.0,6.0,6.0,0.21152639389038086
1109.0,4.0,4.0,0.45267462730407715
613.0,2.0,2.0,0.2537498474121094
163.0,2.0,2.0,0.0678703784942627
48.0,2.0,2.0,0.021087646484375
446.0,3.0,3.0,0.18834304809570312
214.0,4.0,4.0,0.0885920524597168
386.0,8.0,8.0,0.1552565097808838
479.0,6.0,6.0,0.22276616096496582
594.0,3.0,3.0,0.2426309585571289
556.0,6.0,6.0,0.23053860664367676
244.0,3.0,3.0,0.10001754760742188
138.0,5.0,5.0,0.05855870246887207
264.0,5.0,5.0,0.10904645919799805
284.0,0.0,0.0,0.11677765846252441
95.0,2.0,2.0,0.03844428062438965
1346.0,14.0,14.0,0.5960862636566162
211.0,4.0,4.0,0.0833280086517334
199.0,3.0,3.0,0.08109879493713379
821.0,9.0,9.0,0.335521936416626
512.0,2.0,2.0,0.2159256935119629
1002.0,2.0,2.0,0.40935611724853516
206.0,3.0,3.0,0.0861046314239502
116.0,4.0,4.0,0.04769587516784668
588.0,9.0,9.0,0.2499544620513916
193.0,4.0,4.0,0.08250141143798828
803.0,12.0,12.0,0.33988356590270996
186.0,2.0,2.0,0.0803835391998291
278.0,2.0,2.0,0.1215369701385498
49.0,1.0,1.0,0.024187088012695312
178.0,4.0,4.0,0.08862423896789551
177.0,4.0,4.0,0.08812546730041504
98.0,3.0,3.0,0.04266548156738281
361.0,2.0,2.0,0.1538228988647461
335.0,5.0,5.0,0.1557021141052246
667.0,10.0,10.0,0.30949854850769043
825.0,3.0,3.0,0.3830068111419678
206.0,7.0,7.0,0.10366511344909668
80.0,1.0,1.0,0.037438154220581055
428.0,1.0,1.0,0.19397926330566406
152.0,5.0,5.0,0.06741619110107422
175.0,13.0,13.0,0.07407402992248535
107.0,1.0,1.0,0.045572519302368164
393.0,16.0,16.0,0.1996452808380127
96.0,1.0,1.0,0.048806190490722656
381.0,13.0,13.0,0.18774628639221191
816.0,7.0,7.0,0.3938717842102051
943.0,4.0,4.0,0.4673733711242676
409.0,6.0,6.0,0.18258237838745117
46.0,4.0,4.0,0.022394418716430664
88.0,1.0,1.0,0.045078277587890625
502.0,12.0,12.0,0.23187541961669922
173.0,0.0,0.0,0.07875728607177734
1091.0,10.0,10.0,0.4874558448791504
244.0,2.0,2.0,0.10354089736938477
381.0,5.0,5.0,0.17813420295715332
42.0,1.0,1.0,0.017178773880004883
200.0,7.0,7.0,0.08519458770751953
73.0,0.0,0.0,0.030241727828979492
142.0,3.0,3.0,0.05873990058898926
1165.0,9.0,9.0,0.5276596546173096
299.0,7.0,7.0,0.12860727310180664
2246.0,15.0,15.0,0.9622581005096436
129.0,1.0,1.0,0.05717945098876953
182.0,1.0,1.0,0.08176946640014648
267.0,15.0,15.0,0.12187647819519043
46.0,1.0,1.0,0.018661022186279297
157.0,6.0,6.0,0.0689387321472168
1571.0,9.0,9.0,0.692542552947998
538.0,12.0,12.0,0.22873353958129883
340.0,5.0,5.0,0.14279961585998535
333.0,8.0,8.0,0.14609766006469727
401.0,6.0,6.0,0.17124605178833008
157.0,1.0,1.0,0.06428003311157227
143.0,4.0,4.0,0.06046104431152344
910.0,12.0,12.0,0.40540385246276855
2233.0,14.0,14.0,0.9857335090637207
295.0,4.0,4.0,0.13185429573059082
188.0,3.0,3.0,0.10248637199401855
48.0,0.0,0.0,0.029060840606689453
241.0,0.0,0.0,0.13437700271606445
749.0,2.0,2.0,0.35741519927978516
514.0,9.0,9.0,0.23071718215942383
75.0,0.0,0.0,0.03142189979553223
154.0,2.0,2.0,0.06557703018188477
936.0,2.0,2.0,0.4114687442779541
447.0,9.0,9.0,0.19131779670715332
411.0,12.0,12.0,0.17571616172790527
115.0,3.0,3.0,0.05442667007446289
547.0,8.0,8.0,0.25237035751342773
1599.0,19.0,19.0,0.6782541275024414
262.0,3.0,3.0,0.11487627029418945
134.0,2.0,2.0,0.056146860122680664
116.0,1.0,1.0,0.04773402214050293
310.0,10.0,10.0,0.12785577774047852
267.0,1.0,1.0,0.11054706573486328
286.0,4.0,4.0,0.11915063858032227
473.0,3.0,3.0,0.2005620002746582
289.0,7.0,7.0,0.12313437461853027
156.0,3.0,3.0,0.06551671028137207
212.0,5.0,5.0,0.09376931190490723
764.0,10.0,10.0,0.3270134925842285
238.0,1.0,1.0,0.1122136116027832
391.0,7.0,7.0,0.16823196411132812
646.0,10.0,10.0,0.2675302028656006
871.0,3.0,3.0,0.36020374298095703
393.0,7.0,7.0,0.1666879653930664
128.0,10.0,10.0,0.05336141586303711
530.0,12.0,12.0,0.22127127647399902
206.0,7.0,7.0,0.08707547187805176
1109.0,14.0,14.0,0.47202634811401367
740.0,8.0,8.0,0.3293497562408447
799.0,8.0,8.0,0.3270883560180664
1585.0,6.0,6.0,0.6703286170959473
96.0,8.0,8.0,0.04150533676147461
284.0,0.0,0.0,0.11264801025390625
455.0,11.0,11.0,0.1885535717010498
1091.0,5.0,5.0,0.4642467498779297
183.0,0.0,0.0,0.07606315612792969
187.0,1.0,1.0,0.07948493957519531
77.0,3.0,3.0,0.03200793266296387
531.0,5.0,5.0,0.24167990684509277
379.0,1.0,1.0,0.16307973861694336
342.0,5.0,5.0,0.14248991012573242
206.0,2.0,2.0,0.08604168891906738
1453.0,15.0,15.0,0.6299636363983154
295.0,3.0,3.0,0.12298083305358887
133.0,1.0,1.0,0.06137728691101074
651.0,2.0,2.0,0.28484344482421875
82.0,2.0,2.0,0.04261422157287598
215.0,7.0,7.0,0.11052060127258301
268.0,4.0,4.0,0.13525938987731934
355.0,4.0,4.0,0.14809155464172363
835.0,9.0,9.0,0.3877534866333008
655.0,1.0,1.0,0.29006385803222656
1859.0,13.0,13.0,0.7763211727142334
452.0,8.0,8.0,0.18511080741882324
890.0,10.0,10.0,0.3693385124206543
172.0,11.0,11.0,0.07331585884094238
250.0,9.0,9.0,0.10373282432556152
484.0,9.0,9.0,0.2173006534576416
685.0,5.0,5.0,0.2897214889526367
133.0,3.0,3.0,0.0590207576751709
901.0,10.0,10.0,0.37348055839538574
514.0,7.0,7.0,0.2139146327972412
178.0,7.0,7.0,0.07405233383178711
77.0,5.0,5.0,0.031232118606567383
801.0,10.0,10.0,0.3407571315765381
738.0,11.0,11.0,0.3045382499694824
234.0,3.0,3.0,0.09657931327819824
610.0,6.0,6.0,0.2553713321685791
468.0,10.0,10.0,0.21633243560791016
394.0,5.0,5.0,0.1630241870880127
1452.0,19.0,19.0,0.6254775524139404
58.0,2.0,2.0,0.024007558822631836
104.0,4.0,4.0,0.04393815994262695
272.0,2.0,2.0,0.11486005783081055
425.0,2.0,2.0,0.1749401092529297
129.0,2.0,2.0,0.05199861526489258
1584.0,9.0,9.0,0.6626224517822266
256.0,2.0,2.0,0.10831379890441895
444.0,8.0,8.0,0.21573233604431152
47.0,1.0,1.0,0.019923925399780273
107.0,2.0,2.0,0.04403829574584961
46.0,1.0,1.0,0.019998550415039062
130.0,3.0,3.0,0.05333447456359863
438.0,3.0,3.0,0.18179702758789062
762.0,16.0,16.0,0.3149223327636719
304.0,4.0,4.0,0.1257619857788086
657.0,9.0,9.0,0.27588963508605957
345.0,4.0,4.0,0.14377951622009277
263.0,2.0,2.0,0.10907244682312012
440.0,6.0,6.0,0.1826317310333252
302.0,13.0,13.0,0.12684011459350586
187.0,1.0,1.0,0.07622575759887695
69.0,9.0,9.0,0.028175830841064453
343.0,3.0,3.0,0.14277362823486328
64.0,6.0,6.0,0.027939558029174805
65.0,5.0,5.0,0.027011632919311523
457.0,3.0,3.0,0.21186399459838867
295.0,3.0,3.0,0.12181234359741211
1976.0,15.0,15.0,0.831977367401123
213.0,0.0,0.0,0.0885009765625
270.0,4.0,4.0,0.1154012680053711
201.0,4.0,4.0,0.0837714672088623
434.0,4.0,4.0,0.17877578735351562
198.0,4.0,4.0,0.08514523506164551
461.0,3.0,3.0,0.1917121410369873
342.0,7.0,7.0,0.1449298858642578
65.0,0.0,0.0,0.027265548706054688
681.0,7.0,7.0,0.30472588539123535
451.0,2.0,2.0,0.20161151885986328
564.0,2.0,2.0,0.23299360275268555
702.0,4.0,4.0,0.287583589553833
71.0,0.0,0.0,0.030971765518188477
549.0,7.0,7.0,0.22973108291625977
1201.0,28.0,28.0,0.4997272491455078
424.0,8.0,8.0,0.1755533218383789
106.0,3.0,3.0,0.04348611831665039
65.0,2.0,2.0,0.02733755111694336
193.0,3.0,3.0,0.07928752899169922
526.0,6.0,6.0,0.22453594207763672
1077.0,8.0,8.0,0.46522974967956543
213.0,2.0,2.0,0.08731842041015625
428.0,15.0,15.0,0.18152928352355957
306.0,2.0,2.0,0.12532663345336914
61.0,8.0,8.0,0.03728795051574707
141.0,4.0,4.0,0.05699443817138672
480.0,8.0,8.0,0.19676566123962402
284.0,7.0,7.0,0.11717391014099121
275.0,0.0,0.0,0.12229681015014648
198.0,7.0,7.0,0.08405232429504395
646.0,13.0,13.0,0.2904820442199707
859.0,8.0,8.0,0.3905212879180908
52.0,0.0,0.0,0.021462202072143555
1192.0,12.0,12.0,0.551497220993042
427.0,9.0,9.0,0.17093539237976074
1565.0,13.0,13.0,0.7388916015625
71.0,2.0,2.0,0.0340578556060791
283.0,4.0,4.0,0.11967349052429199
195.0,0.0,0.0,0.07946419715881348
715.0,8.0,8.0,0.30220818519592285
778.0,7.0,7.0,0.3459603786468506
248.0,5.0,5.0,0.10835981369018555
90.0,1.0,1.0,0.03782176971435547
997.0,8.0,8.0,0.42046141624450684
663.0,5.0,5.0,0.284945011138916
459.0,6.0,6.0,0.19678544998168945
1137.0,10.0,10.0,0.4771103858947754
1687.0,12.0,12.0,0.7109708786010742
194.0,1.0,1.0,0.08104443550109863
139.0,5.0,5.0,0.057085275650024414
94.0,3.0,3.0,0.03761029243469238
572.0,10.0,10.0,0.23682546615600586
248.0,5.0,5.0,0.10176253318786621
200.0,6.0,6.0,0.08586502075195312
643.0,8.0,8.0,0.2659342288970947
372.0,3.0,3.0,0.1562638282775879
105.0,2.0,2.0,0.043248653411865234
697.0,14.0,14.0,0.2956428527832031
221.0,5.0,5.0,0.09005379676818848
131.0,0.0,0.0,0.054245948791503906
88.0,4.0,4.0,0.039064645767211914
167.0,0.0,0.0,0.07026219367980957
73.0,4.0,4.0,0.02919793128967285
319.0,11.0,11.0,0.13244175910949707
568.0,4.0,4.0,0.23779773712158203
659.0,6.0,6.0,0.29458069801330566
206.0,0.0,0.0,0.08892822265625
61.0,1.0,1.0,0.027682065963745117
413.0,3.0,3.0,0.17122936248779297
107.0,1.0,1.0,0.04438281059265137
233.0,0.0,0.0,0.09516382217407227
169.0,3.0,3.0,0.06979894638061523
747.0,19.0,19.0,0.3130836486816406
273.0,7.0,7.0,0.11256790161132812
470.0,10.0,10.0,0.19859075546264648
84.0,0.0,0.0,0.03500843048095703
148.0,0.0,0.0,0.06313610076904297
860.0,7.0,7.0,0.35449719429016113
602.0,10.0,10.0,0.25164270401000977
476.0,1.0,1.0,0.21379566192626953
82.0,0.0,0.0,0.033710479736328125
479.0,4.0,4.0,0.20075345039367676
894.0,3.0,3.0,0.3690221309661865
305.0,4.0,4.0,0.13076257705688477
268.0,4.0,4.0,0.11286807060241699
1043.0,11.0,11.0,0.4349515438079834
216.0,2.0,2.0,0.08783197402954102
80.0,3.0,3.0,0.03204941749572754
58.0,1.0,1.0,0.02431511878967285
352.0,6.0,6.0,0.14222049713134766
557.0,3.0,3.0,0.228623628616333
342.0,13.0,13.0,0.1411144733428955
184.0,1.0,1.0,0.08216667175292969
51.0,3.0,3.0,0.0279695987701416
101.0,10.0,10.0,0.0555570125579834
232.0,7.0,7.0,0.10132765769958496
1591.0,13.0,13.0,0.6888940334320068
92.0,1.0,1.0,0.03918766975402832
141.0,0.0,0.0,0.0651395320892334
180.0,7.0,7.0,0.07915568351745605
138.0,2.0,2.0,0.06421351432800293
60.0,1.0,1.0,0.026140928268432617
277.0,4.0,4.0,0.12304258346557617
142.0,4.0,4.0,0.05801582336425781
159.0,3.0,3.0,0.06574559211730957
72.0,1.0,1.0,0.03124380111694336
395.0,7.0,7.0,0.16549468040466309
501.0,5.0,5.0,0.2106027603149414
609.0,7.0,7.0,0.2569999694824219
273.0,4.0,4.0,0.1124722957611084
72.0,3.0,3.0,0.04426002502441406
31.0,0.0,0.0,0.01618194580078125
1171.0,3.0,3.0,0.5061397552490234
86.0,2.0,2.0,0.036163330078125
569.0,5.0,5.0,0.2357785701751709
404.0,11.0,11.0,0.17200779914855957
111.0,5.0,5.0,0.0465083122253418
130.0,0.0,0.0,0.05573868751525879
540.0,10.0,10.0,0.22210192680358887
381.0,4.0,4.0,0.16107821464538574
276.0,3.0,3.0,0.11413407325744629
553.0,5.0,5.0,0.22908282279968262
341.0,2.0,2.0,0.1534099578857422
712.0,18.0,18.0,0.3507704734802246
401.0,4.0,4.0,0.1767439842224121
273.0,6.0,6.0,0.11873292922973633
671.0,9.0,9.0,0.3193950653076172
241.0,4.0,4.0,0.09481549263000488
635.0,4.0,4.0,0.27887630462646484
434.0,9.0,9.0,0.1871490478515625
106.0,0.0,0.0,0.04293346405029297
363.0,9.0,9.0,0.1594855785369873
917.0,4.0,4.0,0.39654088020324707
160.0,13.0,13.0,0.0676889419555664
96.0,2.0,2.0,0.040219783782958984
454.0,8.0,8.0,0.2049555778503418
597.0,5.0,5.0,0.25187158584594727
155.0,1.0,1.0,0.062390804290771484
720.0,9.0,9.0,0.30378198623657227
478.0,4.0,4.0,0.1988234519958496
402.0,7.0,7.0,0.16670560836791992
455.0,4.0,4.0,0.1910254955291748
464.0,7.0,7.0,0.1896195411682129
166.0,2.0,2.0,0.06851577758789062
145.0,1.0,1.0,0.06152820587158203
166.0,5.0,5.0,0.07075071334838867
1075.0,12.0,12.0,0.44973087310791016
142.0,3.0,3.0,0.059674978256225586
151.0,10.0,10.0,0.07696652412414551
647.0,5.0,5.0,0.2694356441497803
712.0,5.0,5.0,0.2954576015472412
877.0,9.0,9.0,0.3639538288116455
370.0,3.0,3.0,0.15411996841430664
259.0,7.0,7.0,0.1563096046447754
626.0,2.0,2.0,0.2578120231628418
356.0,3.0,3.0,0.14708709716796875
997.0,9.0,9.0,0.4254903793334961
610.0,0.0,0.0,0.2734029293060303
1668.0,16.0,16.0,0.6976642608642578
807.0,2.0,2.0,0.3360769748687744
435.0,9.0,9.0,0.1822645664215088
384.0,3.0,3.0,0.1604447364807129
165.0,1.0,1.0,0.06812572479248047
125.0,1.0,1.0,0.05248308181762695
1070.0,4.0,4.0,0.44161295890808105
298.0,6.0,6.0,0.13944244384765625
339.0,4.0,4.0,0.14197015762329102
130.0,2.0,2.0,0.05160069465637207
114.0,6.0,6.0,0.04566049575805664
592.0,4.0,4.0,0.2517886161804199
1366.0,12.0,12.0,0.5654442310333252
193.0,2.0,2.0,0.08003878593444824
356.0,5.0,5.0,0.14717698097229004
1152.0,6.0,6.0,0.4861774444580078
326.0,4.0,4.0,0.13624787330627441
127.0,2.0,2.0,0.05371594429016113
88.0,2.0,2.0,0.03700828552246094
928.0,10.0,10.0,0.40277814865112305
736.0,6.0,6.0,0.3081810474395752
244.0,8.0,8.0,0.10050463676452637
871.0,8.0,8.0,0.35904693603515625
124.0,6.0,6.0,0.052323341369628906
278.0,4.0,4.0,0.11712408065795898
284.0,4.0,4.0,0.11809802055358887
120.0,3.0,3.0,0.0499114990234375
52.0,1.0,1.0,0.020312070846557617
123.0,5.0,5.0,0.0507352352142334
402.0,6.0,6.0,0.1658327579498291
1081.0,11.0,11.0,0.4519960880279541
562.0,3.0,3.0,0.2793278694152832
145.0,2.0,2.0,0.060270071029663086
356.0,2.0,2.0,0.147172212600708
224.0,1.0,1.0,0.09388852119445801
601.0,9.0,9.0,0.2536146640777588
350.0,2.0,2.0,0.14424610137939453
164.0,7.0,7.0,0.0665595531463623
505.0,9.0,9.0,0.2143104076385498
740.0,7.0,7.0,0.3097405433654785
1322.0,7.0,7.0,0.5560059547424316
133.0,3.0,3.0,0.054888248443603516
168.0,0.0,0.0,0.07542848587036133
429.0,6.0,6.0,0.20210051536560059
91.0,7.0,7.0,0.0373387336730957
820.0,9.0,9.0,0.3998105525970459
479.0,6.0,6.0,0.21805810928344727
98.0,3.0,3.0,0.04678606986999512
75.0,1.0,1.0,0.03209185600280762
293.0,7.0,7.0,0.13474059104919434
1537.0,12.0,12.0,0.7067441940307617
346.0,3.0,3.0,0.1506047248840332
260.0,1.0,1.0,0.1157686710357666
107.0,6.0,6.0,0.050823211669921875
1415.0,11.0,11.0,0.6356065273284912
479.0,2.0,2.0,0.20926809310913086
535.0,3.0,3.0,0.21735429763793945
941.0,21.0,21.0,0.392519474029541
476.0,4.0,4.0,0.2000293731689453
114.0,3.0,3.0,0.048607826232910156
692.0,13.0,13.0,0.28563952445983887
55.0,1.0,1.0,0.022830486297607422
206.0,6.0,6.0,0.0841057300567627
386.0,6.0,6.0,0.16880273818969727
220.0,9.0,9.0,0.10892844200134277
34.0,0.0,0.0,0.016387224197387695
610.0,3.0,3.0,0.2571287155151367
202.0,3.0,3.0,0.08696126937866211
114.0,5.0,5.0,0.0474851131439209
775.0,10.0,10.0,0.31762218475341797
120.0,10.0,10.0,0.04967212677001953
527.0,9.0,9.0,0.2197895050048828
229.0,3.0,3.0,0.09498095512390137
978.0,15.0,15.0,0.4118616580963135
369.0,0.0,0.0,0.1535778045654297
1148.0,6.0,6.0,0.49680399894714355
195.0,1.0,1.0,0.08320760726928711
224.0,4.0,4.0,0.09135150909423828
226.0,3.0,3.0,0.09285497665405273
337.0,6.0,6.0,0.1394970417022705
70.0,0.0,0.0,0.029877185821533203
241.0,5.0,5.0,0.0996556282043457
214.0,2.0,2.0,0.09003734588623047
186.0,5.0,5.0,0.07793283462524414
543.0,3.0,3.0,0.22449040412902832
313.0,1.0,1.0,0.13139033317565918
136.0,3.0,3.0,0.055855512619018555
228.0,6.0,6.0,0.09589648246765137
326.0,9.0,9.0,0.13774991035461426
470.0,13.0,13.0,0.19322729110717773
302.0,4.0,4.0,0.13223600387573242
113.0,0.0,0.0,0.0486752986907959
141.0,6.0,6.0,0.05947518348693848
756.0,6.0,6.0,0.3306872844696045
286.0,9.0,9.0,0.12836194038391113
152.0,2.0,2.0,0.06491637229919434
993.0,13.0,13.0,0.41690778732299805
128.0,12.0,12.0,0.050426483154296875
429.0,9.0,9.0,0.17739200592041016
297.0,1.0,1.0,0.12003588676452637
409.0,2.0,2.0,0.17173361778259277
691.0,4.0,4.0,0.28632545471191406
131.0,4.0,4.0,0.05427813529968262
122.0,2.0,2.0,0.049530982971191406
324.0,3.0,3.0,0.13553929328918457
535.0,11.0,11.0,0.2206742763519287
677.0,4.0,4.0,0.2929799556732178
873.0,8.0,8.0,0.3756227493286133
228.0,1.0,1.0,0.09296202659606934
142.0,3.0,3.0,0.05866265296936035
199.0,3.0,3.0,0.08361577987670898
509.0,5.0,5.0,0.21732425689697266
43.0,2.0,2.0,0.018146276473999023
104.0,3.0,3.0,0.04221630096435547
621.0,5.0,5.0,0.254575252532959
1301.0,25.0,25.0,0.5401961803436279
302.0,7.0,7.0,0.12231898307800293
920.0,8.0,8.0,0.40648698806762695
214.0,8.0,8.0,0.09196662902832031
388.0,3.0,3.0,0.16367888450622559
126.0,12.0,12.0,0.05329108238220215
976.0,8.0,8.0,0.4049971103668213
72.0,0.0,0.0,0.031124591827392578
1057.0,14.0,14.0,0.4447357654571533
732.0,4.0,4.0,0.3025240898132324
95.0,0.0,0.0,0.039383888244628906
56.0,0.0,0.0,0.022073745727539062
1174.0,14.0,14.0,0.4984130859375
644.0,1.0,1.0,0.2879798412322998
444.0,12.0,12.0,0.18753528594970703
917.0,8.0,8.0,0.38392019271850586
965.0,8.0,8.0,0.454376220703125
852.0,11.0,11.0,0.3809058666229248
202.0,9.0,9.0,0.10971522331237793
202.0,4.0,4.0,0.09720444679260254
468.0,3.0,3.0,0.1899580955505371
118.0,4.0,4.0,0.05542278289794922
253.0,7.0,7.0,0.11821174621582031
288.0,7.0,7.0,0.1466693878173828
372.0,5.0,5.0,0.15674781799316406
53.0,0.0,0.0,0.025011539459228516
70.0,0.0,0.0,0.031209468841552734
191.0,8.0,8.0,0.09086751937866211
76.0,3.0,3.0,0.031165599822998047
51.0,2.0,2.0,0.02427840232849121
182.0,4.0,4.0,0.07457566261291504
468.0,6.0,6.0,0.20588350296020508
545.0,13.0,13.0,0.23246026039123535
183.0,10.0,10.0,0.07424187660217285
67.0,1.0,1.0,0.02630615234375
153.0,3.0,3.0,0.06265664100646973
468.0,2.0,2.0,0.20154166221618652
91.0,0.0,0.0,0.03728032112121582
690.0,10.0,10.0,0.2870917320251465
788.0,9.0,9.0,0.33353304862976074
810.0,9.0,9.0,0.3628659248352051
103.0,7.0,7.0,0.04214644432067871
202.0,0.0,0.0,0.08471274375915527
1063.0,7.0,7.0,0.441694974899292
321.0,2.0,2.0,0.1315474510192871
112.0,3.0,3.0,0.046977996826171875
140.0,1.0,1.0,0.05727219581604004
196.0,5.0,5.0,0.0884552001953125
40.0,0.0,0.0,0.017184019088745117
349.0,2.0,2.0,0.14579248428344727
142.0,2.0,2.0,0.05841326713562012
521.0,1.0,1.0,0.21449708938598633
128.0,3.0,3.0,0.052004098892211914
66.0,3.0,3.0,0.027241230010986328
142.0,4.0,4.0,0.06009936332702637
843.0,7.0,7.0,0.3533504009246826
152.0,2.0,2.0,0.06318211555480957
159.0,4.0,4.0,0.0893545150756836
50.0,0.0,0.0,0.02383589744567871
30.0,0.0,0.0,0.012643098831176758
47.0,1.0,1.0,0.024088144302368164
166.0,0.0,0.0,0.07521247863769531
227.0,4.0,4.0,0.09553813934326172
163.0,2.0,2.0,0.06705713272094727
141.0,3.0,3.0,0.05652022361755371
68.0,0.0,0.0,0.028182268142700195
49.0,0.0,0.0,0.01999378204345703
416.0,1.0,1.0,0.17389822006225586
91.0,0.0,0.0,0.038945674896240234
988.0,10.0,10.0,0.43528103828430176
177.0,7.0,7.0,0.07208085060119629
214.0,1.0,1.0,0.09364676475524902
234.0,6.0,6.0,0.10399150848388672
261.0,4.0,4.0,0.11663198471069336
348.0,7.0,7.0,0.1586451530456543
164.0,2.0,2.0,0.07259130477905273
138.0,2.0,2.0,0.0628817081451416
335.0,2.0,2.0,0.1475377082824707
252.0,4.0,4.0,0.11626458168029785
545.0,2.0,2.0,0.23005127906799316
362.0,5.0,5.0,0.15175533294677734
152.0,6.0,6.0,0.06172966957092285
1021.0,6.0,6.0,0.4242398738861084
335.0,0.0,0.0,0.13879108428955078
71.0,2.0,2.0,0.029430389404296875
142.0,3.0,3.0,0.05860543251037598
546.0,16.0,16.0,0.2264857292175293
152.0,5.0,5.0,0.06471395492553711
170.0,3.0,3.0,0.07090973854064941
100.0,8.0,8.0,0.043100595474243164
121.0,3.0,3.0,0.04973578453063965
2223.0,7.0,7.0,0.9566953182220459
347.0,14.0,14.0,0.14257431030273438
1267.0,10.0,10.0,0.5303299427032471
347.0,5.0,5.0,0.14269804954528809
658.0,1.0,1.0,0.2778134346008301
37.0,1.0,1.0,0.015526533126831055
718.0,5.0,5.0,0.3120856285095215
440.0,6.0,6.0,0.18485283851623535
911.0,9.0,9.0,0.38976478576660156
2323.0,13.0,13.0,0.9923207759857178
174.0,6.0,6.0,0.07262730598449707
301.0,1.0,1.0,0.12246298789978027
58.0,0.0,0.0,0.025259971618652344
269.0,4.0,4.0,0.11510467529296875
370.0,4.0,4.0,0.15096545219421387
640.0,11.0,11.0,0.26874780654907227
581.0,3.0,3.0,0.2447512149810791
536.0,13.0,13.0,0.22440767288208008
628.0,13.0,13.0,0.2873220443725586
413.0,14.0,14.0,0.1733236312866211
186.0,1.0,1.0,0.07781171798706055
685.0,9.0,9.0,0.2820448875427246
107.0,5.0,5.0,0.043150901794433594
660.0,3.0,3.0,0.27321457862854004
91.0,0.0,0.0,0.03746628761291504
231.0,2.0,2.0,0.0949256420135498
323.0,2.0,2.0,0.1447298526763916
696.0,4.0,4.0,0.29111671447753906
304.0,2.0,2.0,0.15643835067749023
89.0,3.0,3.0,0.040311574935913086
1001.0,8.0,8.0,0.4842853546142578
366.0,4.0,4.0,0.15447783470153809
417.0,8.0,8.0,0.17142677307128906
437.0,6.0,6.0,0.18639111518859863
712.0,12.0,12.0,0.32891368865966797
635.0,8.0,8.0,0.3190920352935791
454.0,6.0,6.0,0.19649147987365723
347.0,2.0,2.0,0.14391708374023438
604.0,6.0,6.0,0.2623000144958496
130.0,1.0,1.0,0.054094791412353516
95.0,1.0,1.0,0.03800630569458008
699.0,16.0,16.0,0.3209068775177002
751.0,6.0,6.0,0.3041815757751465
582.0,6.0,6.0,0.23860549926757812
314.0,6.0,6.0,0.1287705898284912
102.0,3.0,3.0,0.045647621154785156
109.0,7.0,7.0,0.04526662826538086
895.0,4.0,4.0,0.37210941314697266
116.0,3.0,3.0,0.04794144630432129
522.0,3.0,3.0,0.21666216850280762
854.0,8.0,8.0,0.35796022415161133
422.0,7.0,7.0,0.17324018478393555
97.0,2.0,2.0,0.03989601135253906
100.0,1.0,1.0,0.045751094818115234
269.0,5.0,5.0,0.13538789749145508
487.0,4.0,4.0,0.20365047454833984
335.0,6.0,6.0,0.14259767532348633
173.0,1.0,1.0,0.06962442398071289
460.0,3.0,3.0,0.19014811515808105
122.0,0.0,0.0,0.050235748291015625
258.0,4.0,4.0,0.10734701156616211
456.0,1.0,1.0,0.18774819374084473
682.0,13.0,13.0,0.2904508113861084
377.0,8.0,8.0,0.15712594985961914
353.0,4.0,4.0,0.14579272270202637
197.0,6.0,6.0,0.08010482788085938
440.0,2.0,2.0,0.18260931968688965
231.0,1.0,1.0,0.09524822235107422
855.0,5.0,5.0,0.3737185001373291
316.0,5.0,5.0,0.12870001792907715
341.0,4.0,4.0,0.14002370834350586
443.0,4.0,4.0,0.18410181999206543
129.0,2.0,2.0,0.052114009857177734
161.0,11.0,11.0,0.06813621520996094
195.0,6.0,6.0,0.08182263374328613
1108.0,11.0,11.0,0.4598352909088135
900.0,8.0,8.0,0.37108302116394043
257.0,4.0,4.0,0.10511231422424316
216.0,3.0,3.0,0.08889937400817871
360.0,2.0,2.0,0.1486654281616211
292.0,0.0,0.0,0.13484454154968262
789.0,9.0,9.0,0.3283357620239258
180.0,0.0,0.0,0.07725071907043457
220.0,9.0,9.0,0.09154033660888672
224.0,10.0,10.0,0.09280991554260254
1399.0,16.0,16.0,0.5897388458251953
99.0,0.0,0.0,0.04050159454345703
578.0,6.0,6.0,0.24239230155944824
76.0,7.0,7.0,0.03251338005065918
463.0,3.0,3.0,0.1912076473236084
56.0,4.0,4.0,0.02275991439819336
589.0,11.0,11.0,0.2413806915283203
1490.0,17.0,17.0,0.6454300880432129
101.0,0.0,0.0,0.04105424880981445
231.0,1.0,1.0,0.09475398063659668
143.0,4.0,4.0,0.05960488319396973
1726.0,17.0,17.0,0.7191605567932129
130.0,1.0,1.0,0.057535409927368164
423.0,3.0,3.0,0.17970681190490723
1277.0,15.0,15.0,0.5343542098999023
194.0,2.0,2.0,0.09867238998413086
264.0,4.0,4.0,0.11763954162597656
240.0,9.0,9.0,0.09998440742492676
54.0,3.0,3.0,0.02307748794555664
1196.0,13.0,13.0,0.5047075748443604
79.0,3.0,3.0,0.03272509574890137
191.0,5.0,5.0,0.07879424095153809
415.0,1.0,1.0,0.17234587669372559
1292.0,14.0,14.0,0.5325677394866943
377.0,3.0,3.0,0.15437698364257812
1308.0,11.0,11.0,0.5862767696380615
215.0,8.0,8.0,0.09439301490783691
53.0,3.0,3.0,0.02447962760925293
456.0,3.0,3.0,0.21752357482910156
1057.0,14.0,14.0,0.5010697841644287
331.0,4.0,4.0,0.1328723430633545
239.0,6.0,6.0,0.09929347038269043
330.0,4.0,4.0,0.16159963607788086
48.0,0.0,0.0,0.0250704288482666
391.0,1.0,1.0,0.15705227851867676
477.0,11.0,11.0,0.20414376258850098
265.0,4.0,4.0,0.11492419242858887
70.0,0.0,0.0,0.03187084197998047
314.0,5.0,5.0,0.13199806213378906
432.0,6.0,6.0,0.196336030960083
206.0,6.0,6.0,0.0890960693359375
154.0,6.0,6.0,0.07812237739562988
644.0,10.0,10.0,0.2622835636138916
386.0,9.0,9.0,0.1605219841003418
197.0,2.0,2.0,0.08276915550231934
874.0,15.0,15.0,0.36519932746887207
243.0,5.0,5.0,0.09987497329711914
152.0,0.0,0.0,0.06289076805114746
252.0,13.0,13.0,0.1056206226348877
123.0,3.0,3.0,0.05135917663574219
215.0,1.0,1.0,0.08779406547546387
164.0,7.0,7.0,0.06789922714233398
600.0,10.0,10.0,0.24374723434448242
303.0,3.0,3.0,0.12720441818237305
341.0,9.0,9.0,0.13715147972106934
452.0,5.0,5.0,0.21685457229614258
117.0,6.0,6.0,0.04604339599609375
1106.0,14.0,14.0,0.49525880813598633
89.0,5.0,5.0,0.03716158866882324
343.0,1.0,1.0,0.14911365509033203
207.0,4.0,4.0,0.0821986198425293
609.0,6.0,6.0,0.25469112396240234
668.0,9.0,9.0,0.2798304557800293
54.0,0.0,0.0,0.022109270095825195
420.0,3.0,3.0,0.17566323280334473
385.0,10.0,10.0,0.1592717170715332
340.0,3.0,3.0,0.14687156677246094
307.0,2.0,2.0,0.12737202644348145
331.0,0.0,0.0,0.16955041885375977
244.0,2.0,2.0,0.10102128982543945
619.0,9.0,9.0,0.25641846656799316
57.0,0.0,0.0,0.0231935977935791
356.0,5.0,5.0,0.15099811553955078
249.0,5.0,5.0,0.10111141204833984
239.0,7.0,7.0,0.09995150566101074
736.0,7.0,7.0,0.30135512351989746
394.0,5.0,5.0,0.16470813751220703
342.0,4.0,4.0,0.14334869384765625
308.0,6.0,6.0,0.1272273063659668
171.0,0.0,0.0,0.07184505462646484
946.0,13.0,13.0,0.39296674728393555
562.0,6.0,6.0,0.25687384605407715
183.0,3.0,3.0,0.07761716842651367
129.0,6.0,6.0,0.052932024002075195
435.0,12.0,12.0,0.18383216857910156
116.0,3.0,3.0,0.04709172248840332
81.0,0.0,0.0,0.032625675201416016
756.0,7.0,7.0,0.3249545097351074
106.0,8.0,8.0,0.04417777061462402
76.0,2.0,2.0,0.0310060977935791
140.0,0.0,0.0,0.05790829658508301
520.0,17.0,17.0,0.2164318561553955
105.0,6.0,6.0,0.043272972106933594
234.0,0.0,0.0,0.09643363952636719
1180.0,7.0,7.0,0.4939744472503662
1085.0,7.0,7.0,0.47561097145080566
632.0,4.0,4.0,0.26526856422424316
503.0,8.0,8.0,0.21032452583312988
62.0,3.0,3.0,0.02506089210510254
343.0,8.0,8.0,0.1433265209197998
390.0,3.0,3.0,0.16457843780517578
267.0,3.0,3.0,0.11222290992736816
709.0,10.0,10.0,0.29931116104125977
476.0,8.0,8.0,0.20852231979370117
453.0,7.0,7.0,0.18817996978759766
378.0,5.0,5.0,0.15543580055236816
603.0,10.0,10.0,0.267622709274292
264.0,5.0,5.0,0.1214444637298584
365.0,1.0,1.0,0.1541588306427002
169.0,2.0,2.0,0.0690774917602539
407.0,1.0,1.0,0.16734623908996582
220.0,12.0,12.0,0.09033632278442383
77.0,1.0,1.0,0.0311276912689209
144.0,2.0,2.0,0.05988430976867676
161.0,4.0,4.0,0.06651687622070312
206.0,4.0,4.0,0.08751726150512695
369.0,4.0,4.0,0.15203022956848145
1416.0,9.0,9.0,0.5909531116485596
825.0,12.0,12.0,0.3645174503326416
477.0,1.0,1.0,0.2010507583618164
112.0,1.0,1.0,0.05305767059326172
580.0,7.0,7.0,0.2378864288330078
663.0,13.0,13.0,0.3054027557373047
278.0,1.0,1.0,0.17542362213134766
93.0,0.0,0.0,0.03606772422790527
264.0,4.0,4.0,0.10466170310974121
981.0,13.0,13.0,0.43802714347839355
550.0,11.0,11.0,0.23649239540100098
612.0,4.0,4.0,0.28609514236450195
497.0,17.0,17.0,0.23636174201965332
501.0,9.0,9.0,0.24117374420166016
222.0,2.0,2.0,0.10191464424133301
69.0,0.0,0.0,0.027064085006713867
686.0,5.0,5.0,0.28461790084838867
320.0,12.0,12.0,0.13952016830444336
472.0,4.0,4.0,0.20264792442321777
523.0,5.0,5.0,0.21611404418945312
153.0,3.0,3.0,0.06427478790283203
308.0,5.0,5.0,0.12948822975158691
192.0,3.0,3.0,0.07948660850524902
149.0,11.0,11.0,0.06463336944580078
178.0,3.0,3.0,0.07535696029663086
75.0,2.0,2.0,0.0301361083984375
604.0,4.0,4.0,0.2566215991973877
434.0,8.0,8.0,0.18052029609680176
66.0,3.0,3.0,0.02608633041381836
430.0,4.0,4.0,0.20486116409301758
200.0,2.0,2.0,0.09609866142272949
182.0,4.0,4.0,0.08224725723266602
112.0,0.0,0.0,0.05053853988647461
1194.0,17.0,17.0,0.5319809913635254
1043.0,4.0,4.0,0.4343841075897217
479.0,3.0,3.0,0.19930696487426758
325.0,9.0,9.0,0.13520312309265137
40.0,3.0,3.0,0.01927495002746582
294.0,0.0,0.0,0.12259054183959961
322.0,3.0,3.0,0.13911175727844238
310.0,2.0,2.0,0.12761974334716797
589.0,5.0,5.0,0.26241469383239746
53.0,1.0,1.0,0.02151322364807129
1223.0,10.0,10.0,0.5115127563476562
442.0,6.0,6.0,0.18683290481567383
123.0,0.0,0.0,0.05108642578125
96.0,0.0,0.0,0.040550947189331055
171.0,0.0,0.0,0.07115745544433594
1033.0,6.0,6.0,0.4287259578704834
38.0,0.0,0.0,0.016705989837646484
696.0,19.0,19.0,0.2892427444458008
217.0,6.0,6.0,0.08985018730163574
276.0,0.0,0.0,0.11388897895812988
370.0,3.0,3.0,0.15726017951965332
378.0,4.0,4.0,0.17841458320617676
729.0,8.0,8.0,0.30417561531066895
131.0,5.0,5.0,0.05581378936767578
752.0,6.0,6.0,0.31950926780700684
582.0,8.0,8.0,0.3242630958557129
108.0,2.0,2.0,0.045504093170166016
434.0,7.0,7.0,0.1813046932220459
450.0,5.0,5.0,0.18676233291625977
458.0,6.0,6.0,0.1895287036895752
266.0,3.0,3.0,0.11296486854553223
944.0,3.0,3.0,0.4186820983886719
1442.0,4.0,4.0,0.6048901081085205
171.0,1.0,1.0,0.07153964042663574
563.0,6.0,6.0,0.23758149147033691
1662.0,12.0,12.0,0.6894242763519287
77.0,0.0,0.0,0.03222084045410156
95.0,4.0,4.0,0.03907966613769531
1210.0,10.0,10.0,0.5335543155670166
322.0,7.0,7.0,0.13353872299194336
73.0,1.0,1.0,0.03020000457763672
188.0,5.0,5.0,0.07805013656616211
286.0,1.0,1.0,0.1195516586303711
107.0,1.0,1.0,0.04585766792297363
219.0,1.0,1.0,0.08911442756652832
298.0,1.0,1.0,0.12998104095458984
411.0,1.0,1.0,0.17185354232788086
207.0,3.0,3.0,0.084442138671875
814.0,3.0,3.0,0.33638834953308105
170.0,4.0,4.0,0.07113981246948242
789.0,4.0,4.0,0.3231649398803711
213.0,2.0,2.0,0.08966565132141113
158.0,2.0,2.0,0.07085537910461426
416.0,4.0,4.0,0.1696171760559082
117.0,7.0,7.0,0.048218727111816406
322.0,4.0,4.0,0.15146636962890625
196.0,1.0,1.0,0.08365917205810547
125.0,2.0,2.0,0.052170753479003906
373.0,14.0,14.0,0.1537632942199707
77.0,0.0,0.0,0.030898332595825195
160.0,1.0,1.0,0.06501531600952148
244.0,1.0,1.0,0.10300636291503906
84.0,4.0,4.0,0.03497576713562012
135.0,9.0,9.0,0.05688309669494629
445.0,3.0,3.0,0.1860959529876709
189.0,4.0,4.0,0.0764009952545166
143.0,7.0,7.0,0.06593751907348633
319.0,3.0,3.0,0.13672709465026855
99.0,0.0,0.0,0.05095624923706055
181.0,7.0,7.0,0.0956108570098877
1248.0,14.0,14.0,0.5941274166107178
39.0,0.0,0.0,0.0211026668548584
755.0,10.0,10.0,0.3120543956756592
246.0,3.0,3.0,0.11200308799743652
177.0,2.0,2.0,0.08118820190429688
214.0,3.0,3.0,0.10364341735839844
455.0,4.0,4.0,0.2203519344329834
360.0,4.0,4.0,0.16097116470336914
98.0,5.0,5.0,0.040724754333496094
63.0,2.0,2.0,0.02575230598449707
572.0,9.0,9.0,0.25210142135620117
111.0,5.0,5.0,0.0447847843170166
1010.0,18.0,18.0,0.429851770401001
544.0,6.0,6.0,0.22423815727233887
413.0,8.0,8.0,0.17140555381774902
61.0,6.0,6.0,0.024800539016723633
42.0,0.0,0.0,0.017765045166015625
305.0,1.0,1.0,0.12321686744689941
142.0,0.0,0.0,0.05996990203857422
317.0,1.0,1.0,0.15643692016601562
279.0,6.0,6.0,0.12326765060424805
299.0,2.0,2.0,0.1269702911376953
326.0,9.0,9.0,0.13464665412902832
858.0,21.0,21.0,0.35270047187805176
270.0,4.0,4.0,0.11345553398132324
596.0,2.0,2.0,0.250319242477417
48.0,1.0,1.0,0.019487857818603516
174.0,0.0,0.0,0.07588338851928711
291.0,17.0,17.0,0.1195213794708252
660.0,7.0,7.0,0.27724623680114746
258.0,1.0,1.0,0.10753345489501953
722.0,12.0,12.0,0.29772114753723145
885.0,2.0,2.0,0.3905205726623535
240.0,3.0,3.0,0.09936714172363281
635.0,3.0,3.0,0.2619013786315918
265.0,2.0,2.0,0.10823655128479004
246.0,4.0,4.0,0.10195231437683105
129.0,7.0,7.0,0.054290056228637695
1230.0,15.0,15.0,0.5138309001922607
105.0,6.0,6.0,0.0436863899230957
336.0,2.0,2.0,0.1452624797821045
901.0,2.0,2.0,0.37075281143188477
195.0,9.0,9.0,0.08296942710876465
882.0,0.0,0.0,0.3857288360595703
187.0,7.0,7.0,0.07492446899414062
479.0,6.0,6.0,0.20223307609558105
522.0,6.0,6.0,0.23103833198547363
383.0,5.0,5.0,0.15963459014892578
186.0,0.0,0.0,0.07577061653137207
387.0,6.0,6.0,0.15860462188720703
558.0,4.0,4.0,0.2327134609222412
318.0,3.0,3.0,0.13359665870666504
153.0,4.0,4.0,0.06542444229125977
111.0,5.0,5.0,0.04596757888793945
467.0,4.0,4.0,0.19227027893066406
216.0,2.0,2.0,0.09094858169555664
124.0,4.0,4.0,0.051920175552368164
289.0,5.0,5.0,0.12011289596557617
968.0,5.0,5.0,0.4218120574951172
950.0,10.0,10.0,0.4004030227661133
356.0,5.0,5.0,0.1496138572692871
73.0,0.0,0.0,0.030315160751342773
541.0,2.0,2.0,0.22356367111206055
255.0,6.0,6.0,0.10518598556518555
560.0,12.0,12.0,0.23463845252990723
165.0,0.0,0.0,0.06673598289489746
385.0,7.0,7.0,0.16066479682922363
1012.0,3.0,3.0,0.42295002937316895
716.0,7.0,7.0,0.3203427791595459
117.0,1.0,1.0,0.048772573471069336
225.0,0.0,0.0,0.09329462051391602
240.0,2.0,2.0,0.10690808296203613
94.0,2.0,2.0,0.03907632827758789
741.0,5.0,5.0,0.30868101119995117
375.0,1.0,1.0,0.15602898597717285
571.0,7.0,7.0,0.24854302406311035
798.0,15.0,15.0,0.3508186340332031
136.0,4.0,4.0,0.05688118934631348
114.0,3.0,3.0,0.04735898971557617
37.0,0.0,0.0,0.015439033508300781
721.0,5.0,5.0,0.30030322074890137
385.0,2.0,2.0,0.1769704818725586
71.0,3.0,3.0,0.029390811920166016
426.0,6.0,6.0,0.1783430576324463
253.0,3.0,3.0,0.10677599906921387
195.0,4.0,4.0,0.08246779441833496
175.0,2.0,2.0,0.0726311206817627
146.0,2.0,2.0,0.05860114097595215
544.0,9.0,9.0,0.22501015663146973
746.0,9.0,9.0,0.3062312602996826
215.0,4.0,4.0,0.08739471435546875
368.0,6.0,6.0,0.15335988998413086
170.0,1.0,1.0,0.0700531005859375
599.0,5.0,5.0,0.2551915645599365
617.0,9.0,9.0,0.2507302761077881
915.0,9.0,9.0,0.43709278106689453
68.0,3.0,3.0,0.029000043869018555
183.0,0.0,0.0,0.0781106948852539
258.0,7.0,7.0,0.10547494888305664
708.0,12.0,12.0,0.3106963634490967
477.0,4.0,4.0,0.23071646690368652
84.0,3.0,3.0,0.03305411338806152
65.0,5.0,5.0,0.026936054229736328
577.0,9.0,9.0,0.24759626388549805
147.0,4.0,4.0,0.06299376487731934
157.0,2.0,2.0,0.06786918640136719
202.0,5.0,5.0,0.08452463150024414
782.0,4.0,4.0,0.3274416923522949
120.0,6.0,6.0,0.04923057556152344
638.0,7.0,7.0,0.2678196430206299
156.0,0.0,0.0,0.07289862632751465
88.0,3.0,3.0,0.049648284912109375
482.0,6.0,6.0,0.1984407901763916
1360.0,10.0,10.0,0.5963406562805176
585.0,9.0,9.0,0.23925995826721191
940.0,14.0,14.0,0.3820502758026123
65.0,0.0,0.0,0.028999805450439453
319.0,7.0,7.0,0.13067054748535156
56.0,1.0,1.0,0.022589683532714844
94.0,4.0,4.0,0.037999629974365234
707.0,4.0,4.0,0.29341840744018555
319.0,4.0,4.0,0.13567018508911133
217.0,5.0,5.0,0.11391091346740723
704.0,8.0,8.0,0.3007781505584717
67.0,0.0,0.0,0.028043031692504883
248.0,1.0,1.0,0.10162734985351562
90.0,4.0,4.0,0.03704261779785156
661.0,9.0,9.0,0.2738821506500244
1809.0,10.0,10.0,0.7464356422424316
382.0,3.0,3.0,0.16362786293029785
80.0,5.0,5.0,0.03258156776428223
178.0,1.0,1.0,0.07204294204711914
87.0,0.0,0.0,0.03504538536071777
250.0,3.0,3.0,0.10463190078735352
94.0,0.0,0.0,0.03800010681152344
198.0,4.0,4.0,0.08162713050842285
108.0,0.0,0.0,0.0446317195892334
394.0,5.0,5.0,0.1861257553100586
224.0,2.0,2.0,0.0916738510131836
90.0,1.0,1.0,0.03759121894836426
386.0,2.0,2.0,0.16367459297180176
476.0,6.0,6.0,0.19525957107543945
183.0,0.0,0.0,0.0745851993560791
209.0,1.0,1.0,0.08463191986083984
683.0,5.0,5.0,0.28179311752319336
442.0,1.0,1.0,0.18126916885375977
870.0,18.0,18.0,0.36188745498657227
776.0,4.0,4.0,0.3235199451446533
1054.0,17.0,17.0,0.4617955684661865
544.0,6.0,6.0,0.22778749465942383
986.0,7.0,7.0,0.4089512825012207
386.0,1.0,1.0,0.15693402290344238
461.0,6.0,6.0,0.19126009941101074
663.0,2.0,2.0,0.281400203704834
467.0,8.0,8.0,0.1962592601776123
139.0,2.0,2.0,0.057626962661743164
606.0,4.0,4.0,0.25125956535339355
107.0,8.0,8.0,0.043042659759521484
82.0,0.0,0.0,0.03404378890991211
238.0,3.0,3.0,0.10204076766967773
477.0,11.0,11.0,0.21651959419250488
226.0,1.0,1.0,0.08963322639465332
227.0,4.0,4.0,0.09497690200805664
534.0,9.0,9.0,0.2203061580657959
706.0,2.0,2.0,0.2928891181945801
358.0,3.0,3.0,0.15625977516174316
75.0,1.0,1.0,0.031999826431274414
67.0,1.0,1.0,0.027999401092529297
178.0,10.0,10.0,0.0726320743560791
79.0,8.0,8.0,0.03204226493835449
116.0,3.0,3.0,0.04758501052856445
261.0,8.0,8.0,0.10563230514526367
104.0,6.0,6.0,0.043042659759521484
1238.0,15.0,15.0,0.5359172821044922
717.0,5.0,5.0,0.33272218704223633
383.0,5.0,5.0,0.16153740882873535
558.0,7.0,7.0,0.2381298542022705
50.0,2.0,2.0,0.021042585372924805
661.0,13.0,13.0,0.30289220809936523
173.0,3.0,3.0,0.07058572769165039
545.0,4.0,4.0,0.22728514671325684
460.0,4.0,4.0,0.1882610321044922
369.0,6.0,6.0,0.15351605415344238
584.0,3.0,3.0,0.24230241775512695
590.0,3.0,3.0,0.2431488037109375
751.0,11.0,11.0,0.3504791259765625
157.0,2.0,2.0,0.07322812080383301
229.0,2.0,2.0,0.09536480903625488
239.0,1.0,1.0,0.1026310920715332
1135.0,5.0,5.0,0.5281918048858643
506.0,5.0,5.0,0.24684834480285645
147.0,5.0,5.0,0.06162738800048828
77.0,1.0,1.0,0.03299999237060547
223.0,0.0,0.0,0.11163210868835449
779.0,14.0,14.0,0.3494594097137451
160.0,3.0,3.0,0.07699990272521973
250.0,2.0,2.0,0.1126701831817627
1048.0,2.0,2.0,0.46568942070007324
380.0,7.0,7.0,0.1565685272216797
266.0,7.0,7.0,0.11263346672058105
424.0,6.0,6.0,0.17825913429260254
126.0,2.0,2.0,0.05299997329711914
195.0,0.0,0.0,0.08015584945678711
468.0,6.0,6.0,0.19725894927978516
339.0,1.0,1.0,0.13967132568359375
189.0,1.0,1.0,0.07858991622924805
231.0,4.0,4.0,0.10262751579284668
288.0,7.0,7.0,0.12425971031188965
248.0,2.0,2.0,0.10459518432617188
176.0,8.0,8.0,0.07199978828430176
123.0,3.0,3.0,0.051992177963256836
353.0,6.0,6.0,0.1456739902496338
456.0,8.0,8.0,0.18921685218811035
81.0,1.0,1.0,0.033931732177734375
122.0,1.0,1.0,0.04999971389770508
351.0,13.0,13.0,0.16905522346496582
499.0,12.0,12.0,0.21478271484375
180.0,6.0,6.0,0.07362747192382812
44.0,3.0,3.0,0.017999887466430664
449.0,3.0,3.0,0.18625974655151367
180.0,0.0,0.0,0.07463192939758301
423.0,3.0,3.0,0.17367029190063477
471.0,9.0,9.0,0.19521760940551758
118.0,3.0,3.0,0.0495908260345459
84.0,2.0,2.0,0.03599977493286133
460.0,6.0,6.0,0.19478654861450195
243.0,1.0,1.0,0.10263395309448242
523.0,5.0,5.0,0.21830177307128906
116.0,1.0,1.0,0.04858541488647461
1264.0,15.0,15.0,0.526151180267334
383.0,1.0,1.0,0.17772746086120605
386.0,3.0,3.0,0.15726041793823242
411.0,12.0,12.0,0.16736841201782227
823.0,1.0,1.0,0.3518669605255127
1128.0,9.0,9.0,0.462860107421875
79.0,6.0,6.0,0.032912492752075195
238.0,3.0,3.0,0.0986320972442627
221.0,2.0,2.0,0.09162759780883789
375.0,10.0,10.0,0.15363216400146484
314.0,12.0,12.0,0.1307387351989746
42.0,0.0,0.0,0.01699995994567871
639.0,2.0,2.0,0.27643918991088867
303.0,2.0,2.0,0.15338563919067383
576.0,12.0,12.0,0.2363262176513672
556.0,1.0,1.0,0.23131942749023438
800.0,12.0,12.0,0.3365044593811035
224.0,1.0,1.0,0.093841552734375
180.0,2.0,2.0,0.0759892463684082
508.0,6.0,6.0,0.20810580253601074
111.0,4.0,4.0,0.04622220993041992
102.0,1.0,1.0,0.04173564910888672
319.0,5.0,5.0,0.13469743728637695
403.0,1.0,1.0,0.16573691368103027
636.0,4.0,4.0,0.268751859664917
163.0,6.0,6.0,0.06830668449401855
432.0,8.0,8.0,0.18503046035766602
112.0,0.0,0.0,0.06066465377807617
442.0,3.0,3.0,0.1876506805419922
837.0,17.0,17.0,0.3455014228820801
1057.0,7.0,7.0,0.4643383026123047
78.0,2.0,2.0,0.03337860107421875
81.0,1.0,1.0,0.0350496768951416
560.0,11.0,11.0,0.2365877628326416
569.0,3.0,3.0,0.2398817539215088
318.0,1.0,1.0,0.13673114776611328
578.0,9.0,9.0,0.23477506637573242
259.0,2.0,2.0,0.10849571228027344
183.0,6.0,6.0,0.07650136947631836
53.0,4.0,4.0,0.03240537643432617
423.0,2.0,2.0,0.18117499351501465
310.0,5.0,5.0,0.12328219413757324
64.0,3.0,3.0,0.02643728256225586
357.0,3.0,3.0,0.15206217765808105
87.0,0.0,0.0,0.03607988357543945
97.0,0.0,0.0,0.0381624698638916
584.0,7.0,7.0,0.24019932746887207
94.0,0.0,0.0,0.03840470314025879
715.0,4.0,4.0,0.2987656593322754
84.0,2.0,2.0,0.034909725189208984
365.0,7.0,7.0,0.15247249603271484
105.0,4.0,4.0,0.04412961006164551
298.0,3.0,3.0,0.12782025337219238
175.0,1.0,1.0,0.07367372512817383
243.0,9.0,9.0,0.10277271270751953
941.0,12.0,12.0,0.3907146453857422
130.0,0.0,0.0,0.056043386459350586
86.0,1.0,1.0,0.04380631446838379
61.0,0.0,0.0,0.026821613311767578
236.0,3.0,3.0,0.11172366142272949
115.0,2.0,2.0,0.04927992820739746
97.0,4.0,4.0,0.038312435150146484
1007.0,8.0,8.0,0.43730831146240234
888.0,7.0,7.0,0.43904566764831543
147.0,6.0,6.0,0.06347203254699707
239.0,1.0,1.0,0.11284089088439941
470.0,4.0,4.0,0.21337223052978516
85.0,6.0,6.0,0.03662252426147461
933.0,13.0,13.0,0.41104555130004883
933.0,25.0,25.0,0.4290628433227539
93.0,1.0,1.0,0.0392603874206543
325.0,0.0,0.0,0.1438148021697998
361.0,5.0,5.0,0.1500101089477539
249.0,2.0,2.0,0.10284161567687988
754.0,7.0,7.0,0.3139071464538574
611.0,8.0,8.0,0.2601912021636963
87.0,6.0,6.0,0.037651777267456055
160.0,5.0,5.0,0.06708192825317383
49.0,0.0,0.0,0.019479990005493164
1328.0,11.0,11.0,0.5578262805938721
273.0,1.0,1.0,0.11313796043395996
40.0,0.0,0.0,0.01563119888305664
189.0,5.0,5.0,0.07938170433044434
779.0,5.0,5.0,0.34473180770874023
277.0,8.0,8.0,0.11684942245483398
1388.0,8.0,8.0,0.5740480422973633
450.0,3.0,3.0,0.18883323669433594
344.0,6.0,6.0,0.14502811431884766
432.0,2.0,2.0,0.1793532371520996
389.0,3.0,3.0,0.1655435562133789
369.0,8.0,8.0,0.1507740020751953
1070.0,8.0,8.0,0.4618837833404541
1243.0,6.0,6.0,0.5172297954559326
643.0,3.0,3.0,0.27062082290649414
371.0,3.0,3.0,0.15914225578308105
391.0,4.0,4.0,0.16292238235473633
383.0,5.0,5.0,0.21009135246276855
798.0,11.0,11.0,0.32425665855407715
316.0,5.0,5.0,0.13139748573303223
251.0,6.0,6.0,0.10908055305480957
72.0,0.0,0.0,0.02995014190673828
451.0,7.0,7.0,0.19368267059326172
150.0,3.0,3.0,0.08087611198425293
240.0,3.0,3.0,0.10088682174682617
219.0,6.0,6.0,0.09292435646057129
167.0,4.0,4.0,0.0676732063293457
690.0,8.0,8.0,0.2884559631347656
238.0,5.0,5.0,0.09700441360473633
182.0,6.0,6.0,0.08096861839294434
463.0,8.0,8.0,0.1903374195098877
42.0,0.0,0.0,0.017416954040527344
563.0,2.0,2.0,0.23238635063171387
447.0,7.0,7.0,0.1852409839630127
347.0,7.0,7.0,0.14106535911560059
144.0,9.0,9.0,0.058539628982543945
719.0,8.0,8.0,0.2960214614868164
261.0,1.0,1.0,0.10626649856567383
451.0,9.0,9.0,0.20447897911071777
150.0,0.0,0.0,0.0658273696899414
866.0,9.0,9.0,0.37929415702819824
136.0,1.0,1.0,0.056859493255615234
1195.0,14.0,14.0,0.49592137336730957
439.0,11.0,11.0,0.18130826950073242
69.0,2.0,2.0,0.027469873428344727
403.0,3.0,3.0,0.16343188285827637
362.0,5.0,5.0,0.16161298751831055
145.0,1.0,1.0,0.060791015625
1511.0,19.0,19.0,0.6572749614715576
126.0,1.0,1.0,0.0563046932220459
309.0,2.0,2.0,0.12400221824645996
106.0,3.0,3.0,0.04515790939331055
92.0,1.0,1.0,0.03960251808166504
250.0,7.0,7.0,0.10666203498840332
105.0,0.0,0.0,0.043882131576538086
102.0,4.0,4.0,0.04265952110290527
193.0,9.0,9.0,0.0790703296661377
138.0,1.0,1.0,0.057819366455078125
329.0,10.0,10.0,0.1447145938873291
502.0,4.0,4.0,0.20839452743530273
73.0,0.0,0.0,0.03064727783203125
111.0,4.0,4.0,0.0445556640625
187.0,1.0,1.0,0.07573294639587402
483.0,8.0,8.0,0.1927342414855957
529.0,8.0,8.0,0.2220141887664795
358.0,4.0,4.0,0.14658260345458984
181.0,0.0,0.0,0.07622241973876953
65.0,3.0,3.0,0.028619050979614258
679.0,11.0,11.0,0.29688048362731934
246.0,2.0,2.0,0.11406064033508301
84.0,0.0,0.0,0.03434395790100098
302.0,1.0,1.0,0.12839698791503906
77.0,2.0,2.0,0.032523393630981445
265.0,5.0,5.0,0.11089777946472168
530.0,4.0,4.0,0.22113656997680664
224.0,12.0,12.0,0.09374094009399414
566.0,6.0,6.0,0.23154282569885254
1281.0,21.0,21.0,0.5846006870269775
803.0,7.0,7.0,0.3778533935546875
404.0,6.0,6.0,0.19901299476623535
825.0,7.0,7.0,0.37554478645324707
154.0,1.0,1.0,0.0661015510559082
433.0,12.0,12.0,0.18953251838684082
287.0,3.0,3.0,0.12927532196044922
387.0,4.0,4.0,0.19633102416992188
289.0,3.0,3.0,0.12441802024841309
186.0,8.0,8.0,0.08374953269958496
445.0,5.0,5.0,0.19643378257751465
372.0,6.0,6.0,0.153181791305542
1057.0,13.0,13.0,0.44802427291870117
95.0,1.0,1.0,0.03819608688354492
946.0,8.0,8.0,0.4308054447174072
372.0,9.0,9.0,0.15172719955444336
99.0,0.0,0.0,0.04093194007873535
278.0,6.0,6.0,0.11444711685180664
432.0,6.0,6.0,0.18258905410766602
339.0,7.0,7.0,0.14563632011413574
157.0,9.0,9.0,0.06286168098449707
71.0,5.0,5.0,0.028427600860595703
686.0,4.0,4.0,0.28700971603393555
177.0,4.0,4.0,0.07576990127563477
239.0,1.0,1.0,0.09649968147277832
1051.0,6.0,6.0,0.44399476051330566
117.0,7.0,7.0,0.04936337471008301
488.0,3.0,3.0,0.20979571342468262
80.0,5.0,5.0,0.03799629211425781
79.0,0.0,0.0,0.03125429153442383
188.0,2.0,2.0,0.07851552963256836
443.0,7.0,7.0,0.19076848030090332
133.0,4.0,4.0,0.054288625717163086
126.0,2.0,2.0,0.051711082458496094
161.0,3.0,3.0,0.0671684741973877
172.0,4.0,4.0,0.07089686393737793
416.0,13.0,13.0,0.17807793617248535
740.0,8.0,8.0,0.31370019912719727
795.0,9.0,9.0,0.339780330657959
151.0,3.0,3.0,0.06239938735961914
551.0,7.0,7.0,0.23736882209777832
622.0,2.0,2.0,0.2646822929382324
478.0,14.0,14.0,0.2133324146270752
733.0,3.0,3.0,0.3438148498535156
64.0,0.0,0.0,0.02779698371887207
158.0,5.0,5.0,0.06743788719177246
403.0,6.0,6.0,0.165787935256958
557.0,8.0,8.0,0.23078083992004395
76.0,5.0,5.0,0.0317072868347168
192.0,2.0,2.0,0.08024764060974121
111.0,2.0,2.0,0.04623103141784668
413.0,6.0,6.0,0.1756894588470459
710.0,8.0,8.0,0.29050207138061523
357.0,1.0,1.0,0.15024495124816895
156.0,4.0,4.0,0.06363201141357422
110.0,5.0,5.0,0.04462242126464844
805.0,6.0,6.0,0.3324313163757324
1826.0,12.0,12.0,0.7981512546539307
629.0,6.0,6.0,0.26885080337524414
1325.0,9.0,9.0,0.5520799160003662
186.0,3.0,3.0,0.07777070999145508
1396.0,16.0,16.0,0.5733635425567627
376.0,7.0,7.0,0.1586771011352539
62.0,2.0,2.0,0.027895450592041016
614.0,3.0,3.0,0.2630743980407715
84.0,1.0,1.0,0.035538434982299805
774.0,15.0,15.0,0.3241443634033203
102.0,1.0,1.0,0.04057168960571289
289.0,5.0,5.0,0.1198117733001709
373.0,3.0,3.0,0.15345072746276855
409.0,5.0,5.0,0.16841769218444824
93.0,3.0,3.0,0.03817462921142578
262.0,2.0,2.0,0.10770297050476074
330.0,5.0,5.0,0.14229679107666016
340.0,6.0,6.0,0.1443805694580078
635.0,9.0,9.0,0.25937366485595703
289.0,3.0,3.0,0.1266956329345703
250.0,8.0,8.0,0.10251188278198242
388.0,6.0,6.0,0.17766833305358887
319.0,3.0,3.0,0.13920044898986816
345.0,6.0,6.0,0.142106294631958
168.0,5.0,5.0,0.07513928413391113
816.0,6.0,6.0,0.33763790130615234
214.0,2.0,2.0,0.09001421928405762
225.0,1.0,1.0,0.09233379364013672
554.0,6.0,6.0,0.23068904876708984
558.0,4.0,4.0,0.23064160346984863
511.0,8.0,8.0,0.21668386459350586
251.0,2.0,2.0,0.11370968818664551
452.0,1.0,1.0,0.19499850273132324
172.0,4.0,4.0,0.08585858345031738
376.0,9.0,9.0,0.1764819622039795
296.0,4.0,4.0,0.14875054359436035
278.0,0.0,0.0,0.13016152381896973
489.0,0.0,0.0,0.22653698921203613
151.0,8.0,8.0,0.06524038314819336
87.0,0.0,0.0,0.035395145416259766
80.0,3.0,3.0,0.0341486930847168
361.0,12.0,12.0,0.14801740646362305
97.0,3.0,3.0,0.037863731384277344
576.0,1.0,1.0,0.2427370548248291
202.0,1.0,1.0,0.09712576866149902
87.0,4.0,4.0,0.04101753234863281
459.0,3.0,3.0,0.2241806983947754
300.0,3.0,3.0,0.12396740913391113
163.0,6.0,6.0,0.07029986381530762
75.0,2.0,2.0,0.030135393142700195
309.0,2.0,2.0,0.12607574462890625
302.0,6.0,6.0,0.12501835823059082
654.0,8.0,8.0,0.2902824878692627
469.0,7.0,7.0,0.20624661445617676
200.0,6.0,6.0,0.08223176002502441
166.0,5.0,5.0,0.07086801528930664
95.0,3.0,3.0,0.04064321517944336
134.0,13.0,13.0,0.05616879463195801
263.0,2.0,2.0,0.10798001289367676
245.0,3.0,3.0,0.10063910484313965
473.0,7.0,7.0,0.20071125030517578
182.0,1.0,1.0,0.07431769371032715
419.0,2.0,2.0,0.17493438720703125
105.0,2.0,2.0,0.04214119911193848
178.0,8.0,8.0,0.07257556915283203
169.0,4.0,4.0,0.07143807411193848
566.0,13.0,13.0,0.2357938289642334
237.0,11.0,11.0,0.09798026084899902
860.0,5.0,5.0,0.36467528343200684
760.0,9.0,9.0,0.3354988098144531
184.0,1.0,1.0,0.07524418830871582
796.0,11.0,11.0,0.32906413078308105
189.0,2.0,2.0,0.07909703254699707
96.0,3.0,3.0,0.03937721252441406
304.0,2.0,2.0,0.1260521411895752
609.0,5.0,5.0,0.25598716735839844
139.0,3.0,3.0,0.05748295783996582
718.0,14.0,14.0,0.2983691692352295
581.0,7.0,7.0,0.2456512451171875
940.0,8.0,8.0,0.39368462562561035
1254.0,9.0,9.0,0.5434563159942627
195.0,1.0,1.0,0.08003616333007812
1036.0,6.0,6.0,0.4291672706604004
174.0,3.0,3.0,0.07375550270080566
294.0,0.0,0.0,0.13112878799438477
350.0,1.0,1.0,0.1426830291748047
206.0,2.0,2.0,0.08500838279724121
293.0,4.0,4.0,0.12781715393066406
226.0,9.0,9.0,0.0940084457397461
424.0,4.0,4.0,0.1770482063293457
396.0,2.0,2.0,0.1649792194366455
794.0,8.0,8.0,0.35639333724975586
195.0,2.0,2.0,0.08272027969360352
599.0,6.0,6.0,0.3033888339996338
201.0,1.0,1.0,0.08334040641784668
314.0,2.0,2.0,0.1277601718902588
844.0,10.0,10.0,0.35025691986083984
492.0,7.0,7.0,0.20488977432250977
184.0,4.0,4.0,0.07926821708679199
60.0,5.0,5.0,0.02452874183654785
545.0,6.0,6.0,0.22538375854492188
180.0,1.0,1.0,0.07589173316955566
104.0,3.0,3.0,0.0412592887878418
598.0,11.0,11.0,0.24766230583190918
93.0,6.0,6.0,0.041281700134277344
209.0,5.0,5.0,0.09011030197143555
254.0,2.0,2.0,0.11442780494689941
268.0,2.0,2.0,0.1154940128326416
280.0,2.0,2.0,0.11289143562316895
166.0,6.0,6.0,0.07087373733520508
181.0,8.0,8.0,0.07775473594665527
874.0,6.0,6.0,0.3747541904449463
473.0,3.0,3.0,0.2032604217529297
165.0,7.0,7.0,0.06854891777038574
268.0,9.0,9.0,0.11574363708496094
36.0,1.0,1.0,0.014816522598266602
807.0,2.0,2.0,0.33533549308776855
776.0,8.0,8.0,0.35034775733947754
283.0,3.0,3.0,0.11467862129211426
364.0,0.0,0.0,0.16270780563354492
784.0,4.0,4.0,0.3433363437652588
49.0,0.0,0.0,0.021641254425048828
139.0,1.0,1.0,0.05711245536804199
470.0,2.0,2.0,0.19571399688720703
263.0,4.0,4.0,0.11016559600830078
31.0,0.0,0.0,0.013077259063720703
1215.0,7.0,7.0,0.5075562000274658
476.0,5.0,5.0,0.1985940933227539
741.0,5.0,5.0,0.3083796501159668
714.0,5.0,5.0,0.29743337631225586
443.0,5.0,5.0,0.20204472541809082
340.0,9.0,9.0,0.14011573791503906
864.0,10.0,10.0,0.3944556713104248
973.0,7.0,7.0,0.43310093879699707
148.0,3.0,3.0,0.07216453552246094
736.0,14.0,14.0,0.3607628345489502
327.0,2.0,2.0,0.15601658821105957
650.0,7.0,7.0,0.3168466091156006
86.0,3.0,3.0,0.04053044319152832
1202.0,7.0,7.0,0.5177814960479736
650.0,5.0,5.0,0.2728090286254883
1330.0,6.0,6.0,0.5544853210449219
539.0,3.0,3.0,0.2211933135986328
548.0,3.0,3.0,0.23517346382141113
486.0,3.0,3.0,0.19943952560424805
133.0,3.0,3.0,0.05299782752990723
623.0,8.0,8.0,0.25752949714660645
219.0,2.0,2.0,0.1114654541015625
252.0,1.0,1.0,0.10859251022338867
537.0,11.0,11.0,0.22449398040771484
645.0,2.0,2.0,0.26795291900634766
284.0,4.0,4.0,0.11473774909973145
1905.0,13.0,13.0,0.7951703071594238
145.0,1.0,1.0,0.060248613357543945
969.0,14.0,14.0,0.40101003646850586
241.0,1.0,1.0,0.09855484962463379
585.0,10.0,10.0,0.2736361026763916
455.0,9.0,9.0,0.190413236618042
408.0,2.0,2.0,0.17115259170532227
290.0,3.0,3.0,0.12209820747375488
106.0,6.0,6.0,0.04567670822143555
269.0,5.0,5.0,0.11612868309020996
569.0,8.0,8.0,0.23986101150512695
234.0,3.0,3.0,0.10353684425354004
576.0,5.0,5.0,0.23303961753845215
122.0,4.0,4.0,0.052437782287597656
216.0,3.0,3.0,0.08918333053588867
1337.0,7.0,7.0,0.5952291488647461
392.0,5.0,5.0,0.18365168571472168
106.0,3.0,3.0,0.045157432556152344
206.0,10.0,10.0,0.08765935897827148
1004.0,9.0,9.0,0.4205648899078369
110.0,4.0,4.0,0.04567360877990723
1125.0,14.0,14.0,0.4676997661590576
215.0,1.0,1.0,0.09011054039001465
1199.0,9.0,9.0,0.49647951126098633
130.0,3.0,3.0,0.055216073989868164
116.0,0.0,0.0,0.0531003475189209
680.0,17.0,17.0,0.29777979850769043
226.0,5.0,5.0,0.09178304672241211
1834.0,7.0,7.0,0.7601504325866699
314.0,10.0,10.0,0.13528800010681152
710.0,12.0,12.0,0.30085134506225586
80.0,0.0,0.0,0.035594940185546875
600.0,1.0,1.0,0.25116753578186035
149.0,3.0,3.0,0.06307172775268555
245.0,4.0,4.0,0.10141801834106445
678.0,23.0,23.0,0.27790284156799316
158.0,7.0,7.0,0.06567072868347168
61.0,4.0,4.0,0.03701066970825195
517.0,7.0,7.0,0.2317204475402832
188.0,0.0,0.0,0.07971739768981934
183.0,2.0,2.0,0.07747507095336914
2847.0,22.0,22.0,1.2134907245635986
190.0,3.0,3.0,0.07732915878295898
532.0,6.0,6.0,0.22766852378845215
65.0,5.0,5.0,0.032007455825805664
53.0,0.0,0.0,0.0226595401763916
424.0,5.0,5.0,0.17664742469787598
1019.0,16.0,16.0,0.4553978443145752
756.0,7.0,7.0,0.3523721694946289
299.0,3.0,3.0,0.14365386962890625
155.0,7.0,7.0,0.06305694580078125
246.0,5.0,5.0,0.1091926097869873
246.0,6.0,6.0,0.10542631149291992
314.0,0.0,0.0,0.1579151153564453
112.0,0.0,0.0,0.04871630668640137
613.0,11.0,11.0,0.3087189197540283
58.0,2.0,2.0,0.03062748908996582
1249.0,9.0,9.0,0.5673537254333496
634.0,6.0,6.0,0.26270580291748047
179.0,4.0,4.0,0.08102989196777344
55.0,3.0,3.0,0.022719860076904297
1072.0,8.0,8.0,0.4546830654144287
358.0,6.0,6.0,0.14618825912475586
118.0,2.0,2.0,0.05672574043273926
365.0,7.0,7.0,0.1517181396484375
360.0,5.0,5.0,0.1506197452545166
190.0,5.0,5.0,0.07843422889709473
622.0,6.0,6.0,0.26001477241516113
219.0,0.0,0.0,0.0921621322631836
108.0,0.0,0.0,0.04858088493347168
119.0,4.0,4.0,0.05256056785583496
547.0,10.0,10.0,0.2458810806274414
618.0,5.0,5.0,0.2637021541595459
504.0,7.0,7.0,0.21231698989868164
212.0,6.0,6.0,0.08796954154968262
47.0,0.0,0.0,0.019077062606811523
532.0,0.0,0.0,0.22542858123779297
85.0,0.0,0.0,0.03484010696411133
264.0,4.0,4.0,0.11248254776000977
63.0,2.0,2.0,0.028632640838623047
2107.0,18.0,18.0,0.9228217601776123
225.0,1.0,1.0,0.10048651695251465
1061.0,3.0,3.0,0.4725008010864258
202.0,2.0,2.0,0.08283662796020508
385.0,6.0,6.0,0.15677309036254883
646.0,13.0,13.0,0.2758486270904541
1011.0,12.0,12.0,0.41913843154907227
111.0,2.0,2.0,0.04517817497253418
1319.0,4.0,4.0,0.5475835800170898
163.0,5.0,5.0,0.06960654258728027
211.0,6.0,6.0,0.08890628814697266
265.0,9.0,9.0,0.11043214797973633
282.0,3.0,3.0,0.13724756240844727
91.0,4.0,4.0,0.04374861717224121
875.0,7.0,7.0,0.42157888412475586
352.0,7.0,7.0,0.15053558349609375
102.0,2.0,2.0,0.04334092140197754
435.0,9.0,9.0,0.18413424491882324
956.0,10.0,10.0,0.3886871337890625
98.0,15.0,15.0,0.04044151306152344
589.0,4.0,4.0,0.24303841590881348
208.0,0.0,0.0,0.08673381805419922
498.0,11.0,11.0,0.20552396774291992
250.0,2.0,2.0,0.10350894927978516
235.0,2.0,2.0,0.09844756126403809
183.0,1.0,1.0,0.07624125480651855
219.0,7.0,7.0,0.11687016487121582
224.0,4.0,4.0,0.09822201728820801
95.0,4.0,4.0,0.0386960506439209
1089.0,4.0,4.0,0.44574475288391113
154.0,8.0,8.0,0.06493020057678223
203.0,4.0,4.0,0.08353424072265625
84.0,3.0,3.0,0.034316301345825195
161.0,10.0,10.0,0.0672445297241211
221.0,1.0,1.0,0.09100675582885742
1078.0,3.0,3.0,0.44608426094055176
122.0,7.0,7.0,0.04930591583251953
162.0,1.0,1.0,0.06597423553466797
355.0,4.0,4.0,0.14841270446777344
181.0,1.0,1.0,0.07570648193359375
687.0,7.0,7.0,0.2816176414489746
809.0,7.0,7.0,0.3617525100708008
101.0,7.0,7.0,0.042229413986206055
144.0,5.0,5.0,0.05867433547973633
201.0,2.0,2.0,0.08296704292297363
604.0,8.0,8.0,0.24976348876953125
370.0,8.0,8.0,0.1569046974182129
166.0,0.0,0.0,0.068511962890625
927.0,9.0,9.0,0.384136438369751
245.0,11.0,11.0,0.10198473930358887
214.0,9.0,9.0,0.09087944030761719
791.0,10.0,10.0,0.3326075077056885
1006.0,7.0,7.0,0.4447972774505615
216.0,1.0,1.0,0.08977794647216797
542.0,7.0,7.0,0.22474050521850586
170.0,4.0,4.0,0.06795215606689453
175.0,0.0,0.0,0.07158780097961426
94.0,2.0,2.0,0.037787675857543945
162.0,0.0,0.0,0.06642293930053711
187.0,5.0,5.0,0.07754731178283691
454.0,6.0,6.0,0.1884617805480957
72.0,7.0,7.0,0.0312654972076416
154.0,3.0,3.0,0.06810188293457031
133.0,6.0,6.0,0.056946516036987305
432.0,7.0,7.0,0.1970205307006836
125.0,1.0,1.0,0.05234503746032715
63.0,0.0,0.0,0.02576613426208496
159.0,3.0,3.0,0.06529903411865234
174.0,7.0,7.0,0.07558631896972656
198.0,5.0,5.0,0.09039950370788574
271.0,7.0,7.0,0.12663030624389648
124.0,4.0,4.0,0.06067037582397461
608.0,9.0,9.0,0.28089356422424316
950.0,16.0,16.0,0.4161527156829834
729.0,10.0,10.0,0.3327980041503906
295.0,8.0,8.0,0.1435399055480957
579.0,4.0,4.0,0.2569260597229004
305.0,2.0,2.0,0.12678766250610352
54.0,1.0,1.0,0.024437904357910156
343.0,7.0,7.0,0.14575624465942383
204.0,2.0,2.0,0.08574223518371582
772.0,5.0,5.0,0.321941614151001
995.0,8.0,8.0,0.4122943878173828
1253.0,2.0,2.0,0.554814338684082
155.0,1.0,1.0,0.06693458557128906
934.0,10.0,10.0,0.38597965240478516
346.0,5.0,5.0,0.142073392868042
483.0,3.0,3.0,0.19968390464782715
446.0,4.0,4.0,0.19498229026794434
138.0,0.0,0.0,0.05720257759094238
500.0,6.0,6.0,0.2083883285522461
586.0,2.0,2.0,0.24342656135559082
173.0,2.0,2.0,0.07138776779174805
732.0,7.0,7.0,0.3226325511932373
445.0,3.0,3.0,0.179795503616333
64.0,1.0,1.0,0.0263364315032959
135.0,0.0,0.0,0.05381894111633301
1468.0,13.0,13.0,0.6055178642272949
566.0,3.0,3.0,0.24153757095336914
796.0,3.0,3.0,0.3543365001678467
421.0,6.0,6.0,0.1836073398590088
385.0,8.0,8.0,0.16436243057250977
242.0,5.0,5.0,0.10435605049133301
824.0,17.0,17.0,0.36909961700439453
64.0,8.0,8.0,0.026213407516479492
1174.0,9.0,9.0,0.4932219982147217
176.0,10.0,10.0,0.0711524486541748
317.0,3.0,3.0,0.13239431381225586
375.0,3.0,3.0,0.1576216220855713
121.0,0.0,0.0,0.0494692325592041
171.0,1.0,1.0,0.07061123847961426
109.0,8.0,8.0,0.044692039489746094
431.0,5.0,5.0,0.17753005027770996
247.0,9.0,9.0,0.10215473175048828
141.0,2.0,2.0,0.05787038803100586
160.0,0.0,0.0,0.06708288192749023
233.0,9.0,9.0,0.09801483154296875
148.0,3.0,3.0,0.06153082847595215
375.0,6.0,6.0,0.15295958518981934
460.0,8.0,8.0,0.22808504104614258
175.0,4.0,4.0,0.0769507884979248
882.0,6.0,6.0,0.3646702766418457
242.0,8.0,8.0,0.10013961791992188
557.0,5.0,5.0,0.24314212799072266
119.0,3.0,3.0,0.04780411720275879
128.0,4.0,4.0,0.05229330062866211
1519.0,11.0,11.0,0.6325371265411377
491.0,12.0,12.0,0.2077651023864746
556.0,8.0,8.0,0.23169684410095215
632.0,8.0,8.0,0.279649019241333
173.0,5.0,5.0,0.0716867446899414
527.0,8.0,8.0,0.21920251846313477
1096.0,8.0,8.0,0.45806407928466797
196.0,1.0,1.0,0.08153963088989258
104.0,0.0,0.0,0.042641401290893555
320.0,2.0,2.0,0.13272714614868164
607.0,7.0,7.0,0.2564260959625244
1065.0,6.0,6.0,0.44817328453063965
402.0,5.0,5.0,0.16527676582336426
529.0,2.0,2.0,0.2327253818511963
284.0,10.0,10.0,0.11736798286437988
551.0,2.0,2.0,0.2329261302947998
240.0,3.0,3.0,0.10224032402038574
283.0,2.0,2.0,0.11731290817260742
687.0,15.0,15.0,0.2857401371002197
190.0,3.0,3.0,0.07695579528808594
1409.0,12.0,12.0,0.5889229774475098
529.0,6.0,6.0,0.2500181198120117
168.0,1.0,1.0,0.08256149291992188
519.0,4.0,4.0,0.2466728687286377
493.0,5.0,5.0,0.23163342475891113
148.0,2.0,2.0,0.06558990478515625
277.0,4.0,4.0,0.12556195259094238
175.0,1.0,1.0,0.07283210754394531
614.0,2.0,2.0,0.27701330184936523
120.0,2.0,2.0,0.060915470123291016
1063.0,12.0,12.0,0.4887974262237549
234.0,3.0,3.0,0.1099393367767334
205.0,5.0,5.0,0.08540797233581543
209.0,0.0,0.0,0.0883181095123291
188.0,4.0,4.0,0.079437255859375
364.0,3.0,3.0,0.15054845809936523
1025.0,8.0,8.0,0.45087695121765137
724.0,3.0,3.0,0.3017418384552002
170.0,5.0,5.0,0.07049822807312012
362.0,2.0,2.0,0.149306058883667
830.0,8.0,8.0,0.3432044982910156
603.0,5.0,5.0,0.25666189193725586
132.0,4.0,4.0,0.0545496940612793
379.0,10.0,10.0,0.15935754776000977
455.0,12.0,12.0,0.18927931785583496
297.0,2.0,2.0,0.12439537048339844
491.0,5.0,5.0,0.20699787139892578
1334.0,6.0,6.0,0.5640637874603271
721.0,8.0,8.0,0.29854583740234375
289.0,9.0,9.0,0.11794233322143555
975.0,6.0,6.0,0.40499210357666016
287.0,3.0,3.0,0.12018442153930664
579.0,4.0,4.0,0.2395920753479004
352.0,5.0,5.0,0.14677786827087402
1198.0,2.0,2.0,0.5258603096008301
174.0,0.0,0.0,0.08502793312072754
316.0,4.0,4.0,0.1279463768005371
205.0,8.0,8.0,0.08305191993713379
92.0,0.0,0.0,0.03742504119873047
425.0,3.0,3.0,0.1753377914428711
242.0,2.0,2.0,0.09976530075073242
126.0,4.0,4.0,0.05183148384094238
51.0,0.0,0.0,0.022402286529541016
404.0,3.0,3.0,0.17921662330627441
213.0,9.0,9.0,0.0986487865447998
1563.0,9.0,9.0,0.65736985206604
1016.0,3.0,3.0,0.4198951721191406
357.0,7.0,7.0,0.14333772659301758
261.0,0.0,0.0,0.11385154724121094
542.0,11.0,11.0,0.22481727600097656
279.0,4.0,4.0,0.11346101760864258
248.0,0.0,0.0,0.10398411750793457
214.0,8.0,8.0,0.09265303611755371
983.0,11.0,11.0,0.4089319705963135
591.0,2.0,2.0,0.24654936790466309
213.0,1.0,1.0,0.09105944633483887
365.0,2.0,2.0,0.15529537200927734
268.0,3.0,3.0,0.11156010627746582
547.0,2.0,2.0,0.23482370376586914
296.0,7.0,7.0,0.12464785575866699
230.0,6.0,6.0,0.10053873062133789
1131.0,11.0,11.0,0.5115792751312256
143.0,8.0,8.0,0.06467247009277344
475.0,9.0,9.0,0.22325396537780762
359.0,7.0,7.0,0.1564786434173584
262.0,3.0,3.0,0.12092971801757812
510.0,9.0,9.0,0.21912288665771484
125.0,8.0,8.0,0.052400827407836914
148.0,3.0,3.0,0.059180259704589844
144.0,4.0,4.0,0.06367063522338867
161.0,3.0,3.0,0.06667089462280273
45.0,2.0,2.0,0.01839613914489746
346.0,6.0,6.0,0.14501261711120605
179.0,2.0,2.0,0.07878303527832031
304.0,5.0,5.0,0.12437129020690918
335.0,5.0,5.0,0.13861560821533203
49.0,3.0,3.0,0.020426034927368164
70.0,9.0,9.0,0.028580188751220703
513.0,5.0,5.0,0.23505687713623047
70.0,2.0,2.0,0.028399944305419922
478.0,2.0,2.0,0.20380282402038574
534.0,18.0,18.0,0.2849152088165283
516.0,7.0,7.0,0.21251130104064941
809.0,4.0,4.0,0.3447418212890625
256.0,3.0,3.0,0.10606503486633301
374.0,7.0,7.0,0.15827202796936035
200.0,2.0,2.0,0.08342170715332031
93.0,1.0,1.0,0.039353132247924805
233.0,2.0,2.0,0.09940242767333984
430.0,0.0,0.0,0.1780083179473877
732.0,2.0,2.0,0.32368946075439453
107.0,11.0,11.0,0.05069303512573242
255.0,1.0,1.0,0.11596131324768066
76.0,0.0,0.0,0.03132033348083496
283.0,3.0,3.0,0.11532473564147949
378.0,6.0,6.0,0.17551922798156738
662.0,5.0,5.0,0.30991506576538086
336.0,13.0,13.0,0.15652990341186523
119.0,3.0,3.0,0.04651975631713867
120.0,1.0,1.0,0.04676342010498047
157.0,3.0,3.0,0.06334447860717773
315.0,8.0,8.0,0.15832829475402832
1046.0,14.0,14.0,0.46843528747558594
459.0,8.0,8.0,0.2167341709136963
207.0,11.0,11.0,0.09337282180786133
87.0,0.0,0.0,0.04223966598510742
194.0,3.0,3.0,0.08498454093933105
910.0,9.0,9.0,0.3932485580444336
897.0,7.0,7.0,0.3796577453613281
274.0,2.0,2.0,0.12498617172241211
457.0,3.0,3.0,0.19002270698547363
235.0,4.0,4.0,0.09695124626159668
931.0,9.0,9.0,0.38015127182006836
91.0,0.0,0.0,0.03763461112976074
203.0,1.0,1.0,0.08094072341918945
428.0,6.0,6.0,0.17557787895202637
188.0,3.0,3.0,0.08205819129943848
745.0,10.0,10.0,0.3394651412963867
178.0,0.0,0.0,0.07477068901062012
438.0,4.0,4.0,0.1844346523284912
399.0,0.0,0.0,0.169417142868042
40.0,0.0,0.0,0.01763176918029785
125.0,1.0,1.0,0.05204606056213379
422.0,7.0,7.0,0.17254352569580078
193.0,6.0,6.0,0.08003520965576172
213.0,0.0,0.0,0.09061431884765625
345.0,6.0,6.0,0.1560356616973877
136.0,4.0,4.0,0.05432748794555664
199.0,3.0,3.0,0.08396506309509277
93.0,1.0,1.0,0.03937935829162598
341.0,6.0,6.0,0.1469554901123047
330.0,2.0,2.0,0.13825035095214844
78.0,6.0,6.0,0.032137155532836914
615.0,2.0,2.0,0.25507640838623047
310.0,1.0,1.0,0.13065719604492188
721.0,10.0,10.0,0.32691359519958496
544.0,0.0,0.0,0.22385144233703613
59.0,2.0,2.0,0.024112701416015625
766.0,6.0,6.0,0.32364821434020996
344.0,6.0,6.0,0.14276409149169922
795.0,9.0,9.0,0.32707905769348145
546.0,14.0,14.0,0.2252061367034912
157.0,5.0,5.0,0.06336379051208496
183.0,3.0,3.0,0.07953763008117676
181.0,1.0,1.0,0.0753779411315918
214.0,2.0,2.0,0.09527373313903809
503.0,4.0,4.0,0.20856165885925293
1129.0,11.0,11.0,0.5043718814849854
228.0,1.0,1.0,0.09283208847045898
1109.0,5.0,5.0,0.4545862674713135
467.0,3.0,3.0,0.19259858131408691
80.0,0.0,0.0,0.03360748291015625
346.0,3.0,3.0,0.14242291450500488
260.0,2.0,2.0,0.10745406150817871
449.0,4.0,4.0,0.18890094757080078
853.0,6.0,6.0,0.35584092140197754
945.0,8.0,8.0,0.42011308670043945
258.0,5.0,5.0,0.11653947830200195
424.0,5.0,5.0,0.17357110977172852
500.0,1.0,1.0,0.2085251808166504
968.0,12.0,12.0,0.4015669822692871
652.0,4.0,4.0,0.26604557037353516
226.0,0.0,0.0,0.09773898124694824
847.0,10.0,10.0,0.35900330543518066
212.0,5.0,5.0,0.08687496185302734
348.0,0.0,0.0,0.15021181106567383
748.0,20.0,20.0,0.3702232837677002
413.0,3.0,3.0,0.16433477401733398
1097.0,1.0,1.0,0.4516623020172119
101.0,4.0,4.0,0.04056406021118164
133.0,6.0,6.0,0.05616593360900879
218.0,0.0,0.0,0.0891268253326416
1042.0,16.0,16.0,0.4277307987213135
372.0,2.0,2.0,0.15323877334594727
133.0,4.0,4.0,0.05689859390258789
104.0,4.0,4.0,0.04276275634765625
42.0,2.0,2.0,0.017772912979125977
344.0,6.0,6.0,0.1489429473876953
572.0,5.0,5.0,0.23782682418823242
81.0,2.0,2.0,0.03297591209411621
614.0,4.0,4.0,0.27640366554260254
240.0,4.0,4.0,0.10611844062805176
340.0,1.0,1.0,0.1413285732269287
87.0,5.0,5.0,0.03687739372253418
563.0,13.0,13.0,0.24205446243286133
49.0,1.0,1.0,0.021078109741210938
292.0,5.0,5.0,0.14275884628295898
128.0,0.0,0.0,0.06554865837097168
52.0,0.0,0.0,0.023172378540039062
366.0,6.0,6.0,0.164642333984375
192.0,3.0,3.0,0.09282064437866211
175.0,3.0,3.0,0.07744622230529785
184.0,5.0,5.0,0.07857942581176758
288.0,8.0,8.0,0.13348841667175293
418.0,2.0,2.0,0.17147159576416016
654.0,7.0,7.0,0.2789018154144287
1558.0,12.0,12.0,0.7162027359008789
236.0,3.0,3.0,0.09654569625854492
1150.0,8.0,8.0,0.4773061275482178
950.0,7.0,7.0,0.40004563331604004
153.0,3.0,3.0,0.0633547306060791
46.0,1.0,1.0,0.020169734954833984
120.0,3.0,3.0,0.049631595611572266
343.0,3.0,3.0,0.15029239654541016
146.0,7.0,7.0,0.05947732925415039
126.0,4.0,4.0,0.05142784118652344
295.0,11.0,11.0,0.1231231689453125
123.0,2.0,2.0,0.049078941345214844
608.0,12.0,12.0,0.2632265090942383
188.0,3.0,3.0,0.08663201332092285
76.0,6.0,6.0,0.03453850746154785
313.0,1.0,1.0,0.1319279670715332
142.0,0.0,0.0,0.05765986442565918
266.0,1.0,1.0,0.1114804744720459
315.0,7.0,7.0,0.12703704833984375
493.0,4.0,4.0,0.20338654518127441
350.0,3.0,3.0,0.14353442192077637
201.0,3.0,3.0,0.08584332466125488
612.0,7.0,7.0,0.257159948348999
689.0,9.0,9.0,0.2863655090332031
108.0,0.0,0.0,0.04346156120300293
704.0,2.0,2.0,0.28972792625427246
270.0,6.0,6.0,0.11016392707824707
798.0,12.0,12.0,0.3642711639404297
74.0,2.0,2.0,0.032538414001464844
234.0,2.0,2.0,0.09404325485229492
246.0,2.0,2.0,0.10001182556152344
318.0,4.0,4.0,0.13095378875732422
789.0,11.0,11.0,0.3355395793914795
155.0,5.0,5.0,0.06587743759155273
208.0,2.0,2.0,0.08533143997192383
535.0,7.0,7.0,0.22289609909057617
376.0,7.0,7.0,0.15515947341918945
650.0,16.0,16.0,0.26763319969177246
290.0,0.0,0.0,0.11643505096435547
128.0,0.0,0.0,0.05462169647216797
398.0,9.0,9.0,0.16718339920043945
407.0,4.0,4.0,0.18351030349731445
353.0,4.0,4.0,0.16088080406188965
381.0,5.0,5.0,0.15972423553466797
336.0,4.0,4.0,0.13779306411743164
185.0,3.0,3.0,0.0743865966796875
397.0,14.0,14.0,0.1676654815673828
293.0,5.0,5.0,0.1277785301208496
256.0,3.0,3.0,0.10558962821960449
95.0,4.0,4.0,0.0394437313079834
640.0,3.0,3.0,0.2662475109100342
251.0,8.0,8.0,0.10295510292053223
218.0,3.0,3.0,0.09104681015014648
349.0,3.0,3.0,0.14540791511535645
428.0,10.0,10.0,0.1776142120361328
346.0,7.0,7.0,0.146986722946167
220.0,6.0,6.0,0.09173798561096191
111.0,2.0,2.0,0.046372413635253906
613.0,6.0,6.0,0.27422094345092773
1173.0,17.0,17.0,0.4922637939453125
588.0,9.0,9.0,0.24097585678100586
1337.0,19.0,19.0,0.5595543384552002
61.0,2.0,2.0,0.027077674865722656
256.0,1.0,1.0,0.10761380195617676
253.0,5.0,5.0,0.1063070297241211
362.0,8.0,8.0,0.15297698974609375
58.0,2.0,2.0,0.02418375015258789
130.0,6.0,6.0,0.05307483673095703
378.0,5.0,5.0,0.15572142601013184
255.0,3.0,3.0,0.12581849098205566
200.0,2.0,2.0,0.09060025215148926
175.0,6.0,6.0,0.07610607147216797
105.0,4.0,4.0,0.04331231117248535
72.0,1.0,1.0,0.029709577560424805
91.0,1.0,1.0,0.03758358955383301
341.0,6.0,6.0,0.14258408546447754
140.0,2.0,2.0,0.057857513427734375
566.0,8.0,8.0,0.2369546890258789
1015.0,14.0,14.0,0.4196584224700928
166.0,0.0,0.0,0.06870865821838379
721.0,8.0,8.0,0.29892563819885254
392.0,7.0,7.0,0.16122674942016602
717.0,7.0,7.0,0.3156564235687256
202.0,0.0,0.0,0.08396506309509277
407.0,3.0,3.0,0.1931600570678711
635.0,10.0,10.0,0.25807642936706543
652.0,3.0,3.0,0.2675130367279053
533.0,7.0,7.0,0.22510385513305664
143.0,0.0,0.0,0.05628800392150879
539.0,2.0,2.0,0.23495268821716309
145.0,0.0,0.0,0.061859846115112305
658.0,9.0,9.0,0.3276996612548828
129.0,4.0,4.0,0.05658459663391113
239.0,0.0,0.0,0.10484528541564941
489.0,11.0,11.0,0.2414231300354004
160.0,5.0,5.0,0.06769180297851562
90.0,0.0,0.0,0.03789210319519043
492.0,3.0,3.0,0.21492338180541992
342.0,8.0,8.0,0.14286279678344727
88.0,3.0,3.0,0.038942813873291016
1437.0,10.0,10.0,0.6942389011383057
220.0,1.0,1.0,0.09922146797180176
257.0,3.0,3.0,0.10270428657531738
1285.0,6.0,6.0,0.5394549369812012
89.0,4.0,4.0,0.041608572006225586
241.0,4.0,4.0,0.10288596153259277
371.0,11.0,11.0,0.15375947952270508
49.0,4.0,4.0,0.02008056640625
329.0,11.0,11.0,0.1371293067932129
651.0,2.0,2.0,0.2858006954193115
566.0,7.0,7.0,0.2360386848449707
494.0,10.0,10.0,0.22256135940551758
81.0,10.0,10.0,0.03400421142578125
221.0,2.0,2.0,0.11000823974609375
561.0,19.0,19.0,0.23690176010131836
618.0,7.0,7.0,0.25507283210754395
551.0,6.0,6.0,0.23338651657104492
191.0,0.0,0.0,0.07858562469482422
92.0,8.0,8.0,0.038364410400390625
585.0,8.0,8.0,0.24660444259643555
1377.0,12.0,12.0,0.5898075103759766
571.0,10.0,10.0,0.24169683456420898
86.0,4.0,4.0,0.035958051681518555
385.0,0.0,0.0,0.16066908836364746
253.0,6.0,6.0,0.10506868362426758
389.0,3.0,3.0,0.1643509864807129
665.0,7.0,7.0,0.27723050117492676
286.0,5.0,5.0,0.11949467658996582
610.0,9.0,9.0,0.2525613307952881
145.0,1.0,1.0,0.05901527404785156
136.0,3.0,3.0,0.05600285530090332
104.0,2.0,2.0,0.042571306228637695
79.0,1.0,1.0,0.03342938423156738
61.0,0.0,0.0,0.026366233825683594
412.0,5.0,5.0,0.17628121376037598
68.0,1.0,1.0,0.040169715881347656
348.0,4.0,4.0,0.15976452827453613
312.0,9.0,9.0,0.12761163711547852
184.0,6.0,6.0,0.07751584053039551
1055.0,9.0,9.0,0.4401402473449707
184.0,2.0,2.0,0.0783998966217041
771.0,12.0,12.0,0.33098626136779785
155.0,5.0,5.0,0.06356310844421387
139.0,4.0,4.0,0.05879354476928711
145.0,2.0,2.0,0.05991983413696289
604.0,11.0,11.0,0.25340843200683594
726.0,3.0,3.0,0.40550875663757324
199.0,6.0,6.0,0.0839085578918457
64.0,3.0,3.0,0.03167843818664551
230.0,0.0,0.0,0.11352801322937012
430.0,5.0,5.0,0.18742704391479492
323.0,3.0,3.0,0.13344931602478027
293.0,7.0,7.0,0.12329888343811035
123.0,2.0,2.0,0.05318093299865723
683.0,8.0,8.0,0.28188204765319824
324.0,0.0,0.0,0.14181256294250488
391.0,5.0,5.0,0.16388511657714844
