Timesteps,Collisions,Steps Waited,Real-Time Elapsed
32.0,1.0,1.0,0.00887608528137207
80.0,6.0,6.0,0.021605730056762695
93.0,9.0,9.0,0.02185821533203125
24.0,3.0,3.0,0.005251407623291016
27.0,3.0,3.0,0.005904436111450195
13.0,0.0,0.0,0.003287792205810547
31.0,3.0,3.0,0.005571126937866211
21.0,1.0,1.0,0.004106998443603516
11.0,0.0,0.0,0.0029180049896240234
31.0,1.0,1.0,0.0066335201263427734
17.0,0.0,0.0,0.003461599349975586
13.0,1.0,1.0,0.0027005672454833984
51.0,4.0,4.0,0.010864973068237305
73.0,6.0,6.0,0.014117002487182617
79.0,1.0,1.0,0.0157625675201416
49.0,1.0,1.0,0.009986162185668945
50.0,2.0,2.0,0.009123086929321289
57.0,4.0,4.0,0.011167526245117188
19.0,1.0,1.0,0.004299163818359375
18.0,1.0,1.0,0.0041196346282958984
14.0,1.0,1.0,0.002008199691772461
26.0,1.0,1.0,0.004986763000488281
93.0,2.0,2.0,0.018721818923950195
12.0,0.0,0.0,0.001998424530029297
108.0,9.0,9.0,0.02019786834716797
74.0,8.0,8.0,0.014395713806152344
20.0,2.0,2.0,0.004830360412597656
15.0,1.0,1.0,0.004021406173706055
29.0,3.0,3.0,0.005709648132324219
15.0,2.0,2.0,0.0030214786529541016
13.0,0.0,0.0,0.002090930938720703
30.0,1.0,1.0,0.00623774528503418
66.0,4.0,4.0,0.012907028198242188
59.0,4.0,4.0,0.011176586151123047
51.0,8.0,8.0,0.009592533111572266
12.0,0.0,0.0,0.0021321773529052734
16.0,0.0,0.0,0.0030150413513183594
24.0,2.0,2.0,0.005001068115234375
72.0,8.0,8.0,0.013005256652832031
93.0,5.0,5.0,0.01700901985168457
46.0,4.0,4.0,0.00829458236694336
13.0,0.0,0.0,0.002512693405151367
32.0,0.0,0.0,0.007655620574951172
38.0,4.0,4.0,0.00866079330444336
14.0,0.0,0.0,0.0025103092193603516
28.0,7.0,7.0,0.005212306976318359
25.0,1.0,1.0,0.0047109127044677734
14.0,1.0,1.0,0.0030126571655273438
111.0,9.0,9.0,0.02191472053527832
51.0,4.0,4.0,0.010964632034301758
32.0,2.0,2.0,0.0056989192962646484
55.0,0.0,0.0,0.010155200958251953
25.0,1.0,1.0,0.004645824432373047
39.0,1.0,1.0,0.008151531219482422
92.0,6.0,6.0,0.02390289306640625
43.0,4.0,4.0,0.017885446548461914
13.0,1.0,1.0,0.004110813140869141
21.0,3.0,3.0,0.00594639778137207
18.0,0.0,0.0,0.004489421844482422
18.0,2.0,2.0,0.006845235824584961
12.0,0.0,0.0,0.0022881031036376953
84.0,3.0,3.0,0.020014286041259766
25.0,2.0,2.0,0.005369424819946289
14.0,0.0,0.0,0.0031065940856933594
15.0,2.0,2.0,0.004477500915527344
14.0,1.0,1.0,0.002999544143676758
45.0,1.0,1.0,0.010736703872680664
14.0,1.0,1.0,0.002070903778076172
36.0,1.0,1.0,0.007712602615356445
51.0,1.0,1.0,0.010909318923950195
143.0,19.0,19.0,0.028138160705566406
45.0,5.0,5.0,0.011200904846191406
49.0,3.0,3.0,0.009217262268066406
20.0,1.0,1.0,0.0037610530853271484
82.0,11.0,11.0,0.017882347106933594
138.0,11.0,11.0,0.02971363067626953
33.0,4.0,4.0,0.005793571472167969
13.0,0.0,0.0,0.003961086273193359
61.0,5.0,5.0,0.012746095657348633
57.0,3.0,3.0,0.012198925018310547
39.0,2.0,2.0,0.007536411285400391
15.0,0.0,0.0,0.003522157669067383
43.0,3.0,3.0,0.008369207382202148
22.0,1.0,1.0,0.005673408508300781
11.0,0.0,0.0,0.0030002593994140625
16.0,0.0,0.0,0.004612445831298828
33.0,3.0,3.0,0.008223772048950195
51.0,1.0,1.0,0.010845422744750977
19.0,4.0,4.0,0.004610300064086914
33.0,0.0,0.0,0.006280422210693359
23.0,0.0,0.0,0.004587650299072266
47.0,3.0,3.0,0.011056900024414062
32.0,4.0,4.0,0.008105039596557617
59.0,3.0,3.0,0.011152029037475586
15.0,0.0,0.0,0.003255605697631836
27.0,4.0,4.0,0.0054416656494140625
20.0,0.0,0.0,0.003905773162841797
41.0,0.0,0.0,0.00767827033996582
19.0,0.0,0.0,0.0038344860076904297
89.0,11.0,11.0,0.03220176696777344
20.0,1.0,1.0,0.0076503753662109375
13.0,2.0,2.0,0.007161855697631836
31.0,4.0,4.0,0.0075397491455078125
16.0,5.0,5.0,0.0034089088439941406
59.0,8.0,8.0,0.014147520065307617
50.0,0.0,0.0,0.017800092697143555
14.0,1.0,1.0,0.0038204193115234375
31.0,2.0,2.0,0.009111404418945312
74.0,3.0,3.0,0.019958972930908203
37.0,0.0,0.0,0.013506174087524414
30.0,3.0,3.0,0.008188962936401367
13.0,1.0,1.0,0.0031805038452148438
14.0,0.0,0.0,0.0035445690155029297
12.0,1.0,1.0,0.0020151138305664062
37.0,2.0,2.0,0.007806062698364258
16.0,4.0,4.0,0.0035316944122314453
18.0,0.0,0.0,0.0044057369232177734
26.0,1.0,1.0,0.004438161849975586
16.0,2.0,2.0,0.0038437843322753906
59.0,8.0,8.0,0.012853622436523438
34.0,0.0,0.0,0.00769495964050293
23.0,3.0,3.0,0.0048601627349853516
28.0,3.0,3.0,0.006455659866333008
54.0,6.0,6.0,0.010723114013671875
19.0,1.0,1.0,0.004010915756225586
47.0,2.0,2.0,0.011099100112915039
36.0,4.0,4.0,0.008178234100341797
18.0,1.0,1.0,0.004221200942993164
83.0,8.0,8.0,0.0188446044921875
32.0,0.0,0.0,0.007027864456176758
47.0,4.0,4.0,0.015300512313842773
23.0,3.0,3.0,0.00606083869934082
28.0,1.0,1.0,0.005587577819824219
88.0,11.0,11.0,0.01702141761779785
40.0,2.0,2.0,0.008022785186767578
60.0,5.0,5.0,0.010689735412597656
13.0,0.0,0.0,0.003050088882446289
29.0,0.0,0.0,0.006331920623779297
41.0,2.0,2.0,0.008330821990966797
23.0,1.0,1.0,0.0072247982025146484
12.0,1.0,1.0,0.0019986629486083984
13.0,0.0,0.0,0.0034759044647216797
106.0,10.0,10.0,0.021244049072265625
34.0,1.0,1.0,0.007498502731323242
14.0,0.0,0.0,0.003615856170654297
14.0,0.0,0.0,0.0027093887329101562
50.0,1.0,1.0,0.010274171829223633
12.0,0.0,0.0,0.00223541259765625
12.0,0.0,0.0,0.0020258426666259766
12.0,0.0,0.0,0.0030431747436523438
53.0,9.0,9.0,0.010919570922851562
20.0,1.0,1.0,0.004687070846557617
36.0,2.0,2.0,0.006674289703369141
79.0,3.0,3.0,0.015888214111328125
26.0,1.0,1.0,0.005559682846069336
51.0,8.0,8.0,0.012563705444335938
16.0,2.0,2.0,0.0035457611083984375
29.0,1.0,1.0,0.008245706558227539
53.0,3.0,3.0,0.015507936477661133
23.0,4.0,4.0,0.0058135986328125
23.0,2.0,2.0,0.005976438522338867
28.0,0.0,0.0,0.006672859191894531
34.0,2.0,2.0,0.007313728332519531
18.0,0.0,0.0,0.004351139068603516
27.0,1.0,1.0,0.0056591033935546875
30.0,0.0,0.0,0.006161928176879883
115.0,4.0,4.0,0.023354053497314453
20.0,0.0,0.0,0.004518747329711914
23.0,2.0,2.0,0.004546403884887695
46.0,3.0,3.0,0.013370990753173828
28.0,0.0,0.0,0.008226394653320312
22.0,2.0,2.0,0.005667686462402344
76.0,2.0,2.0,0.01775670051574707
35.0,6.0,6.0,0.010444164276123047
33.0,1.0,1.0,0.006858110427856445
17.0,2.0,2.0,0.004925727844238281
31.0,3.0,3.0,0.0065517425537109375
21.0,0.0,0.0,0.004018068313598633
59.0,4.0,4.0,0.013708114624023438
17.0,0.0,0.0,0.00433659553527832
30.0,4.0,4.0,0.007467746734619141
31.0,3.0,3.0,0.007252931594848633
38.0,0.0,0.0,0.009259939193725586
29.0,2.0,2.0,0.006465911865234375
14.0,2.0,2.0,0.0035386085510253906
31.0,2.0,2.0,0.009076356887817383
18.0,0.0,0.0,0.005154848098754883
15.0,2.0,2.0,0.004009723663330078
15.0,0.0,0.0,0.0031824111938476562
21.0,2.0,2.0,0.0061686038970947266
82.0,7.0,7.0,0.017806053161621094
24.0,2.0,2.0,0.006533145904541016
30.0,5.0,5.0,0.007861137390136719
56.0,3.0,3.0,0.014289617538452148
15.0,0.0,0.0,0.004251241683959961
14.0,1.0,1.0,0.0031404495239257812
53.0,2.0,2.0,0.012461185455322266
17.0,2.0,2.0,0.004000663757324219
96.0,12.0,12.0,0.01929759979248047
27.0,0.0,0.0,0.0056841373443603516
60.0,3.0,3.0,0.012938976287841797
16.0,2.0,2.0,0.0033669471740722656
105.0,4.0,4.0,0.019855260848999023
28.0,5.0,5.0,0.007466554641723633
12.0,0.0,0.0,0.004636526107788086
44.0,3.0,3.0,0.010520219802856445
62.0,6.0,6.0,0.013234853744506836
56.0,7.0,7.0,0.011842012405395508
52.0,4.0,4.0,0.009432315826416016
23.0,2.0,2.0,0.005698680877685547
11.0,0.0,0.0,0.0018570423126220703
78.0,8.0,8.0,0.015814542770385742
16.0,1.0,1.0,0.0028519630432128906
69.0,6.0,6.0,0.013611555099487305
48.0,3.0,3.0,0.010155439376831055
25.0,0.0,0.0,0.005028724670410156
18.0,1.0,1.0,0.003683328628540039
49.0,1.0,1.0,0.009222269058227539
16.0,1.0,1.0,0.0030181407928466797
47.0,1.0,1.0,0.008272886276245117
88.0,3.0,3.0,0.01616954803466797
20.0,3.0,3.0,0.004434108734130859
168.0,12.0,12.0,0.032305002212524414
84.0,4.0,4.0,0.014951229095458984
18.0,5.0,5.0,0.003973960876464844
36.0,1.0,1.0,0.00820016860961914
50.0,2.0,2.0,0.009363889694213867
113.0,2.0,2.0,0.022723913192749023
13.0,1.0,1.0,0.0042154788970947266
44.0,3.0,3.0,0.009043216705322266
134.0,7.0,7.0,0.027298688888549805
12.0,0.0,0.0,0.0030384063720703125
133.0,6.0,6.0,0.03204631805419922
15.0,0.0,0.0,0.004418134689331055
26.0,2.0,2.0,0.005242109298706055
74.0,7.0,7.0,0.018229246139526367
22.0,3.0,3.0,0.004732608795166016
97.0,10.0,10.0,0.023347854614257812
23.0,0.0,0.0,0.005018949508666992
73.0,10.0,10.0,0.01790618896484375
28.0,1.0,1.0,0.006529569625854492
23.0,6.0,6.0,0.005708932876586914
49.0,3.0,3.0,0.008342504501342773
22.0,0.0,0.0,0.006284952163696289
12.0,0.0,0.0,0.0030202865600585938
14.0,1.0,1.0,0.0025446414947509766
19.0,2.0,2.0,0.0046579837799072266
68.0,7.0,7.0,0.015390157699584961
17.0,1.0,1.0,0.0030617713928222656
54.0,1.0,1.0,0.010284900665283203
13.0,1.0,1.0,0.0030798912048339844
12.0,0.0,0.0,0.002009153366088867
22.0,1.0,1.0,0.003996372222900391
61.0,2.0,2.0,0.012267112731933594
33.0,1.0,1.0,0.007512331008911133
23.0,5.0,5.0,0.005974769592285156
47.0,1.0,1.0,0.009286642074584961
30.0,3.0,3.0,0.005522966384887695
39.0,0.0,0.0,0.00931096076965332
36.0,2.0,2.0,0.007496356964111328
29.0,6.0,6.0,0.00588679313659668
65.0,1.0,1.0,0.01332712173461914
30.0,0.0,0.0,0.005863189697265625
50.0,1.0,1.0,0.011532068252563477
30.0,3.0,3.0,0.00732731819152832
87.0,2.0,2.0,0.020801782608032227
59.0,3.0,3.0,0.012835264205932617
51.0,3.0,3.0,0.009546279907226562
49.0,1.0,1.0,0.01004338264465332
30.0,0.0,0.0,0.005749702453613281
43.0,2.0,2.0,0.009618282318115234
29.0,2.0,2.0,0.006729602813720703
30.0,2.0,2.0,0.006033420562744141
18.0,0.0,0.0,0.003446817398071289
76.0,2.0,2.0,0.014806032180786133
42.0,1.0,1.0,0.009635210037231445
11.0,0.0,0.0,0.002007007598876953
33.0,1.0,1.0,0.006763458251953125
45.0,1.0,1.0,0.00894021987915039
61.0,5.0,5.0,0.01404261589050293
14.0,1.0,1.0,0.0030465126037597656
27.0,1.0,1.0,0.004626035690307617
19.0,0.0,0.0,0.004164934158325195
12.0,0.0,0.0,0.0032956600189208984
42.0,2.0,2.0,0.008500337600708008
14.0,1.0,1.0,0.003009796142578125
22.0,1.0,1.0,0.005145072937011719
23.0,1.0,1.0,0.004891633987426758
91.0,6.0,6.0,0.019696474075317383
15.0,2.0,2.0,0.004522800445556641
37.0,4.0,4.0,0.007647037506103516
23.0,0.0,0.0,0.00525665283203125
13.0,0.0,0.0,0.0055408477783203125
18.0,2.0,2.0,0.005209445953369141
26.0,2.0,2.0,0.008337020874023438
58.0,2.0,2.0,0.01423954963684082
11.0,0.0,0.0,0.002010822296142578
37.0,0.0,0.0,0.008376598358154297
15.0,3.0,3.0,0.0030231475830078125
59.0,0.0,0.0,0.011452198028564453
14.0,3.0,3.0,0.002367734909057617
30.0,2.0,2.0,0.006123781204223633
21.0,4.0,4.0,0.004766941070556641
141.0,5.0,5.0,0.026593685150146484
23.0,1.0,1.0,0.005312919616699219
13.0,0.0,0.0,0.0020101070404052734
88.0,4.0,4.0,0.023098468780517578
59.0,3.0,3.0,0.019738197326660156
20.0,1.0,1.0,0.0055234432220458984
26.0,1.0,1.0,0.007893085479736328
19.0,2.0,2.0,0.006051778793334961
61.0,3.0,3.0,0.01591801643371582
34.0,1.0,1.0,0.008592367172241211
75.0,2.0,2.0,0.019911766052246094
65.0,1.0,1.0,0.01842188835144043
27.0,3.0,3.0,0.0067789554595947266
24.0,3.0,3.0,0.0055882930755615234
67.0,5.0,5.0,0.013332128524780273
11.0,0.0,0.0,0.002155303955078125
26.0,3.0,3.0,0.004230499267578125
110.0,12.0,12.0,0.02121567726135254
93.0,3.0,3.0,0.01829671859741211
37.0,1.0,1.0,0.006710529327392578
16.0,0.0,0.0,0.0030395984649658203
46.0,3.0,3.0,0.008646726608276367
23.0,2.0,2.0,0.005184173583984375
74.0,8.0,8.0,0.013491630554199219
13.0,1.0,1.0,0.0033142566680908203
66.0,5.0,5.0,0.014345407485961914
18.0,2.0,2.0,0.0046482086181640625
71.0,5.0,5.0,0.014042854309082031
96.0,11.0,11.0,0.02037787437438965
11.0,0.0,0.0,0.0020360946655273438
105.0,3.0,3.0,0.0225982666015625
26.0,1.0,1.0,0.005249977111816406
80.0,8.0,8.0,0.017113208770751953
22.0,0.0,0.0,0.0035228729248046875
77.0,9.0,9.0,0.015264749526977539
32.0,0.0,0.0,0.00618290901184082
31.0,1.0,1.0,0.007483243942260742
73.0,4.0,4.0,0.013406515121459961
55.0,8.0,8.0,0.011369705200195312
32.0,4.0,4.0,0.005657672882080078
67.0,5.0,5.0,0.013338565826416016
31.0,0.0,0.0,0.006168365478515625
43.0,2.0,2.0,0.009022951126098633
29.0,4.0,4.0,0.004997730255126953
18.0,1.0,1.0,0.0027289390563964844
48.0,7.0,7.0,0.009342670440673828
11.0,0.0,0.0,0.0017685890197753906
11.0,0.0,0.0,0.002028942108154297
59.0,2.0,2.0,0.012007474899291992
30.0,1.0,1.0,0.005961418151855469
56.0,4.0,4.0,0.011073827743530273
22.0,2.0,2.0,0.005203723907470703
17.0,1.0,1.0,0.0032210350036621094
38.0,2.0,2.0,0.008423566818237305
49.0,9.0,9.0,0.013009786605834961
98.0,11.0,11.0,0.027139902114868164
15.0,2.0,2.0,0.006730556488037109
42.0,1.0,1.0,0.013062715530395508
19.0,4.0,4.0,0.0030603408813476562
66.0,4.0,4.0,0.016772985458374023
36.0,3.0,3.0,0.00984501838684082
13.0,0.0,0.0,0.003400564193725586
11.0,0.0,0.0,0.0020797252655029297
19.0,0.0,0.0,0.0036818981170654297
43.0,1.0,1.0,0.009963274002075195
83.0,4.0,4.0,0.017464637756347656
63.0,5.0,5.0,0.01839900016784668
30.0,1.0,1.0,0.0058934688568115234
20.0,2.0,2.0,0.005437612533569336
114.0,4.0,4.0,0.0256195068359375
155.0,13.0,13.0,0.0343780517578125
89.0,5.0,5.0,0.018017292022705078
17.0,2.0,2.0,0.002606630325317383
11.0,0.0,0.0,0.0026268959045410156
48.0,3.0,3.0,0.009172201156616211
45.0,5.0,5.0,0.00816798210144043
89.0,18.0,18.0,0.016398191452026367
24.0,3.0,3.0,0.004718303680419922
26.0,3.0,3.0,0.0066089630126953125
51.0,0.0,0.0,0.010600090026855469
11.0,0.0,0.0,0.0019981861114501953
27.0,1.0,1.0,0.0051670074462890625
26.0,2.0,2.0,0.005143642425537109
20.0,4.0,4.0,0.004428863525390625
33.0,3.0,3.0,0.006226539611816406
32.0,1.0,1.0,0.0051691532135009766
94.0,6.0,6.0,0.017942190170288086
35.0,0.0,0.0,0.006008625030517578
13.0,2.0,2.0,0.002658367156982422
23.0,0.0,0.0,0.005001544952392578
12.0,0.0,0.0,0.0026421546936035156
97.0,8.0,8.0,0.022585630416870117
95.0,6.0,6.0,0.020041942596435547
17.0,2.0,2.0,0.0034537315368652344
35.0,2.0,2.0,0.008683443069458008
15.0,0.0,0.0,0.003041982650756836
108.0,9.0,9.0,0.022302865982055664
65.0,4.0,4.0,0.01267242431640625
32.0,1.0,1.0,0.006059885025024414
13.0,0.0,0.0,0.003000020980834961
42.0,1.0,1.0,0.011122465133666992
24.0,0.0,0.0,0.0037157535552978516
11.0,0.0,0.0,0.0019998550415039062
11.0,0.0,0.0,0.0019214153289794922
45.0,6.0,6.0,0.00882577896118164
14.0,0.0,0.0,0.0029997825622558594
37.0,1.0,1.0,0.006823062896728516
144.0,7.0,7.0,0.02957940101623535
20.0,2.0,2.0,0.004835605621337891
72.0,3.0,3.0,0.01587533950805664
42.0,1.0,1.0,0.007607221603393555
53.0,2.0,2.0,0.012912273406982422
37.0,3.0,3.0,0.008275270462036133
17.0,2.0,2.0,0.0030870437622070312
23.0,4.0,4.0,0.005988359451293945
34.0,2.0,2.0,0.006849527359008789
28.0,1.0,1.0,0.0055658817291259766
24.0,3.0,3.0,0.004816770553588867
30.0,1.0,1.0,0.00599980354309082
56.0,3.0,3.0,0.014851093292236328
22.0,1.0,1.0,0.0048449039459228516
12.0,1.0,1.0,0.0019996166229248047
11.0,0.0,0.0,0.0038650035858154297
17.0,0.0,0.0,0.003000020980834961
110.0,9.0,9.0,0.0344846248626709
35.0,0.0,0.0,0.011424779891967773
13.0,0.0,0.0,0.004014015197753906
14.0,0.0,0.0,0.0057795047760009766
21.0,5.0,5.0,0.00555419921875
91.0,6.0,6.0,0.019644498825073242
40.0,3.0,3.0,0.008411407470703125
67.0,4.0,4.0,0.014748096466064453
41.0,5.0,5.0,0.009134054183959961
28.0,5.0,5.0,0.006646871566772461
16.0,4.0,4.0,0.003503561019897461
56.0,3.0,3.0,0.011560201644897461
28.0,2.0,2.0,0.007775306701660156
43.0,1.0,1.0,0.009809732437133789
30.0,1.0,1.0,0.0077800750732421875
14.0,1.0,1.0,0.0041315555572509766
62.0,8.0,8.0,0.012191534042358398
15.0,3.0,3.0,0.0033636093139648438
36.0,0.0,0.0,0.008049488067626953
21.0,0.0,0.0,0.0044269561767578125
42.0,2.0,2.0,0.009268522262573242
107.0,4.0,4.0,0.022314786911010742
14.0,1.0,1.0,0.003097057342529297
21.0,0.0,0.0,0.004530191421508789
40.0,9.0,9.0,0.009521722793579102
19.0,0.0,0.0,0.005150794982910156
37.0,1.0,1.0,0.007841110229492188
57.0,1.0,1.0,0.014329195022583008
28.0,2.0,2.0,0.011746883392333984
56.0,7.0,7.0,0.01772618293762207
18.0,3.0,3.0,0.0064547061920166016
24.0,1.0,1.0,0.005022764205932617
54.0,7.0,7.0,0.011913537979125977
74.0,3.0,3.0,0.01530599594116211
42.0,3.0,3.0,0.008979082107543945
101.0,2.0,2.0,0.01961541175842285
42.0,1.0,1.0,0.008425712585449219
67.0,7.0,7.0,0.012327194213867188
54.0,5.0,5.0,0.009861946105957031
38.0,5.0,5.0,0.007000446319580078
35.0,2.0,2.0,0.0060312747955322266
86.0,5.0,5.0,0.01669597625732422
25.0,0.0,0.0,0.005250453948974609
52.0,2.0,2.0,0.00992727279663086
71.0,5.0,5.0,0.01326131820678711
98.0,3.0,3.0,0.021460533142089844
26.0,1.0,1.0,0.005764961242675781
11.0,0.0,0.0,0.0026502609252929688
35.0,1.0,1.0,0.006830930709838867
124.0,12.0,12.0,0.025441408157348633
33.0,1.0,1.0,0.0071659088134765625
54.0,1.0,1.0,0.01298379898071289
12.0,0.0,0.0,0.002163410186767578
11.0,1.0,1.0,0.0034034252166748047
33.0,1.0,1.0,0.007117748260498047
37.0,2.0,2.0,0.010736465454101562
17.0,2.0,2.0,0.002975940704345703
13.0,0.0,0.0,0.002999544143676758
24.0,0.0,0.0,0.004797220230102539
12.0,0.0,0.0,0.0035037994384765625
76.0,4.0,4.0,0.0181119441986084
78.0,3.0,3.0,0.014748334884643555
63.0,1.0,1.0,0.011992692947387695
74.0,6.0,6.0,0.013822793960571289
12.0,0.0,0.0,0.0016226768493652344
14.0,1.0,1.0,0.0027246475219726562
15.0,1.0,1.0,0.003000020980834961
22.0,1.0,1.0,0.00464320182800293
13.0,1.0,1.0,0.0016696453094482422
44.0,3.0,3.0,0.009534120559692383
25.0,2.0,2.0,0.0046100616455078125
36.0,3.0,3.0,0.0065653324127197266
29.0,0.0,0.0,0.006311178207397461
20.0,0.0,0.0,0.0041446685791015625
107.0,16.0,16.0,0.0210721492767334
72.0,2.0,2.0,0.013736248016357422
44.0,5.0,5.0,0.008215904235839844
49.0,2.0,2.0,0.011421680450439453
70.0,6.0,6.0,0.01580047607421875
37.0,3.0,3.0,0.008694171905517578
87.0,10.0,10.0,0.018154382705688477
34.0,0.0,0.0,0.007788896560668945
14.0,0.0,0.0,0.0038950443267822266
70.0,0.0,0.0,0.015596389770507812
100.0,9.0,9.0,0.02460026741027832
12.0,0.0,0.0,0.003313779830932617
68.0,5.0,5.0,0.015801668167114258
65.0,8.0,8.0,0.014923334121704102
68.0,0.0,0.0,0.013135433197021484
36.0,3.0,3.0,0.010111331939697266
68.0,4.0,4.0,0.017128467559814453
17.0,0.0,0.0,0.005382537841796875
51.0,1.0,1.0,0.01302957534790039
15.0,1.0,1.0,0.003473520278930664
36.0,3.0,3.0,0.0071222782135009766
35.0,3.0,3.0,0.006763935089111328
208.0,14.0,14.0,0.05089092254638672
39.0,0.0,0.0,0.009599447250366211
50.0,3.0,3.0,0.011880636215209961
95.0,5.0,5.0,0.023639678955078125
34.0,3.0,3.0,0.008291006088256836
16.0,1.0,1.0,0.003025054931640625
122.0,9.0,9.0,0.039090633392333984
12.0,0.0,0.0,0.005644083023071289
42.0,2.0,2.0,0.010747909545898438
40.0,1.0,1.0,0.008657693862915039
146.0,19.0,19.0,0.03663516044616699
47.0,5.0,5.0,0.013509035110473633
52.0,1.0,1.0,0.013087749481201172
99.0,8.0,8.0,0.02559494972229004
48.0,2.0,2.0,0.011624574661254883
30.0,1.0,1.0,0.005825519561767578
92.0,4.0,4.0,0.023181915283203125
67.0,3.0,3.0,0.016219377517700195
17.0,2.0,2.0,0.004002094268798828
35.0,5.0,5.0,0.008878231048583984
21.0,1.0,1.0,0.005025386810302734
42.0,2.0,2.0,0.010732650756835938
14.0,0.0,0.0,0.003149747848510742
87.0,5.0,5.0,0.024123430252075195
39.0,1.0,1.0,0.013879060745239258
59.0,3.0,3.0,0.017242431640625
22.0,1.0,1.0,0.008617401123046875
83.0,7.0,7.0,0.021182537078857422
13.0,1.0,1.0,0.002750873565673828
12.0,1.0,1.0,0.0022106170654296875
44.0,0.0,0.0,0.009005308151245117
15.0,1.0,1.0,0.00475621223449707
33.0,0.0,0.0,0.0117645263671875
15.0,0.0,0.0,0.004740715026855469
37.0,5.0,5.0,0.014613151550292969
62.0,3.0,3.0,0.021379470825195312
12.0,0.0,0.0,0.004951000213623047
98.0,5.0,5.0,0.03261399269104004
14.0,2.0,2.0,0.0050084590911865234
33.0,1.0,1.0,0.010653495788574219
14.0,1.0,1.0,0.005385398864746094
22.0,0.0,0.0,0.006998538970947266
37.0,3.0,3.0,0.011068582534790039
71.0,6.0,6.0,0.02153778076171875
27.0,1.0,1.0,0.009624481201171875
46.0,1.0,1.0,0.011002063751220703
25.0,1.0,1.0,0.009638786315917969
11.0,0.0,0.0,0.0037958621978759766
34.0,0.0,0.0,0.013021230697631836
22.0,1.0,1.0,0.00878596305847168
110.0,9.0,9.0,0.038846731185913086
32.0,1.0,1.0,0.013005971908569336
74.0,0.0,0.0,0.027254104614257812
42.0,2.0,2.0,0.016429662704467773
34.0,4.0,4.0,0.011704683303833008
54.0,2.0,2.0,0.02103424072265625
33.0,6.0,6.0,0.013942241668701172
22.0,1.0,1.0,0.007207632064819336
24.0,2.0,2.0,0.008735418319702148
87.0,9.0,9.0,0.03125357627868652
19.0,1.0,1.0,0.006781816482543945
24.0,2.0,2.0,0.006760835647583008
18.0,1.0,1.0,0.007044553756713867
23.0,3.0,3.0,0.010002613067626953
12.0,1.0,1.0,0.0045163631439208984
56.0,1.0,1.0,0.023896455764770508
22.0,0.0,0.0,0.00747227668762207
25.0,1.0,1.0,0.008474349975585938
31.0,2.0,2.0,0.010993242263793945
15.0,0.0,0.0,0.005014896392822266
18.0,1.0,1.0,0.0071794986724853516
19.0,3.0,3.0,0.007186174392700195
42.0,4.0,4.0,0.01501011848449707
14.0,1.0,1.0,0.004514217376708984
12.0,1.0,1.0,0.004019498825073242
49.0,3.0,3.0,0.01730513572692871
83.0,6.0,6.0,0.027997970581054688
13.0,1.0,1.0,0.0042877197265625
27.0,0.0,0.0,0.008117914199829102
63.0,8.0,8.0,0.021350383758544922
32.0,1.0,1.0,0.009072065353393555
18.0,0.0,0.0,0.0060231685638427734
38.0,4.0,4.0,0.011585235595703125
50.0,6.0,6.0,0.015619516372680664
46.0,6.0,6.0,0.014171123504638672
64.0,4.0,4.0,0.01969432830810547
137.0,10.0,10.0,0.048269033432006836
40.0,3.0,3.0,0.012388467788696289
12.0,1.0,1.0,0.0033998489379882812
57.0,2.0,2.0,0.01787710189819336
11.0,0.0,0.0,0.004068851470947266
51.0,3.0,3.0,0.01704096794128418
13.0,0.0,0.0,0.005576372146606445
108.0,5.0,5.0,0.03602170944213867
17.0,0.0,0.0,0.005490779876708984
13.0,1.0,1.0,0.004042863845825195
36.0,1.0,1.0,0.01264047622680664
14.0,0.0,0.0,0.00610804557800293
37.0,0.0,0.0,0.012622356414794922
28.0,2.0,2.0,0.010333538055419922
13.0,0.0,0.0,0.0065212249755859375
19.0,3.0,3.0,0.004811763763427734
22.0,2.0,2.0,0.009314775466918945
48.0,2.0,2.0,0.013747930526733398
15.0,1.0,1.0,0.004533052444458008
83.0,6.0,6.0,0.02686333656311035
11.0,0.0,0.0,0.002999544143676758
18.0,3.0,3.0,0.005316257476806641
132.0,9.0,9.0,0.042671918869018555
19.0,1.0,1.0,0.0053043365478515625
95.0,12.0,12.0,0.02906322479248047
34.0,1.0,1.0,0.011929035186767578
27.0,3.0,3.0,0.009001731872558594
48.0,5.0,5.0,0.015228271484375
16.0,0.0,0.0,0.006745100021362305
48.0,0.0,0.0,0.01658153533935547
15.0,1.0,1.0,0.003142118453979492
29.0,2.0,2.0,0.008255720138549805
28.0,6.0,6.0,0.010147809982299805
13.0,0.0,0.0,0.0053026676177978516
28.0,0.0,0.0,0.0067064762115478516
42.0,2.0,2.0,0.013174772262573242
41.0,0.0,0.0,0.012305021286010742
27.0,1.0,1.0,0.00978994369506836
34.0,3.0,3.0,0.011013984680175781
72.0,2.0,2.0,0.02175760269165039
24.0,2.0,2.0,0.007571220397949219
22.0,0.0,0.0,0.0061130523681640625
11.0,1.0,1.0,0.006281614303588867
11.0,0.0,0.0,0.005682468414306641
13.0,0.0,0.0,0.005446434020996094
36.0,2.0,2.0,0.01218724250793457
34.0,3.0,3.0,0.012161493301391602
18.0,0.0,0.0,0.006993293762207031
42.0,2.0,2.0,0.011411190032958984
54.0,3.0,3.0,0.016880273818969727
20.0,0.0,0.0,0.007110118865966797
12.0,1.0,1.0,0.0031054019927978516
19.0,3.0,3.0,0.006278514862060547
66.0,4.0,4.0,0.019197940826416016
28.0,2.0,2.0,0.008838415145874023
40.0,1.0,1.0,0.010800361633300781
28.0,1.0,1.0,0.009233951568603516
20.0,1.0,1.0,0.005529880523681641
18.0,4.0,4.0,0.00711822509765625
55.0,3.0,3.0,0.01865696907043457
25.0,2.0,2.0,0.008000373840332031
13.0,2.0,2.0,0.004145383834838867
80.0,8.0,8.0,0.023360490798950195
23.0,1.0,1.0,0.006872653961181641
44.0,4.0,4.0,0.013311624526977539
12.0,0.0,0.0,0.006503582000732422
45.0,1.0,1.0,0.016869306564331055
17.0,0.0,0.0,0.006089210510253906
39.0,3.0,3.0,0.012061595916748047
84.0,4.0,4.0,0.02498006820678711
71.0,0.0,0.0,0.020375490188598633
78.0,5.0,5.0,0.02673482894897461
20.0,3.0,3.0,0.007364749908447266
17.0,2.0,2.0,0.0066525936126708984
117.0,9.0,9.0,0.03837251663208008
41.0,3.0,3.0,0.013518810272216797
54.0,3.0,3.0,0.01502370834350586
14.0,2.0,2.0,0.004837989807128906
85.0,4.0,4.0,0.02846360206604004
38.0,1.0,1.0,0.011813879013061523
33.0,3.0,3.0,0.009712696075439453
11.0,0.0,0.0,0.004296302795410156
16.0,2.0,2.0,0.004426240921020508
11.0,0.0,0.0,0.004742145538330078
17.0,2.0,2.0,0.005445957183837891
29.0,3.0,3.0,0.010547399520874023
56.0,3.0,3.0,0.018486499786376953
29.0,0.0,0.0,0.011654376983642578
32.0,0.0,0.0,0.009364843368530273
68.0,12.0,12.0,0.01842522621154785
50.0,6.0,6.0,0.022276878356933594
85.0,5.0,5.0,0.039693355560302734
56.0,2.0,2.0,0.020768165588378906
49.0,4.0,4.0,0.015561819076538086
11.0,0.0,0.0,0.004423856735229492
25.0,3.0,3.0,0.006264448165893555
33.0,0.0,0.0,0.009933710098266602
19.0,0.0,0.0,0.0060214996337890625
19.0,0.0,0.0,0.005346775054931641
17.0,0.0,0.0,0.0058574676513671875
30.0,4.0,4.0,0.0063211917877197266
41.0,2.0,2.0,0.011220693588256836
72.0,0.0,0.0,0.021506547927856445
16.0,0.0,0.0,0.005738019943237305
51.0,1.0,1.0,0.01448965072631836
66.0,2.0,2.0,0.021069765090942383
61.0,3.0,3.0,0.020765304565429688
15.0,1.0,1.0,0.005107402801513672
35.0,1.0,1.0,0.012477636337280273
99.0,5.0,5.0,0.029664993286132812
89.0,3.0,3.0,0.028033018112182617
16.0,2.0,2.0,0.0049932003021240234
15.0,2.0,2.0,0.005994558334350586
74.0,1.0,1.0,0.02204298973083496
46.0,5.0,5.0,0.0135955810546875
34.0,2.0,2.0,0.009000062942504883
38.0,3.0,3.0,0.010009288787841797
65.0,7.0,7.0,0.020004749298095703
49.0,6.0,6.0,0.01599264144897461
75.0,9.0,9.0,0.02186298370361328
36.0,3.0,3.0,0.011378049850463867
28.0,1.0,1.0,0.008611440658569336
42.0,8.0,8.0,0.014625310897827148
76.0,0.0,0.0,0.022012710571289062
13.0,2.0,2.0,0.0029993057250976562
121.0,10.0,10.0,0.03668928146362305
29.0,1.0,1.0,0.010896444320678711
38.0,1.0,1.0,0.009338617324829102
67.0,0.0,0.0,0.01864004135131836
15.0,4.0,4.0,0.004311084747314453
11.0,0.0,0.0,0.004119396209716797
42.0,1.0,1.0,0.012501955032348633
16.0,1.0,1.0,0.004621744155883789
23.0,0.0,0.0,0.005613803863525391
27.0,2.0,2.0,0.00854349136352539
27.0,0.0,0.0,0.00857996940612793
32.0,4.0,4.0,0.01390981674194336
17.0,1.0,1.0,0.0039975643157958984
38.0,2.0,2.0,0.012546062469482422
84.0,5.0,5.0,0.028949260711669922
134.0,12.0,12.0,0.048357486724853516
23.0,1.0,1.0,0.008225679397583008
44.0,6.0,6.0,0.016507387161254883
69.0,4.0,4.0,0.028509140014648438
11.0,1.0,1.0,0.004528045654296875
19.0,0.0,0.0,0.005994081497192383
71.0,4.0,4.0,0.0231020450592041
29.0,0.0,0.0,0.011456489562988281
21.0,1.0,1.0,0.008072853088378906
19.0,0.0,0.0,0.005998849868774414
71.0,2.0,2.0,0.02620244026184082
55.0,6.0,6.0,0.025012731552124023
69.0,8.0,8.0,0.020856380462646484
75.0,11.0,11.0,0.023386240005493164
23.0,2.0,2.0,0.008718013763427734
29.0,0.0,0.0,0.007835865020751953
38.0,1.0,1.0,0.01314544677734375
23.0,4.0,4.0,0.009682655334472656
14.0,1.0,1.0,0.0029039382934570312
24.0,1.0,1.0,0.0070476531982421875
13.0,0.0,0.0,0.0042760372161865234
27.0,2.0,2.0,0.008098363876342773
150.0,10.0,10.0,0.05383872985839844
14.0,0.0,0.0,0.005803108215332031
40.0,5.0,5.0,0.012639284133911133
28.0,1.0,1.0,0.00924229621887207
29.0,3.0,3.0,0.007843971252441406
103.0,5.0,5.0,0.03378033638000488
20.0,4.0,4.0,0.007581472396850586
27.0,0.0,0.0,0.009002208709716797
15.0,1.0,1.0,0.005071878433227539
70.0,5.0,5.0,0.02123570442199707
33.0,0.0,0.0,0.009414911270141602
28.0,2.0,2.0,0.009529352188110352
14.0,2.0,2.0,0.004992008209228516
47.0,3.0,3.0,0.016254901885986328
20.0,0.0,0.0,0.006631135940551758
111.0,6.0,6.0,0.04324054718017578
22.0,0.0,0.0,0.011047124862670898
107.0,8.0,8.0,0.03959345817565918
147.0,9.0,9.0,0.056125640869140625
110.0,6.0,6.0,0.043576717376708984
87.0,9.0,9.0,0.03167891502380371
39.0,3.0,3.0,0.015088796615600586
36.0,0.0,0.0,0.013152837753295898
18.0,0.0,0.0,0.008883953094482422
14.0,0.0,0.0,0.0045185089111328125
53.0,4.0,4.0,0.01803135871887207
14.0,1.0,1.0,0.004659175872802734
30.0,3.0,3.0,0.009062767028808594
18.0,6.0,6.0,0.0072133541107177734
39.0,7.0,7.0,0.016176939010620117
100.0,7.0,7.0,0.043786048889160156
62.0,0.0,0.0,0.028921842575073242
11.0,0.0,0.0,0.003030538558959961
15.0,0.0,0.0,0.005002737045288086
24.0,2.0,2.0,0.009001731872558594
37.0,3.0,3.0,0.015624523162841797
63.0,7.0,7.0,0.02948594093322754
34.0,2.0,2.0,0.01247406005859375
16.0,1.0,1.0,0.006078481674194336
38.0,1.0,1.0,0.011449575424194336
19.0,1.0,1.0,0.009001731872558594
23.0,3.0,3.0,0.009017229080200195
27.0,1.0,1.0,0.011119604110717773
19.0,2.0,2.0,0.009763240814208984
35.0,0.0,0.0,0.013998985290527344
35.0,3.0,3.0,0.0177614688873291
63.0,2.0,2.0,0.027189254760742188
21.0,0.0,0.0,0.011046409606933594
122.0,11.0,11.0,0.04827308654785156
11.0,0.0,0.0,0.005628347396850586
39.0,0.0,0.0,0.016590118408203125
26.0,0.0,0.0,0.01400899887084961
35.0,1.0,1.0,0.017222166061401367
42.0,1.0,1.0,0.02251744270324707
15.0,1.0,1.0,0.00900578498840332
24.0,0.0,0.0,0.013424158096313477
58.0,4.0,4.0,0.022190332412719727
22.0,0.0,0.0,0.010544776916503906
44.0,1.0,1.0,0.017095088958740234
12.0,1.0,1.0,0.005899667739868164
23.0,1.0,1.0,0.008072853088378906
25.0,2.0,2.0,0.010015249252319336
17.0,2.0,2.0,0.008086442947387695
27.0,2.0,2.0,0.008064746856689453
64.0,3.0,3.0,0.020810604095458984
27.0,0.0,0.0,0.01151132583618164
31.0,4.0,4.0,0.009577751159667969
17.0,1.0,1.0,0.006430625915527344
65.0,6.0,6.0,0.03435492515563965
45.0,7.0,7.0,0.015978336334228516
28.0,1.0,1.0,0.010226249694824219
49.0,4.0,4.0,0.01653289794921875
38.0,1.0,1.0,0.014496564865112305
13.0,1.0,1.0,0.005301713943481445
16.0,0.0,0.0,0.005085945129394531
40.0,2.0,2.0,0.013105154037475586
12.0,0.0,0.0,0.0037584304809570312
20.0,2.0,2.0,0.006533384323120117
30.0,2.0,2.0,0.014957904815673828
44.0,2.0,2.0,0.020538330078125
62.0,2.0,2.0,0.02752089500427246
22.0,3.0,3.0,0.011705160140991211
42.0,3.0,3.0,0.01353311538696289
21.0,0.0,0.0,0.007106781005859375
73.0,10.0,10.0,0.03387784957885742
159.0,9.0,9.0,0.06492733955383301
88.0,7.0,7.0,0.03365349769592285
14.0,2.0,2.0,0.0070018768310546875
18.0,1.0,1.0,0.007139444351196289
30.0,2.0,2.0,0.015874624252319336
12.0,0.0,0.0,0.0070116519927978516
27.0,0.0,0.0,0.012984275817871094
30.0,2.0,2.0,0.012000083923339844
13.0,0.0,0.0,0.006999492645263672
12.0,1.0,1.0,0.0035538673400878906
22.0,1.0,1.0,0.0076141357421875
17.0,1.0,1.0,0.007110595703125
88.0,4.0,4.0,0.030303478240966797
14.0,1.0,1.0,0.004576921463012695
18.0,0.0,0.0,0.006132364273071289
35.0,3.0,3.0,0.012427806854248047
39.0,2.0,2.0,0.01004791259765625
16.0,0.0,0.0,0.004465818405151367
54.0,4.0,4.0,0.017081737518310547
25.0,2.0,2.0,0.008994579315185547
12.0,0.0,0.0,0.0050013065338134766
15.0,0.0,0.0,0.006646633148193359
12.0,0.0,0.0,0.005514621734619141
20.0,3.0,3.0,0.007253885269165039
66.0,9.0,9.0,0.019040584564208984
116.0,3.0,3.0,0.03800058364868164
78.0,9.0,9.0,0.027050018310546875
48.0,1.0,1.0,0.014589548110961914
20.0,0.0,0.0,0.00700688362121582
42.0,2.0,2.0,0.01300501823425293
14.0,0.0,0.0,0.004006624221801758
15.0,3.0,3.0,0.006994724273681641
11.0,0.0,0.0,0.002995014190673828
16.0,1.0,1.0,0.0050048828125
46.0,0.0,0.0,0.014000177383422852
11.0,0.0,0.0,0.007043123245239258
30.0,4.0,4.0,0.00928187370300293
37.0,3.0,3.0,0.012239217758178711
42.0,2.0,2.0,0.011280059814453125
37.0,0.0,0.0,0.009613275527954102
48.0,5.0,5.0,0.013831853866577148
16.0,1.0,1.0,0.003998279571533203
17.0,0.0,0.0,0.004006147384643555
52.0,3.0,3.0,0.017284393310546875
19.0,2.0,2.0,0.005195140838623047
87.0,4.0,4.0,0.027206897735595703
39.0,5.0,5.0,0.010686635971069336
42.0,8.0,8.0,0.013710737228393555
90.0,3.0,3.0,0.027039527893066406
53.0,0.0,0.0,0.016295194625854492
13.0,1.0,1.0,0.003009796142578125
59.0,1.0,1.0,0.018393754959106445
216.0,17.0,17.0,0.06267380714416504
55.0,3.0,3.0,0.0244905948638916
14.0,1.0,1.0,0.003491640090942383
65.0,12.0,12.0,0.02225494384765625
73.0,7.0,7.0,0.02862238883972168
12.0,1.0,1.0,0.005167722702026367
24.0,4.0,4.0,0.004346132278442383
59.0,1.0,1.0,0.021587848663330078
63.0,1.0,1.0,0.018256664276123047
25.0,2.0,2.0,0.007997989654541016
56.0,1.0,1.0,0.018259048461914062
24.0,0.0,0.0,0.008256912231445312
13.0,0.0,0.0,0.005048274993896484
22.0,1.0,1.0,0.007410287857055664
45.0,2.0,2.0,0.018480539321899414
82.0,6.0,6.0,0.027626752853393555
23.0,0.0,0.0,0.007775545120239258
60.0,0.0,0.0,0.019543886184692383
27.0,1.0,1.0,0.009011983871459961
33.0,1.0,1.0,0.012832403182983398
16.0,0.0,0.0,0.00658869743347168
69.0,2.0,2.0,0.02328777313232422
24.0,0.0,0.0,0.0074422359466552734
15.0,3.0,3.0,0.005677461624145508
13.0,0.0,0.0,0.004288196563720703
65.0,6.0,6.0,0.01878070831298828
42.0,1.0,1.0,0.014022350311279297
45.0,1.0,1.0,0.01464986801147461
106.0,6.0,6.0,0.03198051452636719
48.0,4.0,4.0,0.01318669319152832
39.0,3.0,3.0,0.01100778579711914
26.0,0.0,0.0,0.007781982421875
41.0,6.0,6.0,0.013068675994873047
53.0,3.0,3.0,0.015538930892944336
69.0,4.0,4.0,0.02154088020324707
29.0,0.0,0.0,0.008759498596191406
24.0,2.0,2.0,0.008010625839233398
42.0,19.0,19.0,0.014951229095458984
32.0,4.0,4.0,0.01159811019897461
27.0,0.0,0.0,0.010087728500366211
16.0,0.0,0.0,0.006428956985473633
36.0,5.0,5.0,0.011005640029907227
17.0,0.0,0.0,0.006299018859863281
22.0,1.0,1.0,0.008041858673095703
39.0,0.0,0.0,0.011693239212036133
20.0,0.0,0.0,0.005459308624267578
12.0,1.0,1.0,0.00401616096496582
29.0,5.0,5.0,0.01000833511352539
36.0,1.0,1.0,0.01322317123413086
22.0,1.0,1.0,0.007709026336669922
61.0,6.0,6.0,0.017724275588989258
36.0,1.0,1.0,0.01479196548461914
25.0,2.0,2.0,0.009435892105102539
14.0,0.0,0.0,0.005296945571899414
83.0,12.0,12.0,0.030783414840698242
23.0,1.0,1.0,0.007083415985107422
23.0,1.0,1.0,0.008942604064941406
20.0,1.0,1.0,0.00832223892211914
41.0,2.0,2.0,0.023658037185668945
11.0,0.0,0.0,0.00801229476928711
12.0,0.0,0.0,0.004500389099121094
11.0,0.0,0.0,0.003998279571533203
63.0,4.0,4.0,0.022875308990478516
30.0,3.0,3.0,0.009670019149780273
34.0,1.0,1.0,0.01247549057006836
29.0,2.0,2.0,0.00770115852355957
40.0,9.0,9.0,0.01123499870300293
50.0,6.0,6.0,0.01551365852355957
31.0,3.0,3.0,0.010886907577514648
22.0,0.0,0.0,0.006365060806274414
44.0,2.0,2.0,0.012835025787353516
124.0,8.0,8.0,0.036782026290893555
92.0,7.0,7.0,0.025211095809936523
14.0,1.0,1.0,0.005049943923950195
12.0,0.0,0.0,0.0046765804290771484
53.0,5.0,5.0,0.015211105346679688
16.0,1.0,1.0,0.005479574203491211
51.0,0.0,0.0,0.019354581832885742
14.0,1.0,1.0,0.00506901741027832
46.0,4.0,4.0,0.015545129776000977
14.0,0.0,0.0,0.0050106048583984375
75.0,4.0,4.0,0.02422165870666504
27.0,3.0,3.0,0.008995771408081055
56.0,6.0,6.0,0.01951432228088379
45.0,4.0,4.0,0.014976263046264648
42.0,2.0,2.0,0.014998674392700195
40.0,1.0,1.0,0.010000944137573242
41.0,4.0,4.0,0.011532306671142578
13.0,3.0,3.0,0.00499272346496582
27.0,2.0,2.0,0.011968374252319336
37.0,1.0,1.0,0.011120080947875977
37.0,2.0,2.0,0.01526498794555664
94.0,5.0,5.0,0.04029679298400879
28.0,3.0,3.0,0.008239507675170898
122.0,5.0,5.0,0.03999018669128418
27.0,0.0,0.0,0.009426355361938477
137.0,8.0,8.0,0.04342055320739746
12.0,0.0,0.0,0.003305673599243164
14.0,0.0,0.0,0.0057375431060791016
23.0,2.0,2.0,0.007995128631591797
29.0,5.0,5.0,0.008364200592041016
31.0,2.0,2.0,0.010011672973632812
20.0,0.0,0.0,0.007009267807006836
22.0,3.0,3.0,0.007995367050170898
24.0,1.0,1.0,0.007886409759521484
28.0,0.0,0.0,0.010294914245605469
23.0,0.0,0.0,0.0070648193359375
50.0,2.0,2.0,0.015181303024291992
31.0,8.0,8.0,0.010190725326538086
110.0,3.0,3.0,0.03655099868774414
30.0,2.0,2.0,0.010523319244384766
71.0,7.0,7.0,0.023031949996948242
28.0,2.0,2.0,0.009000062942504883
26.0,0.0,0.0,0.007992982864379883
21.0,2.0,2.0,0.00599980354309082
49.0,3.0,3.0,0.01600050926208496
24.0,3.0,3.0,0.006037473678588867
15.0,1.0,1.0,0.004004716873168945
25.0,5.0,5.0,0.008585214614868164
14.0,3.0,3.0,0.004006624221801758
92.0,6.0,6.0,0.029478788375854492
14.0,0.0,0.0,0.003988504409790039
81.0,3.0,3.0,0.02787494659423828
29.0,1.0,1.0,0.009008169174194336
41.0,8.0,8.0,0.012618780136108398
31.0,3.0,3.0,0.010888338088989258
15.0,0.0,0.0,0.004395246505737305
81.0,4.0,4.0,0.028110265731811523
105.0,9.0,9.0,0.03455400466918945
46.0,0.0,0.0,0.016196489334106445
16.0,4.0,4.0,0.004525184631347656
80.0,8.0,8.0,0.029876708984375
13.0,0.0,0.0,0.003998994827270508
12.0,0.0,0.0,0.002790689468383789
86.0,2.0,2.0,0.026971817016601562
23.0,0.0,0.0,0.008350610733032227
26.0,1.0,1.0,0.009515762329101562
14.0,1.0,1.0,0.003599405288696289
41.0,3.0,3.0,0.012457132339477539
34.0,0.0,0.0,0.010589599609375
51.0,3.0,3.0,0.01737809181213379
20.0,1.0,1.0,0.005799055099487305
28.0,2.0,2.0,0.010194778442382812
37.0,1.0,1.0,0.015418052673339844
33.0,1.0,1.0,0.010809898376464844
82.0,3.0,3.0,0.034667253494262695
88.0,4.0,4.0,0.02945423126220703
28.0,3.0,3.0,0.009392738342285156
30.0,2.0,2.0,0.010542154312133789
59.0,7.0,7.0,0.021286964416503906
34.0,0.0,0.0,0.010998010635375977
16.0,1.0,1.0,0.0041081905364990234
12.0,1.0,1.0,0.004381656646728516
37.0,2.0,2.0,0.012584209442138672
86.0,5.0,5.0,0.032021284103393555
78.0,5.0,5.0,0.027083873748779297
62.0,8.0,8.0,0.02145242691040039
15.0,0.0,0.0,0.005539655685424805
12.0,0.0,0.0,0.0031952857971191406
66.0,1.0,1.0,0.02299642562866211
32.0,1.0,1.0,0.010539531707763672
68.0,1.0,1.0,0.02517080307006836
15.0,2.0,2.0,0.004984378814697266
13.0,0.0,0.0,0.003999948501586914
19.0,0.0,0.0,0.006905555725097656
21.0,1.0,1.0,0.00756072998046875
70.0,4.0,4.0,0.02822589874267578
37.0,7.0,7.0,0.01400303840637207
31.0,1.0,1.0,0.01297307014465332
58.0,2.0,2.0,0.017531394958496094
13.0,0.0,0.0,0.005007028579711914
53.0,0.0,0.0,0.01852107048034668
19.0,2.0,2.0,0.00800776481628418
35.0,4.0,4.0,0.011997699737548828
21.0,0.0,0.0,0.007001638412475586
35.0,3.0,3.0,0.011116266250610352
78.0,7.0,7.0,0.024915456771850586
56.0,15.0,15.0,0.022263050079345703
13.0,0.0,0.0,0.005095243453979492
84.0,8.0,8.0,0.026856422424316406
37.0,1.0,1.0,0.012151002883911133
26.0,0.0,0.0,0.010501623153686523
20.0,3.0,3.0,0.009871959686279297
14.0,1.0,1.0,0.006485462188720703
19.0,2.0,2.0,0.009020328521728516
15.0,0.0,0.0,0.005182981491088867
13.0,1.0,1.0,0.0025010108947753906
26.0,8.0,8.0,0.008997201919555664
68.0,2.0,2.0,0.02396535873413086
26.0,0.0,0.0,0.00938272476196289
13.0,2.0,2.0,0.004999876022338867
80.0,0.0,0.0,0.028063535690307617
23.0,3.0,3.0,0.008673429489135742
35.0,0.0,0.0,0.012715816497802734
24.0,3.0,3.0,0.0077974796295166016
11.0,0.0,0.0,0.005934000015258789
19.0,4.0,4.0,0.009096145629882812
26.0,3.0,3.0,0.01501774787902832
20.0,0.0,0.0,0.011531591415405273
32.0,1.0,1.0,0.015139102935791016
73.0,4.0,4.0,0.023943424224853516
19.0,4.0,4.0,0.006523609161376953
21.0,1.0,1.0,0.005967855453491211
52.0,4.0,4.0,0.014290571212768555
63.0,2.0,2.0,0.019255399703979492
58.0,5.0,5.0,0.022777080535888672
15.0,2.0,2.0,0.004931926727294922
50.0,4.0,4.0,0.016552209854125977
12.0,0.0,0.0,0.0036535263061523438
40.0,1.0,1.0,0.012480735778808594
40.0,3.0,3.0,0.013709306716918945
60.0,1.0,1.0,0.01943683624267578
28.0,3.0,3.0,0.008213996887207031
66.0,0.0,0.0,0.0254666805267334
26.0,5.0,5.0,0.01055908203125
107.0,12.0,12.0,0.03493309020996094
17.0,2.0,2.0,0.004857540130615234
28.0,0.0,0.0,0.00758051872253418
17.0,2.0,2.0,0.005991935729980469
85.0,6.0,6.0,0.02617478370666504
79.0,5.0,5.0,0.025655269622802734
80.0,6.0,6.0,0.024309873580932617
21.0,1.0,1.0,0.00699615478515625
44.0,0.0,0.0,0.013967514038085938
30.0,1.0,1.0,0.00999760627746582
26.0,2.0,2.0,0.008995532989501953
23.0,1.0,1.0,0.010000228881835938
36.0,0.0,0.0,0.010734319686889648
44.0,2.0,2.0,0.013519763946533203
14.0,0.0,0.0,0.0050182342529296875
34.0,5.0,5.0,0.010986566543579102
52.0,4.0,4.0,0.01582193374633789
37.0,0.0,0.0,0.012440204620361328
12.0,1.0,1.0,0.00403141975402832
141.0,10.0,10.0,0.04159975051879883
50.0,1.0,1.0,0.01500082015991211
46.0,2.0,2.0,0.01252889633178711
43.0,2.0,2.0,0.012192010879516602
28.0,1.0,1.0,0.008713245391845703
41.0,7.0,7.0,0.012911558151245117
97.0,3.0,3.0,0.0324094295501709
12.0,1.0,1.0,0.0025527477264404297
31.0,1.0,1.0,0.010435342788696289
59.0,7.0,7.0,0.01433563232421875
71.0,6.0,6.0,0.02079319953918457
57.0,5.0,5.0,0.019753217697143555
109.0,7.0,7.0,0.03634500503540039
26.0,3.0,3.0,0.006959199905395508
29.0,4.0,4.0,0.01099705696105957
21.0,0.0,0.0,0.006793022155761719
70.0,5.0,5.0,0.02366352081298828
16.0,1.0,1.0,0.005997419357299805
12.0,0.0,0.0,0.0040130615234375
90.0,14.0,14.0,0.028817176818847656
18.0,2.0,2.0,0.008655548095703125
27.0,2.0,2.0,0.00799703598022461
30.0,3.0,3.0,0.008557319641113281
59.0,3.0,3.0,0.015461921691894531
63.0,1.0,1.0,0.018340110778808594
87.0,11.0,11.0,0.02442002296447754
28.0,1.0,1.0,0.010170936584472656
35.0,1.0,1.0,0.010996341705322266
14.0,0.0,0.0,0.004002571105957031
60.0,5.0,5.0,0.017689943313598633
12.0,0.0,0.0,0.00401759147644043
34.0,0.0,0.0,0.011176109313964844
11.0,0.0,0.0,0.0040035247802734375
19.0,1.0,1.0,0.0045664310455322266
48.0,5.0,5.0,0.014379501342773438
18.0,3.0,3.0,0.006005048751831055
16.0,0.0,0.0,0.005280733108520508
31.0,7.0,7.0,0.009989023208618164
43.0,2.0,2.0,0.01296091079711914
15.0,2.0,2.0,0.0033054351806640625
67.0,2.0,2.0,0.02023935317993164
34.0,1.0,1.0,0.01102757453918457
73.0,4.0,4.0,0.02303290367126465
59.0,1.0,1.0,0.020000696182250977
45.0,2.0,2.0,0.015994548797607422
59.0,4.0,4.0,0.021551132202148438
86.0,6.0,6.0,0.026741981506347656
49.0,3.0,3.0,0.016535043716430664
12.0,1.0,1.0,0.0039975643157958984
24.0,0.0,0.0,0.009655475616455078
89.0,4.0,4.0,0.03209567070007324
24.0,0.0,0.0,0.007600307464599609
21.0,0.0,0.0,0.006978750228881836
21.0,0.0,0.0,0.007485389709472656
11.0,0.0,0.0,0.0031824111938476562
17.0,4.0,4.0,0.0055506229400634766
14.0,0.0,0.0,0.005005359649658203
13.0,0.0,0.0,0.004004716873168945
49.0,2.0,2.0,0.016220808029174805
49.0,4.0,4.0,0.016022682189941406
84.0,6.0,6.0,0.029530763626098633
75.0,3.0,3.0,0.0254518985748291
27.0,0.0,0.0,0.010732173919677734
25.0,2.0,2.0,0.007494688034057617
28.0,1.0,1.0,0.008686065673828125
73.0,4.0,4.0,0.024747848510742188
53.0,2.0,2.0,0.016546010971069336
13.0,0.0,0.0,0.004002571105957031
29.0,2.0,2.0,0.010993719100952148
22.0,0.0,0.0,0.008991479873657227
13.0,1.0,1.0,0.005010366439819336
36.0,2.0,2.0,0.010712862014770508
50.0,1.0,1.0,0.016329050064086914
36.0,0.0,0.0,0.011202573776245117
69.0,2.0,2.0,0.019511938095092773
58.0,3.0,3.0,0.01778578758239746
28.0,1.0,1.0,0.008374691009521484
59.0,7.0,7.0,0.017238616943359375
52.0,10.0,10.0,0.01747727394104004
13.0,0.0,0.0,0.002446889877319336
42.0,8.0,8.0,0.011579513549804688
11.0,0.0,0.0,0.003175497055053711
52.0,1.0,1.0,0.018207788467407227
68.0,6.0,6.0,0.02349543571472168
22.0,0.0,0.0,0.007258415222167969
98.0,4.0,4.0,0.03134441375732422
143.0,18.0,18.0,0.04203057289123535
54.0,3.0,3.0,0.01900935173034668
22.0,1.0,1.0,0.006639719009399414
20.0,1.0,1.0,0.006125926971435547
39.0,2.0,2.0,0.013016462326049805
40.0,2.0,2.0,0.01127314567565918
60.0,0.0,0.0,0.0193026065826416
17.0,2.0,2.0,0.005147218704223633
63.0,10.0,10.0,0.020088672637939453
29.0,6.0,6.0,0.007050037384033203
22.0,0.0,0.0,0.008218765258789062
28.0,3.0,3.0,0.009853124618530273
36.0,3.0,3.0,0.010637521743774414
52.0,2.0,2.0,0.022756338119506836
122.0,9.0,9.0,0.03704977035522461
31.0,2.0,2.0,0.014653682708740234
26.0,2.0,2.0,0.015451669692993164
32.0,3.0,3.0,0.015342950820922852
28.0,0.0,0.0,0.011998176574707031
43.0,3.0,3.0,0.014681339263916016
16.0,1.0,1.0,0.0069942474365234375
31.0,3.0,3.0,0.008589982986450195
32.0,0.0,0.0,0.010668039321899414
77.0,10.0,10.0,0.02835536003112793
12.0,0.0,0.0,0.003692626953125
85.0,4.0,4.0,0.027606725692749023
101.0,15.0,15.0,0.027544736862182617
44.0,2.0,2.0,0.014247894287109375
44.0,2.0,2.0,0.016625642776489258
20.0,1.0,1.0,0.008567094802856445
66.0,1.0,1.0,0.021576404571533203
57.0,11.0,11.0,0.018395662307739258
23.0,2.0,2.0,0.008090734481811523
27.0,0.0,0.0,0.010181427001953125
18.0,2.0,2.0,0.006672859191894531
41.0,3.0,3.0,0.015434503555297852
68.0,3.0,3.0,0.02293229103088379
28.0,1.0,1.0,0.009995222091674805
26.0,2.0,2.0,0.008032798767089844
18.0,0.0,0.0,0.004938840866088867
15.0,1.0,1.0,0.004499197006225586
19.0,0.0,0.0,0.007004737854003906
61.0,5.0,5.0,0.020994901657104492
16.0,0.0,0.0,0.006107330322265625
18.0,3.0,3.0,0.00862431526184082
24.0,4.0,4.0,0.009328365325927734
22.0,4.0,4.0,0.007005214691162109
21.0,1.0,1.0,0.007131099700927734
61.0,5.0,5.0,0.019637107849121094
14.0,2.0,2.0,0.006044149398803711
44.0,1.0,1.0,0.01590704917907715
18.0,0.0,0.0,0.005502223968505859
19.0,3.0,3.0,0.005010843276977539
11.0,0.0,0.0,0.003999471664428711
69.0,5.0,5.0,0.026330232620239258
17.0,0.0,0.0,0.007170438766479492
31.0,2.0,2.0,0.010270833969116211
11.0,0.0,0.0,0.0030121803283691406
18.0,2.0,2.0,0.0069980621337890625
22.0,3.0,3.0,0.009994745254516602
28.0,1.0,1.0,0.010634422302246094
12.0,1.0,1.0,0.005049467086791992
14.0,1.0,1.0,0.0026073455810546875
33.0,0.0,0.0,0.008909225463867188
13.0,0.0,0.0,0.004999876022338867
15.0,0.0,0.0,0.003996372222900391
60.0,4.0,4.0,0.016663074493408203
17.0,0.0,0.0,0.005996227264404297
23.0,1.0,1.0,0.009330034255981445
30.0,2.0,2.0,0.008591651916503906
27.0,4.0,4.0,0.008188962936401367
29.0,0.0,0.0,0.012030839920043945
23.0,0.0,0.0,0.006005287170410156
28.0,1.0,1.0,0.009994029998779297
39.0,6.0,6.0,0.014382123947143555
31.0,4.0,4.0,0.013048887252807617
12.0,1.0,1.0,0.005896329879760742
14.0,0.0,0.0,0.006872415542602539
41.0,2.0,2.0,0.018897056579589844
13.0,1.0,1.0,0.004560708999633789
27.0,1.0,1.0,0.007997512817382812
13.0,0.0,0.0,0.004925966262817383
166.0,12.0,12.0,0.062097787857055664
43.0,5.0,5.0,0.01809382438659668
28.0,2.0,2.0,0.00859379768371582
31.0,4.0,4.0,0.011490583419799805
21.0,0.0,0.0,0.007683277130126953
54.0,2.0,2.0,0.01842975616455078
26.0,2.0,2.0,0.005988121032714844
64.0,3.0,3.0,0.02532029151916504
50.0,6.0,6.0,0.017141103744506836
22.0,3.0,3.0,0.009023666381835938
22.0,1.0,1.0,0.007163047790527344
12.0,0.0,0.0,0.004511833190917969
117.0,11.0,11.0,0.03772616386413574
15.0,0.0,0.0,0.004000186920166016
62.0,4.0,4.0,0.020389556884765625
38.0,1.0,1.0,0.013323783874511719
21.0,0.0,0.0,0.00902557373046875
25.0,0.0,0.0,0.011010169982910156
16.0,1.0,1.0,0.0061588287353515625
12.0,1.0,1.0,0.00202178955078125
53.0,5.0,5.0,0.018358469009399414
15.0,1.0,1.0,0.005818843841552734
42.0,1.0,1.0,0.014376640319824219
15.0,1.0,1.0,0.006072521209716797
22.0,1.0,1.0,0.006322622299194336
92.0,9.0,9.0,0.03308892250061035
124.0,10.0,10.0,0.04405093193054199
74.0,10.0,10.0,0.022719860076904297
34.0,1.0,1.0,0.011225223541259766
20.0,1.0,1.0,0.005588054656982422
75.0,7.0,7.0,0.025763511657714844
47.0,1.0,1.0,0.01677870750427246
34.0,1.0,1.0,0.012492179870605469
44.0,7.0,7.0,0.014557361602783203
48.0,1.0,1.0,0.01670217514038086
32.0,3.0,3.0,0.012003898620605469
37.0,4.0,4.0,0.012285709381103516
31.0,1.0,1.0,0.009397745132446289
60.0,1.0,1.0,0.02038884162902832
79.0,12.0,12.0,0.028870820999145508
26.0,2.0,2.0,0.007997751235961914
12.0,1.0,1.0,0.0029571056365966797
36.0,3.0,3.0,0.01298069953918457
65.0,6.0,6.0,0.019530296325683594
13.0,0.0,0.0,0.0039746761322021484
26.0,1.0,1.0,0.008415937423706055
74.0,4.0,4.0,0.025302886962890625
58.0,6.0,6.0,0.018581390380859375
14.0,1.0,1.0,0.0038595199584960938
23.0,1.0,1.0,0.006997108459472656
63.0,5.0,5.0,0.018182992935180664
16.0,0.0,0.0,0.0060923099517822266
98.0,3.0,3.0,0.03569221496582031
59.0,13.0,13.0,0.018642425537109375
32.0,2.0,2.0,0.01633906364440918
12.0,0.0,0.0,0.0030221939086914062
15.0,0.0,0.0,0.005785465240478516
11.0,0.0,0.0,0.0040128231048583984
47.0,2.0,2.0,0.020442485809326172
57.0,4.0,4.0,0.01833939552307129
75.0,4.0,4.0,0.026769399642944336
40.0,2.0,2.0,0.013430356979370117
63.0,2.0,2.0,0.020194053649902344
23.0,3.0,3.0,0.007188558578491211
25.0,2.0,2.0,0.00798487663269043
37.0,2.0,2.0,0.01351785659790039
56.0,3.0,3.0,0.016903162002563477
27.0,3.0,3.0,0.010211706161499023
62.0,3.0,3.0,0.02186751365661621
12.0,0.0,0.0,0.0029349327087402344
94.0,2.0,2.0,0.02986931800842285
12.0,1.0,1.0,0.0036499500274658203
75.0,4.0,4.0,0.023975610733032227
12.0,0.0,0.0,0.004519224166870117
28.0,4.0,4.0,0.011074066162109375
35.0,1.0,1.0,0.010179519653320312
26.0,0.0,0.0,0.007997512817382812
11.0,0.0,0.0,0.002995014190673828
58.0,4.0,4.0,0.023039579391479492
73.0,7.0,7.0,0.03373908996582031
26.0,3.0,3.0,0.010001897811889648
52.0,2.0,2.0,0.01457357406616211
70.0,2.0,2.0,0.022998571395874023
19.0,0.0,0.0,0.006215572357177734
42.0,2.0,2.0,0.010744333267211914
19.0,1.0,1.0,0.006139039993286133
126.0,8.0,8.0,0.04125356674194336
24.0,3.0,3.0,0.009765148162841797
20.0,0.0,0.0,0.008205652236938477
30.0,3.0,3.0,0.011772632598876953
19.0,0.0,0.0,0.006017446517944336
21.0,2.0,2.0,0.007996559143066406
23.0,4.0,4.0,0.007997989654541016
65.0,7.0,7.0,0.02288818359375
17.0,0.0,0.0,0.005995512008666992
16.0,2.0,2.0,0.007528543472290039
37.0,4.0,4.0,0.011996269226074219
13.0,0.0,0.0,0.004995584487915039
32.0,0.0,0.0,0.010242938995361328
15.0,1.0,1.0,0.004910469055175781
34.0,0.0,0.0,0.011993169784545898
32.0,1.0,1.0,0.011179447174072266
71.0,4.0,4.0,0.02235865592956543
25.0,1.0,1.0,0.006627321243286133
25.0,3.0,3.0,0.008536815643310547
25.0,2.0,2.0,0.008675575256347656
28.0,1.0,1.0,0.007993698120117188
56.0,3.0,3.0,0.020522117614746094
86.0,4.0,4.0,0.02611088752746582
164.0,25.0,25.0,0.054582834243774414
40.0,1.0,1.0,0.013564586639404297
11.0,0.0,0.0,0.0045201778411865234
26.0,2.0,2.0,0.008522748947143555
35.0,1.0,1.0,0.013123273849487305
11.0,0.0,0.0,0.0039975643157958984
18.0,2.0,2.0,0.006529569625854492
52.0,7.0,7.0,0.016221046447753906
22.0,0.0,0.0,0.009003162384033203
23.0,3.0,3.0,0.007524013519287109
18.0,0.0,0.0,0.006689786911010742
14.0,0.0,0.0,0.00534820556640625
107.0,11.0,11.0,0.035361528396606445
43.0,2.0,2.0,0.013643741607666016
28.0,1.0,1.0,0.010009050369262695
15.0,2.0,2.0,0.003961086273193359
161.0,6.0,6.0,0.05099844932556152
21.0,3.0,3.0,0.008002281188964844
85.0,16.0,16.0,0.026937007904052734
11.0,0.0,0.0,0.0039937496185302734
33.0,0.0,0.0,0.011148929595947266
93.0,9.0,9.0,0.03280043601989746
36.0,2.0,2.0,0.011844396591186523
126.0,8.0,8.0,0.03993058204650879
11.0,0.0,0.0,0.0039942264556884766
60.0,2.0,2.0,0.02205491065979004
12.0,0.0,0.0,0.0026154518127441406
31.0,1.0,1.0,0.010508060455322266
69.0,7.0,7.0,0.021518468856811523
29.0,0.0,0.0,0.008941650390625
12.0,1.0,1.0,0.005278825759887695
20.0,0.0,0.0,0.0050008296966552734
28.0,4.0,4.0,0.008040666580200195
44.0,2.0,2.0,0.01598834991455078
64.0,4.0,4.0,0.022684812545776367
32.0,1.0,1.0,0.012000560760498047
37.0,4.0,4.0,0.010835409164428711
82.0,5.0,5.0,0.03127861022949219
19.0,0.0,0.0,0.006999015808105469
72.0,9.0,9.0,0.021997451782226562
43.0,2.0,2.0,0.01601433753967285
19.0,1.0,1.0,0.006536245346069336
18.0,3.0,3.0,0.005997896194458008
21.0,1.0,1.0,0.004996538162231445
154.0,11.0,11.0,0.04918718338012695
38.0,1.0,1.0,0.011669158935546875
30.0,1.0,1.0,0.010221004486083984
53.0,3.0,3.0,0.017107725143432617
13.0,1.0,1.0,0.005678653717041016
23.0,0.0,0.0,0.008269786834716797
35.0,7.0,7.0,0.011237621307373047
37.0,0.0,0.0,0.011933565139770508
68.0,3.0,3.0,0.022710323333740234
42.0,1.0,1.0,0.01613759994506836
15.0,0.0,0.0,0.005658864974975586
25.0,3.0,3.0,0.006045341491699219
22.0,2.0,2.0,0.008709192276000977
12.0,1.0,1.0,0.0035712718963623047
42.0,1.0,1.0,0.014042377471923828
26.0,0.0,0.0,0.006677389144897461
25.0,9.0,9.0,0.007527351379394531
80.0,6.0,6.0,0.02636861801147461
105.0,3.0,3.0,0.03517031669616699
39.0,5.0,5.0,0.01301717758178711
73.0,8.0,8.0,0.02176952362060547
19.0,5.0,5.0,0.005995512008666992
84.0,5.0,5.0,0.024065256118774414
26.0,1.0,1.0,0.0099945068359375
23.0,3.0,3.0,0.009989261627197266
30.0,1.0,1.0,0.009987354278564453
11.0,0.0,0.0,0.0030007362365722656
18.0,1.0,1.0,0.005506038665771484
14.0,1.0,1.0,0.005171060562133789
17.0,2.0,2.0,0.005995750427246094
13.0,0.0,0.0,0.003995656967163086
104.0,7.0,7.0,0.03237652778625488
23.0,2.0,2.0,0.006999492645263672
21.0,1.0,1.0,0.006000518798828125
28.0,0.0,0.0,0.008999824523925781
30.0,2.0,2.0,0.009514093399047852
16.0,2.0,2.0,0.004108905792236328
31.0,2.0,2.0,0.010236263275146484
61.0,9.0,9.0,0.02181553840637207
25.0,0.0,0.0,0.014274835586547852
18.0,2.0,2.0,0.008728504180908203
37.0,0.0,0.0,0.015417814254760742
71.0,2.0,2.0,0.02368950843811035
13.0,1.0,1.0,0.005453348159790039
16.0,0.0,0.0,0.005347490310668945
64.0,4.0,4.0,0.023224830627441406
52.0,4.0,4.0,0.017003774642944336
13.0,2.0,2.0,0.0039997100830078125
63.0,12.0,12.0,0.01999640464782715
36.0,1.0,1.0,0.012992143630981445
20.0,1.0,1.0,0.005101680755615234
88.0,11.0,11.0,0.030773401260375977
64.0,2.0,2.0,0.025735139846801758
45.0,5.0,5.0,0.015225887298583984
115.0,2.0,2.0,0.03794527053833008
20.0,0.0,0.0,0.007004261016845703
32.0,1.0,1.0,0.012999534606933594
13.0,0.0,0.0,0.005102396011352539
97.0,8.0,8.0,0.032662153244018555
33.0,0.0,0.0,0.011541604995727539
24.0,2.0,2.0,0.008660316467285156
48.0,2.0,2.0,0.017160892486572266
25.0,3.0,3.0,0.011236429214477539
72.0,4.0,4.0,0.03503155708312988
14.0,1.0,1.0,0.007931709289550781
15.0,0.0,0.0,0.00411224365234375
16.0,4.0,4.0,0.00505828857421875
26.0,6.0,6.0,0.008669614791870117
84.0,7.0,7.0,0.028595924377441406
31.0,4.0,4.0,0.011719465255737305
77.0,4.0,4.0,0.03016209602355957
28.0,4.0,4.0,0.01036834716796875
22.0,2.0,2.0,0.008486270904541016
33.0,3.0,3.0,0.009073257446289062
16.0,1.0,1.0,0.006093263626098633
27.0,2.0,2.0,0.005961179733276367
98.0,10.0,10.0,0.03438305854797363
49.0,6.0,6.0,0.013404130935668945
18.0,0.0,0.0,0.007534980773925781
23.0,0.0,0.0,0.006533622741699219
20.0,0.0,0.0,0.00735783576965332
36.0,5.0,5.0,0.015752077102661133
27.0,2.0,2.0,0.010686635971069336
38.0,5.0,5.0,0.012074470520019531
23.0,5.0,5.0,0.0070002079010009766
40.0,1.0,1.0,0.013470172882080078
28.0,1.0,1.0,0.007327079772949219
20.0,0.0,0.0,0.008587121963500977
13.0,0.0,0.0,0.0036149024963378906
28.0,2.0,2.0,0.008232593536376953
15.0,0.0,0.0,0.006043434143066406
38.0,1.0,1.0,0.011554718017578125
36.0,2.0,2.0,0.011031866073608398
30.0,5.0,5.0,0.01015782356262207
80.0,6.0,6.0,0.026719331741333008
22.0,2.0,2.0,0.0066509246826171875
30.0,3.0,3.0,0.009511232376098633
37.0,3.0,3.0,0.011517763137817383
23.0,0.0,0.0,0.011589527130126953
17.0,2.0,2.0,0.005738496780395508
33.0,1.0,1.0,0.008168935775756836
116.0,10.0,10.0,0.04437541961669922
56.0,3.0,3.0,0.01636219024658203
28.0,0.0,0.0,0.009675025939941406
47.0,5.0,5.0,0.016429424285888672
26.0,5.0,5.0,0.008954048156738281
18.0,0.0,0.0,0.00653529167175293
43.0,2.0,2.0,0.014067888259887695
24.0,0.0,0.0,0.008110761642456055
17.0,2.0,2.0,0.006028652191162109
60.0,5.0,5.0,0.020815610885620117
28.0,0.0,0.0,0.008338451385498047
45.0,13.0,13.0,0.01852869987487793
18.0,1.0,1.0,0.00807499885559082
36.0,4.0,4.0,0.012824535369873047
64.0,3.0,3.0,0.022916793823242188
60.0,4.0,4.0,0.019839048385620117
14.0,1.0,1.0,0.0035376548767089844
40.0,2.0,2.0,0.012318611145019531
19.0,0.0,0.0,0.006026506423950195
42.0,7.0,7.0,0.013960838317871094
56.0,3.0,3.0,0.019425392150878906
49.0,1.0,1.0,0.017145156860351562
20.0,2.0,2.0,0.006685733795166016
44.0,4.0,4.0,0.012607097625732422
24.0,1.0,1.0,0.007828950881958008
19.0,2.0,2.0,0.006273746490478516
79.0,1.0,1.0,0.02826070785522461
16.0,0.0,0.0,0.005758762359619141
73.0,9.0,9.0,0.025776386260986328
54.0,4.0,4.0,0.01856684684753418
42.0,2.0,2.0,0.013545513153076172
20.0,1.0,1.0,0.006877422332763672
21.0,4.0,4.0,0.007970571517944336
15.0,0.0,0.0,0.00487065315246582
33.0,3.0,3.0,0.011845588684082031
53.0,6.0,6.0,0.017929792404174805
46.0,2.0,2.0,0.013000726699829102
14.0,0.0,0.0,0.0050008296966552734
73.0,4.0,4.0,0.02479410171508789
23.0,0.0,0.0,0.00818777084350586
125.0,6.0,6.0,0.05851912498474121
37.0,0.0,0.0,0.012547492980957031
100.0,10.0,10.0,0.03692436218261719
14.0,0.0,0.0,0.003564596176147461
22.0,7.0,7.0,0.0066182613372802734
17.0,0.0,0.0,0.0044710636138916016
12.0,0.0,0.0,0.0040454864501953125
43.0,5.0,5.0,0.01216578483581543
70.0,9.0,9.0,0.028233766555786133
71.0,4.0,4.0,0.03037261962890625
30.0,1.0,1.0,0.010287761688232422
12.0,0.0,0.0,0.004538059234619141
58.0,1.0,1.0,0.02087569236755371
14.0,0.0,0.0,0.004054546356201172
14.0,3.0,3.0,0.0029993057250976562
13.0,1.0,1.0,0.003509521484375
24.0,0.0,0.0,0.011848211288452148
22.0,0.0,0.0,0.007136106491088867
24.0,1.0,1.0,0.01479792594909668
50.0,2.0,2.0,0.019936800003051758
33.0,3.0,3.0,0.010998725891113281
47.0,9.0,9.0,0.016004562377929688
15.0,0.0,0.0,0.0040051937103271484
57.0,1.0,1.0,0.020315885543823242
17.0,0.0,0.0,0.005265474319458008
33.0,3.0,3.0,0.014997482299804688
14.0,0.0,0.0,0.005997896194458008
51.0,5.0,5.0,0.019034147262573242
53.0,2.0,2.0,0.015061616897583008
12.0,0.0,0.0,0.004997968673706055
41.0,0.0,0.0,0.012135028839111328
38.0,2.0,2.0,0.010689258575439453
15.0,0.0,0.0,0.005630970001220703
73.0,4.0,4.0,0.023280858993530273
18.0,1.0,1.0,0.005257844924926758
60.0,9.0,9.0,0.018822908401489258
22.0,3.0,3.0,0.007461071014404297
21.0,1.0,1.0,0.0074617862701416016
35.0,0.0,0.0,0.011484384536743164
158.0,13.0,13.0,0.04769086837768555
62.0,7.0,7.0,0.01925349235534668
32.0,6.0,6.0,0.012076139450073242
31.0,0.0,0.0,0.011929035186767578
71.0,4.0,4.0,0.02306365966796875
23.0,1.0,1.0,0.007002830505371094
93.0,5.0,5.0,0.037271976470947266
33.0,4.0,4.0,0.01000213623046875
19.0,0.0,0.0,0.0069882869720458984
13.0,1.0,1.0,0.003513813018798828
96.0,9.0,9.0,0.037329912185668945
143.0,12.0,12.0,0.04631853103637695
22.0,0.0,0.0,0.009336709976196289
34.0,1.0,1.0,0.010538339614868164
120.0,9.0,9.0,0.03732943534851074
60.0,1.0,1.0,0.02011895179748535
35.0,1.0,1.0,0.010137796401977539
60.0,6.0,6.0,0.02008843421936035
17.0,2.0,2.0,0.005728006362915039
335.0,23.0,23.0,0.14054083824157715
37.0,3.0,3.0,0.013795852661132812
22.0,4.0,4.0,0.008532047271728516
11.0,0.0,0.0,0.004259347915649414
126.0,6.0,6.0,0.041867971420288086
25.0,2.0,2.0,0.007997274398803711
32.0,0.0,0.0,0.010614871978759766
16.0,0.0,0.0,0.0058765411376953125
18.0,0.0,0.0,0.005997896194458008
58.0,4.0,4.0,0.01928877830505371
25.0,3.0,3.0,0.0073015689849853516
29.0,0.0,0.0,0.011020421981811523
60.0,7.0,7.0,0.019296646118164062
23.0,4.0,4.0,0.008225202560424805
15.0,0.0,0.0,0.005121469497680664
54.0,2.0,2.0,0.01861095428466797
31.0,0.0,0.0,0.012263059616088867
14.0,0.0,0.0,0.00401759147644043
20.0,0.0,0.0,0.0060062408447265625
24.0,1.0,1.0,0.007999420166015625
12.0,0.0,0.0,0.001997232437133789
15.0,0.0,0.0,0.0035674571990966797
47.0,2.0,2.0,0.016104936599731445
11.0,0.0,0.0,0.0020139217376708984
16.0,0.0,0.0,0.0045070648193359375
101.0,7.0,7.0,0.03047966957092285
67.0,3.0,3.0,0.01914238929748535
43.0,6.0,6.0,0.012477636337280273
42.0,1.0,1.0,0.012616395950317383
18.0,2.0,2.0,0.006784915924072266
14.0,0.0,0.0,0.006112098693847656
20.0,4.0,4.0,0.009213924407958984
12.0,2.0,2.0,0.004398345947265625
14.0,0.0,0.0,0.004673004150390625
24.0,1.0,1.0,0.007994413375854492
158.0,11.0,11.0,0.049225807189941406
24.0,0.0,0.0,0.007344245910644531
24.0,4.0,4.0,0.007102251052856445
33.0,1.0,1.0,0.010999441146850586
47.0,1.0,1.0,0.016991615295410156
17.0,2.0,2.0,0.003946542739868164
44.0,3.0,3.0,0.013582468032836914
11.0,1.0,1.0,0.0030176639556884766
20.0,0.0,0.0,0.006197214126586914
32.0,1.0,1.0,0.011427640914916992
141.0,6.0,6.0,0.043009042739868164
38.0,1.0,1.0,0.013090848922729492
68.0,5.0,5.0,0.03267407417297363
19.0,3.0,3.0,0.0068433284759521484
11.0,0.0,0.0,0.005403995513916016
22.0,0.0,0.0,0.00522303581237793
67.0,4.0,4.0,0.022989273071289062
34.0,1.0,1.0,0.010185956954956055
28.0,0.0,0.0,0.009879112243652344
18.0,1.0,1.0,0.005997657775878906
36.0,1.0,1.0,0.013265848159790039
28.0,1.0,1.0,0.0143280029296875
12.0,1.0,1.0,0.004232168197631836
25.0,0.0,0.0,0.010793209075927734
24.0,2.0,2.0,0.00811624526977539
58.0,7.0,7.0,0.017656564712524414
16.0,2.0,2.0,0.003782987594604492
25.0,1.0,1.0,0.0057260990142822266
13.0,0.0,0.0,0.006854057312011719
26.0,0.0,0.0,0.008557319641113281
44.0,1.0,1.0,0.012491703033447266
46.0,4.0,4.0,0.011182546615600586
44.0,2.0,2.0,0.012434005737304688
67.0,0.0,0.0,0.01759052276611328
26.0,0.0,0.0,0.007520437240600586
40.0,1.0,1.0,0.011454105377197266
28.0,2.0,2.0,0.012619495391845703
53.0,3.0,3.0,0.01855301856994629
16.0,0.0,0.0,0.0054051876068115234
61.0,1.0,1.0,0.01991891860961914
26.0,1.0,1.0,0.007574558258056641
37.0,0.0,0.0,0.012430191040039062
23.0,2.0,2.0,0.008000373840332031
60.0,8.0,8.0,0.02079296112060547
22.0,2.0,2.0,0.00667262077331543
15.0,1.0,1.0,0.0042645931243896484
14.0,0.0,0.0,0.0055141448974609375
24.0,3.0,3.0,0.007510185241699219
22.0,0.0,0.0,0.009165287017822266
14.0,0.0,0.0,0.004015207290649414
37.0,3.0,3.0,0.013100385665893555
78.0,4.0,4.0,0.023612022399902344
16.0,2.0,2.0,0.005051374435424805
66.0,6.0,6.0,0.02173781394958496
11.0,0.0,0.0,0.005949974060058594
12.0,0.0,0.0,0.004369497299194336
55.0,1.0,1.0,0.01839303970336914
39.0,4.0,4.0,0.01703929901123047
45.0,2.0,2.0,0.01478123664855957
19.0,1.0,1.0,0.006102323532104492
49.0,1.0,1.0,0.013779878616333008
18.0,0.0,0.0,0.00684809684753418
18.0,1.0,1.0,0.0071256160736083984
48.0,6.0,6.0,0.0149383544921875
29.0,2.0,2.0,0.011628150939941406
116.0,9.0,9.0,0.038465023040771484
13.0,1.0,1.0,0.0029938220977783203
15.0,2.0,2.0,0.004988908767700195
13.0,0.0,0.0,0.0052182674407958984
99.0,9.0,9.0,0.030598878860473633
13.0,1.0,1.0,0.0047075748443603516
17.0,2.0,2.0,0.005524635314941406
29.0,2.0,2.0,0.009507894515991211
44.0,3.0,3.0,0.015528202056884766
118.0,7.0,7.0,0.04370522499084473
34.0,6.0,6.0,0.011928319931030273
11.0,0.0,0.0,0.0042154788970947266
75.0,3.0,3.0,0.02469658851623535
17.0,0.0,0.0,0.005445241928100586
65.0,3.0,3.0,0.020801544189453125
13.0,0.0,0.0,0.006003379821777344
18.0,0.0,0.0,0.006027936935424805
14.0,0.0,0.0,0.005955934524536133
82.0,8.0,8.0,0.02715587615966797
32.0,2.0,2.0,0.011510610580444336
69.0,5.0,5.0,0.022039175033569336
23.0,5.0,5.0,0.007999658584594727
182.0,14.0,14.0,0.06087970733642578
36.0,4.0,4.0,0.01215219497680664
40.0,4.0,4.0,0.013764619827270508
47.0,7.0,7.0,0.01656818389892578
43.0,3.0,3.0,0.014207601547241211
25.0,2.0,2.0,0.007353782653808594
23.0,5.0,5.0,0.007063627243041992
53.0,3.0,3.0,0.01660609245300293
94.0,8.0,8.0,0.03256082534790039
22.0,1.0,1.0,0.008719205856323242
11.0,0.0,0.0,0.003997325897216797
16.0,0.0,0.0,0.006283998489379883
21.0,10.0,10.0,0.006959676742553711
37.0,0.0,0.0,0.012123346328735352
26.0,0.0,0.0,0.007886648178100586
20.0,1.0,1.0,0.0067250728607177734
24.0,1.0,1.0,0.008988142013549805
18.0,0.0,0.0,0.007002830505371094
15.0,2.0,2.0,0.004997730255126953
20.0,1.0,1.0,0.006134510040283203
12.0,1.0,1.0,0.0035343170166015625
16.0,0.0,0.0,0.006497621536254883
35.0,3.0,3.0,0.013668537139892578
12.0,0.0,0.0,0.006086826324462891
34.0,6.0,6.0,0.018479347229003906
16.0,4.0,4.0,0.009525299072265625
15.0,0.0,0.0,0.005841255187988281
41.0,1.0,1.0,0.021511554718017578
31.0,0.0,0.0,0.016187429428100586
39.0,3.0,3.0,0.01514291763305664
66.0,8.0,8.0,0.020124435424804688
66.0,3.0,3.0,0.03224444389343262
30.0,2.0,2.0,0.013750791549682617
13.0,1.0,1.0,0.0041124820709228516
15.0,4.0,4.0,0.0066814422607421875
80.0,8.0,8.0,0.030324935913085938
15.0,3.0,3.0,0.006578922271728516
48.0,1.0,1.0,0.0162961483001709
23.0,2.0,2.0,0.008271455764770508
35.0,1.0,1.0,0.0154876708984375
27.0,1.0,1.0,0.011019468307495117
13.0,0.0,0.0,0.004531383514404297
12.0,1.0,1.0,0.005001544952392578
33.0,5.0,5.0,0.013999700546264648
20.0,1.0,1.0,0.006024360656738281
38.0,3.0,3.0,0.013770818710327148
86.0,6.0,6.0,0.026895761489868164
15.0,0.0,0.0,0.0067293643951416016
21.0,2.0,2.0,0.006737947463989258
72.0,2.0,2.0,0.02770543098449707
11.0,0.0,0.0,0.004654645919799805
45.0,3.0,3.0,0.018570423126220703
36.0,3.0,3.0,0.015501737594604492
72.0,3.0,3.0,0.02800893783569336
23.0,2.0,2.0,0.005663871765136719
17.0,0.0,0.0,0.005998849868774414
27.0,0.0,0.0,0.007646799087524414
16.0,2.0,2.0,0.005666255950927734
18.0,1.0,1.0,0.006119966506958008
15.0,1.0,1.0,0.0048046112060546875
34.0,2.0,2.0,0.01233053207397461
66.0,5.0,5.0,0.022216796875
18.0,1.0,1.0,0.00642704963684082
35.0,2.0,2.0,0.011307001113891602
32.0,1.0,1.0,0.00966787338256836
21.0,2.0,2.0,0.007987022399902344
30.0,3.0,3.0,0.008001327514648438
14.0,3.0,3.0,0.006036996841430664
18.0,3.0,3.0,0.0070073604583740234
27.0,1.0,1.0,0.010992765426635742
30.0,0.0,0.0,0.007999658584594727
11.0,0.0,0.0,0.004042387008666992
13.0,0.0,0.0,0.005007028579711914
92.0,6.0,6.0,0.028588056564331055
25.0,2.0,2.0,0.006986379623413086
12.0,1.0,1.0,0.00399327278137207
18.0,0.0,0.0,0.006999969482421875
28.0,5.0,5.0,0.01100015640258789
96.0,4.0,4.0,0.02805495262145996
41.0,2.0,2.0,0.012614011764526367
24.0,3.0,3.0,0.006000041961669922
57.0,7.0,7.0,0.017006874084472656
31.0,1.0,1.0,0.00899052619934082
60.0,5.0,5.0,0.024000167846679688
95.0,7.0,7.0,0.03264617919921875
15.0,2.0,2.0,0.004999876022338867
53.0,5.0,5.0,0.017995595932006836
32.0,2.0,2.0,0.009000301361083984
31.0,0.0,0.0,0.008995532989501953
15.0,2.0,2.0,0.004062175750732422
133.0,10.0,10.0,0.044808149337768555
43.0,6.0,6.0,0.013993978500366211
71.0,5.0,5.0,0.022965192794799805
69.0,0.0,0.0,0.023172616958618164
25.0,1.0,1.0,0.009278535842895508
89.0,9.0,9.0,0.0365598201751709
53.0,4.0,4.0,0.022005558013916016
56.0,2.0,2.0,0.021528005599975586
20.0,1.0,1.0,0.008543014526367188
13.0,0.0,0.0,0.003998517990112305
21.0,2.0,2.0,0.008054018020629883
40.0,6.0,6.0,0.011203527450561523
29.0,1.0,1.0,0.010228157043457031
110.0,6.0,6.0,0.034169912338256836
34.0,0.0,0.0,0.013568878173828125
20.0,0.0,0.0,0.010122537612915039
36.0,1.0,1.0,0.010463237762451172
11.0,0.0,0.0,0.0038263797760009766
29.0,5.0,5.0,0.010662555694580078
20.0,1.0,1.0,0.00699615478515625
26.0,1.0,1.0,0.008996248245239258
26.0,1.0,1.0,0.008999347686767578
41.0,2.0,2.0,0.013996362686157227
47.0,1.0,1.0,0.016007423400878906
11.0,0.0,0.0,0.003996610641479492
88.0,7.0,7.0,0.038550376892089844
14.0,1.0,1.0,0.00676274299621582
28.0,3.0,3.0,0.010539770126342773
16.0,1.0,1.0,0.006175994873046875
16.0,1.0,1.0,0.0055828094482421875
12.0,1.0,1.0,0.0040149688720703125
24.0,2.0,2.0,0.007999658584594727
20.0,1.0,1.0,0.007561922073364258
69.0,16.0,16.0,0.02301311492919922
13.0,2.0,2.0,0.004995107650756836
52.0,0.0,0.0,0.01887226104736328
35.0,0.0,0.0,0.012808561325073242
38.0,0.0,0.0,0.01399850845336914
11.0,0.0,0.0,0.004011869430541992
11.0,0.0,0.0,0.003998994827270508
56.0,5.0,5.0,0.018528461456298828
54.0,10.0,10.0,0.017995119094848633
154.0,22.0,22.0,0.05073690414428711
36.0,1.0,1.0,0.012535572052001953
34.0,1.0,1.0,0.008787393569946289
28.0,7.0,7.0,0.00884556770324707
127.0,6.0,6.0,0.04201984405517578
46.0,7.0,7.0,0.01600027084350586
13.0,1.0,1.0,0.0040051937103271484
47.0,3.0,3.0,0.0164644718170166
115.0,6.0,6.0,0.03552722930908203
19.0,0.0,0.0,0.006006717681884766
26.0,1.0,1.0,0.007999897003173828
17.0,0.0,0.0,0.005998134613037109
12.0,0.0,0.0,0.00599980354309082
27.0,7.0,7.0,0.007043123245239258
24.0,2.0,2.0,0.006000041961669922
15.0,0.0,0.0,0.003000020980834961
13.0,0.0,0.0,0.00699305534362793
33.0,3.0,3.0,0.01200103759765625
29.0,0.0,0.0,0.007994890213012695
18.0,2.0,2.0,0.005992889404296875
16.0,3.0,3.0,0.005993366241455078
30.0,4.0,4.0,0.009007453918457031
13.0,1.0,1.0,0.00500178337097168
26.0,0.0,0.0,0.007999658584594727
35.0,0.0,0.0,0.01099538803100586
55.0,4.0,4.0,0.019429683685302734
24.0,1.0,1.0,0.006549358367919922
13.0,0.0,0.0,0.006898641586303711
69.0,5.0,5.0,0.023589372634887695
35.0,0.0,0.0,0.012001276016235352
18.0,0.0,0.0,0.0070171356201171875
68.0,6.0,6.0,0.02227044105529785
22.0,2.0,2.0,0.007991313934326172
17.0,3.0,3.0,0.0059375762939453125
13.0,1.0,1.0,0.0040035247802734375
34.0,3.0,3.0,0.010988950729370117
19.0,3.0,3.0,0.0060329437255859375
14.0,1.0,1.0,0.0030069351196289062
14.0,3.0,3.0,0.005999326705932617
27.0,3.0,3.0,0.00900721549987793
90.0,4.0,4.0,0.029663562774658203
20.0,3.0,3.0,0.0060002803802490234
154.0,11.0,11.0,0.06296586990356445
28.0,1.0,1.0,0.016505956649780273
15.0,2.0,2.0,0.008191823959350586
76.0,2.0,2.0,0.02827596664428711
62.0,3.0,3.0,0.017005205154418945
25.0,0.0,0.0,0.008991241455078125
46.0,9.0,9.0,0.014162063598632812
19.0,2.0,2.0,0.006592988967895508
60.0,7.0,7.0,0.01914215087890625
26.0,2.0,2.0,0.009352445602416992
16.0,0.0,0.0,0.0052814483642578125
31.0,2.0,2.0,0.0075206756591796875
59.0,4.0,4.0,0.01834726333618164
39.0,1.0,1.0,0.012032747268676758
15.0,1.0,1.0,0.004000425338745117
14.0,0.0,0.0,0.004007577896118164
37.0,4.0,4.0,0.010540008544921875
44.0,7.0,7.0,0.015195369720458984
19.0,0.0,0.0,0.0055999755859375
33.0,7.0,7.0,0.010030746459960938
29.0,1.0,1.0,0.008000373840332031
65.0,2.0,2.0,0.020596981048583984
35.0,4.0,4.0,0.011562824249267578
44.0,6.0,6.0,0.013511180877685547
35.0,1.0,1.0,0.012285709381103516
78.0,4.0,4.0,0.02540731430053711
14.0,0.0,0.0,0.005001068115234375
24.0,6.0,6.0,0.008032083511352539
32.0,4.0,4.0,0.009993314743041992
93.0,0.0,0.0,0.028647899627685547
34.0,0.0,0.0,0.010999917984008789
25.0,1.0,1.0,0.008005380630493164
82.0,5.0,5.0,0.024992704391479492
31.0,4.0,4.0,0.00999760627746582
25.0,1.0,1.0,0.006011962890625
13.0,0.0,0.0,0.0050046443939208984
81.0,3.0,3.0,0.027625322341918945
15.0,0.0,0.0,0.005002021789550781
70.0,14.0,14.0,0.023000240325927734
17.0,0.0,0.0,0.006993293762207031
39.0,3.0,3.0,0.01300048828125
23.0,2.0,2.0,0.008006811141967773
17.0,1.0,1.0,0.0050048828125
56.0,4.0,4.0,0.02164173126220703
74.0,7.0,7.0,0.025498151779174805
11.0,0.0,0.0,0.0036182403564453125
63.0,4.0,4.0,0.020212650299072266
36.0,1.0,1.0,0.011868476867675781
81.0,9.0,9.0,0.027597665786743164
12.0,0.0,0.0,0.0030460357666015625
69.0,3.0,3.0,0.024051904678344727
34.0,2.0,2.0,0.010125875473022461
18.0,2.0,2.0,0.006691932678222656
66.0,1.0,1.0,0.020023822784423828
26.0,5.0,5.0,0.006984710693359375
109.0,8.0,8.0,0.03486466407775879
14.0,1.0,1.0,0.003991842269897461
42.0,1.0,1.0,0.013407707214355469
25.0,4.0,4.0,0.010526180267333984
44.0,4.0,4.0,0.01547098159790039
28.0,3.0,3.0,0.0105743408203125
73.0,5.0,5.0,0.027719974517822266
84.0,7.0,7.0,0.02689385414123535
87.0,10.0,10.0,0.03662705421447754
35.0,1.0,1.0,0.00997161865234375
19.0,0.0,0.0,0.006124734878540039
47.0,0.0,0.0,0.013229608535766602
58.0,5.0,5.0,0.017752408981323242
120.0,6.0,6.0,0.03583025932312012
27.0,4.0,4.0,0.010397672653198242
90.0,5.0,5.0,0.031014442443847656
58.0,4.0,4.0,0.019390344619750977
64.0,5.0,5.0,0.023726701736450195
29.0,2.0,2.0,0.011007308959960938
22.0,2.0,2.0,0.006866931915283203
38.0,0.0,0.0,0.014413118362426758
18.0,1.0,1.0,0.006955146789550781
31.0,2.0,2.0,0.01107478141784668
24.0,1.0,1.0,0.008528470993041992
37.0,3.0,3.0,0.011507749557495117
23.0,1.0,1.0,0.007584095001220703
31.0,5.0,5.0,0.011169195175170898
20.0,0.0,0.0,0.008599042892456055
13.0,0.0,0.0,0.005053520202636719
46.0,3.0,3.0,0.015505075454711914
78.0,4.0,4.0,0.02905130386352539
14.0,0.0,0.0,0.005995512008666992
12.0,0.0,0.0,0.004004716873168945
82.0,11.0,11.0,0.02550983428955078
50.0,2.0,2.0,0.01895737648010254
62.0,4.0,4.0,0.01993250846862793
110.0,17.0,17.0,0.03979659080505371
30.0,1.0,1.0,0.009622812271118164
12.0,0.0,0.0,0.0060002803802490234
158.0,12.0,12.0,0.0500950813293457
60.0,2.0,2.0,0.020679473876953125
33.0,2.0,2.0,0.013307809829711914
17.0,0.0,0.0,0.006821155548095703
15.0,1.0,1.0,0.0060045719146728516
42.0,0.0,0.0,0.012892007827758789
27.0,2.0,2.0,0.009649276733398438
15.0,1.0,1.0,0.005003213882446289
12.0,0.0,0.0,0.004994630813598633
35.0,0.0,0.0,0.012004375457763672
43.0,0.0,0.0,0.012695789337158203
69.0,9.0,9.0,0.02205514907836914
41.0,4.0,4.0,0.013977766036987305
11.0,0.0,0.0,0.0032126903533935547
59.0,3.0,3.0,0.01748943328857422
12.0,1.0,1.0,0.0035157203674316406
97.0,6.0,6.0,0.03290104866027832
36.0,4.0,4.0,0.015999555587768555
36.0,4.0,4.0,0.012152910232543945
26.0,0.0,0.0,0.009291410446166992
17.0,0.0,0.0,0.006059408187866211
23.0,3.0,3.0,0.006261110305786133
139.0,9.0,9.0,0.04577827453613281
18.0,0.0,0.0,0.008388519287109375
59.0,6.0,6.0,0.018802881240844727
109.0,10.0,10.0,0.0435788631439209
32.0,1.0,1.0,0.010833740234375
36.0,3.0,3.0,0.014015913009643555
50.0,7.0,7.0,0.017001628875732422
46.0,1.0,1.0,0.014092445373535156
20.0,0.0,0.0,0.00868844985961914
25.0,0.0,0.0,0.009607553482055664
22.0,0.0,0.0,0.01005697250366211
28.0,2.0,2.0,0.008651018142700195
27.0,2.0,2.0,0.010109901428222656
67.0,0.0,0.0,0.021274089813232422
30.0,1.0,1.0,0.010540246963500977
12.0,0.0,0.0,0.0040018558502197266
51.0,2.0,2.0,0.017976045608520508
73.0,3.0,3.0,0.03533482551574707
16.0,3.0,3.0,0.009252786636352539
27.0,3.0,3.0,0.012341737747192383
19.0,1.0,1.0,0.008297920227050781
13.0,2.0,2.0,0.004250288009643555
80.0,6.0,6.0,0.025814056396484375
27.0,2.0,2.0,0.008090019226074219
16.0,0.0,0.0,0.0035588741302490234
98.0,2.0,2.0,0.027534008026123047
20.0,0.0,0.0,0.008488178253173828
53.0,6.0,6.0,0.015974760055541992
23.0,3.0,3.0,0.0064733028411865234
47.0,3.0,3.0,0.012979745864868164
26.0,1.0,1.0,0.00815129280090332
21.0,1.0,1.0,0.008275508880615234
73.0,11.0,11.0,0.028450489044189453
13.0,1.0,1.0,0.0031309127807617188
15.0,1.0,1.0,0.004991292953491211
17.0,0.0,0.0,0.007737636566162109
56.0,2.0,2.0,0.01899242401123047
12.0,0.0,0.0,0.0058705806732177734
12.0,1.0,1.0,0.0040476322174072266
13.0,0.0,0.0,0.004024028778076172
31.0,2.0,2.0,0.010251998901367188
17.0,3.0,3.0,0.008176565170288086
36.0,2.0,2.0,0.01315927505493164
22.0,1.0,1.0,0.008006572723388672
17.0,1.0,1.0,0.005792379379272461
78.0,1.0,1.0,0.025880098342895508
65.0,4.0,4.0,0.020528793334960938
25.0,1.0,1.0,0.008127689361572266
31.0,3.0,3.0,0.011690378189086914
16.0,1.0,1.0,0.006221771240234375
23.0,0.0,0.0,0.006995201110839844
59.0,6.0,6.0,0.020998001098632812
19.0,2.0,2.0,0.006000995635986328
20.0,0.0,0.0,0.007548093795776367
25.0,1.0,1.0,0.008734464645385742
18.0,0.0,0.0,0.004506826400756836
26.0,1.0,1.0,0.007945537567138672
25.0,0.0,0.0,0.00915384292602539
39.0,2.0,2.0,0.012555122375488281
19.0,2.0,2.0,0.0049593448638916016
12.0,0.0,0.0,0.0034470558166503906
69.0,7.0,7.0,0.021558284759521484
20.0,2.0,2.0,0.008512735366821289
13.0,0.0,0.0,0.006111860275268555
18.0,4.0,4.0,0.005507230758666992
19.0,6.0,6.0,0.005991220474243164
95.0,9.0,9.0,0.030091047286987305
45.0,1.0,1.0,0.01408839225769043
65.0,5.0,5.0,0.024132728576660156
41.0,1.0,1.0,0.012392520904541016
27.0,4.0,4.0,0.0070116519927978516
61.0,6.0,6.0,0.01924610137939453
63.0,4.0,4.0,0.021665334701538086
49.0,5.0,5.0,0.017976045608520508
24.0,0.0,0.0,0.007372856140136719
15.0,1.0,1.0,0.004938602447509766
35.0,2.0,2.0,0.011527061462402344
16.0,0.0,0.0,0.004996061325073242
63.0,1.0,1.0,0.019115447998046875
27.0,3.0,3.0,0.009014368057250977
62.0,2.0,2.0,0.01999688148498535
31.0,1.0,1.0,0.012226581573486328
27.0,1.0,1.0,0.009126424789428711
17.0,0.0,0.0,0.007531166076660156
30.0,1.0,1.0,0.010995864868164062
30.0,2.0,2.0,0.011293172836303711
11.0,0.0,0.0,0.005177974700927734
11.0,0.0,0.0,0.0039005279541015625
85.0,3.0,3.0,0.029332399368286133
36.0,1.0,1.0,0.012275218963623047
17.0,0.0,0.0,0.004746675491333008
42.0,2.0,2.0,0.013708829879760742
11.0,0.0,0.0,0.0038301944732666016
15.0,1.0,1.0,0.005622148513793945
26.0,3.0,3.0,0.0070111751556396484
56.0,10.0,10.0,0.01999831199645996
33.0,1.0,1.0,0.012809276580810547
44.0,5.0,5.0,0.015007495880126953
82.0,4.0,4.0,0.024599075317382812
17.0,0.0,0.0,0.00622248649597168
36.0,0.0,0.0,0.012519121170043945
59.0,3.0,3.0,0.01927971839904785
40.0,2.0,2.0,0.018026351928710938
31.0,1.0,1.0,0.009192943572998047
47.0,1.0,1.0,0.014115571975708008
14.0,1.0,1.0,0.004994630813598633
21.0,6.0,6.0,0.006994724273681641
14.0,1.0,1.0,0.004991054534912109
57.0,7.0,7.0,0.019001007080078125
20.0,0.0,0.0,0.006996870040893555
18.0,0.0,0.0,0.005995035171508789
20.0,2.0,2.0,0.006998300552368164
56.0,1.0,1.0,0.021102428436279297
26.0,1.0,1.0,0.009441137313842773
48.0,1.0,1.0,0.015092134475708008
42.0,5.0,5.0,0.012819528579711914
18.0,0.0,0.0,0.007004261016845703
37.0,3.0,3.0,0.013002395629882812
32.0,2.0,2.0,0.01055765151977539
34.0,3.0,3.0,0.010530948638916016
23.0,0.0,0.0,0.007605075836181641
24.0,1.0,1.0,0.010071039199829102
31.0,5.0,5.0,0.0110015869140625
66.0,5.0,5.0,0.028931856155395508
96.0,5.0,5.0,0.03514504432678223
31.0,0.0,0.0,0.010071516036987305
30.0,6.0,6.0,0.010962486267089844
27.0,2.0,2.0,0.010374069213867188
14.0,0.0,0.0,0.006003379821777344
22.0,0.0,0.0,0.0071179866790771484
27.0,1.0,1.0,0.010708332061767578
49.0,7.0,7.0,0.02080988883972168
56.0,8.0,8.0,0.020249128341674805
109.0,4.0,4.0,0.03562760353088379
19.0,0.0,0.0,0.005998373031616211
61.0,5.0,5.0,0.02059626579284668
22.0,0.0,0.0,0.007027149200439453
15.0,0.0,0.0,0.005524396896362305
21.0,0.0,0.0,0.008022069931030273
20.0,0.0,0.0,0.006113529205322266
17.0,2.0,2.0,0.007733345031738281
18.0,0.0,0.0,0.005997896194458008
40.0,5.0,5.0,0.011765003204345703
46.0,0.0,0.0,0.01448678970336914
56.0,6.0,6.0,0.01805424690246582
14.0,0.0,0.0,0.0050466060638427734
32.0,1.0,1.0,0.01053762435913086
25.0,0.0,0.0,0.007521629333496094
13.0,2.0,2.0,0.004005908966064453
82.0,11.0,11.0,0.027604341506958008
22.0,1.0,1.0,0.0066373348236083984
34.0,5.0,5.0,0.010515689849853516
24.0,1.0,1.0,0.0075528621673583984
35.0,4.0,4.0,0.012356758117675781
39.0,3.0,3.0,0.012018680572509766
45.0,5.0,5.0,0.015411376953125
77.0,3.0,3.0,0.027958393096923828
25.0,3.0,3.0,0.0071108341217041016
37.0,1.0,1.0,0.011524200439453125
44.0,3.0,3.0,0.013507843017578125
26.0,2.0,2.0,0.008138179779052734
18.0,0.0,0.0,0.006548643112182617
32.0,7.0,7.0,0.010193824768066406
29.0,3.0,3.0,0.010709285736083984
11.0,0.0,0.0,0.004877328872680664
24.0,1.0,1.0,0.00786447525024414
20.0,0.0,0.0,0.007005214691162109
24.0,3.0,3.0,0.007932424545288086
20.0,0.0,0.0,0.005998849868774414
29.0,1.0,1.0,0.014829874038696289
70.0,5.0,5.0,0.022070884704589844
16.0,0.0,0.0,0.0049970149993896484
18.0,1.0,1.0,0.006997585296630859
44.0,2.0,2.0,0.014343023300170898
33.0,2.0,2.0,0.01125955581665039
21.0,0.0,0.0,0.006441831588745117
29.0,3.0,3.0,0.016612768173217773
25.0,2.0,2.0,0.008917808532714844
13.0,0.0,0.0,0.007185220718383789
68.0,4.0,4.0,0.03473830223083496
17.0,0.0,0.0,0.00596928596496582
43.0,4.0,4.0,0.014198064804077148
15.0,1.0,1.0,0.005396842956542969
75.0,10.0,10.0,0.022086381912231445
24.0,1.0,1.0,0.008555412292480469
28.0,2.0,2.0,0.009690523147583008
87.0,5.0,5.0,0.02786850929260254
16.0,2.0,2.0,0.00581669807434082
36.0,7.0,7.0,0.013195037841796875
34.0,5.0,5.0,0.01091623306274414
41.0,4.0,4.0,0.018252849578857422
19.0,2.0,2.0,0.009554147720336914
15.0,0.0,0.0,0.0052797794342041016
58.0,5.0,5.0,0.02015852928161621
18.0,1.0,1.0,0.007017612457275391
15.0,1.0,1.0,0.00390625
51.0,6.0,6.0,0.01713871955871582
84.0,5.0,5.0,0.028835773468017578
11.0,0.0,0.0,0.0035431385040283203
25.0,2.0,2.0,0.007609128952026367
21.0,1.0,1.0,0.005560398101806641
50.0,5.0,5.0,0.016636133193969727
19.0,1.0,1.0,0.006721019744873047
54.0,2.0,2.0,0.018864870071411133
32.0,1.0,1.0,0.014685869216918945
12.0,0.0,0.0,0.0050241947174072266
12.0,1.0,1.0,0.004384517669677734
27.0,2.0,2.0,0.009993791580200195
79.0,4.0,4.0,0.02539825439453125
52.0,6.0,6.0,0.0159909725189209
95.0,12.0,12.0,0.03151869773864746
30.0,1.0,1.0,0.008835554122924805
30.0,2.0,2.0,0.011890172958374023
12.0,0.0,0.0,0.0028221607208251953
26.0,2.0,2.0,0.009807109832763672
29.0,3.0,3.0,0.008439779281616211
53.0,6.0,6.0,0.02156662940979004
20.0,2.0,2.0,0.008336544036865234
51.0,1.0,1.0,0.014990091323852539
35.0,0.0,0.0,0.013519525527954102
40.0,5.0,5.0,0.014355659484863281
14.0,2.0,2.0,0.0065670013427734375
18.0,0.0,0.0,0.006034135818481445
14.0,3.0,3.0,0.004846334457397461
25.0,0.0,0.0,0.006838321685791016
32.0,3.0,3.0,0.012258768081665039
16.0,0.0,0.0,0.004818916320800781
26.0,1.0,1.0,0.011406660079956055
22.0,0.0,0.0,0.007556915283203125
15.0,0.0,0.0,0.004901885986328125
29.0,3.0,3.0,0.010962486267089844
49.0,2.0,2.0,0.02099013328552246
16.0,2.0,2.0,0.005993366241455078
41.0,2.0,2.0,0.012817144393920898
66.0,9.0,9.0,0.019231557846069336
15.0,1.0,1.0,0.003977060317993164
27.0,0.0,0.0,0.011293649673461914
12.0,0.0,0.0,0.005022764205932617
44.0,1.0,1.0,0.012814044952392578
21.0,2.0,2.0,0.008730411529541016
12.0,0.0,0.0,0.004817008972167969
11.0,0.0,0.0,0.004446983337402344
30.0,2.0,2.0,0.010678529739379883
46.0,6.0,6.0,0.01571035385131836
13.0,0.0,0.0,0.005805253982543945
23.0,1.0,1.0,0.008929252624511719
69.0,4.0,4.0,0.023064136505126953
20.0,0.0,0.0,0.005486726760864258
88.0,4.0,4.0,0.03185892105102539
53.0,3.0,3.0,0.018772125244140625
18.0,2.0,2.0,0.0064525604248046875
18.0,2.0,2.0,0.007485389709472656
38.0,1.0,1.0,0.014228105545043945
16.0,0.0,0.0,0.004151105880737305
25.0,4.0,4.0,0.008522748947143555
13.0,2.0,2.0,0.0043752193450927734
13.0,0.0,0.0,0.0032470226287841797
15.0,1.0,1.0,0.0035445690155029297
37.0,5.0,5.0,0.01211094856262207
53.0,3.0,3.0,0.017325162887573242
18.0,0.0,0.0,0.004994630813598633
16.0,0.0,0.0,0.0050776004791259766
32.0,1.0,1.0,0.011130809783935547
53.0,4.0,4.0,0.021052837371826172
85.0,6.0,6.0,0.0283052921295166
41.0,1.0,1.0,0.012671709060668945
11.0,0.0,0.0,0.003143310546875
15.0,0.0,0.0,0.006001710891723633
30.0,2.0,2.0,0.011789321899414062
44.0,0.0,0.0,0.017863988876342773
28.0,2.0,2.0,0.010758399963378906
35.0,1.0,1.0,0.014784812927246094
19.0,0.0,0.0,0.0076830387115478516
12.0,1.0,1.0,0.005539417266845703
38.0,0.0,0.0,0.012498140335083008
16.0,1.0,1.0,0.004992246627807617
12.0,0.0,0.0,0.003980159759521484
19.0,0.0,0.0,0.005536556243896484
56.0,4.0,4.0,0.01772141456604004
67.0,4.0,4.0,0.02044200897216797
16.0,0.0,0.0,0.0052051544189453125
35.0,0.0,0.0,0.010274887084960938
22.0,2.0,2.0,0.006009101867675781
21.0,1.0,1.0,0.008374452590942383
24.0,5.0,5.0,0.008393526077270508
58.0,5.0,5.0,0.020411252975463867
38.0,1.0,1.0,0.013084888458251953
54.0,2.0,2.0,0.019029617309570312
17.0,2.0,2.0,0.005721330642700195
32.0,5.0,5.0,0.01010894775390625
11.0,0.0,0.0,0.0052051544189453125
32.0,1.0,1.0,0.01216268539428711
12.0,0.0,0.0,0.004525184631347656
42.0,4.0,4.0,0.01152658462524414
11.0,0.0,0.0,0.0039980411529541016
14.0,0.0,0.0,0.004998445510864258
79.0,7.0,7.0,0.025435447692871094
61.0,2.0,2.0,0.02124643325805664
27.0,1.0,1.0,0.010183334350585938
22.0,0.0,0.0,0.007200956344604492
26.0,1.0,1.0,0.008693695068359375
25.0,3.0,3.0,0.007737636566162109
65.0,5.0,5.0,0.020308494567871094
18.0,0.0,0.0,0.006585359573364258
24.0,4.0,4.0,0.007517099380493164
27.0,1.0,1.0,0.007515668869018555
15.0,4.0,4.0,0.004996061325073242
16.0,2.0,2.0,0.0060884952545166016
39.0,1.0,1.0,0.012994766235351562
21.0,3.0,3.0,0.008148908615112305
100.0,9.0,9.0,0.034595489501953125
11.0,0.0,0.0,0.0030059814453125
66.0,3.0,3.0,0.0209653377532959
16.0,0.0,0.0,0.0046863555908203125
40.0,3.0,3.0,0.012964248657226562
38.0,2.0,2.0,0.011533975601196289
92.0,2.0,2.0,0.0294492244720459
34.0,1.0,1.0,0.010998249053955078
13.0,1.0,1.0,0.0036308765411376953
25.0,0.0,0.0,0.008011341094970703
20.0,0.0,0.0,0.007016181945800781
15.0,0.0,0.0,0.005228519439697266
15.0,4.0,4.0,0.006321430206298828
21.0,1.0,1.0,0.009221553802490234
24.0,1.0,1.0,0.007052898406982422
169.0,6.0,6.0,0.055329084396362305
51.0,3.0,3.0,0.018360137939453125
29.0,2.0,2.0,0.011183023452758789
101.0,14.0,14.0,0.03061652183532715
35.0,5.0,5.0,0.011135339736938477
18.0,0.0,0.0,0.00718235969543457
22.0,0.0,0.0,0.004174470901489258
22.0,3.0,3.0,0.00898885726928711
12.0,0.0,0.0,0.00399327278137207
43.0,3.0,3.0,0.01512908935546875
57.0,4.0,4.0,0.023943185806274414
24.0,2.0,2.0,0.008234262466430664
71.0,5.0,5.0,0.03651547431945801
67.0,4.0,4.0,0.027662277221679688
12.0,1.0,1.0,0.0047817230224609375
12.0,0.0,0.0,0.0032591819763183594
14.0,1.0,1.0,0.004252195358276367
23.0,1.0,1.0,0.00752711296081543
33.0,11.0,11.0,0.010987997055053711
14.0,0.0,0.0,0.004212141036987305
59.0,0.0,0.0,0.022112369537353516
59.0,4.0,4.0,0.01874685287475586
25.0,4.0,4.0,0.005379199981689453
46.0,5.0,5.0,0.015636920928955078
147.0,15.0,15.0,0.04790520668029785
52.0,7.0,7.0,0.017087936401367188
16.0,0.0,0.0,0.004926204681396484
13.0,1.0,1.0,0.00455927848815918
29.0,0.0,0.0,0.009733200073242188
72.0,4.0,4.0,0.0249936580657959
41.0,2.0,2.0,0.013321638107299805
45.0,3.0,3.0,0.013599634170532227
107.0,13.0,13.0,0.0356295108795166
15.0,0.0,0.0,0.00507354736328125
19.0,1.0,1.0,0.006003856658935547
50.0,2.0,2.0,0.014677047729492188
20.0,2.0,2.0,0.006430625915527344
21.0,2.0,2.0,0.007996320724487305
52.0,0.0,0.0,0.017004966735839844
31.0,1.0,1.0,0.01126861572265625
60.0,6.0,6.0,0.021506071090698242
22.0,1.0,1.0,0.006599903106689453
44.0,5.0,5.0,0.016813278198242188
37.0,3.0,3.0,0.012185096740722656
35.0,2.0,2.0,0.011604785919189453
109.0,16.0,16.0,0.03606247901916504
13.0,0.0,0.0,0.0033528804779052734
12.0,0.0,0.0,0.0028562545776367188
12.0,0.0,0.0,0.0039980411529541016
12.0,1.0,1.0,0.004113435745239258
22.0,2.0,2.0,0.008662939071655273
48.0,7.0,7.0,0.014326810836791992
35.0,4.0,4.0,0.01137995719909668
24.0,0.0,0.0,0.01059103012084961
17.0,1.0,1.0,0.0047609806060791016
43.0,0.0,0.0,0.013852357864379883
30.0,2.0,2.0,0.008996248245239258
34.0,3.0,3.0,0.010111331939697266
19.0,1.0,1.0,0.00603795051574707
25.0,1.0,1.0,0.006043434143066406
33.0,1.0,1.0,0.010180950164794922
33.0,3.0,3.0,0.012111186981201172
59.0,1.0,1.0,0.019016027450561523
12.0,0.0,0.0,0.005998134613037109
34.0,0.0,0.0,0.010993242263793945
83.0,7.0,7.0,0.025135517120361328
52.0,3.0,3.0,0.01610589027404785
99.0,7.0,7.0,0.033167362213134766
96.0,7.0,7.0,0.03400063514709473
30.0,3.0,3.0,0.007679939270019531
117.0,13.0,13.0,0.03913283348083496
21.0,0.0,0.0,0.007498741149902344
82.0,1.0,1.0,0.02937459945678711
13.0,1.0,1.0,0.006529331207275391
41.0,2.0,2.0,0.014069795608520508
45.0,5.0,5.0,0.017347335815429688
51.0,4.0,4.0,0.017480850219726562
34.0,6.0,6.0,0.011358499526977539
11.0,0.0,0.0,0.003994941711425781
39.0,3.0,3.0,0.01364898681640625
15.0,0.0,0.0,0.0043222904205322266
51.0,2.0,2.0,0.016614675521850586
27.0,1.0,1.0,0.008424758911132812
46.0,2.0,2.0,0.014972209930419922
55.0,2.0,2.0,0.01811075210571289
28.0,0.0,0.0,0.009217023849487305
108.0,4.0,4.0,0.037668466567993164
26.0,0.0,0.0,0.00900411605834961
52.0,3.0,3.0,0.016909122467041016
47.0,2.0,2.0,0.015294551849365234
33.0,4.0,4.0,0.010480880737304688
34.0,0.0,0.0,0.011707544326782227
15.0,0.0,0.0,0.006997823715209961
24.0,3.0,3.0,0.0069959163665771484
24.0,0.0,0.0,0.008001565933227539
14.0,0.0,0.0,0.004998922348022461
49.0,5.0,5.0,0.01478719711303711
42.0,6.0,6.0,0.0165712833404541
66.0,7.0,7.0,0.020539522171020508
40.0,3.0,3.0,0.01254582405090332
84.0,3.0,3.0,0.027112722396850586
23.0,2.0,2.0,0.006142139434814453
52.0,7.0,7.0,0.021678924560546875
87.0,2.0,2.0,0.03005504608154297
18.0,0.0,0.0,0.006607532501220703
18.0,0.0,0.0,0.005514383316040039
59.0,10.0,10.0,0.0227663516998291
14.0,1.0,1.0,0.003920316696166992
24.0,0.0,0.0,0.008508443832397461
13.0,0.0,0.0,0.0037450790405273438
54.0,2.0,2.0,0.021335124969482422
34.0,3.0,3.0,0.012933492660522461
18.0,1.0,1.0,0.005043745040893555
29.0,0.0,0.0,0.009773969650268555
22.0,1.0,1.0,0.007000446319580078
13.0,2.0,2.0,0.004990577697753906
27.0,0.0,0.0,0.00803828239440918
15.0,1.0,1.0,0.0049974918365478516
78.0,13.0,13.0,0.026996135711669922
63.0,3.0,3.0,0.022174835205078125
96.0,13.0,13.0,0.033225059509277344
14.0,2.0,2.0,0.004578351974487305
15.0,0.0,0.0,0.0061397552490234375
25.0,4.0,4.0,0.01111602783203125
29.0,1.0,1.0,0.009264945983886719
30.0,0.0,0.0,0.009994745254516602
65.0,6.0,6.0,0.019461393356323242
24.0,2.0,2.0,0.007179737091064453
27.0,1.0,1.0,0.012468338012695312
33.0,1.0,1.0,0.010310888290405273
21.0,0.0,0.0,0.007997274398803711
102.0,11.0,11.0,0.03382229804992676
51.0,10.0,10.0,0.02144765853881836
15.0,0.0,0.0,0.005675792694091797
52.0,7.0,7.0,0.014088869094848633
55.0,3.0,3.0,0.016903162002563477
97.0,7.0,7.0,0.029762983322143555
24.0,5.0,5.0,0.008647680282592773
75.0,4.0,4.0,0.02723836898803711
112.0,7.0,7.0,0.035149335861206055
13.0,1.0,1.0,0.005613803863525391
13.0,1.0,1.0,0.00814509391784668
82.0,4.0,4.0,0.02391529083251953
36.0,1.0,1.0,0.009577035903930664
24.0,5.0,5.0,0.007070302963256836
111.0,9.0,9.0,0.03251075744628906
35.0,2.0,2.0,0.010448455810546875
77.0,3.0,3.0,0.04077482223510742
13.0,0.0,0.0,0.0073506832122802734
104.0,1.0,1.0,0.03667593002319336
13.0,2.0,2.0,0.0053288936614990234
14.0,1.0,1.0,0.00469207763671875
48.0,2.0,2.0,0.014973640441894531
44.0,1.0,1.0,0.011868000030517578
21.0,2.0,2.0,0.0064127445220947266
66.0,6.0,6.0,0.020087480545043945
82.0,6.0,6.0,0.023622989654541016
32.0,0.0,0.0,0.012410640716552734
15.0,1.0,1.0,0.0039904117584228516
11.0,0.0,0.0,0.0033063888549804688
117.0,8.0,8.0,0.0425417423248291
11.0,0.0,0.0,0.004203081130981445
25.0,2.0,2.0,0.008093595504760742
28.0,9.0,9.0,0.00827932357788086
22.0,2.0,2.0,0.007527828216552734
33.0,3.0,3.0,0.010770082473754883
65.0,1.0,1.0,0.01994943618774414
30.0,0.0,0.0,0.010905027389526367
147.0,6.0,6.0,0.04932904243469238
79.0,7.0,7.0,0.02850174903869629
43.0,7.0,7.0,0.016287565231323242
14.0,0.0,0.0,0.006439924240112305
20.0,1.0,1.0,0.00825810432434082
13.0,0.0,0.0,0.006931781768798828
64.0,3.0,3.0,0.02099013328552246
50.0,3.0,3.0,0.0196688175201416
44.0,4.0,4.0,0.01376485824584961
17.0,2.0,2.0,0.00815892219543457
134.0,12.0,12.0,0.049201250076293945
55.0,3.0,3.0,0.022831201553344727
80.0,4.0,4.0,0.035279035568237305
96.0,5.0,5.0,0.04170346260070801
43.0,2.0,2.0,0.021451234817504883
23.0,0.0,0.0,0.009853363037109375
87.0,6.0,6.0,0.03719496726989746
26.0,4.0,4.0,0.010725975036621094
16.0,1.0,1.0,0.0061948299407958984
21.0,8.0,8.0,0.008401155471801758
69.0,8.0,8.0,0.036344289779663086
49.0,5.0,5.0,0.024953365325927734
83.0,8.0,8.0,0.030949115753173828
33.0,2.0,2.0,0.012591838836669922
14.0,0.0,0.0,0.006572246551513672
62.0,6.0,6.0,0.023079633712768555
32.0,0.0,0.0,0.012719154357910156
18.0,5.0,5.0,0.010369300842285156
58.0,7.0,7.0,0.02551865577697754
33.0,5.0,5.0,0.01611185073852539
23.0,0.0,0.0,0.016005992889404297
28.0,1.0,1.0,0.009559392929077148
12.0,1.0,1.0,0.003166675567626953
13.0,1.0,1.0,0.004424571990966797
37.0,1.0,1.0,0.013448476791381836
58.0,2.0,2.0,0.020669937133789062
84.0,7.0,7.0,0.03301501274108887
26.0,2.0,2.0,0.010003089904785156
14.0,0.0,0.0,0.004753828048706055
87.0,7.0,7.0,0.03186440467834473
12.0,0.0,0.0,0.0053348541259765625
16.0,0.0,0.0,0.004722118377685547
46.0,4.0,4.0,0.016748666763305664
12.0,0.0,0.0,0.006192684173583984
15.0,1.0,1.0,0.005000591278076172
14.0,1.0,1.0,0.004998922348022461
27.0,3.0,3.0,0.008006811141967773
19.0,0.0,0.0,0.00700068473815918
31.0,4.0,4.0,0.011515378952026367
26.0,0.0,0.0,0.010001420974731445
25.0,1.0,1.0,0.009997367858886719
14.0,2.0,2.0,0.007645368576049805
24.0,7.0,7.0,0.008313655853271484
21.0,1.0,1.0,0.007000446319580078
24.0,4.0,4.0,0.006335258483886719
18.0,1.0,1.0,0.0041844844818115234
14.0,1.0,1.0,0.0040149688720703125
81.0,1.0,1.0,0.02799057960510254
21.0,3.0,3.0,0.004470348358154297
40.0,1.0,1.0,0.012071847915649414
41.0,2.0,2.0,0.010707378387451172
24.0,2.0,2.0,0.0068645477294921875
26.0,1.0,1.0,0.007351398468017578
11.0,0.0,0.0,0.003776073455810547
13.0,0.0,0.0,0.003572702407836914
23.0,6.0,6.0,0.005622386932373047
30.0,2.0,2.0,0.009619712829589844
12.0,0.0,0.0,0.00468134880065918
57.0,4.0,4.0,0.019032955169677734
47.0,1.0,1.0,0.015411853790283203
17.0,3.0,3.0,0.006395578384399414
12.0,0.0,0.0,0.006921291351318359
122.0,23.0,23.0,0.03675508499145508
37.0,5.0,5.0,0.013578176498413086
33.0,1.0,1.0,0.010822534561157227
35.0,0.0,0.0,0.010266304016113281
27.0,3.0,3.0,0.0070552825927734375
21.0,1.0,1.0,0.007783412933349609
46.0,1.0,1.0,0.015037059783935547
18.0,4.0,4.0,0.0060269832611083984
63.0,0.0,0.0,0.022470474243164062
21.0,3.0,3.0,0.014011859893798828
78.0,3.0,3.0,0.02911376953125
61.0,3.0,3.0,0.019844532012939453
19.0,0.0,0.0,0.004570484161376953
17.0,2.0,2.0,0.0065631866455078125
29.0,2.0,2.0,0.008002042770385742
31.0,3.0,3.0,0.016185522079467773
19.0,2.0,2.0,0.009085416793823242
63.0,10.0,10.0,0.019115924835205078
94.0,11.0,11.0,0.027576208114624023
39.0,2.0,2.0,0.010735511779785156
16.0,0.0,0.0,0.004424333572387695
36.0,3.0,3.0,0.015538930892944336
21.0,2.0,2.0,0.004733562469482422
17.0,0.0,0.0,0.0053462982177734375
20.0,1.0,1.0,0.007181882858276367
28.0,0.0,0.0,0.010681629180908203
144.0,14.0,14.0,0.0483698844909668
20.0,0.0,0.0,0.006008148193359375
51.0,3.0,3.0,0.017317533493041992
51.0,3.0,3.0,0.017276525497436523
22.0,1.0,1.0,0.0067327022552490234
28.0,0.0,0.0,0.0071773529052734375
26.0,2.0,2.0,0.008989810943603516
18.0,0.0,0.0,0.007116556167602539
47.0,8.0,8.0,0.01570296287536621
85.0,3.0,3.0,0.03357243537902832
28.0,2.0,2.0,0.012840986251831055
63.0,2.0,2.0,0.03473329544067383
22.0,2.0,2.0,0.008334159851074219
30.0,1.0,1.0,0.010030031204223633
36.0,1.0,1.0,0.012609004974365234
48.0,6.0,6.0,0.01644277572631836
29.0,3.0,3.0,0.0075910091400146484
45.0,2.0,2.0,0.01587200164794922
15.0,1.0,1.0,0.006007194519042969
11.0,0.0,0.0,0.004033327102661133
25.0,1.0,1.0,0.010540962219238281
27.0,1.0,1.0,0.007472991943359375
47.0,2.0,2.0,0.016390085220336914
46.0,2.0,2.0,0.015588521957397461
27.0,0.0,0.0,0.007588863372802734
34.0,0.0,0.0,0.012043952941894531
22.0,2.0,2.0,0.007163524627685547
12.0,0.0,0.0,0.00393366813659668
53.0,5.0,5.0,0.01653885841369629
35.0,1.0,1.0,0.012437820434570312
41.0,3.0,3.0,0.012943506240844727
34.0,2.0,2.0,0.014031648635864258
19.0,0.0,0.0,0.006676673889160156
14.0,0.0,0.0,0.004525899887084961
96.0,3.0,3.0,0.02744436264038086
15.0,0.0,0.0,0.005042552947998047
15.0,0.0,0.0,0.006024599075317383
48.0,0.0,0.0,0.01980137825012207
156.0,20.0,20.0,0.05035805702209473
27.0,3.0,3.0,0.007375001907348633
22.0,3.0,3.0,0.007007122039794922
32.0,7.0,7.0,0.011015892028808594
86.0,5.0,5.0,0.029236316680908203
45.0,2.0,2.0,0.013305425643920898
20.0,1.0,1.0,0.005997419357299805
30.0,6.0,6.0,0.009529590606689453
18.0,2.0,2.0,0.0055239200592041016
21.0,0.0,0.0,0.0068666934967041016
135.0,10.0,10.0,0.03968167304992676
20.0,0.0,0.0,0.007996797561645508
22.0,0.0,0.0,0.006521701812744141
16.0,1.0,1.0,0.003220796585083008
28.0,0.0,0.0,0.011631011962890625
37.0,0.0,0.0,0.011580944061279297
39.0,3.0,3.0,0.012808799743652344
79.0,3.0,3.0,0.02703380584716797
44.0,2.0,2.0,0.017628908157348633
34.0,3.0,3.0,0.012000799179077148
42.0,2.0,2.0,0.015432119369506836
32.0,2.0,2.0,0.010863780975341797
51.0,3.0,3.0,0.019309520721435547
19.0,1.0,1.0,0.006062746047973633
46.0,3.0,3.0,0.015756607055664062
13.0,2.0,2.0,0.003972053527832031
16.0,3.0,3.0,0.00563812255859375
84.0,7.0,7.0,0.028189420700073242
44.0,1.0,1.0,0.01694345474243164
42.0,5.0,5.0,0.012230634689331055
28.0,0.0,0.0,0.010287761688232422
12.0,0.0,0.0,0.0043354034423828125
52.0,3.0,3.0,0.01563858985900879
47.0,4.0,4.0,0.01543736457824707
50.0,6.0,6.0,0.02112555503845215
39.0,4.0,4.0,0.013653755187988281
33.0,4.0,4.0,0.011373758316040039
46.0,1.0,1.0,0.01462554931640625
26.0,2.0,2.0,0.007383823394775391
11.0,0.0,0.0,0.004000663757324219
35.0,0.0,0.0,0.011882305145263672
46.0,2.0,2.0,0.013481855392456055
62.0,0.0,0.0,0.017748594284057617
28.0,0.0,0.0,0.009183168411254883
19.0,1.0,1.0,0.008838653564453125
37.0,2.0,2.0,0.01229238510131836
12.0,0.0,0.0,0.004108905792236328
65.0,5.0,5.0,0.020296812057495117
44.0,1.0,1.0,0.017687082290649414
27.0,1.0,1.0,0.011860132217407227
100.0,12.0,12.0,0.03625011444091797
22.0,1.0,1.0,0.007512807846069336
25.0,4.0,4.0,0.008130073547363281
26.0,2.0,2.0,0.006861686706542969
20.0,0.0,0.0,0.005004167556762695
21.0,0.0,0.0,0.005997896194458008
37.0,2.0,2.0,0.013517618179321289
11.0,0.0,0.0,0.004003763198852539
204.0,16.0,16.0,0.06728124618530273
40.0,3.0,3.0,0.012777566909790039
22.0,0.0,0.0,0.006926774978637695
31.0,0.0,0.0,0.009941577911376953
16.0,0.0,0.0,0.005002021789550781
27.0,3.0,3.0,0.01024484634399414
27.0,2.0,2.0,0.009305953979492188
26.0,1.0,1.0,0.009994745254516602
33.0,4.0,4.0,0.011548995971679688
21.0,2.0,2.0,0.005195140838623047
12.0,2.0,2.0,0.003459453582763672
121.0,7.0,7.0,0.04268646240234375
26.0,2.0,2.0,0.009131669998168945
16.0,3.0,3.0,0.004278898239135742
48.0,3.0,3.0,0.01693415641784668
24.0,2.0,2.0,0.009121179580688477
29.0,2.0,2.0,0.009943723678588867
20.0,0.0,0.0,0.006338596343994141
20.0,4.0,4.0,0.00629425048828125
15.0,0.0,0.0,0.003999948501586914
28.0,0.0,0.0,0.008626222610473633
41.0,2.0,2.0,0.011796712875366211
24.0,0.0,0.0,0.008089542388916016
43.0,6.0,6.0,0.014191627502441406
15.0,4.0,4.0,0.00622105598449707
15.0,0.0,0.0,0.006112337112426758
14.0,3.0,3.0,0.0050029754638671875
49.0,2.0,2.0,0.017247915267944336
11.0,0.0,0.0,0.004886627197265625
26.0,0.0,0.0,0.00716710090637207
31.0,0.0,0.0,0.01302194595336914
22.0,0.0,0.0,0.007883787155151367
12.0,1.0,1.0,0.0030884742736816406
26.0,1.0,1.0,0.009591817855834961
39.0,1.0,1.0,0.01206064224243164
42.0,6.0,6.0,0.014155387878417969
13.0,1.0,1.0,0.005054473876953125
38.0,1.0,1.0,0.012255191802978516
53.0,1.0,1.0,0.018265485763549805
27.0,0.0,0.0,0.00930166244506836
21.0,4.0,4.0,0.007112741470336914
27.0,1.0,1.0,0.008190393447875977
23.0,0.0,0.0,0.007997274398803711
60.0,3.0,3.0,0.019344568252563477
29.0,0.0,0.0,0.010533332824707031
35.0,3.0,3.0,0.011437177658081055
23.0,2.0,2.0,0.007416725158691406
14.0,0.0,0.0,0.0040013790130615234
23.0,8.0,8.0,0.007359027862548828
17.0,1.0,1.0,0.00599980354309082
40.0,1.0,1.0,0.01459193229675293
33.0,0.0,0.0,0.011981725692749023
27.0,2.0,2.0,0.010196924209594727
31.0,1.0,1.0,0.010150432586669922
70.0,0.0,0.0,0.02093815803527832
56.0,2.0,2.0,0.018593549728393555
32.0,2.0,2.0,0.013240337371826172
19.0,0.0,0.0,0.006802082061767578
39.0,4.0,4.0,0.011780500411987305
13.0,0.0,0.0,0.00501704216003418
29.0,1.0,1.0,0.010670185089111328
59.0,3.0,3.0,0.019106626510620117
63.0,16.0,16.0,0.020280838012695312
67.0,7.0,7.0,0.02585434913635254
47.0,5.0,5.0,0.023526430130004883
34.0,8.0,8.0,0.01935744285583496
32.0,3.0,3.0,0.01646280288696289
16.0,0.0,0.0,0.006144046783447266
37.0,6.0,6.0,0.013940095901489258
15.0,2.0,2.0,0.004751682281494141
16.0,0.0,0.0,0.0059392452239990234
12.0,0.0,0.0,0.003696441650390625
27.0,5.0,5.0,0.0074615478515625
91.0,12.0,12.0,0.028530120849609375
90.0,9.0,9.0,0.028749465942382812
56.0,4.0,4.0,0.01755809783935547
15.0,0.0,0.0,0.003740549087524414
31.0,3.0,3.0,0.011771678924560547
114.0,9.0,9.0,0.03910684585571289
15.0,2.0,2.0,0.006459712982177734
21.0,1.0,1.0,0.009932994842529297
12.0,0.0,0.0,0.004654407501220703
78.0,6.0,6.0,0.025228500366210938
13.0,0.0,0.0,0.0041637420654296875
11.0,1.0,1.0,0.0036063194274902344
33.0,3.0,3.0,0.0120697021484375
11.0,0.0,0.0,0.005789995193481445
16.0,0.0,0.0,0.006056547164916992
36.0,2.0,2.0,0.014078855514526367
11.0,0.0,0.0,0.005395174026489258
13.0,0.0,0.0,0.0054569244384765625
23.0,0.0,0.0,0.0066683292388916016
49.0,4.0,4.0,0.016586780548095703
33.0,0.0,0.0,0.012356042861938477
28.0,6.0,6.0,0.01038503646850586
140.0,8.0,8.0,0.04767894744873047
16.0,3.0,3.0,0.005994558334350586
50.0,4.0,4.0,0.015081405639648438
23.0,2.0,2.0,0.00863027572631836
36.0,0.0,0.0,0.014267206192016602
65.0,5.0,5.0,0.01831650733947754
58.0,3.0,3.0,0.01692366600036621
75.0,3.0,3.0,0.02321004867553711
89.0,10.0,10.0,0.03321552276611328
87.0,11.0,11.0,0.03244376182556152
18.0,3.0,3.0,0.005800724029541016
26.0,1.0,1.0,0.010253190994262695
13.0,0.0,0.0,0.005293846130371094
25.0,1.0,1.0,0.012358665466308594
40.0,8.0,8.0,0.02100205421447754
33.0,4.0,4.0,0.012585163116455078
99.0,9.0,9.0,0.03535914421081543
26.0,0.0,0.0,0.01159358024597168
21.0,0.0,0.0,0.007008790969848633
49.0,8.0,8.0,0.015994548797607422
30.0,2.0,2.0,0.008928775787353516
35.0,2.0,2.0,0.014852762222290039
29.0,0.0,0.0,0.009994268417358398
25.0,2.0,2.0,0.008371829986572266
20.0,0.0,0.0,0.006999015808105469
47.0,0.0,0.0,0.016012907028198242
19.0,0.0,0.0,0.006000041961669922
16.0,4.0,4.0,0.0055141448974609375
105.0,5.0,5.0,0.03511404991149902
51.0,2.0,2.0,0.018511056900024414
15.0,2.0,2.0,0.006231069564819336
12.0,1.0,1.0,0.004151821136474609
39.0,1.0,1.0,0.01333928108215332
19.0,2.0,2.0,0.00701141357421875
31.0,1.0,1.0,0.009996414184570312
40.0,4.0,4.0,0.0156097412109375
14.0,3.0,3.0,0.004488945007324219
28.0,1.0,1.0,0.009517669677734375
35.0,3.0,3.0,0.01152181625366211
103.0,12.0,12.0,0.03429913520812988
51.0,1.0,1.0,0.015683650970458984
109.0,4.0,4.0,0.03167414665222168
31.0,3.0,3.0,0.010811328887939453
87.0,4.0,4.0,0.0276944637298584
16.0,1.0,1.0,0.003999471664428711
22.0,0.0,0.0,0.008764028549194336
12.0,1.0,1.0,0.00500035285949707
46.0,4.0,4.0,0.014110326766967773
15.0,0.0,0.0,0.005520820617675781
102.0,10.0,10.0,0.037157297134399414
16.0,3.0,3.0,0.0035576820373535156
35.0,1.0,1.0,0.011548995971679688
12.0,0.0,0.0,0.0034377574920654297
21.0,2.0,2.0,0.008282661437988281
41.0,2.0,2.0,0.012558698654174805
85.0,1.0,1.0,0.030531644821166992
12.0,0.0,0.0,0.004996299743652344
65.0,2.0,2.0,0.019261837005615234
14.0,0.0,0.0,0.004988431930541992
88.0,10.0,10.0,0.03019118309020996
12.0,0.0,0.0,0.006075382232666016
137.0,7.0,7.0,0.05751633644104004
42.0,2.0,2.0,0.013251543045043945
29.0,3.0,3.0,0.008608341217041016
22.0,0.0,0.0,0.007995128631591797
42.0,0.0,0.0,0.015801191329956055
88.0,12.0,12.0,0.029154300689697266
73.0,6.0,6.0,0.026013851165771484
120.0,7.0,7.0,0.038794755935668945
75.0,0.0,0.0,0.023988008499145508
30.0,2.0,2.0,0.007533073425292969
30.0,0.0,0.0,0.01063084602355957
63.0,9.0,9.0,0.018030881881713867
14.0,2.0,2.0,0.005017280578613281
65.0,2.0,2.0,0.0222625732421875
45.0,10.0,10.0,0.01367807388305664
19.0,3.0,3.0,0.006997346878051758
46.0,1.0,1.0,0.013918638229370117
39.0,3.0,3.0,0.01421213150024414
72.0,4.0,4.0,0.025939226150512695
75.0,5.0,5.0,0.023258209228515625
32.0,0.0,0.0,0.010995149612426758
53.0,6.0,6.0,0.015723228454589844
12.0,0.0,0.0,0.0030176639556884766
57.0,2.0,2.0,0.0187835693359375
12.0,0.0,0.0,0.0040018558502197266
21.0,0.0,0.0,0.007188558578491211
21.0,3.0,3.0,0.007984399795532227
36.0,2.0,2.0,0.011994361877441406
67.0,8.0,8.0,0.022648334503173828
13.0,0.0,0.0,0.004010438919067383
21.0,1.0,1.0,0.00871133804321289
49.0,1.0,1.0,0.01531982421875
58.0,4.0,4.0,0.0192108154296875
36.0,0.0,0.0,0.010413646697998047
48.0,1.0,1.0,0.016134023666381836
37.0,1.0,1.0,0.010325193405151367
110.0,6.0,6.0,0.03470134735107422
16.0,1.0,1.0,0.005832672119140625
20.0,3.0,3.0,0.006522178649902344
13.0,0.0,0.0,0.0037446022033691406
34.0,3.0,3.0,0.010513067245483398
80.0,8.0,8.0,0.031708478927612305
17.0,0.0,0.0,0.006994962692260742
119.0,7.0,7.0,0.052373409271240234
44.0,2.0,2.0,0.015448808670043945
11.0,0.0,0.0,0.0037353038787841797
12.0,1.0,1.0,0.004071712493896484
27.0,1.0,1.0,0.00946807861328125
128.0,4.0,4.0,0.04436182975769043
26.0,2.0,2.0,0.006429433822631836
40.0,2.0,2.0,0.011632919311523438
21.0,0.0,0.0,0.005415916442871094
20.0,0.0,0.0,0.006182670593261719
21.0,1.0,1.0,0.006954193115234375
79.0,3.0,3.0,0.025663137435913086
16.0,0.0,0.0,0.0059661865234375
38.0,2.0,2.0,0.012939214706420898
107.0,6.0,6.0,0.03603816032409668
43.0,3.0,3.0,0.014672994613647461
11.0,0.0,0.0,0.004019737243652344
38.0,0.0,0.0,0.012372970581054688
15.0,0.0,0.0,0.005010128021240234
33.0,1.0,1.0,0.01251077651977539
27.0,0.0,0.0,0.008996963500976562
26.0,3.0,3.0,0.00899505615234375
23.0,3.0,3.0,0.00898885726928711
113.0,8.0,8.0,0.035184383392333984
50.0,0.0,0.0,0.01781177520751953
13.0,0.0,0.0,0.004018068313598633
52.0,5.0,5.0,0.016724586486816406
32.0,1.0,1.0,0.011001348495483398
137.0,5.0,5.0,0.04344034194946289
49.0,3.0,3.0,0.013100624084472656
27.0,0.0,0.0,0.008276700973510742
95.0,8.0,8.0,0.032029151916503906
12.0,1.0,1.0,0.0039904117584228516
17.0,2.0,2.0,0.005995512008666992
97.0,9.0,9.0,0.028118610382080078
64.0,7.0,7.0,0.024417400360107422
129.0,10.0,10.0,0.040342092514038086
13.0,0.0,0.0,0.005162239074707031
17.0,2.0,2.0,0.005429506301879883
42.0,7.0,7.0,0.011652469635009766
