Timesteps,Collisions,Steps Waited,Real-Time Elapsed
65.0,8.0,8.0,0.07143783569335938
51.0,14.0,14.0,0.05716896057128906
34.0,9.0,9.0,0.039914608001708984
29.0,8.0,8.0,0.028554677963256836
76.0,25.0,25.0,0.0742642879486084
51.0,12.0,12.0,0.056867122650146484
59.0,7.0,7.0,0.05879640579223633
38.0,4.0,4.0,0.03728842735290527
55.0,8.0,8.0,0.04982352256774902
50.0,8.0,8.0,0.052976369857788086
32.0,7.0,7.0,0.031328439712524414
63.0,10.0,10.0,0.05672287940979004
34.0,13.0,13.0,0.03768277168273926
36.0,16.0,16.0,0.04250335693359375
34.0,4.0,4.0,0.045378684997558594
118.0,18.0,18.0,0.14318442344665527
29.0,9.0,9.0,0.03581595420837402
56.0,17.0,17.0,0.06348943710327148
89.0,12.0,12.0,0.10798954963684082
38.0,16.0,16.0,0.05529189109802246
27.0,8.0,8.0,0.10500144958496094
45.0,12.0,12.0,0.06073737144470215
28.0,9.0,9.0,0.033942222595214844
33.0,11.0,11.0,0.0378878116607666
98.0,35.0,35.0,0.09249520301818848
41.0,14.0,14.0,0.038480520248413086
45.0,15.0,15.0,0.04620504379272461
89.0,19.0,19.0,0.08017134666442871
34.0,7.0,7.0,0.03552603721618652
47.0,9.0,9.0,0.052530527114868164
59.0,17.0,17.0,0.06758260726928711
39.0,11.0,11.0,0.038301944732666016
48.0,15.0,15.0,0.0558624267578125
110.0,18.0,18.0,0.12359452247619629
139.0,30.0,30.0,0.13322925567626953
20.0,9.0,9.0,0.021472930908203125
47.0,15.0,15.0,0.05633854866027832
18.0,3.0,3.0,0.0250244140625
65.0,18.0,18.0,0.06839823722839355
77.0,11.0,11.0,0.08420562744140625
65.0,12.0,12.0,0.07239317893981934
32.0,10.0,10.0,0.03130650520324707
16.0,2.0,2.0,0.011530399322509766
51.0,5.0,5.0,0.05849742889404297
70.0,10.0,10.0,0.06928253173828125
96.0,23.0,23.0,0.09074568748474121
64.0,9.0,9.0,0.06204485893249512
50.0,6.0,6.0,0.054343223571777344
27.0,8.0,8.0,0.0233612060546875
59.0,17.0,17.0,0.08964943885803223
20.0,5.0,5.0,0.03288602828979492
36.0,15.0,15.0,0.05958223342895508
38.0,11.0,11.0,0.05358242988586426
53.0,19.0,19.0,0.05325722694396973
43.0,17.0,17.0,0.035264015197753906
72.0,14.0,14.0,0.0679013729095459
44.0,9.0,9.0,0.04053139686584473
39.0,13.0,13.0,0.033631324768066406
61.0,12.0,12.0,0.057882070541381836
30.0,13.0,13.0,0.02812337875366211
20.0,6.0,6.0,0.016005992889404297
33.0,8.0,8.0,0.040914297103881836
43.0,12.0,12.0,0.04158139228820801
154.0,35.0,35.0,0.16991162300109863
162.0,46.0,46.0,0.20253467559814453
98.0,23.0,23.0,0.097686767578125
39.0,10.0,10.0,0.03355598449707031
23.0,4.0,4.0,0.01711249351501465
18.0,7.0,7.0,0.024062156677246094
85.0,31.0,31.0,0.09302926063537598
79.0,23.0,23.0,0.09337377548217773
73.0,10.0,10.0,0.0734105110168457
23.0,10.0,10.0,0.020436525344848633
24.0,11.0,11.0,0.019950389862060547
36.0,8.0,8.0,0.04232597351074219
98.0,22.0,22.0,0.0869448184967041
16.0,4.0,4.0,0.016873598098754883
72.0,10.0,10.0,0.09377145767211914
23.0,9.0,9.0,0.02509021759033203
15.0,5.0,5.0,0.01620316505432129
25.0,10.0,10.0,0.02530360221862793
16.0,5.0,5.0,0.01863551139831543
17.0,4.0,4.0,0.013233184814453125
101.0,27.0,27.0,0.10156893730163574
41.0,16.0,16.0,0.04115772247314453
20.0,8.0,8.0,0.018387317657470703
27.0,15.0,15.0,0.029305458068847656
98.0,9.0,9.0,0.09687638282775879
17.0,2.0,2.0,0.02326488494873047
26.0,9.0,9.0,0.027759790420532227
39.0,21.0,21.0,0.03966379165649414
93.0,12.0,12.0,0.11320853233337402
24.0,8.0,8.0,0.026678800582885742
30.0,15.0,15.0,0.03572678565979004
75.0,15.0,15.0,0.07134556770324707
20.0,7.0,7.0,0.017220020294189453
68.0,23.0,23.0,0.06876325607299805
49.0,15.0,15.0,0.04563641548156738
29.0,11.0,11.0,0.02974224090576172
18.0,7.0,7.0,0.021053552627563477
27.0,8.0,8.0,0.025025367736816406
48.0,12.0,12.0,0.05350375175476074
39.0,7.0,7.0,0.05198931694030762
47.0,8.0,8.0,0.04680013656616211
76.0,16.0,16.0,0.08457827568054199
50.0,13.0,13.0,0.0568082332611084
78.0,13.0,13.0,0.09272885322570801
24.0,10.0,10.0,0.029523134231567383
60.0,15.0,15.0,0.06673455238342285
99.0,17.0,17.0,0.10710597038269043
23.0,11.0,11.0,0.02558135986328125
27.0,4.0,4.0,0.03397870063781738
69.0,22.0,22.0,0.08297443389892578
19.0,8.0,8.0,0.03022599220275879
87.0,18.0,18.0,0.09632205963134766
15.0,4.0,4.0,0.014776945114135742
67.0,12.0,12.0,0.07806634902954102
63.0,25.0,25.0,0.07395625114440918
88.0,17.0,17.0,0.11108064651489258
26.0,13.0,13.0,0.032868385314941406
17.0,5.0,5.0,0.03035116195678711
98.0,17.0,17.0,0.13073325157165527
17.0,6.0,6.0,0.015565633773803711
35.0,4.0,4.0,0.04078316688537598
23.0,7.0,7.0,0.028189659118652344
32.0,14.0,14.0,0.04019975662231445
37.0,10.0,10.0,0.0409998893737793
39.0,23.0,23.0,0.046152353286743164
25.0,10.0,10.0,0.02710580825805664
38.0,5.0,5.0,0.04378700256347656
38.0,12.0,12.0,0.05465555191040039
95.0,21.0,21.0,0.11614513397216797
80.0,14.0,14.0,0.1152496337890625
85.0,9.0,9.0,0.11556506156921387
27.0,10.0,10.0,0.029680252075195312
76.0,35.0,35.0,0.08617520332336426
123.0,24.0,24.0,0.12788724899291992
21.0,10.0,10.0,0.020135879516601562
55.0,14.0,14.0,0.0589756965637207
34.0,22.0,22.0,0.03985953330993652
31.0,11.0,11.0,0.03553581237792969
79.0,18.0,18.0,0.08463835716247559
16.0,2.0,2.0,0.022422075271606445
63.0,18.0,18.0,0.06984210014343262
102.0,40.0,40.0,0.11819219589233398
19.0,6.0,6.0,0.024149179458618164
37.0,8.0,8.0,0.038013458251953125
65.0,9.0,9.0,0.05660581588745117
86.0,15.0,15.0,0.08475017547607422
33.0,6.0,6.0,0.02978682518005371
15.0,2.0,2.0,0.011068582534790039
51.0,10.0,10.0,0.04266953468322754
19.0,6.0,6.0,0.009772062301635742
64.0,10.0,10.0,0.04650521278381348
29.0,5.0,5.0,0.03141903877258301
57.0,11.0,11.0,0.03863382339477539
18.0,7.0,7.0,0.009975671768188477
32.0,14.0,14.0,0.031725406646728516
69.0,10.0,10.0,0.0584254264831543
23.0,7.0,7.0,0.022028446197509766
59.0,12.0,12.0,0.053610801696777344
22.0,11.0,11.0,0.01789402961730957
30.0,14.0,14.0,0.024584054946899414
90.0,28.0,28.0,0.08487915992736816
33.0,11.0,11.0,0.030662059783935547
58.0,7.0,7.0,0.05068469047546387
84.0,20.0,20.0,0.0670175552368164
18.0,7.0,7.0,0.014416217803955078
22.0,6.0,6.0,0.01761317253112793
49.0,17.0,17.0,0.034363508224487305
61.0,16.0,16.0,0.041045427322387695
18.0,8.0,8.0,0.012592792510986328
23.0,11.0,11.0,0.015486478805541992
19.0,5.0,5.0,0.016719579696655273
68.0,15.0,15.0,0.062652587890625
27.0,6.0,6.0,0.023648977279663086
35.0,13.0,13.0,0.03321123123168945
45.0,14.0,14.0,0.039602041244506836
15.0,2.0,2.0,0.014079809188842773
17.0,6.0,6.0,0.020585060119628906
19.0,8.0,8.0,0.014366626739501953
32.0,9.0,9.0,0.02498793601989746
27.0,8.0,8.0,0.023945331573486328
16.0,5.0,5.0,0.0100555419921875
51.0,23.0,23.0,0.044112205505371094
171.0,30.0,30.0,0.12710952758789062
25.0,9.0,9.0,0.01933884620666504
31.0,12.0,12.0,0.031041622161865234
63.0,9.0,9.0,0.048653364181518555
29.0,6.0,6.0,0.023783206939697266
106.0,15.0,15.0,0.08113932609558105
28.0,5.0,5.0,0.019782543182373047
63.0,17.0,17.0,0.03714275360107422
16.0,5.0,5.0,0.007959127426147461
108.0,32.0,32.0,0.07578706741333008
54.0,13.0,13.0,0.034012556076049805
38.0,8.0,8.0,0.02486705780029297
107.0,22.0,22.0,0.07489681243896484
18.0,6.0,6.0,0.010212182998657227
62.0,11.0,11.0,0.03943061828613281
45.0,22.0,22.0,0.03327536582946777
98.0,20.0,20.0,0.06838464736938477
17.0,6.0,6.0,0.010815143585205078
16.0,4.0,4.0,0.008869647979736328
66.0,24.0,24.0,0.042439937591552734
36.0,9.0,9.0,0.01988983154296875
119.0,26.0,26.0,0.08176660537719727
49.0,4.0,4.0,0.03251314163208008
47.0,10.0,10.0,0.03651261329650879
47.0,20.0,20.0,0.039209842681884766
21.0,4.0,4.0,0.015331745147705078
29.0,11.0,11.0,0.02960944175720215
71.0,30.0,30.0,0.06275320053100586
24.0,10.0,10.0,0.018083810806274414
18.0,7.0,7.0,0.013334512710571289
26.0,5.0,5.0,0.023197174072265625
38.0,9.0,9.0,0.0345768928527832
25.0,12.0,12.0,0.019159793853759766
67.0,14.0,14.0,0.04984259605407715
154.0,17.0,17.0,0.10428977012634277
23.0,4.0,4.0,0.014465093612670898
66.0,14.0,14.0,0.04906344413757324
24.0,7.0,7.0,0.016175508499145508
54.0,17.0,17.0,0.030343294143676758
68.0,9.0,9.0,0.042166948318481445
24.0,2.0,2.0,0.01408839225769043
20.0,7.0,7.0,0.015266180038452148
197.0,38.0,38.0,0.1322329044342041
20.0,7.0,7.0,0.014771223068237305
17.0,6.0,6.0,0.009124040603637695
30.0,9.0,9.0,0.02073073387145996
55.0,12.0,12.0,0.03698253631591797
133.0,25.0,25.0,0.0940084457397461
27.0,6.0,6.0,0.011876821517944336
39.0,7.0,7.0,0.02237558364868164
26.0,12.0,12.0,0.025931119918823242
22.0,5.0,5.0,0.01685929298400879
40.0,12.0,12.0,0.030634403228759766
24.0,7.0,7.0,0.018467187881469727
27.0,14.0,14.0,0.024041175842285156
25.0,7.0,7.0,0.023396730422973633
89.0,19.0,19.0,0.0638737678527832
159.0,30.0,30.0,0.10227656364440918
40.0,17.0,17.0,0.020025253295898438
70.0,12.0,12.0,0.049070119857788086
28.0,8.0,8.0,0.01754450798034668
23.0,10.0,10.0,0.015021800994873047
44.0,14.0,14.0,0.026720523834228516
21.0,8.0,8.0,0.017281770706176758
23.0,4.0,4.0,0.01748514175415039
25.0,12.0,12.0,0.02086615562438965
20.0,7.0,7.0,0.01997852325439453
64.0,16.0,16.0,0.0460052490234375
29.0,7.0,7.0,0.017281532287597656
48.0,10.0,10.0,0.03175091743469238
23.0,6.0,6.0,0.013006448745727539
38.0,13.0,13.0,0.029947757720947266
54.0,27.0,27.0,0.0311586856842041
17.0,6.0,6.0,0.011133432388305664
25.0,7.0,7.0,0.019438982009887695
24.0,5.0,5.0,0.017453908920288086
38.0,16.0,16.0,0.024074077606201172
137.0,32.0,32.0,0.09855246543884277
34.0,9.0,9.0,0.02138805389404297
61.0,14.0,14.0,0.036353349685668945
135.0,29.0,29.0,0.09997844696044922
26.0,8.0,8.0,0.016310453414916992
23.0,11.0,11.0,0.014554977416992188
26.0,4.0,4.0,0.017814159393310547
105.0,22.0,22.0,0.07987165451049805
40.0,11.0,11.0,0.030223846435546875
29.0,8.0,8.0,0.027123451232910156
26.0,11.0,11.0,0.01849675178527832
35.0,20.0,20.0,0.030286312103271484
33.0,6.0,6.0,0.018667936325073242
40.0,11.0,11.0,0.028671741485595703
25.0,8.0,8.0,0.01712203025817871
67.0,17.0,17.0,0.05048179626464844
16.0,6.0,6.0,0.010800838470458984
26.0,15.0,15.0,0.0188601016998291
45.0,13.0,13.0,0.03340029716491699
45.0,10.0,10.0,0.027367115020751953
52.0,12.0,12.0,0.033414602279663086
46.0,6.0,6.0,0.03414320945739746
87.0,19.0,19.0,0.05826449394226074
104.0,29.0,29.0,0.0769491195678711
24.0,3.0,3.0,0.015208959579467773
23.0,10.0,10.0,0.014711141586303711
25.0,9.0,9.0,0.018136978149414062
63.0,17.0,17.0,0.04408073425292969
15.0,3.0,3.0,0.009143590927124023
21.0,6.0,6.0,0.011992692947387695
40.0,8.0,8.0,0.025589942932128906
73.0,41.0,41.0,0.04634356498718262
43.0,11.0,11.0,0.03165125846862793
39.0,11.0,11.0,0.028571128845214844
32.0,16.0,16.0,0.02013373374938965
29.0,12.0,12.0,0.020819664001464844
33.0,6.0,6.0,0.019959688186645508
74.0,19.0,19.0,0.05282258987426758
131.0,18.0,18.0,0.10999441146850586
32.0,4.0,4.0,0.025191068649291992
34.0,16.0,16.0,0.026253700256347656
40.0,12.0,12.0,0.035124778747558594
29.0,8.0,8.0,0.021601200103759766
23.0,7.0,7.0,0.01642751693725586
66.0,15.0,15.0,0.0424199104309082
67.0,9.0,9.0,0.043422698974609375
42.0,6.0,6.0,0.029227733612060547
24.0,11.0,11.0,0.015747547149658203
39.0,15.0,15.0,0.028476476669311523
28.0,13.0,13.0,0.014686107635498047
58.0,15.0,15.0,0.045282602310180664
28.0,10.0,10.0,0.02447652816772461
37.0,10.0,10.0,0.029916763305664062
20.0,6.0,6.0,0.011640548706054688
44.0,9.0,9.0,0.03326249122619629
26.0,7.0,7.0,0.01909923553466797
18.0,5.0,5.0,0.010554313659667969
29.0,6.0,6.0,0.024496793746948242
89.0,10.0,10.0,0.05852508544921875
28.0,17.0,17.0,0.013355016708374023
36.0,16.0,16.0,0.025107860565185547
22.0,10.0,10.0,0.014953851699829102
85.0,13.0,13.0,0.0575413703918457
38.0,18.0,18.0,0.025704145431518555
24.0,12.0,12.0,0.016446828842163086
71.0,17.0,17.0,0.04631996154785156
19.0,7.0,7.0,0.012042045593261719
43.0,9.0,9.0,0.024714231491088867
14.0,2.0,2.0,0.011829853057861328
36.0,10.0,10.0,0.03288912773132324
35.0,8.0,8.0,0.030597686767578125
58.0,8.0,8.0,0.04903078079223633
129.0,23.0,23.0,0.08884763717651367
34.0,15.0,15.0,0.019736528396606445
26.0,6.0,6.0,0.01867389678955078
38.0,13.0,13.0,0.020833492279052734
38.0,10.0,10.0,0.021160602569580078
58.0,13.0,13.0,0.04821157455444336
61.0,25.0,25.0,0.04576992988586426
28.0,10.0,10.0,0.026577234268188477
30.0,8.0,8.0,0.0228729248046875
58.0,13.0,13.0,0.0405886173248291
53.0,14.0,14.0,0.02972245216369629
73.0,23.0,23.0,0.03770875930786133
43.0,12.0,12.0,0.0316929817199707
35.0,14.0,14.0,0.019619226455688477
41.0,11.0,11.0,0.020275354385375977
31.0,5.0,5.0,0.026480674743652344
60.0,12.0,12.0,0.036529541015625
34.0,8.0,8.0,0.02341461181640625
40.0,6.0,6.0,0.023802995681762695
42.0,7.0,7.0,0.023064613342285156
18.0,7.0,7.0,0.015614509582519531
38.0,11.0,11.0,0.022058725357055664
90.0,15.0,15.0,0.06759214401245117
36.0,13.0,13.0,0.027490615844726562
21.0,5.0,5.0,0.015049457550048828
41.0,13.0,13.0,0.02447223663330078
39.0,13.0,13.0,0.041573286056518555
22.0,5.0,5.0,0.029160261154174805
22.0,8.0,8.0,0.021272659301757812
26.0,10.0,10.0,0.024302959442138672
65.0,21.0,21.0,0.058873653411865234
76.0,15.0,15.0,0.06704998016357422
23.0,6.0,6.0,0.016817808151245117
39.0,7.0,7.0,0.025939464569091797
52.0,24.0,24.0,0.041731834411621094
36.0,11.0,11.0,0.02875971794128418
42.0,10.0,10.0,0.0350344181060791
72.0,10.0,10.0,0.047174930572509766
128.0,22.0,22.0,0.08054256439208984
30.0,18.0,18.0,0.018624067306518555
169.0,29.0,29.0,0.0919651985168457
84.0,25.0,25.0,0.05294227600097656
69.0,20.0,20.0,0.042591094970703125
99.0,28.0,28.0,0.05571889877319336
32.0,14.0,14.0,0.023557662963867188
95.0,11.0,11.0,0.06609821319580078
25.0,9.0,9.0,0.017953872680664062
21.0,6.0,6.0,0.01514887809753418
29.0,15.0,15.0,0.01788020133972168
28.0,7.0,7.0,0.01847553253173828
16.0,5.0,5.0,0.011124134063720703
32.0,11.0,11.0,0.019786357879638672
68.0,29.0,29.0,0.043797969818115234
66.0,13.0,13.0,0.0420832633972168
30.0,10.0,10.0,0.017961978912353516
39.0,19.0,19.0,0.026250839233398438
45.0,11.0,11.0,0.030694007873535156
15.0,4.0,4.0,0.010271310806274414
56.0,10.0,10.0,0.031000614166259766
41.0,14.0,14.0,0.03133964538574219
25.0,12.0,12.0,0.019289016723632812
17.0,4.0,4.0,0.013929367065429688
51.0,5.0,5.0,0.04854297637939453
16.0,3.0,3.0,0.010289430618286133
134.0,20.0,20.0,0.08632731437683105
38.0,4.0,4.0,0.02412867546081543
55.0,8.0,8.0,0.03332328796386719
29.0,5.0,5.0,0.01643848419189453
62.0,8.0,8.0,0.041368961334228516
100.0,31.0,31.0,0.048465728759765625
207.0,37.0,37.0,0.14468765258789062
62.0,11.0,11.0,0.03776431083679199
143.0,34.0,34.0,0.0752706527709961
95.0,19.0,19.0,0.05462241172790527
54.0,14.0,14.0,0.029699325561523438
78.0,13.0,13.0,0.04806995391845703
108.0,22.0,22.0,0.10895252227783203
34.0,11.0,11.0,0.01385498046875
30.0,17.0,17.0,0.016033411026000977
65.0,17.0,17.0,0.030673742294311523
78.0,10.0,10.0,0.04163193702697754
73.0,25.0,25.0,0.04517078399658203
59.0,10.0,10.0,0.028129100799560547
24.0,5.0,5.0,0.015072345733642578
79.0,13.0,13.0,0.04246950149536133
25.0,9.0,9.0,0.012283563613891602
73.0,18.0,18.0,0.03645014762878418
14.0,3.0,3.0,0.008614778518676758
148.0,15.0,15.0,0.07722735404968262
51.0,12.0,12.0,0.03193330764770508
34.0,12.0,12.0,0.024695396423339844
37.0,9.0,9.0,0.02829265594482422
17.0,3.0,3.0,0.009917736053466797
29.0,8.0,8.0,0.024415969848632812
19.0,8.0,8.0,0.014012575149536133
98.0,22.0,22.0,0.0808725357055664
19.0,6.0,6.0,0.012894630432128906
38.0,13.0,13.0,0.023219585418701172
30.0,13.0,13.0,0.017889022827148438
38.0,11.0,11.0,0.019327163696289062
38.0,13.0,13.0,0.023913145065307617
53.0,8.0,8.0,0.025386571884155273
52.0,16.0,16.0,0.03347444534301758
78.0,20.0,20.0,0.04150891304016113
22.0,4.0,4.0,0.012014627456665039
31.0,16.0,16.0,0.016015291213989258
131.0,25.0,25.0,0.07918834686279297
56.0,14.0,14.0,0.03319430351257324
65.0,24.0,24.0,0.04121899604797363
42.0,16.0,16.0,0.02521204948425293
30.0,13.0,13.0,0.01492452621459961
99.0,20.0,20.0,0.055176496505737305
76.0,34.0,34.0,0.05346274375915527
34.0,13.0,13.0,0.020656108856201172
63.0,6.0,6.0,0.034642934799194336
53.0,12.0,12.0,0.030835628509521484
97.0,27.0,27.0,0.05031609535217285
23.0,11.0,11.0,0.01623392105102539
34.0,7.0,7.0,0.02199840545654297
29.0,6.0,6.0,0.012513399124145508
101.0,27.0,27.0,0.049121856689453125
43.0,14.0,14.0,0.03076910972595215
33.0,14.0,14.0,0.016373634338378906
40.0,13.0,13.0,0.02074289321899414
30.0,14.0,14.0,0.020216941833496094
40.0,10.0,10.0,0.02275538444519043
44.0,12.0,12.0,0.023076534271240234
49.0,13.0,13.0,0.023891687393188477
50.0,14.0,14.0,0.026171207427978516
23.0,10.0,10.0,0.012659072875976562
16.0,5.0,5.0,0.009582281112670898
16.0,4.0,4.0,0.008092641830444336
21.0,9.0,9.0,0.011225461959838867
93.0,15.0,15.0,0.05380415916442871
49.0,11.0,11.0,0.02616119384765625
19.0,7.0,7.0,0.010497570037841797
77.0,19.0,19.0,0.042925357818603516
24.0,11.0,11.0,0.012917757034301758
106.0,17.0,17.0,0.07130908966064453
45.0,9.0,9.0,0.03179740905761719
119.0,19.0,19.0,0.08139252662658691
45.0,13.0,13.0,0.03389620780944824
23.0,5.0,5.0,0.020394563674926758
57.0,18.0,18.0,0.04091143608093262
37.0,16.0,16.0,0.0323789119720459
49.0,20.0,20.0,0.032962799072265625
57.0,10.0,10.0,0.03473806381225586
16.0,6.0,6.0,0.009649991989135742
24.0,7.0,7.0,0.012524604797363281
38.0,10.0,10.0,0.023177146911621094
37.0,14.0,14.0,0.027385711669921875
23.0,8.0,8.0,0.019651174545288086
30.0,8.0,8.0,0.018672943115234375
53.0,12.0,12.0,0.041558027267456055
34.0,5.0,5.0,0.026503324508666992
14.0,3.0,3.0,0.008547067642211914
35.0,17.0,17.0,0.020275115966796875
16.0,2.0,2.0,0.011755943298339844
19.0,3.0,3.0,0.014493227005004883
45.0,8.0,8.0,0.038388729095458984
55.0,15.0,15.0,0.03495144844055176
56.0,16.0,16.0,0.04173707962036133
15.0,3.0,3.0,0.010923147201538086
70.0,14.0,14.0,0.04709482192993164
79.0,16.0,16.0,0.05662846565246582
21.0,3.0,3.0,0.015895366668701172
31.0,12.0,12.0,0.026520729064941406
30.0,9.0,9.0,0.023972511291503906
43.0,21.0,21.0,0.031159162521362305
15.0,4.0,4.0,0.012184381484985352
54.0,12.0,12.0,0.03869271278381348
30.0,6.0,6.0,0.017782926559448242
92.0,13.0,13.0,0.06150054931640625
29.0,17.0,17.0,0.020102262496948242
21.0,8.0,8.0,0.011999845504760742
22.0,8.0,8.0,0.010997295379638672
82.0,6.0,6.0,0.05643725395202637
59.0,12.0,12.0,0.04090094566345215
42.0,9.0,9.0,0.03502035140991211
23.0,6.0,6.0,0.01547098159790039
42.0,4.0,4.0,0.023379087448120117
61.0,25.0,25.0,0.036554574966430664
133.0,20.0,20.0,0.10803103446960449
22.0,6.0,6.0,0.02009868621826172
25.0,6.0,6.0,0.0213925838470459
30.0,9.0,9.0,0.024197101593017578
32.0,16.0,16.0,0.021419048309326172
101.0,20.0,20.0,0.06874990463256836
99.0,25.0,25.0,0.06843447685241699
22.0,12.0,12.0,0.012616395950317383
20.0,9.0,9.0,0.014360666275024414
35.0,3.0,3.0,0.023219823837280273
61.0,17.0,17.0,0.04091024398803711
25.0,7.0,7.0,0.020204544067382812
117.0,13.0,13.0,0.09131622314453125
24.0,13.0,13.0,0.024701356887817383
39.0,10.0,10.0,0.029445886611938477
51.0,15.0,15.0,0.0323789119720459
24.0,10.0,10.0,0.014401674270629883
16.0,5.0,5.0,0.009559392929077148
23.0,7.0,7.0,0.016042232513427734
28.0,6.0,6.0,0.015906095504760742
50.0,13.0,13.0,0.02549576759338379
57.0,12.0,12.0,0.03735828399658203
37.0,3.0,3.0,0.01915907859802246
20.0,2.0,2.0,0.01623368263244629
28.0,11.0,11.0,0.01754021644592285
23.0,5.0,5.0,0.014139413833618164
51.0,14.0,14.0,0.02858877182006836
131.0,26.0,26.0,0.07692861557006836
49.0,8.0,8.0,0.03092193603515625
19.0,7.0,7.0,0.010529041290283203
15.0,2.0,2.0,0.009534835815429688
50.0,18.0,18.0,0.030228853225708008
73.0,15.0,15.0,0.041048526763916016
32.0,7.0,7.0,0.02229619026184082
32.0,6.0,6.0,0.02048516273498535
25.0,10.0,10.0,0.018682241439819336
49.0,11.0,11.0,0.06100344657897949
31.0,14.0,14.0,0.029062986373901367
22.0,6.0,6.0,0.019553184509277344
157.0,39.0,39.0,0.1237943172454834
33.0,7.0,7.0,0.020967483520507812
25.0,4.0,4.0,0.021610021591186523
20.0,8.0,8.0,0.013137340545654297
34.0,2.0,2.0,0.020061492919921875
19.0,7.0,7.0,0.010707378387451172
163.0,34.0,34.0,0.12295293807983398
31.0,8.0,8.0,0.023182392120361328
117.0,22.0,22.0,0.08267807960510254
20.0,5.0,5.0,0.017048358917236328
28.0,4.0,4.0,0.021548032760620117
82.0,28.0,28.0,0.048477888107299805
18.0,5.0,5.0,0.010213375091552734
83.0,19.0,19.0,0.04913496971130371
67.0,19.0,19.0,0.04338526725769043
67.0,9.0,9.0,0.04172873497009277
67.0,14.0,14.0,0.04712510108947754
57.0,17.0,17.0,0.041669607162475586
35.0,7.0,7.0,0.021581649780273438
38.0,6.0,6.0,0.02141714096069336
71.0,27.0,27.0,0.04759860038757324
22.0,6.0,6.0,0.019093036651611328
36.0,11.0,11.0,0.02190113067626953
32.0,10.0,10.0,0.020777463912963867
23.0,5.0,5.0,0.017642974853515625
58.0,25.0,25.0,0.035514116287231445
134.0,33.0,33.0,0.08176088333129883
65.0,20.0,20.0,0.040316104888916016
116.0,19.0,19.0,0.06640839576721191
64.0,27.0,27.0,0.039693355560302734
23.0,5.0,5.0,0.0142364501953125
44.0,12.0,12.0,0.027048349380493164
80.0,15.0,15.0,0.041298627853393555
27.0,7.0,7.0,0.02064371109008789
31.0,11.0,11.0,0.01809096336364746
54.0,21.0,21.0,0.02881312370300293
96.0,23.0,23.0,0.04794192314147949
108.0,21.0,21.0,0.060256004333496094
50.0,17.0,17.0,0.030663490295410156
44.0,23.0,23.0,0.03828072547912598
40.0,17.0,17.0,0.025551319122314453
15.0,4.0,4.0,0.009057760238647461
81.0,17.0,17.0,0.04265880584716797
112.0,22.0,22.0,0.07004117965698242
107.0,22.0,22.0,0.05851149559020996
101.0,9.0,9.0,0.059679269790649414
19.0,5.0,5.0,0.011050939559936523
74.0,14.0,14.0,0.04667329788208008
134.0,20.0,20.0,0.08891534805297852
55.0,11.0,11.0,0.030058860778808594
48.0,9.0,9.0,0.02461528778076172
114.0,22.0,22.0,0.06614494323730469
36.0,8.0,8.0,0.023234128952026367
35.0,7.0,7.0,0.022017955780029297
18.0,7.0,7.0,0.01171875
49.0,14.0,14.0,0.02731633186340332
37.0,9.0,9.0,0.0223236083984375
17.0,6.0,6.0,0.009861469268798828
29.0,10.0,10.0,0.024340152740478516
30.0,9.0,9.0,0.018501996994018555
204.0,29.0,29.0,0.11920952796936035
28.0,10.0,10.0,0.020906686782836914
23.0,8.0,8.0,0.01827383041381836
29.0,10.0,10.0,0.026474475860595703
48.0,8.0,8.0,0.036286354064941406
55.0,20.0,20.0,0.03600931167602539
58.0,11.0,11.0,0.03443193435668945
67.0,10.0,10.0,0.048829078674316406
18.0,7.0,7.0,0.013772726058959961
30.0,10.0,10.0,0.01929306983947754
65.0,9.0,9.0,0.04858112335205078
24.0,11.0,11.0,0.013493537902832031
59.0,22.0,22.0,0.03809499740600586
31.0,12.0,12.0,0.02093791961669922
82.0,9.0,9.0,0.048552513122558594
17.0,5.0,5.0,0.007880210876464844
53.0,18.0,18.0,0.032978057861328125
22.0,10.0,10.0,0.01090240478515625
18.0,5.0,5.0,0.012889623641967773
21.0,8.0,8.0,0.010574817657470703
76.0,17.0,17.0,0.046425580978393555
42.0,15.0,15.0,0.025335073471069336
44.0,15.0,15.0,0.029744386672973633
89.0,22.0,22.0,0.06302428245544434
35.0,7.0,7.0,0.022840023040771484
19.0,3.0,3.0,0.008945226669311523
38.0,12.0,12.0,0.02318429946899414
27.0,6.0,6.0,0.015715599060058594
66.0,17.0,17.0,0.039037466049194336
19.0,6.0,6.0,0.009627819061279297
62.0,21.0,21.0,0.04099273681640625
32.0,7.0,7.0,0.018780231475830078
63.0,13.0,13.0,0.03880739212036133
135.0,30.0,30.0,0.0864403247833252
85.0,20.0,20.0,0.048876047134399414
35.0,8.0,8.0,0.020180225372314453
29.0,8.0,8.0,0.017439842224121094
29.0,13.0,13.0,0.015245676040649414
44.0,7.0,7.0,0.02482914924621582
19.0,7.0,7.0,0.010428905487060547
17.0,6.0,6.0,0.008527994155883789
16.0,2.0,2.0,0.008161067962646484
32.0,16.0,16.0,0.01771998405456543
52.0,13.0,13.0,0.025104284286499023
67.0,12.0,12.0,0.031859636306762695
27.0,5.0,5.0,0.014695167541503906
29.0,10.0,10.0,0.02004694938659668
33.0,10.0,10.0,0.01983785629272461
83.0,15.0,15.0,0.046201467514038086
15.0,3.0,3.0,0.008490324020385742
51.0,12.0,12.0,0.028094053268432617
69.0,21.0,21.0,0.052756547927856445
20.0,1.0,1.0,0.018674373626708984
65.0,16.0,16.0,0.044924259185791016
27.0,14.0,14.0,0.023757219314575195
51.0,20.0,20.0,0.03273653984069824
30.0,3.0,3.0,0.01698780059814453
119.0,16.0,16.0,0.08543944358825684
18.0,8.0,8.0,0.015010833740234375
39.0,11.0,11.0,0.027613162994384766
17.0,6.0,6.0,0.00915217399597168
30.0,9.0,9.0,0.016901016235351562
37.0,13.0,13.0,0.01871967315673828
173.0,39.0,39.0,0.10718727111816406
22.0,9.0,9.0,0.012767314910888672
43.0,23.0,23.0,0.03142428398132324
21.0,6.0,6.0,0.014280557632446289
37.0,11.0,11.0,0.02349996566772461
24.0,5.0,5.0,0.010763406753540039
32.0,8.0,8.0,0.021353483200073242
28.0,11.0,11.0,0.019643306732177734
23.0,5.0,5.0,0.016917943954467773
40.0,6.0,6.0,0.024813413619995117
35.0,13.0,13.0,0.02605915069580078
31.0,13.0,13.0,0.013978958129882812
40.0,7.0,7.0,0.024519681930541992
78.0,18.0,18.0,0.0527491569519043
19.0,6.0,6.0,0.012176275253295898
25.0,12.0,12.0,0.021146059036254883
47.0,18.0,18.0,0.03163480758666992
29.0,9.0,9.0,0.016255855560302734
106.0,30.0,30.0,0.07646918296813965
72.0,10.0,10.0,0.061614036560058594
58.0,21.0,21.0,0.03319191932678223
66.0,10.0,10.0,0.05870246887207031
42.0,8.0,8.0,0.02964186668395996
24.0,8.0,8.0,0.015540361404418945
20.0,3.0,3.0,0.009407281875610352
75.0,11.0,11.0,0.04407811164855957
22.0,6.0,6.0,0.011169672012329102
29.0,17.0,17.0,0.0209808349609375
51.0,18.0,18.0,0.03283047676086426
32.0,12.0,12.0,0.023280620574951172
66.0,18.0,18.0,0.04251503944396973
52.0,12.0,12.0,0.031839609146118164
53.0,11.0,11.0,0.042221784591674805
118.0,48.0,48.0,0.08986735343933105
27.0,7.0,7.0,0.0218660831451416
34.0,6.0,6.0,0.02275991439819336
18.0,8.0,8.0,0.013703346252441406
49.0,9.0,9.0,0.03657078742980957
165.0,36.0,36.0,0.11909699440002441
126.0,27.0,27.0,0.07196807861328125
66.0,25.0,25.0,0.0401308536529541
44.0,22.0,22.0,0.03638768196105957
12.0,1.0,1.0,0.010628700256347656
14.0,2.0,2.0,0.012399673461914062
30.0,18.0,18.0,0.02334737777709961
29.0,12.0,12.0,0.018590927124023438
17.0,5.0,5.0,0.015192508697509766
41.0,18.0,18.0,0.027520418167114258
32.0,8.0,8.0,0.01928424835205078
42.0,7.0,7.0,0.022600173950195312
50.0,10.0,10.0,0.029242992401123047
27.0,9.0,9.0,0.013632535934448242
57.0,15.0,15.0,0.03679347038269043
157.0,20.0,20.0,0.11896586418151855
27.0,11.0,11.0,0.0179440975189209
51.0,9.0,9.0,0.03066730499267578
70.0,19.0,19.0,0.04857063293457031
126.0,28.0,28.0,0.09372615814208984
33.0,8.0,8.0,0.02626776695251465
27.0,8.0,8.0,0.01728653907775879
20.0,4.0,4.0,0.01645803451538086
58.0,12.0,12.0,0.036284446716308594
33.0,9.0,9.0,0.017549514770507812
30.0,4.0,4.0,0.02290821075439453
39.0,3.0,3.0,0.023653030395507812
27.0,6.0,6.0,0.02681112289428711
22.0,5.0,5.0,0.015755176544189453
20.0,6.0,6.0,0.016036272048950195
61.0,21.0,21.0,0.03893923759460449
22.0,5.0,5.0,0.010530471801757812
71.0,15.0,15.0,0.048407793045043945
31.0,12.0,12.0,0.021958351135253906
32.0,18.0,18.0,0.022005081176757812
146.0,20.0,20.0,0.09122395515441895
23.0,8.0,8.0,0.016051769256591797
69.0,19.0,19.0,0.0530853271484375
67.0,9.0,9.0,0.053168296813964844
20.0,7.0,7.0,0.013381004333496094
53.0,14.0,14.0,0.040456295013427734
71.0,13.0,13.0,0.05924224853515625
86.0,18.0,18.0,0.057383060455322266
26.0,8.0,8.0,0.020585298538208008
15.0,4.0,4.0,0.01016545295715332
38.0,14.0,14.0,0.026407480239868164
20.0,5.0,5.0,0.016237258911132812
71.0,22.0,22.0,0.05759763717651367
78.0,33.0,33.0,0.060482025146484375
65.0,15.0,15.0,0.04660773277282715
52.0,17.0,17.0,0.028891801834106445
26.0,10.0,10.0,0.019199132919311523
22.0,8.0,8.0,0.019407987594604492
23.0,3.0,3.0,0.011036157608032227
25.0,6.0,6.0,0.018237829208374023
90.0,22.0,22.0,0.06209850311279297
93.0,20.0,20.0,0.06884908676147461
27.0,7.0,7.0,0.019388437271118164
49.0,8.0,8.0,0.03222846984863281
67.0,13.0,13.0,0.0428776741027832
54.0,12.0,12.0,0.03545975685119629
22.0,6.0,6.0,0.01513528823852539
15.0,3.0,3.0,0.012956619262695312
58.0,8.0,8.0,0.039077043533325195
20.0,5.0,5.0,0.019466876983642578
26.0,12.0,12.0,0.016403675079345703
54.0,14.0,14.0,0.037079572677612305
28.0,6.0,6.0,0.01574110984802246
98.0,21.0,21.0,0.0639958381652832
40.0,7.0,7.0,0.031662702560424805
15.0,4.0,4.0,0.00853872299194336
142.0,35.0,35.0,0.09223580360412598
42.0,6.0,6.0,0.02817678451538086
39.0,17.0,17.0,0.03340721130371094
22.0,10.0,10.0,0.016425609588623047
33.0,4.0,4.0,0.021795272827148438
46.0,12.0,12.0,0.03426647186279297
61.0,17.0,17.0,0.04320859909057617
73.0,16.0,16.0,0.046068429946899414
41.0,12.0,12.0,0.026938676834106445
69.0,18.0,18.0,0.03821611404418945
19.0,5.0,5.0,0.010017871856689453
24.0,12.0,12.0,0.01674962043762207
19.0,4.0,4.0,0.009521722793579102
53.0,15.0,15.0,0.032985687255859375
24.0,9.0,9.0,0.013079404830932617
21.0,6.0,6.0,0.013225317001342773
23.0,4.0,4.0,0.012048482894897461
28.0,3.0,3.0,0.016535282135009766
108.0,22.0,22.0,0.07029461860656738
67.0,6.0,6.0,0.03817248344421387
15.0,2.0,2.0,0.00599980354309082
49.0,15.0,15.0,0.030374526977539062
15.0,3.0,3.0,0.006548643112182617
17.0,5.0,5.0,0.011629104614257812
21.0,4.0,4.0,0.012256145477294922
17.0,5.0,5.0,0.014203071594238281
16.0,4.0,4.0,0.009352684020996094
118.0,26.0,26.0,0.06743860244750977
65.0,18.0,18.0,0.039060354232788086
22.0,7.0,7.0,0.014945507049560547
26.0,8.0,8.0,0.01978302001953125
28.0,9.0,9.0,0.023914813995361328
35.0,11.0,11.0,0.025321483612060547
77.0,21.0,21.0,0.06539201736450195
77.0,20.0,20.0,0.06375002861022949
21.0,7.0,7.0,0.017976045608520508
59.0,10.0,10.0,0.06087517738342285
47.0,9.0,9.0,0.031627655029296875
17.0,6.0,6.0,0.013835906982421875
28.0,10.0,10.0,0.02931952476501465
22.0,5.0,5.0,0.018436431884765625
22.0,5.0,5.0,0.012574434280395508
88.0,14.0,14.0,0.06509613990783691
40.0,18.0,18.0,0.023151397705078125
22.0,7.0,7.0,0.016515731811523438
57.0,15.0,15.0,0.04239606857299805
178.0,35.0,35.0,0.1106874942779541
28.0,10.0,10.0,0.014848947525024414
47.0,20.0,20.0,0.023328065872192383
40.0,17.0,17.0,0.027889013290405273
45.0,9.0,9.0,0.03189730644226074
58.0,21.0,21.0,0.0338444709777832
22.0,8.0,8.0,0.01820850372314453
48.0,13.0,13.0,0.02935647964477539
91.0,23.0,23.0,0.0548403263092041
22.0,12.0,12.0,0.01769113540649414
37.0,11.0,11.0,0.021090269088745117
23.0,7.0,7.0,0.01648712158203125
46.0,13.0,13.0,0.027806520462036133
19.0,8.0,8.0,0.018649578094482422
25.0,11.0,11.0,0.017362117767333984
40.0,12.0,12.0,0.025780677795410156
97.0,23.0,23.0,0.0660257339477539
27.0,10.0,10.0,0.020862102508544922
53.0,13.0,13.0,0.03260517120361328
30.0,14.0,14.0,0.022161006927490234
37.0,7.0,7.0,0.025455951690673828
16.0,4.0,4.0,0.010369539260864258
19.0,6.0,6.0,0.010864496231079102
45.0,6.0,6.0,0.03942704200744629
56.0,14.0,14.0,0.037961721420288086
17.0,3.0,3.0,0.014150142669677734
58.0,19.0,19.0,0.038922786712646484
77.0,19.0,19.0,0.04369640350341797
37.0,9.0,9.0,0.021352052688598633
23.0,11.0,11.0,0.016233444213867188
29.0,13.0,13.0,0.018557071685791016
33.0,5.0,5.0,0.025776386260986328
41.0,12.0,12.0,0.03336215019226074
36.0,11.0,11.0,0.024214982986450195
96.0,37.0,37.0,0.05622291564941406
74.0,14.0,14.0,0.041558265686035156
16.0,4.0,4.0,0.007529735565185547
44.0,8.0,8.0,0.02575969696044922
15.0,4.0,4.0,0.010563373565673828
40.0,15.0,15.0,0.01774454116821289
35.0,16.0,16.0,0.02264881134033203
44.0,12.0,12.0,0.021355390548706055
88.0,32.0,32.0,0.04677104949951172
45.0,12.0,12.0,0.026633262634277344
65.0,19.0,19.0,0.04287528991699219
51.0,23.0,23.0,0.03420686721801758
28.0,5.0,5.0,0.015197277069091797
48.0,7.0,7.0,0.025331974029541016
16.0,4.0,4.0,0.009251117706298828
36.0,10.0,10.0,0.017717361450195312
27.0,4.0,4.0,0.01536870002746582
44.0,13.0,13.0,0.022756338119506836
137.0,33.0,33.0,0.07796812057495117
58.0,19.0,19.0,0.03949761390686035
49.0,14.0,14.0,0.029965877532958984
87.0,23.0,23.0,0.05058550834655762
21.0,7.0,7.0,0.01908731460571289
41.0,12.0,12.0,0.02872633934020996
16.0,3.0,3.0,0.008243560791015625
31.0,6.0,6.0,0.02185988426208496
26.0,8.0,8.0,0.016072988510131836
29.0,7.0,7.0,0.015491962432861328
41.0,16.0,16.0,0.026365041732788086
19.0,7.0,7.0,0.009299755096435547
39.0,16.0,16.0,0.024501800537109375
31.0,13.0,13.0,0.01866936683654785
28.0,14.0,14.0,0.017998933792114258
39.0,16.0,16.0,0.032586097717285156
46.0,16.0,16.0,0.025359630584716797
20.0,6.0,6.0,0.012739181518554688
44.0,10.0,10.0,0.02277517318725586
18.0,3.0,3.0,0.01053166389465332
95.0,23.0,23.0,0.05788159370422363
32.0,10.0,10.0,0.02136516571044922
16.0,4.0,4.0,0.010305643081665039
24.0,9.0,9.0,0.014046669006347656
23.0,11.0,11.0,0.013384342193603516
53.0,16.0,16.0,0.030025243759155273
95.0,20.0,20.0,0.0565028190612793
46.0,6.0,6.0,0.02804732322692871
24.0,8.0,8.0,0.015037298202514648
47.0,10.0,10.0,0.03273940086364746
35.0,11.0,11.0,0.021930456161499023
19.0,6.0,6.0,0.011822938919067383
31.0,6.0,6.0,0.01653575897216797
89.0,24.0,24.0,0.050914764404296875
40.0,12.0,12.0,0.023595809936523438
34.0,15.0,15.0,0.02571845054626465
35.0,3.0,3.0,0.024794578552246094
20.0,5.0,5.0,0.011553049087524414
80.0,27.0,27.0,0.04795503616333008
52.0,8.0,8.0,0.030162811279296875
19.0,7.0,7.0,0.0101776123046875
50.0,27.0,27.0,0.028998136520385742
85.0,16.0,16.0,0.050813913345336914
16.0,3.0,3.0,0.010214090347290039
28.0,12.0,12.0,0.018158674240112305
20.0,6.0,6.0,0.008893489837646484
24.0,5.0,5.0,0.016605138778686523
37.0,13.0,13.0,0.021214962005615234
54.0,10.0,10.0,0.031813859939575195
81.0,13.0,13.0,0.05488705635070801
25.0,8.0,8.0,0.02124500274658203
18.0,6.0,6.0,0.013141155242919922
63.0,15.0,15.0,0.04409623146057129
91.0,25.0,25.0,0.05679464340209961
19.0,6.0,6.0,0.011022329330444336
35.0,19.0,19.0,0.02267622947692871
16.0,5.0,5.0,0.00842738151550293
62.0,13.0,13.0,0.037764787673950195
22.0,7.0,7.0,0.016518831253051758
74.0,10.0,10.0,0.047742366790771484
21.0,9.0,9.0,0.011960029602050781
48.0,6.0,6.0,0.029170989990234375
31.0,11.0,11.0,0.022237300872802734
28.0,11.0,11.0,0.013936758041381836
20.0,7.0,7.0,0.014030694961547852
64.0,20.0,20.0,0.031019926071166992
127.0,29.0,29.0,0.07483196258544922
40.0,21.0,21.0,0.025589704513549805
40.0,15.0,15.0,0.03326916694641113
73.0,13.0,13.0,0.042597055435180664
49.0,17.0,17.0,0.029239177703857422
20.0,6.0,6.0,0.008870840072631836
58.0,13.0,13.0,0.033078908920288086
19.0,8.0,8.0,0.009087562561035156
20.0,9.0,9.0,0.011640787124633789
40.0,8.0,8.0,0.019715309143066406
111.0,30.0,30.0,0.05819201469421387
45.0,13.0,13.0,0.024346113204956055
18.0,4.0,4.0,0.007695913314819336
53.0,10.0,10.0,0.025099754333496094
18.0,6.0,6.0,0.012016057968139648
62.0,14.0,14.0,0.03378105163574219
24.0,6.0,6.0,0.01923847198486328
47.0,7.0,7.0,0.025810718536376953
30.0,11.0,11.0,0.013280391693115234
25.0,12.0,12.0,0.011529922485351562
59.0,16.0,16.0,0.037409305572509766
28.0,5.0,5.0,0.02394413948059082
46.0,17.0,17.0,0.028588056564331055
40.0,12.0,12.0,0.02742910385131836
43.0,7.0,7.0,0.03393292427062988
25.0,6.0,6.0,0.015085935592651367
57.0,8.0,8.0,0.036812782287597656
79.0,15.0,15.0,0.05846524238586426
28.0,5.0,5.0,0.022333383560180664
60.0,19.0,19.0,0.04129195213317871
31.0,12.0,12.0,0.0198819637298584
55.0,12.0,12.0,0.02889227867126465
24.0,8.0,8.0,0.01336359977722168
112.0,30.0,30.0,0.061311960220336914
34.0,9.0,9.0,0.01802229881286621
34.0,14.0,14.0,0.018628835678100586
16.0,4.0,4.0,0.010257482528686523
17.0,4.0,4.0,0.006996870040893555
39.0,9.0,9.0,0.02220916748046875
85.0,20.0,20.0,0.04805254936218262
24.0,10.0,10.0,0.018047809600830078
37.0,19.0,19.0,0.020991802215576172
114.0,19.0,19.0,0.06882238388061523
50.0,8.0,8.0,0.03380084037780762
47.0,12.0,12.0,0.03188300132751465
26.0,9.0,9.0,0.011904239654541016
54.0,8.0,8.0,0.033245086669921875
32.0,8.0,8.0,0.021405696868896484
75.0,24.0,24.0,0.04762768745422363
92.0,28.0,28.0,0.07032299041748047
47.0,17.0,17.0,0.02609109878540039
45.0,18.0,18.0,0.02539658546447754
26.0,9.0,9.0,0.018919706344604492
55.0,7.0,7.0,0.028527259826660156
60.0,15.0,15.0,0.04239177703857422
109.0,37.0,37.0,0.06225752830505371
58.0,11.0,11.0,0.0335688591003418
35.0,12.0,12.0,0.019620180130004883
65.0,13.0,13.0,0.04008316993713379
68.0,20.0,20.0,0.03578639030456543
42.0,14.0,14.0,0.026546001434326172
27.0,7.0,7.0,0.015044927597045898
28.0,11.0,11.0,0.015935659408569336
76.0,17.0,17.0,0.04862833023071289
63.0,21.0,21.0,0.04131889343261719
47.0,19.0,19.0,0.027632713317871094
15.0,5.0,5.0,0.011539459228515625
25.0,13.0,13.0,0.010590314865112305
19.0,6.0,6.0,0.012064456939697266
32.0,9.0,9.0,0.023348331451416016
30.0,8.0,8.0,0.020575523376464844
22.0,8.0,8.0,0.012330055236816406
19.0,8.0,8.0,0.014188289642333984
56.0,9.0,9.0,0.034119367599487305
20.0,4.0,4.0,0.013269662857055664
18.0,7.0,7.0,0.011738061904907227
129.0,49.0,49.0,0.08534002304077148
19.0,7.0,7.0,0.01024007797241211
23.0,9.0,9.0,0.011845588684082031
74.0,17.0,17.0,0.03771686553955078
46.0,9.0,9.0,0.025028228759765625
57.0,6.0,6.0,0.03474593162536621
141.0,35.0,35.0,0.08435702323913574
66.0,13.0,13.0,0.03373360633850098
72.0,15.0,15.0,0.042702436447143555
41.0,17.0,17.0,0.0199892520904541
22.0,9.0,9.0,0.012593984603881836
29.0,7.0,7.0,0.01864027976989746
32.0,15.0,15.0,0.017864704132080078
19.0,7.0,7.0,0.012324333190917969
50.0,16.0,16.0,0.032933950424194336
47.0,14.0,14.0,0.03438830375671387
24.0,5.0,5.0,0.016354084014892578
54.0,13.0,13.0,0.03899073600769043
21.0,6.0,6.0,0.019476652145385742
39.0,9.0,9.0,0.02677750587463379
27.0,7.0,7.0,0.025136232376098633
27.0,17.0,17.0,0.017645835876464844
46.0,6.0,6.0,0.03185629844665527
29.0,6.0,6.0,0.016316890716552734
118.0,17.0,17.0,0.06186509132385254
32.0,7.0,7.0,0.016999483108520508
32.0,10.0,10.0,0.016039371490478516
20.0,7.0,7.0,0.010342836380004883
87.0,20.0,20.0,0.04925036430358887
138.0,32.0,32.0,0.08344006538391113
22.0,10.0,10.0,0.011880874633789062
60.0,12.0,12.0,0.0311892032623291
53.0,17.0,17.0,0.02886486053466797
93.0,19.0,19.0,0.05417323112487793
37.0,13.0,13.0,0.019574403762817383
40.0,6.0,6.0,0.02186298370361328
100.0,22.0,22.0,0.06318783760070801
30.0,5.0,5.0,0.016279935836791992
72.0,11.0,11.0,0.03910470008850098
30.0,9.0,9.0,0.01927924156188965
36.0,14.0,14.0,0.020931005477905273
44.0,4.0,4.0,0.023406982421875
31.0,8.0,8.0,0.016517162322998047
63.0,16.0,16.0,0.03538084030151367
56.0,13.0,13.0,0.031925201416015625
28.0,16.0,16.0,0.01973104476928711
15.0,4.0,4.0,0.010956525802612305
57.0,10.0,10.0,0.0321507453918457
197.0,40.0,40.0,0.10599708557128906
41.0,8.0,8.0,0.02630901336669922
134.0,36.0,36.0,0.07346367835998535
55.0,7.0,7.0,0.03441905975341797
20.0,6.0,6.0,0.014896154403686523
69.0,16.0,16.0,0.03780794143676758
45.0,7.0,7.0,0.025510787963867188
26.0,7.0,7.0,0.015442371368408203
16.0,3.0,3.0,0.007660865783691406
49.0,14.0,14.0,0.032456159591674805
25.0,8.0,8.0,0.012701034545898438
24.0,6.0,6.0,0.011731386184692383
30.0,10.0,10.0,0.013350963592529297
22.0,8.0,8.0,0.011620283126831055
58.0,18.0,18.0,0.030862808227539062
23.0,8.0,8.0,0.011978864669799805
91.0,17.0,17.0,0.04557061195373535
54.0,20.0,20.0,0.02806377410888672
36.0,25.0,25.0,0.018938779830932617
103.0,23.0,23.0,0.06048846244812012
45.0,11.0,11.0,0.033774375915527344
82.0,15.0,15.0,0.0509035587310791
19.0,6.0,6.0,0.012379169464111328
17.0,4.0,4.0,0.008394479751586914
66.0,12.0,12.0,0.04252505302429199
34.0,8.0,8.0,0.02326178550720215
43.0,16.0,16.0,0.030037641525268555
51.0,7.0,7.0,0.032309770584106445
27.0,12.0,12.0,0.01423501968383789
22.0,7.0,7.0,0.019054174423217773
44.0,11.0,11.0,0.02940201759338379
55.0,13.0,13.0,0.03763842582702637
19.0,8.0,8.0,0.01216435432434082
14.0,3.0,3.0,0.007109403610229492
30.0,8.0,8.0,0.0189359188079834
31.0,16.0,16.0,0.023112058639526367
47.0,9.0,9.0,0.030175447463989258
47.0,15.0,15.0,0.030908823013305664
63.0,14.0,14.0,0.04901432991027832
14.0,3.0,3.0,0.010550737380981445
17.0,5.0,5.0,0.01667499542236328
44.0,9.0,9.0,0.030901432037353516
46.0,22.0,22.0,0.03284311294555664
22.0,8.0,8.0,0.012825965881347656
68.0,25.0,25.0,0.03924226760864258
39.0,5.0,5.0,0.025847434997558594
51.0,11.0,11.0,0.03442215919494629
29.0,14.0,14.0,0.015311717987060547
31.0,5.0,5.0,0.014092206954956055
47.0,12.0,12.0,0.029671430587768555
46.0,10.0,10.0,0.02742767333984375
33.0,8.0,8.0,0.019788742065429688
84.0,31.0,31.0,0.05603432655334473
70.0,16.0,16.0,0.04987621307373047
52.0,12.0,12.0,0.0280148983001709
23.0,9.0,9.0,0.018115520477294922
66.0,11.0,11.0,0.0378880500793457
37.0,10.0,10.0,0.021555423736572266
67.0,10.0,10.0,0.037550926208496094
53.0,4.0,4.0,0.03262519836425781
66.0,15.0,15.0,0.04417014122009277
94.0,29.0,29.0,0.07727551460266113
123.0,27.0,27.0,0.07654929161071777
26.0,15.0,15.0,0.012490987777709961
25.0,4.0,4.0,0.014544963836669922
38.0,19.0,19.0,0.023331880569458008
92.0,21.0,21.0,0.05439352989196777
42.0,12.0,12.0,0.02329421043395996
33.0,9.0,9.0,0.014006853103637695
33.0,9.0,9.0,0.02166891098022461
16.0,6.0,6.0,0.008636713027954102
36.0,17.0,17.0,0.023581266403198242
46.0,15.0,15.0,0.03166460990905762
99.0,23.0,23.0,0.06378960609436035
25.0,7.0,7.0,0.01643514633178711
31.0,18.0,18.0,0.02361607551574707
105.0,42.0,42.0,0.05834507942199707
31.0,6.0,6.0,0.020588397979736328
151.0,33.0,33.0,0.09261131286621094
27.0,8.0,8.0,0.016735315322875977
55.0,10.0,10.0,0.03458571434020996
58.0,13.0,13.0,0.03217053413391113
188.0,41.0,41.0,0.11017990112304688
30.0,14.0,14.0,0.02296137809753418
96.0,17.0,17.0,0.057965993881225586
34.0,11.0,11.0,0.017170190811157227
64.0,31.0,31.0,0.03882646560668945
55.0,13.0,13.0,0.03281736373901367
38.0,4.0,4.0,0.025859355926513672
26.0,8.0,8.0,0.01389932632446289
53.0,20.0,20.0,0.02843165397644043
70.0,12.0,12.0,0.041324615478515625
22.0,6.0,6.0,0.011011362075805664
47.0,10.0,10.0,0.027893781661987305
32.0,13.0,13.0,0.018305540084838867
131.0,22.0,22.0,0.07680797576904297
18.0,4.0,4.0,0.009401321411132812
58.0,13.0,13.0,0.03659248352050781
38.0,11.0,11.0,0.022283554077148438
23.0,10.0,10.0,0.01482701301574707
45.0,17.0,17.0,0.02583146095275879
59.0,11.0,11.0,0.03566455841064453
145.0,20.0,20.0,0.09766650199890137
51.0,6.0,6.0,0.03678107261657715
49.0,12.0,12.0,0.03643202781677246
54.0,10.0,10.0,0.04764223098754883
57.0,8.0,8.0,0.03940296173095703
30.0,6.0,6.0,0.022684097290039062
22.0,6.0,6.0,0.02235698699951172
46.0,18.0,18.0,0.03547358512878418
45.0,6.0,6.0,0.031368255615234375
27.0,12.0,12.0,0.02450108528137207
30.0,9.0,9.0,0.020315885543823242
41.0,10.0,10.0,0.024395227432250977
85.0,16.0,16.0,0.04799222946166992
16.0,5.0,5.0,0.010306596755981445
58.0,24.0,24.0,0.0450897216796875
24.0,9.0,9.0,0.01694965362548828
89.0,24.0,24.0,0.07211112976074219
39.0,12.0,12.0,0.027859926223754883
103.0,16.0,16.0,0.06999039649963379
28.0,7.0,7.0,0.021619319915771484
67.0,16.0,16.0,0.042701005935668945
28.0,8.0,8.0,0.02003788948059082
51.0,21.0,21.0,0.03203845024108887
31.0,8.0,8.0,0.02184295654296875
25.0,6.0,6.0,0.018891572952270508
115.0,30.0,30.0,0.08515644073486328
32.0,10.0,10.0,0.023467063903808594
31.0,5.0,5.0,0.024086952209472656
44.0,10.0,10.0,0.02928304672241211
84.0,21.0,21.0,0.05767655372619629
46.0,12.0,12.0,0.032227516174316406
16.0,5.0,5.0,0.013141870498657227
20.0,8.0,8.0,0.010558843612670898
61.0,13.0,13.0,0.034560203552246094
149.0,37.0,37.0,0.1081700325012207
39.0,14.0,14.0,0.023508071899414062
61.0,18.0,18.0,0.044753074645996094
72.0,13.0,13.0,0.04346466064453125
62.0,23.0,23.0,0.050351858139038086
73.0,17.0,17.0,0.05621910095214844
154.0,36.0,36.0,0.09789490699768066
92.0,16.0,16.0,0.05960345268249512
21.0,8.0,8.0,0.01491403579711914
94.0,22.0,22.0,0.07135128974914551
45.0,10.0,10.0,0.030434370040893555
32.0,10.0,10.0,0.021694660186767578
79.0,24.0,24.0,0.04933738708496094
65.0,11.0,11.0,0.05338621139526367
21.0,10.0,10.0,0.014280557632446289
189.0,40.0,40.0,0.12734293937683105
19.0,8.0,8.0,0.010529518127441406
37.0,11.0,11.0,0.022904396057128906
68.0,19.0,19.0,0.05851268768310547
28.0,3.0,3.0,0.0171201229095459
98.0,21.0,21.0,0.07233524322509766
37.0,15.0,15.0,0.030169963836669922
42.0,12.0,12.0,0.030987977981567383
25.0,4.0,4.0,0.016832351684570312
60.0,19.0,19.0,0.04215359687805176
23.0,7.0,7.0,0.013892889022827148
76.0,18.0,18.0,0.055464982986450195
18.0,7.0,7.0,0.011514663696289062
30.0,8.0,8.0,0.018473148345947266
31.0,5.0,5.0,0.02143120765686035
39.0,17.0,17.0,0.03330063819885254
30.0,9.0,9.0,0.01795792579650879
33.0,13.0,13.0,0.024487733840942383
19.0,7.0,7.0,0.01776576042175293
51.0,15.0,15.0,0.03261446952819824
17.0,6.0,6.0,0.014211893081665039
19.0,8.0,8.0,0.013808012008666992
30.0,6.0,6.0,0.020268917083740234
21.0,9.0,9.0,0.014054298400878906
131.0,25.0,25.0,0.10091733932495117
71.0,12.0,12.0,0.045848846435546875
16.0,3.0,3.0,0.01137089729309082
42.0,19.0,19.0,0.024962186813354492
110.0,34.0,34.0,0.0662987232208252
23.0,10.0,10.0,0.014756917953491211
81.0,14.0,14.0,0.05110001564025879
135.0,25.0,25.0,0.08797812461853027
30.0,7.0,7.0,0.022335529327392578
52.0,10.0,10.0,0.03506779670715332
66.0,18.0,18.0,0.046885013580322266
98.0,22.0,22.0,0.06669926643371582
62.0,13.0,13.0,0.05018162727355957
28.0,9.0,9.0,0.019623756408691406
62.0,16.0,16.0,0.04263448715209961
20.0,5.0,5.0,0.014347076416015625
123.0,35.0,35.0,0.07969141006469727
35.0,8.0,8.0,0.02789020538330078
39.0,12.0,12.0,0.025594472885131836
63.0,21.0,21.0,0.03615140914916992
134.0,20.0,20.0,0.0880126953125
19.0,3.0,3.0,0.0125274658203125
21.0,8.0,8.0,0.01692986488342285
32.0,10.0,10.0,0.021951675415039062
38.0,10.0,10.0,0.025972366333007812
54.0,16.0,16.0,0.04487347602844238
39.0,8.0,8.0,0.026403188705444336
69.0,18.0,18.0,0.04496955871582031
51.0,13.0,13.0,0.030202865600585938
24.0,9.0,9.0,0.015189886093139648
58.0,17.0,17.0,0.034369468688964844
87.0,18.0,18.0,0.04685401916503906
22.0,11.0,11.0,0.016955137252807617
175.0,27.0,27.0,0.11369800567626953
27.0,8.0,8.0,0.01821732521057129
64.0,7.0,7.0,0.03812146186828613
63.0,16.0,16.0,0.04201769828796387
51.0,9.0,9.0,0.04071402549743652
25.0,6.0,6.0,0.02478313446044922
36.0,6.0,6.0,0.02975177764892578
47.0,16.0,16.0,0.03629493713378906
125.0,25.0,25.0,0.0885322093963623
71.0,18.0,18.0,0.04583311080932617
118.0,28.0,28.0,0.06706953048706055
72.0,20.0,20.0,0.04387497901916504
23.0,9.0,9.0,0.015028953552246094
104.0,33.0,33.0,0.07053637504577637
73.0,23.0,23.0,0.045984745025634766
16.0,3.0,3.0,0.01166224479675293
34.0,7.0,7.0,0.023279905319213867
30.0,10.0,10.0,0.01571798324584961
115.0,15.0,15.0,0.06627964973449707
39.0,8.0,8.0,0.027621746063232422
88.0,21.0,21.0,0.05148124694824219
34.0,11.0,11.0,0.025777578353881836
27.0,9.0,9.0,0.017985105514526367
83.0,15.0,15.0,0.058947086334228516
19.0,7.0,7.0,0.01940608024597168
27.0,14.0,14.0,0.0197293758392334
33.0,11.0,11.0,0.01777958869934082
31.0,8.0,8.0,0.021793365478515625
20.0,6.0,6.0,0.01022028923034668
24.0,12.0,12.0,0.014782190322875977
20.0,5.0,5.0,0.016764402389526367
39.0,14.0,14.0,0.02716541290283203
65.0,18.0,18.0,0.03719353675842285
83.0,13.0,13.0,0.05056023597717285
55.0,10.0,10.0,0.03233766555786133
28.0,8.0,8.0,0.020308256149291992
69.0,14.0,14.0,0.039444923400878906
16.0,4.0,4.0,0.010085344314575195
29.0,13.0,13.0,0.016910552978515625
20.0,4.0,4.0,0.009525537490844727
25.0,12.0,12.0,0.015364885330200195
40.0,10.0,10.0,0.020264625549316406
39.0,25.0,25.0,0.025191068649291992
15.0,3.0,3.0,0.01037454605102539
67.0,13.0,13.0,0.043250322341918945
24.0,9.0,9.0,0.018627405166625977
39.0,6.0,6.0,0.022635936737060547
82.0,19.0,19.0,0.06105613708496094
105.0,15.0,15.0,0.061414241790771484
52.0,12.0,12.0,0.0395665168762207
36.0,14.0,14.0,0.020767927169799805
37.0,12.0,12.0,0.023647308349609375
51.0,10.0,10.0,0.03476262092590332
44.0,10.0,10.0,0.03200101852416992
28.0,3.0,3.0,0.018650531768798828
23.0,9.0,9.0,0.012881994247436523
25.0,4.0,4.0,0.014418840408325195
45.0,14.0,14.0,0.027332305908203125
64.0,8.0,8.0,0.03668928146362305
46.0,12.0,12.0,0.031771183013916016
46.0,6.0,6.0,0.025168180465698242
22.0,10.0,10.0,0.01216745376586914
42.0,4.0,4.0,0.022565603256225586
21.0,6.0,6.0,0.013736486434936523
25.0,9.0,9.0,0.018438100814819336
35.0,11.0,11.0,0.03248119354248047
19.0,6.0,6.0,0.01770472526550293
17.0,4.0,4.0,0.009481668472290039
54.0,26.0,26.0,0.0338590145111084
39.0,7.0,7.0,0.023137331008911133
33.0,9.0,9.0,0.025182247161865234
51.0,11.0,11.0,0.02720499038696289
72.0,16.0,16.0,0.04136323928833008
25.0,6.0,6.0,0.01193380355834961
28.0,15.0,15.0,0.02031993865966797
51.0,8.0,8.0,0.038765668869018555
79.0,9.0,9.0,0.054851531982421875
108.0,19.0,19.0,0.06282424926757812
18.0,4.0,4.0,0.012151718139648438
73.0,10.0,10.0,0.04567241668701172
83.0,27.0,27.0,0.04806017875671387
92.0,16.0,16.0,0.06307625770568848
76.0,14.0,14.0,0.043168067932128906
103.0,17.0,17.0,0.05408000946044922
19.0,5.0,5.0,0.011570453643798828
44.0,10.0,10.0,0.028104305267333984
41.0,12.0,12.0,0.01983809471130371
52.0,15.0,15.0,0.025704145431518555
50.0,23.0,23.0,0.025930166244506836
25.0,5.0,5.0,0.013551712036132812
83.0,18.0,18.0,0.051140546798706055
51.0,7.0,7.0,0.0309445858001709
58.0,13.0,13.0,0.03383231163024902
20.0,6.0,6.0,0.01345682144165039
16.0,4.0,4.0,0.008551359176635742
63.0,13.0,13.0,0.03405404090881348
17.0,6.0,6.0,0.01445460319519043
42.0,10.0,10.0,0.026966094970703125
42.0,11.0,11.0,0.025304317474365234
57.0,13.0,13.0,0.03927254676818848
25.0,9.0,9.0,0.02069711685180664
66.0,12.0,12.0,0.04027915000915527
80.0,22.0,22.0,0.05734729766845703
34.0,12.0,12.0,0.018230438232421875
23.0,6.0,6.0,0.011118888854980469
28.0,5.0,5.0,0.018575429916381836
14.0,3.0,3.0,0.0070378780364990234
66.0,18.0,18.0,0.03961324691772461
19.0,6.0,6.0,0.014562606811523438
27.0,6.0,6.0,0.0189664363861084
55.0,11.0,11.0,0.03715682029724121
39.0,13.0,13.0,0.024621963500976562
18.0,5.0,5.0,0.011569023132324219
59.0,13.0,13.0,0.037558794021606445
28.0,7.0,7.0,0.020169973373413086
130.0,27.0,27.0,0.07519412040710449
50.0,4.0,4.0,0.029352188110351562
66.0,13.0,13.0,0.03945446014404297
25.0,7.0,7.0,0.012773990631103516
23.0,7.0,7.0,0.012979984283447266
32.0,10.0,10.0,0.022871017456054688
37.0,7.0,7.0,0.022428274154663086
26.0,4.0,4.0,0.04936528205871582
30.0,12.0,12.0,0.025434494018554688
51.0,12.0,12.0,0.02881312370300293
109.0,16.0,16.0,0.06066465377807617
29.0,13.0,13.0,0.021251201629638672
25.0,6.0,6.0,0.017653465270996094
18.0,7.0,7.0,0.011080026626586914
38.0,5.0,5.0,0.02800750732421875
29.0,6.0,6.0,0.018431901931762695
181.0,49.0,49.0,0.11352992057800293
24.0,2.0,2.0,0.018996477127075195
17.0,7.0,7.0,0.008795976638793945
37.0,12.0,12.0,0.02589130401611328
35.0,10.0,10.0,0.021683692932128906
26.0,11.0,11.0,0.020624876022338867
18.0,4.0,4.0,0.009416580200195312
38.0,7.0,7.0,0.024933576583862305
24.0,5.0,5.0,0.01353144645690918
62.0,11.0,11.0,0.030900955200195312
24.0,5.0,5.0,0.017454862594604492
50.0,5.0,5.0,0.034949541091918945
117.0,26.0,26.0,0.09002566337585449
26.0,8.0,8.0,0.022368431091308594
51.0,5.0,5.0,0.04343104362487793
45.0,27.0,27.0,0.0339818000793457
23.0,10.0,10.0,0.01517486572265625
17.0,5.0,5.0,0.012775421142578125
20.0,9.0,9.0,0.013289928436279297
45.0,5.0,5.0,0.031075716018676758
21.0,8.0,8.0,0.010495901107788086
37.0,17.0,17.0,0.022420644760131836
27.0,10.0,10.0,0.017022132873535156
25.0,13.0,13.0,0.019632816314697266
69.0,28.0,28.0,0.04296588897705078
21.0,4.0,4.0,0.015492916107177734
33.0,13.0,13.0,0.01938462257385254
61.0,14.0,14.0,0.03469252586364746
31.0,15.0,15.0,0.018066883087158203
20.0,9.0,9.0,0.014340639114379883
15.0,3.0,3.0,0.010440349578857422
24.0,13.0,13.0,0.016878604888916016
24.0,6.0,6.0,0.01675128936767578
81.0,16.0,16.0,0.044475555419921875
45.0,20.0,20.0,0.029677152633666992
21.0,9.0,9.0,0.016890764236450195
48.0,13.0,13.0,0.029140472412109375
21.0,8.0,8.0,0.016628026962280273
51.0,17.0,17.0,0.031085968017578125
58.0,12.0,12.0,0.03255462646484375
97.0,18.0,18.0,0.055442094802856445
34.0,13.0,13.0,0.018116474151611328
86.0,10.0,10.0,0.05908703804016113
78.0,14.0,14.0,0.04608559608459473
33.0,7.0,7.0,0.022098541259765625
49.0,9.0,9.0,0.030028820037841797
70.0,13.0,13.0,0.05074882507324219
15.0,4.0,4.0,0.010672569274902344
68.0,22.0,22.0,0.04574251174926758
40.0,10.0,10.0,0.027480363845825195
109.0,16.0,16.0,0.08024024963378906
46.0,15.0,15.0,0.02565312385559082
27.0,6.0,6.0,0.012035131454467773
16.0,3.0,3.0,0.01218271255493164
108.0,22.0,22.0,0.06933760643005371
35.0,12.0,12.0,0.02405714988708496
43.0,8.0,8.0,0.026195526123046875
27.0,9.0,9.0,0.023044347763061523
45.0,16.0,16.0,0.04249453544616699
38.0,13.0,13.0,0.0355532169342041
20.0,7.0,7.0,0.010558366775512695
24.0,12.0,12.0,0.01521611213684082
39.0,9.0,9.0,0.02655935287475586
74.0,14.0,14.0,0.048390865325927734
31.0,6.0,6.0,0.02084493637084961
66.0,16.0,16.0,0.04173541069030762
40.0,16.0,16.0,0.024011611938476562
20.0,3.0,3.0,0.008517742156982422
28.0,11.0,11.0,0.018066883087158203
74.0,15.0,15.0,0.0394139289855957
30.0,10.0,10.0,0.018770217895507812
23.0,6.0,6.0,0.01233053207397461
36.0,11.0,11.0,0.02504897117614746
21.0,7.0,7.0,0.012537479400634766
53.0,12.0,12.0,0.035787343978881836
92.0,20.0,20.0,0.06730031967163086
84.0,16.0,16.0,0.05833745002746582
185.0,50.0,50.0,0.11497664451599121
49.0,21.0,21.0,0.03408932685852051
47.0,10.0,10.0,0.027782201766967773
49.0,17.0,17.0,0.03477144241333008
29.0,7.0,7.0,0.02558279037475586
34.0,15.0,15.0,0.028064966201782227
27.0,7.0,7.0,0.016758203506469727
27.0,11.0,11.0,0.020244359970092773
15.0,4.0,4.0,0.01447296142578125
23.0,11.0,11.0,0.017160415649414062
30.0,6.0,6.0,0.023215293884277344
39.0,14.0,14.0,0.031015396118164062
170.0,23.0,23.0,0.10322022438049316
109.0,28.0,28.0,0.05561208724975586
19.0,6.0,6.0,0.014276504516601562
23.0,9.0,9.0,0.014266490936279297
94.0,18.0,18.0,0.057665348052978516
32.0,13.0,13.0,0.01616978645324707
31.0,10.0,10.0,0.02378106117248535
18.0,7.0,7.0,0.011892080307006836
29.0,12.0,12.0,0.016536712646484375
47.0,9.0,9.0,0.027577877044677734
78.0,9.0,9.0,0.0521397590637207
42.0,12.0,12.0,0.024495363235473633
67.0,17.0,17.0,0.043910980224609375
40.0,16.0,16.0,0.027912139892578125
144.0,39.0,39.0,0.10060811042785645
20.0,4.0,4.0,0.013940095901489258
46.0,16.0,16.0,0.029673337936401367
45.0,19.0,19.0,0.03237009048461914
58.0,11.0,11.0,0.04672884941101074
65.0,17.0,17.0,0.040557146072387695
65.0,22.0,22.0,0.04420018196105957
51.0,19.0,19.0,0.03147125244140625
71.0,19.0,19.0,0.047540903091430664
57.0,16.0,16.0,0.04030275344848633
34.0,14.0,14.0,0.017546892166137695
32.0,11.0,11.0,0.023613691329956055
61.0,7.0,7.0,0.03362894058227539
190.0,51.0,51.0,0.11715006828308105
29.0,10.0,10.0,0.018927574157714844
47.0,9.0,9.0,0.031553030014038086
27.0,13.0,13.0,0.01999068260192871
103.0,22.0,22.0,0.06464195251464844
26.0,6.0,6.0,0.01571202278137207
19.0,3.0,3.0,0.01179194450378418
43.0,9.0,9.0,0.03420281410217285
42.0,9.0,9.0,0.025461196899414062
16.0,1.0,1.0,0.010527849197387695
18.0,6.0,6.0,0.009601354598999023
42.0,29.0,29.0,0.023930788040161133
39.0,10.0,10.0,0.023586034774780273
17.0,4.0,4.0,0.013596773147583008
24.0,9.0,9.0,0.014829635620117188
36.0,13.0,13.0,0.021604299545288086
40.0,8.0,8.0,0.025903940200805664
132.0,30.0,30.0,0.07027125358581543
27.0,8.0,8.0,0.016387939453125
131.0,31.0,31.0,0.08134269714355469
44.0,21.0,21.0,0.02706122398376465
68.0,21.0,21.0,0.04686617851257324
32.0,8.0,8.0,0.017493247985839844
25.0,12.0,12.0,0.014899969100952148
43.0,12.0,12.0,0.02606964111328125
24.0,8.0,8.0,0.02080535888671875
17.0,5.0,5.0,0.008991003036499023
40.0,14.0,14.0,0.03563857078552246
32.0,15.0,15.0,0.029942035675048828
38.0,10.0,10.0,0.020527124404907227
15.0,4.0,4.0,0.008005619049072266
59.0,18.0,18.0,0.03991413116455078
66.0,21.0,21.0,0.04743528366088867
52.0,16.0,16.0,0.037078142166137695
31.0,15.0,15.0,0.01667475700378418
19.0,6.0,6.0,0.01252603530883789
25.0,14.0,14.0,0.01201486587524414
28.0,7.0,7.0,0.020392179489135742
48.0,13.0,13.0,0.03474569320678711
24.0,6.0,6.0,0.014583826065063477
41.0,10.0,10.0,0.020457744598388672
97.0,17.0,17.0,0.04826235771179199
118.0,28.0,28.0,0.07048392295837402
82.0,24.0,24.0,0.04660820960998535
23.0,9.0,9.0,0.01445770263671875
95.0,31.0,31.0,0.047243356704711914
39.0,12.0,12.0,0.020882844924926758
62.0,13.0,13.0,0.031343698501586914
78.0,20.0,20.0,0.048278093338012695
14.0,3.0,3.0,0.009489059448242188
114.0,25.0,25.0,0.06734371185302734
18.0,4.0,4.0,0.011607170104980469
49.0,9.0,9.0,0.031423091888427734
56.0,17.0,17.0,0.044524431228637695
27.0,8.0,8.0,0.01995539665222168
31.0,9.0,9.0,0.01834273338317871
23.0,8.0,8.0,0.021079301834106445
102.0,17.0,17.0,0.06675958633422852
19.0,9.0,9.0,0.010706424713134766
167.0,31.0,31.0,0.11200308799743652
26.0,4.0,4.0,0.012054204940795898
29.0,7.0,7.0,0.013663768768310547
27.0,8.0,8.0,0.013015985488891602
42.0,15.0,15.0,0.022797584533691406
87.0,18.0,18.0,0.04627346992492676
207.0,49.0,49.0,0.1169583797454834
22.0,5.0,5.0,0.013164758682250977
27.0,7.0,7.0,0.014079093933105469
51.0,13.0,13.0,0.03278994560241699
40.0,8.0,8.0,0.021199464797973633
57.0,10.0,10.0,0.033387184143066406
36.0,10.0,10.0,0.019891023635864258
16.0,5.0,5.0,0.012290239334106445
43.0,10.0,10.0,0.024502992630004883
42.0,14.0,14.0,0.023107528686523438
14.0,2.0,2.0,0.009200096130371094
73.0,16.0,16.0,0.04995226860046387
31.0,10.0,10.0,0.022057533264160156
87.0,13.0,13.0,0.051108598709106445
22.0,5.0,5.0,0.013499021530151367
31.0,14.0,14.0,0.0164644718170166
23.0,10.0,10.0,0.01853322982788086
28.0,2.0,2.0,0.018009662628173828
49.0,23.0,23.0,0.0332181453704834
96.0,24.0,24.0,0.058419227600097656
14.0,3.0,3.0,0.0065517425537109375
20.0,5.0,5.0,0.01583552360534668
19.0,4.0,4.0,0.010452508926391602
23.0,11.0,11.0,0.01360940933227539
39.0,10.0,10.0,0.021274089813232422
28.0,9.0,9.0,0.015916109085083008
28.0,8.0,8.0,0.021665334701538086
149.0,36.0,36.0,0.0940091609954834
54.0,21.0,21.0,0.03977608680725098
31.0,7.0,7.0,0.01975274085998535
33.0,11.0,11.0,0.018014907836914062
53.0,18.0,18.0,0.03054976463317871
50.0,15.0,15.0,0.029178380966186523
21.0,8.0,8.0,0.012670516967773438
32.0,9.0,9.0,0.024295806884765625
38.0,7.0,7.0,0.03472304344177246
87.0,21.0,21.0,0.0635066032409668
33.0,14.0,14.0,0.018520832061767578
36.0,15.0,15.0,0.023222684860229492
23.0,10.0,10.0,0.016437053680419922
43.0,24.0,24.0,0.023096084594726562
49.0,21.0,21.0,0.02690887451171875
64.0,21.0,21.0,0.03275132179260254
72.0,21.0,21.0,0.0463404655456543
62.0,10.0,10.0,0.037360429763793945
32.0,7.0,7.0,0.019322872161865234
32.0,5.0,5.0,0.022387027740478516
60.0,14.0,14.0,0.044322967529296875
106.0,16.0,16.0,0.0839228630065918
42.0,11.0,11.0,0.03035259246826172
39.0,13.0,13.0,0.025690317153930664
16.0,4.0,4.0,0.013567924499511719
38.0,6.0,6.0,0.0278627872467041
23.0,10.0,10.0,0.013377666473388672
24.0,11.0,11.0,0.015266656875610352
22.0,10.0,10.0,0.01705336570739746
157.0,26.0,26.0,0.1083533763885498
19.0,4.0,4.0,0.010006427764892578
17.0,5.0,5.0,0.013531923294067383
138.0,36.0,36.0,0.08900880813598633
70.0,9.0,9.0,0.043547868728637695
74.0,30.0,30.0,0.05054068565368652
24.0,9.0,9.0,0.014982223510742188
20.0,9.0,9.0,0.014620542526245117
93.0,25.0,25.0,0.05814838409423828
56.0,19.0,19.0,0.03332638740539551
16.0,4.0,4.0,0.007799386978149414
24.0,10.0,10.0,0.013684511184692383
28.0,14.0,14.0,0.016523361206054688
42.0,11.0,11.0,0.025815486907958984
83.0,23.0,23.0,0.05681967735290527
50.0,9.0,9.0,0.03277587890625
32.0,11.0,11.0,0.027051448822021484
87.0,8.0,8.0,0.06667041778564453
17.0,6.0,6.0,0.007969141006469727
28.0,9.0,9.0,0.01879596710205078
104.0,15.0,15.0,0.07871127128601074
150.0,28.0,28.0,0.09210610389709473
38.0,10.0,10.0,0.023485183715820312
58.0,8.0,8.0,0.04441237449645996
42.0,9.0,9.0,0.04098629951477051
74.0,15.0,15.0,0.04572606086730957
34.0,17.0,17.0,0.02247452735900879
178.0,35.0,35.0,0.1183319091796875
31.0,13.0,13.0,0.022716760635375977
52.0,17.0,17.0,0.03749585151672363
21.0,5.0,5.0,0.013200521469116211
57.0,10.0,10.0,0.03713417053222656
57.0,12.0,12.0,0.03499722480773926
44.0,22.0,22.0,0.03360605239868164
19.0,5.0,5.0,0.010158300399780273
108.0,19.0,19.0,0.07668662071228027
102.0,26.0,26.0,0.07243108749389648
71.0,11.0,11.0,0.062442779541015625
62.0,17.0,17.0,0.04723787307739258
119.0,22.0,22.0,0.0862424373626709
55.0,17.0,17.0,0.026685237884521484
58.0,12.0,12.0,0.04167366027832031
56.0,15.0,15.0,0.04207968711853027
50.0,19.0,19.0,0.03691220283508301
23.0,1.0,1.0,0.018795013427734375
48.0,5.0,5.0,0.033870697021484375
64.0,13.0,13.0,0.04980063438415527
96.0,26.0,26.0,0.0644383430480957
71.0,18.0,18.0,0.04658627510070801
21.0,10.0,10.0,0.01534271240234375
27.0,12.0,12.0,0.020503520965576172
12.0,1.0,1.0,0.0061795711517333984
25.0,6.0,6.0,0.016058921813964844
20.0,10.0,10.0,0.01441049575805664
81.0,23.0,23.0,0.05175971984863281
40.0,11.0,11.0,0.03297281265258789
179.0,36.0,36.0,0.11946415901184082
29.0,10.0,10.0,0.0253145694732666
29.0,7.0,7.0,0.025525569915771484
29.0,8.0,8.0,0.021057605743408203
55.0,8.0,8.0,0.026959896087646484
20.0,3.0,3.0,0.014982223510742188
27.0,9.0,9.0,0.012085676193237305
44.0,9.0,9.0,0.034609079360961914
72.0,15.0,15.0,0.04679560661315918
31.0,6.0,6.0,0.020314931869506836
37.0,15.0,15.0,0.02626776695251465
55.0,16.0,16.0,0.044278860092163086
52.0,17.0,17.0,0.03234720230102539
18.0,7.0,7.0,0.011121034622192383
26.0,9.0,9.0,0.017798662185668945
28.0,13.0,13.0,0.02057814598083496
130.0,27.0,27.0,0.09467411041259766
40.0,11.0,11.0,0.024739980697631836
22.0,6.0,6.0,0.014173030853271484
72.0,13.0,13.0,0.04913830757141113
57.0,22.0,22.0,0.0330510139465332
65.0,15.0,15.0,0.03912830352783203
41.0,14.0,14.0,0.030673742294311523
60.0,9.0,9.0,0.037858009338378906
47.0,23.0,23.0,0.026519298553466797
17.0,6.0,6.0,0.010971546173095703
34.0,8.0,8.0,0.014686822891235352
40.0,14.0,14.0,0.022148609161376953
59.0,14.0,14.0,0.03549814224243164
170.0,29.0,29.0,0.09710192680358887
48.0,23.0,23.0,0.032378196716308594
25.0,5.0,5.0,0.01787257194519043
27.0,11.0,11.0,0.013890266418457031
25.0,9.0,9.0,0.0168607234954834
35.0,7.0,7.0,0.025087356567382812
42.0,16.0,16.0,0.02722334861755371
46.0,16.0,16.0,0.025640249252319336
56.0,18.0,18.0,0.0339961051940918
103.0,15.0,15.0,0.06130170822143555
81.0,21.0,21.0,0.06107616424560547
47.0,8.0,8.0,0.034084320068359375
173.0,41.0,41.0,0.11801695823669434
33.0,10.0,10.0,0.02053999900817871
17.0,6.0,6.0,0.013607025146484375
24.0,8.0,8.0,0.018912076950073242
43.0,18.0,18.0,0.0293729305267334
63.0,9.0,9.0,0.03303694725036621
43.0,14.0,14.0,0.023598909378051758
14.0,3.0,3.0,0.0060672760009765625
83.0,19.0,19.0,0.045210838317871094
41.0,11.0,11.0,0.028543710708618164
51.0,18.0,18.0,0.03255414962768555
19.0,6.0,6.0,0.014495849609375
28.0,12.0,12.0,0.021533966064453125
56.0,11.0,11.0,0.03673410415649414
16.0,4.0,4.0,0.015154361724853516
36.0,8.0,8.0,0.023682117462158203
72.0,19.0,19.0,0.04587960243225098
35.0,12.0,12.0,0.01994037628173828
46.0,17.0,17.0,0.03258919715881348
18.0,7.0,7.0,0.011070728302001953
19.0,8.0,8.0,0.01498103141784668
48.0,14.0,14.0,0.04210233688354492
112.0,28.0,28.0,0.06686878204345703
36.0,16.0,16.0,0.022247314453125
27.0,7.0,7.0,0.015485763549804688
28.0,12.0,12.0,0.018152475357055664
25.0,9.0,9.0,0.015428781509399414
20.0,5.0,5.0,0.016510725021362305
48.0,16.0,16.0,0.030576705932617188
28.0,11.0,11.0,0.018651485443115234
28.0,6.0,6.0,0.01735663414001465
43.0,18.0,18.0,0.03383159637451172
30.0,10.0,10.0,0.02274608612060547
20.0,7.0,7.0,0.014643192291259766
39.0,2.0,2.0,0.030363798141479492
33.0,10.0,10.0,0.028835535049438477
88.0,29.0,29.0,0.056281089782714844
23.0,7.0,7.0,0.014911413192749023
66.0,7.0,7.0,0.043048858642578125
44.0,12.0,12.0,0.02950572967529297
76.0,26.0,26.0,0.05578494071960449
67.0,16.0,16.0,0.040616750717163086
38.0,14.0,14.0,0.021939992904663086
39.0,14.0,14.0,0.02125239372253418
21.0,8.0,8.0,0.015588521957397461
23.0,9.0,9.0,0.014012813568115234
46.0,15.0,15.0,0.02849292755126953
85.0,21.0,21.0,0.04973411560058594
72.0,32.0,32.0,0.036221981048583984
22.0,9.0,9.0,0.015606403350830078
65.0,16.0,16.0,0.03589820861816406
37.0,12.0,12.0,0.026412010192871094
77.0,13.0,13.0,0.05341339111328125
55.0,16.0,16.0,0.034700632095336914
44.0,12.0,12.0,0.023047447204589844
166.0,23.0,23.0,0.08931207656860352
79.0,13.0,13.0,0.06124305725097656
20.0,4.0,4.0,0.01005101203918457
14.0,3.0,3.0,0.012376070022583008
45.0,9.0,9.0,0.024448394775390625
56.0,15.0,15.0,0.031511545181274414
47.0,7.0,7.0,0.02955794334411621
59.0,11.0,11.0,0.03676486015319824
70.0,11.0,11.0,0.04050135612487793
29.0,7.0,7.0,0.01631331443786621
135.0,26.0,26.0,0.09566640853881836
30.0,11.0,11.0,0.024044513702392578
44.0,7.0,7.0,0.026438474655151367
75.0,19.0,19.0,0.04172778129577637
42.0,13.0,13.0,0.025798320770263672
16.0,4.0,4.0,0.013710737228393555
113.0,20.0,20.0,0.0733180046081543
64.0,14.0,14.0,0.03188586235046387
45.0,11.0,11.0,0.023398876190185547
39.0,3.0,3.0,0.021451234817504883
48.0,17.0,17.0,0.025892257690429688
38.0,11.0,11.0,0.01921987533569336
24.0,9.0,9.0,0.010673761367797852
76.0,18.0,18.0,0.04151606559753418
24.0,9.0,9.0,0.010969161987304688
28.0,7.0,7.0,0.014762639999389648
28.0,14.0,14.0,0.016913890838623047
36.0,8.0,8.0,0.01885223388671875
81.0,5.0,5.0,0.0467228889465332
63.0,9.0,9.0,0.037058353424072266
30.0,7.0,7.0,0.016618728637695312
83.0,15.0,15.0,0.05991816520690918
41.0,7.0,7.0,0.023834943771362305
105.0,12.0,12.0,0.0684056282043457
113.0,18.0,18.0,0.0753326416015625
27.0,11.0,11.0,0.016727924346923828
63.0,7.0,7.0,0.03634476661682129
61.0,11.0,11.0,0.0375974178314209
22.0,4.0,4.0,0.011000633239746094
73.0,21.0,21.0,0.04559183120727539
21.0,7.0,7.0,0.010466814041137695
19.0,8.0,8.0,0.011979103088378906
27.0,9.0,9.0,0.016570091247558594
62.0,14.0,14.0,0.035566091537475586
51.0,18.0,18.0,0.034749507904052734
41.0,9.0,9.0,0.030086517333984375
42.0,7.0,7.0,0.03178119659423828
15.0,2.0,2.0,0.009842872619628906
45.0,13.0,13.0,0.02907276153564453
26.0,5.0,5.0,0.013311624526977539
23.0,9.0,9.0,0.016665935516357422
111.0,24.0,24.0,0.07242059707641602
98.0,24.0,24.0,0.05601644515991211
33.0,13.0,13.0,0.024762392044067383
52.0,16.0,16.0,0.039467573165893555
51.0,11.0,11.0,0.03035593032836914
101.0,16.0,16.0,0.06531620025634766
99.0,22.0,22.0,0.06338191032409668
178.0,53.0,53.0,0.11016535758972168
21.0,8.0,8.0,0.013630151748657227
53.0,4.0,4.0,0.032187700271606445
67.0,13.0,13.0,0.038190603256225586
40.0,20.0,20.0,0.022077322006225586
124.0,13.0,13.0,0.06843304634094238
20.0,9.0,9.0,0.014557361602783203
22.0,7.0,7.0,0.012644052505493164
43.0,8.0,8.0,0.027204513549804688
47.0,12.0,12.0,0.02655935287475586
14.0,3.0,3.0,0.007523536682128906
69.0,9.0,9.0,0.0409235954284668
42.0,12.0,12.0,0.023067235946655273
20.0,7.0,7.0,0.016214847564697266
18.0,7.0,7.0,0.010878562927246094
24.0,3.0,3.0,0.01438450813293457
26.0,8.0,8.0,0.01679062843322754
22.0,7.0,7.0,0.013093948364257812
34.0,14.0,14.0,0.026607036590576172
29.0,11.0,11.0,0.022322893142700195
82.0,18.0,18.0,0.06003618240356445
16.0,5.0,5.0,0.011136054992675781
25.0,10.0,10.0,0.014492034912109375
152.0,28.0,28.0,0.09205102920532227
40.0,9.0,9.0,0.01961350440979004
66.0,16.0,16.0,0.03538155555725098
99.0,27.0,27.0,0.05350542068481445
16.0,5.0,5.0,0.0074274539947509766
39.0,11.0,11.0,0.02101588249206543
17.0,5.0,5.0,0.007118940353393555
16.0,3.0,3.0,0.008994817733764648
28.0,10.0,10.0,0.013416767120361328
42.0,14.0,14.0,0.024664878845214844
33.0,5.0,5.0,0.01782703399658203
35.0,12.0,12.0,0.01990342140197754
43.0,16.0,16.0,0.020031213760375977
25.0,6.0,6.0,0.010831594467163086
19.0,3.0,3.0,0.00967550277709961
19.0,4.0,4.0,0.012618780136108398
65.0,18.0,18.0,0.030564308166503906
25.0,5.0,5.0,0.012154579162597656
94.0,18.0,18.0,0.05553269386291504
46.0,9.0,9.0,0.027902603149414062
25.0,4.0,4.0,0.013319015502929688
15.0,3.0,3.0,0.007590770721435547
16.0,4.0,4.0,0.01274871826171875
27.0,14.0,14.0,0.016764402389526367
108.0,19.0,19.0,0.06129050254821777
69.0,16.0,16.0,0.04080653190612793
65.0,19.0,19.0,0.03300666809082031
34.0,14.0,14.0,0.023313045501708984
118.0,23.0,23.0,0.06718993186950684
44.0,12.0,12.0,0.029901504516601562
77.0,8.0,8.0,0.059444427490234375
63.0,14.0,14.0,0.04091691970825195
57.0,11.0,11.0,0.03300619125366211
38.0,8.0,8.0,0.018167734146118164
60.0,14.0,14.0,0.03474140167236328
16.0,4.0,4.0,0.01539468765258789
27.0,12.0,12.0,0.020549535751342773
121.0,33.0,33.0,0.06579875946044922
50.0,24.0,24.0,0.03090071678161621
25.0,15.0,15.0,0.009914875030517578
18.0,7.0,7.0,0.011754512786865234
124.0,24.0,24.0,0.06540322303771973
29.0,7.0,7.0,0.018064498901367188
74.0,18.0,18.0,0.03412961959838867
69.0,12.0,12.0,0.036290645599365234
60.0,12.0,12.0,0.03152132034301758
39.0,14.0,14.0,0.01901841163635254
23.0,6.0,6.0,0.017325401306152344
125.0,27.0,27.0,0.0662992000579834
84.0,23.0,23.0,0.0390470027923584
109.0,17.0,17.0,0.06930160522460938
76.0,8.0,8.0,0.0477445125579834
39.0,18.0,18.0,0.024359703063964844
23.0,3.0,3.0,0.014040708541870117
26.0,6.0,6.0,0.016887664794921875
70.0,18.0,18.0,0.044168949127197266
36.0,16.0,16.0,0.022475481033325195
47.0,16.0,16.0,0.02757549285888672
55.0,16.0,16.0,0.03173565864562988
24.0,7.0,7.0,0.013215780258178711
65.0,24.0,24.0,0.041506290435791016
37.0,7.0,7.0,0.02321028709411621
53.0,18.0,18.0,0.03177762031555176
59.0,17.0,17.0,0.03660702705383301
90.0,18.0,18.0,0.07600617408752441
40.0,12.0,12.0,0.0320587158203125
33.0,17.0,17.0,0.022855758666992188
29.0,4.0,4.0,0.019971847534179688
105.0,27.0,27.0,0.0713660717010498
36.0,10.0,10.0,0.024474382400512695
26.0,9.0,9.0,0.01982855796813965
57.0,19.0,19.0,0.03215837478637695
67.0,15.0,15.0,0.03921985626220703
22.0,9.0,9.0,0.015384197235107422
34.0,10.0,10.0,0.01604938507080078
30.0,6.0,6.0,0.018427371978759766
60.0,20.0,20.0,0.03403949737548828
25.0,12.0,12.0,0.014983654022216797
34.0,10.0,10.0,0.01900005340576172
58.0,15.0,15.0,0.03442215919494629
72.0,10.0,10.0,0.03653740882873535
49.0,22.0,22.0,0.025501012802124023
55.0,14.0,14.0,0.03098773956298828
27.0,13.0,13.0,0.01741790771484375
159.0,35.0,35.0,0.1016688346862793
44.0,10.0,10.0,0.02809429168701172
127.0,19.0,19.0,0.07753896713256836
40.0,1.0,1.0,0.02765488624572754
41.0,10.0,10.0,0.024758100509643555
63.0,15.0,15.0,0.044974565505981445
40.0,11.0,11.0,0.0252382755279541
22.0,5.0,5.0,0.012389659881591797
65.0,14.0,14.0,0.03792071342468262
69.0,20.0,20.0,0.037856340408325195
41.0,19.0,19.0,0.02881145477294922
88.0,20.0,20.0,0.04540586471557617
36.0,11.0,11.0,0.018953800201416016
118.0,13.0,13.0,0.05845046043395996
17.0,5.0,5.0,0.00980830192565918
28.0,9.0,9.0,0.014010190963745117
60.0,17.0,17.0,0.04015374183654785
41.0,9.0,9.0,0.02567458152770996
46.0,32.0,32.0,0.034836769104003906
44.0,28.0,28.0,0.025345325469970703
23.0,11.0,11.0,0.011589527130126953
18.0,6.0,6.0,0.008015871047973633
32.0,5.0,5.0,0.02154374122619629
45.0,8.0,8.0,0.0226285457611084
43.0,9.0,9.0,0.028418779373168945
22.0,9.0,9.0,0.014011144638061523
23.0,3.0,3.0,0.01173090934753418
43.0,10.0,10.0,0.025350332260131836
57.0,11.0,11.0,0.03721261024475098
26.0,3.0,3.0,0.013908624649047852
76.0,19.0,19.0,0.04309201240539551
85.0,17.0,17.0,0.04868268966674805
46.0,9.0,9.0,0.028884172439575195
105.0,10.0,10.0,0.05974149703979492
59.0,11.0,11.0,0.034787654876708984
29.0,14.0,14.0,0.01651763916015625
28.0,11.0,11.0,0.019161701202392578
25.0,9.0,9.0,0.018993377685546875
36.0,13.0,13.0,0.02053093910217285
31.0,3.0,3.0,0.022910356521606445
70.0,13.0,13.0,0.041031837463378906
29.0,18.0,18.0,0.013178825378417969
22.0,9.0,9.0,0.012058734893798828
134.0,31.0,31.0,0.09557223320007324
20.0,5.0,5.0,0.01242828369140625
26.0,2.0,2.0,0.015630483627319336
41.0,17.0,17.0,0.02685546875
15.0,4.0,4.0,0.006685018539428711
41.0,11.0,11.0,0.023471593856811523
31.0,7.0,7.0,0.026401519775390625
21.0,9.0,9.0,0.017618179321289062
24.0,4.0,4.0,0.016808509826660156
27.0,12.0,12.0,0.020005464553833008
47.0,17.0,17.0,0.0408177375793457
52.0,13.0,13.0,0.037924766540527344
64.0,11.0,11.0,0.04527544975280762
56.0,18.0,18.0,0.04259777069091797
28.0,12.0,12.0,0.019286394119262695
47.0,15.0,15.0,0.03291773796081543
33.0,15.0,15.0,0.026524782180786133
35.0,10.0,10.0,0.028688430786132812
20.0,7.0,7.0,0.011799097061157227
81.0,16.0,16.0,0.05219006538391113
38.0,15.0,15.0,0.026035070419311523
38.0,9.0,9.0,0.019573688507080078
85.0,16.0,16.0,0.058684349060058594
65.0,10.0,10.0,0.04934811592102051
16.0,3.0,3.0,0.010151386260986328
22.0,10.0,10.0,0.019202709197998047
128.0,21.0,21.0,0.07184815406799316
83.0,20.0,20.0,0.056604862213134766
43.0,9.0,9.0,0.025684595108032227
25.0,8.0,8.0,0.018597841262817383
80.0,13.0,13.0,0.06338167190551758
68.0,16.0,16.0,0.035137176513671875
77.0,15.0,15.0,0.04494881629943848
19.0,5.0,5.0,0.009261846542358398
19.0,5.0,5.0,0.011963605880737305
51.0,11.0,11.0,0.028594017028808594
23.0,6.0,6.0,0.01617717742919922
83.0,24.0,24.0,0.04569244384765625
28.0,15.0,15.0,0.020216941833496094
141.0,27.0,27.0,0.08207249641418457
23.0,11.0,11.0,0.015333414077758789
34.0,9.0,9.0,0.025791168212890625
19.0,7.0,7.0,0.00854635238647461
43.0,22.0,22.0,0.02696681022644043
44.0,7.0,7.0,0.03398299217224121
26.0,8.0,8.0,0.014676570892333984
35.0,4.0,4.0,0.018413066864013672
29.0,11.0,11.0,0.020474910736083984
22.0,7.0,7.0,0.012545585632324219
31.0,10.0,10.0,0.020203351974487305
73.0,16.0,16.0,0.04163479804992676
21.0,9.0,9.0,0.015935182571411133
28.0,7.0,7.0,0.01790452003479004
25.0,13.0,13.0,0.017659425735473633
19.0,5.0,5.0,0.01620769500732422
38.0,7.0,7.0,0.02302718162536621
77.0,18.0,18.0,0.041182518005371094
44.0,14.0,14.0,0.02682971954345703
21.0,10.0,10.0,0.01149606704711914
31.0,12.0,12.0,0.021943092346191406
34.0,3.0,3.0,0.018628597259521484
165.0,31.0,31.0,0.09575128555297852
58.0,17.0,17.0,0.03640460968017578
40.0,13.0,13.0,0.02359795570373535
14.0,3.0,3.0,0.012827157974243164
41.0,14.0,14.0,0.02756643295288086
120.0,30.0,30.0,0.06293940544128418
157.0,38.0,38.0,0.08282589912414551
18.0,4.0,4.0,0.00900411605834961
60.0,11.0,11.0,0.03340554237365723
60.0,10.0,10.0,0.03924369812011719
25.0,14.0,14.0,0.013508796691894531
25.0,5.0,5.0,0.014137983322143555
64.0,22.0,22.0,0.035765886306762695
20.0,5.0,5.0,0.014347076416015625
25.0,13.0,13.0,0.015610694885253906
23.0,12.0,12.0,0.019097089767456055
35.0,9.0,9.0,0.021881103515625
52.0,11.0,11.0,0.03456735610961914
35.0,17.0,17.0,0.027831554412841797
27.0,5.0,5.0,0.017459392547607422
97.0,17.0,17.0,0.06567502021789551
75.0,19.0,19.0,0.04597830772399902
66.0,11.0,11.0,0.03718376159667969
49.0,11.0,11.0,0.029623746871948242
32.0,10.0,10.0,0.019136905670166016
137.0,28.0,28.0,0.08806467056274414
38.0,9.0,9.0,0.021673917770385742
21.0,7.0,7.0,0.01203775405883789
50.0,11.0,11.0,0.02939462661743164
70.0,5.0,5.0,0.049912214279174805
40.0,18.0,18.0,0.0303192138671875
19.0,8.0,8.0,0.018405675888061523
141.0,25.0,25.0,0.08886432647705078
55.0,29.0,29.0,0.036908864974975586
41.0,22.0,22.0,0.027993202209472656
119.0,24.0,24.0,0.07324957847595215
22.0,7.0,7.0,0.014258861541748047
42.0,23.0,23.0,0.028213024139404297
79.0,25.0,25.0,0.05394792556762695
19.0,3.0,3.0,0.013430356979370117
81.0,25.0,25.0,0.05346822738647461
19.0,8.0,8.0,0.009245634078979492
19.0,7.0,7.0,0.012593507766723633
43.0,18.0,18.0,0.026122570037841797
28.0,6.0,6.0,0.020227432250976562
53.0,13.0,13.0,0.0394744873046875
38.0,25.0,25.0,0.02324366569519043
45.0,15.0,15.0,0.0312807559967041
36.0,8.0,8.0,0.02300715446472168
28.0,17.0,17.0,0.0212557315826416
15.0,4.0,4.0,0.006259918212890625
25.0,11.0,11.0,0.015171527862548828
33.0,9.0,9.0,0.023479938507080078
42.0,15.0,15.0,0.026990652084350586
81.0,15.0,15.0,0.04818892478942871
51.0,16.0,16.0,0.035991668701171875
108.0,16.0,16.0,0.07128453254699707
29.0,14.0,14.0,0.01801896095275879
40.0,21.0,21.0,0.028818130493164062
34.0,15.0,15.0,0.022149085998535156
23.0,4.0,4.0,0.013915300369262695
17.0,4.0,4.0,0.014079809188842773
31.0,12.0,12.0,0.020805835723876953
17.0,3.0,3.0,0.00853729248046875
26.0,10.0,10.0,0.018093585968017578
55.0,10.0,10.0,0.03212857246398926
65.0,16.0,16.0,0.04940438270568848
75.0,15.0,15.0,0.041991472244262695
46.0,11.0,11.0,0.025392770767211914
138.0,29.0,29.0,0.08536553382873535
139.0,32.0,32.0,0.08897066116333008
56.0,13.0,13.0,0.035752296447753906
37.0,13.0,13.0,0.027971506118774414
41.0,8.0,8.0,0.028717041015625
34.0,12.0,12.0,0.02941608428955078
29.0,8.0,8.0,0.020552396774291992
21.0,8.0,8.0,0.016437530517578125
24.0,13.0,13.0,0.012391805648803711
29.0,7.0,7.0,0.021062135696411133
16.0,4.0,4.0,0.01307058334350586
25.0,6.0,6.0,0.020461082458496094
69.0,19.0,19.0,0.05057382583618164
15.0,4.0,4.0,0.014729976654052734
124.0,16.0,16.0,0.09753012657165527
76.0,20.0,20.0,0.05170035362243652
48.0,25.0,25.0,0.03241229057312012
71.0,17.0,17.0,0.044886112213134766
17.0,6.0,6.0,0.010596513748168945
29.0,11.0,11.0,0.02014946937561035
87.0,25.0,25.0,0.053035736083984375
45.0,14.0,14.0,0.023310184478759766
19.0,6.0,6.0,0.014989137649536133
59.0,16.0,16.0,0.037030935287475586
52.0,30.0,30.0,0.03384590148925781
29.0,3.0,3.0,0.016024112701416016
25.0,8.0,8.0,0.02035212516784668
36.0,9.0,9.0,0.021087169647216797
39.0,14.0,14.0,0.023439645767211914
76.0,23.0,23.0,0.04756975173950195
56.0,14.0,14.0,0.03732633590698242
37.0,9.0,9.0,0.02775287628173828
22.0,10.0,10.0,0.019164323806762695
73.0,20.0,20.0,0.04351639747619629
52.0,8.0,8.0,0.0323939323425293
21.0,9.0,9.0,0.010523319244384766
32.0,14.0,14.0,0.022233247756958008
59.0,14.0,14.0,0.03561234474182129
52.0,19.0,19.0,0.03481888771057129
29.0,10.0,10.0,0.023369312286376953
46.0,16.0,16.0,0.03200101852416992
15.0,5.0,5.0,0.011656045913696289
25.0,14.0,14.0,0.015449047088623047
35.0,12.0,12.0,0.026193857192993164
20.0,7.0,7.0,0.012395143508911133
43.0,11.0,11.0,0.029467344284057617
64.0,10.0,10.0,0.0432586669921875
32.0,6.0,6.0,0.019023895263671875
16.0,3.0,3.0,0.009035587310791016
42.0,12.0,12.0,0.03421950340270996
53.0,12.0,12.0,0.03307008743286133
40.0,18.0,18.0,0.02440929412841797
55.0,13.0,13.0,0.033452510833740234
32.0,12.0,12.0,0.020978689193725586
28.0,9.0,9.0,0.02115464210510254
33.0,13.0,13.0,0.023865699768066406
74.0,24.0,24.0,0.04773521423339844
24.0,12.0,12.0,0.020608901977539062
42.0,10.0,10.0,0.02970719337463379
109.0,28.0,28.0,0.0712728500366211
31.0,4.0,4.0,0.020567655563354492
49.0,8.0,8.0,0.03351902961730957
30.0,9.0,9.0,0.023079395294189453
66.0,15.0,15.0,0.04768061637878418
20.0,5.0,5.0,0.015112876892089844
27.0,6.0,6.0,0.015430688858032227
18.0,7.0,7.0,0.015636444091796875
103.0,27.0,27.0,0.0673208236694336
15.0,4.0,4.0,0.00983572006225586
26.0,10.0,10.0,0.012852191925048828
80.0,24.0,24.0,0.046662330627441406
47.0,7.0,7.0,0.03212690353393555
33.0,10.0,10.0,0.02308487892150879
39.0,7.0,7.0,0.027550220489501953
32.0,8.0,8.0,0.02132701873779297
81.0,12.0,12.0,0.05339694023132324
72.0,10.0,10.0,0.039325714111328125
25.0,9.0,9.0,0.015969514846801758
29.0,8.0,8.0,0.01677560806274414
15.0,3.0,3.0,0.009334564208984375
41.0,10.0,10.0,0.026158809661865234
42.0,7.0,7.0,0.027360916137695312
36.0,4.0,4.0,0.027144193649291992
21.0,4.0,4.0,0.01434946060180664
18.0,6.0,6.0,0.016850948333740234
132.0,30.0,30.0,0.10979819297790527
59.0,17.0,17.0,0.038564205169677734
40.0,16.0,16.0,0.02701115608215332
116.0,19.0,19.0,0.07398390769958496
44.0,5.0,5.0,0.024770498275756836
21.0,5.0,5.0,0.01356959342956543
22.0,10.0,10.0,0.012076377868652344
51.0,12.0,12.0,0.031366586685180664
84.0,24.0,24.0,0.0511631965637207
40.0,16.0,16.0,0.023328542709350586
32.0,11.0,11.0,0.017544269561767578
26.0,8.0,8.0,0.023311376571655273
105.0,25.0,25.0,0.06188774108886719
32.0,10.0,10.0,0.02425384521484375
43.0,7.0,7.0,0.031208038330078125
83.0,20.0,20.0,0.05736041069030762
81.0,19.0,19.0,0.06537103652954102
33.0,12.0,12.0,0.02561044692993164
57.0,8.0,8.0,0.04158139228820801
76.0,16.0,16.0,0.04870152473449707
68.0,15.0,15.0,0.04390549659729004
96.0,20.0,20.0,0.06368494033813477
91.0,18.0,18.0,0.061760902404785156
36.0,12.0,12.0,0.024940013885498047
22.0,9.0,9.0,0.013750314712524414
26.0,15.0,15.0,0.025663137435913086
79.0,21.0,21.0,0.055570363998413086
23.0,6.0,6.0,0.012279033660888672
42.0,7.0,7.0,0.031170368194580078
42.0,10.0,10.0,0.028697967529296875
57.0,11.0,11.0,0.03406381607055664
65.0,16.0,16.0,0.032025814056396484
28.0,6.0,6.0,0.017096757888793945
23.0,2.0,2.0,0.009989738464355469
33.0,10.0,10.0,0.01923203468322754
35.0,16.0,16.0,0.02066826820373535
97.0,25.0,25.0,0.05659747123718262
20.0,4.0,4.0,0.01651787757873535
22.0,10.0,10.0,0.013098716735839844
60.0,12.0,12.0,0.030392885208129883
55.0,18.0,18.0,0.02801060676574707
15.0,2.0,2.0,0.008296012878417969
56.0,19.0,19.0,0.03369426727294922
226.0,45.0,45.0,0.14787721633911133
30.0,13.0,13.0,0.01792001724243164
17.0,3.0,3.0,0.011415958404541016
25.0,12.0,12.0,0.014770269393920898
44.0,9.0,9.0,0.03686809539794922
42.0,15.0,15.0,0.03691720962524414
124.0,30.0,30.0,0.08263564109802246
79.0,17.0,17.0,0.05389142036437988
20.0,8.0,8.0,0.008343935012817383
26.0,8.0,8.0,0.015068292617797852
22.0,5.0,5.0,0.01661086082458496
22.0,9.0,9.0,0.013438701629638672
18.0,4.0,4.0,0.01428842544555664
48.0,9.0,9.0,0.03440260887145996
36.0,12.0,12.0,0.02320408821105957
31.0,11.0,11.0,0.01628732681274414
190.0,29.0,29.0,0.1770949363708496
21.0,10.0,10.0,0.02322673797607422
71.0,12.0,12.0,0.07393884658813477
24.0,10.0,10.0,0.03246116638183594
21.0,9.0,9.0,0.020260334014892578
38.0,18.0,18.0,0.030605316162109375
27.0,10.0,10.0,0.027637958526611328
22.0,8.0,8.0,0.018349647521972656
21.0,5.0,5.0,0.014708280563354492
25.0,11.0,11.0,0.02199244499206543
43.0,13.0,13.0,0.034058332443237305
82.0,30.0,30.0,0.06685495376586914
45.0,15.0,15.0,0.03875136375427246
79.0,17.0,17.0,0.06909418106079102
19.0,7.0,7.0,0.017914533615112305
31.0,7.0,7.0,0.020249605178833008
54.0,9.0,9.0,0.05681896209716797
48.0,11.0,11.0,0.033156394958496094
21.0,9.0,9.0,0.0188143253326416
24.0,8.0,8.0,0.012002944946289062
27.0,12.0,12.0,0.024342775344848633
86.0,27.0,27.0,0.09235143661499023
95.0,23.0,23.0,0.07916665077209473
81.0,24.0,24.0,0.08084940910339355
33.0,16.0,16.0,0.03490447998046875
37.0,7.0,7.0,0.025859355926513672
22.0,10.0,10.0,0.019866466522216797
56.0,18.0,18.0,0.05982780456542969
31.0,14.0,14.0,0.03221631050109863
23.0,10.0,10.0,0.031746625900268555
17.0,6.0,6.0,0.02322864532470703
30.0,9.0,9.0,0.035613059997558594
139.0,24.0,24.0,0.10820960998535156
29.0,13.0,13.0,0.02469348907470703
17.0,4.0,4.0,0.016002893447875977
15.0,1.0,1.0,0.01121973991394043
17.0,6.0,6.0,0.02014923095703125
72.0,14.0,14.0,0.06503129005432129
46.0,11.0,11.0,0.03798365592956543
96.0,15.0,15.0,0.06763339042663574
59.0,11.0,11.0,0.043808698654174805
22.0,8.0,8.0,0.01775646209716797
24.0,6.0,6.0,0.020570039749145508
38.0,7.0,7.0,0.031187772750854492
37.0,11.0,11.0,0.025635480880737305
45.0,25.0,25.0,0.037364959716796875
18.0,6.0,6.0,0.011083602905273438
22.0,8.0,8.0,0.016950607299804688
29.0,12.0,12.0,0.030512571334838867
29.0,6.0,6.0,0.021793603897094727
68.0,13.0,13.0,0.04090261459350586
86.0,14.0,14.0,0.04984617233276367
38.0,14.0,14.0,0.024118900299072266
97.0,17.0,17.0,0.059160470962524414
36.0,11.0,11.0,0.02460956573486328
42.0,11.0,11.0,0.023689746856689453
53.0,15.0,15.0,0.0452730655670166
44.0,10.0,10.0,0.03918313980102539
32.0,10.0,10.0,0.027713537216186523
29.0,16.0,16.0,0.019639968872070312
48.0,14.0,14.0,0.027515888214111328
18.0,7.0,7.0,0.01516413688659668
115.0,31.0,31.0,0.06711697578430176
89.0,12.0,12.0,0.05226469039916992
61.0,14.0,14.0,0.041600704193115234
33.0,16.0,16.0,0.01840043067932129
32.0,9.0,9.0,0.022104978561401367
116.0,29.0,29.0,0.0637204647064209
61.0,16.0,16.0,0.041344642639160156
24.0,8.0,8.0,0.016864299774169922
23.0,9.0,9.0,0.012524843215942383
61.0,13.0,13.0,0.038706064224243164
78.0,28.0,28.0,0.04786396026611328
45.0,5.0,5.0,0.03010106086730957
124.0,19.0,19.0,0.06669831275939941
57.0,12.0,12.0,0.031977176666259766
49.0,16.0,16.0,0.03211569786071777
17.0,6.0,6.0,0.0075151920318603516
33.0,12.0,12.0,0.02199721336364746
30.0,6.0,6.0,0.01858806610107422
35.0,15.0,15.0,0.023494720458984375
27.0,8.0,8.0,0.014200687408447266
23.0,9.0,9.0,0.010711669921875
17.0,6.0,6.0,0.010711669921875
49.0,11.0,11.0,0.028981924057006836
32.0,8.0,8.0,0.018035888671875
89.0,22.0,22.0,0.05418729782104492
77.0,20.0,20.0,0.04746890068054199
17.0,5.0,5.0,0.014275074005126953
71.0,14.0,14.0,0.04990959167480469
19.0,5.0,5.0,0.011072397232055664
24.0,12.0,12.0,0.020457029342651367
50.0,10.0,10.0,0.032146453857421875
36.0,14.0,14.0,0.017955303192138672
50.0,9.0,9.0,0.03036785125732422
86.0,14.0,14.0,0.05153703689575195
39.0,8.0,8.0,0.020568370819091797
18.0,5.0,5.0,0.01223611831665039
46.0,15.0,15.0,0.0287930965423584
29.0,6.0,6.0,0.018548965454101562
20.0,9.0,9.0,0.012883901596069336
26.0,10.0,10.0,0.015759706497192383
62.0,35.0,35.0,0.036241769790649414
49.0,11.0,11.0,0.0353543758392334
15.0,4.0,4.0,0.0075528621673583984
69.0,26.0,26.0,0.04315757751464844
54.0,8.0,8.0,0.034775733947753906
42.0,7.0,7.0,0.028131484985351562
116.0,32.0,32.0,0.07524228096008301
31.0,11.0,11.0,0.013566732406616211
108.0,25.0,25.0,0.06324934959411621
26.0,10.0,10.0,0.012012481689453125
18.0,7.0,7.0,0.009553670883178711
15.0,4.0,4.0,0.0070574283599853516
62.0,19.0,19.0,0.036080360412597656
38.0,6.0,6.0,0.019220352172851562
29.0,17.0,17.0,0.013997077941894531
20.0,8.0,8.0,0.011630058288574219
92.0,17.0,17.0,0.05275607109069824
131.0,24.0,24.0,0.07668471336364746
20.0,8.0,8.0,0.010848760604858398
50.0,20.0,20.0,0.029061317443847656
18.0,6.0,6.0,0.00726771354675293
53.0,12.0,12.0,0.032180070877075195
40.0,13.0,13.0,0.024791240692138672
25.0,10.0,10.0,0.012067794799804688
33.0,13.0,13.0,0.01960277557373047
94.0,19.0,19.0,0.06267595291137695
28.0,9.0,9.0,0.019614219665527344
17.0,3.0,3.0,0.0141448974609375
36.0,8.0,8.0,0.01910567283630371
43.0,7.0,7.0,0.028681039810180664
47.0,17.0,17.0,0.032558441162109375
15.0,4.0,4.0,0.008119821548461914
22.0,7.0,7.0,0.015875577926635742
76.0,25.0,25.0,0.04227590560913086
99.0,26.0,26.0,0.059250831604003906
39.0,16.0,16.0,0.019524097442626953
128.0,20.0,20.0,0.07353043556213379
34.0,8.0,8.0,0.026871204376220703
26.0,9.0,9.0,0.026508569717407227
78.0,14.0,14.0,0.04442238807678223
59.0,19.0,19.0,0.038121938705444336
23.0,9.0,9.0,0.016669511795043945
125.0,19.0,19.0,0.08214783668518066
22.0,8.0,8.0,0.010410308837890625
25.0,7.0,7.0,0.016405582427978516
20.0,7.0,7.0,0.010773897171020508
13.0,2.0,2.0,0.010050058364868164
66.0,17.0,17.0,0.039748191833496094
42.0,18.0,18.0,0.021083593368530273
29.0,10.0,10.0,0.01871323585510254
25.0,11.0,11.0,0.013219118118286133
36.0,11.0,11.0,0.0203402042388916
46.0,16.0,16.0,0.027712345123291016
83.0,22.0,22.0,0.051186561584472656
72.0,9.0,9.0,0.04492902755737305
39.0,14.0,14.0,0.0215299129486084
151.0,25.0,25.0,0.08886265754699707
13.0,2.0,2.0,0.01138448715209961
180.0,52.0,52.0,0.11146950721740723
42.0,15.0,15.0,0.023828744888305664
109.0,20.0,20.0,0.06285977363586426
53.0,8.0,8.0,0.03320050239562988
26.0,6.0,6.0,0.016335248947143555
55.0,19.0,19.0,0.028822660446166992
48.0,12.0,12.0,0.02745199203491211
28.0,6.0,6.0,0.015492439270019531
34.0,13.0,13.0,0.021553993225097656
35.0,15.0,15.0,0.021281003952026367
33.0,6.0,6.0,0.021018028259277344
17.0,6.0,6.0,0.011523008346557617
20.0,6.0,6.0,0.010645627975463867
35.0,7.0,7.0,0.021219491958618164
18.0,6.0,6.0,0.011679410934448242
47.0,9.0,9.0,0.02526712417602539
24.0,9.0,9.0,0.014277219772338867
26.0,7.0,7.0,0.015184879302978516
28.0,4.0,4.0,0.015661001205444336
39.0,9.0,9.0,0.022579431533813477
67.0,14.0,14.0,0.03845024108886719
52.0,10.0,10.0,0.028553485870361328
63.0,12.0,12.0,0.03449082374572754
48.0,8.0,8.0,0.028597593307495117
126.0,33.0,33.0,0.07674646377563477
21.0,7.0,7.0,0.017086267471313477
59.0,14.0,14.0,0.03278684616088867
39.0,16.0,16.0,0.025066614151000977
22.0,12.0,12.0,0.011483192443847656
18.0,7.0,7.0,0.010264873504638672
79.0,26.0,26.0,0.04502081871032715
26.0,8.0,8.0,0.013486862182617188
129.0,21.0,21.0,0.08100748062133789
18.0,4.0,4.0,0.01157689094543457
34.0,5.0,5.0,0.024201154708862305
20.0,7.0,7.0,0.015932798385620117
28.0,9.0,9.0,0.01702737808227539
122.0,32.0,32.0,0.07944536209106445
27.0,7.0,7.0,0.019714832305908203
100.0,19.0,19.0,0.060068368911743164
56.0,14.0,14.0,0.038316965103149414
27.0,11.0,11.0,0.019221067428588867
38.0,11.0,11.0,0.02628946304321289
56.0,18.0,18.0,0.038743019104003906
57.0,18.0,18.0,0.049597740173339844
19.0,6.0,6.0,0.01253366470336914
116.0,28.0,28.0,0.07754993438720703
57.0,8.0,8.0,0.038762807846069336
67.0,12.0,12.0,0.04611635208129883
19.0,7.0,7.0,0.01633739471435547
86.0,17.0,17.0,0.057832956314086914
51.0,20.0,20.0,0.029786109924316406
141.0,23.0,23.0,0.09405231475830078
31.0,5.0,5.0,0.03349947929382324
21.0,5.0,5.0,0.019103527069091797
90.0,18.0,18.0,0.07535004615783691
18.0,7.0,7.0,0.013382911682128906
20.0,5.0,5.0,0.01640486717224121
81.0,29.0,29.0,0.050528526306152344
20.0,9.0,9.0,0.01703166961669922
51.0,10.0,10.0,0.03282427787780762
65.0,9.0,9.0,0.041792869567871094
21.0,8.0,8.0,0.014490365982055664
24.0,7.0,7.0,0.013604164123535156
93.0,24.0,24.0,0.08710145950317383
25.0,11.0,11.0,0.021571874618530273
30.0,9.0,9.0,0.0264585018157959
25.0,6.0,6.0,0.019458293914794922
20.0,5.0,5.0,0.02010369300842285
30.0,7.0,7.0,0.018796920776367188
103.0,23.0,23.0,0.07556986808776855
18.0,6.0,6.0,0.015785694122314453
23.0,7.0,7.0,0.018892288208007812
36.0,4.0,4.0,0.026304960250854492
39.0,9.0,9.0,0.027326583862304688
36.0,19.0,19.0,0.038936614990234375
23.0,8.0,8.0,0.012156963348388672
20.0,7.0,7.0,0.012833356857299805
39.0,9.0,9.0,0.029639720916748047
35.0,6.0,6.0,0.02420973777770996
83.0,19.0,19.0,0.0657050609588623
61.0,11.0,11.0,0.04971146583557129
29.0,7.0,7.0,0.03056502342224121
67.0,18.0,18.0,0.05422782897949219
104.0,21.0,21.0,0.0835580825805664
26.0,6.0,6.0,0.022979021072387695
27.0,5.0,5.0,0.026869773864746094
41.0,15.0,15.0,0.042885780334472656
112.0,19.0,19.0,0.09557127952575684
80.0,26.0,26.0,0.06538510322570801
29.0,7.0,7.0,0.02507495880126953
40.0,13.0,13.0,0.027210474014282227
60.0,18.0,18.0,0.04695844650268555
49.0,14.0,14.0,0.04865002632141113
23.0,4.0,4.0,0.01984238624572754
29.0,10.0,10.0,0.027849674224853516
39.0,24.0,24.0,0.03931927680969238
60.0,7.0,7.0,0.05180001258850098
96.0,27.0,27.0,0.07015705108642578
189.0,36.0,36.0,0.14790034294128418
28.0,8.0,8.0,0.023865699768066406
36.0,7.0,7.0,0.03044271469116211
31.0,18.0,18.0,0.03246331214904785
41.0,17.0,17.0,0.03374648094177246
67.0,17.0,17.0,0.049576520919799805
119.0,14.0,14.0,0.0790717601776123
61.0,12.0,12.0,0.04110121726989746
38.0,10.0,10.0,0.022362709045410156
24.0,9.0,9.0,0.016785383224487305
27.0,7.0,7.0,0.014811515808105469
76.0,18.0,18.0,0.0478205680847168
18.0,2.0,2.0,0.011594772338867188
17.0,6.0,6.0,0.014385700225830078
25.0,6.0,6.0,0.01389765739440918
25.0,6.0,6.0,0.019979238510131836
20.0,9.0,9.0,0.01103353500366211
62.0,23.0,23.0,0.03859448432922363
30.0,5.0,5.0,0.017592430114746094
32.0,3.0,3.0,0.024023771286010742
23.0,3.0,3.0,0.017058134078979492
49.0,8.0,8.0,0.03754782676696777
17.0,5.0,5.0,0.012621164321899414
16.0,3.0,3.0,0.014432668685913086
36.0,10.0,10.0,0.026070833206176758
36.0,9.0,9.0,0.021195411682128906
118.0,20.0,20.0,0.07410192489624023
33.0,6.0,6.0,0.025519609451293945
18.0,6.0,6.0,0.02489757537841797
35.0,11.0,11.0,0.030843734741210938
30.0,4.0,4.0,0.029970884323120117
31.0,8.0,8.0,0.028662681579589844
37.0,6.0,6.0,0.032125234603881836
28.0,12.0,12.0,0.02415180206298828
29.0,16.0,16.0,0.019603729248046875
30.0,10.0,10.0,0.031584978103637695
32.0,11.0,11.0,0.029372692108154297
18.0,6.0,6.0,0.010635137557983398
80.0,16.0,16.0,0.05214095115661621
11.0,0.0,0.0,0.012202024459838867
39.0,11.0,11.0,0.03927445411682129
19.0,7.0,7.0,0.015611886978149414
42.0,19.0,19.0,0.03862953186035156
21.0,9.0,9.0,0.014321565628051758
22.0,8.0,8.0,0.017234086990356445
69.0,14.0,14.0,0.038835763931274414
15.0,3.0,3.0,0.013418912887573242
69.0,20.0,20.0,0.03922128677368164
65.0,20.0,20.0,0.06258440017700195
24.0,5.0,5.0,0.012241363525390625
46.0,17.0,17.0,0.03989815711975098
62.0,10.0,10.0,0.04883694648742676
29.0,9.0,9.0,0.021450519561767578
35.0,6.0,6.0,0.02554917335510254
34.0,14.0,14.0,0.04347109794616699
224.0,39.0,39.0,0.2018415927886963
51.0,8.0,8.0,0.03066706657409668
39.0,10.0,10.0,0.029792308807373047
51.0,8.0,8.0,0.04300737380981445
36.0,13.0,13.0,0.029642105102539062
74.0,20.0,20.0,0.05496716499328613
186.0,17.0,17.0,0.1335599422454834
186.0,40.0,40.0,0.11654186248779297
38.0,10.0,10.0,0.0331418514251709
18.0,6.0,6.0,0.01657414436340332
70.0,13.0,13.0,0.047238826751708984
15.0,4.0,4.0,0.016936063766479492
51.0,11.0,11.0,0.03711581230163574
108.0,13.0,13.0,0.07637739181518555
18.0,6.0,6.0,0.010999917984008789
15.0,2.0,2.0,0.012465953826904297
50.0,19.0,19.0,0.036374568939208984
36.0,14.0,14.0,0.027775049209594727
17.0,4.0,4.0,0.014116525650024414
76.0,17.0,17.0,0.060530662536621094
21.0,8.0,8.0,0.010923147201538086
22.0,8.0,8.0,0.014031648635864258
63.0,8.0,8.0,0.03800535202026367
51.0,12.0,12.0,0.03279876708984375
28.0,5.0,5.0,0.018379926681518555
105.0,17.0,17.0,0.0741872787475586
22.0,9.0,9.0,0.014076948165893555
55.0,26.0,26.0,0.03436684608459473
32.0,7.0,7.0,0.029834508895874023
53.0,13.0,13.0,0.045772552490234375
62.0,15.0,15.0,0.0358729362487793
18.0,1.0,1.0,0.016675472259521484
22.0,7.0,7.0,0.012382745742797852
29.0,8.0,8.0,0.016688823699951172
25.0,6.0,6.0,0.013084650039672852
39.0,11.0,11.0,0.027066946029663086
51.0,9.0,9.0,0.03519487380981445
34.0,8.0,8.0,0.02867293357849121
20.0,4.0,4.0,0.012743949890136719
48.0,15.0,15.0,0.029549837112426758
37.0,19.0,19.0,0.02472400665283203
135.0,35.0,35.0,0.0868384838104248
80.0,21.0,21.0,0.06021308898925781
18.0,4.0,4.0,0.01463007926940918
22.0,9.0,9.0,0.014232158660888672
65.0,14.0,14.0,0.047722816467285156
17.0,6.0,6.0,0.011914491653442383
27.0,5.0,5.0,0.0172579288482666
24.0,8.0,8.0,0.020160913467407227
19.0,5.0,5.0,0.011442184448242188
43.0,5.0,5.0,0.030455827713012695
24.0,9.0,9.0,0.015205144882202148
30.0,14.0,14.0,0.02350163459777832
134.0,15.0,15.0,0.0825033187866211
39.0,7.0,7.0,0.02700638771057129
57.0,9.0,9.0,0.03220701217651367
66.0,16.0,16.0,0.034685611724853516
70.0,19.0,19.0,0.06946635246276855
21.0,9.0,9.0,0.013016462326049805
17.0,7.0,7.0,0.011446237564086914
43.0,18.0,18.0,0.026020050048828125
102.0,16.0,16.0,0.07878875732421875
78.0,8.0,8.0,0.05282878875732422
80.0,11.0,11.0,0.05557441711425781
17.0,5.0,5.0,0.013236045837402344
41.0,11.0,11.0,0.02872633934020996
21.0,6.0,6.0,0.01618814468383789
78.0,20.0,20.0,0.05801725387573242
93.0,20.0,20.0,0.06514620780944824
43.0,16.0,16.0,0.034523725509643555
60.0,16.0,16.0,0.04546618461608887
31.0,15.0,15.0,0.022117137908935547
22.0,3.0,3.0,0.0156404972076416
23.0,7.0,7.0,0.018701791763305664
22.0,7.0,7.0,0.018660545349121094
116.0,34.0,34.0,0.08028554916381836
50.0,8.0,8.0,0.028490781784057617
48.0,12.0,12.0,0.03292369842529297
32.0,17.0,17.0,0.024203777313232422
22.0,3.0,3.0,0.01672649383544922
32.0,9.0,9.0,0.02855825424194336
21.0,8.0,8.0,0.018961429595947266
18.0,5.0,5.0,0.021750688552856445
25.0,11.0,11.0,0.02313518524169922
50.0,10.0,10.0,0.041977882385253906
29.0,4.0,4.0,0.03369498252868652
39.0,9.0,9.0,0.0346682071685791
65.0,24.0,24.0,0.053952932357788086
25.0,12.0,12.0,0.024566650390625
44.0,9.0,9.0,0.03543400764465332
69.0,21.0,21.0,0.060146331787109375
53.0,13.0,13.0,0.034548282623291016
26.0,8.0,8.0,0.022957324981689453
44.0,21.0,21.0,0.03593015670776367
35.0,7.0,7.0,0.02378082275390625
27.0,7.0,7.0,0.023400545120239258
33.0,10.0,10.0,0.026853084564208984
49.0,15.0,15.0,0.03963780403137207
60.0,13.0,13.0,0.0457301139831543
19.0,8.0,8.0,0.02053689956665039
35.0,9.0,9.0,0.029003143310546875
25.0,4.0,4.0,0.02067112922668457
41.0,10.0,10.0,0.03082108497619629
30.0,4.0,4.0,0.028077125549316406
20.0,3.0,3.0,0.015342950820922852
48.0,8.0,8.0,0.043871164321899414
20.0,6.0,6.0,0.02347087860107422
43.0,19.0,19.0,0.03505730628967285
35.0,11.0,11.0,0.03445887565612793
18.0,7.0,7.0,0.018556594848632812
31.0,5.0,5.0,0.028188228607177734
13.0,3.0,3.0,0.014486551284790039
20.0,6.0,6.0,0.015221834182739258
42.0,7.0,7.0,0.03956937789916992
41.0,10.0,10.0,0.028388261795043945
27.0,9.0,9.0,0.022747516632080078
73.0,23.0,23.0,0.07172536849975586
28.0,11.0,11.0,0.030556917190551758
69.0,5.0,5.0,0.05599474906921387
44.0,15.0,15.0,0.03520035743713379
24.0,9.0,9.0,0.020087718963623047
74.0,8.0,8.0,0.06666231155395508
18.0,6.0,6.0,0.016452550888061523
28.0,4.0,4.0,0.03130173683166504
53.0,15.0,15.0,0.048431396484375
29.0,7.0,7.0,0.0341339111328125
86.0,24.0,24.0,0.07890725135803223
34.0,8.0,8.0,0.024815082550048828
70.0,17.0,17.0,0.05116438865661621
19.0,9.0,9.0,0.01573801040649414
21.0,7.0,7.0,0.01545405387878418
54.0,13.0,13.0,0.03742814064025879
47.0,19.0,19.0,0.02776360511779785
21.0,7.0,7.0,0.014211654663085938
19.0,3.0,3.0,0.009420394897460938
104.0,15.0,15.0,0.06330561637878418
38.0,7.0,7.0,0.02483081817626953
25.0,8.0,8.0,0.013539791107177734
43.0,22.0,22.0,0.034508466720581055
112.0,19.0,19.0,0.0694587230682373
21.0,6.0,6.0,0.01369166374206543
24.0,5.0,5.0,0.016224384307861328
27.0,7.0,7.0,0.017360687255859375
40.0,9.0,9.0,0.033837318420410156
44.0,15.0,15.0,0.029418468475341797
32.0,9.0,9.0,0.02005171775817871
55.0,19.0,19.0,0.03496861457824707
33.0,22.0,22.0,0.020081758499145508
38.0,8.0,8.0,0.021768808364868164
27.0,10.0,10.0,0.023944616317749023
40.0,9.0,9.0,0.03086256980895996
29.0,11.0,11.0,0.024085283279418945
23.0,8.0,8.0,0.01915121078491211
17.0,4.0,4.0,0.017919540405273438
46.0,13.0,13.0,0.028438091278076172
44.0,4.0,4.0,0.03086709976196289
69.0,13.0,13.0,0.041548967361450195
24.0,5.0,5.0,0.014362812042236328
17.0,5.0,5.0,0.010876178741455078
30.0,11.0,11.0,0.02508401870727539
17.0,7.0,7.0,0.007245302200317383
112.0,24.0,24.0,0.0763096809387207
50.0,12.0,12.0,0.03289175033569336
28.0,6.0,6.0,0.014025688171386719
27.0,7.0,7.0,0.01676201820373535
30.0,19.0,19.0,0.022282838821411133
57.0,9.0,9.0,0.04327678680419922
184.0,39.0,39.0,0.13100695610046387
29.0,8.0,8.0,0.018140316009521484
24.0,10.0,10.0,0.020169973373413086
31.0,4.0,4.0,0.024239778518676758
28.0,16.0,16.0,0.01773834228515625
54.0,11.0,11.0,0.03823041915893555
92.0,22.0,22.0,0.07270932197570801
107.0,24.0,24.0,0.07118487358093262
30.0,7.0,7.0,0.023263931274414062
191.0,47.0,47.0,0.1387033462524414
27.0,5.0,5.0,0.018995285034179688
56.0,13.0,13.0,0.04246044158935547
23.0,9.0,9.0,0.01258230209350586
164.0,44.0,44.0,0.11967110633850098
32.0,6.0,6.0,0.022389888763427734
39.0,13.0,13.0,0.031065702438354492
15.0,4.0,4.0,0.011843204498291016
38.0,22.0,22.0,0.026037931442260742
26.0,13.0,13.0,0.01740407943725586
26.0,8.0,8.0,0.01800084114074707
60.0,16.0,16.0,0.03940534591674805
50.0,10.0,10.0,0.029543638229370117
25.0,5.0,5.0,0.019629240036010742
39.0,14.0,14.0,0.01896214485168457
171.0,21.0,21.0,0.20737218856811523
64.0,14.0,14.0,0.04025721549987793
41.0,10.0,10.0,0.023171186447143555
18.0,3.0,3.0,0.008380651473999023
29.0,8.0,8.0,0.019083261489868164
28.0,11.0,11.0,0.017234086990356445
48.0,10.0,10.0,0.02831125259399414
19.0,6.0,6.0,0.013178586959838867
28.0,16.0,16.0,0.027112960815429688
15.0,3.0,3.0,0.010065317153930664
15.0,3.0,3.0,0.015558958053588867
24.0,9.0,9.0,0.013665914535522461
35.0,12.0,12.0,0.02222275733947754
141.0,21.0,21.0,0.08556032180786133
55.0,19.0,19.0,0.02791452407836914
99.0,19.0,19.0,0.06747722625732422
26.0,10.0,10.0,0.018593788146972656
49.0,12.0,12.0,0.028749704360961914
22.0,11.0,11.0,0.013991355895996094
36.0,13.0,13.0,0.02217245101928711
35.0,11.0,11.0,0.01764822006225586
35.0,17.0,17.0,0.0201413631439209
81.0,10.0,10.0,0.05234932899475098
54.0,19.0,19.0,0.045963287353515625
21.0,7.0,7.0,0.016571760177612305
32.0,8.0,8.0,0.02112889289855957
41.0,7.0,7.0,0.02503371238708496
99.0,22.0,22.0,0.08002614974975586
20.0,5.0,5.0,0.0183258056640625
19.0,5.0,5.0,0.019241809844970703
167.0,29.0,29.0,0.13111019134521484
23.0,9.0,9.0,0.024185657501220703
92.0,21.0,21.0,0.08398056030273438
31.0,15.0,15.0,0.021842241287231445
23.0,8.0,8.0,0.021683692932128906
65.0,26.0,26.0,0.05578327178955078
74.0,18.0,18.0,0.06713747978210449
136.0,24.0,24.0,0.08887410163879395
57.0,19.0,19.0,0.03355574607849121
77.0,13.0,13.0,0.05423378944396973
95.0,16.0,16.0,0.058461904525756836
68.0,22.0,22.0,0.04480290412902832
45.0,19.0,19.0,0.0322413444519043
32.0,11.0,11.0,0.021822452545166016
51.0,16.0,16.0,0.0359346866607666
85.0,16.0,16.0,0.0622866153717041
19.0,5.0,5.0,0.01317143440246582
44.0,13.0,13.0,0.033171892166137695
37.0,11.0,11.0,0.029416799545288086
36.0,11.0,11.0,0.02166604995727539
201.0,32.0,32.0,0.1386106014251709
20.0,6.0,6.0,0.014565467834472656
121.0,28.0,28.0,0.08069324493408203
30.0,12.0,12.0,0.024164915084838867
23.0,9.0,9.0,0.01690387725830078
31.0,15.0,15.0,0.01976323127746582
44.0,25.0,25.0,0.02825307846069336
53.0,8.0,8.0,0.03223109245300293
39.0,21.0,21.0,0.03005695343017578
81.0,17.0,17.0,0.06025218963623047
72.0,10.0,10.0,0.053212881088256836
21.0,6.0,6.0,0.016530990600585938
29.0,12.0,12.0,0.02034306526184082
28.0,10.0,10.0,0.022017240524291992
59.0,15.0,15.0,0.03761482238769531
27.0,6.0,6.0,0.014824151992797852
29.0,7.0,7.0,0.015251398086547852
25.0,6.0,6.0,0.017198562622070312
59.0,17.0,17.0,0.033875465393066406
17.0,4.0,4.0,0.01316690444946289
111.0,26.0,26.0,0.07812833786010742
19.0,5.0,5.0,0.011133670806884766
31.0,11.0,11.0,0.02086019515991211
61.0,15.0,15.0,0.03599238395690918
37.0,14.0,14.0,0.027119159698486328
31.0,13.0,13.0,0.022339820861816406
31.0,13.0,13.0,0.02497720718383789
49.0,10.0,10.0,0.032247304916381836
24.0,10.0,10.0,0.012310504913330078
60.0,20.0,20.0,0.04262900352478027
36.0,5.0,5.0,0.026423931121826172
95.0,23.0,23.0,0.0589604377746582
61.0,14.0,14.0,0.037348031997680664
37.0,12.0,12.0,0.02037811279296875
138.0,25.0,25.0,0.09425115585327148
22.0,3.0,3.0,0.01684093475341797
46.0,6.0,6.0,0.03337597846984863
45.0,4.0,4.0,0.03601956367492676
21.0,8.0,8.0,0.013337373733520508
71.0,16.0,16.0,0.041139841079711914
76.0,9.0,9.0,0.05437064170837402
74.0,17.0,17.0,0.04133200645446777
18.0,6.0,6.0,0.010739803314208984
52.0,17.0,17.0,0.04023933410644531
63.0,10.0,10.0,0.04612112045288086
30.0,12.0,12.0,0.021375417709350586
17.0,6.0,6.0,0.008147001266479492
16.0,4.0,4.0,0.012314558029174805
20.0,4.0,4.0,0.009585857391357422
21.0,8.0,8.0,0.012237548828125
20.0,9.0,9.0,0.01419210433959961
37.0,17.0,17.0,0.026948213577270508
56.0,15.0,15.0,0.04270672798156738
18.0,7.0,7.0,0.015639781951904297
105.0,23.0,23.0,0.06498169898986816
50.0,11.0,11.0,0.028090476989746094
58.0,20.0,20.0,0.03747081756591797
21.0,10.0,10.0,0.010126352310180664
20.0,5.0,5.0,0.008524417877197266
17.0,5.0,5.0,0.013962507247924805
17.0,4.0,4.0,0.009112119674682617
28.0,8.0,8.0,0.017853260040283203
81.0,29.0,29.0,0.05707097053527832
91.0,30.0,30.0,0.06056499481201172
20.0,8.0,8.0,0.019544601440429688
36.0,9.0,9.0,0.028425931930541992
47.0,11.0,11.0,0.027499914169311523
73.0,22.0,22.0,0.05176115036010742
23.0,4.0,4.0,0.014536380767822266
76.0,17.0,17.0,0.05088162422180176
33.0,7.0,7.0,0.025871753692626953
23.0,11.0,11.0,0.015603065490722656
63.0,9.0,9.0,0.046587228775024414
72.0,20.0,20.0,0.04268956184387207
108.0,35.0,35.0,0.06494951248168945
19.0,8.0,8.0,0.011971473693847656
35.0,11.0,11.0,0.018096923828125
64.0,16.0,16.0,0.03898048400878906
64.0,25.0,25.0,0.03711676597595215
78.0,18.0,18.0,0.04654240608215332
22.0,10.0,10.0,0.01303553581237793
25.0,8.0,8.0,0.01404881477355957
117.0,30.0,30.0,0.06615591049194336
26.0,10.0,10.0,0.019347429275512695
18.0,5.0,5.0,0.008534908294677734
54.0,16.0,16.0,0.038744211196899414
46.0,10.0,10.0,0.030999422073364258
33.0,6.0,6.0,0.030144691467285156
19.0,5.0,5.0,0.009043455123901367
98.0,20.0,20.0,0.059351205825805664
196.0,42.0,42.0,0.12335371971130371
26.0,5.0,5.0,0.0179140567779541
61.0,12.0,12.0,0.03675651550292969
52.0,12.0,12.0,0.04388689994812012
91.0,18.0,18.0,0.06950616836547852
118.0,25.0,25.0,0.07445216178894043
13.0,2.0,2.0,0.007794857025146484
92.0,21.0,21.0,0.05729961395263672
146.0,33.0,33.0,0.11825394630432129
51.0,6.0,6.0,0.035849809646606445
27.0,11.0,11.0,0.014951705932617188
50.0,14.0,14.0,0.032948970794677734
51.0,10.0,10.0,0.029093503952026367
81.0,19.0,19.0,0.04874610900878906
71.0,12.0,12.0,0.04435276985168457
34.0,10.0,10.0,0.023543596267700195
20.0,8.0,8.0,0.011841773986816406
44.0,7.0,7.0,0.029280662536621094
45.0,20.0,20.0,0.02739262580871582
66.0,18.0,18.0,0.03542280197143555
35.0,12.0,12.0,0.020586490631103516
224.0,43.0,43.0,0.14875006675720215
124.0,39.0,39.0,0.07717609405517578
26.0,11.0,11.0,0.018351316452026367
25.0,6.0,6.0,0.012149333953857422
59.0,14.0,14.0,0.0369873046875
49.0,15.0,15.0,0.03307151794433594
21.0,7.0,7.0,0.018735647201538086
153.0,33.0,33.0,0.10509586334228516
29.0,14.0,14.0,0.015470266342163086
47.0,13.0,13.0,0.03377079963684082
20.0,6.0,6.0,0.013243436813354492
23.0,7.0,7.0,0.01810932159423828
31.0,13.0,13.0,0.022890329360961914
20.0,6.0,6.0,0.014269828796386719
61.0,18.0,18.0,0.03093886375427246
44.0,8.0,8.0,0.0322725772857666
20.0,5.0,5.0,0.0140380859375
33.0,11.0,11.0,0.029146909713745117
38.0,16.0,16.0,0.031182289123535156
17.0,4.0,4.0,0.011224031448364258
62.0,9.0,9.0,0.04498100280761719
63.0,14.0,14.0,0.05390763282775879
60.0,10.0,10.0,0.03233647346496582
84.0,15.0,15.0,0.05948996543884277
38.0,8.0,8.0,0.026592731475830078
77.0,14.0,14.0,0.05389523506164551
34.0,9.0,9.0,0.02574014663696289
37.0,17.0,17.0,0.027647733688354492
83.0,21.0,21.0,0.0593419075012207
76.0,21.0,21.0,0.05309343338012695
27.0,7.0,7.0,0.019663333892822266
30.0,11.0,11.0,0.019931316375732422
26.0,9.0,9.0,0.024139404296875
40.0,10.0,10.0,0.03291821479797363
90.0,19.0,19.0,0.08307862281799316
25.0,3.0,3.0,0.025071144104003906
86.0,14.0,14.0,0.06028866767883301
14.0,3.0,3.0,0.008997440338134766
57.0,8.0,8.0,0.04373908042907715
68.0,15.0,15.0,0.05015063285827637
31.0,8.0,8.0,0.021614551544189453
161.0,25.0,25.0,0.124298095703125
33.0,19.0,19.0,0.022449970245361328
23.0,10.0,10.0,0.01883554458618164
120.0,20.0,20.0,0.07771468162536621
56.0,5.0,5.0,0.03328299522399902
58.0,7.0,7.0,0.043027639389038086
71.0,14.0,14.0,0.05097198486328125
33.0,17.0,17.0,0.01968073844909668
