Timesteps,Collisions,Steps Waited,Real-Time Elapsed
36.0,9.0,9.0,0.02741265296936035
21.0,9.0,9.0,0.016699552536010742
45.0,15.0,15.0,0.034452199935913086
23.0,7.0,7.0,0.021121501922607422
34.0,13.0,13.0,0.024240732192993164
30.0,10.0,10.0,0.024841785430908203
51.0,15.0,15.0,0.035121917724609375
80.0,37.0,37.0,0.052002906799316406
30.0,9.0,9.0,0.02104353904724121
43.0,16.0,16.0,0.029589414596557617
40.0,8.0,8.0,0.0279998779296875
77.0,33.0,33.0,0.052633047103881836
106.0,37.0,37.0,0.08004212379455566
49.0,15.0,15.0,0.03758955001831055
74.0,25.0,25.0,0.06960296630859375
58.0,18.0,18.0,0.04933571815490723
113.0,44.0,44.0,0.08753323554992676
17.0,5.0,5.0,0.011995077133178711
26.0,12.0,12.0,0.027530670166015625
62.0,21.0,21.0,0.06110858917236328
48.0,24.0,24.0,0.035613059997558594
34.0,22.0,22.0,0.03119683265686035
59.0,26.0,26.0,0.04224872589111328
44.0,8.0,8.0,0.030760526657104492
100.0,37.0,37.0,0.07520318031311035
31.0,19.0,19.0,0.023146867752075195
58.0,19.0,19.0,0.04258084297180176
37.0,20.0,20.0,0.028870820999145508
19.0,7.0,7.0,0.01571965217590332
178.0,43.0,43.0,0.13652706146240234
45.0,10.0,10.0,0.034833669662475586
94.0,22.0,22.0,0.07539701461791992
34.0,14.0,14.0,0.028691530227661133
60.0,20.0,20.0,0.06006789207458496
36.0,22.0,22.0,0.02858877182006836
31.0,17.0,17.0,0.019519805908203125
78.0,26.0,26.0,0.06715035438537598
194.0,52.0,52.0,0.14035463333129883
35.0,15.0,15.0,0.02260565757751465
44.0,31.0,31.0,0.030144453048706055
25.0,13.0,13.0,0.015015602111816406
145.0,52.0,52.0,0.09708929061889648
128.0,56.0,56.0,0.09576535224914551
48.0,28.0,28.0,0.03600144386291504
67.0,36.0,36.0,0.0454716682434082
57.0,15.0,15.0,0.050065040588378906
41.0,13.0,13.0,0.04591560363769531
186.0,38.0,38.0,0.1427631378173828
56.0,29.0,29.0,0.03606104850769043
30.0,9.0,9.0,0.017935514450073242
40.0,9.0,9.0,0.02721238136291504
25.0,13.0,13.0,0.022998809814453125
21.0,11.0,11.0,0.014000177383422852
51.0,17.0,17.0,0.03699922561645508
53.0,20.0,20.0,0.04552602767944336
121.0,26.0,26.0,0.10805273056030273
31.0,12.0,12.0,0.03311419486999512
81.0,25.0,25.0,0.06258296966552734
23.0,12.0,12.0,0.020995616912841797
133.0,46.0,46.0,0.08370852470397949
51.0,18.0,18.0,0.035178422927856445
61.0,20.0,20.0,0.05823993682861328
31.0,11.0,11.0,0.03876447677612305
27.0,10.0,10.0,0.022121667861938477
25.0,11.0,11.0,0.017271995544433594
60.0,22.0,22.0,0.03860950469970703
22.0,7.0,7.0,0.01421046257019043
43.0,20.0,20.0,0.03400540351867676
34.0,13.0,13.0,0.023998498916625977
108.0,45.0,45.0,0.06951308250427246
126.0,29.0,29.0,0.12274408340454102
22.0,10.0,10.0,0.019181013107299805
62.0,21.0,21.0,0.044884443283081055
69.0,22.0,22.0,0.05035257339477539
59.0,25.0,25.0,0.04572415351867676
49.0,23.0,23.0,0.04766201972961426
46.0,15.0,15.0,0.03496670722961426
35.0,8.0,8.0,0.031441688537597656
49.0,22.0,22.0,0.03199911117553711
122.0,44.0,44.0,0.10795092582702637
29.0,14.0,14.0,0.025254487991333008
45.0,21.0,21.0,0.04399585723876953
169.0,49.0,49.0,0.11051774024963379
28.0,14.0,14.0,0.028044700622558594
33.0,15.0,15.0,0.03504347801208496
45.0,15.0,15.0,0.040000200271606445
26.0,8.0,8.0,0.02004265785217285
53.0,17.0,17.0,0.03804492950439453
73.0,34.0,34.0,0.04855179786682129
31.0,16.0,16.0,0.02058553695678711
119.0,32.0,32.0,0.10770630836486816
92.0,51.0,51.0,0.06836247444152832
40.0,12.0,12.0,0.04095888137817383
89.0,26.0,26.0,0.062014102935791016
65.0,28.0,28.0,0.049370765686035156
41.0,15.0,15.0,0.028329849243164062
20.0,10.0,10.0,0.01856827735900879
64.0,27.0,27.0,0.05566048622131348
27.0,11.0,11.0,0.025821447372436523
93.0,22.0,22.0,0.06350994110107422
40.0,26.0,26.0,0.02642059326171875
37.0,14.0,14.0,0.024511098861694336
23.0,10.0,10.0,0.016000747680664062
30.0,10.0,10.0,0.021001338958740234
97.0,25.0,25.0,0.06993269920349121
22.0,10.0,10.0,0.015340566635131836
51.0,21.0,21.0,0.0315098762512207
91.0,30.0,30.0,0.06348824501037598
29.0,16.0,16.0,0.018998384475708008
45.0,19.0,19.0,0.028529644012451172
22.0,8.0,8.0,0.014510869979858398
41.0,11.0,11.0,0.03218984603881836
102.0,41.0,41.0,0.08794331550598145
79.0,24.0,24.0,0.06863713264465332
38.0,16.0,16.0,0.03504371643066406
17.0,3.0,3.0,0.011239767074584961
17.0,6.0,6.0,0.011000633239746094
38.0,12.0,12.0,0.029666900634765625
47.0,16.0,16.0,0.044573307037353516
120.0,48.0,48.0,0.09025835990905762
33.0,11.0,11.0,0.027637243270874023
93.0,38.0,38.0,0.08831286430358887
24.0,8.0,8.0,0.020451068878173828
66.0,26.0,26.0,0.05495619773864746
49.0,18.0,18.0,0.05015230178833008
70.0,41.0,41.0,0.07398629188537598
57.0,21.0,21.0,0.037952423095703125
17.0,5.0,5.0,0.013073205947875977
32.0,13.0,13.0,0.02245330810546875
87.0,28.0,28.0,0.07128405570983887
51.0,19.0,19.0,0.053179264068603516
17.0,3.0,3.0,0.012037038803100586
62.0,14.0,14.0,0.04124307632446289
19.0,8.0,8.0,0.015999317169189453
52.0,18.0,18.0,0.037375450134277344
26.0,9.0,9.0,0.026637792587280273
54.0,23.0,23.0,0.05709528923034668
63.0,36.0,36.0,0.058562517166137695
196.0,64.0,64.0,0.1531205177307129
44.0,12.0,12.0,0.04370546340942383
59.0,19.0,19.0,0.04460620880126953
96.0,45.0,45.0,0.06744003295898438
19.0,6.0,6.0,0.012986421585083008
64.0,21.0,21.0,0.04206204414367676
85.0,32.0,32.0,0.062450408935546875
29.0,11.0,11.0,0.024613142013549805
83.0,20.0,20.0,0.05399608612060547
162.0,49.0,49.0,0.11263728141784668
90.0,36.0,36.0,0.07416677474975586
31.0,11.0,11.0,0.021660327911376953
39.0,26.0,26.0,0.02867412567138672
24.0,12.0,12.0,0.0167999267578125
49.0,17.0,17.0,0.03896331787109375
25.0,13.0,13.0,0.017720460891723633
79.0,26.0,26.0,0.06191301345825195
18.0,7.0,7.0,0.012002706527709961
31.0,10.0,10.0,0.021001815795898438
30.0,15.0,15.0,0.029356956481933594
74.0,32.0,32.0,0.07092881202697754
31.0,11.0,11.0,0.02157425880432129
27.0,13.0,13.0,0.02310919761657715
32.0,11.0,11.0,0.030409812927246094
106.0,26.0,26.0,0.10161495208740234
68.0,28.0,28.0,0.04996514320373535
26.0,13.0,13.0,0.024550199508666992
44.0,19.0,19.0,0.03835630416870117
119.0,47.0,47.0,0.09322667121887207
55.0,23.0,23.0,0.04686450958251953
25.0,15.0,15.0,0.02162766456604004
29.0,15.0,15.0,0.02260756492614746
29.0,12.0,12.0,0.018328189849853516
38.0,15.0,15.0,0.0272519588470459
30.0,14.0,14.0,0.020849943161010742
53.0,14.0,14.0,0.040038108825683594
62.0,19.0,19.0,0.05460333824157715
31.0,13.0,13.0,0.02686285972595215
46.0,12.0,12.0,0.03374028205871582
119.0,31.0,31.0,0.08509635925292969
42.0,11.0,11.0,0.03362321853637695
40.0,18.0,18.0,0.031072378158569336
142.0,46.0,46.0,0.10464978218078613
55.0,31.0,31.0,0.0411982536315918
91.0,39.0,39.0,0.07989025115966797
39.0,18.0,18.0,0.03194689750671387
97.0,32.0,32.0,0.06524157524108887
40.0,18.0,18.0,0.02657604217529297
56.0,16.0,16.0,0.04081463813781738
41.0,19.0,19.0,0.026384353637695312
48.0,18.0,18.0,0.03448939323425293
109.0,26.0,26.0,0.07116580009460449
72.0,27.0,27.0,0.05455589294433594
40.0,11.0,11.0,0.031632423400878906
47.0,23.0,23.0,0.03399968147277832
44.0,19.0,19.0,0.03099966049194336
80.0,22.0,22.0,0.05742073059082031
34.0,7.0,7.0,0.02239537239074707
33.0,12.0,12.0,0.022016525268554688
32.0,14.0,14.0,0.022379159927368164
60.0,9.0,9.0,0.04049491882324219
51.0,24.0,24.0,0.03931069374084473
21.0,8.0,8.0,0.015589475631713867
31.0,13.0,13.0,0.023000001907348633
91.0,23.0,23.0,0.05804276466369629
33.0,14.0,14.0,0.023999691009521484
154.0,55.0,55.0,0.10563206672668457
86.0,28.0,28.0,0.05904269218444824
15.0,4.0,4.0,0.011896610260009766
30.0,19.0,19.0,0.0260922908782959
27.0,13.0,13.0,0.02151346206665039
53.0,13.0,13.0,0.042577505111694336
88.0,25.0,25.0,0.07433652877807617
70.0,28.0,28.0,0.058762311935424805
21.0,10.0,10.0,0.01600027084350586
41.0,22.0,22.0,0.03292584419250488
39.0,15.0,15.0,0.027538537979125977
33.0,10.0,10.0,0.022420883178710938
24.0,13.0,13.0,0.01538848876953125
46.0,17.0,17.0,0.03066730499267578
35.0,10.0,10.0,0.023569107055664062
35.0,9.0,9.0,0.02488398551940918
30.0,11.0,11.0,0.0189969539642334
33.0,11.0,11.0,0.021043062210083008
106.0,41.0,41.0,0.07200002670288086
80.0,34.0,34.0,0.05263257026672363
97.0,27.0,27.0,0.07294869422912598
87.0,28.0,28.0,0.05700039863586426
36.0,11.0,11.0,0.03304290771484375
65.0,28.0,28.0,0.05258965492248535
36.0,10.0,10.0,0.029999971389770508
20.0,7.0,7.0,0.015582799911499023
26.0,15.0,15.0,0.020999908447265625
103.0,36.0,36.0,0.0686497688293457
69.0,43.0,43.0,0.045169830322265625
146.0,56.0,56.0,0.10475540161132812
115.0,37.0,37.0,0.08251214027404785
38.0,13.0,13.0,0.02488422393798828
104.0,24.0,24.0,0.07354354858398438
60.0,28.0,28.0,0.04089999198913574
97.0,55.0,55.0,0.06803703308105469
41.0,19.0,19.0,0.05776524543762207
84.0,19.0,19.0,0.07683134078979492
31.0,14.0,14.0,0.022577524185180664
18.0,7.0,7.0,0.014645099639892578
47.0,14.0,14.0,0.03512430191040039
95.0,28.0,28.0,0.06796741485595703
111.0,30.0,30.0,0.0892782211303711
121.0,39.0,39.0,0.08316922187805176
45.0,24.0,24.0,0.03432154655456543
69.0,13.0,13.0,0.04569816589355469
21.0,7.0,7.0,0.016626834869384766
30.0,14.0,14.0,0.019438505172729492
73.0,28.0,28.0,0.06412720680236816
29.0,17.0,17.0,0.023473501205444336
23.0,11.0,11.0,0.017099618911743164
69.0,24.0,24.0,0.047585248947143555
38.0,20.0,20.0,0.02837681770324707
38.0,18.0,18.0,0.03919339179992676
33.0,8.0,8.0,0.028560638427734375
34.0,12.0,12.0,0.027123451232910156
34.0,16.0,16.0,0.02964639663696289
53.0,23.0,23.0,0.039348602294921875
45.0,17.0,17.0,0.030675411224365234
34.0,14.0,14.0,0.027034282684326172
69.0,24.0,24.0,0.050627708435058594
51.0,28.0,28.0,0.042999982833862305
73.0,32.0,32.0,0.06618928909301758
23.0,8.0,8.0,0.019479751586914062
40.0,15.0,15.0,0.03969597816467285
64.0,25.0,25.0,0.06058764457702637
51.0,21.0,21.0,0.03547263145446777
59.0,23.0,23.0,0.0412144660949707
66.0,17.0,17.0,0.04856705665588379
132.0,39.0,39.0,0.10975122451782227
58.0,19.0,19.0,0.050234079360961914
32.0,13.0,13.0,0.025150299072265625
19.0,5.0,5.0,0.016152381896972656
37.0,15.0,15.0,0.029474973678588867
57.0,16.0,16.0,0.04391169548034668
29.0,12.0,12.0,0.019909381866455078
21.0,10.0,10.0,0.016476154327392578
96.0,39.0,39.0,0.0706169605255127
26.0,11.0,11.0,0.01871037483215332
27.0,7.0,7.0,0.020636320114135742
52.0,19.0,19.0,0.045516014099121094
95.0,27.0,27.0,0.08691239356994629
72.0,23.0,23.0,0.05784440040588379
16.0,6.0,6.0,0.012993812561035156
34.0,17.0,17.0,0.027817964553833008
173.0,67.0,67.0,0.1524338722229004
17.0,4.0,4.0,0.01575946807861328
52.0,25.0,25.0,0.04331851005554199
38.0,12.0,12.0,0.02346658706665039
94.0,33.0,33.0,0.06305789947509766
43.0,14.0,14.0,0.03840494155883789
126.0,61.0,61.0,0.11899757385253906
43.0,16.0,16.0,0.029415369033813477
38.0,15.0,15.0,0.03654122352600098
39.0,22.0,22.0,0.02463507652282715
46.0,21.0,21.0,0.02973198890686035
51.0,19.0,19.0,0.0367436408996582
37.0,13.0,13.0,0.02794957160949707
162.0,39.0,39.0,0.12658095359802246
22.0,12.0,12.0,0.015282154083251953
22.0,9.0,9.0,0.016954421997070312
67.0,40.0,40.0,0.08232355117797852
63.0,17.0,17.0,0.06323027610778809
75.0,35.0,35.0,0.048858642578125
34.0,19.0,19.0,0.021861791610717773
33.0,12.0,12.0,0.026849031448364258
39.0,22.0,22.0,0.03000783920288086
190.0,52.0,52.0,0.14177703857421875
74.0,20.0,20.0,0.05498671531677246
44.0,18.0,18.0,0.03428459167480469
53.0,13.0,13.0,0.03853964805603027
81.0,23.0,23.0,0.07169938087463379
17.0,5.0,5.0,0.012604236602783203
27.0,12.0,12.0,0.03453469276428223
32.0,16.0,16.0,0.03286027908325195
99.0,35.0,35.0,0.0663764476776123
103.0,34.0,34.0,0.06997036933898926
133.0,38.0,38.0,0.09026765823364258
131.0,52.0,52.0,0.1026601791381836
71.0,26.0,26.0,0.04896044731140137
151.0,50.0,50.0,0.12119364738464355
23.0,12.0,12.0,0.0149993896484375
31.0,16.0,16.0,0.021808385848999023
103.0,39.0,39.0,0.07755255699157715
31.0,10.0,10.0,0.026042699813842773
21.0,8.0,8.0,0.017849206924438477
40.0,17.0,17.0,0.027379512786865234
37.0,25.0,25.0,0.029396533966064453
32.0,18.0,18.0,0.02976512908935547
38.0,18.0,18.0,0.028217792510986328
21.0,9.0,9.0,0.01475071907043457
23.0,10.0,10.0,0.018741369247436523
78.0,37.0,37.0,0.05456733703613281
82.0,18.0,18.0,0.0546872615814209
33.0,11.0,11.0,0.02138352394104004
90.0,41.0,41.0,0.06523251533508301
27.0,15.0,15.0,0.016005754470825195
41.0,13.0,13.0,0.03538823127746582
58.0,35.0,35.0,0.04035234451293945
106.0,34.0,34.0,0.0888357162475586
58.0,8.0,8.0,0.057428598403930664
52.0,31.0,31.0,0.03791356086730957
86.0,34.0,34.0,0.05652427673339844
23.0,6.0,6.0,0.024215221405029297
148.0,43.0,43.0,0.1264326572418213
19.0,6.0,6.0,0.019901037216186523
22.0,11.0,11.0,0.02173018455505371
182.0,44.0,44.0,0.14429616928100586
16.0,6.0,6.0,0.010531425476074219
32.0,13.0,13.0,0.021239280700683594
45.0,20.0,20.0,0.03597736358642578
58.0,31.0,31.0,0.03806471824645996
48.0,17.0,17.0,0.03155064582824707
52.0,15.0,15.0,0.03834366798400879
63.0,20.0,20.0,0.04208779335021973
34.0,18.0,18.0,0.03208184242248535
92.0,34.0,34.0,0.07399606704711914
115.0,25.0,25.0,0.08564448356628418
299.0,68.0,68.0,0.21583294868469238
91.0,29.0,29.0,0.059722185134887695
30.0,14.0,14.0,0.020194530487060547
119.0,49.0,49.0,0.08494806289672852
25.0,14.0,14.0,0.01570272445678711
29.0,12.0,12.0,0.0187990665435791
107.0,31.0,31.0,0.07455730438232422
38.0,13.0,13.0,0.02503371238708496
43.0,20.0,20.0,0.032000064849853516
115.0,42.0,42.0,0.08663272857666016
26.0,8.0,8.0,0.023581981658935547
29.0,14.0,14.0,0.028036832809448242
42.0,11.0,11.0,0.03171849250793457
57.0,19.0,19.0,0.05359172821044922
94.0,37.0,37.0,0.0897054672241211
170.0,56.0,56.0,0.13356757164001465
19.0,8.0,8.0,0.014294147491455078
46.0,19.0,19.0,0.04105710983276367
79.0,42.0,42.0,0.0627446174621582
48.0,27.0,27.0,0.03591108322143555
76.0,30.0,30.0,0.051792144775390625
22.0,7.0,7.0,0.014574766159057617
94.0,29.0,29.0,0.06120038032531738
41.0,11.0,11.0,0.027135372161865234
57.0,21.0,21.0,0.0532984733581543
32.0,13.0,13.0,0.029488086700439453
44.0,15.0,15.0,0.03284502029418945
50.0,21.0,21.0,0.038553476333618164
28.0,7.0,7.0,0.023490428924560547
40.0,19.0,19.0,0.026993513107299805
45.0,23.0,23.0,0.05267167091369629
59.0,20.0,20.0,0.05358767509460449
59.0,18.0,18.0,0.053540945053100586
47.0,17.0,17.0,0.03636360168457031
112.0,36.0,36.0,0.07231545448303223
17.0,6.0,6.0,0.010997533798217773
49.0,21.0,21.0,0.03866219520568848
97.0,38.0,38.0,0.07500028610229492
36.0,13.0,13.0,0.029627561569213867
27.0,11.0,11.0,0.017999887466430664
56.0,12.0,12.0,0.03899979591369629
27.0,16.0,16.0,0.0190432071685791
78.0,30.0,30.0,0.05659008026123047
27.0,14.0,14.0,0.018000125885009766
132.0,27.0,27.0,0.09962773323059082
161.0,54.0,54.0,0.11560702323913574
140.0,55.0,55.0,0.10212993621826172
139.0,43.0,43.0,0.09422469139099121
62.0,30.0,30.0,0.047831058502197266
99.0,48.0,48.0,0.0862734317779541
38.0,23.0,23.0,0.039975881576538086
52.0,22.0,22.0,0.03774547576904297
37.0,20.0,20.0,0.0308687686920166
102.0,23.0,23.0,0.08212423324584961
26.0,10.0,10.0,0.020520925521850586
52.0,18.0,18.0,0.036852121353149414
42.0,18.0,18.0,0.030786752700805664
29.0,8.0,8.0,0.024186372756958008
42.0,17.0,17.0,0.033564090728759766
46.0,19.0,19.0,0.032971858978271484
25.0,12.0,12.0,0.015587568283081055
66.0,24.0,24.0,0.05869793891906738
59.0,35.0,35.0,0.042298316955566406
107.0,32.0,32.0,0.08323502540588379
46.0,25.0,25.0,0.034358978271484375
74.0,17.0,17.0,0.05711865425109863
102.0,30.0,30.0,0.08643531799316406
34.0,16.0,16.0,0.029044628143310547
43.0,29.0,29.0,0.038880348205566406
37.0,22.0,22.0,0.02968907356262207
23.0,11.0,11.0,0.019105195999145508
48.0,24.0,24.0,0.035945892333984375
76.0,40.0,40.0,0.06611323356628418
29.0,7.0,7.0,0.02251148223876953
48.0,19.0,19.0,0.04824209213256836
103.0,42.0,42.0,0.0860748291015625
107.0,42.0,42.0,0.07236814498901367
57.0,23.0,23.0,0.037592411041259766
63.0,12.0,12.0,0.04228401184082031
88.0,29.0,29.0,0.0696725845336914
25.0,9.0,9.0,0.018632173538208008
98.0,34.0,34.0,0.07624244689941406
40.0,17.0,17.0,0.03105020523071289
162.0,44.0,44.0,0.11524105072021484
210.0,83.0,83.0,0.16516900062561035
39.0,14.0,14.0,0.03383994102478027
34.0,15.0,15.0,0.02407979965209961
48.0,16.0,16.0,0.03808474540710449
25.0,14.0,14.0,0.01710224151611328
59.0,41.0,41.0,0.04779410362243652
82.0,29.0,29.0,0.07301092147827148
35.0,20.0,20.0,0.028092145919799805
74.0,25.0,25.0,0.048410654067993164
55.0,22.0,22.0,0.044715166091918945
73.0,37.0,37.0,0.06432914733886719
39.0,25.0,25.0,0.030474185943603516
45.0,18.0,18.0,0.03900480270385742
150.0,55.0,55.0,0.13309764862060547
17.0,5.0,5.0,0.012992143630981445
23.0,11.0,11.0,0.021536827087402344
41.0,17.0,17.0,0.0323488712310791
31.0,16.0,16.0,0.027632474899291992
14.0,4.0,4.0,0.012709856033325195
35.0,17.0,17.0,0.03106999397277832
51.0,18.0,18.0,0.045285701751708984
121.0,46.0,46.0,0.09098672866821289
46.0,11.0,11.0,0.04013347625732422
80.0,26.0,26.0,0.07422471046447754
28.0,11.0,11.0,0.017998456954956055
114.0,38.0,38.0,0.1012582778930664
57.0,20.0,20.0,0.04035139083862305
138.0,39.0,39.0,0.09485507011413574
58.0,27.0,27.0,0.045261383056640625
49.0,26.0,26.0,0.036559343338012695
50.0,16.0,16.0,0.054018259048461914
69.0,31.0,31.0,0.0702056884765625
26.0,8.0,8.0,0.024182558059692383
24.0,14.0,14.0,0.021497726440429688
69.0,27.0,27.0,0.057367801666259766
83.0,30.0,30.0,0.0699472427368164
27.0,6.0,6.0,0.023326873779296875
155.0,47.0,47.0,0.1301417350769043
18.0,7.0,7.0,0.014582395553588867
118.0,38.0,38.0,0.0771486759185791
33.0,9.0,9.0,0.02157449722290039
47.0,18.0,18.0,0.031009912490844727
65.0,22.0,22.0,0.04593968391418457
37.0,20.0,20.0,0.0259249210357666
44.0,26.0,26.0,0.03281044960021973
27.0,16.0,16.0,0.01950836181640625
22.0,9.0,9.0,0.021481990814208984
47.0,18.0,18.0,0.037581443786621094
25.0,10.0,10.0,0.02011871337890625
73.0,27.0,27.0,0.05917048454284668
33.0,18.0,18.0,0.03241276741027832
42.0,23.0,23.0,0.031010150909423828
68.0,34.0,34.0,0.0502321720123291
23.0,11.0,11.0,0.018514633178710938
70.0,23.0,23.0,0.04700136184692383
112.0,47.0,47.0,0.0960690975189209
70.0,22.0,22.0,0.055373430252075195
100.0,41.0,41.0,0.08667469024658203
18.0,5.0,5.0,0.014036893844604492
71.0,15.0,15.0,0.05701017379760742
28.0,16.0,16.0,0.022042274475097656
76.0,27.0,27.0,0.05557084083557129
27.0,6.0,6.0,0.025999784469604492
54.0,16.0,16.0,0.04059004783630371
18.0,5.0,5.0,0.015999794006347656
49.0,19.0,19.0,0.03800010681152344
33.0,19.0,19.0,0.03028082847595215
27.0,5.0,5.0,0.022475242614746094
56.0,21.0,21.0,0.047180891036987305
38.0,24.0,24.0,0.028514623641967773
84.0,30.0,30.0,0.06055784225463867
25.0,11.0,11.0,0.02126789093017578
85.0,21.0,21.0,0.06231236457824707
91.0,31.0,31.0,0.08866357803344727
35.0,15.0,15.0,0.03070998191833496
51.0,21.0,21.0,0.04568815231323242
21.0,7.0,7.0,0.015388727188110352
59.0,13.0,13.0,0.0517575740814209
111.0,40.0,40.0,0.07808494567871094
64.0,27.0,27.0,0.057488203048706055
31.0,14.0,14.0,0.021411657333374023
100.0,23.0,23.0,0.07193660736083984
35.0,16.0,16.0,0.026326417922973633
27.0,15.0,15.0,0.019799470901489258
32.0,15.0,15.0,0.020678997039794922
25.0,11.0,11.0,0.015999794006347656
38.0,22.0,22.0,0.02435898780822754
25.0,11.0,11.0,0.019039154052734375
84.0,33.0,33.0,0.059976816177368164
55.0,21.0,21.0,0.03987002372741699
119.0,46.0,46.0,0.08825302124023438
57.0,25.0,25.0,0.038338661193847656
35.0,18.0,18.0,0.02353358268737793
62.0,23.0,23.0,0.04091763496398926
52.0,16.0,16.0,0.03280162811279297
91.0,28.0,28.0,0.07240891456604004
58.0,20.0,20.0,0.039739370346069336
31.0,14.0,14.0,0.02865457534790039
71.0,21.0,21.0,0.06056404113769531
93.0,33.0,33.0,0.0660707950592041
46.0,26.0,26.0,0.0426027774810791
60.0,22.0,22.0,0.05853533744812012
114.0,50.0,50.0,0.07149863243103027
48.0,18.0,18.0,0.034261226654052734
63.0,18.0,18.0,0.04803276062011719
41.0,22.0,22.0,0.03004288673400879
40.0,16.0,16.0,0.027589797973632812
40.0,16.0,16.0,0.029999732971191406
44.0,24.0,24.0,0.032042741775512695
34.0,8.0,8.0,0.028584957122802734
29.0,16.0,16.0,0.021000146865844727
61.0,36.0,36.0,0.043042659759521484
185.0,53.0,53.0,0.15250873565673828
30.0,15.0,15.0,0.019007205963134766
36.0,16.0,16.0,0.028041601181030273
53.0,15.0,15.0,0.03604412078857422
137.0,26.0,26.0,0.09675860404968262
82.0,26.0,26.0,0.05415081977844238
36.0,14.0,14.0,0.023514986038208008
68.0,24.0,24.0,0.048995018005371094
48.0,18.0,18.0,0.032752037048339844
69.0,22.0,22.0,0.04744243621826172
80.0,35.0,35.0,0.056717634201049805
48.0,16.0,16.0,0.03208780288696289
34.0,18.0,18.0,0.0361180305480957
84.0,32.0,32.0,0.06067061424255371
32.0,13.0,13.0,0.022008419036865234
54.0,9.0,9.0,0.0407865047454834
40.0,15.0,15.0,0.03143763542175293
43.0,19.0,19.0,0.037035226821899414
32.0,5.0,5.0,0.029647111892700195
60.0,25.0,25.0,0.06004905700683594
53.0,19.0,19.0,0.04005622863769531
52.0,22.0,22.0,0.04879307746887207
43.0,17.0,17.0,0.0453183650970459
168.0,61.0,61.0,0.1554858684539795
108.0,26.0,26.0,0.08012223243713379
89.0,31.0,31.0,0.0584568977355957
81.0,30.0,30.0,0.06637406349182129
15.0,4.0,4.0,0.011496782302856445
71.0,35.0,35.0,0.0646665096282959
123.0,39.0,39.0,0.09261679649353027
76.0,29.0,29.0,0.06580090522766113
86.0,32.0,32.0,0.06873250007629395
57.0,22.0,22.0,0.0459589958190918
45.0,21.0,21.0,0.0307462215423584
49.0,16.0,16.0,0.03441905975341797
28.0,14.0,14.0,0.030867338180541992
38.0,17.0,17.0,0.030727386474609375
24.0,12.0,12.0,0.016541719436645508
47.0,26.0,26.0,0.03410792350769043
44.0,17.0,17.0,0.03765535354614258
50.0,19.0,19.0,0.036101341247558594
159.0,52.0,52.0,0.13497304916381836
69.0,21.0,21.0,0.056288719177246094
18.0,7.0,7.0,0.011475801467895508
137.0,46.0,46.0,0.10686206817626953
21.0,8.0,8.0,0.02388143539428711
29.0,17.0,17.0,0.030157089233398438
81.0,49.0,49.0,0.06029558181762695
42.0,19.0,19.0,0.03487205505371094
23.0,12.0,12.0,0.016704797744750977
132.0,47.0,47.0,0.115631103515625
39.0,12.0,12.0,0.03014540672302246
68.0,25.0,25.0,0.06327176094055176
60.0,21.0,21.0,0.05648541450500488
33.0,20.0,20.0,0.028965473175048828
55.0,11.0,11.0,0.04171109199523926
40.0,20.0,20.0,0.0320587158203125
32.0,16.0,16.0,0.029501914978027344
20.0,6.0,6.0,0.014385700225830078
182.0,37.0,37.0,0.14103484153747559
44.0,16.0,16.0,0.03544306755065918
45.0,21.0,21.0,0.040129899978637695
26.0,9.0,9.0,0.02153301239013672
40.0,16.0,16.0,0.039312124252319336
44.0,13.0,13.0,0.05264759063720703
49.0,14.0,14.0,0.0451052188873291
108.0,36.0,36.0,0.11160993576049805
65.0,26.0,26.0,0.042090654373168945
30.0,14.0,14.0,0.023797035217285156
108.0,35.0,35.0,0.07771754264831543
84.0,29.0,29.0,0.07496380805969238
35.0,12.0,12.0,0.032588958740234375
52.0,25.0,25.0,0.03844928741455078
85.0,33.0,33.0,0.05726337432861328
102.0,31.0,31.0,0.08245539665222168
50.0,27.0,27.0,0.04149222373962402
56.0,21.0,21.0,0.04454660415649414
38.0,11.0,11.0,0.03505253791809082
40.0,19.0,19.0,0.03191018104553223
38.0,18.0,18.0,0.028241395950317383
103.0,26.0,26.0,0.07521343231201172
39.0,18.0,18.0,0.02956223487854004
88.0,38.0,38.0,0.0717310905456543
163.0,40.0,40.0,0.11755919456481934
84.0,44.0,44.0,0.07645249366760254
70.0,34.0,34.0,0.0649266242980957
155.0,30.0,30.0,0.13611102104187012
43.0,29.0,29.0,0.028811216354370117
24.0,9.0,9.0,0.016672611236572266
45.0,20.0,20.0,0.03391742706298828
76.0,32.0,32.0,0.060005903244018555
229.0,64.0,64.0,0.2016899585723877
111.0,28.0,28.0,0.09959936141967773
121.0,59.0,59.0,0.10331940650939941
49.0,25.0,25.0,0.04234194755554199
31.0,14.0,14.0,0.028111934661865234
28.0,11.0,11.0,0.017998695373535156
99.0,47.0,47.0,0.06684708595275879
75.0,27.0,27.0,0.06056332588195801
102.0,33.0,33.0,0.08034777641296387
89.0,40.0,40.0,0.06125330924987793
90.0,30.0,30.0,0.05790352821350098
20.0,6.0,6.0,0.013679265975952148
97.0,41.0,41.0,0.08575129508972168
113.0,39.0,39.0,0.08634662628173828
27.0,10.0,10.0,0.022001028060913086
169.0,48.0,48.0,0.13375425338745117
24.0,12.0,12.0,0.02742147445678711
72.0,34.0,34.0,0.05231070518493652
24.0,7.0,7.0,0.02951192855834961
86.0,27.0,27.0,0.058208465576171875
36.0,14.0,14.0,0.025668621063232422
87.0,23.0,23.0,0.06180906295776367
105.0,29.0,29.0,0.08361983299255371
70.0,18.0,18.0,0.0564732551574707
39.0,19.0,19.0,0.030208587646484375
32.0,10.0,10.0,0.022361278533935547
40.0,15.0,15.0,0.026582002639770508
67.0,19.0,19.0,0.05357027053833008
26.0,10.0,10.0,0.02037525177001953
38.0,13.0,13.0,0.031732797622680664
50.0,21.0,21.0,0.048114776611328125
59.0,19.0,19.0,0.04961371421813965
98.0,20.0,20.0,0.08327269554138184
46.0,25.0,25.0,0.03828096389770508
39.0,24.0,24.0,0.03059840202331543
44.0,22.0,22.0,0.034105539321899414
48.0,32.0,32.0,0.04252982139587402
27.0,12.0,12.0,0.017838239669799805
24.0,11.0,11.0,0.019518136978149414
49.0,23.0,23.0,0.0442507266998291
49.0,25.0,25.0,0.045706748962402344
43.0,18.0,18.0,0.02760457992553711
82.0,30.0,30.0,0.07733368873596191
99.0,36.0,36.0,0.08243846893310547
49.0,7.0,7.0,0.048392295837402344
100.0,40.0,40.0,0.0805509090423584
40.0,27.0,27.0,0.04073143005371094
137.0,33.0,33.0,0.11432242393493652
73.0,34.0,34.0,0.05496692657470703
58.0,34.0,34.0,0.03816366195678711
308.0,80.0,80.0,0.2184751033782959
64.0,40.0,40.0,0.04703402519226074
132.0,34.0,34.0,0.09964275360107422
76.0,36.0,36.0,0.05620384216308594
38.0,15.0,15.0,0.025003910064697266
180.0,68.0,68.0,0.12525057792663574
30.0,15.0,15.0,0.02204275131225586
68.0,41.0,41.0,0.04716014862060547
72.0,36.0,36.0,0.06351518630981445
41.0,21.0,21.0,0.034707069396972656
21.0,9.0,9.0,0.014861345291137695
21.0,9.0,9.0,0.014996051788330078
24.0,10.0,10.0,0.015512704849243164
99.0,38.0,38.0,0.07203292846679688
38.0,16.0,16.0,0.028804540634155273
38.0,17.0,17.0,0.02509617805480957
113.0,33.0,33.0,0.08938121795654297
55.0,16.0,16.0,0.036768198013305664
77.0,33.0,33.0,0.06484413146972656
30.0,12.0,12.0,0.021039247512817383
19.0,8.0,8.0,0.01273965835571289
35.0,16.0,16.0,0.023083209991455078
79.0,29.0,29.0,0.055010080337524414
44.0,21.0,21.0,0.029050827026367188
79.0,31.0,31.0,0.05174732208251953
18.0,7.0,7.0,0.01513361930847168
21.0,9.0,9.0,0.015511751174926758
37.0,11.0,11.0,0.025043249130249023
85.0,36.0,36.0,0.05648684501647949
21.0,8.0,8.0,0.012792825698852539
66.0,21.0,21.0,0.04794454574584961
45.0,15.0,15.0,0.02999711036682129
40.0,21.0,21.0,0.030299663543701172
68.0,31.0,31.0,0.046933889389038086
44.0,14.0,14.0,0.02851557731628418
91.0,19.0,19.0,0.06237149238586426
34.0,19.0,19.0,0.022635698318481445
29.0,13.0,13.0,0.02041792869567871
71.0,38.0,38.0,0.049404144287109375
27.0,14.0,14.0,0.02077031135559082
67.0,20.0,20.0,0.052361249923706055
106.0,32.0,32.0,0.08773946762084961
34.0,16.0,16.0,0.023672103881835938
32.0,16.0,16.0,0.023671388626098633
52.0,27.0,27.0,0.03869223594665527
68.0,32.0,32.0,0.0498507022857666
54.0,23.0,23.0,0.0358734130859375
51.0,12.0,12.0,0.038068532943725586
58.0,24.0,24.0,0.04103279113769531
57.0,32.0,32.0,0.04204273223876953
48.0,20.0,20.0,0.034589529037475586
41.0,21.0,21.0,0.03437638282775879
37.0,21.0,21.0,0.028058528900146484
151.0,61.0,61.0,0.11443090438842773
64.0,24.0,24.0,0.05041766166687012
33.0,19.0,19.0,0.021590232849121094
66.0,18.0,18.0,0.04652690887451172
31.0,12.0,12.0,0.02180647850036621
23.0,9.0,9.0,0.015456676483154297
95.0,37.0,37.0,0.0641176700592041
52.0,21.0,21.0,0.039542198181152344
21.0,10.0,10.0,0.015346288681030273
103.0,24.0,24.0,0.06976509094238281
30.0,8.0,8.0,0.022340059280395508
26.0,9.0,9.0,0.01875019073486328
82.0,14.0,14.0,0.06060647964477539
34.0,19.0,19.0,0.02506542205810547
25.0,12.0,12.0,0.01826333999633789
44.0,18.0,18.0,0.0344240665435791
51.0,19.0,19.0,0.03569960594177246
35.0,12.0,12.0,0.03162264823913574
36.0,14.0,14.0,0.02901315689086914
23.0,12.0,12.0,0.0181429386138916
29.0,13.0,13.0,0.02718639373779297
44.0,8.0,8.0,0.03183412551879883
58.0,19.0,19.0,0.03937053680419922
27.0,14.0,14.0,0.018929481506347656
30.0,7.0,7.0,0.01962566375732422
135.0,47.0,47.0,0.0973353385925293
35.0,17.0,17.0,0.0313873291015625
32.0,8.0,8.0,0.029266834259033203
30.0,16.0,16.0,0.021686315536499023
63.0,27.0,27.0,0.0886538028717041
55.0,29.0,29.0,0.11303853988647461
163.0,49.0,49.0,0.15204477310180664
183.0,60.0,60.0,0.1631171703338623
30.0,19.0,19.0,0.03167009353637695
17.0,5.0,5.0,0.018878459930419922
52.0,39.0,39.0,0.05501508712768555
67.0,14.0,14.0,0.1321241855621338
26.0,13.0,13.0,0.04281210899353027
33.0,13.0,13.0,0.03150582313537598
32.0,7.0,7.0,0.034986257553100586
48.0,26.0,26.0,0.04250359535217285
36.0,18.0,18.0,0.03966212272644043
31.0,12.0,12.0,0.03568911552429199
74.0,31.0,31.0,0.06352949142456055
113.0,40.0,40.0,0.13428425788879395
60.0,21.0,21.0,0.06447172164916992
69.0,29.0,29.0,0.054979801177978516
38.0,12.0,12.0,0.040833473205566406
27.0,6.0,6.0,0.025442838668823242
56.0,22.0,22.0,0.05832982063293457
28.0,9.0,9.0,0.02785491943359375
80.0,29.0,29.0,0.08111882209777832
48.0,21.0,21.0,0.052773237228393555
64.0,23.0,23.0,0.04951667785644531
32.0,9.0,9.0,0.02167987823486328
28.0,15.0,15.0,0.020078659057617188
70.0,32.0,32.0,0.04367876052856445
126.0,36.0,36.0,0.08672714233398438
43.0,31.0,31.0,0.03224897384643555
26.0,11.0,11.0,0.018848180770874023
30.0,15.0,15.0,0.02734231948852539
151.0,54.0,54.0,0.09807801246643066
65.0,19.0,19.0,0.05099749565124512
30.0,12.0,12.0,0.024019479751586914
74.0,19.0,19.0,0.07532596588134766
36.0,17.0,17.0,0.02939605712890625
87.0,46.0,46.0,0.08891773223876953
50.0,24.0,24.0,0.03638577461242676
81.0,28.0,28.0,0.06163620948791504
72.0,24.0,24.0,0.06489157676696777
86.0,41.0,41.0,0.06681966781616211
35.0,14.0,14.0,0.02640819549560547
40.0,16.0,16.0,0.034450531005859375
54.0,20.0,20.0,0.04694199562072754
49.0,15.0,15.0,0.04645895957946777
47.0,17.0,17.0,0.03217887878417969
26.0,12.0,12.0,0.01979994773864746
130.0,42.0,42.0,0.101776123046875
134.0,36.0,36.0,0.10919713973999023
32.0,12.0,12.0,0.02666473388671875
87.0,34.0,34.0,0.060957908630371094
29.0,17.0,17.0,0.02173781394958496
59.0,16.0,16.0,0.04494476318359375
28.0,13.0,13.0,0.024338722229003906
61.0,16.0,16.0,0.04643654823303223
49.0,18.0,18.0,0.04049849510192871
26.0,13.0,13.0,0.019158363342285156
21.0,8.0,8.0,0.016027212142944336
42.0,11.0,11.0,0.035727739334106445
39.0,11.0,11.0,0.041312456130981445
16.0,5.0,5.0,0.013004302978515625
53.0,29.0,29.0,0.043335676193237305
52.0,26.0,26.0,0.04469442367553711
43.0,17.0,17.0,0.031447410583496094
36.0,16.0,16.0,0.024524211883544922
45.0,19.0,19.0,0.03939032554626465
16.0,4.0,4.0,0.01100921630859375
47.0,23.0,23.0,0.03252148628234863
56.0,15.0,15.0,0.043157339096069336
37.0,18.0,18.0,0.030484914779663086
32.0,15.0,15.0,0.040873050689697266
48.0,13.0,13.0,0.04436087608337402
56.0,16.0,16.0,0.04732990264892578
72.0,24.0,24.0,0.06782984733581543
39.0,13.0,13.0,0.027935028076171875
119.0,46.0,46.0,0.09463787078857422
22.0,4.0,4.0,0.018514394760131836
18.0,6.0,6.0,0.013534069061279297
59.0,23.0,23.0,0.04162406921386719
32.0,14.0,14.0,0.03658175468444824
22.0,9.0,9.0,0.03573894500732422
68.0,24.0,24.0,0.06752395629882812
27.0,14.0,14.0,0.02070903778076172
38.0,21.0,21.0,0.029993534088134766
49.0,17.0,17.0,0.03967142105102539
31.0,15.0,15.0,0.041966915130615234
56.0,25.0,25.0,0.07219052314758301
204.0,57.0,57.0,0.2409524917602539
41.0,15.0,15.0,0.03970456123352051
95.0,35.0,35.0,0.0741729736328125
89.0,55.0,55.0,0.06451249122619629
43.0,25.0,25.0,0.030394315719604492
22.0,10.0,10.0,0.020666837692260742
49.0,15.0,15.0,0.0432589054107666
62.0,32.0,32.0,0.057100534439086914
44.0,27.0,27.0,0.0350489616394043
32.0,19.0,19.0,0.023815155029296875
74.0,27.0,27.0,0.08106756210327148
100.0,43.0,43.0,0.12228608131408691
54.0,29.0,29.0,0.061919450759887695
45.0,13.0,13.0,0.045291900634765625
33.0,12.0,12.0,0.032880544662475586
43.0,27.0,27.0,0.03791069984436035
40.0,9.0,9.0,0.03234434127807617
61.0,15.0,15.0,0.053061485290527344
18.0,7.0,7.0,0.012998819351196289
58.0,16.0,16.0,0.045519113540649414
25.0,10.0,10.0,0.020509719848632812
17.0,6.0,6.0,0.013776302337646484
32.0,19.0,19.0,0.025384187698364258
22.0,9.0,9.0,0.017709970474243164
89.0,25.0,25.0,0.07376980781555176
99.0,28.0,28.0,0.0917196273803711
60.0,19.0,19.0,0.050656795501708984
83.0,39.0,39.0,0.06946301460266113
78.0,30.0,30.0,0.06319403648376465
64.0,28.0,28.0,0.05501699447631836
22.0,8.0,8.0,0.015999555587768555
65.0,26.0,26.0,0.04770374298095703
56.0,19.0,19.0,0.04390835762023926
27.0,15.0,15.0,0.024528980255126953
72.0,35.0,35.0,0.053999900817871094
44.0,14.0,14.0,0.033966064453125
22.0,12.0,12.0,0.016124725341796875
112.0,43.0,43.0,0.09625101089477539
35.0,18.0,18.0,0.02700185775756836
58.0,19.0,19.0,0.04172086715698242
71.0,35.0,35.0,0.056470632553100586
24.0,9.0,9.0,0.01620006561279297
188.0,61.0,61.0,0.14630460739135742
44.0,11.0,11.0,0.0347590446472168
33.0,16.0,16.0,0.02274489402770996
34.0,16.0,16.0,0.027163267135620117
29.0,15.0,15.0,0.022009849548339844
168.0,39.0,39.0,0.12396454811096191
82.0,30.0,30.0,0.058885812759399414
129.0,52.0,52.0,0.11448121070861816
24.0,11.0,11.0,0.016587018966674805
41.0,18.0,18.0,0.03351950645446777
47.0,34.0,34.0,0.031270503997802734
68.0,43.0,43.0,0.046755313873291016
25.0,10.0,10.0,0.020204782485961914
37.0,11.0,11.0,0.03352546691894531
93.0,46.0,46.0,0.06940102577209473
26.0,6.0,6.0,0.017531156539916992
49.0,17.0,17.0,0.03181934356689453
46.0,23.0,23.0,0.029816627502441406
24.0,10.0,10.0,0.017026424407958984
48.0,18.0,18.0,0.03270459175109863
132.0,51.0,51.0,0.10023975372314453
52.0,20.0,20.0,0.03734230995178223
48.0,29.0,29.0,0.03570079803466797
72.0,17.0,17.0,0.05045008659362793
50.0,34.0,34.0,0.038071393966674805
16.0,5.0,5.0,0.01407623291015625
132.0,47.0,47.0,0.09511160850524902
85.0,25.0,25.0,0.06139492988586426
31.0,10.0,10.0,0.02133631706237793
58.0,20.0,20.0,0.040427207946777344
40.0,15.0,15.0,0.027559280395507812
35.0,9.0,9.0,0.022511959075927734
37.0,11.0,11.0,0.025147199630737305
67.0,21.0,21.0,0.05074501037597656
42.0,8.0,8.0,0.029485702514648438
35.0,11.0,11.0,0.025017499923706055
136.0,38.0,38.0,0.09984135627746582
42.0,26.0,26.0,0.03137826919555664
65.0,20.0,20.0,0.04886889457702637
58.0,21.0,21.0,0.03917336463928223
56.0,25.0,25.0,0.04187178611755371
40.0,10.0,10.0,0.030807971954345703
43.0,15.0,15.0,0.03345155715942383
84.0,24.0,24.0,0.06131124496459961
29.0,16.0,16.0,0.019948959350585938
76.0,24.0,24.0,0.05730271339416504
122.0,52.0,52.0,0.09187746047973633
26.0,12.0,12.0,0.018515348434448242
77.0,28.0,28.0,0.055350542068481445
26.0,9.0,9.0,0.018309593200683594
98.0,30.0,30.0,0.06824350357055664
47.0,18.0,18.0,0.03629875183105469
58.0,11.0,11.0,0.036998748779296875
47.0,29.0,29.0,0.033172607421875
50.0,17.0,17.0,0.03844428062438965
58.0,25.0,25.0,0.04264211654663086
67.0,14.0,14.0,0.05243849754333496
28.0,13.0,13.0,0.023908376693725586
45.0,22.0,22.0,0.046140432357788086
99.0,40.0,40.0,0.08800172805786133
23.0,11.0,11.0,0.021445274353027344
51.0,26.0,26.0,0.03969621658325195
50.0,23.0,23.0,0.03692293167114258
34.0,9.0,9.0,0.021999359130859375
81.0,35.0,35.0,0.05681657791137695
39.0,18.0,18.0,0.027626991271972656
38.0,13.0,13.0,0.02517247200012207
35.0,15.0,15.0,0.02510690689086914
95.0,24.0,24.0,0.06703782081604004
43.0,11.0,11.0,0.028005599975585938
56.0,22.0,22.0,0.040761470794677734
70.0,21.0,21.0,0.04857468605041504
45.0,7.0,7.0,0.028455734252929688
142.0,41.0,41.0,0.09602546691894531
107.0,36.0,36.0,0.07617068290710449
27.0,14.0,14.0,0.018143415451049805
27.0,10.0,10.0,0.022561311721801758
71.0,28.0,28.0,0.05387401580810547
100.0,42.0,42.0,0.06655287742614746
103.0,31.0,31.0,0.06787610054016113
21.0,7.0,7.0,0.014135122299194336
63.0,26.0,26.0,0.043821096420288086
68.0,19.0,19.0,0.04621553421020508
107.0,37.0,37.0,0.07314682006835938
33.0,12.0,12.0,0.02599358558654785
54.0,21.0,21.0,0.03734922409057617
24.0,10.0,10.0,0.016399860382080078
55.0,24.0,24.0,0.048499345779418945
62.0,36.0,36.0,0.05016732215881348
49.0,8.0,8.0,0.04469656944274902
38.0,18.0,18.0,0.04007124900817871
62.0,21.0,21.0,0.05331611633300781
62.0,33.0,33.0,0.046225786209106445
88.0,17.0,17.0,0.06996011734008789
99.0,39.0,39.0,0.06993508338928223
30.0,16.0,16.0,0.01899862289428711
66.0,34.0,34.0,0.048529863357543945
74.0,22.0,22.0,0.05080056190490723
19.0,6.0,6.0,0.012001514434814453
44.0,19.0,19.0,0.027640342712402344
68.0,32.0,32.0,0.05026435852050781
26.0,14.0,14.0,0.01655411720275879
26.0,12.0,12.0,0.019856929779052734
41.0,21.0,21.0,0.027469396591186523
31.0,15.0,15.0,0.024518251419067383
30.0,14.0,14.0,0.026470422744750977
21.0,6.0,6.0,0.014835834503173828
174.0,42.0,42.0,0.14009380340576172
23.0,11.0,11.0,0.021550416946411133
69.0,12.0,12.0,0.0607297420501709
20.0,8.0,8.0,0.01991105079650879
41.0,31.0,31.0,0.027798891067504883
64.0,18.0,18.0,0.04501795768737793
22.0,7.0,7.0,0.013729333877563477
31.0,15.0,15.0,0.021859169006347656
72.0,21.0,21.0,0.048245906829833984
26.0,14.0,14.0,0.01802659034729004
35.0,12.0,12.0,0.028098106384277344
62.0,18.0,18.0,0.0440981388092041
103.0,21.0,21.0,0.07902169227600098
29.0,12.0,12.0,0.020541667938232422
75.0,40.0,40.0,0.05571174621582031
52.0,15.0,15.0,0.036477088928222656
64.0,23.0,23.0,0.044036865234375
50.0,17.0,17.0,0.03830361366271973
32.0,9.0,9.0,0.020176172256469727
33.0,17.0,17.0,0.021998882293701172
66.0,23.0,23.0,0.04646778106689453
51.0,14.0,14.0,0.03675079345703125
92.0,45.0,45.0,0.06080460548400879
95.0,41.0,41.0,0.0643467903137207
28.0,17.0,17.0,0.02299976348876953
49.0,20.0,20.0,0.03875851631164551
38.0,22.0,22.0,0.030248165130615234
52.0,18.0,18.0,0.038631439208984375
48.0,10.0,10.0,0.03230452537536621
36.0,18.0,18.0,0.03226161003112793
31.0,21.0,21.0,0.022101640701293945
23.0,10.0,10.0,0.020824432373046875
35.0,8.0,8.0,0.028629779815673828
23.0,9.0,9.0,0.016012191772460938
49.0,18.0,18.0,0.042166709899902344
47.0,20.0,20.0,0.03819894790649414
54.0,14.0,14.0,0.0531463623046875
118.0,45.0,45.0,0.09835529327392578
67.0,20.0,20.0,0.04760432243347168
98.0,47.0,47.0,0.06565380096435547
48.0,26.0,26.0,0.05025434494018555
22.0,11.0,11.0,0.021108627319335938
30.0,15.0,15.0,0.019864797592163086
174.0,62.0,62.0,0.12922930717468262
56.0,16.0,16.0,0.09691548347473145
49.0,19.0,19.0,0.08919405937194824
53.0,28.0,28.0,0.11984968185424805
48.0,16.0,16.0,0.05756425857543945
117.0,24.0,24.0,0.1500532627105713
135.0,56.0,56.0,0.2555115222930908
70.0,27.0,27.0,0.13165950775146484
50.0,14.0,14.0,0.09246945381164551
31.0,13.0,13.0,0.04820418357849121
55.0,16.0,16.0,0.09402918815612793
72.0,33.0,33.0,0.1495370864868164
29.0,13.0,13.0,0.08144187927246094
47.0,19.0,19.0,0.09765172004699707
102.0,35.0,35.0,0.2039778232574463
53.0,15.0,15.0,0.1921701431274414
80.0,25.0,25.0,0.08014178276062012
36.0,20.0,20.0,0.028070688247680664
25.0,14.0,14.0,0.016113758087158203
34.0,13.0,13.0,0.0229952335357666
71.0,20.0,20.0,0.05187201499938965
24.0,11.0,11.0,0.0174100399017334
21.0,8.0,8.0,0.0167691707611084
162.0,90.0,90.0,0.11359858512878418
126.0,46.0,46.0,0.08352160453796387
73.0,27.0,27.0,0.0599057674407959
24.0,9.0,9.0,0.027695894241333008
104.0,28.0,28.0,0.09255409240722656
31.0,13.0,13.0,0.02701425552368164
60.0,15.0,15.0,0.0490877628326416
21.0,8.0,8.0,0.014521598815917969
28.0,9.0,9.0,0.02032637596130371
137.0,35.0,35.0,0.09553718566894531
39.0,10.0,10.0,0.05240941047668457
94.0,32.0,32.0,0.07430768013000488
76.0,22.0,22.0,0.07882547378540039
45.0,23.0,23.0,0.039751529693603516
29.0,7.0,7.0,0.02115774154663086
70.0,21.0,21.0,0.05237269401550293
55.0,22.0,22.0,0.04777240753173828
31.0,11.0,11.0,0.020693063735961914
34.0,14.0,14.0,0.03438258171081543
19.0,8.0,8.0,0.012602806091308594
26.0,13.0,13.0,0.017527341842651367
42.0,18.0,18.0,0.027626752853393555
22.0,9.0,9.0,0.01839137077331543
68.0,14.0,14.0,0.06117963790893555
45.0,14.0,14.0,0.03811478614807129
36.0,8.0,8.0,0.046173095703125
58.0,25.0,25.0,0.05475878715515137
20.0,9.0,9.0,0.02100515365600586
41.0,20.0,20.0,0.045587778091430664
23.0,12.0,12.0,0.039412498474121094
77.0,23.0,23.0,0.07294821739196777
74.0,19.0,19.0,0.06995129585266113
42.0,24.0,24.0,0.03452777862548828
44.0,25.0,25.0,0.03814506530761719
32.0,14.0,14.0,0.023506879806518555
64.0,21.0,21.0,0.1135411262512207
53.0,17.0,17.0,0.09590816497802734
84.0,23.0,23.0,0.10338425636291504
59.0,24.0,24.0,0.0767512321472168
96.0,34.0,34.0,0.1256251335144043
149.0,38.0,38.0,0.15129876136779785
32.0,19.0,19.0,0.05532431602478027
20.0,8.0,8.0,0.0417633056640625
38.0,21.0,21.0,0.06256818771362305
63.0,25.0,25.0,0.08114337921142578
30.0,13.0,13.0,0.03702807426452637
82.0,29.0,29.0,0.09616923332214355
32.0,14.0,14.0,0.04518008232116699
72.0,32.0,32.0,0.12504816055297852
52.0,11.0,11.0,0.09506964683532715
29.0,15.0,15.0,0.05966544151306152
153.0,40.0,40.0,0.18612027168273926
62.0,22.0,22.0,0.05637240409851074
57.0,23.0,23.0,0.054129838943481445
98.0,34.0,34.0,0.08670806884765625
39.0,16.0,16.0,0.0336151123046875
41.0,15.0,15.0,0.03764796257019043
55.0,33.0,33.0,0.04289674758911133
26.0,13.0,13.0,0.02210545539855957
33.0,11.0,11.0,0.027690410614013672
51.0,18.0,18.0,0.03803396224975586
25.0,7.0,7.0,0.017094850540161133
67.0,20.0,20.0,0.0504145622253418
64.0,11.0,11.0,0.04130220413208008
24.0,12.0,12.0,0.015802383422851562
25.0,9.0,9.0,0.019608497619628906
67.0,27.0,27.0,0.05838441848754883
57.0,19.0,19.0,0.045104265213012695
84.0,26.0,26.0,0.05655264854431152
77.0,17.0,17.0,0.0558164119720459
40.0,11.0,11.0,0.06937503814697266
38.0,10.0,10.0,0.05723905563354492
23.0,10.0,10.0,0.04069161415100098
105.0,42.0,42.0,0.13426733016967773
45.0,18.0,18.0,0.10392355918884277
61.0,21.0,21.0,0.08550357818603516
26.0,14.0,14.0,0.0328061580657959
24.0,6.0,6.0,0.043975114822387695
105.0,32.0,32.0,0.13005614280700684
68.0,17.0,17.0,0.09593915939331055
121.0,39.0,39.0,0.09988236427307129
50.0,26.0,26.0,0.04546093940734863
21.0,9.0,9.0,0.02115011215209961
79.0,19.0,19.0,0.06236886978149414
31.0,18.0,18.0,0.02727532386779785
76.0,39.0,39.0,0.09862923622131348
71.0,26.0,26.0,0.13775110244750977
154.0,37.0,37.0,0.1965038776397705
58.0,18.0,18.0,0.058115243911743164
71.0,29.0,29.0,0.060712575912475586
27.0,13.0,13.0,0.0406041145324707
55.0,21.0,21.0,0.07151651382446289
105.0,24.0,24.0,0.13633227348327637
86.0,27.0,27.0,0.08557868003845215
21.0,9.0,9.0,0.03000187873840332
27.0,12.0,12.0,0.026016712188720703
101.0,31.0,31.0,0.1092519760131836
48.0,14.0,14.0,0.04841446876525879
85.0,20.0,20.0,0.12475085258483887
46.0,21.0,21.0,0.03983473777770996
28.0,11.0,11.0,0.01999807357788086
16.0,4.0,4.0,0.020713090896606445
18.0,4.0,4.0,0.012003183364868164
32.0,15.0,15.0,0.025521039962768555
54.0,22.0,22.0,0.22879505157470703
26.0,15.0,15.0,0.01799798011779785
50.0,18.0,18.0,0.037943124771118164
23.0,10.0,10.0,0.021592378616333008
44.0,20.0,20.0,0.03512239456176758
19.0,9.0,9.0,0.012094497680664062
22.0,11.0,11.0,0.014011621475219727
27.0,15.0,15.0,0.018517494201660156
27.0,7.0,7.0,0.02535223960876465
60.0,22.0,22.0,0.04304146766662598
49.0,12.0,12.0,0.0713503360748291
60.0,26.0,26.0,0.07227563858032227
142.0,38.0,38.0,0.12360215187072754
83.0,29.0,29.0,0.05350947380065918
26.0,8.0,8.0,0.01699995994567871
122.0,40.0,40.0,0.08816695213317871
113.0,40.0,40.0,0.08104133605957031
21.0,9.0,9.0,0.023954391479492188
81.0,32.0,32.0,0.06093335151672363
80.0,25.0,25.0,0.06578755378723145
43.0,21.0,21.0,0.029710054397583008
24.0,10.0,10.0,0.016104459762573242
40.0,13.0,13.0,0.028697490692138672
37.0,18.0,18.0,0.027439117431640625
113.0,39.0,39.0,0.08591723442077637
26.0,13.0,13.0,0.02246999740600586
129.0,46.0,46.0,0.10265231132507324
96.0,30.0,30.0,0.08374857902526855
78.0,37.0,37.0,0.06585192680358887
108.0,40.0,40.0,0.08844852447509766
138.0,50.0,50.0,0.10870885848999023
75.0,39.0,39.0,0.067138671875
53.0,17.0,17.0,0.03676748275756836
21.0,9.0,9.0,0.014816761016845703
161.0,38.0,38.0,0.12542104721069336
22.0,12.0,12.0,0.029175758361816406
43.0,27.0,27.0,0.05079007148742676
40.0,16.0,16.0,0.03484058380126953
80.0,27.0,27.0,0.06489944458007812
51.0,22.0,22.0,0.04094576835632324
70.0,18.0,18.0,0.05059385299682617
29.0,11.0,11.0,0.036902666091918945
91.0,31.0,31.0,0.0741419792175293
29.0,9.0,9.0,0.0182952880859375
81.0,42.0,42.0,0.06082510948181152
69.0,24.0,24.0,0.049562931060791016
34.0,15.0,15.0,0.022948503494262695
27.0,13.0,13.0,0.019715309143066406
61.0,16.0,16.0,0.03940844535827637
87.0,35.0,35.0,0.06350469589233398
50.0,20.0,20.0,0.04242348670959473
59.0,21.0,21.0,0.0501406192779541
79.0,30.0,30.0,0.055742502212524414
133.0,31.0,31.0,0.10455203056335449
26.0,13.0,13.0,0.020358800888061523
29.0,15.0,15.0,0.023005247116088867
38.0,10.0,10.0,0.02856588363647461
30.0,17.0,17.0,0.021229267120361328
27.0,9.0,9.0,0.020572900772094727
104.0,27.0,27.0,0.07011103630065918
117.0,24.0,24.0,0.08865928649902344
41.0,12.0,12.0,0.03568863868713379
142.0,55.0,55.0,0.10704350471496582
52.0,20.0,20.0,0.03676271438598633
84.0,24.0,24.0,0.06199312210083008
40.0,18.0,18.0,0.029038667678833008
37.0,15.0,15.0,0.027404069900512695
59.0,35.0,35.0,0.03964376449584961
23.0,11.0,11.0,0.015073537826538086
64.0,19.0,19.0,0.04586386680603027
39.0,12.0,12.0,0.029359817504882812
27.0,8.0,8.0,0.019324779510498047
68.0,24.0,24.0,0.04824686050415039
27.0,10.0,10.0,0.028582334518432617
144.0,36.0,36.0,0.09851384162902832
42.0,19.0,19.0,0.028382301330566406
103.0,27.0,27.0,0.07819223403930664
38.0,16.0,16.0,0.028721094131469727
51.0,21.0,21.0,0.03594565391540527
41.0,13.0,13.0,0.027271270751953125
79.0,25.0,25.0,0.07895612716674805
19.0,4.0,4.0,0.013595104217529297
24.0,13.0,13.0,0.019655227661132812
50.0,36.0,36.0,0.03909707069396973
107.0,35.0,35.0,0.09425759315490723
226.0,70.0,70.0,0.2057633399963379
47.0,29.0,29.0,0.034947872161865234
119.0,35.0,35.0,0.1078035831451416
14.0,3.0,3.0,0.01500391960144043
40.0,19.0,19.0,0.039598703384399414
57.0,20.0,20.0,0.04222869873046875
194.0,83.0,83.0,0.14571118354797363
21.0,8.0,8.0,0.018977880477905273
86.0,22.0,22.0,0.0727243423461914
40.0,26.0,26.0,0.027547121047973633
38.0,14.0,14.0,0.028939485549926758
39.0,16.0,16.0,0.02593827247619629
142.0,34.0,34.0,0.1056966781616211
81.0,29.0,29.0,0.0642387866973877
72.0,36.0,36.0,0.056801557540893555
102.0,32.0,32.0,0.07800769805908203
59.0,25.0,25.0,0.04670405387878418
80.0,44.0,44.0,0.07103419303894043
52.0,18.0,18.0,0.037516117095947266
39.0,18.0,18.0,0.02709794044494629
40.0,24.0,24.0,0.03306412696838379
32.0,11.0,11.0,0.026656150817871094
56.0,32.0,32.0,0.0428924560546875
74.0,29.0,29.0,0.05523228645324707
33.0,11.0,11.0,0.026298999786376953
55.0,16.0,16.0,0.04599881172180176
32.0,13.0,13.0,0.026825904846191406
29.0,13.0,13.0,0.02168726921081543
69.0,19.0,19.0,0.05776500701904297
28.0,6.0,6.0,0.02096700668334961
29.0,17.0,17.0,0.020750761032104492
58.0,21.0,21.0,0.05523872375488281
67.0,24.0,24.0,0.057509422302246094
50.0,19.0,19.0,0.043924808502197266
51.0,32.0,32.0,0.04415750503540039
39.0,18.0,18.0,0.025954246520996094
39.0,10.0,10.0,0.02603435516357422
41.0,18.0,18.0,0.02682209014892578
29.0,12.0,12.0,0.020015239715576172
51.0,21.0,21.0,0.034277915954589844
22.0,7.0,7.0,0.014262199401855469
24.0,8.0,8.0,0.018207550048828125
48.0,25.0,25.0,0.03565573692321777
46.0,16.0,16.0,0.041376352310180664
27.0,16.0,16.0,0.026201963424682617
55.0,26.0,26.0,0.048258304595947266
41.0,19.0,19.0,0.03267168998718262
66.0,26.0,26.0,0.047524452209472656
105.0,22.0,22.0,0.08152341842651367
31.0,15.0,15.0,0.02519702911376953
44.0,16.0,16.0,0.028740406036376953
69.0,26.0,26.0,0.05303764343261719
37.0,11.0,11.0,0.026096820831298828
175.0,39.0,39.0,0.133772611618042
17.0,7.0,7.0,0.010034322738647461
89.0,28.0,28.0,0.06340384483337402
27.0,11.0,11.0,0.01798105239868164
40.0,15.0,15.0,0.025524616241455078
170.0,50.0,50.0,0.11579728126525879
58.0,17.0,17.0,0.04343581199645996
53.0,19.0,19.0,0.03634905815124512
49.0,22.0,22.0,0.04001736640930176
255.0,58.0,58.0,0.21400928497314453
102.0,26.0,26.0,0.08012223243713379
61.0,14.0,14.0,0.04723787307739258
41.0,16.0,16.0,0.03445792198181152
37.0,13.0,13.0,0.026804208755493164
25.0,14.0,14.0,0.014759302139282227
37.0,19.0,19.0,0.027442216873168945
109.0,41.0,41.0,0.07270979881286621
71.0,19.0,19.0,0.04995560646057129
85.0,29.0,29.0,0.06615233421325684
77.0,30.0,30.0,0.06401824951171875
32.0,13.0,13.0,0.03520917892456055
23.0,10.0,10.0,0.02199411392211914
84.0,30.0,30.0,0.07728886604309082
34.0,13.0,13.0,0.02240276336669922
51.0,26.0,26.0,0.03929257392883301
17.0,6.0,6.0,0.012848854064941406
38.0,16.0,16.0,0.024141788482666016
31.0,10.0,10.0,0.022822141647338867
47.0,20.0,20.0,0.030834674835205078
79.0,36.0,36.0,0.04882001876831055
77.0,23.0,23.0,0.05759930610656738
37.0,24.0,24.0,0.027612924575805664
186.0,51.0,51.0,0.1299452781677246
74.0,35.0,35.0,0.050218820571899414
103.0,39.0,39.0,0.07114958763122559
44.0,22.0,22.0,0.03184032440185547
40.0,16.0,16.0,0.02971029281616211
42.0,15.0,15.0,0.04004478454589844
50.0,17.0,17.0,0.03961038589477539
71.0,20.0,20.0,0.05066347122192383
88.0,26.0,26.0,0.07008695602416992
61.0,19.0,19.0,0.04933977127075195
85.0,32.0,32.0,0.09469819068908691
86.0,20.0,20.0,0.06726264953613281
26.0,11.0,11.0,0.018553495407104492
31.0,16.0,16.0,0.019370555877685547
63.0,22.0,22.0,0.04109668731689453
42.0,10.0,10.0,0.03061056137084961
81.0,25.0,25.0,0.06906867027282715
229.0,59.0,59.0,0.18113279342651367
142.0,33.0,33.0,0.11590814590454102
87.0,23.0,23.0,0.07589483261108398
58.0,19.0,19.0,0.043939828872680664
46.0,24.0,24.0,0.03902697563171387
36.0,11.0,11.0,0.02532815933227539
80.0,28.0,28.0,0.05574941635131836
19.0,7.0,7.0,0.017160892486572266
23.0,7.0,7.0,0.018996715545654297
54.0,16.0,16.0,0.03961920738220215
95.0,34.0,34.0,0.07313656806945801
20.0,8.0,8.0,0.02424168586730957
27.0,11.0,11.0,0.01759052276611328
87.0,26.0,26.0,0.0793144702911377
36.0,16.0,16.0,0.01781749725341797
70.0,33.0,33.0,0.046222686767578125
95.0,18.0,18.0,0.06064915657043457
82.0,37.0,37.0,0.061769962310791016
50.0,16.0,16.0,0.03651261329650879
81.0,24.0,24.0,0.0633544921875
42.0,19.0,19.0,0.023581743240356445
151.0,68.0,68.0,0.11120057106018066
38.0,8.0,8.0,0.03599238395690918
64.0,28.0,28.0,0.07477378845214844
45.0,15.0,15.0,0.04221224784851074
130.0,48.0,48.0,0.09905409812927246
119.0,32.0,32.0,0.08333611488342285
57.0,23.0,23.0,0.0462651252746582
51.0,13.0,13.0,0.03953957557678223
43.0,23.0,23.0,0.0384523868560791
97.0,31.0,31.0,0.07000994682312012
56.0,27.0,27.0,0.039945125579833984
25.0,11.0,11.0,0.020152568817138672
57.0,35.0,35.0,0.03981423377990723
41.0,14.0,14.0,0.05042433738708496
31.0,11.0,11.0,0.03833818435668945
22.0,8.0,8.0,0.012575626373291016
33.0,14.0,14.0,0.02667522430419922
33.0,15.0,15.0,0.02793574333190918
45.0,18.0,18.0,0.03031301498413086
56.0,24.0,24.0,0.029413461685180664
55.0,23.0,23.0,0.03965425491333008
80.0,42.0,42.0,0.060904502868652344
24.0,13.0,13.0,0.021960735321044922
71.0,27.0,27.0,0.04604196548461914
47.0,18.0,18.0,0.033449411392211914
35.0,23.0,23.0,0.027196407318115234
26.0,15.0,15.0,0.019257307052612305
28.0,12.0,12.0,0.019060611724853516
35.0,12.0,12.0,0.019741296768188477
52.0,20.0,20.0,0.040158748626708984
60.0,14.0,14.0,0.04236912727355957
30.0,14.0,14.0,0.023668527603149414
65.0,21.0,21.0,0.043523550033569336
44.0,15.0,15.0,0.03508114814758301
68.0,28.0,28.0,0.049131155014038086
36.0,13.0,13.0,0.019832372665405273
20.0,9.0,9.0,0.019343137741088867
62.0,29.0,29.0,0.04404807090759277
34.0,14.0,14.0,0.019971370697021484
73.0,28.0,28.0,0.05648398399353027
35.0,14.0,14.0,0.024228572845458984
47.0,17.0,17.0,0.034974098205566406
84.0,31.0,31.0,0.05035805702209473
24.0,12.0,12.0,0.019997358322143555
97.0,31.0,31.0,0.07032632827758789
40.0,15.0,15.0,0.038900136947631836
22.0,7.0,7.0,0.015619516372680664
32.0,15.0,15.0,0.020545482635498047
28.0,14.0,14.0,0.01954960823059082
54.0,10.0,10.0,0.03960728645324707
25.0,12.0,12.0,0.019963741302490234
27.0,14.0,14.0,0.018743515014648438
203.0,83.0,83.0,0.13492918014526367
70.0,35.0,35.0,0.05025434494018555
48.0,14.0,14.0,0.03362250328063965
75.0,35.0,35.0,0.05614042282104492
158.0,56.0,56.0,0.10078310966491699
23.0,9.0,9.0,0.018157005310058594
91.0,21.0,21.0,0.05948209762573242
52.0,12.0,12.0,0.03561854362487793
99.0,26.0,26.0,0.08796262741088867
30.0,16.0,16.0,0.024430513381958008
30.0,11.0,11.0,0.031110525131225586
36.0,9.0,9.0,0.04157423973083496
50.0,17.0,17.0,0.041916608810424805
18.0,4.0,4.0,0.019014835357666016
72.0,27.0,27.0,0.05804872512817383
59.0,14.0,14.0,0.03741192817687988
25.0,7.0,7.0,0.022773265838623047
30.0,19.0,19.0,0.0377504825592041
39.0,11.0,11.0,0.0444338321685791
26.0,13.0,13.0,0.02019524574279785
22.0,6.0,6.0,0.018088579177856445
164.0,48.0,48.0,0.1350858211517334
42.0,15.0,15.0,0.036824941635131836
18.0,7.0,7.0,0.018010377883911133
146.0,45.0,45.0,0.10453462600708008
37.0,14.0,14.0,0.028638124465942383
22.0,12.0,12.0,0.014834880828857422
26.0,11.0,11.0,0.017497539520263672
36.0,18.0,18.0,0.029097318649291992
41.0,15.0,15.0,0.031096458435058594
108.0,12.0,12.0,0.12383580207824707
50.0,28.0,28.0,0.09920096397399902
39.0,23.0,23.0,0.024686574935913086
40.0,19.0,19.0,0.02794504165649414
26.0,11.0,11.0,0.02829742431640625
42.0,15.0,15.0,0.028671979904174805
199.0,74.0,74.0,0.1466364860534668
77.0,33.0,33.0,0.04938340187072754
90.0,38.0,38.0,0.058682918548583984
34.0,23.0,23.0,0.021704673767089844
95.0,33.0,33.0,0.07117271423339844
29.0,14.0,14.0,0.019406557083129883
55.0,14.0,14.0,0.034630537033081055
42.0,16.0,16.0,0.031196117401123047
54.0,14.0,14.0,0.0351254940032959
26.0,13.0,13.0,0.017107486724853516
91.0,32.0,32.0,0.06125664710998535
97.0,23.0,23.0,0.06716299057006836
55.0,22.0,22.0,0.036116838455200195
20.0,9.0,9.0,0.013034582138061523
37.0,19.0,19.0,0.02465343475341797
23.0,12.0,12.0,0.015170574188232422
26.0,7.0,7.0,0.016617536544799805
108.0,33.0,33.0,0.08939337730407715
110.0,33.0,33.0,0.07981681823730469
63.0,26.0,26.0,0.0430607795715332
36.0,16.0,16.0,0.02540302276611328
59.0,27.0,27.0,0.04299330711364746
19.0,7.0,7.0,0.013345956802368164
66.0,30.0,30.0,0.043927907943725586
190.0,64.0,64.0,0.13483762741088867
24.0,13.0,13.0,0.020645856857299805
105.0,49.0,49.0,0.07129287719726562
29.0,15.0,15.0,0.02046036720275879
36.0,18.0,18.0,0.030208587646484375
38.0,15.0,15.0,0.027210474014282227
22.0,9.0,9.0,0.015464067459106445
24.0,11.0,11.0,0.01829981803894043
22.0,10.0,10.0,0.017157316207885742
37.0,15.0,15.0,0.025800704956054688
59.0,19.0,19.0,0.04357600212097168
108.0,44.0,44.0,0.07880783081054688
47.0,18.0,18.0,0.035901546478271484
25.0,8.0,8.0,0.017811059951782227
63.0,23.0,23.0,0.04674839973449707
38.0,16.0,16.0,0.031285762786865234
96.0,46.0,46.0,0.0676887035369873
110.0,47.0,47.0,0.0794222354888916
49.0,13.0,13.0,0.038599252700805664
52.0,21.0,21.0,0.046654462814331055
36.0,14.0,14.0,0.030569076538085938
40.0,19.0,19.0,0.03158164024353027
93.0,25.0,25.0,0.07353019714355469
39.0,26.0,26.0,0.02815413475036621
28.0,6.0,6.0,0.019681930541992188
28.0,14.0,14.0,0.021251678466796875
85.0,35.0,35.0,0.05769991874694824
25.0,15.0,15.0,0.016084909439086914
55.0,26.0,26.0,0.03582000732421875
85.0,38.0,38.0,0.05810999870300293
125.0,48.0,48.0,0.08713650703430176
36.0,18.0,18.0,0.024982452392578125
55.0,18.0,18.0,0.03593301773071289
17.0,5.0,5.0,0.012898683547973633
66.0,23.0,23.0,0.05041813850402832
41.0,20.0,20.0,0.027600765228271484
46.0,15.0,15.0,0.02891254425048828
37.0,22.0,22.0,0.023241281509399414
56.0,23.0,23.0,0.037503719329833984
40.0,11.0,11.0,0.027121782302856445
61.0,16.0,16.0,0.04335737228393555
28.0,16.0,16.0,0.020435810089111328
25.0,6.0,6.0,0.01692652702331543
96.0,32.0,32.0,0.06638884544372559
53.0,18.0,18.0,0.037010908126831055
41.0,25.0,25.0,0.027420759201049805
36.0,17.0,17.0,0.02302098274230957
54.0,15.0,15.0,0.037485361099243164
44.0,9.0,9.0,0.032328128814697266
94.0,50.0,50.0,0.06580710411071777
52.0,14.0,14.0,0.03683590888977051
93.0,34.0,34.0,0.06308174133300781
37.0,15.0,15.0,0.02321314811706543
35.0,12.0,12.0,0.0236358642578125
31.0,13.0,13.0,0.020081043243408203
13.0,2.0,2.0,0.008114814758300781
41.0,13.0,13.0,0.027846813201904297
34.0,13.0,13.0,0.023520469665527344
49.0,23.0,23.0,0.03353118896484375
62.0,24.0,24.0,0.042304277420043945
30.0,14.0,14.0,0.02190566062927246
45.0,14.0,14.0,0.03146934509277344
29.0,18.0,18.0,0.019815921783447266
45.0,29.0,29.0,0.03296661376953125
36.0,11.0,11.0,0.025072336196899414
113.0,36.0,36.0,0.08697390556335449
25.0,14.0,14.0,0.01674056053161621
27.0,11.0,11.0,0.0190737247467041
168.0,52.0,52.0,0.12597393989562988
30.0,15.0,15.0,0.025092601776123047
26.0,16.0,16.0,0.019231081008911133
25.0,12.0,12.0,0.017659664154052734
84.0,23.0,23.0,0.059226274490356445
28.0,12.0,12.0,0.02296924591064453
46.0,24.0,24.0,0.045928239822387695
63.0,14.0,14.0,0.04342484474182129
82.0,22.0,22.0,0.06876373291015625
78.0,24.0,24.0,0.06359577178955078
75.0,36.0,36.0,0.052294015884399414
70.0,35.0,35.0,0.04684782028198242
55.0,20.0,20.0,0.0368807315826416
23.0,11.0,11.0,0.01832294464111328
40.0,13.0,13.0,0.026681900024414062
56.0,12.0,12.0,0.04261040687561035
84.0,37.0,37.0,0.06578660011291504
37.0,14.0,14.0,0.026587486267089844
22.0,10.0,10.0,0.018270015716552734
65.0,20.0,20.0,0.04287385940551758
47.0,28.0,28.0,0.030188322067260742
228.0,61.0,61.0,0.15964078903198242
92.0,27.0,27.0,0.0636444091796875
65.0,23.0,23.0,0.05252695083618164
85.0,39.0,39.0,0.07989954948425293
24.0,12.0,12.0,0.01961684226989746
30.0,13.0,13.0,0.022623300552368164
50.0,18.0,18.0,0.035352468490600586
50.0,20.0,20.0,0.038117408752441406
23.0,7.0,7.0,0.02099466323852539
64.0,29.0,29.0,0.056143999099731445
24.0,8.0,8.0,0.026752948760986328
34.0,17.0,17.0,0.02359771728515625
23.0,12.0,12.0,0.017301559448242188
46.0,22.0,22.0,0.03587961196899414
33.0,21.0,21.0,0.021758079528808594
101.0,25.0,25.0,0.07020783424377441
25.0,15.0,15.0,0.018062591552734375
34.0,15.0,15.0,0.02503204345703125
99.0,22.0,22.0,0.06893706321716309
27.0,12.0,12.0,0.028937578201293945
34.0,7.0,7.0,0.026739835739135742
94.0,41.0,41.0,0.07261538505554199
49.0,14.0,14.0,0.046817779541015625
24.0,13.0,13.0,0.02382206916809082
38.0,16.0,16.0,0.028300762176513672
64.0,23.0,23.0,0.0423433780670166
79.0,30.0,30.0,0.05694222450256348
18.0,7.0,7.0,0.012274503707885742
29.0,17.0,17.0,0.018874406814575195
63.0,31.0,31.0,0.0430145263671875
91.0,37.0,37.0,0.0679938793182373
21.0,7.0,7.0,0.01760268211364746
53.0,21.0,21.0,0.04971480369567871
36.0,15.0,15.0,0.0367434024810791
28.0,5.0,5.0,0.023598432540893555
82.0,21.0,21.0,0.05985093116760254
105.0,32.0,32.0,0.08702898025512695
32.0,17.0,17.0,0.028432130813598633
182.0,57.0,57.0,0.1412968635559082
42.0,19.0,19.0,0.03340339660644531
39.0,16.0,16.0,0.035440921783447266
39.0,25.0,25.0,0.03606438636779785
39.0,14.0,14.0,0.02549004554748535
75.0,21.0,21.0,0.059175968170166016
34.0,14.0,14.0,0.030820369720458984
44.0,13.0,13.0,0.033815622329711914
40.0,9.0,9.0,0.035967111587524414
133.0,48.0,48.0,0.10073614120483398
40.0,25.0,25.0,0.030846595764160156
20.0,6.0,6.0,0.014759063720703125
132.0,28.0,28.0,0.10505819320678711
25.0,6.0,6.0,0.019344091415405273
62.0,26.0,26.0,0.04894876480102539
70.0,22.0,22.0,0.04711794853210449
85.0,34.0,34.0,0.05631065368652344
100.0,38.0,38.0,0.09557223320007324
88.0,24.0,24.0,0.06457114219665527
28.0,12.0,12.0,0.019885540008544922
58.0,19.0,19.0,0.05060434341430664
60.0,12.0,12.0,0.048476457595825195
88.0,34.0,34.0,0.06423568725585938
55.0,14.0,14.0,0.04013252258300781
59.0,15.0,15.0,0.05350828170776367
31.0,11.0,11.0,0.02654290199279785
124.0,37.0,37.0,0.08509683609008789
124.0,34.0,34.0,0.08242464065551758
19.0,7.0,7.0,0.013029098510742188
30.0,17.0,17.0,0.029065847396850586
30.0,18.0,18.0,0.0337061882019043
38.0,26.0,26.0,0.03738260269165039
121.0,41.0,41.0,0.09247279167175293
18.0,5.0,5.0,0.011558055877685547
43.0,15.0,15.0,0.030259132385253906
55.0,17.0,17.0,0.03980875015258789
161.0,60.0,60.0,0.12668657302856445
95.0,24.0,24.0,0.09127259254455566
56.0,25.0,25.0,0.049187660217285156
76.0,28.0,28.0,0.07620048522949219
103.0,29.0,29.0,0.08863019943237305
76.0,33.0,33.0,0.07032465934753418
104.0,41.0,41.0,0.0690908432006836
30.0,20.0,20.0,0.01849079132080078
49.0,28.0,28.0,0.03186988830566406
24.0,8.0,8.0,0.015573263168334961
69.0,34.0,34.0,0.05752396583557129
66.0,29.0,29.0,0.0505824089050293
37.0,23.0,23.0,0.028393268585205078
184.0,51.0,51.0,0.13803791999816895
66.0,20.0,20.0,0.049772024154663086
41.0,14.0,14.0,0.027438879013061523
204.0,71.0,71.0,0.16140961647033691
92.0,38.0,38.0,0.06321406364440918
63.0,20.0,20.0,0.048653602600097656
101.0,29.0,29.0,0.07213473320007324
73.0,7.0,7.0,0.047695159912109375
42.0,18.0,18.0,0.028991222381591797
29.0,16.0,16.0,0.018786191940307617
129.0,40.0,40.0,0.08863162994384766
33.0,11.0,11.0,0.030710220336914062
34.0,11.0,11.0,0.027671337127685547
27.0,16.0,16.0,0.021840810775756836
25.0,10.0,10.0,0.01662588119506836
28.0,11.0,11.0,0.020087480545043945
58.0,19.0,19.0,0.03745675086975098
33.0,11.0,11.0,0.026636362075805664
64.0,21.0,21.0,0.04627108573913574
125.0,27.0,27.0,0.09574222564697266
64.0,34.0,34.0,0.04358696937561035
63.0,31.0,31.0,0.04109048843383789
20.0,6.0,6.0,0.013674497604370117
19.0,5.0,5.0,0.012320756912231445
75.0,27.0,27.0,0.04963803291320801
27.0,16.0,16.0,0.017297029495239258
102.0,32.0,32.0,0.07013678550720215
29.0,18.0,18.0,0.028963088989257812
91.0,27.0,27.0,0.07119464874267578
23.0,6.0,6.0,0.01526331901550293
75.0,28.0,28.0,0.05347394943237305
33.0,18.0,18.0,0.02159261703491211
36.0,22.0,22.0,0.023664236068725586
27.0,11.0,11.0,0.01818704605102539
45.0,20.0,20.0,0.03023815155029297
18.0,7.0,7.0,0.01988983154296875
56.0,14.0,14.0,0.0355682373046875
37.0,18.0,18.0,0.025003671646118164
64.0,17.0,17.0,0.04497861862182617
111.0,32.0,32.0,0.08798098564147949
46.0,29.0,29.0,0.03658795356750488
32.0,21.0,21.0,0.022796154022216797
76.0,33.0,33.0,0.06186032295227051
136.0,68.0,68.0,0.0972135066986084
90.0,28.0,28.0,0.07305622100830078
37.0,8.0,8.0,0.03247547149658203
28.0,10.0,10.0,0.020534038543701172
51.0,23.0,23.0,0.037045955657958984
70.0,20.0,20.0,0.0630025863647461
32.0,16.0,16.0,0.03116774559020996
86.0,31.0,31.0,0.07061958312988281
34.0,19.0,19.0,0.03146767616271973
63.0,20.0,20.0,0.05872321128845215
19.0,4.0,4.0,0.023798704147338867
150.0,45.0,45.0,0.12800979614257812
108.0,35.0,35.0,0.07761979103088379
47.0,11.0,11.0,0.04719066619873047
42.0,20.0,20.0,0.03644609451293945
175.0,66.0,66.0,0.14342260360717773
195.0,63.0,63.0,0.15085172653198242
26.0,10.0,10.0,0.015584945678710938
135.0,49.0,49.0,0.12162256240844727
72.0,18.0,18.0,0.05443429946899414
36.0,11.0,11.0,0.023572683334350586
21.0,10.0,10.0,0.013082265853881836
20.0,8.0,8.0,0.013176441192626953
131.0,33.0,33.0,0.09737944602966309
77.0,24.0,24.0,0.0718989372253418
24.0,11.0,11.0,0.01856684684753418
34.0,13.0,13.0,0.025351524353027344
30.0,10.0,10.0,0.02202916145324707
20.0,8.0,8.0,0.01405024528503418
21.0,9.0,9.0,0.015398502349853516
36.0,18.0,18.0,0.025712966918945312
71.0,23.0,23.0,0.059052467346191406
93.0,29.0,29.0,0.07021427154541016
22.0,5.0,5.0,0.01755356788635254
59.0,26.0,26.0,0.044653892517089844
50.0,30.0,30.0,0.03400063514709473
33.0,13.0,13.0,0.02718186378479004
23.0,11.0,11.0,0.019144535064697266
60.0,19.0,19.0,0.046144962310791016
81.0,32.0,32.0,0.06507277488708496
99.0,36.0,36.0,0.06927061080932617
54.0,27.0,27.0,0.036153554916381836
40.0,9.0,9.0,0.03143572807312012
66.0,17.0,17.0,0.0472104549407959
53.0,20.0,20.0,0.04172635078430176
43.0,12.0,12.0,0.03374004364013672
33.0,11.0,11.0,0.022166728973388672
21.0,8.0,8.0,0.013054132461547852
46.0,24.0,24.0,0.034600257873535156
51.0,25.0,25.0,0.035187721252441406
45.0,17.0,17.0,0.03257274627685547
45.0,19.0,19.0,0.02994990348815918
37.0,14.0,14.0,0.024008512496948242
37.0,17.0,17.0,0.02539205551147461
69.0,21.0,21.0,0.04359626770019531
29.0,11.0,11.0,0.019763708114624023
59.0,27.0,27.0,0.0420682430267334
71.0,26.0,26.0,0.055632829666137695
69.0,41.0,41.0,0.0514523983001709
78.0,26.0,26.0,0.05903124809265137
93.0,23.0,23.0,0.0633847713470459
141.0,34.0,34.0,0.10007762908935547
29.0,19.0,19.0,0.02444624900817871
75.0,32.0,32.0,0.05541491508483887
35.0,20.0,20.0,0.02749323844909668
66.0,21.0,21.0,0.043096303939819336
35.0,19.0,19.0,0.023063182830810547
81.0,20.0,20.0,0.05534625053405762
46.0,21.0,21.0,0.03445887565612793
37.0,15.0,15.0,0.023509979248046875
43.0,20.0,20.0,0.031159400939941406
31.0,12.0,12.0,0.021419286727905273
66.0,29.0,29.0,0.045287132263183594
50.0,12.0,12.0,0.03189492225646973
103.0,40.0,40.0,0.07404375076293945
59.0,18.0,18.0,0.038289546966552734
60.0,26.0,26.0,0.039674997329711914
73.0,31.0,31.0,0.04808783531188965
33.0,20.0,20.0,0.022142887115478516
34.0,18.0,18.0,0.028933048248291016
149.0,49.0,49.0,0.10904049873352051
25.0,12.0,12.0,0.018264293670654297
39.0,12.0,12.0,0.02959299087524414
102.0,27.0,27.0,0.08089709281921387
44.0,9.0,9.0,0.02808070182800293
48.0,20.0,20.0,0.03597855567932129
151.0,55.0,55.0,0.11591863632202148
36.0,15.0,15.0,0.024886131286621094
38.0,18.0,18.0,0.024321317672729492
73.0,17.0,17.0,0.058470964431762695
55.0,22.0,22.0,0.04712700843811035
18.0,5.0,5.0,0.016604185104370117
40.0,11.0,11.0,0.03873443603515625
35.0,22.0,22.0,0.026685714721679688
44.0,17.0,17.0,0.03313136100769043
133.0,39.0,39.0,0.1030421257019043
133.0,49.0,49.0,0.0929422378540039
21.0,10.0,10.0,0.016577959060668945
23.0,8.0,8.0,0.018411636352539062
22.0,10.0,10.0,0.021341800689697266
140.0,43.0,43.0,0.10487508773803711
34.0,8.0,8.0,0.023053646087646484
66.0,34.0,34.0,0.04615330696105957
82.0,24.0,24.0,0.06039309501647949
30.0,18.0,18.0,0.028388500213623047
23.0,9.0,9.0,0.015217781066894531
154.0,48.0,48.0,0.10453557968139648
33.0,16.0,16.0,0.021410465240478516
30.0,10.0,10.0,0.0334162712097168
53.0,19.0,19.0,0.04586958885192871
89.0,35.0,35.0,0.08905220031738281
32.0,8.0,8.0,0.03201031684875488
44.0,10.0,10.0,0.03542804718017578
40.0,25.0,25.0,0.024997234344482422
33.0,13.0,13.0,0.023245573043823242
44.0,12.0,12.0,0.027472972869873047
85.0,24.0,24.0,0.05343794822692871
214.0,78.0,78.0,0.1639094352722168
28.0,13.0,13.0,0.018999814987182617
50.0,19.0,19.0,0.0485997200012207
36.0,22.0,22.0,0.024814128875732422
32.0,21.0,21.0,0.025814056396484375
63.0,21.0,21.0,0.04766678810119629
26.0,11.0,11.0,0.01852273941040039
60.0,14.0,14.0,0.045510292053222656
76.0,22.0,22.0,0.05151176452636719
107.0,37.0,37.0,0.06954526901245117
33.0,14.0,14.0,0.020277976989746094
46.0,21.0,21.0,0.03587460517883301
120.0,56.0,56.0,0.09067821502685547
64.0,28.0,28.0,0.05211067199707031
24.0,10.0,10.0,0.026774883270263672
30.0,16.0,16.0,0.03735971450805664
22.0,12.0,12.0,0.023197650909423828
70.0,26.0,26.0,0.060517072677612305
33.0,12.0,12.0,0.025350332260131836
24.0,6.0,6.0,0.020792484283447266
62.0,25.0,25.0,0.04595828056335449
36.0,25.0,25.0,0.02490401268005371
53.0,28.0,28.0,0.03723645210266113
37.0,17.0,17.0,0.023048877716064453
97.0,31.0,31.0,0.08906745910644531
44.0,16.0,16.0,0.031013965606689453
33.0,11.0,11.0,0.03398895263671875
39.0,14.0,14.0,0.03545093536376953
22.0,9.0,9.0,0.021297931671142578
21.0,6.0,6.0,0.01806473731994629
63.0,27.0,27.0,0.04562973976135254
33.0,19.0,19.0,0.022797584533691406
134.0,41.0,41.0,0.11263298988342285
61.0,22.0,22.0,0.048175811767578125
24.0,9.0,9.0,0.020714282989501953
231.0,65.0,65.0,0.16678833961486816
40.0,10.0,10.0,0.036742448806762695
38.0,12.0,12.0,0.03036355972290039
108.0,36.0,36.0,0.09128403663635254
41.0,14.0,14.0,0.03788447380065918
90.0,30.0,30.0,0.06362295150756836
19.0,8.0,8.0,0.015225887298583984
74.0,27.0,27.0,0.05383419990539551
121.0,42.0,42.0,0.08884739875793457
25.0,14.0,14.0,0.016709089279174805
127.0,37.0,37.0,0.10620641708374023
82.0,25.0,25.0,0.05533647537231445
93.0,43.0,43.0,0.061713457107543945
30.0,12.0,12.0,0.0348052978515625
56.0,18.0,18.0,0.04371905326843262
112.0,45.0,45.0,0.07897305488586426
90.0,41.0,41.0,0.06255459785461426
23.0,11.0,11.0,0.014514923095703125
68.0,24.0,24.0,0.04382491111755371
68.0,25.0,25.0,0.052358388900756836
33.0,14.0,14.0,0.02841663360595703
55.0,21.0,21.0,0.03510737419128418
79.0,33.0,33.0,0.05303382873535156
110.0,41.0,41.0,0.07561588287353516
54.0,19.0,19.0,0.04371190071105957
87.0,34.0,34.0,0.07269859313964844
35.0,17.0,17.0,0.02903151512145996
113.0,48.0,48.0,0.0776371955871582
55.0,19.0,19.0,0.03605055809020996
159.0,39.0,39.0,0.10767745971679688
57.0,22.0,22.0,0.040723562240600586
68.0,22.0,22.0,0.052939653396606445
52.0,19.0,19.0,0.038870811462402344
81.0,26.0,26.0,0.05569291114807129
38.0,14.0,14.0,0.027639389038085938
49.0,24.0,24.0,0.03355526924133301
35.0,22.0,22.0,0.0279998779296875
73.0,19.0,19.0,0.0586400032043457
84.0,19.0,19.0,0.0589139461517334
32.0,12.0,12.0,0.021541357040405273
57.0,10.0,10.0,0.05851340293884277
91.0,33.0,33.0,0.0674581527709961
74.0,21.0,21.0,0.05498242378234863
38.0,12.0,12.0,0.028792858123779297
34.0,15.0,15.0,0.024265527725219727
150.0,42.0,42.0,0.09853124618530273
64.0,15.0,15.0,0.04418063163757324
61.0,20.0,20.0,0.0413355827331543
48.0,19.0,19.0,0.035825252532958984
17.0,5.0,5.0,0.0116119384765625
83.0,29.0,29.0,0.06011366844177246
68.0,13.0,13.0,0.04833483695983887
57.0,36.0,36.0,0.036278486251831055
138.0,48.0,48.0,0.10220527648925781
18.0,5.0,5.0,0.018001317977905273
44.0,19.0,19.0,0.034863948822021484
23.0,11.0,11.0,0.017181396484375
32.0,12.0,12.0,0.024204015731811523
79.0,32.0,32.0,0.05988717079162598
21.0,6.0,6.0,0.014114856719970703
55.0,34.0,34.0,0.040161848068237305
32.0,10.0,10.0,0.026587486267089844
49.0,22.0,22.0,0.034783124923706055
127.0,47.0,47.0,0.09523558616638184
28.0,16.0,16.0,0.020360946655273438
21.0,9.0,9.0,0.014593839645385742
72.0,35.0,35.0,0.05463552474975586
88.0,32.0,32.0,0.07144880294799805
61.0,25.0,25.0,0.04546213150024414
95.0,18.0,18.0,0.08746504783630371
24.0,7.0,7.0,0.02102375030517578
42.0,20.0,20.0,0.04285383224487305
21.0,10.0,10.0,0.016843557357788086
20.0,7.0,7.0,0.022342920303344727
28.0,17.0,17.0,0.021825551986694336
27.0,16.0,16.0,0.018396377563476562
22.0,8.0,8.0,0.01354837417602539
81.0,37.0,37.0,0.052763938903808594
91.0,46.0,46.0,0.061095476150512695
57.0,9.0,9.0,0.0419926643371582
32.0,21.0,21.0,0.032373905181884766
160.0,66.0,66.0,0.11766290664672852
43.0,18.0,18.0,0.037663936614990234
24.0,11.0,11.0,0.018277645111083984
142.0,46.0,46.0,0.13359475135803223
19.0,7.0,7.0,0.01326751708984375
152.0,54.0,54.0,0.12049293518066406
153.0,48.0,48.0,0.1301417350769043
83.0,27.0,27.0,0.06499266624450684
16.0,5.0,5.0,0.010771512985229492
21.0,7.0,7.0,0.017473459243774414
91.0,31.0,31.0,0.11691951751708984
25.0,11.0,11.0,0.01901388168334961
63.0,30.0,30.0,0.04670858383178711
134.0,53.0,53.0,0.11368966102600098
88.0,26.0,26.0,0.06165957450866699
44.0,15.0,15.0,0.03215670585632324
22.0,10.0,10.0,0.02120232582092285
21.0,8.0,8.0,0.022159099578857422
70.0,29.0,29.0,0.04502511024475098
133.0,48.0,48.0,0.10547804832458496
31.0,11.0,11.0,0.021835803985595703
31.0,15.0,15.0,0.019942283630371094
41.0,17.0,17.0,0.027321815490722656
34.0,12.0,12.0,0.02639293670654297
76.0,34.0,34.0,0.05457806587219238
173.0,61.0,61.0,0.14583826065063477
164.0,45.0,45.0,0.16852283477783203
34.0,18.0,18.0,0.05801653861999512
64.0,18.0,18.0,0.08809280395507812
57.0,10.0,10.0,0.05433011054992676
55.0,26.0,26.0,0.08188796043395996
45.0,16.0,16.0,0.03479766845703125
86.0,34.0,34.0,0.05709528923034668
36.0,10.0,10.0,0.031824588775634766
27.0,16.0,16.0,0.024977445602416992
71.0,23.0,23.0,0.07340455055236816
32.0,16.0,16.0,0.04561924934387207
24.0,13.0,13.0,0.037039995193481445
80.0,27.0,27.0,0.07137680053710938
103.0,21.0,21.0,0.06979608535766602
39.0,10.0,10.0,0.02951335906982422
94.0,39.0,39.0,0.08733034133911133
29.0,16.0,16.0,0.03483223915100098
22.0,10.0,10.0,0.021547317504882812
74.0,30.0,30.0,0.07979345321655273
49.0,17.0,17.0,0.03896784782409668
40.0,22.0,22.0,0.03774571418762207
32.0,9.0,9.0,0.03769254684448242
28.0,13.0,13.0,0.03413867950439453
39.0,19.0,19.0,0.03922414779663086
72.0,25.0,25.0,0.06943631172180176
39.0,22.0,22.0,0.035826683044433594
53.0,26.0,26.0,0.06482267379760742
66.0,21.0,21.0,0.06576085090637207
68.0,30.0,30.0,0.0813605785369873
53.0,23.0,23.0,0.04334592819213867
85.0,37.0,37.0,0.07213711738586426
51.0,27.0,27.0,0.04732918739318848
30.0,19.0,19.0,0.02086806297302246
35.0,13.0,13.0,0.02429509162902832
101.0,32.0,32.0,0.08918070793151855
48.0,24.0,24.0,0.04081368446350098
39.0,8.0,8.0,0.035349369049072266
210.0,68.0,68.0,0.17994403839111328
47.0,14.0,14.0,0.07315921783447266
50.0,20.0,20.0,0.053375959396362305
110.0,47.0,47.0,0.07559943199157715
112.0,37.0,37.0,0.1115715503692627
91.0,42.0,42.0,0.07385993003845215
34.0,11.0,11.0,0.031065940856933594
59.0,18.0,18.0,0.05216169357299805
32.0,10.0,10.0,0.03186750411987305
129.0,41.0,41.0,0.11297321319580078
73.0,17.0,17.0,0.058794260025024414
84.0,20.0,20.0,0.05972886085510254
49.0,17.0,17.0,0.03417849540710449
50.0,22.0,22.0,0.04284381866455078
69.0,20.0,20.0,0.07462477684020996
35.0,6.0,6.0,0.03199028968811035
18.0,7.0,7.0,0.018993139266967773
45.0,17.0,17.0,0.05022287368774414
80.0,14.0,14.0,0.08634090423583984
36.0,19.0,19.0,0.03332877159118652
32.0,9.0,9.0,0.02562093734741211
83.0,33.0,33.0,0.0786740779876709
80.0,34.0,34.0,0.0957789421081543
86.0,25.0,25.0,0.10149860382080078
61.0,18.0,18.0,0.07734012603759766
31.0,16.0,16.0,0.03470110893249512
110.0,49.0,49.0,0.10168099403381348
57.0,24.0,24.0,0.06223106384277344
106.0,35.0,35.0,0.08688879013061523
41.0,18.0,18.0,0.04342842102050781
83.0,25.0,25.0,0.08830380439758301
22.0,11.0,11.0,0.016023874282836914
34.0,11.0,11.0,0.02556920051574707
56.0,19.0,19.0,0.0526885986328125
63.0,20.0,20.0,0.048777103424072266
76.0,32.0,32.0,0.0755760669708252
16.0,5.0,5.0,0.011996984481811523
35.0,16.0,16.0,0.03022599220275879
27.0,15.0,15.0,0.021890878677368164
20.0,9.0,9.0,0.016577482223510742
36.0,19.0,19.0,0.03210902214050293
37.0,17.0,17.0,0.03655862808227539
30.0,14.0,14.0,0.03974270820617676
61.0,21.0,21.0,0.07492804527282715
27.0,11.0,11.0,0.035613298416137695
56.0,15.0,15.0,0.07461786270141602
71.0,34.0,34.0,0.07533645629882812
25.0,13.0,13.0,0.018477201461791992
41.0,24.0,24.0,0.03700971603393555
67.0,31.0,31.0,0.07735514640808105
74.0,17.0,17.0,0.06995868682861328
76.0,30.0,30.0,0.06242775917053223
139.0,49.0,49.0,0.12465572357177734
35.0,14.0,14.0,0.03379201889038086
34.0,20.0,20.0,0.03924131393432617
127.0,33.0,33.0,0.13723969459533691
32.0,13.0,13.0,0.03178548812866211
32.0,11.0,11.0,0.030364513397216797
50.0,20.0,20.0,0.05884385108947754
23.0,11.0,11.0,0.026055574417114258
45.0,14.0,14.0,0.046100616455078125
22.0,8.0,8.0,0.026016712188720703
48.0,12.0,12.0,0.047385454177856445
97.0,27.0,27.0,0.10246562957763672
88.0,29.0,29.0,0.08425593376159668
155.0,52.0,52.0,0.16095471382141113
37.0,15.0,15.0,0.040093183517456055
47.0,17.0,17.0,0.053199052810668945
40.0,13.0,13.0,0.04016685485839844
102.0,26.0,26.0,0.1247713565826416
45.0,19.0,19.0,0.05894637107849121
23.0,7.0,7.0,0.04044651985168457
25.0,12.0,12.0,0.033176422119140625
36.0,18.0,18.0,0.03409171104431152
32.0,20.0,20.0,0.04047393798828125
45.0,14.0,14.0,0.06639981269836426
44.0,16.0,16.0,0.05205249786376953
138.0,50.0,50.0,0.1443626880645752
34.0,16.0,16.0,0.048182010650634766
124.0,44.0,44.0,0.13245010375976562
101.0,33.0,33.0,0.11533570289611816
127.0,42.0,42.0,0.13369965553283691
23.0,8.0,8.0,0.026268482208251953
50.0,24.0,24.0,0.06057238578796387
23.0,9.0,9.0,0.02496623992919922
107.0,27.0,27.0,0.08826351165771484
109.0,43.0,43.0,0.10251927375793457
45.0,21.0,21.0,0.038887739181518555
26.0,9.0,9.0,0.018460512161254883
41.0,20.0,20.0,0.028335094451904297
71.0,20.0,20.0,0.045427799224853516
105.0,35.0,35.0,0.06751108169555664
49.0,15.0,15.0,0.042832136154174805
33.0,14.0,14.0,0.024736642837524414
92.0,24.0,24.0,0.07772016525268555
75.0,20.0,20.0,0.060613155364990234
33.0,9.0,9.0,0.02753138542175293
37.0,19.0,19.0,0.03386497497558594
60.0,22.0,22.0,0.049765586853027344
98.0,41.0,41.0,0.07328104972839355
37.0,11.0,11.0,0.033551931381225586
37.0,23.0,23.0,0.0427396297454834
28.0,10.0,10.0,0.023232698440551758
120.0,33.0,33.0,0.08602213859558105
53.0,23.0,23.0,0.051889657974243164
137.0,43.0,43.0,0.10996222496032715
107.0,35.0,35.0,0.07956385612487793
167.0,55.0,55.0,0.12667012214660645
55.0,30.0,30.0,0.0485684871673584
66.0,31.0,31.0,0.05956912040710449
107.0,31.0,31.0,0.07725834846496582
43.0,20.0,20.0,0.02776026725769043
30.0,11.0,11.0,0.02163076400756836
105.0,34.0,34.0,0.0956728458404541
70.0,28.0,28.0,0.07348155975341797
83.0,35.0,35.0,0.06523728370666504
26.0,14.0,14.0,0.018172502517700195
100.0,38.0,38.0,0.06738948822021484
49.0,22.0,22.0,0.04713129997253418
24.0,9.0,9.0,0.015560150146484375
49.0,27.0,27.0,0.03261899948120117
46.0,18.0,18.0,0.03134512901306152
57.0,27.0,27.0,0.0380401611328125
72.0,13.0,13.0,0.06488275527954102
24.0,10.0,10.0,0.025217771530151367
35.0,17.0,17.0,0.025114774703979492
24.0,9.0,9.0,0.015101194381713867
23.0,6.0,6.0,0.015861034393310547
28.0,16.0,16.0,0.02304863929748535
104.0,38.0,38.0,0.0913393497467041
51.0,9.0,9.0,0.0394899845123291
85.0,28.0,28.0,0.06546282768249512
46.0,22.0,22.0,0.03496289253234863
40.0,16.0,16.0,0.030050039291381836
38.0,16.0,16.0,0.03360271453857422
26.0,11.0,11.0,0.018480539321899414
40.0,17.0,17.0,0.03273129463195801
29.0,13.0,13.0,0.021650075912475586
120.0,38.0,38.0,0.08550620079040527
122.0,39.0,39.0,0.09494948387145996
72.0,21.0,21.0,0.05564117431640625
22.0,7.0,7.0,0.019737720489501953
19.0,7.0,7.0,0.014274358749389648
58.0,21.0,21.0,0.03933596611022949
36.0,11.0,11.0,0.03088855743408203
68.0,19.0,19.0,0.05443549156188965
97.0,36.0,36.0,0.08832097053527832
67.0,20.0,20.0,0.06515789031982422
26.0,13.0,13.0,0.018598556518554688
57.0,25.0,25.0,0.06058144569396973
35.0,16.0,16.0,0.034845590591430664
60.0,17.0,17.0,0.0419468879699707
35.0,15.0,15.0,0.027123689651489258
30.0,14.0,14.0,0.029180526733398438
37.0,13.0,13.0,0.03362703323364258
137.0,44.0,44.0,0.0958402156829834
17.0,5.0,5.0,0.011950254440307617
35.0,17.0,17.0,0.030117034912109375
119.0,25.0,25.0,0.1024320125579834
117.0,39.0,39.0,0.10365796089172363
26.0,10.0,10.0,0.026003122329711914
55.0,37.0,37.0,0.04850292205810547
101.0,38.0,38.0,0.08347320556640625
27.0,10.0,10.0,0.016947031021118164
22.0,5.0,5.0,0.020502805709838867
19.0,9.0,9.0,0.01579141616821289
120.0,40.0,40.0,0.1043236255645752
36.0,12.0,12.0,0.03356647491455078
29.0,12.0,12.0,0.024203777313232422
142.0,47.0,47.0,0.1143491268157959
63.0,21.0,21.0,0.05787467956542969
30.0,9.0,9.0,0.025840044021606445
38.0,11.0,11.0,0.028588533401489258
55.0,22.0,22.0,0.04986095428466797
33.0,20.0,20.0,0.026332378387451172
180.0,44.0,44.0,0.13201546669006348
38.0,16.0,16.0,0.029705524444580078
31.0,14.0,14.0,0.023540019989013672
27.0,10.0,10.0,0.023544788360595703
23.0,8.0,8.0,0.018922090530395508
73.0,24.0,24.0,0.04764819145202637
21.0,2.0,2.0,0.017038583755493164
88.0,33.0,33.0,0.06652641296386719
45.0,17.0,17.0,0.03282737731933594
74.0,21.0,21.0,0.05786299705505371
106.0,38.0,38.0,0.07684469223022461
22.0,10.0,10.0,0.016816139221191406
78.0,38.0,38.0,0.06633543968200684
24.0,11.0,11.0,0.0217437744140625
20.0,9.0,9.0,0.02481985092163086
101.0,27.0,27.0,0.06524372100830078
84.0,30.0,30.0,0.05530571937561035
79.0,31.0,31.0,0.05305194854736328
27.0,10.0,10.0,0.018271446228027344
40.0,17.0,17.0,0.039540767669677734
20.0,6.0,6.0,0.01648879051208496
48.0,18.0,18.0,0.037019968032836914
76.0,33.0,33.0,0.05637025833129883
20.0,5.0,5.0,0.014661550521850586
112.0,39.0,39.0,0.08234763145446777
39.0,12.0,12.0,0.0288546085357666
37.0,15.0,15.0,0.024095535278320312
41.0,12.0,12.0,0.029148101806640625
94.0,23.0,23.0,0.0680844783782959
49.0,29.0,29.0,0.03476119041442871
78.0,33.0,33.0,0.06373476982116699
22.0,10.0,10.0,0.01659226417541504
75.0,17.0,17.0,0.06580114364624023
43.0,21.0,21.0,0.04000735282897949
38.0,11.0,11.0,0.03324437141418457
36.0,19.0,19.0,0.031186819076538086
96.0,45.0,45.0,0.08331298828125
56.0,35.0,35.0,0.06122326850891113
38.0,15.0,15.0,0.029634475708007812
71.0,20.0,20.0,0.0572962760925293
85.0,27.0,27.0,0.07396483421325684
51.0,20.0,20.0,0.04100990295410156
26.0,14.0,14.0,0.025027036666870117
40.0,16.0,16.0,0.026088237762451172
101.0,26.0,26.0,0.07756519317626953
183.0,48.0,48.0,0.13122797012329102
222.0,60.0,60.0,0.16811561584472656
44.0,19.0,19.0,0.028222084045410156
49.0,17.0,17.0,0.04037165641784668
120.0,42.0,42.0,0.10879230499267578
121.0,36.0,36.0,0.08754920959472656
70.0,24.0,24.0,0.04620480537414551
107.0,35.0,35.0,0.08562541007995605
46.0,21.0,21.0,0.0367586612701416
90.0,30.0,30.0,0.07450652122497559
32.0,8.0,8.0,0.021081209182739258
26.0,6.0,6.0,0.017962217330932617
65.0,35.0,35.0,0.04516720771789551
92.0,30.0,30.0,0.07055282592773438
42.0,16.0,16.0,0.03490018844604492
35.0,15.0,15.0,0.026974201202392578
54.0,22.0,22.0,0.03810477256774902
81.0,26.0,26.0,0.059571027755737305
57.0,22.0,22.0,0.04732847213745117
42.0,11.0,11.0,0.026680707931518555
84.0,34.0,34.0,0.06286835670471191
60.0,26.0,26.0,0.04561328887939453
95.0,39.0,39.0,0.07420086860656738
81.0,20.0,20.0,0.05853843688964844
141.0,46.0,46.0,0.11121511459350586
24.0,12.0,12.0,0.025348663330078125
26.0,12.0,12.0,0.022876262664794922
80.0,33.0,33.0,0.0695192813873291
50.0,19.0,19.0,0.04968976974487305
38.0,11.0,11.0,0.03145551681518555
34.0,11.0,11.0,0.02679610252380371
41.0,25.0,25.0,0.030002832412719727
32.0,15.0,15.0,0.021425962448120117
36.0,23.0,23.0,0.024157047271728516
56.0,20.0,20.0,0.0373537540435791
20.0,6.0,6.0,0.013569355010986328
64.0,9.0,9.0,0.050020456314086914
51.0,15.0,15.0,0.0365140438079834
33.0,18.0,18.0,0.0282137393951416
87.0,47.0,47.0,0.05902433395385742
59.0,23.0,23.0,0.03853654861450195
82.0,39.0,39.0,0.05504155158996582
23.0,9.0,9.0,0.014551877975463867
101.0,35.0,35.0,0.06665539741516113
20.0,7.0,7.0,0.015366077423095703
117.0,50.0,50.0,0.09604072570800781
83.0,30.0,30.0,0.06025266647338867
71.0,17.0,17.0,0.04615974426269531
57.0,29.0,29.0,0.03709721565246582
47.0,16.0,16.0,0.034070730209350586
47.0,8.0,8.0,0.03592944145202637
237.0,73.0,73.0,0.19588708877563477
27.0,9.0,9.0,0.01755976676940918
63.0,29.0,29.0,0.05212235450744629
24.0,9.0,9.0,0.020436525344848633
36.0,14.0,14.0,0.026929140090942383
25.0,11.0,11.0,0.020962238311767578
72.0,25.0,25.0,0.05594801902770996
99.0,21.0,21.0,0.07100248336791992
53.0,24.0,24.0,0.03685927391052246
22.0,10.0,10.0,0.015162944793701172
64.0,26.0,26.0,0.043704986572265625
42.0,9.0,9.0,0.030758380889892578
105.0,28.0,28.0,0.07750463485717773
71.0,18.0,18.0,0.06823205947875977
44.0,31.0,31.0,0.03816819190979004
18.0,7.0,7.0,0.017180681228637695
32.0,16.0,16.0,0.0229489803314209
96.0,34.0,34.0,0.06778216361999512
46.0,14.0,14.0,0.03513383865356445
17.0,4.0,4.0,0.011095046997070312
31.0,8.0,8.0,0.024824142456054688
109.0,40.0,40.0,0.08834552764892578
20.0,8.0,8.0,0.014851093292236328
20.0,9.0,9.0,0.01689743995666504
88.0,27.0,27.0,0.06451535224914551
41.0,16.0,16.0,0.03136944770812988
98.0,24.0,24.0,0.08200907707214355
44.0,23.0,23.0,0.03368830680847168
18.0,6.0,6.0,0.01743030548095703
62.0,22.0,22.0,0.04684329032897949
103.0,31.0,31.0,0.07741928100585938
85.0,24.0,24.0,0.06447982788085938
26.0,14.0,14.0,0.020390748977661133
19.0,6.0,6.0,0.018806934356689453
25.0,8.0,8.0,0.022948265075683594
160.0,48.0,48.0,0.11274576187133789
41.0,20.0,20.0,0.02978205680847168
96.0,20.0,20.0,0.07323598861694336
57.0,19.0,19.0,0.04251885414123535
73.0,27.0,27.0,0.05100226402282715
39.0,13.0,13.0,0.03030085563659668
36.0,12.0,12.0,0.0265958309173584
115.0,40.0,40.0,0.08272099494934082
29.0,15.0,15.0,0.025406599044799805
108.0,42.0,42.0,0.07868337631225586
24.0,13.0,13.0,0.021887779235839844
77.0,35.0,35.0,0.057215213775634766
43.0,23.0,23.0,0.028896570205688477
89.0,35.0,35.0,0.07520055770874023
39.0,25.0,25.0,0.02615046501159668
56.0,29.0,29.0,0.04372143745422363
133.0,58.0,58.0,0.1086122989654541
33.0,13.0,13.0,0.02262711524963379
30.0,6.0,6.0,0.023681640625
136.0,50.0,50.0,0.10646295547485352
89.0,29.0,29.0,0.06960272789001465
49.0,11.0,11.0,0.03176426887512207
44.0,14.0,14.0,0.033516883850097656
48.0,14.0,14.0,0.03693652153015137
32.0,16.0,16.0,0.02251124382019043
54.0,11.0,11.0,0.03610491752624512
20.0,8.0,8.0,0.012197256088256836
73.0,27.0,27.0,0.04550957679748535
48.0,25.0,25.0,0.04535531997680664
34.0,18.0,18.0,0.02696990966796875
19.0,5.0,5.0,0.0205841064453125
97.0,41.0,41.0,0.06868100166320801
108.0,38.0,38.0,0.08896231651306152
18.0,7.0,7.0,0.016436338424682617
35.0,15.0,15.0,0.029983997344970703
30.0,15.0,15.0,0.022898197174072266
19.0,7.0,7.0,0.016233444213867188
50.0,17.0,17.0,0.05687141418457031
47.0,29.0,29.0,0.045305490493774414
54.0,16.0,16.0,0.04488229751586914
27.0,11.0,11.0,0.022413015365600586
57.0,16.0,16.0,0.04060077667236328
40.0,11.0,11.0,0.02544236183166504
48.0,27.0,27.0,0.04039311408996582
47.0,17.0,17.0,0.034648895263671875
35.0,12.0,12.0,0.021944284439086914
90.0,31.0,31.0,0.06963491439819336
28.0,12.0,12.0,0.027650833129882812
37.0,14.0,14.0,0.0307772159576416
58.0,32.0,32.0,0.04230380058288574
42.0,22.0,22.0,0.03229045867919922
72.0,27.0,27.0,0.04990267753601074
35.0,12.0,12.0,0.028502702713012695
26.0,12.0,12.0,0.02485203742980957
139.0,46.0,46.0,0.1138753890991211
53.0,29.0,29.0,0.04903912544250488
58.0,23.0,23.0,0.046484947204589844
96.0,42.0,42.0,0.07393026351928711
61.0,27.0,27.0,0.04846501350402832
33.0,15.0,15.0,0.021199464797973633
29.0,19.0,19.0,0.01931285858154297
117.0,37.0,37.0,0.0903940200805664
33.0,11.0,11.0,0.027708768844604492
28.0,9.0,9.0,0.019202232360839844
20.0,9.0,9.0,0.014893054962158203
52.0,18.0,18.0,0.033371686935424805
46.0,19.0,19.0,0.03240251541137695
141.0,55.0,55.0,0.10242271423339844
97.0,24.0,24.0,0.06799745559692383
62.0,29.0,29.0,0.041909217834472656
39.0,19.0,19.0,0.03321719169616699
23.0,11.0,11.0,0.0171053409576416
39.0,17.0,17.0,0.033532142639160156
97.0,30.0,30.0,0.07468318939208984
78.0,27.0,27.0,0.05572104454040527
47.0,18.0,18.0,0.043091535568237305
26.0,12.0,12.0,0.03716611862182617
37.0,24.0,24.0,0.033281564712524414
56.0,15.0,15.0,0.03769040107727051
22.0,8.0,8.0,0.01558065414428711
20.0,8.0,8.0,0.014020681381225586
140.0,38.0,38.0,0.09641671180725098
39.0,12.0,12.0,0.028280973434448242
43.0,17.0,17.0,0.03441023826599121
89.0,27.0,27.0,0.08965444564819336
109.0,34.0,34.0,0.09614157676696777
34.0,23.0,23.0,0.04630303382873535
62.0,20.0,20.0,0.06229877471923828
74.0,34.0,34.0,0.07647705078125
34.0,21.0,21.0,0.028293848037719727
92.0,38.0,38.0,0.0607452392578125
104.0,26.0,26.0,0.08998870849609375
313.0,95.0,95.0,0.24550986289978027
23.0,11.0,11.0,0.01761627197265625
57.0,19.0,19.0,0.04623699188232422
109.0,33.0,33.0,0.08908796310424805
27.0,12.0,12.0,0.01749253273010254
54.0,14.0,14.0,0.04177975654602051
44.0,5.0,5.0,0.03217577934265137
42.0,18.0,18.0,0.032944440841674805
43.0,13.0,13.0,0.0322117805480957
60.0,27.0,27.0,0.05123448371887207
44.0,10.0,10.0,0.043796539306640625
27.0,11.0,11.0,0.019704341888427734
32.0,11.0,11.0,0.023730754852294922
140.0,46.0,46.0,0.1142435073852539
19.0,7.0,7.0,0.013383626937866211
59.0,11.0,11.0,0.04320240020751953
62.0,19.0,19.0,0.04178118705749512
98.0,38.0,38.0,0.07808208465576172
22.0,10.0,10.0,0.02033066749572754
19.0,8.0,8.0,0.016451358795166016
190.0,59.0,59.0,0.1456162929534912
30.0,19.0,19.0,0.025979280471801758
52.0,16.0,16.0,0.048989057540893555
25.0,9.0,9.0,0.01998448371887207
36.0,16.0,16.0,0.025389432907104492
57.0,24.0,24.0,0.0500185489654541
39.0,13.0,13.0,0.03473210334777832
59.0,31.0,31.0,0.04246783256530762
39.0,14.0,14.0,0.02647566795349121
33.0,11.0,11.0,0.020901203155517578
29.0,10.0,10.0,0.023252248764038086
28.0,13.0,13.0,0.023389101028442383
166.0,46.0,46.0,0.140455961227417
24.0,12.0,12.0,0.020772218704223633
50.0,14.0,14.0,0.04731249809265137
29.0,9.0,9.0,0.022025585174560547
121.0,42.0,42.0,0.09932637214660645
114.0,25.0,25.0,0.09871649742126465
69.0,22.0,22.0,0.04524350166320801
43.0,14.0,14.0,0.03265213966369629
46.0,19.0,19.0,0.031923770904541016
58.0,30.0,30.0,0.04102158546447754
121.0,40.0,40.0,0.09700512886047363
19.0,8.0,8.0,0.013998031616210938
53.0,19.0,19.0,0.03882932662963867
66.0,23.0,23.0,0.04574108123779297
173.0,56.0,56.0,0.14813923835754395
62.0,18.0,18.0,0.04499197006225586
49.0,27.0,27.0,0.03325223922729492
50.0,13.0,13.0,0.03513956069946289
54.0,18.0,18.0,0.04204845428466797
23.0,9.0,9.0,0.014720439910888672
62.0,19.0,19.0,0.048996925354003906
95.0,39.0,39.0,0.06332159042358398
28.0,15.0,15.0,0.018807172775268555
54.0,17.0,17.0,0.0359342098236084
128.0,40.0,40.0,0.08951187133789062
30.0,16.0,16.0,0.020111083984375
25.0,11.0,11.0,0.01588129997253418
41.0,12.0,12.0,0.041239023208618164
57.0,14.0,14.0,0.049396514892578125
27.0,8.0,8.0,0.020845651626586914
30.0,10.0,10.0,0.021136999130249023
29.0,14.0,14.0,0.018888235092163086
43.0,23.0,23.0,0.037717580795288086
99.0,38.0,38.0,0.07652854919433594
56.0,20.0,20.0,0.040699005126953125
44.0,15.0,15.0,0.03067469596862793
110.0,35.0,35.0,0.08388423919677734
86.0,18.0,18.0,0.0641791820526123
65.0,21.0,21.0,0.044138193130493164
33.0,17.0,17.0,0.02307748794555664
44.0,15.0,15.0,0.0309295654296875
26.0,15.0,15.0,0.016225576400756836
125.0,36.0,36.0,0.07795524597167969
75.0,34.0,34.0,0.0486910343170166
53.0,36.0,36.0,0.03437209129333496
34.0,16.0,16.0,0.021955490112304688
77.0,22.0,22.0,0.05272245407104492
37.0,21.0,21.0,0.02736663818359375
22.0,11.0,11.0,0.014593839645385742
34.0,11.0,11.0,0.03130698204040527
33.0,20.0,20.0,0.027737855911254883
21.0,11.0,11.0,0.018309593200683594
20.0,6.0,6.0,0.023474693298339844
99.0,34.0,34.0,0.09433579444885254
47.0,12.0,12.0,0.047857046127319336
153.0,42.0,42.0,0.10621428489685059
40.0,12.0,12.0,0.029112815856933594
70.0,21.0,21.0,0.04407668113708496
24.0,10.0,10.0,0.01469874382019043
59.0,29.0,29.0,0.03964424133300781
136.0,26.0,26.0,0.11200165748596191
20.0,9.0,9.0,0.012878656387329102
26.0,10.0,10.0,0.018930912017822266
49.0,23.0,23.0,0.032984018325805664
19.0,8.0,8.0,0.01217031478881836
104.0,29.0,29.0,0.06881856918334961
67.0,24.0,24.0,0.046208858489990234
83.0,21.0,21.0,0.06123995780944824
29.0,15.0,15.0,0.01964402198791504
32.0,9.0,9.0,0.026377439498901367
36.0,19.0,19.0,0.026517629623413086
42.0,26.0,26.0,0.03928256034851074
60.0,17.0,17.0,0.05466437339782715
50.0,17.0,17.0,0.04668998718261719
91.0,37.0,37.0,0.06738638877868652
36.0,19.0,19.0,0.025028467178344727
55.0,26.0,26.0,0.04997062683105469
28.0,7.0,7.0,0.02261948585510254
24.0,11.0,11.0,0.018843412399291992
35.0,21.0,21.0,0.02515578269958496
53.0,22.0,22.0,0.03646230697631836
68.0,25.0,25.0,0.047120094299316406
108.0,35.0,35.0,0.07953977584838867
48.0,11.0,11.0,0.03466081619262695
24.0,11.0,11.0,0.018947124481201172
59.0,18.0,18.0,0.045851707458496094
36.0,3.0,3.0,0.02452850341796875
74.0,27.0,27.0,0.05600571632385254
124.0,40.0,40.0,0.10390353202819824
17.0,7.0,7.0,0.012633085250854492
36.0,17.0,17.0,0.024481773376464844
34.0,17.0,17.0,0.022099971771240234
63.0,20.0,20.0,0.042247772216796875
53.0,26.0,26.0,0.03743243217468262
123.0,49.0,49.0,0.08916664123535156
26.0,13.0,13.0,0.016653776168823242
18.0,7.0,7.0,0.011805534362792969
29.0,15.0,15.0,0.023883581161499023
32.0,19.0,19.0,0.021508216857910156
32.0,11.0,11.0,0.027868032455444336
140.0,47.0,47.0,0.08966779708862305
38.0,25.0,25.0,0.026058435440063477
43.0,20.0,20.0,0.031235456466674805
78.0,26.0,26.0,0.08234286308288574
63.0,20.0,20.0,0.0446019172668457
57.0,17.0,17.0,0.038184165954589844
57.0,22.0,22.0,0.043426513671875
106.0,29.0,29.0,0.0673377513885498
35.0,11.0,11.0,0.021668672561645508
26.0,11.0,11.0,0.017912864685058594
17.0,6.0,6.0,0.011595964431762695
60.0,28.0,28.0,0.043385982513427734
36.0,23.0,23.0,0.03287696838378906
56.0,24.0,24.0,0.04644155502319336
52.0,23.0,23.0,0.033521175384521484
33.0,14.0,14.0,0.021349668502807617
38.0,13.0,13.0,0.026368379592895508
26.0,14.0,14.0,0.01773834228515625
72.0,16.0,16.0,0.0503542423248291
34.0,18.0,18.0,0.023188352584838867
97.0,30.0,30.0,0.06983351707458496
43.0,21.0,21.0,0.02940511703491211
90.0,26.0,26.0,0.06409263610839844
77.0,30.0,30.0,0.05327200889587402
22.0,9.0,9.0,0.015299558639526367
30.0,17.0,17.0,0.021436452865600586
129.0,28.0,28.0,0.10035014152526855
54.0,32.0,32.0,0.0368504524230957
94.0,26.0,26.0,0.058626651763916016
76.0,24.0,24.0,0.05448746681213379
104.0,31.0,31.0,0.07122564315795898
16.0,6.0,6.0,0.017711639404296875
64.0,28.0,28.0,0.045542240142822266
51.0,20.0,20.0,0.03670692443847656
28.0,16.0,16.0,0.03305983543395996
108.0,32.0,32.0,0.07356452941894531
56.0,29.0,29.0,0.04112601280212402
26.0,12.0,12.0,0.0170440673828125
70.0,33.0,33.0,0.0638124942779541
19.0,8.0,8.0,0.015024185180664062
100.0,38.0,38.0,0.06855654716491699
27.0,13.0,13.0,0.017011642456054688
130.0,40.0,40.0,0.0906975269317627
36.0,18.0,18.0,0.025754451751708984
42.0,11.0,11.0,0.028614044189453125
55.0,13.0,13.0,0.03810715675354004
70.0,35.0,35.0,0.046051979064941406
132.0,49.0,49.0,0.09959530830383301
55.0,19.0,19.0,0.048929452896118164
22.0,8.0,8.0,0.01753854751586914
17.0,4.0,4.0,0.010518789291381836
54.0,20.0,20.0,0.03560996055603027
35.0,14.0,14.0,0.022306203842163086
47.0,18.0,18.0,0.0294649600982666
88.0,28.0,28.0,0.0700681209564209
41.0,14.0,14.0,0.03823709487915039
50.0,28.0,28.0,0.03409767150878906
109.0,36.0,36.0,0.07537174224853516
20.0,7.0,7.0,0.014626026153564453
51.0,22.0,22.0,0.03421783447265625
86.0,43.0,43.0,0.06536030769348145
27.0,7.0,7.0,0.017444849014282227
27.0,13.0,13.0,0.024914264678955078
53.0,19.0,19.0,0.05772113800048828
76.0,22.0,22.0,0.06190609931945801
58.0,14.0,14.0,0.05052042007446289
105.0,33.0,33.0,0.08502578735351562
21.0,8.0,8.0,0.013747215270996094
57.0,32.0,32.0,0.03901314735412598
34.0,15.0,15.0,0.021432876586914062
62.0,26.0,26.0,0.04294729232788086
47.0,5.0,5.0,0.04015684127807617
60.0,23.0,23.0,0.042470455169677734
46.0,22.0,22.0,0.03109908103942871
41.0,10.0,10.0,0.03624296188354492
273.0,60.0,60.0,0.21030616760253906
22.0,4.0,4.0,0.01658320426940918
71.0,32.0,32.0,0.04766249656677246
26.0,16.0,16.0,0.016962289810180664
31.0,15.0,15.0,0.027344226837158203
18.0,4.0,4.0,0.015789031982421875
33.0,15.0,15.0,0.024459362030029297
127.0,46.0,46.0,0.09691143035888672
29.0,7.0,7.0,0.01966691017150879
47.0,15.0,15.0,0.031134843826293945
75.0,27.0,27.0,0.056592464447021484
31.0,8.0,8.0,0.020102977752685547
97.0,21.0,21.0,0.06721663475036621
96.0,25.0,25.0,0.06525397300720215
28.0,15.0,15.0,0.021126985549926758
28.0,8.0,8.0,0.020464420318603516
36.0,15.0,15.0,0.024251222610473633
34.0,12.0,12.0,0.023586511611938477
33.0,10.0,10.0,0.02699565887451172
133.0,37.0,37.0,0.10777568817138672
29.0,18.0,18.0,0.023708343505859375
22.0,7.0,7.0,0.018700599670410156
58.0,20.0,20.0,0.04729437828063965
35.0,24.0,24.0,0.026761770248413086
19.0,3.0,3.0,0.014110326766967773
20.0,7.0,7.0,0.017550230026245117
19.0,7.0,7.0,0.015861034393310547
69.0,29.0,29.0,0.05335426330566406
53.0,20.0,20.0,0.042780399322509766
44.0,20.0,20.0,0.04012632369995117
80.0,36.0,36.0,0.0723414421081543
22.0,4.0,4.0,0.016825199127197266
37.0,19.0,19.0,0.03770613670349121
114.0,39.0,39.0,0.07790708541870117
57.0,20.0,20.0,0.03835797309875488
38.0,15.0,15.0,0.02864527702331543
44.0,13.0,13.0,0.028887510299682617
112.0,34.0,34.0,0.07516717910766602
200.0,68.0,68.0,0.1410839557647705
84.0,28.0,28.0,0.061147212982177734
20.0,9.0,9.0,0.014118671417236328
21.0,7.0,7.0,0.013775348663330078
47.0,19.0,19.0,0.03225898742675781
23.0,12.0,12.0,0.015204191207885742
47.0,28.0,28.0,0.03212761878967285
18.0,3.0,3.0,0.012162208557128906
90.0,35.0,35.0,0.06288027763366699
125.0,49.0,49.0,0.09122443199157715
34.0,20.0,20.0,0.023530960083007812
45.0,23.0,23.0,0.03527212142944336
92.0,44.0,44.0,0.06712770462036133
36.0,18.0,18.0,0.026299476623535156
50.0,20.0,20.0,0.03745555877685547
62.0,40.0,40.0,0.044533491134643555
23.0,6.0,6.0,0.016650915145874023
62.0,16.0,16.0,0.04906010627746582
45.0,19.0,19.0,0.02800893783569336
42.0,28.0,28.0,0.028972625732421875
113.0,32.0,32.0,0.08582043647766113
33.0,16.0,16.0,0.024863719940185547
75.0,44.0,44.0,0.07934212684631348
22.0,5.0,5.0,0.01719951629638672
37.0,24.0,24.0,0.02863144874572754
29.0,16.0,16.0,0.024422168731689453
64.0,15.0,15.0,0.05372142791748047
76.0,33.0,33.0,0.05168652534484863
95.0,40.0,40.0,0.08709454536437988
58.0,27.0,27.0,0.040439605712890625
68.0,25.0,25.0,0.049337148666381836
27.0,15.0,15.0,0.018059968948364258
42.0,12.0,12.0,0.03674125671386719
69.0,24.0,24.0,0.055487632751464844
48.0,16.0,16.0,0.04592752456665039
75.0,26.0,26.0,0.05692720413208008
29.0,16.0,16.0,0.017774343490600586
54.0,23.0,23.0,0.034685373306274414
17.0,4.0,4.0,0.011989831924438477
21.0,11.0,11.0,0.017750263214111328
40.0,13.0,13.0,0.033789634704589844
22.0,9.0,9.0,0.017231464385986328
44.0,18.0,18.0,0.035152435302734375
72.0,24.0,24.0,0.05388212203979492
89.0,26.0,26.0,0.07225370407104492
50.0,20.0,20.0,0.03814101219177246
47.0,19.0,19.0,0.03209400177001953
26.0,8.0,8.0,0.021338939666748047
32.0,10.0,10.0,0.022102832794189453
19.0,8.0,8.0,0.0199127197265625
20.0,7.0,7.0,0.01568603515625
72.0,48.0,48.0,0.05478620529174805
34.0,23.0,23.0,0.02206587791442871
132.0,44.0,44.0,0.0912930965423584
33.0,22.0,22.0,0.02086186408996582
16.0,3.0,3.0,0.010281801223754883
32.0,16.0,16.0,0.023802518844604492
30.0,13.0,13.0,0.021008968353271484
113.0,52.0,52.0,0.0769035816192627
21.0,8.0,8.0,0.0132293701171875
151.0,47.0,47.0,0.10503315925598145
26.0,11.0,11.0,0.016104459762573242
31.0,7.0,7.0,0.020067930221557617
85.0,25.0,25.0,0.06224513053894043
52.0,16.0,16.0,0.04026675224304199
32.0,14.0,14.0,0.01965928077697754
43.0,19.0,19.0,0.029089927673339844
100.0,39.0,39.0,0.0756235122680664
24.0,14.0,14.0,0.0244295597076416
62.0,28.0,28.0,0.04552006721496582
44.0,15.0,15.0,0.03308534622192383
25.0,9.0,9.0,0.016815662384033203
45.0,30.0,30.0,0.03954315185546875
47.0,20.0,20.0,0.03436565399169922
43.0,15.0,15.0,0.031313419342041016
75.0,32.0,32.0,0.06140303611755371
70.0,22.0,22.0,0.051253318786621094
36.0,14.0,14.0,0.028923511505126953
37.0,8.0,8.0,0.028400182723999023
69.0,28.0,28.0,0.054488182067871094
27.0,11.0,11.0,0.026107311248779297
87.0,23.0,23.0,0.0562596321105957
21.0,9.0,9.0,0.014122724533081055
83.0,37.0,37.0,0.055377960205078125
31.0,17.0,17.0,0.021909713745117188
26.0,11.0,11.0,0.05280780792236328
29.0,13.0,13.0,0.049620628356933594
54.0,26.0,26.0,0.047612905502319336
61.0,33.0,33.0,0.04755687713623047
28.0,7.0,7.0,0.018515586853027344
137.0,38.0,38.0,0.09776663780212402
25.0,7.0,7.0,0.021023035049438477
27.0,14.0,14.0,0.02002120018005371
30.0,10.0,10.0,0.02219700813293457
92.0,31.0,31.0,0.07655763626098633
22.0,10.0,10.0,0.01997065544128418
151.0,43.0,43.0,0.1338193416595459
72.0,32.0,32.0,0.05505800247192383
85.0,21.0,21.0,0.057328224182128906
43.0,18.0,18.0,0.04968595504760742
75.0,16.0,16.0,0.05782914161682129
39.0,15.0,15.0,0.030998706817626953
43.0,32.0,32.0,0.03582906723022461
29.0,7.0,7.0,0.022484779357910156
69.0,28.0,28.0,0.045656442642211914
28.0,11.0,11.0,0.021404504776000977
73.0,31.0,31.0,0.0581362247467041
31.0,12.0,12.0,0.02054452896118164
87.0,37.0,37.0,0.06653285026550293
203.0,59.0,59.0,0.16714072227478027
56.0,13.0,13.0,0.051013946533203125
38.0,22.0,22.0,0.028690814971923828
48.0,17.0,17.0,0.03496503829956055
144.0,53.0,53.0,0.11271405220031738
20.0,9.0,9.0,0.01404261589050293
53.0,23.0,23.0,0.046585798263549805
80.0,29.0,29.0,0.055632829666137695
31.0,15.0,15.0,0.021000146865844727
60.0,18.0,18.0,0.037999868392944336
95.0,30.0,30.0,0.06462931632995605
27.0,11.0,11.0,0.021999835968017578
44.0,19.0,19.0,0.03304290771484375
72.0,27.0,27.0,0.05958962440490723
120.0,29.0,29.0,0.09007763862609863
93.0,10.0,10.0,0.07463264465332031
30.0,16.0,16.0,0.024954557418823242
95.0,35.0,35.0,0.07201790809631348
80.0,25.0,25.0,0.05799984931945801
51.0,34.0,34.0,0.038628339767456055
28.0,12.0,12.0,0.01900005340576172
107.0,32.0,32.0,0.07761502265930176
22.0,8.0,8.0,0.017000198364257812
215.0,63.0,63.0,0.15826129913330078
91.0,46.0,46.0,0.08120059967041016
38.0,15.0,15.0,0.03718376159667969
23.0,10.0,10.0,0.0189816951751709
36.0,12.0,12.0,0.03149890899658203
26.0,14.0,14.0,0.019293785095214844
55.0,14.0,14.0,0.04224729537963867
57.0,33.0,33.0,0.041042327880859375
134.0,65.0,65.0,0.09058570861816406
20.0,9.0,9.0,0.015042543411254883
30.0,12.0,12.0,0.02904343605041504
144.0,37.0,37.0,0.1408987045288086
99.0,72.0,72.0,0.07169079780578613
33.0,8.0,8.0,0.02222442626953125
17.0,6.0,6.0,0.011543035507202148
27.0,15.0,15.0,0.01830768585205078
52.0,22.0,22.0,0.037522077560424805
83.0,36.0,36.0,0.0692603588104248
30.0,9.0,9.0,0.025686979293823242
118.0,42.0,42.0,0.11285734176635742
34.0,14.0,14.0,0.032006263732910156
34.0,16.0,16.0,0.027723312377929688
65.0,29.0,29.0,0.05725216865539551
78.0,31.0,31.0,0.06758379936218262
70.0,14.0,14.0,0.04645729064941406
88.0,28.0,28.0,0.062087297439575195
58.0,27.0,27.0,0.03821921348571777
26.0,15.0,15.0,0.017099380493164062
139.0,48.0,48.0,0.09208917617797852
44.0,26.0,26.0,0.03317761421203613
45.0,17.0,17.0,0.03204226493835449
23.0,12.0,12.0,0.0165860652923584
123.0,34.0,34.0,0.0900425910949707
124.0,40.0,40.0,0.11121797561645508
131.0,44.0,44.0,0.09140467643737793
70.0,23.0,23.0,0.047016143798828125
42.0,15.0,15.0,0.029150009155273438
330.0,117.0,117.0,0.2574608325958252
26.0,10.0,10.0,0.01981639862060547
27.0,10.0,10.0,0.01987457275390625
74.0,43.0,43.0,0.05269265174865723
31.0,20.0,20.0,0.02642679214477539
99.0,43.0,43.0,0.07726383209228516
122.0,32.0,32.0,0.08358478546142578
23.0,11.0,11.0,0.016208648681640625
95.0,27.0,27.0,0.07366347312927246
82.0,34.0,34.0,0.06943035125732422
51.0,22.0,22.0,0.04499983787536621
41.0,13.0,13.0,0.03299999237060547
56.0,16.0,16.0,0.04717111587524414
51.0,21.0,21.0,0.04984426498413086
42.0,18.0,18.0,0.027049779891967773
34.0,16.0,16.0,0.023763179779052734
62.0,16.0,16.0,0.054018497467041016
78.0,21.0,21.0,0.05441713333129883
33.0,7.0,7.0,0.03300595283508301
56.0,15.0,15.0,0.051827430725097656
209.0,64.0,64.0,0.16060423851013184
72.0,27.0,27.0,0.05622148513793945
119.0,29.0,29.0,0.08511543273925781
53.0,14.0,14.0,0.04616975784301758
97.0,27.0,27.0,0.07695960998535156
49.0,32.0,32.0,0.036635637283325195
27.0,9.0,9.0,0.02430105209350586
42.0,14.0,14.0,0.029291152954101562
93.0,27.0,27.0,0.07462835311889648
33.0,12.0,12.0,0.026000261306762695
55.0,18.0,18.0,0.046633005142211914
51.0,26.0,26.0,0.037000179290771484
68.0,25.0,25.0,0.06400465965270996
33.0,18.0,18.0,0.025385379791259766
22.0,10.0,10.0,0.014999628067016602
39.0,17.0,17.0,0.027041912078857422
49.0,12.0,12.0,0.036969900131225586
151.0,41.0,41.0,0.12024092674255371
34.0,10.0,10.0,0.025629281997680664
47.0,13.0,13.0,0.03500008583068848
149.0,47.0,47.0,0.11585497856140137
38.0,16.0,16.0,0.025432109832763672
86.0,38.0,38.0,0.05789899826049805
250.0,80.0,80.0,0.20279693603515625
77.0,29.0,29.0,0.06010770797729492
97.0,15.0,15.0,0.0734109878540039
28.0,16.0,16.0,0.021101713180541992
126.0,31.0,31.0,0.09649491310119629
44.0,20.0,20.0,0.04603409767150879
66.0,21.0,21.0,0.06694483757019043
21.0,11.0,11.0,0.018831491470336914
149.0,58.0,58.0,0.11614251136779785
89.0,21.0,21.0,0.058234214782714844
46.0,19.0,19.0,0.028944015502929688
90.0,28.0,28.0,0.07649016380310059
85.0,31.0,31.0,0.08459043502807617
26.0,6.0,6.0,0.02510833740234375
36.0,12.0,12.0,0.03374457359313965
78.0,34.0,34.0,0.07044029235839844
106.0,41.0,41.0,0.0943598747253418
64.0,34.0,34.0,0.051500558853149414
146.0,34.0,34.0,0.11306071281433105
83.0,18.0,18.0,0.0634927749633789
17.0,7.0,7.0,0.011516571044921875
135.0,65.0,65.0,0.08665823936462402
57.0,36.0,36.0,0.0376133918762207
45.0,18.0,18.0,0.037138938903808594
72.0,26.0,26.0,0.06118583679199219
43.0,27.0,27.0,0.03552961349487305
25.0,10.0,10.0,0.021628141403198242
71.0,24.0,24.0,0.06499958038330078
60.0,17.0,17.0,0.05463385581970215
22.0,10.0,10.0,0.018999814987182617
80.0,45.0,45.0,0.06362771987915039
184.0,70.0,70.0,0.14963293075561523
61.0,28.0,28.0,0.03962826728820801
50.0,14.0,14.0,0.03699970245361328
189.0,71.0,71.0,0.1787552833557129
29.0,11.0,11.0,0.024455547332763672
72.0,40.0,40.0,0.06390619277954102
53.0,15.0,15.0,0.0500180721282959
89.0,31.0,31.0,0.06812262535095215
74.0,34.0,34.0,0.053643226623535156
21.0,9.0,9.0,0.015987157821655273
57.0,33.0,33.0,0.05199933052062988
43.0,18.0,18.0,0.03237509727478027
54.0,18.0,18.0,0.04621434211730957
32.0,17.0,17.0,0.032009124755859375
38.0,11.0,11.0,0.041118621826171875
41.0,11.0,11.0,0.031464576721191406
56.0,13.0,13.0,0.03867506980895996
50.0,14.0,14.0,0.03216123580932617
51.0,17.0,17.0,0.034319162368774414
72.0,35.0,35.0,0.0466611385345459
46.0,18.0,18.0,0.029000043869018555
27.0,15.0,15.0,0.01699995994567871
47.0,17.0,17.0,0.03263449668884277
28.0,11.0,11.0,0.01999974250793457
63.0,29.0,29.0,0.0429997444152832
60.0,26.0,26.0,0.048902273178100586
26.0,15.0,15.0,0.018999814987182617
37.0,12.0,12.0,0.02500009536743164
101.0,50.0,50.0,0.07563257217407227
39.0,9.0,9.0,0.031999826431274414
62.0,30.0,30.0,0.0445864200592041
26.0,12.0,12.0,0.01900005340576172
30.0,12.0,12.0,0.018999814987182617
59.0,39.0,39.0,0.039632558822631836
123.0,34.0,34.0,0.08994078636169434
125.0,29.0,29.0,0.09204244613647461
61.0,21.0,21.0,0.04004406929016113
117.0,42.0,42.0,0.09214544296264648
78.0,23.0,23.0,0.05604243278503418
45.0,13.0,13.0,0.036585092544555664
20.0,8.0,8.0,0.01699972152709961
30.0,15.0,15.0,0.020999908447265625
67.0,24.0,24.0,0.044632911682128906
77.0,31.0,31.0,0.051999568939208984
23.0,9.0,9.0,0.01404261589050293
141.0,47.0,47.0,0.11401915550231934
70.0,25.0,25.0,0.06132769584655762
31.0,15.0,15.0,0.020818233489990234
64.0,26.0,26.0,0.03942131996154785
18.0,4.0,4.0,0.011794567108154297
30.0,17.0,17.0,0.022600650787353516
69.0,34.0,34.0,0.04946732521057129
20.0,7.0,7.0,0.02103257179260254
28.0,12.0,12.0,0.023999691009521484
21.0,7.0,7.0,0.027628660202026367
91.0,32.0,32.0,0.0952906608581543
69.0,26.0,26.0,0.05796027183532715
88.0,28.0,28.0,0.057886362075805664
66.0,18.0,18.0,0.04433917999267578
27.0,12.0,12.0,0.01837635040283203
74.0,29.0,29.0,0.06754446029663086
178.0,42.0,42.0,0.1415729522705078
33.0,11.0,11.0,0.026293277740478516
38.0,25.0,25.0,0.027999401092529297
33.0,8.0,8.0,0.024042367935180664
35.0,8.0,8.0,0.02458477020263672
68.0,28.0,28.0,0.04800009727478027
76.0,45.0,45.0,0.05163288116455078
29.0,9.0,9.0,0.019999980926513672
166.0,51.0,51.0,0.1908864974975586
19.0,8.0,8.0,0.019016027450561523
99.0,33.0,33.0,0.08269119262695312
40.0,10.0,10.0,0.03314995765686035
56.0,19.0,19.0,0.04335188865661621
25.0,13.0,13.0,0.018233299255371094
114.0,29.0,29.0,0.08815145492553711
27.0,13.0,13.0,0.018013715744018555
49.0,17.0,17.0,0.031614065170288086
30.0,13.0,13.0,0.02090907096862793
37.0,26.0,26.0,0.027197599411010742
43.0,24.0,24.0,0.026875019073486328
18.0,7.0,7.0,0.011904716491699219
34.0,17.0,17.0,0.02129077911376953
24.0,9.0,9.0,0.015625715255737305
33.0,10.0,10.0,0.023037195205688477
124.0,40.0,40.0,0.07906961441040039
40.0,22.0,22.0,0.026999711990356445
259.0,75.0,75.0,0.1752614974975586
36.0,10.0,10.0,0.02299976348876953
131.0,42.0,42.0,0.09015536308288574
42.0,23.0,23.0,0.03000020980834961
27.0,6.0,6.0,0.0190427303314209
