Timesteps,Collisions,Steps Waited,Real-Time Elapsed
164.0,58.0,58.0,0.13025856018066406
56.0,10.0,10.0,0.04122447967529297
20.0,8.0,8.0,0.022034168243408203
111.0,49.0,49.0,0.09625434875488281
64.0,25.0,25.0,0.06345033645629883
50.0,11.0,11.0,0.04035830497741699
22.0,8.0,8.0,0.015229225158691406
23.0,13.0,13.0,0.015331029891967773
24.0,9.0,9.0,0.02142620086669922
22.0,8.0,8.0,0.018795490264892578
127.0,42.0,42.0,0.12656879425048828
35.0,7.0,7.0,0.027385234832763672
80.0,39.0,39.0,0.07990908622741699
25.0,13.0,13.0,0.02136707305908203
105.0,30.0,30.0,0.09713912010192871
60.0,15.0,15.0,0.0629732608795166
30.0,19.0,19.0,0.0274810791015625
45.0,13.0,13.0,0.03669118881225586
116.0,43.0,43.0,0.10344219207763672
57.0,11.0,11.0,0.04277992248535156
27.0,10.0,10.0,0.023906230926513672
33.0,12.0,12.0,0.025402069091796875
19.0,5.0,5.0,0.014755487442016602
60.0,16.0,16.0,0.04685544967651367
23.0,12.0,12.0,0.017453670501708984
47.0,22.0,22.0,0.044834136962890625
44.0,9.0,9.0,0.041899919509887695
65.0,21.0,21.0,0.06376028060913086
42.0,19.0,19.0,0.03893470764160156
18.0,7.0,7.0,0.015914440155029297
78.0,25.0,25.0,0.06771039962768555
31.0,17.0,17.0,0.02539825439453125
88.0,27.0,27.0,0.06219363212585449
23.0,11.0,11.0,0.021622896194458008
85.0,24.0,24.0,0.07172346115112305
42.0,8.0,8.0,0.03152799606323242
33.0,10.0,10.0,0.030721187591552734
89.0,40.0,40.0,0.0697028636932373
24.0,13.0,13.0,0.017016887664794922
128.0,48.0,48.0,0.11009979248046875
97.0,33.0,33.0,0.07479333877563477
113.0,38.0,38.0,0.07544636726379395
26.0,4.0,4.0,0.024033784866333008
29.0,11.0,11.0,0.023000001907348633
51.0,27.0,27.0,0.033676862716674805
33.0,18.0,18.0,0.023000001907348633
69.0,38.0,38.0,0.05504250526428223
44.0,25.0,25.0,0.030585527420043945
21.0,9.0,9.0,0.01699995994567871
24.0,9.0,9.0,0.017999887466430664
179.0,53.0,53.0,0.1503603458404541
54.0,9.0,9.0,0.04561185836791992
38.0,14.0,14.0,0.030109643936157227
30.0,16.0,16.0,0.023395061492919922
73.0,25.0,25.0,0.052706241607666016
76.0,42.0,42.0,0.05644702911376953
24.0,13.0,13.0,0.018219709396362305
70.0,29.0,29.0,0.04980325698852539
78.0,25.0,25.0,0.05541634559631348
70.0,28.0,28.0,0.05401039123535156
39.0,17.0,17.0,0.029999971389770508
52.0,24.0,24.0,0.04004240036010742
33.0,12.0,12.0,0.024585247039794922
44.0,16.0,16.0,0.03199958801269531
106.0,39.0,39.0,0.0836338996887207
169.0,51.0,51.0,0.12715697288513184
28.0,13.0,13.0,0.021042823791503906
58.0,30.0,30.0,0.04858541488647461
116.0,50.0,50.0,0.09163260459899902
23.0,10.0,10.0,0.019999980926513672
71.0,17.0,17.0,0.0526280403137207
34.0,8.0,8.0,0.023999452590942383
162.0,41.0,41.0,0.12564301490783691
19.0,7.0,7.0,0.015000343322753906
39.0,12.0,12.0,0.03162860870361328
22.0,10.0,10.0,0.01699995994567871
60.0,19.0,19.0,0.04400014877319336
61.0,17.0,17.0,0.049633026123046875
31.0,15.0,15.0,0.023000001907348633
28.0,14.0,14.0,0.021000146865844727
46.0,14.0,14.0,0.03563046455383301
20.0,9.0,9.0,0.017999887466430664
102.0,32.0,32.0,0.08934974670410156
27.0,10.0,10.0,0.028468847274780273
48.0,21.0,21.0,0.039986610412597656
30.0,13.0,13.0,0.02390432357788086
34.0,24.0,24.0,0.03179192543029785
29.0,16.0,16.0,0.020020008087158203
22.0,9.0,9.0,0.014859676361083984
45.0,25.0,25.0,0.030389070510864258
28.0,14.0,14.0,0.019731760025024414
68.0,17.0,17.0,0.052901506423950195
71.0,22.0,22.0,0.05103445053100586
47.0,18.0,18.0,0.03704261779785156
59.0,21.0,21.0,0.04699969291687012
86.0,26.0,26.0,0.06263089179992676
111.0,49.0,49.0,0.08963251113891602
52.0,17.0,17.0,0.043999671936035156
100.0,31.0,31.0,0.07762813568115234
72.0,22.0,22.0,0.06104302406311035
20.0,9.0,9.0,0.015589714050292969
20.0,7.0,7.0,0.015999794006347656
34.0,14.0,14.0,0.025000333786010742
29.0,12.0,12.0,0.02299976348876953
87.0,33.0,33.0,0.06162834167480469
39.0,11.0,11.0,0.03552961349487305
50.0,16.0,16.0,0.036585092544555664
26.0,9.0,9.0,0.018999814987182617
46.0,30.0,30.0,0.04504275321960449
53.0,25.0,25.0,0.04459047317504883
30.0,18.0,18.0,0.03099989891052246
34.0,19.0,19.0,0.02851104736328125
74.0,30.0,30.0,0.07419848442077637
93.0,46.0,46.0,0.07378149032592773
29.0,16.0,16.0,0.023999929428100586
51.0,30.0,30.0,0.04463315010070801
118.0,42.0,42.0,0.0918729305267334
37.0,13.0,13.0,0.02699756622314453
60.0,22.0,22.0,0.04787921905517578
49.0,21.0,21.0,0.038756370544433594
68.0,15.0,15.0,0.05738496780395508
31.0,18.0,18.0,0.021596908569335938
45.0,19.0,19.0,0.03280520439147949
120.0,56.0,56.0,0.10636091232299805
47.0,28.0,28.0,0.03357076644897461
67.0,25.0,25.0,0.05451464653015137
27.0,13.0,13.0,0.024046897888183594
39.0,25.0,25.0,0.03178715705871582
29.0,13.0,13.0,0.025319814682006836
48.0,23.0,23.0,0.04662203788757324
51.0,15.0,15.0,0.04066133499145508
35.0,15.0,15.0,0.030709266662597656
31.0,12.0,12.0,0.03252601623535156
107.0,40.0,40.0,0.09397053718566895
80.0,30.0,30.0,0.060628414154052734
187.0,55.0,55.0,0.13422083854675293
42.0,17.0,17.0,0.033034324645996094
21.0,10.0,10.0,0.015000343322753906
107.0,27.0,27.0,0.08162832260131836
40.0,20.0,20.0,0.03599977493286133
39.0,15.0,15.0,0.030632972717285156
44.0,18.0,18.0,0.03000020980834961
40.0,26.0,26.0,0.032000064849853516
30.0,15.0,15.0,0.02004241943359375
25.0,15.0,15.0,0.01758551597595215
54.0,23.0,23.0,0.03800034523010254
65.0,18.0,18.0,0.04504275321960449
39.0,13.0,13.0,0.027589797973632812
29.0,12.0,12.0,0.018999814987182617
78.0,27.0,27.0,0.05462765693664551
36.0,10.0,10.0,0.029000282287597656
30.0,14.0,14.0,0.021999835968017578
61.0,33.0,33.0,0.05261850357055664
27.0,13.0,13.0,0.020000696182250977
145.0,49.0,49.0,0.10262775421142578
32.0,21.0,21.0,0.026999950408935547
22.0,11.0,11.0,0.01904296875
48.0,18.0,18.0,0.04059004783630371
39.0,22.0,22.0,0.03099966049194336
53.0,18.0,18.0,0.050156593322753906
173.0,68.0,68.0,0.1320176124572754
19.0,6.0,6.0,0.014098167419433594
119.0,42.0,42.0,0.09807729721069336
67.0,19.0,19.0,0.056546926498413086
132.0,55.0,55.0,0.11243081092834473
55.0,18.0,18.0,0.05784034729003906
14.0,3.0,3.0,0.010463953018188477
76.0,19.0,19.0,0.06319928169250488
37.0,21.0,21.0,0.025523662567138672
192.0,52.0,52.0,0.1766355037689209
45.0,17.0,17.0,0.033719778060913086
97.0,37.0,37.0,0.07584023475646973
21.0,9.0,9.0,0.014998435974121094
37.0,20.0,20.0,0.028303146362304688
70.0,29.0,29.0,0.06507587432861328
99.0,32.0,32.0,0.08292961120605469
81.0,29.0,29.0,0.07216739654541016
38.0,18.0,18.0,0.02520585060119629
66.0,34.0,34.0,0.04815340042114258
99.0,27.0,27.0,0.08752679824829102
119.0,36.0,36.0,0.08555746078491211
75.0,30.0,30.0,0.0644984245300293
64.0,26.0,26.0,0.05399918556213379
54.0,26.0,26.0,0.03952336311340332
134.0,36.0,36.0,0.10667014122009277
35.0,18.0,18.0,0.03100109100341797
74.0,19.0,19.0,0.0630025863647461
253.0,82.0,82.0,0.20340800285339355
97.0,35.0,35.0,0.07154273986816406
20.0,9.0,9.0,0.017510414123535156
19.0,6.0,6.0,0.01401376724243164
89.0,37.0,37.0,0.07125020027160645
53.0,23.0,23.0,0.03559112548828125
54.0,34.0,34.0,0.03595876693725586
109.0,44.0,44.0,0.07502079010009766
150.0,43.0,43.0,0.1116323471069336
82.0,38.0,38.0,0.07162761688232422
15.0,2.0,2.0,0.010999917984008789
61.0,28.0,28.0,0.04104280471801758
43.0,16.0,16.0,0.02958989143371582
118.0,46.0,46.0,0.08462786674499512
39.0,14.0,14.0,0.0279998779296875
39.0,20.0,20.0,0.02700042724609375
32.0,11.0,11.0,0.023043155670166016
148.0,48.0,48.0,0.10363221168518066
34.0,9.0,9.0,0.025585174560546875
109.0,40.0,40.0,0.07963299751281738
41.0,11.0,11.0,0.030045032501220703
112.0,39.0,39.0,0.07802700996398926
37.0,24.0,24.0,0.027004718780517578
83.0,24.0,24.0,0.0785989761352539
61.0,14.0,14.0,0.05660247802734375
73.0,25.0,25.0,0.05120062828063965
121.0,58.0,58.0,0.08352971076965332
19.0,8.0,8.0,0.011946678161621094
27.0,15.0,15.0,0.017948627471923828
55.0,17.0,17.0,0.037222862243652344
38.0,25.0,25.0,0.027274370193481445
65.0,17.0,17.0,0.04999971389770508
27.0,15.0,15.0,0.0185849666595459
36.0,10.0,10.0,0.023999691009521484
126.0,30.0,30.0,0.08963251113891602
80.0,22.0,22.0,0.06104278564453125
227.0,90.0,90.0,0.18776464462280273
20.0,8.0,8.0,0.01941394805908203
43.0,9.0,9.0,0.035898685455322266
71.0,32.0,32.0,0.052625417709350586
120.0,47.0,47.0,0.08592796325683594
38.0,15.0,15.0,0.02857494354248047
90.0,34.0,34.0,0.06075572967529297
53.0,20.0,20.0,0.0354924201965332
195.0,63.0,63.0,0.1322641372680664
38.0,14.0,14.0,0.024999618530273438
26.0,5.0,5.0,0.0190427303314209
224.0,65.0,65.0,0.16321730613708496
47.0,22.0,22.0,0.035042524337768555
106.0,37.0,37.0,0.07958507537841797
19.0,7.0,7.0,0.015043497085571289
72.0,31.0,31.0,0.05259084701538086
70.0,39.0,39.0,0.05004286766052246
56.0,20.0,20.0,0.04058551788330078
19.0,7.0,7.0,0.014999628067016602
29.0,16.0,16.0,0.021000146865844727
25.0,6.0,6.0,0.02004265785217285
54.0,23.0,23.0,0.0385899543762207
37.0,18.0,18.0,0.026000022888183594
105.0,33.0,33.0,0.07262873649597168
76.0,28.0,28.0,0.05504274368286133
49.0,17.0,17.0,0.036589622497558594
33.0,22.0,22.0,0.026000261306762695
207.0,84.0,84.0,0.17284250259399414
77.0,32.0,32.0,0.06157565116882324
33.0,15.0,15.0,0.030176162719726562
27.0,8.0,8.0,0.02187061309814453
74.0,25.0,25.0,0.051917314529418945
36.0,10.0,10.0,0.02500009536743164
24.0,6.0,6.0,0.017000198364257812
25.0,11.0,11.0,0.017999649047851562
41.0,18.0,18.0,0.0296323299407959
131.0,34.0,34.0,0.09516048431396484
68.0,33.0,33.0,0.05500006675720215
30.0,13.0,13.0,0.022042036056518555
47.0,20.0,20.0,0.03758525848388672
45.0,19.0,19.0,0.03599977493286133
55.0,25.0,25.0,0.03977465629577637
25.0,10.0,10.0,0.01999974250793457
48.0,17.0,17.0,0.039999961853027344
60.0,29.0,29.0,0.04571247100830078
51.0,11.0,11.0,0.0362246036529541
30.0,18.0,18.0,0.01973438262939453
34.0,17.0,17.0,0.025856733322143555
103.0,28.0,28.0,0.07119345664978027
43.0,15.0,15.0,0.030409574508666992
41.0,16.0,16.0,0.02776360511779785
66.0,24.0,24.0,0.046004295349121094
32.0,8.0,8.0,0.022624969482421875
120.0,48.0,48.0,0.08816218376159668
32.0,14.0,14.0,0.023999929428100586
35.0,11.0,11.0,0.029999971389770508
58.0,29.0,29.0,0.042629241943359375
38.0,17.0,17.0,0.026999711990356445
219.0,61.0,61.0,0.15567493438720703
186.0,47.0,47.0,0.13074088096618652
46.0,11.0,11.0,0.032000064849853516
70.0,26.0,26.0,0.053632259368896484
91.0,28.0,28.0,0.06399989128112793
54.0,22.0,22.0,0.03916120529174805
54.0,27.0,27.0,0.039999961853027344
20.0,8.0,8.0,0.013999700546264648
44.0,25.0,25.0,0.031044721603393555
22.0,6.0,6.0,0.015000104904174805
158.0,77.0,77.0,0.11763286590576172
64.0,27.0,27.0,0.04958295822143555
24.0,10.0,10.0,0.015999555587768555
58.0,22.0,22.0,0.04199981689453125
29.0,14.0,14.0,0.022042512893676758
38.0,14.0,14.0,0.027590036392211914
59.0,21.0,21.0,0.039999961853027344
107.0,27.0,27.0,0.10738754272460938
51.0,17.0,17.0,0.048203468322753906
28.0,16.0,16.0,0.023255109786987305
35.0,18.0,18.0,0.02552008628845215
37.0,10.0,10.0,0.029285192489624023
71.0,34.0,34.0,0.05304384231567383
44.0,18.0,18.0,0.0340428352355957
78.0,43.0,43.0,0.0705864429473877
50.0,11.0,11.0,0.044158220291137695
27.0,10.0,10.0,0.02500009536743164
50.0,19.0,19.0,0.04000043869018555
272.0,83.0,83.0,0.21930480003356934
47.0,27.0,27.0,0.03704380989074707
42.0,20.0,20.0,0.046042442321777344
145.0,52.0,52.0,0.12980055809020996
43.0,7.0,7.0,0.031000375747680664
26.0,13.0,13.0,0.019999980926513672
35.0,10.0,10.0,0.02658820152282715
78.0,48.0,48.0,0.06699991226196289
21.0,7.0,7.0,0.017042875289916992
97.0,30.0,30.0,0.07058525085449219
17.0,6.0,6.0,0.011999845504760742
21.0,7.0,7.0,0.01704263687133789
114.0,64.0,64.0,0.08658957481384277
35.0,24.0,24.0,0.02758502960205078
26.0,10.0,10.0,0.019000530242919922
26.0,9.0,9.0,0.01699995994567871
47.0,29.0,29.0,0.050632476806640625
24.0,9.0,9.0,0.017999887466430664
19.0,3.0,3.0,0.01630711555480957
76.0,30.0,30.0,0.05662941932678223
34.0,10.0,10.0,0.02499985694885254
148.0,25.0,25.0,0.12763261795043945
19.0,7.0,7.0,0.017999887466430664
51.0,13.0,13.0,0.03662848472595215
41.0,20.0,20.0,0.0279998779296875
38.0,13.0,13.0,0.02700018882751465
50.0,11.0,11.0,0.03663229942321777
35.0,13.0,13.0,0.026000022888183594
18.0,8.0,8.0,0.02200007438659668
89.0,31.0,31.0,0.07490324974060059
72.0,19.0,19.0,0.06563282012939453
98.0,38.0,38.0,0.09162783622741699
179.0,73.0,73.0,0.15184736251831055
94.0,38.0,38.0,0.0873262882232666
60.0,24.0,24.0,0.04322195053100586
37.0,20.0,20.0,0.03373241424560547
79.0,27.0,27.0,0.059042930603027344
82.0,21.0,21.0,0.05858469009399414
53.0,14.0,14.0,0.04004240036010742
39.0,25.0,25.0,0.027590513229370117
19.0,6.0,6.0,0.01399850845336914
114.0,42.0,42.0,0.08562803268432617
32.0,14.0,14.0,0.02200007438659668
55.0,15.0,15.0,0.03604435920715332
16.0,4.0,4.0,0.011590242385864258
51.0,25.0,25.0,0.039000511169433594
30.0,18.0,18.0,0.020999908447265625
48.0,20.0,20.0,0.03462791442871094
61.0,27.0,27.0,0.042999982833862305
37.0,24.0,24.0,0.029999971389770508
70.0,13.0,13.0,0.05463719367980957
104.0,24.0,24.0,0.07562732696533203
123.0,32.0,32.0,0.08963227272033691
30.0,10.0,10.0,0.01900005340576172
99.0,25.0,25.0,0.06604290008544922
36.0,11.0,11.0,0.026585817337036133
41.0,30.0,30.0,0.026999711990356445
23.0,13.0,13.0,0.014999628067016602
51.0,29.0,29.0,0.03463387489318848
35.0,16.0,16.0,0.026000022888183594
68.0,15.0,15.0,0.046000003814697266
90.0,26.0,26.0,0.06662774085998535
51.0,19.0,19.0,0.03856992721557617
30.0,13.0,13.0,0.01958489418029785
32.0,8.0,8.0,0.023999691009521484
67.0,26.0,26.0,0.05204367637634277
28.0,11.0,11.0,0.018590688705444336
53.0,18.0,18.0,0.03600001335144043
26.0,10.0,10.0,0.01900005340576172
29.0,17.0,17.0,0.02304244041442871
21.0,10.0,10.0,0.014585733413696289
79.0,28.0,28.0,0.054815053939819336
88.0,29.0,29.0,0.06703615188598633
26.0,11.0,11.0,0.017999887466430664
36.0,10.0,10.0,0.026000022888183594
39.0,17.0,17.0,0.030632495880126953
23.0,11.0,11.0,0.01900029182434082
48.0,21.0,21.0,0.03499960899353027
24.0,10.0,10.0,0.017042875289916992
78.0,27.0,27.0,0.05858564376831055
277.0,73.0,73.0,0.19456124305725098
98.0,38.0,38.0,0.08011198043823242
183.0,59.0,59.0,0.16596007347106934
45.0,18.0,18.0,0.035768747329711914
121.0,53.0,53.0,0.08262801170349121
60.0,18.0,18.0,0.04399991035461426
31.0,14.0,14.0,0.024042606353759766
42.0,18.0,18.0,0.03258967399597168
22.0,11.0,11.0,0.01999974250793457
19.0,7.0,7.0,0.021999835968017578
225.0,92.0,92.0,0.17608428001403809
52.0,18.0,18.0,0.0362553596496582
49.0,17.0,17.0,0.03380274772644043
71.0,26.0,26.0,0.057617902755737305
39.0,20.0,20.0,0.02863287925720215
45.0,10.0,10.0,0.03299975395202637
63.0,24.0,24.0,0.04503679275512695
49.0,18.0,18.0,0.035585880279541016
103.0,44.0,44.0,0.07258820533752441
32.0,15.0,15.0,0.02200007438659668
29.0,14.0,14.0,0.01999974250793457
62.0,21.0,21.0,0.043042659759521484
20.0,6.0,6.0,0.013585567474365234
26.0,12.0,12.0,0.016999483108520508
27.0,16.0,16.0,0.020000219345092773
25.0,11.0,11.0,0.017999649047851562
28.0,14.0,14.0,0.019042491912841797
69.0,26.0,26.0,0.04658961296081543
31.0,10.0,10.0,0.021000385284423828
43.0,22.0,22.0,0.031043052673339844
18.0,5.0,5.0,0.013585567474365234
24.0,12.0,12.0,0.018000125885009766
32.0,14.0,14.0,0.022000551223754883
112.0,30.0,30.0,0.08086991310119629
62.0,30.0,30.0,0.04399991035461426
52.0,16.0,16.0,0.039627790451049805
102.0,32.0,32.0,0.07704305648803711
87.0,28.0,28.0,0.06999993324279785
52.0,20.0,20.0,0.036628007888793945
97.0,37.0,37.0,0.07299971580505371
35.0,18.0,18.0,0.02759075164794922
32.0,13.0,13.0,0.021999835968017578
29.0,7.0,7.0,0.02299976348876953
166.0,59.0,59.0,0.12013673782348633
131.0,52.0,52.0,0.09862852096557617
50.0,12.0,12.0,0.03759050369262695
38.0,17.0,17.0,0.02700018882751465
88.0,49.0,49.0,0.06862783432006836
24.0,8.0,8.0,0.03099989891052246
43.0,21.0,21.0,0.04462575912475586
42.0,17.0,17.0,0.0381922721862793
22.0,9.0,9.0,0.01788020133972168
35.0,16.0,16.0,0.024983644485473633
24.0,11.0,11.0,0.015393972396850586
54.0,19.0,19.0,0.0381922721862793
27.0,11.0,11.0,0.01900005340576172
45.0,19.0,19.0,0.030627965927124023
71.0,17.0,17.0,0.04900002479553223
27.0,16.0,16.0,0.023000240325927734
42.0,16.0,16.0,0.027632474899291992
24.0,10.0,10.0,0.015999794006347656
29.0,11.0,11.0,0.01900005340576172
57.0,23.0,23.0,0.03904294967651367
138.0,52.0,52.0,0.09762811660766602
51.0,24.0,24.0,0.0385897159576416
28.0,8.0,8.0,0.020999908447265625
63.0,24.0,24.0,0.044042348861694336
188.0,61.0,61.0,0.13421964645385742
47.0,13.0,13.0,0.034999847412109375
65.0,33.0,33.0,0.04362821578979492
127.0,31.0,31.0,0.09163236618041992
40.0,18.0,18.0,0.02700018882751465
44.0,19.0,19.0,0.09902811050415039
45.0,18.0,18.0,0.0365452766418457
106.0,36.0,36.0,0.07660651206970215
28.0,12.0,12.0,0.020736217498779297
84.0,23.0,23.0,0.06037449836730957
33.0,17.0,17.0,0.020999670028686523
27.0,9.0,9.0,0.017999887466430664
61.0,18.0,18.0,0.04262948036193848
54.0,12.0,12.0,0.03999972343444824
57.0,28.0,28.0,0.0426325798034668
56.0,21.0,21.0,0.040996551513671875
49.0,20.0,20.0,0.0340425968170166
102.0,32.0,32.0,0.08258676528930664
122.0,41.0,41.0,0.09515094757080078
39.0,10.0,10.0,0.03627133369445801
48.0,18.0,18.0,0.03600001335144043
40.0,14.0,14.0,0.026000022888183594
125.0,38.0,38.0,0.09562826156616211
118.0,61.0,61.0,0.0857088565826416
26.0,10.0,10.0,0.01700758934020996
38.0,18.0,18.0,0.02831721305847168
123.0,52.0,52.0,0.09102034568786621
132.0,52.0,52.0,0.13428878784179688
33.0,18.0,18.0,0.026743650436401367
144.0,48.0,48.0,0.17200922966003418
27.0,17.0,17.0,0.0205533504486084
101.0,40.0,40.0,0.07277059555053711
107.0,38.0,38.0,0.10144829750061035
40.0,14.0,14.0,0.02910304069519043
37.0,12.0,12.0,0.029734134674072266
77.0,28.0,28.0,0.0987703800201416
76.0,36.0,36.0,0.0921940803527832
62.0,19.0,19.0,0.05518937110900879
39.0,11.0,11.0,0.03764605522155762
35.0,18.0,18.0,0.04205608367919922
69.0,22.0,22.0,0.050884246826171875
39.0,17.0,17.0,0.025434255599975586
65.0,21.0,21.0,0.04339885711669922
61.0,19.0,19.0,0.06709980964660645
93.0,31.0,31.0,0.1414628028869629
26.0,12.0,12.0,0.022883176803588867
44.0,17.0,17.0,0.03945326805114746
81.0,31.0,31.0,0.07668232917785645
23.0,8.0,8.0,0.017361164093017578
60.0,26.0,26.0,0.05514383316040039
47.0,26.0,26.0,0.036612510681152344
84.0,30.0,30.0,0.07168841361999512
68.0,29.0,29.0,0.04987931251525879
45.0,22.0,22.0,0.03988194465637207
67.0,28.0,28.0,0.059636592864990234
56.0,22.0,22.0,0.04812264442443848
19.0,7.0,7.0,0.01752948760986328
99.0,34.0,34.0,0.08897042274475098
125.0,37.0,37.0,0.10482311248779297
88.0,27.0,27.0,0.08307385444641113
66.0,20.0,20.0,0.06234312057495117
35.0,11.0,11.0,0.02752232551574707
41.0,19.0,19.0,0.03547835350036621
78.0,31.0,31.0,0.07733345031738281
85.0,22.0,22.0,0.08288836479187012
44.0,16.0,16.0,0.03360271453857422
47.0,21.0,21.0,0.0382990837097168
30.0,11.0,11.0,0.02313232421875
56.0,27.0,27.0,0.04216337203979492
20.0,7.0,7.0,0.015012502670288086
23.0,6.0,6.0,0.01746082305908203
75.0,41.0,41.0,0.06203579902648926
44.0,10.0,10.0,0.04264426231384277
156.0,58.0,58.0,0.16117382049560547
53.0,24.0,24.0,0.05529332160949707
67.0,19.0,19.0,0.062162160873413086
44.0,26.0,26.0,0.03297758102416992
43.0,15.0,15.0,0.03237485885620117
136.0,45.0,45.0,0.2333204746246338
150.0,49.0,49.0,0.18464350700378418
32.0,17.0,17.0,0.05202460289001465
103.0,24.0,24.0,0.14047956466674805
176.0,49.0,49.0,0.16864013671875
31.0,19.0,19.0,0.023766756057739258
39.0,23.0,23.0,0.03866887092590332
23.0,8.0,8.0,0.03125333786010742
32.0,15.0,15.0,0.03906822204589844
39.0,15.0,15.0,0.032389163970947266
33.0,12.0,12.0,0.03545117378234863
29.0,15.0,15.0,0.042436838150024414
84.0,38.0,38.0,0.09884834289550781
25.0,10.0,10.0,0.03825545310974121
27.0,13.0,13.0,0.11424970626831055
25.0,14.0,14.0,0.03820204734802246
43.0,13.0,13.0,0.055318355560302734
49.0,22.0,22.0,0.10516881942749023
85.0,27.0,27.0,0.13614773750305176
38.0,19.0,19.0,0.04185366630554199
96.0,33.0,33.0,0.08659029006958008
21.0,9.0,9.0,0.015161275863647461
156.0,60.0,60.0,0.1384868621826172
55.0,19.0,19.0,0.04659891128540039
99.0,58.0,58.0,0.08864617347717285
110.0,41.0,41.0,0.11964893341064453
19.0,7.0,7.0,0.013286113739013672
25.0,11.0,11.0,0.018077611923217773
18.0,7.0,7.0,0.012125492095947266
54.0,31.0,31.0,0.043880462646484375
80.0,34.0,34.0,0.061066389083862305
209.0,64.0,64.0,0.17600178718566895
119.0,44.0,44.0,0.0900733470916748
113.0,45.0,45.0,0.11223363876342773
30.0,8.0,8.0,0.04108023643493652
113.0,44.0,44.0,0.12057876586914062
123.0,53.0,53.0,0.09845900535583496
25.0,10.0,10.0,0.030505895614624023
123.0,41.0,41.0,0.0910027027130127
45.0,22.0,22.0,0.032837629318237305
56.0,23.0,23.0,0.046315670013427734
32.0,15.0,15.0,0.03954887390136719
31.0,11.0,11.0,0.03557848930358887
52.0,15.0,15.0,0.05940651893615723
46.0,25.0,25.0,0.04975080490112305
40.0,13.0,13.0,0.04148292541503906
25.0,12.0,12.0,0.016394615173339844
35.0,15.0,15.0,0.024240732192993164
36.0,8.0,8.0,0.023102521896362305
47.0,11.0,11.0,0.03141331672668457
42.0,10.0,10.0,0.028133392333984375
177.0,63.0,63.0,0.16983389854431152
90.0,25.0,25.0,0.10561537742614746
99.0,39.0,39.0,0.10788369178771973
82.0,31.0,31.0,0.06549453735351562
24.0,11.0,11.0,0.02392101287841797
49.0,19.0,19.0,0.042032480239868164
96.0,29.0,29.0,0.09811019897460938
201.0,76.0,76.0,0.19185495376586914
59.0,23.0,23.0,0.06235170364379883
24.0,8.0,8.0,0.02609729766845703
34.0,16.0,16.0,0.03141617774963379
28.0,13.0,13.0,0.030463457107543945
40.0,15.0,15.0,0.052781105041503906
17.0,7.0,7.0,0.01751399040222168
33.0,17.0,17.0,0.035941123962402344
52.0,14.0,14.0,0.04295206069946289
75.0,15.0,15.0,0.06814146041870117
75.0,22.0,22.0,0.09030508995056152
47.0,24.0,24.0,0.040056467056274414
44.0,11.0,11.0,0.037154197692871094
26.0,14.0,14.0,0.02467942237854004
46.0,14.0,14.0,0.04624009132385254
29.0,12.0,12.0,0.023967742919921875
60.0,33.0,33.0,0.05268979072570801
51.0,18.0,18.0,0.04004335403442383
47.0,10.0,10.0,0.0393216609954834
27.0,8.0,8.0,0.031144142150878906
41.0,23.0,23.0,0.041330575942993164
94.0,23.0,23.0,0.13881587982177734
102.0,37.0,37.0,0.135772705078125
56.0,25.0,25.0,0.0482027530670166
20.0,8.0,8.0,0.01826620101928711
148.0,48.0,48.0,0.1741788387298584
29.0,8.0,8.0,0.027099609375
54.0,22.0,22.0,0.04538440704345703
50.0,20.0,20.0,0.04310441017150879
101.0,41.0,41.0,0.1328425407409668
194.0,46.0,46.0,0.23325109481811523
84.0,18.0,18.0,0.06775093078613281
73.0,25.0,25.0,0.0641181468963623
33.0,12.0,12.0,0.026833772659301758
34.0,16.0,16.0,0.02765488624572754
45.0,18.0,18.0,0.03380918502807617
31.0,6.0,6.0,0.029906511306762695
41.0,29.0,29.0,0.035361289978027344
22.0,9.0,9.0,0.021986722946166992
82.0,31.0,31.0,0.06485271453857422
27.0,15.0,15.0,0.026694059371948242
21.0,8.0,8.0,0.02121567726135254
33.0,9.0,9.0,0.028256893157958984
72.0,25.0,25.0,0.050168514251708984
44.0,21.0,21.0,0.03513169288635254
43.0,21.0,21.0,0.056772708892822266
74.0,24.0,24.0,0.08251619338989258
58.0,17.0,17.0,0.06572723388671875
44.0,20.0,20.0,0.04024076461791992
27.0,13.0,13.0,0.020070791244506836
89.0,39.0,39.0,0.08890271186828613
96.0,33.0,33.0,0.10211372375488281
77.0,45.0,45.0,0.05922889709472656
178.0,51.0,51.0,0.16393327713012695
55.0,30.0,30.0,0.06242847442626953
22.0,3.0,3.0,0.018830060958862305
32.0,20.0,20.0,0.0252227783203125
26.0,6.0,6.0,0.02014899253845215
96.0,54.0,54.0,0.07901549339294434
36.0,18.0,18.0,0.04160714149475098
22.0,9.0,9.0,0.02447032928466797
98.0,33.0,33.0,0.07992672920227051
65.0,22.0,22.0,0.05134916305541992
25.0,8.0,8.0,0.021130800247192383
110.0,37.0,37.0,0.08075284957885742
102.0,24.0,24.0,0.08518052101135254
57.0,13.0,13.0,0.05065560340881348
106.0,44.0,44.0,0.10058951377868652
27.0,15.0,15.0,0.02012920379638672
28.0,12.0,12.0,0.028689146041870117
21.0,7.0,7.0,0.024277925491333008
37.0,17.0,17.0,0.03241276741027832
28.0,11.0,11.0,0.019805908203125
32.0,17.0,17.0,0.024392127990722656
26.0,12.0,12.0,0.025310754776000977
89.0,31.0,31.0,0.07156944274902344
39.0,12.0,12.0,0.02603888511657715
61.0,28.0,28.0,0.05170726776123047
72.0,20.0,20.0,0.06004762649536133
78.0,33.0,33.0,0.06603860855102539
129.0,51.0,51.0,0.10610079765319824
118.0,38.0,38.0,0.09777283668518066
60.0,16.0,16.0,0.050360918045043945
109.0,27.0,27.0,0.09883832931518555
42.0,18.0,18.0,0.0463862419128418
17.0,5.0,5.0,0.016021251678466797
36.0,15.0,15.0,0.02667093276977539
40.0,18.0,18.0,0.026996135711669922
64.0,21.0,21.0,0.04881739616394043
101.0,23.0,23.0,0.08039689064025879
22.0,11.0,11.0,0.021651268005371094
119.0,51.0,51.0,0.12249994277954102
76.0,23.0,23.0,0.07361578941345215
179.0,67.0,67.0,0.15534114837646484
149.0,67.0,67.0,0.168626070022583
26.0,12.0,12.0,0.01829218864440918
18.0,7.0,7.0,0.012999534606933594
19.0,7.0,7.0,0.015643835067749023
148.0,33.0,33.0,0.12386441230773926
151.0,45.0,45.0,0.12488746643066406
182.0,60.0,60.0,0.18002748489379883
117.0,37.0,37.0,0.15001130104064941
47.0,17.0,17.0,0.06833672523498535
94.0,25.0,25.0,0.12209677696228027
54.0,20.0,20.0,0.07182693481445312
17.0,4.0,4.0,0.017674922943115234
216.0,72.0,72.0,0.19339489936828613
104.0,28.0,28.0,0.11556887626647949
52.0,28.0,28.0,0.03539276123046875
50.0,19.0,19.0,0.032994747161865234
23.0,3.0,3.0,0.016753673553466797
35.0,21.0,21.0,0.025592327117919922
27.0,10.0,10.0,0.04561257362365723
46.0,32.0,32.0,0.044526100158691406
64.0,20.0,20.0,0.054871559143066406
34.0,8.0,8.0,0.032896995544433594
79.0,29.0,29.0,0.08084964752197266
37.0,21.0,21.0,0.03062272071838379
35.0,19.0,19.0,0.02650284767150879
60.0,32.0,32.0,0.050222158432006836
82.0,32.0,32.0,0.06059074401855469
43.0,18.0,18.0,0.03977489471435547
68.0,22.0,22.0,0.07442855834960938
60.0,15.0,15.0,0.06325149536132812
53.0,18.0,18.0,0.05258679389953613
42.0,26.0,26.0,0.05287027359008789
52.0,26.0,26.0,0.03733468055725098
44.0,12.0,12.0,0.03931307792663574
36.0,18.0,18.0,0.03744363784790039
160.0,41.0,41.0,0.12455558776855469
154.0,54.0,54.0,0.13678336143493652
35.0,13.0,13.0,0.026049375534057617
85.0,20.0,20.0,0.07239079475402832
48.0,15.0,15.0,0.047669410705566406
98.0,32.0,32.0,0.11116886138916016
28.0,15.0,15.0,0.024385690689086914
138.0,45.0,45.0,0.12964773178100586
74.0,20.0,20.0,0.0689084529876709
53.0,24.0,24.0,0.0410923957824707
37.0,19.0,19.0,0.026831388473510742
66.0,19.0,19.0,0.04952812194824219
26.0,11.0,11.0,0.0178985595703125
58.0,23.0,23.0,0.07121539115905762
90.0,25.0,25.0,0.06607747077941895
65.0,25.0,25.0,0.05610775947570801
25.0,7.0,7.0,0.017020225524902344
64.0,23.0,23.0,0.04654526710510254
173.0,66.0,66.0,0.13562941551208496
86.0,38.0,38.0,0.07308268547058105
37.0,13.0,13.0,0.028763771057128906
95.0,47.0,47.0,0.08727526664733887
42.0,29.0,29.0,0.029080867767333984
84.0,20.0,20.0,0.06686973571777344
30.0,10.0,10.0,0.020006418228149414
56.0,34.0,34.0,0.04157543182373047
193.0,68.0,68.0,0.1640639305114746
37.0,20.0,20.0,0.031000375747680664
36.0,23.0,23.0,0.03199958801269531
33.0,16.0,16.0,0.04381895065307617
18.0,7.0,7.0,0.014154672622680664
22.0,9.0,9.0,0.015997886657714844
39.0,24.0,24.0,0.030480623245239258
30.0,16.0,16.0,0.02215719223022461
39.0,22.0,22.0,0.03278303146362305
40.0,12.0,12.0,0.026202917098999023
18.0,6.0,6.0,0.01152944564819336
34.0,14.0,14.0,0.023487091064453125
20.0,8.0,8.0,0.017643213272094727
83.0,21.0,21.0,0.06325721740722656
40.0,6.0,6.0,0.03403282165527344
36.0,20.0,20.0,0.032999515533447266
42.0,23.0,23.0,0.033632755279541016
135.0,57.0,57.0,0.12958335876464844
51.0,20.0,20.0,0.042623281478881836
131.0,44.0,44.0,0.11120939254760742
207.0,66.0,66.0,0.19756150245666504
44.0,13.0,13.0,0.042426109313964844
38.0,19.0,19.0,0.03329610824584961
53.0,18.0,18.0,0.049973487854003906
30.0,17.0,17.0,0.021327972412109375
35.0,20.0,20.0,0.03056025505065918
34.0,19.0,19.0,0.030297040939331055
22.0,12.0,12.0,0.016869783401489258
34.0,17.0,17.0,0.023535728454589844
24.0,10.0,10.0,0.019084453582763672
68.0,34.0,34.0,0.046640634536743164
24.0,9.0,9.0,0.016189098358154297
47.0,5.0,5.0,0.031481027603149414
34.0,14.0,14.0,0.025333404541015625
51.0,17.0,17.0,0.04671144485473633
20.0,7.0,7.0,0.016154766082763672
49.0,19.0,19.0,0.041465044021606445
139.0,40.0,40.0,0.1336061954498291
48.0,23.0,23.0,0.05370926856994629
136.0,53.0,53.0,0.15835881233215332
167.0,35.0,35.0,0.13036870956420898
85.0,27.0,27.0,0.05628824234008789
27.0,15.0,15.0,0.020010709762573242
70.0,32.0,32.0,0.05361747741699219
53.0,18.0,18.0,0.04539895057678223
73.0,21.0,21.0,0.05584859848022461
85.0,46.0,46.0,0.07153463363647461
32.0,21.0,21.0,0.03701329231262207
30.0,11.0,11.0,0.0280609130859375
30.0,13.0,13.0,0.02532362937927246
89.0,21.0,21.0,0.07951784133911133
80.0,29.0,29.0,0.0677034854888916
66.0,27.0,27.0,0.05786395072937012
19.0,7.0,7.0,0.018291234970092773
61.0,20.0,20.0,0.055875539779663086
64.0,22.0,22.0,0.05955219268798828
125.0,63.0,63.0,0.12433457374572754
30.0,11.0,11.0,0.027241230010986328
151.0,41.0,41.0,0.1269688606262207
37.0,18.0,18.0,0.03756594657897949
20.0,9.0,9.0,0.018576860427856445
20.0,9.0,9.0,0.0143280029296875
44.0,16.0,16.0,0.037018775939941406
76.0,33.0,33.0,0.07901954650878906
30.0,14.0,14.0,0.03398895263671875
73.0,30.0,30.0,0.06815028190612793
32.0,20.0,20.0,0.030245542526245117
93.0,27.0,27.0,0.07152676582336426
22.0,11.0,11.0,0.015651702880859375
43.0,11.0,11.0,0.03665328025817871
24.0,9.0,9.0,0.016416072845458984
39.0,20.0,20.0,0.029279470443725586
32.0,10.0,10.0,0.028552770614624023
27.0,14.0,14.0,0.023000240325927734
113.0,22.0,22.0,0.13218307495117188
88.0,57.0,57.0,0.05922579765319824
29.0,17.0,17.0,0.04081606864929199
29.0,13.0,13.0,0.02761054039001465
66.0,31.0,31.0,0.04978060722351074
87.0,24.0,24.0,0.06614041328430176
49.0,29.0,29.0,0.039545297622680664
76.0,34.0,34.0,0.0629432201385498
20.0,8.0,8.0,0.016126155853271484
73.0,18.0,18.0,0.05579519271850586
69.0,28.0,28.0,0.06192374229431152
39.0,15.0,15.0,0.03317070007324219
112.0,26.0,26.0,0.10852789878845215
21.0,10.0,10.0,0.015599250793457031
45.0,24.0,24.0,0.03688836097717285
49.0,11.0,11.0,0.03512859344482422
43.0,19.0,19.0,0.04250478744506836
35.0,22.0,22.0,0.027505159378051758
74.0,25.0,25.0,0.059181928634643555
93.0,46.0,46.0,0.07815408706665039
47.0,14.0,14.0,0.035118818283081055
25.0,14.0,14.0,0.018514394760131836
63.0,37.0,37.0,0.046217918395996094
33.0,19.0,19.0,0.023644685745239258
40.0,28.0,28.0,0.031624794006347656
41.0,15.0,15.0,0.04747295379638672
46.0,18.0,18.0,0.04430985450744629
54.0,18.0,18.0,0.05296444892883301
42.0,23.0,23.0,0.04040932655334473
37.0,12.0,12.0,0.02572941780090332
153.0,50.0,50.0,0.13789701461791992
50.0,11.0,11.0,0.050256967544555664
99.0,50.0,50.0,0.0915529727935791
97.0,43.0,43.0,0.08450508117675781
48.0,17.0,17.0,0.039392709732055664
19.0,8.0,8.0,0.013273239135742188
201.0,51.0,51.0,0.14945173263549805
120.0,53.0,53.0,0.10403299331665039
48.0,23.0,23.0,0.04158663749694824
41.0,20.0,20.0,0.03308463096618652
44.0,18.0,18.0,0.03760838508605957
18.0,7.0,7.0,0.015586376190185547
29.0,16.0,16.0,0.021067142486572266
78.0,30.0,30.0,0.05399918556213379
32.0,13.0,13.0,0.022861480712890625
28.0,13.0,13.0,0.02425217628479004
41.0,16.0,16.0,0.03785300254821777
35.0,20.0,20.0,0.02970576286315918
63.0,19.0,19.0,0.05569005012512207
55.0,21.0,21.0,0.047562360763549805
25.0,5.0,5.0,0.025319337844848633
46.0,22.0,22.0,0.03457379341125488
88.0,41.0,41.0,0.08282279968261719
31.0,14.0,14.0,0.02376413345336914
22.0,8.0,8.0,0.017589569091796875
54.0,15.0,15.0,0.048699140548706055
109.0,37.0,37.0,0.08993005752563477
59.0,22.0,22.0,0.05449867248535156
154.0,50.0,50.0,0.1262364387512207
96.0,43.0,43.0,0.07997488975524902
69.0,24.0,24.0,0.05625462532043457
36.0,21.0,21.0,0.0307919979095459
62.0,24.0,24.0,0.053986310958862305
60.0,18.0,18.0,0.06472492218017578
24.0,8.0,8.0,0.022727251052856445
94.0,41.0,41.0,0.09300065040588379
130.0,34.0,34.0,0.1496889591217041
24.0,13.0,13.0,0.0182645320892334
17.0,6.0,6.0,0.014592647552490234
27.0,8.0,8.0,0.023828983306884766
41.0,31.0,31.0,0.03493499755859375
56.0,15.0,15.0,0.041698455810546875
93.0,14.0,14.0,0.07924199104309082
47.0,22.0,22.0,0.054688215255737305
25.0,10.0,10.0,0.03030991554260254
40.0,26.0,26.0,0.03580212593078613
23.0,11.0,11.0,0.018189430236816406
18.0,7.0,7.0,0.016126632690429688
49.0,15.0,15.0,0.03892111778259277
73.0,36.0,36.0,0.06572413444519043
24.0,12.0,12.0,0.020007848739624023
112.0,28.0,28.0,0.10216522216796875
92.0,44.0,44.0,0.0955190658569336
140.0,54.0,54.0,0.16319942474365234
45.0,25.0,25.0,0.040884971618652344
65.0,19.0,19.0,0.07333636283874512
30.0,13.0,13.0,0.030663490295410156
31.0,11.0,11.0,0.02214980125427246
178.0,58.0,58.0,0.16300749778747559
30.0,15.0,15.0,0.028326749801635742
21.0,7.0,7.0,0.0185086727142334
37.0,19.0,19.0,0.03181791305541992
36.0,11.0,11.0,0.03250718116760254
73.0,25.0,25.0,0.06903338432312012
54.0,18.0,18.0,0.044265031814575195
154.0,49.0,49.0,0.14510774612426758
31.0,14.0,14.0,0.031896352767944336
82.0,14.0,14.0,0.06362533569335938
44.0,21.0,21.0,0.037070274353027344
43.0,15.0,15.0,0.03965353965759277
33.0,13.0,13.0,0.02559041976928711
71.0,25.0,25.0,0.05638289451599121
92.0,43.0,43.0,0.08023571968078613
19.0,7.0,7.0,0.01851367950439453
22.0,7.0,7.0,0.018682003021240234
46.0,13.0,13.0,0.0362701416015625
27.0,7.0,7.0,0.028317689895629883
98.0,46.0,46.0,0.08935546875
21.0,10.0,10.0,0.016999244689941406
88.0,27.0,27.0,0.06740617752075195
67.0,29.0,29.0,0.05822134017944336
92.0,35.0,35.0,0.06443953514099121
133.0,51.0,51.0,0.09511041641235352
31.0,16.0,16.0,0.028157949447631836
40.0,15.0,15.0,0.03513789176940918
30.0,9.0,9.0,0.03270912170410156
33.0,9.0,9.0,0.03507423400878906
33.0,12.0,12.0,0.02980828285217285
35.0,21.0,21.0,0.03799891471862793
24.0,10.0,10.0,0.019524812698364258
191.0,52.0,52.0,0.15218210220336914
54.0,18.0,18.0,0.05163264274597168
61.0,24.0,24.0,0.06497478485107422
50.0,32.0,32.0,0.040608882904052734
51.0,16.0,16.0,0.05172443389892578
31.0,10.0,10.0,0.03192734718322754
80.0,28.0,28.0,0.059763193130493164
110.0,30.0,30.0,0.07352471351623535
97.0,28.0,28.0,0.06809067726135254
42.0,26.0,26.0,0.027997255325317383
182.0,51.0,51.0,0.12767720222473145
32.0,18.0,18.0,0.02501225471496582
83.0,40.0,40.0,0.0603022575378418
120.0,40.0,40.0,0.09566235542297363
38.0,28.0,28.0,0.02804279327392578
35.0,21.0,21.0,0.032590389251708984
28.0,16.0,16.0,0.03399968147277832
75.0,30.0,30.0,0.06766819953918457
54.0,33.0,33.0,0.05200004577636719
63.0,21.0,21.0,0.06286907196044922
76.0,27.0,27.0,0.05993485450744629
83.0,24.0,24.0,0.058425188064575195
16.0,5.0,5.0,0.011338949203491211
135.0,50.0,50.0,0.10978269577026367
34.0,13.0,13.0,0.03254055976867676
113.0,47.0,47.0,0.08933401107788086
219.0,75.0,75.0,0.1613767147064209
23.0,11.0,11.0,0.021589994430541992
60.0,21.0,21.0,0.04699993133544922
32.0,9.0,9.0,0.027042865753173828
153.0,51.0,51.0,0.16165804862976074
95.0,36.0,36.0,0.09810018539428711
92.0,37.0,37.0,0.08589792251586914
15.0,2.0,2.0,0.010996818542480469
84.0,45.0,45.0,0.07875704765319824
178.0,59.0,59.0,0.14915752410888672
29.0,17.0,17.0,0.030117034912109375
33.0,18.0,18.0,0.0284731388092041
40.0,21.0,21.0,0.03148150444030762
83.0,24.0,24.0,0.06351423263549805
108.0,38.0,38.0,0.08762836456298828
99.0,27.0,27.0,0.0875697135925293
123.0,48.0,48.0,0.10973238945007324
175.0,48.0,48.0,0.13441252708435059
36.0,22.0,22.0,0.027927398681640625
44.0,20.0,20.0,0.043257713317871094
186.0,57.0,57.0,0.17256450653076172
24.0,9.0,9.0,0.026025056838989258
94.0,40.0,40.0,0.0819094181060791
31.0,10.0,10.0,0.02752518653869629
72.0,44.0,44.0,0.0643000602722168
21.0,10.0,10.0,0.018036603927612305
175.0,57.0,57.0,0.15587735176086426
50.0,21.0,21.0,0.04575777053833008
40.0,8.0,8.0,0.03544473648071289
22.0,11.0,11.0,0.020001649856567383
134.0,59.0,59.0,0.10639405250549316
22.0,8.0,8.0,0.017825841903686523
90.0,32.0,32.0,0.07512450218200684
36.0,23.0,23.0,0.03009343147277832
88.0,30.0,30.0,0.07181096076965332
26.0,10.0,10.0,0.023850679397583008
125.0,41.0,41.0,0.11181282997131348
82.0,28.0,28.0,0.06828141212463379
20.0,10.0,10.0,0.01808309555053711
66.0,27.0,27.0,0.05713772773742676
19.0,8.0,8.0,0.018020153045654297
33.0,13.0,13.0,0.027402400970458984
16.0,5.0,5.0,0.014472484588623047
28.0,16.0,16.0,0.024478435516357422
29.0,16.0,16.0,0.029124736785888672
48.0,19.0,19.0,0.04776144027709961
116.0,37.0,37.0,0.09875631332397461
120.0,49.0,49.0,0.12109708786010742
49.0,17.0,17.0,0.04996132850646973
37.0,13.0,13.0,0.03272557258605957
74.0,32.0,32.0,0.06509542465209961
28.0,16.0,16.0,0.029111862182617188
73.0,24.0,24.0,0.0657339096069336
38.0,17.0,17.0,0.030405521392822266
26.0,11.0,11.0,0.023848772048950195
21.0,10.0,10.0,0.01808023452758789
111.0,21.0,21.0,0.09110879898071289
21.0,10.0,10.0,0.020241975784301758
77.0,20.0,20.0,0.0704355239868164
28.0,11.0,11.0,0.024512529373168945
63.0,27.0,27.0,0.05735182762145996
81.0,33.0,33.0,0.09011006355285645
39.0,14.0,14.0,0.030112743377685547
86.0,28.0,28.0,0.07609367370605469
31.0,18.0,18.0,0.023862600326538086
34.0,12.0,12.0,0.036838531494140625
25.0,14.0,14.0,0.020917177200317383
71.0,34.0,34.0,0.0627903938293457
53.0,20.0,20.0,0.04129958152770996
50.0,12.0,12.0,0.03872179985046387
31.0,15.0,15.0,0.03158164024353027
49.0,24.0,24.0,0.040651798248291016
49.0,21.0,21.0,0.03908348083496094
23.0,8.0,8.0,0.02322244644165039
58.0,18.0,18.0,0.04563498497009277
61.0,17.0,17.0,0.044428110122680664
43.0,19.0,19.0,0.03627920150756836
43.0,19.0,19.0,0.037322044372558594
108.0,47.0,47.0,0.09775829315185547
29.0,14.0,14.0,0.024854660034179688
99.0,51.0,51.0,0.0902872085571289
89.0,41.0,41.0,0.08602070808410645
44.0,22.0,22.0,0.03923344612121582
41.0,17.0,17.0,0.03216814994812012
43.0,19.0,19.0,0.03477311134338379
62.0,18.0,18.0,0.06114959716796875
109.0,32.0,32.0,0.09219574928283691
33.0,7.0,7.0,0.029619216918945312
94.0,46.0,46.0,0.08521199226379395
27.0,15.0,15.0,0.025560617446899414
81.0,34.0,34.0,0.06732320785522461
40.0,12.0,12.0,0.03112936019897461
36.0,14.0,14.0,0.02966904640197754
37.0,18.0,18.0,0.03055739402770996
44.0,16.0,16.0,0.036235809326171875
42.0,13.0,13.0,0.035471200942993164
25.0,14.0,14.0,0.020337820053100586
367.0,118.0,118.0,0.2945871353149414
143.0,47.0,47.0,0.12298417091369629
91.0,31.0,31.0,0.06631779670715332
37.0,16.0,16.0,0.028796911239624023
49.0,17.0,17.0,0.04187583923339844
32.0,13.0,13.0,0.03069901466369629
22.0,9.0,9.0,0.02172684669494629
26.0,10.0,10.0,0.025923490524291992
228.0,66.0,66.0,0.19975852966308594
161.0,58.0,58.0,0.12260198593139648
45.0,9.0,9.0,0.04262685775756836
37.0,17.0,17.0,0.03366494178771973
105.0,41.0,41.0,0.08417654037475586
19.0,7.0,7.0,0.013643264770507812
39.0,20.0,20.0,0.02886819839477539
18.0,8.0,8.0,0.012100696563720703
82.0,21.0,21.0,0.0672297477722168
37.0,20.0,20.0,0.036937713623046875
69.0,13.0,13.0,0.0646367073059082
45.0,15.0,15.0,0.042563438415527344
161.0,47.0,47.0,0.14303183555603027
46.0,19.0,19.0,0.042380332946777344
21.0,8.0,8.0,0.015511274337768555
38.0,23.0,23.0,0.03387117385864258
80.0,31.0,31.0,0.06805968284606934
70.0,25.0,25.0,0.0572972297668457
71.0,26.0,26.0,0.05718588829040527
174.0,79.0,79.0,0.13859987258911133
21.0,9.0,9.0,0.01568293571472168
42.0,8.0,8.0,0.03196835517883301
59.0,25.0,25.0,0.04991650581359863
84.0,26.0,26.0,0.06813240051269531
94.0,26.0,26.0,0.08768844604492188
43.0,15.0,15.0,0.03209376335144043
94.0,45.0,45.0,0.0759267807006836
22.0,11.0,11.0,0.018553972244262695
111.0,42.0,42.0,0.08389449119567871
28.0,7.0,7.0,0.02133464813232422
173.0,49.0,49.0,0.14537739753723145
80.0,21.0,21.0,0.06559586524963379
25.0,10.0,10.0,0.0236358642578125
105.0,36.0,36.0,0.08570647239685059
107.0,46.0,46.0,0.1097402572631836
39.0,14.0,14.0,0.02724146842956543
68.0,29.0,29.0,0.05749106407165527
18.0,7.0,7.0,0.013706684112548828
93.0,28.0,28.0,0.06877779960632324
29.0,5.0,5.0,0.02140212059020996
50.0,14.0,14.0,0.04536771774291992
87.0,23.0,23.0,0.07060837745666504
54.0,10.0,10.0,0.04674863815307617
37.0,8.0,8.0,0.028173208236694336
29.0,14.0,14.0,0.027331113815307617
21.0,11.0,11.0,0.01446986198425293
43.0,18.0,18.0,0.032007694244384766
66.0,23.0,23.0,0.04677128791809082
50.0,27.0,27.0,0.043412208557128906
103.0,34.0,34.0,0.08109569549560547
47.0,25.0,25.0,0.03625035285949707
51.0,21.0,21.0,0.043425559997558594
97.0,28.0,28.0,0.07506275177001953
125.0,47.0,47.0,0.10295820236206055
106.0,42.0,42.0,0.09086251258850098
48.0,16.0,16.0,0.04206228256225586
67.0,21.0,21.0,0.051033973693847656
22.0,8.0,8.0,0.016022920608520508
46.0,21.0,21.0,0.03670930862426758
63.0,24.0,24.0,0.04749441146850586
79.0,21.0,21.0,0.06140542030334473
28.0,9.0,9.0,0.02181553840637207
22.0,10.0,10.0,0.015146493911743164
132.0,46.0,46.0,0.10710740089416504
23.0,10.0,10.0,0.01784372329711914
76.0,30.0,30.0,0.061078786849975586
52.0,21.0,21.0,0.04531145095825195
47.0,24.0,24.0,0.039246559143066406
24.0,11.0,11.0,0.016803503036499023
23.0,9.0,9.0,0.022377967834472656
33.0,17.0,17.0,0.023941516876220703
29.0,11.0,11.0,0.027354001998901367
33.0,13.0,13.0,0.02588653564453125
117.0,31.0,31.0,0.10227155685424805
179.0,59.0,59.0,0.15231037139892578
42.0,10.0,10.0,0.04153919219970703
95.0,34.0,34.0,0.07993483543395996
125.0,42.0,42.0,0.11599349975585938
20.0,7.0,7.0,0.019672155380249023
102.0,35.0,35.0,0.09243035316467285
100.0,37.0,37.0,0.0818336009979248
69.0,29.0,29.0,0.05826449394226074
24.0,11.0,11.0,0.019150257110595703
49.0,30.0,30.0,0.04004526138305664
24.0,10.0,10.0,0.01891779899597168
163.0,57.0,57.0,0.14168500900268555
75.0,23.0,23.0,0.07259035110473633
60.0,16.0,16.0,0.05177474021911621
33.0,20.0,20.0,0.029570579528808594
59.0,18.0,18.0,0.052065372467041016
30.0,12.0,12.0,0.02442455291748047
73.0,21.0,21.0,0.057430267333984375
80.0,53.0,53.0,0.06295371055603027
207.0,66.0,66.0,0.16450858116149902
222.0,74.0,74.0,0.20768022537231445
55.0,15.0,15.0,0.042545318603515625
66.0,29.0,29.0,0.05051732063293457
104.0,38.0,38.0,0.09124183654785156
82.0,35.0,35.0,0.07036519050598145
33.0,22.0,22.0,0.024556636810302734
69.0,33.0,33.0,0.06325817108154297
57.0,32.0,32.0,0.0423283576965332
86.0,34.0,34.0,0.07066845893859863
27.0,13.0,13.0,0.018381595611572266
57.0,24.0,24.0,0.05064678192138672
37.0,15.0,15.0,0.03150320053100586
53.0,17.0,17.0,0.0475611686706543
42.0,5.0,5.0,0.034880638122558594
70.0,31.0,31.0,0.06319856643676758
83.0,30.0,30.0,0.07851266860961914
71.0,29.0,29.0,0.07922935485839844
29.0,15.0,15.0,0.02350306510925293
93.0,32.0,32.0,0.07004833221435547
38.0,12.0,12.0,0.031610965728759766
64.0,27.0,27.0,0.054013729095458984
32.0,21.0,21.0,0.027107715606689453
106.0,37.0,37.0,0.08873653411865234
62.0,24.0,24.0,0.053865671157836914
47.0,14.0,14.0,0.04016423225402832
68.0,20.0,20.0,0.05274319648742676
44.0,17.0,17.0,0.031227588653564453
68.0,27.0,27.0,0.052994489669799805
103.0,35.0,35.0,0.09235334396362305
28.0,11.0,11.0,0.022842884063720703
20.0,8.0,8.0,0.01631021499633789
47.0,16.0,16.0,0.04253530502319336
119.0,33.0,33.0,0.09979939460754395
37.0,20.0,20.0,0.03077554702758789
118.0,67.0,67.0,0.09163665771484375
43.0,15.0,15.0,0.0318753719329834
119.0,38.0,38.0,0.09486508369445801
30.0,14.0,14.0,0.02655768394470215
39.0,29.0,29.0,0.03597736358642578
49.0,7.0,7.0,0.03640460968017578
28.0,11.0,11.0,0.019720792770385742
49.0,20.0,20.0,0.0393221378326416
57.0,15.0,15.0,0.039347171783447266
60.0,24.0,24.0,0.047634124755859375
44.0,17.0,17.0,0.03570151329040527
24.0,7.0,7.0,0.019727230072021484
71.0,22.0,22.0,0.06877875328063965
205.0,74.0,74.0,0.1580512523651123
25.0,15.0,15.0,0.02017998695373535
76.0,24.0,24.0,0.06170153617858887
40.0,10.0,10.0,0.030689239501953125
82.0,32.0,32.0,0.06319594383239746
149.0,46.0,46.0,0.11054706573486328
22.0,4.0,4.0,0.02177715301513672
35.0,17.0,17.0,0.030518531799316406
24.0,13.0,13.0,0.019924163818359375
116.0,42.0,42.0,0.10549354553222656
58.0,27.0,27.0,0.05742192268371582
165.0,46.0,46.0,0.13554739952087402
61.0,24.0,24.0,0.048195600509643555
31.0,8.0,8.0,0.0231778621673584
27.0,13.0,13.0,0.021652698516845703
42.0,29.0,29.0,0.03294968605041504
28.0,13.0,13.0,0.019433975219726562
37.0,8.0,8.0,0.025164127349853516
31.0,10.0,10.0,0.021284818649291992
59.0,24.0,24.0,0.04556107521057129
41.0,13.0,13.0,0.031034231185913086
35.0,19.0,19.0,0.025101900100708008
139.0,48.0,48.0,0.11802387237548828
104.0,45.0,45.0,0.07350277900695801
98.0,37.0,37.0,0.07035183906555176
102.0,35.0,35.0,0.09188628196716309
39.0,16.0,16.0,0.035120487213134766
33.0,16.0,16.0,0.029222965240478516
33.0,14.0,14.0,0.02870488166809082
21.0,8.0,8.0,0.02091693878173828
31.0,8.0,8.0,0.026146888732910156
33.0,19.0,19.0,0.02463984489440918
65.0,17.0,17.0,0.04804730415344238
63.0,20.0,20.0,0.05093955993652344
42.0,15.0,15.0,0.030987977981567383
172.0,59.0,59.0,0.13218116760253906
36.0,7.0,7.0,0.0314030647277832
19.0,7.0,7.0,0.02450084686279297
74.0,32.0,32.0,0.08697032928466797
29.0,9.0,9.0,0.022122859954833984
92.0,40.0,40.0,0.06707191467285156
23.0,13.0,13.0,0.02036762237548828
74.0,28.0,28.0,0.06686544418334961
31.0,11.0,11.0,0.026139497756958008
52.0,20.0,20.0,0.04898977279663086
36.0,11.0,11.0,0.026291370391845703
52.0,23.0,23.0,0.039220333099365234
76.0,31.0,31.0,0.05791735649108887
25.0,13.0,13.0,0.01838397979736328
91.0,35.0,35.0,0.079193115234375
53.0,29.0,29.0,0.043311357498168945
28.0,10.0,10.0,0.026510238647460938
40.0,16.0,16.0,0.03636312484741211
46.0,12.0,12.0,0.04376959800720215
28.0,14.0,14.0,0.020188570022583008
111.0,46.0,46.0,0.08367347717285156
23.0,8.0,8.0,0.018314838409423828
22.0,8.0,8.0,0.015876054763793945
54.0,33.0,33.0,0.05266547203063965
28.0,15.0,15.0,0.01930403709411621
48.0,22.0,22.0,0.03522849082946777
36.0,23.0,23.0,0.027279376983642578
60.0,20.0,20.0,0.04543256759643555
223.0,71.0,71.0,0.1825566291809082
84.0,25.0,25.0,0.06764721870422363
86.0,36.0,36.0,0.06755304336547852
46.0,18.0,18.0,0.03265094757080078
46.0,15.0,15.0,0.03279733657836914
44.0,17.0,17.0,0.03201699256896973
41.0,24.0,24.0,0.028215408325195312
24.0,10.0,10.0,0.01757979393005371
49.0,21.0,21.0,0.03690910339355469
113.0,56.0,56.0,0.08808660507202148
57.0,39.0,39.0,0.04398155212402344
26.0,8.0,8.0,0.020224571228027344
13.0,2.0,2.0,0.010143756866455078
153.0,52.0,52.0,0.11674857139587402
33.0,20.0,20.0,0.027160167694091797
35.0,21.0,21.0,0.03100109100341797
26.0,12.0,12.0,0.018569469451904297
28.0,12.0,12.0,0.018924474716186523
104.0,23.0,23.0,0.07071352005004883
77.0,23.0,23.0,0.059131622314453125
124.0,53.0,53.0,0.10125279426574707
29.0,16.0,16.0,0.01933002471923828
124.0,58.0,58.0,0.08918309211730957
26.0,13.0,13.0,0.0168001651763916
141.0,54.0,54.0,0.10529756546020508
67.0,22.0,22.0,0.045664072036743164
83.0,30.0,30.0,0.06093883514404297
25.0,12.0,12.0,0.019381046295166016
28.0,16.0,16.0,0.018822669982910156
44.0,26.0,26.0,0.03599905967712402
20.0,7.0,7.0,0.016820669174194336
53.0,21.0,21.0,0.03961181640625
41.0,14.0,14.0,0.03364419937133789
52.0,21.0,21.0,0.04561161994934082
75.0,30.0,30.0,0.0650634765625
80.0,27.0,27.0,0.06497645378112793
145.0,48.0,48.0,0.11787080764770508
46.0,24.0,24.0,0.035798072814941406
38.0,9.0,9.0,0.030646085739135742
67.0,25.0,25.0,0.06137371063232422
42.0,18.0,18.0,0.03472542762756348
51.0,36.0,36.0,0.045622825622558594
71.0,22.0,22.0,0.058439016342163086
47.0,28.0,28.0,0.04228806495666504
74.0,28.0,28.0,0.0613713264465332
36.0,16.0,16.0,0.03125119209289551
43.0,16.0,16.0,0.037668704986572266
31.0,13.0,13.0,0.026220321655273438
112.0,31.0,31.0,0.09708452224731445
49.0,14.0,14.0,0.042081356048583984
41.0,10.0,10.0,0.03699612617492676
29.0,14.0,14.0,0.02503657341003418
76.0,36.0,36.0,0.06676459312438965
38.0,13.0,13.0,0.034381866455078125
50.0,22.0,22.0,0.04524683952331543
135.0,57.0,57.0,0.11098265647888184
18.0,7.0,7.0,0.01334071159362793
80.0,20.0,20.0,0.0667104721069336
57.0,19.0,19.0,0.04961681365966797
23.0,10.0,10.0,0.023482084274291992
45.0,11.0,11.0,0.047655344009399414
40.0,11.0,11.0,0.028516530990600586
30.0,14.0,14.0,0.021263837814331055
20.0,5.0,5.0,0.014918088912963867
44.0,31.0,31.0,0.031325340270996094
63.0,17.0,17.0,0.04699873924255371
28.0,16.0,16.0,0.02583765983581543
24.0,9.0,9.0,0.0182645320892334
127.0,26.0,26.0,0.10515570640563965
41.0,13.0,13.0,0.038185834884643555
128.0,32.0,32.0,0.11310100555419922
33.0,13.0,13.0,0.027327775955200195
29.0,13.0,13.0,0.02359771728515625
55.0,26.0,26.0,0.05356097221374512
34.0,11.0,11.0,0.031057357788085938
35.0,15.0,15.0,0.028751134872436523
70.0,18.0,18.0,0.05656075477600098
99.0,35.0,35.0,0.08933830261230469
31.0,10.0,10.0,0.02710866928100586
31.0,17.0,17.0,0.024874448776245117
42.0,21.0,21.0,0.03271937370300293
73.0,20.0,20.0,0.0567324161529541
74.0,20.0,20.0,0.05336952209472656
121.0,38.0,38.0,0.09508800506591797
77.0,42.0,42.0,0.061773061752319336
28.0,16.0,16.0,0.021408557891845703
132.0,29.0,29.0,0.09511923789978027
42.0,10.0,10.0,0.02982926368713379
53.0,15.0,15.0,0.03757309913635254
81.0,33.0,33.0,0.06880712509155273
23.0,4.0,4.0,0.017241239547729492
43.0,26.0,26.0,0.03467988967895508
23.0,5.0,5.0,0.01857304573059082
102.0,37.0,37.0,0.08099913597106934
52.0,17.0,17.0,0.03726792335510254
43.0,9.0,9.0,0.031438589096069336
60.0,28.0,28.0,0.04791378974914551
59.0,21.0,21.0,0.054059505462646484
94.0,26.0,26.0,0.08128166198730469
30.0,11.0,11.0,0.02921891212463379
27.0,12.0,12.0,0.024353742599487305
37.0,24.0,24.0,0.03202247619628906
85.0,39.0,39.0,0.06998705863952637
78.0,32.0,32.0,0.05689716339111328
48.0,30.0,30.0,0.03421330451965332
52.0,27.0,27.0,0.039626121520996094
57.0,31.0,31.0,0.04467964172363281
37.0,19.0,19.0,0.027610301971435547
90.0,29.0,29.0,0.07125329971313477
96.0,19.0,19.0,0.07493138313293457
32.0,19.0,19.0,0.025954723358154297
28.0,11.0,11.0,0.021574735641479492
112.0,44.0,44.0,0.09583568572998047
72.0,21.0,21.0,0.058107614517211914
108.0,32.0,32.0,0.0880584716796875
25.0,7.0,7.0,0.019168853759765625
23.0,6.0,6.0,0.0177004337310791
60.0,21.0,21.0,0.042125701904296875
68.0,24.0,24.0,0.053025245666503906
38.0,13.0,13.0,0.03025984764099121
25.0,12.0,12.0,0.018880128860473633
69.0,31.0,31.0,0.0526583194732666
78.0,27.0,27.0,0.06707596778869629
34.0,20.0,20.0,0.024895668029785156
19.0,7.0,7.0,0.013838768005371094
31.0,16.0,16.0,0.02192068099975586
31.0,17.0,17.0,0.023058414459228516
44.0,22.0,22.0,0.03051447868347168
42.0,16.0,16.0,0.03564929962158203
149.0,44.0,44.0,0.11058783531188965
43.0,21.0,21.0,0.03559756278991699
79.0,21.0,21.0,0.061074256896972656
63.0,21.0,21.0,0.05084729194641113
21.0,11.0,11.0,0.01503610610961914
33.0,18.0,18.0,0.025330781936645508
47.0,22.0,22.0,0.0332181453704834
43.0,16.0,16.0,0.03627419471740723
62.0,29.0,29.0,0.048250436782836914
45.0,21.0,21.0,0.03414416313171387
53.0,16.0,16.0,0.05052471160888672
44.0,20.0,20.0,0.03156900405883789
41.0,16.0,16.0,0.03166961669921875
68.0,22.0,22.0,0.05767345428466797
31.0,10.0,10.0,0.024898290634155273
19.0,7.0,7.0,0.015837907791137695
26.0,15.0,15.0,0.02033543586730957
24.0,12.0,12.0,0.024124860763549805
49.0,21.0,21.0,0.03836226463317871
50.0,26.0,26.0,0.038611412048339844
64.0,32.0,32.0,0.04953503608703613
27.0,10.0,10.0,0.022678375244140625
55.0,29.0,29.0,0.05429959297180176
47.0,29.0,29.0,0.04037189483642578
29.0,17.0,17.0,0.024628877639770508
164.0,53.0,53.0,0.13359332084655762
43.0,15.0,15.0,0.032013654708862305
39.0,9.0,9.0,0.025808095932006836
337.0,108.0,108.0,0.2609543800354004
76.0,34.0,34.0,0.057688236236572266
60.0,21.0,21.0,0.05444931983947754
142.0,53.0,53.0,0.10455584526062012
75.0,29.0,29.0,0.052520036697387695
168.0,72.0,72.0,0.12057304382324219
47.0,21.0,21.0,0.03278779983520508
144.0,55.0,55.0,0.10615229606628418
33.0,17.0,17.0,0.024469852447509766
32.0,21.0,21.0,0.022849082946777344
65.0,33.0,33.0,0.04780411720275879
47.0,15.0,15.0,0.032860517501831055
258.0,91.0,91.0,0.19075894355773926
34.0,22.0,22.0,0.02470684051513672
62.0,22.0,22.0,0.04662442207336426
52.0,21.0,21.0,0.041532278060913086
40.0,16.0,16.0,0.03311800956726074
30.0,11.0,11.0,0.022235870361328125
48.0,18.0,18.0,0.035180091857910156
41.0,17.0,17.0,0.03282642364501953
44.0,21.0,21.0,0.04588580131530762
46.0,18.0,18.0,0.05196428298950195
29.0,18.0,18.0,0.02368617057800293
25.0,13.0,13.0,0.019275903701782227
74.0,21.0,21.0,0.06636309623718262
42.0,15.0,15.0,0.03712725639343262
64.0,20.0,20.0,0.05302691459655762
42.0,27.0,27.0,0.034702301025390625
80.0,26.0,26.0,0.07871818542480469
21.0,6.0,6.0,0.01589512825012207
50.0,17.0,17.0,0.042550086975097656
84.0,23.0,23.0,0.0682365894317627
31.0,17.0,17.0,0.02419304847717285
40.0,16.0,16.0,0.028720855712890625
19.0,7.0,7.0,0.01491236686706543
46.0,14.0,14.0,0.03250551223754883
54.0,35.0,35.0,0.04602789878845215
16.0,4.0,4.0,0.015213727951049805
47.0,17.0,17.0,0.043592214584350586
44.0,17.0,17.0,0.03505706787109375
49.0,24.0,24.0,0.04005002975463867
62.0,25.0,25.0,0.05080151557922363
37.0,16.0,16.0,0.03684711456298828
47.0,24.0,24.0,0.042983293533325195
81.0,19.0,19.0,0.11137056350708008
68.0,29.0,29.0,0.08334994316101074
53.0,19.0,19.0,0.051740169525146484
82.0,25.0,25.0,0.1147003173828125
22.0,9.0,9.0,0.028234481811523438
61.0,23.0,23.0,0.08815431594848633
81.0,26.0,26.0,0.1153404712677002
26.0,15.0,15.0,0.028178930282592773
26.0,12.0,12.0,0.0361781120300293
21.0,9.0,9.0,0.027105093002319336
19.0,8.0,8.0,0.028992652893066406
45.0,27.0,27.0,0.05167508125305176
68.0,21.0,21.0,0.06772589683532715
62.0,19.0,19.0,0.058142900466918945
92.0,34.0,34.0,0.07590365409851074
26.0,13.0,13.0,0.023499250411987305
92.0,47.0,47.0,0.09431815147399902
30.0,13.0,13.0,0.026950359344482422
24.0,12.0,12.0,0.019188404083251953
16.0,4.0,4.0,0.012021064758300781
66.0,19.0,19.0,0.054108619689941406
15.0,4.0,4.0,0.01521754264831543
66.0,39.0,39.0,0.06343889236450195
33.0,15.0,15.0,0.02583146095275879
29.0,15.0,15.0,0.025197982788085938
54.0,16.0,16.0,0.0520777702331543
23.0,10.0,10.0,0.0275876522064209
93.0,44.0,44.0,0.08690214157104492
52.0,19.0,19.0,0.04981398582458496
17.0,5.0,5.0,0.013175725936889648
205.0,64.0,64.0,0.19530129432678223
64.0,18.0,18.0,0.04714179039001465
90.0,20.0,20.0,0.0695807933807373
57.0,24.0,24.0,0.040209293365478516
103.0,47.0,47.0,0.07827472686767578
53.0,22.0,22.0,0.04058265686035156
60.0,22.0,22.0,0.04305529594421387
37.0,17.0,17.0,0.03014063835144043
20.0,7.0,7.0,0.01685810089111328
56.0,20.0,20.0,0.04823660850524902
90.0,39.0,39.0,0.09290409088134766
29.0,18.0,18.0,0.023374557495117188
153.0,45.0,45.0,0.12330484390258789
34.0,7.0,7.0,0.02696514129638672
35.0,14.0,14.0,0.028132915496826172
84.0,25.0,25.0,0.06502580642700195
104.0,39.0,39.0,0.08641386032104492
58.0,23.0,23.0,0.043428897857666016
56.0,28.0,28.0,0.042897939682006836
102.0,27.0,27.0,0.10109066963195801
25.0,12.0,12.0,0.01702260971069336
23.0,9.0,9.0,0.017154216766357422
23.0,12.0,12.0,0.02782583236694336
74.0,28.0,28.0,0.08002710342407227
68.0,26.0,26.0,0.05987668037414551
37.0,17.0,17.0,0.05642557144165039
49.0,20.0,20.0,0.06645870208740234
25.0,12.0,12.0,0.026195287704467773
23.0,12.0,12.0,0.0402681827545166
40.0,14.0,14.0,0.07348847389221191
29.0,8.0,8.0,0.04142904281616211
47.0,21.0,21.0,0.07414698600769043
52.0,12.0,12.0,0.07530879974365234
87.0,24.0,24.0,0.12335491180419922
26.0,11.0,11.0,0.019712209701538086
23.0,11.0,11.0,0.017651081085205078
86.0,26.0,26.0,0.07811188697814941
63.0,29.0,29.0,0.042853593826293945
69.0,19.0,19.0,0.0485837459564209
28.0,11.0,11.0,0.02893233299255371
77.0,28.0,28.0,0.126936674118042
39.0,17.0,17.0,0.029975414276123047
36.0,17.0,17.0,0.032596588134765625
44.0,17.0,17.0,0.034557342529296875
26.0,12.0,12.0,0.022779226303100586
47.0,20.0,20.0,0.07136130332946777
83.0,39.0,39.0,0.08526349067687988
27.0,10.0,10.0,0.029564619064331055
103.0,26.0,26.0,0.10911035537719727
29.0,16.0,16.0,0.02625560760498047
151.0,57.0,57.0,0.12824368476867676
22.0,10.0,10.0,0.016397953033447266
35.0,17.0,17.0,0.030477285385131836
50.0,20.0,20.0,0.06889057159423828
124.0,53.0,53.0,0.13539576530456543
30.0,11.0,11.0,0.02279973030090332
28.0,15.0,15.0,0.026449918746948242
48.0,23.0,23.0,0.03997635841369629
82.0,30.0,30.0,0.07845878601074219
42.0,15.0,15.0,0.03459978103637695
96.0,30.0,30.0,0.07488441467285156
55.0,23.0,23.0,0.04503059387207031
50.0,15.0,15.0,0.040015220642089844
190.0,62.0,62.0,0.15471506118774414
84.0,28.0,28.0,0.08372759819030762
64.0,17.0,17.0,0.057129859924316406
28.0,12.0,12.0,0.024779796600341797
38.0,18.0,18.0,0.028937816619873047
73.0,20.0,20.0,0.06662344932556152
30.0,10.0,10.0,0.02754068374633789
91.0,45.0,45.0,0.0817723274230957
43.0,21.0,21.0,0.03235745429992676
23.0,9.0,9.0,0.017420530319213867
37.0,18.0,18.0,0.029718875885009766
40.0,20.0,20.0,0.03723955154418945
71.0,37.0,37.0,0.05772066116333008
109.0,66.0,66.0,0.08368945121765137
37.0,17.0,17.0,0.029393911361694336
39.0,10.0,10.0,0.040084123611450195
81.0,31.0,31.0,0.0770876407623291
108.0,42.0,42.0,0.08853912353515625
26.0,13.0,13.0,0.020284414291381836
54.0,34.0,34.0,0.04114389419555664
36.0,14.0,14.0,0.02633810043334961
26.0,14.0,14.0,0.019798755645751953
128.0,40.0,40.0,0.09491705894470215
36.0,17.0,17.0,0.024474382400512695
17.0,4.0,4.0,0.01388406753540039
20.0,8.0,8.0,0.01604437828063965
46.0,20.0,20.0,0.03137993812561035
46.0,11.0,11.0,0.0328824520111084
58.0,14.0,14.0,0.041257381439208984
22.0,9.0,9.0,0.016099214553833008
71.0,33.0,33.0,0.05699634552001953
117.0,46.0,46.0,0.09967422485351562
42.0,18.0,18.0,0.03114604949951172
46.0,21.0,21.0,0.03915977478027344
33.0,12.0,12.0,0.032312870025634766
42.0,18.0,18.0,0.03086256980895996
57.0,24.0,24.0,0.04604148864746094
46.0,24.0,24.0,0.044083356857299805
33.0,19.0,19.0,0.02593398094177246
78.0,19.0,19.0,0.059834957122802734
24.0,14.0,14.0,0.017785310745239258
56.0,25.0,25.0,0.04372572898864746
70.0,35.0,35.0,0.05126643180847168
130.0,63.0,63.0,0.10086750984191895
35.0,11.0,11.0,0.02667713165283203
60.0,31.0,31.0,0.043921470642089844
33.0,16.0,16.0,0.028039932250976562
174.0,42.0,42.0,0.12664318084716797
32.0,9.0,9.0,0.021908283233642578
76.0,30.0,30.0,0.059093475341796875
64.0,24.0,24.0,0.04990434646606445
29.0,16.0,16.0,0.021787405014038086
66.0,18.0,18.0,0.05189347267150879
52.0,21.0,21.0,0.04218912124633789
68.0,35.0,35.0,0.05023837089538574
48.0,20.0,20.0,0.03498101234436035
102.0,31.0,31.0,0.0803828239440918
39.0,18.0,18.0,0.033878326416015625
126.0,52.0,52.0,0.0881650447845459
59.0,18.0,18.0,0.043167829513549805
125.0,35.0,35.0,0.09159588813781738
67.0,38.0,38.0,0.05003976821899414
83.0,20.0,20.0,0.07051205635070801
133.0,46.0,46.0,0.10259532928466797
22.0,10.0,10.0,0.015264749526977539
37.0,11.0,11.0,0.02789020538330078
101.0,36.0,36.0,0.07392597198486328
22.0,7.0,7.0,0.017127513885498047
61.0,35.0,35.0,0.0446321964263916
49.0,18.0,18.0,0.039083003997802734
88.0,36.0,36.0,0.0655663013458252
69.0,29.0,29.0,0.0508270263671875
174.0,66.0,66.0,0.13705158233642578
95.0,48.0,48.0,0.07050275802612305
52.0,17.0,17.0,0.03933978080749512
132.0,42.0,42.0,0.10769152641296387
87.0,21.0,21.0,0.08733272552490234
70.0,23.0,23.0,0.05916881561279297
74.0,42.0,42.0,0.05798673629760742
20.0,8.0,8.0,0.01936793327331543
45.0,14.0,14.0,0.03432774543762207
128.0,48.0,48.0,0.0882728099822998
58.0,29.0,29.0,0.04164934158325195
40.0,29.0,29.0,0.028006315231323242
23.0,4.0,4.0,0.01947927474975586
158.0,48.0,48.0,0.1157388687133789
97.0,38.0,38.0,0.08755373954772949
38.0,17.0,17.0,0.03328967094421387
91.0,22.0,22.0,0.07503128051757812
45.0,13.0,13.0,0.031184673309326172
80.0,27.0,27.0,0.05723977088928223
37.0,9.0,9.0,0.026865482330322266
46.0,24.0,24.0,0.04236102104187012
37.0,18.0,18.0,0.02871417999267578
28.0,10.0,10.0,0.02123737335205078
67.0,24.0,24.0,0.04838109016418457
86.0,36.0,36.0,0.0625159740447998
157.0,76.0,76.0,0.11742877960205078
16.0,5.0,5.0,0.01617574691772461
37.0,14.0,14.0,0.03255772590637207
35.0,14.0,14.0,0.027675390243530273
35.0,9.0,9.0,0.030202388763427734
42.0,19.0,19.0,0.03958702087402344
78.0,37.0,37.0,0.061087846755981445
43.0,10.0,10.0,0.028833389282226562
69.0,34.0,34.0,0.053442955017089844
32.0,10.0,10.0,0.02444767951965332
26.0,12.0,12.0,0.018410205841064453
76.0,24.0,24.0,0.05868411064147949
113.0,36.0,36.0,0.08263421058654785
64.0,19.0,19.0,0.051404476165771484
36.0,17.0,17.0,0.029938697814941406
35.0,11.0,11.0,0.026647567749023438
18.0,7.0,7.0,0.0162656307220459
127.0,50.0,50.0,0.09080219268798828
67.0,39.0,39.0,0.05071449279785156
40.0,8.0,8.0,0.03017139434814453
24.0,10.0,10.0,0.022063255310058594
107.0,39.0,39.0,0.07985854148864746
51.0,17.0,17.0,0.03401684761047363
37.0,15.0,15.0,0.026752710342407227
87.0,30.0,30.0,0.06638765335083008
31.0,13.0,13.0,0.021991252899169922
25.0,7.0,7.0,0.018482685089111328
26.0,14.0,14.0,0.019954442977905273
45.0,16.0,16.0,0.03589487075805664
31.0,11.0,11.0,0.02181410789489746
19.0,7.0,7.0,0.01444387435913086
58.0,26.0,26.0,0.04192042350769043
36.0,13.0,13.0,0.02650761604309082
148.0,32.0,32.0,0.11339259147644043
67.0,29.0,29.0,0.051216840744018555
41.0,21.0,21.0,0.03199434280395508
38.0,20.0,20.0,0.03156924247741699
22.0,6.0,6.0,0.018021106719970703
36.0,17.0,17.0,0.029529333114624023
80.0,34.0,34.0,0.06310153007507324
41.0,17.0,17.0,0.030649900436401367
66.0,30.0,30.0,0.052093505859375
142.0,56.0,56.0,0.10028290748596191
59.0,24.0,24.0,0.04656529426574707
39.0,27.0,27.0,0.03041696548461914
165.0,52.0,52.0,0.12434744834899902
52.0,25.0,25.0,0.03781747817993164
16.0,5.0,5.0,0.01258707046508789
21.0,6.0,6.0,0.014256477355957031
30.0,17.0,17.0,0.020781755447387695
38.0,13.0,13.0,0.02822709083557129
22.0,8.0,8.0,0.01604628562927246
40.0,12.0,12.0,0.029906511306762695
120.0,36.0,36.0,0.09511828422546387
31.0,12.0,12.0,0.02981734275817871
36.0,11.0,11.0,0.033780574798583984
33.0,11.0,11.0,0.023638010025024414
20.0,8.0,8.0,0.018654346466064453
17.0,6.0,6.0,0.012295722961425781
53.0,20.0,20.0,0.03716611862182617
26.0,15.0,15.0,0.01834726333618164
42.0,12.0,12.0,0.03104543685913086
36.0,9.0,9.0,0.03056931495666504
19.0,6.0,6.0,0.013118743896484375
23.0,9.0,9.0,0.01666569709777832
68.0,21.0,21.0,0.05094408988952637
37.0,14.0,14.0,0.029919147491455078
41.0,13.0,13.0,0.028187274932861328
89.0,36.0,36.0,0.06296181678771973
46.0,31.0,31.0,0.03394460678100586
33.0,19.0,19.0,0.023503541946411133
64.0,23.0,23.0,0.04419827461242676
31.0,16.0,16.0,0.023392200469970703
88.0,38.0,38.0,0.06450772285461426
29.0,10.0,10.0,0.02246236801147461
113.0,46.0,46.0,0.08300471305847168
52.0,16.0,16.0,0.03768777847290039
72.0,28.0,28.0,0.05018019676208496
74.0,19.0,19.0,0.05131864547729492
82.0,27.0,27.0,0.05992579460144043
74.0,30.0,30.0,0.05433773994445801
40.0,17.0,17.0,0.03507280349731445
32.0,14.0,14.0,0.022302865982055664
36.0,24.0,24.0,0.025894880294799805
28.0,10.0,10.0,0.020794153213500977
77.0,25.0,25.0,0.06231403350830078
58.0,25.0,25.0,0.04794454574584961
53.0,17.0,17.0,0.03913545608520508
18.0,6.0,6.0,0.014313220977783203
29.0,17.0,17.0,0.021518230438232422
31.0,8.0,8.0,0.029059886932373047
85.0,19.0,19.0,0.07570815086364746
117.0,25.0,25.0,0.10439300537109375
75.0,26.0,26.0,0.06629109382629395
32.0,20.0,20.0,0.037457942962646484
95.0,25.0,25.0,0.08988070487976074
44.0,20.0,20.0,0.046237945556640625
147.0,54.0,54.0,0.15370821952819824
112.0,57.0,57.0,0.13501787185668945
26.0,11.0,11.0,0.041605472564697266
30.0,17.0,17.0,0.031232833862304688
20.0,9.0,9.0,0.02216958999633789
39.0,20.0,20.0,0.04187822341918945
34.0,12.0,12.0,0.03168535232543945
20.0,7.0,7.0,0.016663312911987305
50.0,22.0,22.0,0.04747128486633301
105.0,41.0,41.0,0.09717893600463867
26.0,12.0,12.0,0.02239704132080078
24.0,8.0,8.0,0.023576021194458008
29.0,9.0,9.0,0.02963423728942871
156.0,41.0,41.0,0.1484842300415039
73.0,29.0,29.0,0.0660557746887207
23.0,6.0,6.0,0.021555423736572266
126.0,34.0,34.0,0.12377715110778809
65.0,14.0,14.0,0.06043887138366699
80.0,34.0,34.0,0.05925250053405762
36.0,16.0,16.0,0.02596569061279297
19.0,7.0,7.0,0.014412164688110352
212.0,74.0,74.0,0.16587519645690918
139.0,46.0,46.0,0.10142064094543457
73.0,28.0,28.0,0.0519404411315918
27.0,13.0,13.0,0.022628307342529297
63.0,22.0,22.0,0.04700016975402832
74.0,45.0,45.0,0.0576324462890625
18.0,7.0,7.0,0.014000177383422852
18.0,7.0,7.0,0.014000177383422852
21.0,10.0,10.0,0.01699995994567871
59.0,25.0,25.0,0.04562807083129883
37.0,7.0,7.0,0.032000064849853516
39.0,12.0,12.0,0.028999805450439453
54.0,16.0,16.0,0.03963279724121094
85.0,30.0,30.0,0.06504225730895996
37.0,19.0,19.0,0.027585744857788086
109.0,41.0,41.0,0.07904267311096191
81.0,28.0,28.0,0.05858969688415527
134.0,53.0,53.0,0.09862828254699707
39.0,26.0,26.0,0.03004288673400879
52.0,22.0,22.0,0.0515902042388916
177.0,53.0,53.0,0.15397310256958008
40.0,11.0,11.0,0.029468059539794922
21.0,10.0,10.0,0.01807236671447754
248.0,87.0,87.0,0.21425652503967285
28.0,15.0,15.0,0.018726110458374023
31.0,19.0,19.0,0.02090001106262207
40.0,11.0,11.0,0.03253507614135742
39.0,28.0,28.0,0.027996301651000977
34.0,12.0,12.0,0.024773597717285156
62.0,16.0,16.0,0.042609453201293945
65.0,17.0,17.0,0.048249244689941406
52.0,25.0,25.0,0.038428306579589844
52.0,29.0,29.0,0.037474632263183594
55.0,27.0,27.0,0.0426328182220459
148.0,55.0,55.0,0.13011384010314941
51.0,25.0,25.0,0.03667855262756348
82.0,30.0,30.0,0.0591425895690918
31.0,13.0,13.0,0.023454904556274414
77.0,27.0,27.0,0.07063126564025879
18.0,7.0,7.0,0.01596999168395996
56.0,29.0,29.0,0.04439997673034668
18.0,7.0,7.0,0.012175321578979492
25.0,14.0,14.0,0.01830887794494629
68.0,23.0,23.0,0.050287485122680664
47.0,22.0,22.0,0.03686976432800293
83.0,26.0,26.0,0.06062793731689453
103.0,46.0,46.0,0.07703971862792969
48.0,18.0,18.0,0.035590410232543945
65.0,30.0,30.0,0.048999786376953125
33.0,16.0,16.0,0.027628183364868164
64.0,26.0,26.0,0.055999755859375
115.0,44.0,44.0,0.09282588958740234
122.0,40.0,40.0,0.08730936050415039
45.0,14.0,14.0,0.037042856216430664
121.0,22.0,22.0,0.08858990669250488
33.0,12.0,12.0,0.022628307342529297
108.0,37.0,37.0,0.07700014114379883
42.0,11.0,11.0,0.029634714126586914
108.0,31.0,31.0,0.0794823169708252
64.0,13.0,13.0,0.04158973693847656
25.0,9.0,9.0,0.01699972152709961
17.0,6.0,6.0,0.012000083923339844
41.0,15.0,15.0,0.028583049774169922
91.0,37.0,37.0,0.06499958038330078
145.0,55.0,55.0,0.13967251777648926
120.0,45.0,45.0,0.11252784729003906
39.0,17.0,17.0,0.02780437469482422
37.0,11.0,11.0,0.027086257934570312
55.0,16.0,16.0,0.036519765853881836
57.0,23.0,23.0,0.0410313606262207
21.0,9.0,9.0,0.016000032424926758
27.0,15.0,15.0,0.02063274383544922
44.0,20.0,20.0,0.03099966049194336
77.0,26.0,26.0,0.05504274368286133
67.0,24.0,24.0,0.051056861877441406
46.0,16.0,16.0,0.03099966049194336
36.0,17.0,17.0,0.030632495880126953
96.0,42.0,42.0,0.06599974632263184
101.0,34.0,34.0,0.08014273643493652
27.0,13.0,13.0,0.017999887466430664
57.0,20.0,20.0,0.039629459381103516
116.0,35.0,35.0,0.08163332939147949
30.0,10.0,10.0,0.019999980926513672
56.0,24.0,24.0,0.037999868392944336
24.0,12.0,12.0,0.018042325973510742
27.0,16.0,16.0,0.018585681915283203
45.0,19.0,19.0,0.03399991989135742
37.0,23.0,23.0,0.028000354766845703
138.0,59.0,59.0,0.10518980026245117
27.0,12.0,12.0,0.020436763763427734
28.0,13.0,13.0,0.01899862289428711
76.0,30.0,30.0,0.051789045333862305
55.0,24.0,24.0,0.03897738456726074
189.0,52.0,52.0,0.12798595428466797
57.0,16.0,16.0,0.039665937423706055
54.0,17.0,17.0,0.03758645057678223
22.0,8.0,8.0,0.016000032424926758
85.0,32.0,32.0,0.057627201080322266
87.0,24.0,24.0,0.06400036811828613
23.0,12.0,12.0,0.01704263687133789
70.0,26.0,26.0,0.05597209930419922
113.0,35.0,35.0,0.08589625358581543
49.0,16.0,16.0,0.03900003433227539
42.0,14.0,14.0,0.03563261032104492
99.0,32.0,32.0,0.06799983978271484
65.0,14.0,14.0,0.04462790489196777
90.0,33.0,33.0,0.0620424747467041
38.0,23.0,23.0,0.027589797973632812
33.0,12.0,12.0,0.023000001907348633
47.0,22.0,22.0,0.03704261779785156
66.0,18.0,18.0,0.04688715934753418
85.0,32.0,32.0,0.0876321792602539
58.0,25.0,25.0,0.048694610595703125
21.0,10.0,10.0,0.016756772994995117
44.0,9.0,9.0,0.03661227226257324
54.0,18.0,18.0,0.0432584285736084
57.0,31.0,31.0,0.044786691665649414
29.0,11.0,11.0,0.01900005340576172
39.0,18.0,18.0,0.026000261306762695
77.0,29.0,29.0,0.052633047103881836
28.0,16.0,16.0,0.023000240325927734
19.0,8.0,8.0,0.014000177383422852
65.0,46.0,46.0,0.04862833023071289
27.0,15.0,15.0,0.01999974250793457
37.0,14.0,14.0,0.02499985694885254
40.0,16.0,16.0,0.029042482376098633
42.0,27.0,27.0,0.03204464912414551
45.0,17.0,17.0,0.03399991989135742
22.0,11.0,11.0,0.018042564392089844
26.0,13.0,13.0,0.018585205078125
87.0,35.0,35.0,0.06600022315979004
34.0,12.0,12.0,0.02304220199584961
20.0,8.0,8.0,0.01804351806640625
44.0,20.0,20.0,0.03299999237060547
45.0,10.0,10.0,0.035042524337768555
33.0,15.0,15.0,0.025586366653442383
44.0,17.0,17.0,0.031000137329101562
110.0,33.0,33.0,0.07763266563415527
81.0,31.0,31.0,0.05904221534729004
130.0,36.0,36.0,0.09662890434265137
24.0,11.0,11.0,0.018590927124023438
174.0,47.0,47.0,0.12316083908081055
94.0,30.0,30.0,0.0676279067993164
83.0,31.0,31.0,0.06999993324279785
38.0,20.0,20.0,0.027634859085083008
40.0,24.0,24.0,0.03699994087219238
127.0,38.0,38.0,0.09262800216674805
68.0,35.0,35.0,0.052042484283447266
75.0,19.0,19.0,0.05258989334106445
48.0,25.0,25.0,0.03399991989135742
112.0,48.0,48.0,0.08462905883789062
141.0,38.0,38.0,0.10663199424743652
29.0,15.0,15.0,0.020043373107910156
35.0,6.0,6.0,0.023000001907348633
32.0,13.0,13.0,0.021999835968017578
42.0,13.0,13.0,0.032000064849853516
29.0,14.0,14.0,0.02163243293762207
39.0,16.0,16.0,0.026999711990356445
193.0,86.0,86.0,0.14662814140319824
75.0,26.0,26.0,0.05971360206604004
41.0,14.0,14.0,0.035685062408447266
72.0,17.0,17.0,0.04963970184326172
48.0,16.0,16.0,0.034393310546875
121.0,56.0,56.0,0.08332443237304688
29.0,18.0,18.0,0.01999974250793457
38.0,15.0,15.0,0.0291135311126709
24.0,9.0,9.0,0.017999887466430664
155.0,57.0,57.0,0.10963273048400879
26.0,15.0,15.0,0.017999649047851562
127.0,30.0,30.0,0.08962750434875488
77.0,38.0,38.0,0.0576326847076416
134.0,52.0,52.0,0.1051473617553711
127.0,52.0,52.0,0.08573532104492188
59.0,29.0,29.0,0.040763139724731445
104.0,41.0,41.0,0.07128500938415527
69.0,28.0,28.0,0.05200004577636719
25.0,11.0,11.0,0.0190427303314209
37.0,21.0,21.0,0.026044607162475586
66.0,31.0,31.0,0.047979116439819336
26.0,14.0,14.0,0.017042875289916992
40.0,14.0,14.0,0.032584190368652344
85.0,35.0,35.0,0.06104254722595215
76.0,24.0,24.0,0.066558837890625
93.0,38.0,38.0,0.06585431098937988
31.0,19.0,19.0,0.022019624710083008
85.0,38.0,38.0,0.10105490684509277
58.0,30.0,30.0,0.05899620056152344
53.0,18.0,18.0,0.04190874099731445
68.0,25.0,25.0,0.04585981369018555
28.0,13.0,13.0,0.018692970275878906
106.0,45.0,45.0,0.0741281509399414
132.0,53.0,53.0,0.09705281257629395
38.0,15.0,15.0,0.03545022010803223
30.0,13.0,13.0,0.0245358943939209
45.0,12.0,12.0,0.05643868446350098
55.0,15.0,15.0,0.04419422149658203
52.0,36.0,36.0,0.04160737991333008
59.0,17.0,17.0,0.03953814506530762
41.0,10.0,10.0,0.031075716018676758
58.0,21.0,21.0,0.049356698989868164
38.0,12.0,12.0,0.027837038040161133
118.0,36.0,36.0,0.09779644012451172
92.0,36.0,36.0,0.07177925109863281
124.0,48.0,48.0,0.08611512184143066
33.0,12.0,12.0,0.02702784538269043
63.0,22.0,22.0,0.049039363861083984
58.0,26.0,26.0,0.03999972343444824
87.0,51.0,51.0,0.0871133804321289
20.0,8.0,8.0,0.020827293395996094
42.0,20.0,20.0,0.03636431694030762
54.0,19.0,19.0,0.0374147891998291
47.0,24.0,24.0,0.03347063064575195
39.0,10.0,10.0,0.031092405319213867
61.0,19.0,19.0,0.04745602607727051
30.0,14.0,14.0,0.021321773529052734
61.0,31.0,31.0,0.04495668411254883
54.0,30.0,30.0,0.04158973693847656
53.0,23.0,23.0,0.04034996032714844
24.0,9.0,9.0,0.01734781265258789
60.0,24.0,24.0,0.04315352439880371
47.0,14.0,14.0,0.03359103202819824
33.0,10.0,10.0,0.02720332145690918
49.0,15.0,15.0,0.042574167251586914
43.0,18.0,18.0,0.03865551948547363
27.0,15.0,15.0,0.02036571502685547
76.0,40.0,40.0,0.05988574028015137
79.0,30.0,30.0,0.06308698654174805
76.0,23.0,23.0,0.06115555763244629
147.0,42.0,42.0,0.11662578582763672
58.0,20.0,20.0,0.04502105712890625
56.0,27.0,27.0,0.04488945007324219
59.0,28.0,28.0,0.047173500061035156
43.0,16.0,16.0,0.04113149642944336
82.0,26.0,26.0,0.07483720779418945
43.0,13.0,13.0,0.031662702560424805
46.0,27.0,27.0,0.03487586975097656
23.0,8.0,8.0,0.017811059951782227
39.0,17.0,17.0,0.031351566314697266
337.0,126.0,126.0,0.2705667018890381
58.0,24.0,24.0,0.05873441696166992
29.0,10.0,10.0,0.019842147827148438
20.0,7.0,7.0,0.013271808624267578
90.0,32.0,32.0,0.06938862800598145
31.0,8.0,8.0,0.02481818199157715
26.0,13.0,13.0,0.026921987533569336
30.0,19.0,19.0,0.02508258819580078
36.0,12.0,12.0,0.03450202941894531
60.0,19.0,19.0,0.054035186767578125
22.0,11.0,11.0,0.015006542205810547
81.0,33.0,33.0,0.07278227806091309
65.0,18.0,18.0,0.05084800720214844
62.0,20.0,20.0,0.04340004920959473
40.0,18.0,18.0,0.027719497680664062
50.0,18.0,18.0,0.038507938385009766
173.0,56.0,56.0,0.12652349472045898
39.0,14.0,14.0,0.029530763626098633
27.0,10.0,10.0,0.018941640853881836
73.0,20.0,20.0,0.046729087829589844
59.0,13.0,13.0,0.041605234146118164
78.0,25.0,25.0,0.05177903175354004
25.0,13.0,13.0,0.01699995994567871
33.0,17.0,17.0,0.024582386016845703
61.0,16.0,16.0,0.05099987983703613
36.0,15.0,15.0,0.023999929428100586
26.0,13.0,13.0,0.019588470458984375
173.0,71.0,71.0,0.11862730979919434
83.0,56.0,56.0,0.06099987030029297
33.0,16.0,16.0,0.0235903263092041
85.0,32.0,32.0,0.05899977684020996
34.0,14.0,14.0,0.02304220199584961
39.0,14.0,14.0,0.027586698532104492
193.0,42.0,42.0,0.1431586742401123
119.0,34.0,34.0,0.08263182640075684
73.0,25.0,25.0,0.05162763595581055
59.0,14.0,14.0,0.042000532150268555
96.0,34.0,34.0,0.06563210487365723
49.0,21.0,21.0,0.03699994087219238
58.0,20.0,20.0,0.04162740707397461
21.0,5.0,5.0,0.01399993896484375
41.0,6.0,6.0,0.03000020980834961
54.0,25.0,25.0,0.03604245185852051
23.0,3.0,3.0,0.014589786529541016
22.0,10.0,10.0,0.014999866485595703
22.0,11.0,11.0,0.014999628067016602
107.0,36.0,36.0,0.07825303077697754
31.0,12.0,12.0,0.02003335952758789
137.0,47.0,47.0,0.09489321708679199
27.0,11.0,11.0,0.018994808197021484
67.0,19.0,19.0,0.053843021392822266
46.0,20.0,20.0,0.0318756103515625
53.0,23.0,23.0,0.05684328079223633
23.0,11.0,11.0,0.016498327255249023
28.0,12.0,12.0,0.019005775451660156
20.0,8.0,8.0,0.013217449188232422
20.0,9.0,9.0,0.01481008529663086
30.0,16.0,16.0,0.022554397583007812
133.0,46.0,46.0,0.10494875907897949
34.0,15.0,15.0,0.032000064849853516
26.0,15.0,15.0,0.022795438766479492
70.0,25.0,25.0,0.05051016807556152
116.0,29.0,29.0,0.09413862228393555
19.0,8.0,8.0,0.01300191879272461
107.0,32.0,32.0,0.084686279296875
82.0,26.0,26.0,0.07021427154541016
87.0,37.0,37.0,0.0656583309173584
26.0,16.0,16.0,0.01907825469970703
55.0,13.0,13.0,0.04604840278625488
27.0,12.0,12.0,0.027972936630249023
90.0,21.0,21.0,0.06978225708007812
120.0,53.0,53.0,0.09009647369384766
56.0,22.0,22.0,0.05158424377441406
38.0,17.0,17.0,0.039106130599975586
56.0,23.0,23.0,0.05515336990356445
79.0,22.0,22.0,0.06064343452453613
70.0,23.0,23.0,0.06474876403808594
45.0,20.0,20.0,0.037996530532836914
21.0,10.0,10.0,0.015136003494262695
45.0,27.0,27.0,0.04950571060180664
52.0,16.0,16.0,0.03748178482055664
81.0,30.0,30.0,0.07207417488098145
87.0,30.0,30.0,0.08538651466369629
63.0,33.0,33.0,0.0606226921081543
191.0,52.0,52.0,0.13789701461791992
59.0,20.0,20.0,0.04726672172546387
39.0,20.0,20.0,0.032219886779785156
122.0,39.0,39.0,0.10692572593688965
50.0,30.0,30.0,0.03609418869018555
31.0,18.0,18.0,0.023760318756103516
47.0,28.0,28.0,0.047430992126464844
60.0,18.0,18.0,0.05318570137023926
35.0,18.0,18.0,0.023450613021850586
25.0,12.0,12.0,0.01956009864807129
65.0,33.0,33.0,0.05125546455383301
25.0,9.0,9.0,0.020279407501220703
67.0,28.0,28.0,0.05914807319641113
137.0,61.0,61.0,0.11037468910217285
86.0,39.0,39.0,0.06364250183105469
70.0,34.0,34.0,0.06701326370239258
51.0,23.0,23.0,0.039754390716552734
42.0,17.0,17.0,0.029768943786621094
31.0,12.0,12.0,0.024634361267089844
59.0,28.0,28.0,0.05018210411071777
26.0,6.0,6.0,0.0262453556060791
34.0,10.0,10.0,0.02451157569885254
54.0,25.0,25.0,0.039876699447631836
47.0,22.0,22.0,0.03218984603881836
55.0,22.0,22.0,0.03683018684387207
73.0,35.0,35.0,0.05060935020446777
87.0,36.0,36.0,0.05955147743225098
29.0,12.0,12.0,0.021000146865844727
57.0,28.0,28.0,0.04062819480895996
24.0,10.0,10.0,0.018999814987182617
86.0,28.0,28.0,0.060042619705200195
56.0,23.0,23.0,0.04158949851989746
112.0,49.0,49.0,0.07704305648803711
32.0,14.0,14.0,0.02495861053466797
31.0,17.0,17.0,0.02200031280517578
83.0,25.0,25.0,0.05863213539123535
95.0,24.0,24.0,0.06504249572753906
121.0,44.0,44.0,0.08158493041992188
232.0,53.0,53.0,0.18909311294555664
35.0,19.0,19.0,0.02558159828186035
68.0,24.0,24.0,0.06461215019226074
39.0,20.0,20.0,0.03037714958190918
32.0,17.0,17.0,0.021586894989013672
52.0,29.0,29.0,0.035791873931884766
58.0,18.0,18.0,0.038271188735961914
39.0,12.0,12.0,0.026097536087036133
65.0,32.0,32.0,0.047725677490234375
40.0,10.0,10.0,0.027042388916015625
35.0,14.0,14.0,0.02404499053955078
58.0,25.0,25.0,0.04502725601196289
81.0,23.0,23.0,0.055019378662109375
83.0,23.0,23.0,0.05574989318847656
46.0,23.0,23.0,0.032521963119506836
37.0,14.0,14.0,0.025033235549926758
105.0,35.0,35.0,0.07362771034240723
34.0,12.0,12.0,0.03500008583068848
62.0,24.0,24.0,0.057602882385253906
29.0,9.0,9.0,0.020944833755493164
37.0,15.0,15.0,0.02798748016357422
47.0,10.0,10.0,0.04004311561584473
38.0,14.0,14.0,0.026518821716308594
91.0,32.0,32.0,0.08057379722595215
36.0,17.0,17.0,0.031026840209960938
25.0,10.0,10.0,0.017444849014282227
71.0,21.0,21.0,0.0502781867980957
34.0,15.0,15.0,0.0225832462310791
81.0,28.0,28.0,0.05666494369506836
91.0,42.0,42.0,0.062000274658203125
64.0,23.0,23.0,0.04662728309631348
60.0,27.0,27.0,0.0429997444152832
21.0,8.0,8.0,0.014998912811279297
76.0,26.0,26.0,0.05563211441040039
25.0,11.0,11.0,0.020999908447265625
46.0,13.0,13.0,0.03104257583618164
177.0,62.0,62.0,0.13212251663208008
55.0,22.0,22.0,0.038858890533447266
29.0,13.0,13.0,0.024203777313232422
52.0,16.0,16.0,0.03658938407897949
91.0,53.0,53.0,0.07062697410583496
201.0,56.0,56.0,0.13669490814208984
46.0,11.0,11.0,0.030488014221191406
57.0,19.0,19.0,0.04347705841064453
81.0,29.0,29.0,0.056192636489868164
37.0,12.0,12.0,0.026632070541381836
79.0,37.0,37.0,0.054999589920043945
33.0,17.0,17.0,0.022043704986572266
83.0,24.0,24.0,0.057585716247558594
49.0,19.0,19.0,0.03756904602050781
46.0,20.0,20.0,0.03858494758605957
27.0,13.0,13.0,0.020999670028686523
80.0,23.0,23.0,0.05463218688964844
50.0,22.0,22.0,0.03699994087219238
74.0,29.0,29.0,0.05362820625305176
27.0,9.0,9.0,0.021000146865844727
22.0,10.0,10.0,0.017999887466430664
33.0,17.0,17.0,0.021999835968017578
60.0,22.0,22.0,0.04663228988647461
44.0,20.0,20.0,0.031000137329101562
23.0,11.0,11.0,0.017000436782836914
75.0,30.0,30.0,0.057439327239990234
102.0,85.0,85.0,0.07554435729980469
129.0,33.0,33.0,0.09601783752441406
96.0,36.0,36.0,0.07726407051086426
36.0,11.0,11.0,0.03154301643371582
48.0,18.0,18.0,0.0430905818939209
56.0,19.0,19.0,0.04203987121582031
34.0,13.0,13.0,0.021715641021728516
30.0,8.0,8.0,0.021414518356323242
80.0,36.0,36.0,0.055942535400390625
36.0,14.0,14.0,0.02441096305847168
100.0,22.0,22.0,0.06971335411071777
33.0,18.0,18.0,0.022703170776367188
44.0,14.0,14.0,0.02936697006225586
29.0,8.0,8.0,0.02103400230407715
31.0,13.0,13.0,0.02191758155822754
92.0,24.0,24.0,0.06499958038330078
35.0,17.0,17.0,0.026632070541381836
19.0,9.0,9.0,0.020000457763671875
97.0,52.0,52.0,0.07070374488830566
31.0,13.0,13.0,0.020328044891357422
109.0,27.0,27.0,0.07724809646606445
30.0,6.0,6.0,0.021090984344482422
33.0,16.0,16.0,0.022032499313354492
47.0,34.0,34.0,0.0357816219329834
34.0,14.0,14.0,0.02453303337097168
40.0,16.0,16.0,0.025691509246826172
67.0,41.0,41.0,0.046486616134643555
58.0,27.0,27.0,0.0389401912689209
53.0,9.0,9.0,0.03803372383117676
229.0,73.0,73.0,0.1647508144378662
59.0,21.0,21.0,0.03814363479614258
33.0,9.0,9.0,0.02404952049255371
37.0,7.0,7.0,0.02700018882751465
94.0,47.0,47.0,0.06804227828979492
86.0,26.0,26.0,0.06204509735107422
56.0,23.0,23.0,0.03763294219970703
28.0,6.0,6.0,0.01900005340576172
111.0,31.0,31.0,0.07762742042541504
27.0,10.0,10.0,0.01900005340576172
101.0,37.0,37.0,0.07104229927062988
21.0,4.0,4.0,0.017283916473388672
23.0,9.0,9.0,0.016342878341674805
30.0,14.0,14.0,0.02099776268005371
23.0,13.0,13.0,0.018526077270507812
56.0,22.0,22.0,0.049884796142578125
20.0,10.0,10.0,0.01336050033569336
26.0,10.0,10.0,0.020790815353393555
84.0,19.0,19.0,0.06030416488647461
21.0,9.0,9.0,0.014679431915283203
99.0,34.0,34.0,0.06549692153930664
117.0,29.0,29.0,0.08893871307373047
29.0,15.0,15.0,0.021999835968017578
78.0,27.0,27.0,0.06267142295837402
43.0,24.0,24.0,0.029511451721191406
43.0,20.0,20.0,0.03127431869506836
41.0,19.0,19.0,0.03710174560546875
207.0,68.0,68.0,0.17268586158752441
56.0,16.0,16.0,0.04085516929626465
58.0,26.0,26.0,0.044570207595825195
56.0,27.0,27.0,0.054207563400268555
27.0,8.0,8.0,0.02859783172607422
65.0,30.0,30.0,0.050163984298706055
54.0,24.0,24.0,0.04670286178588867
34.0,21.0,21.0,0.025354623794555664
22.0,10.0,10.0,0.01943373680114746
80.0,18.0,18.0,0.05692648887634277
25.0,7.0,7.0,0.0288999080657959
74.0,31.0,31.0,0.06412076950073242
26.0,10.0,10.0,0.018394947052001953
54.0,14.0,14.0,0.044466495513916016
29.0,8.0,8.0,0.024578332901000977
71.0,18.0,18.0,0.053575992584228516
30.0,13.0,13.0,0.022970914840698242
28.0,13.0,13.0,0.021555662155151367
19.0,7.0,7.0,0.018033266067504883
21.0,10.0,10.0,0.018496990203857422
34.0,11.0,11.0,0.02469325065612793
260.0,86.0,86.0,0.17518305778503418
36.0,10.0,10.0,0.024516582489013672
50.0,21.0,21.0,0.03457474708557129
162.0,67.0,67.0,0.11039900779724121
35.0,12.0,12.0,0.026045560836791992
49.0,24.0,24.0,0.03425455093383789
29.0,11.0,11.0,0.019696950912475586
71.0,27.0,27.0,0.04766082763671875
61.0,22.0,22.0,0.04086899757385254
84.0,25.0,25.0,0.05686450004577637
67.0,21.0,21.0,0.05861997604370117
112.0,36.0,36.0,0.08182549476623535
32.0,13.0,13.0,0.02146625518798828
24.0,9.0,9.0,0.016211271286010742
62.0,32.0,32.0,0.04518437385559082
37.0,11.0,11.0,0.027149438858032227
37.0,19.0,19.0,0.02638864517211914
30.0,10.0,10.0,0.028953075408935547
85.0,31.0,31.0,0.06676340103149414
29.0,17.0,17.0,0.0202791690826416
39.0,18.0,18.0,0.02701544761657715
27.0,14.0,14.0,0.01959967613220215
66.0,21.0,21.0,0.04642677307128906
47.0,16.0,16.0,0.032312870025634766
15.0,3.0,3.0,0.010959625244140625
54.0,14.0,14.0,0.0387725830078125
40.0,20.0,20.0,0.03246641159057617
269.0,87.0,87.0,0.23161697387695312
24.0,10.0,10.0,0.01691460609436035
26.0,10.0,10.0,0.02236628532409668
54.0,23.0,23.0,0.045624732971191406
44.0,17.0,17.0,0.03287792205810547
31.0,18.0,18.0,0.019841670989990234
44.0,22.0,22.0,0.02983689308166504
36.0,13.0,13.0,0.024453163146972656
23.0,10.0,10.0,0.015845775604248047
24.0,11.0,11.0,0.01679372787475586
59.0,17.0,17.0,0.04035067558288574
29.0,13.0,13.0,0.020019054412841797
25.0,12.0,12.0,0.0214998722076416
60.0,16.0,16.0,0.042261600494384766
38.0,24.0,24.0,0.02885603904724121
43.0,23.0,23.0,0.030880212783813477
27.0,11.0,11.0,0.021481037139892578
50.0,31.0,31.0,0.03690338134765625
30.0,15.0,15.0,0.021723508834838867
88.0,39.0,39.0,0.06631994247436523
89.0,35.0,35.0,0.06789803504943848
57.0,23.0,23.0,0.04680633544921875
34.0,9.0,9.0,0.02572178840637207
49.0,15.0,15.0,0.033402442932128906
67.0,22.0,22.0,0.05159807205200195
31.0,15.0,15.0,0.021633386611938477
42.0,17.0,17.0,0.03141140937805176
125.0,25.0,25.0,0.09444403648376465
28.0,7.0,7.0,0.021360397338867188
54.0,11.0,11.0,0.04381728172302246
48.0,16.0,16.0,0.032843828201293945
86.0,35.0,35.0,0.05646395683288574
68.0,21.0,21.0,0.04987287521362305
45.0,26.0,26.0,0.03294110298156738
82.0,39.0,39.0,0.06057310104370117
79.0,40.0,40.0,0.05664491653442383
82.0,30.0,30.0,0.05981302261352539
33.0,15.0,15.0,0.024478435516357422
29.0,17.0,17.0,0.020941495895385742
24.0,12.0,12.0,0.020217180252075195
39.0,17.0,17.0,0.02948617935180664
29.0,11.0,11.0,0.021428346633911133
66.0,25.0,25.0,0.05137968063354492
128.0,40.0,40.0,0.09043025970458984
35.0,13.0,13.0,0.024459362030029297
45.0,11.0,11.0,0.03132057189941406
25.0,13.0,13.0,0.01876521110534668
49.0,21.0,21.0,0.03267955780029297
42.0,29.0,29.0,0.028793811798095703
44.0,14.0,14.0,0.03109145164489746
149.0,51.0,51.0,0.10450387001037598
40.0,16.0,16.0,0.05088496208190918
72.0,22.0,22.0,0.05849790573120117
52.0,22.0,22.0,0.03859066963195801
222.0,70.0,70.0,0.16398096084594727
105.0,23.0,23.0,0.07632684707641602
32.0,14.0,14.0,0.022809743881225586
39.0,19.0,19.0,0.028347253799438477
58.0,20.0,20.0,0.04524707794189453
78.0,29.0,29.0,0.05937027931213379
61.0,11.0,11.0,0.04893684387207031
60.0,36.0,36.0,0.042679548263549805
50.0,16.0,16.0,0.04343390464782715
30.0,15.0,15.0,0.022432804107666016
42.0,16.0,16.0,0.03094935417175293
26.0,10.0,10.0,0.017405986785888672
34.0,11.0,11.0,0.02300882339477539
351.0,118.0,118.0,0.25763559341430664
25.0,13.0,13.0,0.01712775230407715
47.0,25.0,25.0,0.033117055892944336
21.0,8.0,8.0,0.015192031860351562
132.0,60.0,60.0,0.09667658805847168
57.0,22.0,22.0,0.03848075866699219
63.0,19.0,19.0,0.04828596115112305
20.0,5.0,5.0,0.013687610626220703
36.0,19.0,19.0,0.02642202377319336
26.0,8.0,8.0,0.01988077163696289
63.0,42.0,42.0,0.046621084213256836
85.0,35.0,35.0,0.06743001937866211
39.0,21.0,21.0,0.029460906982421875
37.0,10.0,10.0,0.027554750442504883
56.0,20.0,20.0,0.04265308380126953
27.0,7.0,7.0,0.018726825714111328
36.0,17.0,17.0,0.02664780616760254
124.0,38.0,38.0,0.10338020324707031
28.0,15.0,15.0,0.026261568069458008
56.0,30.0,30.0,0.040205955505371094
24.0,10.0,10.0,0.016848087310791016
87.0,23.0,23.0,0.06439852714538574
41.0,23.0,23.0,0.03000020980834961
141.0,51.0,51.0,0.10381555557250977
57.0,30.0,30.0,0.04028606414794922
39.0,20.0,20.0,0.02895355224609375
32.0,20.0,20.0,0.023582935333251953
68.0,36.0,36.0,0.05971527099609375
45.0,24.0,24.0,0.04801607131958008
99.0,31.0,31.0,0.08004021644592285
38.0,11.0,11.0,0.030839204788208008
49.0,20.0,20.0,0.03561139106750488
43.0,28.0,28.0,0.030691862106323242
249.0,70.0,70.0,0.1833040714263916
64.0,22.0,22.0,0.04489445686340332
119.0,37.0,37.0,0.08934783935546875
23.0,11.0,11.0,0.016736745834350586
67.0,20.0,20.0,0.05329585075378418
48.0,37.0,37.0,0.03750157356262207
23.0,8.0,8.0,0.01627826690673828
166.0,63.0,63.0,0.11751151084899902
152.0,70.0,70.0,0.11694192886352539
33.0,11.0,11.0,0.02449321746826172
18.0,7.0,7.0,0.012861490249633789
81.0,49.0,49.0,0.05837869644165039
78.0,38.0,38.0,0.05654025077819824
57.0,28.0,28.0,0.044146060943603516
55.0,27.0,27.0,0.04626154899597168
30.0,13.0,13.0,0.021543025970458984
36.0,10.0,10.0,0.02799248695373535
50.0,16.0,16.0,0.03580141067504883
57.0,18.0,18.0,0.04247593879699707
23.0,11.0,11.0,0.0179898738861084
72.0,42.0,42.0,0.05162930488586426
24.0,10.0,10.0,0.017272233963012695
30.0,18.0,18.0,0.02162456512451172
25.0,9.0,9.0,0.019475936889648438
33.0,12.0,12.0,0.023873567581176758
59.0,16.0,16.0,0.0395660400390625
60.0,24.0,24.0,0.045549869537353516
37.0,19.0,19.0,0.024222135543823242
81.0,32.0,32.0,0.0617070198059082
40.0,13.0,13.0,0.038507938385009766
65.0,29.0,29.0,0.04947996139526367
20.0,7.0,7.0,0.01668381690979004
30.0,11.0,11.0,0.02776193618774414
85.0,36.0,36.0,0.07689929008483887
19.0,8.0,8.0,0.015941858291625977
15.0,5.0,5.0,0.016177892684936523
105.0,48.0,48.0,0.08522415161132812
42.0,18.0,18.0,0.028072357177734375
22.0,10.0,10.0,0.020417451858520508
36.0,17.0,17.0,0.04697561264038086
45.0,27.0,27.0,0.04645895957946777
24.0,14.0,14.0,0.028701066970825195
44.0,19.0,19.0,0.043610572814941406
40.0,15.0,15.0,0.037807464599609375
24.0,10.0,10.0,0.018465042114257812
65.0,24.0,24.0,0.05315756797790527
75.0,23.0,23.0,0.06835460662841797
37.0,16.0,16.0,0.02835702896118164
131.0,75.0,75.0,0.10727882385253906
39.0,12.0,12.0,0.032141685485839844
21.0,7.0,7.0,0.016511201858520508
22.0,9.0,9.0,0.01746845245361328
123.0,40.0,40.0,0.10377931594848633
61.0,29.0,29.0,0.04491782188415527
95.0,28.0,28.0,0.0762338638305664
82.0,25.0,25.0,0.060288429260253906
178.0,47.0,47.0,0.18705201148986816
29.0,10.0,10.0,0.01841568946838379
26.0,12.0,12.0,0.018353700637817383
17.0,6.0,6.0,0.011039495468139648
72.0,37.0,37.0,0.05415010452270508
80.0,25.0,25.0,0.07412981986999512
50.0,17.0,17.0,0.04757046699523926
27.0,16.0,16.0,0.019734621047973633
23.0,11.0,11.0,0.01573944091796875
65.0,22.0,22.0,0.04318976402282715
68.0,26.0,26.0,0.048354387283325195
44.0,20.0,20.0,0.02884078025817871
113.0,30.0,30.0,0.07920598983764648
33.0,8.0,8.0,0.02167510986328125
46.0,16.0,16.0,0.031743764877319336
119.0,63.0,63.0,0.08001852035522461
66.0,25.0,25.0,0.04373812675476074
24.0,6.0,6.0,0.015816211700439453
162.0,51.0,51.0,0.13265657424926758
22.0,11.0,11.0,0.014519929885864258
72.0,23.0,23.0,0.04994344711303711
79.0,30.0,30.0,0.0641031265258789
23.0,11.0,11.0,0.01703500747680664
33.0,17.0,17.0,0.02530074119567871
25.0,12.0,12.0,0.023543357849121094
33.0,20.0,20.0,0.024932384490966797
40.0,13.0,13.0,0.030544281005859375
50.0,18.0,18.0,0.03742861747741699
56.0,23.0,23.0,0.042256832122802734
86.0,19.0,19.0,0.05964207649230957
55.0,20.0,20.0,0.044345855712890625
133.0,42.0,42.0,0.1194753646850586
42.0,12.0,12.0,0.05874991416931152
46.0,19.0,19.0,0.04769325256347656
61.0,17.0,17.0,0.041968584060668945
151.0,60.0,60.0,0.10308575630187988
35.0,16.0,16.0,0.02300238609313965
19.0,8.0,8.0,0.012998580932617188
60.0,16.0,16.0,0.040444374084472656
31.0,13.0,13.0,0.022222280502319336
32.0,19.0,19.0,0.02336716651916504
19.0,9.0,9.0,0.013013362884521484
130.0,53.0,53.0,0.09110283851623535
25.0,14.0,14.0,0.016628742218017578
56.0,26.0,26.0,0.04769182205200195
42.0,8.0,8.0,0.08726930618286133
18.0,4.0,4.0,0.01815056800842285
24.0,12.0,12.0,0.016440629959106445
32.0,13.0,13.0,0.024029970169067383
32.0,10.0,10.0,0.022075653076171875
17.0,4.0,4.0,0.011276006698608398
106.0,35.0,35.0,0.07242679595947266
48.0,15.0,15.0,0.031238794326782227
54.0,11.0,11.0,0.040195465087890625
195.0,73.0,73.0,0.17891240119934082
36.0,17.0,17.0,0.031023740768432617
92.0,44.0,44.0,0.09651470184326172
55.0,19.0,19.0,0.04966855049133301
22.0,10.0,10.0,0.02160048484802246
54.0,17.0,17.0,0.04620218276977539
33.0,17.0,17.0,0.023843765258789062
59.0,27.0,27.0,0.049524784088134766
57.0,29.0,29.0,0.04457688331604004
43.0,18.0,18.0,0.031954050064086914
61.0,14.0,14.0,0.045877933502197266
46.0,13.0,13.0,0.0312802791595459
70.0,16.0,16.0,0.04927206039428711
30.0,11.0,11.0,0.023426055908203125
37.0,14.0,14.0,0.03279852867126465
30.0,9.0,9.0,0.021724939346313477
62.0,21.0,21.0,0.04934334754943848
82.0,32.0,32.0,0.061563730239868164
25.0,13.0,13.0,0.01834392547607422
61.0,20.0,20.0,0.048184871673583984
40.0,20.0,20.0,0.029994964599609375
226.0,57.0,57.0,0.174790620803833
96.0,32.0,32.0,0.10138416290283203
89.0,31.0,31.0,0.0824887752532959
32.0,13.0,13.0,0.023507356643676758
19.0,8.0,8.0,0.014375925064086914
48.0,26.0,26.0,0.03474307060241699
37.0,27.0,27.0,0.026297807693481445
40.0,20.0,20.0,0.02760601043701172
67.0,21.0,21.0,0.049616336822509766
61.0,25.0,25.0,0.0444951057434082
64.0,18.0,18.0,0.04915952682495117
46.0,19.0,19.0,0.036498069763183594
67.0,21.0,21.0,0.05170464515686035
58.0,29.0,29.0,0.05979037284851074
64.0,17.0,17.0,0.04843711853027344
55.0,28.0,28.0,0.04099845886230469
46.0,15.0,15.0,0.04643607139587402
90.0,31.0,31.0,0.06622529029846191
27.0,6.0,6.0,0.018178701400756836
96.0,34.0,34.0,0.07552337646484375
88.0,50.0,50.0,0.065216064453125
42.0,23.0,23.0,0.030351638793945312
73.0,28.0,28.0,0.06459331512451172
29.0,14.0,14.0,0.020108461380004883
27.0,13.0,13.0,0.020143747329711914
25.0,13.0,13.0,0.017092466354370117
51.0,36.0,36.0,0.03582572937011719
28.0,9.0,9.0,0.022025346755981445
44.0,19.0,19.0,0.03178834915161133
46.0,14.0,14.0,0.031009197235107422
106.0,60.0,60.0,0.08108305931091309
60.0,23.0,23.0,0.05000615119934082
116.0,56.0,56.0,0.09402966499328613
32.0,12.0,12.0,0.025204181671142578
53.0,21.0,21.0,0.039704322814941406
44.0,21.0,21.0,0.03751564025878906
27.0,15.0,15.0,0.021123170852661133
27.0,12.0,12.0,0.019855976104736328
24.0,10.0,10.0,0.017993688583374023
38.0,14.0,14.0,0.026528120040893555
101.0,39.0,39.0,0.07592487335205078
44.0,12.0,12.0,0.029419660568237305
80.0,37.0,37.0,0.058259010314941406
32.0,16.0,16.0,0.020899534225463867
78.0,39.0,39.0,0.060872793197631836
79.0,38.0,38.0,0.05787992477416992
36.0,19.0,19.0,0.02940535545349121
94.0,26.0,26.0,0.07403993606567383
40.0,23.0,23.0,0.02654290199279785
125.0,42.0,42.0,0.10601997375488281
27.0,9.0,9.0,0.021502017974853516
24.0,6.0,6.0,0.019719362258911133
39.0,18.0,18.0,0.04054903984069824
44.0,18.0,18.0,0.035880327224731445
40.0,20.0,20.0,0.031147003173828125
26.0,16.0,16.0,0.016641855239868164
73.0,28.0,28.0,0.0504300594329834
41.0,25.0,25.0,0.02725815773010254
48.0,21.0,21.0,0.0356287956237793
21.0,8.0,8.0,0.017965316772460938
41.0,19.0,19.0,0.03297686576843262
24.0,11.0,11.0,0.017017602920532227
53.0,17.0,17.0,0.03711962699890137
27.0,15.0,15.0,0.022591590881347656
20.0,9.0,9.0,0.014934539794921875
71.0,22.0,22.0,0.051873207092285156
21.0,8.0,8.0,0.015141487121582031
41.0,10.0,10.0,0.029338836669921875
41.0,15.0,15.0,0.030734539031982422
43.0,12.0,12.0,0.035243988037109375
23.0,8.0,8.0,0.017993927001953125
40.0,15.0,15.0,0.03025364875793457
49.0,24.0,24.0,0.036614179611206055
69.0,12.0,12.0,0.04939889907836914
120.0,38.0,38.0,0.09309840202331543
39.0,15.0,15.0,0.02855062484741211
97.0,26.0,26.0,0.07532334327697754
127.0,46.0,46.0,0.08949708938598633
47.0,20.0,20.0,0.033770084381103516
195.0,68.0,68.0,0.14392828941345215
43.0,11.0,11.0,0.03639388084411621
21.0,8.0,8.0,0.017354488372802734
93.0,38.0,38.0,0.06914114952087402
38.0,7.0,7.0,0.028611183166503906
27.0,12.0,12.0,0.01999068260192871
51.0,19.0,19.0,0.0410616397857666
25.0,13.0,13.0,0.021403074264526367
34.0,14.0,14.0,0.026696205139160156
58.0,23.0,23.0,0.04087209701538086
33.0,8.0,8.0,0.022008895874023438
66.0,25.0,25.0,0.046553611755371094
43.0,13.0,13.0,0.031017065048217773
18.0,7.0,7.0,0.013977527618408203
19.0,7.0,7.0,0.020636558532714844
23.0,10.0,10.0,0.01798534393310547
51.0,30.0,30.0,0.03951406478881836
39.0,15.0,15.0,0.029987096786499023
33.0,16.0,16.0,0.02504253387451172
32.0,11.0,11.0,0.022682666778564453
22.0,6.0,6.0,0.019169092178344727
38.0,14.0,14.0,0.029065608978271484
91.0,22.0,22.0,0.06629490852355957
21.0,11.0,11.0,0.015462398529052734
49.0,16.0,16.0,0.03783774375915527
38.0,16.0,16.0,0.02868199348449707
40.0,9.0,9.0,0.033921003341674805
44.0,19.0,19.0,0.03329730033874512
43.0,22.0,22.0,0.03982663154602051
32.0,14.0,14.0,0.029744863510131836
37.0,20.0,20.0,0.03422355651855469
52.0,32.0,32.0,0.04231739044189453
66.0,20.0,20.0,0.05164670944213867
26.0,11.0,11.0,0.022505998611450195
48.0,28.0,28.0,0.03336286544799805
144.0,57.0,57.0,0.10298967361450195
49.0,11.0,11.0,0.03636503219604492
63.0,18.0,18.0,0.05179548263549805
65.0,27.0,27.0,0.04427528381347656
36.0,13.0,13.0,0.024769067764282227
191.0,56.0,56.0,0.14633584022521973
95.0,32.0,32.0,0.06600522994995117
59.0,26.0,26.0,0.045433759689331055
63.0,20.0,20.0,0.04569888114929199
66.0,25.0,25.0,0.04766368865966797
23.0,10.0,10.0,0.019384145736694336
25.0,7.0,7.0,0.020789384841918945
29.0,11.0,11.0,0.020569562911987305
26.0,8.0,8.0,0.01975417137145996
26.0,10.0,10.0,0.019312620162963867
73.0,32.0,32.0,0.0550382137298584
62.0,20.0,20.0,0.047852277755737305
88.0,26.0,26.0,0.06392121315002441
66.0,19.0,19.0,0.04775738716125488
45.0,17.0,17.0,0.033394575119018555
83.0,24.0,24.0,0.059650421142578125
35.0,13.0,13.0,0.025503873825073242
71.0,31.0,31.0,0.05767321586608887
71.0,22.0,22.0,0.05566835403442383
96.0,28.0,28.0,0.06763553619384766
42.0,22.0,22.0,0.03255581855773926
89.0,29.0,29.0,0.06126260757446289
26.0,11.0,11.0,0.017778635025024414
144.0,53.0,53.0,0.09833073616027832
39.0,16.0,16.0,0.030075788497924805
30.0,18.0,18.0,0.026127338409423828
161.0,54.0,54.0,0.11925649642944336
24.0,11.0,11.0,0.017996549606323242
127.0,65.0,65.0,0.09628748893737793
80.0,33.0,33.0,0.05962204933166504
75.0,17.0,17.0,0.051644325256347656
38.0,19.0,19.0,0.025115966796875
81.0,21.0,21.0,0.06394314765930176
30.0,14.0,14.0,0.037404537200927734
38.0,11.0,11.0,0.0334928035736084
48.0,14.0,14.0,0.040184974670410156
32.0,9.0,9.0,0.02903604507446289
27.0,13.0,13.0,0.02098250389099121
35.0,16.0,16.0,0.029063940048217773
55.0,39.0,39.0,0.036972761154174805
49.0,15.0,15.0,0.03306388854980469
171.0,48.0,48.0,0.1554737091064453
51.0,17.0,17.0,0.045723676681518555
72.0,16.0,16.0,0.07410812377929688
91.0,41.0,41.0,0.08829522132873535
111.0,36.0,36.0,0.09184432029724121
63.0,19.0,19.0,0.061002492904663086
41.0,27.0,27.0,0.03987836837768555
162.0,53.0,53.0,0.13089513778686523
40.0,14.0,14.0,0.03320503234863281
77.0,25.0,25.0,0.05876803398132324
37.0,17.0,17.0,0.02712845802307129
77.0,35.0,35.0,0.05788373947143555
25.0,14.0,14.0,0.01902937889099121
22.0,9.0,9.0,0.01690196990966797
34.0,16.0,16.0,0.030777692794799805
59.0,22.0,22.0,0.043691396713256836
28.0,13.0,13.0,0.01883411407470703
25.0,8.0,8.0,0.018289566040039062
83.0,43.0,43.0,0.06533551216125488
63.0,30.0,30.0,0.04571104049682617
75.0,16.0,16.0,0.05039048194885254
111.0,36.0,36.0,0.07513189315795898
29.0,10.0,10.0,0.0207364559173584
37.0,6.0,6.0,0.031861305236816406
19.0,8.0,8.0,0.02189183235168457
83.0,41.0,41.0,0.0789027214050293
20.0,8.0,8.0,0.02492213249206543
30.0,11.0,11.0,0.03601956367492676
72.0,21.0,21.0,0.07427358627319336
57.0,19.0,19.0,0.056600332260131836
97.0,24.0,24.0,0.08277773857116699
61.0,18.0,18.0,0.04217863082885742
25.0,10.0,10.0,0.018179893493652344
41.0,19.0,19.0,0.03539705276489258
294.0,83.0,83.0,0.2738988399505615
192.0,45.0,45.0,0.15436935424804688
15.0,3.0,3.0,0.010413408279418945
50.0,18.0,18.0,0.04690909385681152
106.0,35.0,35.0,0.0915524959564209
230.0,74.0,74.0,0.19394469261169434
211.0,61.0,61.0,0.16301822662353516
23.0,8.0,8.0,0.02364635467529297
50.0,23.0,23.0,0.04222846031188965
25.0,11.0,11.0,0.022199153900146484
123.0,39.0,39.0,0.11038565635681152
60.0,18.0,18.0,0.04923868179321289
153.0,47.0,47.0,0.11415505409240723
33.0,17.0,17.0,0.03358340263366699
98.0,44.0,44.0,0.08303642272949219
48.0,15.0,15.0,0.04169440269470215
40.0,14.0,14.0,0.03115081787109375
60.0,20.0,20.0,0.047760963439941406
42.0,16.0,16.0,0.030114412307739258
57.0,26.0,26.0,0.05465102195739746
22.0,9.0,9.0,0.01956009864807129
173.0,53.0,53.0,0.1334977149963379
31.0,19.0,19.0,0.024135828018188477
64.0,18.0,18.0,0.044243574142456055
42.0,22.0,22.0,0.02852010726928711
28.0,15.0,15.0,0.020138263702392578
29.0,15.0,15.0,0.02939438819885254
59.0,19.0,19.0,0.0500030517578125
81.0,33.0,33.0,0.07199263572692871
86.0,37.0,37.0,0.06522870063781738
54.0,17.0,17.0,0.04251885414123535
33.0,20.0,20.0,0.036460161209106445
29.0,18.0,18.0,0.02642536163330078
47.0,27.0,27.0,0.038818359375
93.0,34.0,34.0,0.08523702621459961
63.0,24.0,24.0,0.06100869178771973
25.0,9.0,9.0,0.01928424835205078
28.0,11.0,11.0,0.020973682403564453
27.0,15.0,15.0,0.018564462661743164
43.0,32.0,32.0,0.03123617172241211
61.0,33.0,33.0,0.04270052909851074
50.0,33.0,33.0,0.0390172004699707
142.0,56.0,56.0,0.10757994651794434
74.0,34.0,34.0,0.05586743354797363
25.0,7.0,7.0,0.01714634895324707
42.0,19.0,19.0,0.030901432037353516
35.0,10.0,10.0,0.03027629852294922
83.0,29.0,29.0,0.07245469093322754
64.0,29.0,29.0,0.0544893741607666
15.0,4.0,4.0,0.013780832290649414
60.0,32.0,32.0,0.04693913459777832
47.0,10.0,10.0,0.05142831802368164
42.0,23.0,23.0,0.044823408126831055
36.0,11.0,11.0,0.025285005569458008
84.0,36.0,36.0,0.06961631774902344
110.0,46.0,46.0,0.10221290588378906
47.0,16.0,16.0,0.042137861251831055
78.0,27.0,27.0,0.06508588790893555
42.0,14.0,14.0,0.027385950088500977
34.0,24.0,24.0,0.021886348724365234
39.0,21.0,21.0,0.0291750431060791
62.0,25.0,25.0,0.04692959785461426
30.0,18.0,18.0,0.022257328033447266
32.0,7.0,7.0,0.028449296951293945
94.0,24.0,24.0,0.08192038536071777
36.0,11.0,11.0,0.026364803314208984
48.0,17.0,17.0,0.04013562202453613
58.0,21.0,21.0,0.045166969299316406
35.0,17.0,17.0,0.029801368713378906
43.0,22.0,22.0,0.04183840751647949
50.0,19.0,19.0,0.03420305252075195
22.0,5.0,5.0,0.01402139663696289
93.0,30.0,30.0,0.0633840560913086
43.0,14.0,14.0,0.04094338417053223
41.0,16.0,16.0,0.03167223930358887
77.0,23.0,23.0,0.056168317794799805
104.0,43.0,43.0,0.07401633262634277
105.0,61.0,61.0,0.0839533805847168
49.0,15.0,15.0,0.037250518798828125
30.0,11.0,11.0,0.019600629806518555
39.0,12.0,12.0,0.02595973014831543
30.0,10.0,10.0,0.020590543746948242
24.0,11.0,11.0,0.0212249755859375
29.0,13.0,13.0,0.02650737762451172
23.0,12.0,12.0,0.024168729782104492
111.0,32.0,32.0,0.0973958969116211
94.0,19.0,19.0,0.0688791275024414
31.0,17.0,17.0,0.022126197814941406
103.0,36.0,36.0,0.07293295860290527
85.0,31.0,31.0,0.06102895736694336
44.0,21.0,21.0,0.030312776565551758
23.0,12.0,12.0,0.01613450050354004
62.0,21.0,21.0,0.046514272689819336
30.0,7.0,7.0,0.02150869369506836
60.0,28.0,28.0,0.04027700424194336
64.0,35.0,35.0,0.044924259185791016
77.0,17.0,17.0,0.05658316612243652
20.0,9.0,9.0,0.018015623092651367
36.0,14.0,14.0,0.02786731719970703
84.0,39.0,39.0,0.06574892997741699
24.0,9.0,9.0,0.017154455184936523
30.0,9.0,9.0,0.019553422927856445
122.0,37.0,37.0,0.09033513069152832
45.0,15.0,15.0,0.03253173828125
50.0,19.0,19.0,0.037293434143066406
43.0,16.0,16.0,0.03181648254394531
52.0,17.0,17.0,0.03905081748962402
32.0,18.0,18.0,0.02319192886352539
93.0,27.0,27.0,0.0711212158203125
23.0,11.0,11.0,0.017669200897216797
91.0,25.0,25.0,0.07210183143615723
49.0,19.0,19.0,0.04422712326049805
55.0,26.0,26.0,0.04578113555908203
29.0,10.0,10.0,0.024690866470336914
66.0,24.0,24.0,0.04488992691040039
154.0,66.0,66.0,0.10822439193725586
56.0,24.0,24.0,0.04132199287414551
111.0,44.0,44.0,0.08056044578552246
33.0,19.0,19.0,0.023608922958374023
42.0,23.0,23.0,0.028662681579589844
62.0,17.0,17.0,0.04492998123168945
46.0,20.0,20.0,0.03516960144042969
99.0,49.0,49.0,0.07416033744812012
40.0,10.0,10.0,0.03420686721801758
252.0,80.0,80.0,0.2496182918548584
33.0,19.0,19.0,0.03003859519958496
28.0,7.0,7.0,0.028609514236450195
54.0,29.0,29.0,0.0495152473449707
41.0,23.0,23.0,0.03693079948425293
48.0,27.0,27.0,0.04081916809082031
90.0,46.0,46.0,0.07841801643371582
37.0,13.0,13.0,0.0333714485168457
64.0,25.0,25.0,0.05255389213562012
30.0,16.0,16.0,0.020241498947143555
96.0,32.0,32.0,0.06663751602172852
26.0,14.0,14.0,0.018038272857666016
62.0,24.0,24.0,0.04136943817138672
33.0,16.0,16.0,0.026134014129638672
68.0,21.0,21.0,0.05091071128845215
29.0,9.0,9.0,0.025115013122558594
169.0,70.0,70.0,0.13154363632202148
80.0,25.0,25.0,0.0622251033782959
61.0,25.0,25.0,0.04466581344604492
41.0,15.0,15.0,0.029575586318969727
243.0,86.0,86.0,0.1832442283630371
47.0,16.0,16.0,0.035628318786621094
137.0,39.0,39.0,0.0960841178894043
71.0,27.0,27.0,0.0569918155670166
74.0,24.0,24.0,0.05521845817565918
53.0,17.0,17.0,0.039492130279541016
26.0,10.0,10.0,0.018462419509887695
26.0,12.0,12.0,0.019562244415283203
73.0,24.0,24.0,0.054352760314941406
122.0,42.0,42.0,0.09038090705871582
36.0,14.0,14.0,0.025114774703979492
46.0,18.0,18.0,0.034004926681518555
69.0,29.0,29.0,0.0524747371673584
67.0,16.0,16.0,0.04853248596191406
40.0,12.0,12.0,0.02940535545349121
25.0,13.0,13.0,0.018172502517700195
31.0,13.0,13.0,0.0230710506439209
28.0,12.0,12.0,0.019565820693969727
21.0,9.0,9.0,0.014879465103149414
78.0,34.0,34.0,0.061031341552734375
36.0,23.0,23.0,0.026057004928588867
91.0,31.0,31.0,0.06413435935974121
64.0,19.0,19.0,0.04451322555541992
29.0,15.0,15.0,0.02326488494873047
39.0,16.0,16.0,0.02935194969177246
108.0,28.0,28.0,0.07806754112243652
60.0,20.0,20.0,0.048905372619628906
56.0,32.0,32.0,0.061478376388549805
54.0,15.0,15.0,0.05274510383605957
72.0,33.0,33.0,0.05931997299194336
50.0,26.0,26.0,0.04300546646118164
24.0,11.0,11.0,0.017109155654907227
87.0,32.0,32.0,0.06263327598571777
16.0,4.0,4.0,0.011590242385864258
70.0,28.0,28.0,0.04882645606994629
25.0,13.0,13.0,0.018474578857421875
86.0,30.0,30.0,0.06501102447509766
134.0,37.0,37.0,0.09935617446899414
52.0,28.0,28.0,0.03878927230834961
71.0,28.0,28.0,0.052222490310668945
24.0,7.0,7.0,0.017988920211791992
107.0,38.0,38.0,0.08104753494262695
86.0,24.0,24.0,0.0682213306427002
65.0,29.0,29.0,0.04541182518005371
22.0,11.0,11.0,0.018304824829101562
24.0,12.0,12.0,0.016958951950073242
34.0,12.0,12.0,0.025064706802368164
105.0,39.0,39.0,0.07450270652770996
78.0,42.0,42.0,0.05295920372009277
187.0,64.0,64.0,0.13387489318847656
149.0,48.0,48.0,0.10660648345947266
35.0,16.0,16.0,0.025249719619750977
83.0,31.0,31.0,0.06101083755493164
155.0,41.0,41.0,0.11646389961242676
43.0,27.0,27.0,0.03168940544128418
31.0,13.0,13.0,0.022479772567749023
28.0,12.0,12.0,0.021008729934692383
44.0,14.0,14.0,0.03263998031616211
193.0,72.0,72.0,0.14179277420043945
26.0,10.0,10.0,0.017013072967529297
67.0,37.0,37.0,0.05490422248840332
47.0,19.0,19.0,0.0358583927154541
88.0,24.0,24.0,0.06587719917297363
33.0,17.0,17.0,0.02502918243408203
26.0,9.0,9.0,0.018761873245239258
24.0,9.0,9.0,0.01617264747619629
28.0,10.0,10.0,0.02125072479248047
192.0,51.0,51.0,0.1411752700805664
33.0,14.0,14.0,0.023273944854736328
43.0,13.0,13.0,0.05601048469543457
77.0,23.0,23.0,0.06188631057739258
60.0,33.0,33.0,0.052739620208740234
36.0,15.0,15.0,0.027940988540649414
44.0,26.0,26.0,0.033310651779174805
94.0,27.0,27.0,0.06722259521484375
25.0,9.0,9.0,0.018011093139648438
72.0,31.0,31.0,0.05387616157531738
93.0,43.0,43.0,0.06378459930419922
98.0,27.0,27.0,0.06774258613586426
143.0,48.0,48.0,0.12055444717407227
89.0,47.0,47.0,0.060582637786865234
57.0,28.0,28.0,0.0398097038269043
57.0,13.0,13.0,0.03782367706298828
89.0,26.0,26.0,0.06221461296081543
61.0,16.0,16.0,0.04071688652038574
68.0,20.0,20.0,0.047753334045410156
17.0,5.0,5.0,0.012873649597167969
55.0,19.0,19.0,0.03957819938659668
34.0,10.0,10.0,0.023625850677490234
31.0,19.0,19.0,0.022392988204956055
48.0,18.0,18.0,0.035835981369018555
54.0,22.0,22.0,0.036576271057128906
102.0,48.0,48.0,0.07785248756408691
45.0,12.0,12.0,0.032001495361328125
58.0,27.0,27.0,0.04285717010498047
37.0,17.0,17.0,0.027782201766967773
20.0,5.0,5.0,0.014557361602783203
83.0,36.0,36.0,0.060295820236206055
133.0,25.0,25.0,0.09607696533203125
24.0,12.0,12.0,0.016519546508789062
40.0,15.0,15.0,0.028189897537231445
57.0,39.0,39.0,0.046135663986206055
41.0,14.0,14.0,0.029015302658081055
70.0,26.0,26.0,0.058887481689453125
60.0,21.0,21.0,0.03991413116455078
17.0,7.0,7.0,0.010959148406982422
49.0,28.0,28.0,0.03360247611999512
50.0,27.0,27.0,0.036313772201538086
28.0,13.0,13.0,0.018423795700073242
48.0,21.0,21.0,0.03433847427368164
47.0,21.0,21.0,0.0343470573425293
97.0,42.0,42.0,0.06857156753540039
177.0,63.0,63.0,0.12909412384033203
47.0,24.0,24.0,0.0353090763092041
32.0,15.0,15.0,0.02298879623413086
69.0,10.0,10.0,0.06114768981933594
24.0,12.0,12.0,0.027938127517700195
95.0,45.0,45.0,0.08231258392333984
30.0,15.0,15.0,0.028500795364379883
66.0,27.0,27.0,0.05152535438537598
