Timesteps,Collisions,Steps Waited,Real-Time Elapsed
91.0,30.0,30.0,0.11943769454956055
31.0,12.0,12.0,0.033804893493652344
38.0,11.0,11.0,0.051500558853149414
41.0,6.0,6.0,0.033989667892456055
26.0,5.0,5.0,0.02106451988220215
27.0,6.0,6.0,0.02315068244934082
62.0,18.0,18.0,0.05444192886352539
44.0,17.0,17.0,0.036185264587402344
83.0,23.0,23.0,0.08417201042175293
49.0,16.0,16.0,0.04334616661071777
52.0,15.0,15.0,0.05884194374084473
45.0,21.0,21.0,0.05328774452209473
98.0,18.0,18.0,0.10733628273010254
42.0,13.0,13.0,0.04819321632385254
25.0,13.0,13.0,0.03004622459411621
38.0,11.0,11.0,0.03569149971008301
80.0,19.0,19.0,0.09358644485473633
88.0,28.0,28.0,0.10062360763549805
21.0,5.0,5.0,0.02806544303894043
26.0,12.0,12.0,0.029437541961669922
24.0,6.0,6.0,0.030648231506347656
29.0,9.0,9.0,0.038979291915893555
34.0,9.0,9.0,0.043387413024902344
22.0,8.0,8.0,0.02196192741394043
20.0,7.0,7.0,0.023045063018798828
33.0,11.0,11.0,0.033330440521240234
57.0,15.0,15.0,0.06774067878723145
60.0,12.0,12.0,0.0711512565612793
33.0,10.0,10.0,0.040445566177368164
26.0,14.0,14.0,0.030219554901123047
28.0,9.0,9.0,0.035396575927734375
59.0,27.0,27.0,0.049918174743652344
71.0,27.0,27.0,0.0733482837677002
18.0,7.0,7.0,0.021851778030395508
81.0,18.0,18.0,0.08180570602416992
148.0,29.0,29.0,0.14275503158569336
26.0,8.0,8.0,0.02315044403076172
92.0,26.0,26.0,0.08874845504760742
27.0,11.0,11.0,0.0307619571685791
30.0,10.0,10.0,0.03087472915649414
61.0,10.0,10.0,0.06347250938415527
153.0,41.0,41.0,0.24680066108703613
18.0,7.0,7.0,0.021164894104003906
47.0,20.0,20.0,0.04091286659240723
27.0,6.0,6.0,0.02417278289794922
35.0,11.0,11.0,0.029619455337524414
56.0,14.0,14.0,0.03889608383178711
29.0,15.0,15.0,0.020910978317260742
32.0,7.0,7.0,0.02814030647277832
94.0,22.0,22.0,0.08460855484008789
54.0,11.0,11.0,0.039511680603027344
58.0,16.0,16.0,0.04746198654174805
28.0,7.0,7.0,0.02301311492919922
42.0,15.0,15.0,0.03521370887756348
21.0,5.0,5.0,0.017477035522460938
33.0,6.0,6.0,0.030969619750976562
46.0,17.0,17.0,0.037636518478393555
45.0,23.0,23.0,0.034827232360839844
41.0,12.0,12.0,0.03210616111755371
69.0,14.0,14.0,0.06098818778991699
25.0,8.0,8.0,0.02261495590209961
58.0,19.0,19.0,0.04677915573120117
60.0,21.0,21.0,0.04553079605102539
84.0,31.0,31.0,0.06437468528747559
14.0,4.0,4.0,0.012109756469726562
30.0,9.0,9.0,0.0297544002532959
61.0,21.0,21.0,0.05466651916503906
97.0,28.0,28.0,0.07508563995361328
130.0,29.0,29.0,0.11449813842773438
40.0,22.0,22.0,0.03153109550476074
41.0,14.0,14.0,0.04502415657043457
49.0,17.0,17.0,0.047478675842285156
58.0,29.0,29.0,0.0742497444152832
25.0,8.0,8.0,0.016588449478149414
49.0,14.0,14.0,0.047657012939453125
46.0,8.0,8.0,0.0458681583404541
15.0,3.0,3.0,0.009945392608642578
16.0,6.0,6.0,0.018481731414794922
22.0,11.0,11.0,0.014813661575317383
17.0,5.0,5.0,0.01591014862060547
42.0,13.0,13.0,0.034789085388183594
41.0,14.0,14.0,0.038526296615600586
32.0,8.0,8.0,0.02400374412536621
30.0,10.0,10.0,0.02500176429748535
38.0,5.0,5.0,0.032806396484375
37.0,7.0,7.0,0.039991140365600586
82.0,21.0,21.0,0.06721234321594238
35.0,10.0,10.0,0.03238415718078613
81.0,12.0,12.0,0.07261848449707031
74.0,33.0,33.0,0.06573724746704102
94.0,36.0,36.0,0.09581542015075684
23.0,7.0,7.0,0.0201876163482666
25.0,9.0,9.0,0.024535179138183594
34.0,20.0,20.0,0.030748367309570312
20.0,8.0,8.0,0.018887996673583984
58.0,13.0,13.0,0.04841327667236328
54.0,15.0,15.0,0.03705954551696777
37.0,15.0,15.0,0.03543901443481445
69.0,18.0,18.0,0.05752897262573242
76.0,32.0,32.0,0.053740501403808594
48.0,14.0,14.0,0.041925907135009766
67.0,18.0,18.0,0.05496811866760254
76.0,60.0,60.0,0.05804324150085449
33.0,10.0,10.0,0.025266647338867188
39.0,22.0,22.0,0.04045701026916504
108.0,20.0,20.0,0.08438515663146973
66.0,19.0,19.0,0.053418636322021484
26.0,15.0,15.0,0.023029565811157227
25.0,6.0,6.0,0.018499135971069336
85.0,36.0,36.0,0.072265625
70.0,20.0,20.0,0.06072425842285156
105.0,28.0,28.0,0.07770276069641113
59.0,18.0,18.0,0.045841217041015625
24.0,8.0,8.0,0.026892423629760742
56.0,14.0,14.0,0.05555391311645508
33.0,15.0,15.0,0.02772045135498047
31.0,13.0,13.0,0.02505660057067871
150.0,24.0,24.0,0.13597631454467773
31.0,9.0,9.0,0.027255773544311523
32.0,12.0,12.0,0.03437185287475586
46.0,15.0,15.0,0.03995323181152344
57.0,12.0,12.0,0.05856490135192871
74.0,18.0,18.0,0.07806015014648438
18.0,7.0,7.0,0.01831197738647461
100.0,32.0,32.0,0.09049701690673828
59.0,29.0,29.0,0.05929136276245117
65.0,20.0,20.0,0.05521249771118164
39.0,13.0,13.0,0.03968358039855957
124.0,30.0,30.0,0.11711692810058594
63.0,22.0,22.0,0.058512210845947266
28.0,5.0,5.0,0.024045228958129883
24.0,8.0,8.0,0.022330045700073242
45.0,10.0,10.0,0.04554104804992676
66.0,24.0,24.0,0.08362531661987305
64.0,17.0,17.0,0.06360077857971191
35.0,7.0,7.0,0.03387856483459473
97.0,35.0,35.0,0.09635543823242188
117.0,29.0,29.0,0.10372352600097656
104.0,37.0,37.0,0.0910029411315918
45.0,10.0,10.0,0.0390779972076416
54.0,19.0,19.0,0.044526100158691406
35.0,8.0,8.0,0.025521039962768555
28.0,8.0,8.0,0.017904043197631836
23.0,9.0,9.0,0.021758317947387695
45.0,13.0,13.0,0.034520864486694336
21.0,7.0,7.0,0.01654958724975586
30.0,7.0,7.0,0.026875019073486328
101.0,28.0,28.0,0.10390067100524902
34.0,15.0,15.0,0.027988672256469727
150.0,34.0,34.0,0.10720038414001465
43.0,12.0,12.0,0.04076743125915527
25.0,9.0,9.0,0.022525787353515625
31.0,11.0,11.0,0.025727033615112305
30.0,5.0,5.0,0.022092580795288086
60.0,19.0,19.0,0.0546419620513916
60.0,7.0,7.0,0.05373668670654297
24.0,10.0,10.0,0.020180940628051758
32.0,5.0,5.0,0.026599884033203125
73.0,10.0,10.0,0.06057429313659668
52.0,22.0,22.0,0.033067941665649414
25.0,6.0,6.0,0.02303767204284668
29.0,12.0,12.0,0.021046161651611328
16.0,5.0,5.0,0.014394998550415039
19.0,2.0,2.0,0.01713085174560547
41.0,22.0,22.0,0.03423714637756348
59.0,18.0,18.0,0.052290916442871094
17.0,2.0,2.0,0.011198282241821289
57.0,10.0,10.0,0.04474472999572754
57.0,12.0,12.0,0.04275798797607422
131.0,20.0,20.0,0.1006782054901123
36.0,14.0,14.0,0.02492213249206543
56.0,17.0,17.0,0.05556201934814453
59.0,12.0,12.0,0.0456235408782959
23.0,11.0,11.0,0.01431894302368164
39.0,18.0,18.0,0.03419828414916992
95.0,23.0,23.0,0.07187104225158691
78.0,18.0,18.0,0.059606075286865234
38.0,15.0,15.0,0.03353452682495117
27.0,8.0,8.0,0.022677898406982422
68.0,21.0,21.0,0.05582761764526367
31.0,13.0,13.0,0.027811050415039062
133.0,42.0,42.0,0.14465689659118652
103.0,27.0,27.0,0.10508537292480469
23.0,11.0,11.0,0.030014514923095703
25.0,6.0,6.0,0.019103288650512695
74.0,22.0,22.0,0.06816792488098145
32.0,6.0,6.0,0.02579975128173828
24.0,12.0,12.0,0.018594980239868164
75.0,13.0,13.0,0.07694530487060547
60.0,15.0,15.0,0.05112719535827637
39.0,11.0,11.0,0.03247332572937012
40.0,11.0,11.0,0.0324404239654541
69.0,14.0,14.0,0.04975485801696777
37.0,9.0,9.0,0.03936314582824707
35.0,18.0,18.0,0.031548261642456055
22.0,7.0,7.0,0.01956796646118164
21.0,3.0,3.0,0.01819467544555664
23.0,5.0,5.0,0.019536972045898438
89.0,29.0,29.0,0.06969523429870605
43.0,18.0,18.0,0.04087424278259277
22.0,8.0,8.0,0.020008563995361328
86.0,9.0,9.0,0.07871031761169434
98.0,33.0,33.0,0.08607816696166992
63.0,16.0,16.0,0.06405854225158691
38.0,14.0,14.0,0.029774904251098633
49.0,21.0,21.0,0.0458836555480957
18.0,7.0,7.0,0.018607139587402344
21.0,10.0,10.0,0.02033209800720215
61.0,20.0,20.0,0.06651568412780762
92.0,37.0,37.0,0.09245419502258301
35.0,11.0,11.0,0.04047369956970215
23.0,9.0,9.0,0.022018909454345703
31.0,13.0,13.0,0.024498462677001953
86.0,30.0,30.0,0.07458281517028809
21.0,5.0,5.0,0.019121408462524414
49.0,10.0,10.0,0.038925886154174805
55.0,17.0,17.0,0.05510210990905762
33.0,9.0,9.0,0.032523155212402344
39.0,20.0,20.0,0.035700321197509766
147.0,33.0,33.0,0.12278985977172852
155.0,38.0,38.0,0.1361854076385498
28.0,9.0,9.0,0.027585506439208984
86.0,30.0,30.0,0.07595252990722656
45.0,12.0,12.0,0.04303431510925293
54.0,12.0,12.0,0.04426765441894531
87.0,32.0,32.0,0.08548545837402344
192.0,43.0,43.0,0.1741795539855957
51.0,17.0,17.0,0.03960752487182617
48.0,14.0,14.0,0.03457832336425781
264.0,59.0,59.0,0.19119954109191895
42.0,7.0,7.0,0.03190779685974121
20.0,4.0,4.0,0.01714158058166504
36.0,15.0,15.0,0.031133174896240234
16.0,3.0,3.0,0.009577035903930664
43.0,21.0,21.0,0.033365488052368164
30.0,10.0,10.0,0.026959896087646484
30.0,10.0,10.0,0.028387784957885742
106.0,32.0,32.0,0.08851838111877441
66.0,11.0,11.0,0.054056644439697266
33.0,11.0,11.0,0.026592731475830078
29.0,12.0,12.0,0.023213863372802734
64.0,17.0,17.0,0.05522751808166504
35.0,5.0,5.0,0.022309064865112305
30.0,14.0,14.0,0.02389836311340332
50.0,8.0,8.0,0.04391145706176758
25.0,9.0,9.0,0.018823862075805664
39.0,7.0,7.0,0.03739595413208008
55.0,17.0,17.0,0.05052328109741211
99.0,28.0,28.0,0.0792703628540039
24.0,7.0,7.0,0.018043041229248047
25.0,11.0,11.0,0.028482437133789062
38.0,23.0,23.0,0.037374258041381836
29.0,8.0,8.0,0.02783370018005371
79.0,15.0,15.0,0.06938004493713379
161.0,49.0,49.0,0.13601040840148926
80.0,19.0,19.0,0.07214498519897461
95.0,22.0,22.0,0.07807183265686035
40.0,14.0,14.0,0.02881622314453125
40.0,13.0,13.0,0.0341343879699707
17.0,5.0,5.0,0.020042896270751953
54.0,12.0,12.0,0.04952192306518555
87.0,38.0,38.0,0.08258509635925293
71.0,22.0,22.0,0.06916475296020508
55.0,12.0,12.0,0.05993223190307617
46.0,14.0,14.0,0.04741954803466797
56.0,11.0,11.0,0.06327247619628906
75.0,15.0,15.0,0.0836334228515625
55.0,10.0,10.0,0.06777358055114746
48.0,17.0,17.0,0.05358314514160156
18.0,6.0,6.0,0.016650676727294922
56.0,21.0,21.0,0.07053828239440918
67.0,24.0,24.0,0.08049154281616211
37.0,10.0,10.0,0.04738593101501465
90.0,24.0,24.0,0.09384751319885254
64.0,32.0,32.0,0.0643773078918457
27.0,12.0,12.0,0.026132822036743164
31.0,16.0,16.0,0.028554439544677734
31.0,11.0,11.0,0.03278946876525879
22.0,4.0,4.0,0.021698951721191406
25.0,11.0,11.0,0.02527594566345215
32.0,14.0,14.0,0.03244519233703613
53.0,20.0,20.0,0.05054903030395508
28.0,9.0,9.0,0.019951581954956055
17.0,7.0,7.0,0.015573263168334961
64.0,15.0,15.0,0.04942488670349121
65.0,19.0,19.0,0.04706454277038574
23.0,10.0,10.0,0.020858049392700195
43.0,15.0,15.0,0.03821682929992676
28.0,9.0,9.0,0.02349066734313965
94.0,21.0,21.0,0.08258652687072754
30.0,15.0,15.0,0.02830338478088379
21.0,4.0,4.0,0.02222299575805664
68.0,29.0,29.0,0.059186697006225586
82.0,19.0,19.0,0.07401537895202637
17.0,5.0,5.0,0.01513528823852539
23.0,7.0,7.0,0.021022558212280273
138.0,36.0,36.0,0.1201620101928711
33.0,9.0,9.0,0.021603107452392578
13.0,1.0,1.0,0.015159130096435547
101.0,37.0,37.0,0.0877082347869873
90.0,19.0,19.0,0.08943796157836914
73.0,26.0,26.0,0.06341862678527832
45.0,21.0,21.0,0.04762983322143555
34.0,11.0,11.0,0.032843828201293945
47.0,4.0,4.0,0.04543638229370117
18.0,5.0,5.0,0.014743804931640625
59.0,18.0,18.0,0.05680990219116211
76.0,17.0,17.0,0.06394553184509277
25.0,4.0,4.0,0.020818710327148438
28.0,11.0,11.0,0.018266677856445312
48.0,12.0,12.0,0.04558539390563965
47.0,18.0,18.0,0.039345502853393555
33.0,8.0,8.0,0.03704357147216797
99.0,18.0,18.0,0.09919500350952148
36.0,17.0,17.0,0.03662824630737305
33.0,20.0,20.0,0.03928828239440918
21.0,8.0,8.0,0.02360820770263672
26.0,11.0,11.0,0.02484440803527832
39.0,19.0,19.0,0.03259921073913574
34.0,11.0,11.0,0.03392648696899414
27.0,11.0,11.0,0.024198293685913086
51.0,11.0,11.0,0.04207038879394531
25.0,7.0,7.0,0.022068262100219727
37.0,15.0,15.0,0.029631376266479492
57.0,13.0,13.0,0.05917692184448242
76.0,31.0,31.0,0.08400797843933105
76.0,22.0,22.0,0.06448054313659668
53.0,15.0,15.0,0.050206899642944336
27.0,7.0,7.0,0.028665781021118164
20.0,6.0,6.0,0.02052783966064453
42.0,9.0,9.0,0.039311885833740234
16.0,5.0,5.0,0.012548685073852539
61.0,29.0,29.0,0.06120038032531738
108.0,34.0,34.0,0.09325003623962402
37.0,9.0,9.0,0.03358912467956543
37.0,14.0,14.0,0.03229928016662598
29.0,3.0,3.0,0.024677038192749023
18.0,8.0,8.0,0.019893407821655273
65.0,20.0,20.0,0.05815720558166504
76.0,27.0,27.0,0.0667719841003418
133.0,25.0,25.0,0.13357067108154297
128.0,42.0,42.0,0.11329340934753418
48.0,17.0,17.0,0.04304337501525879
28.0,10.0,10.0,0.023621797561645508
46.0,20.0,20.0,0.04151654243469238
70.0,19.0,19.0,0.05498003959655762
51.0,16.0,16.0,0.039888620376586914
30.0,10.0,10.0,0.02252817153930664
26.0,7.0,7.0,0.03177285194396973
27.0,7.0,7.0,0.021352529525756836
42.0,11.0,11.0,0.03372073173522949
13.0,2.0,2.0,0.014050960540771484
32.0,21.0,21.0,0.03570723533630371
25.0,10.0,10.0,0.02182316780090332
91.0,18.0,18.0,0.08236169815063477
42.0,9.0,9.0,0.03388500213623047
69.0,17.0,17.0,0.054898738861083984
38.0,12.0,12.0,0.031926870346069336
38.0,12.0,12.0,0.038367271423339844
38.0,11.0,11.0,0.03421902656555176
43.0,9.0,9.0,0.036060333251953125
43.0,24.0,24.0,0.03919482231140137
43.0,28.0,28.0,0.02893805503845215
31.0,8.0,8.0,0.021586894989013672
47.0,10.0,10.0,0.06805157661437988
62.0,9.0,9.0,0.09374046325683594
64.0,17.0,17.0,0.08508729934692383
57.0,27.0,27.0,0.06905412673950195
40.0,10.0,10.0,0.03458261489868164
25.0,10.0,10.0,0.01984238624572754
55.0,14.0,14.0,0.04860401153564453
83.0,16.0,16.0,0.06922435760498047
36.0,10.0,10.0,0.029396533966064453
29.0,10.0,10.0,0.027225017547607422
44.0,15.0,15.0,0.03786635398864746
21.0,7.0,7.0,0.018076181411743164
31.0,10.0,10.0,0.027693986892700195
21.0,9.0,9.0,0.02135753631591797
27.0,14.0,14.0,0.02623724937438965
36.0,11.0,11.0,0.030850648880004883
61.0,2.0,2.0,0.05598878860473633
45.0,9.0,9.0,0.04257988929748535
19.0,5.0,5.0,0.014292716979980469
34.0,9.0,9.0,0.024013519287109375
53.0,11.0,11.0,0.046402692794799805
51.0,12.0,12.0,0.04691743850708008
72.0,24.0,24.0,0.062036991119384766
32.0,11.0,11.0,0.029407501220703125
21.0,10.0,10.0,0.021684646606445312
40.0,20.0,20.0,0.03426933288574219
33.0,16.0,16.0,0.03155684471130371
67.0,17.0,17.0,0.06086874008178711
20.0,9.0,9.0,0.014465570449829102
20.0,4.0,4.0,0.018229961395263672
79.0,20.0,20.0,0.0617985725402832
90.0,32.0,32.0,0.07698941230773926
26.0,10.0,10.0,0.022174358367919922
31.0,10.0,10.0,0.032389163970947266
64.0,17.0,17.0,0.05849862098693848
63.0,28.0,28.0,0.06685280799865723
76.0,19.0,19.0,0.06833004951477051
56.0,11.0,11.0,0.056493520736694336
89.0,27.0,27.0,0.06638121604919434
26.0,6.0,6.0,0.022575855255126953
37.0,14.0,14.0,0.028234481811523438
20.0,4.0,4.0,0.012252569198608398
86.0,27.0,27.0,0.06007122993469238
25.0,11.0,11.0,0.017957687377929688
21.0,10.0,10.0,0.018680572509765625
28.0,12.0,12.0,0.02104806900024414
41.0,12.0,12.0,0.028443098068237305
95.0,17.0,17.0,0.07138872146606445
30.0,12.0,12.0,0.022309064865112305
114.0,36.0,36.0,0.09487175941467285
19.0,6.0,6.0,0.012061119079589844
33.0,9.0,9.0,0.025269508361816406
32.0,6.0,6.0,0.02280116081237793
47.0,17.0,17.0,0.03479623794555664
98.0,23.0,23.0,0.09190797805786133
146.0,35.0,35.0,0.1225433349609375
192.0,45.0,45.0,0.16476058959960938
61.0,11.0,11.0,0.05444622039794922
23.0,8.0,8.0,0.019622325897216797
45.0,19.0,19.0,0.03977155685424805
86.0,22.0,22.0,0.06765890121459961
74.0,19.0,19.0,0.06111645698547363
26.0,8.0,8.0,0.02684760093688965
44.0,21.0,21.0,0.042935848236083984
21.0,8.0,8.0,0.02559208869934082
24.0,7.0,7.0,0.018032073974609375
31.0,14.0,14.0,0.024357318878173828
32.0,12.0,12.0,0.031752824783325195
55.0,8.0,8.0,0.04688405990600586
27.0,11.0,11.0,0.024950742721557617
34.0,17.0,17.0,0.025265932083129883
36.0,18.0,18.0,0.030231714248657227
38.0,12.0,12.0,0.03526735305786133
16.0,4.0,4.0,0.01534724235534668
24.0,4.0,4.0,0.02742147445678711
55.0,10.0,10.0,0.05634331703186035
19.0,7.0,7.0,0.020285844802856445
25.0,9.0,9.0,0.01891493797302246
23.0,11.0,11.0,0.020810365676879883
24.0,13.0,13.0,0.020596027374267578
64.0,19.0,19.0,0.04919028282165527
24.0,9.0,9.0,0.02386188507080078
27.0,12.0,12.0,0.025896310806274414
25.0,12.0,12.0,0.023411989212036133
14.0,3.0,3.0,0.016408681869506836
32.0,18.0,18.0,0.0310366153717041
42.0,11.0,11.0,0.04623913764953613
47.0,11.0,11.0,0.04111981391906738
31.0,5.0,5.0,0.026851892471313477
136.0,22.0,22.0,0.12205362319946289
79.0,23.0,23.0,0.0782012939453125
53.0,10.0,10.0,0.05383872985839844
36.0,6.0,6.0,0.04082536697387695
21.0,6.0,6.0,0.02172231674194336
27.0,13.0,13.0,0.020072460174560547
20.0,7.0,7.0,0.016831398010253906
80.0,18.0,18.0,0.06886816024780273
97.0,32.0,32.0,0.08757233619689941
50.0,16.0,16.0,0.038951873779296875
114.0,26.0,26.0,0.08498787879943848
45.0,19.0,19.0,0.04154157638549805
107.0,23.0,23.0,0.11550068855285645
87.0,36.0,36.0,0.08606481552124023
29.0,12.0,12.0,0.033048152923583984
37.0,17.0,17.0,0.03673505783081055
59.0,18.0,18.0,0.05872058868408203
66.0,17.0,17.0,0.06126666069030762
32.0,10.0,10.0,0.028288841247558594
131.0,27.0,27.0,0.10283350944519043
29.0,5.0,5.0,0.02534198760986328
56.0,11.0,11.0,0.04897260665893555
104.0,28.0,28.0,0.08606767654418945
66.0,7.0,7.0,0.052712202072143555
19.0,6.0,6.0,0.014578580856323242
37.0,14.0,14.0,0.025112628936767578
186.0,39.0,39.0,0.14710330963134766
42.0,11.0,11.0,0.02618694305419922
156.0,49.0,49.0,0.11889219284057617
99.0,20.0,20.0,0.08476829528808594
102.0,34.0,34.0,0.07703304290771484
43.0,18.0,18.0,0.03252577781677246
29.0,14.0,14.0,0.022195816040039062
27.0,9.0,9.0,0.02125716209411621
46.0,14.0,14.0,0.04913616180419922
23.0,2.0,2.0,0.01806020736694336
41.0,12.0,12.0,0.031889915466308594
25.0,13.0,13.0,0.021852970123291016
30.0,7.0,7.0,0.02319622039794922
71.0,16.0,16.0,0.06831240653991699
77.0,23.0,23.0,0.06010031700134277
35.0,18.0,18.0,0.03729128837585449
35.0,10.0,10.0,0.032552242279052734
69.0,18.0,18.0,0.05982184410095215
59.0,12.0,12.0,0.0538325309753418
71.0,16.0,16.0,0.06599164009094238
27.0,15.0,15.0,0.02618241310119629
31.0,11.0,11.0,0.03568458557128906
83.0,14.0,14.0,0.07306170463562012
77.0,25.0,25.0,0.06801080703735352
72.0,32.0,32.0,0.06812572479248047
20.0,10.0,10.0,0.01665973663330078
32.0,12.0,12.0,0.026602745056152344
19.0,6.0,6.0,0.016019821166992188
34.0,10.0,10.0,0.037372589111328125
29.0,16.0,16.0,0.03279852867126465
29.0,11.0,11.0,0.032440185546875
84.0,15.0,15.0,0.08613181114196777
34.0,18.0,18.0,0.03786969184875488
19.0,6.0,6.0,0.016196489334106445
46.0,20.0,20.0,0.05224013328552246
23.0,11.0,11.0,0.026576995849609375
33.0,10.0,10.0,0.029585838317871094
82.0,19.0,19.0,0.09648895263671875
96.0,25.0,25.0,0.09748125076293945
36.0,7.0,7.0,0.039163827896118164
26.0,3.0,3.0,0.023165464401245117
101.0,15.0,15.0,0.0977027416229248
99.0,25.0,25.0,0.09810972213745117
53.0,15.0,15.0,0.05814838409423828
38.0,13.0,13.0,0.03697013854980469
76.0,23.0,23.0,0.07404327392578125
35.0,8.0,8.0,0.03246712684631348
74.0,20.0,20.0,0.06521201133728027
17.0,7.0,7.0,0.013530492782592773
151.0,49.0,49.0,0.14171671867370605
46.0,22.0,22.0,0.04367256164550781
35.0,10.0,10.0,0.028440237045288086
83.0,23.0,23.0,0.08103251457214355
20.0,8.0,8.0,0.01454782485961914
32.0,3.0,3.0,0.03713512420654297
32.0,11.0,11.0,0.03044414520263672
123.0,37.0,37.0,0.12447309494018555
30.0,13.0,13.0,0.03219413757324219
97.0,21.0,21.0,0.08769822120666504
39.0,13.0,13.0,0.03140687942504883
29.0,11.0,11.0,0.02219557762145996
83.0,27.0,27.0,0.07880496978759766
109.0,40.0,40.0,0.09885644912719727
16.0,5.0,5.0,0.012892484664916992
52.0,17.0,17.0,0.0639650821685791
21.0,9.0,9.0,0.020168781280517578
43.0,21.0,21.0,0.034430742263793945
69.0,15.0,15.0,0.05537986755371094
164.0,34.0,34.0,0.16406941413879395
79.0,22.0,22.0,0.07804727554321289
101.0,31.0,31.0,0.09668111801147461
120.0,30.0,30.0,0.10992622375488281
130.0,29.0,29.0,0.1360154151916504
47.0,14.0,14.0,0.04099225997924805
66.0,24.0,24.0,0.05881905555725098
37.0,15.0,15.0,0.021491050720214844
20.0,7.0,7.0,0.019556045532226562
89.0,21.0,21.0,0.06764698028564453
17.0,6.0,6.0,0.017230510711669922
30.0,4.0,4.0,0.0256803035736084
65.0,26.0,26.0,0.0615692138671875
20.0,5.0,5.0,0.01775527000427246
42.0,18.0,18.0,0.031200885772705078
22.0,6.0,6.0,0.018998146057128906
22.0,9.0,9.0,0.016838788986206055
85.0,15.0,15.0,0.07420778274536133
22.0,12.0,12.0,0.0200803279876709
32.0,13.0,13.0,0.029852867126464844
56.0,12.0,12.0,0.046257734298706055
17.0,5.0,5.0,0.0125274658203125
39.0,14.0,14.0,0.03275704383850098
52.0,17.0,17.0,0.04987478256225586
72.0,23.0,23.0,0.06863808631896973
112.0,27.0,27.0,0.08768129348754883
27.0,15.0,15.0,0.022324323654174805
38.0,16.0,16.0,0.037549734115600586
58.0,16.0,16.0,0.04992222785949707
95.0,20.0,20.0,0.08375406265258789
29.0,8.0,8.0,0.02523517608642578
54.0,13.0,13.0,0.04848361015319824
69.0,16.0,16.0,0.06648659706115723
114.0,22.0,22.0,0.10201430320739746
62.0,23.0,23.0,0.06047487258911133
97.0,28.0,28.0,0.09562444686889648
31.0,11.0,11.0,0.02947688102722168
61.0,12.0,12.0,0.054592132568359375
85.0,22.0,22.0,0.07589864730834961
32.0,11.0,11.0,0.031021833419799805
21.0,7.0,7.0,0.020577430725097656
43.0,12.0,12.0,0.04185056686401367
30.0,9.0,9.0,0.03650212287902832
83.0,34.0,34.0,0.0859222412109375
27.0,7.0,7.0,0.02504587173461914
87.0,22.0,22.0,0.10369229316711426
24.0,6.0,6.0,0.021384000778198242
22.0,6.0,6.0,0.022632360458374023
19.0,6.0,6.0,0.014785289764404297
38.0,15.0,15.0,0.03722858428955078
21.0,5.0,5.0,0.019376516342163086
28.0,6.0,6.0,0.030634641647338867
28.0,13.0,13.0,0.03244328498840332
139.0,26.0,26.0,0.15310907363891602
73.0,23.0,23.0,0.08045387268066406
135.0,28.0,28.0,0.12903976440429688
15.0,4.0,4.0,0.015895605087280273
77.0,17.0,17.0,0.08123373985290527
20.0,8.0,8.0,0.017962217330932617
30.0,15.0,15.0,0.031073331832885742
63.0,23.0,23.0,0.062377214431762695
47.0,5.0,5.0,0.05607128143310547
32.0,6.0,6.0,0.03084588050842285
39.0,11.0,11.0,0.04289412498474121
20.0,7.0,7.0,0.020432710647583008
39.0,11.0,11.0,0.04105067253112793
30.0,6.0,6.0,0.035104990005493164
28.0,6.0,6.0,0.029456615447998047
21.0,9.0,9.0,0.01625514030456543
85.0,18.0,18.0,0.08145856857299805
27.0,9.0,9.0,0.02327704429626465
24.0,13.0,13.0,0.02629709243774414
31.0,11.0,11.0,0.03180193901062012
40.0,11.0,11.0,0.04329085350036621
23.0,8.0,8.0,0.022876977920532227
23.0,7.0,7.0,0.028489112854003906
79.0,27.0,27.0,0.08921647071838379
80.0,22.0,22.0,0.08329486846923828
117.0,32.0,32.0,0.12551045417785645
15.0,3.0,3.0,0.017477989196777344
82.0,21.0,21.0,0.08093380928039551
144.0,27.0,27.0,0.1336827278137207
30.0,6.0,6.0,0.029967069625854492
31.0,11.0,11.0,0.030095815658569336
49.0,17.0,17.0,0.04686117172241211
52.0,17.0,17.0,0.06103157997131348
40.0,12.0,12.0,0.04806828498840332
18.0,7.0,7.0,0.02276897430419922
32.0,13.0,13.0,0.03459763526916504
21.0,7.0,7.0,0.021473169326782227
50.0,14.0,14.0,0.05596208572387695
33.0,12.0,12.0,0.03314638137817383
87.0,21.0,21.0,0.12809395790100098
91.0,13.0,13.0,0.08133816719055176
27.0,8.0,8.0,0.026869535446166992
78.0,15.0,15.0,0.0685722827911377
137.0,24.0,24.0,0.1295173168182373
69.0,27.0,27.0,0.06219601631164551
71.0,19.0,19.0,0.06754803657531738
38.0,16.0,16.0,0.04072856903076172
115.0,22.0,22.0,0.1077735424041748
63.0,15.0,15.0,0.06287455558776855
21.0,6.0,6.0,0.024788856506347656
22.0,9.0,9.0,0.029013872146606445
62.0,16.0,16.0,0.08457159996032715
55.0,11.0,11.0,0.05882740020751953
26.0,8.0,8.0,0.03319883346557617
61.0,24.0,24.0,0.06503629684448242
26.0,12.0,12.0,0.0246279239654541
71.0,24.0,24.0,0.06718230247497559
33.0,13.0,13.0,0.031937360763549805
66.0,10.0,10.0,0.06772422790527344
17.0,6.0,6.0,0.02230095863342285
19.0,8.0,8.0,0.016004085540771484
64.0,22.0,22.0,0.06368064880371094
54.0,18.0,18.0,0.054314613342285156
18.0,5.0,5.0,0.011972904205322266
69.0,11.0,11.0,0.06703567504882812
36.0,15.0,15.0,0.027691364288330078
88.0,20.0,20.0,0.08761167526245117
29.0,17.0,17.0,0.030984878540039062
80.0,26.0,26.0,0.0919044017791748
37.0,15.0,15.0,0.03580284118652344
90.0,29.0,29.0,0.09238743782043457
16.0,5.0,5.0,0.011852264404296875
164.0,36.0,36.0,0.16641902923583984
100.0,26.0,26.0,0.09029030799865723
50.0,15.0,15.0,0.04879403114318848
48.0,17.0,17.0,0.038350820541381836
22.0,12.0,12.0,0.01671004295349121
37.0,10.0,10.0,0.030744075775146484
36.0,7.0,7.0,0.03131747245788574
59.0,19.0,19.0,0.048200368881225586
79.0,20.0,20.0,0.05997276306152344
39.0,14.0,14.0,0.03340744972229004
80.0,24.0,24.0,0.07358360290527344
23.0,3.0,3.0,0.017497539520263672
77.0,30.0,30.0,0.06834149360656738
29.0,9.0,9.0,0.020574331283569336
19.0,5.0,5.0,0.013672590255737305
35.0,10.0,10.0,0.033690452575683594
52.0,21.0,21.0,0.04383039474487305
20.0,5.0,5.0,0.01766800880432129
50.0,25.0,25.0,0.05346179008483887
30.0,19.0,19.0,0.0288698673248291
82.0,14.0,14.0,0.07323265075683594
42.0,14.0,14.0,0.030918359756469727
22.0,8.0,8.0,0.02407670021057129
135.0,37.0,37.0,0.11870837211608887
60.0,16.0,16.0,0.05428051948547363
88.0,18.0,18.0,0.0959625244140625
209.0,35.0,35.0,0.19086003303527832
35.0,9.0,9.0,0.026932716369628906
61.0,26.0,26.0,0.053236961364746094
183.0,56.0,56.0,0.1650865077972412
48.0,15.0,15.0,0.03937196731567383
59.0,21.0,21.0,0.06152629852294922
22.0,7.0,7.0,0.025495290756225586
177.0,54.0,54.0,0.14716625213623047
19.0,4.0,4.0,0.014550209045410156
48.0,18.0,18.0,0.04815793037414551
46.0,19.0,19.0,0.041594743728637695
88.0,23.0,23.0,0.06465268135070801
41.0,18.0,18.0,0.042438507080078125
30.0,13.0,13.0,0.027208805084228516
64.0,13.0,13.0,0.06264543533325195
19.0,7.0,7.0,0.015562772750854492
27.0,10.0,10.0,0.026967525482177734
33.0,13.0,13.0,0.0336909294128418
26.0,7.0,7.0,0.02718186378479004
65.0,13.0,13.0,0.05652928352355957
122.0,40.0,40.0,0.10574674606323242
26.0,9.0,9.0,0.028595685958862305
21.0,8.0,8.0,0.014355659484863281
33.0,11.0,11.0,0.03377175331115723
118.0,26.0,26.0,0.09249329566955566
171.0,29.0,29.0,0.18364477157592773
52.0,22.0,22.0,0.040018320083618164
65.0,31.0,31.0,0.05948328971862793
36.0,6.0,6.0,0.03626823425292969
66.0,20.0,20.0,0.07522821426391602
20.0,6.0,6.0,0.01297450065612793
139.0,33.0,33.0,0.1494743824005127
36.0,14.0,14.0,0.0315089225769043
16.0,5.0,5.0,0.017580747604370117
19.0,7.0,7.0,0.015763282775878906
33.0,14.0,14.0,0.030010223388671875
48.0,17.0,17.0,0.033132314682006836
48.0,12.0,12.0,0.035823822021484375
60.0,21.0,21.0,0.04959392547607422
38.0,12.0,12.0,0.03023695945739746
45.0,11.0,11.0,0.039522409439086914
56.0,15.0,15.0,0.064422607421875
14.0,3.0,3.0,0.014805078506469727
35.0,18.0,18.0,0.030691146850585938
182.0,37.0,37.0,0.16525840759277344
55.0,21.0,21.0,0.04886317253112793
16.0,4.0,4.0,0.012639999389648438
56.0,14.0,14.0,0.04345059394836426
220.0,45.0,45.0,0.20165681838989258
45.0,20.0,20.0,0.04412078857421875
67.0,23.0,23.0,0.05674409866333008
25.0,10.0,10.0,0.017545700073242188
26.0,12.0,12.0,0.031131267547607422
77.0,16.0,16.0,0.07765531539916992
30.0,8.0,8.0,0.03736281394958496
36.0,12.0,12.0,0.04029726982116699
105.0,28.0,28.0,0.11741209030151367
31.0,8.0,8.0,0.027796268463134766
50.0,11.0,11.0,0.04215407371520996
123.0,36.0,36.0,0.09800219535827637
31.0,11.0,11.0,0.02862858772277832
50.0,13.0,13.0,0.04379415512084961
17.0,6.0,6.0,0.013776063919067383
53.0,17.0,17.0,0.04339885711669922
16.0,4.0,4.0,0.02056717872619629
38.0,17.0,17.0,0.02204298973083496
31.0,11.0,11.0,0.0362858772277832
58.0,17.0,17.0,0.0515594482421875
33.0,8.0,8.0,0.02883458137512207
38.0,14.0,14.0,0.031861066818237305
19.0,4.0,4.0,0.018305540084838867
77.0,14.0,14.0,0.07408452033996582
85.0,13.0,13.0,0.08615636825561523
25.0,7.0,7.0,0.02282261848449707
178.0,39.0,39.0,0.14564180374145508
24.0,11.0,11.0,0.023468494415283203
34.0,12.0,12.0,0.03126931190490723
62.0,35.0,35.0,0.06151723861694336
19.0,6.0,6.0,0.016529083251953125
75.0,20.0,20.0,0.0709378719329834
18.0,6.0,6.0,0.015328645706176758
86.0,16.0,16.0,0.07728052139282227
22.0,10.0,10.0,0.019960403442382812
26.0,8.0,8.0,0.02045297622680664
26.0,14.0,14.0,0.027359485626220703
27.0,12.0,12.0,0.026508808135986328
38.0,13.0,13.0,0.032567739486694336
27.0,9.0,9.0,0.023654699325561523
31.0,10.0,10.0,0.02365255355834961
28.0,10.0,10.0,0.021120786666870117
22.0,10.0,10.0,0.02267003059387207
37.0,11.0,11.0,0.03507733345031738
28.0,5.0,5.0,0.02849888801574707
137.0,37.0,37.0,0.12738037109375
22.0,9.0,9.0,0.01923060417175293
26.0,7.0,7.0,0.023133516311645508
63.0,22.0,22.0,0.05715227127075195
21.0,6.0,6.0,0.022333383560180664
47.0,18.0,18.0,0.04706573486328125
21.0,9.0,9.0,0.018377065658569336
24.0,8.0,8.0,0.025125503540039062
53.0,16.0,16.0,0.05128049850463867
35.0,12.0,12.0,0.029686450958251953
59.0,15.0,15.0,0.05335116386413574
80.0,22.0,22.0,0.08271050453186035
18.0,6.0,6.0,0.014821529388427734
59.0,17.0,17.0,0.056603431701660156
55.0,11.0,11.0,0.052533864974975586
74.0,26.0,26.0,0.07272696495056152
21.0,5.0,5.0,0.013090848922729492
53.0,13.0,13.0,0.03935861587524414
53.0,18.0,18.0,0.04004478454589844
59.0,20.0,20.0,0.04258227348327637
83.0,26.0,26.0,0.060649871826171875
28.0,11.0,11.0,0.021344661712646484
121.0,30.0,30.0,0.1035158634185791
52.0,32.0,32.0,0.04628443717956543
58.0,14.0,14.0,0.05526256561279297
50.0,19.0,19.0,0.03701949119567871
72.0,19.0,19.0,0.05104851722717285
23.0,10.0,10.0,0.012648820877075195
21.0,9.0,9.0,0.017698049545288086
31.0,13.0,13.0,0.029634714126586914
70.0,20.0,20.0,0.06151747703552246
36.0,11.0,11.0,0.028723478317260742
94.0,25.0,25.0,0.07696819305419922
43.0,16.0,16.0,0.029099702835083008
42.0,14.0,14.0,0.04596543312072754
134.0,33.0,33.0,0.12253904342651367
24.0,11.0,11.0,0.01941847801208496
81.0,29.0,29.0,0.061075687408447266
31.0,9.0,9.0,0.024270057678222656
57.0,7.0,7.0,0.04309654235839844
59.0,16.0,16.0,0.04566192626953125
29.0,14.0,14.0,0.02350616455078125
63.0,21.0,21.0,0.04744982719421387
54.0,17.0,17.0,0.046436309814453125
112.0,24.0,24.0,0.08042740821838379
61.0,17.0,17.0,0.040778160095214844
23.0,6.0,6.0,0.01818990707397461
23.0,10.0,10.0,0.02532339096069336
62.0,11.0,11.0,0.04658627510070801
121.0,39.0,39.0,0.10524845123291016
53.0,16.0,16.0,0.04442715644836426
97.0,31.0,31.0,0.07863950729370117
34.0,11.0,11.0,0.029219865798950195
53.0,10.0,10.0,0.04198455810546875
31.0,15.0,15.0,0.02905893325805664
31.0,10.0,10.0,0.023128271102905273
50.0,9.0,9.0,0.04496622085571289
69.0,16.0,16.0,0.07912635803222656
64.0,25.0,25.0,0.07417440414428711
54.0,30.0,30.0,0.05750560760498047
17.0,6.0,6.0,0.022394657135009766
111.0,27.0,27.0,0.10439109802246094
30.0,12.0,12.0,0.02496170997619629
77.0,18.0,18.0,0.06930661201477051
82.0,27.0,27.0,0.06607556343078613
37.0,13.0,13.0,0.031725406646728516
43.0,12.0,12.0,0.03869771957397461
100.0,31.0,31.0,0.08829951286315918
90.0,22.0,22.0,0.07260918617248535
17.0,5.0,5.0,0.011257171630859375
79.0,25.0,25.0,0.06152844429016113
117.0,32.0,32.0,0.11184382438659668
22.0,7.0,7.0,0.0232236385345459
115.0,31.0,31.0,0.09907388687133789
60.0,20.0,20.0,0.05367136001586914
75.0,19.0,19.0,0.0642080307006836
61.0,12.0,12.0,0.05901670455932617
26.0,9.0,9.0,0.023453712463378906
128.0,35.0,35.0,0.12395739555358887
22.0,10.0,10.0,0.02802300453186035
83.0,22.0,22.0,0.07950186729431152
48.0,9.0,9.0,0.03671765327453613
90.0,19.0,19.0,0.0826714038848877
137.0,31.0,31.0,0.13802218437194824
34.0,15.0,15.0,0.03221726417541504
52.0,13.0,13.0,0.0576777458190918
20.0,7.0,7.0,0.020226001739501953
22.0,10.0,10.0,0.02031540870666504
97.0,21.0,21.0,0.08401226997375488
94.0,18.0,18.0,0.0831456184387207
36.0,14.0,14.0,0.035204410552978516
31.0,10.0,10.0,0.026444435119628906
17.0,5.0,5.0,0.017221927642822266
37.0,15.0,15.0,0.034067630767822266
62.0,17.0,17.0,0.06313276290893555
34.0,9.0,9.0,0.035874366760253906
36.0,11.0,11.0,0.03714132308959961
26.0,10.0,10.0,0.02497124671936035
31.0,7.0,7.0,0.027256250381469727
25.0,7.0,7.0,0.0170595645904541
28.0,10.0,10.0,0.026098012924194336
33.0,14.0,14.0,0.03673505783081055
30.0,6.0,6.0,0.03152656555175781
67.0,15.0,15.0,0.06427240371704102
24.0,9.0,9.0,0.019741535186767578
62.0,15.0,15.0,0.062299251556396484
120.0,18.0,18.0,0.10512566566467285
54.0,21.0,21.0,0.04622983932495117
76.0,19.0,19.0,0.06316089630126953
23.0,12.0,12.0,0.022585630416870117
23.0,7.0,7.0,0.020386219024658203
152.0,34.0,34.0,0.10537981986999512
30.0,7.0,7.0,0.025254249572753906
76.0,21.0,21.0,0.0673074722290039
142.0,30.0,30.0,0.12246465682983398
107.0,35.0,35.0,0.09548783302307129
38.0,6.0,6.0,0.03681230545043945
74.0,23.0,23.0,0.06068992614746094
47.0,27.0,27.0,0.03750133514404297
32.0,7.0,7.0,0.03168988227844238
45.0,11.0,11.0,0.04280686378479004
71.0,26.0,26.0,0.0686342716217041
36.0,15.0,15.0,0.035733699798583984
117.0,26.0,26.0,0.09781742095947266
110.0,20.0,20.0,0.10445332527160645
33.0,10.0,10.0,0.03028273582458496
67.0,17.0,17.0,0.05990242958068848
17.0,2.0,2.0,0.01982593536376953
23.0,10.0,10.0,0.022584199905395508
64.0,14.0,14.0,0.04827284812927246
36.0,5.0,5.0,0.03541707992553711
37.0,13.0,13.0,0.030623197555541992
36.0,20.0,20.0,0.03781414031982422
51.0,13.0,13.0,0.051195621490478516
22.0,9.0,9.0,0.017570018768310547
46.0,14.0,14.0,0.03510880470275879
42.0,30.0,30.0,0.04404735565185547
111.0,27.0,27.0,0.08684253692626953
44.0,18.0,18.0,0.04296302795410156
57.0,25.0,25.0,0.06184720993041992
42.0,9.0,9.0,0.04433608055114746
31.0,15.0,15.0,0.026592731475830078
43.0,10.0,10.0,0.040996551513671875
24.0,13.0,13.0,0.015630245208740234
34.0,8.0,8.0,0.029396772384643555
36.0,10.0,10.0,0.03865480422973633
35.0,11.0,11.0,0.0297696590423584
85.0,16.0,16.0,0.07166147232055664
92.0,16.0,16.0,0.06745243072509766
120.0,24.0,24.0,0.10727357864379883
62.0,12.0,12.0,0.05030107498168945
28.0,17.0,17.0,0.03168034553527832
40.0,8.0,8.0,0.03491473197937012
50.0,22.0,22.0,0.053769588470458984
48.0,20.0,20.0,0.048203468322753906
109.0,40.0,40.0,0.09478044509887695
45.0,11.0,11.0,0.039171457290649414
107.0,24.0,24.0,0.10579562187194824
75.0,13.0,13.0,0.0705559253692627
34.0,11.0,11.0,0.04045510292053223
32.0,10.0,10.0,0.030721664428710938
43.0,11.0,11.0,0.049165964126586914
68.0,14.0,14.0,0.0649561882019043
174.0,42.0,42.0,0.16798090934753418
51.0,20.0,20.0,0.04374861717224121
15.0,4.0,4.0,0.015444278717041016
103.0,34.0,34.0,0.10240554809570312
61.0,17.0,17.0,0.05599331855773926
24.0,13.0,13.0,0.02210402488708496
18.0,6.0,6.0,0.017592430114746094
23.0,9.0,9.0,0.01904773712158203
41.0,8.0,8.0,0.03967857360839844
34.0,14.0,14.0,0.029353857040405273
155.0,57.0,57.0,0.13821792602539062
56.0,9.0,9.0,0.05128955841064453
61.0,25.0,25.0,0.056584835052490234
22.0,11.0,11.0,0.014425516128540039
56.0,17.0,17.0,0.054322004318237305
45.0,9.0,9.0,0.03504586219787598
45.0,9.0,9.0,0.0376896858215332
17.0,5.0,5.0,0.016759395599365234
30.0,9.0,9.0,0.030077457427978516
25.0,10.0,10.0,0.02876734733581543
100.0,29.0,29.0,0.09556007385253906
133.0,21.0,21.0,0.12458181381225586
49.0,10.0,10.0,0.04720187187194824
44.0,16.0,16.0,0.03176116943359375
64.0,26.0,26.0,0.05435466766357422
20.0,5.0,5.0,0.020003795623779297
70.0,11.0,11.0,0.05572342872619629
40.0,11.0,11.0,0.03825807571411133
100.0,22.0,22.0,0.08386540412902832
82.0,25.0,25.0,0.07034826278686523
54.0,23.0,23.0,0.04583930969238281
30.0,18.0,18.0,0.023056507110595703
23.0,11.0,11.0,0.018062353134155273
29.0,10.0,10.0,0.023295879364013672
30.0,7.0,7.0,0.025928974151611328
21.0,6.0,6.0,0.01606440544128418
61.0,10.0,10.0,0.04870247840881348
19.0,7.0,7.0,0.017847776412963867
100.0,18.0,18.0,0.07909703254699707
178.0,48.0,48.0,0.15886998176574707
43.0,20.0,20.0,0.02983260154724121
37.0,10.0,10.0,0.032462358474731445
27.0,10.0,10.0,0.024382352828979492
33.0,13.0,13.0,0.022665977478027344
55.0,18.0,18.0,0.05606818199157715
70.0,12.0,12.0,0.06429743766784668
69.0,11.0,11.0,0.05767560005187988
56.0,27.0,27.0,0.04881405830383301
29.0,7.0,7.0,0.026032686233520508
42.0,15.0,15.0,0.032457828521728516
57.0,13.0,13.0,0.04082751274108887
85.0,27.0,27.0,0.07054495811462402
25.0,1.0,1.0,0.01720595359802246
35.0,8.0,8.0,0.03805851936340332
45.0,26.0,26.0,0.03831887245178223
93.0,18.0,18.0,0.08039164543151855
35.0,13.0,13.0,0.025136709213256836
32.0,15.0,15.0,0.03300619125366211
28.0,8.0,8.0,0.024828672409057617
28.0,9.0,9.0,0.032526493072509766
155.0,45.0,45.0,0.15438175201416016
31.0,6.0,6.0,0.029524564743041992
30.0,8.0,8.0,0.03234720230102539
35.0,6.0,6.0,0.042415618896484375
43.0,6.0,6.0,0.05105018615722656
71.0,19.0,19.0,0.08563494682312012
40.0,5.0,5.0,0.04748368263244629
21.0,9.0,9.0,0.024097442626953125
17.0,6.0,6.0,0.020983457565307617
34.0,10.0,10.0,0.03223061561584473
45.0,16.0,16.0,0.04353451728820801
22.0,5.0,5.0,0.02426314353942871
98.0,32.0,32.0,0.09288549423217773
25.0,7.0,7.0,0.021090984344482422
116.0,32.0,32.0,0.09583497047424316
22.0,12.0,12.0,0.022641897201538086
84.0,26.0,26.0,0.0747687816619873
22.0,10.0,10.0,0.013644695281982422
27.0,9.0,9.0,0.030704498291015625
31.0,10.0,10.0,0.03089761734008789
55.0,22.0,22.0,0.048735857009887695
63.0,23.0,23.0,0.06806659698486328
35.0,6.0,6.0,0.03412938117980957
35.0,5.0,5.0,0.034612178802490234
24.0,10.0,10.0,0.025783538818359375
74.0,21.0,21.0,0.07063841819763184
85.0,19.0,19.0,0.0671243667602539
118.0,42.0,42.0,0.10808944702148438
112.0,21.0,21.0,0.10091090202331543
25.0,13.0,13.0,0.019438982009887695
77.0,23.0,23.0,0.07593607902526855
20.0,5.0,5.0,0.013140678405761719
47.0,16.0,16.0,0.03919696807861328
137.0,29.0,29.0,0.11812400817871094
16.0,5.0,5.0,0.012796640396118164
30.0,10.0,10.0,0.023384809494018555
34.0,10.0,10.0,0.02821063995361328
20.0,8.0,8.0,0.018040895462036133
26.0,10.0,10.0,0.024156570434570312
42.0,17.0,17.0,0.03490400314331055
54.0,16.0,16.0,0.0446321964263916
35.0,7.0,7.0,0.02672719955444336
43.0,12.0,12.0,0.047803640365600586
49.0,24.0,24.0,0.03615427017211914
24.0,8.0,8.0,0.01952505111694336
16.0,5.0,5.0,0.012727975845336914
25.0,14.0,14.0,0.017748594284057617
64.0,16.0,16.0,0.044422149658203125
84.0,16.0,16.0,0.06688404083251953
33.0,6.0,6.0,0.02973794937133789
28.0,7.0,7.0,0.022500038146972656
21.0,9.0,9.0,0.025374889373779297
21.0,6.0,6.0,0.018964767456054688
45.0,16.0,16.0,0.034981727600097656
63.0,23.0,23.0,0.05555295944213867
45.0,15.0,15.0,0.04193425178527832
44.0,6.0,6.0,0.03856825828552246
54.0,22.0,22.0,0.048581838607788086
19.0,6.0,6.0,0.02387261390686035
40.0,15.0,15.0,0.03299069404602051
26.0,10.0,10.0,0.02770829200744629
80.0,13.0,13.0,0.056745290756225586
33.0,17.0,17.0,0.03000330924987793
26.0,10.0,10.0,0.026337862014770508
56.0,22.0,22.0,0.045365333557128906
91.0,19.0,19.0,0.0795893669128418
27.0,13.0,13.0,0.0303647518157959
54.0,16.0,16.0,0.045469045639038086
37.0,15.0,15.0,0.03259086608886719
19.0,8.0,8.0,0.016751766204833984
124.0,36.0,36.0,0.09955787658691406
127.0,36.0,36.0,0.13075995445251465
123.0,33.0,33.0,0.09678459167480469
74.0,14.0,14.0,0.07242393493652344
21.0,10.0,10.0,0.02192997932434082
26.0,9.0,9.0,0.025891542434692383
17.0,4.0,4.0,0.015009164810180664
36.0,11.0,11.0,0.03555011749267578
78.0,12.0,12.0,0.06801080703735352
27.0,11.0,11.0,0.019237041473388672
45.0,7.0,7.0,0.04697275161743164
61.0,11.0,11.0,0.04706549644470215
46.0,14.0,14.0,0.04194760322570801
37.0,6.0,6.0,0.0359952449798584
49.0,14.0,14.0,0.04410219192504883
23.0,7.0,7.0,0.025392532348632812
40.0,14.0,14.0,0.04073905944824219
29.0,8.0,8.0,0.02374887466430664
41.0,11.0,11.0,0.029773473739624023
76.0,35.0,35.0,0.07215571403503418
45.0,8.0,8.0,0.03773665428161621
31.0,5.0,5.0,0.03058600425720215
28.0,10.0,10.0,0.021515369415283203
103.0,24.0,24.0,0.09244441986083984
44.0,9.0,9.0,0.0390012264251709
91.0,18.0,18.0,0.0827035903930664
70.0,17.0,17.0,0.057508230209350586
28.0,13.0,13.0,0.03134918212890625
50.0,13.0,13.0,0.03685736656188965
77.0,13.0,13.0,0.049478769302368164
47.0,15.0,15.0,0.04678153991699219
32.0,9.0,9.0,0.035811424255371094
91.0,21.0,21.0,0.10369205474853516
60.0,12.0,12.0,0.06125211715698242
48.0,13.0,13.0,0.04430890083312988
36.0,13.0,13.0,0.03350663185119629
19.0,8.0,8.0,0.015411853790283203
31.0,14.0,14.0,0.021575927734375
22.0,11.0,11.0,0.015050172805786133
30.0,18.0,18.0,0.03767681121826172
33.0,11.0,11.0,0.023385286331176758
21.0,9.0,9.0,0.012544631958007812
154.0,51.0,51.0,0.1471085548400879
23.0,3.0,3.0,0.02416253089904785
21.0,5.0,5.0,0.013069629669189453
54.0,23.0,23.0,0.040254831314086914
29.0,7.0,7.0,0.027239561080932617
21.0,7.0,7.0,0.021805763244628906
21.0,7.0,7.0,0.019449710845947266
29.0,14.0,14.0,0.022734403610229492
21.0,7.0,7.0,0.02149510383605957
26.0,15.0,15.0,0.027691125869750977
54.0,8.0,8.0,0.05069255828857422
49.0,18.0,18.0,0.04487109184265137
16.0,5.0,5.0,0.012158393859863281
24.0,7.0,7.0,0.021229267120361328
81.0,25.0,25.0,0.057974815368652344
86.0,28.0,28.0,0.07190942764282227
25.0,11.0,11.0,0.02004528045654297
23.0,7.0,7.0,0.018503665924072266
32.0,7.0,7.0,0.023625612258911133
26.0,9.0,9.0,0.019918203353881836
97.0,29.0,29.0,0.07082891464233398
31.0,12.0,12.0,0.027789592742919922
64.0,21.0,21.0,0.04740405082702637
19.0,6.0,6.0,0.012810230255126953
42.0,10.0,10.0,0.0334467887878418
25.0,8.0,8.0,0.019277572631835938
56.0,19.0,19.0,0.05795931816101074
50.0,12.0,12.0,0.04300880432128906
44.0,11.0,11.0,0.03652310371398926
86.0,16.0,16.0,0.07991385459899902
180.0,34.0,34.0,0.15541553497314453
18.0,5.0,5.0,0.014424562454223633
61.0,14.0,14.0,0.05072331428527832
47.0,22.0,22.0,0.03950023651123047
77.0,26.0,26.0,0.06818580627441406
31.0,12.0,12.0,0.026038646697998047
70.0,18.0,18.0,0.06388735771179199
22.0,6.0,6.0,0.022002458572387695
159.0,59.0,59.0,0.15016961097717285
32.0,13.0,13.0,0.036200761795043945
26.0,7.0,7.0,0.02820110321044922
40.0,14.0,14.0,0.03998398780822754
76.0,25.0,25.0,0.07129883766174316
35.0,12.0,12.0,0.035639047622680664
77.0,23.0,23.0,0.060690879821777344
83.0,25.0,25.0,0.08180475234985352
24.0,12.0,12.0,0.021652698516845703
41.0,18.0,18.0,0.03953838348388672
24.0,10.0,10.0,0.017532825469970703
78.0,22.0,22.0,0.09065961837768555
89.0,29.0,29.0,0.09278726577758789
41.0,13.0,13.0,0.03439784049987793
57.0,22.0,22.0,0.05103707313537598
18.0,7.0,7.0,0.021663188934326172
50.0,22.0,22.0,0.04332280158996582
30.0,12.0,12.0,0.022920846939086914
62.0,17.0,17.0,0.06353259086608887
25.0,11.0,11.0,0.023563623428344727
30.0,4.0,4.0,0.021460533142089844
26.0,14.0,14.0,0.024826526641845703
75.0,20.0,20.0,0.07065486907958984
50.0,17.0,17.0,0.04120826721191406
74.0,17.0,17.0,0.07094573974609375
27.0,10.0,10.0,0.022617816925048828
22.0,11.0,11.0,0.013198137283325195
95.0,30.0,30.0,0.07029342651367188
24.0,12.0,12.0,0.016602277755737305
48.0,14.0,14.0,0.04677391052246094
61.0,16.0,16.0,0.047568321228027344
69.0,23.0,23.0,0.06038379669189453
151.0,34.0,34.0,0.11420154571533203
24.0,9.0,9.0,0.01787543296813965
22.0,8.0,8.0,0.019631385803222656
59.0,23.0,23.0,0.04036712646484375
87.0,16.0,16.0,0.0780632495880127
146.0,28.0,28.0,0.12665462493896484
21.0,10.0,10.0,0.023418426513671875
23.0,6.0,6.0,0.02271246910095215
20.0,8.0,8.0,0.020029306411743164
65.0,12.0,12.0,0.04767751693725586
21.0,7.0,7.0,0.016275405883789062
19.0,6.0,6.0,0.021608352661132812
63.0,19.0,19.0,0.04815340042114258
35.0,17.0,17.0,0.030977487564086914
35.0,18.0,18.0,0.035001516342163086
28.0,6.0,6.0,0.02507615089416504
70.0,22.0,22.0,0.07329702377319336
38.0,13.0,13.0,0.042949676513671875
99.0,26.0,26.0,0.12093400955200195
18.0,5.0,5.0,0.021901369094848633
61.0,15.0,15.0,0.06213712692260742
18.0,7.0,7.0,0.02138209342956543
51.0,15.0,15.0,0.04492068290710449
40.0,19.0,19.0,0.033100128173828125
27.0,13.0,13.0,0.02683734893798828
51.0,12.0,12.0,0.04225945472717285
37.0,11.0,11.0,0.03791522979736328
53.0,23.0,23.0,0.04380941390991211
61.0,24.0,24.0,0.06061959266662598
50.0,20.0,20.0,0.04984092712402344
30.0,9.0,9.0,0.03660869598388672
39.0,4.0,4.0,0.033197879791259766
49.0,20.0,20.0,0.04553723335266113
53.0,23.0,23.0,0.04168510437011719
94.0,27.0,27.0,0.08471965789794922
56.0,17.0,17.0,0.048001766204833984
40.0,10.0,10.0,0.04073834419250488
68.0,14.0,14.0,0.06007194519042969
18.0,7.0,7.0,0.01616525650024414
65.0,10.0,10.0,0.056700706481933594
44.0,20.0,20.0,0.03963470458984375
17.0,5.0,5.0,0.01816082000732422
24.0,4.0,4.0,0.02434062957763672
35.0,18.0,18.0,0.033545494079589844
37.0,16.0,16.0,0.030156373977661133
23.0,12.0,12.0,0.03326725959777832
23.0,5.0,5.0,0.024052143096923828
18.0,6.0,6.0,0.023148059844970703
33.0,8.0,8.0,0.03309345245361328
58.0,10.0,10.0,0.05807900428771973
15.0,5.0,5.0,0.017430543899536133
77.0,15.0,15.0,0.07613158226013184
58.0,14.0,14.0,0.052042484283447266
20.0,5.0,5.0,0.017947912216186523
39.0,15.0,15.0,0.03586244583129883
55.0,17.0,17.0,0.05761861801147461
67.0,11.0,11.0,0.07775115966796875
18.0,7.0,7.0,0.01601266860961914
67.0,9.0,9.0,0.055054426193237305
17.0,6.0,6.0,0.019204139709472656
38.0,16.0,16.0,0.03153729438781738
20.0,10.0,10.0,0.019445419311523438
27.0,12.0,12.0,0.025549888610839844
18.0,4.0,4.0,0.012064695358276367
30.0,9.0,9.0,0.02809309959411621
22.0,6.0,6.0,0.022110462188720703
91.0,28.0,28.0,0.08833718299865723
140.0,28.0,28.0,0.1596388816833496
25.0,3.0,3.0,0.0291748046875
35.0,13.0,13.0,0.04230976104736328
56.0,14.0,14.0,0.06057882308959961
45.0,15.0,15.0,0.05260205268859863
41.0,19.0,19.0,0.04904484748840332
23.0,6.0,6.0,0.022710561752319336
53.0,19.0,19.0,0.06123018264770508
66.0,20.0,20.0,0.07494378089904785
39.0,11.0,11.0,0.04155373573303223
88.0,20.0,20.0,0.09699821472167969
75.0,33.0,33.0,0.06971406936645508
23.0,13.0,13.0,0.021272897720336914
42.0,12.0,12.0,0.042720794677734375
45.0,12.0,12.0,0.04572939872741699
87.0,26.0,26.0,0.09301042556762695
75.0,19.0,19.0,0.07089853286743164
205.0,55.0,55.0,0.19672131538391113
52.0,9.0,9.0,0.04323697090148926
40.0,11.0,11.0,0.03857994079589844
147.0,43.0,43.0,0.16319966316223145
82.0,19.0,19.0,0.09168148040771484
27.0,9.0,9.0,0.033911705017089844
23.0,7.0,7.0,0.016587018966674805
45.0,11.0,11.0,0.0555882453918457
25.0,11.0,11.0,0.030039548873901367
66.0,15.0,15.0,0.07695913314819336
64.0,28.0,28.0,0.06486129760742188
27.0,15.0,15.0,0.02172231674194336
195.0,43.0,43.0,0.18990325927734375
42.0,11.0,11.0,0.05089688301086426
30.0,11.0,11.0,0.0366213321685791
54.0,22.0,22.0,0.04752945899963379
172.0,43.0,43.0,0.17406868934631348
125.0,32.0,32.0,0.1415395736694336
39.0,13.0,13.0,0.04526400566101074
101.0,16.0,16.0,0.09504508972167969
29.0,9.0,9.0,0.02361440658569336
28.0,14.0,14.0,0.02033829689025879
29.0,8.0,8.0,0.019875526428222656
76.0,22.0,22.0,0.07887053489685059
83.0,20.0,20.0,0.08022093772888184
100.0,24.0,24.0,0.09082221984863281
50.0,17.0,17.0,0.044052839279174805
206.0,41.0,41.0,0.19775629043579102
117.0,30.0,30.0,0.10700798034667969
54.0,24.0,24.0,0.046417236328125
35.0,15.0,15.0,0.0285489559173584
131.0,39.0,39.0,0.10997867584228516
81.0,17.0,17.0,0.06329512596130371
42.0,7.0,7.0,0.03301286697387695
32.0,9.0,9.0,0.03481864929199219
62.0,13.0,13.0,0.05097174644470215
62.0,12.0,12.0,0.042558908462524414
28.0,10.0,10.0,0.019889116287231445
37.0,3.0,3.0,0.032974958419799805
23.0,8.0,8.0,0.023062705993652344
57.0,21.0,21.0,0.04684758186340332
43.0,16.0,16.0,0.044591665267944336
14.0,3.0,3.0,0.016318798065185547
100.0,31.0,31.0,0.07097840309143066
75.0,15.0,15.0,0.05485177040100098
14.0,3.0,3.0,0.011468172073364258
72.0,24.0,24.0,0.06139254570007324
26.0,8.0,8.0,0.018444299697875977
60.0,23.0,23.0,0.04209446907043457
142.0,40.0,40.0,0.11301136016845703
50.0,12.0,12.0,0.03823423385620117
36.0,7.0,7.0,0.03414511680603027
22.0,7.0,7.0,0.01793956756591797
24.0,10.0,10.0,0.020917177200317383
125.0,36.0,36.0,0.09972262382507324
51.0,10.0,10.0,0.04963040351867676
25.0,13.0,13.0,0.027918338775634766
109.0,25.0,25.0,0.09618401527404785
17.0,5.0,5.0,0.012794017791748047
22.0,3.0,3.0,0.023966550827026367
48.0,10.0,10.0,0.04360508918762207
50.0,17.0,17.0,0.04208540916442871
76.0,23.0,23.0,0.06016349792480469
169.0,42.0,42.0,0.1253504753112793
32.0,10.0,10.0,0.023905515670776367
89.0,23.0,23.0,0.06660962104797363
36.0,17.0,17.0,0.026609182357788086
53.0,22.0,22.0,0.039945363998413086
41.0,7.0,7.0,0.03970742225646973
20.0,8.0,8.0,0.014860868453979492
16.0,6.0,6.0,0.015975236892700195
86.0,29.0,29.0,0.08884453773498535
41.0,29.0,29.0,0.030139684677124023
75.0,23.0,23.0,0.05405831336975098
31.0,4.0,4.0,0.022910356521606445
39.0,13.0,13.0,0.03099226951599121
33.0,15.0,15.0,0.03021979331970215
27.0,7.0,7.0,0.023700237274169922
29.0,16.0,16.0,0.024811744689941406
69.0,28.0,28.0,0.07953286170959473
17.0,4.0,4.0,0.013885498046875
19.0,8.0,8.0,0.018482446670532227
29.0,10.0,10.0,0.03209543228149414
27.0,14.0,14.0,0.020527362823486328
64.0,27.0,27.0,0.06556987762451172
113.0,32.0,32.0,0.10120153427124023
28.0,13.0,13.0,0.024651288986206055
29.0,13.0,13.0,0.030269861221313477
24.0,13.0,13.0,0.01850724220275879
29.0,8.0,8.0,0.03335928916931152
37.0,19.0,19.0,0.031052827835083008
47.0,19.0,19.0,0.0562434196472168
59.0,17.0,17.0,0.05771684646606445
22.0,7.0,7.0,0.0201871395111084
35.0,20.0,20.0,0.03271222114562988
20.0,8.0,8.0,0.017241477966308594
77.0,44.0,44.0,0.07690143585205078
104.0,36.0,36.0,0.08592557907104492
78.0,25.0,25.0,0.07623672485351562
38.0,24.0,24.0,0.0364537239074707
22.0,6.0,6.0,0.019951581954956055
47.0,18.0,18.0,0.04573655128479004
38.0,9.0,9.0,0.041589975357055664
33.0,14.0,14.0,0.04006528854370117
41.0,10.0,10.0,0.03823208808898926
21.0,4.0,4.0,0.023291349411010742
94.0,27.0,27.0,0.1159205436706543
57.0,15.0,15.0,0.07185125350952148
53.0,12.0,12.0,0.05879831314086914
57.0,16.0,16.0,0.055173397064208984
79.0,17.0,17.0,0.09313416481018066
42.0,17.0,17.0,0.05072355270385742
76.0,22.0,22.0,0.07340526580810547
19.0,7.0,7.0,0.021364212036132812
60.0,18.0,18.0,0.061325788497924805
43.0,16.0,16.0,0.03869128227233887
114.0,33.0,33.0,0.10238885879516602
35.0,6.0,6.0,0.02794790267944336
21.0,9.0,9.0,0.019049644470214844
22.0,7.0,7.0,0.01996588706970215
33.0,6.0,6.0,0.03665518760681152
20.0,6.0,6.0,0.01854848861694336
132.0,42.0,42.0,0.13161921501159668
66.0,29.0,29.0,0.05992317199707031
50.0,11.0,11.0,0.04909777641296387
130.0,26.0,26.0,0.17096948623657227
23.0,12.0,12.0,0.029036521911621094
24.0,8.0,8.0,0.016924142837524414
72.0,20.0,20.0,0.06945085525512695
51.0,17.0,17.0,0.05407905578613281
48.0,18.0,18.0,0.040266990661621094
36.0,15.0,15.0,0.03933310508728027
40.0,12.0,12.0,0.036145925521850586
23.0,10.0,10.0,0.01607036590576172
24.0,6.0,6.0,0.020926952362060547
28.0,10.0,10.0,0.027001619338989258
36.0,13.0,13.0,0.042546987533569336
19.0,7.0,7.0,0.023797035217285156
51.0,31.0,31.0,0.04988813400268555
113.0,31.0,31.0,0.10288357734680176
36.0,11.0,11.0,0.03297138214111328
33.0,14.0,14.0,0.02758646011352539
106.0,29.0,29.0,0.10013794898986816
75.0,13.0,13.0,0.07897734642028809
22.0,10.0,10.0,0.03098297119140625
30.0,8.0,8.0,0.022263765335083008
164.0,35.0,35.0,0.19865822792053223
37.0,18.0,18.0,0.031123638153076172
62.0,9.0,9.0,0.07140994071960449
40.0,16.0,16.0,0.03781843185424805
84.0,20.0,20.0,0.07085847854614258
31.0,6.0,6.0,0.02400660514831543
33.0,16.0,16.0,0.0286099910736084
38.0,12.0,12.0,0.03221702575683594
29.0,16.0,16.0,0.022485733032226562
38.0,9.0,9.0,0.03220343589782715
28.0,8.0,8.0,0.025280237197875977
20.0,8.0,8.0,0.01979804039001465
59.0,24.0,24.0,0.05428886413574219
46.0,15.0,15.0,0.04590606689453125
53.0,17.0,17.0,0.04710030555725098
21.0,6.0,6.0,0.018308401107788086
88.0,22.0,22.0,0.07258868217468262
43.0,8.0,8.0,0.032538652420043945
30.0,19.0,19.0,0.021670103073120117
43.0,18.0,18.0,0.05144786834716797
17.0,5.0,5.0,0.012798070907592773
112.0,36.0,36.0,0.10654425621032715
21.0,7.0,7.0,0.01448822021484375
62.0,25.0,25.0,0.06593894958496094
68.0,8.0,8.0,0.058087825775146484
35.0,15.0,15.0,0.024090290069580078
31.0,5.0,5.0,0.038309574127197266
94.0,25.0,25.0,0.08780527114868164
41.0,25.0,25.0,0.036751508712768555
26.0,9.0,9.0,0.024685382843017578
72.0,31.0,31.0,0.07159996032714844
110.0,43.0,43.0,0.11763358116149902
22.0,8.0,8.0,0.020435810089111328
85.0,26.0,26.0,0.08485722541809082
102.0,47.0,47.0,0.11114120483398438
116.0,22.0,22.0,0.12220597267150879
61.0,19.0,19.0,0.05838608741760254
33.0,11.0,11.0,0.033271074295043945
30.0,11.0,11.0,0.03196549415588379
68.0,21.0,21.0,0.06159162521362305
26.0,14.0,14.0,0.02465057373046875
52.0,16.0,16.0,0.05798602104187012
30.0,14.0,14.0,0.03525495529174805
32.0,15.0,15.0,0.03880023956298828
24.0,10.0,10.0,0.024529457092285156
99.0,31.0,31.0,0.09624457359313965
87.0,21.0,21.0,0.1064908504486084
25.0,7.0,7.0,0.024161100387573242
37.0,10.0,10.0,0.036162614822387695
75.0,27.0,27.0,0.07518339157104492
41.0,9.0,9.0,0.05242586135864258
28.0,8.0,8.0,0.03068852424621582
38.0,5.0,5.0,0.03121161460876465
81.0,22.0,22.0,0.07937383651733398
20.0,6.0,6.0,0.019425630569458008
30.0,4.0,4.0,0.021018028259277344
18.0,5.0,5.0,0.023081064224243164
30.0,7.0,7.0,0.030136585235595703
72.0,18.0,18.0,0.06181621551513672
28.0,7.0,7.0,0.021853923797607422
51.0,13.0,13.0,0.041773080825805664
54.0,15.0,15.0,0.04700446128845215
29.0,10.0,10.0,0.02039623260498047
58.0,14.0,14.0,0.05110049247741699
34.0,12.0,12.0,0.03659224510192871
34.0,22.0,22.0,0.03651070594787598
32.0,13.0,13.0,0.028455734252929688
24.0,11.0,11.0,0.01881575584411621
19.0,7.0,7.0,0.018764495849609375
41.0,13.0,13.0,0.04455280303955078
26.0,10.0,10.0,0.0190887451171875
23.0,10.0,10.0,0.01624608039855957
55.0,12.0,12.0,0.04915952682495117
67.0,20.0,20.0,0.0678701400756836
25.0,12.0,12.0,0.026829957962036133
68.0,18.0,18.0,0.06220221519470215
24.0,5.0,5.0,0.02113199234008789
24.0,9.0,9.0,0.023098230361938477
20.0,8.0,8.0,0.01906752586364746
42.0,20.0,20.0,0.037200212478637695
31.0,12.0,12.0,0.029677391052246094
36.0,16.0,16.0,0.031397104263305664
77.0,24.0,24.0,0.06793808937072754
21.0,6.0,6.0,0.018233776092529297
38.0,17.0,17.0,0.03789162635803223
40.0,8.0,8.0,0.030357837677001953
58.0,18.0,18.0,0.04521369934082031
55.0,9.0,9.0,0.06029915809631348
31.0,19.0,19.0,0.03667283058166504
22.0,8.0,8.0,0.023462772369384766
62.0,14.0,14.0,0.058039188385009766
50.0,16.0,16.0,0.06304192543029785
23.0,6.0,6.0,0.024437904357910156
43.0,13.0,13.0,0.05532526969909668
33.0,13.0,13.0,0.031581878662109375
39.0,11.0,11.0,0.05351853370666504
18.0,6.0,6.0,0.025568723678588867
33.0,11.0,11.0,0.04259991645812988
83.0,24.0,24.0,0.10276031494140625
31.0,11.0,11.0,0.03357362747192383
22.0,8.0,8.0,0.026972532272338867
31.0,11.0,11.0,0.040875911712646484
42.0,16.0,16.0,0.04902815818786621
34.0,9.0,9.0,0.03647017478942871
52.0,10.0,10.0,0.04854226112365723
151.0,39.0,39.0,0.14482641220092773
137.0,39.0,39.0,0.14058995246887207
95.0,23.0,23.0,0.09270286560058594
27.0,9.0,9.0,0.025714874267578125
19.0,8.0,8.0,0.019039154052734375
48.0,22.0,22.0,0.04989194869995117
27.0,11.0,11.0,0.022902488708496094
27.0,8.0,8.0,0.025286197662353516
41.0,6.0,6.0,0.04773855209350586
27.0,7.0,7.0,0.0307462215423584
24.0,9.0,9.0,0.019069194793701172
21.0,10.0,10.0,0.0233609676361084
31.0,14.0,14.0,0.032488107681274414
139.0,50.0,50.0,0.14351248741149902
27.0,11.0,11.0,0.030730009078979492
19.0,8.0,8.0,0.022791147232055664
19.0,6.0,6.0,0.024368762969970703
174.0,45.0,45.0,0.1709890365600586
50.0,7.0,7.0,0.05088472366333008
42.0,12.0,12.0,0.038138389587402344
127.0,31.0,31.0,0.12357902526855469
30.0,14.0,14.0,0.029102325439453125
20.0,6.0,6.0,0.023050308227539062
35.0,14.0,14.0,0.04293227195739746
83.0,32.0,32.0,0.08448529243469238
51.0,11.0,11.0,0.055329322814941406
79.0,33.0,33.0,0.07469058036804199
159.0,63.0,63.0,0.16376304626464844
17.0,6.0,6.0,0.01793956756591797
89.0,10.0,10.0,0.10329914093017578
85.0,28.0,28.0,0.09543585777282715
35.0,7.0,7.0,0.034993648529052734
108.0,33.0,33.0,0.11363458633422852
28.0,13.0,13.0,0.030461788177490234
104.0,29.0,29.0,0.10000896453857422
39.0,16.0,16.0,0.032900094985961914
63.0,24.0,24.0,0.06266951560974121
84.0,18.0,18.0,0.08923697471618652
36.0,18.0,18.0,0.02608776092529297
35.0,7.0,7.0,0.03157639503479004
42.0,7.0,7.0,0.04235196113586426
29.0,10.0,10.0,0.024170398712158203
23.0,3.0,3.0,0.019402742385864258
58.0,16.0,16.0,0.05809378623962402
48.0,11.0,11.0,0.042523860931396484
47.0,13.0,13.0,0.05850815773010254
115.0,28.0,28.0,0.10114812850952148
79.0,14.0,14.0,0.0833735466003418
66.0,8.0,8.0,0.06258630752563477
14.0,4.0,4.0,0.010976314544677734
21.0,6.0,6.0,0.018050193786621094
30.0,11.0,11.0,0.0376431941986084
92.0,31.0,31.0,0.09775185585021973
35.0,19.0,19.0,0.03416848182678223
26.0,8.0,8.0,0.024554967880249023
194.0,47.0,47.0,0.19901633262634277
33.0,11.0,11.0,0.025509357452392578
31.0,13.0,13.0,0.03343987464904785
46.0,18.0,18.0,0.04460024833679199
46.0,20.0,20.0,0.05419921875
21.0,6.0,6.0,0.018201112747192383
24.0,9.0,9.0,0.02467203140258789
28.0,5.0,5.0,0.024623870849609375
38.0,24.0,24.0,0.04317975044250488
19.0,8.0,8.0,0.01944589614868164
19.0,5.0,5.0,0.018830537796020508
27.0,12.0,12.0,0.03222823143005371
64.0,18.0,18.0,0.06579399108886719
79.0,22.0,22.0,0.06603884696960449
66.0,17.0,17.0,0.061110496520996094
29.0,16.0,16.0,0.029717445373535156
69.0,21.0,21.0,0.0733034610748291
23.0,4.0,4.0,0.025373220443725586
38.0,21.0,21.0,0.04558515548706055
44.0,16.0,16.0,0.05059623718261719
13.0,3.0,3.0,0.018712997436523438
86.0,20.0,20.0,0.09666800498962402
37.0,11.0,11.0,0.03666329383850098
44.0,18.0,18.0,0.044152259826660156
39.0,13.0,13.0,0.04874777793884277
41.0,11.0,11.0,0.0410306453704834
54.0,22.0,22.0,0.05182027816772461
52.0,19.0,19.0,0.060608625411987305
59.0,17.0,17.0,0.05885672569274902
38.0,9.0,9.0,0.03111720085144043
19.0,4.0,4.0,0.016569137573242188
51.0,21.0,21.0,0.05058789253234863
27.0,9.0,9.0,0.022823572158813477
89.0,22.0,22.0,0.08154845237731934
65.0,40.0,40.0,0.06273961067199707
69.0,22.0,22.0,0.07142066955566406
20.0,7.0,7.0,0.0197906494140625
57.0,16.0,16.0,0.04450058937072754
81.0,24.0,24.0,0.06716156005859375
116.0,27.0,27.0,0.11605048179626465
41.0,13.0,13.0,0.045035362243652344
31.0,9.0,9.0,0.03015589714050293
39.0,14.0,14.0,0.03641080856323242
208.0,37.0,37.0,0.16903281211853027
29.0,13.0,13.0,0.03118157386779785
98.0,29.0,29.0,0.08500027656555176
30.0,9.0,9.0,0.029521465301513672
31.0,9.0,9.0,0.02341294288635254
100.0,10.0,10.0,0.09479379653930664
77.0,15.0,15.0,0.06036639213562012
100.0,29.0,29.0,0.09575748443603516
95.0,24.0,24.0,0.0759878158569336
27.0,13.0,13.0,0.021168231964111328
58.0,15.0,15.0,0.046617746353149414
22.0,8.0,8.0,0.015494108200073242
24.0,8.0,8.0,0.019322872161865234
86.0,29.0,29.0,0.08405399322509766
53.0,14.0,14.0,0.05145573616027832
32.0,11.0,11.0,0.02625441551208496
23.0,9.0,9.0,0.02581310272216797
28.0,10.0,10.0,0.024878978729248047
101.0,21.0,21.0,0.09690022468566895
32.0,9.0,9.0,0.029894113540649414
56.0,15.0,15.0,0.04893660545349121
28.0,9.0,9.0,0.023571491241455078
106.0,26.0,26.0,0.07982158660888672
129.0,42.0,42.0,0.10797429084777832
65.0,16.0,16.0,0.06489992141723633
34.0,7.0,7.0,0.023673534393310547
21.0,6.0,6.0,0.014656543731689453
68.0,24.0,24.0,0.05875134468078613
32.0,18.0,18.0,0.02937936782836914
32.0,19.0,19.0,0.024207115173339844
131.0,32.0,32.0,0.11041688919067383
23.0,4.0,4.0,0.01763319969177246
84.0,14.0,14.0,0.07728052139282227
23.0,13.0,13.0,0.022243976593017578
59.0,12.0,12.0,0.051502227783203125
29.0,14.0,14.0,0.025060653686523438
21.0,11.0,11.0,0.013291120529174805
98.0,18.0,18.0,0.0865180492401123
27.0,10.0,10.0,0.02213263511657715
29.0,11.0,11.0,0.027222871780395508
38.0,13.0,13.0,0.030614376068115234
47.0,15.0,15.0,0.04451489448547363
41.0,15.0,15.0,0.0333254337310791
18.0,5.0,5.0,0.017374277114868164
27.0,7.0,7.0,0.029625415802001953
30.0,9.0,9.0,0.032370567321777344
48.0,15.0,15.0,0.04712319374084473
27.0,13.0,13.0,0.02023792266845703
25.0,11.0,11.0,0.024863004684448242
45.0,13.0,13.0,0.03724956512451172
91.0,18.0,18.0,0.0721123218536377
83.0,24.0,24.0,0.07924318313598633
56.0,21.0,21.0,0.054242849349975586
83.0,20.0,20.0,0.0731050968170166
49.0,11.0,11.0,0.05514407157897949
50.0,17.0,17.0,0.04857230186462402
64.0,18.0,18.0,0.06815099716186523
37.0,9.0,9.0,0.03593611717224121
117.0,26.0,26.0,0.1154329776763916
61.0,15.0,15.0,0.06631946563720703
34.0,14.0,14.0,0.04133200645446777
32.0,15.0,15.0,0.03024125099182129
52.0,13.0,13.0,0.061396121978759766
24.0,13.0,13.0,0.024474382400512695
77.0,17.0,17.0,0.0968782901763916
23.0,12.0,12.0,0.021772146224975586
63.0,13.0,13.0,0.05733799934387207
36.0,18.0,18.0,0.030980348587036133
29.0,17.0,17.0,0.027208805084228516
111.0,28.0,28.0,0.10818910598754883
58.0,12.0,12.0,0.04529261589050293
22.0,8.0,8.0,0.0232846736907959
57.0,31.0,31.0,0.054548025131225586
37.0,11.0,11.0,0.040575265884399414
35.0,10.0,10.0,0.03510785102844238
101.0,39.0,39.0,0.10695481300354004
71.0,16.0,16.0,0.07275938987731934
39.0,10.0,10.0,0.04140758514404297
15.0,3.0,3.0,0.011852741241455078
20.0,9.0,9.0,0.02542281150817871
21.0,5.0,5.0,0.02056884765625
57.0,20.0,20.0,0.05174994468688965
161.0,34.0,34.0,0.14622092247009277
26.0,9.0,9.0,0.026830196380615234
25.0,10.0,10.0,0.02774333953857422
22.0,10.0,10.0,0.015956401824951172
63.0,10.0,10.0,0.0542452335357666
75.0,25.0,25.0,0.06619739532470703
125.0,31.0,31.0,0.11238908767700195
75.0,28.0,28.0,0.07262539863586426
79.0,16.0,16.0,0.07092809677124023
68.0,49.0,49.0,0.06118512153625488
79.0,28.0,28.0,0.05826234817504883
34.0,18.0,18.0,0.033536434173583984
26.0,10.0,10.0,0.021558284759521484
30.0,10.0,10.0,0.017092227935791016
51.0,15.0,15.0,0.04400205612182617
28.0,11.0,11.0,0.024211406707763672
30.0,13.0,13.0,0.028330326080322266
20.0,9.0,9.0,0.018080949783325195
105.0,30.0,30.0,0.09554362297058105
70.0,25.0,25.0,0.05892801284790039
38.0,18.0,18.0,0.03923439979553223
23.0,11.0,11.0,0.027726173400878906
65.0,8.0,8.0,0.061855316162109375
61.0,11.0,11.0,0.06523942947387695
91.0,31.0,31.0,0.08409547805786133
26.0,13.0,13.0,0.022066116333007812
69.0,29.0,29.0,0.06297826766967773
37.0,11.0,11.0,0.036374807357788086
63.0,18.0,18.0,0.05815434455871582
159.0,51.0,51.0,0.12972784042358398
33.0,6.0,6.0,0.026219606399536133
33.0,19.0,19.0,0.026897430419921875
60.0,28.0,28.0,0.05914592742919922
66.0,25.0,25.0,0.051688432693481445
100.0,26.0,26.0,0.09024691581726074
28.0,9.0,9.0,0.019812345504760742
76.0,17.0,17.0,0.06618452072143555
53.0,21.0,21.0,0.037251949310302734
74.0,21.0,21.0,0.06557083129882812
78.0,17.0,17.0,0.0799551010131836
116.0,39.0,39.0,0.09423971176147461
18.0,7.0,7.0,0.01744532585144043
35.0,8.0,8.0,0.03696703910827637
78.0,15.0,15.0,0.07367396354675293
65.0,21.0,21.0,0.0626976490020752
41.0,16.0,16.0,0.03863668441772461
49.0,25.0,25.0,0.05329394340515137
74.0,18.0,18.0,0.07566213607788086
101.0,29.0,29.0,0.08902645111083984
72.0,14.0,14.0,0.06344056129455566
36.0,10.0,10.0,0.03034806251525879
77.0,21.0,21.0,0.07305192947387695
153.0,33.0,33.0,0.13170146942138672
60.0,16.0,16.0,0.056499481201171875
30.0,11.0,11.0,0.031737565994262695
24.0,13.0,13.0,0.015256166458129883
61.0,27.0,27.0,0.05341076850891113
105.0,28.0,28.0,0.11997604370117188
91.0,27.0,27.0,0.12084555625915527
35.0,11.0,11.0,0.037400007247924805
37.0,9.0,9.0,0.043233394622802734
69.0,24.0,24.0,0.07223105430603027
72.0,16.0,16.0,0.07357501983642578
83.0,20.0,20.0,0.07135391235351562
15.0,4.0,4.0,0.015624046325683594
42.0,9.0,9.0,0.03914284706115723
36.0,16.0,16.0,0.04001879692077637
46.0,13.0,13.0,0.058094024658203125
44.0,19.0,19.0,0.04167532920837402
93.0,11.0,11.0,0.08962464332580566
39.0,13.0,13.0,0.03763151168823242
25.0,11.0,11.0,0.01956939697265625
26.0,7.0,7.0,0.016689538955688477
37.0,13.0,13.0,0.03691458702087402
26.0,12.0,12.0,0.02744126319885254
33.0,10.0,10.0,0.02803182601928711
84.0,32.0,32.0,0.07689619064331055
28.0,11.0,11.0,0.02441716194152832
22.0,7.0,7.0,0.019088029861450195
26.0,5.0,5.0,0.02609539031982422
34.0,11.0,11.0,0.03415036201477051
75.0,16.0,16.0,0.06623458862304688
84.0,18.0,18.0,0.08428335189819336
61.0,14.0,14.0,0.05012941360473633
49.0,12.0,12.0,0.049957990646362305
44.0,19.0,19.0,0.03341937065124512
17.0,2.0,2.0,0.015662670135498047
60.0,14.0,14.0,0.06287574768066406
33.0,16.0,16.0,0.03243875503540039
18.0,6.0,6.0,0.013470172882080078
29.0,5.0,5.0,0.025940895080566406
35.0,17.0,17.0,0.03218388557434082
45.0,14.0,14.0,0.035362958908081055
33.0,20.0,20.0,0.026134729385375977
18.0,6.0,6.0,0.012523412704467773
39.0,17.0,17.0,0.03711700439453125
79.0,20.0,20.0,0.05613207817077637
67.0,21.0,21.0,0.05925321578979492
79.0,14.0,14.0,0.07310080528259277
69.0,26.0,26.0,0.07204389572143555
27.0,11.0,11.0,0.026622533798217773
33.0,5.0,5.0,0.034763336181640625
89.0,36.0,36.0,0.08956599235534668
28.0,14.0,14.0,0.02310657501220703
22.0,6.0,6.0,0.02003002166748047
25.0,4.0,4.0,0.02412271499633789
36.0,10.0,10.0,0.0335087776184082
49.0,17.0,17.0,0.054659366607666016
56.0,17.0,17.0,0.06719660758972168
42.0,13.0,13.0,0.04390859603881836
35.0,11.0,11.0,0.03629446029663086
101.0,22.0,22.0,0.10842704772949219
27.0,9.0,9.0,0.028661489486694336
17.0,4.0,4.0,0.02085256576538086
45.0,14.0,14.0,0.0393521785736084
18.0,5.0,5.0,0.01999950408935547
71.0,27.0,27.0,0.06083345413208008
59.0,23.0,23.0,0.05794525146484375
24.0,10.0,10.0,0.018868207931518555
35.0,12.0,12.0,0.03304910659790039
43.0,10.0,10.0,0.04075336456298828
37.0,14.0,14.0,0.042557477951049805
18.0,5.0,5.0,0.015530824661254883
114.0,23.0,23.0,0.11281275749206543
51.0,9.0,9.0,0.050066232681274414
42.0,13.0,13.0,0.04660677909851074
52.0,19.0,19.0,0.044825077056884766
34.0,10.0,10.0,0.03235507011413574
30.0,10.0,10.0,0.03057384490966797
48.0,19.0,19.0,0.04720950126647949
24.0,12.0,12.0,0.02386927604675293
172.0,31.0,31.0,0.18429040908813477
94.0,20.0,20.0,0.08684802055358887
53.0,15.0,15.0,0.04911231994628906
17.0,5.0,5.0,0.019230127334594727
20.0,8.0,8.0,0.014469146728515625
34.0,10.0,10.0,0.040001869201660156
23.0,8.0,8.0,0.03681302070617676
98.0,26.0,26.0,0.10297417640686035
59.0,18.0,18.0,0.06380152702331543
39.0,22.0,22.0,0.0370182991027832
35.0,18.0,18.0,0.03566455841064453
29.0,8.0,8.0,0.030017375946044922
24.0,5.0,5.0,0.023812055587768555
90.0,36.0,36.0,0.07926774024963379
29.0,9.0,9.0,0.027011632919311523
39.0,6.0,6.0,0.03333711624145508
19.0,7.0,7.0,0.02023768424987793
153.0,38.0,38.0,0.15657591819763184
37.0,12.0,12.0,0.03759932518005371
38.0,8.0,8.0,0.05900835990905762
22.0,10.0,10.0,0.030855894088745117
16.0,5.0,5.0,0.02654743194580078
22.0,9.0,9.0,0.024068832397460938
21.0,6.0,6.0,0.022736549377441406
18.0,5.0,5.0,0.02283310890197754
31.0,14.0,14.0,0.03266739845275879
77.0,17.0,17.0,0.09029340744018555
35.0,11.0,11.0,0.03402876853942871
28.0,14.0,14.0,0.02680373191833496
37.0,7.0,7.0,0.035707712173461914
35.0,11.0,11.0,0.031178951263427734
38.0,21.0,21.0,0.0378720760345459
48.0,17.0,17.0,0.048232078552246094
87.0,17.0,17.0,0.0886385440826416
50.0,18.0,18.0,0.04619860649108887
48.0,14.0,14.0,0.04791545867919922
44.0,14.0,14.0,0.05558609962463379
40.0,14.0,14.0,0.04138684272766113
138.0,30.0,30.0,0.1361696720123291
37.0,7.0,7.0,0.034117698669433594
21.0,8.0,8.0,0.01944112777709961
37.0,12.0,12.0,0.03504371643066406
140.0,28.0,28.0,0.13945627212524414
54.0,21.0,21.0,0.05082201957702637
31.0,12.0,12.0,0.024983882904052734
80.0,18.0,18.0,0.07002592086791992
37.0,15.0,15.0,0.03418684005737305
30.0,14.0,14.0,0.04007244110107422
30.0,9.0,9.0,0.02967047691345215
212.0,49.0,49.0,0.191331148147583
42.0,21.0,21.0,0.04261350631713867
87.0,24.0,24.0,0.0822763442993164
46.0,19.0,19.0,0.04278731346130371
92.0,35.0,35.0,0.0863487720489502
33.0,22.0,22.0,0.027684450149536133
82.0,23.0,23.0,0.07151603698730469
39.0,14.0,14.0,0.03245377540588379
27.0,11.0,11.0,0.021462678909301758
22.0,8.0,8.0,0.019020557403564453
40.0,18.0,18.0,0.03366351127624512
60.0,13.0,13.0,0.04982352256774902
46.0,17.0,17.0,0.03198361396789551
56.0,13.0,13.0,0.04340958595275879
43.0,10.0,10.0,0.037482261657714844
32.0,7.0,7.0,0.031548500061035156
17.0,4.0,4.0,0.013412952423095703
48.0,18.0,18.0,0.048915863037109375
59.0,15.0,15.0,0.05114316940307617
45.0,15.0,15.0,0.0442509651184082
37.0,6.0,6.0,0.0332338809967041
77.0,22.0,22.0,0.07656717300415039
50.0,21.0,21.0,0.041671037673950195
33.0,12.0,12.0,0.03428053855895996
44.0,12.0,12.0,0.04227709770202637
18.0,6.0,6.0,0.015060186386108398
120.0,27.0,27.0,0.09203386306762695
72.0,21.0,21.0,0.062365055084228516
48.0,14.0,14.0,0.04967904090881348
19.0,4.0,4.0,0.015613079071044922
36.0,10.0,10.0,0.026508092880249023
80.0,12.0,12.0,0.08114385604858398
52.0,14.0,14.0,0.04350161552429199
153.0,39.0,39.0,0.12551522254943848
31.0,13.0,13.0,0.025706768035888672
145.0,36.0,36.0,0.12270998954772949
99.0,19.0,19.0,0.08461117744445801
27.0,14.0,14.0,0.022064685821533203
45.0,12.0,12.0,0.03969740867614746
75.0,18.0,18.0,0.06708312034606934
60.0,16.0,16.0,0.05211973190307617
53.0,22.0,22.0,0.04568648338317871
26.0,14.0,14.0,0.020506858825683594
27.0,10.0,10.0,0.028332948684692383
16.0,4.0,4.0,0.016000986099243164
14.0,3.0,3.0,0.009520530700683594
20.0,8.0,8.0,0.018941402435302734
66.0,11.0,11.0,0.06354212760925293
43.0,13.0,13.0,0.03938913345336914
45.0,16.0,16.0,0.031459808349609375
106.0,34.0,34.0,0.07312798500061035
36.0,12.0,12.0,0.032567739486694336
134.0,48.0,48.0,0.1029975414276123
78.0,12.0,12.0,0.07047224044799805
54.0,23.0,23.0,0.043309926986694336
22.0,9.0,9.0,0.019959449768066406
61.0,17.0,17.0,0.04843616485595703
50.0,16.0,16.0,0.04348611831665039
47.0,24.0,24.0,0.03989982604980469
14.0,3.0,3.0,0.011183738708496094
20.0,9.0,9.0,0.020066499710083008
44.0,11.0,11.0,0.05032038688659668
78.0,24.0,24.0,0.08785223960876465
63.0,23.0,23.0,0.06233334541320801
86.0,25.0,25.0,0.08384156227111816
59.0,13.0,13.0,0.04349660873413086
26.0,11.0,11.0,0.023268461227416992
90.0,25.0,25.0,0.07841157913208008
31.0,9.0,9.0,0.01914668083190918
110.0,23.0,23.0,0.09805560111999512
32.0,7.0,7.0,0.0301821231842041
59.0,20.0,20.0,0.04897665977478027
56.0,13.0,13.0,0.048108816146850586
23.0,5.0,5.0,0.019570589065551758
30.0,8.0,8.0,0.03348255157470703
34.0,9.0,9.0,0.03799605369567871
51.0,20.0,20.0,0.053130149841308594
41.0,16.0,16.0,0.04744100570678711
47.0,10.0,10.0,0.04493379592895508
42.0,14.0,14.0,0.038712501525878906
38.0,8.0,8.0,0.03280019760131836
26.0,14.0,14.0,0.028041601181030273
46.0,18.0,18.0,0.04573559761047363
39.0,24.0,24.0,0.04316139221191406
48.0,6.0,6.0,0.05179858207702637
63.0,10.0,10.0,0.06688475608825684
100.0,28.0,28.0,0.09434866905212402
90.0,13.0,13.0,0.0776824951171875
69.0,16.0,16.0,0.07335186004638672
19.0,8.0,8.0,0.02166271209716797
54.0,12.0,12.0,0.04252767562866211
205.0,42.0,42.0,0.20830821990966797
102.0,41.0,41.0,0.09634566307067871
143.0,28.0,28.0,0.13092565536499023
47.0,10.0,10.0,0.040732622146606445
24.0,8.0,8.0,0.02322554588317871
150.0,31.0,31.0,0.13715744018554688
21.0,5.0,5.0,0.02064681053161621
20.0,8.0,8.0,0.023897647857666016
17.0,5.0,5.0,0.019206762313842773
92.0,37.0,37.0,0.09715461730957031
64.0,11.0,11.0,0.062406063079833984
33.0,6.0,6.0,0.032433509826660156
54.0,11.0,11.0,0.05356454849243164
83.0,25.0,25.0,0.07593226432800293
28.0,13.0,13.0,0.0282137393951416
117.0,43.0,43.0,0.11515021324157715
24.0,12.0,12.0,0.026607513427734375
87.0,24.0,24.0,0.08052420616149902
41.0,15.0,15.0,0.039640188217163086
41.0,16.0,16.0,0.03768038749694824
20.0,5.0,5.0,0.018868446350097656
20.0,6.0,6.0,0.017728805541992188
68.0,13.0,13.0,0.058704376220703125
58.0,7.0,7.0,0.045542001724243164
26.0,8.0,8.0,0.02234935760498047
32.0,17.0,17.0,0.028625011444091797
24.0,13.0,13.0,0.026317358016967773
56.0,9.0,9.0,0.050624847412109375
49.0,24.0,24.0,0.03932499885559082
66.0,10.0,10.0,0.06021857261657715
20.0,8.0,8.0,0.022999286651611328
41.0,9.0,9.0,0.03768277168273926
24.0,9.0,9.0,0.025837421417236328
20.0,9.0,9.0,0.012978076934814453
35.0,7.0,7.0,0.027141809463500977
36.0,15.0,15.0,0.03405499458312988
41.0,6.0,6.0,0.032515525817871094
35.0,8.0,8.0,0.03146100044250488
73.0,20.0,20.0,0.06733584403991699
60.0,19.0,19.0,0.05490899085998535
26.0,10.0,10.0,0.02538013458251953
16.0,4.0,4.0,0.015213489532470703
45.0,15.0,15.0,0.0438532829284668
49.0,19.0,19.0,0.04783892631530762
128.0,28.0,28.0,0.10790681838989258
27.0,13.0,13.0,0.020499467849731445
122.0,23.0,23.0,0.1058812141418457
66.0,20.0,20.0,0.06012320518493652
24.0,10.0,10.0,0.02479100227355957
33.0,13.0,13.0,0.02366042137145996
98.0,24.0,24.0,0.08394503593444824
37.0,11.0,11.0,0.03072834014892578
53.0,14.0,14.0,0.041988372802734375
23.0,10.0,10.0,0.01886916160583496
101.0,28.0,28.0,0.0804896354675293
27.0,7.0,7.0,0.02187943458557129
21.0,6.0,6.0,0.015236139297485352
28.0,16.0,16.0,0.02649664878845215
115.0,24.0,24.0,0.1057126522064209
22.0,8.0,8.0,0.02068042755126953
32.0,12.0,12.0,0.028821229934692383
66.0,15.0,15.0,0.05502915382385254
22.0,7.0,7.0,0.01847529411315918
101.0,23.0,23.0,0.08666419982910156
46.0,17.0,17.0,0.038903236389160156
47.0,12.0,12.0,0.0390169620513916
36.0,14.0,14.0,0.030689239501953125
47.0,11.0,11.0,0.03988909721374512
135.0,28.0,28.0,0.13999032974243164
63.0,19.0,19.0,0.0514373779296875
26.0,15.0,15.0,0.021962881088256836
62.0,9.0,9.0,0.05775928497314453
41.0,19.0,19.0,0.0387423038482666
25.0,13.0,13.0,0.021975278854370117
30.0,12.0,12.0,0.026349782943725586
36.0,11.0,11.0,0.03387165069580078
75.0,22.0,22.0,0.06161355972290039
55.0,14.0,14.0,0.0445711612701416
70.0,14.0,14.0,0.06219792366027832
46.0,14.0,14.0,0.04380512237548828
71.0,17.0,17.0,0.07105278968811035
28.0,7.0,7.0,0.023426294326782227
40.0,17.0,17.0,0.032387733459472656
51.0,21.0,21.0,0.0493011474609375
41.0,14.0,14.0,0.05138397216796875
91.0,37.0,37.0,0.07157349586486816
20.0,9.0,9.0,0.017563343048095703
90.0,33.0,33.0,0.0900564193725586
72.0,9.0,9.0,0.0697929859161377
20.0,9.0,9.0,0.019606828689575195
57.0,17.0,17.0,0.052320003509521484
15.0,3.0,3.0,0.013512372970581055
52.0,19.0,19.0,0.04481220245361328
19.0,7.0,7.0,0.01980113983154297
66.0,16.0,16.0,0.059966087341308594
44.0,16.0,16.0,0.03580594062805176
138.0,40.0,40.0,0.11623692512512207
18.0,5.0,5.0,0.020760774612426758
31.0,19.0,19.0,0.030811786651611328
76.0,16.0,16.0,0.06722259521484375
143.0,45.0,45.0,0.14786076545715332
22.0,11.0,11.0,0.014961957931518555
83.0,22.0,22.0,0.08675670623779297
31.0,12.0,12.0,0.031117677688598633
69.0,26.0,26.0,0.06502151489257812
48.0,26.0,26.0,0.03001689910888672
20.0,7.0,7.0,0.014085054397583008
128.0,30.0,30.0,0.12181878089904785
40.0,12.0,12.0,0.04266047477722168
39.0,6.0,6.0,0.034157752990722656
138.0,29.0,29.0,0.12469029426574707
18.0,3.0,3.0,0.015152692794799805
39.0,12.0,12.0,0.03374075889587402
32.0,11.0,11.0,0.03158712387084961
28.0,15.0,15.0,0.02237534523010254
110.0,18.0,18.0,0.08082365989685059
78.0,29.0,29.0,0.061647653579711914
54.0,15.0,15.0,0.05864691734313965
28.0,13.0,13.0,0.02981090545654297
43.0,21.0,21.0,0.03825855255126953
30.0,7.0,7.0,0.03209209442138672
64.0,19.0,19.0,0.049530744552612305
97.0,28.0,28.0,0.07085466384887695
41.0,11.0,11.0,0.033318281173706055
23.0,8.0,8.0,0.01744699478149414
60.0,10.0,10.0,0.055063724517822266
37.0,11.0,11.0,0.03277850151062012
68.0,19.0,19.0,0.06881332397460938
40.0,13.0,13.0,0.03524160385131836
61.0,10.0,10.0,0.06389355659484863
26.0,8.0,8.0,0.020613908767700195
83.0,26.0,26.0,0.06925654411315918
34.0,15.0,15.0,0.028233051300048828
34.0,9.0,9.0,0.029892921447753906
36.0,18.0,18.0,0.025524377822875977
26.0,12.0,12.0,0.022459030151367188
66.0,14.0,14.0,0.07016897201538086
24.0,10.0,10.0,0.02025771141052246
33.0,5.0,5.0,0.03299403190612793
40.0,8.0,8.0,0.041315555572509766
34.0,11.0,11.0,0.033110857009887695
41.0,4.0,4.0,0.04353213310241699
36.0,13.0,13.0,0.046192169189453125
48.0,13.0,13.0,0.0401158332824707
111.0,19.0,19.0,0.1081397533416748
33.0,14.0,14.0,0.039313554763793945
17.0,6.0,6.0,0.017188549041748047
39.0,10.0,10.0,0.04960012435913086
56.0,21.0,21.0,0.0583193302154541
30.0,6.0,6.0,0.030846357345581055
73.0,17.0,17.0,0.06749773025512695
22.0,4.0,4.0,0.02530193328857422
76.0,29.0,29.0,0.07131767272949219
22.0,10.0,10.0,0.02817249298095703
31.0,8.0,8.0,0.026398897171020508
53.0,15.0,15.0,0.04668235778808594
49.0,16.0,16.0,0.04937434196472168
122.0,25.0,25.0,0.12315535545349121
23.0,11.0,11.0,0.024729490280151367
37.0,7.0,7.0,0.03651022911071777
43.0,10.0,10.0,0.04574775695800781
73.0,19.0,19.0,0.06922006607055664
26.0,12.0,12.0,0.02583026885986328
16.0,5.0,5.0,0.017667770385742188
26.0,8.0,8.0,0.02896595001220703
35.0,8.0,8.0,0.03157496452331543
32.0,10.0,10.0,0.03449416160583496
33.0,13.0,13.0,0.03303956985473633
37.0,20.0,20.0,0.043564796447753906
107.0,37.0,37.0,0.11329412460327148
38.0,12.0,12.0,0.03954720497131348
52.0,17.0,17.0,0.048268795013427734
132.0,33.0,33.0,0.13717293739318848
62.0,15.0,15.0,0.06582927703857422
74.0,21.0,21.0,0.07653617858886719
42.0,14.0,14.0,0.05314493179321289
30.0,16.0,16.0,0.02919483184814453
121.0,35.0,35.0,0.11948680877685547
105.0,32.0,32.0,0.10674381256103516
15.0,4.0,4.0,0.01588916778564453
33.0,14.0,14.0,0.02888345718383789
105.0,32.0,32.0,0.10395312309265137
82.0,18.0,18.0,0.08423995971679688
77.0,22.0,22.0,0.07730221748352051
56.0,15.0,15.0,0.07408690452575684
44.0,12.0,12.0,0.0490880012512207
141.0,31.0,31.0,0.15641427040100098
26.0,11.0,11.0,0.028188228607177734
24.0,5.0,5.0,0.02332448959350586
50.0,21.0,21.0,0.043604135513305664
80.0,19.0,19.0,0.08308529853820801
83.0,17.0,17.0,0.07918882369995117
35.0,8.0,8.0,0.034210205078125
30.0,11.0,11.0,0.05175328254699707
57.0,18.0,18.0,0.0807652473449707
69.0,19.0,19.0,0.07113933563232422
30.0,17.0,17.0,0.02117133140563965
45.0,14.0,14.0,0.03613114356994629
61.0,30.0,30.0,0.05571269989013672
30.0,16.0,16.0,0.03142404556274414
83.0,27.0,27.0,0.08978962898254395
31.0,11.0,11.0,0.026957035064697266
88.0,24.0,24.0,0.08334922790527344
29.0,8.0,8.0,0.03081536293029785
41.0,18.0,18.0,0.03643155097961426
43.0,18.0,18.0,0.053960323333740234
35.0,22.0,22.0,0.03622913360595703
58.0,27.0,27.0,0.05326437950134277
14.0,3.0,3.0,0.010609626770019531
26.0,10.0,10.0,0.02706170082092285
35.0,13.0,13.0,0.030779123306274414
42.0,17.0,17.0,0.04222536087036133
41.0,18.0,18.0,0.03459286689758301
31.0,4.0,4.0,0.026224136352539062
44.0,11.0,11.0,0.04264187812805176
58.0,15.0,15.0,0.07101154327392578
45.0,12.0,12.0,0.03300929069519043
67.0,19.0,19.0,0.05242514610290527
36.0,12.0,12.0,0.029753446578979492
32.0,18.0,18.0,0.03196883201599121
111.0,32.0,32.0,0.10156869888305664
46.0,9.0,9.0,0.03928256034851074
57.0,11.0,11.0,0.04502534866333008
22.0,4.0,4.0,0.018599271774291992
93.0,17.0,17.0,0.09387898445129395
29.0,14.0,14.0,0.03438711166381836
60.0,18.0,18.0,0.054204702377319336
43.0,8.0,8.0,0.03471016883850098
35.0,18.0,18.0,0.027207136154174805
84.0,24.0,24.0,0.09134078025817871
21.0,8.0,8.0,0.019175052642822266
121.0,32.0,32.0,0.11722850799560547
46.0,13.0,13.0,0.039656877517700195
50.0,14.0,14.0,0.044069528579711914
27.0,9.0,9.0,0.02167224884033203
104.0,20.0,20.0,0.09052467346191406
20.0,7.0,7.0,0.01882457733154297
37.0,10.0,10.0,0.028471708297729492
17.0,6.0,6.0,0.01610565185546875
37.0,19.0,19.0,0.03543400764465332
23.0,7.0,7.0,0.022132396697998047
32.0,18.0,18.0,0.02674269676208496
32.0,11.0,11.0,0.025988340377807617
63.0,31.0,31.0,0.04752302169799805
35.0,13.0,13.0,0.03545546531677246
86.0,22.0,22.0,0.07742857933044434
23.0,11.0,11.0,0.02142643928527832
30.0,9.0,9.0,0.035032033920288086
159.0,31.0,31.0,0.12272262573242188
42.0,7.0,7.0,0.03904390335083008
33.0,13.0,13.0,0.02611231803894043
43.0,14.0,14.0,0.0358576774597168
23.0,10.0,10.0,0.018792390823364258
52.0,17.0,17.0,0.0506129264831543
45.0,13.0,13.0,0.039347171783447266
120.0,26.0,26.0,0.09821200370788574
41.0,12.0,12.0,0.03403973579406738
20.0,9.0,9.0,0.0175325870513916
67.0,15.0,15.0,0.0486147403717041
34.0,10.0,10.0,0.021545886993408203
79.0,10.0,10.0,0.05880570411682129
74.0,24.0,24.0,0.06322741508483887
58.0,20.0,20.0,0.0476994514465332
41.0,12.0,12.0,0.036612749099731445
72.0,27.0,27.0,0.07234430313110352
166.0,40.0,40.0,0.15620708465576172
21.0,6.0,6.0,0.025954246520996094
42.0,7.0,7.0,0.035868167877197266
18.0,7.0,7.0,0.024493932723999023
41.0,13.0,13.0,0.04569387435913086
45.0,20.0,20.0,0.04091191291809082
41.0,15.0,15.0,0.03933095932006836
26.0,7.0,7.0,0.021372556686401367
51.0,22.0,22.0,0.04050135612487793
28.0,9.0,9.0,0.023415327072143555
19.0,7.0,7.0,0.01966261863708496
57.0,15.0,15.0,0.06255388259887695
89.0,20.0,20.0,0.09623384475708008
25.0,11.0,11.0,0.03077864646911621
73.0,13.0,13.0,0.07564163208007812
36.0,9.0,9.0,0.03330278396606445
28.0,9.0,9.0,0.02616715431213379
27.0,12.0,12.0,0.030504941940307617
46.0,11.0,11.0,0.046926259994506836
37.0,14.0,14.0,0.033422231674194336
27.0,8.0,8.0,0.028261423110961914
35.0,15.0,15.0,0.034302711486816406
20.0,9.0,9.0,0.021485567092895508
41.0,9.0,9.0,0.03786754608154297
43.0,13.0,13.0,0.03516054153442383
20.0,9.0,9.0,0.019633769989013672
39.0,10.0,10.0,0.03839898109436035
71.0,16.0,16.0,0.08421802520751953
41.0,13.0,13.0,0.0491642951965332
28.0,11.0,11.0,0.03315925598144531
20.0,8.0,8.0,0.019819974899291992
22.0,7.0,7.0,0.02416539192199707
48.0,14.0,14.0,0.03402209281921387
44.0,7.0,7.0,0.03837299346923828
83.0,19.0,19.0,0.08071279525756836
38.0,18.0,18.0,0.03412985801696777
24.0,8.0,8.0,0.021707773208618164
91.0,29.0,29.0,0.09661364555358887
29.0,15.0,15.0,0.027957677841186523
61.0,20.0,20.0,0.04776287078857422
18.0,7.0,7.0,0.01773357391357422
70.0,17.0,17.0,0.05098986625671387
31.0,18.0,18.0,0.029346704483032227
27.0,8.0,8.0,0.029715538024902344
95.0,26.0,26.0,0.09943199157714844
20.0,7.0,7.0,0.01797318458557129
63.0,16.0,16.0,0.05521202087402344
61.0,15.0,15.0,0.06114768981933594
67.0,27.0,27.0,0.0494685173034668
127.0,40.0,40.0,0.10983610153198242
25.0,6.0,6.0,0.026402711868286133
27.0,11.0,11.0,0.026312828063964844
30.0,12.0,12.0,0.028723955154418945
134.0,22.0,22.0,0.11401772499084473
38.0,13.0,13.0,0.04213309288024902
59.0,9.0,9.0,0.05547952651977539
27.0,12.0,12.0,0.0228879451751709
32.0,10.0,10.0,0.021312713623046875
30.0,17.0,17.0,0.0284883975982666
30.0,11.0,11.0,0.024420499801635742
42.0,12.0,12.0,0.03848576545715332
51.0,14.0,14.0,0.06039595603942871
37.0,14.0,14.0,0.04055619239807129
64.0,14.0,14.0,0.06734156608581543
20.0,6.0,6.0,0.03009343147277832
38.0,9.0,9.0,0.03723859786987305
69.0,14.0,14.0,0.05915260314941406
145.0,39.0,39.0,0.13332724571228027
39.0,9.0,9.0,0.03784799575805664
76.0,24.0,24.0,0.0646657943725586
120.0,29.0,29.0,0.10296273231506348
39.0,14.0,14.0,0.0352325439453125
16.0,5.0,5.0,0.01278233528137207
21.0,7.0,7.0,0.02166461944580078
45.0,9.0,9.0,0.044626474380493164
42.0,13.0,13.0,0.03482961654663086
57.0,23.0,23.0,0.04443049430847168
27.0,16.0,16.0,0.02160501480102539
94.0,25.0,25.0,0.07361221313476562
156.0,40.0,40.0,0.12893319129943848
52.0,22.0,22.0,0.05880427360534668
51.0,21.0,21.0,0.052193403244018555
63.0,27.0,27.0,0.06436705589294434
49.0,10.0,10.0,0.04104208946228027
35.0,12.0,12.0,0.025732040405273438
133.0,40.0,40.0,0.1162729263305664
54.0,22.0,22.0,0.04484724998474121
27.0,14.0,14.0,0.03569674491882324
40.0,18.0,18.0,0.03793144226074219
84.0,26.0,26.0,0.07483673095703125
42.0,13.0,13.0,0.04567861557006836
33.0,5.0,5.0,0.03744912147521973
26.0,14.0,14.0,0.028824329376220703
30.0,10.0,10.0,0.028453826904296875
70.0,22.0,22.0,0.06187582015991211
19.0,5.0,5.0,0.011886119842529297
86.0,29.0,29.0,0.07867598533630371
125.0,29.0,29.0,0.10963010787963867
48.0,17.0,17.0,0.04294300079345703
18.0,4.0,4.0,0.013925790786743164
62.0,18.0,18.0,0.04673600196838379
31.0,18.0,18.0,0.024825096130371094
21.0,6.0,6.0,0.02068781852722168
74.0,28.0,28.0,0.09760642051696777
54.0,21.0,21.0,0.0590212345123291
58.0,21.0,21.0,0.053310394287109375
194.0,41.0,41.0,0.1839902400970459
92.0,17.0,17.0,0.09795856475830078
22.0,9.0,9.0,0.021721839904785156
37.0,10.0,10.0,0.03029608726501465
63.0,20.0,20.0,0.04643416404724121
41.0,22.0,22.0,0.037567138671875
81.0,24.0,24.0,0.07081294059753418
62.0,50.0,50.0,0.05903959274291992
25.0,7.0,7.0,0.02279376983642578
18.0,7.0,7.0,0.013827323913574219
98.0,18.0,18.0,0.09219598770141602
70.0,17.0,17.0,0.061928510665893555
112.0,30.0,30.0,0.10199570655822754
22.0,5.0,5.0,0.019250869750976562
75.0,22.0,22.0,0.06502866744995117
57.0,10.0,10.0,0.054404497146606445
37.0,24.0,24.0,0.03814554214477539
66.0,12.0,12.0,0.06021380424499512
35.0,16.0,16.0,0.031355857849121094
55.0,18.0,18.0,0.04963088035583496
41.0,10.0,10.0,0.051680564880371094
66.0,11.0,11.0,0.07071113586425781
21.0,4.0,4.0,0.019443750381469727
80.0,29.0,29.0,0.07821249961853027
31.0,18.0,18.0,0.026231050491333008
62.0,13.0,13.0,0.049036502838134766
37.0,15.0,15.0,0.03126645088195801
95.0,28.0,28.0,0.07913088798522949
103.0,22.0,22.0,0.07995462417602539
41.0,17.0,17.0,0.03212141990661621
73.0,20.0,20.0,0.06780147552490234
35.0,11.0,11.0,0.04041767120361328
22.0,9.0,9.0,0.0132904052734375
44.0,8.0,8.0,0.038710832595825195
20.0,4.0,4.0,0.0180814266204834
85.0,33.0,33.0,0.08239316940307617
31.0,11.0,11.0,0.03396272659301758
34.0,7.0,7.0,0.03382110595703125
44.0,20.0,20.0,0.0494844913482666
36.0,24.0,24.0,0.03746628761291504
22.0,5.0,5.0,0.026942729949951172
23.0,11.0,11.0,0.0174863338470459
70.0,20.0,20.0,0.07053995132446289
72.0,21.0,21.0,0.06613850593566895
89.0,28.0,28.0,0.07065725326538086
44.0,11.0,11.0,0.04285287857055664
177.0,41.0,41.0,0.15041327476501465
50.0,17.0,17.0,0.04386711120605469
113.0,41.0,41.0,0.10779070854187012
18.0,8.0,8.0,0.016859769821166992
21.0,10.0,10.0,0.012533187866210938
53.0,13.0,13.0,0.04587912559509277
25.0,11.0,11.0,0.024153470993041992
36.0,19.0,19.0,0.03789544105529785
16.0,4.0,4.0,0.019674062728881836
63.0,13.0,13.0,0.05263209342956543
21.0,6.0,6.0,0.01939702033996582
39.0,13.0,13.0,0.024019956588745117
202.0,34.0,34.0,0.19729089736938477
29.0,15.0,15.0,0.024541139602661133
22.0,12.0,12.0,0.025208234786987305
36.0,13.0,13.0,0.024167299270629883
28.0,13.0,13.0,0.023809194564819336
17.0,6.0,6.0,0.018900394439697266
133.0,30.0,30.0,0.10480022430419922
74.0,31.0,31.0,0.06360483169555664
106.0,19.0,19.0,0.10226178169250488
65.0,24.0,24.0,0.07798242568969727
79.0,21.0,21.0,0.08289408683776855
61.0,15.0,15.0,0.0561823844909668
51.0,12.0,12.0,0.046887874603271484
25.0,5.0,5.0,0.023684263229370117
81.0,22.0,22.0,0.0785362720489502
61.0,18.0,18.0,0.06203150749206543
63.0,23.0,23.0,0.06435537338256836
119.0,23.0,23.0,0.14025044441223145
34.0,12.0,12.0,0.04053139686584473
89.0,24.0,24.0,0.1103367805480957
130.0,28.0,28.0,0.14029526710510254
46.0,14.0,14.0,0.045174360275268555
44.0,17.0,17.0,0.04376816749572754
46.0,17.0,17.0,0.04621410369873047
39.0,10.0,10.0,0.038756608963012695
32.0,18.0,18.0,0.040322303771972656
58.0,13.0,13.0,0.0642695426940918
127.0,22.0,22.0,0.14319419860839844
27.0,9.0,9.0,0.020045995712280273
23.0,7.0,7.0,0.0234377384185791
27.0,5.0,5.0,0.02758049964904785
26.0,5.0,5.0,0.030017375946044922
24.0,13.0,13.0,0.03666377067565918
25.0,10.0,10.0,0.0331416130065918
152.0,42.0,42.0,0.20786285400390625
50.0,11.0,11.0,0.060932159423828125
30.0,10.0,10.0,0.034700632095336914
45.0,19.0,19.0,0.0415194034576416
109.0,24.0,24.0,0.11038517951965332
37.0,8.0,8.0,0.048419952392578125
22.0,8.0,8.0,0.028383493423461914
22.0,7.0,7.0,0.023778915405273438
44.0,18.0,18.0,0.04379129409790039
27.0,9.0,9.0,0.03857159614562988
29.0,8.0,8.0,0.04287385940551758
22.0,11.0,11.0,0.02029728889465332
23.0,5.0,5.0,0.02126908302307129
155.0,36.0,36.0,0.14632344245910645
28.0,12.0,12.0,0.03313899040222168
55.0,11.0,11.0,0.05897045135498047
73.0,16.0,16.0,0.08288860321044922
65.0,18.0,18.0,0.07159066200256348
32.0,14.0,14.0,0.03489375114440918
32.0,14.0,14.0,0.03480076789855957
56.0,12.0,12.0,0.05712175369262695
94.0,24.0,24.0,0.10056018829345703
82.0,14.0,14.0,0.11295723915100098
52.0,10.0,10.0,0.05912375450134277
40.0,13.0,13.0,0.046955108642578125
57.0,17.0,17.0,0.05708003044128418
16.0,4.0,4.0,0.014983177185058594
22.0,9.0,9.0,0.01566028594970703
41.0,16.0,16.0,0.029394865036010742
35.0,10.0,10.0,0.03175973892211914
50.0,12.0,12.0,0.048330068588256836
53.0,24.0,24.0,0.044139862060546875
80.0,29.0,29.0,0.07512092590332031
74.0,24.0,24.0,0.061632394790649414
65.0,19.0,19.0,0.06811714172363281
26.0,7.0,7.0,0.027471303939819336
46.0,19.0,19.0,0.047867536544799805
45.0,20.0,20.0,0.036455631256103516
106.0,33.0,33.0,0.1144101619720459
64.0,10.0,10.0,0.052927494049072266
51.0,16.0,16.0,0.058502197265625
20.0,9.0,9.0,0.022154808044433594
26.0,11.0,11.0,0.030782699584960938
70.0,35.0,35.0,0.07312989234924316
50.0,15.0,15.0,0.05530214309692383
80.0,14.0,14.0,0.08995199203491211
16.0,5.0,5.0,0.020040035247802734
28.0,3.0,3.0,0.02927374839782715
32.0,15.0,15.0,0.033599853515625
83.0,24.0,24.0,0.09804201126098633
22.0,10.0,10.0,0.023852825164794922
54.0,9.0,9.0,0.061313629150390625
82.0,19.0,19.0,0.07640886306762695
33.0,9.0,9.0,0.03172111511230469
48.0,13.0,13.0,0.046700477600097656
43.0,19.0,19.0,0.04579043388366699
76.0,16.0,16.0,0.08517336845397949
40.0,26.0,26.0,0.03369617462158203
32.0,14.0,14.0,0.03285789489746094
32.0,19.0,19.0,0.031807899475097656
42.0,13.0,13.0,0.04650998115539551
24.0,7.0,7.0,0.024602890014648438
66.0,16.0,16.0,0.07242894172668457
31.0,7.0,7.0,0.03392148017883301
61.0,16.0,16.0,0.060042619705200195
49.0,19.0,19.0,0.05378842353820801
32.0,18.0,18.0,0.03538250923156738
25.0,6.0,6.0,0.025554180145263672
37.0,12.0,12.0,0.04230451583862305
149.0,31.0,31.0,0.1597292423248291
106.0,40.0,40.0,0.10040974617004395
42.0,17.0,17.0,0.051418304443359375
20.0,7.0,7.0,0.023334026336669922
68.0,15.0,15.0,0.08117032051086426
63.0,13.0,13.0,0.053134918212890625
102.0,26.0,26.0,0.08917117118835449
43.0,11.0,11.0,0.03715348243713379
157.0,34.0,34.0,0.1551041603088379
23.0,11.0,11.0,0.025675535202026367
47.0,6.0,6.0,0.04362368583679199
20.0,6.0,6.0,0.018024921417236328
96.0,25.0,25.0,0.07970952987670898
36.0,16.0,16.0,0.024140119552612305
32.0,7.0,7.0,0.029888153076171875
19.0,5.0,5.0,0.015059471130371094
20.0,8.0,8.0,0.02057361602783203
156.0,42.0,42.0,0.17148137092590332
36.0,14.0,14.0,0.02998065948486328
21.0,5.0,5.0,0.01935863494873047
25.0,6.0,6.0,0.024619579315185547
36.0,19.0,19.0,0.033232927322387695
113.0,29.0,29.0,0.09090900421142578
18.0,7.0,7.0,0.012037992477416992
64.0,21.0,21.0,0.060845375061035156
46.0,23.0,23.0,0.04615354537963867
112.0,38.0,38.0,0.09242773056030273
60.0,18.0,18.0,0.0692739486694336
35.0,12.0,12.0,0.03510093688964844
32.0,8.0,8.0,0.032973527908325195
99.0,33.0,33.0,0.08699321746826172
29.0,10.0,10.0,0.02367377281188965
78.0,27.0,27.0,0.07508349418640137
46.0,11.0,11.0,0.04969501495361328
23.0,8.0,8.0,0.03110051155090332
26.0,6.0,6.0,0.03175163269042969
19.0,5.0,5.0,0.016386747360229492
15.0,5.0,5.0,0.020688772201538086
18.0,6.0,6.0,0.02184319496154785
67.0,26.0,26.0,0.0603787899017334
57.0,14.0,14.0,0.058861732482910156
57.0,22.0,22.0,0.06404805183410645
55.0,23.0,23.0,0.052880048751831055
18.0,6.0,6.0,0.019124746322631836
22.0,8.0,8.0,0.019826173782348633
21.0,5.0,5.0,0.01653313636779785
31.0,10.0,10.0,0.03210806846618652
44.0,11.0,11.0,0.0417027473449707
24.0,10.0,10.0,0.018635034561157227
41.0,10.0,10.0,0.03984498977661133
28.0,5.0,5.0,0.01664566993713379
18.0,8.0,8.0,0.01737380027770996
122.0,43.0,43.0,0.10167741775512695
66.0,21.0,21.0,0.057819366455078125
53.0,23.0,23.0,0.04264497756958008
49.0,17.0,17.0,0.03463554382324219
20.0,5.0,5.0,0.02397775650024414
27.0,14.0,14.0,0.0207061767578125
32.0,11.0,11.0,0.028699874877929688
34.0,13.0,13.0,0.024656295776367188
59.0,26.0,26.0,0.04139351844787598
28.0,13.0,13.0,0.017337799072265625
57.0,22.0,22.0,0.041417837142944336
78.0,11.0,11.0,0.07519364356994629
92.0,21.0,21.0,0.08411455154418945
56.0,13.0,13.0,0.05448436737060547
28.0,11.0,11.0,0.03332161903381348
25.0,13.0,13.0,0.02891397476196289
72.0,25.0,25.0,0.0683135986328125
47.0,13.0,13.0,0.04330611228942871
14.0,3.0,3.0,0.013529539108276367
36.0,18.0,18.0,0.03349566459655762
64.0,12.0,12.0,0.06496858596801758
51.0,31.0,31.0,0.04389548301696777
19.0,4.0,4.0,0.014263153076171875
73.0,20.0,20.0,0.061248779296875
69.0,16.0,16.0,0.06139254570007324
41.0,12.0,12.0,0.0343327522277832
22.0,8.0,8.0,0.015057563781738281
56.0,17.0,17.0,0.0548856258392334
67.0,19.0,19.0,0.058706045150756836
52.0,14.0,14.0,0.03975844383239746
22.0,10.0,10.0,0.02505350112915039
63.0,11.0,11.0,0.05495285987854004
38.0,9.0,9.0,0.03432059288024902
21.0,10.0,10.0,0.021541833877563477
55.0,17.0,17.0,0.051230430603027344
128.0,20.0,20.0,0.1335458755493164
28.0,7.0,7.0,0.04075336456298828
18.0,7.0,7.0,0.022679805755615234
54.0,23.0,23.0,0.05413985252380371
60.0,13.0,13.0,0.07522702217102051
19.0,7.0,7.0,0.02055954933166504
25.0,9.0,9.0,0.037276268005371094
40.0,6.0,6.0,0.04044365882873535
99.0,30.0,30.0,0.09760355949401855
30.0,14.0,14.0,0.03535723686218262
36.0,10.0,10.0,0.03490257263183594
25.0,11.0,11.0,0.025435209274291992
39.0,7.0,7.0,0.03265213966369629
20.0,5.0,5.0,0.021866559982299805
27.0,13.0,13.0,0.02294015884399414
60.0,24.0,24.0,0.05386042594909668
154.0,35.0,35.0,0.14919519424438477
91.0,33.0,33.0,0.09080123901367188
27.0,8.0,8.0,0.023818016052246094
47.0,23.0,23.0,0.04686546325683594
94.0,24.0,24.0,0.0797579288482666
25.0,6.0,6.0,0.031859636306762695
29.0,9.0,9.0,0.022987842559814453
22.0,11.0,11.0,0.02140498161315918
52.0,13.0,13.0,0.055129289627075195
72.0,15.0,15.0,0.06871724128723145
52.0,15.0,15.0,0.04324030876159668
123.0,32.0,32.0,0.10038423538208008
37.0,18.0,18.0,0.03538656234741211
43.0,13.0,13.0,0.036385536193847656
58.0,11.0,11.0,0.0451352596282959
27.0,13.0,13.0,0.022936582565307617
17.0,6.0,6.0,0.011455535888671875
19.0,7.0,7.0,0.016460895538330078
23.0,9.0,9.0,0.02077031135559082
30.0,8.0,8.0,0.024541616439819336
22.0,6.0,6.0,0.01828289031982422
45.0,17.0,17.0,0.03620648384094238
49.0,18.0,18.0,0.03975725173950195
26.0,9.0,9.0,0.018594741821289062
31.0,11.0,11.0,0.02436065673828125
53.0,24.0,24.0,0.0460515022277832
39.0,15.0,15.0,0.03239750862121582
35.0,10.0,10.0,0.023773193359375
60.0,10.0,10.0,0.04485678672790527
22.0,10.0,10.0,0.019807815551757812
44.0,18.0,18.0,0.04024696350097656
20.0,9.0,9.0,0.024798870086669922
67.0,13.0,13.0,0.05599379539489746
52.0,21.0,21.0,0.053261756896972656
90.0,16.0,16.0,0.07700467109680176
51.0,13.0,13.0,0.04746580123901367
85.0,29.0,29.0,0.08298850059509277
102.0,41.0,41.0,0.11062121391296387
65.0,19.0,19.0,0.0465397834777832
32.0,10.0,10.0,0.027766704559326172
100.0,28.0,28.0,0.07459068298339844
29.0,10.0,10.0,0.026398181915283203
17.0,6.0,6.0,0.01900315284729004
15.0,4.0,4.0,0.013954639434814453
27.0,7.0,7.0,0.025899410247802734
88.0,39.0,39.0,0.08303332328796387
32.0,16.0,16.0,0.02898859977722168
34.0,13.0,13.0,0.031281471252441406
103.0,31.0,31.0,0.08235597610473633
59.0,19.0,19.0,0.051054954528808594
30.0,7.0,7.0,0.02618265151977539
38.0,10.0,10.0,0.036355018615722656
18.0,7.0,7.0,0.017702102661132812
27.0,16.0,16.0,0.027448415756225586
36.0,8.0,8.0,0.026642560958862305
40.0,12.0,12.0,0.0339968204498291
55.0,11.0,11.0,0.044573068618774414
110.0,25.0,25.0,0.09015607833862305
119.0,22.0,22.0,0.0757293701171875
41.0,17.0,17.0,0.03531336784362793
39.0,15.0,15.0,0.03536391258239746
62.0,19.0,19.0,0.05413937568664551
32.0,15.0,15.0,0.029465913772583008
26.0,14.0,14.0,0.02628326416015625
42.0,12.0,12.0,0.038934946060180664
39.0,8.0,8.0,0.03365015983581543
26.0,8.0,8.0,0.02417922019958496
23.0,7.0,7.0,0.0203249454498291
27.0,3.0,3.0,0.021331787109375
152.0,41.0,41.0,0.1378192901611328
30.0,13.0,13.0,0.022689104080200195
128.0,19.0,19.0,0.12700867652893066
19.0,8.0,8.0,0.015193939208984375
51.0,12.0,12.0,0.048949241638183594
45.0,19.0,19.0,0.03872251510620117
24.0,10.0,10.0,0.01864480972290039
24.0,7.0,7.0,0.018079757690429688
123.0,31.0,31.0,0.10715627670288086
32.0,10.0,10.0,0.030391454696655273
18.0,5.0,5.0,0.020517349243164062
38.0,13.0,13.0,0.04048299789428711
49.0,16.0,16.0,0.0496518611907959
32.0,6.0,6.0,0.024402618408203125
20.0,9.0,9.0,0.02381730079650879
19.0,3.0,3.0,0.014864683151245117
69.0,42.0,42.0,0.07409429550170898
18.0,4.0,4.0,0.023856163024902344
106.0,39.0,39.0,0.0984654426574707
76.0,12.0,12.0,0.07455229759216309
15.0,3.0,3.0,0.015917301177978516
77.0,21.0,21.0,0.06232261657714844
20.0,8.0,8.0,0.016948461532592773
106.0,43.0,43.0,0.09589624404907227
34.0,12.0,12.0,0.029751300811767578
17.0,5.0,5.0,0.016091108322143555
128.0,41.0,41.0,0.11916232109069824
66.0,17.0,17.0,0.060546159744262695
41.0,22.0,22.0,0.030283451080322266
52.0,17.0,17.0,0.04438066482543945
18.0,7.0,7.0,0.015681743621826172
22.0,11.0,11.0,0.021219968795776367
18.0,3.0,3.0,0.018094539642333984
29.0,5.0,5.0,0.02712082862854004
83.0,18.0,18.0,0.08525490760803223
41.0,16.0,16.0,0.04436659812927246
109.0,30.0,30.0,0.09213924407958984
18.0,5.0,5.0,0.016239166259765625
29.0,6.0,6.0,0.023981809616088867
71.0,35.0,35.0,0.07141375541687012
33.0,14.0,14.0,0.027739286422729492
28.0,13.0,13.0,0.025783300399780273
25.0,7.0,7.0,0.024459362030029297
36.0,12.0,12.0,0.0386505126953125
35.0,9.0,9.0,0.039331674575805664
60.0,15.0,15.0,0.06259632110595703
29.0,12.0,12.0,0.027847766876220703
45.0,10.0,10.0,0.05832338333129883
37.0,7.0,7.0,0.036508798599243164
32.0,7.0,7.0,0.039578914642333984
109.0,35.0,35.0,0.09304523468017578
41.0,9.0,9.0,0.03827357292175293
195.0,34.0,34.0,0.19345378875732422
24.0,12.0,12.0,0.02069544792175293
73.0,25.0,25.0,0.07114195823669434
37.0,12.0,12.0,0.035582542419433594
75.0,23.0,23.0,0.07344794273376465
26.0,12.0,12.0,0.026019573211669922
30.0,13.0,13.0,0.0339968204498291
47.0,21.0,21.0,0.04534912109375
39.0,16.0,16.0,0.040001869201660156
101.0,12.0,12.0,0.10370922088623047
89.0,24.0,24.0,0.10028910636901855
24.0,8.0,8.0,0.01817798614501953
31.0,13.0,13.0,0.03730130195617676
46.0,24.0,24.0,0.058035850524902344
24.0,9.0,9.0,0.025443077087402344
25.0,10.0,10.0,0.021504640579223633
31.0,12.0,12.0,0.025819063186645508
194.0,28.0,28.0,0.18433475494384766
17.0,5.0,5.0,0.011522293090820312
21.0,9.0,9.0,0.01849055290222168
32.0,13.0,13.0,0.03436899185180664
28.0,15.0,15.0,0.0334014892578125
58.0,11.0,11.0,0.0582430362701416
29.0,6.0,6.0,0.03858304023742676
27.0,13.0,13.0,0.030946016311645508
62.0,15.0,15.0,0.057433366775512695
120.0,40.0,40.0,0.12900090217590332
28.0,10.0,10.0,0.03961539268493652
89.0,11.0,11.0,0.08483457565307617
31.0,10.0,10.0,0.03162527084350586
39.0,12.0,12.0,0.04069924354553223
17.0,6.0,6.0,0.021480560302734375
39.0,11.0,11.0,0.03892350196838379
43.0,10.0,10.0,0.04309368133544922
63.0,27.0,27.0,0.06105852127075195
39.0,8.0,8.0,0.05547618865966797
13.0,1.0,1.0,0.02228260040283203
101.0,35.0,35.0,0.09358692169189453
17.0,3.0,3.0,0.016805171966552734
44.0,14.0,14.0,0.03832411766052246
26.0,12.0,12.0,0.021102190017700195
46.0,14.0,14.0,0.04219651222229004
24.0,13.0,13.0,0.02531576156616211
31.0,15.0,15.0,0.03259921073913574
39.0,19.0,19.0,0.03847646713256836
25.0,9.0,9.0,0.017083406448364258
25.0,6.0,6.0,0.022304534912109375
68.0,16.0,16.0,0.06610894203186035
34.0,7.0,7.0,0.03268623352050781
76.0,26.0,26.0,0.06854081153869629
32.0,15.0,15.0,0.031746625900268555
27.0,13.0,13.0,0.03167891502380371
31.0,14.0,14.0,0.03502154350280762
53.0,19.0,19.0,0.060741424560546875
42.0,16.0,16.0,0.053293466567993164
49.0,16.0,16.0,0.05058765411376953
93.0,24.0,24.0,0.09814262390136719
36.0,12.0,12.0,0.04066896438598633
55.0,15.0,15.0,0.05532240867614746
18.0,5.0,5.0,0.019632577896118164
39.0,13.0,13.0,0.036531686782836914
31.0,11.0,11.0,0.03156137466430664
27.0,7.0,7.0,0.02402520179748535
20.0,9.0,9.0,0.019971847534179688
115.0,28.0,28.0,0.11049509048461914
27.0,11.0,11.0,0.02709031105041504
30.0,14.0,14.0,0.030330896377563477
56.0,19.0,19.0,0.05420708656311035
78.0,26.0,26.0,0.07535481452941895
88.0,19.0,19.0,0.08687543869018555
37.0,9.0,9.0,0.0450897216796875
26.0,9.0,9.0,0.029814720153808594
40.0,8.0,8.0,0.03899264335632324
16.0,4.0,4.0,0.01680159568786621
33.0,13.0,13.0,0.03139805793762207
78.0,23.0,23.0,0.06879663467407227
24.0,6.0,6.0,0.018045425415039062
94.0,11.0,11.0,0.0825951099395752
19.0,8.0,8.0,0.019517183303833008
56.0,23.0,23.0,0.04333996772766113
24.0,11.0,11.0,0.019475221633911133
22.0,11.0,11.0,0.021406888961791992
26.0,10.0,10.0,0.021687984466552734
61.0,10.0,10.0,0.04572629928588867
61.0,14.0,14.0,0.04725241661071777
18.0,5.0,5.0,0.024238109588623047
57.0,10.0,10.0,0.048161983489990234
34.0,20.0,20.0,0.03150534629821777
26.0,12.0,12.0,0.02753448486328125
30.0,10.0,10.0,0.02498626708984375
99.0,34.0,34.0,0.1030890941619873
28.0,5.0,5.0,0.0277864933013916
83.0,31.0,31.0,0.08147072792053223
25.0,12.0,12.0,0.021775245666503906
175.0,48.0,48.0,0.27735233306884766
19.0,7.0,7.0,0.02004694938659668
28.0,15.0,15.0,0.025307893753051758
32.0,15.0,15.0,0.03487277030944824
48.0,19.0,19.0,0.05231308937072754
22.0,8.0,8.0,0.03177833557128906
79.0,33.0,33.0,0.07841277122497559
159.0,44.0,44.0,0.1662745475769043
47.0,3.0,3.0,0.0415797233581543
29.0,4.0,4.0,0.03623557090759277
136.0,37.0,37.0,0.13399815559387207
28.0,12.0,12.0,0.023788928985595703
73.0,22.0,22.0,0.08891820907592773
32.0,11.0,11.0,0.03680014610290527
20.0,6.0,6.0,0.018901348114013672
64.0,27.0,27.0,0.06048750877380371
38.0,12.0,12.0,0.030730724334716797
27.0,13.0,13.0,0.029450416564941406
52.0,15.0,15.0,0.0526738166809082
21.0,10.0,10.0,0.013096332550048828
67.0,10.0,10.0,0.061266422271728516
58.0,20.0,20.0,0.053794145584106445
57.0,21.0,21.0,0.05204415321350098
24.0,10.0,10.0,0.018723726272583008
54.0,6.0,6.0,0.04103517532348633
237.0,81.0,81.0,0.22380852699279785
67.0,31.0,31.0,0.05691671371459961
13.0,2.0,2.0,0.01366877555847168
103.0,29.0,29.0,0.0914297103881836
18.0,7.0,7.0,0.014932870864868164
50.0,21.0,21.0,0.04463481903076172
60.0,10.0,10.0,0.041460514068603516
48.0,14.0,14.0,0.05294966697692871
20.0,6.0,6.0,0.015925168991088867
72.0,17.0,17.0,0.05584239959716797
25.0,13.0,13.0,0.029277801513671875
22.0,11.0,11.0,0.021143198013305664
24.0,6.0,6.0,0.022376298904418945
39.0,12.0,12.0,0.03006911277770996
30.0,12.0,12.0,0.027339458465576172
128.0,35.0,35.0,0.10994577407836914
73.0,11.0,11.0,0.06342625617980957
33.0,9.0,9.0,0.035054683685302734
50.0,25.0,25.0,0.04239320755004883
23.0,8.0,8.0,0.02055191993713379
90.0,16.0,16.0,0.09409737586975098
100.0,20.0,20.0,0.09460568428039551
26.0,13.0,13.0,0.02001810073852539
50.0,14.0,14.0,0.0457921028137207
39.0,16.0,16.0,0.04483747482299805
43.0,14.0,14.0,0.0372166633605957
48.0,13.0,13.0,0.04689908027648926
39.0,20.0,20.0,0.03243422508239746
27.0,6.0,6.0,0.02698969841003418
57.0,15.0,15.0,0.050843238830566406
38.0,14.0,14.0,0.02948451042175293
26.0,11.0,11.0,0.019977092742919922
30.0,13.0,13.0,0.026453733444213867
98.0,14.0,14.0,0.08035683631896973
34.0,7.0,7.0,0.02900552749633789
64.0,35.0,35.0,0.05014753341674805
47.0,18.0,18.0,0.03825187683105469
29.0,12.0,12.0,0.027435779571533203
51.0,18.0,18.0,0.04088759422302246
53.0,23.0,23.0,0.03841543197631836
41.0,9.0,9.0,0.027074575424194336
86.0,23.0,23.0,0.07634449005126953
23.0,3.0,3.0,0.022721290588378906
38.0,7.0,7.0,0.02864837646484375
144.0,35.0,35.0,0.12010598182678223
37.0,9.0,9.0,0.034166812896728516
32.0,15.0,15.0,0.0319521427154541
28.0,11.0,11.0,0.022689104080200195
23.0,7.0,7.0,0.015263557434082031
67.0,17.0,17.0,0.06553387641906738
12.0,0.0,0.0,0.012591361999511719
98.0,26.0,26.0,0.08864474296569824
14.0,2.0,2.0,0.010516643524169922
84.0,26.0,26.0,0.0725560188293457
84.0,27.0,27.0,0.07021212577819824
32.0,7.0,7.0,0.02474355697631836
32.0,13.0,13.0,0.027076244354248047
106.0,33.0,33.0,0.10461568832397461
40.0,9.0,9.0,0.03602910041809082
20.0,6.0,6.0,0.017327070236206055
54.0,21.0,21.0,0.04518532752990723
28.0,14.0,14.0,0.0226285457611084
30.0,10.0,10.0,0.0224454402923584
126.0,29.0,29.0,0.10981583595275879
82.0,15.0,15.0,0.05840110778808594
26.0,13.0,13.0,0.02208995819091797
42.0,14.0,14.0,0.03452634811401367
47.0,14.0,14.0,0.04547452926635742
15.0,4.0,4.0,0.011775016784667969
29.0,14.0,14.0,0.02333521842956543
16.0,5.0,5.0,0.01988697052001953
20.0,4.0,4.0,0.02344679832458496
18.0,7.0,7.0,0.023502349853515625
38.0,13.0,13.0,0.05113577842712402
90.0,22.0,22.0,0.0836937427520752
23.0,8.0,8.0,0.024479150772094727
30.0,8.0,8.0,0.024898290634155273
68.0,18.0,18.0,0.054996490478515625
125.0,34.0,34.0,0.10265350341796875
69.0,38.0,38.0,0.06495237350463867
24.0,12.0,12.0,0.018241405487060547
135.0,47.0,47.0,0.11411023139953613
24.0,12.0,12.0,0.020699739456176758
160.0,26.0,26.0,0.13852763175964355
26.0,10.0,10.0,0.0215151309967041
114.0,22.0,22.0,0.0893247127532959
23.0,11.0,11.0,0.021901607513427734
28.0,13.0,13.0,0.028900623321533203
29.0,15.0,15.0,0.031862735748291016
39.0,25.0,25.0,0.03894186019897461
124.0,30.0,30.0,0.08513307571411133
57.0,21.0,21.0,0.05180668830871582
25.0,12.0,12.0,0.020174741744995117
22.0,10.0,10.0,0.015523433685302734
70.0,14.0,14.0,0.05867958068847656
70.0,21.0,21.0,0.056218624114990234
82.0,23.0,23.0,0.07363653182983398
22.0,6.0,6.0,0.023688316345214844
47.0,8.0,8.0,0.03407406806945801
43.0,8.0,8.0,0.03410196304321289
53.0,11.0,11.0,0.04584050178527832
40.0,11.0,11.0,0.03626394271850586
38.0,5.0,5.0,0.03412365913391113
113.0,24.0,24.0,0.11330842971801758
27.0,6.0,6.0,0.01709914207458496
35.0,15.0,15.0,0.029510498046875
39.0,9.0,9.0,0.03728818893432617
87.0,23.0,23.0,0.08786129951477051
25.0,11.0,11.0,0.01811814308166504
86.0,32.0,32.0,0.09155058860778809
27.0,14.0,14.0,0.021324872970581055
44.0,6.0,6.0,0.04166007041931152
55.0,28.0,28.0,0.050863027572631836
21.0,5.0,5.0,0.015413045883178711
46.0,11.0,11.0,0.043196678161621094
27.0,7.0,7.0,0.0262300968170166
30.0,7.0,7.0,0.023905038833618164
37.0,17.0,17.0,0.02936244010925293
97.0,25.0,25.0,0.09985184669494629
194.0,49.0,49.0,0.1811525821685791
70.0,13.0,13.0,0.059664249420166016
23.0,6.0,6.0,0.020367145538330078
57.0,17.0,17.0,0.050028085708618164
77.0,26.0,26.0,0.06711721420288086
47.0,19.0,19.0,0.039362430572509766
57.0,25.0,25.0,0.04992389678955078
79.0,23.0,23.0,0.05762743949890137
95.0,18.0,18.0,0.07771778106689453
30.0,7.0,7.0,0.02007317543029785
39.0,10.0,10.0,0.031210660934448242
62.0,20.0,20.0,0.05211234092712402
55.0,34.0,34.0,0.03943061828613281
99.0,32.0,32.0,0.07894134521484375
48.0,14.0,14.0,0.03743720054626465
52.0,20.0,20.0,0.046362876892089844
32.0,16.0,16.0,0.021062850952148438
96.0,24.0,24.0,0.0762019157409668
28.0,6.0,6.0,0.023036956787109375
44.0,17.0,17.0,0.04588198661804199
83.0,30.0,30.0,0.06685924530029297
90.0,15.0,15.0,0.07702302932739258
96.0,32.0,32.0,0.07404398918151855
52.0,22.0,22.0,0.04099607467651367
