Timesteps,Collisions,Steps Waited,Real-Time Elapsed
33.0,9.0,9.0,0.03641557693481445
42.0,12.0,12.0,0.03495287895202637
24.0,10.0,10.0,0.021079540252685547
33.0,21.0,21.0,0.02721238136291504
44.0,16.0,16.0,0.03112626075744629
59.0,14.0,14.0,0.044525146484375
40.0,16.0,16.0,0.028580665588378906
74.0,25.0,25.0,0.05244040489196777
47.0,22.0,22.0,0.031388044357299805
25.0,11.0,11.0,0.01714944839477539
25.0,7.0,7.0,0.01864147186279297
107.0,24.0,24.0,0.09121942520141602
61.0,16.0,16.0,0.050615787506103516
81.0,31.0,31.0,0.07394766807556152
20.0,7.0,7.0,0.02323293685913086
59.0,30.0,30.0,0.055108070373535156
48.0,21.0,21.0,0.04874086380004883
74.0,17.0,17.0,0.056726694107055664
22.0,9.0,9.0,0.024193286895751953
109.0,41.0,41.0,0.10270500183105469
63.0,19.0,19.0,0.06565260887145996
54.0,25.0,25.0,0.05295205116271973
143.0,45.0,45.0,0.12014341354370117
32.0,13.0,13.0,0.03229570388793945
29.0,11.0,11.0,0.020875930786132812
45.0,27.0,27.0,0.03515887260437012
57.0,33.0,33.0,0.05001688003540039
37.0,18.0,18.0,0.03461909294128418
165.0,57.0,57.0,0.1497516632080078
37.0,13.0,13.0,0.03731346130371094
39.0,12.0,12.0,0.03979086875915527
134.0,54.0,54.0,0.10442590713500977
24.0,10.0,10.0,0.019877910614013672
43.0,18.0,18.0,0.030297517776489258
21.0,10.0,10.0,0.015287399291992188
84.0,24.0,24.0,0.05980539321899414
45.0,18.0,18.0,0.03853487968444824
32.0,11.0,11.0,0.024312734603881836
55.0,15.0,15.0,0.04365801811218262
87.0,34.0,34.0,0.07248973846435547
102.0,28.0,28.0,0.07823514938354492
40.0,13.0,13.0,0.02657794952392578
32.0,16.0,16.0,0.023114681243896484
28.0,16.0,16.0,0.018468618392944336
30.0,12.0,12.0,0.019793272018432617
34.0,15.0,15.0,0.02502298355102539
41.0,16.0,16.0,0.035984039306640625
50.0,20.0,20.0,0.035062551498413086
69.0,27.0,27.0,0.04691290855407715
20.0,8.0,8.0,0.015212059020996094
15.0,5.0,5.0,0.010512590408325195
54.0,19.0,19.0,0.0415036678314209
26.0,11.0,11.0,0.023448944091796875
50.0,16.0,16.0,0.04264330863952637
31.0,12.0,12.0,0.030587196350097656
77.0,38.0,38.0,0.06598854064941406
132.0,41.0,41.0,0.10437726974487305
88.0,33.0,33.0,0.06223154067993164
29.0,12.0,12.0,0.019865036010742188
32.0,20.0,20.0,0.023901939392089844
16.0,5.0,5.0,0.010813474655151367
121.0,26.0,26.0,0.08274054527282715
92.0,23.0,23.0,0.05866694450378418
35.0,18.0,18.0,0.02167367935180664
34.0,14.0,14.0,0.02067852020263672
195.0,70.0,70.0,0.12480711936950684
74.0,24.0,24.0,0.05389761924743652
105.0,24.0,24.0,0.0751183032989502
59.0,32.0,32.0,0.04302477836608887
43.0,27.0,27.0,0.028703927993774414
77.0,31.0,31.0,0.04723238945007324
22.0,10.0,10.0,0.013626575469970703
86.0,19.0,19.0,0.054973602294921875
50.0,11.0,11.0,0.035680532455444336
17.0,7.0,7.0,0.011902570724487305
42.0,11.0,11.0,0.03232622146606445
48.0,18.0,18.0,0.03478693962097168
46.0,19.0,19.0,0.030211687088012695
83.0,24.0,24.0,0.05471014976501465
146.0,37.0,37.0,0.0936431884765625
116.0,29.0,29.0,0.07552647590637207
150.0,63.0,63.0,0.10137486457824707
66.0,18.0,18.0,0.04398798942565918
118.0,38.0,38.0,0.0782935619354248
42.0,15.0,15.0,0.02858424186706543
33.0,15.0,15.0,0.0219419002532959
21.0,7.0,7.0,0.015108346939086914
29.0,14.0,14.0,0.02151203155517578
73.0,16.0,16.0,0.04866957664489746
39.0,17.0,17.0,0.02492070198059082
45.0,17.0,17.0,0.031061887741088867
64.0,21.0,21.0,0.04213285446166992
28.0,14.0,14.0,0.018346309661865234
71.0,23.0,23.0,0.05602550506591797
29.0,9.0,9.0,0.01930975914001465
90.0,27.0,27.0,0.08133053779602051
35.0,17.0,17.0,0.02579951286315918
184.0,39.0,39.0,0.13805317878723145
34.0,16.0,16.0,0.027965068817138672
86.0,26.0,26.0,0.059227943420410156
63.0,17.0,17.0,0.03795266151428223
51.0,19.0,19.0,0.031722068786621094
55.0,19.0,19.0,0.03741908073425293
55.0,36.0,36.0,0.036696434020996094
58.0,27.0,27.0,0.03614997863769531
28.0,10.0,10.0,0.017690420150756836
19.0,9.0,9.0,0.012299776077270508
28.0,11.0,11.0,0.018294334411621094
59.0,19.0,19.0,0.036444664001464844
95.0,26.0,26.0,0.06567883491516113
59.0,18.0,18.0,0.03618431091308594
48.0,21.0,21.0,0.030182838439941406
35.0,13.0,13.0,0.02187061309814453
26.0,15.0,15.0,0.015733718872070312
33.0,20.0,20.0,0.021004676818847656
26.0,13.0,13.0,0.01634979248046875
20.0,7.0,7.0,0.014310598373413086
25.0,14.0,14.0,0.01595020294189453
32.0,13.0,13.0,0.02173304557800293
41.0,17.0,17.0,0.026752471923828125
85.0,28.0,28.0,0.08662748336791992
33.0,10.0,10.0,0.0241701602935791
157.0,42.0,42.0,0.1103365421295166
87.0,22.0,22.0,0.06487703323364258
49.0,24.0,24.0,0.031029701232910156
42.0,21.0,21.0,0.03273582458496094
52.0,17.0,17.0,0.03613638877868652
88.0,33.0,33.0,0.05869126319885254
20.0,9.0,9.0,0.01712489128112793
29.0,8.0,8.0,0.019010543823242188
68.0,26.0,26.0,0.043595075607299805
92.0,32.0,32.0,0.05830550193786621
104.0,26.0,26.0,0.08033180236816406
44.0,25.0,25.0,0.02691650390625
30.0,13.0,13.0,0.017459869384765625
75.0,18.0,18.0,0.047299861907958984
47.0,17.0,17.0,0.03153395652770996
134.0,32.0,32.0,0.08721065521240234
37.0,11.0,11.0,0.02322530746459961
72.0,14.0,14.0,0.045798540115356445
117.0,38.0,38.0,0.0772256851196289
123.0,41.0,41.0,0.08498644828796387
87.0,33.0,33.0,0.05666518211364746
47.0,26.0,26.0,0.027904272079467773
45.0,16.0,16.0,0.04060029983520508
76.0,14.0,14.0,0.04834342002868652
97.0,32.0,32.0,0.06816911697387695
35.0,14.0,14.0,0.022410154342651367
103.0,31.0,31.0,0.06581354141235352
34.0,21.0,21.0,0.023566007614135742
52.0,17.0,17.0,0.0320432186126709
32.0,12.0,12.0,0.021820068359375
26.0,11.0,11.0,0.015993833541870117
24.0,11.0,11.0,0.015006303787231445
18.0,6.0,6.0,0.012880086898803711
23.0,9.0,9.0,0.015121936798095703
39.0,22.0,22.0,0.024998188018798828
66.0,24.0,24.0,0.041675567626953125
39.0,6.0,6.0,0.02561807632446289
56.0,18.0,18.0,0.03569173812866211
58.0,16.0,16.0,0.03784513473510742
153.0,34.0,34.0,0.09903860092163086
53.0,21.0,21.0,0.03522443771362305
28.0,15.0,15.0,0.021772384643554688
68.0,27.0,27.0,0.043175458908081055
55.0,21.0,21.0,0.03415393829345703
41.0,12.0,12.0,0.025257587432861328
29.0,13.0,13.0,0.019242525100708008
58.0,18.0,18.0,0.03903985023498535
53.0,15.0,15.0,0.03812670707702637
32.0,15.0,15.0,0.02698659896850586
83.0,33.0,33.0,0.06107687950134277
67.0,13.0,13.0,0.04524087905883789
36.0,16.0,16.0,0.027281999588012695
122.0,26.0,26.0,0.07721233367919922
37.0,17.0,17.0,0.022056102752685547
63.0,29.0,29.0,0.03975963592529297
32.0,13.0,13.0,0.020718812942504883
83.0,26.0,26.0,0.05539298057556152
92.0,25.0,25.0,0.058504581451416016
48.0,27.0,27.0,0.040502071380615234
56.0,29.0,29.0,0.04075455665588379
91.0,41.0,41.0,0.07721090316772461
52.0,19.0,19.0,0.0451207160949707
100.0,30.0,30.0,0.0689859390258789
100.0,28.0,28.0,0.06452727317810059
30.0,13.0,13.0,0.02472972869873047
34.0,12.0,12.0,0.02708125114440918
22.0,9.0,9.0,0.014899253845214844
32.0,9.0,9.0,0.03545403480529785
37.0,12.0,12.0,0.035604000091552734
51.0,8.0,8.0,0.036591291427612305
21.0,9.0,9.0,0.021747112274169922
90.0,24.0,24.0,0.06819748878479004
88.0,14.0,14.0,0.06196308135986328
43.0,12.0,12.0,0.035173654556274414
42.0,12.0,12.0,0.0320281982421875
24.0,12.0,12.0,0.01551055908203125
35.0,15.0,15.0,0.02173304557800293
22.0,8.0,8.0,0.013418436050415039
60.0,22.0,22.0,0.03792405128479004
35.0,17.0,17.0,0.02373218536376953
52.0,24.0,24.0,0.04224658012390137
53.0,15.0,15.0,0.045589447021484375
26.0,12.0,12.0,0.022576332092285156
73.0,25.0,25.0,0.04796123504638672
30.0,12.0,12.0,0.027308940887451172
35.0,13.0,13.0,0.02074265480041504
33.0,9.0,9.0,0.02155780792236328
23.0,12.0,12.0,0.01479196548461914
48.0,16.0,16.0,0.0336461067199707
45.0,13.0,13.0,0.02989053726196289
141.0,44.0,44.0,0.09567761421203613
49.0,27.0,27.0,0.03972625732421875
83.0,28.0,28.0,0.07485675811767578
18.0,6.0,6.0,0.01470637321472168
42.0,8.0,8.0,0.04015827178955078
48.0,22.0,22.0,0.03446555137634277
32.0,13.0,13.0,0.021087646484375
60.0,20.0,20.0,0.04427695274353027
35.0,17.0,17.0,0.024498701095581055
60.0,24.0,24.0,0.04062342643737793
25.0,11.0,11.0,0.019808292388916016
20.0,7.0,7.0,0.013489007949829102
25.0,8.0,8.0,0.01775956153869629
29.0,7.0,7.0,0.017996788024902344
88.0,17.0,17.0,0.07376360893249512
35.0,14.0,14.0,0.02814507484436035
37.0,18.0,18.0,0.027271747589111328
27.0,11.0,11.0,0.024622678756713867
20.0,7.0,7.0,0.01351618766784668
44.0,23.0,23.0,0.037093400955200195
72.0,20.0,20.0,0.04540085792541504
18.0,6.0,6.0,0.010743856430053711
64.0,19.0,19.0,0.04195761680603027
54.0,18.0,18.0,0.0328521728515625
64.0,21.0,21.0,0.048810720443725586
23.0,12.0,12.0,0.020200490951538086
79.0,25.0,25.0,0.05283832550048828
45.0,19.0,19.0,0.027865886688232422
30.0,12.0,12.0,0.018515586853027344
117.0,33.0,33.0,0.08886885643005371
52.0,25.0,25.0,0.033263444900512695
132.0,34.0,34.0,0.08284139633178711
62.0,18.0,18.0,0.043032169342041016
64.0,18.0,18.0,0.04271221160888672
39.0,20.0,20.0,0.025116920471191406
37.0,12.0,12.0,0.024204492568969727
29.0,17.0,17.0,0.01851367950439453
61.0,20.0,20.0,0.03751635551452637
161.0,40.0,40.0,0.11641478538513184
18.0,7.0,7.0,0.01191091537475586
25.0,8.0,8.0,0.017375469207763672
97.0,33.0,33.0,0.06507110595703125
25.0,13.0,13.0,0.018233060836791992
86.0,34.0,34.0,0.057703256607055664
127.0,38.0,38.0,0.08302831649780273
44.0,13.0,13.0,0.029107093811035156
64.0,28.0,28.0,0.043248653411865234
99.0,53.0,53.0,0.06503915786743164
72.0,19.0,19.0,0.05340099334716797
46.0,8.0,8.0,0.03703927993774414
36.0,7.0,7.0,0.027956247329711914
35.0,15.0,15.0,0.02512979507446289
251.0,86.0,86.0,0.16498827934265137
52.0,10.0,10.0,0.042992591857910156
32.0,15.0,15.0,0.021938562393188477
98.0,32.0,32.0,0.07426285743713379
158.0,37.0,37.0,0.11618590354919434
15.0,5.0,5.0,0.009588003158569336
46.0,21.0,21.0,0.03590798377990723
57.0,27.0,27.0,0.04205632209777832
86.0,18.0,18.0,0.06439495086669922
55.0,33.0,33.0,0.04175066947937012
24.0,9.0,9.0,0.017350196838378906
25.0,7.0,7.0,0.019181489944458008
30.0,12.0,12.0,0.026874542236328125
28.0,15.0,15.0,0.021221160888671875
105.0,30.0,30.0,0.07556748390197754
109.0,26.0,26.0,0.07368636131286621
99.0,32.0,32.0,0.07467818260192871
21.0,10.0,10.0,0.014564275741577148
140.0,41.0,41.0,0.102142333984375
18.0,7.0,7.0,0.012851238250732422
192.0,57.0,57.0,0.13728618621826172
90.0,36.0,36.0,0.0666053295135498
81.0,21.0,21.0,0.054358482360839844
30.0,10.0,10.0,0.019823312759399414
31.0,19.0,19.0,0.021862506866455078
67.0,16.0,16.0,0.04468560218811035
35.0,13.0,13.0,0.021370887756347656
31.0,15.0,15.0,0.018974781036376953
156.0,47.0,47.0,0.1051182746887207
99.0,32.0,32.0,0.07183694839477539
126.0,37.0,37.0,0.08766913414001465
49.0,12.0,12.0,0.03728127479553223
106.0,40.0,40.0,0.08780217170715332
58.0,19.0,19.0,0.040163516998291016
75.0,13.0,13.0,0.06847596168518066
22.0,7.0,7.0,0.017600297927856445
56.0,22.0,22.0,0.046855926513671875
48.0,18.0,18.0,0.03094172477722168
26.0,11.0,11.0,0.015998125076293945
174.0,70.0,70.0,0.12284183502197266
58.0,16.0,16.0,0.03564739227294922
59.0,16.0,16.0,0.038507699966430664
36.0,16.0,16.0,0.029581546783447266
68.0,24.0,24.0,0.06641840934753418
24.0,12.0,12.0,0.014628410339355469
125.0,40.0,40.0,0.07946920394897461
39.0,19.0,19.0,0.02487921714782715
49.0,28.0,28.0,0.03738117218017578
18.0,7.0,7.0,0.015978336334228516
30.0,9.0,9.0,0.030065298080444336
23.0,6.0,6.0,0.016033172607421875
44.0,11.0,11.0,0.033451080322265625
97.0,32.0,32.0,0.06797337532043457
116.0,46.0,46.0,0.0856332778930664
21.0,6.0,6.0,0.01543736457824707
32.0,12.0,12.0,0.022280216217041016
19.0,7.0,7.0,0.016145944595336914
39.0,15.0,15.0,0.025209426879882812
21.0,10.0,10.0,0.018284082412719727
28.0,13.0,13.0,0.020722150802612305
19.0,8.0,8.0,0.01224827766418457
30.0,17.0,17.0,0.01815009117126465
41.0,20.0,20.0,0.03802609443664551
52.0,16.0,16.0,0.035242557525634766
59.0,20.0,20.0,0.04747724533081055
47.0,19.0,19.0,0.03775930404663086
61.0,30.0,30.0,0.0450291633605957
27.0,10.0,10.0,0.0189363956451416
37.0,14.0,14.0,0.024990558624267578
22.0,10.0,10.0,0.014560699462890625
35.0,9.0,9.0,0.022229671478271484
74.0,31.0,31.0,0.05170011520385742
47.0,22.0,22.0,0.03585219383239746
27.0,12.0,12.0,0.021060943603515625
40.0,19.0,19.0,0.027799367904663086
22.0,8.0,8.0,0.014685630798339844
120.0,49.0,49.0,0.08314013481140137
33.0,16.0,16.0,0.0240175724029541
49.0,14.0,14.0,0.04950523376464844
84.0,25.0,25.0,0.07709884643554688
105.0,37.0,37.0,0.08229637145996094
40.0,20.0,20.0,0.03441023826599121
41.0,15.0,15.0,0.03813481330871582
31.0,17.0,17.0,0.029513120651245117
130.0,43.0,43.0,0.08701205253601074
80.0,22.0,22.0,0.0613713264465332
90.0,28.0,28.0,0.05619502067565918
21.0,7.0,7.0,0.012998104095458984
39.0,19.0,19.0,0.026049375534057617
80.0,30.0,30.0,0.06898069381713867
45.0,18.0,18.0,0.03957629203796387
31.0,10.0,10.0,0.030124425888061523
32.0,13.0,13.0,0.024393558502197266
100.0,29.0,29.0,0.09008240699768066
68.0,20.0,20.0,0.04682326316833496
14.0,3.0,3.0,0.0098114013671875
26.0,13.0,13.0,0.015003204345703125
17.0,6.0,6.0,0.011029243469238281
69.0,21.0,21.0,0.04538726806640625
47.0,12.0,12.0,0.03171515464782715
52.0,16.0,16.0,0.03580141067504883
31.0,16.0,16.0,0.025960206985473633
119.0,41.0,41.0,0.09333062171936035
34.0,19.0,19.0,0.02471446990966797
44.0,18.0,18.0,0.04437065124511719
45.0,19.0,19.0,0.0362546443939209
41.0,8.0,8.0,0.027100563049316406
88.0,31.0,31.0,0.06491589546203613
68.0,16.0,16.0,0.05901908874511719
108.0,35.0,35.0,0.08678603172302246
63.0,18.0,18.0,0.05898451805114746
22.0,10.0,10.0,0.0174105167388916
65.0,15.0,15.0,0.05154275894165039
22.0,8.0,8.0,0.016231298446655273
117.0,40.0,40.0,0.10772132873535156
92.0,33.0,33.0,0.09453034400939941
29.0,8.0,8.0,0.03601217269897461
62.0,26.0,26.0,0.05777740478515625
31.0,12.0,12.0,0.018511056900024414
22.0,9.0,9.0,0.014062881469726562
38.0,11.0,11.0,0.0375361442565918
30.0,11.0,11.0,0.024511337280273438
63.0,22.0,22.0,0.0570223331451416
52.0,25.0,25.0,0.04175114631652832
85.0,40.0,40.0,0.05713844299316406
22.0,6.0,6.0,0.02208685874938965
91.0,13.0,13.0,0.06561851501464844
58.0,44.0,44.0,0.040702104568481445
189.0,39.0,39.0,0.15006327629089355
202.0,55.0,55.0,0.17206645011901855
85.0,33.0,33.0,0.06244707107543945
113.0,48.0,48.0,0.08458328247070312
42.0,7.0,7.0,0.028908252716064453
24.0,11.0,11.0,0.019118070602416992
51.0,27.0,27.0,0.03315925598144531
50.0,15.0,15.0,0.04073214530944824
55.0,36.0,36.0,0.04953455924987793
39.0,14.0,14.0,0.03691244125366211
53.0,16.0,16.0,0.056615591049194336
97.0,24.0,24.0,0.08358168601989746
54.0,21.0,21.0,0.03252410888671875
37.0,15.0,15.0,0.03083968162536621
20.0,10.0,10.0,0.014251947402954102
46.0,17.0,17.0,0.028428077697753906
28.0,14.0,14.0,0.0243377685546875
22.0,9.0,9.0,0.01600193977355957
93.0,27.0,27.0,0.0720224380493164
37.0,15.0,15.0,0.028557300567626953
47.0,19.0,19.0,0.028886079788208008
34.0,12.0,12.0,0.025168418884277344
27.0,12.0,12.0,0.016515731811523438
31.0,10.0,10.0,0.029428482055664062
42.0,11.0,11.0,0.04036974906921387
60.0,30.0,30.0,0.05865073204040527
58.0,27.0,27.0,0.039327383041381836
91.0,25.0,25.0,0.054842233657836914
41.0,25.0,25.0,0.03326559066772461
108.0,30.0,30.0,0.08229899406433105
29.0,13.0,13.0,0.02074575424194336
81.0,42.0,42.0,0.05139660835266113
50.0,22.0,22.0,0.036084651947021484
22.0,9.0,9.0,0.01511383056640625
91.0,28.0,28.0,0.08248615264892578
25.0,13.0,13.0,0.015383005142211914
111.0,32.0,32.0,0.08427572250366211
52.0,27.0,27.0,0.033092498779296875
24.0,12.0,12.0,0.015895605087280273
189.0,77.0,77.0,0.1667320728302002
41.0,9.0,9.0,0.030425310134887695
24.0,9.0,9.0,0.01682281494140625
39.0,20.0,20.0,0.02541804313659668
20.0,6.0,6.0,0.02060389518737793
69.0,26.0,26.0,0.05771183967590332
43.0,14.0,14.0,0.03816366195678711
222.0,79.0,79.0,0.18063068389892578
62.0,16.0,16.0,0.04454851150512695
42.0,16.0,16.0,0.04331326484680176
27.0,13.0,13.0,0.021070480346679688
102.0,18.0,18.0,0.08126235008239746
26.0,12.0,12.0,0.02103257179260254
131.0,32.0,32.0,0.11843037605285645
44.0,15.0,15.0,0.038248538970947266
59.0,23.0,23.0,0.04430246353149414
60.0,19.0,19.0,0.04807710647583008
93.0,29.0,29.0,0.07503819465637207
82.0,22.0,22.0,0.0683434009552002
61.0,32.0,32.0,0.04274606704711914
28.0,11.0,11.0,0.018683671951293945
21.0,10.0,10.0,0.014339208602905273
48.0,24.0,24.0,0.041258811950683594
37.0,16.0,16.0,0.025084733963012695
20.0,9.0,9.0,0.012307882308959961
52.0,15.0,15.0,0.03590202331542969
49.0,25.0,25.0,0.034754276275634766
45.0,20.0,20.0,0.030855655670166016
52.0,20.0,20.0,0.04695534706115723
27.0,12.0,12.0,0.016613245010375977
30.0,12.0,12.0,0.01844000816345215
16.0,5.0,5.0,0.00982213020324707
31.0,6.0,6.0,0.019829511642456055
119.0,31.0,31.0,0.09870457649230957
68.0,31.0,31.0,0.047272682189941406
42.0,9.0,9.0,0.028272151947021484
39.0,11.0,11.0,0.03378701210021973
41.0,18.0,18.0,0.036451101303100586
30.0,19.0,19.0,0.03107762336730957
39.0,15.0,15.0,0.02341461181640625
122.0,29.0,29.0,0.08365106582641602
151.0,48.0,48.0,0.1130976676940918
24.0,12.0,12.0,0.019150972366333008
21.0,10.0,10.0,0.014071941375732422
16.0,4.0,4.0,0.011627435684204102
84.0,34.0,34.0,0.061440229415893555
53.0,24.0,24.0,0.043915748596191406
51.0,15.0,15.0,0.035027503967285156
167.0,43.0,43.0,0.14211678504943848
26.0,9.0,9.0,0.018799543380737305
25.0,12.0,12.0,0.024424076080322266
38.0,14.0,14.0,0.03138160705566406
29.0,18.0,18.0,0.022136211395263672
76.0,28.0,28.0,0.04877829551696777
46.0,20.0,20.0,0.03398251533508301
37.0,12.0,12.0,0.02422785758972168
53.0,27.0,27.0,0.04790973663330078
147.0,48.0,48.0,0.13862371444702148
47.0,17.0,17.0,0.028641939163208008
127.0,59.0,59.0,0.09356904029846191
46.0,21.0,21.0,0.027426958084106445
30.0,15.0,15.0,0.01940464973449707
64.0,33.0,33.0,0.047502994537353516
45.0,13.0,13.0,0.042484283447265625
23.0,11.0,11.0,0.01748967170715332
19.0,7.0,7.0,0.012562274932861328
27.0,12.0,12.0,0.023348093032836914
23.0,6.0,6.0,0.026152849197387695
64.0,29.0,29.0,0.053411006927490234
47.0,23.0,23.0,0.03824496269226074
26.0,14.0,14.0,0.019725799560546875
20.0,8.0,8.0,0.014220952987670898
12.0,1.0,1.0,0.01105499267578125
57.0,22.0,22.0,0.04076194763183594
54.0,27.0,27.0,0.04240918159484863
45.0,23.0,23.0,0.032271623611450195
39.0,8.0,8.0,0.03143000602722168
32.0,16.0,16.0,0.024621963500976562
57.0,15.0,15.0,0.04928159713745117
31.0,11.0,11.0,0.0299527645111084
27.0,14.0,14.0,0.017600297927856445
149.0,60.0,60.0,0.1162405014038086
60.0,31.0,31.0,0.05135178565979004
78.0,30.0,30.0,0.06199455261230469
27.0,12.0,12.0,0.021304845809936523
50.0,18.0,18.0,0.035860538482666016
18.0,7.0,7.0,0.011944293975830078
92.0,34.0,34.0,0.06286191940307617
26.0,14.0,14.0,0.017615079879760742
85.0,35.0,35.0,0.05695605278015137
60.0,23.0,23.0,0.043048858642578125
65.0,21.0,21.0,0.04113411903381348
110.0,24.0,24.0,0.0742645263671875
27.0,11.0,11.0,0.01738452911376953
74.0,21.0,21.0,0.05312085151672363
125.0,47.0,47.0,0.08507156372070312
40.0,26.0,26.0,0.029989242553710938
41.0,22.0,22.0,0.037933349609375
36.0,10.0,10.0,0.02706313133239746
108.0,49.0,49.0,0.06929826736450195
24.0,10.0,10.0,0.01676321029663086
54.0,21.0,21.0,0.03599071502685547
57.0,18.0,18.0,0.04034137725830078
131.0,49.0,49.0,0.10068941116333008
190.0,67.0,67.0,0.15012717247009277
67.0,18.0,18.0,0.04988598823547363
44.0,13.0,13.0,0.031792640686035156
155.0,61.0,61.0,0.1327812671661377
45.0,15.0,15.0,0.03391075134277344
67.0,26.0,26.0,0.050751447677612305
50.0,19.0,19.0,0.033150434494018555
47.0,17.0,17.0,0.03490185737609863
29.0,12.0,12.0,0.019688844680786133
70.0,12.0,12.0,0.05742383003234863
67.0,18.0,18.0,0.04767107963562012
99.0,22.0,22.0,0.06793737411499023
136.0,46.0,46.0,0.10011959075927734
24.0,13.0,13.0,0.020382404327392578
26.0,15.0,15.0,0.022829532623291016
35.0,16.0,16.0,0.03442096710205078
229.0,53.0,53.0,0.16362810134887695
83.0,23.0,23.0,0.05667304992675781
31.0,13.0,13.0,0.022353172302246094
47.0,15.0,15.0,0.0462946891784668
165.0,58.0,58.0,0.13422608375549316
56.0,44.0,44.0,0.038909196853637695
62.0,28.0,28.0,0.0509800910949707
52.0,19.0,19.0,0.03340625762939453
25.0,13.0,13.0,0.01647043228149414
118.0,32.0,32.0,0.08744478225708008
61.0,33.0,33.0,0.040427446365356445
24.0,11.0,11.0,0.02694106101989746
36.0,22.0,22.0,0.024928808212280273
61.0,21.0,21.0,0.05011868476867676
65.0,13.0,13.0,0.05538678169250488
151.0,33.0,33.0,0.13505339622497559
23.0,11.0,11.0,0.01599907875061035
35.0,12.0,12.0,0.02152872085571289
141.0,38.0,38.0,0.10185956954956055
27.0,10.0,10.0,0.02463984489440918
90.0,22.0,22.0,0.06431078910827637
28.0,15.0,15.0,0.020458698272705078
113.0,31.0,31.0,0.07910776138305664
75.0,28.0,28.0,0.0449674129486084
102.0,34.0,34.0,0.06689858436584473
42.0,21.0,21.0,0.030429363250732422
43.0,21.0,21.0,0.02689528465270996
53.0,24.0,24.0,0.046088457107543945
22.0,8.0,8.0,0.014023542404174805
26.0,11.0,11.0,0.01650857925415039
101.0,30.0,30.0,0.06499457359313965
32.0,15.0,15.0,0.020648717880249023
34.0,15.0,15.0,0.023035526275634766
41.0,26.0,26.0,0.027624845504760742
108.0,30.0,30.0,0.0736837387084961
93.0,33.0,33.0,0.07100343704223633
32.0,11.0,11.0,0.021509408950805664
24.0,11.0,11.0,0.01689934730529785
54.0,15.0,15.0,0.039283037185668945
137.0,69.0,69.0,0.09653544425964355
27.0,12.0,12.0,0.019078493118286133
21.0,7.0,7.0,0.013000011444091797
18.0,6.0,6.0,0.012005329132080078
44.0,21.0,21.0,0.029249191284179688
94.0,27.0,27.0,0.06872224807739258
58.0,29.0,29.0,0.0365452766418457
33.0,14.0,14.0,0.019036054611206055
36.0,14.0,14.0,0.021785736083984375
23.0,11.0,11.0,0.014005661010742188
46.0,22.0,22.0,0.028511524200439453
72.0,28.0,28.0,0.048128366470336914
37.0,9.0,9.0,0.02381110191345215
79.0,20.0,20.0,0.06188678741455078
29.0,18.0,18.0,0.029967546463012695
19.0,5.0,5.0,0.017314910888671875
49.0,18.0,18.0,0.04055166244506836
28.0,14.0,14.0,0.02029252052307129
44.0,14.0,14.0,0.029193639755249023
65.0,15.0,15.0,0.04445695877075195
28.0,17.0,17.0,0.02331376075744629
35.0,12.0,12.0,0.0227203369140625
118.0,51.0,51.0,0.07842779159545898
73.0,25.0,25.0,0.05287528038024902
29.0,10.0,10.0,0.02003312110900879
125.0,39.0,39.0,0.09482550621032715
164.0,38.0,38.0,0.11580443382263184
36.0,10.0,10.0,0.024996280670166016
36.0,18.0,18.0,0.027531147003173828
46.0,12.0,12.0,0.034876346588134766
67.0,20.0,20.0,0.043079376220703125
32.0,19.0,19.0,0.019348621368408203
48.0,17.0,17.0,0.03206157684326172
31.0,16.0,16.0,0.025952816009521484
50.0,18.0,18.0,0.03298759460449219
104.0,29.0,29.0,0.07292771339416504
66.0,30.0,30.0,0.0422825813293457
46.0,24.0,24.0,0.028693437576293945
87.0,38.0,38.0,0.06777787208557129
24.0,10.0,10.0,0.014266490936279297
69.0,17.0,17.0,0.041361331939697266
42.0,10.0,10.0,0.02721881866455078
20.0,10.0,10.0,0.014007806777954102
39.0,13.0,13.0,0.022481203079223633
32.0,11.0,11.0,0.023449182510375977
47.0,15.0,15.0,0.03298044204711914
38.0,10.0,10.0,0.028001785278320312
68.0,22.0,22.0,0.045331716537475586
81.0,22.0,22.0,0.06166267395019531
49.0,23.0,23.0,0.031036853790283203
38.0,7.0,7.0,0.023393630981445312
81.0,29.0,29.0,0.05316805839538574
29.0,11.0,11.0,0.01941394805908203
61.0,32.0,32.0,0.04445004463195801
27.0,10.0,10.0,0.02075481414794922
35.0,15.0,15.0,0.0281674861907959
69.0,28.0,28.0,0.05266594886779785
31.0,17.0,17.0,0.020842552185058594
44.0,12.0,12.0,0.029417037963867188
66.0,33.0,33.0,0.04273557662963867
139.0,57.0,57.0,0.09204506874084473
19.0,7.0,7.0,0.01100301742553711
23.0,10.0,10.0,0.013855218887329102
40.0,15.0,15.0,0.02484130859375
40.0,16.0,16.0,0.026372194290161133
81.0,21.0,21.0,0.055542707443237305
32.0,10.0,10.0,0.02791571617126465
77.0,37.0,37.0,0.05282473564147949
112.0,40.0,40.0,0.09908914566040039
22.0,8.0,8.0,0.01788043975830078
49.0,26.0,26.0,0.0350642204284668
29.0,12.0,12.0,0.020717144012451172
67.0,28.0,28.0,0.043863534927368164
56.0,20.0,20.0,0.035797119140625
79.0,15.0,15.0,0.04692673683166504
29.0,14.0,14.0,0.01813220977783203
59.0,21.0,21.0,0.03769207000732422
205.0,65.0,65.0,0.14296555519104004
126.0,31.0,31.0,0.08428645133972168
73.0,27.0,27.0,0.047754764556884766
21.0,9.0,9.0,0.01770949363708496
43.0,18.0,18.0,0.03181052207946777
74.0,26.0,26.0,0.04813385009765625
42.0,15.0,15.0,0.027936935424804688
58.0,13.0,13.0,0.041649818420410156
41.0,25.0,25.0,0.026762008666992188
57.0,18.0,18.0,0.03632950782775879
23.0,12.0,12.0,0.01516413688659668
31.0,12.0,12.0,0.021383285522460938
24.0,10.0,10.0,0.016753196716308594
38.0,21.0,21.0,0.02738165855407715
30.0,17.0,17.0,0.029323577880859375
78.0,25.0,25.0,0.05157160758972168
32.0,15.0,15.0,0.01953744888305664
118.0,49.0,49.0,0.0749666690826416
86.0,28.0,28.0,0.0625298023223877
32.0,14.0,14.0,0.02058720588684082
46.0,22.0,22.0,0.031237363815307617
79.0,24.0,24.0,0.060349225997924805
21.0,8.0,8.0,0.014399290084838867
68.0,21.0,21.0,0.04871845245361328
28.0,18.0,18.0,0.017937898635864258
70.0,27.0,27.0,0.042415618896484375
31.0,10.0,10.0,0.019615650177001953
79.0,24.0,24.0,0.05051898956298828
32.0,12.0,12.0,0.02289605140686035
31.0,10.0,10.0,0.022515296936035156
83.0,45.0,45.0,0.0656440258026123
25.0,9.0,9.0,0.019852876663208008
74.0,13.0,13.0,0.05193066596984863
61.0,30.0,30.0,0.05797910690307617
18.0,7.0,7.0,0.017584562301635742
51.0,19.0,19.0,0.04012489318847656
19.0,8.0,8.0,0.01803135871887207
35.0,9.0,9.0,0.024437904357910156
172.0,56.0,56.0,0.13347935676574707
28.0,11.0,11.0,0.022337675094604492
30.0,11.0,11.0,0.01952385902404785
17.0,5.0,5.0,0.010934829711914062
97.0,37.0,37.0,0.06771397590637207
29.0,7.0,7.0,0.022073984146118164
80.0,27.0,27.0,0.06873750686645508
62.0,20.0,20.0,0.05143117904663086
16.0,5.0,5.0,0.014744281768798828
34.0,11.0,11.0,0.027720928192138672
16.0,4.0,4.0,0.011897802352905273
150.0,68.0,68.0,0.1136021614074707
53.0,15.0,15.0,0.031854867935180664
180.0,49.0,49.0,0.1207425594329834
246.0,93.0,93.0,0.1673436164855957
67.0,21.0,21.0,0.0440983772277832
24.0,14.0,14.0,0.016125917434692383
57.0,27.0,27.0,0.04339885711669922
20.0,9.0,9.0,0.016077280044555664
71.0,37.0,37.0,0.0483705997467041
40.0,11.0,11.0,0.025764942169189453
42.0,12.0,12.0,0.028111696243286133
87.0,39.0,39.0,0.0661475658416748
52.0,16.0,16.0,0.03250885009765625
47.0,14.0,14.0,0.03303861618041992
84.0,23.0,23.0,0.06326818466186523
22.0,10.0,10.0,0.014980077743530273
85.0,27.0,27.0,0.06584668159484863
65.0,25.0,25.0,0.04214739799499512
95.0,30.0,30.0,0.06860971450805664
92.0,31.0,31.0,0.0649404525756836
26.0,10.0,10.0,0.01716899871826172
145.0,64.0,64.0,0.10969328880310059
29.0,14.0,14.0,0.025002717971801758
60.0,17.0,17.0,0.053095102310180664
96.0,21.0,21.0,0.08795452117919922
33.0,14.0,14.0,0.021754026412963867
29.0,15.0,15.0,0.01948261260986328
26.0,10.0,10.0,0.015738487243652344
56.0,21.0,21.0,0.03751039505004883
83.0,25.0,25.0,0.05389857292175293
28.0,17.0,17.0,0.02624654769897461
151.0,43.0,43.0,0.0977163314819336
48.0,25.0,25.0,0.03786134719848633
67.0,23.0,23.0,0.05068397521972656
15.0,5.0,5.0,0.0831916332244873
22.0,10.0,10.0,0.022722482681274414
104.0,33.0,33.0,0.07429003715515137
41.0,8.0,8.0,0.024138927459716797
38.0,15.0,15.0,0.025417566299438477
29.0,7.0,7.0,0.02478313446044922
144.0,56.0,56.0,0.11104631423950195
31.0,19.0,19.0,0.021355390548706055
16.0,4.0,4.0,0.009999752044677734
29.0,9.0,9.0,0.018000364303588867
22.0,10.0,10.0,0.013998031616210938
27.0,15.0,15.0,0.017000198364257812
143.0,57.0,57.0,0.09131145477294922
69.0,33.0,33.0,0.048692941665649414
29.0,18.0,18.0,0.01845836639404297
16.0,4.0,4.0,0.009997129440307617
220.0,54.0,54.0,0.15299606323242188
65.0,33.0,33.0,0.05814552307128906
156.0,34.0,34.0,0.11370444297790527
37.0,17.0,17.0,0.024196863174438477
49.0,19.0,19.0,0.03788638114929199
18.0,6.0,6.0,0.012555122375488281
22.0,10.0,10.0,0.014295578002929688
88.0,34.0,34.0,0.06318044662475586
29.0,18.0,18.0,0.018968820571899414
33.0,9.0,9.0,0.024280071258544922
29.0,9.0,9.0,0.02527475357055664
54.0,16.0,16.0,0.036185264587402344
27.0,7.0,7.0,0.017989635467529297
34.0,12.0,12.0,0.02519392967224121
22.0,7.0,7.0,0.01572704315185547
72.0,31.0,31.0,0.053141117095947266
41.0,15.0,15.0,0.025481462478637695
29.0,7.0,7.0,0.0170438289642334
24.0,12.0,12.0,0.016330957412719727
32.0,13.0,13.0,0.023757219314575195
40.0,14.0,14.0,0.032158613204956055
31.0,18.0,18.0,0.024439334869384766
31.0,12.0,12.0,0.019623279571533203
82.0,34.0,34.0,0.052583932876586914
71.0,31.0,31.0,0.0457921028137207
93.0,32.0,32.0,0.0627899169921875
22.0,8.0,8.0,0.015520572662353516
80.0,23.0,23.0,0.05905556678771973
81.0,29.0,29.0,0.0650320053100586
81.0,37.0,37.0,0.050536155700683594
31.0,12.0,12.0,0.021061182022094727
47.0,17.0,17.0,0.028446674346923828
216.0,56.0,56.0,0.14786934852600098
36.0,10.0,10.0,0.023859262466430664
32.0,16.0,16.0,0.02173447608947754
36.0,9.0,9.0,0.023282766342163086
49.0,19.0,19.0,0.03241753578186035
46.0,17.0,17.0,0.029422760009765625
141.0,39.0,39.0,0.10486555099487305
20.0,9.0,9.0,0.012453317642211914
41.0,14.0,14.0,0.028355121612548828
54.0,20.0,20.0,0.03439044952392578
17.0,7.0,7.0,0.01767587661743164
50.0,18.0,18.0,0.03629899024963379
29.0,12.0,12.0,0.02382206916809082
36.0,17.0,17.0,0.03238081932067871
36.0,15.0,15.0,0.02965521812438965
34.0,15.0,15.0,0.022515535354614258
30.0,17.0,17.0,0.018973112106323242
24.0,9.0,9.0,0.014693975448608398
39.0,11.0,11.0,0.02828502655029297
42.0,12.0,12.0,0.027692317962646484
67.0,19.0,19.0,0.05236053466796875
35.0,11.0,11.0,0.02693629264831543
77.0,25.0,25.0,0.051705121994018555
98.0,33.0,33.0,0.07458186149597168
104.0,34.0,34.0,0.07225680351257324
80.0,29.0,29.0,0.058550357818603516
51.0,24.0,24.0,0.037645816802978516
46.0,22.0,22.0,0.031777381896972656
24.0,12.0,12.0,0.017552852630615234
71.0,17.0,17.0,0.0511777400970459
30.0,17.0,17.0,0.02217864990234375
79.0,33.0,33.0,0.04976630210876465
125.0,38.0,38.0,0.09717822074890137
25.0,10.0,10.0,0.017009735107421875
37.0,13.0,13.0,0.02509760856628418
41.0,23.0,23.0,0.026814699172973633
50.0,13.0,13.0,0.04127335548400879
25.0,10.0,10.0,0.017384767532348633
43.0,13.0,13.0,0.026605606079101562
31.0,15.0,15.0,0.021526336669921875
73.0,29.0,29.0,0.04732823371887207
38.0,21.0,21.0,0.024466991424560547
35.0,13.0,13.0,0.023047924041748047
116.0,37.0,37.0,0.07896828651428223
42.0,20.0,20.0,0.027630329132080078
21.0,10.0,10.0,0.014526844024658203
67.0,37.0,37.0,0.04691314697265625
27.0,10.0,10.0,0.017585039138793945
34.0,12.0,12.0,0.02211475372314453
16.0,4.0,4.0,0.010639667510986328
41.0,16.0,16.0,0.02917933464050293
51.0,28.0,28.0,0.03253436088562012
22.0,10.0,10.0,0.016511201858520508
49.0,14.0,14.0,0.032292842864990234
62.0,32.0,32.0,0.04117584228515625
102.0,36.0,36.0,0.07167267799377441
123.0,33.0,33.0,0.08489680290222168
49.0,16.0,16.0,0.03287076950073242
41.0,18.0,18.0,0.028283357620239258
30.0,16.0,16.0,0.018793821334838867
32.0,12.0,12.0,0.027644634246826172
45.0,6.0,6.0,0.029040813446044922
32.0,14.0,14.0,0.022229909896850586
37.0,17.0,17.0,0.028813600540161133
29.0,15.0,15.0,0.01752185821533203
27.0,8.0,8.0,0.01967453956604004
62.0,20.0,20.0,0.04441332817077637
114.0,40.0,40.0,0.07871246337890625
24.0,11.0,11.0,0.016587257385253906
74.0,38.0,38.0,0.07299137115478516
52.0,10.0,10.0,0.033247947692871094
136.0,35.0,35.0,0.10194993019104004
42.0,20.0,20.0,0.028247833251953125
101.0,29.0,29.0,0.06994462013244629
40.0,11.0,11.0,0.031614065170288086
68.0,32.0,32.0,0.046671390533447266
26.0,14.0,14.0,0.017266511917114258
23.0,4.0,4.0,0.015998125076293945
33.0,13.0,13.0,0.021947860717773438
78.0,28.0,28.0,0.05365800857543945
79.0,24.0,24.0,0.05111980438232422
28.0,11.0,11.0,0.016876220703125
37.0,11.0,11.0,0.02351665496826172
46.0,19.0,19.0,0.028354644775390625
40.0,14.0,14.0,0.027550220489501953
25.0,12.0,12.0,0.014544010162353516
42.0,24.0,24.0,0.02631068229675293
18.0,7.0,7.0,0.012820243835449219
30.0,15.0,15.0,0.022251605987548828
60.0,22.0,22.0,0.0415349006652832
53.0,15.0,15.0,0.03349113464355469
91.0,28.0,28.0,0.056742191314697266
65.0,24.0,24.0,0.04029965400695801
81.0,50.0,50.0,0.05556297302246094
80.0,37.0,37.0,0.05230832099914551
72.0,16.0,16.0,0.04633498191833496
38.0,13.0,13.0,0.025506973266601562
68.0,16.0,16.0,0.046769142150878906
69.0,15.0,15.0,0.04652523994445801
31.0,11.0,11.0,0.020000219345092773
75.0,25.0,25.0,0.05574297904968262
77.0,33.0,33.0,0.0485224723815918
19.0,4.0,4.0,0.01209568977355957
57.0,19.0,19.0,0.040882110595703125
76.0,18.0,18.0,0.047962188720703125
30.0,14.0,14.0,0.016974210739135742
67.0,25.0,25.0,0.03990292549133301
52.0,21.0,21.0,0.0334625244140625
25.0,10.0,10.0,0.022244691848754883
52.0,14.0,14.0,0.03852438926696777
65.0,24.0,24.0,0.04241442680358887
59.0,13.0,13.0,0.03930211067199707
27.0,15.0,15.0,0.016811609268188477
34.0,13.0,13.0,0.02528214454650879
99.0,44.0,44.0,0.08291411399841309
55.0,25.0,25.0,0.035399436950683594
26.0,11.0,11.0,0.01752018928527832
49.0,16.0,16.0,0.03544425964355469
34.0,8.0,8.0,0.024844646453857422
34.0,11.0,11.0,0.035067081451416016
74.0,22.0,22.0,0.05918455123901367
168.0,57.0,57.0,0.12798523902893066
56.0,18.0,18.0,0.05495333671569824
47.0,14.0,14.0,0.03845524787902832
22.0,9.0,9.0,0.013989925384521484
161.0,30.0,30.0,0.10723614692687988
62.0,33.0,33.0,0.041239023208618164
44.0,23.0,23.0,0.027822256088256836
26.0,11.0,11.0,0.017125368118286133
39.0,18.0,18.0,0.024302005767822266
38.0,13.0,13.0,0.023155927658081055
66.0,21.0,21.0,0.06338024139404297
85.0,24.0,24.0,0.06129741668701172
27.0,13.0,13.0,0.020354032516479492
86.0,37.0,37.0,0.05636739730834961
32.0,21.0,21.0,0.02057051658630371
49.0,21.0,21.0,0.03389334678649902
37.0,17.0,17.0,0.02886819839477539
31.0,16.0,16.0,0.023549795150756836
30.0,12.0,12.0,0.022266626358032227
32.0,11.0,11.0,0.02099299430847168
80.0,48.0,48.0,0.058354854583740234
35.0,10.0,10.0,0.029538393020629883
45.0,27.0,27.0,0.029903411865234375
119.0,31.0,31.0,0.09998416900634766
32.0,14.0,14.0,0.025554180145263672
32.0,19.0,19.0,0.023644208908081055
69.0,18.0,18.0,0.049282073974609375
29.0,17.0,17.0,0.018932104110717773
71.0,21.0,21.0,0.05099844932556152
64.0,21.0,21.0,0.05675840377807617
21.0,9.0,9.0,0.01367044448852539
45.0,25.0,25.0,0.030723094940185547
59.0,22.0,22.0,0.0403294563293457
25.0,10.0,10.0,0.01670217514038086
60.0,22.0,22.0,0.043474674224853516
71.0,28.0,28.0,0.053449153900146484
68.0,17.0,17.0,0.05274558067321777
55.0,19.0,19.0,0.04743051528930664
73.0,25.0,25.0,0.04941439628601074
17.0,4.0,4.0,0.013372421264648438
127.0,43.0,43.0,0.08837699890136719
55.0,18.0,18.0,0.03711390495300293
51.0,29.0,29.0,0.03798842430114746
32.0,14.0,14.0,0.020615816116333008
339.0,97.0,97.0,0.2249443531036377
63.0,28.0,28.0,0.043497323989868164
293.0,76.0,76.0,0.22465062141418457
35.0,19.0,19.0,0.023288249969482422
51.0,12.0,12.0,0.03880453109741211
35.0,16.0,16.0,0.025456666946411133
108.0,38.0,38.0,0.08562350273132324
53.0,28.0,28.0,0.042470455169677734
50.0,21.0,21.0,0.03691530227661133
75.0,23.0,23.0,0.05367136001586914
77.0,39.0,39.0,0.05307579040527344
61.0,19.0,19.0,0.044126033782958984
61.0,16.0,16.0,0.045938730239868164
34.0,14.0,14.0,0.02548837661743164
98.0,34.0,34.0,0.06616687774658203
58.0,35.0,35.0,0.0348513126373291
39.0,14.0,14.0,0.024036884307861328
112.0,24.0,24.0,0.07596278190612793
40.0,10.0,10.0,0.02809453010559082
75.0,35.0,35.0,0.05103158950805664
108.0,51.0,51.0,0.06729888916015625
30.0,12.0,12.0,0.019320964813232422
40.0,16.0,16.0,0.027759790420532227
112.0,43.0,43.0,0.07794690132141113
97.0,27.0,27.0,0.06696438789367676
106.0,28.0,28.0,0.06858468055725098
50.0,16.0,16.0,0.030950546264648438
44.0,17.0,17.0,0.028071165084838867
49.0,20.0,20.0,0.03314375877380371
43.0,23.0,23.0,0.0348057746887207
68.0,9.0,9.0,0.04116392135620117
26.0,10.0,10.0,0.016695737838745117
136.0,49.0,49.0,0.08775806427001953
112.0,31.0,31.0,0.07841277122497559
26.0,9.0,9.0,0.01746964454650879
105.0,28.0,28.0,0.0710897445678711
43.0,10.0,10.0,0.029179811477661133
55.0,25.0,25.0,0.04339957237243652
25.0,6.0,6.0,0.01647639274597168
19.0,8.0,8.0,0.01301121711730957
29.0,18.0,18.0,0.020133018493652344
115.0,43.0,43.0,0.07915735244750977
44.0,20.0,20.0,0.02711653709411621
36.0,17.0,17.0,0.022626399993896484
31.0,8.0,8.0,0.01926565170288086
36.0,15.0,15.0,0.02126765251159668
68.0,20.0,20.0,0.04085397720336914
44.0,17.0,17.0,0.038186073303222656
64.0,28.0,28.0,0.04604768753051758
96.0,37.0,37.0,0.06705927848815918
62.0,20.0,20.0,0.044283390045166016
72.0,30.0,30.0,0.05532526969909668
44.0,18.0,18.0,0.02982354164123535
15.0,3.0,3.0,0.010859489440917969
57.0,29.0,29.0,0.040502071380615234
63.0,23.0,23.0,0.04497027397155762
137.0,53.0,53.0,0.08848357200622559
137.0,47.0,47.0,0.09295248985290527
38.0,18.0,18.0,0.029323816299438477
40.0,10.0,10.0,0.027947425842285156
87.0,36.0,36.0,0.07828879356384277
34.0,19.0,19.0,0.02855682373046875
18.0,6.0,6.0,0.012565135955810547
92.0,34.0,34.0,0.06987166404724121
72.0,29.0,29.0,0.050553083419799805
185.0,75.0,75.0,0.15025782585144043
21.0,8.0,8.0,0.012949466705322266
63.0,26.0,26.0,0.04053068161010742
33.0,15.0,15.0,0.025980472564697266
35.0,10.0,10.0,0.02093815803527832
30.0,7.0,7.0,0.02008819580078125
61.0,20.0,20.0,0.0512690544128418
163.0,45.0,45.0,0.12299776077270508
28.0,4.0,4.0,0.018256425857543945
26.0,11.0,11.0,0.016646385192871094
47.0,17.0,17.0,0.03310441970825195
41.0,19.0,19.0,0.03005385398864746
57.0,22.0,22.0,0.0463557243347168
39.0,19.0,19.0,0.02549123764038086
37.0,6.0,6.0,0.031652212142944336
20.0,7.0,7.0,0.02053046226501465
23.0,11.0,11.0,0.02429938316345215
22.0,11.0,11.0,0.01857447624206543
56.0,27.0,27.0,0.043253421783447266
20.0,10.0,10.0,0.015962839126586914
18.0,7.0,7.0,0.011096954345703125
29.0,12.0,12.0,0.021320104598999023
46.0,13.0,13.0,0.04937458038330078
30.0,13.0,13.0,0.028629064559936523
34.0,19.0,19.0,0.030628442764282227
50.0,17.0,17.0,0.034073829650878906
32.0,14.0,14.0,0.02552342414855957
46.0,28.0,28.0,0.03475642204284668
57.0,34.0,34.0,0.05469703674316406
26.0,9.0,9.0,0.017889022827148438
28.0,13.0,13.0,0.01798868179321289
25.0,10.0,10.0,0.026824474334716797
49.0,15.0,15.0,0.05646228790283203
39.0,12.0,12.0,0.025691986083984375
127.0,39.0,39.0,0.1045081615447998
62.0,21.0,21.0,0.042270660400390625
82.0,25.0,25.0,0.06452178955078125
35.0,8.0,8.0,0.02848529815673828
60.0,25.0,25.0,0.05429244041442871
30.0,10.0,10.0,0.02938699722290039
22.0,12.0,12.0,0.018346548080444336
53.0,19.0,19.0,0.04488873481750488
22.0,9.0,9.0,0.016678571701049805
62.0,17.0,17.0,0.042093515396118164
30.0,13.0,13.0,0.026566505432128906
93.0,31.0,31.0,0.07734203338623047
64.0,33.0,33.0,0.04957842826843262
21.0,3.0,3.0,0.013562917709350586
16.0,5.0,5.0,0.011576175689697266
28.0,10.0,10.0,0.024289369583129883
22.0,10.0,10.0,0.015558242797851562
87.0,28.0,28.0,0.05296516418457031
21.0,6.0,6.0,0.013032674789428711
35.0,24.0,24.0,0.02327108383178711
32.0,14.0,14.0,0.021193504333496094
51.0,16.0,16.0,0.035765647888183594
111.0,34.0,34.0,0.07995152473449707
49.0,12.0,12.0,0.0345311164855957
22.0,12.0,12.0,0.013518095016479492
59.0,14.0,14.0,0.04295063018798828
22.0,8.0,8.0,0.014189720153808594
45.0,16.0,16.0,0.03007793426513672
32.0,13.0,13.0,0.025936365127563477
97.0,36.0,36.0,0.07538652420043945
25.0,11.0,11.0,0.017559051513671875
87.0,20.0,20.0,0.06003284454345703
39.0,14.0,14.0,0.02550196647644043
95.0,36.0,36.0,0.06434154510498047
98.0,33.0,33.0,0.06583166122436523
28.0,10.0,10.0,0.01923060417175293
47.0,17.0,17.0,0.030493736267089844
24.0,11.0,11.0,0.016152620315551758
78.0,35.0,35.0,0.05152153968811035
28.0,9.0,9.0,0.017522573471069336
51.0,20.0,20.0,0.03577709197998047
65.0,17.0,17.0,0.040964365005493164
50.0,13.0,13.0,0.02951955795288086
52.0,18.0,18.0,0.032141923904418945
42.0,10.0,10.0,0.027798891067504883
42.0,24.0,24.0,0.0265047550201416
42.0,30.0,30.0,0.02722311019897461
50.0,13.0,13.0,0.03433537483215332
22.0,10.0,10.0,0.01771712303161621
129.0,46.0,46.0,0.08787798881530762
24.0,9.0,9.0,0.015880346298217773
53.0,16.0,16.0,0.03216814994812012
41.0,10.0,10.0,0.025398969650268555
75.0,29.0,29.0,0.04751014709472656
227.0,82.0,82.0,0.15964889526367188
87.0,30.0,30.0,0.07732033729553223
49.0,12.0,12.0,0.037001609802246094
52.0,19.0,19.0,0.035445213317871094
53.0,14.0,14.0,0.037892818450927734
89.0,22.0,22.0,0.07171058654785156
46.0,18.0,18.0,0.03420281410217285
27.0,13.0,13.0,0.01878523826599121
17.0,7.0,7.0,0.013574838638305664
29.0,4.0,4.0,0.02272176742553711
31.0,8.0,8.0,0.02071213722229004
16.0,5.0,5.0,0.00999760627746582
23.0,11.0,11.0,0.014057159423828125
79.0,27.0,27.0,0.04946708679199219
52.0,22.0,22.0,0.03187751770019531
88.0,31.0,31.0,0.061760663986206055
84.0,24.0,24.0,0.07403707504272461
75.0,30.0,30.0,0.05644726753234863
26.0,9.0,9.0,0.017999649047851562
47.0,16.0,16.0,0.03701162338256836
53.0,10.0,10.0,0.0381472110748291
22.0,11.0,11.0,0.017158031463623047
51.0,13.0,13.0,0.03754234313964844
31.0,18.0,18.0,0.02066969871520996
52.0,18.0,18.0,0.037998199462890625
41.0,18.0,18.0,0.026509761810302734
59.0,20.0,20.0,0.03991818428039551
41.0,11.0,11.0,0.025039196014404297
53.0,19.0,19.0,0.037985801696777344
19.0,7.0,7.0,0.01770806312561035
32.0,9.0,9.0,0.020563125610351562
53.0,23.0,23.0,0.033994436264038086
84.0,24.0,24.0,0.05086541175842285
92.0,30.0,30.0,0.057394981384277344
33.0,22.0,22.0,0.023191213607788086
53.0,11.0,11.0,0.033069610595703125
25.0,13.0,13.0,0.017384052276611328
56.0,17.0,17.0,0.0343623161315918
90.0,36.0,36.0,0.06019783020019531
45.0,26.0,26.0,0.029851436614990234
35.0,17.0,17.0,0.022957801818847656
22.0,9.0,9.0,0.015053510665893555
38.0,19.0,19.0,0.026710033416748047
44.0,8.0,8.0,0.030417203903198242
92.0,33.0,33.0,0.07169723510742188
50.0,17.0,17.0,0.03451061248779297
155.0,54.0,54.0,0.09847140312194824
41.0,16.0,16.0,0.02747654914855957
37.0,13.0,13.0,0.02466750144958496
32.0,18.0,18.0,0.021654605865478516
22.0,11.0,11.0,0.014585494995117188
26.0,8.0,8.0,0.0156552791595459
52.0,20.0,20.0,0.03414487838745117
63.0,23.0,23.0,0.04669952392578125
36.0,12.0,12.0,0.02346944808959961
61.0,21.0,21.0,0.03798937797546387
58.0,24.0,24.0,0.0496366024017334
46.0,20.0,20.0,0.029905319213867188
40.0,9.0,9.0,0.030126333236694336
128.0,34.0,34.0,0.08397150039672852
28.0,16.0,16.0,0.024602651596069336
77.0,25.0,25.0,0.06149888038635254
114.0,32.0,32.0,0.08072423934936523
28.0,15.0,15.0,0.019849061965942383
119.0,40.0,40.0,0.0846397876739502
79.0,40.0,40.0,0.05670428276062012
34.0,17.0,17.0,0.02426004409790039
34.0,15.0,15.0,0.023998022079467773
17.0,5.0,5.0,0.010998010635375977
39.0,25.0,25.0,0.025136947631835938
23.0,10.0,10.0,0.01513218879699707
44.0,14.0,14.0,0.0313878059387207
22.0,9.0,9.0,0.013997554779052734
33.0,6.0,6.0,0.021412134170532227
48.0,15.0,15.0,0.03276944160461426
62.0,23.0,23.0,0.04009652137756348
72.0,25.0,25.0,0.04555344581604004
34.0,15.0,15.0,0.021068334579467773
24.0,6.0,6.0,0.01723790168762207
136.0,35.0,35.0,0.08974671363830566
34.0,18.0,18.0,0.02652907371520996
39.0,18.0,18.0,0.02982473373413086
43.0,11.0,11.0,0.027518510818481445
17.0,5.0,5.0,0.01068258285522461
54.0,13.0,13.0,0.037131309509277344
27.0,13.0,13.0,0.017649412155151367
65.0,14.0,14.0,0.03962898254394531
24.0,4.0,4.0,0.014531135559082031
35.0,14.0,14.0,0.024188995361328125
105.0,30.0,30.0,0.06963300704956055
98.0,31.0,31.0,0.06581807136535645
41.0,14.0,14.0,0.02487659454345703
56.0,14.0,14.0,0.03841900825500488
34.0,11.0,11.0,0.022483348846435547
20.0,6.0,6.0,0.01562786102294922
81.0,24.0,24.0,0.059369564056396484
19.0,6.0,6.0,0.012645959854125977
19.0,9.0,9.0,0.01096343994140625
222.0,56.0,56.0,0.14981698989868164
41.0,19.0,19.0,0.02793097496032715
21.0,7.0,7.0,0.012610435485839844
24.0,11.0,11.0,0.01706981658935547
47.0,13.0,13.0,0.033774375915527344
43.0,22.0,22.0,0.029448986053466797
66.0,24.0,24.0,0.04261898994445801
49.0,8.0,8.0,0.03150439262390137
78.0,29.0,29.0,0.05682539939880371
42.0,15.0,15.0,0.027304649353027344
22.0,9.0,9.0,0.012998342514038086
24.0,9.0,9.0,0.014002323150634766
90.0,26.0,26.0,0.07364296913146973
96.0,26.0,26.0,0.07107853889465332
65.0,24.0,24.0,0.04415321350097656
34.0,11.0,11.0,0.024540424346923828
97.0,46.0,46.0,0.06379842758178711
37.0,24.0,24.0,0.02252507209777832
57.0,14.0,14.0,0.033946990966796875
73.0,23.0,23.0,0.04649710655212402
62.0,27.0,27.0,0.03806948661804199
231.0,73.0,73.0,0.16091370582580566
33.0,15.0,15.0,0.028383970260620117
77.0,24.0,24.0,0.05205249786376953
17.0,6.0,6.0,0.014257669448852539
101.0,27.0,27.0,0.06714916229248047
79.0,33.0,33.0,0.049042463302612305
71.0,16.0,16.0,0.04648399353027344
69.0,37.0,37.0,0.044007301330566406
53.0,22.0,22.0,0.03467202186584473
60.0,26.0,26.0,0.0376739501953125
64.0,21.0,21.0,0.04026079177856445
33.0,18.0,18.0,0.022617101669311523
32.0,9.0,9.0,0.024307727813720703
45.0,16.0,16.0,0.03127264976501465
293.0,66.0,66.0,0.20749235153198242
46.0,17.0,17.0,0.03444814682006836
25.0,7.0,7.0,0.019594907760620117
46.0,16.0,16.0,0.032202720642089844
33.0,12.0,12.0,0.026469707489013672
61.0,12.0,12.0,0.0426173210144043
35.0,12.0,12.0,0.02294778823852539
13.0,2.0,2.0,0.009067058563232422
52.0,20.0,20.0,0.034948110580444336
84.0,33.0,33.0,0.055055856704711914
43.0,17.0,17.0,0.030431509017944336
32.0,6.0,6.0,0.027025461196899414
55.0,10.0,10.0,0.03782057762145996
25.0,13.0,13.0,0.017763853073120117
37.0,20.0,20.0,0.024076223373413086
142.0,45.0,45.0,0.09203910827636719
33.0,16.0,16.0,0.024419307708740234
54.0,22.0,22.0,0.03948616981506348
22.0,11.0,11.0,0.015686988830566406
95.0,33.0,33.0,0.061919212341308594
23.0,12.0,12.0,0.01515054702758789
155.0,37.0,37.0,0.11318469047546387
17.0,6.0,6.0,0.010683298110961914
30.0,13.0,13.0,0.01937127113342285
105.0,39.0,39.0,0.06547927856445312
51.0,33.0,33.0,0.0354619026184082
82.0,19.0,19.0,0.06121373176574707
57.0,22.0,22.0,0.041288137435913086
99.0,34.0,34.0,0.07052016258239746
43.0,21.0,21.0,0.029798030853271484
20.0,9.0,9.0,0.01564192771911621
36.0,10.0,10.0,0.02460169792175293
48.0,14.0,14.0,0.0338902473449707
27.0,6.0,6.0,0.01782965660095215
42.0,21.0,21.0,0.029858827590942383
50.0,17.0,17.0,0.03495287895202637
74.0,30.0,30.0,0.05998826026916504
36.0,11.0,11.0,0.02851414680480957
86.0,25.0,25.0,0.07224154472351074
28.0,10.0,10.0,0.018652677536010742
37.0,13.0,13.0,0.029947519302368164
107.0,31.0,31.0,0.07880997657775879
111.0,56.0,56.0,0.08538413047790527
167.0,38.0,38.0,0.13121938705444336
47.0,14.0,14.0,0.033255577087402344
25.0,6.0,6.0,0.015465021133422852
24.0,9.0,9.0,0.014258384704589844
86.0,35.0,35.0,0.05609440803527832
80.0,28.0,28.0,0.06172347068786621
32.0,19.0,19.0,0.020430803298950195
52.0,26.0,26.0,0.047258615493774414
17.0,5.0,5.0,0.012000322341918945
142.0,40.0,40.0,0.11971020698547363
60.0,19.0,19.0,0.04476213455200195
119.0,35.0,35.0,0.08379673957824707
18.0,7.0,7.0,0.016713857650756836
39.0,25.0,25.0,0.025098323822021484
108.0,25.0,25.0,0.06765103340148926
18.0,6.0,6.0,0.010516643524169922
63.0,22.0,22.0,0.03805661201477051
47.0,11.0,11.0,0.03583097457885742
34.0,14.0,14.0,0.028661489486694336
38.0,18.0,18.0,0.028084993362426758
81.0,19.0,19.0,0.05819964408874512
43.0,19.0,19.0,0.03220415115356445
68.0,25.0,25.0,0.0507047176361084
78.0,17.0,17.0,0.06239724159240723
100.0,44.0,44.0,0.07182025909423828
38.0,18.0,18.0,0.028029680252075195
52.0,23.0,23.0,0.046622514724731445
43.0,15.0,15.0,0.0416254997253418
40.0,19.0,19.0,0.02700495719909668
49.0,23.0,23.0,0.03803300857543945
54.0,32.0,32.0,0.038462162017822266
23.0,7.0,7.0,0.01565384864807129
117.0,29.0,29.0,0.07820606231689453
81.0,26.0,26.0,0.055741310119628906
70.0,26.0,26.0,0.04916882514953613
72.0,14.0,14.0,0.06159377098083496
69.0,36.0,36.0,0.05398988723754883
71.0,30.0,30.0,0.05861520767211914
58.0,19.0,19.0,0.03829646110534668
125.0,39.0,39.0,0.08866238594055176
51.0,15.0,15.0,0.034442901611328125
28.0,12.0,12.0,0.01909637451171875
26.0,15.0,15.0,0.015877723693847656
50.0,20.0,20.0,0.0314030647277832
84.0,28.0,28.0,0.05236506462097168
50.0,23.0,23.0,0.03467249870300293
22.0,11.0,11.0,0.0195920467376709
130.0,38.0,38.0,0.08760356903076172
130.0,31.0,31.0,0.0860297679901123
28.0,11.0,11.0,0.016353607177734375
26.0,12.0,12.0,0.015417337417602539
103.0,20.0,20.0,0.06792759895324707
21.0,10.0,10.0,0.014337539672851562
35.0,7.0,7.0,0.022646665573120117
63.0,23.0,23.0,0.04405355453491211
22.0,11.0,11.0,0.013220548629760742
82.0,22.0,22.0,0.05261397361755371
31.0,12.0,12.0,0.0225832462310791
23.0,11.0,11.0,0.015113115310668945
59.0,20.0,20.0,0.04109668731689453
39.0,20.0,20.0,0.027070283889770508
29.0,9.0,9.0,0.02124953269958496
87.0,19.0,19.0,0.061223506927490234
29.0,13.0,13.0,0.01952075958251953
33.0,19.0,19.0,0.020602703094482422
118.0,46.0,46.0,0.0779874324798584
29.0,8.0,8.0,0.018004894256591797
18.0,7.0,7.0,0.01103520393371582
62.0,18.0,18.0,0.04166555404663086
26.0,12.0,12.0,0.016608476638793945
66.0,30.0,30.0,0.04461216926574707
79.0,25.0,25.0,0.058261871337890625
88.0,21.0,21.0,0.0584716796875
39.0,16.0,16.0,0.024790525436401367
48.0,26.0,26.0,0.0316011905670166
25.0,11.0,11.0,0.023261308670043945
61.0,13.0,13.0,0.043914794921875
116.0,27.0,27.0,0.07979989051818848
20.0,7.0,7.0,0.013297080993652344
81.0,26.0,26.0,0.05556607246398926
29.0,10.0,10.0,0.019086599349975586
40.0,16.0,16.0,0.024531126022338867
54.0,19.0,19.0,0.037663936614990234
43.0,9.0,9.0,0.02992868423461914
30.0,8.0,8.0,0.02062535285949707
84.0,26.0,26.0,0.056674957275390625
47.0,15.0,15.0,0.03589010238647461
45.0,20.0,20.0,0.03230857849121094
60.0,32.0,32.0,0.04007148742675781
51.0,30.0,30.0,0.03477621078491211
57.0,12.0,12.0,0.037615060806274414
41.0,17.0,17.0,0.02802729606628418
71.0,15.0,15.0,0.04452109336853027
79.0,19.0,19.0,0.05116128921508789
43.0,28.0,28.0,0.03011631965637207
46.0,9.0,9.0,0.0436701774597168
29.0,15.0,15.0,0.022794246673583984
87.0,40.0,40.0,0.07208251953125
33.0,17.0,17.0,0.024669170379638672
49.0,19.0,19.0,0.032476186752319336
29.0,9.0,9.0,0.017070531845092773
97.0,27.0,27.0,0.06454014778137207
37.0,9.0,9.0,0.026085615158081055
54.0,17.0,17.0,0.0325319766998291
57.0,29.0,29.0,0.04358100891113281
63.0,24.0,24.0,0.04622936248779297
133.0,43.0,43.0,0.08730101585388184
35.0,9.0,9.0,0.021001577377319336
26.0,6.0,6.0,0.016245365142822266
35.0,13.0,13.0,0.024413108825683594
19.0,8.0,8.0,0.017528057098388672
48.0,17.0,17.0,0.031456947326660156
141.0,45.0,45.0,0.10102510452270508
101.0,19.0,19.0,0.07789278030395508
38.0,27.0,27.0,0.030352354049682617
22.0,12.0,12.0,0.016790390014648438
22.0,9.0,9.0,0.01547384262084961
71.0,19.0,19.0,0.05183744430541992
24.0,9.0,9.0,0.016520261764526367
23.0,13.0,13.0,0.014574289321899414
40.0,16.0,16.0,0.025310516357421875
108.0,43.0,43.0,0.07532739639282227
25.0,13.0,13.0,0.021034955978393555
78.0,16.0,16.0,0.05201005935668945
101.0,26.0,26.0,0.08581066131591797
41.0,13.0,13.0,0.02887749671936035
90.0,32.0,32.0,0.06186389923095703
117.0,41.0,41.0,0.0794529914855957
35.0,19.0,19.0,0.029354095458984375
49.0,24.0,24.0,0.03134322166442871
29.0,11.0,11.0,0.01914525032043457
29.0,6.0,6.0,0.018945932388305664
100.0,34.0,34.0,0.06487441062927246
77.0,28.0,28.0,0.05728960037231445
223.0,49.0,49.0,0.1563277244567871
47.0,16.0,16.0,0.03574323654174805
47.0,18.0,18.0,0.029877662658691406
58.0,30.0,30.0,0.03812122344970703
101.0,30.0,30.0,0.06142783164978027
49.0,17.0,17.0,0.031897783279418945
17.0,5.0,5.0,0.011188745498657227
117.0,30.0,30.0,0.0821986198425293
33.0,17.0,17.0,0.022700071334838867
32.0,12.0,12.0,0.021445274353027344
55.0,10.0,10.0,0.04902935028076172
91.0,39.0,39.0,0.08130860328674316
25.0,11.0,11.0,0.016180038452148438
42.0,13.0,13.0,0.029274702072143555
24.0,13.0,13.0,0.01653456687927246
36.0,14.0,14.0,0.02515268325805664
38.0,14.0,14.0,0.025079727172851562
48.0,15.0,15.0,0.030009984970092773
72.0,29.0,29.0,0.04993247985839844
34.0,20.0,20.0,0.022133350372314453
39.0,15.0,15.0,0.024555206298828125
36.0,11.0,11.0,0.024637460708618164
84.0,27.0,27.0,0.06000185012817383
42.0,16.0,16.0,0.02939438819885254
26.0,12.0,12.0,0.015534639358520508
48.0,21.0,21.0,0.0344843864440918
71.0,20.0,20.0,0.047162771224975586
52.0,25.0,25.0,0.03400301933288574
59.0,11.0,11.0,0.03994035720825195
108.0,52.0,52.0,0.07078838348388672
37.0,11.0,11.0,0.02638554573059082
59.0,19.0,19.0,0.04022550582885742
27.0,12.0,12.0,0.016974687576293945
38.0,23.0,23.0,0.02399420738220215
85.0,29.0,29.0,0.0577394962310791
76.0,24.0,24.0,0.0512692928314209
35.0,13.0,13.0,0.026071548461914062
27.0,8.0,8.0,0.018135547637939453
98.0,36.0,36.0,0.06909608840942383
34.0,18.0,18.0,0.02475285530090332
37.0,17.0,17.0,0.02330303192138672
27.0,13.0,13.0,0.01796555519104004
71.0,25.0,25.0,0.047486305236816406
22.0,12.0,12.0,0.014158487319946289
40.0,10.0,10.0,0.027791976928710938
73.0,23.0,23.0,0.047204017639160156
78.0,23.0,23.0,0.05450105667114258
19.0,7.0,7.0,0.013843297958374023
28.0,17.0,17.0,0.019600629806518555
32.0,14.0,14.0,0.018993616104125977
45.0,13.0,13.0,0.028814077377319336
89.0,25.0,25.0,0.05841851234436035
56.0,23.0,23.0,0.037522077560424805
73.0,23.0,23.0,0.04692649841308594
105.0,44.0,44.0,0.0688629150390625
30.0,10.0,10.0,0.018996238708496094
75.0,24.0,24.0,0.05435061454772949
37.0,14.0,14.0,0.02350139617919922
62.0,38.0,38.0,0.04190254211425781
52.0,19.0,19.0,0.034493446350097656
36.0,18.0,18.0,0.023661136627197266
56.0,18.0,18.0,0.03770256042480469
28.0,9.0,9.0,0.0247647762298584
41.0,17.0,17.0,0.028495073318481445
69.0,32.0,32.0,0.044652700424194336
17.0,5.0,5.0,0.010517597198486328
89.0,21.0,21.0,0.0592038631439209
65.0,14.0,14.0,0.04130053520202637
62.0,29.0,29.0,0.04371762275695801
103.0,37.0,37.0,0.07018208503723145
99.0,36.0,36.0,0.07661104202270508
66.0,21.0,21.0,0.04656338691711426
36.0,13.0,13.0,0.023724079132080078
44.0,10.0,10.0,0.03246021270751953
26.0,15.0,15.0,0.022908449172973633
35.0,15.0,15.0,0.03215932846069336
133.0,44.0,44.0,0.09746336936950684
30.0,12.0,12.0,0.020632266998291016
33.0,20.0,20.0,0.02320384979248047
23.0,10.0,10.0,0.01716446876525879
113.0,37.0,37.0,0.0738823413848877
21.0,7.0,7.0,0.013919591903686523
123.0,34.0,34.0,0.08254218101501465
54.0,19.0,19.0,0.034914255142211914
30.0,12.0,12.0,0.019775867462158203
34.0,12.0,12.0,0.021718740463256836
72.0,22.0,22.0,0.0529484748840332
56.0,18.0,18.0,0.04272627830505371
48.0,15.0,15.0,0.034538984298706055
43.0,22.0,22.0,0.031141281127929688
70.0,19.0,19.0,0.05123329162597656
67.0,23.0,23.0,0.04751729965209961
15.0,4.0,4.0,0.010196924209594727
22.0,5.0,5.0,0.015697479248046875
39.0,11.0,11.0,0.027971982955932617
159.0,49.0,49.0,0.10827398300170898
22.0,6.0,6.0,0.017354488372802734
61.0,15.0,15.0,0.042463064193725586
60.0,29.0,29.0,0.04711437225341797
84.0,17.0,17.0,0.055333614349365234
31.0,13.0,13.0,0.020278453826904297
49.0,24.0,24.0,0.0332486629486084
41.0,25.0,25.0,0.026668310165405273
32.0,16.0,16.0,0.02236199378967285
65.0,36.0,36.0,0.04334592819213867
36.0,11.0,11.0,0.026501893997192383
88.0,29.0,29.0,0.05961322784423828
43.0,14.0,14.0,0.030328035354614258
20.0,8.0,8.0,0.012954473495483398
40.0,6.0,6.0,0.025506973266601562
34.0,18.0,18.0,0.021178483963012695
73.0,36.0,36.0,0.04620718955993652
71.0,24.0,24.0,0.05233573913574219
68.0,19.0,19.0,0.04663825035095215
32.0,21.0,21.0,0.02160191535949707
140.0,38.0,38.0,0.09320592880249023
161.0,68.0,68.0,0.10871124267578125
36.0,18.0,18.0,0.023148775100708008
46.0,15.0,15.0,0.032210350036621094
26.0,14.0,14.0,0.016035795211791992
82.0,29.0,29.0,0.056878089904785156
24.0,3.0,3.0,0.03272390365600586
26.0,16.0,16.0,0.024648666381835938
24.0,11.0,11.0,0.0214996337890625
84.0,41.0,41.0,0.05516839027404785
85.0,37.0,37.0,0.053179025650024414
42.0,15.0,15.0,0.024480104446411133
36.0,15.0,15.0,0.025014638900756836
33.0,15.0,15.0,0.02562403678894043
169.0,57.0,57.0,0.11494016647338867
22.0,6.0,6.0,0.020971059799194336
46.0,19.0,19.0,0.027593374252319336
48.0,13.0,13.0,0.029685020446777344
32.0,10.0,10.0,0.02161121368408203
58.0,15.0,15.0,0.03606104850769043
151.0,46.0,46.0,0.10047078132629395
53.0,20.0,20.0,0.03320026397705078
23.0,5.0,5.0,0.015192508697509766
30.0,17.0,17.0,0.01991415023803711
88.0,33.0,33.0,0.055860280990600586
99.0,36.0,36.0,0.06254959106445312
53.0,21.0,21.0,0.037873029708862305
32.0,13.0,13.0,0.020643949508666992
189.0,66.0,66.0,0.1300654411315918
40.0,8.0,8.0,0.02624654769897461
29.0,11.0,11.0,0.028024911880493164
25.0,13.0,13.0,0.016293764114379883
82.0,19.0,19.0,0.056070804595947266
44.0,24.0,24.0,0.028533935546875
104.0,23.0,23.0,0.06987714767456055
32.0,11.0,11.0,0.021773099899291992
51.0,15.0,15.0,0.038555145263671875
50.0,10.0,10.0,0.03128623962402344
34.0,10.0,10.0,0.023321151733398438
158.0,64.0,64.0,0.10596156120300293
54.0,13.0,13.0,0.03657221794128418
29.0,10.0,10.0,0.027508974075317383
151.0,34.0,34.0,0.10423660278320312
42.0,16.0,16.0,0.028829097747802734
24.0,10.0,10.0,0.0167849063873291
89.0,24.0,24.0,0.054013729095458984
29.0,7.0,7.0,0.020604848861694336
54.0,17.0,17.0,0.03668332099914551
43.0,13.0,13.0,0.0276029109954834
91.0,17.0,17.0,0.05924654006958008
134.0,46.0,46.0,0.08989977836608887
150.0,42.0,42.0,0.09850382804870605
42.0,8.0,8.0,0.027100324630737305
41.0,19.0,19.0,0.026470184326171875
33.0,9.0,9.0,0.02221822738647461
82.0,44.0,44.0,0.07920622825622559
26.0,12.0,12.0,0.016948699951171875
67.0,30.0,30.0,0.05522441864013672
90.0,34.0,34.0,0.061318159103393555
39.0,17.0,17.0,0.024491071701049805
42.0,13.0,13.0,0.02562570571899414
43.0,15.0,15.0,0.031167268753051758
51.0,22.0,22.0,0.035514116287231445
41.0,16.0,16.0,0.02582693099975586
22.0,10.0,10.0,0.014932870864868164
23.0,7.0,7.0,0.016643047332763672
93.0,25.0,25.0,0.06385946273803711
47.0,21.0,21.0,0.0352935791015625
64.0,20.0,20.0,0.04401040077209473
113.0,40.0,40.0,0.07297968864440918
34.0,9.0,9.0,0.022797107696533203
45.0,17.0,17.0,0.030642986297607422
68.0,46.0,46.0,0.047705650329589844
105.0,37.0,37.0,0.07137060165405273
79.0,25.0,25.0,0.05072927474975586
62.0,36.0,36.0,0.044289350509643555
84.0,29.0,29.0,0.05669236183166504
68.0,18.0,18.0,0.04461026191711426
52.0,20.0,20.0,0.034674882888793945
50.0,20.0,20.0,0.03432416915893555
114.0,48.0,48.0,0.07842588424682617
60.0,22.0,22.0,0.04261374473571777
32.0,10.0,10.0,0.023564815521240234
83.0,50.0,50.0,0.05495309829711914
43.0,19.0,19.0,0.027164936065673828
68.0,28.0,28.0,0.04797053337097168
19.0,9.0,9.0,0.012112140655517578
27.0,11.0,11.0,0.019920825958251953
75.0,16.0,16.0,0.049954891204833984
82.0,26.0,26.0,0.05579638481140137
39.0,14.0,14.0,0.026925325393676758
52.0,18.0,18.0,0.03538703918457031
41.0,15.0,15.0,0.028204679489135742
125.0,41.0,41.0,0.08035826683044434
70.0,39.0,39.0,0.04636669158935547
27.0,11.0,11.0,0.017647266387939453
39.0,18.0,18.0,0.027744531631469727
20.0,8.0,8.0,0.014158487319946289
48.0,26.0,26.0,0.03043222427368164
44.0,17.0,17.0,0.0315396785736084
33.0,19.0,19.0,0.022292375564575195
19.0,4.0,4.0,0.012781858444213867
35.0,13.0,13.0,0.025526046752929688
42.0,31.0,31.0,0.027120351791381836
47.0,20.0,20.0,0.032457590103149414
95.0,32.0,32.0,0.06203413009643555
255.0,103.0,103.0,0.19292616844177246
84.0,37.0,37.0,0.07470941543579102
44.0,16.0,16.0,0.03083062171936035
25.0,14.0,14.0,0.015582084655761719
14.0,2.0,2.0,0.00900721549987793
22.0,10.0,10.0,0.01952075958251953
60.0,19.0,19.0,0.03979849815368652
28.0,9.0,9.0,0.017683982849121094
60.0,15.0,15.0,0.038811683654785156
114.0,42.0,42.0,0.07789802551269531
24.0,10.0,10.0,0.01550436019897461
42.0,12.0,12.0,0.026043415069580078
48.0,19.0,19.0,0.03342008590698242
60.0,34.0,34.0,0.03905963897705078
47.0,18.0,18.0,0.036377906799316406
25.0,8.0,8.0,0.021796464920043945
38.0,11.0,11.0,0.03467822074890137
119.0,46.0,46.0,0.09520125389099121
30.0,12.0,12.0,0.021647214889526367
25.0,13.0,13.0,0.023111820220947266
93.0,37.0,37.0,0.08186960220336914
89.0,31.0,31.0,0.05775904655456543
146.0,39.0,39.0,0.11230349540710449
31.0,15.0,15.0,0.021541118621826172
95.0,25.0,25.0,0.07014822959899902
47.0,24.0,24.0,0.04601860046386719
33.0,15.0,15.0,0.03433680534362793
87.0,31.0,31.0,0.07751011848449707
44.0,8.0,8.0,0.03754901885986328
36.0,13.0,13.0,0.02932453155517578
25.0,13.0,13.0,0.025197505950927734
36.0,20.0,20.0,0.02464747428894043
100.0,29.0,29.0,0.07091999053955078
33.0,11.0,11.0,0.026498794555664062
34.0,13.0,13.0,0.025955677032470703
36.0,14.0,14.0,0.023186445236206055
82.0,33.0,33.0,0.05633115768432617
41.0,20.0,20.0,0.03384804725646973
48.0,11.0,11.0,0.034052133560180664
76.0,25.0,25.0,0.05547904968261719
53.0,18.0,18.0,0.03242850303649902
23.0,11.0,11.0,0.013302087783813477
41.0,15.0,15.0,0.028091907501220703
36.0,23.0,23.0,0.023176908493041992
32.0,16.0,16.0,0.023077011108398438
45.0,25.0,25.0,0.03145718574523926
40.0,10.0,10.0,0.0250546932220459
52.0,25.0,25.0,0.03642129898071289
31.0,10.0,10.0,0.019878387451171875
137.0,38.0,38.0,0.0933840274810791
64.0,26.0,26.0,0.04085278511047363
61.0,28.0,28.0,0.04427528381347656
80.0,28.0,28.0,0.07606220245361328
81.0,29.0,29.0,0.0801854133605957
49.0,39.0,39.0,0.035486459732055664
35.0,20.0,20.0,0.02589583396911621
92.0,33.0,33.0,0.06843757629394531
22.0,7.0,7.0,0.019021987915039062
52.0,27.0,27.0,0.04427456855773926
70.0,24.0,24.0,0.052652835845947266
54.0,17.0,17.0,0.046492815017700195
59.0,28.0,28.0,0.05747056007385254
67.0,20.0,20.0,0.053466796875
27.0,14.0,14.0,0.017424583435058594
35.0,8.0,8.0,0.025556564331054688
29.0,11.0,11.0,0.019534587860107422
31.0,21.0,21.0,0.01975703239440918
129.0,41.0,41.0,0.08656430244445801
73.0,23.0,23.0,0.04581499099731445
104.0,32.0,32.0,0.07282376289367676
74.0,25.0,25.0,0.049355268478393555
45.0,12.0,12.0,0.030162334442138672
93.0,32.0,32.0,0.061338186264038086
88.0,34.0,34.0,0.05841851234436035
27.0,5.0,5.0,0.019652843475341797
122.0,27.0,27.0,0.08760595321655273
55.0,20.0,20.0,0.038725852966308594
119.0,42.0,42.0,0.08243799209594727
51.0,19.0,19.0,0.036490678787231445
44.0,25.0,25.0,0.02986764907836914
90.0,33.0,33.0,0.060851097106933594
73.0,30.0,30.0,0.045690059661865234
56.0,20.0,20.0,0.038301944732666016
70.0,20.0,20.0,0.04781174659729004
31.0,13.0,13.0,0.020522594451904297
86.0,37.0,37.0,0.05579185485839844
34.0,14.0,14.0,0.023946285247802734
37.0,12.0,12.0,0.023416519165039062
29.0,11.0,11.0,0.018216848373413086
50.0,17.0,17.0,0.03398585319519043
43.0,13.0,13.0,0.030163288116455078
48.0,13.0,13.0,0.029575109481811523
92.0,27.0,27.0,0.05911517143249512
41.0,14.0,14.0,0.029330968856811523
21.0,5.0,5.0,0.012699365615844727
59.0,20.0,20.0,0.041571617126464844
125.0,27.0,27.0,0.0857536792755127
53.0,16.0,16.0,0.03625607490539551
82.0,30.0,30.0,0.0584716796875
68.0,35.0,35.0,0.04582381248474121
31.0,7.0,7.0,0.033924102783203125
38.0,13.0,13.0,0.031311988830566406
43.0,25.0,25.0,0.028643131256103516
61.0,27.0,27.0,0.04517078399658203
168.0,51.0,51.0,0.12522220611572266
131.0,60.0,60.0,0.08773422241210938
28.0,5.0,5.0,0.018076419830322266
45.0,17.0,17.0,0.031584739685058594
51.0,21.0,21.0,0.03400063514709473
69.0,34.0,34.0,0.04404330253601074
65.0,24.0,24.0,0.042999982833862305
26.0,9.0,9.0,0.017000198364257812
124.0,39.0,39.0,0.0865631103515625
149.0,50.0,50.0,0.10432171821594238
30.0,10.0,10.0,0.02251434326171875
138.0,37.0,37.0,0.0950472354888916
109.0,30.0,30.0,0.07746338844299316
87.0,30.0,30.0,0.06451725959777832
20.0,8.0,8.0,0.015999317169189453
22.0,9.0,9.0,0.014571666717529297
13.0,3.0,3.0,0.009003639221191406
41.0,19.0,19.0,0.029015302658081055
58.0,22.0,22.0,0.04121685028076172
42.0,24.0,24.0,0.029578208923339844
69.0,18.0,18.0,0.05045032501220703
100.0,40.0,40.0,0.07123827934265137
23.0,12.0,12.0,0.017844676971435547
29.0,5.0,5.0,0.02208232879638672
58.0,22.0,22.0,0.04165196418762207
46.0,13.0,13.0,0.03436470031738281
114.0,35.0,35.0,0.09499406814575195
40.0,22.0,22.0,0.023754596710205078
51.0,5.0,5.0,0.031209230422973633
41.0,19.0,19.0,0.024747371673583984
30.0,15.0,15.0,0.019001483917236328
28.0,13.0,13.0,0.01903367042541504
52.0,16.0,16.0,0.03304314613342285
53.0,18.0,18.0,0.034589529037475586
92.0,14.0,14.0,0.060042381286621094
33.0,12.0,12.0,0.022007465362548828
24.0,7.0,7.0,0.01900029182434082
52.0,19.0,19.0,0.037000179290771484
154.0,33.0,33.0,0.10263299942016602
27.0,9.0,9.0,0.018042564392089844
50.0,15.0,15.0,0.03558516502380371
67.0,14.0,14.0,0.04400014877319336
73.0,15.0,15.0,0.044632673263549805
24.0,11.0,11.0,0.01699972152709961
129.0,33.0,33.0,0.11368036270141602
30.0,13.0,13.0,0.023562908172607422
28.0,12.0,12.0,0.01948070526123047
46.0,23.0,23.0,0.03568768501281738
65.0,15.0,15.0,0.0435793399810791
93.0,27.0,27.0,0.05994224548339844
45.0,25.0,25.0,0.031076431274414062
83.0,28.0,28.0,0.05458950996398926
25.0,8.0,8.0,0.01699995994567871
95.0,24.0,24.0,0.06297755241394043
41.0,22.0,22.0,0.030358552932739258
32.0,14.0,14.0,0.01938652992248535
23.0,11.0,11.0,0.017452001571655273
48.0,28.0,28.0,0.03019547462463379
32.0,9.0,9.0,0.020717620849609375
42.0,18.0,18.0,0.028519392013549805
109.0,28.0,28.0,0.07456564903259277
84.0,19.0,19.0,0.05828976631164551
86.0,37.0,37.0,0.05699896812438965
23.0,9.0,9.0,0.016549110412597656
29.0,12.0,12.0,0.01837921142578125
29.0,8.0,8.0,0.017028093338012695
20.0,6.0,6.0,0.0131683349609375
45.0,18.0,18.0,0.031034231185913086
110.0,32.0,32.0,0.07362794876098633
80.0,32.0,32.0,0.05563211441040039
22.0,10.0,10.0,0.07229733467102051
31.0,17.0,17.0,0.0195159912109375
70.0,25.0,25.0,0.04444122314453125
36.0,8.0,8.0,0.02195262908935547
35.0,8.0,8.0,0.02052474021911621
43.0,20.0,20.0,0.027016162872314453
22.0,6.0,6.0,0.013033866882324219
50.0,22.0,22.0,0.03704237937927246
32.0,14.0,14.0,0.02158522605895996
42.0,13.0,13.0,0.02700066566467285
88.0,25.0,25.0,0.06104278564453125
321.0,129.0,129.0,0.21725964546203613
50.0,22.0,22.0,0.031858205795288086
49.0,14.0,14.0,0.03268575668334961
36.0,11.0,11.0,0.024823904037475586
68.0,18.0,18.0,0.047781944274902344
134.0,42.0,42.0,0.08858489990234375
48.0,23.0,23.0,0.03228163719177246
82.0,21.0,21.0,0.05708932876586914
18.0,7.0,7.0,0.01601886749267578
23.0,9.0,9.0,0.017152786254882812
66.0,20.0,20.0,0.04124116897583008
62.0,22.0,22.0,0.04416990280151367
40.0,24.0,24.0,0.029503822326660156
37.0,19.0,19.0,0.024491548538208008
99.0,32.0,32.0,0.06437110900878906
25.0,9.0,9.0,0.015427350997924805
56.0,18.0,18.0,0.04448342323303223
110.0,30.0,30.0,0.08745813369750977
39.0,12.0,12.0,0.04062008857727051
149.0,39.0,39.0,0.0915675163269043
80.0,23.0,23.0,0.04460287094116211
46.0,18.0,18.0,0.023528575897216797
51.0,19.0,19.0,0.03156328201293945
32.0,13.0,13.0,0.015993833541870117
52.0,18.0,18.0,0.03218388557434082
53.0,15.0,15.0,0.03053903579711914
90.0,27.0,27.0,0.06404352188110352
59.0,17.0,17.0,0.04115176200866699
164.0,42.0,42.0,0.11315059661865234
72.0,30.0,30.0,0.048006296157836914
29.0,12.0,12.0,0.016871213912963867
106.0,35.0,35.0,0.06871819496154785
119.0,37.0,37.0,0.0844566822052002
20.0,9.0,9.0,0.00804281234741211
22.0,8.0,8.0,0.01646566390991211
55.0,42.0,42.0,0.04043412208557129
42.0,26.0,26.0,0.03222298622131348
111.0,34.0,34.0,0.07326650619506836
97.0,26.0,26.0,0.06630849838256836
21.0,9.0,9.0,0.014915943145751953
67.0,25.0,25.0,0.04020428657531738
103.0,36.0,36.0,0.0732107162475586
30.0,14.0,14.0,0.02365589141845703
25.0,8.0,8.0,0.016239643096923828
118.0,26.0,26.0,0.08146858215332031
30.0,14.0,14.0,0.023569822311401367
62.0,18.0,18.0,0.041078805923461914
36.0,11.0,11.0,0.024027585983276367
78.0,20.0,20.0,0.05518054962158203
55.0,19.0,19.0,0.03204488754272461
79.0,33.0,33.0,0.06488513946533203
28.0,7.0,7.0,0.018110990524291992
41.0,18.0,18.0,0.02064037322998047
33.0,13.0,13.0,0.022393226623535156
31.0,19.0,19.0,0.017652273178100586
31.0,15.0,15.0,0.018294095993041992
31.0,16.0,16.0,0.024916648864746094
53.0,22.0,22.0,0.03849220275878906
25.0,9.0,9.0,0.015932798385620117
32.0,14.0,14.0,0.02436971664428711
43.0,13.0,13.0,0.023998260498046875
61.0,21.0,21.0,0.04237794876098633
60.0,25.0,25.0,0.04663896560668945
24.0,8.0,8.0,0.01596689224243164
60.0,29.0,29.0,0.04010438919067383
35.0,16.0,16.0,0.024495840072631836
22.0,7.0,7.0,0.016182661056518555
60.0,17.0,17.0,0.03981494903564453
65.0,34.0,34.0,0.07386112213134766
70.0,21.0,21.0,0.058530330657958984
38.0,7.0,7.0,0.027854442596435547
122.0,35.0,35.0,0.08515286445617676
217.0,81.0,81.0,0.15335965156555176
40.0,26.0,26.0,0.024374723434448242
32.0,16.0,16.0,0.01653742790222168
23.0,11.0,11.0,0.01600027084350586
30.0,11.0,11.0,0.016126632690429688
62.0,23.0,23.0,0.0487055778503418
110.0,41.0,41.0,0.08095479011535645
22.0,12.0,12.0,0.015941143035888672
64.0,23.0,23.0,0.04004240036010742
46.0,13.0,13.0,0.031804561614990234
43.0,15.0,15.0,0.03223896026611328
24.0,10.0,10.0,0.015995502471923828
50.0,20.0,20.0,0.032640695571899414
35.0,11.0,11.0,0.024367094039916992
28.0,16.0,16.0,0.016080379486083984
76.0,22.0,22.0,0.048364877700805664
37.0,14.0,14.0,0.02412557601928711
40.0,17.0,17.0,0.02374863624572754
31.0,11.0,11.0,0.023999452590942383
53.0,18.0,18.0,0.03343629837036133
30.0,12.0,12.0,0.016242027282714844
57.0,8.0,8.0,0.03975796699523926
47.0,22.0,22.0,0.0327606201171875
41.0,23.0,23.0,0.03437066078186035
34.0,15.0,15.0,0.02480030059814453
29.0,9.0,9.0,0.013674020767211914
74.0,23.0,23.0,0.05211997032165527
25.0,14.0,14.0,0.016415119171142578
14.0,1.0,1.0,0.011252880096435547
40.0,16.0,16.0,0.019926071166992188
119.0,40.0,40.0,0.08119940757751465
83.0,24.0,24.0,0.05706954002380371
68.0,26.0,26.0,0.04817557334899902
40.0,11.0,11.0,0.02407360076904297
90.0,30.0,30.0,0.05668044090270996
48.0,25.0,25.0,0.03290915489196777
92.0,19.0,19.0,0.0642852783203125
50.0,21.0,21.0,0.03584575653076172
42.0,9.0,9.0,0.0285947322845459
45.0,21.0,21.0,0.03249096870422363
62.0,20.0,20.0,0.04070925712585449
119.0,43.0,43.0,0.08053350448608398
36.0,9.0,9.0,0.028979778289794922
128.0,43.0,43.0,0.08884572982788086
52.0,16.0,16.0,0.032367706298828125
22.0,12.0,12.0,0.016234397888183594
25.0,5.0,5.0,0.024002790451049805
23.0,11.0,11.0,0.016165971755981445
19.0,5.0,5.0,0.007597684860229492
53.0,22.0,22.0,0.0402829647064209
26.0,9.0,9.0,0.016244173049926758
69.0,21.0,21.0,0.04803657531738281
50.0,32.0,32.0,0.048642635345458984
110.0,46.0,46.0,0.09842967987060547
53.0,19.0,19.0,0.04173898696899414
33.0,14.0,14.0,0.02423691749572754
25.0,14.0,14.0,0.012109518051147461
27.0,16.0,16.0,0.022565126419067383
51.0,18.0,18.0,0.032239437103271484
150.0,57.0,57.0,0.0972280502319336
31.0,15.0,15.0,0.017351627349853516
32.0,16.0,16.0,0.024000883102416992
26.0,9.0,9.0,0.0156402587890625
70.0,25.0,25.0,0.04422903060913086
116.0,48.0,48.0,0.07497215270996094
36.0,9.0,9.0,0.02497720718383789
42.0,10.0,10.0,0.0268247127532959
56.0,20.0,20.0,0.040239572525024414
35.0,17.0,17.0,0.025066852569580078
50.0,17.0,17.0,0.04023623466491699
107.0,31.0,31.0,0.07228899002075195
23.0,7.0,7.0,0.016033649444580078
53.0,19.0,19.0,0.03199958801269531
37.0,7.0,7.0,0.015715360641479492
103.0,31.0,31.0,0.07183337211608887
41.0,13.0,13.0,0.03232526779174805
28.0,13.0,13.0,0.0170438289642334
77.0,22.0,22.0,0.047796010971069336
40.0,9.0,9.0,0.032340049743652344
87.0,32.0,32.0,0.06441855430603027
22.0,9.0,9.0,0.01586627960205078
54.0,25.0,25.0,0.033332109451293945
207.0,45.0,45.0,0.14619922637939453
38.0,12.0,12.0,0.02419734001159668
58.0,24.0,24.0,0.04144549369812012
168.0,63.0,63.0,0.11393380165100098
62.0,16.0,16.0,0.04004192352294922
31.0,8.0,8.0,0.024624109268188477
90.0,30.0,30.0,0.05601215362548828
30.0,15.0,15.0,0.01599907875061035
51.0,14.0,14.0,0.02401590347290039
57.0,18.0,18.0,0.034680843353271484
114.0,37.0,37.0,0.07069897651672363
19.0,7.0,7.0,0.007757902145385742
27.0,12.0,12.0,0.024000883102416992
32.0,12.0,12.0,0.02404189109802246
107.0,43.0,43.0,0.08520865440368652
18.0,5.0,5.0,0.018499374389648438
78.0,24.0,24.0,0.05434560775756836
66.0,23.0,23.0,0.04730558395385742
33.0,14.0,14.0,0.02096104621887207
128.0,49.0,49.0,0.09976959228515625
48.0,21.0,21.0,0.03017902374267578
43.0,17.0,17.0,0.03149747848510742
36.0,14.0,14.0,0.028369426727294922
39.0,16.0,16.0,0.03267335891723633
95.0,26.0,26.0,0.06791472434997559
26.0,13.0,13.0,0.021727323532104492
69.0,20.0,20.0,0.05606842041015625
34.0,15.0,15.0,0.020252704620361328
139.0,37.0,37.0,0.09328794479370117
43.0,15.0,15.0,0.031958580017089844
34.0,18.0,18.0,0.0258634090423584
158.0,35.0,35.0,0.11956787109375
22.0,7.0,7.0,0.011930465698242188
120.0,31.0,31.0,0.08416581153869629
31.0,16.0,16.0,0.02577066421508789
57.0,23.0,23.0,0.04497218132019043
23.0,7.0,7.0,0.016596078872680664
38.0,12.0,12.0,0.027019023895263672
105.0,33.0,33.0,0.07509589195251465
65.0,13.0,13.0,0.05026817321777344
33.0,17.0,17.0,0.02940845489501953
148.0,44.0,44.0,0.10621857643127441
116.0,43.0,43.0,0.09763336181640625
34.0,7.0,7.0,0.022988319396972656
52.0,15.0,15.0,0.03428292274475098
76.0,22.0,22.0,0.04759669303894043
83.0,25.0,25.0,0.05710124969482422
46.0,17.0,17.0,0.032564401626586914
22.0,6.0,6.0,0.016199111938476562
77.0,31.0,31.0,0.05677342414855957
145.0,36.0,36.0,0.11065292358398438
25.0,10.0,10.0,0.021538257598876953
89.0,34.0,34.0,0.06646537780761719
66.0,24.0,24.0,0.05119180679321289
120.0,36.0,36.0,0.10166573524475098
100.0,58.0,58.0,0.0733487606048584
30.0,12.0,12.0,0.021831512451171875
26.0,14.0,14.0,0.016425609588623047
39.0,12.0,12.0,0.0339963436126709
58.0,31.0,31.0,0.048111677169799805
30.0,11.0,11.0,0.024366378784179688
23.0,11.0,11.0,0.016182899475097656
28.0,9.0,9.0,0.022417783737182617
26.0,7.0,7.0,0.016684293746948242
154.0,33.0,33.0,0.12923622131347656
61.0,27.0,27.0,0.05170488357543945
38.0,9.0,9.0,0.03196859359741211
16.0,5.0,5.0,0.017508745193481445
44.0,23.0,23.0,0.03425908088684082
118.0,48.0,48.0,0.09259200096130371
118.0,31.0,31.0,0.0823216438293457
56.0,20.0,20.0,0.03625154495239258
107.0,52.0,52.0,0.07365870475769043
25.0,11.0,11.0,0.014616727828979492
55.0,18.0,18.0,0.03240346908569336
74.0,29.0,29.0,0.04047536849975586
50.0,11.0,11.0,0.0337371826171875
57.0,25.0,25.0,0.0403285026550293
54.0,23.0,23.0,0.0484161376953125
132.0,32.0,32.0,0.09782719612121582
47.0,11.0,11.0,0.03370547294616699
109.0,42.0,42.0,0.08198308944702148
38.0,23.0,23.0,0.02683424949645996
60.0,23.0,23.0,0.053151845932006836
42.0,14.0,14.0,0.03381919860839844
34.0,14.0,14.0,0.014100790023803711
69.0,23.0,23.0,0.057398319244384766
65.0,23.0,23.0,0.04876136779785156
45.0,27.0,27.0,0.03182101249694824
56.0,15.0,15.0,0.03199625015258789
51.0,11.0,11.0,0.03251075744628906
29.0,13.0,13.0,0.017470598220825195
90.0,37.0,37.0,0.05743908882141113
106.0,30.0,30.0,0.06404495239257812
25.0,14.0,14.0,0.008028984069824219
93.0,40.0,40.0,0.05531501770019531
36.0,17.0,17.0,0.024195432662963867
73.0,24.0,24.0,0.0510861873626709
92.0,26.0,26.0,0.06237006187438965
65.0,36.0,36.0,0.04115915298461914
28.0,11.0,11.0,0.01660776138305664
38.0,18.0,18.0,0.024509191513061523
37.0,8.0,8.0,0.024028778076171875
20.0,9.0,9.0,0.018567562103271484
116.0,37.0,37.0,0.07957243919372559
102.0,38.0,38.0,0.0739896297454834
65.0,18.0,18.0,0.04512834548950195
34.0,18.0,18.0,0.019524574279785156
28.0,9.0,9.0,0.016422271728515625
100.0,31.0,31.0,0.06444525718688965
16.0,4.0,4.0,0.007998943328857422
39.0,14.0,14.0,0.02400350570678711
27.0,14.0,14.0,0.025208711624145508
21.0,7.0,7.0,0.013688087463378906
48.0,17.0,17.0,0.030698299407958984
39.0,14.0,14.0,0.03271317481994629
22.0,9.0,9.0,0.019595623016357422
48.0,29.0,29.0,0.04174637794494629
28.0,16.0,16.0,0.025597333908081055
55.0,15.0,15.0,0.04015088081359863
50.0,18.0,18.0,0.040300846099853516
72.0,25.0,25.0,0.05156826972961426
30.0,11.0,11.0,0.02158522605895996
31.0,12.0,12.0,0.026999950408935547
61.0,18.0,18.0,0.03899979591369629
74.0,24.0,24.0,0.04762721061706543
74.0,25.0,25.0,0.04900002479553223
66.0,26.0,26.0,0.04662752151489258
28.0,14.0,14.0,0.01900005340576172
188.0,54.0,54.0,0.12745165824890137
38.0,14.0,14.0,0.024521589279174805
45.0,17.0,17.0,0.031815290451049805
45.0,23.0,23.0,0.028071165084838867
26.0,6.0,6.0,0.01607799530029297
20.0,9.0,9.0,0.014590740203857422
214.0,71.0,71.0,0.1402425765991211
17.0,5.0,5.0,0.010998010635375977
27.0,7.0,7.0,0.018085718154907227
63.0,27.0,27.0,0.04162263870239258
79.0,20.0,20.0,0.057968854904174805
57.0,19.0,19.0,0.03760647773742676
42.0,12.0,12.0,0.03204536437988281
41.0,24.0,24.0,0.025615692138671875
32.0,14.0,14.0,0.020493507385253906
30.0,14.0,14.0,0.018813371658325195
117.0,36.0,36.0,0.07512784004211426
58.0,17.0,17.0,0.03899979591369629
54.0,23.0,23.0,0.03900027275085449
36.0,12.0,12.0,0.023590564727783203
52.0,15.0,15.0,0.034999847412109375
37.0,11.0,11.0,0.023999929428100586
62.0,28.0,28.0,0.04262828826904297
78.0,23.0,23.0,0.053999900817871094
25.0,8.0,8.0,0.016042709350585938
64.0,32.0,32.0,0.04592251777648926
125.0,56.0,56.0,0.08402729034423828
17.0,6.0,6.0,0.01000213623046875
57.0,19.0,19.0,0.03885197639465332
53.0,25.0,25.0,0.03411102294921875
98.0,35.0,35.0,0.06437993049621582
68.0,32.0,32.0,0.04244685173034668
287.0,83.0,83.0,0.18418288230895996
38.0,17.0,17.0,0.023604631423950195
93.0,26.0,26.0,0.06346964836120605
62.0,21.0,21.0,0.06823873519897461
27.0,11.0,11.0,0.022100448608398438
39.0,16.0,16.0,0.028878211975097656
92.0,43.0,43.0,0.06446409225463867
78.0,27.0,27.0,0.0502934455871582
38.0,25.0,25.0,0.025655031204223633
27.0,15.0,15.0,0.016890764236450195
50.0,27.0,27.0,0.030992507934570312
26.0,12.0,12.0,0.016302108764648438
70.0,23.0,23.0,0.04738879203796387
75.0,19.0,19.0,0.0515894889831543
21.0,9.0,9.0,0.013000249862670898
52.0,29.0,29.0,0.0376276969909668
73.0,21.0,21.0,0.04799985885620117
103.0,31.0,31.0,0.07011198997497559
24.0,12.0,12.0,0.015556573867797852
72.0,25.0,25.0,0.045912981033325195
113.0,44.0,44.0,0.07182788848876953
40.0,10.0,10.0,0.027070999145507812
31.0,18.0,18.0,0.023553848266601562
34.0,19.0,19.0,0.02305459976196289
25.0,10.0,10.0,0.015834808349609375
20.0,9.0,9.0,0.011916637420654297
33.0,12.0,12.0,0.020230531692504883
33.0,17.0,17.0,0.02064990997314453
27.0,10.0,10.0,0.015954256057739258
21.0,8.0,8.0,0.01465153694152832
27.0,10.0,10.0,0.01802659034729004
34.0,11.0,11.0,0.021039247512817383
40.0,16.0,16.0,0.02658534049987793
183.0,49.0,49.0,0.12400507926940918
47.0,22.0,22.0,0.03044271469116211
38.0,14.0,14.0,0.024535417556762695
70.0,40.0,40.0,0.05103254318237305
90.0,25.0,25.0,0.06163287162780762
26.0,16.0,16.0,0.017000198364257812
32.0,13.0,13.0,0.020999908447265625
77.0,19.0,19.0,0.04862785339355469
87.0,39.0,39.0,0.06413841247558594
106.0,33.0,33.0,0.07163572311401367
17.0,1.0,1.0,0.011664867401123047
24.0,13.0,13.0,0.014931440353393555
88.0,38.0,38.0,0.05438661575317383
85.0,49.0,49.0,0.054917335510253906
41.0,11.0,11.0,0.024463653564453125
54.0,22.0,22.0,0.0343470573425293
76.0,20.0,20.0,0.0497434139251709
38.0,25.0,25.0,0.02599930763244629
32.0,11.0,11.0,0.020309925079345703
125.0,39.0,39.0,0.0841221809387207
19.0,4.0,4.0,0.012001752853393555
16.0,5.0,5.0,0.010763883590698242
66.0,34.0,34.0,0.048204660415649414
88.0,25.0,25.0,0.05833101272583008
18.0,4.0,4.0,0.011042594909667969
86.0,31.0,31.0,0.05759000778198242
151.0,36.0,36.0,0.1293487548828125
74.0,25.0,25.0,0.0601038932800293
39.0,15.0,15.0,0.026443004608154297
24.0,10.0,10.0,0.016888856887817383
47.0,20.0,20.0,0.032137155532836914
27.0,11.0,11.0,0.016033172607421875
53.0,23.0,23.0,0.03499960899353027
112.0,34.0,34.0,0.07659029960632324
147.0,59.0,59.0,0.10472941398620605
47.0,21.0,21.0,0.030567407608032227
103.0,37.0,37.0,0.06621265411376953
80.0,27.0,27.0,0.054620981216430664
20.0,9.0,9.0,0.012999534606933594
26.0,12.0,12.0,0.01704263687133789
27.0,13.0,13.0,0.019042253494262695
49.0,25.0,25.0,0.033590078353881836
26.0,7.0,7.0,0.019999980926513672
47.0,21.0,21.0,0.03299975395202637
34.0,14.0,14.0,0.023629426956176758
67.0,19.0,19.0,0.045999765396118164
67.0,15.0,15.0,0.04963278770446777
51.0,15.0,15.0,0.03600001335144043
28.0,17.0,17.0,0.019999980926513672
122.0,32.0,32.0,0.08597922325134277
34.0,13.0,13.0,0.024000167846679688
60.0,21.0,21.0,0.04163217544555664
95.0,20.0,20.0,0.06500029563903809
55.0,20.0,20.0,0.034584999084472656
29.0,9.0,9.0,0.022400617599487305
37.0,11.0,11.0,0.02476191520690918
19.0,7.0,7.0,0.013000965118408203
16.0,3.0,3.0,0.010001897811889648
82.0,29.0,29.0,0.05863595008850098
77.0,21.0,21.0,0.055539608001708984
37.0,20.0,20.0,0.024575471878051758
89.0,34.0,34.0,0.05756831169128418
31.0,16.0,16.0,0.019511938095092773
18.0,5.0,5.0,0.011200904846191406
27.0,16.0,16.0,0.016810178756713867
44.0,14.0,14.0,0.028215408325195312
32.0,20.0,20.0,0.023025989532470703
65.0,31.0,31.0,0.045999765396118164
54.0,22.0,22.0,0.03604292869567871
38.0,19.0,19.0,0.027589797973632812
309.0,59.0,59.0,0.2240431308746338
113.0,30.0,30.0,0.07381677627563477
17.0,6.0,6.0,0.01100468635559082
43.0,9.0,9.0,0.027618885040283203
35.0,18.0,18.0,0.02204298973083496
61.0,17.0,17.0,0.04258990287780762
112.0,47.0,47.0,0.08662772178649902
53.0,25.0,25.0,0.052265167236328125
28.0,15.0,15.0,0.022147655487060547
30.0,14.0,14.0,0.024672508239746094
98.0,30.0,30.0,0.0715796947479248
29.0,15.0,15.0,0.02378368377685547
32.0,16.0,16.0,0.022082090377807617
86.0,26.0,26.0,0.05865812301635742
39.0,11.0,11.0,0.027500629425048828
207.0,56.0,56.0,0.14429736137390137
19.0,4.0,4.0,0.013509511947631836
85.0,44.0,44.0,0.05854010581970215
59.0,29.0,29.0,0.04361557960510254
83.0,13.0,13.0,0.059807538986206055
206.0,62.0,62.0,0.14318633079528809
48.0,29.0,29.0,0.03256392478942871
36.0,18.0,18.0,0.024992704391479492
66.0,22.0,22.0,0.0440981388092041
97.0,28.0,28.0,0.06507682800292969
60.0,13.0,13.0,0.04358959197998047
26.0,8.0,8.0,0.01699995994567871
28.0,13.0,13.0,0.018000125885009766
26.0,13.0,13.0,0.01704263687133789
35.0,10.0,10.0,0.02458500862121582
115.0,41.0,41.0,0.07710647583007812
80.0,38.0,38.0,0.05458974838256836
86.0,31.0,31.0,0.05562782287597656
52.0,15.0,15.0,0.03399991989135742
24.0,9.0,9.0,0.016000032424926758
36.0,11.0,11.0,0.024042844772338867
29.0,15.0,15.0,0.02259039878845215
61.0,20.0,20.0,0.038042306900024414
77.0,28.0,28.0,0.04904365539550781
74.0,36.0,36.0,0.050214529037475586
24.0,9.0,9.0,0.016000032424926758
57.0,20.0,20.0,0.03606700897216797
38.0,25.0,25.0,0.024477720260620117
30.0,16.0,16.0,0.020633220672607422
49.0,22.0,22.0,0.03133106231689453
31.0,15.0,15.0,0.020016908645629883
31.0,13.0,13.0,0.019034147262573242
28.0,11.0,11.0,0.01900005340576172
63.0,23.0,23.0,0.04162764549255371
125.0,39.0,39.0,0.08804798126220703
19.0,8.0,8.0,0.012589454650878906
69.0,13.0,13.0,0.04499959945678711
122.0,39.0,39.0,0.08362865447998047
25.0,12.0,12.0,0.017000198364257812
93.0,29.0,29.0,0.06860113143920898
20.0,10.0,10.0,0.012438774108886719
74.0,34.0,34.0,0.05033397674560547
73.0,17.0,17.0,0.05752086639404297
212.0,56.0,56.0,0.15889310836791992
76.0,32.0,32.0,0.05257058143615723
76.0,41.0,41.0,0.04755520820617676
43.0,14.0,14.0,0.029494524002075195
38.0,22.0,22.0,0.02700042724609375
31.0,10.0,10.0,0.0212094783782959
37.0,18.0,18.0,0.022992849349975586
105.0,35.0,35.0,0.06652402877807617
28.0,8.0,8.0,0.018571853637695312
31.0,10.0,10.0,0.019547700881958008
22.0,11.0,11.0,0.014000892639160156
72.0,31.0,31.0,0.047075510025024414
21.0,9.0,9.0,0.014045238494873047
41.0,17.0,17.0,0.026000022888183594
54.0,22.0,22.0,0.03500032424926758
46.0,28.0,28.0,0.028632402420043945
110.0,34.0,34.0,0.0750424861907959
30.0,11.0,11.0,0.01958465576171875
85.0,29.0,29.0,0.056000471115112305
30.0,18.0,18.0,0.022042512893676758
29.0,15.0,15.0,0.02059006690979004
32.0,15.0,15.0,0.024999380111694336
48.0,22.0,22.0,0.03079390525817871
62.0,21.0,21.0,0.04203391075134277
18.0,6.0,6.0,0.013005971908569336
46.0,18.0,18.0,0.02846527099609375
32.0,19.0,19.0,0.023071765899658203
49.0,17.0,17.0,0.03232216835021973
36.0,13.0,13.0,0.0220339298248291
149.0,37.0,37.0,0.10263299942016602
35.0,15.0,15.0,0.021999835968017578
96.0,21.0,21.0,0.0656285285949707
32.0,11.0,11.0,0.021000146865844727
54.0,15.0,15.0,0.0340425968170166
28.0,11.0,11.0,0.01958942413330078
18.0,7.0,7.0,0.013000249862670898
66.0,8.0,8.0,0.04200005531311035
28.0,8.0,8.0,0.02004241943359375
62.0,18.0,18.0,0.04204535484313965
47.0,21.0,21.0,0.03500056266784668
44.0,20.0,20.0,0.02863168716430664
36.0,14.0,14.0,0.024000167846679688
39.0,16.0,16.0,0.02700018882751465
32.0,15.0,15.0,0.021042585372924805
27.0,12.0,12.0,0.017526626586914062
75.0,30.0,30.0,0.048999786376953125
46.0,30.0,30.0,0.029042482376098633
30.0,13.0,13.0,0.022585153579711914
116.0,31.0,31.0,0.07804203033447266
40.0,11.0,11.0,0.030979394912719727
67.0,13.0,13.0,0.0415194034576416
140.0,48.0,48.0,0.0903167724609375
50.0,12.0,12.0,0.03100442886352539
47.0,18.0,18.0,0.028509855270385742
138.0,42.0,42.0,0.09565997123718262
24.0,12.0,12.0,0.01677846908569336
24.0,10.0,10.0,0.018642663955688477
15.0,4.0,4.0,0.011751890182495117
45.0,14.0,14.0,0.02893805503845215
62.0,17.0,17.0,0.04006791114807129
31.0,16.0,16.0,0.02031683921813965
83.0,35.0,35.0,0.053195953369140625
85.0,16.0,16.0,0.05807685852050781
22.0,7.0,7.0,0.014584779739379883
36.0,10.0,10.0,0.021999835968017578
55.0,22.0,22.0,0.037000179290771484
38.0,15.0,15.0,0.02404308319091797
81.0,30.0,30.0,0.053589582443237305
66.0,18.0,18.0,0.043042898178100586
73.0,27.0,27.0,0.05058574676513672
25.0,8.0,8.0,0.015000104904174805
37.0,20.0,20.0,0.02304244041442871
24.0,11.0,11.0,0.015589714050292969
125.0,56.0,56.0,0.08704280853271484
33.0,20.0,20.0,0.022585153579711914
25.0,11.0,11.0,0.015000343322753906
94.0,27.0,27.0,0.06663227081298828
40.0,22.0,22.0,0.024999618530273438
105.0,22.0,22.0,0.08506393432617188
32.0,14.0,14.0,0.019518136978149414
42.0,20.0,20.0,0.03460121154785156
53.0,25.0,25.0,0.03697085380554199
36.0,15.0,15.0,0.025107383728027344
52.0,20.0,20.0,0.03946089744567871
34.0,16.0,16.0,0.020509958267211914
18.0,6.0,6.0,0.011520624160766602
83.0,30.0,30.0,0.05285072326660156
34.0,10.0,10.0,0.02254009246826172
166.0,56.0,56.0,0.11366653442382812
137.0,43.0,43.0,0.09306812286376953
141.0,37.0,37.0,0.09563207626342773
26.0,10.0,10.0,0.017999649047851562
146.0,35.0,35.0,0.10562777519226074
41.0,20.0,20.0,0.026999711990356445
37.0,17.0,17.0,0.026042699813842773
39.0,24.0,24.0,0.028589725494384766
27.0,15.0,15.0,0.02426767349243164
57.0,22.0,22.0,0.039949655532836914
28.0,9.0,9.0,0.025347232818603516
33.0,11.0,11.0,0.024038314819335938
70.0,25.0,25.0,0.05086684226989746
18.0,7.0,7.0,0.011520862579345703
53.0,18.0,18.0,0.035816192626953125
102.0,26.0,26.0,0.07579874992370605
68.0,21.0,21.0,0.04762578010559082
41.0,17.0,17.0,0.029352664947509766
63.0,21.0,21.0,0.042899370193481445
33.0,12.0,12.0,0.02251887321472168
48.0,27.0,27.0,0.04167366027832031
22.0,9.0,9.0,0.022054195404052734
34.0,21.0,21.0,0.03156423568725586
50.0,25.0,25.0,0.04187583923339844
89.0,34.0,34.0,0.07088446617126465
54.0,19.0,19.0,0.04299163818359375
23.0,7.0,7.0,0.018467426300048828
51.0,32.0,32.0,0.0378267765045166
45.0,16.0,16.0,0.033652305603027344
21.0,7.0,7.0,0.019023895263671875
50.0,22.0,22.0,0.03601551055908203
37.0,13.0,13.0,0.028562545776367188
79.0,21.0,21.0,0.06334424018859863
74.0,30.0,30.0,0.05203580856323242
35.0,17.0,17.0,0.021169662475585938
45.0,13.0,13.0,0.032207489013671875
26.0,12.0,12.0,0.017521381378173828
51.0,23.0,23.0,0.03592514991760254
59.0,18.0,18.0,0.04559135437011719
109.0,36.0,36.0,0.09135937690734863
63.0,21.0,21.0,0.053125619888305664
49.0,12.0,12.0,0.03224968910217285
97.0,37.0,37.0,0.06991243362426758
76.0,26.0,26.0,0.05231213569641113
23.0,4.0,4.0,0.018075227737426758
42.0,15.0,15.0,0.030752182006835938
202.0,49.0,49.0,0.1719799041748047
40.0,12.0,12.0,0.027878522872924805
136.0,35.0,35.0,0.15903854370117188
26.0,12.0,12.0,0.015999794006347656
55.0,15.0,15.0,0.036275625228881836
65.0,18.0,18.0,0.04409360885620117
40.0,17.0,17.0,0.03174638748168945
30.0,11.0,11.0,0.021796226501464844
52.0,32.0,32.0,0.036977291107177734
40.0,23.0,23.0,0.02843308448791504
172.0,42.0,42.0,0.11921167373657227
111.0,29.0,29.0,0.07746481895446777
37.0,13.0,13.0,0.03496408462524414
61.0,25.0,25.0,0.0453953742980957
54.0,15.0,15.0,0.037999868392944336
28.0,13.0,13.0,0.021042346954345703
35.0,15.0,15.0,0.024967432022094727
72.0,26.0,26.0,0.04490232467651367
52.0,19.0,19.0,0.03443622589111328
72.0,17.0,17.0,0.04867219924926758
109.0,43.0,43.0,0.08374857902526855
83.0,32.0,32.0,0.05917763710021973
27.0,4.0,4.0,0.01918816566467285
118.0,36.0,36.0,0.08521032333374023
34.0,10.0,10.0,0.02167344093322754
27.0,11.0,11.0,0.017523765563964844
93.0,31.0,31.0,0.06358146667480469
55.0,24.0,24.0,0.03383374214172363
78.0,30.0,30.0,0.05265998840332031
35.0,13.0,13.0,0.021999835968017578
99.0,40.0,40.0,0.07488608360290527
50.0,19.0,19.0,0.03281521797180176
129.0,42.0,42.0,0.08374905586242676
69.0,35.0,35.0,0.057791709899902344
85.0,11.0,11.0,0.056465864181518555
54.0,12.0,12.0,0.033537864685058594
205.0,54.0,54.0,0.13613677024841309
36.0,20.0,20.0,0.028000593185424805
45.0,16.0,16.0,0.029042482376098633
37.0,7.0,7.0,0.02475261688232422
20.0,6.0,6.0,0.014000177383422852
78.0,18.0,18.0,0.04999971389770508
126.0,54.0,54.0,0.08563232421875
51.0,23.0,23.0,0.03562760353088379
42.0,26.0,26.0,0.03000020980834961
25.0,8.0,8.0,0.016000032424926758
49.0,15.0,15.0,0.030042409896850586
69.0,38.0,38.0,0.04559016227722168
63.0,35.0,35.0,0.04232668876647949
53.0,16.0,16.0,0.039632320404052734
61.0,26.0,26.0,0.04500007629394531
31.0,19.0,19.0,0.0201568603515625
76.0,26.0,26.0,0.04779529571533203
22.0,9.0,9.0,0.016641616821289062
69.0,24.0,24.0,0.04607510566711426
144.0,38.0,38.0,0.09108781814575195
47.0,17.0,17.0,0.029238224029541016
38.0,19.0,19.0,0.024027585983276367
70.0,17.0,17.0,0.05049610137939453
47.0,14.0,14.0,0.03216195106506348
91.0,37.0,37.0,0.06159639358520508
31.0,10.0,10.0,0.024069786071777344
42.0,32.0,32.0,0.028032302856445312
30.0,9.0,9.0,0.019999980926513672
48.0,20.0,20.0,0.03362774848937988
37.0,18.0,18.0,0.02499985694885254
59.0,22.0,22.0,0.037999868392944336
32.0,11.0,11.0,0.01963186264038086
31.0,12.0,12.0,0.019999980926513672
96.0,33.0,33.0,0.06604266166687012
36.0,13.0,13.0,0.02658557891845703
28.0,12.0,12.0,0.03400015830993652
96.0,29.0,29.0,0.07760953903198242
27.0,13.0,13.0,0.01823878288269043
44.0,30.0,30.0,0.03012681007385254
34.0,11.0,11.0,0.02312779426574707
19.0,9.0,9.0,0.011506319046020508
38.0,15.0,15.0,0.028446197509765625
126.0,47.0,47.0,0.09047961235046387
28.0,16.0,16.0,0.01857733726501465
21.0,9.0,9.0,0.01501321792602539
18.0,5.0,5.0,0.01594853401184082
70.0,14.0,14.0,0.04987692832946777
42.0,30.0,30.0,0.028348922729492188
33.0,13.0,13.0,0.023111581802368164
52.0,18.0,18.0,0.03638958930969238
40.0,14.0,14.0,0.03026866912841797
23.0,8.0,8.0,0.015290260314941406
130.0,40.0,40.0,0.09303879737854004
134.0,27.0,27.0,0.09184384346008301
50.0,19.0,19.0,0.036049842834472656
49.0,16.0,16.0,0.033468008041381836
25.0,12.0,12.0,0.021076679229736328
23.0,12.0,12.0,0.017590045928955078
62.0,23.0,23.0,0.038765668869018555
109.0,21.0,21.0,0.06975078582763672
46.0,11.0,11.0,0.028104782104492188
75.0,48.0,48.0,0.049146413803100586
29.0,18.0,18.0,0.018000125885009766
208.0,49.0,49.0,0.15115666389465332
69.0,30.0,30.0,0.0440678596496582
40.0,17.0,17.0,0.025298118591308594
23.0,10.0,10.0,0.013678550720214844
65.0,22.0,22.0,0.04271984100341797
54.0,11.0,11.0,0.03699994087219238
24.0,8.0,8.0,0.015000104904174805
80.0,30.0,30.0,0.05662846565246582
102.0,25.0,25.0,0.06604218482971191
54.0,19.0,19.0,0.040589094161987305
31.0,7.0,7.0,0.021669864654541016
36.0,19.0,19.0,0.02285313606262207
203.0,46.0,46.0,0.12691807746887207
168.0,43.0,43.0,0.11009836196899414
69.0,22.0,22.0,0.04520249366760254
82.0,26.0,26.0,0.05150866508483887
53.0,26.0,26.0,0.033675193786621094
19.0,7.0,7.0,0.012467145919799805
54.0,16.0,16.0,0.03744816780090332
137.0,50.0,50.0,0.09666657447814941
22.0,9.0,9.0,0.014000177383422852
41.0,22.0,22.0,0.049971818923950195
62.0,28.0,28.0,0.046509742736816406
46.0,15.0,15.0,0.033599138259887695
37.0,15.0,15.0,0.027546405792236328
53.0,15.0,15.0,0.035523414611816406
20.0,9.0,9.0,0.01425027847290039
45.0,17.0,17.0,0.030001163482666016
31.0,10.0,10.0,0.019075393676757812
43.0,13.0,13.0,0.02958989143371582
22.0,9.0,9.0,0.01399993896484375
41.0,16.0,16.0,0.02700018882751465
32.0,9.0,9.0,0.022042512893676758
22.0,11.0,11.0,0.014045000076293945
20.0,5.0,5.0,0.013000249862670898
106.0,41.0,41.0,0.07463216781616211
44.0,23.0,23.0,0.0279998779296875
50.0,13.0,13.0,0.03400015830993652
45.0,22.0,22.0,0.034627437591552734
189.0,71.0,71.0,0.12563252449035645
19.0,6.0,6.0,0.013000011444091797
121.0,41.0,41.0,0.08262825012207031
73.0,19.0,19.0,0.046000003814697266
26.0,11.0,11.0,0.01863408088684082
95.0,38.0,38.0,0.06500005722045898
37.0,17.0,17.0,0.030190467834472656
151.0,36.0,36.0,0.11025643348693848
49.0,8.0,8.0,0.032300710678100586
20.0,10.0,10.0,0.01889348030090332
114.0,39.0,39.0,0.097442626953125
37.0,10.0,10.0,0.03403759002685547
21.0,8.0,8.0,0.021517515182495117
39.0,22.0,22.0,0.030771255493164062
36.0,18.0,18.0,0.029614686965942383
106.0,30.0,30.0,0.08543920516967773
18.0,7.0,7.0,0.014872312545776367
42.0,14.0,14.0,0.028851747512817383
22.0,8.0,8.0,0.015505075454711914
48.0,11.0,11.0,0.029627084732055664
62.0,29.0,29.0,0.03740525245666504
68.0,23.0,23.0,0.05103421211242676
39.0,16.0,16.0,0.02504277229309082
101.0,24.0,24.0,0.07504415512084961
80.0,30.0,30.0,0.06161379814147949
146.0,30.0,30.0,0.10072135925292969
20.0,8.0,8.0,0.012455463409423828
88.0,22.0,22.0,0.06766223907470703
53.0,19.0,19.0,0.03600001335144043
74.0,18.0,18.0,0.054418325424194336
25.0,14.0,14.0,0.01807403564453125
48.0,18.0,18.0,0.030985116958618164
24.0,12.0,12.0,0.014518976211547852
92.0,30.0,30.0,0.06869769096374512
98.0,33.0,33.0,0.09201335906982422
74.0,23.0,23.0,0.05429863929748535
81.0,22.0,22.0,0.05267620086669922
30.0,12.0,12.0,0.022233247756958008
60.0,23.0,23.0,0.037001609802246094
49.0,22.0,22.0,0.0347592830657959
40.0,24.0,24.0,0.028966426849365234
61.0,15.0,15.0,0.04647088050842285
46.0,14.0,14.0,0.03318166732788086
57.0,14.0,14.0,0.048253774642944336
38.0,16.0,16.0,0.035874128341674805
24.0,11.0,11.0,0.022875547409057617
22.0,11.0,11.0,0.0261991024017334
26.0,13.0,13.0,0.022692203521728516
65.0,12.0,12.0,0.05944633483886719
81.0,20.0,20.0,0.05981302261352539
101.0,39.0,39.0,0.08826637268066406
179.0,56.0,56.0,0.11255097389221191
33.0,18.0,18.0,0.02400970458984375
63.0,25.0,25.0,0.05229473114013672
27.0,11.0,11.0,0.01798415184020996
47.0,10.0,10.0,0.04085826873779297
101.0,30.0,30.0,0.0633237361907959
97.0,32.0,32.0,0.06410408020019531
48.0,18.0,18.0,0.029447555541992188
61.0,24.0,24.0,0.04667186737060547
72.0,25.0,25.0,0.06445026397705078
37.0,18.0,18.0,0.029214859008789062
47.0,11.0,11.0,0.03816986083984375
23.0,4.0,4.0,0.024787187576293945
132.0,36.0,36.0,0.133436918258667
135.0,42.0,42.0,0.10574722290039062
32.0,16.0,16.0,0.019997835159301758
96.0,28.0,28.0,0.07844090461730957
42.0,13.0,13.0,0.033509016036987305
26.0,9.0,9.0,0.017179250717163086
29.0,12.0,12.0,0.019397735595703125
94.0,41.0,41.0,0.05951333045959473
32.0,11.0,11.0,0.02139115333557129
20.0,7.0,7.0,0.014466524124145508
120.0,41.0,41.0,0.10154366493225098
16.0,4.0,4.0,0.009768962860107422
32.0,17.0,17.0,0.028794050216674805
43.0,18.0,18.0,0.031373023986816406
28.0,13.0,13.0,0.018018245697021484
40.0,16.0,16.0,0.030643224716186523
33.0,6.0,6.0,0.021047592163085938
85.0,33.0,33.0,0.07512259483337402
29.0,17.0,17.0,0.023848295211791992
19.0,7.0,7.0,0.015003681182861328
76.0,24.0,24.0,0.06602096557617188
59.0,20.0,20.0,0.03880929946899414
27.0,11.0,11.0,0.017034292221069336
36.0,15.0,15.0,0.025197744369506836
25.0,13.0,13.0,0.015309810638427734
92.0,33.0,33.0,0.06712031364440918
58.0,14.0,14.0,0.040140628814697266
130.0,44.0,44.0,0.10777735710144043
46.0,23.0,23.0,0.040146589279174805
142.0,36.0,36.0,0.09297895431518555
94.0,37.0,37.0,0.07004261016845703
22.0,11.0,11.0,0.014585494995117188
109.0,48.0,48.0,0.07224225997924805
27.0,15.0,15.0,0.017589569091796875
38.0,15.0,15.0,0.03299999237060547
18.0,7.0,7.0,0.016000032424926758
19.0,6.0,6.0,0.012971639633178711
28.0,16.0,16.0,0.019008159637451172
37.0,18.0,18.0,0.025849342346191406
144.0,34.0,34.0,0.09359359741210938
39.0,17.0,17.0,0.028921127319335938
124.0,40.0,40.0,0.07988142967224121
21.0,10.0,10.0,0.013011455535888672
46.0,15.0,15.0,0.03417515754699707
27.0,11.0,11.0,0.017015457153320312
23.0,11.0,11.0,0.01458287239074707
53.0,20.0,20.0,0.03347134590148926
210.0,45.0,45.0,0.1381819248199463
24.0,12.0,12.0,0.015540122985839844
111.0,30.0,30.0,0.0735318660736084
57.0,24.0,24.0,0.038268327713012695
47.0,24.0,24.0,0.029799222946166992
88.0,30.0,30.0,0.057779788970947266
25.0,12.0,12.0,0.015465497970581055
27.0,9.0,9.0,0.0160062313079834
45.0,22.0,22.0,0.029146671295166016
46.0,19.0,19.0,0.029630184173583984
81.0,35.0,35.0,0.054999589920043945
158.0,56.0,56.0,0.10262823104858398
79.0,40.0,40.0,0.05563235282897949
77.0,39.0,39.0,0.05200004577636719
56.0,15.0,15.0,0.03958535194396973
174.0,49.0,49.0,0.13610053062438965
79.0,39.0,39.0,0.06580424308776855
102.0,33.0,33.0,0.07501649856567383
52.0,18.0,18.0,0.038761138916015625
71.0,25.0,25.0,0.04506826400756836
54.0,13.0,13.0,0.035056352615356445
41.0,12.0,12.0,0.028000354766845703
49.0,12.0,12.0,0.03104257583618164
43.0,9.0,9.0,0.03525066375732422
34.0,15.0,15.0,0.024036169052124023
32.0,16.0,16.0,0.0220029354095459
59.0,16.0,16.0,0.043630361557006836
84.0,28.0,28.0,0.0514979362487793
42.0,21.0,21.0,0.027780532836914062
28.0,18.0,18.0,0.017033100128173828
22.0,6.0,6.0,0.021000146865844727
43.0,11.0,11.0,0.03099989891052246
121.0,45.0,45.0,0.08358955383300781
20.0,6.0,6.0,0.012999773025512695
17.0,6.0,6.0,0.010999917984008789
97.0,37.0,37.0,0.06358528137207031
36.0,14.0,14.0,0.025043964385986328
20.0,8.0,8.0,0.013590097427368164
146.0,42.0,42.0,0.10952425003051758
28.0,13.0,13.0,0.021756887435913086
89.0,24.0,24.0,0.06715798377990723
40.0,20.0,20.0,0.027001142501831055
36.0,9.0,9.0,0.023998022079467773
26.0,14.0,14.0,0.016245603561401367
33.0,13.0,13.0,0.022723674774169922
28.0,15.0,15.0,0.01686406135559082
37.0,10.0,10.0,0.03141427040100098
18.0,3.0,3.0,0.017457962036132812
60.0,16.0,16.0,0.05017232894897461
59.0,37.0,37.0,0.03500199317932129
35.0,15.0,15.0,0.021006345748901367
103.0,17.0,17.0,0.06648778915405273
60.0,27.0,27.0,0.04212379455566406
28.0,15.0,15.0,0.016667842864990234
21.0,8.0,8.0,0.01407170295715332
38.0,17.0,17.0,0.0235898494720459
21.0,10.0,10.0,0.013815641403198242
70.0,28.0,28.0,0.04498720169067383
36.0,14.0,14.0,0.02303290367126465
68.0,26.0,26.0,0.0554807186126709
153.0,40.0,40.0,0.10850763320922852
36.0,15.0,15.0,0.023541927337646484
61.0,18.0,18.0,0.04123568534851074
68.0,33.0,33.0,0.04967331886291504
47.0,16.0,16.0,0.03127026557922363
134.0,36.0,36.0,0.08890223503112793
50.0,15.0,15.0,0.0315248966217041
36.0,12.0,12.0,0.02299189567565918
125.0,31.0,31.0,0.08215856552124023
37.0,9.0,9.0,0.03265500068664551
102.0,36.0,36.0,0.09524822235107422
40.0,19.0,19.0,0.03046393394470215
48.0,25.0,25.0,0.036757707595825195
20.0,9.0,9.0,0.014806747436523438
53.0,19.0,19.0,0.03526449203491211
111.0,29.0,29.0,0.08064126968383789
61.0,23.0,23.0,0.04350423812866211
34.0,16.0,16.0,0.027155160903930664
78.0,17.0,17.0,0.05474424362182617
28.0,15.0,15.0,0.021863937377929688
32.0,16.0,16.0,0.030286312103271484
74.0,31.0,31.0,0.05376625061035156
57.0,21.0,21.0,0.03980135917663574
26.0,15.0,15.0,0.018087387084960938
26.0,9.0,9.0,0.02299666404724121
31.0,9.0,9.0,0.020546436309814453
62.0,21.0,21.0,0.039133310317993164
69.0,28.0,28.0,0.05108976364135742
58.0,17.0,17.0,0.03801703453063965
49.0,25.0,25.0,0.03337860107421875
55.0,14.0,14.0,0.032517433166503906
42.0,11.0,11.0,0.025000333786010742
21.0,9.0,9.0,0.013004779815673828
79.0,36.0,36.0,0.057003021240234375
28.0,16.0,16.0,0.019001483917236328
54.0,19.0,19.0,0.041750431060791016
111.0,37.0,37.0,0.08411979675292969
49.0,16.0,16.0,0.03804636001586914
53.0,24.0,24.0,0.03363037109375
47.0,15.0,15.0,0.031170129776000977
187.0,44.0,44.0,0.13719677925109863
54.0,12.0,12.0,0.03762483596801758
41.0,14.0,14.0,0.028240442276000977
89.0,40.0,40.0,0.06143999099731445
90.0,35.0,35.0,0.06574296951293945
54.0,16.0,16.0,0.040560245513916016
90.0,41.0,41.0,0.059876441955566406
59.0,38.0,38.0,0.04070401191711426
34.0,14.0,14.0,0.025217771530151367
173.0,44.0,44.0,0.12776899337768555
25.0,9.0,9.0,0.020999670028686523
68.0,35.0,35.0,0.05761981010437012
89.0,34.0,34.0,0.0648036003112793
59.0,21.0,21.0,0.0404510498046875
72.0,19.0,19.0,0.049524545669555664
18.0,5.0,5.0,0.014220476150512695
107.0,63.0,63.0,0.08476066589355469
36.0,10.0,10.0,0.03127026557922363
15.0,3.0,3.0,0.01681971549987793
50.0,18.0,18.0,0.04041481018066406
36.0,23.0,23.0,0.023230314254760742
82.0,33.0,33.0,0.05954909324645996
43.0,17.0,17.0,0.027066469192504883
28.0,14.0,14.0,0.01699376106262207
29.0,14.0,14.0,0.02019500732421875
26.0,10.0,10.0,0.016695499420166016
78.0,27.0,27.0,0.05052757263183594
43.0,26.0,26.0,0.030022859573364258
23.0,11.0,11.0,0.016020536422729492
29.0,16.0,16.0,0.020581722259521484
32.0,18.0,18.0,0.02603316307067871
38.0,13.0,13.0,0.024042606353759766
178.0,62.0,62.0,0.11856865882873535
49.0,15.0,15.0,0.03108358383178711
18.0,6.0,6.0,0.011999368667602539
40.0,24.0,24.0,0.02776193618774414
41.0,17.0,17.0,0.026516437530517578
34.0,15.0,15.0,0.02199840545654297
93.0,53.0,53.0,0.05859518051147461
35.0,21.0,21.0,0.022746801376342773
25.0,11.0,11.0,0.016045093536376953
50.0,21.0,21.0,0.030947446823120117
78.0,15.0,15.0,0.05287432670593262
19.0,6.0,6.0,0.011101007461547852
53.0,22.0,22.0,0.03239727020263672
21.0,9.0,9.0,0.013597249984741211
76.0,19.0,19.0,0.050547122955322266
18.0,7.0,7.0,0.012000083923339844
140.0,45.0,45.0,0.09263300895690918
62.0,21.0,21.0,0.04187941551208496
41.0,17.0,17.0,0.024690628051757812
136.0,45.0,45.0,0.09635686874389648
61.0,21.0,21.0,0.04559206962585449
28.0,14.0,14.0,0.019007444381713867
79.0,24.0,24.0,0.0508880615234375
109.0,32.0,32.0,0.07392501831054688
89.0,31.0,31.0,0.05679035186767578
36.0,13.0,13.0,0.02451300621032715
71.0,26.0,26.0,0.04361391067504883
124.0,31.0,31.0,0.08398294448852539
64.0,29.0,29.0,0.041042327880859375
25.0,14.0,14.0,0.018585205078125
89.0,18.0,18.0,0.06100010871887207
97.0,31.0,31.0,0.06663298606872559
43.0,24.0,24.0,0.025999784469604492
47.0,17.0,17.0,0.032582998275756836
54.0,15.0,15.0,0.03600001335144043
22.0,9.0,9.0,0.01399993896484375
26.0,8.0,8.0,0.018000125885009766
26.0,7.0,7.0,0.018042802810668945
18.0,6.0,6.0,0.011590003967285156
35.0,15.0,15.0,0.026000022888183594
92.0,30.0,30.0,0.0600430965423584
39.0,18.0,18.0,0.02658534049987793
19.0,7.0,7.0,0.012000083923339844
53.0,31.0,31.0,0.05448627471923828
29.0,12.0,12.0,0.02157115936279297
44.0,11.0,11.0,0.03344249725341797
22.0,4.0,4.0,0.014493703842163086
28.0,5.0,5.0,0.023401260375976562
95.0,50.0,50.0,0.06858158111572266
38.0,11.0,11.0,0.026042461395263672
103.0,32.0,32.0,0.06958985328674316
71.0,15.0,15.0,0.050629615783691406
76.0,18.0,18.0,0.04800009727478027
83.0,35.0,35.0,0.056632280349731445
80.0,17.0,17.0,0.04999995231628418
27.0,9.0,9.0,0.018042802810668945
36.0,22.0,22.0,0.025926589965820312
75.0,23.0,23.0,0.04856586456298828
44.0,26.0,26.0,0.02897357940673828
37.0,14.0,14.0,0.02579355239868164
39.0,16.0,16.0,0.024943828582763672
19.0,4.0,4.0,0.013998746871948242
96.0,41.0,41.0,0.06212306022644043
41.0,14.0,14.0,0.0279998779296875
42.0,15.0,15.0,0.027042150497436523
22.0,10.0,10.0,0.014590024948120117
28.0,16.0,16.0,0.021999835968017578
62.0,23.0,23.0,0.0409998893737793
26.0,14.0,14.0,0.01604294776916504
64.0,31.0,31.0,0.043585777282714844
50.0,17.0,17.0,0.037000179290771484
32.0,17.0,17.0,0.02058863639831543
45.0,22.0,22.0,0.03099989891052246
26.0,13.0,13.0,0.01699995994567871
35.0,15.0,15.0,0.021999835968017578
99.0,23.0,23.0,0.06542396545410156
140.0,35.0,35.0,0.09280037879943848
66.0,31.0,31.0,0.040752410888671875
53.0,19.0,19.0,0.03663134574890137
31.0,17.0,17.0,0.0220639705657959
39.0,14.0,14.0,0.02399754524230957
73.0,26.0,26.0,0.0455164909362793
55.0,31.0,31.0,0.03695344924926758
37.0,11.0,11.0,0.0235135555267334
42.0,21.0,21.0,0.0265963077545166
27.0,16.0,16.0,0.018000125885009766
37.0,8.0,8.0,0.026000022888183594
52.0,15.0,15.0,0.03613996505737305
26.0,11.0,11.0,0.017195463180541992
21.0,6.0,6.0,0.01299905776977539
85.0,27.0,27.0,0.05389761924743652
51.0,14.0,14.0,0.03362393379211426
65.0,18.0,18.0,0.04167342185974121
20.0,9.0,9.0,0.012000083923339844
29.0,7.0,7.0,0.0190427303314209
45.0,21.0,21.0,0.02958965301513672
44.0,29.0,29.0,0.03099966049194336
139.0,34.0,34.0,0.09376931190490723
28.0,10.0,10.0,0.018999576568603516
47.0,14.0,14.0,0.030632495880126953
106.0,31.0,31.0,0.07000017166137695
129.0,47.0,47.0,0.09762787818908691
47.0,25.0,25.0,0.046260833740234375
83.0,29.0,29.0,0.07281279563903809
21.0,8.0,8.0,0.015084028244018555
102.0,27.0,27.0,0.06857681274414062
42.0,7.0,7.0,0.026587963104248047
59.0,32.0,32.0,0.03650474548339844
25.0,9.0,9.0,0.015996932983398438
26.0,13.0,13.0,0.017791032791137695
76.0,23.0,23.0,0.050063133239746094
99.0,26.0,26.0,0.07015872001647949
47.0,25.0,25.0,0.030440092086791992
48.0,18.0,18.0,0.031001806259155273
78.0,24.0,24.0,0.04982471466064453
51.0,13.0,13.0,0.03332042694091797
18.0,7.0,7.0,0.012009620666503906
125.0,37.0,37.0,0.08258461952209473
29.0,8.0,8.0,0.02004241943359375
19.0,6.0,6.0,0.015590429306030273
93.0,32.0,32.0,0.05900001525878906
55.0,26.0,26.0,0.03562736511230469
51.0,16.0,16.0,0.032000064849853516
53.0,13.0,13.0,0.034999847412109375
47.0,31.0,31.0,0.03463888168334961
42.0,18.0,18.0,0.029000043869018555
22.0,6.0,6.0,0.014000177383422852
29.0,14.0,14.0,0.018999814987182617
49.0,17.0,17.0,0.032985687255859375
65.0,22.0,22.0,0.04400038719177246
99.0,33.0,33.0,0.06787967681884766
47.0,16.0,16.0,0.029386043548583984
55.0,24.0,24.0,0.03400397300720215
36.0,24.0,24.0,0.022515535354614258
46.0,12.0,12.0,0.02800273895263672
28.0,9.0,9.0,0.0178985595703125
44.0,22.0,22.0,0.028041362762451172
39.0,15.0,15.0,0.0279998779296875
28.0,9.0,9.0,0.01900005340576172
64.0,17.0,17.0,0.042043209075927734
17.0,5.0,5.0,0.011589765548706055
42.0,15.0,15.0,0.0279996395111084
43.0,29.0,29.0,0.029999971389770508
37.0,18.0,18.0,0.028627634048461914
128.0,38.0,38.0,0.08248186111450195
20.0,10.0,10.0,0.012000322341918945
50.0,12.0,12.0,0.03704428672790527
38.0,13.0,13.0,0.023999929428100586
71.0,25.0,25.0,0.04862809181213379
81.0,24.0,24.0,0.054837942123413086
35.0,12.0,12.0,0.021000146865844727
191.0,70.0,70.0,0.1233065128326416
89.0,19.0,19.0,0.06734180450439453
85.0,23.0,23.0,0.053862571716308594
39.0,10.0,10.0,0.024204254150390625
42.0,15.0,15.0,0.027370929718017578
48.0,15.0,15.0,0.029999732971191406
101.0,22.0,22.0,0.07378506660461426
27.0,8.0,8.0,0.02340221405029297
47.0,22.0,22.0,0.03888106346130371
17.0,6.0,6.0,0.012518882751464844
56.0,31.0,31.0,0.04365420341491699
63.0,19.0,19.0,0.04260420799255371
43.0,13.0,13.0,0.027519941329956055
20.0,10.0,10.0,0.013015508651733398
87.0,16.0,16.0,0.058257341384887695
154.0,50.0,50.0,0.16490530967712402
13.0,1.0,1.0,0.007929325103759766
80.0,24.0,24.0,0.05629873275756836
20.0,10.0,10.0,0.01503443717956543
65.0,17.0,17.0,0.046042680740356445
84.0,37.0,37.0,0.05412411689758301
60.0,14.0,14.0,0.03968071937561035
35.0,12.0,12.0,0.0232088565826416
41.0,18.0,18.0,0.025707721710205078
49.0,25.0,25.0,0.03203439712524414
38.0,16.0,16.0,0.027042865753173828
