Timesteps,Collisions,Steps Waited,Real-Time Elapsed
15.0,3.0,3.0,0.005519866943359375
36.0,9.0,9.0,0.016967058181762695
58.0,6.0,6.0,0.018439531326293945
34.0,6.0,6.0,0.009478092193603516
23.0,6.0,6.0,0.0070934295654296875
67.0,12.0,12.0,0.020298242568969727
33.0,5.0,5.0,0.009979486465454102
40.0,8.0,8.0,0.014801740646362305
26.0,4.0,4.0,0.008046388626098633
48.0,10.0,10.0,0.01709437370300293
14.0,3.0,3.0,0.005040645599365234
64.0,7.0,7.0,0.022420883178710938
31.0,12.0,12.0,0.012618541717529297
23.0,7.0,7.0,0.0189816951751709
16.0,5.0,5.0,0.008749008178710938
97.0,25.0,25.0,0.05837869644165039
27.0,10.0,10.0,0.0143890380859375
24.0,8.0,8.0,0.014515161514282227
44.0,8.0,8.0,0.021113157272338867
29.0,9.0,9.0,0.01578831672668457
55.0,8.0,8.0,0.020154237747192383
46.0,17.0,17.0,0.014751195907592773
39.0,14.0,14.0,0.012455940246582031
67.0,10.0,10.0,0.025464296340942383
15.0,1.0,1.0,0.004508495330810547
31.0,3.0,3.0,0.009005546569824219
38.0,5.0,5.0,0.014515876770019531
63.0,10.0,10.0,0.028692960739135742
33.0,10.0,10.0,0.015749454498291016
37.0,10.0,10.0,0.015500783920288086
27.0,11.0,11.0,0.008490324020385742
57.0,16.0,16.0,0.017467975616455078
17.0,4.0,4.0,0.005650043487548828
34.0,12.0,12.0,0.009554624557495117
43.0,6.0,6.0,0.015238761901855469
36.0,5.0,5.0,0.012280941009521484
196.0,34.0,34.0,0.05925798416137695
18.0,7.0,7.0,0.006348609924316406
19.0,6.0,6.0,0.009792566299438477
108.0,10.0,10.0,0.03848552703857422
26.0,5.0,5.0,0.00846409797668457
37.0,13.0,13.0,0.016422033309936523
100.0,9.0,9.0,0.03532981872558594
24.0,4.0,4.0,0.022117137908935547
23.0,5.0,5.0,0.017203092575073242
59.0,6.0,6.0,0.07501578330993652
91.0,17.0,17.0,0.08092164993286133
54.0,13.0,13.0,0.026063203811645508
31.0,9.0,9.0,0.018097639083862305
62.0,10.0,10.0,0.02873992919921875
35.0,13.0,13.0,0.016350507736206055
26.0,5.0,5.0,0.011382818222045898
75.0,18.0,18.0,0.0273284912109375
14.0,2.0,2.0,0.007086277008056641
13.0,1.0,1.0,0.013558387756347656
105.0,16.0,16.0,0.12649822235107422
44.0,9.0,9.0,0.04012560844421387
61.0,9.0,9.0,0.05249929428100586
105.0,13.0,13.0,0.07206344604492188
35.0,13.0,13.0,0.019144535064697266
19.0,1.0,1.0,0.011809349060058594
76.0,14.0,14.0,0.07855796813964844
70.0,15.0,15.0,0.041097402572631836
21.0,8.0,8.0,0.018476009368896484
22.0,12.0,12.0,0.01494741439819336
51.0,20.0,20.0,0.03660392761230469
21.0,4.0,4.0,0.011504888534545898
29.0,4.0,4.0,0.023231983184814453
18.0,5.0,5.0,0.010895729064941406
82.0,19.0,19.0,0.04009604454040527
30.0,7.0,7.0,0.012253284454345703
42.0,12.0,12.0,0.023459672927856445
57.0,18.0,18.0,0.025558948516845703
71.0,13.0,13.0,0.028007030487060547
28.0,11.0,11.0,0.01224374771118164
38.0,7.0,7.0,0.016069889068603516
30.0,7.0,7.0,0.009805440902709961
37.0,7.0,7.0,0.02166008949279785
30.0,7.0,7.0,0.015981197357177734
109.0,19.0,19.0,0.06977391242980957
24.0,8.0,8.0,0.030530691146850586
39.0,10.0,10.0,0.03557777404785156
42.0,9.0,9.0,0.020372629165649414
69.0,21.0,21.0,0.05625033378601074
19.0,7.0,7.0,0.008515357971191406
18.0,7.0,7.0,0.012434959411621094
34.0,10.0,10.0,0.01525259017944336
16.0,5.0,5.0,0.011101961135864258
16.0,2.0,2.0,0.008545398712158203
29.0,8.0,8.0,0.013025999069213867
56.0,13.0,13.0,0.01767420768737793
46.0,13.0,13.0,0.012860536575317383
80.0,12.0,12.0,0.02539825439453125
20.0,7.0,7.0,0.006022453308105469
14.0,3.0,3.0,0.004534721374511719
43.0,5.0,5.0,0.013021469116210938
43.0,11.0,11.0,0.013052940368652344
30.0,10.0,10.0,0.011426210403442383
59.0,11.0,11.0,0.02291393280029297
19.0,7.0,7.0,0.009446859359741211
37.0,5.0,5.0,0.02202630043029785
118.0,9.0,9.0,0.21480560302734375
21.0,5.0,5.0,0.05125761032104492
37.0,9.0,9.0,0.04526662826538086
44.0,9.0,9.0,0.04071855545043945
201.0,31.0,31.0,0.12213873863220215
31.0,8.0,8.0,0.014998197555541992
31.0,10.0,10.0,0.01600480079650879
27.0,3.0,3.0,0.014529943466186523
25.0,6.0,6.0,0.012294530868530273
33.0,6.0,6.0,0.014119148254394531
33.0,14.0,14.0,0.018016576766967773
51.0,12.0,12.0,0.025515317916870117
25.0,5.0,5.0,0.010140180587768555
42.0,3.0,3.0,0.02698206901550293
36.0,6.0,6.0,0.04549407958984375
40.0,8.0,8.0,0.02758049964904785
41.0,8.0,8.0,0.03370022773742676
19.0,7.0,7.0,0.00953984260559082
51.0,3.0,3.0,0.028328418731689453
42.0,6.0,6.0,0.018575191497802734
34.0,5.0,5.0,0.018522977828979492
62.0,10.0,10.0,0.03857994079589844
17.0,6.0,6.0,0.00975179672241211
16.0,5.0,5.0,0.011998414993286133
85.0,14.0,14.0,0.05544161796569824
49.0,4.0,4.0,0.03518223762512207
23.0,2.0,2.0,0.014809131622314453
27.0,6.0,6.0,0.014410734176635742
66.0,14.0,14.0,0.030543088912963867
18.0,7.0,7.0,0.010617733001708984
91.0,13.0,13.0,0.06037569046020508
42.0,9.0,9.0,0.023663043975830078
53.0,12.0,12.0,0.03024458885192871
20.0,5.0,5.0,0.018178224563598633
48.0,16.0,16.0,0.04080080986022949
39.0,19.0,19.0,0.02765679359436035
37.0,6.0,6.0,0.01916050910949707
97.0,17.0,17.0,0.04087352752685547
115.0,17.0,17.0,0.04292726516723633
30.0,9.0,9.0,0.011333465576171875
22.0,10.0,10.0,0.008615732192993164
171.0,30.0,30.0,0.07722258567810059
39.0,8.0,8.0,0.01765584945678711
19.0,6.0,6.0,0.006932973861694336
20.0,4.0,4.0,0.007165193557739258
19.0,5.0,5.0,0.02284097671508789
47.0,10.0,10.0,0.020648956298828125
33.0,6.0,6.0,0.016733407974243164
73.0,11.0,11.0,0.04344654083251953
74.0,13.0,13.0,0.03994178771972656
73.0,14.0,14.0,0.04748797416687012
77.0,17.0,17.0,0.03473210334777832
15.0,2.0,2.0,0.004525423049926758
21.0,7.0,7.0,0.0063076019287109375
30.0,2.0,2.0,0.00852513313293457
33.0,9.0,9.0,0.012668132781982422
26.0,3.0,3.0,0.014586448669433594
66.0,15.0,15.0,0.019340991973876953
19.0,1.0,1.0,0.0057675838470458984
66.0,11.0,11.0,0.02511119842529297
73.0,9.0,9.0,0.023856639862060547
22.0,10.0,10.0,0.006720781326293945
34.0,5.0,5.0,0.009566783905029297
20.0,4.0,4.0,0.0059967041015625
55.0,14.0,14.0,0.01599597930908203
16.0,5.0,5.0,0.00472712516784668
22.0,9.0,9.0,0.005514621734619141
145.0,21.0,21.0,0.049631357192993164
44.0,9.0,9.0,0.015617132186889648
37.0,10.0,10.0,0.012990236282348633
43.0,13.0,13.0,0.014665603637695312
127.0,18.0,18.0,0.041353702545166016
106.0,20.0,20.0,0.04424929618835449
58.0,6.0,6.0,0.016594648361206055
29.0,6.0,6.0,0.008716344833374023
30.0,5.0,5.0,0.009684562683105469
11.0,0.0,0.0,0.004983186721801758
29.0,5.0,5.0,0.012413978576660156
30.0,14.0,14.0,0.008648157119750977
86.0,23.0,23.0,0.03332018852233887
48.0,10.0,10.0,0.015227079391479492
15.0,2.0,2.0,0.003513813018798828
30.0,9.0,9.0,0.008424043655395508
46.0,9.0,9.0,0.013752222061157227
71.0,10.0,10.0,0.02026963233947754
20.0,5.0,5.0,0.006093502044677734
21.0,3.0,3.0,0.006392955780029297
86.0,15.0,15.0,0.03263282775878906
37.0,6.0,6.0,0.01234579086303711
176.0,14.0,14.0,0.06451249122619629
102.0,24.0,24.0,0.03651571273803711
49.0,15.0,15.0,0.019498586654663086
26.0,8.0,8.0,0.009003877639770508
17.0,3.0,3.0,0.0052492618560791016
16.0,5.0,5.0,0.005263328552246094
55.0,12.0,12.0,0.015792369842529297
22.0,3.0,3.0,0.0070095062255859375
14.0,3.0,3.0,0.004000663757324219
32.0,8.0,8.0,0.012650012969970703
27.0,4.0,4.0,0.007835865020751953
20.0,7.0,7.0,0.0062940120697021484
53.0,7.0,7.0,0.017282485961914062
39.0,4.0,4.0,0.015322685241699219
91.0,15.0,15.0,0.02740645408630371
68.0,10.0,10.0,0.01994609832763672
13.0,1.0,1.0,0.0035822391510009766
19.0,4.0,4.0,0.007639884948730469
45.0,11.0,11.0,0.014641046524047852
36.0,5.0,5.0,0.011003494262695312
42.0,11.0,11.0,0.02190852165222168
21.0,6.0,6.0,0.007994890213012695
44.0,11.0,11.0,0.01758432388305664
30.0,5.0,5.0,0.012054681777954102
44.0,3.0,3.0,0.018152952194213867
30.0,2.0,2.0,0.011434316635131836
53.0,7.0,7.0,0.016797304153442383
48.0,13.0,13.0,0.015093564987182617
27.0,11.0,11.0,0.008670806884765625
21.0,8.0,8.0,0.006585121154785156
35.0,13.0,13.0,0.012428760528564453
90.0,15.0,15.0,0.030714988708496094
33.0,11.0,11.0,0.012059688568115234
33.0,6.0,6.0,0.010131120681762695
54.0,14.0,14.0,0.018665552139282227
37.0,6.0,6.0,0.012166261672973633
67.0,6.0,6.0,0.02197718620300293
29.0,6.0,6.0,0.010449647903442383
37.0,6.0,6.0,0.012514591217041016
88.0,10.0,10.0,0.03554129600524902
31.0,12.0,12.0,0.010236978530883789
35.0,9.0,9.0,0.011180639266967773
20.0,5.0,5.0,0.005704641342163086
30.0,4.0,4.0,0.008891820907592773
24.0,6.0,6.0,0.006900787353515625
40.0,15.0,15.0,0.011340141296386719
33.0,10.0,10.0,0.009103059768676758
28.0,10.0,10.0,0.008002519607543945
32.0,2.0,2.0,0.012211322784423828
16.0,4.0,4.0,0.005011796951293945
27.0,6.0,6.0,0.008435964584350586
16.0,3.0,3.0,0.005196809768676758
71.0,18.0,18.0,0.023003101348876953
100.0,20.0,20.0,0.03080010414123535
17.0,2.0,2.0,0.005429744720458984
14.0,3.0,3.0,0.004534482955932617
16.0,4.0,4.0,0.004998445510864258
68.0,14.0,14.0,0.02893209457397461
48.0,4.0,4.0,0.019750595092773438
43.0,5.0,5.0,0.019779443740844727
41.0,9.0,9.0,0.013959646224975586
43.0,9.0,9.0,0.016296863555908203
64.0,5.0,5.0,0.025956153869628906
57.0,16.0,16.0,0.018332242965698242
82.0,7.0,7.0,0.03148841857910156
31.0,4.0,4.0,0.009606122970581055
15.0,2.0,2.0,0.00505375862121582
60.0,18.0,18.0,0.01893472671508789
41.0,6.0,6.0,0.012247800827026367
37.0,8.0,8.0,0.012536764144897461
61.0,17.0,17.0,0.024216651916503906
90.0,12.0,12.0,0.02951645851135254
72.0,17.0,17.0,0.029175996780395508
133.0,21.0,21.0,0.053542137145996094
39.0,9.0,9.0,0.021636247634887695
15.0,3.0,3.0,0.005517244338989258
30.0,3.0,3.0,0.012241840362548828
84.0,15.0,15.0,0.03404378890991211
50.0,8.0,8.0,0.021390199661254883
21.0,7.0,7.0,0.007235050201416016
36.0,10.0,10.0,0.01180410385131836
66.0,14.0,14.0,0.019322872161865234
20.0,6.0,6.0,0.006001472473144531
27.0,6.0,6.0,0.011273384094238281
51.0,8.0,8.0,0.01997232437133789
18.0,2.0,2.0,0.0074999332427978516
66.0,11.0,11.0,0.03942418098449707
69.0,11.0,11.0,0.05330014228820801
39.0,6.0,6.0,0.015017271041870117
115.0,24.0,24.0,0.03554344177246094
98.0,12.0,12.0,0.03695249557495117
13.0,2.0,2.0,0.003933906555175781
34.0,7.0,7.0,0.010495662689208984
27.0,11.0,11.0,0.008195638656616211
20.0,9.0,9.0,0.007014751434326172
28.0,8.0,8.0,0.009945869445800781
142.0,14.0,14.0,0.04818129539489746
32.0,6.0,6.0,0.011883020401000977
77.0,9.0,9.0,0.023075103759765625
41.0,5.0,5.0,0.011911630630493164
94.0,22.0,22.0,0.028692245483398438
65.0,5.0,5.0,0.022821426391601562
33.0,6.0,6.0,0.012738704681396484
81.0,14.0,14.0,0.03207516670227051
43.0,14.0,14.0,0.018395423889160156
79.0,10.0,10.0,0.02892923355102539
97.0,17.0,17.0,0.03627443313598633
32.0,6.0,6.0,0.010551214218139648
36.0,4.0,4.0,0.011635541915893555
36.0,10.0,10.0,0.012133121490478516
41.0,7.0,7.0,0.015072345733642578
23.0,7.0,7.0,0.00900125503540039
26.0,7.0,7.0,0.00986480712890625
30.0,6.0,6.0,0.01447296142578125
19.0,8.0,8.0,0.006788015365600586
12.0,0.0,0.0,0.004097700119018555
26.0,11.0,11.0,0.00787496566772461
21.0,5.0,5.0,0.00832223892211914
66.0,19.0,19.0,0.02312636375427246
63.0,16.0,16.0,0.023543834686279297
20.0,4.0,4.0,0.007259368896484375
24.0,10.0,10.0,0.007870197296142578
27.0,4.0,4.0,0.008209228515625
48.0,9.0,9.0,0.01890277862548828
93.0,11.0,11.0,0.03246879577636719
55.0,10.0,10.0,0.015648365020751953
70.0,15.0,15.0,0.021221637725830078
139.0,19.0,19.0,0.0432744026184082
31.0,4.0,4.0,0.008851289749145508
22.0,6.0,6.0,0.007029533386230469
16.0,5.0,5.0,0.0046939849853515625
56.0,10.0,10.0,0.015581369400024414
33.0,12.0,12.0,0.010032415390014648
38.0,9.0,9.0,0.01113581657409668
49.0,18.0,18.0,0.01419210433959961
61.0,12.0,12.0,0.022133827209472656
28.0,6.0,6.0,0.008569478988647461
57.0,13.0,13.0,0.017537593841552734
35.0,14.0,14.0,0.009733200073242188
59.0,17.0,17.0,0.018527984619140625
38.0,4.0,4.0,0.011219024658203125
116.0,29.0,29.0,0.040023088455200195
58.0,8.0,8.0,0.016833066940307617
27.0,9.0,9.0,0.007874250411987305
62.0,22.0,22.0,0.018516063690185547
25.0,7.0,7.0,0.006979703903198242
19.0,7.0,7.0,0.005320310592651367
43.0,10.0,10.0,0.01320505142211914
21.0,5.0,5.0,0.0054628849029541016
42.0,10.0,10.0,0.011855602264404297
45.0,3.0,3.0,0.014572858810424805
19.0,5.0,5.0,0.0062274932861328125
18.0,5.0,5.0,0.00570368766784668
16.0,5.0,5.0,0.004866123199462891
50.0,9.0,9.0,0.01728677749633789
29.0,4.0,4.0,0.010891199111938477
50.0,8.0,8.0,0.015288591384887695
24.0,3.0,3.0,0.007097721099853516
107.0,20.0,20.0,0.030457258224487305
55.0,11.0,11.0,0.016558170318603516
25.0,3.0,3.0,0.007266044616699219
33.0,5.0,5.0,0.00956416130065918
27.0,7.0,7.0,0.008304119110107422
17.0,6.0,6.0,0.005773305892944336
38.0,9.0,9.0,0.011159658432006836
50.0,9.0,9.0,0.014744043350219727
30.0,5.0,5.0,0.008888959884643555
34.0,16.0,16.0,0.010710477828979492
12.0,0.0,0.0,0.003859996795654297
70.0,15.0,15.0,0.02915501594543457
38.0,4.0,4.0,0.022138357162475586
25.0,5.0,5.0,0.010997533798217773
36.0,3.0,3.0,0.011398792266845703
71.0,21.0,21.0,0.019704818725585938
46.0,9.0,9.0,0.01338648796081543
19.0,7.0,7.0,0.006235599517822266
20.0,7.0,7.0,0.0064618587493896484
50.0,8.0,8.0,0.014358282089233398
37.0,7.0,7.0,0.015981197357177734
26.0,8.0,8.0,0.007691860198974609
59.0,15.0,15.0,0.0180511474609375
25.0,5.0,5.0,0.008418083190917969
56.0,9.0,9.0,0.027914047241210938
109.0,18.0,18.0,0.04795074462890625
41.0,10.0,10.0,0.013542890548706055
70.0,12.0,12.0,0.026968955993652344
41.0,10.0,10.0,0.01932501792907715
16.0,4.0,4.0,0.003995180130004883
35.0,6.0,6.0,0.01101231575012207
15.0,2.0,2.0,0.004170894622802734
27.0,12.0,12.0,0.009657144546508789
20.0,4.0,4.0,0.006000041961669922
31.0,5.0,5.0,0.009530067443847656
27.0,10.0,10.0,0.008000850677490234
46.0,18.0,18.0,0.013448476791381836
18.0,2.0,2.0,0.005558967590332031
21.0,8.0,8.0,0.006882667541503906
91.0,18.0,18.0,0.02559208869934082
35.0,8.0,8.0,0.009840250015258789
15.0,4.0,4.0,0.00443577766418457
83.0,9.0,9.0,0.023601293563842773
30.0,13.0,13.0,0.008315324783325195
70.0,14.0,14.0,0.022676944732666016
47.0,10.0,10.0,0.01622629165649414
50.0,8.0,8.0,0.01636219024658203
42.0,11.0,11.0,0.012986183166503906
60.0,20.0,20.0,0.018541336059570312
23.0,4.0,4.0,0.007725954055786133
25.0,9.0,9.0,0.009557485580444336
47.0,4.0,4.0,0.015999317169189453
32.0,7.0,7.0,0.012069940567016602
42.0,5.0,5.0,0.01287078857421875
16.0,4.0,4.0,0.005391359329223633
19.0,4.0,4.0,0.005835533142089844
61.0,13.0,13.0,0.01749110221862793
38.0,5.0,5.0,0.011725664138793945
87.0,15.0,15.0,0.025073528289794922
20.0,5.0,5.0,0.0055544376373291016
36.0,9.0,9.0,0.011303424835205078
21.0,1.0,1.0,0.006335258483886719
80.0,16.0,16.0,0.0231325626373291
18.0,7.0,7.0,0.005570411682128906
14.0,3.0,3.0,0.004592180252075195
24.0,11.0,11.0,0.007871866226196289
63.0,13.0,13.0,0.020448923110961914
82.0,8.0,8.0,0.031206607818603516
26.0,5.0,5.0,0.008289813995361328
37.0,3.0,3.0,0.012011528015136719
60.0,11.0,11.0,0.01869344711303711
18.0,3.0,3.0,0.00562286376953125
32.0,7.0,7.0,0.010086297988891602
19.0,4.0,4.0,0.005739450454711914
19.0,4.0,4.0,0.007307529449462891
47.0,3.0,3.0,0.01339578628540039
38.0,3.0,3.0,0.011128425598144531
26.0,3.0,3.0,0.008079767227172852
19.0,7.0,7.0,0.0059964656829833984
34.0,20.0,20.0,0.012910842895507812
22.0,6.0,6.0,0.010121822357177734
43.0,11.0,11.0,0.01955413818359375
35.0,12.0,12.0,0.014894247055053711
69.0,17.0,17.0,0.02116680145263672
35.0,7.0,7.0,0.012729644775390625
17.0,5.0,5.0,0.005128383636474609
49.0,9.0,9.0,0.015615463256835938
24.0,8.0,8.0,0.007155179977416992
43.0,7.0,7.0,0.012781620025634766
20.0,4.0,4.0,0.005774736404418945
14.0,3.0,3.0,0.004778146743774414
19.0,4.0,4.0,0.006050825119018555
33.0,8.0,8.0,0.00983119010925293
45.0,10.0,10.0,0.014218807220458984
67.0,12.0,12.0,0.021947860717773438
92.0,20.0,20.0,0.033989667892456055
99.0,13.0,13.0,0.03252530097961426
87.0,11.0,11.0,0.025943517684936523
77.0,22.0,22.0,0.02374863624572754
34.0,10.0,10.0,0.01035308837890625
13.0,2.0,2.0,0.005630016326904297
51.0,8.0,8.0,0.021254301071166992
20.0,9.0,9.0,0.008803606033325195
33.0,3.0,3.0,0.011455774307250977
26.0,7.0,7.0,0.010025978088378906
44.0,5.0,5.0,0.01645183563232422
52.0,10.0,10.0,0.016362667083740234
16.0,4.0,4.0,0.007071971893310547
28.0,1.0,1.0,0.015208959579467773
17.0,3.0,3.0,0.008107900619506836
14.0,3.0,3.0,0.008394956588745117
39.0,5.0,5.0,0.015616893768310547
11.0,0.0,0.0,0.0062906742095947266
52.0,8.0,8.0,0.016949176788330078
28.0,9.0,9.0,0.009656429290771484
36.0,8.0,8.0,0.014286994934082031
63.0,18.0,18.0,0.018930673599243164
30.0,5.0,5.0,0.008941411972045898
15.0,2.0,2.0,0.0035393238067626953
19.0,7.0,7.0,0.0053255558013916016
18.0,7.0,7.0,0.006131172180175781
32.0,13.0,13.0,0.009977102279663086
20.0,8.0,8.0,0.006693124771118164
42.0,25.0,25.0,0.014003515243530273
43.0,12.0,12.0,0.014573097229003906
32.0,10.0,10.0,0.010627508163452148
56.0,11.0,11.0,0.01797342300415039
60.0,11.0,11.0,0.018480777740478516
50.0,10.0,10.0,0.014689207077026367
44.0,8.0,8.0,0.012100934982299805
53.0,13.0,13.0,0.017737150192260742
39.0,11.0,11.0,0.011379480361938477
35.0,9.0,9.0,0.01068425178527832
60.0,6.0,6.0,0.01776576042175293
73.0,13.0,13.0,0.02274799346923828
96.0,21.0,21.0,0.027246952056884766
40.0,11.0,11.0,0.014633417129516602
24.0,9.0,9.0,0.007494688034057617
49.0,5.0,5.0,0.01829361915588379
42.0,14.0,14.0,0.014760494232177734
72.0,7.0,7.0,0.0250701904296875
24.0,5.0,5.0,0.01044011116027832
58.0,30.0,30.0,0.02411627769470215
18.0,3.0,3.0,0.006252288818359375
15.0,4.0,4.0,0.004690647125244141
22.0,7.0,7.0,0.0061321258544921875
54.0,9.0,9.0,0.018454313278198242
19.0,1.0,1.0,0.006323575973510742
21.0,6.0,6.0,0.006227016448974609
19.0,8.0,8.0,0.005553245544433594
46.0,8.0,8.0,0.0157620906829834
103.0,18.0,18.0,0.029784202575683594
39.0,3.0,3.0,0.013444900512695312
16.0,1.0,1.0,0.005002737045288086
27.0,10.0,10.0,0.009834051132202148
86.0,6.0,6.0,0.03606581687927246
22.0,2.0,2.0,0.009485721588134766
168.0,24.0,24.0,0.05846810340881348
19.0,8.0,8.0,0.006769657135009766
22.0,7.0,7.0,0.007925987243652344
30.0,3.0,3.0,0.01025247573852539
28.0,12.0,12.0,0.008511066436767578
99.0,22.0,22.0,0.033693790435791016
66.0,10.0,10.0,0.0244598388671875
20.0,5.0,5.0,0.007270336151123047
32.0,7.0,7.0,0.010826587677001953
40.0,13.0,13.0,0.01764678955078125
26.0,6.0,6.0,0.009790182113647461
95.0,8.0,8.0,0.02704787254333496
23.0,3.0,3.0,0.009172916412353516
25.0,8.0,8.0,0.0083770751953125
43.0,4.0,4.0,0.012665271759033203
19.0,4.0,4.0,0.005500078201293945
19.0,6.0,6.0,0.004943370819091797
22.0,6.0,6.0,0.008620262145996094
23.0,10.0,10.0,0.009798049926757812
24.0,10.0,10.0,0.006969928741455078
26.0,6.0,6.0,0.00792551040649414
69.0,13.0,13.0,0.019065380096435547
82.0,22.0,22.0,0.02402663230895996
61.0,16.0,16.0,0.02096390724182129
38.0,7.0,7.0,0.012407779693603516
110.0,22.0,22.0,0.033203125
23.0,7.0,7.0,0.006101846694946289
22.0,10.0,10.0,0.009683847427368164
104.0,13.0,13.0,0.03670835494995117
42.0,10.0,10.0,0.01733708381652832
79.0,14.0,14.0,0.026975154876708984
169.0,13.0,13.0,0.055864810943603516
21.0,9.0,9.0,0.006108522415161133
29.0,9.0,9.0,0.008774518966674805
20.0,4.0,4.0,0.0076792240142822266
58.0,8.0,8.0,0.01812601089477539
23.0,5.0,5.0,0.008916378021240234
95.0,17.0,17.0,0.0295412540435791
134.0,28.0,28.0,0.044857025146484375
75.0,12.0,12.0,0.03193092346191406
17.0,5.0,5.0,0.008596420288085938
23.0,12.0,12.0,0.00899958610534668
35.0,7.0,7.0,0.010847091674804688
41.0,4.0,4.0,0.013802766799926758
107.0,13.0,13.0,0.0386812686920166
37.0,7.0,7.0,0.01756906509399414
31.0,4.0,4.0,0.013800382614135742
61.0,10.0,10.0,0.019771337509155273
71.0,10.0,10.0,0.02503681182861328
35.0,5.0,5.0,0.011070966720581055
67.0,8.0,8.0,0.028985977172851562
35.0,14.0,14.0,0.011071920394897461
97.0,17.0,17.0,0.029395580291748047
65.0,10.0,10.0,0.01992940902709961
35.0,10.0,10.0,0.012345075607299805
42.0,8.0,8.0,0.014432907104492188
103.0,15.0,15.0,0.029759883880615234
28.0,4.0,4.0,0.008756875991821289
60.0,1.0,1.0,0.021229267120361328
19.0,3.0,3.0,0.005587577819824219
31.0,12.0,12.0,0.010698556900024414
53.0,11.0,11.0,0.01851487159729004
17.0,2.0,2.0,0.0052051544189453125
37.0,8.0,8.0,0.01107025146484375
29.0,6.0,6.0,0.009220600128173828
31.0,5.0,5.0,0.010027170181274414
76.0,8.0,8.0,0.02357006072998047
96.0,14.0,14.0,0.02806854248046875
62.0,13.0,13.0,0.02076411247253418
25.0,2.0,2.0,0.007157802581787109
17.0,2.0,2.0,0.004904985427856445
31.0,7.0,7.0,0.008554697036743164
20.0,8.0,8.0,0.006007671356201172
24.0,8.0,8.0,0.008203983306884766
78.0,12.0,12.0,0.022606849670410156
21.0,6.0,6.0,0.00769352912902832
33.0,4.0,4.0,0.012951135635375977
33.0,10.0,10.0,0.00988459587097168
97.0,15.0,15.0,0.031208515167236328
39.0,4.0,4.0,0.011448860168457031
37.0,8.0,8.0,0.010422229766845703
143.0,17.0,17.0,0.04369664192199707
96.0,23.0,23.0,0.0314481258392334
28.0,5.0,5.0,0.008176565170288086
103.0,15.0,15.0,0.020231008529663086
21.0,6.0,6.0,0.01566290855407715
42.0,5.0,5.0,0.0
57.0,6.0,6.0,0.015086889266967773
25.0,5.0,5.0,0.0
38.0,3.0,3.0,0.021014690399169922
73.0,17.0,17.0,0.010510444641113281
34.0,22.0,22.0,0.016293764114379883
42.0,2.0,2.0,0.02305459976196289
33.0,10.0,10.0,0.011106014251708984
20.0,7.0,7.0,0.005676984786987305
46.0,10.0,10.0,0.01415562629699707
20.0,5.0,5.0,0.006292104721069336
83.0,21.0,21.0,0.02117013931274414
19.0,3.0,3.0,0.00659942626953125
56.0,12.0,12.0,0.014073371887207031
53.0,14.0,14.0,0.023455142974853516
114.0,16.0,16.0,0.03901863098144531
20.0,2.0,2.0,0.006108760833740234
48.0,24.0,24.0,0.012154102325439453
70.0,13.0,13.0,0.013580799102783203
32.0,2.0,2.0,0.01776742935180664
35.0,2.0,2.0,0.02011728286743164
72.0,8.0,8.0,0.02700066566467285
112.0,12.0,12.0,0.03589200973510742
95.0,16.0,16.0,0.037949323654174805
46.0,5.0,5.0,0.014920473098754883
37.0,8.0,8.0,0.01909327507019043
21.0,4.0,4.0,0.009232044219970703
31.0,6.0,6.0,0.00866556167602539
38.0,16.0,16.0,0.011293649673461914
71.0,11.0,11.0,0.01614236831665039
30.0,7.0,7.0,0.011615514755249023
62.0,6.0,6.0,0.0181581974029541
17.0,3.0,3.0,0.004881620407104492
47.0,9.0,9.0,0.013884544372558594
76.0,11.0,11.0,0.012332916259765625
118.0,24.0,24.0,0.0487058162689209
17.0,4.0,4.0,0.0
17.0,3.0,3.0,0.014081239700317383
44.0,9.0,9.0,0.018259048461914062
14.0,4.0,4.0,0.0
80.0,22.0,22.0,0.030888080596923828
25.0,4.0,4.0,0.0
118.0,30.0,30.0,0.04567575454711914
41.0,6.0,6.0,0.016143083572387695
24.0,10.0,10.0,0.0
50.0,8.0,8.0,0.031331539154052734
97.0,20.0,20.0,0.03338122367858887
44.0,10.0,10.0,0.013323307037353516
68.0,5.0,5.0,0.02007269859313965
22.0,2.0,2.0,0.00704503059387207
81.0,23.0,23.0,0.022168874740600586
31.0,10.0,10.0,0.00809621810913086
25.0,13.0,13.0,0.014648675918579102
62.0,12.0,12.0,0.015233039855957031
33.0,8.0,8.0,0.010325193405151367
19.0,6.0,6.0,0.00641942024230957
16.0,4.0,4.0,0.003740072250366211
31.0,9.0,9.0,0.009407997131347656
93.0,12.0,12.0,0.028233766555786133
88.0,16.0,16.0,0.03262615203857422
39.0,12.0,12.0,0.012556791305541992
104.0,16.0,16.0,0.033817291259765625
24.0,6.0,6.0,0.006712913513183594
121.0,18.0,18.0,0.04741978645324707
40.0,7.0,7.0,0.012756109237670898
88.0,10.0,10.0,0.028308391571044922
24.0,6.0,6.0,0.008469820022583008
18.0,5.0,5.0,0.003515005111694336
22.0,11.0,11.0,0.010403156280517578
70.0,14.0,14.0,0.02091193199157715
44.0,10.0,10.0,0.006531715393066406
57.0,9.0,9.0,0.02785778045654297
64.0,7.0,7.0,0.021726131439208984
30.0,4.0,4.0,0.008892297744750977
24.0,3.0,3.0,0.002774477005004883
17.0,6.0,6.0,0.012640953063964844
58.0,24.0,24.0,0.019175052642822266
92.0,26.0,26.0,0.04181861877441406
91.0,8.0,8.0,0.02566814422607422
25.0,12.0,12.0,0.015639305114746094
19.0,7.0,7.0,0.0073244571685791016
53.0,16.0,16.0,0.015891551971435547
24.0,3.0,3.0,0.007135868072509766
32.0,5.0,5.0,0.00919485092163086
45.0,17.0,17.0,0.013087272644042969
24.0,6.0,6.0,0.007494688034057617
52.0,5.0,5.0,0.028247594833374023
89.0,16.0,16.0,0.05262160301208496
97.0,18.0,18.0,0.04469656944274902
30.0,7.0,7.0,0.011711359024047852
117.0,11.0,11.0,0.0455935001373291
54.0,6.0,6.0,0.02601313591003418
20.0,7.0,7.0,0.007808208465576172
37.0,5.0,5.0,0.01749420166015625
24.0,12.0,12.0,0.01956343650817871
72.0,8.0,8.0,0.042275428771972656
23.0,9.0,9.0,0.009115219116210938
106.0,20.0,20.0,0.04204154014587402
37.0,4.0,4.0,0.025434255599975586
62.0,11.0,11.0,0.01735711097717285
72.0,12.0,12.0,0.02532792091369629
24.0,4.0,4.0,0.0128173828125
21.0,6.0,6.0,0.007811069488525391
15.0,3.0,3.0,0.004644870758056641
30.0,4.0,4.0,0.018819093704223633
47.0,10.0,10.0,0.032827138900756836
60.0,9.0,9.0,0.03557300567626953
25.0,8.0,8.0,0.0073947906494140625
24.0,5.0,5.0,0.007355928421020508
21.0,3.0,3.0,0.008114337921142578
19.0,5.0,5.0,0.0058994293212890625
85.0,11.0,11.0,0.034682273864746094
32.0,5.0,5.0,0.009540081024169922
43.0,12.0,12.0,0.012435674667358398
23.0,7.0,7.0,0.007299661636352539
47.0,7.0,7.0,0.013656377792358398
17.0,4.0,4.0,0.004782199859619141
80.0,16.0,16.0,0.021091461181640625
36.0,15.0,15.0,0.010417938232421875
23.0,8.0,8.0,0.006612300872802734
16.0,1.0,1.0,0.004602909088134766
23.0,9.0,9.0,0.009121894836425781
33.0,7.0,7.0,0.009348154067993164
52.0,10.0,10.0,0.014817476272583008
18.0,3.0,3.0,0.005229473114013672
50.0,11.0,11.0,0.014199256896972656
36.0,14.0,14.0,0.007899045944213867
21.0,4.0,4.0,0.008008480072021484
27.0,3.0,3.0,0.01414632797241211
17.0,6.0,6.0,0.005177497863769531
21.0,4.0,4.0,0.011598348617553711
25.0,8.0,8.0,0.012482643127441406
89.0,11.0,11.0,0.053231239318847656
28.0,11.0,11.0,0.013914108276367188
18.0,6.0,6.0,0.0055768489837646484
55.0,35.0,35.0,0.02922987937927246
16.0,4.0,4.0,0.004587888717651367
75.0,17.0,17.0,0.03101515769958496
50.0,7.0,7.0,0.023442983627319336
22.0,9.0,9.0,0.010873794555664062
33.0,9.0,9.0,0.013032913208007812
30.0,8.0,8.0,0.00902414321899414
14.0,3.0,3.0,0.00510859489440918
58.0,13.0,13.0,0.017292022705078125
59.0,13.0,13.0,0.016382694244384766
59.0,6.0,6.0,0.01697087287902832
16.0,3.0,3.0,0.0048065185546875
77.0,20.0,20.0,0.021738767623901367
114.0,27.0,27.0,0.03290224075317383
26.0,12.0,12.0,0.010522842407226562
22.0,3.0,3.0,0.008736371994018555
25.0,5.0,5.0,0.007842302322387695
79.0,15.0,15.0,0.029239177703857422
14.0,2.0,2.0,0.008693695068359375
64.0,12.0,12.0,0.023533344268798828
68.0,15.0,15.0,0.019016742706298828
39.0,12.0,12.0,0.011719703674316406
57.0,8.0,8.0,0.007647514343261719
21.0,10.0,10.0,0.004012584686279297
28.0,4.0,4.0,0.013640880584716797
52.0,14.0,14.0,0.01880335807800293
33.0,9.0,9.0,0.009932756423950195
41.0,7.0,7.0,0.01772904396057129
78.0,12.0,12.0,0.027831077575683594
25.0,14.0,14.0,0.008350849151611328
30.0,8.0,8.0,0.008770465850830078
26.0,8.0,8.0,0.007750749588012695
41.0,1.0,1.0,0.012203454971313477
40.0,7.0,7.0,0.013308525085449219
46.0,5.0,5.0,0.013077259063720703
120.0,15.0,15.0,0.03419923782348633
62.0,10.0,10.0,0.01904916763305664
52.0,5.0,5.0,0.030230998992919922
93.0,3.0,3.0,0.04470491409301758
90.0,18.0,18.0,0.059499263763427734
62.0,15.0,15.0,0.030423641204833984
58.0,13.0,13.0,0.030276060104370117
71.0,9.0,9.0,0.021236658096313477
51.0,6.0,6.0,0.017037630081176758
34.0,9.0,9.0,0.011529684066772461
100.0,18.0,18.0,0.028188467025756836
54.0,13.0,13.0,0.014455080032348633
46.0,16.0,16.0,0.017335891723632812
64.0,9.0,9.0,0.02336907386779785
23.0,8.0,8.0,0.007421255111694336
89.0,14.0,14.0,0.025450468063354492
23.0,5.0,5.0,0.00675654411315918
18.0,4.0,4.0,0.006598949432373047
13.0,1.0,1.0,0.00460362434387207
15.0,4.0,4.0,0.006638050079345703
22.0,5.0,5.0,0.01051640510559082
49.0,11.0,11.0,0.022340059280395508
27.0,7.0,7.0,0.00859522819519043
31.0,6.0,6.0,0.012384176254272461
36.0,11.0,11.0,0.01249384880065918
50.0,11.0,11.0,0.02535104751586914
15.0,4.0,4.0,0.005566120147705078
53.0,10.0,10.0,0.014795303344726562
34.0,6.0,6.0,0.009791135787963867
40.0,9.0,9.0,0.012025833129882812
58.0,11.0,11.0,0.0179898738861084
61.0,14.0,14.0,0.01786351203918457
18.0,2.0,2.0,0.005774736404418945
65.0,10.0,10.0,0.021791696548461914
23.0,5.0,5.0,0.006944417953491211
18.0,4.0,4.0,0.008585929870605469
228.0,52.0,52.0,0.08147859573364258
44.0,8.0,8.0,0.012800455093383789
76.0,19.0,19.0,0.021805763244628906
67.0,17.0,17.0,0.019632816314697266
35.0,3.0,3.0,0.010943889617919922
44.0,7.0,7.0,0.020368576049804688
59.0,16.0,16.0,0.05205416679382324
116.0,13.0,13.0,0.051245927810668945
62.0,15.0,15.0,0.035803794860839844
89.0,16.0,16.0,0.0435945987701416
41.0,10.0,10.0,0.011853933334350586
47.0,9.0,9.0,0.01364755630493164
40.0,5.0,5.0,0.011682510375976562
56.0,11.0,11.0,0.016190767288208008
47.0,16.0,16.0,0.01325535774230957
31.0,7.0,7.0,0.011091232299804688
46.0,9.0,9.0,0.015553474426269531
23.0,4.0,4.0,0.00811624526977539
38.0,7.0,7.0,0.011823892593383789
43.0,8.0,8.0,0.018555164337158203
85.0,9.0,9.0,0.047864675521850586
41.0,7.0,7.0,0.02431511878967285
25.0,3.0,3.0,0.012251615524291992
18.0,5.0,5.0,0.005202531814575195
70.0,18.0,18.0,0.019293785095214844
19.0,2.0,2.0,0.00559234619140625
44.0,10.0,10.0,0.013455390930175781
22.0,5.0,5.0,0.005782365798950195
25.0,5.0,5.0,0.004513740539550781
45.0,12.0,12.0,0.012180328369140625
102.0,15.0,15.0,0.03586387634277344
36.0,4.0,4.0,0.013542413711547852
54.0,10.0,10.0,0.02599358558654785
35.0,9.0,9.0,0.017566919326782227
14.0,4.0,4.0,0.004073619842529297
99.0,12.0,12.0,0.030107975006103516
34.0,15.0,15.0,0.0111846923828125
36.0,1.0,1.0,0.0058023929595947266
23.0,8.0,8.0,0.015452146530151367
50.0,7.0,7.0,0.01896190643310547
80.0,11.0,11.0,0.03842329978942871
29.0,3.0,3.0,0.01669764518737793
50.0,10.0,10.0,0.015346765518188477
30.0,7.0,7.0,0.013216495513916016
56.0,14.0,14.0,0.021174192428588867
32.0,2.0,2.0,0.02799057960510254
86.0,21.0,21.0,0.03353118896484375
15.0,4.0,4.0,0.004784822463989258
47.0,11.0,11.0,0.013822317123413086
22.0,3.0,3.0,0.006388187408447266
26.0,13.0,13.0,0.01435995101928711
24.0,5.0,5.0,0.0075836181640625
110.0,12.0,12.0,0.045780181884765625
55.0,6.0,6.0,0.015792369842529297
99.0,7.0,7.0,0.028913259506225586
62.0,14.0,14.0,0.02511882781982422
25.0,5.0,5.0,0.011462211608886719
16.0,3.0,3.0,0.010355234146118164
22.0,7.0,7.0,0.008573770523071289
65.0,14.0,14.0,0.023711681365966797
23.0,2.0,2.0,0.00934290885925293
21.0,5.0,5.0,0.01248788833618164
58.0,9.0,9.0,0.01991105079650879
77.0,10.0,10.0,0.025143861770629883
33.0,14.0,14.0,0.0152130126953125
33.0,18.0,18.0,0.014603137969970703
94.0,17.0,17.0,0.03353071212768555
23.0,5.0,5.0,0.010394573211669922
53.0,17.0,17.0,0.0050089359283447266
31.0,6.0,6.0,0.013920307159423828
106.0,14.0,14.0,0.04483199119567871
33.0,17.0,17.0,0.012573957443237305
38.0,13.0,13.0,0.020493745803833008
54.0,7.0,7.0,0.01878046989440918
29.0,2.0,2.0,0.008758544921875
42.0,8.0,8.0,0.012277364730834961
106.0,12.0,12.0,0.030928611755371094
45.0,9.0,9.0,0.01582193374633789
98.0,14.0,14.0,0.033757686614990234
18.0,2.0,2.0,0.007765769958496094
46.0,12.0,12.0,0.015557050704956055
13.0,1.0,1.0,0.004541158676147461
21.0,9.0,9.0,0.008629798889160156
63.0,5.0,5.0,0.032755374908447266
31.0,8.0,8.0,0.01076817512512207
22.0,2.0,2.0,0.006283998489379883
20.0,7.0,7.0,0.003355264663696289
31.0,7.0,7.0,0.010968208312988281
28.0,3.0,3.0,0.01094961166381836
57.0,22.0,22.0,0.020160436630249023
87.0,8.0,8.0,0.026348114013671875
73.0,20.0,20.0,0.019753694534301758
60.0,17.0,17.0,0.0185546875
36.0,7.0,7.0,0.002676725387573242
82.0,21.0,21.0,0.03530311584472656
31.0,5.0,5.0,0.015409469604492188
19.0,8.0,8.0,0.007308483123779297
57.0,9.0,9.0,0.023194551467895508
33.0,15.0,15.0,0.01089930534362793
96.0,16.0,16.0,0.03999829292297363
35.0,10.0,10.0,0.01198267936706543
106.0,20.0,20.0,0.05418109893798828
60.0,10.0,10.0,0.029458045959472656
26.0,4.0,4.0,0.010865926742553711
14.0,3.0,3.0,0.00714421272277832
59.0,11.0,11.0,0.03710317611694336
21.0,8.0,8.0,0.018213748931884766
44.0,10.0,10.0,0.012750387191772461
41.0,6.0,6.0,0.0210263729095459
15.0,4.0,4.0,0.0064928531646728516
78.0,11.0,11.0,0.03380870819091797
20.0,2.0,2.0,0.008106231689453125
47.0,9.0,9.0,0.0160675048828125
88.0,17.0,17.0,0.04348325729370117
22.0,5.0,5.0,0.009657621383666992
27.0,4.0,4.0,0.007863283157348633
37.0,12.0,12.0,0.010665416717529297
49.0,4.0,4.0,0.014761924743652344
29.0,9.0,9.0,0.008341312408447266
90.0,15.0,15.0,0.028727054595947266
45.0,7.0,7.0,0.01298069953918457
62.0,5.0,5.0,0.019012928009033203
30.0,11.0,11.0,0.010695695877075195
28.0,8.0,8.0,0.009085655212402344
38.0,7.0,7.0,0.01645350456237793
25.0,6.0,6.0,0.017080068588256836
22.0,6.0,6.0,0.00835275650024414
110.0,20.0,20.0,0.05263257026672363
42.0,17.0,17.0,0.018436670303344727
26.0,6.0,6.0,0.008517026901245117
48.0,13.0,13.0,0.024767160415649414
40.0,2.0,2.0,0.022769451141357422
31.0,1.0,1.0,0.011080503463745117
43.0,5.0,5.0,0.012779474258422852
50.0,9.0,9.0,0.015086650848388672
110.0,18.0,18.0,0.11237096786499023
18.0,4.0,4.0,0.00809478759765625
100.0,17.0,17.0,0.036756038665771484
21.0,4.0,4.0,0.010703563690185547
76.0,11.0,11.0,0.029669761657714844
16.0,5.0,5.0,0.010266304016113281
29.0,5.0,5.0,0.011046886444091797
22.0,7.0,7.0,0.01736903190612793
85.0,12.0,12.0,0.029232263565063477
84.0,18.0,18.0,0.02378058433532715
43.0,4.0,4.0,0.01430368423461914
27.0,3.0,3.0,0.008236169815063477
17.0,3.0,3.0,0.005356311798095703
37.0,4.0,4.0,0.013798952102661133
26.0,8.0,8.0,0.010325431823730469
33.0,6.0,6.0,0.010069608688354492
19.0,2.0,2.0,0.005275249481201172
51.0,11.0,11.0,0.011368751525878906
62.0,10.0,10.0,0.03466796875
19.0,4.0,4.0,0.007472038269042969
73.0,14.0,14.0,0.028125524520874023
28.0,8.0,8.0,0.012202978134155273
43.0,13.0,13.0,0.018928050994873047
19.0,6.0,6.0,0.005178213119506836
60.0,13.0,13.0,0.03793668746948242
17.0,4.0,4.0,0.010361909866333008
59.0,12.0,12.0,0.02516627311706543
47.0,15.0,15.0,0.015659809112548828
19.0,2.0,2.0,0.0073337554931640625
28.0,9.0,9.0,0.009179830551147461
99.0,22.0,22.0,0.031757354736328125
20.0,6.0,6.0,0.0062503814697265625
16.0,3.0,3.0,0.0051386356353759766
29.0,12.0,12.0,0.0094451904296875
17.0,2.0,2.0,0.004861593246459961
39.0,14.0,14.0,0.011880874633789062
39.0,3.0,3.0,0.012558937072753906
15.0,3.0,3.0,0.0038344860076904297
143.0,23.0,23.0,0.05443739891052246
12.0,0.0,0.0,0.003278493881225586
29.0,11.0,11.0,0.008577346801757812
13.0,2.0,2.0,0.003795623779296875
22.0,8.0,8.0,0.005068063735961914
29.0,7.0,7.0,0.011080741882324219
36.0,8.0,8.0,0.01055908203125
40.0,14.0,14.0,0.011905908584594727
19.0,3.0,3.0,0.005117177963256836
35.0,12.0,12.0,0.010530948638916016
23.0,4.0,4.0,0.00572514533996582
30.0,7.0,7.0,0.013712167739868164
93.0,18.0,18.0,0.030478715896606445
76.0,14.0,14.0,0.024866819381713867
46.0,7.0,7.0,0.015676498413085938
24.0,6.0,6.0,0.014891624450683594
44.0,4.0,4.0,0.012648344039916992
28.0,4.0,4.0,0.02034735679626465
55.0,2.0,2.0,0.026813268661499023
96.0,19.0,19.0,0.044390201568603516
44.0,18.0,18.0,0.025982379913330078
46.0,8.0,8.0,0.012781620025634766
29.0,6.0,6.0,0.010701179504394531
25.0,9.0,9.0,0.011830329895019531
17.0,4.0,4.0,0.004143476486206055
15.0,2.0,2.0,0.0
32.0,9.0,9.0,0.027163028717041016
63.0,15.0,15.0,0.03341269493103027
43.0,8.0,8.0,0.02129673957824707
32.0,4.0,4.0,0.020247220993041992
135.0,30.0,30.0,0.12306332588195801
65.0,14.0,14.0,0.02787494659423828
26.0,4.0,4.0,0.008735418319702148
58.0,4.0,4.0,0.0170748233795166
38.0,8.0,8.0,0.0
58.0,11.0,11.0,0.031174182891845703
58.0,19.0,19.0,0.0237576961517334
32.0,5.0,5.0,0.009245634078979492
39.0,8.0,8.0,0.011359453201293945
19.0,5.0,5.0,0.0052356719970703125
50.0,9.0,9.0,0.013902664184570312
62.0,11.0,11.0,0.005533933639526367
23.0,7.0,7.0,0.01563739776611328
42.0,10.0,10.0,0.030004501342773438
25.0,13.0,13.0,0.011616706848144531
31.0,3.0,3.0,0.0071904659271240234
15.0,4.0,4.0,0.011996269226074219
39.0,12.0,12.0,0.011805534362792969
25.0,6.0,6.0,0.007699728012084961
71.0,21.0,21.0,0.02032756805419922
33.0,5.0,5.0,0.013241052627563477
39.0,5.0,5.0,0.01236867904663086
29.0,3.0,3.0,0.00838470458984375
29.0,11.0,11.0,0.00861668586730957
41.0,5.0,5.0,0.018088579177856445
38.0,7.0,7.0,0.011050224304199219
82.0,13.0,13.0,0.02722787857055664
45.0,7.0,7.0,0.019095659255981445
31.0,9.0,9.0,0.016086578369140625
33.0,9.0,9.0,0.01803112030029297
54.0,6.0,6.0,0.0224609375
77.0,11.0,11.0,0.02873086929321289
16.0,5.0,5.0,0.007583141326904297
120.0,16.0,16.0,0.03818392753601074
46.0,26.0,26.0,0.016350984573364258
53.0,4.0,4.0,0.023688793182373047
23.0,3.0,3.0,0.006722688674926758
39.0,6.0,6.0,0.011590957641601562
72.0,12.0,12.0,0.024767160415649414
24.0,8.0,8.0,0.00794839859008789
69.0,12.0,12.0,0.029537200927734375
62.0,7.0,7.0,0.0245358943939209
40.0,12.0,12.0,0.019087553024291992
41.0,8.0,8.0,0.014693021774291992
46.0,10.0,10.0,0.016948699951171875
42.0,9.0,9.0,0.01483774185180664
19.0,1.0,1.0,0.007184505462646484
27.0,12.0,12.0,0.010604143142700195
131.0,26.0,26.0,0.04294753074645996
67.0,17.0,17.0,0.02206277847290039
39.0,14.0,14.0,0.014203310012817383
18.0,6.0,6.0,0.00513005256652832
44.0,4.0,4.0,0.0171048641204834
55.0,11.0,11.0,0.016242265701293945
48.0,9.0,9.0,0.010249614715576172
82.0,19.0,19.0,0.01846623420715332
40.0,10.0,10.0,0.020302772521972656
29.0,7.0,7.0,0.01304173469543457
82.0,12.0,12.0,0.030023574829101562
24.0,6.0,6.0,0.010831594467163086
34.0,8.0,8.0,0.01157379150390625
22.0,5.0,5.0,0.007099628448486328
19.0,7.0,7.0,0.0056915283203125
56.0,4.0,4.0,0.0166928768157959
80.0,18.0,18.0,0.027287960052490234
101.0,17.0,17.0,0.031140804290771484
27.0,9.0,9.0,0.00767207145690918
67.0,12.0,12.0,0.01947474479675293
75.0,21.0,21.0,0.027868270874023438
44.0,12.0,12.0,0.013665199279785156
38.0,14.0,14.0,0.010184526443481445
21.0,6.0,6.0,0.006448030471801758
19.0,4.0,4.0,0.00594639778137207
81.0,12.0,12.0,0.024169921875
187.0,25.0,25.0,0.05583691596984863
51.0,8.0,8.0,0.020085811614990234
32.0,5.0,5.0,0.01566028594970703
27.0,4.0,4.0,0.009042739868164062
20.0,7.0,7.0,0.006386280059814453
19.0,5.0,5.0,0.009657144546508789
46.0,14.0,14.0,0.023728370666503906
14.0,3.0,3.0,0.006821870803833008
110.0,24.0,24.0,0.05134701728820801
15.0,4.0,4.0,0.006219625473022461
28.0,6.0,6.0,0.007985830307006836
20.0,6.0,6.0,0.007164716720581055
79.0,15.0,15.0,0.02540302276611328
48.0,10.0,10.0,0.02289104461669922
54.0,2.0,2.0,0.02272939682006836
92.0,17.0,17.0,0.023280858993530273
37.0,7.0,7.0,0.011840581893920898
41.0,12.0,12.0,0.004175901412963867
91.0,12.0,12.0,0.04391598701477051
76.0,14.0,14.0,0.021885395050048828
59.0,30.0,30.0,0.0073621273040771484
34.0,8.0,8.0,0.011232137680053711
187.0,20.0,20.0,0.049346923828125
26.0,2.0,2.0,0.0
65.0,8.0,8.0,0.0315098762512207
28.0,7.0,7.0,0.0073168277740478516
80.0,16.0,16.0,0.021944284439086914
59.0,9.0,9.0,0.023215770721435547
28.0,3.0,3.0,0.014760732650756836
49.0,13.0,13.0,0.016716957092285156
21.0,10.0,10.0,0.007198333740234375
39.0,7.0,7.0,0.011456966400146484
21.0,9.0,9.0,0.012549400329589844
48.0,14.0,14.0,0.014269590377807617
23.0,6.0,6.0,0.006882667541503906
26.0,9.0,9.0,0.010723114013671875
25.0,7.0,7.0,0.007556915283203125
19.0,7.0,7.0,0.005406379699707031
36.0,10.0,10.0,0.010567188262939453
92.0,22.0,22.0,0.021845579147338867
28.0,10.0,10.0,0.01577615737915039
63.0,7.0,7.0,0.01874375343322754
54.0,11.0,11.0,0.016532421112060547
32.0,14.0,14.0,0.0060160160064697266
102.0,15.0,15.0,0.04946494102478027
29.0,6.0,6.0,0.0029268264770507812
22.0,8.0,8.0,0.011024236679077148
34.0,11.0,11.0,0.008402824401855469
96.0,19.0,19.0,0.032251834869384766
91.0,13.0,13.0,0.027874469757080078
54.0,9.0,9.0,0.025115013122558594
29.0,9.0,9.0,0.0074231624603271484
152.0,23.0,23.0,0.045073747634887695
65.0,4.0,4.0,0.01564502716064453
49.0,6.0,6.0,0.027794599533081055
47.0,11.0,11.0,0.00620269775390625
84.0,9.0,9.0,0.01501774787902832
15.0,4.0,4.0,0.0
28.0,9.0,9.0,0.005380392074584961
28.0,4.0,4.0,0.02016139030456543
108.0,8.0,8.0,0.03198385238647461
115.0,23.0,23.0,0.032143354415893555
75.0,12.0,12.0,0.021891355514526367
16.0,5.0,5.0,0.005513429641723633
27.0,8.0,8.0,0.010483980178833008
22.0,7.0,7.0,0.006595134735107422
15.0,4.0,4.0,0.0025093555450439453
14.0,2.0,2.0,0.009056806564331055
68.0,17.0,17.0,0.019466400146484375
80.0,17.0,17.0,0.024491548538208008
21.0,2.0,2.0,0.0038192272186279297
25.0,6.0,6.0,0.014091730117797852
27.0,7.0,7.0,0.0010461807250976562
74.0,9.0,9.0,0.028865575790405273
39.0,14.0,14.0,0.017034053802490234
67.0,10.0,10.0,0.022161483764648438
34.0,8.0,8.0,0.009047746658325195
91.0,11.0,11.0,0.026342391967773438
165.0,12.0,12.0,0.07177066802978516
155.0,19.0,19.0,0.05076432228088379
16.0,6.0,6.0,0.004309654235839844
71.0,19.0,19.0,0.02358222007751465
61.0,12.0,12.0,0.020112276077270508
15.0,3.0,3.0,0.0059163570404052734
32.0,6.0,6.0,0.00930023193359375
26.0,8.0,8.0,0.007425785064697266
17.0,4.0,4.0,0.005634307861328125
80.0,25.0,25.0,0.024998188018798828
20.0,9.0,9.0,0.006097078323364258
106.0,14.0,14.0,0.03034496307373047
72.0,20.0,20.0,0.02191615104675293
20.0,5.0,5.0,0.005760669708251953
17.0,4.0,4.0,0.0049076080322265625
12.0,0.0,0.0,0.003693819046020508
98.0,15.0,15.0,0.026025056838989258
37.0,9.0,9.0,0.014919281005859375
16.0,3.0,3.0,0.0046427249908447266
30.0,5.0,5.0,0.008770227432250977
83.0,18.0,18.0,0.03480935096740723
27.0,12.0,12.0,0.012006998062133789
15.0,3.0,3.0,0.0069119930267333984
83.0,10.0,10.0,0.03142261505126953
30.0,9.0,9.0,0.00920867919921875
57.0,8.0,8.0,0.0207827091217041
21.0,10.0,10.0,0.009946346282958984
46.0,16.0,16.0,0.015767335891723633
13.0,1.0,1.0,0.0048143863677978516
19.0,4.0,4.0,0.006889820098876953
34.0,4.0,4.0,0.011469125747680664
34.0,5.0,5.0,0.01432037353515625
42.0,10.0,10.0,0.014681100845336914
85.0,12.0,12.0,0.028685331344604492
66.0,18.0,18.0,0.02132105827331543
20.0,6.0,6.0,0.005953788757324219
58.0,11.0,11.0,0.020062685012817383
22.0,3.0,3.0,0.007992982864379883
14.0,3.0,3.0,0.004457950592041016
37.0,9.0,9.0,0.010837554931640625
27.0,4.0,4.0,0.007915735244750977
111.0,17.0,17.0,0.029584407806396484
62.0,10.0,10.0,0.024271249771118164
171.0,20.0,20.0,0.04794001579284668
74.0,10.0,10.0,0.03209853172302246
47.0,16.0,16.0,0.01316690444946289
122.0,19.0,19.0,0.047437191009521484
98.0,16.0,16.0,0.03372645378112793
27.0,7.0,7.0,0.008817195892333984
56.0,10.0,10.0,0.02746415138244629
29.0,2.0,2.0,0.009699583053588867
38.0,6.0,6.0,0.017210960388183594
27.0,10.0,10.0,0.009108304977416992
31.0,12.0,12.0,0.015720605850219727
35.0,20.0,20.0,0.01159048080444336
53.0,8.0,8.0,0.015349864959716797
96.0,12.0,12.0,0.03396105766296387
23.0,1.0,1.0,0.006874799728393555
22.0,5.0,5.0,0.006396293640136719
53.0,6.0,6.0,0.04213881492614746
50.0,21.0,21.0,0.018027782440185547
106.0,24.0,24.0,0.029490947723388672
104.0,15.0,15.0,0.029898643493652344
33.0,10.0,10.0,0.009805917739868164
27.0,2.0,2.0,0.003012418746948242
18.0,5.0,5.0,0.008934259414672852
33.0,6.0,6.0,0.012861490249633789
36.0,7.0,7.0,0.010093450546264648
34.0,7.0,7.0,0.01033473014831543
36.0,12.0,12.0,0.009977102279663086
53.0,2.0,2.0,0.020592212677001953
29.0,4.0,4.0,0.008113384246826172
48.0,13.0,13.0,0.013841390609741211
44.0,7.0,7.0,0.01407313346862793
37.0,7.0,7.0,0.012160062789916992
79.0,14.0,14.0,0.021358013153076172
21.0,6.0,6.0,0.0
84.0,21.0,21.0,0.030565500259399414
104.0,12.0,12.0,0.04306936264038086
28.0,8.0,8.0,0.023081541061401367
18.0,7.0,7.0,0.0034444332122802734
25.0,8.0,8.0,0.007758140563964844
21.0,7.0,7.0,0.011043310165405273
23.0,5.0,5.0,0.01094818115234375
20.0,3.0,3.0,0.007234334945678711
38.0,8.0,8.0,0.011012792587280273
29.0,10.0,10.0,0.008690595626831055
26.0,8.0,8.0,0.00818181037902832
36.0,12.0,12.0,0.010629892349243164
48.0,8.0,8.0,0.012097597122192383
64.0,7.0,7.0,0.020322561264038086
55.0,15.0,15.0,0.019283056259155273
60.0,10.0,10.0,0.017833471298217773
58.0,9.0,9.0,0.021300792694091797
152.0,19.0,19.0,0.04585528373718262
94.0,19.0,19.0,0.028004884719848633
40.0,8.0,8.0,0.01138615608215332
147.0,25.0,25.0,0.05653882026672363
18.0,3.0,3.0,0.006460428237915039
19.0,5.0,5.0,0.013405323028564453
29.0,4.0,4.0,0.015349149703979492
18.0,6.0,6.0,0.009885549545288086
96.0,11.0,11.0,0.04366278648376465
123.0,15.0,15.0,0.048714399337768555
28.0,9.0,9.0,0.011574506759643555
28.0,3.0,3.0,0.011770963668823242
63.0,11.0,11.0,0.010627269744873047
42.0,7.0,7.0,0.015637636184692383
47.0,5.0,5.0,0.02278876304626465
18.0,3.0,3.0,0.008513927459716797
31.0,6.0,6.0,0.006277322769165039
117.0,31.0,31.0,0.044675588607788086
17.0,4.0,4.0,0.014142751693725586
30.0,10.0,10.0,0.0018515586853027344
33.0,8.0,8.0,0.011327266693115234
16.0,3.0,3.0,0.0046694278717041016
71.0,14.0,14.0,0.030983686447143555
21.0,10.0,10.0,0.003587484359741211
41.0,7.0,7.0,0.017578125
29.0,9.0,9.0,0.008469581604003906
33.0,7.0,7.0,0.009092569351196289
57.0,14.0,14.0,0.014687061309814453
27.0,3.0,3.0,0.015667438507080078
49.0,7.0,7.0,0.017586708068847656
50.0,11.0,11.0,0.01920342445373535
69.0,17.0,17.0,0.02712845802307129
49.0,5.0,5.0,0.019346237182617188
14.0,2.0,2.0,0.007543087005615234
32.0,6.0,6.0,0.010077238082885742
34.0,10.0,10.0,0.011200904846191406
47.0,13.0,13.0,0.01765894889831543
27.0,9.0,9.0,0.00962066650390625
25.0,9.0,9.0,0.007735252380371094
22.0,3.0,3.0,0.007355928421020508
39.0,5.0,5.0,0.01687026023864746
43.0,9.0,9.0,0.012544393539428711
24.0,8.0,8.0,0.012666463851928711
47.0,14.0,14.0,0.014843940734863281
30.0,5.0,5.0,0.002641916275024414
36.0,11.0,11.0,0.023973703384399414
79.0,13.0,13.0,0.028581619262695312
40.0,5.0,5.0,0.01943230628967285
23.0,3.0,3.0,0.0077667236328125
38.0,7.0,7.0,0.01353144645690918
17.0,7.0,7.0,0.0
219.0,32.0,32.0,0.06945037841796875
59.0,11.0,11.0,0.01846909523010254
20.0,3.0,3.0,0.010664701461791992
32.0,7.0,7.0,0.0030345916748046875
17.0,5.0,5.0,0.01368260383605957
72.0,26.0,26.0,0.01743602752685547
62.0,4.0,4.0,0.01351165771484375
29.0,5.0,5.0,0.023364543914794922
36.0,16.0,16.0,0.012457847595214844
21.0,4.0,4.0,0.0034987926483154297
71.0,16.0,16.0,0.021378755569458008
103.0,11.0,11.0,0.029822349548339844
87.0,15.0,15.0,0.05146908760070801
27.0,6.0,6.0,0.011712074279785156
58.0,12.0,12.0,0.016580820083618164
46.0,14.0,14.0,0.007322788238525391
32.0,6.0,6.0,0.019129037857055664
37.0,11.0,11.0,0.01373600959777832
29.0,9.0,9.0,0.011650800704956055
22.0,10.0,10.0,0.0
37.0,5.0,5.0,0.008787870407104492
34.0,8.0,8.0,0.011516332626342773
66.0,8.0,8.0,0.02530384063720703
27.0,9.0,9.0,0.008483648300170898
64.0,13.0,13.0,0.020562171936035156
108.0,15.0,15.0,0.03534507751464844
13.0,2.0,2.0,0.0065233707427978516
66.0,5.0,5.0,0.021630287170410156
20.0,3.0,3.0,0.0057506561279296875
64.0,15.0,15.0,0.01910400390625
19.0,6.0,6.0,0.0070111751556396484
76.0,13.0,13.0,0.015636682510375977
49.0,10.0,10.0,0.02364516258239746
86.0,12.0,12.0,0.02848505973815918
18.0,3.0,3.0,0.0
16.0,3.0,3.0,0.013896703720092773
109.0,12.0,12.0,0.07152843475341797
25.0,8.0,8.0,0.03946852684020996
40.0,6.0,6.0,0.026519060134887695
117.0,22.0,22.0,0.06671905517578125
18.0,6.0,6.0,0.006382942199707031
22.0,3.0,3.0,0.00322723388671875
52.0,10.0,10.0,0.0338747501373291
42.0,15.0,15.0,0.01680588722229004
34.0,8.0,8.0,0.011378288269042969
21.0,2.0,2.0,0.002028226852416992
19.0,3.0,3.0,0.012444257736206055
61.0,16.0,16.0,0.03742408752441406
29.0,13.0,13.0,0.02063131332397461
29.0,7.0,7.0,0.027624845504760742
20.0,7.0,7.0,0.009521722793579102
18.0,4.0,4.0,0.009027481079101562
72.0,12.0,12.0,0.030789613723754883
30.0,3.0,3.0,0.007843017578125
23.0,5.0,5.0,0.017336130142211914
47.0,10.0,10.0,0.03683185577392578
22.0,6.0,6.0,0.018660306930541992
45.0,21.0,21.0,0.04080009460449219
17.0,5.0,5.0,0.009210586547851562
34.0,4.0,4.0,0.020977020263671875
26.0,7.0,7.0,0.012674808502197266
22.0,1.0,1.0,0.008637666702270508
119.0,26.0,26.0,0.11199355125427246
65.0,5.0,5.0,0.062125205993652344
85.0,21.0,21.0,0.06099367141723633
19.0,6.0,6.0,0.017240524291992188
71.0,16.0,16.0,0.04428362846374512
53.0,12.0,12.0,0.02740764617919922
50.0,12.0,12.0,0.036118268966674805
28.0,9.0,9.0,0.01462101936340332
86.0,10.0,10.0,0.07181119918823242
28.0,3.0,3.0,0.013489007949829102
65.0,10.0,10.0,0.038472890853881836
50.0,12.0,12.0,0.04742622375488281
57.0,13.0,13.0,0.04082083702087402
18.0,5.0,5.0,0.019118547439575195
20.0,5.0,5.0,0.012726306915283203
19.0,0.0,0.0,0.00922083854675293
46.0,7.0,7.0,0.02674269676208496
37.0,7.0,7.0,0.025412559509277344
36.0,7.0,7.0,0.02698206901550293
53.0,11.0,11.0,0.03851604461669922
128.0,19.0,19.0,0.057462215423583984
133.0,24.0,24.0,0.0828561782836914
194.0,27.0,27.0,0.08526897430419922
31.0,10.0,10.0,0.017534971237182617
20.0,4.0,4.0,0.007732868194580078
53.0,11.0,11.0,0.011855840682983398
20.0,7.0,7.0,0.020308256149291992
27.0,10.0,10.0,0.018299579620361328
71.0,13.0,13.0,0.03764939308166504
22.0,11.0,11.0,0.007382631301879883
74.0,8.0,8.0,0.02977156639099121
97.0,12.0,12.0,0.03142595291137695
47.0,7.0,7.0,0.011450529098510742
27.0,9.0,9.0,0.02274322509765625
70.0,11.0,11.0,0.022231101989746094
14.0,3.0,3.0,0.003998517990112305
24.0,2.0,2.0,0.007544040679931641
24.0,3.0,3.0,0.006813764572143555
74.0,5.0,5.0,0.037058353424072266
22.0,10.0,10.0,0.014637947082519531
24.0,7.0,7.0,0.008046865463256836
78.0,7.0,7.0,0.015132427215576172
89.0,14.0,14.0,0.05799055099487305
27.0,2.0,2.0,0.016673564910888672
39.0,7.0,7.0,0.024019479751586914
62.0,16.0,16.0,0.018318653106689453
29.0,8.0,8.0,0.019407987594604492
29.0,8.0,8.0,0.009717941284179688
61.0,10.0,10.0,0.02264118194580078
33.0,7.0,7.0,0.013239383697509766
77.0,15.0,15.0,0.039774417877197266
19.0,5.0,5.0,0.016331911087036133
13.0,0.0,0.0,0.01308751106262207
27.0,9.0,9.0,0.010821342468261719
26.0,9.0,9.0,0.011504888534545898
77.0,15.0,15.0,0.022546768188476562
17.0,5.0,5.0,0.002050638198852539
141.0,15.0,15.0,0.0470738410949707
37.0,5.0,5.0,0.024969100952148438
107.0,15.0,15.0,0.048570871353149414
93.0,21.0,21.0,0.03536581993103027
27.0,3.0,3.0,0.009639739990234375
66.0,8.0,8.0,0.03896832466125488
202.0,26.0,26.0,0.24956011772155762
16.0,3.0,3.0,0.014500856399536133
28.0,5.0,5.0,0.02738356590270996
41.0,9.0,9.0,0.030408143997192383
32.0,9.0,9.0,0.022617816925048828
31.0,9.0,9.0,0.012544631958007812
111.0,9.0,9.0,0.0410151481628418
62.0,9.0,9.0,0.023606300354003906
140.0,16.0,16.0,0.056040287017822266
21.0,4.0,4.0,0.006502628326416016
25.0,13.0,13.0,0.010215282440185547
99.0,25.0,25.0,0.031415700912475586
24.0,3.0,3.0,0.00513148307800293
65.0,13.0,13.0,0.015216827392578125
24.0,5.0,5.0,0.01300811767578125
55.0,8.0,8.0,0.015401363372802734
27.0,6.0,6.0,0.008601188659667969
37.0,5.0,5.0,0.0020105838775634766
30.0,8.0,8.0,0.0255582332611084
114.0,24.0,24.0,0.09493231773376465
36.0,6.0,6.0,0.021516799926757812
96.0,17.0,17.0,0.04807400703430176
14.0,3.0,3.0,0.0053081512451171875
43.0,8.0,8.0,0.017628908157348633
183.0,29.0,29.0,0.0983731746673584
61.0,8.0,8.0,0.024697303771972656
60.0,19.0,19.0,0.03916335105895996
18.0,4.0,4.0,0.006612539291381836
17.0,5.0,5.0,0.007779836654663086
43.0,10.0,10.0,0.029546022415161133
19.0,4.0,4.0,0.00916600227355957
35.0,10.0,10.0,0.01977849006652832
29.0,9.0,9.0,0.015768766403198242
64.0,11.0,11.0,0.04796552658081055
27.0,3.0,3.0,0.01717352867126465
31.0,7.0,7.0,0.019560813903808594
49.0,8.0,8.0,0.02036738395690918
153.0,20.0,20.0,0.06485152244567871
35.0,7.0,7.0,0.011974334716796875
24.0,6.0,6.0,0.011029481887817383
20.0,3.0,3.0,0.012513875961303711
45.0,14.0,14.0,0.018985986709594727
23.0,9.0,9.0,0.0
27.0,11.0,11.0,0.017184019088745117
55.0,17.0,17.0,0.022487640380859375
38.0,16.0,16.0,0.01812911033630371
30.0,7.0,7.0,0.013883352279663086
142.0,33.0,33.0,0.06729269027709961
23.0,10.0,10.0,0.006703615188598633
16.0,3.0,3.0,0.0056421756744384766
72.0,10.0,10.0,0.02497243881225586
41.0,8.0,8.0,0.01506948471069336
53.0,13.0,13.0,0.023792743682861328
33.0,7.0,7.0,0.00926351547241211
24.0,9.0,9.0,0.009377241134643555
40.0,5.0,5.0,0.008162975311279297
21.0,5.0,5.0,0.0
16.0,2.0,2.0,0.0117340087890625
38.0,21.0,21.0,0.013379335403442383
20.0,9.0,9.0,0.003962516784667969
123.0,20.0,20.0,0.030092716217041016
111.0,16.0,16.0,0.047203779220581055
25.0,5.0,5.0,0.007169961929321289
60.0,5.0,5.0,0.017229795455932617
50.0,12.0,12.0,0.020498991012573242
63.0,15.0,15.0,0.020705699920654297
19.0,6.0,6.0,0.003835439682006836
18.0,8.0,8.0,0.005850553512573242
15.0,4.0,4.0,0.0020084381103515625
127.0,17.0,17.0,0.04545927047729492
91.0,15.0,15.0,0.03200030326843262
26.0,8.0,8.0,0.007311582565307617
21.0,6.0,6.0,0.006269931793212891
87.0,7.0,7.0,0.027559757232666016
46.0,6.0,6.0,0.029070615768432617
69.0,16.0,16.0,0.026794910430908203
55.0,8.0,8.0,0.016350746154785156
33.0,12.0,12.0,0.016045570373535156
16.0,5.0,5.0,0.003980159759521484
17.0,6.0,6.0,0.015099048614501953
16.0,4.0,4.0,0.008807182312011719
26.0,5.0,5.0,0.011326074600219727
16.0,5.0,5.0,0.003711223602294922
27.0,11.0,11.0,0.008783817291259766
178.0,18.0,18.0,0.06754875183105469
30.0,5.0,5.0,0.008072137832641602
40.0,6.0,6.0,0.014518260955810547
22.0,4.0,4.0,0.011862039566040039
13.0,2.0,2.0,0.0038933753967285156
53.0,9.0,9.0,0.022236108779907227
48.0,17.0,17.0,0.015521526336669922
31.0,11.0,11.0,0.0
19.0,5.0,5.0,0.00484919548034668
82.0,13.0,13.0,0.024431228637695312
104.0,12.0,12.0,0.04258441925048828
24.0,3.0,3.0,0.011295557022094727
48.0,8.0,8.0,0.01473236083984375
18.0,4.0,4.0,0.005445957183837891
108.0,19.0,19.0,0.032816410064697266
27.0,9.0,9.0,0.012618303298950195
86.0,16.0,16.0,0.016618013381958008
16.0,4.0,4.0,0.0012693405151367188
43.0,11.0,11.0,0.0122833251953125
25.0,4.0,4.0,0.007107973098754883
22.0,7.0,7.0,0.006898164749145508
20.0,6.0,6.0,0.0060749053955078125
44.0,11.0,11.0,0.015632152557373047
21.0,9.0,9.0,0.0
12.0,1.0,1.0,0.012511730194091797
29.0,8.0,8.0,0.0
21.0,6.0,6.0,0.0
49.0,9.0,9.0,0.025498390197753906
20.0,3.0,3.0,0.016299724578857422
24.0,4.0,4.0,0.008364677429199219
44.0,13.0,13.0,0.015872955322265625
95.0,13.0,13.0,0.040561676025390625
51.0,9.0,9.0,0.017553329467773438
12.0,1.0,1.0,0.005862712860107422
83.0,15.0,15.0,0.033933162689208984
38.0,10.0,10.0,0.015229463577270508
21.0,4.0,4.0,0.007452726364135742
24.0,4.0,4.0,0.009079933166503906
25.0,7.0,7.0,0.009888410568237305
37.0,3.0,3.0,0.011839628219604492
61.0,10.0,10.0,0.023454666137695312
18.0,7.0,7.0,0.006994962692260742
52.0,9.0,9.0,0.01645803451538086
17.0,3.0,3.0,0.006457805633544922
53.0,10.0,10.0,0.016726255416870117
72.0,4.0,4.0,0.022821664810180664
35.0,7.0,7.0,0.01826763153076172
122.0,22.0,22.0,0.04393339157104492
70.0,11.0,11.0,0.01756596565246582
39.0,12.0,12.0,0.011356830596923828
29.0,9.0,9.0,0.008732795715332031
64.0,13.0,13.0,0.018489360809326172
39.0,6.0,6.0,0.010666131973266602
43.0,9.0,9.0,0.012482643127441406
18.0,6.0,6.0,0.0075836181640625
83.0,10.0,10.0,0.03122401237487793
100.0,10.0,10.0,0.03544759750366211
14.0,4.0,4.0,0.004178285598754883
73.0,9.0,9.0,0.035182952880859375
79.0,10.0,10.0,0.03159308433532715
23.0,5.0,5.0,0.009608030319213867
33.0,17.0,17.0,0.01690506935119629
87.0,9.0,9.0,0.034113168716430664
27.0,6.0,6.0,0.014028787612915039
34.0,16.0,16.0,0.011225700378417969
35.0,5.0,5.0,0.01292562484741211
119.0,14.0,14.0,0.04710555076599121
32.0,7.0,7.0,0.01123499870300293
22.0,8.0,8.0,0.008534908294677734
47.0,11.0,11.0,0.014503002166748047
51.0,7.0,7.0,0.014523983001708984
18.0,5.0,5.0,0.005921840667724609
108.0,12.0,12.0,0.03149819374084473
43.0,6.0,6.0,0.012693643569946289
12.0,0.0,0.0,0.0030934810638427734
119.0,21.0,21.0,0.031702518463134766
38.0,10.0,10.0,0.015641450881958008
46.0,7.0,7.0,0.017940759658813477
20.0,7.0,7.0,0.007889986038208008
22.0,9.0,9.0,0.008605480194091797
25.0,5.0,5.0,0.012889862060546875
32.0,4.0,4.0,0.01273345947265625
21.0,7.0,7.0,0.007440805435180664
106.0,12.0,12.0,0.05270576477050781
50.0,9.0,9.0,0.02553248405456543
19.0,8.0,8.0,0.010100126266479492
26.0,9.0,9.0,0.010426044464111328
20.0,3.0,3.0,0.011401653289794922
16.0,3.0,3.0,0.005159616470336914
37.0,7.0,7.0,0.010541439056396484
64.0,11.0,11.0,0.02172088623046875
29.0,6.0,6.0,0.009212017059326172
88.0,14.0,14.0,0.011324882507324219
96.0,11.0,11.0,0.0796976089477539
27.0,7.0,7.0,0.027812480926513672
84.0,16.0,16.0,0.03938031196594238
37.0,6.0,6.0,0.012241840362548828
34.0,7.0,7.0,0.018610715866088867
14.0,2.0,2.0,0.004723072052001953
18.0,4.0,4.0,0.018083810806274414
39.0,9.0,9.0,0.03226828575134277
25.0,8.0,8.0,0.01444864273071289
61.0,8.0,8.0,0.025615453720092773
47.0,11.0,11.0,0.019966602325439453
86.0,16.0,16.0,0.031443119049072266
30.0,8.0,8.0,0.00922846794128418
30.0,4.0,4.0,0.009411811828613281
105.0,14.0,14.0,0.04014158248901367
24.0,7.0,7.0,0.014640569686889648
40.0,15.0,15.0,0.01631021499633789
35.0,8.0,8.0,0.011264562606811523
30.0,3.0,3.0,0.009877443313598633
29.0,8.0,8.0,0.010556221008300781
20.0,7.0,7.0,0.007547855377197266
36.0,5.0,5.0,0.014781951904296875
37.0,7.0,7.0,0.01343083381652832
17.0,3.0,3.0,0.0
52.0,15.0,15.0,0.02382946014404297
72.0,8.0,8.0,0.023235559463500977
46.0,6.0,6.0,0.01396799087524414
56.0,8.0,8.0,0.01851630210876465
17.0,6.0,6.0,0.007568836212158203
37.0,7.0,7.0,0.013531208038330078
60.0,7.0,7.0,0.018424272537231445
28.0,5.0,5.0,0.010254621505737305
28.0,7.0,7.0,0.008027791976928711
28.0,8.0,8.0,0.00856924057006836
22.0,7.0,7.0,0.007202863693237305
41.0,5.0,5.0,0.01294565200805664
28.0,6.0,6.0,0.012020587921142578
64.0,7.0,7.0,0.026263713836669922
21.0,8.0,8.0,0.006104469299316406
33.0,12.0,12.0,0.010257482528686523
25.0,10.0,10.0,0.0072100162506103516
64.0,7.0,7.0,0.02061748504638672
34.0,7.0,7.0,0.008795976638793945
21.0,8.0,8.0,0.006490230560302734
69.0,9.0,9.0,0.025123119354248047
15.0,3.0,3.0,0.0040149688720703125
22.0,6.0,6.0,0.012776613235473633
19.0,6.0,6.0,0.0024046897888183594
36.0,3.0,3.0,0.023410797119140625
70.0,10.0,10.0,0.0310208797454834
76.0,7.0,7.0,0.02581000328063965
16.0,5.0,5.0,0.005213260650634766
16.0,3.0,3.0,0.004961252212524414
27.0,6.0,6.0,0.012163162231445312
17.0,6.0,6.0,0.008067131042480469
31.0,11.0,11.0,0.01572895050048828
49.0,16.0,16.0,0.016507863998413086
49.0,8.0,8.0,0.011564493179321289
17.0,5.0,5.0,0.0
28.0,14.0,14.0,0.023493051528930664
19.0,3.0,3.0,0.006035327911376953
26.0,8.0,8.0,0.0111541748046875
15.0,4.0,4.0,0.006161689758300781
56.0,12.0,12.0,0.012976884841918945
107.0,15.0,15.0,0.04948139190673828
86.0,26.0,26.0,0.03690075874328613
49.0,10.0,10.0,0.021717071533203125
47.0,7.0,7.0,0.02395319938659668
31.0,12.0,12.0,0.017526626586914062
160.0,14.0,14.0,0.06093287467956543
20.0,4.0,4.0,0.007241249084472656
38.0,13.0,13.0,0.02114391326904297
17.0,3.0,3.0,0.007237434387207031
74.0,15.0,15.0,0.027793407440185547
22.0,5.0,5.0,0.010904073715209961
31.0,7.0,7.0,0.01036691665649414
22.0,5.0,5.0,0.006706953048706055
52.0,7.0,7.0,0.00978994369506836
85.0,15.0,15.0,0.03682088851928711
48.0,11.0,11.0,0.015856027603149414
25.0,5.0,5.0,0.008979558944702148
78.0,11.0,11.0,0.05700087547302246
42.0,4.0,4.0,0.05191755294799805
20.0,7.0,7.0,0.014440298080444336
42.0,8.0,8.0,0.02413487434387207
21.0,7.0,7.0,0.008437156677246094
67.0,7.0,7.0,0.028168439865112305
32.0,8.0,8.0,0.012313604354858398
38.0,8.0,8.0,0.011924505233764648
89.0,17.0,17.0,0.028528451919555664
30.0,8.0,8.0,0.011887073516845703
33.0,10.0,10.0,0.010323762893676758
70.0,15.0,15.0,0.023261308670043945
54.0,11.0,11.0,0.01841282844543457
36.0,8.0,8.0,0.01203465461730957
25.0,7.0,7.0,0.007790565490722656
19.0,6.0,6.0,0.01204228401184082
43.0,5.0,5.0,0.012535810470581055
21.0,8.0,8.0,0.006884574890136719
26.0,5.0,5.0,0.006887674331665039
69.0,10.0,10.0,0.025884628295898438
46.0,8.0,8.0,0.01525735855102539
17.0,5.0,5.0,0.005547761917114258
21.0,3.0,3.0,0.00794672966003418
45.0,7.0,7.0,0.013504266738891602
45.0,13.0,13.0,0.013017654418945312
55.0,6.0,6.0,0.01515054702758789
104.0,16.0,16.0,0.03688383102416992
21.0,6.0,6.0,0.00847625732421875
16.0,3.0,3.0,0.007048130035400391
27.0,6.0,6.0,0.0075566768646240234
37.0,13.0,13.0,0.012466907501220703
23.0,6.0,6.0,0.007613420486450195
32.0,9.0,9.0,0.011670589447021484
37.0,18.0,18.0,0.012758493423461914
23.0,8.0,8.0,0.0074710845947265625
13.0,2.0,2.0,0.004133462905883789
19.0,8.0,8.0,0.003590106964111328
30.0,7.0,7.0,0.02119135856628418
33.0,5.0,5.0,0.00973963737487793
37.0,7.0,7.0,0.016879558563232422
14.0,3.0,3.0,0.008183717727661133
23.0,9.0,9.0,0.010575056076049805
26.0,9.0,9.0,0.013409137725830078
22.0,5.0,5.0,0.011306047439575195
21.0,5.0,5.0,0.00628662109375
21.0,8.0,8.0,0.00892019271850586
177.0,29.0,29.0,0.06109452247619629
35.0,8.0,8.0,0.01502537727355957
33.0,8.0,8.0,0.0
39.0,4.0,4.0,0.013853788375854492
20.0,8.0,8.0,0.008876323699951172
23.0,9.0,9.0,0.007753610610961914
36.0,9.0,9.0,0.016487836837768555
84.0,20.0,20.0,0.024164438247680664
24.0,12.0,12.0,0.006720066070556641
17.0,3.0,3.0,0.005259990692138672
23.0,6.0,6.0,0.007754087448120117
41.0,10.0,10.0,0.012148618698120117
20.0,5.0,5.0,0.0068280696868896484
26.0,1.0,1.0,0.007355213165283203
29.0,9.0,9.0,0.008257865905761719
30.0,12.0,12.0,0.007972478866577148
34.0,6.0,6.0,0.016243934631347656
73.0,22.0,22.0,0.02890324592590332
60.0,14.0,14.0,0.030735254287719727
23.0,6.0,6.0,0.012328624725341797
32.0,8.0,8.0,0.017939090728759766
37.0,9.0,9.0,0.013289451599121094
65.0,19.0,19.0,0.024588584899902344
59.0,9.0,9.0,0.028259992599487305
23.0,4.0,4.0,0.012726068496704102
120.0,23.0,23.0,0.046956539154052734
42.0,8.0,8.0,0.01542353630065918
57.0,7.0,7.0,0.018074512481689453
14.0,4.0,4.0,0.005240678787231445
78.0,11.0,11.0,0.02992701530456543
62.0,13.0,13.0,0.027028322219848633
21.0,7.0,7.0,0.01075887680053711
34.0,4.0,4.0,0.013046741485595703
28.0,1.0,1.0,0.008222818374633789
18.0,2.0,2.0,0.0050694942474365234
20.0,6.0,6.0,0.006983280181884766
40.0,5.0,5.0,0.014321565628051758
40.0,8.0,8.0,0.01415252685546875
44.0,2.0,2.0,0.021431446075439453
12.0,1.0,1.0,0.004633903503417969
24.0,1.0,1.0,0.010821819305419922
31.0,4.0,4.0,0.008207082748413086
21.0,5.0,5.0,0.008984088897705078
35.0,5.0,5.0,0.019917964935302734
30.0,6.0,6.0,0.010880470275878906
18.0,6.0,6.0,0.006090641021728516
83.0,11.0,11.0,0.03109264373779297
53.0,10.0,10.0,0.02204155921936035
25.0,3.0,3.0,0.0023162364959716797
31.0,14.0,14.0,0.022420644760131836
27.0,5.0,5.0,0.011591196060180664
31.0,7.0,7.0,0.005522966384887695
49.0,12.0,12.0,0.01004934310913086
19.0,6.0,6.0,0.0
121.0,21.0,21.0,0.04687356948852539
79.0,12.0,12.0,0.026418685913085938
23.0,3.0,3.0,0.006861686706542969
28.0,6.0,6.0,0.008176088333129883
30.0,6.0,6.0,0.010871410369873047
23.0,6.0,6.0,0.00745844841003418
39.0,11.0,11.0,0.012680530548095703
32.0,2.0,2.0,0.010801076889038086
18.0,7.0,7.0,0.0052661895751953125
23.0,10.0,10.0,0.010178089141845703
18.0,5.0,5.0,0.0073893070220947266
26.0,7.0,7.0,0.010114669799804688
64.0,8.0,8.0,0.019655704498291016
90.0,8.0,8.0,0.027643442153930664
18.0,5.0,5.0,0.0072116851806640625
70.0,13.0,13.0,0.020282983779907227
19.0,5.0,5.0,0.005839347839355469
51.0,5.0,5.0,0.01482248306274414
73.0,5.0,5.0,0.02136969566345215
38.0,4.0,4.0,0.01124882698059082
169.0,37.0,37.0,0.0523524284362793
59.0,8.0,8.0,0.016909360885620117
33.0,7.0,7.0,0.009693622589111328
41.0,11.0,11.0,0.008880138397216797
44.0,6.0,6.0,0.012472152709960938
28.0,8.0,8.0,0.009140968322753906
30.0,13.0,13.0,0.010537385940551758
31.0,18.0,18.0,0.012306451797485352
25.0,1.0,1.0,0.0075185298919677734
61.0,18.0,18.0,0.021604537963867188
43.0,9.0,9.0,0.01662135124206543
44.0,13.0,13.0,0.012687921524047852
15.0,4.0,4.0,0.00559687614440918
21.0,4.0,4.0,0.00698399543762207
37.0,3.0,3.0,0.011939764022827148
44.0,7.0,7.0,0.025555849075317383
79.0,27.0,27.0,0.046956777572631836
28.0,8.0,8.0,0.014961481094360352
30.0,9.0,9.0,0.022238731384277344
48.0,6.0,6.0,0.030181884765625
77.0,11.0,11.0,0.029582738876342773
40.0,10.0,10.0,0.012494802474975586
69.0,9.0,9.0,0.022749662399291992
29.0,6.0,6.0,0.014531135559082031
23.0,9.0,9.0,0.006603717803955078
31.0,5.0,5.0,0.013894081115722656
69.0,8.0,8.0,0.02017974853515625
53.0,10.0,10.0,0.029158353805541992
68.0,11.0,11.0,0.01879596710205078
90.0,14.0,14.0,0.026786327362060547
16.0,5.0,5.0,0.01223897933959961
25.0,11.0,11.0,0.002520322799682617
18.0,8.0,8.0,0.0016875267028808594
69.0,10.0,10.0,0.03225302696228027
12.0,1.0,1.0,0.00869131088256836
88.0,15.0,15.0,0.048685312271118164
45.0,4.0,4.0,0.027820348739624023
28.0,7.0,7.0,0.018911361694335938
258.0,30.0,30.0,0.1474628448486328
108.0,14.0,14.0,0.07179427146911621
29.0,11.0,11.0,0.014263391494750977
37.0,10.0,10.0,0.015034198760986328
28.0,12.0,12.0,0.013662338256835938
15.0,0.0,0.0,0.004288911819458008
40.0,19.0,19.0,0.012369632720947266
50.0,7.0,7.0,0.01634955406188965
23.0,9.0,9.0,0.008234739303588867
22.0,8.0,8.0,0.00985574722290039
24.0,3.0,3.0,0.014459848403930664
31.0,10.0,10.0,0.007160663604736328
52.0,11.0,11.0,0.019374608993530273
52.0,9.0,9.0,0.013692140579223633
20.0,6.0,6.0,0.010381937026977539
41.0,10.0,10.0,0.01802849769592285
26.0,8.0,8.0,0.012369632720947266
109.0,13.0,13.0,0.04216337203979492
25.0,7.0,7.0,0.0
108.0,16.0,16.0,0.05713844299316406
55.0,14.0,14.0,0.04148149490356445
38.0,15.0,15.0,0.0186307430267334
50.0,12.0,12.0,0.018860816955566406
32.0,9.0,9.0,0.010561227798461914
14.0,2.0,2.0,0.006674528121948242
34.0,6.0,6.0,0.010858774185180664
34.0,9.0,9.0,0.013948440551757812
29.0,9.0,9.0,0.043460845947265625
14.0,3.0,3.0,0.010759353637695312
15.0,3.0,3.0,0.012822866439819336
94.0,8.0,8.0,0.04724574089050293
16.0,4.0,4.0,0.0067615509033203125
64.0,7.0,7.0,0.025816917419433594
23.0,3.0,3.0,0.006711483001708984
40.0,6.0,6.0,0.011973142623901367
164.0,23.0,23.0,0.05173611640930176
22.0,5.0,5.0,0.006157636642456055
108.0,20.0,20.0,0.032396554946899414
52.0,4.0,4.0,0.015637874603271484
55.0,10.0,10.0,0.021388530731201172
95.0,10.0,10.0,0.042218923568725586
20.0,9.0,9.0,0.006752490997314453
25.0,11.0,11.0,0.010594844818115234
22.0,6.0,6.0,0.0015401840209960938
31.0,10.0,10.0,0.011728048324584961
20.0,4.0,4.0,0.007249593734741211
17.0,3.0,3.0,0.00487971305847168
25.0,6.0,6.0,0.007848739624023438
12.0,1.0,1.0,0.003602266311645508
71.0,12.0,12.0,0.021686792373657227
16.0,3.0,3.0,0.00478363037109375
14.0,2.0,2.0,0.004517078399658203
45.0,9.0,9.0,0.01824665069580078
27.0,6.0,6.0,0.01086568832397461
15.0,3.0,3.0,0.005263805389404297
20.0,5.0,5.0,0.0073964595794677734
75.0,4.0,4.0,0.02678537368774414
32.0,8.0,8.0,0.010024785995483398
16.0,5.0,5.0,0.00544285774230957
16.0,5.0,5.0,0.008502721786499023
18.0,6.0,6.0,0.005848884582519531
74.0,14.0,14.0,0.03507637977600098
44.0,11.0,11.0,0.0237276554107666
20.0,8.0,8.0,0.005782604217529297
88.0,13.0,13.0,0.030354976654052734
31.0,9.0,9.0,0.008885860443115234
18.0,3.0,3.0,0.0019664764404296875
35.0,14.0,14.0,0.015633821487426758
23.0,7.0,7.0,0.0
16.0,4.0,4.0,0.018471479415893555
19.0,4.0,4.0,0.006726741790771484
28.0,7.0,7.0,0.009136438369750977
32.0,11.0,11.0,0.010704994201660156
55.0,14.0,14.0,0.02323770523071289
33.0,3.0,3.0,0.01392674446105957
29.0,6.0,6.0,0.008922576904296875
66.0,18.0,18.0,0.026540040969848633
23.0,3.0,3.0,0.009363174438476562
40.0,7.0,7.0,0.01646137237548828
23.0,4.0,4.0,0.0076274871826171875
26.0,2.0,2.0,0.003414154052734375
48.0,10.0,10.0,0.026789426803588867
21.0,7.0,7.0,0.006666421890258789
21.0,7.0,7.0,0.012625932693481445
49.0,6.0,6.0,0.01862502098083496
23.0,3.0,3.0,0.008275508880615234
19.0,6.0,6.0,0.007796287536621094
33.0,6.0,6.0,0.013501405715942383
196.0,36.0,36.0,0.0735771656036377
135.0,16.0,16.0,0.05540800094604492
63.0,13.0,13.0,0.024372339248657227
33.0,11.0,11.0,0.022954940795898438
39.0,13.0,13.0,0.016889572143554688
34.0,8.0,8.0,0.02261495590209961
21.0,6.0,6.0,0.010625600814819336
34.0,9.0,9.0,0.012317180633544922
17.0,5.0,5.0,0.006866931915283203
21.0,5.0,5.0,0.0066144466400146484
24.0,5.0,5.0,0.006932973861694336
18.0,4.0,4.0,0.005964517593383789
68.0,16.0,16.0,0.019955873489379883
53.0,17.0,17.0,0.01573944091796875
30.0,12.0,12.0,0.008832931518554688
20.0,7.0,7.0,0.00561070442199707
28.0,12.0,12.0,0.007147789001464844
71.0,10.0,10.0,0.02316904067993164
26.0,5.0,5.0,0.00768733024597168
25.0,3.0,3.0,0.008312463760375977
109.0,17.0,17.0,0.04586625099182129
101.0,11.0,11.0,0.03953123092651367
44.0,7.0,7.0,0.02146625518798828
130.0,15.0,15.0,0.050475358963012695
56.0,15.0,15.0,0.01807570457458496
20.0,3.0,3.0,0.009743928909301758
49.0,24.0,24.0,0.01907968521118164
183.0,27.0,27.0,0.06372523307800293
70.0,9.0,9.0,0.020209312438964844
28.0,2.0,2.0,0.0121002197265625
19.0,8.0,8.0,0.005542278289794922
19.0,6.0,6.0,0.006192684173583984
56.0,18.0,18.0,0.011472463607788086
28.0,11.0,11.0,0.009417533874511719
22.0,8.0,8.0,0.006627559661865234
57.0,7.0,7.0,0.0015077590942382812
15.0,4.0,4.0,0.005722522735595703
24.0,4.0,4.0,0.010881185531616211
13.0,1.0,1.0,0.0
40.0,5.0,5.0,0.013152837753295898
71.0,14.0,14.0,0.035843849182128906
15.0,3.0,3.0,0.0042994022369384766
57.0,20.0,20.0,0.021030187606811523
43.0,9.0,9.0,0.017760038375854492
53.0,7.0,7.0,0.03032374382019043
90.0,14.0,14.0,0.03266644477844238
37.0,7.0,7.0,0.015197515487670898
21.0,4.0,4.0,0.011551856994628906
75.0,12.0,12.0,0.027066946029663086
17.0,2.0,2.0,0.006008148193359375
25.0,2.0,2.0,0.011643171310424805
23.0,6.0,6.0,0.010685205459594727
30.0,9.0,9.0,0.0184175968170166
27.0,8.0,8.0,0.015614509582519531
30.0,15.0,15.0,0.019628524780273438
50.0,8.0,8.0,0.03597855567932129
15.0,4.0,4.0,0.0022611618041992188
18.0,0.0,0.0,0.010512113571166992
17.0,5.0,5.0,0.00625157356262207
13.0,1.0,1.0,0.004167795181274414
16.0,5.0,5.0,0.004458427429199219
41.0,3.0,3.0,0.010513544082641602
26.0,10.0,10.0,0.029474973678588867
32.0,12.0,12.0,0.0322420597076416
17.0,2.0,2.0,0.0
67.0,19.0,19.0,0.01949763298034668
34.0,8.0,8.0,0.011475086212158203
27.0,4.0,4.0,0.008626461029052734
68.0,8.0,8.0,0.0248105525970459
19.0,3.0,3.0,0.014936447143554688
40.0,17.0,17.0,0.023676633834838867
31.0,6.0,6.0,0.009665966033935547
109.0,17.0,17.0,0.03248286247253418
33.0,5.0,5.0,0.014473438262939453
31.0,6.0,6.0,0.009996175765991211
243.0,33.0,33.0,0.1224212646484375
37.0,13.0,13.0,0.013147592544555664
23.0,10.0,10.0,0.006967306137084961
73.0,8.0,8.0,0.0348048210144043
24.0,8.0,8.0,0.009946107864379883
90.0,16.0,16.0,0.04904031753540039
41.0,14.0,14.0,0.013493061065673828
51.0,12.0,12.0,0.03895449638366699
48.0,15.0,15.0,0.09112071990966797
48.0,10.0,10.0,0.03631281852722168
48.0,6.0,6.0,0.01904010772705078
44.0,4.0,4.0,0.025505542755126953
22.0,9.0,9.0,0.011813640594482422
42.0,14.0,14.0,0.024750471115112305
47.0,8.0,8.0,0.038182973861694336
48.0,6.0,6.0,0.034049034118652344
32.0,7.0,7.0,0.02309560775756836
18.0,5.0,5.0,0.02794790267944336
40.0,12.0,12.0,0.03835773468017578
39.0,10.0,10.0,0.04584956169128418
39.0,3.0,3.0,0.03085160255432129
19.0,6.0,6.0,0.016702651977539062
23.0,8.0,8.0,0.013539791107177734
39.0,11.0,11.0,0.03534102439880371
40.0,2.0,2.0,0.029162883758544922
58.0,8.0,8.0,0.04806017875671387
46.0,6.0,6.0,0.033548831939697266
55.0,7.0,7.0,0.02965235710144043
31.0,6.0,6.0,0.017452239990234375
41.0,10.0,10.0,0.020710468292236328
17.0,2.0,2.0,0.012585878372192383
28.0,2.0,2.0,0.013712167739868164
28.0,4.0,4.0,0.00957942008972168
40.0,3.0,3.0,0.015831947326660156
78.0,20.0,20.0,0.03528642654418945
38.0,7.0,7.0,0.015477180480957031
57.0,7.0,7.0,0.02635049819946289
19.0,3.0,3.0,0.019518375396728516
40.0,11.0,11.0,0.021224498748779297
28.0,7.0,7.0,0.01371455192565918
16.0,5.0,5.0,0.006632089614868164
29.0,9.0,9.0,0.011377573013305664
53.0,9.0,9.0,0.024903535842895508
23.0,8.0,8.0,0.01114201545715332
31.0,9.0,9.0,0.010667800903320312
87.0,16.0,16.0,0.026928186416625977
77.0,16.0,16.0,0.025367259979248047
103.0,16.0,16.0,0.04065513610839844
15.0,5.0,5.0,0.0044977664947509766
20.0,4.0,4.0,0.008424758911132812
37.0,7.0,7.0,0.025695323944091797
14.0,1.0,1.0,0.008686542510986328
78.0,10.0,10.0,0.028110027313232422
47.0,7.0,7.0,0.018404245376586914
54.0,9.0,9.0,0.025006532669067383
49.0,8.0,8.0,0.019405603408813477
55.0,17.0,17.0,0.032158613204956055
30.0,8.0,8.0,0.006805419921875
129.0,19.0,19.0,0.0506136417388916
27.0,4.0,4.0,0.011209726333618164
36.0,8.0,8.0,0.008315086364746094
46.0,14.0,14.0,0.032811880111694336
60.0,14.0,14.0,0.021845102310180664
49.0,8.0,8.0,0.02748727798461914
18.0,6.0,6.0,0.006156206130981445
27.0,6.0,6.0,0.01102590560913086
30.0,9.0,9.0,0.016190052032470703
23.0,5.0,5.0,0.012325286865234375
47.0,12.0,12.0,0.01828479766845703
70.0,13.0,13.0,0.05613279342651367
52.0,9.0,9.0,0.04253721237182617
85.0,19.0,19.0,0.05735516548156738
61.0,19.0,19.0,0.023520946502685547
34.0,8.0,8.0,0.023978471755981445
13.0,0.0,0.0,0.012072086334228516
20.0,5.0,5.0,0.008314847946166992
19.0,1.0,1.0,0.012264728546142578
26.0,10.0,10.0,0.015675067901611328
37.0,5.0,5.0,0.02437615394592285
55.0,2.0,2.0,0.04669356346130371
28.0,4.0,4.0,0.02391958236694336
32.0,6.0,6.0,0.021767139434814453
45.0,8.0,8.0,0.03966379165649414
12.0,1.0,1.0,0.007460594177246094
29.0,5.0,5.0,0.010500669479370117
50.0,10.0,10.0,0.01833057403564453
36.0,10.0,10.0,0.0222928524017334
38.0,8.0,8.0,0.014824867248535156
20.0,7.0,7.0,0.0064334869384765625
97.0,16.0,16.0,0.03583526611328125
44.0,13.0,13.0,0.014636993408203125
32.0,9.0,9.0,0.01898932456970215
30.0,11.0,11.0,0.010329723358154297
45.0,7.0,7.0,0.02309560775756836
46.0,17.0,17.0,0.017682313919067383
23.0,7.0,7.0,0.02657604217529297
45.0,10.0,10.0,0.014526844024658203
28.0,10.0,10.0,0.007010698318481445
83.0,23.0,23.0,0.04777956008911133
49.0,6.0,6.0,0.04245352745056152
24.0,6.0,6.0,0.018314599990844727
43.0,7.0,7.0,0.02100396156311035
32.0,7.0,7.0,0.010745763778686523
63.0,4.0,4.0,0.040534257888793945
46.0,11.0,11.0,0.018662452697753906
81.0,14.0,14.0,0.041278839111328125
52.0,5.0,5.0,0.014139890670776367
18.0,4.0,4.0,0.005906105041503906
42.0,8.0,8.0,0.013644218444824219
41.0,16.0,16.0,0.016037702560424805
20.0,4.0,4.0,0.01569533348083496
35.0,6.0,6.0,0.0010373592376708984
59.0,6.0,6.0,0.029283523559570312
42.0,2.0,2.0,0.02183055877685547
96.0,11.0,11.0,0.02153921127319336
19.0,7.0,7.0,0.019746780395507812
38.0,8.0,8.0,0.015733957290649414
46.0,9.0,9.0,0.014313936233520508
26.0,6.0,6.0,0.0
34.0,7.0,7.0,0.02170252799987793
86.0,11.0,11.0,0.0437619686126709
18.0,3.0,3.0,0.02156996726989746
47.0,7.0,7.0,0.021016597747802734
24.0,5.0,5.0,0.008045434951782227
34.0,7.0,7.0,0.010991811752319336
19.0,6.0,6.0,0.006337881088256836
33.0,12.0,12.0,0.01758575439453125
60.0,15.0,15.0,0.017579078674316406
43.0,13.0,13.0,0.01831507682800293
20.0,7.0,7.0,0.0058100223541259766
117.0,19.0,19.0,0.033127784729003906
74.0,16.0,16.0,0.021680355072021484
30.0,9.0,9.0,0.010121583938598633
21.0,8.0,8.0,0.007321596145629883
42.0,7.0,7.0,0.012964487075805664
26.0,5.0,5.0,0.007306575775146484
21.0,3.0,3.0,0.005705118179321289
14.0,2.0,2.0,0.0
53.0,12.0,12.0,0.015012025833129883
24.0,6.0,6.0,0.02045273780822754
66.0,13.0,13.0,0.030224323272705078
41.0,10.0,10.0,0.014067888259887695
55.0,12.0,12.0,0.018135786056518555
117.0,20.0,20.0,0.04184222221374512
73.0,14.0,14.0,0.02361893653869629
24.0,5.0,5.0,0.010425090789794922
162.0,21.0,21.0,0.04837346076965332
34.0,9.0,9.0,0.015387535095214844
21.0,6.0,6.0,0.012078285217285156
73.0,11.0,11.0,0.024489879608154297
24.0,4.0,4.0,0.006758213043212891
49.0,3.0,3.0,0.01862502098083496
13.0,2.0,2.0,0.001814126968383789
122.0,30.0,30.0,0.05508875846862793
20.0,5.0,5.0,0.009160041809082031
49.0,17.0,17.0,0.019200563430786133
22.0,6.0,6.0,0.0014905929565429688
84.0,13.0,13.0,0.04008030891418457
84.0,11.0,11.0,0.026161670684814453
15.0,3.0,3.0,0.0047283172607421875
74.0,4.0,4.0,0.027906179428100586
22.0,5.0,5.0,0.009134054183959961
46.0,12.0,12.0,0.013436079025268555
25.0,7.0,7.0,0.007031679153442383
60.0,17.0,17.0,0.020160913467407227
51.0,9.0,9.0,0.016878604888916016
72.0,18.0,18.0,0.023040056228637695
137.0,21.0,21.0,0.06557083129882812
36.0,8.0,8.0,0.025002479553222656
40.0,9.0,9.0,0.025305509567260742
22.0,9.0,9.0,0.007907390594482422
57.0,3.0,3.0,0.027329444885253906
23.0,0.0,0.0,0.009515523910522461
37.0,5.0,5.0,0.011869668960571289
40.0,15.0,15.0,0.015381813049316406
23.0,12.0,12.0,0.006726741790771484
73.0,10.0,10.0,0.022487878799438477
15.0,1.0,1.0,0.005842447280883789
24.0,12.0,12.0,0.006292581558227539
17.0,6.0,6.0,0.013962984085083008
23.0,3.0,3.0,0.008423089981079102
35.0,7.0,7.0,0.01338815689086914
47.0,9.0,9.0,0.01879596710205078
58.0,12.0,12.0,0.026514291763305664
25.0,8.0,8.0,0.015047311782836914
26.0,8.0,8.0,0.009913206100463867
20.0,9.0,9.0,0.0
48.0,9.0,9.0,0.016628026962280273
53.0,14.0,14.0,0.021894454956054688
37.0,13.0,13.0,0.015854358673095703
38.0,11.0,11.0,0.011097431182861328
35.0,11.0,11.0,0.00817418098449707
23.0,3.0,3.0,0.005208730697631836
36.0,17.0,17.0,0.010408639907836914
28.0,2.0,2.0,0.008120059967041016
37.0,12.0,12.0,0.014178276062011719
18.0,7.0,7.0,0.007814168930053711
75.0,9.0,9.0,0.03719615936279297
37.0,10.0,10.0,0.01705193519592285
98.0,18.0,18.0,0.03947162628173828
20.0,2.0,2.0,0.009352684020996094
16.0,4.0,4.0,0.0063169002532958984
38.0,27.0,27.0,0.016507387161254883
66.0,15.0,15.0,0.026289939880371094
74.0,17.0,17.0,0.03795814514160156
20.0,5.0,5.0,0.009976863861083984
34.0,9.0,9.0,0.009926557540893555
19.0,8.0,8.0,0.006496906280517578
30.0,6.0,6.0,0.010008811950683594
26.0,3.0,3.0,0.001262664794921875
67.0,9.0,9.0,0.019025087356567383
27.0,6.0,6.0,0.007999420166015625
23.0,4.0,4.0,0.0072078704833984375
38.0,10.0,10.0,0.013954639434814453
37.0,6.0,6.0,0.01123499870300293
21.0,4.0,4.0,0.006230592727661133
62.0,12.0,12.0,0.022915124893188477
84.0,21.0,21.0,0.025203943252563477
35.0,8.0,8.0,0.01271677017211914
21.0,4.0,4.0,0.008804798126220703
100.0,21.0,21.0,0.03950858116149902
50.0,12.0,12.0,0.024710655212402344
21.0,4.0,4.0,0.009276628494262695
56.0,11.0,11.0,0.003507375717163086
103.0,15.0,15.0,0.032033443450927734
39.0,8.0,8.0,0.011733293533325195
81.0,16.0,16.0,0.02237224578857422
62.0,12.0,12.0,0.023436784744262695
49.0,6.0,6.0,0.01755547523498535
160.0,12.0,12.0,0.04789853096008301
37.0,10.0,10.0,0.01051950454711914
41.0,5.0,5.0,0.011570453643798828
24.0,9.0,9.0,0.006837606430053711
64.0,15.0,15.0,0.0183413028717041
21.0,3.0,3.0,0.010409832000732422
42.0,9.0,9.0,0.013672590255737305
57.0,10.0,10.0,0.023785829544067383
51.0,18.0,18.0,0.02004265785217285
15.0,1.0,1.0,0.004727840423583984
81.0,18.0,18.0,0.029149770736694336
42.0,5.0,5.0,0.017728328704833984
18.0,8.0,8.0,0.008583307266235352
109.0,17.0,17.0,0.04701590538024902
55.0,8.0,8.0,0.01807093620300293
14.0,3.0,3.0,0.004241466522216797
43.0,12.0,12.0,0.01209712028503418
30.0,7.0,7.0,0.009757280349731445
18.0,6.0,6.0,0.004941701889038086
22.0,2.0,2.0,0.006406307220458984
51.0,13.0,13.0,0.02250504493713379
62.0,17.0,17.0,0.022107839584350586
105.0,14.0,14.0,0.035697221755981445
40.0,11.0,11.0,0.02154850959777832
73.0,13.0,13.0,0.025956153869628906
39.0,2.0,2.0,0.013010025024414062
28.0,8.0,8.0,0.006116151809692383
51.0,9.0,9.0,0.03433489799499512
65.0,12.0,12.0,0.028365373611450195
84.0,8.0,8.0,0.032396793365478516
15.0,3.0,3.0,0.005417585372924805
56.0,9.0,9.0,0.015985727310180664
48.0,9.0,9.0,0.01425480842590332
37.0,3.0,3.0,0.01173710823059082
44.0,12.0,12.0,0.01248025894165039
19.0,4.0,4.0,0.007538557052612305
32.0,8.0,8.0,0.009779214859008789
116.0,21.0,21.0,0.03502178192138672
27.0,7.0,7.0,0.0077245235443115234
38.0,8.0,8.0,0.014965057373046875
47.0,13.0,13.0,0.014533281326293945
88.0,12.0,12.0,0.027905941009521484
100.0,17.0,17.0,0.031160593032836914
22.0,4.0,4.0,0.0
15.0,4.0,4.0,0.016844749450683594
50.0,9.0,9.0,0.01874852180480957
44.0,5.0,5.0,0.024387121200561523
20.0,2.0,2.0,0.008492708206176758
24.0,3.0,3.0,0.007483720779418945
37.0,12.0,12.0,0.016993045806884766
31.0,14.0,14.0,0.013316869735717773
18.0,5.0,5.0,0.00812077522277832
17.0,3.0,3.0,0.006552934646606445
66.0,13.0,13.0,0.020087718963623047
89.0,11.0,11.0,0.027341842651367188
22.0,7.0,7.0,0.008259057998657227
16.0,3.0,3.0,0.0059359073638916016
88.0,13.0,13.0,0.029851913452148438
31.0,3.0,3.0,0.012416601181030273
18.0,6.0,6.0,0.007165193557739258
62.0,18.0,18.0,0.02266526222229004
24.0,5.0,5.0,0.004807233810424805
32.0,7.0,7.0,0.011574983596801758
70.0,14.0,14.0,0.025856733322143555
27.0,7.0,7.0,0.008397579193115234
31.0,4.0,4.0,0.009804725646972656
80.0,9.0,9.0,0.023829221725463867
20.0,7.0,7.0,0.007315874099731445
47.0,7.0,7.0,0.010789155960083008
44.0,8.0,8.0,0.018232345581054688
16.0,3.0,3.0,0.006236553192138672
41.0,11.0,11.0,0.019282102584838867
77.0,12.0,12.0,0.03318142890930176
108.0,23.0,23.0,0.0437774658203125
45.0,7.0,7.0,0.02769160270690918
37.0,15.0,15.0,0.030958175659179688
20.0,6.0,6.0,0.01200413703918457
63.0,11.0,11.0,0.02503371238708496
22.0,4.0,4.0,0.008529424667358398
49.0,12.0,12.0,0.01535177230834961
21.0,5.0,5.0,0.006699562072753906
16.0,4.0,4.0,0.005448102951049805
31.0,13.0,13.0,0.009287834167480469
28.0,6.0,6.0,0.009237289428710938
14.0,0.0,0.0,0.003191232681274414
119.0,24.0,24.0,0.04353165626525879
21.0,7.0,7.0,0.0074841976165771484
59.0,19.0,19.0,0.0224001407623291
71.0,21.0,21.0,0.030021190643310547
153.0,20.0,20.0,0.0489048957824707
54.0,6.0,6.0,0.015603303909301758
73.0,9.0,9.0,0.02394723892211914
41.0,2.0,2.0,0.013981819152832031
73.0,19.0,19.0,0.031281471252441406
18.0,5.0,5.0,0.0060312747955322266
28.0,6.0,6.0,0.02402043342590332
238.0,35.0,35.0,0.09675312042236328
19.0,4.0,4.0,0.010883808135986328
31.0,7.0,7.0,0.016404390335083008
31.0,4.0,4.0,0.008810758590698242
27.0,7.0,7.0,0.007317543029785156
24.0,8.0,8.0,0.006831169128417969
74.0,14.0,14.0,0.0294492244720459
45.0,5.0,5.0,0.02768421173095703
156.0,26.0,26.0,0.09345555305480957
40.0,8.0,8.0,0.01657724380493164
98.0,6.0,6.0,0.04258298873901367
38.0,9.0,9.0,0.01563429832458496
90.0,16.0,16.0,0.02283501625061035
30.0,4.0,4.0,0.009244918823242188
15.0,3.0,3.0,0.005852937698364258
70.0,9.0,9.0,0.020198345184326172
74.0,11.0,11.0,0.021868467330932617
18.0,6.0,6.0,0.0051479339599609375
47.0,9.0,9.0,0.015458345413208008
90.0,14.0,14.0,0.034392595291137695
21.0,8.0,8.0,0.008936882019042969
18.0,7.0,7.0,0.005766868591308594
26.0,11.0,11.0,0.00856328010559082
50.0,10.0,10.0,0.01727581024169922
40.0,10.0,10.0,0.011904239654541016
21.0,6.0,6.0,0.006766557693481445
62.0,9.0,9.0,0.018982410430908203
44.0,7.0,7.0,0.02104949951171875
62.0,9.0,9.0,0.03261518478393555
57.0,7.0,7.0,0.02042102813720703
15.0,4.0,4.0,0.00628662109375
20.0,2.0,2.0,0.008786439895629883
80.0,10.0,10.0,0.025219440460205078
59.0,6.0,6.0,0.029711484909057617
109.0,22.0,22.0,0.04179263114929199
24.0,7.0,7.0,0.020054340362548828
19.0,3.0,3.0,0.012976646423339844
47.0,7.0,7.0,0.04260826110839844
38.0,14.0,14.0,0.016244888305664062
20.0,8.0,8.0,0.010576248168945312
18.0,4.0,4.0,0.0060787200927734375
21.0,4.0,4.0,0.007244586944580078
87.0,20.0,20.0,0.06927037239074707
42.0,6.0,6.0,0.024575233459472656
52.0,9.0,9.0,0.027452468872070312
24.0,10.0,10.0,0.00808405876159668
35.0,5.0,5.0,0.017999887466430664
20.0,4.0,4.0,0.004514217376708984
42.0,15.0,15.0,0.01575446128845215
15.0,3.0,3.0,0.0
79.0,20.0,20.0,0.04437661170959473
42.0,18.0,18.0,0.011884927749633789
37.0,10.0,10.0,0.012616634368896484
27.0,7.0,7.0,0.004609107971191406
27.0,4.0,4.0,0.010473489761352539
26.0,2.0,2.0,0.0072400569915771484
18.0,3.0,3.0,0.009248971939086914
42.0,6.0,6.0,0.015865325927734375
15.0,3.0,3.0,0.007518291473388672
33.0,8.0,8.0,0.02043437957763672
62.0,9.0,9.0,0.023485422134399414
21.0,2.0,2.0,0.01177525520324707
49.0,9.0,9.0,0.03125810623168945
47.0,16.0,16.0,0.03612256050109863
30.0,7.0,7.0,0.012845754623413086
117.0,21.0,21.0,0.05457758903503418
35.0,6.0,6.0,0.03825211524963379
17.0,6.0,6.0,0.008821487426757812
26.0,5.0,5.0,0.011612892150878906
19.0,4.0,4.0,0.012603282928466797
29.0,7.0,7.0,0.01604008674621582
65.0,7.0,7.0,0.031819820404052734
32.0,8.0,8.0,0.016603708267211914
49.0,11.0,11.0,0.01880335807800293
73.0,8.0,8.0,0.03702712059020996
61.0,17.0,17.0,0.0276944637298584
17.0,3.0,3.0,0.007595062255859375
77.0,12.0,12.0,0.0351715087890625
78.0,10.0,10.0,0.04697918891906738
65.0,23.0,23.0,0.03386187553405762
40.0,7.0,7.0,0.016675949096679688
48.0,8.0,8.0,0.03217744827270508
187.0,20.0,20.0,0.09248065948486328
43.0,13.0,13.0,0.016885042190551758
52.0,7.0,7.0,0.02871990203857422
76.0,29.0,29.0,0.05518054962158203
37.0,6.0,6.0,0.05576467514038086
26.0,13.0,13.0,0.02982926368713379
67.0,10.0,10.0,0.051424264907836914
85.0,13.0,13.0,0.03775596618652344
28.0,3.0,3.0,0.018573760986328125
21.0,5.0,5.0,0.007013082504272461
17.0,6.0,6.0,0.015626907348632812
16.0,4.0,4.0,0.017932653427124023
35.0,5.0,5.0,0.021329402923583984
34.0,13.0,13.0,0.022796154022216797
45.0,11.0,11.0,0.016095638275146484
17.0,6.0,6.0,0.002869129180908203
45.0,15.0,15.0,0.03776884078979492
75.0,5.0,5.0,0.029204607009887695
113.0,31.0,31.0,0.06246542930603027
92.0,13.0,13.0,0.06495451927185059
76.0,11.0,11.0,0.06474781036376953
16.0,4.0,4.0,0.009795188903808594
35.0,13.0,13.0,0.021374940872192383
79.0,9.0,9.0,0.04928255081176758
17.0,3.0,3.0,0.0074656009674072266
194.0,38.0,38.0,0.09179258346557617
27.0,4.0,4.0,0.02219247817993164
135.0,26.0,26.0,0.06340742111206055
22.0,4.0,4.0,0.010869979858398438
28.0,8.0,8.0,0.013657331466674805
16.0,2.0,2.0,0.005734443664550781
88.0,11.0,11.0,0.043556928634643555
12.0,1.0,1.0,0.005158901214599609
26.0,5.0,5.0,0.012048482894897461
18.0,7.0,7.0,0.006418704986572266
54.0,20.0,20.0,0.01994013786315918
27.0,5.0,5.0,0.009198665618896484
39.0,6.0,6.0,0.01250147819519043
20.0,9.0,9.0,0.006708621978759766
27.0,4.0,4.0,0.01041269302368164
58.0,12.0,12.0,0.025936126708984375
15.0,4.0,4.0,0.0064084529876708984
63.0,10.0,10.0,0.03913092613220215
21.0,7.0,7.0,0.007319211959838867
31.0,4.0,4.0,0.011646270751953125
35.0,8.0,8.0,0.01786637306213379
152.0,18.0,18.0,0.08065390586853027
21.0,7.0,7.0,0.010502099990844727
24.0,7.0,7.0,0.014575719833374023
22.0,3.0,3.0,0.013233423233032227
60.0,7.0,7.0,0.02478504180908203
81.0,19.0,19.0,0.03941035270690918
58.0,8.0,8.0,0.025288820266723633
51.0,6.0,6.0,0.018945932388305664
26.0,14.0,14.0,0.014397621154785156
32.0,7.0,7.0,0.012850046157836914
29.0,11.0,11.0,0.009021282196044922
37.0,10.0,10.0,0.014232158660888672
153.0,25.0,25.0,0.05439901351928711
18.0,2.0,2.0,0.009023189544677734
128.0,15.0,15.0,0.047344207763671875
22.0,3.0,3.0,0.010217905044555664
23.0,6.0,6.0,0.008254289627075195
26.0,3.0,3.0,0.013242721557617188
42.0,14.0,14.0,0.01708197593688965
27.0,8.0,8.0,0.009828805923461914
21.0,4.0,4.0,0.010666131973266602
32.0,7.0,7.0,0.0191802978515625
28.0,5.0,5.0,0.012135982513427734
15.0,1.0,1.0,0.009439468383789062
55.0,10.0,10.0,0.023400068283081055
14.0,4.0,4.0,0.007265806198120117
53.0,9.0,9.0,0.03079962730407715
41.0,7.0,7.0,0.020745038986206055
22.0,9.0,9.0,0.009311199188232422
57.0,15.0,15.0,0.02122187614440918
19.0,3.0,3.0,0.010825634002685547
44.0,7.0,7.0,0.02872300148010254
27.0,6.0,6.0,0.012232303619384766
94.0,16.0,16.0,0.05746626853942871
43.0,7.0,7.0,0.020370006561279297
28.0,8.0,8.0,0.011563301086425781
35.0,13.0,13.0,0.018732070922851562
49.0,11.0,11.0,0.023710966110229492
45.0,5.0,5.0,0.0235288143157959
84.0,10.0,10.0,0.04285883903503418
40.0,8.0,8.0,0.018848657608032227
23.0,5.0,5.0,0.011540651321411133
38.0,8.0,8.0,0.023362398147583008
87.0,12.0,12.0,0.040273189544677734
26.0,3.0,3.0,0.010341882705688477
25.0,7.0,7.0,0.008868217468261719
33.0,5.0,5.0,0.016602039337158203
36.0,13.0,13.0,0.018424034118652344
20.0,7.0,7.0,0.012000799179077148
208.0,32.0,32.0,0.09912991523742676
31.0,6.0,6.0,0.013863325119018555
81.0,12.0,12.0,0.12172627449035645
25.0,7.0,7.0,0.015137910842895508
54.0,7.0,7.0,0.02396392822265625
45.0,9.0,9.0,0.01638007164001465
20.0,2.0,2.0,0.0070841312408447266
49.0,10.0,10.0,0.017682790756225586
44.0,9.0,9.0,0.025310277938842773
49.0,8.0,8.0,0.019069910049438477
54.0,11.0,11.0,0.014582395553588867
50.0,8.0,8.0,0.022222518920898438
111.0,19.0,19.0,0.043451547622680664
48.0,11.0,11.0,0.026294708251953125
32.0,5.0,5.0,0.026337385177612305
65.0,7.0,7.0,0.03682255744934082
14.0,3.0,3.0,0.008786678314208984
101.0,16.0,16.0,0.053473472595214844
30.0,13.0,13.0,0.01935553550720215
53.0,2.0,2.0,0.028078079223632812
14.0,3.0,3.0,0.008027791976928711
25.0,8.0,8.0,0.010490179061889648
29.0,9.0,9.0,0.015358686447143555
52.0,11.0,11.0,0.02286052703857422
72.0,9.0,9.0,0.028412818908691406
26.0,8.0,8.0,0.011374473571777344
30.0,5.0,5.0,0.01681375503540039
22.0,7.0,7.0,0.008882761001586914
20.0,8.0,8.0,0.007777690887451172
27.0,8.0,8.0,0.01164698600769043
42.0,12.0,12.0,0.015889644622802734
22.0,11.0,11.0,0.006645917892456055
34.0,5.0,5.0,0.021898508071899414
73.0,11.0,11.0,0.039505720138549805
75.0,13.0,13.0,0.024200439453125
17.0,6.0,6.0,0.007589578628540039
25.0,6.0,6.0,0.013370752334594727
61.0,18.0,18.0,0.030014514923095703
48.0,2.0,2.0,0.022717952728271484
61.0,15.0,15.0,0.019849300384521484
27.0,15.0,15.0,0.006905555725097656
25.0,10.0,10.0,0.012230396270751953
13.0,2.0,2.0,0.00404810905456543
35.0,5.0,5.0,0.011241674423217773
13.0,2.0,2.0,0.004045248031616211
144.0,26.0,26.0,0.06654763221740723
18.0,7.0,7.0,0.006672382354736328
34.0,4.0,4.0,0.012134075164794922
15.0,4.0,4.0,0.0057201385498046875
35.0,10.0,10.0,0.015941381454467773
36.0,6.0,6.0,0.014096260070800781
44.0,13.0,13.0,0.016570091247558594
24.0,5.0,5.0,0.008749723434448242
23.0,4.0,4.0,0.00881648063659668
48.0,8.0,8.0,0.016851425170898438
29.0,11.0,11.0,0.01009678840637207
48.0,6.0,6.0,0.017603397369384766
61.0,10.0,10.0,0.018608808517456055
25.0,4.0,4.0,0.007822275161743164
49.0,10.0,10.0,0.01671886444091797
18.0,5.0,5.0,0.00553441047668457
31.0,11.0,11.0,0.011134862899780273
33.0,7.0,7.0,0.015721559524536133
23.0,9.0,9.0,0.008655786514282227
30.0,2.0,2.0,0.010179996490478516
50.0,9.0,9.0,0.01692032814025879
33.0,5.0,5.0,0.012976884841918945
40.0,8.0,8.0,0.012915372848510742
32.0,10.0,10.0,0.00955510139465332
49.0,7.0,7.0,0.02305316925048828
76.0,10.0,10.0,0.022527694702148438
31.0,17.0,17.0,0.009119510650634766
23.0,5.0,5.0,0.006197452545166016
42.0,7.0,7.0,0.015128374099731445
59.0,15.0,15.0,0.021648883819580078
26.0,10.0,10.0,0.009847164154052734
68.0,11.0,11.0,0.02289128303527832
62.0,14.0,14.0,0.027703046798706055
88.0,14.0,14.0,0.02564525604248047
112.0,18.0,18.0,0.03928351402282715
39.0,9.0,9.0,0.014948368072509766
29.0,3.0,3.0,0.009454011917114258
80.0,11.0,11.0,0.029680490493774414
71.0,9.0,9.0,0.02393794059753418
20.0,4.0,4.0,0.006510496139526367
52.0,7.0,7.0,0.019481182098388672
23.0,10.0,10.0,0.008172988891601562
97.0,15.0,15.0,0.030688762664794922
48.0,8.0,8.0,0.01578974723815918
15.0,4.0,4.0,0.0055959224700927734
19.0,2.0,2.0,0.008757591247558594
59.0,14.0,14.0,0.018934249877929688
53.0,11.0,11.0,0.01669621467590332
72.0,21.0,21.0,0.02336406707763672
49.0,14.0,14.0,0.020745277404785156
21.0,7.0,7.0,0.0062487125396728516
48.0,10.0,10.0,0.017222166061401367
23.0,2.0,2.0,0.008472919464111328
16.0,5.0,5.0,0.004418373107910156
78.0,18.0,18.0,0.023736238479614258
90.0,17.0,17.0,0.03358745574951172
27.0,6.0,6.0,0.010445594787597656
55.0,14.0,14.0,0.0378262996673584
64.0,13.0,13.0,0.019822359085083008
15.0,3.0,3.0,0.004439592361450195
48.0,4.0,4.0,0.013878822326660156
56.0,5.0,5.0,0.016314029693603516
69.0,8.0,8.0,0.020395994186401367
57.0,14.0,14.0,0.016382932662963867
18.0,6.0,6.0,0.004523754119873047
29.0,11.0,11.0,0.010823726654052734
38.0,9.0,9.0,0.01124119758605957
23.0,5.0,5.0,0.007174253463745117
27.0,6.0,6.0,0.009367227554321289
26.0,4.0,4.0,0.008353710174560547
17.0,5.0,5.0,0.004881620407104492
33.0,5.0,5.0,0.00763392448425293
79.0,11.0,11.0,0.0247652530670166
30.0,5.0,5.0,0.009510993957519531
72.0,13.0,13.0,0.021960020065307617
26.0,8.0,8.0,0.020277738571166992
47.0,10.0,10.0,0.01707005500793457
170.0,23.0,23.0,0.0719001293182373
63.0,10.0,10.0,0.01607060432434082
17.0,3.0,3.0,0.004884481430053711
16.0,4.0,4.0,0.004994392395019531
17.0,4.0,4.0,0.005362510681152344
75.0,19.0,19.0,0.023612499237060547
88.0,22.0,22.0,0.03106069564819336
23.0,6.0,6.0,0.008167028427124023
25.0,11.0,11.0,0.0061032772064208984
56.0,8.0,8.0,0.02243494987487793
43.0,12.0,12.0,0.01737236976623535
25.0,6.0,6.0,0.01218271255493164
57.0,5.0,5.0,0.03405642509460449
19.0,3.0,3.0,0.015854597091674805
138.0,12.0,12.0,0.06590151786804199
17.0,6.0,6.0,0.005434513092041016
19.0,6.0,6.0,0.008071422576904297
81.0,13.0,13.0,0.02343606948852539
14.0,2.0,2.0,0.007997989654541016
47.0,10.0,10.0,0.015236616134643555
24.0,13.0,13.0,0.006211996078491211
45.0,4.0,4.0,0.01339101791381836
16.0,3.0,3.0,0.004690885543823242
21.0,2.0,2.0,0.0063440799713134766
32.0,4.0,4.0,0.01374197006225586
26.0,5.0,5.0,0.013233661651611328
25.0,5.0,5.0,0.0070989131927490234
19.0,8.0,8.0,0.0057184696197509766
113.0,15.0,15.0,0.03940606117248535
55.0,14.0,14.0,0.016057252883911133
64.0,9.0,9.0,0.0192258358001709
51.0,12.0,12.0,0.019077301025390625
81.0,8.0,8.0,0.02401447296142578
53.0,10.0,10.0,0.0266110897064209
30.0,10.0,10.0,0.008948326110839844
56.0,11.0,11.0,0.026691198348999023
27.0,6.0,6.0,0.010613203048706055
41.0,9.0,9.0,0.01360940933227539
24.0,8.0,8.0,0.007292270660400391
86.0,18.0,18.0,0.025793075561523438
19.0,3.0,3.0,0.005593299865722656
27.0,6.0,6.0,0.010495901107788086
18.0,3.0,3.0,0.004957437515258789
14.0,2.0,2.0,0.0038042068481445312
37.0,9.0,9.0,0.010983705520629883
21.0,2.0,2.0,0.00630640983581543
12.0,1.0,1.0,0.0036275386810302734
31.0,6.0,6.0,0.008669376373291016
39.0,9.0,9.0,0.01108241081237793
27.0,10.0,10.0,0.008138418197631836
34.0,6.0,6.0,0.013432025909423828
174.0,33.0,33.0,0.06604695320129395
86.0,10.0,10.0,0.026233434677124023
30.0,4.0,4.0,0.010883092880249023
14.0,3.0,3.0,0.003750324249267578
16.0,5.0,5.0,0.005073070526123047
49.0,9.0,9.0,0.014251947402954102
18.0,7.0,7.0,0.0050678253173828125
25.0,4.0,4.0,0.01650714874267578
23.0,12.0,12.0,0.007731914520263672
51.0,11.0,11.0,0.021360158920288086
15.0,2.0,2.0,0.009704828262329102
65.0,5.0,5.0,0.023322582244873047
44.0,12.0,12.0,0.023820161819458008
24.0,8.0,8.0,0.007700920104980469
38.0,4.0,4.0,0.012408971786499023
17.0,5.0,5.0,0.005238771438598633
72.0,13.0,13.0,0.02137899398803711
15.0,4.0,4.0,0.0047609806060791016
93.0,11.0,11.0,0.027062654495239258
62.0,13.0,13.0,0.01843571662902832
80.0,10.0,10.0,0.031646013259887695
28.0,9.0,9.0,0.008667945861816406
26.0,4.0,4.0,0.007622480392456055
19.0,2.0,2.0,0.006806612014770508
70.0,14.0,14.0,0.02010202407836914
39.0,8.0,8.0,0.011476755142211914
36.0,7.0,7.0,0.010128974914550781
15.0,3.0,3.0,0.0055408477783203125
48.0,10.0,10.0,0.014543533325195312
26.0,12.0,12.0,0.007904767990112305
23.0,5.0,5.0,0.006442070007324219
97.0,14.0,14.0,0.029467105865478516
39.0,8.0,8.0,0.01193547248840332
29.0,4.0,4.0,0.008648157119750977
36.0,7.0,7.0,0.02051568031311035
102.0,12.0,12.0,0.04356956481933594
42.0,7.0,7.0,0.01226663589477539
25.0,7.0,7.0,0.007369041442871094
94.0,10.0,10.0,0.027796030044555664
115.0,14.0,14.0,0.0352787971496582
164.0,27.0,27.0,0.06426143646240234
23.0,4.0,4.0,0.011049747467041016
57.0,14.0,14.0,0.022817611694335938
42.0,11.0,11.0,0.025027751922607422
25.0,7.0,7.0,0.014750957489013672
49.0,7.0,7.0,0.02058720588684082
37.0,10.0,10.0,0.011490345001220703
40.0,16.0,16.0,0.013290643692016602
81.0,15.0,15.0,0.03618264198303223
68.0,7.0,7.0,0.018278121948242188
47.0,9.0,9.0,0.02146625518798828
78.0,17.0,17.0,0.029104948043823242
33.0,2.0,2.0,0.009948253631591797
24.0,7.0,7.0,0.009626388549804688
103.0,20.0,20.0,0.045075416564941406
31.0,9.0,9.0,0.019533634185791016
24.0,7.0,7.0,0.01743006706237793
41.0,5.0,5.0,0.017049551010131836
22.0,7.0,7.0,0.007124423980712891
39.0,4.0,4.0,0.015743017196655273
16.0,5.0,5.0,0.005528450012207031
59.0,16.0,16.0,0.019451618194580078
36.0,7.0,7.0,0.018941402435302734
32.0,8.0,8.0,0.014943838119506836
24.0,6.0,6.0,0.009140491485595703
26.0,9.0,9.0,0.012938499450683594
17.0,6.0,6.0,0.014364004135131836
62.0,16.0,16.0,0.0274660587310791
26.0,5.0,5.0,0.012450218200683594
88.0,18.0,18.0,0.039247751235961914
86.0,22.0,22.0,0.030779361724853516
13.0,1.0,1.0,0.0034711360931396484
19.0,2.0,2.0,0.005472898483276367
42.0,11.0,11.0,0.013527631759643555
94.0,14.0,14.0,0.03828859329223633
45.0,13.0,13.0,0.01903390884399414
60.0,7.0,7.0,0.03485989570617676
52.0,10.0,10.0,0.029061079025268555
100.0,14.0,14.0,0.03579092025756836
73.0,12.0,12.0,0.026578187942504883
18.0,7.0,7.0,0.007422208786010742
96.0,10.0,10.0,0.03193354606628418
19.0,8.0,8.0,0.007421016693115234
15.0,2.0,2.0,0.005237579345703125
19.0,2.0,2.0,0.009081602096557617
70.0,7.0,7.0,0.03714489936828613
30.0,15.0,15.0,0.009701013565063477
19.0,8.0,8.0,0.019479036331176758
59.0,13.0,13.0,0.021762847900390625
33.0,10.0,10.0,0.010119915008544922
43.0,3.0,3.0,0.012716531753540039
14.0,2.0,2.0,0.004615068435668945
35.0,9.0,9.0,0.010457754135131836
36.0,10.0,10.0,0.011648416519165039
17.0,5.0,5.0,0.005321502685546875
56.0,9.0,9.0,0.017332077026367188
28.0,5.0,5.0,0.008035659790039062
33.0,6.0,6.0,0.009809255599975586
76.0,18.0,18.0,0.023029327392578125
19.0,7.0,7.0,0.007538795471191406
36.0,10.0,10.0,0.014577627182006836
20.0,2.0,2.0,0.006566286087036133
145.0,23.0,23.0,0.045206308364868164
22.0,11.0,11.0,0.007024049758911133
32.0,7.0,7.0,0.015340089797973633
19.0,6.0,6.0,0.006032228469848633
28.0,11.0,11.0,0.013942718505859375
42.0,10.0,10.0,0.014423370361328125
113.0,15.0,15.0,0.041365861892700195
40.0,9.0,9.0,0.012186527252197266
30.0,5.0,5.0,0.009937524795532227
38.0,5.0,5.0,0.01622295379638672
23.0,7.0,7.0,0.00787043571472168
68.0,9.0,9.0,0.030643701553344727
101.0,21.0,21.0,0.04286646842956543
45.0,8.0,8.0,0.013908147811889648
61.0,10.0,10.0,0.018372535705566406
20.0,7.0,7.0,0.005941629409790039
31.0,2.0,2.0,0.01163935661315918
114.0,21.0,21.0,0.03827476501464844
24.0,6.0,6.0,0.0075571537017822266
58.0,6.0,6.0,0.018355607986450195
31.0,12.0,12.0,0.009758710861206055
102.0,5.0,5.0,0.03154468536376953
19.0,3.0,3.0,0.0076100826263427734
23.0,5.0,5.0,0.007318019866943359
27.0,2.0,2.0,0.008315324783325195
27.0,7.0,7.0,0.009060144424438477
20.0,2.0,2.0,0.007118940353393555
69.0,10.0,10.0,0.028472423553466797
71.0,15.0,15.0,0.024001121520996094
18.0,7.0,7.0,0.008234262466430664
28.0,11.0,11.0,0.011468648910522461
131.0,16.0,16.0,0.0544741153717041
17.0,3.0,3.0,0.006413936614990234
14.0,2.0,2.0,0.008719921112060547
59.0,7.0,7.0,0.038193464279174805
39.0,20.0,20.0,0.024294137954711914
31.0,10.0,10.0,0.014036417007446289
88.0,13.0,13.0,0.04645419120788574
75.0,14.0,14.0,0.03746628761291504
24.0,7.0,7.0,0.013570547103881836
80.0,10.0,10.0,0.03213191032409668
32.0,14.0,14.0,0.013350486755371094
54.0,5.0,5.0,0.023515939712524414
25.0,7.0,7.0,0.018661975860595703
53.0,9.0,9.0,0.03805851936340332
30.0,9.0,9.0,0.010929107666015625
15.0,4.0,4.0,0.0068187713623046875
29.0,8.0,8.0,0.011297464370727539
52.0,12.0,12.0,0.01725292205810547
27.0,8.0,8.0,0.013835668563842773
18.0,6.0,6.0,0.005665779113769531
20.0,8.0,8.0,0.007698535919189453
52.0,8.0,8.0,0.0229644775390625
36.0,6.0,6.0,0.017893314361572266
52.0,8.0,8.0,0.038234710693359375
23.0,8.0,8.0,0.011269330978393555
15.0,4.0,4.0,0.010865211486816406
98.0,12.0,12.0,0.03719210624694824
28.0,8.0,8.0,0.009037017822265625
103.0,24.0,24.0,0.03396177291870117
30.0,2.0,2.0,0.01290130615234375
98.0,12.0,12.0,0.04006242752075195
133.0,22.0,22.0,0.05990099906921387
51.0,17.0,17.0,0.022095203399658203
43.0,12.0,12.0,0.016542434692382812
28.0,7.0,7.0,0.011860847473144531
19.0,6.0,6.0,0.008760690689086914
19.0,7.0,7.0,0.00910806655883789
43.0,6.0,6.0,0.021666526794433594
95.0,12.0,12.0,0.04625225067138672
29.0,7.0,7.0,0.010210037231445312
58.0,8.0,8.0,0.020259380340576172
39.0,15.0,15.0,0.01099538803100586
32.0,4.0,4.0,0.015811443328857422
46.0,10.0,10.0,0.016490697860717773
12.0,1.0,1.0,0.0
18.0,5.0,5.0,0.0031058788299560547
45.0,7.0,7.0,0.01943373680114746
13.0,2.0,2.0,0.005202293395996094
23.0,7.0,7.0,0.009174346923828125
27.0,7.0,7.0,0.01036214828491211
13.0,3.0,3.0,0.0064318180084228516
69.0,13.0,13.0,0.03363442420959473
35.0,8.0,8.0,0.015185117721557617
81.0,15.0,15.0,0.03773784637451172
82.0,17.0,17.0,0.027390718460083008
20.0,3.0,3.0,0.006529092788696289
25.0,7.0,7.0,0.008812665939331055
17.0,3.0,3.0,0.004999637603759766
21.0,5.0,5.0,0.00879359245300293
44.0,8.0,8.0,0.022617578506469727
28.0,17.0,17.0,0.01214909553527832
28.0,6.0,6.0,0.008759737014770508
78.0,13.0,13.0,0.024274826049804688
15.0,4.0,4.0,0.0022513866424560547
23.0,11.0,11.0,0.005425930023193359
102.0,16.0,16.0,0.0356290340423584
48.0,6.0,6.0,0.015634536743164062
66.0,10.0,10.0,0.024781227111816406
78.0,24.0,24.0,0.022786378860473633
34.0,11.0,11.0,0.012416362762451172
69.0,17.0,17.0,0.02999281883239746
32.0,2.0,2.0,0.010914087295532227
24.0,11.0,11.0,0.009920597076416016
17.0,5.0,5.0,0.003674030303955078
17.0,1.0,1.0,0.013536930084228516
27.0,11.0,11.0,0.011732816696166992
47.0,5.0,5.0,0.015580177307128906
32.0,7.0,7.0,0.017688274383544922
40.0,0.0,0.0,0.01140141487121582
15.0,3.0,3.0,0.003008127212524414
45.0,12.0,12.0,0.026315927505493164
37.0,8.0,8.0,0.01099848747253418
48.0,9.0,9.0,0.011888265609741211
18.0,5.0,5.0,0.012939929962158203
31.0,11.0,11.0,0.011040449142456055
39.0,7.0,7.0,0.016618967056274414
31.0,13.0,13.0,0.010161399841308594
27.0,9.0,9.0,0.008742809295654297
48.0,10.0,10.0,0.015074491500854492
46.0,12.0,12.0,0.016697406768798828
85.0,9.0,9.0,0.02851247787475586
46.0,10.0,10.0,0.030808448791503906
17.0,5.0,5.0,0.008960485458374023
80.0,15.0,15.0,0.04156970977783203
35.0,9.0,9.0,0.01536870002746582
27.0,1.0,1.0,0.010437488555908203
54.0,8.0,8.0,0.024497270584106445
71.0,13.0,13.0,0.021663427352905273
34.0,9.0,9.0,0.014190435409545898
45.0,14.0,14.0,0.017534732818603516
65.0,10.0,10.0,0.026683330535888672
43.0,10.0,10.0,0.014286279678344727
32.0,5.0,5.0,0.007925748825073242
73.0,7.0,7.0,0.06965351104736328
93.0,12.0,12.0,0.05113649368286133
14.0,3.0,3.0,0.007584333419799805
35.0,3.0,3.0,0.011373281478881836
162.0,27.0,27.0,0.08666777610778809
53.0,12.0,12.0,0.024316787719726562
22.0,6.0,6.0,0.02068328857421875
38.0,10.0,10.0,0.025910377502441406
33.0,11.0,11.0,0.025786876678466797
22.0,9.0,9.0,0.009657144546508789
26.0,3.0,3.0,0.019787073135375977
58.0,14.0,14.0,0.040250301361083984
42.0,13.0,13.0,0.015330076217651367
48.0,8.0,8.0,0.013880014419555664
51.0,9.0,9.0,0.022738933563232422
31.0,8.0,8.0,0.003498554229736328
44.0,4.0,4.0,0.015796899795532227
65.0,5.0,5.0,0.03140830993652344
74.0,7.0,7.0,0.016084909439086914
31.0,5.0,5.0,0.015633821487426758
17.0,3.0,3.0,0.00406336784362793
70.0,9.0,9.0,0.0320279598236084
18.0,5.0,5.0,0.008977413177490234
38.0,10.0,10.0,0.009191751480102539
39.0,12.0,12.0,0.015674352645874023
80.0,11.0,11.0,0.03188920021057129
21.0,6.0,6.0,0.011860370635986328
63.0,8.0,8.0,0.04053521156311035
18.0,6.0,6.0,0.007933378219604492
42.0,12.0,12.0,0.01619410514831543
30.0,7.0,7.0,0.017445802688598633
31.0,11.0,11.0,0.017600536346435547
23.0,8.0,8.0,0.00439763069152832
33.0,12.0,12.0,0.016017913818359375
20.0,8.0,8.0,0.02149176597595215
26.0,5.0,5.0,0.008940696716308594
44.0,10.0,10.0,0.01307368278503418
29.0,8.0,8.0,0.009166240692138672
43.0,5.0,5.0,0.012725830078125
43.0,9.0,9.0,0.012331008911132812
46.0,6.0,6.0,0.019077777862548828
24.0,14.0,14.0,0.006565093994140625
43.0,3.0,3.0,0.01993417739868164
24.0,3.0,3.0,0.0061626434326171875
49.0,9.0,9.0,0.021918296813964844
104.0,21.0,21.0,0.039331912994384766
21.0,8.0,8.0,0.01052403450012207
216.0,30.0,30.0,0.06369924545288086
51.0,8.0,8.0,0.023595571517944336
61.0,12.0,12.0,0.024067163467407227
53.0,8.0,8.0,0.017574787139892578
41.0,19.0,19.0,0.015644073486328125
29.0,3.0,3.0,0.015731096267700195
57.0,29.0,29.0,0.020878314971923828
42.0,9.0,9.0,0.012800931930541992
43.0,8.0,8.0,0.023934125900268555
35.0,3.0,3.0,0.01734471321105957
88.0,8.0,8.0,0.04595041275024414
15.0,4.0,4.0,0.00953817367553711
34.0,7.0,7.0,0.01486515998840332
45.0,9.0,9.0,0.01773858070373535
18.0,6.0,6.0,0.007382869720458984
66.0,8.0,8.0,0.024576425552368164
46.0,12.0,12.0,0.01833820343017578
19.0,4.0,4.0,0.008552789688110352
33.0,8.0,8.0,0.012568235397338867
24.0,5.0,5.0,0.007325649261474609
57.0,6.0,6.0,0.031641244888305664
27.0,7.0,7.0,0.012860298156738281
28.0,12.0,12.0,0.014105081558227539
53.0,8.0,8.0,0.017177343368530273
60.0,10.0,10.0,0.020496368408203125
48.0,13.0,13.0,0.01770925521850586
37.0,10.0,10.0,0.011343955993652344
27.0,2.0,2.0,0.00605320930480957
19.0,0.0,0.0,0.005595207214355469
36.0,6.0,6.0,0.014724016189575195
17.0,6.0,6.0,0.00546717643737793
22.0,4.0,4.0,0.008651018142700195
61.0,14.0,14.0,0.025319576263427734
49.0,8.0,8.0,0.017666101455688477
29.0,5.0,5.0,0.009926795959472656
19.0,5.0,5.0,0.008083105087280273
42.0,10.0,10.0,0.011662721633911133
45.0,6.0,6.0,0.0186004638671875
41.0,20.0,20.0,0.03365516662597656
54.0,9.0,9.0,0.022936344146728516
20.0,4.0,4.0,0.01255941390991211
