Timesteps,Collisions,Steps Waited,Real-Time Elapsed
548.0,11.0,11.0,0.2822294235229492
103.0,0.0,0.0,0.04975318908691406
170.0,3.0,3.0,0.08322834968566895
1131.0,13.0,13.0,0.5730562210083008
475.0,6.0,6.0,0.2650315761566162
166.0,7.0,7.0,0.09171009063720703
751.0,6.0,6.0,0.41896820068359375
513.0,7.0,7.0,0.2695004940032959
570.0,15.0,15.0,0.2869751453399658
544.0,8.0,8.0,0.2955169677734375
325.0,6.0,6.0,0.1652388572692871
395.0,2.0,2.0,0.18609285354614258
129.0,2.0,2.0,0.06128668785095215
418.0,7.0,7.0,0.21535849571228027
164.0,2.0,2.0,0.0892477035522461
353.0,6.0,6.0,0.17425107955932617
1264.0,20.0,20.0,0.6076087951660156
93.0,0.0,0.0,0.0458066463470459
352.0,8.0,8.0,0.18619036674499512
105.0,6.0,6.0,0.04904532432556152
242.0,3.0,3.0,0.11621332168579102
364.0,9.0,9.0,0.1782512664794922
785.0,3.0,3.0,0.37616634368896484
143.0,7.0,7.0,0.06943416595458984
46.0,4.0,4.0,0.02278757095336914
455.0,4.0,4.0,0.23139119148254395
367.0,7.0,7.0,0.18543481826782227
637.0,5.0,5.0,0.31461215019226074
101.0,0.0,0.0,0.049017906188964844
100.0,3.0,3.0,0.04773211479187012
104.0,4.0,4.0,0.05019021034240723
52.0,3.0,3.0,0.025242328643798828
184.0,5.0,5.0,0.09626507759094238
473.0,5.0,5.0,0.2345411777496338
142.0,5.0,5.0,0.06641602516174316
727.0,3.0,3.0,0.3495604991912842
302.0,10.0,10.0,0.14619708061218262
207.0,8.0,8.0,0.09769415855407715
170.0,1.0,1.0,0.08336448669433594
201.0,6.0,6.0,0.09681320190429688
246.0,1.0,1.0,0.12276029586791992
560.0,12.0,12.0,0.2908902168273926
108.0,0.0,0.0,0.05570650100708008
364.0,9.0,9.0,0.1773684024810791
89.0,3.0,3.0,0.04276084899902344
45.0,0.0,0.0,0.021028995513916016
1011.0,13.0,13.0,0.48589324951171875
199.0,3.0,3.0,0.09378480911254883
622.0,9.0,9.0,0.2989954948425293
107.0,2.0,2.0,0.04994487762451172
373.0,1.0,1.0,0.1800079345703125
624.0,5.0,5.0,0.3061370849609375
328.0,7.0,7.0,0.15940070152282715
120.0,0.0,0.0,0.056327104568481445
274.0,7.0,7.0,0.13697361946105957
771.0,10.0,10.0,0.3801388740539551
1371.0,13.0,13.0,0.6721270084381104
543.0,14.0,14.0,0.26058030128479004
269.0,2.0,2.0,0.13010334968566895
2770.0,36.0,36.0,1.3687529563903809
1235.0,8.0,8.0,0.6013941764831543
738.0,8.0,8.0,0.37279224395751953
783.0,2.0,2.0,0.38112878799438477
538.0,3.0,3.0,0.2790718078613281
267.0,5.0,5.0,0.13410615921020508
587.0,7.0,7.0,0.27693819999694824
545.0,10.0,10.0,0.26746129989624023
177.0,0.0,0.0,0.08576440811157227
488.0,10.0,10.0,0.23753833770751953
147.0,1.0,1.0,0.07377147674560547
194.0,8.0,8.0,0.09640312194824219
253.0,18.0,18.0,0.12549781799316406
133.0,8.0,8.0,0.06534075736999512
1035.0,14.0,14.0,0.5006475448608398
256.0,3.0,3.0,0.12421703338623047
1483.0,13.0,13.0,0.8387227058410645
129.0,6.0,6.0,0.06610441207885742
247.0,6.0,6.0,0.14449000358581543
423.0,2.0,2.0,0.22733330726623535
223.0,10.0,10.0,0.11285543441772461
497.0,9.0,9.0,0.2698845863342285
221.0,5.0,5.0,0.1264340877532959
40.0,1.0,1.0,0.019866466522216797
507.0,11.0,11.0,0.2748422622680664
703.0,6.0,6.0,0.382399320602417
146.0,3.0,3.0,0.0778343677520752
625.0,9.0,9.0,0.3041386604309082
43.0,2.0,2.0,0.020247459411621094
109.0,1.0,1.0,0.051291704177856445
513.0,7.0,7.0,0.2501392364501953
214.0,12.0,12.0,0.10307455062866211
162.0,4.0,4.0,0.08127665519714355
218.0,6.0,6.0,0.10561776161193848
404.0,10.0,10.0,0.1926267147064209
437.0,10.0,10.0,0.2100074291229248
131.0,3.0,3.0,0.06308674812316895
97.0,5.0,5.0,0.04517865180969238
55.0,1.0,1.0,0.027347087860107422
333.0,4.0,4.0,0.16344666481018066
55.0,3.0,3.0,0.02525162696838379
230.0,10.0,10.0,0.10920596122741699
123.0,2.0,2.0,0.06139969825744629
248.0,5.0,5.0,0.11908936500549316
292.0,6.0,6.0,0.15975570678710938
222.0,7.0,7.0,0.10460209846496582
380.0,13.0,13.0,0.17996835708618164
71.0,1.0,1.0,0.0341947078704834
105.0,4.0,4.0,0.05159115791320801
440.0,9.0,9.0,0.215195894241333
110.0,3.0,3.0,0.05476832389831543
515.0,10.0,10.0,0.2436351776123047
590.0,8.0,8.0,0.28308868408203125
108.0,10.0,10.0,0.052596092224121094
56.0,1.0,1.0,0.027788877487182617
656.0,1.0,1.0,0.32148122787475586
902.0,7.0,7.0,0.43108463287353516
243.0,6.0,6.0,0.13542485237121582
1066.0,14.0,14.0,0.5149545669555664
50.0,0.0,0.0,0.024161338806152344
215.0,6.0,6.0,0.10433793067932129
210.0,8.0,8.0,0.1020650863647461
89.0,4.0,4.0,0.04394984245300293
307.0,6.0,6.0,0.1486952304840088
366.0,6.0,6.0,0.17691969871520996
242.0,1.0,1.0,0.11518573760986328
494.0,15.0,15.0,0.23936891555786133
679.0,10.0,10.0,0.3294239044189453
642.0,7.0,7.0,0.30980896949768066
203.0,2.0,2.0,0.12370848655700684
298.0,0.0,0.0,0.1472635269165039
289.0,11.0,11.0,0.14081668853759766
168.0,8.0,8.0,0.07918047904968262
415.0,10.0,10.0,0.20244169235229492
319.0,7.0,7.0,0.1523571014404297
59.0,0.0,0.0,0.0285186767578125
752.0,6.0,6.0,0.3610854148864746
142.0,1.0,1.0,0.06991386413574219
228.0,9.0,9.0,0.1118311882019043
565.0,6.0,6.0,0.2716715335845947
57.0,2.0,2.0,0.027407407760620117
345.0,3.0,3.0,0.164320707321167
422.0,5.0,5.0,0.25374269485473633
411.0,5.0,5.0,0.1990060806274414
203.0,3.0,3.0,0.09470963478088379
194.0,3.0,3.0,0.09219479560852051
162.0,1.0,1.0,0.07988309860229492
761.0,15.0,15.0,0.36425352096557617
287.0,3.0,3.0,0.137282133102417
320.0,4.0,4.0,0.153822660446167
279.0,8.0,8.0,0.13500499725341797
158.0,0.0,0.0,0.07512259483337402
114.0,6.0,6.0,0.05447244644165039
425.0,14.0,14.0,0.2039320468902588
521.0,2.0,2.0,0.25277042388916016
73.0,7.0,7.0,0.03522968292236328
722.0,10.0,10.0,0.3612229824066162
1216.0,24.0,24.0,0.6056420803070068
430.0,2.0,2.0,0.2117602825164795
112.0,8.0,8.0,0.05373692512512207
134.0,5.0,5.0,0.06693744659423828
1631.0,14.0,14.0,0.7955665588378906
90.0,3.0,3.0,0.04374575614929199
380.0,10.0,10.0,0.18449091911315918
178.0,11.0,11.0,0.08461785316467285
990.0,16.0,16.0,0.49483418464660645
204.0,2.0,2.0,0.10030627250671387
328.0,4.0,4.0,0.19972872734069824
626.0,6.0,6.0,0.365095853805542
128.0,5.0,5.0,0.07988762855529785
327.0,1.0,1.0,0.18785643577575684
218.0,7.0,7.0,0.12949109077453613
400.0,5.0,5.0,0.23878097534179688
487.0,12.0,12.0,0.26895689964294434
158.0,0.0,0.0,0.08012104034423828
1641.0,17.0,17.0,0.9694058895111084
1002.0,6.0,6.0,0.5448565483093262
413.0,15.0,15.0,0.20473599433898926
704.0,3.0,3.0,0.3478515148162842
58.0,4.0,4.0,0.02745842933654785
120.0,0.0,0.0,0.0641927719116211
222.0,6.0,6.0,0.1170039176940918
122.0,9.0,9.0,0.06660246849060059
329.0,5.0,5.0,0.17416143417358398
106.0,7.0,7.0,0.05303359031677246
546.0,1.0,1.0,0.2589688301086426
433.0,8.0,8.0,0.2294602394104004
151.0,4.0,4.0,0.07367587089538574
259.0,5.0,5.0,0.1236569881439209
67.0,5.0,5.0,0.03452420234680176
200.0,7.0,7.0,0.1095888614654541
328.0,1.0,1.0,0.16831445693969727
188.0,6.0,6.0,0.09938240051269531
90.0,6.0,6.0,0.04185676574707031
781.0,13.0,13.0,0.38849353790283203
1755.0,11.0,11.0,0.8791866302490234
680.0,5.0,5.0,0.32515430450439453
666.0,4.0,4.0,0.3381175994873047
144.0,6.0,6.0,0.08118867874145508
137.0,1.0,1.0,0.06995868682861328
385.0,6.0,6.0,0.19551897048950195
357.0,14.0,14.0,0.17051148414611816
33.0,0.0,0.0,0.016418933868408203
376.0,4.0,4.0,0.19880247116088867
275.0,6.0,6.0,0.14793992042541504
51.0,1.0,1.0,0.024428606033325195
371.0,9.0,9.0,0.20050954818725586
317.0,4.0,4.0,0.1683666706085205
178.0,6.0,6.0,0.08824348449707031
1114.0,3.0,3.0,0.5518796443939209
105.0,1.0,1.0,0.05568528175354004
1201.0,12.0,12.0,0.586573600769043
713.0,5.0,5.0,0.37468409538269043
155.0,2.0,2.0,0.08819746971130371
302.0,6.0,6.0,0.14385390281677246
149.0,1.0,1.0,0.0722968578338623
233.0,10.0,10.0,0.12865257263183594
96.0,5.0,5.0,0.05321168899536133
595.0,4.0,4.0,0.29662370681762695
193.0,7.0,7.0,0.10673117637634277
49.0,1.0,1.0,0.022728443145751953
1140.0,10.0,10.0,0.5613718032836914
581.0,7.0,7.0,0.29015684127807617
274.0,6.0,6.0,0.14438080787658691
461.0,6.0,6.0,0.23312735557556152
426.0,3.0,3.0,0.2139739990234375
117.0,0.0,0.0,0.06094479560852051
325.0,6.0,6.0,0.184922456741333
250.0,2.0,2.0,0.12515687942504883
235.0,2.0,2.0,0.1231992244720459
321.0,6.0,6.0,0.15848135948181152
93.0,7.0,7.0,0.04877495765686035
144.0,0.0,0.0,0.06717133522033691
286.0,3.0,3.0,0.1357564926147461
270.0,5.0,5.0,0.1421804428100586
136.0,4.0,4.0,0.0743100643157959
256.0,1.0,1.0,0.12358236312866211
638.0,5.0,5.0,0.3229963779449463
169.0,1.0,1.0,0.09063434600830078
802.0,8.0,8.0,0.4292159080505371
151.0,0.0,0.0,0.09117722511291504
128.0,3.0,3.0,0.06169700622558594
284.0,4.0,4.0,0.1511087417602539
376.0,7.0,7.0,0.20075511932373047
908.0,3.0,3.0,0.4431874752044678
239.0,1.0,1.0,0.11531925201416016
584.0,6.0,6.0,0.31060242652893066
415.0,6.0,6.0,0.2330935001373291
312.0,8.0,8.0,0.18362808227539062
203.0,2.0,2.0,0.1089470386505127
114.0,7.0,7.0,0.05965924263000488
673.0,8.0,8.0,0.39230918884277344
390.0,1.0,1.0,0.21655893325805664
192.0,5.0,5.0,0.10411834716796875
820.0,4.0,4.0,0.4382503032684326
117.0,1.0,1.0,0.05913066864013672
1016.0,14.0,14.0,0.5389001369476318
575.0,9.0,9.0,0.2955288887023926
112.0,1.0,1.0,0.0540924072265625
586.0,18.0,18.0,0.299161434173584
263.0,5.0,5.0,0.12281513214111328
1063.0,11.0,11.0,0.5713112354278564
154.0,3.0,3.0,0.07976102828979492
723.0,7.0,7.0,0.38466763496398926
730.0,14.0,14.0,0.3739945888519287
335.0,5.0,5.0,0.17565631866455078
642.0,9.0,9.0,0.32944464683532715
427.0,10.0,10.0,0.20499587059020996
429.0,2.0,2.0,0.20590519905090332
541.0,10.0,10.0,0.27707982063293457
982.0,7.0,7.0,0.5242757797241211
195.0,1.0,1.0,0.10606002807617188
279.0,7.0,7.0,0.13398361206054688
562.0,11.0,11.0,0.2891552448272705
268.0,1.0,1.0,0.1412060260772705
907.0,11.0,11.0,0.453233003616333
312.0,4.0,4.0,0.15519165992736816
77.0,2.0,2.0,0.04380512237548828
769.0,5.0,5.0,0.40878796577453613
70.0,0.0,0.0,0.03760695457458496
73.0,7.0,7.0,0.04166126251220703
296.0,7.0,7.0,0.15666747093200684
748.0,5.0,5.0,0.3683030605316162
121.0,0.0,0.0,0.061104536056518555
226.0,13.0,13.0,0.11538934707641602
492.0,9.0,9.0,0.2472398281097412
949.0,6.0,6.0,0.4872910976409912
53.0,5.0,5.0,0.026572704315185547
560.0,7.0,7.0,0.3026010990142822
286.0,6.0,6.0,0.16162371635437012
1669.0,18.0,18.0,0.8403120040893555
470.0,8.0,8.0,0.2294173240661621
188.0,2.0,2.0,0.09203934669494629
343.0,7.0,7.0,0.1728074550628662
130.0,2.0,2.0,0.06262707710266113
68.0,5.0,5.0,0.03286123275756836
206.0,7.0,7.0,0.10183000564575195
188.0,6.0,6.0,0.09337544441223145
154.0,1.0,1.0,0.07371401786804199
894.0,5.0,5.0,0.4538841247558594
140.0,5.0,5.0,0.0719144344329834
531.0,4.0,4.0,0.25904035568237305
645.0,2.0,2.0,0.3149564266204834
175.0,2.0,2.0,0.08868217468261719
196.0,3.0,3.0,0.0947120189666748
223.0,3.0,3.0,0.10527563095092773
152.0,4.0,4.0,0.07381176948547363
473.0,6.0,6.0,0.23347997665405273
195.0,4.0,4.0,0.09367990493774414
394.0,6.0,6.0,0.18900799751281738
163.0,6.0,6.0,0.07915353775024414
160.0,1.0,1.0,0.07913565635681152
956.0,6.0,6.0,0.4689607620239258
384.0,5.0,5.0,0.1896374225616455
588.0,11.0,11.0,0.2965514659881592
358.0,2.0,2.0,0.17936921119689941
179.0,6.0,6.0,0.08518195152282715
257.0,6.0,6.0,0.12341761589050293
1108.0,11.0,11.0,0.5323343276977539
254.0,3.0,3.0,0.12560129165649414
303.0,6.0,6.0,0.15584230422973633
385.0,14.0,14.0,0.22072315216064453
123.0,2.0,2.0,0.07245874404907227
76.0,6.0,6.0,0.0378880500793457
558.0,8.0,8.0,0.31523942947387695
531.0,12.0,12.0,0.3027317523956299
588.0,2.0,2.0,0.34235501289367676
39.0,0.0,0.0,0.022666454315185547
352.0,3.0,3.0,0.16649603843688965
181.0,6.0,6.0,0.08412837982177734
439.0,4.0,4.0,0.22431707382202148
461.0,17.0,17.0,0.2683594226837158
495.0,10.0,10.0,0.23913121223449707
704.0,11.0,11.0,0.42019057273864746
727.0,12.0,12.0,0.3593292236328125
1844.0,16.0,16.0,0.899813175201416
556.0,9.0,9.0,0.2684965133666992
127.0,0.0,0.0,0.06192588806152344
160.0,9.0,9.0,0.08024716377258301
1532.0,16.0,16.0,0.7718021869659424
180.0,5.0,5.0,0.08974027633666992
319.0,7.0,7.0,0.15680909156799316
100.0,2.0,2.0,0.04828500747680664
1154.0,14.0,14.0,0.5605685710906982
467.0,1.0,1.0,0.2230238914489746
458.0,8.0,8.0,0.21787095069885254
586.0,16.0,16.0,0.28044700622558594
909.0,5.0,5.0,0.4785327911376953
310.0,3.0,3.0,0.14758944511413574
757.0,2.0,2.0,0.36101555824279785
167.0,4.0,4.0,0.07939624786376953
439.0,8.0,8.0,0.2096567153930664
225.0,6.0,6.0,0.11054062843322754
136.0,3.0,3.0,0.06390595436096191
195.0,8.0,8.0,0.09196615219116211
133.0,3.0,3.0,0.06275057792663574
147.0,8.0,8.0,0.07092618942260742
58.0,3.0,3.0,0.027843475341796875
94.0,5.0,5.0,0.04504561424255371
105.0,4.0,4.0,0.049794673919677734
141.0,9.0,9.0,0.07233953475952148
120.0,5.0,5.0,0.056714534759521484
548.0,4.0,4.0,0.2736201286315918
196.0,4.0,4.0,0.0957794189453125
264.0,5.0,5.0,0.12574052810668945
174.0,10.0,10.0,0.10656118392944336
59.0,0.0,0.0,0.02905440330505371
884.0,12.0,12.0,0.4583306312561035
112.0,4.0,4.0,0.05386638641357422
89.0,5.0,5.0,0.04143261909484863
133.0,9.0,9.0,0.06408095359802246
111.0,3.0,3.0,0.05437350273132324
392.0,2.0,2.0,0.18878817558288574
133.0,5.0,5.0,0.06705021858215332
139.0,2.0,2.0,0.06816983222961426
220.0,12.0,12.0,0.10659146308898926
588.0,7.0,7.0,0.28295445442199707
152.0,0.0,0.0,0.0742805004119873
383.0,4.0,4.0,0.18923139572143555
332.0,6.0,6.0,0.16204476356506348
307.0,8.0,8.0,0.14895343780517578
237.0,4.0,4.0,0.11421871185302734
176.0,5.0,5.0,0.09362602233886719
54.0,0.0,0.0,0.032239437103271484
488.0,9.0,9.0,0.23891901969909668
695.0,9.0,9.0,0.33583688735961914
66.0,3.0,3.0,0.030777454376220703
35.0,0.0,0.0,0.016967058181762695
462.0,12.0,12.0,0.22301602363586426
306.0,4.0,4.0,0.14863014221191406
101.0,4.0,4.0,0.04712843894958496
296.0,4.0,4.0,0.14379572868347168
157.0,2.0,2.0,0.07477331161499023
429.0,1.0,1.0,0.20501017570495605
351.0,5.0,5.0,0.1713886260986328
264.0,10.0,10.0,0.1277024745941162
222.0,1.0,1.0,0.10626101493835449
168.0,7.0,7.0,0.08352994918823242
172.0,3.0,3.0,0.08834362030029297
420.0,3.0,3.0,0.22649264335632324
172.0,3.0,3.0,0.08188486099243164
563.0,2.0,2.0,0.2721598148345947
448.0,12.0,12.0,0.21846723556518555
116.0,1.0,1.0,0.05421328544616699
676.0,10.0,10.0,0.32584238052368164
314.0,2.0,2.0,0.1630871295928955
104.0,5.0,5.0,0.05974173545837402
358.0,5.0,5.0,0.19349098205566406
278.0,5.0,5.0,0.14137744903564453
638.0,7.0,7.0,0.31462979316711426
450.0,9.0,9.0,0.24589991569519043
212.0,8.0,8.0,0.11798930168151855
778.0,10.0,10.0,0.4208085536956787
185.0,7.0,7.0,0.09499549865722656
705.0,6.0,6.0,0.3750739097595215
1041.0,16.0,16.0,0.5536963939666748
158.0,8.0,8.0,0.08663034439086914
656.0,13.0,13.0,0.33302998542785645
85.0,0.0,0.0,0.0428309440612793
137.0,9.0,9.0,0.07426095008850098
302.0,5.0,5.0,0.1701202392578125
1025.0,10.0,10.0,0.4907712936401367
34.0,4.0,4.0,0.01679229736328125
198.0,7.0,7.0,0.09789276123046875
213.0,3.0,3.0,0.10512423515319824
265.0,1.0,1.0,0.13002657890319824
230.0,1.0,1.0,0.1148838996887207
375.0,5.0,5.0,0.1797947883605957
172.0,6.0,6.0,0.08400630950927734
475.0,3.0,3.0,0.23448729515075684
234.0,5.0,5.0,0.11096572875976562
261.0,5.0,5.0,0.12535476684570312
624.0,11.0,11.0,0.3167879581451416
1243.0,11.0,11.0,0.6192531585693359
223.0,15.0,15.0,0.10447502136230469
533.0,14.0,14.0,0.25269389152526855
574.0,8.0,8.0,0.27231359481811523
927.0,21.0,21.0,0.4476945400238037
68.0,2.0,2.0,0.03185725212097168
499.0,5.0,5.0,0.24367928504943848
176.0,0.0,0.0,0.08483147621154785
247.0,8.0,8.0,0.12289834022521973
523.0,5.0,5.0,0.26964640617370605
58.0,0.0,0.0,0.028227806091308594
250.0,3.0,3.0,0.12943291664123535
118.0,6.0,6.0,0.056181907653808594
42.0,0.0,0.0,0.01994013786315918
333.0,8.0,8.0,0.15902972221374512
1029.0,6.0,6.0,0.4937715530395508
245.0,4.0,4.0,0.11406993865966797
318.0,1.0,1.0,0.15426254272460938
234.0,0.0,0.0,0.10953593254089355
648.0,6.0,6.0,0.3144071102142334
827.0,3.0,3.0,0.4122154712677002
198.0,6.0,6.0,0.09919595718383789
143.0,0.0,0.0,0.0696251392364502
111.0,7.0,7.0,0.05350518226623535
240.0,4.0,4.0,0.1124119758605957
1205.0,7.0,7.0,0.5783638954162598
406.0,8.0,8.0,0.19238042831420898
510.0,6.0,6.0,0.24171733856201172
1985.0,8.0,8.0,0.9785728454589844
159.0,6.0,6.0,0.07436800003051758
124.0,2.0,2.0,0.06014537811279297
623.0,14.0,14.0,0.30146145820617676
304.0,11.0,11.0,0.14761900901794434
2078.0,14.0,14.0,0.9992086887359619
782.0,15.0,15.0,0.39413905143737793
170.0,5.0,5.0,0.09591794013977051
117.0,2.0,2.0,0.06010627746582031
683.0,5.0,5.0,0.3225252628326416
83.0,4.0,4.0,0.04157710075378418
171.0,3.0,3.0,0.08369970321655273
404.0,5.0,5.0,0.19510507583618164
1085.0,13.0,13.0,0.5264842510223389
286.0,6.0,6.0,0.13622498512268066
860.0,11.0,11.0,0.41486310958862305
150.0,1.0,1.0,0.07193207740783691
306.0,7.0,7.0,0.1486804485321045
224.0,1.0,1.0,0.1239931583404541
196.0,3.0,3.0,0.09623527526855469
165.0,3.0,3.0,0.07934927940368652
210.0,8.0,8.0,0.10622191429138184
238.0,15.0,15.0,0.1147301197052002
254.0,4.0,4.0,0.12803959846496582
297.0,10.0,10.0,0.14332365989685059
345.0,3.0,3.0,0.20817136764526367
855.0,11.0,11.0,0.47441720962524414
155.0,1.0,1.0,0.09778046607971191
318.0,5.0,5.0,0.16534900665283203
128.0,3.0,3.0,0.0597381591796875
65.0,3.0,3.0,0.03284645080566406
181.0,2.0,2.0,0.09670686721801758
466.0,8.0,8.0,0.22331714630126953
256.0,2.0,2.0,0.1532297134399414
153.0,5.0,5.0,0.08378124237060547
87.0,4.0,4.0,0.04462862014770508
235.0,3.0,3.0,0.11516046524047852
528.0,7.0,7.0,0.2845473289489746
1442.0,19.0,19.0,0.7050344944000244
155.0,0.0,0.0,0.07399129867553711
467.0,16.0,16.0,0.2441563606262207
383.0,2.0,2.0,0.18626093864440918
532.0,3.0,3.0,0.27187657356262207
325.0,8.0,8.0,0.1697990894317627
354.0,5.0,5.0,0.1855781078338623
69.0,1.0,1.0,0.034795522689819336
202.0,5.0,5.0,0.10277152061462402
127.0,2.0,2.0,0.06618261337280273
333.0,7.0,7.0,0.1706080436706543
316.0,12.0,12.0,0.15216326713562012
59.0,5.0,5.0,0.027750253677368164
208.0,5.0,5.0,0.10172343254089355
260.0,9.0,9.0,0.12412476539611816
139.0,3.0,3.0,0.06480622291564941
378.0,4.0,4.0,0.19004178047180176
442.0,1.0,1.0,0.21655631065368652
1271.0,18.0,18.0,0.6157219409942627
297.0,4.0,4.0,0.16378259658813477
631.0,9.0,9.0,0.31757688522338867
815.0,10.0,10.0,0.4019734859466553
63.0,3.0,3.0,0.030215978622436523
482.0,6.0,6.0,0.28661441802978516
516.0,5.0,5.0,0.2499537467956543
350.0,3.0,3.0,0.16770386695861816
920.0,16.0,16.0,0.4535231590270996
155.0,0.0,0.0,0.07468557357788086
108.0,5.0,5.0,0.0496981143951416
123.0,4.0,4.0,0.058500051498413086
190.0,3.0,3.0,0.1098928451538086
1134.0,10.0,10.0,0.5591280460357666
225.0,3.0,3.0,0.11379170417785645
306.0,5.0,5.0,0.14263224601745605
390.0,4.0,4.0,0.18799805641174316
174.0,13.0,13.0,0.0837554931640625
199.0,2.0,2.0,0.09388566017150879
187.0,4.0,4.0,0.09110784530639648
959.0,11.0,11.0,0.46482419967651367
334.0,9.0,9.0,0.15810751914978027
203.0,8.0,8.0,0.0935966968536377
147.0,5.0,5.0,0.0711216926574707
740.0,6.0,6.0,0.3872041702270508
298.0,3.0,3.0,0.14104223251342773
1241.0,18.0,18.0,0.6031467914581299
63.0,4.0,4.0,0.030128002166748047
728.0,6.0,6.0,0.3590426445007324
193.0,0.0,0.0,0.09139728546142578
691.0,8.0,8.0,0.33007025718688965
140.0,2.0,2.0,0.06739568710327148
805.0,12.0,12.0,0.4101686477661133
141.0,6.0,6.0,0.06716084480285645
197.0,6.0,6.0,0.09454965591430664
74.0,0.0,0.0,0.03624558448791504
170.0,7.0,7.0,0.08324456214904785
649.0,15.0,15.0,0.3128206729888916
193.0,5.0,5.0,0.10272336006164551
301.0,10.0,10.0,0.15802669525146484
392.0,4.0,4.0,0.19486355781555176
776.0,14.0,14.0,0.36836910247802734
1390.0,16.0,16.0,0.6858856678009033
147.0,6.0,6.0,0.0798346996307373
662.0,13.0,13.0,0.31631016731262207
621.0,22.0,22.0,0.29784321784973145
144.0,2.0,2.0,0.06945943832397461
278.0,12.0,12.0,0.1328110694885254
807.0,13.0,13.0,0.4381873607635498
671.0,7.0,7.0,0.34742116928100586
185.0,1.0,1.0,0.09718728065490723
160.0,0.0,0.0,0.09459042549133301
979.0,9.0,9.0,0.5127313137054443
275.0,14.0,14.0,0.12942957878112793
153.0,1.0,1.0,0.07175850868225098
269.0,4.0,4.0,0.13225507736206055
40.0,0.0,0.0,0.02226567268371582
380.0,1.0,1.0,0.2127695083618164
398.0,2.0,2.0,0.197371244430542
300.0,2.0,2.0,0.14089059829711914
465.0,3.0,3.0,0.22197365760803223
1268.0,8.0,8.0,0.6152465343475342
385.0,10.0,10.0,0.20704436302185059
299.0,7.0,7.0,0.1442091464996338
68.0,4.0,4.0,0.03237271308898926
274.0,6.0,6.0,0.131453275680542
616.0,1.0,1.0,0.3060450553894043
63.0,0.0,0.0,0.029657602310180664
331.0,0.0,0.0,0.15398478507995605
158.0,3.0,3.0,0.0739448070526123
343.0,8.0,8.0,0.16334819793701172
133.0,3.0,3.0,0.06413650512695312
893.0,3.0,3.0,0.42709946632385254
81.0,0.0,0.0,0.038040876388549805
480.0,6.0,6.0,0.23514103889465332
763.0,13.0,13.0,0.3918569087982178
503.0,13.0,13.0,0.252575159072876
676.0,10.0,10.0,0.323350191116333
563.0,8.0,8.0,0.27267003059387207
176.0,0.0,0.0,0.08376049995422363
232.0,2.0,2.0,0.11095690727233887
380.0,6.0,6.0,0.1848766803741455
114.0,0.0,0.0,0.05354118347167969
1436.0,13.0,13.0,0.6892445087432861
644.0,11.0,11.0,0.33704614639282227
383.0,6.0,6.0,0.18194293975830078
712.0,7.0,7.0,0.3453378677368164
190.0,4.0,4.0,0.0903940200805664
273.0,10.0,10.0,0.13193702697753906
1331.0,12.0,12.0,0.6466784477233887
83.0,8.0,8.0,0.0387883186340332
174.0,7.0,7.0,0.08252930641174316
591.0,1.0,1.0,0.28864002227783203
164.0,2.0,2.0,0.07978439331054688
557.0,6.0,6.0,0.2962648868560791
444.0,2.0,2.0,0.21212530136108398
47.0,2.0,2.0,0.023279190063476562
723.0,5.0,5.0,0.3491671085357666
429.0,7.0,7.0,0.21282052993774414
247.0,11.0,11.0,0.11863350868225098
212.0,1.0,1.0,0.09768319129943848
1567.0,24.0,24.0,0.7555992603302002
1258.0,9.0,9.0,0.6308643817901611
278.0,4.0,4.0,0.13555908203125
288.0,7.0,7.0,0.13755321502685547
68.0,5.0,5.0,0.03357648849487305
82.0,4.0,4.0,0.03742790222167969
456.0,6.0,6.0,0.2233128547668457
428.0,3.0,3.0,0.2057020664215088
829.0,7.0,7.0,0.40506577491760254
280.0,9.0,9.0,0.13674378395080566
119.0,9.0,9.0,0.060149192810058594
873.0,4.0,4.0,0.4487721920013428
346.0,7.0,7.0,0.17167425155639648
900.0,9.0,9.0,0.4378926753997803
915.0,11.0,11.0,0.4361722469329834
922.0,6.0,6.0,0.45353126525878906
122.0,1.0,1.0,0.06027698516845703
383.0,12.0,12.0,0.18895649909973145
322.0,5.0,5.0,0.15146160125732422
375.0,7.0,7.0,0.20888805389404297
1084.0,18.0,18.0,0.5684924125671387
106.0,2.0,2.0,0.0487971305847168
310.0,6.0,6.0,0.1494278907775879
168.0,14.0,14.0,0.09114646911621094
201.0,4.0,4.0,0.11086201667785645
251.0,1.0,1.0,0.12159347534179688
692.0,3.0,3.0,0.35300707817077637
309.0,8.0,8.0,0.160538911819458
148.0,7.0,7.0,0.07398605346679688
147.0,2.0,2.0,0.07372665405273438
1318.0,10.0,10.0,0.6552906036376953
259.0,4.0,4.0,0.12254095077514648
74.0,0.0,0.0,0.036293983459472656
215.0,7.0,7.0,0.10286283493041992
753.0,9.0,9.0,0.36264991760253906
405.0,5.0,5.0,0.198944091796875
121.0,3.0,3.0,0.0587770938873291
340.0,12.0,12.0,0.16681361198425293
60.0,6.0,6.0,0.029755592346191406
135.0,0.0,0.0,0.06499791145324707
205.0,16.0,16.0,0.09766697883605957
766.0,11.0,11.0,0.3750607967376709
853.0,17.0,17.0,0.42806434631347656
536.0,4.0,4.0,0.26326632499694824
966.0,9.0,9.0,0.4837474822998047
444.0,11.0,11.0,0.21480369567871094
1442.0,13.0,13.0,0.6969172954559326
56.0,1.0,1.0,0.027391433715820312
151.0,4.0,4.0,0.0749969482421875
258.0,0.0,0.0,0.1231698989868164
177.0,9.0,9.0,0.08480954170227051
1312.0,15.0,15.0,0.6672697067260742
531.0,3.0,3.0,0.25441694259643555
736.0,6.0,6.0,0.3519773483276367
461.0,9.0,9.0,0.22241497039794922
866.0,6.0,6.0,0.4224128723144531
178.0,6.0,6.0,0.08896970748901367
42.0,0.0,0.0,0.022095918655395508
1227.0,10.0,10.0,0.6160192489624023
304.0,1.0,1.0,0.1454625129699707
110.0,1.0,1.0,0.05571103096008301
273.0,3.0,3.0,0.13869380950927734
43.0,0.0,0.0,0.022405624389648438
340.0,8.0,8.0,0.16247081756591797
659.0,5.0,5.0,0.3185570240020752
361.0,2.0,2.0,0.17703723907470703
983.0,11.0,11.0,0.4813103675842285
95.0,2.0,2.0,0.04672694206237793
368.0,11.0,11.0,0.17745399475097656
275.0,1.0,1.0,0.13983154296875
693.0,11.0,11.0,0.35308003425598145
627.0,6.0,6.0,0.33580803871154785
836.0,8.0,8.0,0.40836024284362793
517.0,8.0,8.0,0.24933314323425293
451.0,12.0,12.0,0.2243356704711914
116.0,6.0,6.0,0.0550532341003418
214.0,2.0,2.0,0.10016632080078125
310.0,4.0,4.0,0.14822053909301758
220.0,3.0,3.0,0.10615944862365723
637.0,6.0,6.0,0.336651086807251
1227.0,10.0,10.0,0.5934510231018066
357.0,1.0,1.0,0.17267155647277832
393.0,0.0,0.0,0.19043326377868652
1530.0,17.0,17.0,0.7392873764038086
1682.0,5.0,5.0,0.9315826892852783
145.0,0.0,0.0,0.07739567756652832
1171.0,12.0,12.0,0.6179904937744141
182.0,2.0,2.0,0.10214972496032715
162.0,13.0,13.0,0.0775444507598877
70.0,0.0,0.0,0.03411436080932617
382.0,6.0,6.0,0.24542951583862305
515.0,5.0,5.0,0.2648179531097412
89.0,2.0,2.0,0.04195141792297363
63.0,3.0,3.0,0.031055688858032227
579.0,7.0,7.0,0.2817978858947754
340.0,2.0,2.0,0.16141676902770996
960.0,12.0,12.0,0.4632577896118164
266.0,4.0,4.0,0.1334068775177002
166.0,5.0,5.0,0.07950234413146973
240.0,5.0,5.0,0.1175222396850586
209.0,6.0,6.0,0.10128951072692871
350.0,3.0,3.0,0.1700913906097412
56.0,0.0,0.0,0.026061058044433594
88.0,3.0,3.0,0.04367232322692871
171.0,5.0,5.0,0.08306431770324707
105.0,3.0,3.0,0.05132913589477539
279.0,11.0,11.0,0.13251662254333496
60.0,6.0,6.0,0.02861809730529785
643.0,9.0,9.0,0.308185338973999
419.0,4.0,4.0,0.22469401359558105
407.0,9.0,9.0,0.19779276847839355
302.0,9.0,9.0,0.14465641975402832
482.0,8.0,8.0,0.2386157512664795
622.0,12.0,12.0,0.30515575408935547
563.0,5.0,5.0,0.2771017551422119
243.0,2.0,2.0,0.1184377670288086
577.0,2.0,2.0,0.2750356197357178
110.0,2.0,2.0,0.05168509483337402
398.0,1.0,1.0,0.1956923007965088
337.0,5.0,5.0,0.16169023513793945
251.0,2.0,2.0,0.11742806434631348
990.0,6.0,6.0,0.502147912979126
97.0,2.0,2.0,0.04845738410949707
990.0,6.0,6.0,0.47689318656921387
177.0,5.0,5.0,0.08616280555725098
1428.0,11.0,11.0,0.6889145374298096
49.0,0.0,0.0,0.023999452590942383
856.0,2.0,2.0,0.4329228401184082
438.0,7.0,7.0,0.2135467529296875
389.0,10.0,10.0,0.19005084037780762
107.0,1.0,1.0,0.05301547050476074
289.0,8.0,8.0,0.1384115219116211
158.0,1.0,1.0,0.07666325569152832
513.0,25.0,25.0,0.2610666751861572
234.0,7.0,7.0,0.11463522911071777
210.0,2.0,2.0,0.10388827323913574
133.0,2.0,2.0,0.06632089614868164
166.0,8.0,8.0,0.09006786346435547
688.0,7.0,7.0,0.36243152618408203
1090.0,8.0,8.0,0.5757148265838623
140.0,7.0,7.0,0.06535625457763672
115.0,1.0,1.0,0.05454826354980469
258.0,6.0,6.0,0.12565398216247559
1016.0,13.0,13.0,0.4959089756011963
651.0,13.0,13.0,0.3149864673614502
136.0,4.0,4.0,0.06575179100036621
1061.0,5.0,5.0,0.5074276924133301
151.0,4.0,4.0,0.0735018253326416
1125.0,19.0,19.0,0.5734882354736328
224.0,15.0,15.0,0.10452938079833984
244.0,6.0,6.0,0.11767435073852539
131.0,4.0,4.0,0.06280159950256348
888.0,22.0,22.0,0.43090128898620605
211.0,9.0,9.0,0.09976911544799805
383.0,5.0,5.0,0.1834423542022705
145.0,1.0,1.0,0.07243466377258301
148.0,7.0,7.0,0.07181024551391602
284.0,4.0,4.0,0.1371288299560547
464.0,8.0,8.0,0.22750043869018555
627.0,0.0,0.0,0.31287050247192383
244.0,9.0,9.0,0.11536192893981934
129.0,6.0,6.0,0.07975196838378906
99.0,2.0,2.0,0.05055975914001465
501.0,9.0,9.0,0.2400684356689453
76.0,5.0,5.0,0.037164926528930664
972.0,9.0,9.0,0.49591994285583496
149.0,5.0,5.0,0.09307098388671875
164.0,6.0,6.0,0.09815263748168945
846.0,6.0,6.0,0.4570448398590088
189.0,3.0,3.0,0.09681200981140137
71.0,1.0,1.0,0.05201005935668945
204.0,11.0,11.0,0.09941768646240234
457.0,3.0,3.0,0.23191285133361816
959.0,14.0,14.0,0.5016155242919922
140.0,5.0,5.0,0.08219695091247559
89.0,0.0,0.0,0.051751136779785156
207.0,1.0,1.0,0.11230301856994629
595.0,14.0,14.0,0.2917943000793457
130.0,5.0,5.0,0.06217312812805176
212.0,6.0,6.0,0.10248732566833496
551.0,6.0,6.0,0.26819920539855957
119.0,3.0,3.0,0.05526471138000488
191.0,7.0,7.0,0.10079383850097656
599.0,4.0,4.0,0.2923717498779297
153.0,6.0,6.0,0.07453346252441406
678.0,15.0,15.0,0.32695794105529785
145.0,1.0,1.0,0.08841085433959961
562.0,4.0,4.0,0.2788064479827881
267.0,1.0,1.0,0.12906837463378906
1346.0,23.0,23.0,0.6475448608398438
338.0,6.0,6.0,0.1658480167388916
43.0,4.0,4.0,0.021193981170654297
81.0,3.0,3.0,0.03874564170837402
1343.0,15.0,15.0,0.644606351852417
163.0,0.0,0.0,0.07619047164916992
861.0,10.0,10.0,0.43683457374572754
99.0,4.0,4.0,0.05727338790893555
175.0,7.0,7.0,0.08840394020080566
618.0,4.0,4.0,0.29274845123291016
218.0,2.0,2.0,0.10419774055480957
324.0,7.0,7.0,0.15923714637756348
240.0,14.0,14.0,0.11863183975219727
916.0,10.0,10.0,0.4391438961029053
374.0,13.0,13.0,0.1769399642944336
210.0,4.0,4.0,0.10115170478820801
143.0,4.0,4.0,0.06985974311828613
163.0,3.0,3.0,0.07963132858276367
1228.0,17.0,17.0,0.6195001602172852
170.0,3.0,3.0,0.08063149452209473
110.0,13.0,13.0,0.0526270866394043
235.0,7.0,7.0,0.11163163185119629
1096.0,12.0,12.0,0.5286686420440674
1726.0,6.0,6.0,0.8290352821350098
227.0,0.0,0.0,0.11798858642578125
1310.0,9.0,9.0,0.6530909538269043
101.0,0.0,0.0,0.05162668228149414
394.0,10.0,10.0,0.18967366218566895
86.0,2.0,2.0,0.04158520698547363
698.0,7.0,7.0,0.3318908214569092
102.0,2.0,2.0,0.04864788055419922
247.0,6.0,6.0,0.11763167381286621
208.0,4.0,4.0,0.10215640068054199
469.0,13.0,13.0,0.2262589931488037
178.0,11.0,11.0,0.08762764930725098
145.0,3.0,3.0,0.06963157653808594
602.0,17.0,17.0,0.30712294578552246
672.0,15.0,15.0,0.32637453079223633
436.0,5.0,5.0,0.21630120277404785
128.0,4.0,4.0,0.0615842342376709
128.0,6.0,6.0,0.06265544891357422
1513.0,10.0,10.0,0.7324020862579346
263.0,6.0,6.0,0.12563204765319824
344.0,7.0,7.0,0.16426467895507812
766.0,8.0,8.0,0.36652255058288574
327.0,10.0,10.0,0.1790173053741455
98.0,4.0,4.0,0.048030853271484375
56.0,2.0,2.0,0.02924323081970215
661.0,6.0,6.0,0.3213315010070801
317.0,6.0,6.0,0.1535179615020752
807.0,8.0,8.0,0.38951802253723145
139.0,1.0,1.0,0.06763172149658203
1632.0,20.0,20.0,0.8860061168670654
573.0,5.0,5.0,0.35640621185302734
472.0,4.0,4.0,0.2374582290649414
163.0,3.0,3.0,0.07687211036682129
152.0,8.0,8.0,0.08298897743225098
205.0,7.0,7.0,0.09873294830322266
357.0,4.0,4.0,0.1784377098083496
515.0,12.0,12.0,0.2892794609069824
261.0,3.0,3.0,0.13685274124145508
402.0,4.0,4.0,0.1954958438873291
119.0,6.0,6.0,0.058626651763916016
459.0,5.0,5.0,0.22861027717590332
673.0,8.0,8.0,0.3329324722290039
83.0,7.0,7.0,0.03958487510681152
476.0,3.0,3.0,0.2633674144744873
199.0,5.0,5.0,0.09645533561706543
107.0,4.0,4.0,0.05058455467224121
284.0,4.0,4.0,0.13563203811645508
158.0,2.0,2.0,0.07562661170959473
426.0,5.0,5.0,0.2072584629058838
98.0,3.0,3.0,0.045632362365722656
852.0,7.0,7.0,0.4120018482208252
1182.0,17.0,17.0,0.5681920051574707
947.0,6.0,6.0,0.48251843452453613
349.0,6.0,6.0,0.1692514419555664
625.0,8.0,8.0,0.3029768466949463
321.0,0.0,0.0,0.16128301620483398
163.0,5.0,5.0,0.08060765266418457
263.0,13.0,13.0,0.12801241874694824
182.0,5.0,5.0,0.08762693405151367
314.0,8.0,8.0,0.15063190460205078
68.0,3.0,3.0,0.032627105712890625
48.0,7.0,7.0,0.023000001907348633
325.0,11.0,11.0,0.15867376327514648
896.0,4.0,4.0,0.4559311866760254
761.0,12.0,12.0,0.3815114498138428
809.0,17.0,17.0,0.40561842918395996
1667.0,24.0,24.0,0.8093812465667725
280.0,3.0,3.0,0.13463163375854492
82.0,3.0,3.0,0.04002642631530762
294.0,10.0,10.0,0.1456303596496582
502.0,4.0,4.0,0.2441883087158203
55.0,0.0,0.0,0.026999950408935547
553.0,7.0,7.0,0.26602888107299805
297.0,6.0,6.0,0.20113110542297363
176.0,4.0,4.0,0.08373737335205078
465.0,8.0,8.0,0.22281384468078613
248.0,6.0,6.0,0.11863160133361816
602.0,6.0,6.0,0.29788684844970703
219.0,1.0,1.0,0.11063790321350098
141.0,3.0,3.0,0.06762838363647461
218.0,9.0,9.0,0.10755467414855957
1108.0,8.0,8.0,0.5345938205718994
110.0,11.0,11.0,0.0508723258972168
97.0,5.0,5.0,0.04800009727478027
416.0,14.0,14.0,0.20325875282287598
161.0,2.0,2.0,0.07662773132324219
255.0,7.0,7.0,0.12365984916687012
422.0,6.0,6.0,0.23045897483825684
582.0,11.0,11.0,0.28311824798583984
432.0,1.0,1.0,0.2092592716217041
135.0,0.0,0.0,0.06499981880187988
810.0,10.0,10.0,0.39351701736450195
221.0,2.0,2.0,0.10763168334960938
190.0,7.0,7.0,0.09062814712524414
895.0,10.0,10.0,0.43628883361816406
361.0,7.0,7.0,0.17606139183044434
66.0,5.0,5.0,0.03158926963806152
195.0,0.0,0.0,0.0936269760131836
251.0,4.0,4.0,0.14050579071044922
438.0,9.0,9.0,0.21628808975219727
852.0,10.0,10.0,0.41455936431884766
481.0,4.0,4.0,0.23937153816223145
753.0,15.0,15.0,0.3644726276397705
308.0,6.0,6.0,0.14763236045837402
172.0,2.0,2.0,0.0806276798248291
61.0,3.0,3.0,0.029999732971191406
448.0,4.0,4.0,0.21753382682800293
571.0,5.0,5.0,0.30771565437316895
339.0,12.0,12.0,0.20815396308898926
461.0,3.0,3.0,0.24958133697509766
308.0,4.0,4.0,0.1792595386505127
323.0,4.0,4.0,0.18171310424804688
124.0,9.0,9.0,0.05809473991394043
555.0,6.0,6.0,0.2957298755645752
136.0,2.0,2.0,0.06908178329467773
875.0,13.0,13.0,0.4916675090789795
747.0,10.0,10.0,0.3807387351989746
230.0,5.0,5.0,0.1138772964477539
316.0,2.0,2.0,0.17586541175842285
545.0,11.0,11.0,0.26088619232177734
442.0,10.0,10.0,0.21941471099853516
917.0,10.0,10.0,0.4445171356201172
262.0,3.0,3.0,0.12563109397888184
196.0,7.0,7.0,0.0936272144317627
730.0,15.0,15.0,0.347930908203125
881.0,11.0,11.0,0.43535327911376953
741.0,8.0,8.0,0.38249778747558594
650.0,21.0,21.0,0.3081207275390625
303.0,16.0,16.0,0.1476888656616211
931.0,15.0,15.0,0.4540271759033203
163.0,9.0,9.0,0.08063220977783203
62.0,6.0,6.0,0.029999494552612305
52.0,1.0,1.0,0.02504277229309082
108.0,4.0,4.0,0.051584720611572266
266.0,1.0,1.0,0.1266317367553711
320.0,1.0,1.0,0.15225911140441895
205.0,5.0,5.0,0.09962677955627441
82.0,2.0,2.0,0.04156041145324707
987.0,12.0,12.0,0.5012655258178711
173.0,1.0,1.0,0.09002447128295898
344.0,4.0,4.0,0.1694016456604004
170.0,12.0,12.0,0.07962703704833984
216.0,3.0,3.0,0.10463261604309082
457.0,15.0,15.0,0.21859478950500488
271.0,1.0,1.0,0.13362741470336914
1181.0,8.0,8.0,0.572190523147583
372.0,7.0,7.0,0.1787867546081543
263.0,8.0,8.0,0.13762784004211426
304.0,5.0,5.0,0.1544651985168457
610.0,7.0,7.0,0.31467199325561523
391.0,7.0,7.0,0.19577455520629883
452.0,14.0,14.0,0.21572160720825195
304.0,9.0,9.0,0.1452648639678955
189.0,5.0,5.0,0.09272623062133789
329.0,4.0,4.0,0.15963125228881836
89.0,0.0,0.0,0.04262709617614746
115.0,6.0,6.0,0.05499982833862305
83.0,2.0,2.0,0.039632320404052734
167.0,2.0,2.0,0.08104205131530762
92.0,0.0,0.0,0.04594850540161133
278.0,5.0,5.0,0.13463115692138672
194.0,4.0,4.0,0.09415102005004883
920.0,10.0,10.0,0.44614481925964355
880.0,16.0,16.0,0.45113563537597656
704.0,14.0,14.0,0.3397855758666992
2068.0,14.0,14.0,0.9989187717437744
68.0,6.0,6.0,0.032000064849853516
64.0,2.0,2.0,0.03200030326843262
271.0,1.0,1.0,0.13141918182373047
297.0,5.0,5.0,0.1438615322113037
410.0,5.0,5.0,0.19866013526916504
152.0,3.0,3.0,0.0806272029876709
558.0,8.0,8.0,0.3005177974700928
1019.0,23.0,23.0,0.5208072662353516
336.0,7.0,7.0,0.1772596836090088
343.0,15.0,15.0,0.17471575736999512
493.0,6.0,6.0,0.23929286003112793
685.0,1.0,1.0,0.3415207862854004
196.0,10.0,10.0,0.09463119506835938
685.0,7.0,7.0,0.33341550827026367
357.0,3.0,3.0,0.18725943565368652
171.0,3.0,3.0,0.09317469596862793
591.0,8.0,8.0,0.3055436611175537
83.0,1.0,1.0,0.05099987983703613
70.0,6.0,6.0,0.042585134506225586
186.0,2.0,2.0,0.09116649627685547
730.0,12.0,12.0,0.36568617820739746
329.0,7.0,7.0,0.17024874687194824
378.0,3.0,3.0,0.18904757499694824
418.0,5.0,5.0,0.2219376564025879
346.0,13.0,13.0,0.17478132247924805
320.0,4.0,4.0,0.1640787124633789
66.0,0.0,0.0,0.03316235542297363
340.0,1.0,1.0,0.17597413063049316
153.0,5.0,5.0,0.08893108367919922
915.0,19.0,19.0,0.4546685218811035
142.0,4.0,4.0,0.06862688064575195
45.0,2.0,2.0,0.020999908447265625
79.0,5.0,5.0,0.037631988525390625
205.0,3.0,3.0,0.09964919090270996
294.0,9.0,9.0,0.1436316967010498
650.0,8.0,8.0,0.31988525390625
232.0,0.0,0.0,0.10967397689819336
1166.0,14.0,14.0,0.56209397315979
197.0,8.0,8.0,0.0999305248260498
127.0,11.0,11.0,0.06463170051574707
138.0,8.0,8.0,0.06906676292419434
77.0,3.0,3.0,0.03658580780029297
162.0,5.0,5.0,0.08308124542236328
1461.0,13.0,13.0,0.7138350009918213
403.0,6.0,6.0,0.1982591152191162
39.0,0.0,0.0,0.017999887466430664
247.0,5.0,5.0,0.11663174629211426
117.0,6.0,6.0,0.056627511978149414
1064.0,7.0,7.0,0.5081479549407959
318.0,3.0,3.0,0.1549227237701416
328.0,6.0,6.0,0.15574026107788086
491.0,10.0,10.0,0.24214625358581543
913.0,5.0,5.0,0.4542994499206543
212.0,1.0,1.0,0.10363245010375977
262.0,14.0,14.0,0.1276702880859375
645.0,10.0,10.0,0.31026411056518555
80.0,1.0,1.0,0.03804492950439453
211.0,6.0,6.0,0.10515236854553223
266.0,3.0,3.0,0.12963175773620605
126.0,2.0,2.0,0.06262660026550293
1244.0,13.0,13.0,0.6017768383026123
609.0,13.0,13.0,0.31461572647094727
221.0,9.0,9.0,0.11381769180297852
1131.0,9.0,9.0,0.5435645580291748
227.0,0.0,0.0,0.10662674903869629
1200.0,5.0,5.0,0.5786116123199463
74.0,1.0,1.0,0.03600001335144043
140.0,3.0,3.0,0.06862711906433105
84.0,3.0,3.0,0.039999961853027344
126.0,2.0,2.0,0.06284117698669434
503.0,4.0,4.0,0.24125933647155762
454.0,7.0,7.0,0.22430133819580078
472.0,10.0,10.0,0.2532835006713867
465.0,3.0,3.0,0.22139239311218262
213.0,5.0,5.0,0.10338640213012695
210.0,8.0,8.0,0.1026315689086914
826.0,15.0,15.0,0.40004491806030273
105.0,0.0,0.0,0.052632808685302734
477.0,20.0,20.0,0.23025870323181152
101.0,1.0,1.0,0.04762887954711914
58.0,0.0,0.0,0.026999473571777344
196.0,4.0,4.0,0.09163141250610352
516.0,12.0,12.0,0.24830079078674316
428.0,8.0,8.0,0.20613646507263184
40.0,0.0,0.0,0.018999814987182617
449.0,3.0,3.0,0.21878290176391602
330.0,5.0,5.0,0.18377327919006348
245.0,3.0,3.0,0.11588454246520996
275.0,5.0,5.0,0.13163113594055176
314.0,0.0,0.0,0.14925861358642578
1648.0,13.0,13.0,0.7839131355285645
138.0,9.0,9.0,0.06600022315979004
126.0,5.0,5.0,0.05962657928466797
102.0,3.0,3.0,0.05004239082336426
186.0,3.0,3.0,0.09215593338012695
355.0,9.0,9.0,0.17177248001098633
257.0,0.0,0.0,0.11962699890136719
745.0,8.0,8.0,0.3837916851043701
969.0,19.0,19.0,0.46941590309143066
997.0,11.0,11.0,0.5034103393554688
307.0,2.0,2.0,0.23940229415893555
586.0,6.0,6.0,0.2767021656036377
496.0,10.0,10.0,0.2827167510986328
349.0,7.0,7.0,0.16376376152038574
38.0,0.0,0.0,0.020243167877197266
472.0,6.0,6.0,0.26685142517089844
323.0,13.0,13.0,0.17673778533935547
500.0,6.0,6.0,0.2728440761566162
99.0,8.0,8.0,0.06463313102722168
446.0,6.0,6.0,0.24269604682922363
427.0,8.0,8.0,0.22506928443908691
92.0,0.0,0.0,0.043329715728759766
729.0,5.0,5.0,0.3529624938964844
312.0,4.0,4.0,0.1512162685394287
568.0,6.0,6.0,0.27838659286499023
273.0,12.0,12.0,0.13097691535949707
405.0,8.0,8.0,0.21715331077575684
498.0,4.0,4.0,0.23790192604064941
139.0,4.0,4.0,0.06507635116577148
286.0,4.0,4.0,0.13921642303466797
970.0,9.0,9.0,0.465834379196167
136.0,4.0,4.0,0.06758546829223633
69.0,6.0,6.0,0.033042192459106445
377.0,2.0,2.0,0.18267059326171875
666.0,3.0,3.0,0.3209352493286133
503.0,4.0,4.0,0.24025869369506836
92.0,2.0,2.0,0.044042110443115234
108.0,3.0,3.0,0.0515894889831543
148.0,6.0,6.0,0.07162690162658691
384.0,2.0,2.0,0.1962599754333496
337.0,6.0,6.0,0.17350006103515625
97.0,4.0,4.0,0.04555010795593262
292.0,6.0,6.0,0.1396317481994629
992.0,8.0,8.0,0.478670597076416
87.0,3.0,3.0,0.04362630844116211
295.0,4.0,4.0,0.15963172912597656
615.0,4.0,4.0,0.3076496124267578
517.0,12.0,12.0,0.2515530586242676
923.0,18.0,18.0,0.4524047374725342
245.0,6.0,6.0,0.13458657264709473
695.0,6.0,6.0,0.3449411392211914
326.0,16.0,16.0,0.1572585105895996
462.0,6.0,6.0,0.2257399559020996
186.0,3.0,3.0,0.08862733840942383
308.0,9.0,9.0,0.1476736068725586
685.0,3.0,3.0,0.34200263023376465
154.0,6.0,6.0,0.07363295555114746
194.0,6.0,6.0,0.09362673759460449
452.0,4.0,4.0,0.2172529697418213
61.0,5.0,5.0,0.028999805450439453
255.0,4.0,4.0,0.12263131141662598
248.0,2.0,2.0,0.11925888061523438
616.0,6.0,6.0,0.3181643486022949
950.0,21.0,21.0,0.46756720542907715
305.0,17.0,17.0,0.14621663093566895
770.0,15.0,15.0,0.37651729583740234
201.0,3.0,3.0,0.09963178634643555
136.0,3.0,3.0,0.06604218482971191
1160.0,19.0,19.0,0.5505213737487793
189.0,0.0,0.0,0.09063172340393066
627.0,16.0,16.0,0.32073116302490234
774.0,9.0,9.0,0.37210893630981445
115.0,0.0,0.0,0.053999900817871094
508.0,2.0,2.0,0.25217270851135254
458.0,10.0,10.0,0.2207784652709961
88.0,0.0,0.0,0.04163169860839844
262.0,0.0,0.0,0.12662672996520996
168.0,0.0,0.0,0.08357071876525879
144.0,8.0,8.0,0.07004213333129883
277.0,8.0,8.0,0.1322157382965088
359.0,9.0,9.0,0.1755220890045166
376.0,3.0,3.0,0.17963123321533203
192.0,2.0,2.0,0.09362959861755371
254.0,1.0,1.0,0.12456488609313965
171.0,5.0,5.0,0.08104252815246582
315.0,6.0,6.0,0.17309951782226562
338.0,8.0,8.0,0.16762042045593262
832.0,14.0,14.0,0.4058237075805664
148.0,2.0,2.0,0.0706326961517334
209.0,6.0,6.0,0.10062742233276367
361.0,11.0,11.0,0.18067455291748047
555.0,16.0,16.0,0.2661595344543457
429.0,14.0,14.0,0.2131662368774414
333.0,7.0,7.0,0.1613936424255371
181.0,6.0,6.0,0.1005558967590332
256.0,10.0,10.0,0.14867401123046875
369.0,2.0,2.0,0.19484448432922363
113.0,0.0,0.0,0.05950808525085449
855.0,8.0,8.0,0.4645042419433594
1287.0,16.0,16.0,0.6914527416229248
500.0,15.0,15.0,0.26241612434387207
97.0,13.0,13.0,0.04813981056213379
279.0,8.0,8.0,0.13329815864562988
372.0,4.0,4.0,0.181257963180542
296.0,3.0,3.0,0.14719343185424805
94.0,4.0,4.0,0.04758477210998535
39.0,4.0,4.0,0.018999814987182617
840.0,6.0,6.0,0.4405524730682373
635.0,4.0,4.0,0.30692362785339355
284.0,7.0,7.0,0.13837814331054688
181.0,7.0,7.0,0.08548164367675781
210.0,4.0,4.0,0.10043001174926758
334.0,4.0,4.0,0.16325902938842773
216.0,6.0,6.0,0.10415530204772949
485.0,5.0,5.0,0.2372117042541504
1113.0,17.0,17.0,0.5354194641113281
96.0,5.0,5.0,0.04692411422729492
823.0,15.0,15.0,0.4345669746398926
211.0,7.0,7.0,0.10115480422973633
291.0,3.0,3.0,0.1402585506439209
310.0,0.0,0.0,0.15563106536865234
517.0,14.0,14.0,0.2598857879638672
147.0,2.0,2.0,0.07063126564025879
951.0,12.0,12.0,0.4588193893432617
261.0,3.0,3.0,0.1239783763885498
116.0,8.0,8.0,0.06058979034423828
112.0,2.0,2.0,0.059156179428100586
208.0,6.0,6.0,0.09962725639343262
683.0,3.0,3.0,0.3298914432525635
650.0,10.0,10.0,0.3400254249572754
165.0,3.0,3.0,0.0831003189086914
198.0,6.0,6.0,0.09563136100769043
117.0,4.0,4.0,0.05662655830383301
73.0,2.0,2.0,0.034999847412109375
77.0,2.0,2.0,0.03763175010681152
171.0,1.0,1.0,0.08204197883605957
346.0,7.0,7.0,0.16956043243408203
205.0,1.0,1.0,0.10262846946716309
237.0,4.0,4.0,0.11263108253479004
542.0,6.0,6.0,0.263843297958374
41.0,4.0,4.0,0.020000219345092773
462.0,6.0,6.0,0.22230052947998047
1805.0,26.0,26.0,0.915550708770752
224.0,4.0,4.0,0.1080930233001709
253.0,1.0,1.0,0.13163137435913086
772.0,15.0,15.0,0.3768177032470703
291.0,0.0,0.0,0.14262819290161133
117.0,6.0,6.0,0.060631513595581055
1117.0,9.0,9.0,0.5528049468994141
324.0,13.0,13.0,0.15508818626403809
293.0,4.0,4.0,0.13966917991638184
109.0,3.0,3.0,0.05258941650390625
83.0,2.0,2.0,0.040042877197265625
197.0,0.0,0.0,0.09591031074523926
308.0,10.0,10.0,0.16109108924865723
577.0,1.0,1.0,0.28954291343688965
429.0,2.0,2.0,0.21770620346069336
50.0,0.0,0.0,0.024002790451049805
271.0,3.0,3.0,0.13201212882995605
834.0,5.0,5.0,0.40851616859436035
251.0,5.0,5.0,0.11862754821777344
681.0,7.0,7.0,0.32750582695007324
1004.0,15.0,15.0,0.483684778213501
338.0,8.0,8.0,0.1735672950744629
163.0,3.0,3.0,0.08959484100341797
71.0,3.0,3.0,0.03702735900878906
216.0,3.0,3.0,0.1096036434173584
243.0,4.0,4.0,0.12127113342285156
145.0,8.0,8.0,0.06999993324279785
363.0,11.0,11.0,0.17425847053527832
155.0,6.0,6.0,0.07900547981262207
731.0,5.0,5.0,0.3873116970062256
415.0,8.0,8.0,0.20897579193115234
171.0,8.0,8.0,0.0839853286743164
160.0,4.0,4.0,0.07788562774658203
620.0,9.0,9.0,0.2990114688873291
146.0,2.0,2.0,0.069091796875
68.0,2.0,2.0,0.032529354095458984
84.0,3.0,3.0,0.04203343391418457
183.0,2.0,2.0,0.09539079666137695
165.0,3.0,3.0,0.08247971534729004
172.0,1.0,1.0,0.10395550727844238
194.0,0.0,0.0,0.10393404960632324
95.0,9.0,9.0,0.04738759994506836
255.0,3.0,3.0,0.12779593467712402
171.0,5.0,5.0,0.10125088691711426
482.0,8.0,8.0,0.26303839683532715
581.0,7.0,7.0,0.3121185302734375
154.0,9.0,9.0,0.08404064178466797
550.0,3.0,3.0,0.270885705947876
479.0,10.0,10.0,0.22970962524414062
479.0,11.0,11.0,0.2516632080078125
116.0,0.0,0.0,0.062444210052490234
125.0,2.0,2.0,0.06147909164428711
72.0,1.0,1.0,0.035971879959106445
409.0,15.0,15.0,0.20386528968811035
94.0,2.0,2.0,0.054084062576293945
304.0,2.0,2.0,0.1643972396850586
211.0,0.0,0.0,0.10094141960144043
1360.0,9.0,9.0,0.6722621917724609
1471.0,13.0,13.0,0.7139241695404053
492.0,4.0,4.0,0.24480056762695312
413.0,2.0,2.0,0.19539737701416016
524.0,2.0,2.0,0.27768683433532715
901.0,16.0,16.0,0.4389681816101074
74.0,7.0,7.0,0.034584760665893555
903.0,15.0,15.0,0.4696695804595947
218.0,5.0,5.0,0.10250163078308105
425.0,4.0,4.0,0.20114970207214355
409.0,8.0,8.0,0.19624614715576172
114.0,2.0,2.0,0.05401778221130371
201.0,1.0,1.0,0.09790301322937012
65.0,2.0,2.0,0.03104233741760254
341.0,4.0,4.0,0.16541743278503418
1449.0,11.0,11.0,0.7330977916717529
107.0,6.0,6.0,0.05258917808532715
499.0,16.0,16.0,0.2392585277557373
286.0,8.0,8.0,0.13921642303466797
102.0,1.0,1.0,0.048999786376953125
654.0,8.0,8.0,0.3172914981842041
196.0,1.0,1.0,0.09363150596618652
223.0,5.0,5.0,0.11121630668640137
318.0,4.0,4.0,0.15515637397766113
912.0,9.0,9.0,0.44100427627563477
296.0,3.0,3.0,0.1542677879333496
139.0,5.0,5.0,0.06707906723022461
172.0,5.0,5.0,0.08266377449035645
193.0,1.0,1.0,0.09462666511535645
74.0,4.0,4.0,0.03907203674316406
290.0,9.0,9.0,0.15165972709655762
134.0,2.0,2.0,0.06174755096435547
341.0,5.0,5.0,0.16292428970336914
195.0,3.0,3.0,0.09579324722290039
118.0,2.0,2.0,0.057047128677368164
89.0,6.0,6.0,0.04358506202697754
333.0,10.0,10.0,0.1586742401123047
500.0,13.0,13.0,0.24684453010559082
78.0,10.0,10.0,0.04004240036010742
63.0,5.0,5.0,0.03158974647521973
290.0,3.0,3.0,0.13910150527954102
237.0,3.0,3.0,0.11215782165527344
224.0,3.0,3.0,0.10963225364685059
52.0,0.0,0.0,0.026584863662719727
73.0,0.0,0.0,0.03499960899353027
437.0,8.0,8.0,0.21725940704345703
564.0,9.0,9.0,0.2932732105255127
111.0,1.0,1.0,0.05363154411315918
192.0,3.0,3.0,0.09962701797485352
140.0,1.0,1.0,0.06602191925048828
644.0,9.0,9.0,0.3082849979400635
312.0,11.0,11.0,0.14963173866271973
130.0,2.0,2.0,0.06305766105651855
577.0,8.0,8.0,0.27630090713500977
425.0,1.0,1.0,0.20437192916870117
105.0,5.0,5.0,0.05099964141845703
52.0,0.0,0.0,0.02700018882751465
126.0,3.0,3.0,0.060631513595581055
63.0,4.0,4.0,0.029000043869018555
132.0,5.0,5.0,0.06462693214416504
55.0,0.0,0.0,0.026000022888183594
277.0,0.0,0.0,0.14679813385009766
777.0,4.0,4.0,0.4017162322998047
368.0,1.0,1.0,0.18155932426452637
225.0,11.0,11.0,0.11063289642333984
186.0,4.0,4.0,0.08962750434875488
357.0,4.0,4.0,0.17839741706848145
252.0,0.0,0.0,0.12188839912414551
56.0,2.0,2.0,0.026999950408935547
375.0,6.0,6.0,0.18025851249694824
700.0,11.0,11.0,0.3398864269256592
115.0,1.0,1.0,0.05663156509399414
189.0,0.0,0.0,0.09662699699401855
270.0,7.0,7.0,0.1341407299041748
288.0,9.0,9.0,0.13933968544006348
666.0,9.0,9.0,0.32445502281188965
83.0,7.0,7.0,0.03999948501586914
421.0,3.0,3.0,0.23154664039611816
94.0,1.0,1.0,0.04581713676452637
236.0,6.0,6.0,0.11273860931396484
173.0,3.0,3.0,0.0875844955444336
366.0,10.0,10.0,0.20336604118347168
531.0,5.0,5.0,0.3028900623321533
610.0,4.0,4.0,0.3439054489135742
1662.0,21.0,21.0,0.8746330738067627
1066.0,8.0,8.0,0.5565323829650879
169.0,3.0,3.0,0.08128952980041504
172.0,5.0,5.0,0.08263182640075684
411.0,11.0,11.0,0.19725775718688965
532.0,9.0,9.0,0.2562587261199951
444.0,7.0,7.0,0.2148447036743164
411.0,8.0,8.0,0.19768810272216797
246.0,7.0,7.0,0.1213216781616211
214.0,2.0,2.0,0.1085958480834961
200.0,4.0,4.0,0.10586667060852051
556.0,11.0,11.0,0.2652149200439453
92.0,0.0,0.0,0.0443568229675293
219.0,4.0,4.0,0.11491584777832031
470.0,11.0,11.0,0.22569990158081055
214.0,2.0,2.0,0.10263204574584961
244.0,5.0,5.0,0.1329801082611084
1021.0,7.0,7.0,0.49454689025878906
67.0,6.0,6.0,0.03200030326843262
355.0,4.0,4.0,0.17125916481018066
569.0,7.0,7.0,0.27889156341552734
114.0,1.0,1.0,0.05408644676208496
1185.0,18.0,18.0,0.5738241672515869
434.0,6.0,6.0,0.21717453002929688
289.0,3.0,3.0,0.1388857364654541
68.0,0.0,0.0,0.03400015830993652
677.0,6.0,6.0,0.32788658142089844
163.0,6.0,6.0,0.08363175392150879
91.0,5.0,5.0,0.04762721061706543
767.0,5.0,5.0,0.36531496047973633
177.0,4.0,4.0,0.0826270580291748
529.0,6.0,6.0,0.25689053535461426
130.0,9.0,9.0,0.06199979782104492
511.0,15.0,15.0,0.24288558959960938
170.0,4.0,4.0,0.08163166046142578
535.0,12.0,12.0,0.2811088562011719
130.0,1.0,1.0,0.06582331657409668
99.0,0.0,0.0,0.04800295829772949
415.0,7.0,7.0,0.20029282569885254
194.0,1.0,1.0,0.09215617179870605
92.0,0.0,0.0,0.042999982833862305
637.0,6.0,6.0,0.30988621711730957
859.0,17.0,17.0,0.4165182113647461
382.0,2.0,2.0,0.18926000595092773
137.0,1.0,1.0,0.06763172149658203
165.0,6.0,6.0,0.07862710952758789
298.0,2.0,2.0,0.1436314582824707
51.0,0.0,0.0,0.02526259422302246
167.0,0.0,0.0,0.07963371276855469
542.0,3.0,3.0,0.25888538360595703
522.0,11.0,11.0,0.3538389205932617
120.0,2.0,2.0,0.05758476257324219
92.0,6.0,6.0,0.04404258728027344
1271.0,7.0,7.0,0.625870943069458
135.0,4.0,4.0,0.06604266166687012
1854.0,16.0,16.0,0.8926105499267578
595.0,5.0,5.0,0.3060789108276367
199.0,6.0,6.0,0.10768866539001465
272.0,14.0,14.0,0.1381385326385498
90.0,2.0,2.0,0.04214191436767578
102.0,1.0,1.0,0.04791378974914551
67.0,0.0,0.0,0.0320277214050293
198.0,6.0,6.0,0.09462690353393555
192.0,9.0,9.0,0.09063148498535156
556.0,14.0,14.0,0.2688920497894287
111.0,4.0,4.0,0.05200004577636719
377.0,8.0,8.0,0.1812586784362793
183.0,4.0,4.0,0.08663129806518555
73.0,0.0,0.0,0.036042213439941406
126.0,2.0,2.0,0.061585187911987305
533.0,9.0,9.0,0.25641345977783203
455.0,7.0,7.0,0.22125864028930664
315.0,1.0,1.0,0.1516735553741455
63.0,0.0,0.0,0.029584646224975586
248.0,1.0,1.0,0.12163138389587402
706.0,2.0,2.0,0.3739359378814697
164.0,5.0,5.0,0.07863497734069824
46.0,1.0,1.0,0.022044658660888672
463.0,7.0,7.0,0.22278189659118652
421.0,12.0,12.0,0.20525884628295898
649.0,9.0,9.0,0.34780383110046387
89.0,3.0,3.0,0.042000770568847656
694.0,12.0,12.0,0.38478541374206543
208.0,7.0,7.0,0.11663150787353516
119.0,3.0,3.0,0.07462692260742188
742.0,10.0,10.0,0.386523962020874
486.0,10.0,10.0,0.2860274314880371
74.0,0.0,0.0,0.04500007629394531
222.0,11.0,11.0,0.11463117599487305
69.0,4.0,4.0,0.03762650489807129
338.0,6.0,6.0,0.18567371368408203
782.0,5.0,5.0,0.4302401542663574
737.0,6.0,6.0,0.35123753547668457
1009.0,16.0,16.0,0.49833226203918457
753.0,12.0,12.0,0.3830389976501465
651.0,17.0,17.0,0.3355705738067627
99.0,7.0,7.0,0.06000041961669922
137.0,4.0,4.0,0.06908655166625977
439.0,13.0,13.0,0.213653564453125
503.0,6.0,6.0,0.2433018684387207
658.0,9.0,9.0,0.31941747665405273
205.0,2.0,2.0,0.1006317138671875
391.0,8.0,8.0,0.20023083686828613
1315.0,12.0,12.0,0.6561894416809082
149.0,7.0,7.0,0.07327055931091309
565.0,2.0,2.0,0.2748901844024658
609.0,13.0,13.0,0.29488611221313477
784.0,18.0,18.0,0.3808302879333496
232.0,4.0,4.0,0.10962724685668945
98.0,2.0,2.0,0.04799985885620117
77.0,1.0,1.0,0.03763079643249512
404.0,8.0,8.0,0.19866132736206055
52.0,2.0,2.0,0.02500009536743164
423.0,11.0,11.0,0.20125889778137207
264.0,4.0,4.0,0.12561941146850586
362.0,4.0,4.0,0.17670917510986328
259.0,1.0,1.0,0.14388394355773926
172.0,15.0,15.0,0.08461809158325195
239.0,2.0,2.0,0.11563539505004883
882.0,14.0,14.0,0.4230961799621582
990.0,12.0,12.0,0.476560115814209
63.0,0.0,0.0,0.03158926963806152
827.0,5.0,5.0,0.3990786075592041
451.0,8.0,8.0,0.216264009475708
326.0,1.0,1.0,0.1572589874267578
142.0,1.0,1.0,0.06999993324279785
429.0,12.0,12.0,0.23560810089111328
263.0,6.0,6.0,0.13126063346862793
301.0,9.0,9.0,0.14826583862304688
468.0,9.0,9.0,0.22678732872009277
199.0,3.0,3.0,0.09663152694702148
405.0,10.0,10.0,0.19826745986938477
450.0,15.0,15.0,0.22626757621765137
296.0,7.0,7.0,0.13967418670654297
189.0,5.0,5.0,0.09108781814575195
621.0,11.0,11.0,0.31187868118286133
181.0,6.0,6.0,0.09204244613647461
199.0,12.0,12.0,0.10370588302612305
186.0,6.0,6.0,0.09742999076843262
67.0,4.0,4.0,0.03479361534118652
538.0,6.0,6.0,0.2766387462615967
696.0,10.0,10.0,0.34050583839416504
446.0,1.0,1.0,0.21625876426696777
671.0,7.0,7.0,0.3339207172393799
137.0,2.0,2.0,0.06752300262451172
477.0,5.0,5.0,0.23089027404785156
328.0,6.0,6.0,0.15962791442871094
458.0,10.0,10.0,0.26268768310546875
682.0,14.0,14.0,0.33344388008117676
400.0,0.0,0.0,0.21700763702392578
426.0,4.0,4.0,0.21594738960266113
235.0,4.0,4.0,0.12163138389587402
212.0,3.0,3.0,0.11127138137817383
354.0,10.0,10.0,0.17618966102600098
477.0,7.0,7.0,0.23825907707214355
38.0,0.0,0.0,0.018042325973510742
372.0,5.0,5.0,0.18221616744995117
221.0,3.0,3.0,0.10463166236877441
561.0,13.0,13.0,0.2751579284667969
203.0,3.0,3.0,0.1000816822052002
864.0,5.0,5.0,0.436553955078125
581.0,8.0,8.0,0.3297557830810547
771.0,11.0,11.0,0.4018685817718506
1339.0,18.0,18.0,0.7393007278442383
178.0,2.0,2.0,0.08906269073486328
147.0,3.0,3.0,0.08770298957824707
381.0,5.0,5.0,0.1861882209777832
176.0,1.0,1.0,0.08463168144226074
264.0,4.0,4.0,0.12803101539611816
277.0,2.0,2.0,0.14889192581176758
87.0,3.0,3.0,0.04376649856567383
705.0,13.0,13.0,0.34622788429260254
66.0,1.0,1.0,0.030844449996948242
217.0,2.0,2.0,0.10319876670837402
653.0,8.0,8.0,0.3158900737762451
233.0,3.0,3.0,0.110931396484375
295.0,3.0,3.0,0.14431285858154297
172.0,6.0,6.0,0.08204245567321777
85.0,1.0,1.0,0.04004335403442383
68.0,0.0,0.0,0.03199958801269531
235.0,1.0,1.0,0.11419463157653809
465.0,7.0,7.0,0.2258436679840088
146.0,2.0,2.0,0.06904268264770508
1456.0,16.0,16.0,0.7291350364685059
89.0,6.0,6.0,0.04232168197631836
374.0,3.0,3.0,0.17658758163452148
1676.0,23.0,23.0,0.8108334541320801
408.0,8.0,8.0,0.19739055633544922
438.0,9.0,9.0,0.20844125747680664
711.0,6.0,6.0,0.345522403717041
662.0,10.0,10.0,0.34089112281799316
259.0,9.0,9.0,0.13794660568237305
207.0,6.0,6.0,0.10000300407409668
145.0,0.0,0.0,0.06958484649658203
86.0,3.0,3.0,0.04163169860839844
1367.0,11.0,11.0,0.6607213020324707
55.0,3.0,3.0,0.027042150497436523
583.0,2.0,2.0,0.27884840965270996
97.0,2.0,2.0,0.04562687873840332
256.0,2.0,2.0,0.12513375282287598
535.0,7.0,7.0,0.257889986038208
60.0,9.0,9.0,0.0279998779296875
155.0,2.0,2.0,0.07888126373291016
110.0,10.0,10.0,0.05100297927856445
479.0,4.0,4.0,0.2343919277191162
443.0,5.0,5.0,0.22888994216918945
674.0,8.0,8.0,0.32359862327575684
1456.0,10.0,10.0,0.7004075050354004
535.0,12.0,12.0,0.2634155750274658
253.0,4.0,4.0,0.1236274242401123
52.0,4.0,4.0,0.02804279327392578
412.0,13.0,13.0,0.20561552047729492
331.0,5.0,5.0,0.16263151168823242
167.0,4.0,4.0,0.0806279182434082
322.0,5.0,5.0,0.17980313301086426
744.0,10.0,10.0,0.3629796504974365
1089.0,9.0,9.0,0.5246715545654297
75.0,3.0,3.0,0.03699994087219238
272.0,21.0,21.0,0.1285700798034668
171.0,2.0,2.0,0.08102965354919434
376.0,3.0,3.0,0.18029260635375977
312.0,8.0,8.0,0.15225887298583984
255.0,12.0,12.0,0.12596940994262695
213.0,6.0,6.0,0.1006317138671875
439.0,6.0,6.0,0.21077871322631836
1212.0,17.0,17.0,0.6058664321899414
359.0,5.0,5.0,0.17825865745544434
854.0,16.0,16.0,0.42151784896850586
226.0,4.0,4.0,0.10657787322998047
64.0,9.0,9.0,0.03104233741760254
79.0,2.0,2.0,0.03904461860656738
700.0,4.0,4.0,0.3459334373474121
194.0,3.0,3.0,0.09762692451477051
466.0,21.0,21.0,0.2218470573425293
134.0,3.0,3.0,0.06500005722045898
358.0,7.0,7.0,0.18022656440734863
75.0,7.0,7.0,0.03604006767272949
320.0,7.0,7.0,0.17919468879699707
551.0,3.0,3.0,0.28201913833618164
330.0,11.0,11.0,0.17825818061828613
233.0,5.0,5.0,0.13599753379821777
130.0,7.0,7.0,0.07416939735412598
179.0,6.0,6.0,0.09082150459289551
253.0,1.0,1.0,0.1498098373413086
95.0,6.0,6.0,0.049352407455444336
1247.0,18.0,18.0,0.694831371307373
1913.0,31.0,31.0,0.9926714897155762
69.0,9.0,9.0,0.03400015830993652
89.0,1.0,1.0,0.0440220832824707
478.0,12.0,12.0,0.23178744316101074
898.0,15.0,15.0,0.4335598945617676
106.0,5.0,5.0,0.05258464813232422
1231.0,24.0,24.0,0.5911569595336914
184.0,1.0,1.0,0.08863139152526855
283.0,6.0,6.0,0.14605164527893066
196.0,3.0,3.0,0.10308623313903809
73.0,6.0,6.0,0.035817861557006836
115.0,6.0,6.0,0.0560002326965332
398.0,8.0,8.0,0.19153332710266113
304.0,4.0,4.0,0.1442584991455078
316.0,7.0,7.0,0.16625428199768066
105.0,3.0,3.0,0.0494687557220459
193.0,4.0,4.0,0.0914773941040039
530.0,8.0,8.0,0.2592918872833252
514.0,7.0,7.0,0.24537420272827148
619.0,5.0,5.0,0.2982621192932129
164.0,5.0,5.0,0.08163166046142578
560.0,2.0,2.0,0.2693018913269043
893.0,18.0,18.0,0.45215892791748047
356.0,11.0,11.0,0.17528319358825684
635.0,18.0,18.0,0.3068859577178955
719.0,9.0,9.0,0.34542155265808105
94.0,3.0,3.0,0.04563117027282715
297.0,6.0,6.0,0.14262700080871582
1000.0,16.0,16.0,0.4841494560241699
475.0,4.0,4.0,0.2297835350036621
177.0,2.0,2.0,0.0856320858001709
269.0,2.0,2.0,0.15120196342468262
309.0,7.0,7.0,0.15273261070251465
616.0,5.0,5.0,0.2982211112976074
265.0,0.0,0.0,0.12825989723205566
119.0,3.0,3.0,0.056999921798706055
830.0,5.0,5.0,0.4025304317474365
100.0,3.0,3.0,0.04763150215148926
94.0,6.0,6.0,0.04500007629394531
232.0,4.0,4.0,0.1106266975402832
79.0,9.0,9.0,0.03763151168823242
415.0,9.0,9.0,0.19925880432128906
757.0,8.0,8.0,0.36388611793518066
635.0,18.0,18.0,0.33358263969421387
746.0,10.0,10.0,0.35738253593444824
1127.0,13.0,13.0,0.5467503070831299
1155.0,14.0,14.0,0.5640590190887451
164.0,3.0,3.0,0.0795891284942627
644.0,14.0,14.0,0.3088858127593994
151.0,5.0,5.0,0.07363128662109375
161.0,2.0,2.0,0.0826268196105957
229.0,2.0,2.0,0.12659883499145508
244.0,10.0,10.0,0.12407898902893066
383.0,8.0,8.0,0.1827704906463623
401.0,10.0,10.0,0.190291166305542
161.0,0.0,0.0,0.07762670516967773
270.0,10.0,10.0,0.13213205337524414
102.0,4.0,4.0,0.05263209342956543
231.0,4.0,4.0,0.11262726783752441
717.0,10.0,10.0,0.34293317794799805
111.0,8.0,8.0,0.051584482192993164
110.0,5.0,5.0,0.05463123321533203
518.0,2.0,2.0,0.24725818634033203
1918.0,27.0,27.0,0.9449422359466553
145.0,6.0,6.0,0.06999969482421875
158.0,3.0,3.0,0.08480954170227051
248.0,5.0,5.0,0.1293330192565918
998.0,8.0,8.0,0.5854029655456543
335.0,5.0,5.0,0.19858741760253906
248.0,7.0,7.0,0.1331005096435547
419.0,12.0,12.0,0.2135622501373291
2326.0,26.0,26.0,1.2016596794128418
103.0,6.0,6.0,0.05660390853881836
473.0,4.0,4.0,0.23868155479431152
1545.0,13.0,13.0,0.7644977569580078
101.0,7.0,7.0,0.048686981201171875
151.0,4.0,4.0,0.07266569137573242
186.0,1.0,1.0,0.09062719345092773
175.0,11.0,11.0,0.08404231071472168
155.0,4.0,4.0,0.09366536140441895
213.0,2.0,2.0,0.11266326904296875
562.0,6.0,6.0,0.26888561248779297
234.0,10.0,10.0,0.11566925048828125
281.0,3.0,3.0,0.14121747016906738
304.0,8.0,8.0,0.14567351341247559
1010.0,12.0,12.0,0.49362921714782715
85.0,0.0,0.0,0.04058480262756348
155.0,0.0,0.0,0.07258796691894531
854.0,5.0,5.0,0.4135167598724365
395.0,6.0,6.0,0.18825912475585938
371.0,7.0,7.0,0.19416475296020508
382.0,5.0,5.0,0.19043469429016113
621.0,9.0,9.0,0.29789018630981445
711.0,13.0,13.0,0.34399914741516113
289.0,4.0,4.0,0.13863301277160645
298.0,9.0,9.0,0.14777851104736328
525.0,5.0,5.0,0.25882530212402344
136.0,3.0,3.0,0.06958460807800293
376.0,5.0,5.0,0.18825960159301758
667.0,11.0,11.0,0.32189226150512695
292.0,2.0,2.0,0.155259370803833
1114.0,10.0,10.0,0.5486414432525635
714.0,8.0,8.0,0.34824633598327637
378.0,0.0,0.0,0.1792912483215332
96.0,8.0,8.0,0.048000335693359375
266.0,15.0,15.0,0.13266921043395996
317.0,2.0,2.0,0.15262699127197266
165.0,1.0,1.0,0.08063173294067383
279.0,3.0,3.0,0.133375883102417
188.0,7.0,7.0,0.09062719345092773
451.0,21.0,21.0,0.22233176231384277
109.0,2.0,2.0,0.051139116287231445
89.0,0.0,0.0,0.041002511978149414
314.0,5.0,5.0,0.1700742244720459
101.0,8.0,8.0,0.05373525619506836
90.0,3.0,3.0,0.050315141677856445
735.0,11.0,11.0,0.3668708801269531
888.0,12.0,12.0,0.43252015113830566
86.0,5.0,5.0,0.041631221771240234
756.0,5.0,5.0,0.362410306930542
91.0,5.0,5.0,0.04762697219848633
1626.0,13.0,13.0,0.7920351028442383
149.0,0.0,0.0,0.08602452278137207
532.0,7.0,7.0,0.25911974906921387
386.0,7.0,7.0,0.1994459629058838
233.0,8.0,8.0,0.10794806480407715
322.0,5.0,5.0,0.15625309944152832
128.0,2.0,2.0,0.061042070388793945
232.0,12.0,12.0,0.11121606826782227
591.0,6.0,6.0,0.2823007106781006
145.0,4.0,4.0,0.07058477401733398
76.0,0.0,0.0,0.03658795356750488
185.0,4.0,4.0,0.09270453453063965
476.0,6.0,6.0,0.22886967658996582
166.0,7.0,7.0,0.08063316345214844
551.0,18.0,18.0,0.26425838470458984
527.0,5.0,5.0,0.28479528427124023
99.0,4.0,4.0,0.049315690994262695
862.0,7.0,7.0,0.4405174255371094
90.0,6.0,6.0,0.04563117027282715
1750.0,7.0,7.0,0.9288797378540039
582.0,11.0,11.0,0.33001017570495605
129.0,8.0,8.0,0.07506465911865234
672.0,20.0,20.0,0.35589098930358887
164.0,8.0,8.0,0.08188772201538086
467.0,8.0,8.0,0.26734161376953125
473.0,11.0,11.0,0.2571907043457031
261.0,12.0,12.0,0.16263198852539062
1036.0,8.0,8.0,0.5226254463195801
63.0,1.0,1.0,0.03000020980834961
452.0,7.0,7.0,0.21825933456420898
238.0,6.0,6.0,0.1156318187713623
219.0,1.0,1.0,0.10662674903869629
122.0,3.0,3.0,0.05863213539123535
489.0,2.0,2.0,0.26129889488220215
97.0,1.0,1.0,0.05001974105834961
259.0,3.0,3.0,0.1262366771697998
538.0,11.0,11.0,0.2642180919647217
761.0,3.0,3.0,0.36889195442199707
679.0,5.0,5.0,0.33043551445007324
119.0,1.0,1.0,0.057626962661743164
315.0,5.0,5.0,0.15063238143920898
170.0,5.0,5.0,0.08362698554992676
826.0,5.0,5.0,0.40595006942749023
344.0,6.0,6.0,0.15917253494262695
75.0,6.0,6.0,0.03500008583068848
330.0,2.0,2.0,0.169600248336792
518.0,4.0,4.0,0.24944424629211426
525.0,5.0,5.0,0.25588536262512207
272.0,8.0,8.0,0.128631591796875
192.0,6.0,6.0,0.09462690353393555
196.0,4.0,4.0,0.09463191032409668
261.0,1.0,1.0,0.12508702278137207
475.0,15.0,15.0,0.23088550567626953
342.0,0.0,0.0,0.16263175010681152
993.0,9.0,9.0,0.48114490509033203
113.0,2.0,2.0,0.05463242530822754
429.0,8.0,8.0,0.21925878524780273
205.0,1.0,1.0,0.10880470275878906
307.0,3.0,3.0,0.14859724044799805
541.0,11.0,11.0,0.25984930992126465
155.0,5.0,5.0,0.07662630081176758
947.0,9.0,9.0,0.45856237411499023
531.0,6.0,6.0,0.256847620010376
65.0,2.0,2.0,0.03104257583618164
1106.0,7.0,7.0,0.5362586975097656
509.0,9.0,9.0,0.24425864219665527
164.0,4.0,4.0,0.09704303741455078
1335.0,2.0,2.0,0.6506490707397461
949.0,16.0,16.0,0.47031211853027344
145.0,9.0,9.0,0.06858968734741211
136.0,2.0,2.0,0.07062792778015137
792.0,16.0,16.0,0.3807988166809082
288.0,1.0,1.0,0.1396315097808838
213.0,3.0,3.0,0.10195732116699219
1033.0,4.0,4.0,0.5394837856292725
1511.0,8.0,8.0,0.7215991020202637
219.0,2.0,2.0,0.11398720741271973
549.0,9.0,9.0,0.2605271339416504
371.0,6.0,6.0,0.17863178253173828
187.0,5.0,5.0,0.0889749526977539
341.0,1.0,1.0,0.16525888442993164
52.0,7.0,7.0,0.023999929428100586
97.0,3.0,3.0,0.048950910568237305
227.0,3.0,3.0,0.10763168334960938
128.0,0.0,0.0,0.06304216384887695
201.0,8.0,8.0,0.09862780570983887
146.0,6.0,6.0,0.0906221866607666
39.0,0.0,0.0,0.01975703239440918
247.0,4.0,4.0,0.12327289581298828
383.0,3.0,3.0,0.18809986114501953
258.0,2.0,2.0,0.12363195419311523
243.0,0.0,0.0,0.11662793159484863
116.0,3.0,3.0,0.05800437927246094
1043.0,5.0,5.0,0.5113778114318848
110.0,6.0,6.0,0.05404210090637207
224.0,3.0,3.0,0.11221599578857422
105.0,1.0,1.0,0.04999995231628418
469.0,1.0,1.0,0.23187756538391113
622.0,4.0,4.0,0.3252899646759033
76.0,2.0,2.0,0.04422163963317871
261.0,10.0,10.0,0.15125799179077148
562.0,0.0,0.0,0.30072975158691406
155.0,4.0,4.0,0.08074665069580078
459.0,3.0,3.0,0.24551033973693848
373.0,2.0,2.0,0.20052218437194824
115.0,11.0,11.0,0.06757998466491699
758.0,8.0,8.0,0.3773794174194336
124.0,0.0,0.0,0.08000016212463379
674.0,19.0,19.0,0.3662300109863281
152.0,2.0,2.0,0.07610511779785156
211.0,1.0,1.0,0.1006314754486084
564.0,6.0,6.0,0.33455491065979004
827.0,19.0,19.0,0.4077606201171875
112.0,1.0,1.0,0.061971426010131836
793.0,7.0,7.0,0.3835775852203369
255.0,0.0,0.0,0.11963152885437012
162.0,2.0,2.0,0.07602977752685547
833.0,9.0,9.0,0.39804697036743164
432.0,3.0,3.0,0.2072591781616211
1075.0,15.0,15.0,0.5427656173706055
459.0,6.0,6.0,0.22435426712036133
314.0,7.0,7.0,0.1621553897857666
1156.0,10.0,10.0,0.5511579513549805
516.0,1.0,1.0,0.24625921249389648
919.0,15.0,15.0,0.44889235496520996
732.0,9.0,9.0,0.35440874099731445
336.0,1.0,1.0,0.19043350219726562
731.0,7.0,7.0,0.37259507179260254
107.0,0.0,0.0,0.05452466011047363
89.0,1.0,1.0,0.044589996337890625
299.0,15.0,15.0,0.1446692943572998
315.0,5.0,5.0,0.1492173671722412
507.0,8.0,8.0,0.24425840377807617
136.0,8.0,8.0,0.06811404228210449
920.0,12.0,12.0,0.44541263580322266
856.0,16.0,16.0,0.408733606338501
1142.0,13.0,13.0,0.5851755142211914
620.0,9.0,9.0,0.30133056640625
1083.0,18.0,18.0,0.5241436958312988
227.0,0.0,0.0,0.10663104057312012
323.0,8.0,8.0,0.1576690673828125
1070.0,11.0,11.0,0.5261929035186768
93.0,4.0,4.0,0.04473447799682617
144.0,4.0,4.0,0.0716543197631836
203.0,6.0,6.0,0.11162757873535156
102.0,2.0,2.0,0.05655527114868164
164.0,5.0,5.0,0.08389139175415039
106.0,4.0,4.0,0.0531926155090332
239.0,10.0,10.0,0.11286258697509766
239.0,3.0,3.0,0.11467385292053223
297.0,6.0,6.0,0.14321136474609375
271.0,0.0,0.0,0.1306314468383789
592.0,5.0,5.0,0.2864799499511719
484.0,19.0,19.0,0.23430156707763672
490.0,6.0,6.0,0.24184346199035645
1206.0,9.0,9.0,0.5880887508392334
1036.0,14.0,14.0,0.5223565101623535
213.0,6.0,6.0,0.10463166236877441
60.0,5.0,5.0,0.028999805450439453
587.0,8.0,8.0,0.284778356552124
798.0,16.0,16.0,0.3832423686981201
73.0,0.0,0.0,0.03604316711425781
1009.0,5.0,5.0,0.5231785774230957
150.0,3.0,3.0,0.07304215431213379
58.0,5.0,5.0,0.028585433959960938
98.0,6.0,6.0,0.04699993133544922
222.0,6.0,6.0,0.10563158988952637
901.0,10.0,10.0,0.48772740364074707
493.0,6.0,6.0,0.271803617477417
307.0,14.0,14.0,0.16772723197937012
243.0,4.0,4.0,0.15063166618347168
46.0,0.0,0.0,0.02399134635925293
669.0,11.0,11.0,0.3578460216522217
624.0,9.0,9.0,0.32073068618774414
235.0,1.0,1.0,0.12277650833129883
221.0,4.0,4.0,0.12271499633789062
400.0,10.0,10.0,0.2232060432434082
1583.0,16.0,16.0,0.791703462600708
584.0,10.0,10.0,0.28141021728515625
310.0,3.0,3.0,0.14863157272338867
640.0,9.0,9.0,0.30988550186157227
260.0,11.0,11.0,0.1266176700592041
1211.0,17.0,17.0,0.5842156410217285
685.0,7.0,7.0,0.3518047332763672
177.0,6.0,6.0,0.08363127708435059
700.0,13.0,13.0,0.33388495445251465
189.0,6.0,6.0,0.08863139152526855
416.0,1.0,1.0,0.2052593231201172
363.0,1.0,1.0,0.17725372314453125
465.0,9.0,9.0,0.22258663177490234
293.0,8.0,8.0,0.14377880096435547
522.0,11.0,11.0,0.24925851821899414
59.0,3.0,3.0,0.028042078018188477
524.0,8.0,8.0,0.2588486671447754
846.0,7.0,7.0,0.4340808391571045
1224.0,11.0,11.0,0.5952630043029785
446.0,9.0,9.0,0.2133009433746338
413.0,4.0,4.0,0.19926762580871582
137.0,4.0,4.0,0.06916165351867676
1002.0,19.0,19.0,0.4796321392059326
184.0,1.0,1.0,0.08963203430175781
441.0,7.0,7.0,0.22929954528808594
152.0,0.0,0.0,0.08205270767211914
285.0,7.0,7.0,0.1425316333770752
448.0,7.0,7.0,0.21525931358337402
215.0,7.0,7.0,0.10763883590698242
49.0,0.0,0.0,0.023000240325927734
207.0,4.0,4.0,0.09962677955627441
714.0,12.0,12.0,0.3475170135498047
197.0,3.0,3.0,0.09479284286499023
303.0,13.0,13.0,0.1476740837097168
617.0,6.0,6.0,0.2942061424255371
2786.0,36.0,36.0,1.4189426898956299
776.0,18.0,18.0,0.3865172863006592
549.0,4.0,4.0,0.26589059829711914
237.0,1.0,1.0,0.11496520042419434
452.0,7.0,7.0,0.21989941596984863
1152.0,16.0,16.0,0.5962603092193604
68.0,4.0,4.0,0.042749643325805664
99.0,8.0,8.0,0.04690217971801758
435.0,6.0,6.0,0.20820999145507812
530.0,11.0,11.0,0.2533853054046631
502.0,9.0,9.0,0.2427840232849121
228.0,4.0,4.0,0.1106271743774414
293.0,4.0,4.0,0.14325809478759766
505.0,4.0,4.0,0.24025940895080566
379.0,6.0,6.0,0.18425941467285156
614.0,4.0,4.0,0.28990936279296875
200.0,3.0,3.0,0.09463191032409668
485.0,10.0,10.0,0.2657599449157715
289.0,3.0,3.0,0.13965463638305664
631.0,10.0,10.0,0.30904150009155273
162.0,4.0,4.0,0.07768893241882324
303.0,12.0,12.0,0.18629121780395508
295.0,7.0,7.0,0.18225908279418945
268.0,3.0,3.0,0.14863133430480957
527.0,8.0,8.0,0.279022216796875
212.0,2.0,2.0,0.11130309104919434
276.0,3.0,3.0,0.13313817977905273
197.0,6.0,6.0,0.09759879112243652
29.0,0.0,0.0,0.016771316528320312
76.0,6.0,6.0,0.04333949089050293
51.0,0.0,0.0,0.03368425369262695
80.0,1.0,1.0,0.04044961929321289
52.0,4.0,4.0,0.025730371475219727
392.0,5.0,5.0,0.22307252883911133
164.0,2.0,2.0,0.08103060722351074
177.0,2.0,2.0,0.09431886672973633
522.0,9.0,9.0,0.28707385063171387
577.0,9.0,9.0,0.2863576412200928
239.0,6.0,6.0,0.11862826347351074
664.0,17.0,17.0,0.3199326992034912
61.0,1.0,1.0,0.028951168060302734
275.0,3.0,3.0,0.13363146781921387
137.0,7.0,7.0,0.06915879249572754
291.0,11.0,11.0,0.1406385898590088
341.0,4.0,4.0,0.2236628532409668
743.0,9.0,9.0,0.37317919731140137
38.0,0.0,0.0,0.027046918869018555
478.0,8.0,8.0,0.23532748222351074
472.0,10.0,10.0,0.22525882720947266
278.0,1.0,1.0,0.1326744556427002
686.0,9.0,9.0,0.32887887954711914
139.0,8.0,8.0,0.06652402877807617
83.0,2.0,2.0,0.03958940505981445
716.0,13.0,13.0,0.36551737785339355
489.0,2.0,2.0,0.24637389183044434
436.0,4.0,4.0,0.21330881118774414
271.0,10.0,10.0,0.13234639167785645
399.0,8.0,8.0,0.20750021934509277
140.0,1.0,1.0,0.07542276382446289
809.0,3.0,3.0,0.39669036865234375
172.0,7.0,7.0,0.08158469200134277
236.0,13.0,13.0,0.11463165283203125
298.0,0.0,0.0,0.1432173252105713
590.0,16.0,16.0,0.2898859977722168
154.0,1.0,1.0,0.0750422477722168
270.0,3.0,3.0,0.1342177391052246
180.0,1.0,1.0,0.08663320541381836
249.0,4.0,4.0,0.1184241771697998
301.0,4.0,4.0,0.1426689624786377
589.0,11.0,11.0,0.283846378326416
859.0,5.0,5.0,0.44429945945739746
292.0,3.0,3.0,0.14063119888305664
417.0,11.0,11.0,0.19725918769836426
87.0,2.0,2.0,0.0416264533996582
514.0,4.0,4.0,0.24778366088867188
111.0,1.0,1.0,0.05362677574157715
276.0,2.0,2.0,0.13263154029846191
422.0,4.0,4.0,0.20625853538513184
30.0,0.0,0.0,0.014999866485595703
1136.0,15.0,15.0,0.5600602626800537
58.0,2.0,2.0,0.0280001163482666
151.0,0.0,0.0,0.0709695816040039
421.0,3.0,3.0,0.2067880630493164
400.0,6.0,6.0,0.22002720832824707
302.0,0.0,0.0,0.14625835418701172
124.0,5.0,5.0,0.05900001525878906
97.0,5.0,5.0,0.04662799835205078
396.0,3.0,3.0,0.196533203125
194.0,2.0,2.0,0.09263134002685547
178.0,11.0,11.0,0.08662700653076172
784.0,4.0,4.0,0.38193297386169434
453.0,6.0,6.0,0.21481657028198242
765.0,5.0,5.0,0.36916017532348633
168.0,4.0,4.0,0.08058905601501465
739.0,6.0,6.0,0.3844873905181885
337.0,11.0,11.0,0.16461825370788574
327.0,9.0,9.0,0.15610885620117188
416.0,7.0,7.0,0.20930075645446777
620.0,0.0,0.0,0.31647610664367676
92.0,1.0,1.0,0.04800009727478027
684.0,6.0,6.0,0.3550426959991455
1123.0,10.0,10.0,0.5406689643859863
108.0,0.0,0.0,0.05363130569458008
664.0,4.0,4.0,0.340543270111084
83.0,2.0,2.0,0.0424656867980957
776.0,10.0,10.0,0.3767967224121094
216.0,1.0,1.0,0.10262656211853027
111.0,4.0,4.0,0.054631710052490234
137.0,5.0,5.0,0.0656270980834961
573.0,7.0,7.0,0.2757868766784668
1019.0,7.0,7.0,0.5707104206085205
193.0,15.0,15.0,0.10262751579284668
85.0,4.0,4.0,0.046631574630737305
136.0,2.0,2.0,0.0710000991821289
535.0,3.0,3.0,0.30352282524108887
642.0,8.0,8.0,0.3295145034790039
457.0,5.0,5.0,0.251309871673584
582.0,14.0,14.0,0.3159346580505371
437.0,7.0,7.0,0.25908994674682617
306.0,5.0,5.0,0.15546631813049316
859.0,4.0,4.0,0.41930270195007324
367.0,5.0,5.0,0.17725849151611328
196.0,1.0,1.0,0.09304213523864746
473.0,11.0,11.0,0.2267775535583496
230.0,1.0,1.0,0.12815499305725098
376.0,6.0,6.0,0.18660783767700195
787.0,6.0,6.0,0.37903738021850586
262.0,1.0,1.0,0.12963151931762695
446.0,9.0,9.0,0.2172694206237793
323.0,14.0,14.0,0.15355443954467773
69.0,7.0,7.0,0.032000064849853516
1062.0,16.0,16.0,0.5136144161224365
150.0,2.0,2.0,0.0726315975189209
244.0,2.0,2.0,0.12262749671936035
607.0,15.0,15.0,0.31884121894836426
127.0,13.0,13.0,0.07225728034973145
62.0,1.0,1.0,0.030750751495361328
119.0,3.0,3.0,0.05703258514404297
729.0,6.0,6.0,0.35599684715270996
177.0,6.0,6.0,0.08706235885620117
601.0,1.0,1.0,0.29389119148254395
399.0,11.0,11.0,0.19399309158325195
113.0,1.0,1.0,0.05500006675720215
429.0,18.0,18.0,0.220259428024292
399.0,8.0,8.0,0.1962599754333496
307.0,8.0,8.0,0.15225815773010254
429.0,7.0,7.0,0.2112593650817871
518.0,8.0,8.0,0.2731783390045166
1776.0,13.0,13.0,0.8662657737731934
449.0,2.0,2.0,0.2128434181213379
410.0,7.0,7.0,0.1985950469970703
291.0,2.0,2.0,0.14062714576721191
292.0,7.0,7.0,0.14667439460754395
122.0,1.0,1.0,0.05960893630981445
780.0,11.0,11.0,0.38051819801330566
637.0,12.0,12.0,0.3285689353942871
304.0,6.0,6.0,0.14719724655151367
161.0,5.0,5.0,0.07977604866027832
164.0,5.0,5.0,0.0774991512298584
112.0,6.0,6.0,0.05263209342956543
704.0,11.0,11.0,0.33841562271118164
184.0,8.0,8.0,0.08862709999084473
323.0,8.0,8.0,0.1535933017730713
217.0,8.0,8.0,0.10463166236877441
259.0,5.0,5.0,0.12262725830078125
102.0,0.0,0.0,0.052958011627197266
100.0,6.0,6.0,0.04753398895263672
618.0,22.0,22.0,0.3057689666748047
297.0,5.0,5.0,0.1402587890625
137.0,0.0,0.0,0.06599974632263184
133.0,0.0,0.0,0.06362771987915039
437.0,2.0,2.0,0.24065065383911133
526.0,6.0,6.0,0.258258581161499
274.0,7.0,7.0,0.13266468048095703
265.0,7.0,7.0,0.12953519821166992
1262.0,9.0,9.0,0.6017756462097168
400.0,6.0,6.0,0.20178651809692383
650.0,12.0,12.0,0.31289052963256836
284.0,9.0,9.0,0.13562679290771484
308.0,4.0,4.0,0.14625978469848633
713.0,2.0,2.0,0.37615489959716797
856.0,13.0,13.0,0.4124135971069336
94.0,1.0,1.0,0.04399991035461426
304.0,10.0,10.0,0.1492166519165039
99.0,0.0,0.0,0.048999786376953125
561.0,9.0,9.0,0.279205322265625
602.0,3.0,3.0,0.2891991138458252
394.0,2.0,2.0,0.18725943565368652
90.0,7.0,7.0,0.04933643341064453
401.0,5.0,5.0,0.20433521270751953
500.0,4.0,4.0,0.2782409191131592
146.0,9.0,9.0,0.08680844306945801
722.0,5.0,5.0,0.38468289375305176
215.0,19.0,19.0,0.11063408851623535
325.0,13.0,13.0,0.18622756004333496
147.0,3.0,3.0,0.07352781295776367
235.0,5.0,5.0,0.1298685073852539
630.0,7.0,7.0,0.32401418685913086
629.0,13.0,13.0,0.32645416259765625
922.0,1.0,1.0,0.4465630054473877
147.0,6.0,6.0,0.07063126564025879
164.0,6.0,6.0,0.09918427467346191
601.0,13.0,13.0,0.29168009757995605
642.0,12.0,12.0,0.30988597869873047
289.0,15.0,15.0,0.15163135528564453
282.0,2.0,2.0,0.13425898551940918
467.0,5.0,5.0,0.23225879669189453
291.0,1.0,1.0,0.13685131072998047
786.0,5.0,5.0,0.37476110458374023
241.0,7.0,7.0,0.11500430107116699
465.0,6.0,6.0,0.22530150413513184
60.0,2.0,2.0,0.028589487075805664
406.0,13.0,13.0,0.21971559524536133
201.0,8.0,8.0,0.10137701034545898
93.0,4.0,4.0,0.04607534408569336
165.0,2.0,2.0,0.07800030708312988
714.0,19.0,19.0,0.3545200824737549
657.0,5.0,5.0,0.3233964443206787
478.0,8.0,8.0,0.22730159759521484
658.0,3.0,3.0,0.3187830448150635
124.0,3.0,3.0,0.05899977684020996
161.0,4.0,4.0,0.0789332389831543
545.0,13.0,13.0,0.26288938522338867
654.0,5.0,5.0,0.3331913948059082
713.0,10.0,10.0,0.35970067977905273
466.0,4.0,4.0,0.2242591381072998
198.0,5.0,5.0,0.09662699699401855
222.0,0.0,0.0,0.10563206672668457
810.0,12.0,12.0,0.43688130378723145
288.0,5.0,5.0,0.1361095905303955
163.0,5.0,5.0,0.07807612419128418
446.0,1.0,1.0,0.21584439277648926
391.0,2.0,2.0,0.18925809860229492
64.0,3.0,3.0,0.032000064849853516
377.0,5.0,5.0,0.1792590618133545
1106.0,8.0,8.0,0.5560672283172607
156.0,5.0,5.0,0.07562685012817383
209.0,2.0,2.0,0.1006317138671875
80.0,0.0,0.0,0.03904223442077637
518.0,5.0,5.0,0.2557411193847656
234.0,1.0,1.0,0.11562728881835938
222.0,2.0,2.0,0.10468649864196777
94.0,5.0,5.0,0.04505491256713867
217.0,10.0,10.0,0.1062471866607666
288.0,4.0,4.0,0.1406269073486328
378.0,13.0,13.0,0.1832587718963623
45.0,0.0,0.0,0.02204275131225586
84.0,8.0,8.0,0.04109382629394531
50.0,3.0,3.0,0.023000240325927734
412.0,11.0,11.0,0.20325803756713867
108.0,8.0,8.0,0.05063176155090332
322.0,4.0,4.0,0.16312289237976074
199.0,3.0,3.0,0.103851318359375
162.0,0.0,0.0,0.0773019790649414
369.0,14.0,14.0,0.17818474769592285
735.0,12.0,12.0,0.40051722526550293
106.0,3.0,3.0,0.052042484283447266
82.0,4.0,4.0,0.04011130332946777
239.0,2.0,2.0,0.11408686637878418
879.0,9.0,9.0,0.4248220920562744
873.0,15.0,15.0,0.41786956787109375
372.0,12.0,12.0,0.18262767791748047
625.0,15.0,15.0,0.3345627784729004
52.0,0.0,0.0,0.027031898498535156
104.0,3.0,3.0,0.0490419864654541
54.0,4.0,4.0,0.025000333786010742
185.0,5.0,5.0,0.0901188850402832
865.0,9.0,9.0,0.4188253879547119
162.0,5.0,5.0,0.07563281059265137
514.0,7.0,7.0,0.25125813484191895
79.0,7.0,7.0,0.03794050216674805
216.0,7.0,7.0,0.10463070869445801
152.0,3.0,3.0,0.0750420093536377
237.0,3.0,3.0,0.1157369613647461
329.0,2.0,2.0,0.15963125228881836
276.0,9.0,9.0,0.13225913047790527
244.0,8.0,8.0,0.1216270923614502
352.0,12.0,12.0,0.17125916481018066
63.0,4.0,4.0,0.03000020980834961
980.0,11.0,11.0,0.5317239761352539
243.0,5.0,5.0,0.1316373348236084
106.0,1.0,1.0,0.06336832046508789
575.0,11.0,11.0,0.2976493835449219
219.0,2.0,2.0,0.1150059700012207
477.0,11.0,11.0,0.25486326217651367
215.0,11.0,11.0,0.11217021942138672
93.0,1.0,1.0,0.04527616500854492
340.0,5.0,5.0,0.1872870922088623
47.0,1.0,1.0,0.02521347999572754
1152.0,13.0,13.0,0.6180684566497803
178.0,1.0,1.0,0.08748817443847656
198.0,1.0,1.0,0.09533357620239258
139.0,4.0,4.0,0.06604242324829102
599.0,11.0,11.0,0.2868475914001465
710.0,5.0,5.0,0.3475184440612793
285.0,2.0,2.0,0.13994264602661133
510.0,9.0,9.0,0.24951457977294922
138.0,5.0,5.0,0.06655550003051758
1798.0,17.0,17.0,0.8738501071929932
113.0,11.0,11.0,0.05689668655395508
1257.0,8.0,8.0,0.599348783493042
337.0,5.0,5.0,0.1606743335723877
203.0,13.0,13.0,0.09962701797485352
551.0,1.0,1.0,0.27535104751586914
892.0,12.0,12.0,0.438046932220459
209.0,4.0,4.0,0.10305666923522949
267.0,11.0,11.0,0.1294565200805664
562.0,10.0,10.0,0.3034641742706299
702.0,7.0,7.0,0.3415710926055908
498.0,8.0,8.0,0.24084758758544922
153.0,0.0,0.0,0.07362699508666992
239.0,2.0,2.0,0.11715340614318848
501.0,7.0,7.0,0.2514166831970215
274.0,6.0,6.0,0.13325858116149902
426.0,8.0,8.0,0.20698237419128418
666.0,8.0,8.0,0.31691837310791016
817.0,6.0,6.0,0.4050915241241455
342.0,15.0,15.0,0.17873549461364746
327.0,15.0,15.0,0.1567091941833496
132.0,4.0,4.0,0.06258487701416016
84.0,1.0,1.0,0.041042327880859375
92.0,3.0,3.0,0.04358935356140137
139.0,9.0,9.0,0.0656278133392334
1581.0,14.0,14.0,0.7624080181121826
66.0,1.0,1.0,0.031999826431274414
135.0,9.0,9.0,0.06700015068054199
356.0,7.0,7.0,0.17325878143310547
243.0,20.0,20.0,0.1176309585571289
51.0,1.0,1.0,0.025934457778930664
71.0,7.0,7.0,0.051000118255615234
148.0,0.0,0.0,0.07282066345214844
35.0,0.0,0.0,0.016844987869262695
933.0,8.0,8.0,0.47335195541381836
448.0,11.0,11.0,0.21118783950805664
340.0,4.0,4.0,0.17041397094726562
512.0,6.0,6.0,0.25125837326049805
1060.0,11.0,11.0,0.5141446590423584
84.0,5.0,5.0,0.03963136672973633
662.0,3.0,3.0,0.32488584518432617
365.0,1.0,1.0,0.17579150199890137
126.0,8.0,8.0,0.06099963188171387
353.0,1.0,1.0,0.17121648788452148
352.0,5.0,5.0,0.18927788734436035
321.0,3.0,3.0,0.1551036834716797
241.0,3.0,3.0,0.11697864532470703
519.0,11.0,11.0,0.2482588291168213
291.0,4.0,4.0,0.1446084976196289
527.0,5.0,5.0,0.2537271976470947
495.0,14.0,14.0,0.23488593101501465
522.0,8.0,8.0,0.2542591094970703
505.0,5.0,5.0,0.24589180946350098
472.0,5.0,5.0,0.22925925254821777
1223.0,15.0,15.0,0.6087653636932373
157.0,8.0,8.0,0.0746312141418457
317.0,10.0,10.0,0.15366911888122559
157.0,1.0,1.0,0.09004902839660645
563.0,13.0,13.0,0.2829294204711914
995.0,15.0,15.0,0.5606186389923096
985.0,10.0,10.0,0.5213351249694824
144.0,0.0,0.0,0.10064196586608887
272.0,5.0,5.0,0.13363051414489746
63.0,8.0,8.0,0.029870033264160156
1500.0,14.0,14.0,0.7778379917144775
298.0,15.0,15.0,0.1516404151916504
124.0,0.0,0.0,0.05872678756713867
395.0,3.0,3.0,0.18966937065124512
224.0,7.0,7.0,0.1086263656616211
132.0,5.0,5.0,0.06299972534179688
341.0,4.0,4.0,0.16126060485839844
49.0,0.0,0.0,0.02299976348876953
86.0,3.0,3.0,0.04262685775756836
259.0,3.0,3.0,0.12585902214050293
490.0,2.0,2.0,0.23468494415283203
206.0,3.0,3.0,0.1267685890197754
236.0,6.0,6.0,0.11982226371765137
84.0,7.0,7.0,0.03838610649108887
456.0,4.0,4.0,0.21975302696228027
77.0,1.0,1.0,0.03758955001831055
758.0,15.0,15.0,0.3622779846191406
475.0,14.0,14.0,0.2263789176940918
222.0,5.0,5.0,0.1086282730102539
68.0,1.0,1.0,0.03413128852844238
1569.0,16.0,16.0,0.7619621753692627
580.0,5.0,5.0,0.30768871307373047
364.0,2.0,2.0,0.17467594146728516
103.0,6.0,6.0,0.04999995231628418
464.0,5.0,5.0,0.22212576866149902
261.0,0.0,0.0,0.1342165470123291
91.0,2.0,2.0,0.046000003814697266
678.0,13.0,13.0,0.33179473876953125
139.0,1.0,1.0,0.06699967384338379
634.0,3.0,3.0,0.3032655715942383
452.0,5.0,5.0,0.2241520881652832
414.0,4.0,4.0,0.1977849006652832
1042.0,14.0,14.0,0.5319602489471436
458.0,1.0,1.0,0.21725893020629883
106.0,6.0,6.0,0.05106377601623535
440.0,7.0,7.0,0.21025824546813965
1141.0,25.0,25.0,0.5459938049316406
242.0,6.0,6.0,0.1196746826171875
377.0,4.0,4.0,0.1826310157775879
112.0,3.0,3.0,0.05258536338806152
343.0,10.0,10.0,0.1662590503692627
189.0,3.0,3.0,0.08904266357421875
192.0,9.0,9.0,0.09263253211975098
621.0,7.0,7.0,0.32255125045776367
331.0,6.0,6.0,0.17631292343139648
99.0,9.0,9.0,0.04664731025695801
55.0,3.0,3.0,0.027998685836791992
121.0,12.0,12.0,0.0596308708190918
204.0,10.0,10.0,0.09662747383117676
490.0,9.0,9.0,0.23526835441589355
255.0,6.0,6.0,0.12325882911682129
581.0,10.0,10.0,0.2843005657196045
63.0,0.0,0.0,0.03159022331237793
459.0,13.0,13.0,0.219649076461792
287.0,4.0,4.0,0.14011359214782715
342.0,9.0,9.0,0.1642165184020996
179.0,4.0,4.0,0.08562731742858887
333.0,8.0,8.0,0.1586437225341797
1191.0,16.0,16.0,0.5987870693206787
339.0,2.0,2.0,0.1602156162261963
117.0,3.0,3.0,0.05463290214538574
1608.0,11.0,11.0,0.770331859588623
289.0,12.0,12.0,0.14052939414978027
144.0,3.0,3.0,0.07062673568725586
145.0,14.0,14.0,0.07000017166137695
398.0,13.0,13.0,0.19325804710388184
43.0,4.0,4.0,0.02004265785217285
103.0,0.0,0.0,0.05058908462524414
1651.0,14.0,14.0,0.8197827339172363
129.0,1.0,1.0,0.06263256072998047
271.0,2.0,2.0,0.13093209266662598
272.0,1.0,1.0,0.13567376136779785
627.0,11.0,11.0,0.35783886909484863
479.0,4.0,4.0,0.2633662223815918
374.0,1.0,1.0,0.23425841331481934
170.0,4.0,4.0,0.09262800216674805
152.0,2.0,2.0,0.08863139152526855
372.0,4.0,4.0,0.19442200660705566
368.0,2.0,2.0,0.2109692096710205
458.0,9.0,9.0,0.22963333129882812
461.0,10.0,10.0,0.24402761459350586
56.0,4.0,4.0,0.027714967727661133
191.0,9.0,9.0,0.09472322463989258
224.0,4.0,4.0,0.10954475402832031
1641.0,25.0,25.0,0.8304758071899414
820.0,15.0,15.0,0.4135611057281494
264.0,10.0,10.0,0.12897920608520508
505.0,4.0,4.0,0.2686600685119629
100.0,5.0,5.0,0.04999995231628418
118.0,5.0,5.0,0.06062889099121094
102.0,5.0,5.0,0.04900002479553223
92.0,5.0,5.0,0.04363274574279785
272.0,8.0,8.0,0.13315105438232422
344.0,6.0,6.0,0.16121602058410645
105.0,4.0,4.0,0.050621986389160156
1207.0,19.0,19.0,0.5850880146026611
203.0,5.0,5.0,0.09807610511779785
54.0,0.0,0.0,0.028042316436767578
988.0,21.0,21.0,0.4755098819732666
329.0,4.0,4.0,0.16249608993530273
116.0,4.0,4.0,0.0702824592590332
354.0,2.0,2.0,0.17717790603637695
584.0,3.0,3.0,0.2858436107635498
344.0,5.0,5.0,0.16525912284851074
895.0,4.0,4.0,0.43535923957824707
480.0,5.0,5.0,0.23472046852111816
233.0,9.0,9.0,0.11263155937194824
244.0,8.0,8.0,0.11862683296203613
582.0,6.0,6.0,0.28289031982421875
916.0,14.0,14.0,0.4840199947357178
70.0,6.0,6.0,0.03259420394897461
240.0,13.0,13.0,0.11662626266479492
53.0,3.0,3.0,0.026599884033203125
1066.0,13.0,13.0,0.5141012668609619
192.0,4.0,4.0,0.09262704849243164
178.0,2.0,2.0,0.08704209327697754
1058.0,15.0,15.0,0.5241029262542725
132.0,3.0,3.0,0.06104230880737305
351.0,6.0,6.0,0.17021560668945312
50.0,0.0,0.0,0.024808645248413086
792.0,9.0,9.0,0.4120314121246338
70.0,1.0,1.0,0.03623223304748535
478.0,11.0,11.0,0.23112201690673828
166.0,0.0,0.0,0.07962703704833984
83.0,1.0,1.0,0.041042327880859375
714.0,9.0,9.0,0.3498053550720215
579.0,3.0,3.0,0.2844092845916748
242.0,7.0,7.0,0.12063169479370117
82.0,1.0,1.0,0.04004263877868652
860.0,9.0,9.0,0.4236006736755371
109.0,5.0,5.0,0.0540003776550293
60.0,0.0,0.0,0.029627323150634766
139.0,7.0,7.0,0.06799983978271484
57.0,2.0,2.0,0.026631593704223633
97.0,2.0,2.0,0.04699993133544922
1011.0,24.0,24.0,0.5099327564239502
429.0,1.0,1.0,0.20525836944580078
677.0,7.0,7.0,0.32451748847961426
1178.0,11.0,11.0,0.5705664157867432
220.0,5.0,5.0,0.10763072967529297
321.0,2.0,2.0,0.15504741668701172
218.0,5.0,5.0,0.10563135147094727
115.0,4.0,4.0,0.05629253387451172
144.0,11.0,11.0,0.06927967071533203
391.0,4.0,4.0,0.1872236728668213
300.0,11.0,11.0,0.14526009559631348
244.0,12.0,12.0,0.14541387557983398
863.0,9.0,9.0,0.4146764278411865
1158.0,24.0,24.0,0.5633001327514648
634.0,12.0,12.0,0.30988502502441406
147.0,2.0,2.0,0.07063150405883789
307.0,5.0,5.0,0.1464378833770752
205.0,1.0,1.0,0.09763145446777344
608.0,6.0,6.0,0.311586856842041
117.0,5.0,5.0,0.06862854957580566
170.0,4.0,4.0,0.08898520469665527
149.0,3.0,3.0,0.08582663536071777
202.0,2.0,2.0,0.1044766902923584
81.0,4.0,4.0,0.038469552993774414
278.0,1.0,1.0,0.14346551895141602
382.0,10.0,10.0,0.23392534255981445
81.0,3.0,3.0,0.03848099708557129
118.0,4.0,4.0,0.05705595016479492
201.0,13.0,13.0,0.10165190696716309
298.0,9.0,9.0,0.1514265537261963
268.0,5.0,5.0,0.16994357109069824
533.0,7.0,7.0,0.26868438720703125
1040.0,15.0,15.0,0.5588810443878174
97.0,7.0,7.0,0.04952383041381836
415.0,3.0,3.0,0.21876168251037598
100.0,4.0,4.0,0.049633026123046875
234.0,9.0,9.0,0.120086669921875
735.0,19.0,19.0,0.3543884754180908
709.0,12.0,12.0,0.34289050102233887
111.0,1.0,1.0,0.056946516036987305
135.0,7.0,7.0,0.06516337394714355
676.0,11.0,11.0,0.32789015769958496
519.0,6.0,6.0,0.2696545124053955
311.0,4.0,4.0,0.15234732627868652
250.0,3.0,3.0,0.11862802505493164
104.0,4.0,4.0,0.04961705207824707
233.0,3.0,3.0,0.11262822151184082
872.0,15.0,15.0,0.4422879219055176
221.0,7.0,7.0,0.10466623306274414
191.0,5.0,5.0,0.09305834770202637
93.0,0.0,0.0,0.04658985137939453
124.0,3.0,3.0,0.05962705612182617
159.0,7.0,7.0,0.07500004768371582
180.0,16.0,16.0,0.09063172340393066
406.0,2.0,2.0,0.20208072662353516
486.0,6.0,6.0,0.32951784133911133
917.0,10.0,10.0,0.45160698890686035
279.0,0.0,0.0,0.13767361640930176
338.0,10.0,10.0,0.17821669578552246
76.0,3.0,3.0,0.03890228271484375
484.0,14.0,14.0,0.2739706039428711
839.0,19.0,19.0,0.4231255054473877
363.0,7.0,7.0,0.17467498779296875
1287.0,10.0,10.0,0.6287941932678223
437.0,1.0,1.0,0.20983386039733887
32.0,0.0,0.0,0.014999866485595703
243.0,2.0,2.0,0.12063121795654297
145.0,6.0,6.0,0.07462716102600098
130.0,6.0,6.0,0.06863141059875488
115.0,0.0,0.0,0.05900001525878906
648.0,7.0,7.0,0.3530147075653076
515.0,7.0,7.0,0.2578084468841553
378.0,2.0,2.0,0.18126511573791504
1177.0,27.0,27.0,0.5687770843505859
188.0,8.0,8.0,0.09063172340393066
580.0,8.0,8.0,0.2814154624938965
238.0,7.0,7.0,0.11362862586975098
646.0,4.0,4.0,0.3119215965270996
114.0,2.0,2.0,0.0546267032623291
686.0,9.0,9.0,0.36096620559692383
252.0,5.0,5.0,0.11807847023010254
115.0,8.0,8.0,0.053611040115356445
237.0,7.0,7.0,0.1136319637298584
1165.0,19.0,19.0,0.5597763061523438
1015.0,7.0,7.0,0.48964428901672363
224.0,0.0,0.0,0.10563254356384277
194.0,5.0,5.0,0.09393620491027832
426.0,5.0,5.0,0.2052593231201172
119.0,8.0,8.0,0.05800008773803711
538.0,10.0,10.0,0.27777576446533203
151.0,4.0,4.0,0.08862113952636719
377.0,7.0,7.0,0.17612743377685547
512.0,6.0,6.0,0.24970459938049316
620.0,4.0,4.0,0.2941610813140869
427.0,9.0,9.0,0.20830082893371582
306.0,3.0,3.0,0.14453673362731934
40.0,0.0,0.0,0.01900005340576172
407.0,11.0,11.0,0.19325876235961914
401.0,7.0,7.0,0.191786527633667
159.0,4.0,4.0,0.07662773132324219
324.0,7.0,7.0,0.15763139724731445
123.0,4.0,4.0,0.06465029716491699
133.0,5.0,5.0,0.06463170051574707
800.0,15.0,15.0,0.41928863525390625
848.0,16.0,16.0,0.43547582626342773
171.0,0.0,0.0,0.08374905586242676
426.0,7.0,7.0,0.2316751480102539
737.0,9.0,9.0,0.3858058452606201
115.0,2.0,2.0,0.0568692684173584
159.0,3.0,3.0,0.09653687477111816
405.0,10.0,10.0,0.20383977890014648
927.0,7.0,7.0,0.5035285949707031
158.0,2.0,2.0,0.08412766456604004
668.0,4.0,4.0,0.3237643241882324
185.0,2.0,2.0,0.09463167190551758
396.0,9.0,9.0,0.19178414344787598
289.0,6.0,6.0,0.14067363739013672
140.0,9.0,9.0,0.06658506393432617
132.0,10.0,10.0,0.06263160705566406
179.0,4.0,4.0,0.08562755584716797
109.0,4.0,4.0,0.05200004577636719
555.0,16.0,16.0,0.2674264907836914
210.0,3.0,3.0,0.10963201522827148
375.0,5.0,5.0,0.18225932121276855
424.0,4.0,4.0,0.24604105949401855
1243.0,19.0,19.0,0.6220872402191162
285.0,4.0,4.0,0.13773822784423828
329.0,7.0,7.0,0.15667390823364258
276.0,8.0,8.0,0.132216215133667
831.0,14.0,14.0,0.39851808547973633
538.0,10.0,10.0,0.2607409954071045
94.0,0.0,0.0,0.04658937454223633
693.0,13.0,13.0,0.3324148654937744
239.0,11.0,11.0,0.11866903305053711
550.0,10.0,10.0,0.2818162441253662
135.0,5.0,5.0,0.07111001014709473
190.0,2.0,2.0,0.09641003608703613
389.0,8.0,8.0,0.1829526424407959
475.0,5.0,5.0,0.22700858116149902
186.0,7.0,7.0,0.08971953392028809
278.0,7.0,7.0,0.13666915893554688
902.0,11.0,11.0,0.4425501823425293
1169.0,7.0,7.0,0.5609076023101807
216.0,4.0,4.0,0.1026315689086914
327.0,2.0,2.0,0.17162728309631348
239.0,5.0,5.0,0.13602924346923828
661.0,9.0,9.0,0.32301950454711914
157.0,5.0,5.0,0.07563161849975586
77.0,1.0,1.0,0.03599977493286133
645.0,9.0,9.0,0.3108851909637451
366.0,8.0,8.0,0.1832590103149414
82.0,4.0,4.0,0.03904223442077637
333.0,10.0,10.0,0.15904569625854492
428.0,7.0,7.0,0.2054576873779297
85.0,3.0,3.0,0.04063153266906738
186.0,1.0,1.0,0.08904266357421875
883.0,7.0,7.0,0.4301028251647949
80.0,3.0,3.0,0.040000200271606445
241.0,7.0,7.0,0.13725924491882324
917.0,6.0,6.0,0.45082855224609375
1070.0,5.0,5.0,0.5196704864501953
295.0,1.0,1.0,0.13925790786743164
56.0,10.0,10.0,0.026999950408935547
356.0,1.0,1.0,0.17839813232421875
605.0,13.0,13.0,0.29188966751098633
520.0,6.0,6.0,0.250762939453125
464.0,9.0,9.0,0.22230100631713867
423.0,15.0,15.0,0.23811984062194824
835.0,7.0,7.0,0.4008913040161133
202.0,7.0,7.0,0.09440898895263672
766.0,9.0,9.0,0.36649060249328613
275.0,5.0,5.0,0.136155366897583
303.0,2.0,2.0,0.14367437362670898
374.0,6.0,6.0,0.18021702766418457
217.0,5.0,5.0,0.10362696647644043
451.0,11.0,11.0,0.22789263725280762
573.0,5.0,5.0,0.27325987815856934
946.0,9.0,9.0,0.48633646965026855
866.0,6.0,6.0,0.42523694038391113
373.0,8.0,8.0,0.20444416999816895
206.0,12.0,12.0,0.10063362121582031
60.0,4.0,4.0,0.0365445613861084
31.0,0.0,0.0,0.01999974250793457
747.0,5.0,5.0,0.4100010395050049
343.0,2.0,2.0,0.17279672622680664
115.0,2.0,2.0,0.0726315975189209
371.0,8.0,8.0,0.23625802993774414
405.0,6.0,6.0,0.25232744216918945
320.0,9.0,9.0,0.15569806098937988
1120.0,5.0,5.0,0.6225299835205078
307.0,2.0,2.0,0.14662742614746094
52.0,6.0,6.0,0.02700042724609375
345.0,5.0,5.0,0.18025946617126465
256.0,4.0,4.0,0.13167309761047363
394.0,17.0,17.0,0.1936938762664795
913.0,9.0,9.0,0.44007205963134766
81.0,1.0,1.0,0.039999961853027344
298.0,6.0,6.0,0.16709661483764648
312.0,9.0,9.0,0.15493011474609375
405.0,5.0,5.0,0.19367408752441406
159.0,1.0,1.0,0.0765845775604248
423.0,18.0,18.0,0.20225882530212402
507.0,5.0,5.0,0.24989008903503418
342.0,6.0,6.0,0.16666960716247559
759.0,9.0,9.0,0.3677833080291748
424.0,4.0,4.0,0.21425890922546387
244.0,9.0,9.0,0.1151735782623291
577.0,15.0,15.0,0.28125905990600586
393.0,4.0,4.0,0.20962929725646973
1380.0,12.0,12.0,0.6567792892456055
55.0,3.0,3.0,0.026999950408935547
264.0,4.0,4.0,0.12578868865966797
185.0,3.0,3.0,0.09000587463378906
418.0,4.0,4.0,0.19925832748413086
260.0,8.0,8.0,0.12463116645812988
2121.0,22.0,22.0,1.0778796672821045
575.0,9.0,9.0,0.292330265045166
387.0,11.0,11.0,0.19721484184265137
99.0,0.0,0.0,0.05200028419494629
134.0,6.0,6.0,0.0656273365020752
919.0,9.0,9.0,0.4440419673919678
161.0,4.0,4.0,0.07662677764892578
260.0,2.0,2.0,0.12963271141052246
47.0,3.0,3.0,0.026627302169799805
994.0,18.0,18.0,0.47551727294921875
121.0,4.0,4.0,0.058603525161743164
698.0,23.0,23.0,0.36542177200317383
794.0,11.0,11.0,0.38177919387817383
94.0,6.0,6.0,0.045589447021484375
720.0,2.0,2.0,0.3479278087615967
345.0,3.0,3.0,0.16721606254577637
776.0,7.0,7.0,0.3704538345336914
84.0,4.0,4.0,0.039999961853027344
271.0,6.0,6.0,0.12825918197631836
1355.0,8.0,8.0,0.6735954284667969
168.0,8.0,8.0,0.07963156700134277
1009.0,6.0,6.0,0.48267030715942383
262.0,6.0,6.0,0.12395405769348145
98.0,1.0,1.0,0.049631357192993164
343.0,4.0,4.0,0.1713852882385254
268.0,10.0,10.0,0.13062810897827148
830.0,14.0,14.0,0.40012097358703613
223.0,6.0,6.0,0.10462594032287598
311.0,0.0,0.0,0.1476612091064453
415.0,6.0,6.0,0.20278263092041016
805.0,10.0,10.0,0.4307126998901367
87.0,2.0,2.0,0.04199981689453125
326.0,1.0,1.0,0.1552584171295166
149.0,1.0,1.0,0.07104229927062988
156.0,3.0,3.0,0.07358527183532715
778.0,9.0,9.0,0.37791872024536133
781.0,0.0,0.0,0.38500332832336426
101.0,12.0,12.0,0.04931473731994629
255.0,6.0,6.0,0.12993264198303223
133.0,6.0,6.0,0.08366060256958008
183.0,3.0,3.0,0.10349035263061523
340.0,10.0,10.0,0.16737723350524902
613.0,7.0,7.0,0.3575468063354492
123.0,7.0,7.0,0.058511972427368164
1682.0,12.0,12.0,0.8787863254547119
191.0,4.0,4.0,0.10309123992919922
193.0,4.0,4.0,0.09844493865966797
789.0,10.0,10.0,0.3797931671142578
435.0,4.0,4.0,0.21034908294677734
178.0,2.0,2.0,0.08463191986083984
195.0,1.0,1.0,0.09362649917602539
402.0,3.0,3.0,0.22620606422424316
43.0,0.0,0.0,0.0492398738861084
335.0,5.0,5.0,0.1585690975189209
546.0,10.0,10.0,0.27529382705688477
315.0,15.0,15.0,0.1495988368988037
263.0,9.0,9.0,0.12762737274169922
380.0,10.0,10.0,0.19077420234680176
187.0,5.0,5.0,0.08862733840942383
221.0,11.0,11.0,0.10663223266601562
370.0,11.0,11.0,0.17726612091064453
581.0,4.0,4.0,0.2788858413696289
73.0,0.0,0.0,0.034999847412109375
323.0,7.0,7.0,0.1598966121673584
76.0,7.0,7.0,0.03917813301086426
202.0,8.0,8.0,0.1141355037689209
82.0,2.0,2.0,0.03946828842163086
298.0,2.0,2.0,0.16185498237609863
281.0,4.0,4.0,0.14136028289794922
403.0,11.0,11.0,0.1989727020263672
258.0,3.0,3.0,0.1235649585723877
58.0,5.0,5.0,0.029000043869018555
572.0,7.0,7.0,0.27389049530029297
586.0,9.0,9.0,0.2841942310333252
263.0,4.0,4.0,0.13163113594055176
440.0,14.0,14.0,0.2143690586090088
421.0,2.0,2.0,0.2043015956878662
454.0,8.0,8.0,0.23362255096435547
401.0,5.0,5.0,0.1962583065032959
197.0,8.0,8.0,0.11783671379089355
910.0,9.0,9.0,0.44296860694885254
165.0,5.0,5.0,0.07858514785766602
289.0,8.0,8.0,0.14278388023376465
231.0,6.0,6.0,0.11062860488891602
205.0,0.0,0.0,0.09763169288635254
134.0,0.0,0.0,0.06504249572753906
1434.0,3.0,3.0,0.6913633346557617
209.0,6.0,6.0,0.10163187980651855
195.0,10.0,10.0,0.09994721412658691
135.0,3.0,3.0,0.06558918952941895
584.0,4.0,4.0,0.3124876022338867
1541.0,10.0,10.0,0.7664453983306885
249.0,9.0,9.0,0.13162732124328613
473.0,11.0,11.0,0.24836492538452148
89.0,0.0,0.0,0.04499983787536621
413.0,5.0,5.0,0.21292877197265625
868.0,7.0,7.0,0.4312307834625244
136.0,2.0,2.0,0.06673765182495117
208.0,5.0,5.0,0.11317658424377441
510.0,8.0,8.0,0.28171205520629883
149.0,3.0,3.0,0.07246160507202148
121.0,0.0,0.0,0.06466078758239746
406.0,6.0,6.0,0.20573639869689941
350.0,7.0,7.0,0.18725919723510742
203.0,7.0,7.0,0.10963153839111328
82.0,0.0,0.0,0.04200029373168945
366.0,5.0,5.0,0.19552159309387207
451.0,4.0,4.0,0.2307131290435791
433.0,4.0,4.0,0.2095015048980713
569.0,2.0,2.0,0.2921946048736572
453.0,13.0,13.0,0.23325800895690918
328.0,15.0,15.0,0.1847374439239502
1435.0,11.0,11.0,0.7018673419952393
406.0,5.0,5.0,0.22619867324829102
239.0,0.0,0.0,0.15626120567321777
276.0,9.0,9.0,0.16401410102844238
559.0,7.0,7.0,0.3047819137573242
119.0,1.0,1.0,0.05900001525878906
104.0,1.0,1.0,0.053151845932006836
176.0,7.0,7.0,0.08963251113891602
277.0,3.0,3.0,0.1483449935913086
48.0,2.0,2.0,0.024095773696899414
698.0,18.0,18.0,0.42298126220703125
211.0,14.0,14.0,0.11963343620300293
414.0,9.0,9.0,0.23425889015197754
261.0,5.0,5.0,0.14616870880126953
1010.0,13.0,13.0,0.5120573043823242
97.0,3.0,3.0,0.047678232192993164
127.0,11.0,11.0,0.07077240943908691
560.0,16.0,16.0,0.31404566764831543
164.0,1.0,1.0,0.0938413143157959
310.0,10.0,10.0,0.16057825088500977
101.0,4.0,4.0,0.04726052284240723
928.0,13.0,13.0,0.474811315536499
565.0,10.0,10.0,0.275418758392334
222.0,4.0,4.0,0.1086270809173584
550.0,10.0,10.0,0.26787519454956055
285.0,5.0,5.0,0.1361229419708252
343.0,2.0,2.0,0.16917204856872559
1061.0,9.0,9.0,0.5114407539367676
575.0,8.0,8.0,0.2784152030944824
121.0,4.0,4.0,0.05799984931945801
476.0,19.0,19.0,0.2564961910247803
659.0,14.0,14.0,0.3161189556121826
232.0,6.0,6.0,0.1136319637298584
78.0,2.0,2.0,0.037043094635009766
340.0,2.0,2.0,0.16563129425048828
351.0,13.0,13.0,0.1766653060913086
508.0,6.0,6.0,0.2648136615753174
165.0,1.0,1.0,0.09842038154602051
1928.0,11.0,11.0,0.9642610549926758
224.0,1.0,1.0,0.1119694709777832
760.0,5.0,5.0,0.3659348487854004
207.0,3.0,3.0,0.10162734985351562
1005.0,12.0,12.0,0.4974665641784668
270.0,10.0,10.0,0.12967610359191895
650.0,2.0,2.0,0.31490635871887207
125.0,5.0,5.0,0.06099987030029297
1423.0,19.0,19.0,0.7178056240081787
115.0,5.0,5.0,0.056046247482299805
151.0,8.0,8.0,0.07171416282653809
161.0,8.0,8.0,0.07813119888305664
1335.0,8.0,8.0,0.6437151432037354
130.0,6.0,6.0,0.06262660026550293
225.0,1.0,1.0,0.11121821403503418
217.0,10.0,10.0,0.10390996932983398
162.0,2.0,2.0,0.08063125610351562
200.0,6.0,6.0,0.09507369995117188
778.0,19.0,19.0,0.3739330768585205
118.0,4.0,4.0,0.05688643455505371
68.0,2.0,2.0,0.033042192459106445
157.0,0.0,0.0,0.07911276817321777
639.0,7.0,7.0,0.3284776210784912
238.0,2.0,2.0,0.11862874031066895
354.0,6.0,6.0,0.16967415809631348
387.0,10.0,10.0,0.18421697616577148
330.0,3.0,3.0,0.1607811450958252
213.0,0.0,0.0,0.1026315689086914
142.0,18.0,18.0,0.06862735748291016
862.0,17.0,17.0,0.41404199600219727
598.0,4.0,4.0,0.28641438484191895
348.0,8.0,8.0,0.1670820713043213
167.0,6.0,6.0,0.0795893669128418
303.0,5.0,5.0,0.14525961875915527
308.0,6.0,6.0,0.17338252067565918
569.0,6.0,6.0,0.28673219680786133
133.0,0.0,0.0,0.06463146209716797
208.0,3.0,3.0,0.10362672805786133
678.0,7.0,7.0,0.3290894031524658
205.0,4.0,4.0,0.0976264476776123
306.0,9.0,9.0,0.14970874786376953
133.0,0.0,0.0,0.06208515167236328
569.0,11.0,11.0,0.2788124084472656
210.0,2.0,2.0,0.10162711143493652
128.0,1.0,1.0,0.060631513595581055
113.0,3.0,3.0,0.05504298210144043
670.0,10.0,10.0,0.33143115043640137
141.0,4.0,4.0,0.06904220581054688
241.0,5.0,5.0,0.13647675514221191
711.0,9.0,9.0,0.37194252014160156
603.0,4.0,4.0,0.3422856330871582
327.0,0.0,0.0,0.17236661911010742
86.0,3.0,3.0,0.041388511657714844
807.0,7.0,7.0,0.4055764675140381
60.0,1.0,1.0,0.030997514724731445
184.0,3.0,3.0,0.09598112106323242
760.0,13.0,13.0,0.39504384994506836
126.0,3.0,3.0,0.06921696662902832
347.0,0.0,0.0,0.18861079216003418
507.0,4.0,4.0,0.2847583293914795
349.0,9.0,9.0,0.17126059532165527
388.0,7.0,7.0,0.19423341751098633
451.0,7.0,7.0,0.21525931358337402
532.0,6.0,6.0,0.2566523551940918
311.0,1.0,1.0,0.14857888221740723
189.0,11.0,11.0,0.08963179588317871
81.0,8.0,8.0,0.03804206848144531
576.0,8.0,8.0,0.2897939682006836
321.0,4.0,4.0,0.15925931930541992
785.0,4.0,4.0,0.3956637382507324
580.0,8.0,8.0,0.2817087173461914
139.0,6.0,6.0,0.0690765380859375
235.0,9.0,9.0,0.11460185050964355
172.0,12.0,12.0,0.08456587791442871
62.0,1.0,1.0,0.029589414596557617
156.0,1.0,1.0,0.07458186149597168
320.0,6.0,6.0,0.15063142776489258
1964.0,17.0,17.0,0.9496572017669678
612.0,1.0,1.0,0.29282188415527344
277.0,7.0,7.0,0.1507406234741211
1067.0,6.0,6.0,0.513486385345459
249.0,1.0,1.0,0.11862683296203613
320.0,10.0,10.0,0.15225863456726074
609.0,10.0,10.0,0.29296207427978516
212.0,3.0,3.0,0.10363173484802246
255.0,1.0,1.0,0.13162684440612793
658.0,6.0,6.0,0.31493258476257324
111.0,10.0,10.0,0.05085945129394531
108.0,2.0,2.0,0.05204200744628906
187.0,8.0,8.0,0.08758974075317383
227.0,4.0,4.0,0.1086270809173584
362.0,5.0,5.0,0.1865406036376953
225.0,3.0,3.0,0.12615370750427246
944.0,3.0,3.0,0.4588897228240967
471.0,7.0,7.0,0.2287156581878662
54.0,0.0,0.0,0.025237321853637695
763.0,9.0,9.0,0.3724186420440674
354.0,7.0,7.0,0.17432546615600586
293.0,1.0,1.0,0.14211416244506836
292.0,2.0,2.0,0.1405496597290039
216.0,5.0,5.0,0.10255551338195801
281.0,6.0,6.0,0.13372468948364258
62.0,1.0,1.0,0.03179454803466797
484.0,16.0,16.0,0.24025607109069824
421.0,9.0,9.0,0.22538018226623535
65.0,3.0,3.0,0.030402183532714844
124.0,5.0,5.0,0.05967092514038086
876.0,3.0,3.0,0.42372751235961914
393.0,2.0,2.0,0.19089579582214355
203.0,9.0,9.0,0.10283470153808594
1350.0,15.0,15.0,0.6524901390075684
178.0,4.0,4.0,0.08585429191589355
250.0,9.0,9.0,0.12297344207763672
104.0,4.0,4.0,0.050102949142456055
1638.0,16.0,16.0,0.8127298355102539
873.0,8.0,8.0,0.42429351806640625
1006.0,8.0,8.0,0.48528599739074707
592.0,5.0,5.0,0.2845497131347656
485.0,7.0,7.0,0.23267769813537598
311.0,7.0,7.0,0.14839673042297363
74.0,3.0,3.0,0.05078411102294922
184.0,6.0,6.0,0.09124636650085449
399.0,3.0,3.0,0.1898789405822754
151.0,5.0,5.0,0.07678437232971191
101.0,2.0,2.0,0.049666643142700195
416.0,14.0,14.0,0.2093806266784668
414.0,7.0,7.0,0.2039632797241211
186.0,2.0,2.0,0.09348797798156738
730.0,11.0,11.0,0.3841266632080078
153.0,5.0,5.0,0.08637762069702148
247.0,3.0,3.0,0.13298940658569336
403.0,3.0,3.0,0.22378134727478027
773.0,15.0,15.0,0.4058859348297119
702.0,15.0,15.0,0.3846108913421631
356.0,8.0,8.0,0.17091989517211914
208.0,5.0,5.0,0.10069561004638672
247.0,2.0,2.0,0.12559247016906738
352.0,5.0,5.0,0.17626547813415527
397.0,3.0,3.0,0.20017433166503906
86.0,1.0,1.0,0.04416823387145996
153.0,2.0,2.0,0.0757594108581543
368.0,4.0,4.0,0.17520856857299805
191.0,4.0,4.0,0.09238934516906738
891.0,11.0,11.0,0.42841029167175293
557.0,10.0,10.0,0.28978514671325684
774.0,5.0,5.0,0.37580227851867676
937.0,9.0,9.0,0.4877791404724121
177.0,5.0,5.0,0.08520746231079102
967.0,18.0,18.0,0.47055506706237793
1471.0,23.0,23.0,0.7283458709716797
175.0,3.0,3.0,0.08919048309326172
1135.0,8.0,8.0,0.5428507328033447
185.0,5.0,5.0,0.09061813354492188
319.0,6.0,6.0,0.15514421463012695
110.0,7.0,7.0,0.052214860916137695
138.0,4.0,4.0,0.06806373596191406
168.0,4.0,4.0,0.07879781723022461
469.0,4.0,4.0,0.22595620155334473
282.0,0.0,0.0,0.13485312461853027
779.0,13.0,13.0,0.37482523918151855
209.0,7.0,7.0,0.10466241836547852
1265.0,2.0,2.0,0.6351561546325684
1941.0,8.0,8.0,0.9285967350006104
528.0,4.0,4.0,0.2553577423095703
889.0,15.0,15.0,0.4366793632507324
137.0,0.0,0.0,0.06668829917907715
451.0,7.0,7.0,0.24443721771240234
547.0,10.0,10.0,0.2675459384918213
119.0,2.0,2.0,0.059943437576293945
205.0,3.0,3.0,0.1012115478515625
50.0,1.0,1.0,0.023659944534301758
365.0,5.0,5.0,0.1781916618347168
128.0,1.0,1.0,0.06177926063537598
958.0,13.0,13.0,0.4620375633239746
41.0,1.0,1.0,0.020159244537353516
367.0,2.0,2.0,0.1859424114227295
182.0,1.0,1.0,0.09373354911804199
265.0,5.0,5.0,0.1303696632385254
151.0,7.0,7.0,0.07176947593688965
83.0,0.0,0.0,0.03976011276245117
111.0,2.0,2.0,0.054047346115112305
93.0,2.0,2.0,0.04379844665527344
740.0,12.0,12.0,0.38654065132141113
46.0,0.0,0.0,0.023412227630615234
102.0,4.0,4.0,0.049755096435546875
229.0,4.0,4.0,0.11172771453857422
379.0,2.0,2.0,0.22793936729431152
517.0,6.0,6.0,0.24996376037597656
405.0,11.0,11.0,0.19501805305480957
771.0,8.0,8.0,0.3838815689086914
792.0,8.0,8.0,0.3772773742675781
