Timesteps,Collisions,Steps Waited,Real-Time Elapsed
85.0,43.0,43.0,0.08262848854064941
86.0,23.0,23.0,0.09991765022277832
33.0,18.0,18.0,0.03136634826660156
44.0,16.0,16.0,0.043081045150756836
184.0,67.0,67.0,0.1634378433227539
30.0,13.0,13.0,0.025585651397705078
53.0,24.0,24.0,0.04698514938354492
71.0,31.0,31.0,0.07163310050964355
70.0,28.0,28.0,0.06962847709655762
69.0,46.0,46.0,0.06000018119812012
70.0,38.0,38.0,0.06214475631713867
33.0,12.0,12.0,0.03400015830993652
55.0,29.0,29.0,0.05263209342956543
95.0,41.0,41.0,0.09162783622741699
39.0,24.0,24.0,0.04699993133544922
44.0,22.0,22.0,0.03663301467895508
32.0,10.0,10.0,0.026999950408935547
72.0,40.0,40.0,0.07062840461730957
38.0,21.0,21.0,0.051000118255615234
17.0,6.0,6.0,0.017000436782836914
90.0,33.0,33.0,0.09158873558044434
67.0,24.0,24.0,0.05662822723388672
64.0,33.0,33.0,0.05357670783996582
50.0,17.0,17.0,0.03958559036254883
33.0,12.0,12.0,0.02599954605102539
66.0,18.0,18.0,0.06063389778137207
106.0,29.0,29.0,0.1066286563873291
52.0,24.0,24.0,0.04399991035461426
80.0,33.0,33.0,0.0741732120513916
25.0,9.0,9.0,0.026999711990356445
17.0,6.0,6.0,0.01454615592956543
38.0,16.0,16.0,0.03499913215637207
39.0,22.0,22.0,0.034999847412109375
34.0,21.0,21.0,0.028628110885620117
85.0,42.0,42.0,0.07400035858154297
46.0,18.0,18.0,0.03763294219970703
42.0,14.0,14.0,0.03299999237060547
44.0,20.0,20.0,0.038043975830078125
42.0,16.0,16.0,0.033586740493774414
43.0,15.0,15.0,0.03299975395202637
44.0,24.0,24.0,0.035631656646728516
61.0,21.0,21.0,0.053999900817871094
60.0,31.0,31.0,0.05499100685119629
52.0,19.0,19.0,0.05425262451171875
156.0,54.0,54.0,0.1487138271331787
77.0,31.0,31.0,0.07004284858703613
31.0,19.0,19.0,0.024585485458374023
188.0,66.0,66.0,0.17120575904846191
120.0,60.0,60.0,0.11922073364257812
64.0,19.0,19.0,0.05899977684020996
51.0,20.0,20.0,0.04563403129577637
40.0,15.0,15.0,0.03399801254272461
53.0,32.0,32.0,0.05362987518310547
23.0,6.0,6.0,0.018000125885009766
53.0,35.0,35.0,0.04599952697753906
183.0,78.0,78.0,0.17697954177856445
40.0,19.0,19.0,0.03862953186035156
55.0,23.0,23.0,0.04700016975402832
33.0,22.0,22.0,0.026999711990356445
27.0,10.0,10.0,0.02263331413269043
43.0,20.0,20.0,0.041999101638793945
70.0,40.0,40.0,0.07163023948669434
88.0,33.0,33.0,0.07788944244384766
21.0,9.0,9.0,0.01871013641357422
53.0,21.0,21.0,0.04965090751647949
76.0,27.0,27.0,0.07821488380432129
28.0,15.0,15.0,0.025574684143066406
20.0,8.0,8.0,0.018915414810180664
33.0,9.0,9.0,0.03202533721923828
103.0,52.0,52.0,0.09507489204406738
21.0,9.0,9.0,0.018514633178710938
94.0,28.0,28.0,0.08764815330505371
96.0,43.0,43.0,0.10020732879638672
53.0,27.0,27.0,0.04728984832763672
63.0,36.0,36.0,0.06565189361572266
66.0,31.0,31.0,0.05702328681945801
57.0,29.0,29.0,0.046288490295410156
26.0,15.0,15.0,0.01975226402282715
46.0,14.0,14.0,0.058069467544555664
24.0,11.0,11.0,0.026342153549194336
25.0,6.0,6.0,0.029804468154907227
178.0,74.0,74.0,0.14789342880249023
21.0,10.0,10.0,0.015604734420776367
39.0,16.0,16.0,0.03257012367248535
109.0,34.0,34.0,0.09899044036865234
40.0,17.0,17.0,0.0365757942199707
119.0,56.0,56.0,0.10460305213928223
36.0,17.0,17.0,0.02861189842224121
32.0,18.0,18.0,0.02726268768310547
93.0,42.0,42.0,0.08529472351074219
68.0,36.0,36.0,0.05620455741882324
41.0,14.0,14.0,0.03270864486694336
103.0,41.0,41.0,0.0983433723449707
48.0,24.0,24.0,0.04003548622131348
78.0,37.0,37.0,0.0690305233001709
26.0,14.0,14.0,0.02397298812866211
20.0,9.0,9.0,0.016678810119628906
61.0,26.0,26.0,0.050690412521362305
37.0,10.0,10.0,0.03110194206237793
22.0,9.0,9.0,0.01749420166015625
70.0,37.0,37.0,0.05485367774963379
34.0,15.0,15.0,0.027582168579101562
165.0,60.0,60.0,0.14452052116394043
49.0,24.0,24.0,0.04004406929016113
59.0,26.0,26.0,0.0470426082611084
99.0,39.0,39.0,0.09762787818908691
34.0,20.0,20.0,0.03159070014953613
37.0,23.0,23.0,0.03000020980834961
85.0,37.0,37.0,0.07524490356445312
111.0,25.0,25.0,0.09663128852844238
37.0,20.0,20.0,0.037999629974365234
91.0,44.0,44.0,0.07863450050354004
20.0,9.0,9.0,0.016000032424926758
21.0,8.0,8.0,0.02204275131225586
47.0,28.0,28.0,0.040585994720458984
125.0,64.0,64.0,0.1096351146697998
70.0,40.0,40.0,0.07593941688537598
77.0,26.0,26.0,0.08208513259887695
244.0,80.0,80.0,0.2050948143005371
70.0,24.0,24.0,0.055999755859375
58.0,24.0,24.0,0.04463315010070801
26.0,14.0,14.0,0.020000219345092773
39.0,16.0,16.0,0.03400015830993652
41.0,17.0,17.0,0.032628536224365234
137.0,49.0,49.0,0.12063241004943848
28.0,18.0,18.0,0.023000001907348633
75.0,27.0,27.0,0.06262850761413574
36.0,26.0,26.0,0.03099966049194336
60.0,20.0,20.0,0.04911398887634277
77.0,22.0,22.0,0.06100010871887207
76.0,30.0,30.0,0.060633182525634766
31.0,18.0,18.0,0.0280001163482666
47.0,17.0,17.0,0.04662775993347168
60.0,32.0,32.0,0.06699991226196289
42.0,23.0,23.0,0.03463268280029297
25.0,13.0,13.0,0.020000219345092773
35.0,20.0,20.0,0.0279996395111084
54.0,30.0,30.0,0.043630361557006836
70.0,35.0,35.0,0.058001041412353516
45.0,24.0,24.0,0.0706331729888916
42.0,16.0,16.0,0.03904223442077637
49.0,24.0,24.0,0.043585777282714844
34.0,22.0,22.0,0.027442216873168945
93.0,30.0,30.0,0.07462835311889648
32.0,17.0,17.0,0.026999950408935547
134.0,60.0,60.0,0.11567544937133789
28.0,14.0,14.0,0.021598100662231445
41.0,19.0,19.0,0.031999826431274414
68.0,37.0,37.0,0.0576329231262207
117.0,30.0,30.0,0.11062908172607422
26.0,11.0,11.0,0.032000064849853516
61.0,41.0,41.0,0.05264425277709961
29.0,16.0,16.0,0.021999835968017578
45.0,12.0,12.0,0.035527944564819336
102.0,32.0,32.0,0.09463238716125488
59.0,22.0,22.0,0.06662845611572266
82.0,23.0,23.0,0.09347701072692871
27.0,11.0,11.0,0.03126072883605957
28.0,12.0,12.0,0.026220321655273438
87.0,38.0,38.0,0.08218979835510254
26.0,10.0,10.0,0.024628877639770508
28.0,14.0,14.0,0.0279996395111084
113.0,45.0,45.0,0.09963274002075195
52.0,29.0,29.0,0.0429995059967041
43.0,27.0,27.0,0.040628910064697266
37.0,17.0,17.0,0.03299975395202637
27.0,10.0,10.0,0.021999835968017578
29.0,15.0,15.0,0.023633956909179688
51.0,24.0,24.0,0.04352927207946777
91.0,41.0,41.0,0.08663225173950195
51.0,24.0,24.0,0.0429995059967041
21.0,9.0,9.0,0.019628286361694336
53.0,24.0,24.0,0.042999982833862305
94.0,39.0,39.0,0.08663487434387207
28.0,11.0,11.0,0.02400040626525879
194.0,79.0,79.0,0.1622610092163086
167.0,64.0,64.0,0.1687014102935791
58.0,24.0,24.0,0.05804443359375
25.0,8.0,8.0,0.02399921417236328
27.0,16.0,16.0,0.03358817100524902
44.0,21.0,21.0,0.0449976921081543
42.0,24.0,24.0,0.03663277626037598
21.0,11.0,11.0,0.017999649047851562
37.0,17.0,17.0,0.03299975395202637
21.0,9.0,9.0,0.019041776657104492
135.0,65.0,65.0,0.12222146987915039
107.0,52.0,52.0,0.09984278678894043
154.0,49.0,49.0,0.14880704879760742
37.0,18.0,18.0,0.035042762756347656
101.0,38.0,38.0,0.08100008964538574
58.0,29.0,29.0,0.046628713607788086
91.0,50.0,50.0,0.08463335037231445
27.0,12.0,12.0,0.029999732971191406
92.0,36.0,36.0,0.08158040046691895
38.0,18.0,18.0,0.03426218032836914
65.0,28.0,28.0,0.07019710540771484
162.0,54.0,54.0,0.16126322746276855
29.0,18.0,18.0,0.029000043869018555
30.0,9.0,9.0,0.028999805450439453
182.0,67.0,67.0,0.16526412963867188
45.0,20.0,20.0,0.05095815658569336
40.0,26.0,26.0,0.036275386810302734
99.0,51.0,51.0,0.09663271903991699
61.0,20.0,20.0,0.056999921798706055
109.0,45.0,45.0,0.11162877082824707
38.0,14.0,14.0,0.03459000587463379
37.0,15.0,15.0,0.029942750930786133
25.0,10.0,10.0,0.01900005340576172
43.0,24.0,24.0,0.03757119178771973
20.0,8.0,8.0,0.0180056095123291
129.0,34.0,34.0,0.12762904167175293
115.0,61.0,61.0,0.10463261604309082
67.0,27.0,27.0,0.05862832069396973
94.0,44.0,44.0,0.0841531753540039
17.0,6.0,6.0,0.015000104904174805
43.0,18.0,18.0,0.04504847526550293
54.0,42.0,42.0,0.04458975791931152
25.0,13.0,13.0,0.01999974250793457
25.0,11.0,11.0,0.018999814987182617
68.0,28.0,28.0,0.05562853813171387
65.0,20.0,20.0,0.05718636512756348
90.0,29.0,29.0,0.07659077644348145
197.0,81.0,81.0,0.18426132202148438
42.0,22.0,22.0,0.035042524337768555
45.0,24.0,24.0,0.048046112060546875
26.0,14.0,14.0,0.02500009536743164
139.0,75.0,75.0,0.15298080444335938
140.0,72.0,72.0,0.1212468147277832
112.0,68.0,68.0,0.09063243865966797
29.0,18.0,18.0,0.037000417709350586
64.0,28.0,28.0,0.07158541679382324
87.0,20.0,20.0,0.08063530921936035
65.0,39.0,39.0,0.055628299713134766
126.0,41.0,41.0,0.11763262748718262
53.0,19.0,19.0,0.04999995231628418
35.0,12.0,12.0,0.028630733489990234
77.0,31.0,31.0,0.07899951934814453
36.0,17.0,17.0,0.028589725494384766
113.0,50.0,50.0,0.09862804412841797
98.0,58.0,58.0,0.08663249015808105
58.0,18.0,18.0,0.04999971389770508
35.0,24.0,24.0,0.029042720794677734
60.0,30.0,30.0,0.05158543586730957
59.0,23.0,23.0,0.06663274765014648
57.0,23.0,23.0,0.048999786376953125
244.0,103.0,103.0,0.2308359146118164
21.0,10.0,10.0,0.022591590881347656
45.0,24.0,24.0,0.0429995059967041
77.0,48.0,48.0,0.06262969970703125
84.0,39.0,39.0,0.07963299751281738
97.0,36.0,36.0,0.10663127899169922
21.0,8.0,8.0,0.018999814987182617
29.0,13.0,13.0,0.026000261306762695
101.0,69.0,69.0,0.0836329460144043
93.0,45.0,45.0,0.08262825012207031
38.0,19.0,19.0,0.034999847412109375
91.0,29.0,29.0,0.11567568778991699
32.0,13.0,13.0,0.03132748603820801
52.0,24.0,24.0,0.045145511627197266
33.0,18.0,18.0,0.03145027160644531
119.0,40.0,40.0,0.11138272285461426
135.0,45.0,45.0,0.12863373756408691
33.0,18.0,18.0,0.04004335403442383
23.0,10.0,10.0,0.022586345672607422
30.0,19.0,19.0,0.026998519897460938
51.0,27.0,27.0,0.05304551124572754
30.0,18.0,18.0,0.03099799156188965
66.0,29.0,29.0,0.0686347484588623
66.0,29.0,29.0,0.06300044059753418
52.0,33.0,33.0,0.04963517189025879
23.0,8.0,8.0,0.025533199310302734
59.0,31.0,31.0,0.0576326847076416
23.0,9.0,9.0,0.019000530242919922
32.0,14.0,14.0,0.026999950408935547
79.0,31.0,31.0,0.06362748146057129
37.0,17.0,17.0,0.029000043869018555
118.0,49.0,49.0,0.10163235664367676
240.0,107.0,107.0,0.2674224376678467
38.0,18.0,18.0,0.031000137329101562
23.0,7.0,7.0,0.018999338150024414
50.0,17.0,17.0,0.040628671646118164
20.0,6.0,6.0,0.017999887466430664
60.0,29.0,29.0,0.06063246726989746
49.0,23.0,23.0,0.05000019073486328
30.0,9.0,9.0,0.030043840408325195
153.0,76.0,76.0,0.13721776008605957
62.0,27.0,27.0,0.05200004577636719
29.0,16.0,16.0,0.023585796356201172
93.0,50.0,50.0,0.0750432014465332
30.0,13.0,13.0,0.026590824127197266
28.0,13.0,13.0,0.023000240325927734
91.0,53.0,53.0,0.07662773132324219
61.0,27.0,27.0,0.04999971389770508
72.0,35.0,35.0,0.06819844245910645
18.0,7.0,7.0,0.018999814987182617
44.0,26.0,26.0,0.045366525650024414
41.0,14.0,14.0,0.040770769119262695
98.0,52.0,52.0,0.10329365730285645
71.0,29.0,29.0,0.058632612228393555
65.0,27.0,27.0,0.056999921798706055
28.0,13.0,13.0,0.025058507919311523
148.0,67.0,67.0,0.12263274192810059
61.0,33.0,33.0,0.054000139236450195
26.0,7.0,7.0,0.022628068923950195
162.0,65.0,65.0,0.13715720176696777
90.0,35.0,35.0,0.08163237571716309
26.0,13.0,13.0,0.019999980926513672
94.0,32.0,32.0,0.07762932777404785
68.0,41.0,41.0,0.05405569076538086
170.0,56.0,56.0,0.15274596214294434
23.0,10.0,10.0,0.01999974250793457
90.0,33.0,33.0,0.07362771034240723
65.0,31.0,31.0,0.06063246726989746
26.0,12.0,12.0,0.025999784469604492
58.0,31.0,31.0,0.06104302406311035
44.0,10.0,10.0,0.041585683822631836
21.0,8.0,8.0,0.026000261306762695
79.0,26.0,26.0,0.07163262367248535
129.0,38.0,38.0,0.10857295989990234
43.0,10.0,10.0,0.035042524337768555
46.0,22.0,22.0,0.04058980941772461
125.0,52.0,52.0,0.11162877082824707
59.0,28.0,28.0,0.05963277816772461
62.0,18.0,18.0,0.05800008773803711
35.0,24.0,24.0,0.030627727508544922
43.0,16.0,16.0,0.040004730224609375
165.0,63.0,63.0,0.15311431884765625
21.0,10.0,10.0,0.0170443058013916
37.0,27.0,27.0,0.031999826431274414
31.0,21.0,21.0,0.026999950408935547
101.0,48.0,48.0,0.15053653717041016
110.0,39.0,39.0,0.09623003005981445
92.0,27.0,27.0,0.08263373374938965
34.0,17.0,17.0,0.02499866485595703
26.0,11.0,11.0,0.01999974250793457
42.0,26.0,26.0,0.03358316421508789
39.0,20.0,20.0,0.03052806854248047
57.0,35.0,35.0,0.04699993133544922
54.0,17.0,17.0,0.04562878608703613
114.0,46.0,46.0,0.10663485527038574
166.0,66.0,66.0,0.1456279754638672
99.0,27.0,27.0,0.09681582450866699
45.0,21.0,21.0,0.041620492935180664
32.0,17.0,17.0,0.026999473571777344
40.0,11.0,11.0,0.041042327880859375
61.0,28.0,28.0,0.057999610900878906
85.0,39.0,39.0,0.09163379669189453
34.0,13.0,13.0,0.04004383087158203
22.0,8.0,8.0,0.02258753776550293
46.0,16.0,16.0,0.0410001277923584
45.0,24.0,24.0,0.03963804244995117
47.0,35.0,35.0,0.04600024223327637
25.0,14.0,14.0,0.023000001907348633
178.0,58.0,58.0,0.15926265716552734
41.0,26.0,26.0,0.03500008583068848
34.0,13.0,13.0,0.02662801742553711
101.0,36.0,36.0,0.08504271507263184
25.0,14.0,14.0,0.019589662551879883
43.0,22.0,22.0,0.03600001335144043
58.0,37.0,37.0,0.053159236907958984
45.0,26.0,26.0,0.04700016975402832
29.0,16.0,16.0,0.030042648315429688
37.0,18.0,18.0,0.032585859298706055
21.0,10.0,10.0,0.023000001907348633
211.0,104.0,104.0,0.1882619857788086
43.0,24.0,24.0,0.03600001335144043
28.0,10.0,10.0,0.025612354278564453
70.0,34.0,34.0,0.06729793548583984
69.0,35.0,35.0,0.05915641784667969
33.0,22.0,22.0,0.02772831916809082
24.0,11.0,11.0,0.021201372146606445
33.0,18.0,18.0,0.030590057373046875
134.0,54.0,54.0,0.10562849044799805
41.0,20.0,20.0,0.031999826431274414
96.0,31.0,31.0,0.08163285255432129
34.0,12.0,12.0,0.029000043869018555
194.0,70.0,70.0,0.18026065826416016
131.0,54.0,54.0,0.13067078590393066
54.0,26.0,26.0,0.05058908462524414
23.0,9.0,9.0,0.024000167846679688
84.0,31.0,31.0,0.08034777641296387
121.0,50.0,50.0,0.12266016006469727
101.0,38.0,38.0,0.09122276306152344
50.0,28.0,28.0,0.0426328182220459
155.0,55.0,55.0,0.12462830543518066
62.0,30.0,30.0,0.05004286766052246
22.0,9.0,9.0,0.020589590072631836
31.0,21.0,21.0,0.026999711990356445
26.0,11.0,11.0,0.02500009536743164
27.0,16.0,16.0,0.023583412170410156
90.0,30.0,30.0,0.08000016212463379
44.0,17.0,17.0,0.045632123947143555
132.0,62.0,62.0,0.1256256103515625
60.0,31.0,31.0,0.05663323402404785
83.0,32.0,32.0,0.08462810516357422
148.0,50.0,50.0,0.12763261795043945
33.0,19.0,19.0,0.028999805450439453
27.0,16.0,16.0,0.026042699813842773
34.0,13.0,13.0,0.035433053970336914
195.0,58.0,58.0,0.19034385681152344
132.0,49.0,49.0,0.12420892715454102
72.0,40.0,40.0,0.06463265419006348
46.0,18.0,18.0,0.046529293060302734
113.0,41.0,41.0,0.0986328125
35.0,18.0,18.0,0.03404402732849121
29.0,17.0,17.0,0.024046659469604492
22.0,10.0,10.0,0.01699995994567871
37.0,17.0,17.0,0.03199958801269531
38.0,19.0,19.0,0.029632568359375
33.0,19.0,19.0,0.027988672256469727
21.0,9.0,9.0,0.01900005340576172
203.0,78.0,78.0,0.18526148796081543
102.0,40.0,40.0,0.09462785720825195
260.0,73.0,73.0,0.23826217651367188
64.0,50.0,50.0,0.052590131759643555
52.0,22.0,22.0,0.0409998893737793
33.0,12.0,12.0,0.028628110885620117
20.0,6.0,6.0,0.018022775650024414
27.0,15.0,15.0,0.02200007438659668
19.0,8.0,8.0,0.015000104904174805
43.0,12.0,12.0,0.036632537841796875
118.0,26.0,26.0,0.10562849044799805
43.0,24.0,24.0,0.03600001335144043
132.0,74.0,74.0,0.10862612724304199
103.0,35.0,35.0,0.08863401412963867
53.0,16.0,16.0,0.05463290214538574
49.0,20.0,20.0,0.039999961853027344
107.0,50.0,50.0,0.10062813758850098
23.0,11.0,11.0,0.01900005340576172
44.0,21.0,21.0,0.04563260078430176
29.0,17.0,17.0,0.024999380111694336
57.0,34.0,34.0,0.04662775993347168
98.0,21.0,21.0,0.08704280853271484
130.0,56.0,56.0,0.12908220291137695
39.0,19.0,19.0,0.034868478775024414
58.0,23.0,23.0,0.048186302185058594
74.0,38.0,38.0,0.06914186477661133
32.0,12.0,12.0,0.026629924774169922
23.0,13.0,13.0,0.01999974250793457
127.0,45.0,45.0,0.10363388061523438
33.0,23.0,23.0,0.026999711990356445
20.0,7.0,7.0,0.01699995994567871
23.0,12.0,12.0,0.018582820892333984
48.0,23.0,23.0,0.04200005531311035
43.0,20.0,20.0,0.03600025177001953
18.0,7.0,7.0,0.01504206657409668
41.0,13.0,13.0,0.04357266426086426
50.0,15.0,15.0,0.04004240036010742
157.0,68.0,68.0,0.14021778106689453
99.0,46.0,46.0,0.08463191986083984
32.0,10.0,10.0,0.026000022888183594
61.0,13.0,13.0,0.054042816162109375
54.0,24.0,24.0,0.04404497146606445
82.0,36.0,36.0,0.06563353538513184
81.0,29.0,29.0,0.06800007820129395
81.0,27.0,27.0,0.06904435157775879
71.0,20.0,20.0,0.0576319694519043
47.0,28.0,28.0,0.040999650955200195
59.0,28.0,28.0,0.04762983322143555
86.0,41.0,41.0,0.0689997673034668
42.0,24.0,24.0,0.03463292121887207
89.0,27.0,27.0,0.07404303550720215
57.0,18.0,18.0,0.04890012741088867
36.0,11.0,11.0,0.031000137329101562
71.0,53.0,53.0,0.061632394790649414
92.0,39.0,39.0,0.07500553131103516
31.0,20.0,20.0,0.026999711990356445
69.0,28.0,28.0,0.05962777137756348
44.0,27.0,27.0,0.037000179290771484
37.0,16.0,16.0,0.032000064849853516
88.0,35.0,35.0,0.08463144302368164
48.0,21.0,21.0,0.040628671646118164
68.0,44.0,44.0,0.062000274658203125
111.0,48.0,48.0,0.12695050239562988
45.0,13.0,13.0,0.038294076919555664
53.0,19.0,19.0,0.04526543617248535
54.0,36.0,36.0,0.043587446212768555
87.0,46.0,46.0,0.0726323127746582
56.0,23.0,23.0,0.04999995231628418
24.0,14.0,14.0,0.020999908447265625
80.0,34.0,34.0,0.06962800025939941
39.0,16.0,16.0,0.03099989891052246
85.0,37.0,37.0,0.06863260269165039
98.0,42.0,42.0,0.0786278247833252
60.0,27.0,27.0,0.05304288864135742
81.0,31.0,31.0,0.07359004020690918
65.0,26.0,26.0,0.06862783432006836
100.0,66.0,66.0,0.09763216972351074
67.0,23.0,23.0,0.06762862205505371
115.0,44.0,44.0,0.10463953018188477
58.0,19.0,19.0,0.048528194427490234
40.0,22.0,22.0,0.03304290771484375
75.0,28.0,28.0,0.06559014320373535
109.0,55.0,55.0,0.09262776374816895
31.0,12.0,12.0,0.02904224395751953
18.0,7.0,7.0,0.01858997344970703
32.0,12.0,12.0,0.026999950408935547
106.0,44.0,44.0,0.09062862396240234
22.0,11.0,11.0,0.017999887466430664
42.0,17.0,17.0,0.03604245185852051
36.0,14.0,14.0,0.03959012031555176
31.0,14.0,14.0,0.03099966049194336
63.0,34.0,34.0,0.05962848663330078
75.0,41.0,41.0,0.06404232978820801
28.0,16.0,16.0,0.02659010887145996
39.0,24.0,24.0,0.034999847412109375
45.0,21.0,21.0,0.04204273223876953
58.0,24.0,24.0,0.055045366287231445
103.0,34.0,34.0,0.09119677543640137
17.0,6.0,6.0,0.01699995994567871
67.0,29.0,29.0,0.06263256072998047
19.0,7.0,7.0,0.01999974250793457
25.0,14.0,14.0,0.025000333786010742
26.0,13.0,13.0,0.0315859317779541
157.0,52.0,52.0,0.16228985786437988
24.0,12.0,12.0,0.02281332015991211
33.0,11.0,11.0,0.029033422470092773
32.0,15.0,15.0,0.03000020980834961
47.0,19.0,19.0,0.05115771293640137
20.0,7.0,7.0,0.023000001907348633
52.0,27.0,27.0,0.055629730224609375
93.0,23.0,23.0,0.0966329574584961
58.0,28.0,28.0,0.054000139236450195
39.0,12.0,12.0,0.04062771797180176
32.0,14.0,14.0,0.034999847412109375
91.0,35.0,35.0,0.08463311195373535
54.0,32.0,32.0,0.0429997444152832
33.0,19.0,19.0,0.02562856674194336
100.0,38.0,38.0,0.09404182434082031
43.0,22.0,22.0,0.047589778900146484
74.0,33.0,33.0,0.06862902641296387
68.0,40.0,40.0,0.0559999942779541
157.0,61.0,61.0,0.1382608413696289
78.0,37.0,37.0,0.06904268264770508
40.0,17.0,17.0,0.03759002685546875
47.0,18.0,18.0,0.04399991035461426
48.0,25.0,25.0,0.04562830924987793
32.0,17.0,17.0,0.031000137329101562
33.0,14.0,14.0,0.0279998779296875
45.0,17.0,17.0,0.05063199996948242
35.0,14.0,14.0,0.03500008583068848
71.0,27.0,27.0,0.08462882041931152
58.0,41.0,41.0,0.052744150161743164
176.0,59.0,59.0,0.188262939453125
29.0,12.0,12.0,0.026999473571777344
140.0,41.0,41.0,0.1456291675567627
73.0,32.0,32.0,0.06663346290588379
51.0,18.0,18.0,0.0505831241607666
65.0,23.0,23.0,0.06999993324279785
26.0,9.0,9.0,0.022483348846435547
27.0,15.0,15.0,0.02351069450378418
76.0,30.0,30.0,0.06838274002075195
245.0,103.0,103.0,0.20791387557983398
106.0,48.0,48.0,0.09304285049438477
47.0,18.0,18.0,0.04258584976196289
96.0,34.0,34.0,0.08163261413574219
40.0,19.0,19.0,0.03500008583068848
28.0,14.0,14.0,0.02404308319091797
29.0,12.0,12.0,0.02558612823486328
60.0,26.0,26.0,0.05700063705444336
27.0,13.0,13.0,0.026632308959960938
48.0,27.0,27.0,0.04452824592590332
90.0,50.0,50.0,0.07763314247131348
67.0,28.0,28.0,0.062042951583862305
33.0,15.0,15.0,0.029586076736450195
92.0,17.0,17.0,0.07963299751281738
43.0,16.0,16.0,0.03500032424926758
27.0,16.0,16.0,0.02500009536743164
55.0,22.0,22.0,0.049628257751464844
36.0,24.0,24.0,0.031000137329101562
37.0,17.0,17.0,0.031043529510498047
49.0,30.0,30.0,0.048590898513793945
55.0,19.0,19.0,0.04504275321960449
57.0,33.0,33.0,0.048584938049316406
23.0,11.0,11.0,0.020999908447265625
31.0,20.0,20.0,0.026042461395263672
177.0,62.0,62.0,0.17636752128601074
20.0,7.0,7.0,0.018042564392089844
46.0,18.0,18.0,0.038588762283325195
128.0,40.0,40.0,0.10962891578674316
48.0,24.0,24.0,0.03899979591369629
51.0,27.0,27.0,0.04363274574279785
49.0,27.0,27.0,0.040000200271606445
60.0,28.0,28.0,0.04962801933288574
36.0,10.0,10.0,0.03399944305419922
56.0,17.0,17.0,0.04863238334655762
81.0,33.0,33.0,0.06799983978271484
55.0,28.0,28.0,0.06576800346374512
64.0,26.0,26.0,0.0697786808013916
39.0,28.0,28.0,0.0354921817779541
138.0,58.0,58.0,0.1246340274810791
33.0,12.0,12.0,0.027633190155029297
60.0,22.0,22.0,0.0560002326965332
133.0,53.0,53.0,0.12005138397216797
26.0,14.0,14.0,0.02258610725402832
44.0,23.0,23.0,0.037999868392944336
45.0,22.0,22.0,0.03904247283935547
42.0,22.0,22.0,0.041590213775634766
25.0,9.0,9.0,0.01999974250793457
74.0,25.0,25.0,0.06262850761413574
31.0,15.0,15.0,0.023999929428100586
28.0,14.0,14.0,0.02400040626525879
24.0,8.0,8.0,0.021042346954345703
88.0,50.0,50.0,0.07600021362304688
58.0,31.0,31.0,0.05448603630065918
81.0,37.0,37.0,0.07763266563415527
52.0,24.0,24.0,0.04600024223327637
29.0,17.0,17.0,0.026042699813842773
55.0,23.0,23.0,0.0465855598449707
116.0,65.0,65.0,0.09263277053833008
41.0,15.0,15.0,0.037000179290771484
57.0,19.0,19.0,0.04862833023071289
76.0,39.0,39.0,0.06557202339172363
21.0,10.0,10.0,0.020585298538208008
151.0,65.0,65.0,0.1396324634552002
41.0,9.0,9.0,0.035042524337768555
79.0,43.0,43.0,0.06658554077148438
28.0,13.0,13.0,0.024042367935180664
33.0,22.0,22.0,0.02658987045288086
40.0,24.0,24.0,0.03699994087219238
153.0,60.0,60.0,0.12862753868103027
138.0,46.0,46.0,0.11726069450378418
83.0,35.0,35.0,0.0709998607635498
86.0,26.0,26.0,0.07763290405273438
49.0,18.0,18.0,0.04104256629943848
52.0,16.0,16.0,0.044586181640625
144.0,55.0,55.0,0.1288468837738037
21.0,8.0,8.0,0.017096996307373047
21.0,10.0,10.0,0.017503738403320312
50.0,14.0,14.0,0.04403424263000488
260.0,107.0,107.0,0.21526193618774414
41.0,16.0,16.0,0.03500843048095703
36.0,24.0,24.0,0.030041933059692383
100.0,58.0,58.0,0.08663415908813477
123.0,66.0,66.0,0.1086280345916748
37.0,19.0,19.0,0.03099989891052246
42.0,16.0,16.0,0.03916501998901367
77.0,38.0,38.0,0.06503796577453613
24.0,9.0,9.0,0.021590709686279297
74.0,32.0,32.0,0.06799983978271484
32.0,10.0,10.0,0.025589942932128906
196.0,106.0,106.0,0.16362833976745605
41.0,14.0,14.0,0.03563237190246582
75.0,40.0,40.0,0.06480574607849121
47.0,30.0,30.0,0.04062819480895996
166.0,69.0,69.0,0.14363312721252441
135.0,69.0,69.0,0.11062908172607422
63.0,18.0,18.0,0.05163240432739258
34.0,19.0,19.0,0.03099989891052246
50.0,24.0,24.0,0.040628671646118164
126.0,46.0,46.0,0.11263227462768555
95.0,35.0,35.0,0.08564591407775879
53.0,21.0,21.0,0.04300045967102051
25.0,8.0,8.0,0.020999908447265625
37.0,11.0,11.0,0.02863287925720215
70.0,18.0,18.0,0.05799984931945801
62.0,22.0,22.0,0.053629159927368164
46.0,20.0,20.0,0.037999868392944336
23.0,12.0,12.0,0.018042564392089844
42.0,8.0,8.0,0.03459000587463379
32.0,11.0,11.0,0.03099966049194336
88.0,28.0,28.0,0.08809232711791992
51.0,11.0,11.0,0.0521092414855957
29.0,16.0,16.0,0.023895263671875
28.0,14.0,14.0,0.02303314208984375
71.0,46.0,46.0,0.05963253974914551
55.0,34.0,34.0,0.04699993133544922
47.0,31.0,31.0,0.042633771896362305
34.0,12.0,12.0,0.026000022888183594
18.0,4.0,4.0,0.013999462127685547
133.0,55.0,55.0,0.11763286590576172
40.0,15.0,15.0,0.03462815284729004
51.0,29.0,29.0,0.049840450286865234
88.0,35.0,35.0,0.07763242721557617
81.0,27.0,27.0,0.06962776184082031
29.0,17.0,17.0,0.024000167846679688
40.0,19.0,19.0,0.03600001335144043
77.0,32.0,32.0,0.06263279914855957
51.0,30.0,30.0,0.043999671936035156
131.0,59.0,59.0,0.11519932746887207
172.0,69.0,69.0,0.15567755699157715
59.0,27.0,27.0,0.04962921142578125
46.0,20.0,20.0,0.03900003433227539
86.0,37.0,37.0,0.07363271713256836
40.0,23.0,23.0,0.034999847412109375
96.0,31.0,31.0,0.09062862396240234
112.0,41.0,41.0,0.09563255310058594
26.0,7.0,7.0,0.021999597549438477
61.0,34.0,34.0,0.05362749099731445
148.0,58.0,58.0,0.12563443183898926
21.0,5.0,5.0,0.023999929428100586
37.0,16.0,16.0,0.03462862968444824
20.0,8.0,8.0,0.021000146865844727
54.0,24.0,24.0,0.042999982833862305
49.0,15.0,15.0,0.03963303565979004
24.0,13.0,13.0,0.01999974250793457
32.0,18.0,18.0,0.025999784469604492
32.0,18.0,18.0,0.026628494262695312
49.0,22.0,22.0,0.045000314712524414
50.0,27.0,27.0,0.046042442321777344
182.0,86.0,86.0,0.18499207496643066
42.0,25.0,25.0,0.03727078437805176
104.0,35.0,35.0,0.08662796020507812
22.0,9.0,9.0,0.01799941062927246
91.0,36.0,36.0,0.07663249969482422
191.0,72.0,72.0,0.16762900352478027
71.0,36.0,36.0,0.05863308906555176
34.0,12.0,12.0,0.0280001163482666
36.0,25.0,25.0,0.030627727508544922
66.0,27.0,27.0,0.058003902435302734
24.0,13.0,13.0,0.01900005340576172
28.0,12.0,12.0,0.0235898494720459
16.0,5.0,5.0,0.013000011444091797
36.0,25.0,25.0,0.0322413444519043
107.0,48.0,48.0,0.08862090110778809
47.0,17.0,17.0,0.037042856216430664
26.0,14.0,14.0,0.021859169006347656
30.0,18.0,18.0,0.026000261306762695
26.0,14.0,14.0,0.02299976348876953
24.0,12.0,12.0,0.021043062210083008
59.0,21.0,21.0,0.047589778900146484
87.0,30.0,30.0,0.07262849807739258
88.0,41.0,41.0,0.08004260063171387
54.0,15.0,15.0,0.04458975791931152
125.0,49.0,49.0,0.12215662002563477
35.0,7.0,7.0,0.03104233741760254
113.0,51.0,51.0,0.11852908134460449
67.0,25.0,25.0,0.05572247505187988
30.0,13.0,13.0,0.025051593780517578
64.0,18.0,18.0,0.060330867767333984
56.0,32.0,32.0,0.06463336944580078
60.0,28.0,28.0,0.05404257774353027
71.0,30.0,30.0,0.05858564376831055
35.0,17.0,17.0,0.03000044822692871
62.0,24.0,24.0,0.055632591247558594
28.0,5.0,5.0,0.023000240325927734
40.0,12.0,12.0,0.032042503356933594
141.0,51.0,51.0,0.11421871185302734
84.0,34.0,34.0,0.08263802528381348
203.0,76.0,76.0,0.17699837684631348
21.0,8.0,8.0,0.019042491912841797
34.0,17.0,17.0,0.027589797973632812
18.0,8.0,8.0,0.015764474868774414
42.0,29.0,29.0,0.03417801856994629
58.0,18.0,18.0,0.05162787437438965
53.0,22.0,22.0,0.043999671936035156
104.0,34.0,34.0,0.10063290596008301
24.0,11.0,11.0,0.028995275497436523
93.0,32.0,32.0,0.08404231071472168
40.0,20.0,20.0,0.0394139289855957
48.0,18.0,18.0,0.05204439163208008
79.0,23.0,23.0,0.07258486747741699
21.0,10.0,10.0,0.018042564392089844
92.0,34.0,34.0,0.07359027862548828
84.0,28.0,28.0,0.07200312614440918
78.0,30.0,30.0,0.07263445854187012
28.0,16.0,16.0,0.023999929428100586
54.0,36.0,36.0,0.05004262924194336
53.0,27.0,27.0,0.0445866584777832
148.0,68.0,68.0,0.13363218307495117
22.0,7.0,7.0,0.022043704986572266
20.0,9.0,9.0,0.01958775520324707
66.0,27.0,27.0,0.06099963188171387
35.0,18.0,18.0,0.032633304595947266
55.0,29.0,29.0,0.05399966239929199
66.0,28.0,28.0,0.06023263931274414
145.0,51.0,51.0,0.13162994384765625
30.0,10.0,10.0,0.02804255485534668
88.0,36.0,36.0,0.08258962631225586
64.0,27.0,27.0,0.05862832069396973
90.0,31.0,31.0,0.08463263511657715
61.0,29.0,29.0,0.06085610389709473
52.0,16.0,16.0,0.04659008979797363
128.0,63.0,63.0,0.12162947654724121
27.0,6.0,6.0,0.02630901336669922
39.0,10.0,10.0,0.03557133674621582
63.0,23.0,23.0,0.06019163131713867
51.0,12.0,12.0,0.04609203338623047
22.0,7.0,7.0,0.024541616439819336
39.0,22.0,22.0,0.03760528564453125
46.0,22.0,22.0,0.03899955749511719
52.0,22.0,22.0,0.04404187202453613
72.0,37.0,37.0,0.07558536529541016
27.0,9.0,9.0,0.025588512420654297
47.0,17.0,17.0,0.04200005531311035
92.0,31.0,31.0,0.08662819862365723
39.0,19.0,19.0,0.03999972343444824
29.0,18.0,18.0,0.02863287925720215
68.0,31.0,31.0,0.06299996376037598
98.0,33.0,33.0,0.08562850952148438
69.0,29.0,29.0,0.0706329345703125
52.0,24.0,24.0,0.05604243278503418
71.0,18.0,18.0,0.06058526039123535
47.0,21.0,21.0,0.05263233184814453
37.0,19.0,19.0,0.046000003814697266
37.0,15.0,15.0,0.049628496170043945
83.0,37.0,37.0,0.08357095718383789
63.0,30.0,30.0,0.06255173683166504
85.0,35.0,35.0,0.08963298797607422
39.0,22.0,22.0,0.05063486099243164
22.0,11.0,11.0,0.020999431610107422
143.0,49.0,49.0,0.11861157417297363
64.0,35.0,35.0,0.05170607566833496
47.0,14.0,14.0,0.051032066345214844
32.0,19.0,19.0,0.029999732971191406
36.0,12.0,12.0,0.02859020233154297
53.0,29.0,29.0,0.04400014877319336
53.0,25.0,25.0,0.042627811431884766
18.0,7.0,7.0,0.014999866485595703
30.0,12.0,12.0,0.026000261306762695
37.0,14.0,14.0,0.035044193267822266
182.0,79.0,79.0,0.17063283920288086
125.0,56.0,56.0,0.1575756072998047
66.0,23.0,23.0,0.07365226745605469
145.0,49.0,49.0,0.14966869354248047
33.0,19.0,19.0,0.026166200637817383
43.0,20.0,20.0,0.0405580997467041
51.0,34.0,34.0,0.04999995231628418
70.0,20.0,20.0,0.06463336944580078
34.0,19.0,19.0,0.03299999237060547
51.0,27.0,27.0,0.04562807083129883
67.0,18.0,18.0,0.055999755859375
24.0,10.0,10.0,0.019634485244750977
323.0,134.0,134.0,0.315244197845459
49.0,24.0,24.0,0.04404497146606445
33.0,21.0,21.0,0.031036853790283203
33.0,15.0,15.0,0.029000282287597656
23.0,9.0,9.0,0.018999814987182617
74.0,26.0,26.0,0.06363248825073242
151.0,41.0,41.0,0.12763047218322754
21.0,10.0,10.0,0.016000032424926758
20.0,7.0,7.0,0.01699995994567871
20.0,9.0,9.0,0.01663351058959961
35.0,21.0,21.0,0.026999950408935547
112.0,45.0,45.0,0.09062838554382324
64.0,39.0,39.0,0.05500006675720215
42.0,20.0,20.0,0.03763294219970703
19.0,7.0,7.0,0.014999866485595703
66.0,34.0,34.0,0.05504274368286133
79.0,27.0,27.0,0.06906986236572266
34.0,18.0,18.0,0.02804255485534668
31.0,16.0,16.0,0.025585412979125977
105.0,36.0,36.0,0.08963274955749512
51.0,25.0,25.0,0.04800009727478027
31.0,12.0,12.0,0.028042078018188477
63.0,22.0,22.0,0.050585269927978516
68.0,45.0,45.0,0.058632612228393555
45.0,13.0,13.0,0.03599977493286133
86.0,34.0,34.0,0.07863044738769531
16.0,5.0,5.0,0.013000249862670898
90.0,37.0,37.0,0.08693146705627441
93.0,39.0,39.0,0.08796429634094238
148.0,49.0,49.0,0.11984896659851074
26.0,8.0,8.0,0.024135589599609375
56.0,23.0,23.0,0.047627925872802734
146.0,77.0,77.0,0.1266324520111084
48.0,17.0,17.0,0.0410001277923584
27.0,10.0,10.0,0.028550386428833008
28.0,18.0,18.0,0.0279998779296875
39.0,24.0,24.0,0.03804159164428711
61.0,35.0,35.0,0.05859017372131348
74.0,30.0,30.0,0.06062912940979004
44.0,21.0,21.0,0.0410001277923584
48.0,19.0,19.0,0.040035247802734375
30.0,15.0,15.0,0.025043964385986328
55.0,25.0,25.0,0.04552817344665527
26.0,14.0,14.0,0.02204275131225586
53.0,22.0,22.0,0.044589996337890625
60.0,15.0,15.0,0.051043033599853516
43.0,30.0,30.0,0.03458523750305176
96.0,30.0,30.0,0.08563232421875
114.0,53.0,53.0,0.09562802314758301
56.0,25.0,25.0,0.04900002479553223
59.0,38.0,38.0,0.04863238334655762
19.0,7.0,7.0,0.018000125885009766
173.0,99.0,99.0,0.14667057991027832
66.0,28.0,28.0,0.05659031867980957
24.0,10.0,10.0,0.019999980926513672
96.0,44.0,44.0,0.08262801170349121
55.0,37.0,37.0,0.05163264274597168
37.0,25.0,25.0,0.03200030326843262
62.0,22.0,22.0,0.05604267120361328
62.0,22.0,22.0,0.05004596710205078
129.0,59.0,59.0,0.11543440818786621
56.0,39.0,39.0,0.04462862014770508
52.0,24.0,24.0,0.043999671936035156
24.0,13.0,13.0,0.02200007438659668
80.0,24.0,24.0,0.08363461494445801
87.0,48.0,48.0,0.08879756927490234
67.0,32.0,32.0,0.0646359920501709
148.0,56.0,56.0,0.12066268920898438
30.0,17.0,17.0,0.0279996395111084
66.0,33.0,33.0,0.0726327896118164
28.0,15.0,15.0,0.027999401092529297
21.0,10.0,10.0,0.022586584091186523
116.0,57.0,57.0,0.11463308334350586
73.0,37.0,37.0,0.10463213920593262
39.0,24.0,24.0,0.03239178657531738
48.0,19.0,19.0,0.03906989097595215
81.0,41.0,41.0,0.07399892807006836
22.0,7.0,7.0,0.02658987045288086
51.0,24.0,24.0,0.05099964141845703
60.0,22.0,22.0,0.04762983322143555
105.0,40.0,40.0,0.08004307746887207
18.0,7.0,7.0,0.019044160842895508
41.0,17.0,17.0,0.04399991035461426
48.0,13.0,13.0,0.03662896156311035
86.0,34.0,34.0,0.07500052452087402
127.0,43.0,43.0,0.11467528343200684
91.0,33.0,33.0,0.0746152400970459
110.0,27.0,27.0,0.09363269805908203
38.0,17.0,17.0,0.036628007888793945
81.0,40.0,40.0,0.07000017166137695
112.0,32.0,32.0,0.0986323356628418
76.0,35.0,35.0,0.08545422554016113
32.0,17.0,17.0,0.03058910369873047
74.0,26.0,26.0,0.07200026512145996
51.0,17.0,17.0,0.05362868309020996
42.0,11.0,11.0,0.04499983787536621
56.0,33.0,33.0,0.04863262176513672
44.0,23.0,23.0,0.04199957847595215
79.0,34.0,34.0,0.07562804222106934
50.0,32.0,32.0,0.05464959144592285
111.0,48.0,48.0,0.11530613899230957
39.0,17.0,17.0,0.033034563064575195
42.0,23.0,23.0,0.032042503356933594
66.0,25.0,25.0,0.05458641052246094
32.0,14.0,14.0,0.028000354766845703
106.0,49.0,49.0,0.08463239669799805
69.0,34.0,34.0,0.05762839317321777
63.0,24.0,24.0,0.056999921798706055
97.0,37.0,37.0,0.09716153144836426
96.0,41.0,41.0,0.08063197135925293
44.0,21.0,21.0,0.0340428352355957
37.0,15.0,15.0,0.031000137329101562
29.0,11.0,11.0,0.02500009536743164
125.0,37.0,37.0,0.10663270950317383
30.0,16.0,16.0,0.02804255485534668
46.0,19.0,19.0,0.04258584976196289
63.0,27.0,27.0,0.052042245864868164
205.0,104.0,104.0,0.17721891403198242
59.0,26.0,26.0,0.05063199996948242
98.0,37.0,37.0,0.08562827110290527
84.0,26.0,26.0,0.06799983978271484
76.0,33.0,33.0,0.06359100341796875
45.0,19.0,19.0,0.035042524337768555
30.0,12.0,12.0,0.026586055755615234
63.0,34.0,34.0,0.05417442321777344
76.0,38.0,38.0,0.06563234329223633
32.0,19.0,19.0,0.03600001335144043
25.0,13.0,13.0,0.021943092346191406
131.0,46.0,46.0,0.11763286590576172
46.0,12.0,12.0,0.045999765396118164
33.0,20.0,20.0,0.030633926391601562
43.0,26.0,26.0,0.03399968147277832
111.0,40.0,40.0,0.09462976455688477
40.0,8.0,8.0,0.034999847412109375
128.0,56.0,56.0,0.1288449764251709
82.0,29.0,29.0,0.09144711494445801
78.0,49.0,49.0,0.07865095138549805
22.0,5.0,5.0,0.02059006690979004
46.0,26.0,26.0,0.05200004577636719
28.0,16.0,16.0,0.031042814254760742
24.0,13.0,13.0,0.022587299346923828
22.0,8.0,8.0,0.018000125885009766
46.0,12.0,12.0,0.0409998893737793
149.0,57.0,57.0,0.12621831893920898
55.0,28.0,28.0,0.04900026321411133
67.0,36.0,36.0,0.05563187599182129
76.0,28.0,28.0,0.06504273414611816
97.0,36.0,36.0,0.08658576011657715
19.0,7.0,7.0,0.015042781829833984
57.0,33.0,33.0,0.047589778900146484
213.0,81.0,81.0,0.1782679557800293
51.0,23.0,23.0,0.0410001277923584
127.0,31.0,31.0,0.1066281795501709
56.0,40.0,40.0,0.04962611198425293
47.0,22.0,22.0,0.0409998893737793
83.0,27.0,27.0,0.07462811470031738
111.0,43.0,43.0,0.09963417053222656
54.0,15.0,15.0,0.04604291915893555
35.0,20.0,20.0,0.03090214729309082
63.0,26.0,26.0,0.051999807357788086
77.0,27.0,27.0,0.06463241577148438
105.0,44.0,44.0,0.0916287899017334
66.0,25.0,25.0,0.05604243278503418
188.0,73.0,73.0,0.15921878814697266
90.0,29.0,29.0,0.07663345336914062
112.0,48.0,48.0,0.09562397003173828
76.0,40.0,40.0,0.0686333179473877
90.0,42.0,42.0,0.0948486328125
142.0,45.0,45.0,0.12366318702697754
128.0,53.0,53.0,0.11859798431396484
29.0,16.0,16.0,0.02499985694885254
26.0,12.0,12.0,0.02362847328186035
155.0,44.0,44.0,0.12763285636901855
52.0,28.0,28.0,0.045999765396118164
52.0,31.0,31.0,0.04543137550354004
46.0,24.0,24.0,0.037999868392944336
136.0,74.0,74.0,0.11867642402648926
28.0,10.0,10.0,0.0315859317779541
142.0,42.0,42.0,0.13263273239135742
81.0,31.0,31.0,0.061629295349121094
115.0,40.0,40.0,0.09461641311645508
35.0,12.0,12.0,0.0280001163482666
42.0,26.0,26.0,0.03904247283935547
20.0,9.0,9.0,0.01758551597595215
54.0,18.0,18.0,0.04900026321411133
42.0,16.0,16.0,0.044632911682128906
27.0,10.0,10.0,0.024000167846679688
29.0,12.0,12.0,0.026999711990356445
28.0,16.0,16.0,0.02700018882751465
53.0,27.0,27.0,0.044585466384887695
30.0,19.0,19.0,0.024999618530273438
54.0,25.0,25.0,0.045632362365722656
157.0,56.0,56.0,0.14116263389587402
65.0,30.0,30.0,0.056627750396728516
275.0,101.0,101.0,0.2482616901397705
19.0,8.0,8.0,0.017000198364257812
140.0,56.0,56.0,0.12826156616210938
35.0,12.0,12.0,0.03599977493286133
57.0,22.0,22.0,0.054589033126831055
74.0,36.0,36.0,0.06339883804321289
37.0,23.0,23.0,0.031954288482666016
21.0,10.0,10.0,0.01688528060913086
112.0,46.0,46.0,0.08966970443725586
31.0,15.0,15.0,0.024000167846679688
84.0,28.0,28.0,0.06862735748291016
72.0,14.0,14.0,0.05800008773803711
42.0,20.0,20.0,0.03763270378112793
46.0,24.0,24.0,0.03600001335144043
35.0,15.0,15.0,0.028000354766845703
24.0,8.0,8.0,0.0190427303314209
54.0,41.0,41.0,0.044587135314941406
35.0,20.0,20.0,0.026999950408935547
40.0,16.0,16.0,0.03362584114074707
49.0,17.0,17.0,0.04300069808959961
134.0,52.0,52.0,0.1061558723449707
56.0,44.0,44.0,0.047628164291381836
25.0,15.0,15.0,0.020999908447265625
84.0,40.0,40.0,0.0726327896118164
82.0,34.0,34.0,0.08604264259338379
32.0,18.0,18.0,0.025585412979125977
22.0,8.0,8.0,0.01900029182434082
73.0,30.0,30.0,0.061632633209228516
61.0,29.0,29.0,0.05800032615661621
44.0,25.0,25.0,0.03862810134887695
215.0,80.0,80.0,0.19941329956054688
21.0,10.0,10.0,0.018000125885009766
92.0,45.0,45.0,0.08863282203674316
25.0,11.0,11.0,0.024000167846679688
41.0,18.0,18.0,0.04004240036010742
63.0,29.0,29.0,0.055585384368896484
42.0,20.0,20.0,0.03900003433227539
57.0,33.0,33.0,0.049590349197387695
21.0,8.0,8.0,0.023000240325927734
188.0,93.0,93.0,0.17826199531555176
28.0,9.0,9.0,0.02200007438659668
37.0,17.0,17.0,0.035628318786621094
189.0,73.0,73.0,0.17411494255065918
53.0,21.0,21.0,0.05189847946166992
44.0,24.0,24.0,0.04015803337097168
37.0,15.0,15.0,0.029613018035888672
157.0,55.0,55.0,0.13077235221862793
69.0,27.0,27.0,0.05704307556152344
28.0,17.0,17.0,0.02259063720703125
32.0,19.0,19.0,0.02499985694885254
104.0,39.0,39.0,0.09862804412841797
41.0,29.0,29.0,0.03604269027709961
59.0,31.0,31.0,0.05959033966064453
54.0,26.0,26.0,0.05862832069396973
28.0,10.0,10.0,0.02499985694885254
110.0,46.0,46.0,0.1116325855255127
20.0,7.0,7.0,0.022000551223754883
68.0,37.0,37.0,0.07462835311889648
33.0,9.0,9.0,0.032000064849853516
57.0,21.0,21.0,0.05659079551696777
73.0,18.0,18.0,0.06662797927856445
125.0,44.0,44.0,0.10463285446166992
44.0,12.0,12.0,0.034999847412109375
33.0,16.0,16.0,0.025000333786010742
83.0,38.0,38.0,0.0726461410522461
35.0,16.0,16.0,0.029042720794677734
118.0,40.0,40.0,0.09763288497924805
25.0,8.0,8.0,0.019585847854614258
30.0,11.0,11.0,0.025999784469604492
56.0,32.0,32.0,0.05404305458068848
83.0,32.0,32.0,0.06558990478515625
81.0,41.0,41.0,0.06962871551513672
72.0,22.0,22.0,0.06877446174621582
57.0,34.0,34.0,0.04699993133544922
69.0,37.0,37.0,0.060628414154052734
169.0,72.0,72.0,0.1546328067779541
23.0,11.0,11.0,0.018042802810668945
50.0,22.0,22.0,0.03958535194396973
42.0,19.0,19.0,0.03600001335144043
23.0,8.0,8.0,0.0190427303314209
30.0,9.0,9.0,0.023590564727783203
107.0,41.0,41.0,0.09880685806274414
51.0,26.0,26.0,0.04119372367858887
55.0,22.0,22.0,0.04643678665161133
34.0,20.0,20.0,0.0279996395111084
42.0,23.0,23.0,0.03400015830993652
38.0,20.0,20.0,0.0296323299407959
45.0,24.0,24.0,0.040000200271606445
40.0,27.0,27.0,0.035042524337768555
50.0,36.0,36.0,0.04358553886413574
35.0,13.0,13.0,0.0280001163482666
18.0,7.0,7.0,0.016000032424926758
92.0,48.0,48.0,0.07559728622436523
59.0,24.0,24.0,0.05462837219238281
72.0,37.0,37.0,0.059999942779541016
59.0,27.0,27.0,0.05063295364379883
139.0,58.0,58.0,0.11662817001342773
22.0,12.0,12.0,0.017000198364257812
17.0,6.0,6.0,0.014000177383422852
60.0,39.0,39.0,0.04863309860229492
32.0,13.0,13.0,0.0280001163482666
30.0,18.0,18.0,0.02504253387451172
39.0,20.0,20.0,0.03378868103027344
64.0,16.0,16.0,0.05799984931945801
31.0,9.0,9.0,0.025632381439208984
25.0,15.0,15.0,0.020999908447265625
35.0,16.0,16.0,0.03099966049194336
45.0,35.0,35.0,0.0390775203704834
36.0,17.0,17.0,0.031000137329101562
47.0,17.0,17.0,0.04199981689453125
25.0,8.0,8.0,0.02163386344909668
64.0,34.0,34.0,0.05699968338012695
35.0,24.0,24.0,0.031042814254760742
126.0,54.0,54.0,0.10621857643127441
84.0,17.0,17.0,0.06999993324279785
97.0,48.0,48.0,0.08662891387939453
53.0,17.0,17.0,0.04363250732421875
50.0,22.0,22.0,0.043000221252441406
23.0,12.0,12.0,0.018999814987182617
21.0,9.0,9.0,0.018042564392089844
57.0,23.0,23.0,0.053038597106933594
36.0,9.0,9.0,0.028528451919555664
118.0,50.0,50.0,0.0936286449432373
61.0,14.0,14.0,0.05363273620605469
108.0,19.0,19.0,0.09562802314758301
22.0,8.0,8.0,0.017000198364257812
36.0,13.0,13.0,0.029999971389770508
40.0,24.0,24.0,0.03263258934020996
40.0,18.0,18.0,0.05300021171569824
30.0,15.0,15.0,0.030626535415649414
38.0,18.0,18.0,0.03621983528137207
51.0,20.0,20.0,0.0457463264465332
47.0,17.0,17.0,0.04290604591369629
72.0,18.0,18.0,0.0620427131652832
105.0,36.0,36.0,0.0936279296875
146.0,63.0,63.0,0.12773728370666504
137.0,63.0,63.0,0.11407613754272461
31.0,10.0,10.0,0.02899956703186035
117.0,47.0,47.0,0.10863184928894043
63.0,18.0,18.0,0.0506281852722168
42.0,20.0,20.0,0.032000064849853516
53.0,32.0,32.0,0.05163264274597168
66.0,41.0,41.0,0.05800008773803711
54.0,24.0,24.0,0.04443240165710449
77.0,24.0,24.0,0.0687410831451416
74.0,32.0,32.0,0.059999942779541016
44.0,16.0,16.0,0.03562784194946289
74.0,24.0,24.0,0.06100010871887207
58.0,24.0,24.0,0.051634788513183594
23.0,9.0,9.0,0.01900005340576172
107.0,40.0,40.0,0.0940253734588623
79.0,40.0,40.0,0.06863236427307129
78.0,29.0,29.0,0.06500005722045898
47.0,31.0,31.0,0.03862929344177246
29.0,13.0,13.0,0.026000261306762695
50.0,22.0,22.0,0.04504251480102539
51.0,24.0,24.0,0.04859042167663574
50.0,25.0,25.0,0.040000200271606445
30.0,10.0,10.0,0.025627613067626953
152.0,59.0,59.0,0.15963292121887207
21.0,10.0,10.0,0.02204298973083496
18.0,7.0,7.0,0.016585588455200195
54.0,20.0,20.0,0.04200029373168945
23.0,10.0,10.0,0.017999887466430664
36.0,19.0,19.0,0.028914690017700195
18.0,7.0,7.0,0.01399993896484375
84.0,39.0,39.0,0.06804323196411133
59.0,19.0,19.0,0.08059000968933105
42.0,20.0,20.0,0.03813791275024414
70.0,45.0,45.0,0.06800556182861328
41.0,23.0,23.0,0.039179086685180664
41.0,17.0,17.0,0.032000064849853516
32.0,16.0,16.0,0.026042461395263672
21.0,10.0,10.0,0.016589879989624023
44.0,21.0,21.0,0.03399991989135742
51.0,17.0,17.0,0.04204297065734863
83.0,27.0,27.0,0.07517504692077637
181.0,74.0,74.0,0.15026235580444336
19.0,7.0,7.0,0.018000125885009766
16.0,6.0,6.0,0.015999794006347656
65.0,29.0,29.0,0.052628517150878906
68.0,37.0,37.0,0.06300044059753418
46.0,18.0,18.0,0.040657997131347656
74.0,30.0,30.0,0.06199979782104492
77.0,40.0,40.0,0.06062769889831543
98.0,35.0,35.0,0.08663272857666016
81.0,40.0,40.0,0.06678628921508789
89.0,30.0,30.0,0.07900023460388184
40.0,20.0,20.0,0.033628225326538086
101.0,34.0,34.0,0.08463263511657715
109.0,54.0,54.0,0.09304285049438477
18.0,6.0,6.0,0.014045238494873047
91.0,46.0,46.0,0.07704281806945801
149.0,43.0,43.0,0.12674975395202637
83.0,28.0,28.0,0.07404303550720215
91.0,38.0,38.0,0.08058547973632812
47.0,26.0,26.0,0.04963278770446777
38.0,15.0,15.0,0.029999971389770508
48.0,22.0,22.0,0.03662824630737305
34.0,12.0,12.0,0.026999711990356445
33.0,20.0,20.0,0.0280001163482666
50.0,16.0,16.0,0.03958845138549805
81.0,43.0,43.0,0.06700015068054199
113.0,44.0,44.0,0.09762835502624512
54.0,30.0,30.0,0.05463290214538574
31.0,14.0,14.0,0.029999732971191406
66.0,28.0,28.0,0.06227874755859375
68.0,22.0,22.0,0.0608823299407959
38.0,20.0,20.0,0.03491497039794922
49.0,11.0,11.0,0.03900003433227539
69.0,35.0,35.0,0.05663251876831055
39.0,21.0,21.0,0.03500008583068848
62.0,35.0,35.0,0.051628828048706055
61.0,40.0,40.0,0.05500006675720215
110.0,49.0,49.0,0.09063267707824707
72.0,36.0,36.0,0.06662893295288086
40.0,24.0,24.0,0.03300023078918457
47.0,34.0,34.0,0.041115522384643555
50.0,29.0,29.0,0.039999961853027344
141.0,51.0,51.0,0.1246328353881836
80.0,32.0,32.0,0.06762909889221191
33.0,22.0,22.0,0.0279998779296875
97.0,32.0,32.0,0.0836327075958252
23.0,11.0,11.0,0.019999980926513672
31.0,16.0,16.0,0.025628328323364258
50.0,25.0,25.0,0.04399991035461426
127.0,52.0,52.0,0.10663390159606934
82.0,34.0,34.0,0.07162833213806152
62.0,17.0,17.0,0.05404257774353027
33.0,12.0,12.0,0.027590036392211914
45.0,23.0,23.0,0.040000200271606445
47.0,19.0,19.0,0.039546966552734375
28.0,14.0,14.0,0.02299952507019043
35.0,21.0,21.0,0.03400015830993652
65.0,24.0,24.0,0.07263374328613281
71.0,26.0,26.0,0.06462812423706055
134.0,52.0,52.0,0.10763287544250488
173.0,71.0,71.0,0.14981794357299805
48.0,19.0,19.0,0.042676687240600586
27.0,13.0,13.0,0.021000146865844727
85.0,43.0,43.0,0.08062982559204102
26.0,12.0,12.0,0.02099919319152832
54.0,29.0,29.0,0.0470426082611084
29.0,18.0,18.0,0.029590845108032227
30.0,12.0,12.0,0.029999732971191406
20.0,5.0,5.0,0.019605398178100586
21.0,10.0,10.0,0.019855737686157227
82.0,31.0,31.0,0.07686901092529297
47.0,21.0,21.0,0.045652151107788086
49.0,22.0,22.0,0.04399991035461426
27.0,11.0,11.0,0.02504277229309082
25.0,11.0,11.0,0.02304387092590332
51.0,23.0,23.0,0.04900026321411133
43.0,21.0,21.0,0.04362845420837402
47.0,15.0,15.0,0.040529727935791016
129.0,69.0,69.0,0.1236729621887207
28.0,17.0,17.0,0.030590057373046875
75.0,34.0,34.0,0.06904292106628418
82.0,36.0,36.0,0.06958556175231934
31.0,15.0,15.0,0.027042388916015625
45.0,15.0,15.0,0.036589622497558594
35.0,16.0,16.0,0.03099989891052246
86.0,36.0,36.0,0.07562780380249023
59.0,12.0,12.0,0.05004286766052246
133.0,41.0,41.0,0.10821747779846191
61.0,42.0,42.0,0.05300021171569824
138.0,55.0,55.0,0.11866068840026855
31.0,18.0,18.0,0.025628089904785156
26.0,13.0,13.0,0.026999950408935547
49.0,20.0,20.0,0.0409998893737793
92.0,40.0,40.0,0.08563232421875
35.0,10.0,10.0,0.028012514114379883
30.0,15.0,15.0,0.027587175369262695
31.0,15.0,15.0,0.026000022888183594
69.0,29.0,29.0,0.0576329231262207
93.0,44.0,44.0,0.08304262161254883
110.0,40.0,40.0,0.0973660945892334
48.0,25.0,25.0,0.039999961853027344
27.0,14.0,14.0,0.02200007438659668
23.0,8.0,8.0,0.018000125885009766
88.0,34.0,34.0,0.07758975028991699
186.0,79.0,79.0,0.15226173400878906
79.0,23.0,23.0,0.06904244422912598
25.0,11.0,11.0,0.037584781646728516
127.0,55.0,55.0,0.12210512161254883
90.0,35.0,35.0,0.07758259773254395
37.0,21.0,21.0,0.029000043869018555
74.0,23.0,23.0,0.06163430213928223
84.0,25.0,25.0,0.07216119766235352
27.0,12.0,12.0,0.023999691009521484
25.0,7.0,7.0,0.020999908447265625
123.0,44.0,44.0,0.10600614547729492
55.0,20.0,20.0,0.04863238334655762
74.0,38.0,38.0,0.06000041961669922
31.0,15.0,15.0,0.02662801742553711
51.0,18.0,18.0,0.0409998893737793
30.0,16.0,16.0,0.026999950408935547
74.0,23.0,23.0,0.06163382530212402
72.0,21.0,21.0,0.06258273124694824
99.0,46.0,46.0,0.09657120704650879
34.0,13.0,13.0,0.028045177459716797
70.0,26.0,26.0,0.057042598724365234
134.0,43.0,43.0,0.10963225364685059
37.0,24.0,24.0,0.03658556938171387
71.0,37.0,37.0,0.06038475036621094
43.0,29.0,29.0,0.034000396728515625
86.0,32.0,32.0,0.06863117218017578
124.0,43.0,43.0,0.10962843894958496
172.0,51.0,51.0,0.16567492485046387
21.0,10.0,10.0,0.02158641815185547
96.0,40.0,40.0,0.08457207679748535
33.0,17.0,17.0,0.02858567237854004
34.0,22.0,22.0,0.03400015830993652
127.0,41.0,41.0,0.10163259506225586
28.0,17.0,17.0,0.022042512893676758
187.0,68.0,68.0,0.15121889114379883
57.0,15.0,15.0,0.0470426082611084
28.0,14.0,14.0,0.03758573532104492
39.0,19.0,19.0,0.042314767837524414
110.0,60.0,60.0,0.10594463348388672
109.0,57.0,57.0,0.09765315055847168
93.0,36.0,36.0,0.08963251113891602
41.0,23.0,23.0,0.08063006401062012
81.0,29.0,29.0,0.0706326961517334
66.0,30.0,30.0,0.05299973487854004
45.0,19.0,19.0,0.03611421585083008
38.0,24.0,24.0,0.045000314712524414
58.0,23.0,23.0,0.05362820625305176
50.0,32.0,32.0,0.04500007629394531
56.0,21.0,21.0,0.04963278770446777
262.0,94.0,94.0,0.22300386428833008
24.0,13.0,13.0,0.020999908447265625
51.0,20.0,20.0,0.04563283920288086
66.0,17.0,17.0,0.06500005722045898
66.0,26.0,26.0,0.06956768035888672
124.0,47.0,47.0,0.13433551788330078
53.0,15.0,15.0,0.04159116744995117
98.0,36.0,36.0,0.08362817764282227
102.0,39.0,39.0,0.0856325626373291
37.0,10.0,10.0,0.03400015830993652
30.0,19.0,19.0,0.026000261306762695
55.0,21.0,21.0,0.04957175254821777
62.0,32.0,32.0,0.055999755859375
56.0,24.0,24.0,0.05358529090881348
91.0,26.0,26.0,0.07663202285766602
69.0,36.0,36.0,0.05799984931945801
144.0,54.0,54.0,0.13026976585388184
80.0,33.0,33.0,0.0709998607635498
101.0,51.0,51.0,0.11799144744873047
125.0,51.0,51.0,0.11786508560180664
36.0,12.0,12.0,0.03300023078918457
46.0,22.0,22.0,0.038042545318603516
30.0,12.0,12.0,0.0235898494720459
206.0,41.0,41.0,0.17267179489135742
29.0,15.0,15.0,0.023945331573486328
97.0,30.0,30.0,0.07947874069213867
26.0,14.0,14.0,0.020999670028686523
49.0,30.0,30.0,0.04600024223327637
62.0,25.0,25.0,0.04762887954711914
34.0,22.0,22.0,0.025999784469604492
42.0,16.0,16.0,0.035042524337768555
63.0,23.0,23.0,0.05458974838256836
54.0,34.0,34.0,0.047044992446899414
113.0,38.0,38.0,0.09862780570983887
95.0,41.0,41.0,0.08259010314941406
186.0,79.0,79.0,0.15980744361877441
68.0,27.0,27.0,0.05404257774353027
33.0,17.0,17.0,0.025590181350708008
36.0,8.0,8.0,0.03399991989135742
32.0,21.0,21.0,0.026042699813842773
100.0,27.0,27.0,0.0831139087677002
28.0,13.0,13.0,0.023583173751831055
59.0,32.0,32.0,0.04900026321411133
42.0,17.0,17.0,0.0340425968170166
85.0,30.0,30.0,0.07259058952331543
29.0,10.0,10.0,0.029042720794677734
48.0,15.0,15.0,0.041585683822631836
58.0,31.0,31.0,0.05104255676269531
197.0,96.0,96.0,0.16978049278259277
37.0,22.0,22.0,0.03104257583618164
73.0,24.0,24.0,0.06158566474914551
23.0,8.0,8.0,0.017999887466430664
49.0,23.0,23.0,0.038632869720458984
22.0,7.0,7.0,0.018999814987182617
122.0,48.0,48.0,0.10589432716369629
106.0,38.0,38.0,0.10633635520935059
79.0,55.0,55.0,0.06632447242736816
111.0,49.0,49.0,0.09562849998474121
81.0,31.0,31.0,0.06604266166687012
76.0,25.0,25.0,0.0665898323059082
28.0,14.0,14.0,0.023999929428100586
25.0,5.0,5.0,0.022627830505371094
106.0,69.0,69.0,0.08704257011413574
65.0,21.0,21.0,0.05904388427734375
102.0,42.0,42.0,0.09263348579406738
46.0,20.0,20.0,0.03604269027709961
41.0,21.0,21.0,0.03404521942138672
31.0,16.0,16.0,0.0279998779296875
62.0,21.0,21.0,0.054633140563964844
34.0,7.0,7.0,0.03399991989135742
44.0,19.0,19.0,0.0340425968170166
29.0,13.0,13.0,0.02411508560180664
23.0,12.0,12.0,0.018000125885009766
289.0,88.0,88.0,0.2613797187805176
64.0,32.0,32.0,0.05200481414794922
72.0,30.0,30.0,0.05762815475463867
32.0,18.0,18.0,0.031000137329101562
43.0,17.0,17.0,0.04204273223876953
69.0,31.0,31.0,0.05758929252624512
106.0,48.0,48.0,0.08862876892089844
76.0,29.0,29.0,0.07663249969482422
55.0,33.0,33.0,0.044999122619628906
20.0,9.0,9.0,0.016042470932006836
38.0,16.0,16.0,0.030585050582885742
63.0,22.0,22.0,0.05300021171569824
84.0,35.0,35.0,0.07257699966430664
205.0,83.0,83.0,0.17126107215881348
28.0,9.0,9.0,0.02299976348876953
24.0,13.0,13.0,0.019999980926513672
83.0,26.0,26.0,0.07262849807739258
61.0,30.0,30.0,0.06530117988586426
69.0,29.0,29.0,0.06197929382324219
73.0,41.0,41.0,0.06775903701782227
30.0,12.0,12.0,0.023999929428100586
40.0,17.0,17.0,0.03262948989868164
85.0,26.0,26.0,0.0690000057220459
90.0,26.0,26.0,0.0706326961517334
165.0,55.0,55.0,0.15067076683044434
68.0,36.0,36.0,0.054000139236450195
52.0,27.0,27.0,0.04104256629943848
69.0,30.0,30.0,0.05704498291015625
90.0,26.0,26.0,0.07963228225708008
38.0,22.0,22.0,0.031000137329101562
72.0,22.0,22.0,0.06662845611572266
187.0,80.0,80.0,0.16026043891906738
128.0,53.0,53.0,0.11415505409240723
26.0,11.0,11.0,0.021999835968017578
51.0,16.0,16.0,0.043042659759521484
42.0,25.0,25.0,0.03658938407897949
28.0,14.0,14.0,0.02500009536743164
34.0,16.0,16.0,0.026999711990356445
82.0,41.0,41.0,0.06862783432006836
103.0,33.0,33.0,0.0966334342956543
49.0,22.0,22.0,0.04204273223876953
111.0,30.0,30.0,0.09262800216674805
159.0,74.0,74.0,0.13321781158447266
70.0,46.0,46.0,0.06304216384887695
45.0,18.0,18.0,0.0385899543762207
34.0,22.0,22.0,0.025999784469604492
48.0,17.0,17.0,0.03904294967651367
39.0,17.0,17.0,0.037000179290771484
23.0,12.0,12.0,0.018000125885009766
79.0,26.0,26.0,0.06563258171081543
75.0,33.0,33.0,0.06504273414611816
19.0,7.0,7.0,0.01790595054626465
93.0,29.0,29.0,0.11130356788635254
48.0,25.0,25.0,0.05086398124694824
23.0,8.0,8.0,0.021936655044555664
30.0,9.0,9.0,0.0351717472076416
31.0,13.0,13.0,0.04451942443847656
42.0,22.0,22.0,0.0365908145904541
59.0,43.0,43.0,0.04899954795837402
47.0,19.0,19.0,0.04162883758544922
141.0,53.0,53.0,0.1416330337524414
22.0,11.0,11.0,0.020087003707885742
25.0,12.0,12.0,0.020441532135009766
52.0,16.0,16.0,0.05300092697143555
309.0,127.0,127.0,0.2698948383331299
49.0,25.0,25.0,0.04500007629394531
29.0,12.0,12.0,0.022632360458374023
35.0,20.0,20.0,0.0280001163482666
28.0,15.0,15.0,0.023000240325927734
30.0,20.0,20.0,0.023999452590942383
32.0,11.0,11.0,0.02962779998779297
35.0,16.0,16.0,0.03599977493286133
19.0,8.0,8.0,0.016000032424926758
31.0,10.0,10.0,0.026042461395263672
60.0,35.0,35.0,0.05059003829956055
20.0,5.0,5.0,0.01699995994567871
81.0,39.0,39.0,0.06862831115722656
28.0,13.0,13.0,0.02500009536743164
144.0,65.0,65.0,0.11311531066894531
24.0,9.0,9.0,0.01963329315185547
21.0,8.0,8.0,0.018000125885009766
81.0,27.0,27.0,0.08162808418273926
138.0,58.0,58.0,0.11947846412658691
52.0,22.0,22.0,0.043999433517456055
45.0,14.0,14.0,0.03863215446472168
65.0,33.0,33.0,0.05299997329711914
49.0,27.0,27.0,0.0376276969909668
55.0,31.0,31.0,0.05300021171569824
57.0,36.0,36.0,0.044632911682128906
97.0,35.0,35.0,0.0916292667388916
39.0,14.0,14.0,0.03599953651428223
80.0,42.0,42.0,0.0706334114074707
84.0,30.0,30.0,0.0886545181274414
42.0,17.0,17.0,0.0339055061340332
63.0,37.0,37.0,0.05429410934448242
117.0,58.0,58.0,0.10747075080871582
122.0,31.0,31.0,0.11263322830200195
75.0,21.0,21.0,0.06704235076904297
42.0,25.0,25.0,0.047585248947143555
47.0,11.0,11.0,0.03900003433227539
25.0,11.0,11.0,0.019633054733276367
43.0,24.0,24.0,0.034999847412109375
26.0,12.0,12.0,0.02500009536743164
92.0,44.0,44.0,0.07762885093688965
62.0,27.0,27.0,0.04805111885070801
69.0,22.0,22.0,0.058118581771850586
17.0,5.0,5.0,0.01399993896484375
194.0,95.0,95.0,0.16526103019714355
26.0,6.0,6.0,0.021982908248901367
34.0,12.0,12.0,0.029042959213256836
23.0,12.0,12.0,0.017589569091796875
75.0,24.0,24.0,0.06299996376037598
16.0,4.0,4.0,0.015042781829833984
30.0,13.0,13.0,0.025585412979125977
59.0,41.0,41.0,0.05299997329711914
22.0,12.0,12.0,0.02263474464416504
52.0,20.0,20.0,0.04200005531311035
61.0,33.0,33.0,0.05004286766052246
56.0,14.0,14.0,0.04558563232421875
30.0,12.0,12.0,0.025999784469604492
45.0,22.0,22.0,0.04563307762145996
25.0,14.0,14.0,0.02500009536743164
85.0,25.0,25.0,0.08509707450866699
24.0,8.0,8.0,0.023999929428100586
49.0,31.0,31.0,0.04063296318054199
39.0,24.0,24.0,0.03500008583068848
34.0,16.0,16.0,0.03900003433227539
73.0,25.0,25.0,0.07262873649597168
34.0,17.0,17.0,0.026999950408935547
17.0,5.0,5.0,0.015042781829833984
54.0,23.0,23.0,0.041043996810913086
43.0,20.0,20.0,0.034999847412109375
167.0,65.0,65.0,0.14056968688964844
44.0,19.0,19.0,0.034999847412109375
36.0,19.0,19.0,0.02907109260559082
140.0,54.0,54.0,0.16130995750427246
33.0,15.0,15.0,0.03958916664123535
46.0,21.0,21.0,0.039392709732055664
23.0,10.0,10.0,0.017999887466430664
120.0,43.0,43.0,0.09962987899780273
27.0,15.0,15.0,0.023000001907348633
46.0,22.0,22.0,0.04063296318054199
29.0,17.0,17.0,0.025999784469604492
124.0,49.0,49.0,0.10162878036499023
105.0,41.0,41.0,0.09263348579406738
91.0,30.0,30.0,0.07362818717956543
176.0,63.0,63.0,0.14663219451904297
24.0,13.0,13.0,0.0190427303314209
128.0,46.0,46.0,0.10742616653442383
49.0,30.0,30.0,0.0429997444152832
72.0,33.0,33.0,0.06062793731689453
80.0,39.0,39.0,0.06800007820129395
100.0,46.0,46.0,0.08410310745239258
34.0,11.0,11.0,0.027042865753173828
75.0,32.0,32.0,0.06858992576599121
44.0,19.0,19.0,0.0340423583984375
62.0,29.0,29.0,0.05104494094848633
26.0,11.0,11.0,0.01999974250793457
81.0,49.0,49.0,0.06963229179382324
43.0,21.0,21.0,0.03500008583068848
106.0,38.0,38.0,0.09462833404541016
30.0,15.0,15.0,0.027632474899291992
89.0,33.0,33.0,0.08004260063171387
44.0,23.0,23.0,0.035585641860961914
44.0,15.0,15.0,0.034999847412109375
105.0,49.0,49.0,0.09163284301757812
43.0,20.0,20.0,0.03604269027709961
68.0,29.0,29.0,0.05858612060546875
27.0,12.0,12.0,0.021000146865844727
24.0,12.0,12.0,0.02058863639831543
271.0,94.0,94.0,0.3490481376647949
78.0,27.0,27.0,0.07962918281555176
152.0,73.0,73.0,0.15194439888000488
116.0,68.0,68.0,0.10767269134521484
35.0,15.0,15.0,0.03758955001831055
29.0,13.0,13.0,0.023000240325927734
24.0,12.0,12.0,0.0320429801940918
26.0,12.0,12.0,0.03558492660522461
50.0,21.0,21.0,0.06104254722595215
115.0,31.0,31.0,0.10821866989135742
73.0,35.0,35.0,0.06735682487487793
106.0,47.0,47.0,0.08562803268432617
51.0,22.0,22.0,0.06763458251953125
33.0,18.0,18.0,0.0279998779296875
44.0,15.0,15.0,0.03958296775817871
82.0,33.0,33.0,0.07600021362304688
33.0,20.0,20.0,0.03563237190246582
54.0,23.0,23.0,0.04500007629394531
18.0,7.0,7.0,0.01699972152709961
35.0,19.0,19.0,0.027629613876342773
96.0,32.0,32.0,0.08504271507263184
63.0,40.0,40.0,0.054590463638305664
76.0,36.0,36.0,0.07962799072265625
58.0,19.0,19.0,0.05604386329650879
17.0,6.0,6.0,0.019058704376220703
24.0,14.0,14.0,0.03072190284729004
202.0,85.0,85.0,0.2012615203857422
86.0,33.0,33.0,0.08463311195373535
45.0,24.0,24.0,0.04204225540161133
29.0,5.0,5.0,0.02958536148071289
56.0,27.0,27.0,0.06400012969970703
102.0,42.0,42.0,0.12016105651855469
38.0,17.0,17.0,0.03384828567504883
60.0,22.0,22.0,0.0645747184753418
42.0,20.0,20.0,0.03587913513183594
78.0,32.0,32.0,0.06463217735290527
74.0,33.0,33.0,0.06320476531982422
55.0,29.0,29.0,0.058632612228393555
36.0,17.0,17.0,0.03300023078918457
75.0,25.0,25.0,0.07262921333312988
37.0,25.0,25.0,0.035042524337768555
29.0,14.0,14.0,0.03158926963806152
38.0,17.0,17.0,0.03499960899353027
101.0,42.0,42.0,0.09362912178039551
39.0,16.0,16.0,0.038043975830078125
54.0,22.0,22.0,0.04658961296081543
74.0,24.0,24.0,0.0676274299621582
74.0,29.0,29.0,0.05899977684020996
55.0,22.0,22.0,0.04916262626647949
69.0,41.0,41.0,0.06104326248168945
33.0,7.0,7.0,0.02758955955505371
57.0,23.0,23.0,0.053999900817871094
36.0,15.0,15.0,0.031629085540771484
67.0,29.0,29.0,0.062000274658203125
33.0,21.0,21.0,0.0296323299407959
57.0,24.0,24.0,0.05299973487854004
67.0,18.0,18.0,0.0636281967163086
34.0,18.0,18.0,0.0279998779296875
43.0,25.0,25.0,0.04003620147705078
70.0,20.0,20.0,0.05607914924621582
76.0,31.0,31.0,0.07763290405273438
42.0,19.0,19.0,0.03500008583068848
21.0,8.0,8.0,0.01704239845275879
77.0,43.0,43.0,0.07042336463928223
32.0,19.0,19.0,0.029218673706054688
30.0,13.0,13.0,0.027585268020629883
145.0,45.0,45.0,0.12063241004943848
31.0,15.0,15.0,0.029999971389770508
86.0,26.0,26.0,0.06862807273864746
31.0,20.0,20.0,0.02700018882751465
48.0,16.0,16.0,0.039632320404052734
38.0,18.0,18.0,0.03399991989135742
41.0,26.0,26.0,0.03304266929626465
52.0,12.0,12.0,0.04858517646789551
50.0,27.0,27.0,0.07563304901123047
99.0,38.0,38.0,0.10761332511901855
22.0,11.0,11.0,0.019724369049072266
82.0,56.0,56.0,0.0755608081817627
70.0,25.0,25.0,0.06104302406311035
176.0,72.0,72.0,0.14221930503845215
49.0,19.0,19.0,0.037999868392944336
30.0,15.0,15.0,0.03363347053527832
36.0,20.0,20.0,0.03600001335144043
268.0,105.0,105.0,0.24030470848083496
21.0,6.0,6.0,0.017585277557373047
42.0,17.0,17.0,0.037999868392944336
51.0,20.0,20.0,0.04404306411743164
96.0,28.0,28.0,0.08659052848815918
50.0,17.0,17.0,0.07962846755981445
29.0,13.0,13.0,0.030042171478271484
99.0,53.0,53.0,0.09363508224487305
35.0,9.0,9.0,0.029587984085083008
30.0,14.0,14.0,0.02299976348876953
29.0,17.0,17.0,0.023000001907348633
47.0,26.0,26.0,0.03663325309753418
27.0,14.0,14.0,0.02499985694885254
20.0,5.0,5.0,0.016000032424926758
37.0,22.0,22.0,0.03104257583618164
72.0,21.0,21.0,0.06511306762695312
102.0,42.0,42.0,0.08762979507446289
33.0,22.0,22.0,0.0279996395111084
69.0,34.0,34.0,0.05863308906555176
34.0,13.0,13.0,0.0279998779296875
35.0,21.0,21.0,0.03137850761413574
85.0,36.0,36.0,0.06604409217834473
25.0,10.0,10.0,0.020042896270751953
26.0,9.0,9.0,0.01958608627319336
77.0,32.0,32.0,0.06699919700622559
16.0,2.0,2.0,0.015042781829833984
76.0,30.0,30.0,0.061589956283569336
24.0,13.0,13.0,0.019999980926513672
70.0,31.0,31.0,0.060628414154052734
60.0,23.0,23.0,0.05004286766052246
122.0,53.0,53.0,0.11021828651428223
168.0,57.0,57.0,0.1566617488861084
65.0,27.0,27.0,0.055663108825683594
43.0,16.0,16.0,0.03900027275085449
155.0,72.0,72.0,0.15330076217651367
39.0,25.0,25.0,0.05200052261352539
63.0,30.0,30.0,0.05663251876831055
46.0,21.0,21.0,0.04152965545654297
85.0,36.0,36.0,0.0726325511932373
56.0,21.0,21.0,0.04962801933288574
36.0,25.0,25.0,0.0279996395111084
46.0,27.0,27.0,0.04600024223327637
166.0,66.0,66.0,0.17426156997680664
50.0,34.0,34.0,0.04963254928588867
46.0,20.0,20.0,0.03800010681152344
50.0,21.0,21.0,0.04204273223876953
102.0,27.0,27.0,0.11321878433227539
42.0,18.0,18.0,0.045000314712524414
65.0,44.0,44.0,0.06262779235839844
67.0,28.0,28.0,0.053999900817871094
70.0,22.0,22.0,0.0576322078704834
62.0,30.0,30.0,0.05004262924194336
32.0,11.0,11.0,0.026584863662719727
61.0,24.0,24.0,0.06200003623962402
73.0,36.0,36.0,0.06963253021240234
39.0,12.0,12.0,0.03135228157043457
25.0,14.0,14.0,0.021634817123413086
32.0,16.0,16.0,0.025999784469604492
61.0,21.0,21.0,0.05304241180419922
101.0,33.0,33.0,0.08058547973632812
37.0,16.0,16.0,0.0296323299407959
50.0,13.0,13.0,0.0446782112121582
159.0,50.0,50.0,0.14429306983947754
33.0,16.0,16.0,0.025999784469604492
117.0,44.0,44.0,0.11611604690551758
32.0,15.0,15.0,0.03404974937438965
52.0,30.0,30.0,0.05847311019897461
56.0,21.0,21.0,0.05413055419921875
86.0,41.0,41.0,0.08104300498962402
57.0,23.0,23.0,0.049590110778808594
117.0,37.0,37.0,0.10762810707092285
24.0,10.0,10.0,0.026000261306762695
29.0,15.0,15.0,0.030633926391601562
30.0,13.0,13.0,0.02700018882751465
29.0,15.0,15.0,0.023000001907348633
140.0,56.0,56.0,0.1216285228729248
25.0,8.0,8.0,0.019589900970458984
46.0,25.0,25.0,0.04499983787536621
21.0,10.0,10.0,0.018999576568603516
85.0,46.0,46.0,0.08584952354431152
22.0,11.0,11.0,0.019999980926513672
85.0,25.0,25.0,0.06759023666381836
22.0,8.0,8.0,0.02200031280517578
240.0,92.0,92.0,0.23588943481445312
94.0,60.0,60.0,0.08663105964660645
55.0,34.0,34.0,0.04699993133544922
35.0,24.0,24.0,0.0320436954498291
32.0,16.0,16.0,0.028586626052856445
136.0,69.0,69.0,0.12363243103027344
34.0,15.0,15.0,0.03000044822692871
16.0,4.0,4.0,0.014042377471923828
24.0,13.0,13.0,0.02058553695678711
37.0,20.0,20.0,0.03400015830993652
74.0,31.0,31.0,0.06663298606872559
36.0,21.0,21.0,0.03899979591369629
31.0,13.0,13.0,0.027044057846069336
105.0,47.0,47.0,0.09662818908691406
24.0,12.0,12.0,0.019590377807617188
69.0,30.0,30.0,0.06699967384338379
139.0,50.0,50.0,0.1272602081298828
26.0,15.0,15.0,0.024000167846679688
19.0,7.0,7.0,0.016000032424926758
24.0,11.0,11.0,0.019999980926513672
52.0,27.0,27.0,0.05062580108642578
77.0,34.0,34.0,0.07120466232299805
49.0,19.0,19.0,0.04518699645996094
23.0,11.0,11.0,0.019153594970703125
60.0,32.0,32.0,0.048661231994628906
55.0,33.0,33.0,0.046000003814697266
33.0,16.0,16.0,0.02657151222229004
29.0,11.0,11.0,0.023585796356201172
102.0,33.0,33.0,0.09063220024108887
119.0,35.0,35.0,0.11462974548339844
22.0,5.0,5.0,0.03000020980834961
62.0,18.0,18.0,0.05063295364379883
37.0,11.0,11.0,0.028999805450439453
52.0,28.0,28.0,0.04004311561584473
60.0,19.0,19.0,0.05158567428588867
21.0,7.0,7.0,0.01699972152709961
58.0,28.0,28.0,0.05063343048095703
54.0,28.0,28.0,0.05095410346984863
27.0,14.0,14.0,0.026042938232421875
36.0,18.0,18.0,0.030045509338378906
190.0,97.0,97.0,0.1626749038696289
68.0,31.0,31.0,0.055585622787475586
100.0,41.0,41.0,0.09063291549682617
51.0,19.0,19.0,0.043042898178100586
30.0,16.0,16.0,0.0315852165222168
96.0,44.0,44.0,0.08999896049499512
40.0,9.0,9.0,0.03599977493286133
91.0,31.0,31.0,0.07963275909423828
62.0,16.0,16.0,0.05904269218444824
57.0,35.0,35.0,0.0465855598449707
27.0,10.0,10.0,0.02500009536743164
65.0,33.0,33.0,0.060643672943115234
139.0,49.0,49.0,0.12562847137451172
39.0,16.0,16.0,0.031043052673339844
47.0,20.0,20.0,0.044589996337890625
203.0,52.0,52.0,0.17127203941345215
36.0,12.0,12.0,0.029999971389770508
45.0,27.0,27.0,0.04004263877868652
32.0,21.0,21.0,0.0315859317779541
194.0,94.0,94.0,0.18858647346496582
71.0,19.0,19.0,0.0559999942779541
71.0,29.0,29.0,0.05962848663330078
84.0,27.0,27.0,0.07463288307189941
36.0,14.0,14.0,0.031000375747680664
142.0,53.0,53.0,0.11797428131103516
59.0,33.0,33.0,0.05162835121154785
103.0,37.0,37.0,0.09163308143615723
84.0,30.0,30.0,0.07704281806945801
69.0,27.0,27.0,0.06014275550842285
64.0,32.0,32.0,0.05362820625305176
19.0,8.0,8.0,0.014999866485595703
135.0,51.0,51.0,0.1116325855255127
21.0,10.0,10.0,0.01699995994567871
62.0,23.0,23.0,0.0506284236907959
46.0,25.0,25.0,0.0409998893737793
52.0,14.0,14.0,0.04904294013977051
27.0,13.0,13.0,0.02200031280517578
29.0,14.0,14.0,0.02500009536743164
95.0,30.0,30.0,0.08662819862365723
28.0,13.0,13.0,0.0280001163482666
101.0,33.0,33.0,0.08763241767883301
37.0,15.0,15.0,0.032042741775512695
47.0,11.0,11.0,0.04158520698547363
108.0,33.0,33.0,0.08763289451599121
90.0,29.0,29.0,0.07258343696594238
28.0,16.0,16.0,0.023000001907348633
44.0,16.0,16.0,0.03699994087219238
42.0,23.0,23.0,0.03504228591918945
68.0,44.0,44.0,0.059000253677368164
91.0,38.0,38.0,0.07410788536071777
129.0,89.0,89.0,0.10863256454467773
68.0,18.0,18.0,0.05662798881530762
62.0,26.0,26.0,0.05316615104675293
39.0,12.0,12.0,0.04166150093078613
77.0,30.0,30.0,0.07128787040710449
27.0,16.0,16.0,0.02807450294494629
141.0,65.0,65.0,0.12238454818725586
104.0,61.0,61.0,0.08990192413330078
34.0,23.0,23.0,0.029999971389770508
29.0,15.0,15.0,0.025043487548828125
74.0,40.0,40.0,0.07101845741271973
195.0,57.0,57.0,0.18226075172424316
34.0,10.0,10.0,0.026999473571777344
149.0,61.0,61.0,0.13526320457458496
48.0,14.0,14.0,0.04700040817260742
109.0,46.0,46.0,0.09763240814208984
66.0,37.0,37.0,0.06063055992126465
54.0,22.0,22.0,0.05229973793029785
25.0,7.0,7.0,0.023818492889404297
90.0,43.0,43.0,0.07999968528747559
39.0,20.0,20.0,0.030590057373046875
101.0,31.0,31.0,0.08363080024719238
70.0,35.0,35.0,0.06353068351745605
121.0,65.0,65.0,0.1362626552581787
68.0,23.0,23.0,0.06799936294555664
67.0,18.0,18.0,0.05762982368469238
30.0,16.0,16.0,0.024000167846679688
25.0,14.0,14.0,0.020000219345092773
128.0,59.0,59.0,0.1116330623626709
60.0,34.0,34.0,0.051999807357788086
26.0,10.0,10.0,0.0280001163482666
75.0,36.0,36.0,0.07359051704406738
204.0,69.0,69.0,0.19695782661437988
33.0,16.0,16.0,0.03904318809509277
62.0,24.0,24.0,0.08079218864440918
90.0,47.0,47.0,0.09662270545959473
38.0,18.0,18.0,0.030628442764282227
43.0,18.0,18.0,0.04900050163269043
101.0,48.0,48.0,0.08263301849365234
91.0,33.0,33.0,0.08562922477722168
202.0,81.0,81.0,0.1644139289855957
39.0,28.0,28.0,0.032000064849853516
33.0,14.0,14.0,0.025999784469604492
74.0,33.0,33.0,0.0576324462890625
17.0,7.0,7.0,0.014999866485595703
72.0,21.0,21.0,0.06063389778137207
50.0,23.0,23.0,0.04199981689453125
19.0,8.0,8.0,0.016000032424926758
89.0,28.0,28.0,0.07663273811340332
74.0,42.0,42.0,0.07262849807739258
50.0,31.0,31.0,0.04348444938659668
93.0,31.0,31.0,0.08962821960449219
99.0,39.0,39.0,0.08363223075866699
93.0,35.0,35.0,0.0806279182434082
37.0,21.0,21.0,0.03300023078918457
23.0,9.0,9.0,0.018999576568603516
31.0,14.0,14.0,0.025589942932128906
76.0,35.0,35.0,0.06477761268615723
28.0,13.0,13.0,0.0246279239654541
81.0,35.0,35.0,0.07904219627380371
64.0,39.0,39.0,0.05459094047546387
98.0,44.0,44.0,0.08862781524658203
40.0,21.0,21.0,0.03699970245361328
94.0,41.0,41.0,0.08312845230102539
116.0,31.0,31.0,0.09763383865356445
45.0,22.0,22.0,0.03604269027709961
62.0,15.0,15.0,0.050585269927978516
69.0,33.0,33.0,0.06163287162780762
39.0,13.0,13.0,0.0330049991607666
78.0,35.0,35.0,0.08320379257202148
120.0,44.0,44.0,0.12492179870605469
101.0,40.0,40.0,0.10152268409729004
148.0,55.0,55.0,0.13067293167114258
58.0,16.0,16.0,0.04958963394165039
121.0,39.0,39.0,0.10462808609008789
48.0,24.0,24.0,0.03904247283935547
30.0,12.0,12.0,0.0365903377532959
65.0,22.0,22.0,0.06104278564453125
165.0,54.0,54.0,0.1472187042236328
36.0,12.0,12.0,0.032000064849853516
47.0,23.0,23.0,0.04062914848327637
124.0,49.0,49.0,0.09881353378295898
26.0,10.0,10.0,0.02499985694885254
55.0,31.0,31.0,0.045042991638183594
87.0,28.0,28.0,0.07058525085449219
36.0,21.0,21.0,0.030632495880126953
75.0,33.0,33.0,0.07000041007995605
17.0,6.0,6.0,0.01404261589050293
28.0,11.0,11.0,0.022585391998291016
105.0,50.0,50.0,0.08663201332092285
110.0,57.0,57.0,0.10011482238769531
60.0,31.0,31.0,0.051000118255615234
101.0,64.0,64.0,0.08463239669799805
41.0,26.0,26.0,0.03400015830993652
26.0,13.0,13.0,0.021628379821777344
23.0,10.0,10.0,0.01900005340576172
35.0,15.0,15.0,0.029000043869018555
45.0,22.0,22.0,0.03604269027709961
55.0,37.0,37.0,0.047590017318725586
39.0,8.0,8.0,0.034999847412109375
103.0,46.0,46.0,0.08793115615844727
28.0,14.0,14.0,0.026042461395263672
83.0,40.0,40.0,0.07618451118469238
57.0,19.0,19.0,0.04863262176513672
24.0,13.0,13.0,0.019999980926513672
43.0,30.0,30.0,0.03400015830993652
38.0,21.0,21.0,0.03462815284729004
92.0,38.0,38.0,0.10019874572753906
57.0,26.0,26.0,0.05638289451599121
14.0,3.0,3.0,0.013551950454711914
35.0,21.0,21.0,0.031373023986816406
37.0,17.0,17.0,0.031999826431274414
70.0,27.0,27.0,0.06463336944580078
113.0,43.0,43.0,0.10162830352783203
116.0,54.0,54.0,0.0986330509185791
43.0,20.0,20.0,0.03599977493286133
94.0,44.0,44.0,0.08362770080566406
54.0,19.0,19.0,0.05063176155090332
21.0,9.0,9.0,0.01699972152709961
69.0,27.0,27.0,0.054000139236450195
22.0,8.0,8.0,0.017584800720214844
25.0,12.0,12.0,0.023000001907348633
32.0,14.0,14.0,0.029000043869018555
88.0,42.0,42.0,0.07563376426696777
34.0,11.0,11.0,0.029000043869018555
167.0,69.0,69.0,0.14226055145263672
34.0,14.0,14.0,0.0279998779296875
65.0,19.0,19.0,0.05304265022277832
30.0,9.0,9.0,0.023586511611938477
111.0,55.0,55.0,0.10171961784362793
40.0,26.0,26.0,0.0333096981048584
57.0,18.0,18.0,0.047632455825805664
119.0,48.0,48.0,0.10362935066223145
66.0,20.0,20.0,0.059999942779541016
94.0,39.0,39.0,0.07763266563415527
21.0,8.0,8.0,0.01699995994567871
21.0,8.0,8.0,0.016042709350585938
139.0,85.0,85.0,0.12121796607971191
45.0,23.0,23.0,0.03800010681152344
43.0,21.0,21.0,0.03804278373718262
18.0,6.0,6.0,0.015585660934448242
26.0,12.0,12.0,0.019999980926513672
23.0,10.0,10.0,0.021999835968017578
64.0,39.0,39.0,0.05463266372680664
30.0,18.0,18.0,0.02500009536743164
105.0,52.0,52.0,0.0896291732788086
192.0,65.0,65.0,0.18373513221740723
26.0,14.0,14.0,0.023375272750854492
94.0,55.0,55.0,0.08179378509521484
47.0,24.0,24.0,0.04700016975402832
37.0,22.0,22.0,0.029632568359375
87.0,30.0,30.0,0.08104252815246582
42.0,20.0,20.0,0.04058575630187988
40.0,25.0,25.0,0.040000200271606445
49.0,27.0,27.0,0.1176753044128418
72.0,23.0,23.0,0.06458687782287598
118.0,47.0,47.0,0.09858918190002441
33.0,12.0,12.0,0.026042461395263672
34.0,19.0,19.0,0.025585174560546875
30.0,20.0,20.0,0.024000167846679688
22.0,11.0,11.0,0.01999974250793457
28.0,10.0,10.0,0.023042917251586914
41.0,19.0,19.0,0.03258967399597168
51.0,33.0,33.0,0.04499983787536621
73.0,35.0,35.0,0.07162880897521973
35.0,19.0,19.0,0.032000064849853516
22.0,7.0,7.0,0.02004265785217285
53.0,19.0,19.0,0.05304408073425293
28.0,9.0,9.0,0.02599954605102539
50.0,11.0,11.0,0.046628713607788086
47.0,23.0,23.0,0.046000003814697266
24.0,11.0,11.0,0.022632122039794922
74.0,36.0,36.0,0.07699966430664062
38.0,13.0,13.0,0.039628028869628906
175.0,55.0,55.0,0.17361974716186523
227.0,88.0,88.0,0.2052602767944336
18.0,7.0,7.0,0.015000343322753906
75.0,24.0,24.0,0.05899977684020996
60.0,33.0,33.0,0.04658985137939453
118.0,41.0,41.0,0.10062766075134277
69.0,50.0,50.0,0.06210017204284668
87.0,33.0,33.0,0.07500004768371582
33.0,14.0,14.0,0.02763223648071289
35.0,19.0,19.0,0.045000314712524414
91.0,38.0,38.0,0.0895843505859375
78.0,37.0,37.0,0.07254385948181152
76.0,29.0,29.0,0.06905388832092285
170.0,69.0,69.0,0.1521925926208496
140.0,50.0,50.0,0.1196281909942627
16.0,5.0,5.0,0.014999866485595703
24.0,9.0,9.0,0.021632909774780273
24.0,12.0,12.0,0.023000001907348633
61.0,40.0,40.0,0.060042381286621094
96.0,31.0,31.0,0.0855855941772461
59.0,30.0,30.0,0.050633907318115234
36.0,17.0,17.0,0.03099966049194336
96.0,24.0,24.0,0.09262800216674805
27.0,15.0,15.0,0.022000551223754883
105.0,39.0,39.0,0.08963251113891602
27.0,14.0,14.0,0.022042512893676758
525.0,218.0,218.0,0.47105836868286133
34.0,17.0,17.0,0.028628110885620117
62.0,30.0,30.0,0.059999942779541016
139.0,57.0,57.0,0.11863255500793457
22.0,11.0,11.0,0.01758551597595215
25.0,14.0,14.0,0.020006418228149414
46.0,10.0,10.0,0.040999650955200195
76.0,32.0,32.0,0.06516265869140625
55.0,13.0,13.0,0.04804253578186035
55.0,25.0,25.0,0.04358983039855957
56.0,13.0,13.0,0.04700016975402832
57.0,26.0,26.0,0.04362845420837402
34.0,14.0,14.0,0.025999784469604492
27.0,11.0,11.0,0.020999908447265625
191.0,73.0,73.0,0.18160557746887207
73.0,32.0,32.0,0.06372547149658203
89.0,34.0,34.0,0.07358884811401367
106.0,49.0,49.0,0.09811782836914062
148.0,58.0,58.0,0.1196279525756836
68.0,30.0,30.0,0.053999900817871094
23.0,10.0,10.0,0.023633480072021484
22.0,11.0,11.0,0.018999814987182617
40.0,26.0,26.0,0.0409998893737793
38.0,12.0,12.0,0.039628028869628906
46.0,19.0,19.0,0.043999671936035156
50.0,36.0,36.0,0.04363274574279785
43.0,18.0,18.0,0.03699994087219238
30.0,18.0,18.0,0.023999929428100586
49.0,22.0,22.0,0.05662894248962402
81.0,50.0,50.0,0.07004237174987793
76.0,34.0,34.0,0.06304430961608887
59.0,18.0,18.0,0.06763005256652832
48.0,13.0,13.0,0.05804252624511719
111.0,47.0,47.0,0.10922002792358398
45.0,24.0,24.0,0.046000003814697266
124.0,51.0,51.0,0.12263321876525879
90.0,51.0,51.0,0.07762932777404785
23.0,6.0,6.0,0.017999887466430664
156.0,47.0,47.0,0.12426090240478516
77.0,25.0,25.0,0.06952905654907227
39.0,26.0,26.0,0.03462839126586914
69.0,34.0,34.0,0.062000274658203125
65.0,30.0,30.0,0.058632850646972656
24.0,9.0,9.0,0.0280001163482666
75.0,34.0,34.0,0.07762861251831055
173.0,66.0,66.0,0.1569664478302002
39.0,22.0,22.0,0.05200004577636719
87.0,33.0,33.0,0.08633613586425781
32.0,18.0,18.0,0.029488086700439453
42.0,19.0,19.0,0.03373098373413086
30.0,16.0,16.0,0.023034095764160156
64.0,28.0,28.0,0.05604243278503418
35.0,24.0,24.0,0.029590129852294922
90.0,27.0,27.0,0.07562804222106934
85.0,27.0,27.0,0.07500004768371582
46.0,12.0,12.0,0.04363250732421875
121.0,55.0,55.0,0.1086280345916748
71.0,34.0,34.0,0.05958890914916992
125.0,51.0,51.0,0.10162782669067383
346.0,101.0,101.0,0.30132246017456055
21.0,8.0,8.0,0.016999244689941406
39.0,16.0,16.0,0.029999971389770508
33.0,17.0,17.0,0.027037858963012695
56.0,27.0,27.0,0.04759025573730469
43.0,21.0,21.0,0.03400015830993652
30.0,15.0,15.0,0.023042678833007812
36.0,23.0,23.0,0.028586626052856445
37.0,15.0,15.0,0.034999847412109375
42.0,22.0,22.0,0.03563261032104492
25.0,10.0,10.0,0.02200007438659668
42.0,26.0,26.0,0.03500008583068848
26.0,13.0,13.0,0.022042036056518555
19.0,7.0,7.0,0.015585184097290039
32.0,17.0,17.0,0.03299975395202637
51.0,27.0,27.0,0.05304360389709473
22.0,10.0,10.0,0.0215909481048584
42.0,9.0,9.0,0.03999972343444824
50.0,23.0,23.0,0.055628299713134766
36.0,18.0,18.0,0.0409998893737793
57.0,41.0,41.0,0.055632829666137695
41.0,17.0,17.0,0.03900003433227539
28.0,14.0,14.0,0.02704334259033203
28.0,11.0,11.0,0.027586698532104492
109.0,48.0,48.0,0.10163283348083496
145.0,71.0,71.0,0.13062834739685059
65.0,23.0,23.0,0.05863332748413086
22.0,9.0,9.0,0.021000146865844727
38.0,24.0,24.0,0.049269676208496094
54.0,24.0,24.0,0.05671858787536621
34.0,17.0,17.0,0.037470102310180664
71.0,33.0,33.0,0.07994580268859863
81.0,27.0,27.0,0.08181953430175781
27.0,12.0,12.0,0.023999691009521484
34.0,18.0,18.0,0.03363323211669922
49.0,23.0,23.0,0.05500006675720215
32.0,14.0,14.0,0.03362846374511719
47.0,20.0,20.0,0.043999433517456055
80.0,30.0,30.0,0.07363224029541016
67.0,17.0,17.0,0.06100010871887207
55.0,42.0,42.0,0.0564579963684082
37.0,14.0,14.0,0.0450434684753418
40.0,23.0,23.0,0.03158998489379883
97.0,43.0,43.0,0.07662844657897949
25.0,14.0,14.0,0.023999929428100586
154.0,59.0,59.0,0.16220498085021973
65.0,26.0,26.0,0.061589956283569336
64.0,19.0,19.0,0.05862832069396973
53.0,21.0,21.0,0.042999982833862305
25.0,15.0,15.0,0.02204298973083496
62.0,23.0,23.0,0.05658984184265137
28.0,10.0,10.0,0.023000001907348633
102.0,48.0,48.0,0.09062814712524414
20.0,10.0,10.0,0.016000032424926758
103.0,40.0,40.0,0.08863234519958496
42.0,17.0,17.0,0.03562808036804199
34.0,21.0,21.0,0.029999971389770508
123.0,49.0,49.0,0.10763311386108398
70.0,36.0,36.0,0.05896878242492676
30.0,19.0,19.0,0.026000022888183594
38.0,22.0,22.0,0.03099966049194336
52.0,27.0,27.0,0.044632911682128906
157.0,63.0,63.0,0.1326279640197754
52.0,25.0,25.0,0.04804253578186035
52.0,23.0,23.0,0.04404401779174805
69.0,32.0,32.0,0.06262922286987305
87.0,28.0,28.0,0.10541081428527832
38.0,15.0,15.0,0.04245305061340332
171.0,70.0,70.0,0.15737009048461914
66.0,36.0,36.0,0.06300020217895508
128.0,66.0,66.0,0.11421799659729004
45.0,21.0,21.0,0.03699970245361328
33.0,14.0,14.0,0.03046703338623047
24.0,8.0,8.0,0.019483566284179688
93.0,31.0,31.0,0.07758617401123047
64.0,19.0,19.0,0.053632497787475586
41.0,14.0,14.0,0.03299999237060547
47.0,27.0,27.0,0.0376284122467041
297.0,108.0,108.0,0.257793664932251
46.0,31.0,31.0,0.04062771797180176
50.0,28.0,28.0,0.039999961853027344
45.0,21.0,21.0,0.04204249382019043
55.0,18.0,18.0,0.05859017372131348
75.0,47.0,47.0,0.07062768936157227
86.0,39.0,39.0,0.07004237174987793
68.0,17.0,17.0,0.05759024620056152
31.0,17.0,17.0,0.027042388916015625
44.0,23.0,23.0,0.04158639907836914
62.0,26.0,26.0,0.051999807357788086
72.0,40.0,40.0,0.07363271713256836
84.0,37.0,37.0,0.08262825012207031
33.0,18.0,18.0,0.025999784469604492
174.0,72.0,72.0,0.14526081085205078
56.0,22.0,22.0,0.048528432846069336
103.0,39.0,39.0,0.08762836456298828
100.0,34.0,34.0,0.08463239669799805
27.0,10.0,10.0,0.02499985694885254
31.0,17.0,17.0,0.02504277229309082
46.0,33.0,33.0,0.03958582878112793
53.0,14.0,14.0,0.04699993133544922
203.0,54.0,54.0,0.1793506145477295
45.0,17.0,17.0,0.03763246536254883
56.0,26.0,26.0,0.04399991035461426
86.0,32.0,32.0,0.08188271522521973
35.0,23.0,23.0,0.03000020980834961
18.0,6.0,6.0,0.016000032424926758
76.0,26.0,26.0,0.06458592414855957
31.0,18.0,18.0,0.02499985694885254
135.0,57.0,57.0,0.11867499351501465
44.0,23.0,23.0,0.039999961853027344
25.0,12.0,12.0,0.020999908447265625
33.0,11.0,11.0,0.02504253387451172
36.0,12.0,12.0,0.027590036392211914
94.0,48.0,48.0,0.07962799072265625
53.0,18.0,18.0,0.042000532150268555
65.0,35.0,35.0,0.051042795181274414
63.0,24.0,24.0,0.049590110778808594
99.0,33.0,33.0,0.09705209732055664
107.0,32.0,32.0,0.09862828254699707
48.0,28.0,28.0,0.040042877197265625
183.0,68.0,68.0,0.15221834182739258
163.0,67.0,67.0,0.13767576217651367
66.0,29.0,29.0,0.057585716247558594
33.0,14.0,14.0,0.028999805450439453
184.0,75.0,75.0,0.15626096725463867
94.0,34.0,34.0,0.08263301849365234
68.0,26.0,26.0,0.062000274658203125
29.0,16.0,16.0,0.023586034774780273
71.0,22.0,22.0,0.05800056457519531
31.0,19.0,19.0,0.028043270111083984
39.0,26.0,26.0,0.032000064849853516
58.0,18.0,18.0,0.048000335693359375
25.0,14.0,14.0,0.021146535873413086
109.0,32.0,32.0,0.10603475570678711
26.0,11.0,11.0,0.023569345474243164
107.0,34.0,34.0,0.10006284713745117
51.0,16.0,16.0,0.039034366607666016
15.0,2.0,2.0,0.012042760848999023
82.0,30.0,30.0,0.06858563423156738
81.0,48.0,48.0,0.06763243675231934
42.0,23.0,23.0,0.04201173782348633
20.0,9.0,9.0,0.01758432388305664
145.0,74.0,74.0,0.12163257598876953
51.0,16.0,16.0,0.042999982833862305
98.0,39.0,39.0,0.08262777328491211
267.0,108.0,108.0,0.23430395126342773
57.0,29.0,29.0,0.04658985137939453
69.0,42.0,42.0,0.059042930603027344
27.0,11.0,11.0,0.023045063018798828
113.0,49.0,49.0,0.09615612030029297
67.0,32.0,32.0,0.05500030517578125
50.0,19.0,19.0,0.045632123947143555
34.0,16.0,16.0,0.029999971389770508
96.0,60.0,60.0,0.08962821960449219
40.0,18.0,18.0,0.03504228591918945
27.0,16.0,16.0,0.027590274810791016
97.0,49.0,49.0,0.09462761878967285
53.0,22.0,22.0,0.04852938652038574
105.0,39.0,39.0,0.09562849998474121
59.0,26.0,26.0,0.06363368034362793
50.0,28.0,28.0,0.05099964141845703
32.0,17.0,17.0,0.026628494262695312
43.0,19.0,19.0,0.03599977493286133
161.0,63.0,63.0,0.13767552375793457
36.0,16.0,16.0,0.030585527420043945
50.0,30.0,30.0,0.03900003433227539
29.0,19.0,19.0,0.026042699813842773
67.0,27.0,27.0,0.06058979034423828
33.0,10.0,10.0,0.029999732971191406
32.0,22.0,22.0,0.03357648849487305
91.0,27.0,27.0,0.08523392677307129
31.0,16.0,16.0,0.02417445182800293
25.0,12.0,12.0,0.020999670028686523
32.0,21.0,21.0,0.026026248931884766
56.0,19.0,19.0,0.04962897300720215
38.0,16.0,16.0,0.032000064849853516
58.0,12.0,12.0,0.04963183403015137
45.0,16.0,16.0,0.03800010681152344
39.0,14.0,14.0,0.03304290771484375
123.0,45.0,45.0,0.11047720909118652
90.0,38.0,38.0,0.07358956336975098
161.0,55.0,55.0,0.1338505744934082
43.0,23.0,23.0,0.037000179290771484
107.0,48.0,48.0,0.0916280746459961
28.0,16.0,16.0,0.029999971389770508
116.0,37.0,37.0,0.10367584228515625
56.0,35.0,35.0,0.04658651351928711
24.0,13.0,13.0,0.01900005340576172
65.0,26.0,26.0,0.05463242530822754
172.0,49.0,49.0,0.1479029655456543
95.0,46.0,46.0,0.08163237571716309
58.0,30.0,30.0,0.04604148864746094
109.0,42.0,42.0,0.09262776374816895
45.0,19.0,19.0,0.03758955001831055
75.0,30.0,30.0,0.06904220581054688
54.0,28.0,28.0,0.047044992446899414
49.0,21.0,21.0,0.043042659759521484
60.0,33.0,33.0,0.050589799880981445
49.0,25.0,25.0,0.04304313659667969
74.0,34.0,34.0,0.06911420822143555
107.0,44.0,44.0,0.10162901878356934
38.0,8.0,8.0,0.030042648315429688
47.0,35.0,35.0,0.03759002685546875
28.0,18.0,18.0,0.023999929428100586
52.0,22.0,22.0,0.044623374938964844
131.0,48.0,48.0,0.13822150230407715
140.0,66.0,66.0,0.12871289253234863
110.0,40.0,40.0,0.09063243865966797
75.0,29.0,29.0,0.0650324821472168
43.0,27.0,27.0,0.03599977493286133
72.0,22.0,22.0,0.06263279914855957
81.0,33.0,33.0,0.0656282901763916
154.0,55.0,55.0,0.13463258743286133
53.0,23.0,23.0,0.051583290100097656
34.0,21.0,21.0,0.0279998779296875
44.0,14.0,14.0,0.03600001335144043
111.0,33.0,33.0,0.09163260459899902
74.0,26.0,26.0,0.06262803077697754
99.0,44.0,44.0,0.08163285255432129
32.0,20.0,20.0,0.028218984603881836
189.0,62.0,62.0,0.15285181999206543
81.0,27.0,27.0,0.07058596611022949
44.0,21.0,21.0,0.03663325309753418
60.0,27.0,27.0,0.04900002479553223
31.0,14.0,14.0,0.025999784469604492
46.0,12.0,12.0,0.04058480262756348
60.0,28.0,28.0,0.04999995231628418
25.0,14.0,14.0,0.022632598876953125
102.0,48.0,48.0,0.08004283905029297
42.0,19.0,19.0,0.03896498680114746
116.0,50.0,50.0,0.10263252258300781
37.0,13.0,13.0,0.02900075912475586
45.0,23.0,23.0,0.0355830192565918
36.0,21.0,21.0,0.029000282287597656
37.0,16.0,16.0,0.03599977493286133
102.0,33.0,33.0,0.08463406562805176
74.0,30.0,30.0,0.06290197372436523
81.0,29.0,29.0,0.06504273414611816
54.0,30.0,30.0,0.04459023475646973
62.0,26.0,26.0,0.06188368797302246
28.0,8.0,8.0,0.02846217155456543
38.0,23.0,23.0,0.04716205596923828
120.0,71.0,71.0,0.10301089286804199
76.0,42.0,42.0,0.061632394790649414
57.0,43.0,43.0,0.04604363441467285
55.0,21.0,21.0,0.046586036682128906
30.0,11.0,11.0,0.02400040626525879
25.0,11.0,11.0,0.02004861831665039
60.0,27.0,27.0,0.04804396629333496
54.0,26.0,26.0,0.0506281852722168
24.0,9.0,9.0,0.020999908447265625
113.0,60.0,60.0,0.09563231468200684
108.0,51.0,51.0,0.09662866592407227
108.0,37.0,37.0,0.08963251113891602
35.0,12.0,12.0,0.029999732971191406
40.0,16.0,16.0,0.031999826431274414
25.0,13.0,13.0,0.0190427303314209
49.0,17.0,17.0,0.04004478454589844
28.0,16.0,16.0,0.021999835968017578
36.0,14.0,14.0,0.029042720794677734
140.0,61.0,61.0,0.12021732330322266
88.0,29.0,29.0,0.07604265213012695
64.0,40.0,40.0,0.05458974838256836
25.0,12.0,12.0,0.023000240325927734
47.0,18.0,18.0,0.04062843322753906
62.0,30.0,30.0,0.04900860786437988
83.0,56.0,56.0,0.06963849067687988
63.0,21.0,21.0,0.06377434730529785
49.0,24.0,24.0,0.04699993133544922
31.0,19.0,19.0,0.030042648315429688
160.0,57.0,57.0,0.15074777603149414
25.0,11.0,11.0,0.023000001907348633
113.0,41.0,41.0,0.10962820053100586
52.0,40.0,40.0,0.04263186454772949
75.0,32.0,32.0,0.06157183647155762
37.0,17.0,17.0,0.033590078353881836
73.0,46.0,46.0,0.06604266166687012
115.0,48.0,48.0,0.116851806640625
36.0,23.0,23.0,0.03361654281616211
31.0,10.0,10.0,0.031239032745361328
30.0,6.0,6.0,0.0252377986907959
113.0,44.0,44.0,0.09486222267150879
78.0,43.0,43.0,0.0625298023223877
52.0,28.0,28.0,0.042629241943359375
31.0,11.0,11.0,0.03599977493286133
151.0,63.0,63.0,0.1492161750793457
128.0,40.0,40.0,0.1246345043182373
31.0,13.0,13.0,0.029000520706176758
209.0,61.0,61.0,0.19154834747314453
42.0,24.0,24.0,0.04104351997375488
36.0,20.0,20.0,0.029590845108032227
174.0,66.0,66.0,0.15362811088562012
26.0,11.0,11.0,0.027632713317871094
223.0,97.0,97.0,0.23532676696777344
36.0,22.0,22.0,0.03500008583068848
52.0,24.0,24.0,0.04158496856689453
29.0,16.0,16.0,0.031000137329101562
110.0,46.0,46.0,0.09063220024108887
37.0,20.0,20.0,0.03504300117492676
34.0,19.0,19.0,0.027585506439208984
68.0,30.0,30.0,0.056999921798706055
62.0,26.0,26.0,0.05063223838806152
30.0,16.0,16.0,0.026000261306762695
50.0,24.0,24.0,0.0452117919921875
53.0,24.0,24.0,0.04800009727478027
41.0,16.0,16.0,0.03304266929626465
191.0,59.0,59.0,0.1602182388305664
31.0,10.0,10.0,0.025000333786010742
113.0,50.0,50.0,0.10567498207092285
40.0,18.0,18.0,0.03679656982421875
69.0,25.0,25.0,0.061608076095581055
22.0,10.0,10.0,0.020468711853027344
35.0,19.0,19.0,0.030579805374145508
21.0,8.0,8.0,0.016000032424926758
51.0,21.0,21.0,0.04462790489196777
38.0,11.0,11.0,0.029000282287597656
67.0,24.0,24.0,0.05304265022277832
34.0,16.0,16.0,0.030589818954467773
56.0,33.0,33.0,0.04400014877319336
58.0,33.0,33.0,0.048628807067871094
46.0,14.0,14.0,0.042999982833862305
159.0,59.0,59.0,0.12921595573425293
31.0,12.0,12.0,0.02899956703186035
49.0,18.0,18.0,0.042999982833862305
93.0,29.0,29.0,0.07763242721557617
25.0,8.0,8.0,0.023000001907348633
32.0,17.0,17.0,0.027631282806396484
211.0,86.0,86.0,0.17967510223388672
79.0,26.0,26.0,0.06858515739440918
87.0,36.0,36.0,0.08463263511657715
58.0,27.0,27.0,0.0470423698425293
116.0,34.0,34.0,0.09262800216674805
46.0,24.0,24.0,0.036589860916137695
66.0,28.0,28.0,0.05804300308227539
50.0,20.0,20.0,0.04181838035583496
106.0,44.0,44.0,0.09063315391540527
37.0,11.0,11.0,0.03300023078918457
22.0,7.0,7.0,0.01900029182434082
35.0,17.0,17.0,0.029628515243530273
62.0,24.0,24.0,0.0559995174407959
120.0,46.0,46.0,0.10163259506225586
32.0,17.0,17.0,0.027998685836791992
28.0,13.0,13.0,0.024997711181640625
122.0,60.0,60.0,0.10663223266601562
88.0,51.0,51.0,0.07662796974182129
84.0,36.0,36.0,0.0770425796508789
123.0,44.0,44.0,0.1193995475769043
42.0,19.0,19.0,0.04039454460144043
24.0,12.0,12.0,0.020729541778564453
88.0,38.0,38.0,0.07578516006469727
89.0,23.0,23.0,0.0706326961517334
50.0,24.0,24.0,0.04700016975402832
26.0,5.0,5.0,0.022585630416870117
66.0,21.0,21.0,0.05499982833862305
46.0,26.0,26.0,0.036632537841796875
39.0,20.0,20.0,0.031000137329101562
35.0,24.0,24.0,0.032000064849853516
76.0,36.0,36.0,0.0636281967163086
26.0,14.0,14.0,0.020999908447265625
43.0,21.0,21.0,0.03468036651611328
23.0,12.0,12.0,0.021585464477539062
136.0,48.0,48.0,0.11563277244567871
124.0,47.0,47.0,0.10597825050354004
54.0,22.0,22.0,0.044043540954589844
27.0,13.0,13.0,0.028590917587280273
33.0,9.0,9.0,0.026999950408935547
271.0,111.0,111.0,0.2222611904144287
140.0,41.0,41.0,0.12321591377258301
58.0,35.0,35.0,0.04800009727478027
20.0,8.0,8.0,0.015999794006347656
27.0,12.0,12.0,0.023042678833007812
33.0,17.0,17.0,0.027590036392211914
27.0,17.0,17.0,0.021999835968017578
96.0,32.0,32.0,0.08362841606140137
27.0,17.0,17.0,0.02500009536743164
34.0,15.0,15.0,0.03004288673400879
46.0,17.0,17.0,0.037590742111206055
55.0,32.0,32.0,0.04699993133544922
117.0,55.0,55.0,0.10262846946716309
35.0,16.0,16.0,0.02763223648071289
259.0,102.0,102.0,0.23561739921569824
42.0,20.0,20.0,0.03399991989135742
61.0,26.0,26.0,0.0515897274017334
55.0,18.0,18.0,0.05099987983703613
142.0,54.0,54.0,0.13598299026489258
22.0,11.0,11.0,0.017999649047851562
46.0,21.0,21.0,0.04004263877868652
100.0,37.0,37.0,0.0795903205871582
206.0,56.0,56.0,0.18326330184936523
26.0,10.0,10.0,0.021000146865844727
197.0,80.0,80.0,0.2230517864227295
102.0,27.0,27.0,0.09563374519348145
73.0,30.0,30.0,0.06299972534179688
64.0,33.0,33.0,0.04962801933288574
145.0,37.0,37.0,0.18073391914367676
151.0,54.0,54.0,0.1346278190612793
40.0,23.0,23.0,0.03399991989135742
189.0,81.0,81.0,0.15227031707763672
41.0,20.0,20.0,0.03699994087219238
41.0,13.0,13.0,0.03263258934020996
30.0,14.0,14.0,0.025000333786010742
23.0,12.0,12.0,0.017999649047851562
116.0,41.0,41.0,0.0953836441040039
117.0,57.0,57.0,0.11862993240356445
49.0,19.0,19.0,0.045632362365722656
16.0,5.0,5.0,0.016000032424926758
39.0,18.0,18.0,0.03400015830993652
29.0,12.0,12.0,0.024042606353759766
26.0,7.0,7.0,0.02058553695678711
34.0,16.0,16.0,0.03135180473327637
72.0,25.0,25.0,0.06767582893371582
67.0,24.0,24.0,0.056999921798706055
94.0,40.0,40.0,0.0836329460144043
46.0,17.0,17.0,0.04877495765686035
63.0,15.0,15.0,0.062137603759765625
99.0,46.0,46.0,0.08839082717895508
65.0,46.0,46.0,0.057642221450805664
30.0,16.0,16.0,0.026000499725341797
27.0,12.0,12.0,0.022085905075073242
64.0,23.0,23.0,0.05758547782897949
40.0,16.0,16.0,0.03704237937927246
88.0,52.0,52.0,0.08158993721008301
54.0,30.0,30.0,0.04780387878417969
38.0,22.0,22.0,0.03799939155578613
86.0,45.0,45.0,0.07963252067565918
31.0,15.0,15.0,0.031000137329101562
53.0,31.0,31.0,0.04362821578979492
60.0,30.0,30.0,0.04699969291687012
29.0,14.0,14.0,0.026042699813842773
96.0,34.0,34.0,0.07659029960632324
47.0,31.0,31.0,0.04262852668762207
46.0,21.0,21.0,0.03899979591369629
51.0,21.0,21.0,0.04363298416137695
53.0,21.0,21.0,0.04200005531311035
74.0,30.0,30.0,0.06062769889831543
101.0,50.0,50.0,0.08863234519958496
45.0,24.0,24.0,0.03699994087219238
36.0,19.0,19.0,0.029999971389770508
26.0,14.0,14.0,0.023042678833007812
171.0,84.0,84.0,0.15172362327575684
54.0,24.0,24.0,0.04204273223876953
93.0,33.0,33.0,0.09108805656433105
21.0,7.0,7.0,0.018590211868286133
31.0,11.0,11.0,0.029000043869018555
65.0,19.0,19.0,0.05762839317321777
37.0,16.0,16.0,0.03399991989135742
39.0,14.0,14.0,0.034999847412109375
73.0,18.0,18.0,0.06663298606872559
148.0,54.0,54.0,0.13762879371643066
59.0,26.0,26.0,0.04963278770446777
107.0,41.0,41.0,0.1046295166015625
114.0,38.0,38.0,0.1137542724609375
71.0,29.0,29.0,0.06941890716552734
22.0,8.0,8.0,0.01803302764892578
41.0,22.0,22.0,0.03504204750061035
40.0,26.0,26.0,0.03359103202819824
36.0,18.0,18.0,0.03599977493286133
30.0,14.0,14.0,0.03404402732849121
81.0,41.0,41.0,0.07958817481994629
48.0,30.0,30.0,0.0516352653503418
126.0,49.0,49.0,0.12762832641601562
48.0,28.0,28.0,0.04963970184326172
52.0,21.0,21.0,0.048000335693359375
44.0,18.0,18.0,0.03963112831115723
68.0,26.0,26.0,0.06100034713745117
27.0,15.0,15.0,0.022581100463867188
103.0,38.0,38.0,0.09263348579406738
69.0,36.0,36.0,0.07658767700195312
33.0,15.0,15.0,0.026043415069580078
110.0,36.0,36.0,0.08858966827392578
141.0,75.0,75.0,0.13421869277954102
128.0,52.0,52.0,0.11716198921203613
125.0,53.0,53.0,0.11662793159484863
88.0,33.0,33.0,0.0947721004486084
24.0,11.0,11.0,0.021999597549438477
44.0,17.0,17.0,0.03863072395324707
22.0,7.0,7.0,0.017000198364257812
33.0,12.0,12.0,0.026000022888183594
36.0,14.0,14.0,0.030042409896850586
32.0,12.0,12.0,0.03158926963806152
76.0,22.0,22.0,0.06858277320861816
82.0,42.0,42.0,0.069000244140625
60.0,28.0,28.0,0.05257129669189453
27.0,10.0,10.0,0.02400040626525879
72.0,24.0,24.0,0.0656278133392334
57.0,31.0,31.0,0.04400014877319336
114.0,41.0,41.0,0.10124444961547852
43.0,16.0,16.0,0.04574179649353027
47.0,34.0,34.0,0.043703317642211914
82.0,39.0,39.0,0.07218670845031738
92.0,48.0,48.0,0.07462859153747559
99.0,25.0,25.0,0.08104276657104492
38.0,17.0,17.0,0.030590057373046875
39.0,18.0,18.0,0.032000064849853516
40.0,16.0,16.0,0.03604245185852051
24.0,12.0,12.0,0.022044897079467773
72.0,34.0,34.0,0.06100010871887207
97.0,28.0,28.0,0.08458995819091797
34.0,18.0,18.0,0.030627965927124023
29.0,14.0,14.0,0.029000043869018555
20.0,6.0,6.0,0.01699995994567871
93.0,35.0,35.0,0.0836329460144043
118.0,31.0,31.0,0.10762858390808105
22.0,5.0,5.0,0.021000146865844727
51.0,24.0,24.0,0.044632911682128906
43.0,18.0,18.0,0.0409998893737793
48.0,23.0,23.0,0.04562830924987793
45.0,22.0,22.0,0.03599953651428223
41.0,16.0,16.0,0.03225588798522949
110.0,38.0,38.0,0.08976507186889648
76.0,29.0,29.0,0.06462645530700684
51.0,20.0,20.0,0.04404306411743164
27.0,15.0,15.0,0.023815631866455078
63.0,36.0,36.0,0.05499982833862305
34.0,21.0,21.0,0.027042865753173828
60.0,27.0,27.0,0.048000335693359375
36.0,18.0,18.0,0.03099989891052246
47.0,32.0,32.0,0.03763246536254883
112.0,44.0,44.0,0.09062910079956055
47.0,23.0,23.0,0.04102945327758789
49.0,11.0,11.0,0.03904271125793457
50.0,29.0,29.0,0.04204416275024414
182.0,60.0,60.0,0.15726399421691895
43.0,21.0,21.0,0.03899979591369629
53.0,19.0,19.0,0.04404306411743164
45.0,18.0,18.0,0.036585330963134766
90.0,32.0,32.0,0.1225728988647461
44.0,15.0,15.0,0.0514981746673584
45.0,26.0,26.0,0.04346823692321777
91.0,31.0,31.0,0.0898430347442627
24.0,12.0,12.0,0.01914668083190918
73.0,32.0,32.0,0.06007194519042969
162.0,68.0,68.0,0.13979554176330566
26.0,12.0,12.0,0.022835493087768555
46.0,34.0,34.0,0.047969818115234375
105.0,55.0,55.0,0.10615277290344238
78.0,31.0,31.0,0.07394886016845703
60.0,27.0,27.0,0.06352877616882324
70.0,30.0,30.0,0.07892370223999023
71.0,54.0,54.0,0.06462955474853516
35.0,13.0,13.0,0.03597283363342285
123.0,41.0,41.0,0.10676908493041992
94.0,49.0,49.0,0.0864720344543457
39.0,19.0,19.0,0.031823158264160156
138.0,40.0,40.0,0.1299304962158203
56.0,19.0,19.0,0.0567021369934082
47.0,26.0,26.0,0.04665660858154297
60.0,22.0,22.0,0.05996537208557129
40.0,24.0,24.0,0.03549551963806152
39.0,24.0,24.0,0.035820960998535156
36.0,10.0,10.0,0.03309130668640137
22.0,11.0,11.0,0.018754959106445312
88.0,33.0,33.0,0.08263468742370605
53.0,16.0,16.0,0.04751873016357422
151.0,56.0,56.0,0.14309310913085938
118.0,39.0,39.0,0.14661478996276855
41.0,15.0,15.0,0.03502845764160156
36.0,21.0,21.0,0.028569698333740234
61.0,29.0,29.0,0.058818817138671875
99.0,49.0,49.0,0.10125279426574707
95.0,34.0,34.0,0.09781575202941895
62.0,37.0,37.0,0.0604093074798584
98.0,30.0,30.0,0.07872867584228516
24.0,11.0,11.0,0.01991724967956543
79.0,35.0,35.0,0.06183314323425293
49.0,20.0,20.0,0.04240727424621582
74.0,30.0,30.0,0.06868505477905273
29.0,17.0,17.0,0.028699636459350586
87.0,35.0,35.0,0.08793807029724121
104.0,32.0,32.0,0.1021890640258789
36.0,17.0,17.0,0.029133319854736328
34.0,17.0,17.0,0.030073165893554688
27.0,12.0,12.0,0.023459672927856445
40.0,22.0,22.0,0.031809091567993164
40.0,23.0,23.0,0.035320281982421875
64.0,18.0,18.0,0.051793813705444336
35.0,17.0,17.0,0.026918411254882812
45.0,21.0,21.0,0.03694510459899902
31.0,15.0,15.0,0.026584148406982422
63.0,39.0,39.0,0.053340911865234375
31.0,19.0,19.0,0.02696967124938965
33.0,15.0,15.0,0.027554750442504883
43.0,16.0,16.0,0.036130666732788086
49.0,27.0,27.0,0.04066801071166992
72.0,31.0,31.0,0.05818939208984375
58.0,16.0,16.0,0.047762155532836914
29.0,12.0,12.0,0.027910709381103516
24.0,13.0,13.0,0.019455432891845703
151.0,50.0,50.0,0.13703036308288574
81.0,37.0,37.0,0.06789255142211914
99.0,50.0,50.0,0.09276270866394043
27.0,10.0,10.0,0.028551101684570312
35.0,20.0,20.0,0.041031837463378906
24.0,8.0,8.0,0.021465539932250977
217.0,82.0,82.0,0.19033169746398926
35.0,16.0,16.0,0.028533458709716797
125.0,72.0,72.0,0.11446356773376465
42.0,17.0,17.0,0.03328347206115723
52.0,17.0,17.0,0.057195425033569336
74.0,40.0,40.0,0.08774828910827637
47.0,15.0,15.0,0.04480600357055664
68.0,29.0,29.0,0.061721086502075195
154.0,78.0,78.0,0.13556742668151855
92.0,60.0,60.0,0.08104944229125977
115.0,57.0,57.0,0.10922050476074219
84.0,41.0,41.0,0.06799983978271484
77.0,25.0,25.0,0.06262826919555664
41.0,17.0,17.0,0.03399991989135742
121.0,41.0,41.0,0.0986328125
98.0,38.0,38.0,0.07662820816040039
129.0,50.0,50.0,0.1116328239440918
90.0,24.0,24.0,0.0801551342010498
24.0,13.0,13.0,0.018999814987182617
42.0,22.0,22.0,0.03304290771484375
152.0,68.0,68.0,0.12469816207885742
36.0,13.0,13.0,0.029999732971191406
25.0,12.0,12.0,0.018999814987182617
52.0,19.0,19.0,0.04562783241271973
32.0,13.0,13.0,0.026999711990356445
30.0,18.0,18.0,0.023000001907348633
26.0,10.0,10.0,0.02004265785217285
61.0,17.0,17.0,0.04704403877258301
22.0,9.0,9.0,0.018000125885009766
30.0,12.0,12.0,0.029837846755981445
29.0,17.0,17.0,0.024006128311157227
86.0,43.0,43.0,0.07262802124023438
138.0,49.0,49.0,0.11263275146484375
183.0,61.0,61.0,0.15562868118286133
37.0,18.0,18.0,0.030632734298706055
69.0,37.0,37.0,0.06199979782104492
44.0,28.0,28.0,0.03595471382141113
78.0,37.0,37.0,0.07215189933776855
42.0,25.0,25.0,0.03263354301452637
88.0,22.0,22.0,0.09462809562683105
55.0,25.0,25.0,0.05589437484741211
87.0,34.0,34.0,0.07699704170227051
61.0,23.0,23.0,0.04715132713317871
32.0,14.0,14.0,0.027590274810791016
26.0,10.0,10.0,0.021999597549438477
215.0,77.0,77.0,0.1772608757019043
31.0,5.0,5.0,0.025999784469604492
92.0,33.0,33.0,0.07262849807739258
53.0,21.0,21.0,0.04500007629394531
32.0,15.0,15.0,0.0296328067779541
124.0,53.0,53.0,0.10716104507446289
235.0,80.0,80.0,0.2162623405456543
28.0,10.0,10.0,0.025999784469604492
190.0,65.0,65.0,0.15426087379455566
68.0,23.0,23.0,0.060042381286621094
32.0,17.0,17.0,0.02558588981628418
83.0,40.0,40.0,0.07809138298034668
76.0,31.0,31.0,0.06359052658081055
38.0,12.0,12.0,0.03304290771484375
56.0,39.0,39.0,0.04858660697937012
90.0,38.0,38.0,0.0856328010559082
38.0,15.0,15.0,0.03600001335144043
116.0,58.0,58.0,0.10762929916381836
58.0,17.0,17.0,0.047632694244384766
38.0,16.0,16.0,0.03499865531921387
95.0,47.0,47.0,0.0936284065246582
172.0,73.0,73.0,0.16626334190368652
60.0,25.0,25.0,0.056076765060424805
237.0,65.0,65.0,0.22424554824829102
51.0,25.0,25.0,0.04369497299194336
88.0,41.0,41.0,0.07363247871398926
40.0,16.0,16.0,0.03899979591369629
66.0,33.0,33.0,0.054586172103881836
18.0,8.0,8.0,0.01900005340576172
33.0,14.0,14.0,0.02804255485534668
77.0,29.0,29.0,0.061589717864990234
22.0,9.0,9.0,0.01699995994567871
31.0,19.0,19.0,0.026628494262695312
55.0,21.0,21.0,0.046000003814697266
110.0,33.0,33.0,0.09463238716125488
18.0,6.0,6.0,0.01399993896484375
45.0,27.0,27.0,0.03662824630737305
34.0,21.0,21.0,0.03099966049194336
27.0,12.0,12.0,0.02200007438659668
56.0,29.0,29.0,0.046633243560791016
64.0,36.0,36.0,0.053999900817871094
25.0,9.0,9.0,0.021000146865844727
114.0,39.0,39.0,0.09499382972717285
60.0,25.0,25.0,0.050632476806640625
63.0,29.0,29.0,0.05353069305419922
20.0,6.0,6.0,0.016590595245361328
94.0,36.0,36.0,0.07599997520446777
21.0,8.0,8.0,0.0185849666595459
123.0,53.0,53.0,0.10763216018676758
21.0,9.0,9.0,0.018000125885009766
24.0,13.0,13.0,0.019999980926513672
99.0,35.0,35.0,0.07962965965270996
35.0,24.0,24.0,0.026999950408935547
137.0,55.0,55.0,0.11763215065002441
108.0,35.0,35.0,0.09058547019958496
141.0,73.0,73.0,0.11367511749267578
66.0,21.0,21.0,0.05458545684814453
29.0,15.0,15.0,0.02500009536743164
139.0,44.0,44.0,0.12267541885375977
168.0,81.0,81.0,0.13863277435302734
190.0,66.0,66.0,0.18577194213867188
31.0,15.0,15.0,0.026143789291381836
27.0,13.0,13.0,0.02299976348876953
34.0,19.0,19.0,0.027632713317871094
89.0,38.0,38.0,0.0689997673034668
125.0,54.0,54.0,0.1056978702545166
53.0,19.0,19.0,0.04659008979797363
28.0,10.0,10.0,0.023999929428100586
45.0,27.0,27.0,0.04062819480895996
48.0,26.0,26.0,0.0409998893737793
58.0,17.0,17.0,0.0490422248840332
63.0,25.0,25.0,0.05458974838256836
41.0,19.0,19.0,0.03504228591918945
272.0,101.0,101.0,0.23297452926635742
198.0,75.0,75.0,0.16567659378051758
37.0,22.0,22.0,0.03189682960510254
79.0,31.0,31.0,0.06604266166687012
57.0,24.0,24.0,0.04458928108215332
51.0,16.0,16.0,0.04399991035461426
124.0,51.0,51.0,0.10562825202941895
116.0,36.0,36.0,0.10463333129882812
80.0,23.0,23.0,0.06488347053527832
42.0,17.0,17.0,0.03558850288391113
52.0,19.0,19.0,0.04400038719177246
69.0,23.0,23.0,0.05662870407104492
30.0,15.0,15.0,0.025037765502929688
68.0,32.0,32.0,0.05804252624511719
28.0,12.0,12.0,0.0235898494720459
82.0,30.0,30.0,0.07204270362854004
52.0,24.0,24.0,0.0458526611328125
79.0,37.0,37.0,0.06358909606933594
65.0,28.0,28.0,0.054000139236450195
56.0,17.0,17.0,0.046628713607788086
70.0,40.0,40.0,0.06800007820129395
18.0,8.0,8.0,0.017042875289916992
54.0,21.0,21.0,0.05246257781982422
129.0,53.0,53.0,0.12309885025024414
65.0,24.0,24.0,0.05162787437438965
125.0,76.0,76.0,0.11263203620910645
92.0,46.0,46.0,0.08462905883789062
38.0,17.0,17.0,0.037999868392944336
55.0,26.0,26.0,0.042633056640625
62.0,22.0,22.0,0.05200004577636719
22.0,11.0,11.0,0.01699995994567871
21.0,10.0,10.0,0.016628503799438477
25.0,13.0,13.0,0.019999980926513672
28.0,13.0,13.0,0.024364948272705078
61.0,31.0,31.0,0.059629201889038086
25.0,9.0,9.0,0.021999835968017578
81.0,46.0,46.0,0.08063316345214844
34.0,15.0,15.0,0.026999950408935547
31.0,12.0,12.0,0.026999950408935547
41.0,16.0,16.0,0.0341181755065918
92.0,31.0,31.0,0.075042724609375
119.0,36.0,36.0,0.14623665809631348
47.0,17.0,17.0,0.04199981689453125
41.0,21.0,21.0,0.03962969779968262
139.0,39.0,39.0,0.12563276290893555
46.0,22.0,22.0,0.04658317565917969
84.0,42.0,42.0,0.07299995422363281
35.0,14.0,14.0,0.030632734298706055
92.0,26.0,26.0,0.08404278755187988
45.0,16.0,16.0,0.0445866584777832
53.0,26.0,26.0,0.05819368362426758
47.0,34.0,34.0,0.056999921798706055
30.0,10.0,10.0,0.035042762756347656
29.0,15.0,15.0,0.0295865535736084
50.0,18.0,18.0,0.04499936103820801
73.0,17.0,17.0,0.07616662979125977
32.0,17.0,17.0,0.0340421199798584
81.0,28.0,28.0,0.08859038352966309
43.0,28.0,28.0,0.04262852668762207
33.0,17.0,17.0,0.031000375747680664
23.0,11.0,11.0,0.023000001907348633
115.0,45.0,45.0,0.11687779426574707
42.0,22.0,22.0,0.03972148895263672
29.0,12.0,12.0,0.022032976150512695
83.0,43.0,43.0,0.06862640380859375
141.0,50.0,50.0,0.1116325855255127
31.0,10.0,10.0,0.026999711990356445
39.0,23.0,23.0,0.03362870216369629
152.0,60.0,60.0,0.1376326084136963
56.0,24.0,24.0,0.04762840270996094
29.0,12.0,12.0,0.02499985694885254
85.0,38.0,38.0,0.07663416862487793
37.0,14.0,14.0,0.04400014877319336
134.0,50.0,50.0,0.13467049598693848
66.0,28.0,28.0,0.05459022521972656
45.0,23.0,23.0,0.03904318809509277
37.0,17.0,17.0,0.03058648109436035
47.0,18.0,18.0,0.057000160217285156
35.0,16.0,16.0,0.03759050369262695
31.0,14.0,14.0,0.03600001335144043
42.0,14.0,14.0,0.04362797737121582
33.0,17.0,17.0,0.0279998779296875
49.0,13.0,13.0,0.04600024223327637
67.0,26.0,26.0,0.061589717864990234
46.0,31.0,31.0,0.045043230056762695
42.0,17.0,17.0,0.048120975494384766
82.0,33.0,33.0,0.08862876892089844
35.0,17.0,17.0,0.0409998893737793
35.0,13.0,13.0,0.03263378143310547
67.0,32.0,32.0,0.06699991226196289
149.0,49.0,49.0,0.12826108932495117
107.0,43.0,43.0,0.08558392524719238
159.0,70.0,70.0,0.15563249588012695
104.0,46.0,46.0,0.12462830543518066
77.0,36.0,36.0,0.08957743644714355
122.0,42.0,42.0,0.1329822540283203
58.0,34.0,34.0,0.05006814002990723
81.0,31.0,31.0,0.0812227725982666
149.0,45.0,45.0,0.15067124366760254
88.0,45.0,45.0,0.07757329940795898
50.0,32.0,32.0,0.03863263130187988
102.0,42.0,42.0,0.08562827110290527
52.0,31.0,31.0,0.046999454498291016
121.0,43.0,43.0,0.09763288497924805
43.0,24.0,24.0,0.03704261779785156
64.0,38.0,38.0,0.057013511657714844
100.0,39.0,39.0,0.08663177490234375
50.0,13.0,13.0,0.03900003433227539
25.0,12.0,12.0,0.021628618240356445
40.0,24.0,24.0,0.040999650955200195
80.0,25.0,25.0,0.0706331729888916
52.0,26.0,26.0,0.048999786376953125
63.0,20.0,20.0,0.0549321174621582
124.0,43.0,43.0,0.10663270950317383
58.0,30.0,30.0,0.057042598724365234
118.0,24.0,24.0,0.10167956352233887
113.0,72.0,72.0,0.09392666816711426
81.0,40.0,40.0,0.07179498672485352
124.0,45.0,45.0,0.10267782211303711
35.0,18.0,18.0,0.027628660202026367
96.0,31.0,31.0,0.08604311943054199
79.0,20.0,20.0,0.08248734474182129
136.0,43.0,43.0,0.16669344902038574
57.0,30.0,30.0,0.05611014366149902
74.0,20.0,20.0,0.07202529907226562
142.0,55.0,55.0,0.14004826545715332
191.0,84.0,84.0,0.19205522537231445
139.0,42.0,42.0,0.12352466583251953
208.0,83.0,83.0,0.17429399490356445
36.0,16.0,16.0,0.026999711990356445
58.0,27.0,27.0,0.04804348945617676
41.0,30.0,30.0,0.032590627670288086
140.0,36.0,36.0,0.13062810897827148
69.0,40.0,40.0,0.05588173866271973
33.0,21.0,21.0,0.025999784469604492
51.0,21.0,21.0,0.04304361343383789
93.0,25.0,25.0,0.07159066200256348
270.0,102.0,102.0,0.23589110374450684
58.0,32.0,32.0,0.05399966239929199
165.0,57.0,57.0,0.1472606658935547
103.0,42.0,42.0,0.10263276100158691
63.0,28.0,28.0,0.0559999942779541
62.0,23.0,23.0,0.051628828048706055
105.0,62.0,62.0,0.09463238716125488
41.0,17.0,17.0,0.04981064796447754
59.0,31.0,31.0,0.04721856117248535
31.0,18.0,18.0,0.024000167846679688
17.0,6.0,6.0,0.013000249862670898
34.0,18.0,18.0,0.02704310417175293
77.0,25.0,25.0,0.06614041328430176
48.0,12.0,12.0,0.04021334648132324
31.0,20.0,20.0,0.024884939193725586
100.0,35.0,35.0,0.08166146278381348
28.0,13.0,13.0,0.02331066131591797
50.0,39.0,39.0,0.04215407371520996
102.0,38.0,38.0,0.08458971977233887
17.0,5.0,5.0,0.015042543411254883
72.0,43.0,43.0,0.0595850944519043
48.0,23.0,23.0,0.05863308906555176
53.0,19.0,19.0,0.04399991035461426
43.0,24.0,24.0,0.035628557205200195
23.0,11.0,11.0,0.01799941062927246
45.0,20.0,20.0,0.037999868392944336
58.0,31.0,31.0,0.05263257026672363
33.0,16.0,16.0,0.031999826431274414
33.0,11.0,11.0,0.0279998779296875
60.0,33.0,33.0,0.07716202735900879
60.0,32.0,32.0,0.05162787437438965
45.0,18.0,18.0,0.03500008583068848
28.0,10.0,10.0,0.02200031280517578
70.0,33.0,33.0,0.0576326847076416
100.0,38.0,38.0,0.0806281566619873
96.0,45.0,45.0,0.07704281806945801
25.0,11.0,11.0,0.022589683532714844
29.0,10.0,10.0,0.02499985694885254
123.0,39.0,39.0,0.10562872886657715
24.0,8.0,8.0,0.01900005340576172
96.0,49.0,49.0,0.07863211631774902
157.0,43.0,43.0,0.13896822929382324
47.0,25.0,25.0,0.03811931610107422
68.0,17.0,17.0,0.05604290962219238
38.0,17.0,17.0,0.039589881896972656
128.0,59.0,59.0,0.12962841987609863
