Timesteps,Collisions,Steps Waited,Real-Time Elapsed
46.0,13.0,13.0,0.05320858955383301
72.0,8.0,8.0,0.08392214775085449
47.0,12.0,12.0,0.03772568702697754
140.0,38.0,38.0,0.13472223281860352
47.0,13.0,13.0,0.04426121711730957
97.0,31.0,31.0,0.07769989967346191
84.0,22.0,22.0,0.07732868194580078
26.0,11.0,11.0,0.024925708770751953
19.0,8.0,8.0,0.02291584014892578
79.0,10.0,10.0,0.09302282333374023
51.0,21.0,21.0,0.0562138557434082
65.0,32.0,32.0,0.07659101486206055
26.0,11.0,11.0,0.03179311752319336
29.0,7.0,7.0,0.026183605194091797
81.0,33.0,33.0,0.09560418128967285
58.0,16.0,16.0,0.05675959587097168
35.0,9.0,9.0,0.028378963470458984
110.0,26.0,26.0,0.12860393524169922
29.0,12.0,12.0,0.041881561279296875
89.0,32.0,32.0,0.09070849418640137
55.0,12.0,12.0,0.06624269485473633
38.0,13.0,13.0,0.04310154914855957
29.0,10.0,10.0,0.026171445846557617
40.0,9.0,9.0,0.041176795959472656
21.0,11.0,11.0,0.018518686294555664
43.0,14.0,14.0,0.035533905029296875
31.0,14.0,14.0,0.024286746978759766
101.0,30.0,30.0,0.09664511680603027
106.0,29.0,29.0,0.102783203125
96.0,29.0,29.0,0.09679245948791504
117.0,31.0,31.0,0.10168170928955078
31.0,3.0,3.0,0.022911548614501953
57.0,28.0,28.0,0.04596686363220215
33.0,13.0,13.0,0.025297880172729492
22.0,11.0,11.0,0.01841449737548828
54.0,20.0,20.0,0.05985617637634277
59.0,16.0,16.0,0.04734444618225098
140.0,41.0,41.0,0.13828682899475098
52.0,13.0,13.0,0.045305490493774414
42.0,13.0,13.0,0.04207921028137207
72.0,17.0,17.0,0.06786990165710449
33.0,10.0,10.0,0.03430819511413574
88.0,21.0,21.0,0.0971977710723877
31.0,12.0,12.0,0.03424334526062012
36.0,15.0,15.0,0.02765488624572754
18.0,4.0,4.0,0.019622087478637695
35.0,18.0,18.0,0.03466463088989258
18.0,4.0,4.0,0.015718936920166016
95.0,34.0,34.0,0.09641170501708984
90.0,27.0,27.0,0.09940266609191895
99.0,48.0,48.0,0.10259294509887695
64.0,24.0,24.0,0.06639719009399414
140.0,43.0,43.0,0.13751649856567383
63.0,14.0,14.0,0.07387828826904297
40.0,13.0,13.0,0.04873490333557129
119.0,42.0,42.0,0.13468480110168457
17.0,6.0,6.0,0.019953250885009766
94.0,31.0,31.0,0.09439897537231445
44.0,14.0,14.0,0.037007808685302734
34.0,10.0,10.0,0.03436589241027832
64.0,21.0,21.0,0.06146740913391113
39.0,14.0,14.0,0.035805702209472656
88.0,31.0,31.0,0.09147500991821289
39.0,22.0,22.0,0.036514997482299805
66.0,23.0,23.0,0.06956934928894043
43.0,26.0,26.0,0.04190516471862793
113.0,34.0,34.0,0.11465048789978027
95.0,25.0,25.0,0.0939490795135498
54.0,14.0,14.0,0.04773855209350586
45.0,24.0,24.0,0.04448223114013672
52.0,16.0,16.0,0.03672671318054199
20.0,8.0,8.0,0.012911558151245117
65.0,15.0,15.0,0.049462318420410156
90.0,27.0,27.0,0.06989145278930664
44.0,20.0,20.0,0.04065084457397461
27.0,10.0,10.0,0.028208255767822266
36.0,11.0,11.0,0.0365755558013916
49.0,13.0,13.0,0.05141329765319824
21.0,10.0,10.0,0.021781444549560547
187.0,65.0,65.0,0.18153667449951172
160.0,38.0,38.0,0.15178251266479492
18.0,6.0,6.0,0.023085355758666992
43.0,12.0,12.0,0.03795433044433594
35.0,13.0,13.0,0.032347679138183594
40.0,14.0,14.0,0.031054019927978516
35.0,13.0,13.0,0.030272245407104492
51.0,12.0,12.0,0.04703354835510254
30.0,10.0,10.0,0.03454256057739258
61.0,25.0,25.0,0.05460095405578613
132.0,31.0,31.0,0.108123779296875
28.0,11.0,11.0,0.02123093605041504
52.0,13.0,13.0,0.0431981086730957
26.0,12.0,12.0,0.018329858779907227
22.0,10.0,10.0,0.023047685623168945
33.0,12.0,12.0,0.039063453674316406
184.0,63.0,63.0,0.19573020935058594
67.0,22.0,22.0,0.08313679695129395
68.0,23.0,23.0,0.060272932052612305
24.0,10.0,10.0,0.02409982681274414
202.0,73.0,73.0,0.19034886360168457
63.0,24.0,24.0,0.061101675033569336
35.0,11.0,11.0,0.03095245361328125
30.0,14.0,14.0,0.02759385108947754
20.0,9.0,9.0,0.023261308670043945
120.0,21.0,21.0,0.12460494041442871
75.0,36.0,36.0,0.06364226341247559
31.0,16.0,16.0,0.03416013717651367
27.0,8.0,8.0,0.03720378875732422
57.0,24.0,24.0,0.06993770599365234
28.0,13.0,13.0,0.030653715133666992
65.0,19.0,19.0,0.08110475540161133
71.0,16.0,16.0,0.0701291561126709
94.0,19.0,19.0,0.10986661911010742
101.0,31.0,31.0,0.11808562278747559
58.0,15.0,15.0,0.06129765510559082
50.0,13.0,13.0,0.055029869079589844
16.0,4.0,4.0,0.01661205291748047
73.0,26.0,26.0,0.09016752243041992
38.0,6.0,6.0,0.03511643409729004
22.0,10.0,10.0,0.024300575256347656
26.0,13.0,13.0,0.027318239212036133
79.0,14.0,14.0,0.0826423168182373
86.0,20.0,20.0,0.10387420654296875
57.0,25.0,25.0,0.06083393096923828
24.0,4.0,4.0,0.02601313591003418
46.0,19.0,19.0,0.047701358795166016
70.0,23.0,23.0,0.07859444618225098
23.0,9.0,9.0,0.030843496322631836
76.0,37.0,37.0,0.09241342544555664
77.0,26.0,26.0,0.09354948997497559
81.0,19.0,19.0,0.0962221622467041
25.0,14.0,14.0,0.028974056243896484
25.0,6.0,6.0,0.026081562042236328
97.0,36.0,36.0,0.10006141662597656
49.0,16.0,16.0,0.05896902084350586
60.0,18.0,18.0,0.0590977668762207
24.0,6.0,6.0,0.02204442024230957
29.0,11.0,11.0,0.032770395278930664
36.0,15.0,15.0,0.040139198303222656
82.0,29.0,29.0,0.07993388175964355
94.0,30.0,30.0,0.10043215751647949
26.0,11.0,11.0,0.028093338012695312
32.0,11.0,11.0,0.030078887939453125
22.0,9.0,9.0,0.01998758316040039
20.0,7.0,7.0,0.015024185180664062
36.0,20.0,20.0,0.03706097602844238
57.0,23.0,23.0,0.05079054832458496
97.0,31.0,31.0,0.10084152221679688
26.0,6.0,6.0,0.03392314910888672
66.0,19.0,19.0,0.06490540504455566
85.0,29.0,29.0,0.0912771224975586
41.0,13.0,13.0,0.03415989875793457
53.0,19.0,19.0,0.04558897018432617
41.0,20.0,20.0,0.04031515121459961
57.0,36.0,36.0,0.05900907516479492
34.0,11.0,11.0,0.03348827362060547
23.0,6.0,6.0,0.02314138412475586
43.0,14.0,14.0,0.038147687911987305
142.0,39.0,39.0,0.14480829238891602
66.0,29.0,29.0,0.06145453453063965
86.0,19.0,19.0,0.08035063743591309
34.0,13.0,13.0,0.038759469985961914
62.0,22.0,22.0,0.0699310302734375
46.0,12.0,12.0,0.039830923080444336
181.0,53.0,53.0,0.17215585708618164
158.0,48.0,48.0,0.17583656311035156
24.0,10.0,10.0,0.03098607063293457
48.0,25.0,25.0,0.05629706382751465
44.0,23.0,23.0,0.03642702102661133
43.0,12.0,12.0,0.04465317726135254
27.0,11.0,11.0,0.0289614200592041
147.0,42.0,42.0,0.21996665000915527
48.0,19.0,19.0,0.04026651382446289
60.0,19.0,19.0,0.04393148422241211
21.0,8.0,8.0,0.01816391944885254
31.0,14.0,14.0,0.028283119201660156
38.0,7.0,7.0,0.032121896743774414
84.0,21.0,21.0,0.07853317260742188
50.0,14.0,14.0,0.048037052154541016
143.0,39.0,39.0,0.12006998062133789
130.0,37.0,37.0,0.10030293464660645
163.0,35.0,35.0,0.13557052612304688
56.0,20.0,20.0,0.05161881446838379
54.0,16.0,16.0,0.047817230224609375
23.0,11.0,11.0,0.024646520614624023
30.0,7.0,7.0,0.023489713668823242
45.0,13.0,13.0,0.04322338104248047
60.0,25.0,25.0,0.053069114685058594
56.0,12.0,12.0,0.05998587608337402
102.0,18.0,18.0,0.07917141914367676
92.0,39.0,39.0,0.08760714530944824
58.0,16.0,16.0,0.05972766876220703
47.0,16.0,16.0,0.041359901428222656
72.0,23.0,23.0,0.07337546348571777
54.0,15.0,15.0,0.05122804641723633
72.0,21.0,21.0,0.07719898223876953
51.0,15.0,15.0,0.04376983642578125
35.0,13.0,13.0,0.04148507118225098
77.0,19.0,19.0,0.06804418563842773
42.0,22.0,22.0,0.04208731651306152
40.0,15.0,15.0,0.04717421531677246
49.0,9.0,9.0,0.05374956130981445
49.0,14.0,14.0,0.04877305030822754
57.0,18.0,18.0,0.06213521957397461
119.0,37.0,37.0,0.11672568321228027
39.0,11.0,11.0,0.03589963912963867
30.0,12.0,12.0,0.027501821517944336
106.0,45.0,45.0,0.09058213233947754
25.0,11.0,11.0,0.027232646942138672
16.0,4.0,4.0,0.014897346496582031
18.0,6.0,6.0,0.021959304809570312
37.0,18.0,18.0,0.02768707275390625
33.0,15.0,15.0,0.026126861572265625
16.0,5.0,5.0,0.015527963638305664
35.0,13.0,13.0,0.02971196174621582
28.0,11.0,11.0,0.02577066421508789
65.0,16.0,16.0,0.05648374557495117
26.0,9.0,9.0,0.01858973503112793
134.0,31.0,31.0,0.12765264511108398
120.0,42.0,42.0,0.10399246215820312
40.0,17.0,17.0,0.03856039047241211
34.0,12.0,12.0,0.024488210678100586
27.0,14.0,14.0,0.0205843448638916
72.0,10.0,10.0,0.054204702377319336
20.0,8.0,8.0,0.013537168502807617
68.0,14.0,14.0,0.058244943618774414
37.0,22.0,22.0,0.03316974639892578
22.0,9.0,9.0,0.017865896224975586
145.0,46.0,46.0,0.12282204627990723
42.0,12.0,12.0,0.04198718070983887
56.0,24.0,24.0,0.056934356689453125
27.0,14.0,14.0,0.023090362548828125
57.0,13.0,13.0,0.04315185546875
21.0,7.0,7.0,0.03070664405822754
39.0,6.0,6.0,0.0322728157043457
22.0,12.0,12.0,0.017586708068847656
25.0,10.0,10.0,0.01822352409362793
18.0,5.0,5.0,0.01249837875366211
18.0,7.0,7.0,0.012595891952514648
26.0,15.0,15.0,0.01809549331665039
34.0,12.0,12.0,0.02714824676513672
19.0,8.0,8.0,0.020143508911132812
69.0,30.0,30.0,0.05653738975524902
80.0,24.0,24.0,0.07126474380493164
49.0,23.0,23.0,0.04100823402404785
22.0,10.0,10.0,0.019501924514770508
19.0,6.0,6.0,0.01757216453552246
22.0,6.0,6.0,0.017070293426513672
55.0,13.0,13.0,0.05773329734802246
21.0,10.0,10.0,0.013458490371704102
158.0,31.0,31.0,0.16497564315795898
69.0,22.0,22.0,0.059597015380859375
78.0,37.0,37.0,0.06858968734741211
127.0,35.0,35.0,0.11368203163146973
48.0,15.0,15.0,0.03929734230041504
32.0,10.0,10.0,0.03352975845336914
25.0,7.0,7.0,0.02193474769592285
25.0,8.0,8.0,0.023579835891723633
42.0,11.0,11.0,0.03526616096496582
59.0,16.0,16.0,0.05726504325866699
82.0,19.0,19.0,0.08609652519226074
176.0,57.0,57.0,0.1826789379119873
50.0,10.0,10.0,0.06317448616027832
53.0,15.0,15.0,0.06607747077941895
103.0,34.0,34.0,0.09057831764221191
59.0,13.0,13.0,0.056620121002197266
19.0,7.0,7.0,0.018073320388793945
18.0,6.0,6.0,0.013257026672363281
81.0,20.0,20.0,0.09604048728942871
69.0,18.0,18.0,0.06654167175292969
77.0,33.0,33.0,0.06865954399108887
26.0,11.0,11.0,0.029325008392333984
35.0,15.0,15.0,0.04138803482055664
35.0,20.0,20.0,0.03580331802368164
236.0,53.0,53.0,0.23434853553771973
59.0,22.0,22.0,0.05904698371887207
28.0,16.0,16.0,0.03003835678100586
155.0,57.0,57.0,0.16958260536193848
22.0,7.0,7.0,0.021847248077392578
56.0,18.0,18.0,0.050902366638183594
19.0,8.0,8.0,0.023694515228271484
54.0,33.0,33.0,0.04380226135253906
35.0,9.0,9.0,0.029154300689697266
26.0,8.0,8.0,0.01823878288269043
40.0,12.0,12.0,0.04764080047607422
73.0,20.0,20.0,0.09015727043151855
100.0,33.0,33.0,0.08698225021362305
90.0,28.0,28.0,0.07694673538208008
25.0,12.0,12.0,0.014997243881225586
130.0,28.0,28.0,0.11174559593200684
56.0,19.0,19.0,0.05059623718261719
45.0,18.0,18.0,0.03406572341918945
64.0,15.0,15.0,0.048512935638427734
62.0,28.0,28.0,0.050559043884277344
25.0,9.0,9.0,0.02489161491394043
35.0,10.0,10.0,0.0298919677734375
148.0,43.0,43.0,0.11456656455993652
43.0,18.0,18.0,0.02986741065979004
41.0,9.0,9.0,0.029952049255371094
36.0,16.0,16.0,0.02733922004699707
57.0,13.0,13.0,0.04609847068786621
63.0,45.0,45.0,0.06019282341003418
32.0,13.0,13.0,0.02588033676147461
75.0,20.0,20.0,0.06414914131164551
35.0,14.0,14.0,0.03337287902832031
21.0,8.0,8.0,0.0220034122467041
48.0,11.0,11.0,0.04326033592224121
65.0,16.0,16.0,0.06103825569152832
37.0,12.0,12.0,0.0281984806060791
28.0,13.0,13.0,0.02339482307434082
25.0,12.0,12.0,0.02644062042236328
33.0,16.0,16.0,0.02890944480895996
62.0,21.0,21.0,0.06027555465698242
15.0,4.0,4.0,0.01603531837463379
119.0,21.0,21.0,0.13731646537780762
51.0,19.0,19.0,0.053717851638793945
51.0,17.0,17.0,0.04124307632446289
44.0,18.0,18.0,0.040428876876831055
48.0,16.0,16.0,0.03947329521179199
54.0,24.0,24.0,0.051679372787475586
67.0,18.0,18.0,0.06568717956542969
25.0,13.0,13.0,0.02909088134765625
74.0,10.0,10.0,0.07249641418457031
97.0,25.0,25.0,0.09678459167480469
47.0,28.0,28.0,0.050090789794921875
31.0,18.0,18.0,0.027574777603149414
91.0,31.0,31.0,0.09318184852600098
101.0,29.0,29.0,0.12149238586425781
51.0,15.0,15.0,0.06757473945617676
16.0,3.0,3.0,0.02319478988647461
51.0,24.0,24.0,0.05570054054260254
117.0,33.0,33.0,0.10936522483825684
34.0,15.0,15.0,0.0306699275970459
24.0,11.0,11.0,0.02362370491027832
27.0,4.0,4.0,0.027490854263305664
23.0,7.0,7.0,0.021303653717041016
75.0,23.0,23.0,0.06712770462036133
60.0,15.0,15.0,0.06556510925292969
44.0,24.0,24.0,0.039752960205078125
198.0,56.0,56.0,0.22333526611328125
26.0,7.0,7.0,0.023433208465576172
62.0,20.0,20.0,0.04597139358520508
37.0,16.0,16.0,0.0290529727935791
70.0,13.0,13.0,0.07088017463684082
31.0,17.0,17.0,0.023538827896118164
135.0,31.0,31.0,0.10144662857055664
118.0,32.0,32.0,0.08960890769958496
50.0,18.0,18.0,0.04831671714782715
21.0,9.0,9.0,0.015727996826171875
36.0,12.0,12.0,0.03072190284729004
39.0,12.0,12.0,0.03849482536315918
28.0,12.0,12.0,0.023929357528686523
36.0,6.0,6.0,0.036089420318603516
16.0,4.0,4.0,0.015495061874389648
125.0,33.0,33.0,0.10133981704711914
120.0,55.0,55.0,0.08544421195983887
42.0,17.0,17.0,0.04166555404663086
39.0,11.0,11.0,0.031238555908203125
88.0,23.0,23.0,0.08121752738952637
63.0,25.0,25.0,0.07146120071411133
64.0,10.0,10.0,0.056322336196899414
72.0,32.0,32.0,0.0757284164428711
24.0,9.0,9.0,0.027380943298339844
25.0,10.0,10.0,0.02264857292175293
46.0,20.0,20.0,0.05176043510437012
30.0,9.0,9.0,0.037668466567993164
138.0,46.0,46.0,0.2201683521270752
35.0,7.0,7.0,0.06591129302978516
53.0,20.0,20.0,0.0575108528137207
50.0,19.0,19.0,0.05120563507080078
72.0,21.0,21.0,0.07225346565246582
118.0,30.0,30.0,0.1279308795928955
39.0,10.0,10.0,0.041701316833496094
33.0,16.0,16.0,0.033113718032836914
36.0,9.0,9.0,0.04836916923522949
55.0,17.0,17.0,0.08000969886779785
35.0,18.0,18.0,0.0578007698059082
46.0,23.0,23.0,0.06612610816955566
105.0,38.0,38.0,0.1360769271850586
43.0,7.0,7.0,0.05335640907287598
19.0,8.0,8.0,0.028395891189575195
105.0,44.0,44.0,0.15642762184143066
44.0,18.0,18.0,0.057860612869262695
49.0,21.0,21.0,0.06003093719482422
24.0,14.0,14.0,0.03551983833312988
27.0,10.0,10.0,0.041046857833862305
50.0,29.0,29.0,0.07749342918395996
55.0,15.0,15.0,0.07119560241699219
35.0,11.0,11.0,0.041352033615112305
18.0,6.0,6.0,0.019266366958618164
103.0,34.0,34.0,0.13349461555480957
29.0,9.0,9.0,0.03730154037475586
28.0,4.0,4.0,0.03462505340576172
52.0,18.0,18.0,0.06091427803039551
64.0,22.0,22.0,0.09462451934814453
18.0,8.0,8.0,0.02575063705444336
61.0,12.0,12.0,0.08247494697570801
62.0,24.0,24.0,0.07614254951477051
25.0,10.0,10.0,0.031706809997558594
61.0,19.0,19.0,0.07877588272094727
31.0,12.0,12.0,0.054168701171875
33.0,13.0,13.0,0.04093313217163086
41.0,15.0,15.0,0.051340341567993164
26.0,6.0,6.0,0.03416156768798828
68.0,20.0,20.0,0.0938878059387207
42.0,14.0,14.0,0.06258559226989746
28.0,14.0,14.0,0.038196563720703125
54.0,23.0,23.0,0.07299113273620605
84.0,42.0,42.0,0.11986947059631348
16.0,5.0,5.0,0.022345304489135742
111.0,35.0,35.0,0.13589930534362793
115.0,27.0,27.0,0.17307567596435547
21.0,8.0,8.0,0.0320589542388916
48.0,13.0,13.0,0.06480145454406738
44.0,20.0,20.0,0.05133056640625
61.0,17.0,17.0,0.08137249946594238
53.0,18.0,18.0,0.06552600860595703
49.0,21.0,21.0,0.06378531455993652
26.0,6.0,6.0,0.033110857009887695
28.0,9.0,9.0,0.037969350814819336
30.0,12.0,12.0,0.039075613021850586
33.0,12.0,12.0,0.0378415584564209
43.0,11.0,11.0,0.05233478546142578
90.0,32.0,32.0,0.10840988159179688
80.0,24.0,24.0,0.09839773178100586
40.0,12.0,12.0,0.04790377616882324
149.0,59.0,59.0,0.19342684745788574
16.0,5.0,5.0,0.0181272029876709
49.0,30.0,30.0,0.048880577087402344
21.0,10.0,10.0,0.025190114974975586
58.0,17.0,17.0,0.07187080383300781
36.0,14.0,14.0,0.04166603088378906
64.0,16.0,16.0,0.06904006004333496
31.0,11.0,11.0,0.05448603630065918
24.0,10.0,10.0,0.03800606727600098
58.0,17.0,17.0,0.07678866386413574
119.0,36.0,36.0,0.14479351043701172
48.0,19.0,19.0,0.04801464080810547
44.0,19.0,19.0,0.06210684776306152
63.0,21.0,21.0,0.07730364799499512
33.0,15.0,15.0,0.04614377021789551
49.0,20.0,20.0,0.07454252243041992
29.0,12.0,12.0,0.03800511360168457
92.0,32.0,32.0,0.10293149948120117
37.0,11.0,11.0,0.03683114051818848
18.0,6.0,6.0,0.013835430145263672
75.0,19.0,19.0,0.09197878837585449
94.0,26.0,26.0,0.10392284393310547
40.0,12.0,12.0,0.1221921443939209
68.0,12.0,12.0,0.09487605094909668
38.0,18.0,18.0,0.05911660194396973
13.0,2.0,2.0,0.02882981300354004
29.0,12.0,12.0,0.04319930076599121
126.0,38.0,38.0,0.1480553150177002
169.0,34.0,34.0,0.17598962783813477
60.0,25.0,25.0,0.05571484565734863
36.0,17.0,17.0,0.031430721282958984
82.0,28.0,28.0,0.07123422622680664
27.0,4.0,4.0,0.020252704620361328
37.0,15.0,15.0,0.034468889236450195
31.0,12.0,12.0,0.03560519218444824
13.0,2.0,2.0,0.012724876403808594
59.0,17.0,17.0,0.06275415420532227
18.0,2.0,2.0,0.018879413604736328
24.0,10.0,10.0,0.03005695343017578
30.0,18.0,18.0,0.0296018123626709
50.0,16.0,16.0,0.04545760154724121
69.0,12.0,12.0,0.08176374435424805
43.0,15.0,15.0,0.04890036582946777
34.0,20.0,20.0,0.04741382598876953
27.0,9.0,9.0,0.03202176094055176
14.0,2.0,2.0,0.012242555618286133
28.0,7.0,7.0,0.0328671932220459
36.0,5.0,5.0,0.04852867126464844
22.0,9.0,9.0,0.029328107833862305
84.0,20.0,20.0,0.08871006965637207
89.0,34.0,34.0,0.08437824249267578
28.0,8.0,8.0,0.032816171646118164
14.0,3.0,3.0,0.020017623901367188
53.0,16.0,16.0,0.04605555534362793
22.0,9.0,9.0,0.021902799606323242
68.0,19.0,19.0,0.06163787841796875
48.0,12.0,12.0,0.04628801345825195
40.0,18.0,18.0,0.04636979103088379
138.0,35.0,35.0,0.12860894203186035
21.0,8.0,8.0,0.020502328872680664
119.0,39.0,39.0,0.12428545951843262
53.0,23.0,23.0,0.06982183456420898
18.0,8.0,8.0,0.02505660057067871
113.0,19.0,19.0,0.11473369598388672
49.0,12.0,12.0,0.05202078819274902
19.0,7.0,7.0,0.0253293514251709
34.0,19.0,19.0,0.039234161376953125
53.0,15.0,15.0,0.0585176944732666
57.0,14.0,14.0,0.056710004806518555
27.0,12.0,12.0,0.03354072570800781
54.0,21.0,21.0,0.0626678466796875
69.0,27.0,27.0,0.08148455619812012
49.0,18.0,18.0,0.057143211364746094
27.0,13.0,13.0,0.040363311767578125
44.0,14.0,14.0,0.0644383430480957
50.0,23.0,23.0,0.05840754508972168
50.0,13.0,13.0,0.05596470832824707
67.0,27.0,27.0,0.05811119079589844
33.0,16.0,16.0,0.035022735595703125
16.0,5.0,5.0,0.012193918228149414
42.0,19.0,19.0,0.03484749794006348
14.0,4.0,4.0,0.011110067367553711
66.0,24.0,24.0,0.05222320556640625
32.0,20.0,20.0,0.03650355339050293
42.0,15.0,15.0,0.052551984786987305
31.0,15.0,15.0,0.0461881160736084
49.0,22.0,22.0,0.06255364418029785
33.0,15.0,15.0,0.03824663162231445
171.0,43.0,43.0,0.22954106330871582
52.0,18.0,18.0,0.05208730697631836
36.0,19.0,19.0,0.03363370895385742
39.0,11.0,11.0,0.045165300369262695
25.0,5.0,5.0,0.030246973037719727
51.0,17.0,17.0,0.06386637687683105
26.0,11.0,11.0,0.026467561721801758
55.0,22.0,22.0,0.05985212326049805
37.0,22.0,22.0,0.03380894660949707
71.0,24.0,24.0,0.07543444633483887
40.0,17.0,17.0,0.0360870361328125
81.0,21.0,21.0,0.07994675636291504
103.0,26.0,26.0,0.09141373634338379
50.0,20.0,20.0,0.05441546440124512
56.0,17.0,17.0,0.05494546890258789
34.0,11.0,11.0,0.037761688232421875
62.0,20.0,20.0,0.05652976036071777
23.0,8.0,8.0,0.01965022087097168
20.0,7.0,7.0,0.01954174041748047
75.0,23.0,23.0,0.07136964797973633
163.0,62.0,62.0,0.16077327728271484
43.0,15.0,15.0,0.03881120681762695
33.0,20.0,20.0,0.03503561019897461
22.0,10.0,10.0,0.022263050079345703
77.0,23.0,23.0,0.06708216667175293
27.0,14.0,14.0,0.03137969970703125
35.0,6.0,6.0,0.0400087833404541
53.0,19.0,19.0,0.050243377685546875
119.0,30.0,30.0,0.11789250373840332
60.0,19.0,19.0,0.058595895767211914
57.0,18.0,18.0,0.051711320877075195
83.0,19.0,19.0,0.08889245986938477
33.0,17.0,17.0,0.03322148323059082
60.0,16.0,16.0,0.0646047592163086
50.0,13.0,13.0,0.057611703872680664
28.0,13.0,13.0,0.037015676498413086
25.0,14.0,14.0,0.03291201591491699
31.0,12.0,12.0,0.03173828125
43.0,14.0,14.0,0.04533576965332031
81.0,26.0,26.0,0.10352945327758789
53.0,20.0,20.0,0.0549013614654541
17.0,6.0,6.0,0.020857810974121094
120.0,29.0,29.0,0.12196898460388184
45.0,8.0,8.0,0.04603075981140137
33.0,14.0,14.0,0.03363990783691406
36.0,16.0,16.0,0.03150534629821777
52.0,25.0,25.0,0.04358696937561035
32.0,19.0,19.0,0.025621652603149414
39.0,18.0,18.0,0.035421133041381836
43.0,12.0,12.0,0.044150590896606445
41.0,19.0,19.0,0.04162120819091797
34.0,4.0,4.0,0.03568100929260254
36.0,10.0,10.0,0.033696651458740234
97.0,39.0,39.0,0.09070086479187012
30.0,19.0,19.0,0.03436279296875
25.0,11.0,11.0,0.030089855194091797
21.0,7.0,7.0,0.02678370475769043
13.0,2.0,2.0,0.012821197509765625
62.0,17.0,17.0,0.07197093963623047
117.0,36.0,36.0,0.14349579811096191
47.0,21.0,21.0,0.049839019775390625
59.0,14.0,14.0,0.05805516242980957
31.0,15.0,15.0,0.02688741683959961
76.0,24.0,24.0,0.0867919921875
25.0,9.0,9.0,0.03102874755859375
37.0,16.0,16.0,0.042879581451416016
130.0,27.0,27.0,0.13249588012695312
13.0,3.0,3.0,0.012111186981201172
25.0,13.0,13.0,0.022452116012573242
94.0,29.0,29.0,0.10329914093017578
75.0,28.0,28.0,0.07208466529846191
50.0,22.0,22.0,0.05284905433654785
46.0,13.0,13.0,0.05224442481994629
69.0,26.0,26.0,0.06553173065185547
33.0,15.0,15.0,0.04278159141540527
64.0,16.0,16.0,0.06665158271789551
50.0,15.0,15.0,0.06882882118225098
45.0,18.0,18.0,0.06394195556640625
26.0,14.0,14.0,0.0363924503326416
25.0,8.0,8.0,0.025185585021972656
45.0,7.0,7.0,0.06547999382019043
19.0,8.0,8.0,0.023815631866455078
88.0,20.0,20.0,0.08811473846435547
21.0,8.0,8.0,0.018797874450683594
51.0,25.0,25.0,0.051889896392822266
49.0,18.0,18.0,0.046616315841674805
107.0,26.0,26.0,0.10921311378479004
34.0,11.0,11.0,0.03610372543334961
33.0,19.0,19.0,0.03728771209716797
128.0,38.0,38.0,0.16911768913269043
43.0,8.0,8.0,0.04243898391723633
75.0,31.0,31.0,0.06561088562011719
26.0,11.0,11.0,0.032573699951171875
32.0,10.0,10.0,0.039528846740722656
29.0,7.0,7.0,0.03204751014709473
47.0,18.0,18.0,0.0468904972076416
27.0,12.0,12.0,0.02629399299621582
73.0,18.0,18.0,0.06994152069091797
26.0,14.0,14.0,0.0240480899810791
64.0,19.0,19.0,0.06553769111633301
159.0,29.0,29.0,0.1590440273284912
56.0,12.0,12.0,0.04989051818847656
18.0,7.0,7.0,0.020747661590576172
18.0,5.0,5.0,0.016808509826660156
155.0,40.0,40.0,0.13883638381958008
16.0,5.0,5.0,0.013115644454956055
80.0,18.0,18.0,0.07517504692077637
44.0,21.0,21.0,0.04164910316467285
119.0,28.0,28.0,0.11746525764465332
40.0,12.0,12.0,0.03266739845275879
226.0,59.0,59.0,0.25101566314697266
13.0,1.0,1.0,0.015151262283325195
35.0,19.0,19.0,0.04102826118469238
68.0,28.0,28.0,0.08669185638427734
48.0,10.0,10.0,0.063812255859375
43.0,32.0,32.0,0.057547807693481445
52.0,12.0,12.0,0.05103325843811035
53.0,15.0,15.0,0.052017927169799805
54.0,19.0,19.0,0.05324387550354004
14.0,3.0,3.0,0.015353918075561523
44.0,17.0,17.0,0.05123138427734375
22.0,6.0,6.0,0.027129650115966797
40.0,11.0,11.0,0.04258584976196289
160.0,49.0,49.0,0.18480658531188965
39.0,10.0,10.0,0.04113006591796875
69.0,17.0,17.0,0.0782320499420166
36.0,14.0,14.0,0.03789544105529785
98.0,19.0,19.0,0.10063982009887695
24.0,10.0,10.0,0.02993631362915039
66.0,16.0,16.0,0.06748247146606445
43.0,10.0,10.0,0.041708946228027344
29.0,10.0,10.0,0.027158021926879883
75.0,30.0,30.0,0.07075691223144531
33.0,13.0,13.0,0.03471684455871582
21.0,9.0,9.0,0.020525217056274414
25.0,10.0,10.0,0.025151729583740234
36.0,13.0,13.0,0.03393840789794922
36.0,9.0,9.0,0.036891937255859375
30.0,12.0,12.0,0.028940439224243164
25.0,11.0,11.0,0.02238607406616211
61.0,17.0,17.0,0.07583260536193848
196.0,42.0,42.0,0.2099132537841797
74.0,29.0,29.0,0.0752265453338623
116.0,43.0,43.0,0.10872268676757812
28.0,17.0,17.0,0.030014991760253906
20.0,8.0,8.0,0.017071247100830078
29.0,10.0,10.0,0.035735368728637695
19.0,8.0,8.0,0.020133256912231445
53.0,14.0,14.0,0.058470726013183594
64.0,17.0,17.0,0.05692124366760254
82.0,28.0,28.0,0.08841800689697266
76.0,23.0,23.0,0.09547638893127441
30.0,8.0,8.0,0.033057451248168945
18.0,5.0,5.0,0.02034759521484375
102.0,23.0,23.0,0.10701537132263184
38.0,8.0,8.0,0.03196430206298828
76.0,26.0,26.0,0.07033634185791016
46.0,15.0,15.0,0.03619647026062012
17.0,5.0,5.0,0.01847982406616211
15.0,4.0,4.0,0.017618179321289062
19.0,5.0,5.0,0.01675271987915039
67.0,19.0,19.0,0.0685882568359375
34.0,15.0,15.0,0.029438257217407227
72.0,17.0,17.0,0.08646559715270996
299.0,68.0,68.0,0.3379783630371094
38.0,24.0,24.0,0.03715395927429199
48.0,13.0,13.0,0.048015594482421875
21.0,6.0,6.0,0.02204608917236328
38.0,10.0,10.0,0.04195594787597656
39.0,7.0,7.0,0.043241262435913086
70.0,32.0,32.0,0.0806429386138916
43.0,10.0,10.0,0.045744895935058594
31.0,9.0,9.0,0.03909873962402344
25.0,10.0,10.0,0.03354597091674805
72.0,11.0,11.0,0.06035184860229492
82.0,29.0,29.0,0.09538054466247559
119.0,40.0,40.0,0.13664650917053223
15.0,5.0,5.0,0.0192410945892334
63.0,20.0,20.0,0.06556439399719238
42.0,11.0,11.0,0.04667854309082031
25.0,14.0,14.0,0.02985978126525879
34.0,8.0,8.0,0.03915739059448242
71.0,27.0,27.0,0.07232975959777832
46.0,16.0,16.0,0.0462946891784668
35.0,20.0,20.0,0.03893113136291504
91.0,23.0,23.0,0.08692598342895508
32.0,8.0,8.0,0.03903937339782715
43.0,19.0,19.0,0.05484724044799805
36.0,16.0,16.0,0.03603029251098633
14.0,3.0,3.0,0.013340473175048828
31.0,11.0,11.0,0.0368647575378418
33.0,9.0,9.0,0.035943031311035156
20.0,6.0,6.0,0.022700786590576172
51.0,20.0,20.0,0.044725656509399414
28.0,7.0,7.0,0.028412818908691406
29.0,13.0,13.0,0.025855064392089844
21.0,10.0,10.0,0.01918339729309082
27.0,10.0,10.0,0.01997542381286621
84.0,25.0,25.0,0.0687708854675293
21.0,10.0,10.0,0.018035888671875
50.0,13.0,13.0,0.03855109214782715
38.0,22.0,22.0,0.026854276657104492
49.0,19.0,19.0,0.03461098670959473
89.0,19.0,19.0,0.07563638687133789
21.0,9.0,9.0,0.01508188247680664
17.0,5.0,5.0,0.017827510833740234
44.0,13.0,13.0,0.0326080322265625
35.0,9.0,9.0,0.02771162986755371
25.0,8.0,8.0,0.016876697540283203
108.0,24.0,24.0,0.0899801254272461
35.0,12.0,12.0,0.03055405616760254
58.0,12.0,12.0,0.04961657524108887
50.0,15.0,15.0,0.04776406288146973
47.0,14.0,14.0,0.04639410972595215
25.0,7.0,7.0,0.01857924461364746
36.0,11.0,11.0,0.03305554389953613
63.0,25.0,25.0,0.05175638198852539
50.0,15.0,15.0,0.04478573799133301
90.0,29.0,29.0,0.08259820938110352
78.0,20.0,20.0,0.06448507308959961
109.0,29.0,29.0,0.10587358474731445
29.0,14.0,14.0,0.03259468078613281
77.0,40.0,40.0,0.0733022689819336
64.0,16.0,16.0,0.07084465026855469
62.0,23.0,23.0,0.049811363220214844
151.0,25.0,25.0,0.12310647964477539
46.0,15.0,15.0,0.040207624435424805
18.0,5.0,5.0,0.01932668685913086
25.0,10.0,10.0,0.02477884292602539
50.0,25.0,25.0,0.041261911392211914
72.0,17.0,17.0,0.060323238372802734
56.0,27.0,27.0,0.0437164306640625
40.0,11.0,11.0,0.03632545471191406
37.0,12.0,12.0,0.032390594482421875
80.0,23.0,23.0,0.06498050689697266
166.0,33.0,33.0,0.14378666877746582
27.0,10.0,10.0,0.03690767288208008
19.0,8.0,8.0,0.021135330200195312
45.0,12.0,12.0,0.03903555870056152
105.0,35.0,35.0,0.10804963111877441
44.0,17.0,17.0,0.03852033615112305
34.0,12.0,12.0,0.02560710906982422
56.0,26.0,26.0,0.05204129219055176
22.0,12.0,12.0,0.01823258399963379
77.0,11.0,11.0,0.07773423194885254
31.0,9.0,9.0,0.04063582420349121
25.0,8.0,8.0,0.02981257438659668
92.0,35.0,35.0,0.10909080505371094
83.0,31.0,31.0,0.0845026969909668
38.0,9.0,9.0,0.0429835319519043
26.0,11.0,11.0,0.027434110641479492
297.0,81.0,81.0,0.2933223247528076
80.0,20.0,20.0,0.08073925971984863
55.0,14.0,14.0,0.056809186935424805
49.0,14.0,14.0,0.049771785736083984
26.0,15.0,15.0,0.02921891212463379
109.0,25.0,25.0,0.09872031211853027
31.0,7.0,7.0,0.029738903045654297
105.0,33.0,33.0,0.11014676094055176
23.0,9.0,9.0,0.028720855712890625
26.0,14.0,14.0,0.028850793838500977
28.0,14.0,14.0,0.02767491340637207
37.0,7.0,7.0,0.03991270065307617
62.0,28.0,28.0,0.07227849960327148
57.0,16.0,16.0,0.06270432472229004
28.0,15.0,15.0,0.03315448760986328
37.0,11.0,11.0,0.04186701774597168
69.0,33.0,33.0,0.06542563438415527
46.0,26.0,26.0,0.049479007720947266
69.0,24.0,24.0,0.06316518783569336
20.0,5.0,5.0,0.022409915924072266
46.0,13.0,13.0,0.06223130226135254
79.0,23.0,23.0,0.08967256546020508
53.0,12.0,12.0,0.04734015464782715
20.0,7.0,7.0,0.018492698669433594
34.0,8.0,8.0,0.031090736389160156
47.0,21.0,21.0,0.039600372314453125
18.0,6.0,6.0,0.014942407608032227
34.0,20.0,20.0,0.027099609375
41.0,17.0,17.0,0.03318524360656738
25.0,8.0,8.0,0.02014946937561035
42.0,20.0,20.0,0.029379606246948242
60.0,27.0,27.0,0.05397605895996094
86.0,26.0,26.0,0.08513545989990234
28.0,13.0,13.0,0.020610570907592773
39.0,18.0,18.0,0.025046586990356445
92.0,25.0,25.0,0.08004403114318848
100.0,20.0,20.0,0.07579874992370605
25.0,11.0,11.0,0.022225379943847656
16.0,4.0,4.0,0.01923847198486328
63.0,23.0,23.0,0.05363893508911133
36.0,14.0,14.0,0.02630138397216797
41.0,18.0,18.0,0.03771185874938965
75.0,27.0,27.0,0.05655264854431152
29.0,14.0,14.0,0.02498912811279297
21.0,8.0,8.0,0.014251232147216797
64.0,34.0,34.0,0.058739423751831055
146.0,34.0,34.0,0.15621328353881836
61.0,20.0,20.0,0.05796027183532715
65.0,20.0,20.0,0.06061816215515137
48.0,13.0,13.0,0.044139862060546875
31.0,16.0,16.0,0.03507375717163086
24.0,9.0,9.0,0.028264999389648438
38.0,24.0,24.0,0.03420853614807129
14.0,3.0,3.0,0.014613628387451172
39.0,7.0,7.0,0.0450749397277832
27.0,14.0,14.0,0.027997493743896484
65.0,25.0,25.0,0.06596755981445312
62.0,22.0,22.0,0.059638261795043945
45.0,11.0,11.0,0.04314851760864258
22.0,9.0,9.0,0.018167495727539062
67.0,25.0,25.0,0.050787925720214844
39.0,14.0,14.0,0.02782273292541504
29.0,14.0,14.0,0.020203590393066406
60.0,17.0,17.0,0.04680776596069336
20.0,8.0,8.0,0.018070459365844727
45.0,21.0,21.0,0.037532806396484375
54.0,10.0,10.0,0.040174245834350586
184.0,76.0,76.0,0.15227913856506348
31.0,7.0,7.0,0.02947378158569336
63.0,15.0,15.0,0.06213498115539551
99.0,29.0,29.0,0.10981059074401855
25.0,6.0,6.0,0.029382944107055664
32.0,18.0,18.0,0.03731179237365723
126.0,40.0,40.0,0.12207508087158203
67.0,27.0,27.0,0.06752800941467285
68.0,27.0,27.0,0.057277679443359375
22.0,9.0,9.0,0.01799941062927246
57.0,23.0,23.0,0.04599761962890625
159.0,42.0,42.0,0.1260232925415039
25.0,9.0,9.0,0.019815444946289062
50.0,25.0,25.0,0.04042339324951172
69.0,21.0,21.0,0.04931473731994629
49.0,20.0,20.0,0.03750181198120117
99.0,28.0,28.0,0.08693528175354004
34.0,20.0,20.0,0.029641389846801758
81.0,24.0,24.0,0.06838226318359375
135.0,39.0,39.0,0.10314607620239258
53.0,11.0,11.0,0.0418853759765625
52.0,23.0,23.0,0.04078507423400879
39.0,22.0,22.0,0.02995586395263672
25.0,13.0,13.0,0.0200345516204834
42.0,10.0,10.0,0.03585338592529297
25.0,12.0,12.0,0.024813413619995117
23.0,12.0,12.0,0.014832019805908203
55.0,18.0,18.0,0.04877495765686035
42.0,29.0,29.0,0.0304718017578125
70.0,18.0,18.0,0.05806398391723633
35.0,14.0,14.0,0.03304100036621094
24.0,13.0,13.0,0.015551567077636719
27.0,9.0,9.0,0.02175164222717285
39.0,9.0,9.0,0.03367280960083008
78.0,33.0,33.0,0.06133770942687988
49.0,18.0,18.0,0.038263559341430664
31.0,13.0,13.0,0.02924489974975586
31.0,18.0,18.0,0.02906036376953125
29.0,15.0,15.0,0.025785207748413086
23.0,12.0,12.0,0.018236398696899414
24.0,9.0,9.0,0.024841785430908203
29.0,10.0,10.0,0.03402876853942871
19.0,7.0,7.0,0.019853591918945312
23.0,7.0,7.0,0.023066997528076172
65.0,13.0,13.0,0.05976390838623047
21.0,6.0,6.0,0.023628711700439453
23.0,9.0,9.0,0.018477201461791992
50.0,21.0,21.0,0.051161766052246094
48.0,7.0,7.0,0.04672884941101074
28.0,6.0,6.0,0.02796173095703125
41.0,16.0,16.0,0.04212212562561035
19.0,7.0,7.0,0.02194499969482422
19.0,8.0,8.0,0.020208120346069336
28.0,8.0,8.0,0.026915788650512695
30.0,6.0,6.0,0.026913881301879883
21.0,7.0,7.0,0.0216829776763916
61.0,24.0,24.0,0.06129646301269531
21.0,7.0,7.0,0.020395755767822266
111.0,32.0,32.0,0.09570193290710449
38.0,13.0,13.0,0.03013134002685547
64.0,29.0,29.0,0.05091524124145508
30.0,13.0,13.0,0.03071904182434082
24.0,8.0,8.0,0.025885343551635742
23.0,11.0,11.0,0.019861459732055664
26.0,11.0,11.0,0.022562265396118164
17.0,4.0,4.0,0.01879429817199707
38.0,15.0,15.0,0.026155948638916016
22.0,9.0,9.0,0.01726365089416504
41.0,15.0,15.0,0.03043961524963379
50.0,19.0,19.0,0.04635763168334961
35.0,17.0,17.0,0.028501033782958984
26.0,9.0,9.0,0.026288270950317383
74.0,29.0,29.0,0.06031441688537598
99.0,28.0,28.0,0.07905340194702148
26.0,13.0,13.0,0.02130889892578125
58.0,25.0,25.0,0.039192914962768555
23.0,8.0,8.0,0.017560243606567383
31.0,4.0,4.0,0.025708675384521484
32.0,19.0,19.0,0.02237248420715332
110.0,45.0,45.0,0.0849301815032959
19.0,9.0,9.0,0.015058279037475586
38.0,12.0,12.0,0.0389857292175293
66.0,17.0,17.0,0.05526304244995117
23.0,12.0,12.0,0.017532825469970703
29.0,14.0,14.0,0.02955794334411621
84.0,32.0,32.0,0.0661928653717041
49.0,29.0,29.0,0.04230308532714844
90.0,32.0,32.0,0.0819540023803711
49.0,22.0,22.0,0.035474538803100586
82.0,26.0,26.0,0.061353445053100586
39.0,11.0,11.0,0.025683164596557617
82.0,23.0,23.0,0.06716775894165039
30.0,17.0,17.0,0.01985454559326172
28.0,9.0,9.0,0.020116806030273438
52.0,22.0,22.0,0.04306459426879883
94.0,23.0,23.0,0.07868170738220215
112.0,35.0,35.0,0.08612489700317383
51.0,13.0,13.0,0.04388689994812012
35.0,10.0,10.0,0.02874279022216797
51.0,19.0,19.0,0.04638504981994629
204.0,55.0,55.0,0.16214227676391602
54.0,8.0,8.0,0.046022653579711914
18.0,3.0,3.0,0.017305612564086914
72.0,20.0,20.0,0.07709598541259766
32.0,10.0,10.0,0.03304624557495117
110.0,38.0,38.0,0.1113426685333252
102.0,32.0,32.0,0.10213112831115723
26.0,11.0,11.0,0.026501178741455078
37.0,11.0,11.0,0.031540870666503906
82.0,20.0,20.0,0.09113144874572754
47.0,18.0,18.0,0.038373470306396484
39.0,16.0,16.0,0.04284238815307617
24.0,8.0,8.0,0.017960309982299805
28.0,9.0,9.0,0.020922422409057617
75.0,27.0,27.0,0.0618441104888916
136.0,18.0,18.0,0.1307239532470703
89.0,33.0,33.0,0.07425522804260254
48.0,21.0,21.0,0.04191398620605469
26.0,8.0,8.0,0.02663254737854004
32.0,17.0,17.0,0.024671554565429688
35.0,14.0,14.0,0.03427004814147949
44.0,19.0,19.0,0.04262804985046387
134.0,52.0,52.0,0.13560032844543457
22.0,11.0,11.0,0.021352291107177734
46.0,16.0,16.0,0.0481724739074707
75.0,31.0,31.0,0.07024526596069336
179.0,56.0,56.0,0.15875577926635742
35.0,23.0,23.0,0.033336639404296875
60.0,24.0,24.0,0.05486345291137695
99.0,19.0,19.0,0.11774230003356934
41.0,7.0,7.0,0.05286574363708496
72.0,26.0,26.0,0.0877377986907959
27.0,11.0,11.0,0.03471636772155762
103.0,26.0,26.0,0.09884047508239746
34.0,7.0,7.0,0.0345606803894043
35.0,9.0,9.0,0.03935718536376953
23.0,9.0,9.0,0.024512290954589844
27.0,10.0,10.0,0.027721881866455078
65.0,15.0,15.0,0.059743404388427734
16.0,4.0,4.0,0.018627643585205078
41.0,22.0,22.0,0.05394339561462402
36.0,13.0,13.0,0.0368494987487793
19.0,8.0,8.0,0.020316600799560547
111.0,29.0,29.0,0.11506938934326172
49.0,8.0,8.0,0.04197263717651367
67.0,19.0,19.0,0.04948759078979492
51.0,17.0,17.0,0.04758882522583008
34.0,8.0,8.0,0.033667564392089844
68.0,15.0,15.0,0.06119585037231445
49.0,18.0,18.0,0.04344987869262695
25.0,13.0,13.0,0.02282571792602539
68.0,18.0,18.0,0.06640458106994629
25.0,10.0,10.0,0.02233409881591797
94.0,22.0,22.0,0.07936406135559082
61.0,10.0,10.0,0.0659339427947998
115.0,51.0,51.0,0.10769176483154297
52.0,16.0,16.0,0.053913116455078125
94.0,33.0,33.0,0.08396387100219727
71.0,11.0,11.0,0.06649398803710938
35.0,12.0,12.0,0.03243613243103027
103.0,34.0,34.0,0.1051473617553711
51.0,12.0,12.0,0.04655790328979492
41.0,24.0,24.0,0.032358407974243164
78.0,32.0,32.0,0.08614587783813477
41.0,16.0,16.0,0.05343365669250488
31.0,11.0,11.0,0.026153564453125
21.0,5.0,5.0,0.015130996704101562
77.0,22.0,22.0,0.07417058944702148
36.0,10.0,10.0,0.039449453353881836
26.0,9.0,9.0,0.026284217834472656
30.0,13.0,13.0,0.03058171272277832
55.0,13.0,13.0,0.05344080924987793
26.0,12.0,12.0,0.0251619815826416
20.0,9.0,9.0,0.022265911102294922
35.0,16.0,16.0,0.03630661964416504
129.0,31.0,31.0,0.09859156608581543
101.0,31.0,31.0,0.07975196838378906
60.0,27.0,27.0,0.04514455795288086
54.0,23.0,23.0,0.04448080062866211
15.0,4.0,4.0,0.01437997817993164
44.0,10.0,10.0,0.04240298271179199
29.0,16.0,16.0,0.02190399169921875
33.0,7.0,7.0,0.02869558334350586
17.0,6.0,6.0,0.021373987197875977
138.0,30.0,30.0,0.13456988334655762
51.0,13.0,13.0,0.049889326095581055
18.0,5.0,5.0,0.017093658447265625
43.0,8.0,8.0,0.04506492614746094
19.0,5.0,5.0,0.015104293823242188
23.0,9.0,9.0,0.017962932586669922
32.0,19.0,19.0,0.02611994743347168
154.0,39.0,39.0,0.14644694328308105
24.0,11.0,11.0,0.019968032836914062
25.0,10.0,10.0,0.01954793930053711
19.0,5.0,5.0,0.01403951644897461
62.0,29.0,29.0,0.047654151916503906
20.0,8.0,8.0,0.018121719360351562
30.0,11.0,11.0,0.03012681007385254
136.0,40.0,40.0,0.1386885643005371
21.0,11.0,11.0,0.016068458557128906
122.0,21.0,21.0,0.12154769897460938
81.0,27.0,27.0,0.06629085540771484
107.0,28.0,28.0,0.08956313133239746
36.0,19.0,19.0,0.02680516242980957
58.0,23.0,23.0,0.05035519599914551
72.0,18.0,18.0,0.06415510177612305
185.0,45.0,45.0,0.16165542602539062
33.0,13.0,13.0,0.03231406211853027
43.0,11.0,11.0,0.03496098518371582
36.0,10.0,10.0,0.0320892333984375
25.0,14.0,14.0,0.021721363067626953
53.0,27.0,27.0,0.047879695892333984
209.0,61.0,61.0,0.17165160179138184
78.0,30.0,30.0,0.07318592071533203
28.0,15.0,15.0,0.03583836555480957
28.0,7.0,7.0,0.03447985649108887
31.0,6.0,6.0,0.02951216697692871
143.0,33.0,33.0,0.13640761375427246
33.0,15.0,15.0,0.034270524978637695
34.0,15.0,15.0,0.03314375877380371
153.0,52.0,52.0,0.1302344799041748
18.0,4.0,4.0,0.018754959106445312
20.0,1.0,1.0,0.016835451126098633
17.0,6.0,6.0,0.01761770248413086
96.0,33.0,33.0,0.09203553199768066
91.0,24.0,24.0,0.08863234519958496
23.0,5.0,5.0,0.019744396209716797
25.0,7.0,7.0,0.026967763900756836
97.0,46.0,46.0,0.07967066764831543
97.0,23.0,23.0,0.07993102073669434
34.0,12.0,12.0,0.035809993743896484
36.0,21.0,21.0,0.02541351318359375
25.0,8.0,8.0,0.02218484878540039
54.0,16.0,16.0,0.04216933250427246
53.0,15.0,15.0,0.04206657409667969
34.0,9.0,9.0,0.025130033493041992
21.0,11.0,11.0,0.02323150634765625
82.0,22.0,22.0,0.08408927917480469
66.0,27.0,27.0,0.058368682861328125
17.0,4.0,4.0,0.013453006744384766
21.0,10.0,10.0,0.018436193466186523
68.0,31.0,31.0,0.06473135948181152
35.0,20.0,20.0,0.031229734420776367
196.0,45.0,45.0,0.16956877708435059
54.0,12.0,12.0,0.0551145076751709
35.0,16.0,16.0,0.02971482276916504
40.0,24.0,24.0,0.03375411033630371
18.0,7.0,7.0,0.012526750564575195
63.0,26.0,26.0,0.05690193176269531
40.0,17.0,17.0,0.03639554977416992
50.0,12.0,12.0,0.03809642791748047
29.0,11.0,11.0,0.023737668991088867
54.0,16.0,16.0,0.04199361801147461
17.0,3.0,3.0,0.012933492660522461
120.0,43.0,43.0,0.10952425003051758
20.0,2.0,2.0,0.014029979705810547
74.0,29.0,29.0,0.056006431579589844
29.0,11.0,11.0,0.021721363067626953
34.0,7.0,7.0,0.028522014617919922
92.0,15.0,15.0,0.07273054122924805
63.0,28.0,28.0,0.05046439170837402
100.0,18.0,18.0,0.08067822456359863
24.0,10.0,10.0,0.02357649803161621
35.0,10.0,10.0,0.02801656723022461
68.0,20.0,20.0,0.05041956901550293
130.0,36.0,36.0,0.10634112358093262
42.0,16.0,16.0,0.04427337646484375
31.0,13.0,13.0,0.028317928314208984
46.0,23.0,23.0,0.041983842849731445
29.0,12.0,12.0,0.029139041900634766
29.0,13.0,13.0,0.030722856521606445
33.0,15.0,15.0,0.03934741020202637
30.0,16.0,16.0,0.03909587860107422
34.0,14.0,14.0,0.03605079650878906
31.0,10.0,10.0,0.02459573745727539
94.0,19.0,19.0,0.07571959495544434
36.0,13.0,13.0,0.033448219299316406
24.0,7.0,7.0,0.026703834533691406
54.0,15.0,15.0,0.052154541015625
35.0,16.0,16.0,0.03023362159729004
70.0,21.0,21.0,0.06626749038696289
24.0,12.0,12.0,0.01869964599609375
49.0,27.0,27.0,0.043641090393066406
28.0,9.0,9.0,0.029306650161743164
44.0,16.0,16.0,0.03409266471862793
31.0,11.0,11.0,0.02719736099243164
132.0,30.0,30.0,0.1176760196685791
196.0,40.0,40.0,0.1887662410736084
84.0,29.0,29.0,0.07837224006652832
20.0,9.0,9.0,0.01682305335998535
109.0,25.0,25.0,0.1060173511505127
15.0,3.0,3.0,0.010382890701293945
34.0,15.0,15.0,0.03161168098449707
23.0,9.0,9.0,0.02352118492126465
140.0,38.0,38.0,0.12119936943054199
35.0,16.0,16.0,0.03167843818664551
48.0,10.0,10.0,0.04248046875
12.0,1.0,1.0,0.008744239807128906
27.0,7.0,7.0,0.025670766830444336
69.0,26.0,26.0,0.06604504585266113
79.0,18.0,18.0,0.0646512508392334
50.0,11.0,11.0,0.04425334930419922
71.0,26.0,26.0,0.06432056427001953
50.0,13.0,13.0,0.04924583435058594
85.0,23.0,23.0,0.09830236434936523
34.0,13.0,13.0,0.03447127342224121
45.0,10.0,10.0,0.03551292419433594
207.0,52.0,52.0,0.17210769653320312
51.0,18.0,18.0,0.05947685241699219
29.0,15.0,15.0,0.03290152549743652
54.0,15.0,15.0,0.0637202262878418
34.0,15.0,15.0,0.029355764389038086
45.0,13.0,13.0,0.04254722595214844
30.0,8.0,8.0,0.02167510986328125
33.0,11.0,11.0,0.0256044864654541
152.0,62.0,62.0,0.14983367919921875
27.0,12.0,12.0,0.027381420135498047
49.0,22.0,22.0,0.03747677803039551
28.0,17.0,17.0,0.024639368057250977
35.0,13.0,13.0,0.023975849151611328
48.0,21.0,21.0,0.039711713790893555
25.0,9.0,9.0,0.023399829864501953
130.0,28.0,28.0,0.11449766159057617
32.0,11.0,11.0,0.024851322174072266
90.0,39.0,39.0,0.08135151863098145
26.0,7.0,7.0,0.032915353775024414
17.0,4.0,4.0,0.011677265167236328
31.0,16.0,16.0,0.023914337158203125
105.0,29.0,29.0,0.09378910064697266
23.0,3.0,3.0,0.023451566696166992
49.0,15.0,15.0,0.03990912437438965
53.0,11.0,11.0,0.05150747299194336
20.0,5.0,5.0,0.01565241813659668
24.0,4.0,4.0,0.014919757843017578
24.0,11.0,11.0,0.019738197326660156
50.0,15.0,15.0,0.03974318504333496
38.0,6.0,6.0,0.027810335159301758
26.0,8.0,8.0,0.02737736701965332
39.0,13.0,13.0,0.046666622161865234
117.0,32.0,32.0,0.0956563949584961
100.0,17.0,17.0,0.07757115364074707
66.0,18.0,18.0,0.06434035301208496
123.0,31.0,31.0,0.1270608901977539
35.0,8.0,8.0,0.032991886138916016
55.0,10.0,10.0,0.059381961822509766
50.0,9.0,9.0,0.058913469314575195
55.0,24.0,24.0,0.055878639221191406
50.0,26.0,26.0,0.04744362831115723
46.0,21.0,21.0,0.0464634895324707
22.0,10.0,10.0,0.019084692001342773
58.0,23.0,23.0,0.05854964256286621
67.0,37.0,37.0,0.055313825607299805
39.0,17.0,17.0,0.03604269027709961
20.0,9.0,9.0,0.022398948669433594
21.0,8.0,8.0,0.01640915870666504
30.0,14.0,14.0,0.0247650146484375
57.0,18.0,18.0,0.0673518180847168
40.0,15.0,15.0,0.03829455375671387
36.0,13.0,13.0,0.04303765296936035
63.0,17.0,17.0,0.05771207809448242
127.0,36.0,36.0,0.10092496871948242
45.0,14.0,14.0,0.03421497344970703
27.0,7.0,7.0,0.019225120544433594
45.0,16.0,16.0,0.03152751922607422
46.0,7.0,7.0,0.03311944007873535
161.0,52.0,52.0,0.1487569808959961
83.0,25.0,25.0,0.07341814041137695
31.0,8.0,8.0,0.03027057647705078
49.0,22.0,22.0,0.04455280303955078
64.0,24.0,24.0,0.04474186897277832
21.0,8.0,8.0,0.013242721557617188
48.0,11.0,11.0,0.04750943183898926
44.0,22.0,22.0,0.03993105888366699
28.0,7.0,7.0,0.028003454208374023
20.0,7.0,7.0,0.01847529411315918
87.0,22.0,22.0,0.07733321189880371
37.0,14.0,14.0,0.03533172607421875
53.0,14.0,14.0,0.04515385627746582
53.0,17.0,17.0,0.0461735725402832
32.0,10.0,10.0,0.02662372589111328
31.0,11.0,11.0,0.029819488525390625
72.0,19.0,19.0,0.06397604942321777
17.0,7.0,7.0,0.015117406845092773
86.0,21.0,21.0,0.0749044418334961
40.0,20.0,20.0,0.03602313995361328
28.0,10.0,10.0,0.030623912811279297
56.0,27.0,27.0,0.058446407318115234
46.0,14.0,14.0,0.04721546173095703
107.0,40.0,40.0,0.09828877449035645
25.0,6.0,6.0,0.0166776180267334
43.0,19.0,19.0,0.03211641311645508
28.0,17.0,17.0,0.021306276321411133
20.0,5.0,5.0,0.015547037124633789
33.0,16.0,16.0,0.030047893524169922
30.0,10.0,10.0,0.026387691497802734
68.0,23.0,23.0,0.05755448341369629
24.0,8.0,8.0,0.017303943634033203
124.0,42.0,42.0,0.09899687767028809
65.0,14.0,14.0,0.05806088447570801
28.0,8.0,8.0,0.02003002166748047
37.0,8.0,8.0,0.03159618377685547
20.0,8.0,8.0,0.01764512062072754
138.0,36.0,36.0,0.13594269752502441
37.0,17.0,17.0,0.036452293395996094
25.0,6.0,6.0,0.022988557815551758
68.0,25.0,25.0,0.05702376365661621
78.0,13.0,13.0,0.07273554801940918
38.0,12.0,12.0,0.05552077293395996
78.0,27.0,27.0,0.07815766334533691
47.0,13.0,13.0,0.05290794372558594
22.0,8.0,8.0,0.026320934295654297
22.0,12.0,12.0,0.021400928497314453
97.0,31.0,31.0,0.08356595039367676
64.0,21.0,21.0,0.06697630882263184
51.0,16.0,16.0,0.05322909355163574
60.0,20.0,20.0,0.06700658798217773
73.0,14.0,14.0,0.08751678466796875
101.0,28.0,28.0,0.10370254516601562
106.0,28.0,28.0,0.12511515617370605
27.0,11.0,11.0,0.030327796936035156
37.0,9.0,9.0,0.039990901947021484
30.0,11.0,11.0,0.03447461128234863
40.0,11.0,11.0,0.04017329216003418
52.0,15.0,15.0,0.05204033851623535
49.0,16.0,16.0,0.045194149017333984
19.0,7.0,7.0,0.017007112503051758
147.0,36.0,36.0,0.15062236785888672
29.0,9.0,9.0,0.03653407096862793
60.0,18.0,18.0,0.06425738334655762
14.0,3.0,3.0,0.020436525344848633
131.0,31.0,31.0,0.1470811367034912
45.0,23.0,23.0,0.046082258224487305
28.0,14.0,14.0,0.02797245979309082
29.0,9.0,9.0,0.03383350372314453
39.0,13.0,13.0,0.04845595359802246
27.0,16.0,16.0,0.026454925537109375
66.0,26.0,26.0,0.09179472923278809
65.0,17.0,17.0,0.10927271842956543
35.0,10.0,10.0,0.05993199348449707
20.0,9.0,9.0,0.027127981185913086
47.0,22.0,22.0,0.05410194396972656
59.0,26.0,26.0,0.06829428672790527
17.0,5.0,5.0,0.01980757713317871
27.0,15.0,15.0,0.02642965316772461
33.0,14.0,14.0,0.029738664627075195
57.0,19.0,19.0,0.05142521858215332
35.0,15.0,15.0,0.031929731369018555
29.0,8.0,8.0,0.03385210037231445
93.0,22.0,22.0,0.08247256278991699
34.0,21.0,21.0,0.02654862403869629
24.0,7.0,7.0,0.021102428436279297
103.0,32.0,32.0,0.10210919380187988
80.0,17.0,17.0,0.09680700302124023
72.0,17.0,17.0,0.07804012298583984
41.0,11.0,11.0,0.045870065689086914
66.0,22.0,22.0,0.07314801216125488
69.0,18.0,18.0,0.07408380508422852
116.0,30.0,30.0,0.11465764045715332
65.0,20.0,20.0,0.060253143310546875
95.0,38.0,38.0,0.09917712211608887
110.0,41.0,41.0,0.09324932098388672
81.0,15.0,15.0,0.06110072135925293
28.0,12.0,12.0,0.024102449417114258
18.0,5.0,5.0,0.015739917755126953
70.0,35.0,35.0,0.05936264991760254
30.0,12.0,12.0,0.03566932678222656
57.0,15.0,15.0,0.05546975135803223
41.0,25.0,25.0,0.038442373275756836
26.0,10.0,10.0,0.02948784828186035
40.0,15.0,15.0,0.04486417770385742
55.0,16.0,16.0,0.06015729904174805
71.0,29.0,29.0,0.06005597114562988
28.0,7.0,7.0,0.027431964874267578
48.0,14.0,14.0,0.05820822715759277
39.0,14.0,14.0,0.045127153396606445
29.0,8.0,8.0,0.02991485595703125
21.0,6.0,6.0,0.028329849243164062
24.0,13.0,13.0,0.032703399658203125
55.0,12.0,12.0,0.07312870025634766
28.0,5.0,5.0,0.036147356033325195
49.0,30.0,30.0,0.07107281684875488
44.0,20.0,20.0,0.051934003829956055
40.0,25.0,25.0,0.05661964416503906
116.0,40.0,40.0,0.12322378158569336
31.0,7.0,7.0,0.03180098533630371
35.0,11.0,11.0,0.03506612777709961
12.0,0.0,0.0,0.012520074844360352
51.0,33.0,33.0,0.05553460121154785
193.0,50.0,50.0,0.18098878860473633
46.0,9.0,9.0,0.04857921600341797
53.0,22.0,22.0,0.040236711502075195
71.0,29.0,29.0,0.07130742073059082
34.0,16.0,16.0,0.03785204887390137
60.0,12.0,12.0,0.06108689308166504
43.0,15.0,15.0,0.04469919204711914
47.0,13.0,13.0,0.04793262481689453
34.0,7.0,7.0,0.03712725639343262
40.0,16.0,16.0,0.05130720138549805
62.0,17.0,17.0,0.06497812271118164
21.0,10.0,10.0,0.021506309509277344
26.0,11.0,11.0,0.03428983688354492
66.0,16.0,16.0,0.07249641418457031
21.0,9.0,9.0,0.020726442337036133
127.0,35.0,35.0,0.15720057487487793
43.0,7.0,7.0,0.04181504249572754
45.0,11.0,11.0,0.0452420711517334
52.0,23.0,23.0,0.05603480339050293
77.0,31.0,31.0,0.07879137992858887
42.0,16.0,16.0,0.03353309631347656
69.0,17.0,17.0,0.07254171371459961
48.0,15.0,15.0,0.0391843318939209
30.0,16.0,16.0,0.028382301330566406
45.0,18.0,18.0,0.04899406433105469
26.0,7.0,7.0,0.018561363220214844
20.0,9.0,9.0,0.014164924621582031
40.0,16.0,16.0,0.039758920669555664
58.0,23.0,23.0,0.053493499755859375
26.0,8.0,8.0,0.02137279510498047
58.0,20.0,20.0,0.05495119094848633
112.0,33.0,33.0,0.1233358383178711
33.0,18.0,18.0,0.04123401641845703
68.0,24.0,24.0,0.0767364501953125
93.0,31.0,31.0,0.10429549217224121
58.0,24.0,24.0,0.05694580078125
54.0,17.0,17.0,0.05743241310119629
34.0,18.0,18.0,0.035553932189941406
31.0,3.0,3.0,0.03280472755432129
46.0,20.0,20.0,0.04198718070983887
29.0,9.0,9.0,0.02515268325805664
76.0,16.0,16.0,0.06800580024719238
39.0,15.0,15.0,0.03107142448425293
65.0,30.0,30.0,0.055223941802978516
107.0,36.0,36.0,0.08710551261901855
64.0,34.0,34.0,0.06463456153869629
96.0,43.0,43.0,0.07142996788024902
143.0,41.0,41.0,0.13433074951171875
97.0,41.0,41.0,0.12546873092651367
25.0,13.0,13.0,0.018677949905395508
68.0,17.0,17.0,0.054131269454956055
44.0,10.0,10.0,0.03229069709777832
51.0,22.0,22.0,0.048186302185058594
56.0,16.0,16.0,0.05822563171386719
65.0,17.0,17.0,0.0663762092590332
97.0,34.0,34.0,0.09783434867858887
74.0,26.0,26.0,0.06056666374206543
73.0,35.0,35.0,0.07145166397094727
29.0,14.0,14.0,0.029967308044433594
21.0,10.0,10.0,0.01936173439025879
126.0,32.0,32.0,0.12003660202026367
23.0,7.0,7.0,0.022870540618896484
48.0,22.0,22.0,0.05116868019104004
93.0,27.0,27.0,0.1010587215423584
125.0,36.0,36.0,0.11240863800048828
21.0,5.0,5.0,0.025769710540771484
42.0,18.0,18.0,0.05766749382019043
40.0,10.0,10.0,0.05875253677368164
30.0,8.0,8.0,0.04079294204711914
20.0,8.0,8.0,0.03137373924255371
39.0,21.0,21.0,0.040682315826416016
28.0,13.0,13.0,0.031514883041381836
36.0,17.0,17.0,0.04773235321044922
58.0,20.0,20.0,0.04996848106384277
64.0,23.0,23.0,0.07097768783569336
124.0,36.0,36.0,0.1176900863647461
50.0,21.0,21.0,0.05462765693664551
22.0,11.0,11.0,0.021461009979248047
54.0,17.0,17.0,0.04383111000061035
33.0,20.0,20.0,0.03013896942138672
57.0,21.0,21.0,0.05947732925415039
196.0,45.0,45.0,0.17514324188232422
60.0,16.0,16.0,0.062046051025390625
88.0,25.0,25.0,0.0908041000366211
83.0,26.0,26.0,0.06523013114929199
39.0,8.0,8.0,0.034374237060546875
31.0,14.0,14.0,0.02981424331665039
81.0,19.0,19.0,0.06556820869445801
36.0,16.0,16.0,0.038012027740478516
69.0,30.0,30.0,0.06830430030822754
22.0,11.0,11.0,0.018578052520751953
117.0,34.0,34.0,0.11036300659179688
64.0,28.0,28.0,0.06447243690490723
39.0,11.0,11.0,0.03549599647521973
124.0,35.0,35.0,0.09872841835021973
20.0,9.0,9.0,0.017731189727783203
60.0,16.0,16.0,0.0616757869720459
18.0,6.0,6.0,0.019327640533447266
121.0,25.0,25.0,0.0977325439453125
71.0,36.0,36.0,0.06288909912109375
113.0,31.0,31.0,0.1066744327545166
53.0,31.0,31.0,0.042929887771606445
20.0,6.0,6.0,0.016549110412597656
200.0,50.0,50.0,0.21008515357971191
40.0,13.0,13.0,0.04117393493652344
33.0,11.0,11.0,0.032616615295410156
25.0,5.0,5.0,0.026391267776489258
45.0,17.0,17.0,0.052908897399902344
45.0,22.0,22.0,0.04546785354614258
29.0,14.0,14.0,0.02257370948791504
17.0,6.0,6.0,0.011522293090820312
149.0,49.0,49.0,0.12785863876342773
38.0,20.0,20.0,0.03378725051879883
117.0,16.0,16.0,0.11693382263183594
24.0,12.0,12.0,0.019113779067993164
21.0,5.0,5.0,0.02252364158630371
94.0,27.0,27.0,0.07965731620788574
19.0,6.0,6.0,0.01718735694885254
19.0,6.0,6.0,0.01401376724243164
82.0,29.0,29.0,0.06917023658752441
58.0,19.0,19.0,0.0558011531829834
33.0,15.0,15.0,0.03426218032836914
30.0,19.0,19.0,0.02406454086303711
26.0,13.0,13.0,0.025086641311645508
79.0,23.0,23.0,0.08758306503295898
17.0,6.0,6.0,0.014465570449829102
64.0,34.0,34.0,0.059279680252075195
32.0,14.0,14.0,0.027022361755371094
198.0,43.0,43.0,0.18360590934753418
83.0,30.0,30.0,0.07477569580078125
68.0,19.0,19.0,0.057183027267456055
41.0,13.0,13.0,0.036275386810302734
26.0,5.0,5.0,0.024829626083374023
31.0,8.0,8.0,0.032257080078125
24.0,8.0,8.0,0.02357339859008789
29.0,9.0,9.0,0.028445720672607422
41.0,16.0,16.0,0.03954148292541504
40.0,19.0,19.0,0.04224443435668945
38.0,11.0,11.0,0.03119516372680664
71.0,15.0,15.0,0.06855487823486328
41.0,13.0,13.0,0.03553462028503418
43.0,13.0,13.0,0.041769981384277344
58.0,21.0,21.0,0.06461644172668457
25.0,10.0,10.0,0.01775527000427246
78.0,22.0,22.0,0.07233786582946777
26.0,8.0,8.0,0.021808862686157227
17.0,5.0,5.0,0.013463973999023438
42.0,16.0,16.0,0.03415417671203613
52.0,15.0,15.0,0.05646800994873047
89.0,37.0,37.0,0.08908653259277344
20.0,8.0,8.0,0.014425516128540039
33.0,10.0,10.0,0.027201414108276367
124.0,28.0,28.0,0.11565256118774414
56.0,15.0,15.0,0.05642294883728027
43.0,14.0,14.0,0.033971548080444336
62.0,19.0,19.0,0.05140256881713867
24.0,12.0,12.0,0.023393630981445312
107.0,27.0,27.0,0.09671497344970703
100.0,15.0,15.0,0.08450698852539062
30.0,8.0,8.0,0.022422075271606445
26.0,7.0,7.0,0.019481420516967773
39.0,11.0,11.0,0.03640913963317871
123.0,34.0,34.0,0.11337518692016602
24.0,11.0,11.0,0.01913905143737793
36.0,25.0,25.0,0.02274179458618164
41.0,19.0,19.0,0.04155254364013672
46.0,26.0,26.0,0.046827077865600586
47.0,14.0,14.0,0.04752969741821289
60.0,21.0,21.0,0.06244397163391113
123.0,32.0,32.0,0.11393094062805176
31.0,12.0,12.0,0.026918888092041016
83.0,21.0,21.0,0.07229256629943848
43.0,17.0,17.0,0.03766894340515137
45.0,11.0,11.0,0.04620814323425293
79.0,34.0,34.0,0.08778572082519531
43.0,22.0,22.0,0.049416542053222656
100.0,30.0,30.0,0.0946512222290039
55.0,24.0,24.0,0.05835318565368652
30.0,15.0,15.0,0.028052091598510742
23.0,11.0,11.0,0.021599769592285156
34.0,20.0,20.0,0.03826785087585449
45.0,16.0,16.0,0.03910684585571289
51.0,12.0,12.0,0.04453682899475098
59.0,23.0,23.0,0.05521702766418457
23.0,12.0,12.0,0.019840717315673828
20.0,9.0,9.0,0.016728639602661133
59.0,22.0,22.0,0.04993629455566406
32.0,21.0,21.0,0.025445938110351562
71.0,13.0,13.0,0.05514097213745117
48.0,17.0,17.0,0.04125237464904785
78.0,29.0,29.0,0.07052159309387207
147.0,30.0,30.0,0.16845250129699707
28.0,10.0,10.0,0.038697242736816406
44.0,16.0,16.0,0.06570887565612793
99.0,25.0,25.0,0.1257622241973877
94.0,18.0,18.0,0.09882116317749023
49.0,18.0,18.0,0.04920649528503418
94.0,19.0,19.0,0.09038734436035156
22.0,8.0,8.0,0.021442174911499023
20.0,7.0,7.0,0.019561290740966797
38.0,12.0,12.0,0.03536510467529297
43.0,24.0,24.0,0.04385781288146973
47.0,25.0,25.0,0.050661325454711914
30.0,17.0,17.0,0.02283954620361328
29.0,12.0,12.0,0.021962881088256836
72.0,24.0,24.0,0.0648348331451416
39.0,16.0,16.0,0.029955625534057617
39.0,12.0,12.0,0.03619885444641113
21.0,8.0,8.0,0.01905083656311035
51.0,23.0,23.0,0.05051088333129883
36.0,18.0,18.0,0.03148245811462402
15.0,1.0,1.0,0.011542558670043945
70.0,19.0,19.0,0.06712865829467773
107.0,25.0,25.0,0.09785723686218262
73.0,15.0,15.0,0.06959724426269531
66.0,13.0,13.0,0.0610353946685791
63.0,17.0,17.0,0.06230950355529785
32.0,19.0,19.0,0.03885316848754883
52.0,20.0,20.0,0.05197739601135254
49.0,26.0,26.0,0.05074310302734375
23.0,10.0,10.0,0.024673938751220703
33.0,20.0,20.0,0.03839302062988281
26.0,10.0,10.0,0.024997711181640625
16.0,4.0,4.0,0.01977229118347168
83.0,19.0,19.0,0.07997727394104004
30.0,6.0,6.0,0.027597427368164062
27.0,12.0,12.0,0.02038717269897461
37.0,14.0,14.0,0.03224968910217285
61.0,24.0,24.0,0.06823611259460449
119.0,39.0,39.0,0.10361552238464355
87.0,17.0,17.0,0.08037137985229492
21.0,7.0,7.0,0.022533178329467773
50.0,21.0,21.0,0.046121835708618164
61.0,12.0,12.0,0.07493472099304199
77.0,13.0,13.0,0.08817410469055176
44.0,18.0,18.0,0.04738569259643555
75.0,23.0,23.0,0.07198262214660645
34.0,13.0,13.0,0.028334379196166992
84.0,43.0,43.0,0.07648873329162598
18.0,7.0,7.0,0.016241073608398438
28.0,7.0,7.0,0.0290529727935791
113.0,21.0,21.0,0.09975099563598633
55.0,13.0,13.0,0.06400036811828613
53.0,21.0,21.0,0.03854727745056152
47.0,23.0,23.0,0.049634695053100586
40.0,17.0,17.0,0.03605031967163086
77.0,23.0,23.0,0.07390522956848145
49.0,28.0,28.0,0.04267287254333496
79.0,29.0,29.0,0.06519794464111328
42.0,16.0,16.0,0.03652071952819824
249.0,65.0,65.0,0.2482132911682129
57.0,20.0,20.0,0.056171417236328125
124.0,35.0,35.0,0.10104155540466309
15.0,5.0,5.0,0.012558937072753906
47.0,12.0,12.0,0.041290283203125
39.0,16.0,16.0,0.03605222702026367
37.0,8.0,8.0,0.034847259521484375
72.0,27.0,27.0,0.06542634963989258
78.0,20.0,20.0,0.06869769096374512
69.0,15.0,15.0,0.06894588470458984
30.0,7.0,7.0,0.025481224060058594
35.0,11.0,11.0,0.034967899322509766
47.0,24.0,24.0,0.03998517990112305
25.0,7.0,7.0,0.020235061645507812
32.0,8.0,8.0,0.028557300567626953
18.0,7.0,7.0,0.01771235466003418
22.0,8.0,8.0,0.01847076416015625
27.0,9.0,9.0,0.028730154037475586
112.0,33.0,33.0,0.09114599227905273
28.0,8.0,8.0,0.023639202117919922
30.0,19.0,19.0,0.03162980079650879
66.0,23.0,23.0,0.056539297103881836
62.0,21.0,21.0,0.060671329498291016
30.0,7.0,7.0,0.03353476524353027
20.0,8.0,8.0,0.02097916603088379
25.0,10.0,10.0,0.033273935317993164
22.0,8.0,8.0,0.020024538040161133
44.0,18.0,18.0,0.047930002212524414
58.0,40.0,40.0,0.055315256118774414
15.0,3.0,3.0,0.011232137680053711
64.0,20.0,20.0,0.0505826473236084
156.0,40.0,40.0,0.1385025978088379
32.0,13.0,13.0,0.024327993392944336
24.0,11.0,11.0,0.01625347137451172
35.0,20.0,20.0,0.03162646293640137
59.0,14.0,14.0,0.0500946044921875
97.0,29.0,29.0,0.09416913986206055
22.0,7.0,7.0,0.01759791374206543
50.0,19.0,19.0,0.04275846481323242
69.0,22.0,22.0,0.0558474063873291
44.0,13.0,13.0,0.040767669677734375
42.0,16.0,16.0,0.0343170166015625
66.0,16.0,16.0,0.07185769081115723
36.0,9.0,9.0,0.026533126831054688
100.0,31.0,31.0,0.08787155151367188
55.0,26.0,26.0,0.043612003326416016
50.0,9.0,9.0,0.04098916053771973
55.0,11.0,11.0,0.040796518325805664
86.0,25.0,25.0,0.06703734397888184
23.0,10.0,10.0,0.01877140998840332
142.0,38.0,38.0,0.12015962600708008
19.0,4.0,4.0,0.012475252151489258
18.0,7.0,7.0,0.015174388885498047
37.0,13.0,13.0,0.03470635414123535
49.0,12.0,12.0,0.04419660568237305
86.0,32.0,32.0,0.07105231285095215
97.0,24.0,24.0,0.10083746910095215
32.0,9.0,9.0,0.034173011779785156
76.0,23.0,23.0,0.07400822639465332
94.0,27.0,27.0,0.08457088470458984
154.0,38.0,38.0,0.14171862602233887
23.0,12.0,12.0,0.019512414932250977
70.0,24.0,24.0,0.05637860298156738
62.0,21.0,21.0,0.048566579818725586
25.0,7.0,7.0,0.018503904342651367
88.0,31.0,31.0,0.09917831420898438
26.0,11.0,11.0,0.02679920196533203
48.0,23.0,23.0,0.042871952056884766
21.0,8.0,8.0,0.02318882942199707
16.0,3.0,3.0,0.01131296157836914
32.0,9.0,9.0,0.030824899673461914
57.0,15.0,15.0,0.048856496810913086
123.0,41.0,41.0,0.11040019989013672
50.0,24.0,24.0,0.036769866943359375
47.0,13.0,13.0,0.04814314842224121
23.0,10.0,10.0,0.023283720016479492
95.0,24.0,24.0,0.08167600631713867
39.0,19.0,19.0,0.033977508544921875
32.0,11.0,11.0,0.025745868682861328
25.0,8.0,8.0,0.02340984344482422
54.0,14.0,14.0,0.052968740463256836
25.0,9.0,9.0,0.02467179298400879
52.0,18.0,18.0,0.050496816635131836
70.0,13.0,13.0,0.05445122718811035
38.0,13.0,13.0,0.041724205017089844
58.0,16.0,16.0,0.0531153678894043
95.0,12.0,12.0,0.07939743995666504
48.0,21.0,21.0,0.04805731773376465
129.0,36.0,36.0,0.09691238403320312
33.0,11.0,11.0,0.024747610092163086
24.0,6.0,6.0,0.023065567016601562
99.0,29.0,29.0,0.08114886283874512
28.0,9.0,9.0,0.020598888397216797
78.0,24.0,24.0,0.06382155418395996
24.0,10.0,10.0,0.01944112777709961
128.0,16.0,16.0,0.11186027526855469
35.0,23.0,23.0,0.028551340103149414
21.0,11.0,11.0,0.01666736602783203
20.0,10.0,10.0,0.015969038009643555
53.0,17.0,17.0,0.04970884323120117
58.0,16.0,16.0,0.047690391540527344
52.0,14.0,14.0,0.04182553291320801
108.0,35.0,35.0,0.08228802680969238
64.0,19.0,19.0,0.06129312515258789
60.0,11.0,11.0,0.04902791976928711
31.0,16.0,16.0,0.025137662887573242
33.0,12.0,12.0,0.023488759994506836
86.0,26.0,26.0,0.07073640823364258
203.0,44.0,44.0,0.1782081127166748
30.0,12.0,12.0,0.031081676483154297
18.0,7.0,7.0,0.01918482780456543
26.0,4.0,4.0,0.026253461837768555
74.0,19.0,19.0,0.08626365661621094
72.0,24.0,24.0,0.07865667343139648
21.0,10.0,10.0,0.021013736724853516
82.0,21.0,21.0,0.05992770195007324
41.0,14.0,14.0,0.032190799713134766
44.0,18.0,18.0,0.047750234603881836
26.0,12.0,12.0,0.032503604888916016
34.0,19.0,19.0,0.024290084838867188
45.0,21.0,21.0,0.041161537170410156
100.0,22.0,22.0,0.08035492897033691
86.0,37.0,37.0,0.06412029266357422
55.0,19.0,19.0,0.03827786445617676
165.0,35.0,35.0,0.12853050231933594
79.0,32.0,32.0,0.0691061019897461
16.0,5.0,5.0,0.012195825576782227
102.0,34.0,34.0,0.08637237548828125
38.0,17.0,17.0,0.029000282287597656
17.0,6.0,6.0,0.01608753204345703
28.0,12.0,12.0,0.02313065528869629
25.0,13.0,13.0,0.02319192886352539
16.0,4.0,4.0,0.014234542846679688
21.0,7.0,7.0,0.023102521896362305
26.0,11.0,11.0,0.021435260772705078
40.0,19.0,19.0,0.03582453727722168
48.0,11.0,11.0,0.03930544853210449
38.0,8.0,8.0,0.029979705810546875
31.0,13.0,13.0,0.029187917709350586
28.0,14.0,14.0,0.020316600799560547
41.0,14.0,14.0,0.03253436088562012
48.0,16.0,16.0,0.03814578056335449
29.0,14.0,14.0,0.025353431701660156
29.0,11.0,11.0,0.0213015079498291
73.0,22.0,22.0,0.06168818473815918
113.0,36.0,36.0,0.09043765068054199
68.0,15.0,15.0,0.053179264068603516
27.0,12.0,12.0,0.019057512283325195
42.0,17.0,17.0,0.036003828048706055
27.0,10.0,10.0,0.024237632751464844
23.0,12.0,12.0,0.018655061721801758
27.0,11.0,11.0,0.020941972732543945
36.0,12.0,12.0,0.029064178466796875
77.0,15.0,15.0,0.06324148178100586
35.0,12.0,12.0,0.029732704162597656
28.0,12.0,12.0,0.01807236671447754
34.0,10.0,10.0,0.027690649032592773
91.0,33.0,33.0,0.07013607025146484
84.0,25.0,25.0,0.07262349128723145
40.0,17.0,17.0,0.028394699096679688
55.0,17.0,17.0,0.04299211502075195
81.0,10.0,10.0,0.08246660232543945
21.0,9.0,9.0,0.019026517868041992
78.0,23.0,23.0,0.06848287582397461
45.0,22.0,22.0,0.04196882247924805
40.0,13.0,13.0,0.033261775970458984
29.0,12.0,12.0,0.028384685516357422
63.0,32.0,32.0,0.04200887680053711
23.0,5.0,5.0,0.014553308486938477
24.0,12.0,12.0,0.020000219345092773
27.0,10.0,10.0,0.015978336334228516
174.0,47.0,47.0,0.13943934440612793
33.0,9.0,9.0,0.025208234786987305
42.0,9.0,9.0,0.034876346588134766
15.0,4.0,4.0,0.015699386596679688
39.0,22.0,22.0,0.02413773536682129
85.0,23.0,23.0,0.07076406478881836
66.0,31.0,31.0,0.06089925765991211
21.0,11.0,11.0,0.012530326843261719
41.0,19.0,19.0,0.03704547882080078
16.0,4.0,4.0,0.019616127014160156
42.0,6.0,6.0,0.043634653091430664
44.0,18.0,18.0,0.044577598571777344
30.0,16.0,16.0,0.024629831314086914
63.0,24.0,24.0,0.04965353012084961
25.0,9.0,9.0,0.02133321762084961
37.0,20.0,20.0,0.03209686279296875
14.0,3.0,3.0,0.009768486022949219
34.0,9.0,9.0,0.024259090423583984
104.0,26.0,26.0,0.07607364654541016
55.0,8.0,8.0,0.04114580154418945
22.0,11.0,11.0,0.018236160278320312
31.0,12.0,12.0,0.023225069046020508
114.0,39.0,39.0,0.0960848331451416
32.0,14.0,14.0,0.02547764778137207
44.0,24.0,24.0,0.04043173789978027
32.0,13.0,13.0,0.03105759620666504
21.0,10.0,10.0,0.0188601016998291
21.0,11.0,11.0,0.015134811401367188
36.0,15.0,15.0,0.033051490783691406
100.0,27.0,27.0,0.08430051803588867
48.0,17.0,17.0,0.036896467208862305
23.0,9.0,9.0,0.02091836929321289
49.0,19.0,19.0,0.03715157508850098
76.0,18.0,18.0,0.07049727439880371
19.0,4.0,4.0,0.02031111717224121
49.0,14.0,14.0,0.0413360595703125
37.0,15.0,15.0,0.03147125244140625
67.0,17.0,17.0,0.061279296875
93.0,21.0,21.0,0.08019042015075684
69.0,19.0,19.0,0.06456923484802246
45.0,16.0,16.0,0.03530263900756836
54.0,15.0,15.0,0.038149118423461914
52.0,32.0,32.0,0.04894661903381348
48.0,28.0,28.0,0.04056859016418457
86.0,33.0,33.0,0.0863802433013916
53.0,17.0,17.0,0.047098636627197266
32.0,6.0,6.0,0.029051542282104492
145.0,22.0,22.0,0.11797642707824707
20.0,9.0,9.0,0.014846563339233398
125.0,40.0,40.0,0.09267807006835938
51.0,22.0,22.0,0.04253196716308594
107.0,22.0,22.0,0.09239840507507324
35.0,13.0,13.0,0.02836894989013672
34.0,9.0,9.0,0.021860122680664062
27.0,8.0,8.0,0.02507805824279785
91.0,26.0,26.0,0.0859074592590332
20.0,8.0,8.0,0.017149686813354492
48.0,16.0,16.0,0.042221784591674805
61.0,15.0,15.0,0.047232866287231445
37.0,14.0,14.0,0.028587818145751953
88.0,17.0,17.0,0.06937074661254883
65.0,13.0,13.0,0.049165964126586914
135.0,20.0,20.0,0.11327600479125977
37.0,13.0,13.0,0.025020599365234375
92.0,26.0,26.0,0.07576370239257812
60.0,10.0,10.0,0.052912235260009766
13.0,2.0,2.0,0.010185956954956055
33.0,17.0,17.0,0.024892568588256836
32.0,10.0,10.0,0.021790504455566406
37.0,17.0,17.0,0.030563831329345703
66.0,17.0,17.0,0.05112481117248535
62.0,11.0,11.0,0.04451251029968262
27.0,11.0,11.0,0.025955915451049805
42.0,8.0,8.0,0.041214942932128906
36.0,16.0,16.0,0.029796123504638672
43.0,9.0,9.0,0.04895281791687012
53.0,11.0,11.0,0.04431557655334473
113.0,28.0,28.0,0.09293794631958008
30.0,12.0,12.0,0.02978229522705078
44.0,10.0,10.0,0.04182791709899902
47.0,18.0,18.0,0.04085969924926758
82.0,22.0,22.0,0.06941628456115723
23.0,10.0,10.0,0.022797346115112305
141.0,49.0,49.0,0.12956571578979492
53.0,15.0,15.0,0.04740500450134277
89.0,31.0,31.0,0.07607340812683105
64.0,24.0,24.0,0.05335235595703125
74.0,14.0,14.0,0.08251571655273438
39.0,25.0,25.0,0.0433199405670166
18.0,3.0,3.0,0.019740819931030273
22.0,9.0,9.0,0.01903223991394043
33.0,17.0,17.0,0.03312182426452637
20.0,7.0,7.0,0.022154808044433594
26.0,10.0,10.0,0.024560928344726562
68.0,17.0,17.0,0.05352377891540527
88.0,39.0,39.0,0.0789494514465332
44.0,18.0,18.0,0.04379105567932129
48.0,15.0,15.0,0.048500776290893555
52.0,21.0,21.0,0.05263710021972656
22.0,11.0,11.0,0.022711992263793945
32.0,14.0,14.0,0.03014230728149414
85.0,20.0,20.0,0.08825898170471191
93.0,26.0,26.0,0.09657764434814453
100.0,27.0,27.0,0.09640645980834961
69.0,24.0,24.0,0.061293840408325195
44.0,12.0,12.0,0.0442197322845459
39.0,20.0,20.0,0.029952049255371094
76.0,26.0,26.0,0.06379270553588867
99.0,32.0,32.0,0.0947721004486084
56.0,22.0,22.0,0.046585798263549805
23.0,8.0,8.0,0.025442838668823242
36.0,15.0,15.0,0.03504467010498047
54.0,12.0,12.0,0.048091888427734375
25.0,6.0,6.0,0.023827075958251953
60.0,27.0,27.0,0.05747175216674805
37.0,8.0,8.0,0.03417825698852539
58.0,17.0,17.0,0.05166745185852051
54.0,18.0,18.0,0.05320429801940918
51.0,13.0,13.0,0.04645347595214844
80.0,9.0,9.0,0.07016849517822266
25.0,11.0,11.0,0.026342153549194336
41.0,9.0,9.0,0.045087337493896484
69.0,27.0,27.0,0.05543184280395508
22.0,9.0,9.0,0.029128074645996094
55.0,17.0,17.0,0.05442404747009277
22.0,8.0,8.0,0.030472755432128906
113.0,30.0,30.0,0.10526680946350098
39.0,17.0,17.0,0.05433011054992676
24.0,10.0,10.0,0.032610177993774414
66.0,20.0,20.0,0.08605146408081055
18.0,6.0,6.0,0.025394916534423828
181.0,46.0,46.0,0.2554745674133301
116.0,32.0,32.0,0.1338944435119629
34.0,13.0,13.0,0.04055500030517578
36.0,17.0,17.0,0.037819862365722656
33.0,17.0,17.0,0.03090691566467285
25.0,13.0,13.0,0.021979093551635742
53.0,20.0,20.0,0.04876136779785156
71.0,18.0,18.0,0.07657313346862793
57.0,16.0,16.0,0.05144214630126953
32.0,11.0,11.0,0.02695775032043457
23.0,11.0,11.0,0.02474188804626465
25.0,7.0,7.0,0.02700352668762207
66.0,26.0,26.0,0.058083295822143555
37.0,15.0,15.0,0.030979633331298828
72.0,25.0,25.0,0.05818343162536621
27.0,14.0,14.0,0.027009248733520508
16.0,4.0,4.0,0.01366281509399414
82.0,26.0,26.0,0.07940840721130371
81.0,26.0,26.0,0.07991147041320801
47.0,8.0,8.0,0.046273231506347656
53.0,20.0,20.0,0.05713605880737305
27.0,13.0,13.0,0.02372598648071289
28.0,14.0,14.0,0.024304628372192383
37.0,12.0,12.0,0.04030609130859375
24.0,7.0,7.0,0.026773929595947266
21.0,10.0,10.0,0.021670818328857422
83.0,16.0,16.0,0.08980917930603027
37.0,10.0,10.0,0.04266190528869629
92.0,16.0,16.0,0.0999138355255127
117.0,44.0,44.0,0.0962059497833252
41.0,16.0,16.0,0.03488278388977051
109.0,28.0,28.0,0.10075211524963379
93.0,26.0,26.0,0.07882976531982422
57.0,25.0,25.0,0.04969596862792969
42.0,16.0,16.0,0.04725146293640137
35.0,12.0,12.0,0.02631068229675293
40.0,10.0,10.0,0.06060624122619629
24.0,10.0,10.0,0.024455547332763672
22.0,8.0,8.0,0.024286508560180664
36.0,12.0,12.0,0.036597251892089844
20.0,9.0,9.0,0.022679567337036133
28.0,6.0,6.0,0.021509170532226562
95.0,25.0,25.0,0.09529757499694824
26.0,12.0,12.0,0.024816036224365234
88.0,19.0,19.0,0.07648205757141113
59.0,21.0,21.0,0.04955697059631348
61.0,20.0,20.0,0.05385613441467285
24.0,6.0,6.0,0.02971673011779785
93.0,27.0,27.0,0.09664249420166016
68.0,24.0,24.0,0.06499648094177246
86.0,26.0,26.0,0.08091521263122559
43.0,15.0,15.0,0.040199995040893555
54.0,13.0,13.0,0.046088218688964844
138.0,34.0,34.0,0.12432599067687988
38.0,18.0,18.0,0.04101872444152832
22.0,11.0,11.0,0.017699241638183594
56.0,17.0,17.0,0.05108928680419922
42.0,26.0,26.0,0.030848026275634766
170.0,47.0,47.0,0.15034914016723633
63.0,21.0,21.0,0.058916568756103516
93.0,23.0,23.0,0.08219766616821289
78.0,12.0,12.0,0.07857894897460938
98.0,20.0,20.0,0.08508729934692383
102.0,34.0,34.0,0.07700061798095703
37.0,17.0,17.0,0.025909423828125
113.0,28.0,28.0,0.09361481666564941
55.0,23.0,23.0,0.05166292190551758
23.0,11.0,11.0,0.016054391860961914
39.0,20.0,20.0,0.030351877212524414
29.0,7.0,7.0,0.026915788650512695
53.0,19.0,19.0,0.04533958435058594
46.0,12.0,12.0,0.04088234901428223
86.0,21.0,21.0,0.07167911529541016
61.0,22.0,22.0,0.04969143867492676
28.0,15.0,15.0,0.027647018432617188
25.0,8.0,8.0,0.027717113494873047
50.0,13.0,13.0,0.04391121864318848
27.0,11.0,11.0,0.031186342239379883
47.0,17.0,17.0,0.05035519599914551
67.0,18.0,18.0,0.07081866264343262
18.0,6.0,6.0,0.0149688720703125
20.0,8.0,8.0,0.017281532287597656
35.0,10.0,10.0,0.03633737564086914
69.0,17.0,17.0,0.06920933723449707
21.0,10.0,10.0,0.021565914154052734
58.0,15.0,15.0,0.05658435821533203
55.0,10.0,10.0,0.052291154861450195
45.0,9.0,9.0,0.0400691032409668
46.0,15.0,15.0,0.03392314910888672
19.0,3.0,3.0,0.018707752227783203
129.0,19.0,19.0,0.0941617488861084
67.0,18.0,18.0,0.05925750732421875
83.0,18.0,18.0,0.06088423728942871
98.0,26.0,26.0,0.08216238021850586
64.0,15.0,15.0,0.08018159866333008
146.0,55.0,55.0,0.131211519241333
27.0,10.0,10.0,0.025210857391357422
36.0,15.0,15.0,0.03028392791748047
156.0,53.0,53.0,0.143693208694458
107.0,26.0,26.0,0.09587240219116211
58.0,11.0,11.0,0.054518938064575195
125.0,31.0,31.0,0.10429096221923828
26.0,12.0,12.0,0.021345853805541992
74.0,32.0,32.0,0.06245708465576172
70.0,16.0,16.0,0.057686567306518555
20.0,9.0,9.0,0.01906418800354004
126.0,38.0,38.0,0.10950112342834473
50.0,19.0,19.0,0.0831298828125
51.0,18.0,18.0,0.04445290565490723
111.0,33.0,33.0,0.09238100051879883
51.0,20.0,20.0,0.046399593353271484
79.0,22.0,22.0,0.06088447570800781
45.0,7.0,7.0,0.0393679141998291
68.0,22.0,22.0,0.06292843818664551
100.0,25.0,25.0,0.11582779884338379
29.0,10.0,10.0,0.026775598526000977
29.0,12.0,12.0,0.029627561569213867
52.0,19.0,19.0,0.052494049072265625
88.0,16.0,16.0,0.08557987213134766
56.0,15.0,15.0,0.04737710952758789
35.0,11.0,11.0,0.030618906021118164
18.0,4.0,4.0,0.017196178436279297
24.0,10.0,10.0,0.01783585548400879
38.0,19.0,19.0,0.028992891311645508
24.0,11.0,11.0,0.021532058715820312
94.0,27.0,27.0,0.0781710147857666
43.0,18.0,18.0,0.04754137992858887
35.0,3.0,3.0,0.03927922248840332
78.0,20.0,20.0,0.07484722137451172
96.0,27.0,27.0,0.08585309982299805
31.0,16.0,16.0,0.026031017303466797
107.0,35.0,35.0,0.08130550384521484
19.0,7.0,7.0,0.014508247375488281
121.0,38.0,38.0,0.09627389907836914
29.0,7.0,7.0,0.023572444915771484
24.0,12.0,12.0,0.01909494400024414
25.0,12.0,12.0,0.021423816680908203
19.0,8.0,8.0,0.01690220832824707
47.0,22.0,22.0,0.0402834415435791
92.0,24.0,24.0,0.09638285636901855
46.0,13.0,13.0,0.049204111099243164
28.0,8.0,8.0,0.027525901794433594
43.0,10.0,10.0,0.042633056640625
114.0,28.0,28.0,0.10084915161132812
32.0,13.0,13.0,0.03148937225341797
166.0,35.0,35.0,0.18112707138061523
21.0,7.0,7.0,0.015462160110473633
17.0,6.0,6.0,0.012538433074951172
27.0,16.0,16.0,0.02117753028869629
27.0,14.0,14.0,0.027625322341918945
103.0,22.0,22.0,0.09379768371582031
77.0,20.0,20.0,0.07304024696350098
23.0,8.0,8.0,0.019865036010742188
62.0,22.0,22.0,0.06816720962524414
53.0,21.0,21.0,0.05272507667541504
52.0,18.0,18.0,0.055117130279541016
34.0,9.0,9.0,0.04391670227050781
23.0,7.0,7.0,0.02232813835144043
89.0,29.0,29.0,0.09354519844055176
27.0,12.0,12.0,0.02517080307006836
32.0,7.0,7.0,0.02682948112487793
27.0,9.0,9.0,0.03233671188354492
44.0,18.0,18.0,0.05027341842651367
149.0,43.0,43.0,0.15284514427185059
21.0,9.0,9.0,0.019341230392456055
30.0,8.0,8.0,0.022791624069213867
34.0,16.0,16.0,0.03903317451477051
101.0,30.0,30.0,0.08783149719238281
47.0,15.0,15.0,0.03873085975646973
57.0,22.0,22.0,0.04861640930175781
38.0,5.0,5.0,0.03973531723022461
59.0,15.0,15.0,0.0596923828125
36.0,17.0,17.0,0.04352092742919922
31.0,8.0,8.0,0.03824758529663086
36.0,16.0,16.0,0.04507255554199219
146.0,47.0,47.0,0.19250249862670898
64.0,30.0,30.0,0.08855390548706055
41.0,13.0,13.0,0.048497676849365234
92.0,24.0,24.0,0.09295248985290527
75.0,22.0,22.0,0.06514954566955566
201.0,45.0,45.0,0.20060205459594727
48.0,13.0,13.0,0.04373908042907715
38.0,9.0,9.0,0.02724289894104004
36.0,14.0,14.0,0.034557342529296875
32.0,13.0,13.0,0.03009796142578125
23.0,6.0,6.0,0.02101898193359375
123.0,33.0,33.0,0.1413116455078125
42.0,14.0,14.0,0.03515267372131348
67.0,20.0,20.0,0.0587465763092041
27.0,13.0,13.0,0.020597457885742188
35.0,8.0,8.0,0.03603816032409668
22.0,11.0,11.0,0.021973848342895508
76.0,20.0,20.0,0.09252691268920898
51.0,12.0,12.0,0.06980013847351074
32.0,9.0,9.0,0.05413246154785156
50.0,14.0,14.0,0.07691478729248047
38.0,15.0,15.0,0.06336736679077148
39.0,20.0,20.0,0.050813913345336914
18.0,7.0,7.0,0.025033950805664062
148.0,30.0,30.0,0.16270828247070312
58.0,18.0,18.0,0.07440733909606934
32.0,11.0,11.0,0.03797411918640137
38.0,11.0,11.0,0.03435111045837402
33.0,10.0,10.0,0.026942968368530273
67.0,26.0,26.0,0.05652904510498047
41.0,21.0,21.0,0.033759355545043945
41.0,15.0,15.0,0.05462908744812012
20.0,6.0,6.0,0.020839691162109375
37.0,13.0,13.0,0.04530525207519531
96.0,29.0,29.0,0.10268211364746094
56.0,15.0,15.0,0.05322980880737305
21.0,9.0,9.0,0.029497861862182617
30.0,10.0,10.0,0.045758724212646484
62.0,13.0,13.0,0.07611298561096191
120.0,24.0,24.0,0.11474776268005371
24.0,13.0,13.0,0.0165252685546875
17.0,6.0,6.0,0.015119314193725586
68.0,31.0,31.0,0.0635380744934082
227.0,66.0,66.0,0.2512178421020508
56.0,20.0,20.0,0.049797773361206055
25.0,13.0,13.0,0.03416109085083008
91.0,34.0,34.0,0.1043553352355957
23.0,7.0,7.0,0.01555776596069336
28.0,11.0,11.0,0.027631759643554688
35.0,10.0,10.0,0.04123735427856445
51.0,25.0,25.0,0.0458066463470459
45.0,31.0,31.0,0.042507171630859375
46.0,12.0,12.0,0.052847862243652344
46.0,10.0,10.0,0.03799152374267578
44.0,23.0,23.0,0.03603219985961914
36.0,15.0,15.0,0.02658534049987793
67.0,16.0,16.0,0.06105780601501465
130.0,45.0,45.0,0.15436077117919922
84.0,21.0,21.0,0.11783981323242188
26.0,8.0,8.0,0.028597116470336914
119.0,25.0,25.0,0.10577893257141113
30.0,17.0,17.0,0.022342205047607422
31.0,13.0,13.0,0.027922630310058594
26.0,10.0,10.0,0.021150588989257812
26.0,8.0,8.0,0.025674819946289062
65.0,33.0,33.0,0.06758522987365723
85.0,26.0,26.0,0.0762791633605957
22.0,9.0,9.0,0.019084453582763672
88.0,34.0,34.0,0.0928201675415039
25.0,8.0,8.0,0.024214744567871094
51.0,19.0,19.0,0.039723873138427734
33.0,16.0,16.0,0.030342578887939453
54.0,18.0,18.0,0.05844712257385254
58.0,27.0,27.0,0.06069231033325195
43.0,11.0,11.0,0.05739712715148926
22.0,3.0,3.0,0.020045042037963867
38.0,14.0,14.0,0.04419350624084473
22.0,11.0,11.0,0.01630854606628418
98.0,18.0,18.0,0.1116030216217041
31.0,11.0,11.0,0.03682708740234375
23.0,8.0,8.0,0.03066229820251465
39.0,10.0,10.0,0.04189443588256836
33.0,14.0,14.0,0.04490327835083008
27.0,7.0,7.0,0.048954010009765625
29.0,9.0,9.0,0.03188967704772949
14.0,2.0,2.0,0.023356914520263672
69.0,11.0,11.0,0.07399272918701172
48.0,23.0,23.0,0.04555940628051758
44.0,23.0,23.0,0.04703712463378906
54.0,17.0,17.0,0.0453801155090332
32.0,13.0,13.0,0.03208303451538086
53.0,14.0,14.0,0.049912452697753906
23.0,8.0,8.0,0.019463539123535156
71.0,21.0,21.0,0.07707786560058594
57.0,14.0,14.0,0.05409574508666992
55.0,11.0,11.0,0.06752347946166992
100.0,27.0,27.0,0.12206578254699707
40.0,14.0,14.0,0.04832601547241211
90.0,26.0,26.0,0.11939620971679688
23.0,7.0,7.0,0.033528804779052734
18.0,6.0,6.0,0.02591109275817871
56.0,14.0,14.0,0.06631898880004883
40.0,10.0,10.0,0.06837940216064453
76.0,15.0,15.0,0.06990194320678711
53.0,16.0,16.0,0.052962303161621094
29.0,13.0,13.0,0.032859086990356445
64.0,21.0,21.0,0.06851458549499512
58.0,14.0,14.0,0.050070762634277344
32.0,14.0,14.0,0.030015230178833008
23.0,8.0,8.0,0.02277970314025879
20.0,9.0,9.0,0.021908998489379883
37.0,15.0,15.0,0.03938555717468262
41.0,11.0,11.0,0.04404187202453613
28.0,11.0,11.0,0.030867338180541992
80.0,19.0,19.0,0.08574295043945312
17.0,6.0,6.0,0.014603137969970703
162.0,62.0,62.0,0.14823055267333984
73.0,16.0,16.0,0.06869268417358398
29.0,12.0,12.0,0.03730154037475586
34.0,18.0,18.0,0.04190850257873535
75.0,18.0,18.0,0.06676793098449707
26.0,12.0,12.0,0.03064584732055664
35.0,13.0,13.0,0.03068089485168457
43.0,13.0,13.0,0.059947967529296875
41.0,15.0,15.0,0.04520606994628906
43.0,15.0,15.0,0.0392451286315918
43.0,15.0,15.0,0.0853111743927002
18.0,6.0,6.0,0.028827667236328125
47.0,19.0,19.0,0.04296302795410156
56.0,17.0,17.0,0.04043841361999512
129.0,33.0,33.0,0.11508727073669434
22.0,10.0,10.0,0.01670241355895996
30.0,17.0,17.0,0.028586387634277344
60.0,24.0,24.0,0.06258583068847656
51.0,34.0,34.0,0.041559457778930664
55.0,12.0,12.0,0.04354262351989746
30.0,17.0,17.0,0.021969079971313477
20.0,5.0,5.0,0.014430999755859375
54.0,15.0,15.0,0.03670215606689453
32.0,13.0,13.0,0.028056859970092773
43.0,12.0,12.0,0.029335498809814453
40.0,8.0,8.0,0.0389704704284668
25.0,13.0,13.0,0.023993730545043945
32.0,16.0,16.0,0.031042098999023438
18.0,7.0,7.0,0.018152713775634766
47.0,19.0,19.0,0.04745006561279297
32.0,11.0,11.0,0.040070533752441406
115.0,34.0,34.0,0.10787034034729004
252.0,75.0,75.0,0.2530174255371094
24.0,8.0,8.0,0.028366565704345703
40.0,25.0,25.0,0.03608894348144531
18.0,6.0,6.0,0.01877617835998535
82.0,12.0,12.0,0.07786345481872559
37.0,20.0,20.0,0.03125810623168945
26.0,15.0,15.0,0.022235870361328125
33.0,9.0,9.0,0.026854276657104492
17.0,6.0,6.0,0.019427061080932617
27.0,14.0,14.0,0.02403998374938965
27.0,9.0,9.0,0.021620988845825195
75.0,20.0,20.0,0.05755901336669922
27.0,12.0,12.0,0.02487349510192871
21.0,5.0,5.0,0.02076244354248047
82.0,23.0,23.0,0.07122516632080078
28.0,9.0,9.0,0.023563623428344727
45.0,9.0,9.0,0.03616142272949219
24.0,10.0,10.0,0.01857757568359375
18.0,1.0,1.0,0.013441801071166992
65.0,17.0,17.0,0.05526542663574219
32.0,10.0,10.0,0.02620387077331543
124.0,35.0,35.0,0.11390852928161621
69.0,25.0,25.0,0.07138490676879883
170.0,71.0,71.0,0.15597105026245117
87.0,15.0,15.0,0.08965134620666504
66.0,14.0,14.0,0.07389044761657715
21.0,9.0,9.0,0.026114940643310547
154.0,39.0,39.0,0.17524051666259766
138.0,32.0,32.0,0.11974358558654785
92.0,21.0,21.0,0.08694338798522949
21.0,4.0,4.0,0.015924930572509766
23.0,8.0,8.0,0.01813817024230957
35.0,6.0,6.0,0.029822111129760742
49.0,15.0,15.0,0.040146827697753906
75.0,19.0,19.0,0.07850837707519531
32.0,9.0,9.0,0.04646873474121094
32.0,8.0,8.0,0.039620161056518555
126.0,45.0,45.0,0.14612889289855957
34.0,17.0,17.0,0.032758235931396484
192.0,44.0,44.0,0.2027297019958496
116.0,21.0,21.0,0.12935113906860352
45.0,15.0,15.0,0.037004947662353516
19.0,6.0,6.0,0.01600790023803711
61.0,28.0,28.0,0.055106163024902344
135.0,40.0,40.0,0.1468651294708252
18.0,6.0,6.0,0.015742063522338867
30.0,16.0,16.0,0.021019935607910156
34.0,16.0,16.0,0.027833938598632812
72.0,26.0,26.0,0.06139731407165527
74.0,32.0,32.0,0.06708979606628418
74.0,15.0,15.0,0.06612205505371094
198.0,54.0,54.0,0.15741968154907227
76.0,23.0,23.0,0.0757291316986084
166.0,41.0,41.0,0.14420080184936523
34.0,14.0,14.0,0.026754379272460938
64.0,25.0,25.0,0.06105160713195801
50.0,14.0,14.0,0.04063701629638672
32.0,13.0,13.0,0.02375936508178711
80.0,33.0,33.0,0.058481693267822266
39.0,10.0,10.0,0.030837535858154297
19.0,7.0,7.0,0.015052318572998047
76.0,26.0,26.0,0.06725215911865234
30.0,15.0,15.0,0.02602100372314453
28.0,14.0,14.0,0.020639896392822266
40.0,16.0,16.0,0.03171229362487793
75.0,19.0,19.0,0.07146978378295898
30.0,8.0,8.0,0.022027969360351562
49.0,26.0,26.0,0.048575401306152344
63.0,23.0,23.0,0.05137443542480469
23.0,8.0,8.0,0.01655125617980957
46.0,27.0,27.0,0.04410719871520996
61.0,20.0,20.0,0.06422781944274902
16.0,5.0,5.0,0.01781010627746582
67.0,28.0,28.0,0.07671236991882324
116.0,32.0,32.0,0.11692476272583008
100.0,18.0,18.0,0.07552671432495117
32.0,10.0,10.0,0.026830196380615234
59.0,20.0,20.0,0.05266308784484863
30.0,12.0,12.0,0.023477554321289062
52.0,14.0,14.0,0.03932666778564453
53.0,19.0,19.0,0.041944026947021484
31.0,10.0,10.0,0.026663541793823242
109.0,38.0,38.0,0.09139275550842285
37.0,10.0,10.0,0.027684450149536133
22.0,8.0,8.0,0.017991304397583008
45.0,13.0,13.0,0.0408625602722168
29.0,12.0,12.0,0.0262148380279541
23.0,11.0,11.0,0.016889572143554688
137.0,51.0,51.0,0.11070632934570312
52.0,23.0,23.0,0.03734731674194336
61.0,23.0,23.0,0.04851579666137695
19.0,7.0,7.0,0.015630245208740234
44.0,20.0,20.0,0.03859305381774902
50.0,17.0,17.0,0.0507657527923584
92.0,40.0,40.0,0.0771183967590332
128.0,32.0,32.0,0.12395548820495605
18.0,7.0,7.0,0.020203590393066406
18.0,4.0,4.0,0.01538538932800293
26.0,11.0,11.0,0.024064302444458008
86.0,25.0,25.0,0.08152341842651367
44.0,21.0,21.0,0.04560565948486328
22.0,10.0,10.0,0.022397756576538086
13.0,2.0,2.0,0.012293577194213867
44.0,24.0,24.0,0.04230070114135742
20.0,8.0,8.0,0.013005256652832031
28.0,10.0,10.0,0.02039194107055664
30.0,13.0,13.0,0.030292749404907227
37.0,15.0,15.0,0.03324079513549805
122.0,18.0,18.0,0.10686659812927246
26.0,16.0,16.0,0.02107715606689453
69.0,22.0,22.0,0.049903154373168945
26.0,10.0,10.0,0.01938652992248535
51.0,12.0,12.0,0.03705596923828125
79.0,21.0,21.0,0.06113266944885254
80.0,34.0,34.0,0.0711512565612793
31.0,12.0,12.0,0.026538848876953125
57.0,20.0,20.0,0.04839754104614258
45.0,12.0,12.0,0.04645538330078125
29.0,7.0,7.0,0.024268627166748047
33.0,8.0,8.0,0.03481769561767578
32.0,9.0,9.0,0.0350956916809082
61.0,11.0,11.0,0.05403923988342285
68.0,16.0,16.0,0.056064605712890625
42.0,14.0,14.0,0.040804386138916016
106.0,21.0,21.0,0.10746550559997559
31.0,7.0,7.0,0.027728557586669922
22.0,9.0,9.0,0.016864776611328125
28.0,13.0,13.0,0.023537397384643555
41.0,11.0,11.0,0.04117393493652344
124.0,59.0,59.0,0.11137723922729492
37.0,11.0,11.0,0.039782047271728516
46.0,16.0,16.0,0.0453948974609375
36.0,15.0,15.0,0.03178524971008301
35.0,10.0,10.0,0.02641582489013672
44.0,12.0,12.0,0.032772064208984375
46.0,28.0,28.0,0.039192914962768555
86.0,30.0,30.0,0.06627058982849121
18.0,7.0,7.0,0.01692938804626465
43.0,14.0,14.0,0.039948225021362305
67.0,13.0,13.0,0.057615041732788086
33.0,17.0,17.0,0.02836298942565918
23.0,8.0,8.0,0.019379377365112305
60.0,14.0,14.0,0.04882955551147461
28.0,13.0,13.0,0.02749490737915039
78.0,18.0,18.0,0.06121110916137695
66.0,25.0,25.0,0.06393027305603027
32.0,15.0,15.0,0.026895523071289062
15.0,4.0,4.0,0.010707378387451172
88.0,31.0,31.0,0.06708288192749023
116.0,38.0,38.0,0.10209774971008301
35.0,11.0,11.0,0.02967524528503418
63.0,14.0,14.0,0.05453968048095703
26.0,16.0,16.0,0.022762775421142578
56.0,23.0,23.0,0.046891212463378906
50.0,9.0,9.0,0.045154571533203125
116.0,40.0,40.0,0.09688305854797363
58.0,16.0,16.0,0.05270099639892578
31.0,10.0,10.0,0.0253753662109375
135.0,33.0,33.0,0.11185073852539062
101.0,30.0,30.0,0.08356904983520508
95.0,33.0,33.0,0.08272528648376465
40.0,10.0,10.0,0.031017541885375977
66.0,22.0,22.0,0.07132863998413086
62.0,21.0,21.0,0.06531381607055664
65.0,24.0,24.0,0.059091806411743164
33.0,10.0,10.0,0.03172636032104492
24.0,10.0,10.0,0.025223731994628906
26.0,6.0,6.0,0.020536422729492188
24.0,9.0,9.0,0.020773649215698242
57.0,32.0,32.0,0.04017996788024902
80.0,29.0,29.0,0.06065654754638672
26.0,10.0,10.0,0.026781558990478516
45.0,8.0,8.0,0.041660308837890625
122.0,32.0,32.0,0.09203267097473145
33.0,14.0,14.0,0.023569583892822266
191.0,50.0,50.0,0.14646458625793457
32.0,9.0,9.0,0.026127099990844727
76.0,27.0,27.0,0.06264042854309082
165.0,41.0,41.0,0.13972020149230957
115.0,45.0,45.0,0.0834798812866211
22.0,7.0,7.0,0.017690420150756836
135.0,32.0,32.0,0.11248493194580078
88.0,44.0,44.0,0.0719442367553711
157.0,31.0,31.0,0.14532089233398438
114.0,18.0,18.0,0.0873117446899414
25.0,8.0,8.0,0.023253679275512695
81.0,30.0,30.0,0.0815742015838623
62.0,13.0,13.0,0.04752993583679199
24.0,7.0,7.0,0.017516374588012695
71.0,23.0,23.0,0.05448579788208008
18.0,6.0,6.0,0.011698484420776367
55.0,14.0,14.0,0.04203963279724121
33.0,13.0,13.0,0.024271726608276367
78.0,19.0,19.0,0.05415081977844238
39.0,11.0,11.0,0.028025150299072266
137.0,48.0,48.0,0.10222363471984863
72.0,15.0,15.0,0.05932450294494629
30.0,5.0,5.0,0.02065873146057129
55.0,20.0,20.0,0.05141139030456543
64.0,28.0,28.0,0.05814790725708008
55.0,16.0,16.0,0.05016136169433594
176.0,51.0,51.0,0.1895589828491211
22.0,9.0,9.0,0.025054216384887695
49.0,12.0,12.0,0.048146724700927734
28.0,7.0,7.0,0.02180337905883789
39.0,13.0,13.0,0.03156161308288574
69.0,18.0,18.0,0.0627591609954834
54.0,22.0,22.0,0.054918527603149414
44.0,18.0,18.0,0.03612065315246582
33.0,14.0,14.0,0.029511213302612305
62.0,19.0,19.0,0.0540771484375
62.0,16.0,16.0,0.05701255798339844
22.0,9.0,9.0,0.023955345153808594
30.0,10.0,10.0,0.03333735466003418
43.0,17.0,17.0,0.044260501861572266
140.0,29.0,29.0,0.1331195831298828
27.0,10.0,10.0,0.0254056453704834
58.0,18.0,18.0,0.0416712760925293
29.0,8.0,8.0,0.019940614700317383
48.0,20.0,20.0,0.0447540283203125
31.0,14.0,14.0,0.030324697494506836
29.0,13.0,13.0,0.02608489990234375
22.0,10.0,10.0,0.018492698669433594
104.0,25.0,25.0,0.08945417404174805
37.0,18.0,18.0,0.03401541709899902
39.0,14.0,14.0,0.03399944305419922
31.0,12.0,12.0,0.019620895385742188
16.0,4.0,4.0,0.012847900390625
60.0,18.0,18.0,0.047019004821777344
49.0,16.0,16.0,0.03973650932312012
70.0,19.0,19.0,0.06257891654968262
168.0,52.0,52.0,0.13469576835632324
86.0,19.0,19.0,0.0713498592376709
45.0,11.0,11.0,0.04057884216308594
76.0,18.0,18.0,0.08803129196166992
27.0,9.0,9.0,0.022707223892211914
116.0,35.0,35.0,0.13563871383666992
21.0,10.0,10.0,0.02093958854675293
54.0,27.0,27.0,0.06911873817443848
146.0,58.0,58.0,0.14086008071899414
18.0,7.0,7.0,0.011664152145385742
20.0,6.0,6.0,0.0254213809967041
80.0,25.0,25.0,0.09159183502197266
54.0,21.0,21.0,0.05697894096374512
55.0,13.0,13.0,0.055289268493652344
38.0,17.0,17.0,0.04115915298461914
75.0,17.0,17.0,0.0678563117980957
21.0,6.0,6.0,0.01444864273071289
33.0,6.0,6.0,0.022696495056152344
47.0,15.0,15.0,0.04077339172363281
34.0,17.0,17.0,0.036170244216918945
54.0,20.0,20.0,0.056821584701538086
53.0,4.0,4.0,0.054563045501708984
22.0,4.0,4.0,0.024149656295776367
65.0,21.0,21.0,0.06404352188110352
24.0,13.0,13.0,0.023797035217285156
63.0,20.0,20.0,0.05257415771484375
27.0,11.0,11.0,0.02268695831298828
116.0,40.0,40.0,0.10383176803588867
44.0,14.0,14.0,0.04477405548095703
26.0,13.0,13.0,0.024057626724243164
20.0,9.0,9.0,0.021692276000976562
96.0,37.0,37.0,0.09644770622253418
53.0,18.0,18.0,0.0636281967163086
32.0,12.0,12.0,0.03206920623779297
104.0,26.0,26.0,0.10609126091003418
20.0,7.0,7.0,0.023952245712280273
20.0,6.0,6.0,0.01807689666748047
16.0,5.0,5.0,0.01850581169128418
38.0,13.0,13.0,0.04335379600524902
36.0,13.0,13.0,0.039228200912475586
40.0,7.0,7.0,0.042371511459350586
32.0,9.0,9.0,0.03139638900756836
64.0,22.0,22.0,0.05773115158081055
61.0,20.0,20.0,0.055261850357055664
47.0,21.0,21.0,0.037522315979003906
61.0,22.0,22.0,0.058249473571777344
113.0,33.0,33.0,0.09198665618896484
24.0,11.0,11.0,0.018062591552734375
45.0,15.0,15.0,0.03711557388305664
25.0,12.0,12.0,0.01591014862060547
32.0,10.0,10.0,0.031138181686401367
39.0,17.0,17.0,0.03998398780822754
33.0,9.0,9.0,0.023682117462158203
32.0,17.0,17.0,0.028014183044433594
38.0,9.0,9.0,0.029596567153930664
66.0,17.0,17.0,0.05580425262451172
87.0,19.0,19.0,0.06697273254394531
25.0,10.0,10.0,0.02223968505859375
93.0,36.0,36.0,0.09317946434020996
65.0,19.0,19.0,0.05762887001037598
33.0,13.0,13.0,0.03125190734863281
59.0,21.0,21.0,0.050296783447265625
30.0,11.0,11.0,0.036185264587402344
24.0,10.0,10.0,0.0221865177154541
23.0,12.0,12.0,0.020406246185302734
21.0,9.0,9.0,0.021052837371826172
28.0,12.0,12.0,0.02325439453125
37.0,11.0,11.0,0.03186488151550293
42.0,19.0,19.0,0.0367588996887207
54.0,13.0,13.0,0.05405402183532715
63.0,29.0,29.0,0.06352400779724121
36.0,19.0,19.0,0.03235888481140137
39.0,12.0,12.0,0.033739566802978516
21.0,9.0,9.0,0.01835346221923828
71.0,10.0,10.0,0.06788110733032227
117.0,27.0,27.0,0.09748601913452148
26.0,15.0,15.0,0.023075342178344727
71.0,20.0,20.0,0.05806398391723633
64.0,31.0,31.0,0.04508376121520996
77.0,21.0,21.0,0.06603264808654785
89.0,26.0,26.0,0.08921217918395996
45.0,17.0,17.0,0.03800511360168457
32.0,15.0,15.0,0.02684760093688965
59.0,11.0,11.0,0.04564380645751953
82.0,23.0,23.0,0.0712578296661377
43.0,26.0,26.0,0.03288674354553223
39.0,13.0,13.0,0.028656482696533203
31.0,11.0,11.0,0.02534174919128418
81.0,22.0,22.0,0.06965804100036621
157.0,46.0,46.0,0.12942194938659668
38.0,20.0,20.0,0.03129768371582031
68.0,18.0,18.0,0.05899190902709961
40.0,16.0,16.0,0.02979445457458496
30.0,12.0,12.0,0.01746678352355957
35.0,12.0,12.0,0.0298004150390625
146.0,29.0,29.0,0.1395268440246582
59.0,11.0,11.0,0.05214428901672363
65.0,28.0,28.0,0.053624868392944336
40.0,13.0,13.0,0.028271198272705078
28.0,8.0,8.0,0.025061368942260742
59.0,24.0,24.0,0.05729174613952637
24.0,14.0,14.0,0.017611265182495117
31.0,7.0,7.0,0.024199724197387695
53.0,13.0,13.0,0.043433189392089844
102.0,20.0,20.0,0.09560680389404297
28.0,8.0,8.0,0.028069734573364258
22.0,11.0,11.0,0.02869415283203125
24.0,11.0,11.0,0.020720243453979492
67.0,15.0,15.0,0.0625300407409668
25.0,12.0,12.0,0.0242002010345459
90.0,26.0,26.0,0.07367992401123047
31.0,10.0,10.0,0.025057554244995117
39.0,8.0,8.0,0.027439117431640625
17.0,7.0,7.0,0.013302326202392578
148.0,27.0,27.0,0.1121220588684082
21.0,10.0,10.0,0.014932870864868164
34.0,17.0,17.0,0.025493144989013672
26.0,14.0,14.0,0.017520904541015625
24.0,12.0,12.0,0.01584339141845703
208.0,52.0,52.0,0.18887972831726074
87.0,23.0,23.0,0.07601141929626465
58.0,15.0,15.0,0.04163813591003418
20.0,9.0,9.0,0.015323877334594727
91.0,29.0,29.0,0.07684636116027832
230.0,59.0,59.0,0.2224569320678711
29.0,10.0,10.0,0.029477357864379883
74.0,21.0,21.0,0.07256007194519043
103.0,32.0,32.0,0.09724760055541992
27.0,7.0,7.0,0.019574403762817383
39.0,14.0,14.0,0.03448891639709473
34.0,7.0,7.0,0.027127504348754883
89.0,28.0,28.0,0.07004475593566895
108.0,38.0,38.0,0.08741569519042969
32.0,10.0,10.0,0.03252077102661133
37.0,11.0,11.0,0.024483919143676758
31.0,12.0,12.0,0.02984619140625
31.0,8.0,8.0,0.026890277862548828
34.0,14.0,14.0,0.031279802322387695
31.0,18.0,18.0,0.02500462532043457
53.0,18.0,18.0,0.03886151313781738
132.0,43.0,43.0,0.10656142234802246
24.0,9.0,9.0,0.020861148834228516
54.0,19.0,19.0,0.04001808166503906
117.0,24.0,24.0,0.10619688034057617
37.0,10.0,10.0,0.03232121467590332
41.0,18.0,18.0,0.039037466049194336
22.0,9.0,9.0,0.02053070068359375
24.0,7.0,7.0,0.02844071388244629
76.0,23.0,23.0,0.07346177101135254
16.0,5.0,5.0,0.014080286026000977
29.0,17.0,17.0,0.038939476013183594
46.0,13.0,13.0,0.03894758224487305
76.0,11.0,11.0,0.06212568283081055
83.0,22.0,22.0,0.06808805465698242
76.0,20.0,20.0,0.06894493103027344
44.0,10.0,10.0,0.03728127479553223
46.0,18.0,18.0,0.03063201904296875
23.0,11.0,11.0,0.02343893051147461
40.0,19.0,19.0,0.0388181209564209
32.0,18.0,18.0,0.024266481399536133
72.0,36.0,36.0,0.05580401420593262
100.0,33.0,33.0,0.07468461990356445
38.0,13.0,13.0,0.033394575119018555
24.0,11.0,11.0,0.01796269416809082
179.0,46.0,46.0,0.15336942672729492
51.0,15.0,15.0,0.04165983200073242
33.0,6.0,6.0,0.0293729305267334
29.0,8.0,8.0,0.019798994064331055
62.0,12.0,12.0,0.04921603202819824
43.0,14.0,14.0,0.035204410552978516
51.0,35.0,35.0,0.03425288200378418
47.0,8.0,8.0,0.03954935073852539
79.0,15.0,15.0,0.07596230506896973
49.0,17.0,17.0,0.04043102264404297
27.0,11.0,11.0,0.023084163665771484
44.0,16.0,16.0,0.0340273380279541
29.0,9.0,9.0,0.02224445343017578
35.0,8.0,8.0,0.030428647994995117
26.0,14.0,14.0,0.018802165985107422
62.0,12.0,12.0,0.053450584411621094
106.0,25.0,25.0,0.08357381820678711
67.0,18.0,18.0,0.04362845420837402
74.0,23.0,23.0,0.05507087707519531
71.0,38.0,38.0,0.04916119575500488
56.0,23.0,23.0,0.048612356185913086
27.0,15.0,15.0,0.023685455322265625
49.0,16.0,16.0,0.04185175895690918
37.0,18.0,18.0,0.030619382858276367
69.0,16.0,16.0,0.05124974250793457
32.0,11.0,11.0,0.02111506462097168
67.0,24.0,24.0,0.06255555152893066
51.0,23.0,23.0,0.04132699966430664
46.0,20.0,20.0,0.030730009078979492
136.0,40.0,40.0,0.21369290351867676
44.0,16.0,16.0,0.03310680389404297
61.0,9.0,9.0,0.05407881736755371
28.0,6.0,6.0,0.016910076141357422
60.0,19.0,19.0,0.051872968673706055
57.0,20.0,20.0,0.049965620040893555
118.0,27.0,27.0,0.08619570732116699
30.0,7.0,7.0,0.02115178108215332
27.0,12.0,12.0,0.019495725631713867
17.0,5.0,5.0,0.010678291320800781
78.0,21.0,21.0,0.05796527862548828
53.0,28.0,28.0,0.04194307327270508
65.0,16.0,16.0,0.04902815818786621
39.0,16.0,16.0,0.03578972816467285
39.0,13.0,13.0,0.03905630111694336
30.0,13.0,13.0,0.029740333557128906
37.0,10.0,10.0,0.0317540168762207
53.0,21.0,21.0,0.044609785079956055
70.0,17.0,17.0,0.061801910400390625
85.0,27.0,27.0,0.06535792350769043
89.0,23.0,23.0,0.05782723426818848
49.0,18.0,18.0,0.036505937576293945
87.0,20.0,20.0,0.07203269004821777
28.0,9.0,9.0,0.023474454879760742
96.0,32.0,32.0,0.09562945365905762
52.0,16.0,16.0,0.042668819427490234
46.0,14.0,14.0,0.03276467323303223
37.0,18.0,18.0,0.02779245376586914
40.0,19.0,19.0,0.024053335189819336
34.0,17.0,17.0,0.0289459228515625
43.0,9.0,9.0,0.04029703140258789
60.0,26.0,26.0,0.041982173919677734
37.0,9.0,9.0,0.030991315841674805
50.0,13.0,13.0,0.03905153274536133
35.0,11.0,11.0,0.030428409576416016
56.0,21.0,21.0,0.05246376991271973
34.0,11.0,11.0,0.03537750244140625
19.0,6.0,6.0,0.017812728881835938
74.0,17.0,17.0,0.05427193641662598
26.0,9.0,9.0,0.0223238468170166
113.0,36.0,36.0,0.10279464721679688
35.0,16.0,16.0,0.030328750610351562
35.0,22.0,22.0,0.02203083038330078
92.0,21.0,21.0,0.08215713500976562
45.0,19.0,19.0,0.0410153865814209
24.0,11.0,11.0,0.01803755760192871
59.0,22.0,22.0,0.0559084415435791
42.0,25.0,25.0,0.0402677059173584
53.0,13.0,13.0,0.047803640365600586
57.0,17.0,17.0,0.058939218521118164
46.0,17.0,17.0,0.03970909118652344
33.0,16.0,16.0,0.02819967269897461
45.0,19.0,19.0,0.03412675857543945
186.0,53.0,53.0,0.1512131690979004
38.0,7.0,7.0,0.03249335289001465
43.0,8.0,8.0,0.03699183464050293
22.0,8.0,8.0,0.019992589950561523
39.0,26.0,26.0,0.030417203903198242
33.0,11.0,11.0,0.034276723861694336
49.0,10.0,10.0,0.03823256492614746
35.0,11.0,11.0,0.024748802185058594
40.0,8.0,8.0,0.02482151985168457
92.0,28.0,28.0,0.07011604309082031
34.0,17.0,17.0,0.03081369400024414
29.0,17.0,17.0,0.024203777313232422
53.0,18.0,18.0,0.03728032112121582
118.0,47.0,47.0,0.08993911743164062
18.0,2.0,2.0,0.014948129653930664
112.0,23.0,23.0,0.08703970909118652
24.0,13.0,13.0,0.01400446891784668
75.0,27.0,27.0,0.06139087677001953
66.0,19.0,19.0,0.04626059532165527
20.0,9.0,9.0,0.015228271484375
59.0,13.0,13.0,0.04307293891906738
50.0,13.0,13.0,0.03668832778930664
59.0,16.0,16.0,0.04721331596374512
120.0,40.0,40.0,0.09331655502319336
152.0,39.0,39.0,0.11012744903564453
23.0,12.0,12.0,0.01555633544921875
20.0,9.0,9.0,0.01529550552368164
41.0,10.0,10.0,0.02631378173828125
41.0,11.0,11.0,0.02903437614440918
73.0,23.0,23.0,0.05113053321838379
38.0,8.0,8.0,0.0378413200378418
84.0,27.0,27.0,0.061072349548339844
115.0,37.0,37.0,0.08689022064208984
52.0,19.0,19.0,0.036911725997924805
78.0,31.0,31.0,0.06529402732849121
36.0,6.0,6.0,0.024527549743652344
26.0,15.0,15.0,0.02084946632385254
115.0,29.0,29.0,0.0991823673248291
59.0,17.0,17.0,0.051610708236694336
50.0,21.0,21.0,0.03625774383544922
49.0,10.0,10.0,0.04418516159057617
18.0,7.0,7.0,0.01551961898803711
34.0,8.0,8.0,0.034245967864990234
35.0,12.0,12.0,0.03546285629272461
27.0,16.0,16.0,0.022315025329589844
130.0,40.0,40.0,0.11537027359008789
27.0,11.0,11.0,0.024933815002441406
31.0,12.0,12.0,0.026272296905517578
69.0,21.0,21.0,0.06655359268188477
26.0,7.0,7.0,0.02654242515563965
51.0,16.0,16.0,0.04766654968261719
44.0,15.0,15.0,0.036602020263671875
42.0,9.0,9.0,0.03728675842285156
67.0,18.0,18.0,0.05608057975769043
35.0,20.0,20.0,0.02863025665283203
46.0,11.0,11.0,0.03586149215698242
27.0,15.0,15.0,0.017437219619750977
27.0,11.0,11.0,0.020461559295654297
62.0,17.0,17.0,0.04795193672180176
22.0,9.0,9.0,0.019940614700317383
196.0,47.0,47.0,0.1854569911956787
26.0,11.0,11.0,0.024597883224487305
24.0,12.0,12.0,0.020886898040771484
67.0,16.0,16.0,0.05579066276550293
91.0,34.0,34.0,0.09018135070800781
70.0,27.0,27.0,0.06539177894592285
33.0,15.0,15.0,0.033316612243652344
60.0,21.0,21.0,0.04841494560241699
35.0,11.0,11.0,0.028849124908447266
160.0,49.0,49.0,0.16895103454589844
30.0,19.0,19.0,0.02475428581237793
27.0,15.0,15.0,0.02349710464477539
15.0,4.0,4.0,0.010625123977661133
52.0,14.0,14.0,0.05033445358276367
80.0,14.0,14.0,0.05720210075378418
96.0,23.0,23.0,0.0814056396484375
83.0,36.0,36.0,0.06586933135986328
48.0,16.0,16.0,0.03472256660461426
29.0,19.0,19.0,0.04149055480957031
33.0,12.0,12.0,0.04297685623168945
122.0,32.0,32.0,0.1081705093383789
25.0,13.0,13.0,0.016098499298095703
75.0,52.0,52.0,0.06791472434997559
66.0,14.0,14.0,0.057291269302368164
30.0,13.0,13.0,0.032062530517578125
103.0,35.0,35.0,0.11455321311950684
17.0,5.0,5.0,0.021392345428466797
40.0,23.0,23.0,0.0428159236907959
19.0,8.0,8.0,0.013653039932250977
39.0,11.0,11.0,0.04015326499938965
139.0,25.0,25.0,0.12017464637756348
34.0,14.0,14.0,0.02981090545654297
38.0,25.0,25.0,0.038530588150024414
114.0,23.0,23.0,0.12375307083129883
17.0,4.0,4.0,0.021004676818847656
82.0,17.0,17.0,0.0902106761932373
79.0,26.0,26.0,0.0778970718383789
56.0,16.0,16.0,0.05979633331298828
169.0,42.0,42.0,0.16955184936523438
19.0,7.0,7.0,0.01588749885559082
21.0,7.0,7.0,0.01817607879638672
43.0,29.0,29.0,0.03451848030090332
31.0,7.0,7.0,0.026777029037475586
60.0,16.0,16.0,0.053299903869628906
36.0,13.0,13.0,0.028926372528076172
42.0,17.0,17.0,0.040552377700805664
49.0,22.0,22.0,0.047389984130859375
48.0,18.0,18.0,0.05097055435180664
54.0,13.0,13.0,0.05346179008483887
22.0,10.0,10.0,0.019804954528808594
95.0,36.0,36.0,0.0800485610961914
38.0,18.0,18.0,0.025673866271972656
18.0,6.0,6.0,0.014694929122924805
46.0,16.0,16.0,0.0422062873840332
63.0,20.0,20.0,0.057431936264038086
31.0,8.0,8.0,0.05503082275390625
46.0,17.0,17.0,0.050008535385131836
34.0,18.0,18.0,0.034786224365234375
90.0,17.0,17.0,0.07407855987548828
21.0,8.0,8.0,0.021384477615356445
51.0,11.0,11.0,0.047402381896972656
21.0,10.0,10.0,0.016771316528320312
50.0,25.0,25.0,0.04678082466125488
67.0,15.0,15.0,0.06130075454711914
49.0,20.0,20.0,0.04494047164916992
38.0,8.0,8.0,0.03482556343078613
44.0,21.0,21.0,0.03202533721923828
35.0,6.0,6.0,0.03551602363586426
44.0,12.0,12.0,0.04096245765686035
43.0,18.0,18.0,0.05963301658630371
43.0,10.0,10.0,0.05858254432678223
43.0,15.0,15.0,0.04971170425415039
43.0,15.0,15.0,0.04897284507751465
199.0,36.0,36.0,0.18388772010803223
111.0,41.0,41.0,0.0988621711730957
45.0,22.0,22.0,0.030680179595947266
50.0,18.0,18.0,0.04008746147155762
25.0,8.0,8.0,0.020704030990600586
22.0,10.0,10.0,0.019560813903808594
168.0,52.0,52.0,0.13177919387817383
56.0,21.0,21.0,0.053967952728271484
17.0,5.0,5.0,0.016367197036743164
27.0,11.0,11.0,0.025704622268676758
69.0,21.0,21.0,0.05728864669799805
48.0,27.0,27.0,0.05695343017578125
22.0,10.0,10.0,0.02337479591369629
46.0,14.0,14.0,0.03718447685241699
47.0,12.0,12.0,0.04481911659240723
127.0,38.0,38.0,0.14200782775878906
90.0,22.0,22.0,0.09151601791381836
19.0,5.0,5.0,0.025094985961914062
66.0,19.0,19.0,0.07439470291137695
40.0,13.0,13.0,0.03876233100891113
65.0,16.0,16.0,0.05478096008300781
82.0,21.0,21.0,0.06550836563110352
73.0,28.0,28.0,0.05889010429382324
22.0,10.0,10.0,0.019446372985839844
91.0,31.0,31.0,0.06873297691345215
225.0,44.0,44.0,0.1710524559020996
27.0,8.0,8.0,0.02344059944152832
25.0,8.0,8.0,0.016658544540405273
25.0,12.0,12.0,0.021469593048095703
45.0,11.0,11.0,0.03440713882446289
108.0,33.0,33.0,0.09167051315307617
52.0,23.0,23.0,0.04469585418701172
28.0,10.0,10.0,0.023696422576904297
89.0,15.0,15.0,0.09242868423461914
49.0,14.0,14.0,0.05527806282043457
29.0,17.0,17.0,0.03446364402770996
43.0,22.0,22.0,0.050089120864868164
20.0,8.0,8.0,0.02288532257080078
31.0,11.0,11.0,0.028400421142578125
52.0,21.0,21.0,0.03923463821411133
23.0,8.0,8.0,0.017068862915039062
132.0,41.0,41.0,0.1406691074371338
16.0,6.0,6.0,0.014085054397583008
28.0,11.0,11.0,0.026144027709960938
53.0,16.0,16.0,0.05099081993103027
20.0,2.0,2.0,0.015061616897583008
35.0,12.0,12.0,0.027502059936523438
69.0,17.0,17.0,0.057392120361328125
50.0,19.0,19.0,0.047153472900390625
103.0,31.0,31.0,0.09126663208007812
17.0,3.0,3.0,0.02057170867919922
52.0,19.0,19.0,0.03865456581115723
33.0,12.0,12.0,0.030258893966674805
35.0,19.0,19.0,0.02698493003845215
80.0,18.0,18.0,0.06631612777709961
68.0,25.0,25.0,0.052219390869140625
86.0,24.0,24.0,0.0621793270111084
22.0,9.0,9.0,0.01667308807373047
60.0,29.0,29.0,0.05318737030029297
45.0,16.0,16.0,0.046091318130493164
27.0,6.0,6.0,0.0269012451171875
22.0,5.0,5.0,0.021233081817626953
28.0,12.0,12.0,0.02922511100769043
50.0,15.0,15.0,0.0489506721496582
31.0,12.0,12.0,0.02276158332824707
36.0,14.0,14.0,0.03590106964111328
104.0,31.0,31.0,0.10254812240600586
104.0,18.0,18.0,0.09877133369445801
115.0,31.0,31.0,0.11115908622741699
21.0,9.0,9.0,0.0157163143157959
66.0,24.0,24.0,0.05931496620178223
49.0,17.0,17.0,0.060056447982788086
75.0,22.0,22.0,0.07243680953979492
23.0,12.0,12.0,0.019199609756469727
79.0,36.0,36.0,0.07202553749084473
125.0,51.0,51.0,0.10953521728515625
195.0,42.0,42.0,0.19701051712036133
46.0,17.0,17.0,0.0437164306640625
28.0,12.0,12.0,0.027953386306762695
114.0,32.0,32.0,0.1079111099243164
30.0,15.0,15.0,0.023003101348876953
61.0,14.0,14.0,0.05648231506347656
30.0,9.0,9.0,0.029783248901367188
21.0,8.0,8.0,0.022032976150512695
23.0,12.0,12.0,0.016618728637695312
96.0,28.0,28.0,0.07486796379089355
28.0,8.0,8.0,0.026568889617919922
32.0,14.0,14.0,0.024345874786376953
53.0,23.0,23.0,0.04237675666809082
73.0,25.0,25.0,0.06577730178833008
21.0,8.0,8.0,0.021212100982666016
53.0,12.0,12.0,0.06246376037597656
44.0,10.0,10.0,0.03534221649169922
25.0,11.0,11.0,0.01568293571472168
55.0,17.0,17.0,0.04488539695739746
25.0,11.0,11.0,0.01948857307434082
47.0,19.0,19.0,0.04259204864501953
34.0,14.0,14.0,0.04146456718444824
30.0,9.0,9.0,0.028569698333740234
58.0,17.0,17.0,0.05120563507080078
54.0,15.0,15.0,0.039579153060913086
49.0,9.0,9.0,0.03680419921875
64.0,16.0,16.0,0.049309492111206055
32.0,16.0,16.0,0.024421215057373047
110.0,20.0,20.0,0.08132529258728027
156.0,26.0,26.0,0.14763522148132324
33.0,6.0,6.0,0.028610706329345703
17.0,6.0,6.0,0.01325678825378418
36.0,13.0,13.0,0.034720420837402344
21.0,9.0,9.0,0.01821422576904297
26.0,12.0,12.0,0.02362060546875
59.0,26.0,26.0,0.04766225814819336
36.0,14.0,14.0,0.02293562889099121
37.0,14.0,14.0,0.023035049438476562
72.0,11.0,11.0,0.05271720886230469
39.0,6.0,6.0,0.02751779556274414
75.0,21.0,21.0,0.05736565589904785
93.0,31.0,31.0,0.06849241256713867
27.0,12.0,12.0,0.01714038848876953
26.0,14.0,14.0,0.02499699592590332
36.0,22.0,22.0,0.0300142765045166
67.0,17.0,17.0,0.05311942100524902
16.0,3.0,3.0,0.009072303771972656
27.0,10.0,10.0,0.021800994873046875
26.0,10.0,10.0,0.029415369033813477
75.0,15.0,15.0,0.05836963653564453
23.0,11.0,11.0,0.0211641788482666
139.0,36.0,36.0,0.12389016151428223
26.0,10.0,10.0,0.030354022979736328
57.0,12.0,12.0,0.057576656341552734
58.0,14.0,14.0,0.04497361183166504
21.0,10.0,10.0,0.020126819610595703
56.0,12.0,12.0,0.03724551200866699
67.0,31.0,31.0,0.05388307571411133
120.0,39.0,39.0,0.10627198219299316
55.0,34.0,34.0,0.04129600524902344
47.0,15.0,15.0,0.03752708435058594
81.0,16.0,16.0,0.06070971488952637
81.0,34.0,34.0,0.059186458587646484
47.0,12.0,12.0,0.04611539840698242
87.0,15.0,15.0,0.06639647483825684
42.0,20.0,20.0,0.04376530647277832
121.0,29.0,29.0,0.10173153877258301
73.0,23.0,23.0,0.05844902992248535
55.0,21.0,21.0,0.047566890716552734
16.0,3.0,3.0,0.014198780059814453
51.0,12.0,12.0,0.04151797294616699
80.0,23.0,23.0,0.06923556327819824
29.0,8.0,8.0,0.02710270881652832
63.0,24.0,24.0,0.05055403709411621
40.0,20.0,20.0,0.03586745262145996
33.0,9.0,9.0,0.034174203872680664
29.0,5.0,5.0,0.02801799774169922
98.0,40.0,40.0,0.08434486389160156
84.0,19.0,19.0,0.07390308380126953
33.0,9.0,9.0,0.0350644588470459
108.0,34.0,34.0,0.10292458534240723
71.0,19.0,19.0,0.06400132179260254
35.0,16.0,16.0,0.03806948661804199
82.0,33.0,33.0,0.06782746315002441
36.0,11.0,11.0,0.026372671127319336
74.0,23.0,23.0,0.05214118957519531
34.0,8.0,8.0,0.0288848876953125
46.0,13.0,13.0,0.04214930534362793
37.0,13.0,13.0,0.029481887817382812
25.0,12.0,12.0,0.021337270736694336
88.0,24.0,24.0,0.07262039184570312
35.0,13.0,13.0,0.029427766799926758
27.0,12.0,12.0,0.029171228408813477
22.0,10.0,10.0,0.02462315559387207
27.0,11.0,11.0,0.02462315559387207
49.0,11.0,11.0,0.04317069053649902
18.0,6.0,6.0,0.01438760757446289
24.0,13.0,13.0,0.020845413208007812
48.0,14.0,14.0,0.042516231536865234
21.0,8.0,8.0,0.018024682998657227
26.0,13.0,13.0,0.023884296417236328
59.0,20.0,20.0,0.04447531700134277
58.0,14.0,14.0,0.054023027420043945
22.0,11.0,11.0,0.024673938751220703
24.0,11.0,11.0,0.017201662063598633
34.0,14.0,14.0,0.027449607849121094
98.0,32.0,32.0,0.08576798439025879
20.0,8.0,8.0,0.016199350357055664
62.0,24.0,24.0,0.056915283203125
48.0,14.0,14.0,0.04507565498352051
117.0,34.0,34.0,0.09777283668518066
48.0,21.0,21.0,0.04300975799560547
96.0,25.0,25.0,0.0971684455871582
136.0,45.0,45.0,0.13850665092468262
34.0,20.0,20.0,0.030957698822021484
31.0,11.0,11.0,0.025086164474487305
26.0,12.0,12.0,0.02631402015686035
23.0,12.0,12.0,0.018793106079101562
36.0,11.0,11.0,0.035791873931884766
