Timesteps,Collisions,Steps Waited,Real-Time Elapsed
51.0,2.0,2.0,0.015104293823242188
57.0,3.0,3.0,0.012097358703613281
56.0,3.0,3.0,0.003534078598022461
95.0,7.0,7.0,0.03479909896850586
87.0,12.0,12.0,0.014548778533935547
14.0,3.0,3.0,0.0
82.0,12.0,12.0,0.02333664894104004
47.0,2.0,2.0,0.009544610977172852
56.0,8.0,8.0,0.004359006881713867
33.0,3.0,3.0,0.017766237258911133
14.0,2.0,2.0,0.0
34.0,5.0,5.0,0.014067411422729492
22.0,7.0,7.0,0.0
73.0,14.0,14.0,0.019189119338989258
13.0,1.0,1.0,0.008746147155761719
164.0,11.0,11.0,0.02016592025756836
15.0,3.0,3.0,0.0
50.0,12.0,12.0,0.007135629653930664
53.0,5.0,5.0,0.006535768508911133
34.0,0.0,0.0,0.014136075973510742
16.0,5.0,5.0,0.004926443099975586
27.0,10.0,10.0,0.0071408748626708984
101.0,12.0,12.0,0.021876096725463867
30.0,6.0,6.0,0.008533477783203125
31.0,5.0,5.0,0.009049654006958008
61.0,8.0,8.0,0.007284402847290039
138.0,9.0,9.0,0.031992197036743164
24.0,5.0,5.0,0.015917539596557617
25.0,5.0,5.0,0.01562952995300293
22.0,3.0,3.0,0.0
29.0,6.0,6.0,0.0
31.0,4.0,4.0,0.010893106460571289
96.0,13.0,13.0,0.01750349998474121
120.0,15.0,15.0,0.04571723937988281
97.0,8.0,8.0,0.028714656829833984
22.0,5.0,5.0,0.008423328399658203
176.0,19.0,19.0,0.04982304573059082
27.0,7.0,7.0,0.006368398666381836
25.0,9.0,9.0,0.005395412445068359
13.0,2.0,2.0,0.003992795944213867
25.0,5.0,5.0,0.007336616516113281
87.0,15.0,15.0,0.0204620361328125
14.0,2.0,2.0,0.006864786148071289
82.0,11.0,11.0,0.01691436767578125
22.0,6.0,6.0,0.007631063461303711
16.0,4.0,4.0,0.0048220157623291016
30.0,6.0,6.0,0.0037598609924316406
54.0,9.0,9.0,0.017151355743408203
17.0,3.0,3.0,0.0042819976806640625
73.0,11.0,11.0,0.018670082092285156
18.0,4.0,4.0,0.005473136901855469
19.0,4.0,4.0,0.00460505485534668
14.0,3.0,3.0,0.003098726272583008
84.0,11.0,11.0,0.019113540649414062
51.0,8.0,8.0,0.008907556533813477
39.0,6.0,6.0,0.007265567779541016
69.0,6.0,6.0,0.014691352844238281
54.0,13.0,13.0,0.007930517196655273
24.0,2.0,2.0,0.0052089691162109375
92.0,17.0,17.0,0.02010369300842285
107.0,9.0,9.0,0.027376890182495117
26.0,6.0,6.0,0.00789332389831543
18.0,6.0,6.0,0.004092216491699219
76.0,6.0,6.0,0.01779961585998535
25.0,3.0,3.0,0.006981372833251953
104.0,12.0,12.0,0.028527021408081055
15.0,4.0,4.0,0.0030395984649658203
118.0,14.0,14.0,0.03146243095397949
51.0,7.0,7.0,0.012168407440185547
17.0,5.0,5.0,0.0030155181884765625
19.0,6.0,6.0,0.0036063194274902344
26.0,4.0,4.0,0.006669521331787109
46.0,7.0,7.0,0.014521598815917969
38.0,1.0,1.0,0.008518218994140625
31.0,5.0,5.0,0.007759571075439453
107.0,17.0,17.0,0.026774883270263672
29.0,4.0,4.0,0.009510040283203125
12.0,0.0,0.0,0.004026174545288086
36.0,4.0,4.0,0.010003089904785156
72.0,11.0,11.0,0.015561342239379883
72.0,6.0,6.0,0.02230978012084961
19.0,5.0,5.0,0.004758596420288086
96.0,7.0,7.0,0.02560710906982422
45.0,8.0,8.0,0.012597084045410156
19.0,8.0,8.0,0.006323099136352539
15.0,3.0,3.0,0.0035583972930908203
36.0,4.0,4.0,0.0077056884765625
50.0,5.0,5.0,0.011052370071411133
62.0,9.0,9.0,0.012518882751464844
38.0,8.0,8.0,0.008625507354736328
20.0,6.0,6.0,0.004973173141479492
34.0,1.0,1.0,0.0076999664306640625
23.0,4.0,4.0,0.00488591194152832
13.0,2.0,2.0,0.0019941329956054688
14.0,2.0,2.0,0.0032072067260742188
19.0,0.0,0.0,0.004157304763793945
62.0,3.0,3.0,0.013037919998168945
160.0,14.0,14.0,0.03278803825378418
17.0,4.0,4.0,0.003999948501586914
15.0,2.0,2.0,0.003996849060058594
23.0,4.0,4.0,0.004998207092285156
16.0,5.0,5.0,0.003998279571533203
21.0,2.0,2.0,0.004007577896118164
48.0,6.0,6.0,0.010998725891113281
52.0,7.0,7.0,0.011510372161865234
12.0,0.0,0.0,0.0032837390899658203
36.0,3.0,3.0,0.011305093765258789
14.0,3.0,3.0,0.002998828887939453
22.0,7.0,7.0,0.004998445510864258
24.0,3.0,3.0,0.004997968673706055
31.0,5.0,5.0,0.007982254028320312
37.0,12.0,12.0,0.007999658584594727
39.0,2.0,2.0,0.008508682250976562
35.0,5.0,5.0,0.006993770599365234
69.0,14.0,14.0,0.013505697250366211
20.0,6.0,6.0,0.004006624221801758
156.0,16.0,16.0,0.03303122520446777
26.0,5.0,5.0,0.006999969482421875
13.0,1.0,1.0,0.003000020980834961
22.0,4.0,4.0,0.006585836410522461
48.0,6.0,6.0,0.010999679565429688
25.0,6.0,6.0,0.006999969482421875
49.0,8.0,8.0,0.010999679565429688
57.0,11.0,11.0,0.016967296600341797
55.0,10.0,10.0,0.01751995086669922
14.0,2.0,2.0,0.005345582962036133
36.0,7.0,7.0,0.011099100112915039
30.0,3.0,3.0,0.0062220096588134766
15.0,2.0,2.0,0.004001617431640625
17.0,2.0,2.0,0.004728555679321289
22.0,4.0,4.0,0.004581451416015625
12.0,1.0,1.0,0.0025115013122558594
26.0,5.0,5.0,0.0056078433990478516
30.0,2.0,2.0,0.00764775276184082
18.0,6.0,6.0,0.004191875457763672
18.0,4.0,4.0,0.003560781478881836
54.0,10.0,10.0,0.011501789093017578
80.0,7.0,7.0,0.01730632781982422
43.0,2.0,2.0,0.009517669677734375
34.0,8.0,8.0,0.007597446441650391
66.0,6.0,6.0,0.014447689056396484
58.0,13.0,13.0,0.014591455459594727
39.0,11.0,11.0,0.012127161026000977
74.0,7.0,7.0,0.01613903045654297
25.0,5.0,5.0,0.006111860275268555
56.0,6.0,6.0,0.01787114143371582
23.0,7.0,7.0,0.007107734680175781
43.0,10.0,10.0,0.011016130447387695
63.0,9.0,9.0,0.01630258560180664
28.0,4.0,4.0,0.006738901138305664
42.0,7.0,7.0,0.010999441146850586
35.0,4.0,4.0,0.008531808853149414
19.0,5.0,5.0,0.004995107650756836
23.0,3.0,3.0,0.0050013065338134766
129.0,23.0,23.0,0.03433656692504883
41.0,10.0,10.0,0.009552955627441406
57.0,10.0,10.0,0.016631126403808594
28.0,4.0,4.0,0.006272792816162109
20.0,2.0,2.0,0.004513263702392578
54.0,6.0,6.0,0.01545095443725586
24.0,11.0,11.0,0.005811214447021484
306.0,18.0,18.0,0.07876229286193848
25.0,6.0,6.0,0.006784200668334961
21.0,10.0,10.0,0.0048334598541259766
36.0,6.0,6.0,0.00954294204711914
26.0,2.0,2.0,0.006740570068359375
32.0,7.0,7.0,0.008546590805053711
36.0,4.0,4.0,0.008638143539428711
46.0,5.0,5.0,0.00999140739440918
21.0,3.0,3.0,0.005234479904174805
31.0,5.0,5.0,0.008997917175292969
21.0,7.0,7.0,0.005400657653808594
33.0,10.0,10.0,0.008996963500976562
28.0,11.0,11.0,0.0059964656829833984
59.0,5.0,5.0,0.013362646102905273
16.0,3.0,3.0,0.004999876022338867
21.0,9.0,9.0,0.0059850215911865234
20.0,6.0,6.0,0.005210161209106445
56.0,8.0,8.0,0.01750922203063965
11.0,0.0,0.0,0.003162384033203125
29.0,1.0,1.0,0.00612187385559082
43.0,4.0,4.0,0.009690046310424805
34.0,8.0,8.0,0.008314371109008789
28.0,3.0,3.0,0.005995750427246094
19.0,8.0,8.0,0.005455732345581055
19.0,6.0,6.0,0.004356861114501953
44.0,7.0,7.0,0.008858442306518555
29.0,7.0,7.0,0.0060040950775146484
29.0,5.0,5.0,0.0065577030181884766
16.0,3.0,3.0,0.0042111873626708984
18.0,3.0,3.0,0.005529165267944336
69.0,12.0,12.0,0.01776719093322754
36.0,3.0,3.0,0.007997512817382812
145.0,17.0,17.0,0.032611846923828125
73.0,12.0,12.0,0.01624751091003418
28.0,4.0,4.0,0.006213665008544922
25.0,12.0,12.0,0.0056667327880859375
75.0,12.0,12.0,0.019385099411010742
48.0,7.0,7.0,0.010054826736450195
23.0,2.0,2.0,0.005995035171508789
55.0,4.0,4.0,0.011998414993286133
33.0,11.0,11.0,0.007000923156738281
63.0,8.0,8.0,0.016035795211791992
21.0,9.0,9.0,0.004594564437866211
26.0,3.0,3.0,0.00599980354309082
77.0,10.0,10.0,0.016160249710083008
29.0,9.0,9.0,0.006506681442260742
51.0,7.0,7.0,0.01304006576538086
31.0,12.0,12.0,0.007275104522705078
15.0,4.0,4.0,0.003684520721435547
35.0,5.0,5.0,0.007753133773803711
22.0,1.0,1.0,0.0054209232330322266
19.0,7.0,7.0,0.004630327224731445
99.0,6.0,6.0,0.023337602615356445
17.0,1.0,1.0,0.00443267822265625
35.0,1.0,1.0,0.0085906982421875
17.0,3.0,3.0,0.0037658214569091797
48.0,14.0,14.0,0.01193690299987793
71.0,14.0,14.0,0.016534805297851562
111.0,5.0,5.0,0.026551485061645508
44.0,10.0,10.0,0.009229421615600586
17.0,2.0,2.0,0.0034093856811523438
52.0,3.0,3.0,0.01229405403137207
61.0,14.0,14.0,0.012542724609375
63.0,7.0,7.0,0.012818336486816406
26.0,9.0,9.0,0.005646467208862305
15.0,3.0,3.0,0.0030646324157714844
42.0,3.0,3.0,0.008588075637817383
15.0,2.0,2.0,0.003029346466064453
61.0,8.0,8.0,0.013509273529052734
18.0,6.0,6.0,0.004380226135253906
34.0,5.0,5.0,0.0075817108154296875
115.0,11.0,11.0,0.024095773696899414
38.0,17.0,17.0,0.008981704711914062
108.0,13.0,13.0,0.024437427520751953
49.0,5.0,5.0,0.011688709259033203
16.0,2.0,2.0,0.003367900848388672
27.0,6.0,6.0,0.005582094192504883
62.0,5.0,5.0,0.013582706451416016
28.0,6.0,6.0,0.006124258041381836
24.0,5.0,5.0,0.005617856979370117
26.0,3.0,3.0,0.005927562713623047
40.0,5.0,5.0,0.008195877075195312
110.0,10.0,10.0,0.02446913719177246
21.0,7.0,7.0,0.004514455795288086
43.0,4.0,4.0,0.00952458381652832
73.0,4.0,4.0,0.01602792739868164
80.0,15.0,15.0,0.01847982406616211
97.0,16.0,16.0,0.029108762741088867
52.0,5.0,5.0,0.010549545288085938
29.0,11.0,11.0,0.006716012954711914
67.0,14.0,14.0,0.015754222869873047
21.0,1.0,1.0,0.004805088043212891
54.0,5.0,5.0,0.013350486755371094
29.0,5.0,5.0,0.006543397903442383
17.0,2.0,2.0,0.003958463668823242
16.0,3.0,3.0,0.00420832633972168
149.0,20.0,20.0,0.035010576248168945
88.0,7.0,7.0,0.02185535430908203
13.0,1.0,1.0,0.0034046173095703125
61.0,4.0,4.0,0.016947269439697266
46.0,5.0,5.0,0.010531902313232422
19.0,1.0,1.0,0.0041348934173583984
57.0,8.0,8.0,0.012017965316772461
33.0,3.0,3.0,0.00800013542175293
25.0,3.0,3.0,0.005517721176147461
15.0,0.0,0.0,0.0030090808868408203
12.0,1.0,1.0,0.002511739730834961
15.0,3.0,3.0,0.0029990673065185547
18.0,4.0,4.0,0.004004240036010742
111.0,8.0,8.0,0.023694992065429688
12.0,1.0,1.0,0.0034377574920654297
20.0,3.0,3.0,0.006008625030517578
35.0,3.0,3.0,0.008521556854248047
60.0,11.0,11.0,0.01899552345275879
67.0,10.0,10.0,0.016518115997314453
17.0,4.0,4.0,0.0030775070190429688
38.0,9.0,9.0,0.00857400894165039
38.0,11.0,11.0,0.007894277572631836
48.0,13.0,13.0,0.011993408203125
30.0,2.0,2.0,0.005997419357299805
33.0,7.0,7.0,0.0069980621337890625
35.0,10.0,10.0,0.007512331008911133
74.0,12.0,12.0,0.017743349075317383
55.0,5.0,5.0,0.011511802673339844
35.0,4.0,4.0,0.007028818130493164
25.0,6.0,6.0,0.005998373031616211
19.0,6.0,6.0,0.004273891448974609
70.0,4.0,4.0,0.015166759490966797
15.0,4.0,4.0,0.003572225570678711
40.0,11.0,11.0,0.009199142456054688
100.0,18.0,18.0,0.02457284927368164
33.0,11.0,11.0,0.007001638412475586
42.0,9.0,9.0,0.009000301361083984
24.0,8.0,8.0,0.0050923824310302734
32.0,4.0,4.0,0.006041526794433594
22.0,3.0,3.0,0.004558563232421875
28.0,4.0,4.0,0.005671024322509766
43.0,11.0,11.0,0.011405229568481445
39.0,2.0,2.0,0.01242685317993164
57.0,13.0,13.0,0.015001773834228516
18.0,2.0,2.0,0.004296064376831055
19.0,3.0,3.0,0.004701852798461914
51.0,14.0,14.0,0.013726234436035156
28.0,15.0,15.0,0.007100343704223633
49.0,7.0,7.0,0.011991024017333984
28.0,6.0,6.0,0.006201744079589844
41.0,10.0,10.0,0.00853276252746582
22.0,2.0,2.0,0.0046901702880859375
59.0,8.0,8.0,0.013330221176147461
71.0,7.0,7.0,0.01547098159790039
35.0,7.0,7.0,0.007709980010986328
22.0,6.0,6.0,0.00557708740234375
83.0,7.0,7.0,0.019755125045776367
56.0,20.0,20.0,0.012628316879272461
39.0,6.0,6.0,0.0080413818359375
25.0,4.0,4.0,0.008369207382202148
15.0,4.0,4.0,0.0031290054321289062
70.0,9.0,9.0,0.016988039016723633
13.0,2.0,2.0,0.004252433776855469
25.0,8.0,8.0,0.0060176849365234375
80.0,7.0,7.0,0.017678499221801758
209.0,16.0,16.0,0.0512690544128418
27.0,4.0,4.0,0.00722956657409668
29.0,7.0,7.0,0.007620096206665039
40.0,5.0,5.0,0.009970664978027344
75.0,7.0,7.0,0.0173189640045166
17.0,4.0,4.0,0.004099607467651367
31.0,5.0,5.0,0.005731105804443359
14.0,2.0,2.0,0.003134012222290039
35.0,11.0,11.0,0.010286092758178711
25.0,7.0,7.0,0.005405902862548828
39.0,11.0,11.0,0.008481264114379883
34.0,3.0,3.0,0.0070035457611083984
64.0,5.0,5.0,0.016555070877075195
15.0,1.0,1.0,0.003696441650390625
73.0,5.0,5.0,0.016058921813964844
21.0,5.0,5.0,0.004518985748291016
55.0,12.0,12.0,0.01102447509765625
56.0,10.0,10.0,0.013124704360961914
21.0,3.0,3.0,0.004840373992919922
43.0,6.0,6.0,0.00859689712524414
48.0,4.0,4.0,0.013000965118408203
53.0,9.0,9.0,0.012975931167602539
44.0,14.0,14.0,0.010540485382080078
40.0,7.0,7.0,0.010003328323364258
16.0,4.0,4.0,0.003000497817993164
60.0,7.0,7.0,0.016511201858520508
24.0,2.0,2.0,0.006003379821777344
18.0,7.0,7.0,0.003993988037109375
18.0,3.0,3.0,0.006520271301269531
28.0,3.0,3.0,0.00899815559387207
13.0,1.0,1.0,0.003999471664428711
20.0,5.0,5.0,0.004995107650756836
17.0,3.0,3.0,0.004519224166870117
16.0,2.0,2.0,0.007508039474487305
15.0,3.0,3.0,0.004994630813598633
18.0,6.0,6.0,0.005999326705932617
18.0,2.0,2.0,0.0045146942138671875
41.0,8.0,8.0,0.010994434356689453
26.0,4.0,4.0,0.005997180938720703
36.0,6.0,6.0,0.011516332626342773
94.0,12.0,12.0,0.02019357681274414
87.0,8.0,8.0,0.022070884704589844
26.0,7.0,7.0,0.006440401077270508
16.0,1.0,1.0,0.007906198501586914
14.0,2.0,2.0,0.0046520233154296875
41.0,7.0,7.0,0.017919301986694336
23.0,4.0,4.0,0.007338047027587891
77.0,12.0,12.0,0.020739078521728516
16.0,3.0,3.0,0.006339311599731445
19.0,4.0,4.0,0.004996061325073242
18.0,1.0,1.0,0.004518747329711914
28.0,4.0,4.0,0.007164955139160156
67.0,7.0,7.0,0.01739668846130371
28.0,7.0,7.0,0.006627321243286133
37.0,8.0,8.0,0.009348630905151367
15.0,3.0,3.0,0.003357410430908203
180.0,19.0,19.0,0.04242253303527832
15.0,3.0,3.0,0.003080129623413086
35.0,10.0,10.0,0.007120370864868164
25.0,6.0,6.0,0.005739927291870117
31.0,5.0,5.0,0.007710695266723633
25.0,6.0,6.0,0.005674600601196289
52.0,4.0,4.0,0.011425971984863281
33.0,4.0,4.0,0.007158041000366211
38.0,5.0,5.0,0.007645368576049805
28.0,5.0,5.0,0.006525516510009766
67.0,7.0,7.0,0.014506816864013672
20.0,2.0,2.0,0.006024360656738281
90.0,11.0,11.0,0.025720596313476562
97.0,4.0,4.0,0.02198195457458496
24.0,5.0,5.0,0.005882740020751953
30.0,5.0,5.0,0.0070705413818359375
52.0,6.0,6.0,0.016677141189575195
30.0,6.0,6.0,0.020296573638916016
43.0,4.0,4.0,0.01189279556274414
45.0,3.0,3.0,0.01012420654296875
99.0,10.0,10.0,0.02778911590576172
23.0,3.0,3.0,0.00597071647644043
55.0,8.0,8.0,0.013799190521240234
39.0,6.0,6.0,0.013910531997680664
38.0,5.0,5.0,0.008973836898803711
29.0,3.0,3.0,0.008904695510864258
35.0,6.0,6.0,0.009783029556274414
20.0,4.0,4.0,0.0042188167572021484
48.0,6.0,6.0,0.011940240859985352
21.0,3.0,3.0,0.0053386688232421875
13.0,2.0,2.0,0.0029993057250976562
44.0,12.0,12.0,0.010674238204956055
29.0,9.0,9.0,0.00763249397277832
29.0,4.0,4.0,0.006279706954956055
59.0,7.0,7.0,0.01199793815612793
48.0,6.0,6.0,0.015598058700561523
42.0,9.0,9.0,0.011013507843017578
17.0,1.0,1.0,0.003997802734375
47.0,7.0,7.0,0.015517950057983398
26.0,2.0,2.0,0.00824594497680664
27.0,4.0,4.0,0.007515668869018555
34.0,10.0,10.0,0.012946605682373047
40.0,8.0,8.0,0.010011911392211914
53.0,14.0,14.0,0.01400303840637207
22.0,3.0,3.0,0.006221294403076172
22.0,9.0,9.0,0.005830526351928711
28.0,10.0,10.0,0.008176088333129883
68.0,4.0,4.0,0.016194581985473633
39.0,6.0,6.0,0.012042045593261719
17.0,1.0,1.0,0.004598140716552734
109.0,10.0,10.0,0.025285959243774414
55.0,10.0,10.0,0.012416362762451172
15.0,1.0,1.0,0.0036711692810058594
22.0,4.0,4.0,0.004403352737426758
70.0,6.0,6.0,0.015514135360717773
20.0,3.0,3.0,0.006144046783447266
36.0,6.0,6.0,0.008468866348266602
54.0,7.0,7.0,0.013454914093017578
52.0,15.0,15.0,0.010386228561401367
51.0,7.0,7.0,0.011308908462524414
66.0,4.0,4.0,0.01632380485534668
47.0,6.0,6.0,0.010691165924072266
52.0,9.0,9.0,0.010526418685913086
121.0,14.0,14.0,0.028052568435668945
17.0,4.0,4.0,0.004847049713134766
25.0,10.0,10.0,0.005700826644897461
126.0,17.0,17.0,0.03710651397705078
55.0,20.0,20.0,0.017432451248168945
17.0,5.0,5.0,0.010270118713378906
27.0,4.0,4.0,0.010216712951660156
26.0,3.0,3.0,0.008169174194335938
22.0,5.0,5.0,0.004998683929443359
24.0,6.0,6.0,0.00551152229309082
49.0,6.0,6.0,0.010997772216796875
43.0,4.0,4.0,0.01115560531616211
22.0,2.0,2.0,0.005663633346557617
46.0,4.0,4.0,0.012998819351196289
42.0,4.0,4.0,0.014752388000488281
15.0,4.0,4.0,0.004998922348022461
116.0,13.0,13.0,0.03012871742248535
29.0,5.0,5.0,0.0058057308197021484
35.0,7.0,7.0,0.007959365844726562
27.0,8.0,8.0,0.00623321533203125
26.0,3.0,3.0,0.005087137222290039
64.0,7.0,7.0,0.014620780944824219
22.0,5.0,5.0,0.006520748138427734
31.0,3.0,3.0,0.011477947235107422
43.0,7.0,7.0,0.01414942741394043
29.0,4.0,4.0,0.009257316589355469
27.0,4.0,4.0,0.00600743293762207
64.0,10.0,10.0,0.01699233055114746
147.0,15.0,15.0,0.04066729545593262
49.0,2.0,2.0,0.016028404235839844
44.0,5.0,5.0,0.010929346084594727
124.0,9.0,9.0,0.032199859619140625
24.0,8.0,8.0,0.00800943374633789
43.0,1.0,1.0,0.010742664337158203
19.0,2.0,2.0,0.004070758819580078
26.0,4.0,4.0,0.006489992141723633
45.0,8.0,8.0,0.008587837219238281
16.0,5.0,5.0,0.004203081130981445
93.0,10.0,10.0,0.01951885223388672
22.0,2.0,2.0,0.0039997100830078125
55.0,10.0,10.0,0.011791229248046875
17.0,6.0,6.0,0.0041773319244384766
26.0,5.0,5.0,0.006266593933105469
21.0,5.0,5.0,0.008010387420654297
40.0,16.0,16.0,0.010999202728271484
15.0,3.0,3.0,0.003000497817993164
23.0,6.0,6.0,0.004503726959228516
61.0,14.0,14.0,0.01200246810913086
52.0,8.0,8.0,0.01100015640258789
81.0,11.0,11.0,0.017998218536376953
18.0,0.0,0.0,0.005468845367431641
13.0,1.0,1.0,0.004089832305908203
67.0,4.0,4.0,0.019813060760498047
32.0,5.0,5.0,0.011781454086303711
70.0,6.0,6.0,0.017369508743286133
107.0,12.0,12.0,0.024153709411621094
53.0,2.0,2.0,0.011252880096435547
26.0,9.0,9.0,0.005516529083251953
34.0,5.0,5.0,0.007371187210083008
34.0,4.0,4.0,0.00702214241027832
77.0,10.0,10.0,0.020462512969970703
78.0,20.0,20.0,0.02332758903503418
37.0,9.0,9.0,0.008277416229248047
16.0,2.0,2.0,0.004038095474243164
23.0,8.0,8.0,0.005318403244018555
33.0,10.0,10.0,0.0070972442626953125
61.0,6.0,6.0,0.014458179473876953
39.0,4.0,4.0,0.015371322631835938
25.0,5.0,5.0,0.006293535232543945
32.0,4.0,4.0,0.010801553726196289
24.0,3.0,3.0,0.006592512130737305
18.0,4.0,4.0,0.005234479904174805
37.0,7.0,7.0,0.008863210678100586
26.0,3.0,3.0,0.005999565124511719
27.0,4.0,4.0,0.007516145706176758
42.0,4.0,4.0,0.012517690658569336
105.0,11.0,11.0,0.02696371078491211
38.0,8.0,8.0,0.009000062942504883
13.0,2.0,2.0,0.003158092498779297
35.0,7.0,7.0,0.007999420166015625
49.0,5.0,5.0,0.01125478744506836
47.0,8.0,8.0,0.011007547378540039
15.0,3.0,3.0,0.003621339797973633
58.0,12.0,12.0,0.013119935989379883
34.0,4.0,4.0,0.00787973403930664
79.0,4.0,4.0,0.016991615295410156
90.0,8.0,8.0,0.018556594848632812
55.0,8.0,8.0,0.018553972244262695
100.0,9.0,9.0,0.02794051170349121
77.0,10.0,10.0,0.02629232406616211
63.0,8.0,8.0,0.018673419952392578
18.0,6.0,6.0,0.005711793899536133
29.0,6.0,6.0,0.007142782211303711
14.0,2.0,2.0,0.003101825714111328
69.0,7.0,7.0,0.024937868118286133
19.0,3.0,3.0,0.008453845977783203
87.0,9.0,9.0,0.0333704948425293
44.0,11.0,11.0,0.012379646301269531
60.0,3.0,3.0,0.017557859420776367
96.0,15.0,15.0,0.030250072479248047
18.0,3.0,3.0,0.0045986175537109375
22.0,1.0,1.0,0.005846500396728516
70.0,7.0,7.0,0.015450477600097656
46.0,9.0,9.0,0.010469198226928711
23.0,3.0,3.0,0.004348039627075195
38.0,5.0,5.0,0.007575511932373047
22.0,3.0,3.0,0.005001544952392578
19.0,3.0,3.0,0.0046918392181396484
26.0,6.0,6.0,0.006506443023681641
21.0,7.0,7.0,0.004517078399658203
62.0,11.0,11.0,0.013002157211303711
49.0,9.0,9.0,0.010999441146850586
19.0,6.0,6.0,0.00400090217590332
15.0,3.0,3.0,0.004000186920166016
24.0,9.0,9.0,0.0070018768310546875
29.0,10.0,10.0,0.006003618240356445
19.0,5.0,5.0,0.003999471664428711
55.0,10.0,10.0,0.013999462127685547
34.0,6.0,6.0,0.00951528549194336
17.0,3.0,3.0,0.0035028457641601562
25.0,5.0,5.0,0.0059967041015625
17.0,5.0,5.0,0.004995107650756836
58.0,15.0,15.0,0.014854907989501953
39.0,6.0,6.0,0.011609792709350586
43.0,7.0,7.0,0.01266026496887207
17.0,4.0,4.0,0.00490117073059082
17.0,2.0,2.0,0.005291938781738281
52.0,6.0,6.0,0.014876842498779297
113.0,13.0,13.0,0.04216742515563965
128.0,10.0,10.0,0.02886819839477539
23.0,7.0,7.0,0.005803108215332031
15.0,3.0,3.0,0.004287242889404297
60.0,9.0,9.0,0.012845754623413086
31.0,5.0,5.0,0.0063517093658447266
49.0,4.0,4.0,0.010810136795043945
26.0,4.0,4.0,0.006639957427978516
51.0,6.0,6.0,0.011999845504760742
72.0,12.0,12.0,0.018034934997558594
78.0,9.0,9.0,0.023622989654541016
21.0,1.0,1.0,0.006370067596435547
36.0,0.0,0.0,0.008918523788452148
58.0,11.0,11.0,0.01354527473449707
81.0,9.0,9.0,0.01796579360961914
44.0,4.0,4.0,0.010334253311157227
98.0,8.0,8.0,0.022756338119506836
35.0,4.0,4.0,0.007623434066772461
55.0,5.0,5.0,0.015934228897094727
93.0,13.0,13.0,0.026667118072509766
27.0,8.0,8.0,0.0059986114501953125
16.0,2.0,2.0,0.00366973876953125
71.0,6.0,6.0,0.014575958251953125
67.0,11.0,11.0,0.014415740966796875
33.0,3.0,3.0,0.006714344024658203
41.0,7.0,7.0,0.008491277694702148
64.0,9.0,9.0,0.013311624526977539
22.0,1.0,1.0,0.005995035171508789
20.0,1.0,1.0,0.004998445510864258
19.0,6.0,6.0,0.004181861877441406
53.0,4.0,4.0,0.01175832748413086
17.0,3.0,3.0,0.003997325897216797
20.0,1.0,1.0,0.0036439895629882812
43.0,4.0,4.0,0.013446569442749023
13.0,2.0,2.0,0.004044771194458008
13.0,2.0,2.0,0.004119396209716797
58.0,11.0,11.0,0.02758193016052246
30.0,8.0,8.0,0.008518695831298828
35.0,5.0,5.0,0.008948802947998047
26.0,4.0,4.0,0.006340980529785156
56.0,6.0,6.0,0.018204450607299805
18.0,2.0,2.0,0.0060002803802490234
15.0,4.0,4.0,0.004998683929443359
32.0,8.0,8.0,0.011517763137817383
59.0,7.0,7.0,0.01478266716003418
24.0,6.0,6.0,0.004513740539550781
100.0,23.0,23.0,0.026085615158081055
16.0,4.0,4.0,0.0043087005615234375
44.0,4.0,4.0,0.014696359634399414
18.0,5.0,5.0,0.004538536071777344
52.0,15.0,15.0,0.012067794799804688
80.0,9.0,9.0,0.019298076629638672
40.0,6.0,6.0,0.008348703384399414
14.0,1.0,1.0,0.0027070045471191406
118.0,19.0,19.0,0.06958770751953125
20.0,1.0,1.0,0.0039975643157958984
28.0,2.0,2.0,0.0060002803802490234
50.0,10.0,10.0,0.013013601303100586
32.0,5.0,5.0,0.008998632431030273
15.0,3.0,3.0,0.004999876022338867
36.0,11.0,11.0,0.009000062942504883
15.0,4.0,4.0,0.00400090217590332
109.0,12.0,12.0,0.02436089515686035
23.0,3.0,3.0,0.004603862762451172
15.0,3.0,3.0,0.0036280155181884766
17.0,4.0,4.0,0.004421710968017578
33.0,11.0,11.0,0.008228778839111328
22.0,4.0,4.0,0.0057926177978515625
91.0,4.0,4.0,0.020223140716552734
12.0,0.0,0.0,0.003001689910888672
22.0,5.0,5.0,0.005008220672607422
92.0,10.0,10.0,0.02099752426147461
35.0,1.0,1.0,0.008512258529663086
25.0,4.0,4.0,0.005232810974121094
33.0,10.0,10.0,0.010032892227172852
70.0,9.0,9.0,0.015998363494873047
47.0,5.0,5.0,0.00999760627746582
45.0,7.0,7.0,0.009513139724731445
17.0,6.0,6.0,0.002997875213623047
23.0,3.0,3.0,0.00500035285949707
83.0,5.0,5.0,0.017513513565063477
55.0,10.0,10.0,0.011512517929077148
14.0,3.0,3.0,0.002998828887939453
33.0,5.0,5.0,0.0075109004974365234
62.0,7.0,7.0,0.017057180404663086
60.0,3.0,3.0,0.020108699798583984
31.0,4.0,4.0,0.007372140884399414
39.0,8.0,8.0,0.008466005325317383
70.0,5.0,5.0,0.015508890151977539
78.0,9.0,9.0,0.01579117774963379
53.0,5.0,5.0,0.011028528213500977
43.0,8.0,8.0,0.010001182556152344
32.0,4.0,4.0,0.006716489791870117
38.0,6.0,6.0,0.008513689041137695
175.0,21.0,21.0,0.03698110580444336
24.0,4.0,4.0,0.004520416259765625
35.0,9.0,9.0,0.009546279907226562
11.0,0.0,0.0,0.00299835205078125
29.0,6.0,6.0,0.005997896194458008
34.0,7.0,7.0,0.006998777389526367
33.0,10.0,10.0,0.0074923038482666016
13.0,2.0,2.0,0.002998828887939453
41.0,3.0,3.0,0.008997917175292969
70.0,8.0,8.0,0.014785289764404297
31.0,3.0,3.0,0.00864863395690918
16.0,2.0,2.0,0.0029268264770507812
20.0,4.0,4.0,0.00550389289855957
69.0,4.0,4.0,0.014720678329467773
44.0,6.0,6.0,0.008510828018188477
40.0,5.0,5.0,0.011008262634277344
40.0,10.0,10.0,0.008092641830444336
53.0,3.0,3.0,0.011000871658325195
40.0,9.0,9.0,0.008999824523925781
115.0,8.0,8.0,0.030229568481445312
41.0,4.0,4.0,0.010995149612426758
26.0,4.0,4.0,0.00529026985168457
29.0,4.0,4.0,0.006179332733154297
72.0,14.0,14.0,0.01451253890991211
13.0,1.0,1.0,0.0019986629486083984
77.0,9.0,9.0,0.014995098114013672
89.0,13.0,13.0,0.017999887466430664
32.0,2.0,2.0,0.00599980354309082
27.0,4.0,4.0,0.005000114440917969
32.0,4.0,4.0,0.006510257720947266
44.0,1.0,1.0,0.013004302978515625
25.0,2.0,2.0,0.00800013542175293
14.0,0.0,0.0,0.0029997825622558594
60.0,10.0,10.0,0.013000011444091797
49.0,9.0,9.0,0.009999990463256836
15.0,1.0,1.0,0.002999544143676758
28.0,7.0,7.0,0.00599980354309082
74.0,8.0,8.0,0.016000032424926758
28.0,5.0,5.0,0.007999658584594727
54.0,6.0,6.0,0.013269186019897461
19.0,3.0,3.0,0.005693197250366211
28.0,4.0,4.0,0.0055239200592041016
22.0,3.0,3.0,0.0054624080657958984
49.0,7.0,7.0,0.010174751281738281
68.0,13.0,13.0,0.013998031616210938
28.0,4.0,4.0,0.006093740463256836
16.0,4.0,4.0,0.003031015396118164
22.0,7.0,7.0,0.005999088287353516
21.0,10.0,10.0,0.004998683929443359
16.0,2.0,2.0,0.003000974655151367
30.0,7.0,7.0,0.006519317626953125
19.0,4.0,4.0,0.003993034362792969
18.0,8.0,8.0,0.0035097599029541016
15.0,4.0,4.0,0.00452423095703125
44.0,8.0,8.0,0.009171485900878906
22.0,6.0,6.0,0.0045201778411865234
16.0,1.0,1.0,0.003518342971801758
40.0,6.0,6.0,0.009377002716064453
46.0,3.0,3.0,0.009693622589111328
40.0,8.0,8.0,0.008508682250976562
46.0,2.0,2.0,0.01000070571899414
32.0,4.0,4.0,0.010033130645751953
81.0,9.0,9.0,0.018586397171020508
14.0,0.0,0.0,0.0029997825622558594
112.0,13.0,13.0,0.026999711990356445
22.0,6.0,6.0,0.005000114440917969
50.0,7.0,7.0,0.016000032424926758
37.0,4.0,4.0,0.00867319107055664
13.0,2.0,2.0,0.002508878707885742
18.0,3.0,3.0,0.004008293151855469
57.0,6.0,6.0,0.012375116348266602
56.0,2.0,2.0,0.01448678970336914
84.0,6.0,6.0,0.02216172218322754
32.0,3.0,3.0,0.006556034088134766
49.0,2.0,2.0,0.015519142150878906
108.0,10.0,10.0,0.04151773452758789
21.0,7.0,7.0,0.0069963932037353516
17.0,1.0,1.0,0.004000186920166016
13.0,1.0,1.0,0.0030002593994140625
70.0,5.0,5.0,0.01651287078857422
41.0,5.0,5.0,0.00999903678894043
27.0,3.0,3.0,0.006998300552368164
19.0,2.0,2.0,0.004997968673706055
47.0,13.0,13.0,0.013941049575805664
22.0,0.0,0.0,0.005316495895385742
13.0,3.0,3.0,0.0031976699829101562
40.0,7.0,7.0,0.008924484252929688
15.0,1.0,1.0,0.00333404541015625
18.0,3.0,3.0,0.0041692256927490234
22.0,8.0,8.0,0.005959272384643555
49.0,5.0,5.0,0.016381502151489258
38.0,6.0,6.0,0.012010812759399414
97.0,7.0,7.0,0.028952836990356445
26.0,7.0,7.0,0.0070416927337646484
35.0,5.0,5.0,0.00954437255859375
47.0,11.0,11.0,0.01045083999633789
26.0,5.0,5.0,0.0054166316986083984
36.0,7.0,7.0,0.007900238037109375
24.0,4.0,4.0,0.004752159118652344
115.0,17.0,17.0,0.028547286987304688
19.0,4.0,4.0,0.004516124725341797
58.0,11.0,11.0,0.016299962997436523
51.0,10.0,10.0,0.013992786407470703
32.0,7.0,7.0,0.01057887077331543
70.0,11.0,11.0,0.02197861671447754
35.0,0.0,0.0,0.007284402847290039
25.0,8.0,8.0,0.0053920745849609375
40.0,4.0,4.0,0.008143424987792969
19.0,2.0,2.0,0.003564119338989258
11.0,0.0,0.0,0.0018548965454101562
32.0,6.0,6.0,0.006735563278198242
14.0,2.0,2.0,0.003051280975341797
48.0,13.0,13.0,0.009885072708129883
24.0,3.0,3.0,0.0050830841064453125
28.0,3.0,3.0,0.005780458450317383
20.0,3.0,3.0,0.005265474319458008
75.0,12.0,12.0,0.020768404006958008
45.0,22.0,22.0,0.011002779006958008
30.0,6.0,6.0,0.010675907135009766
80.0,13.0,13.0,0.016983509063720703
131.0,11.0,11.0,0.03178906440734863
15.0,3.0,3.0,0.0045206546783447266
26.0,4.0,4.0,0.006863594055175781
15.0,4.0,4.0,0.004518985748291016
21.0,7.0,7.0,0.005541086196899414
42.0,10.0,10.0,0.00934290885925293
19.0,4.0,4.0,0.00429224967956543
51.0,11.0,11.0,0.015121698379516602
73.0,5.0,5.0,0.018126249313354492
23.0,12.0,12.0,0.005513191223144531
37.0,9.0,9.0,0.011482477188110352
21.0,6.0,6.0,0.007465362548828125
59.0,5.0,5.0,0.016367673873901367
15.0,4.0,4.0,0.004521846771240234
48.0,7.0,7.0,0.011909246444702148
56.0,9.0,9.0,0.013340473175048828
76.0,5.0,5.0,0.0169980525970459
108.0,5.0,5.0,0.026517629623413086
12.0,1.0,1.0,0.004211902618408203
21.0,2.0,2.0,0.006075620651245117
38.0,10.0,10.0,0.009017705917358398
39.0,7.0,7.0,0.014735698699951172
109.0,15.0,15.0,0.03604292869567871
19.0,1.0,1.0,0.005082607269287109
55.0,8.0,8.0,0.01251983642578125
32.0,7.0,7.0,0.0069615840911865234
149.0,11.0,11.0,0.03259873390197754
113.0,12.0,12.0,0.02556633949279785
35.0,6.0,6.0,0.010418891906738281
18.0,4.0,4.0,0.004691362380981445
18.0,7.0,7.0,0.007067680358886719
27.0,8.0,8.0,0.010071992874145508
15.0,3.0,3.0,0.0048182010650634766
54.0,9.0,9.0,0.01353144645690918
14.0,2.0,2.0,0.0030608177185058594
83.0,9.0,9.0,0.018970012664794922
23.0,5.0,5.0,0.0046520233154296875
25.0,5.0,5.0,0.007895708084106445
16.0,3.0,3.0,0.0036802291870117188
46.0,4.0,4.0,0.0121917724609375
23.0,3.0,3.0,0.005464315414428711
116.0,16.0,16.0,0.029441356658935547
41.0,6.0,6.0,0.011046409606933594
14.0,3.0,3.0,0.004685163497924805
19.0,7.0,7.0,0.008034467697143555
45.0,9.0,9.0,0.010113716125488281
16.0,4.0,4.0,0.0070116519927978516
27.0,2.0,2.0,0.008754730224609375
15.0,3.0,3.0,0.005021810531616211
44.0,4.0,4.0,0.013085126876831055
69.0,5.0,5.0,0.01799321174621582
39.0,12.0,12.0,0.010564804077148438
17.0,4.0,4.0,0.002999544143676758
44.0,9.0,9.0,0.013442039489746094
25.0,2.0,2.0,0.008692502975463867
21.0,4.0,4.0,0.007391214370727539
71.0,11.0,11.0,0.021541833877563477
21.0,9.0,9.0,0.005396842956542969
23.0,4.0,4.0,0.004750728607177734
67.0,15.0,15.0,0.014044761657714844
51.0,14.0,14.0,0.01095128059387207
97.0,12.0,12.0,0.02122044563293457
50.0,10.0,10.0,0.011208534240722656
81.0,5.0,5.0,0.018627643585205078
86.0,10.0,10.0,0.024172544479370117
43.0,10.0,10.0,0.014598846435546875
16.0,5.0,5.0,0.005582571029663086
28.0,7.0,7.0,0.008757352828979492
44.0,13.0,13.0,0.01164865493774414
43.0,5.0,5.0,0.010065317153930664
23.0,3.0,3.0,0.004951953887939453
31.0,8.0,8.0,0.006401777267456055
16.0,3.0,3.0,0.003144502639770508
18.0,3.0,3.0,0.004765510559082031
34.0,5.0,5.0,0.009824037551879883
41.0,4.0,4.0,0.011110305786132812
90.0,9.0,9.0,0.029906034469604492
46.0,9.0,9.0,0.010250329971313477
27.0,10.0,10.0,0.006037712097167969
28.0,7.0,7.0,0.00960397720336914
49.0,5.0,5.0,0.014611244201660156
17.0,4.0,4.0,0.00585484504699707
29.0,2.0,2.0,0.009914159774780273
96.0,15.0,15.0,0.02231884002685547
34.0,1.0,1.0,0.007545948028564453
39.0,4.0,4.0,0.00787210464477539
16.0,5.0,5.0,0.0045316219329833984
41.0,12.0,12.0,0.016524553298950195
42.0,5.0,5.0,0.015954256057739258
30.0,5.0,5.0,0.011762857437133789
17.0,2.0,2.0,0.006381988525390625
26.0,6.0,6.0,0.005431652069091797
90.0,20.0,20.0,0.019003629684448242
60.0,6.0,6.0,0.012160301208496094
34.0,12.0,12.0,0.00916147232055664
73.0,8.0,8.0,0.022002696990966797
73.0,6.0,6.0,0.023511886596679688
25.0,1.0,1.0,0.006997346878051758
15.0,3.0,3.0,0.0030007362365722656
39.0,4.0,4.0,0.008291244506835938
60.0,13.0,13.0,0.012512922286987305
45.0,8.0,8.0,0.009508609771728516
24.0,4.0,4.0,0.005000591278076172
14.0,3.0,3.0,0.0029990673065185547
58.0,6.0,6.0,0.013521432876586914
26.0,3.0,3.0,0.005999326705932617
38.0,7.0,7.0,0.009000301361083984
17.0,3.0,3.0,0.0039997100830078125
45.0,8.0,8.0,0.011878252029418945
51.0,7.0,7.0,0.014457225799560547
22.0,3.0,3.0,0.005400180816650391
38.0,10.0,10.0,0.008029699325561523
23.0,3.0,3.0,0.005384206771850586
72.0,10.0,10.0,0.018658161163330078
31.0,7.0,7.0,0.009007692337036133
31.0,8.0,8.0,0.009438753128051758
76.0,7.0,7.0,0.019094228744506836
76.0,7.0,7.0,0.016444683074951172
17.0,1.0,1.0,0.0035173892974853516
24.0,8.0,8.0,0.00549006462097168
38.0,7.0,7.0,0.011260271072387695
16.0,3.0,3.0,0.005998849868774414
21.0,6.0,6.0,0.007999658584594727
25.0,7.0,7.0,0.0070171356201171875
52.0,7.0,7.0,0.015002250671386719
47.0,3.0,3.0,0.009788036346435547
12.0,1.0,1.0,0.002368450164794922
24.0,6.0,6.0,0.005114078521728516
16.0,5.0,5.0,0.003971099853515625
105.0,10.0,10.0,0.036100149154663086
78.0,11.0,11.0,0.024195194244384766
21.0,0.0,0.0,0.005619525909423828
20.0,4.0,4.0,0.0045735836029052734
36.0,9.0,9.0,0.00951695442199707
24.0,9.0,9.0,0.005788326263427734
33.0,5.0,5.0,0.0075833797454833984
21.0,7.0,7.0,0.0049190521240234375
17.0,1.0,1.0,0.003713846206665039
23.0,8.0,8.0,0.005480289459228516
57.0,10.0,10.0,0.012500286102294922
25.0,5.0,5.0,0.010213851928710938
23.0,6.0,6.0,0.006426334381103516
37.0,2.0,2.0,0.009514570236206055
98.0,20.0,20.0,0.02826857566833496
46.0,9.0,9.0,0.014023542404174805
70.0,9.0,9.0,0.01999664306640625
48.0,6.0,6.0,0.012290000915527344
35.0,3.0,3.0,0.007801055908203125
65.0,9.0,9.0,0.014365196228027344
87.0,8.0,8.0,0.019175291061401367
84.0,16.0,16.0,0.019022464752197266
35.0,7.0,7.0,0.007355928421020508
18.0,2.0,2.0,0.003997325897216797
20.0,1.0,1.0,0.004997968673706055
86.0,10.0,10.0,0.02161884307861328
49.0,8.0,8.0,0.01945352554321289
23.0,8.0,8.0,0.005512237548828125
14.0,2.0,2.0,0.003968715667724609
25.0,4.0,4.0,0.008999824523925781
71.0,3.0,3.0,0.026190519332885742
64.0,5.0,5.0,0.015996932983398438
18.0,4.0,4.0,0.004000663757324219
101.0,13.0,13.0,0.022609710693359375
30.0,6.0,6.0,0.008954048156738281
25.0,8.0,8.0,0.0069963932037353516
58.0,7.0,7.0,0.020001649856567383
15.0,3.0,3.0,0.0050089359283447266
98.0,8.0,8.0,0.024013519287109375
24.0,6.0,6.0,0.005443572998046875
35.0,6.0,6.0,0.007185935974121094
22.0,3.0,3.0,0.004595756530761719
26.0,4.0,4.0,0.0050084590911865234
77.0,12.0,12.0,0.02866053581237793
39.0,13.0,13.0,0.017493486404418945
35.0,5.0,5.0,0.009509801864624023
17.0,1.0,1.0,0.005002498626708984
58.0,6.0,6.0,0.01991128921508789
40.0,6.0,6.0,0.009914636611938477
18.0,5.0,5.0,0.005613565444946289
24.0,1.0,1.0,0.006793022155761719
121.0,11.0,11.0,0.03501725196838379
20.0,5.0,5.0,0.004227399826049805
20.0,5.0,5.0,0.00449681282043457
31.0,5.0,5.0,0.0066335201263427734
31.0,2.0,2.0,0.00801229476928711
40.0,7.0,7.0,0.010516643524169922
38.0,7.0,7.0,0.009009599685668945
81.0,8.0,8.0,0.021692276000976562
20.0,4.0,4.0,0.004227161407470703
34.0,7.0,7.0,0.00736689567565918
20.0,4.0,4.0,0.0046613216400146484
22.0,5.0,5.0,0.0043528079986572266
62.0,9.0,9.0,0.012859106063842773
44.0,8.0,8.0,0.008987665176391602
101.0,8.0,8.0,0.03240847587585449
32.0,7.0,7.0,0.023498058319091797
34.0,11.0,11.0,0.012520790100097656
27.0,4.0,4.0,0.010213136672973633
28.0,5.0,5.0,0.008884906768798828
18.0,5.0,5.0,0.006766319274902344
17.0,3.0,3.0,0.005242109298706055
71.0,8.0,8.0,0.022992372512817383
15.0,2.0,2.0,0.0054132938385009766
13.0,0.0,0.0,0.005599021911621094
39.0,5.0,5.0,0.011836528778076172
22.0,4.0,4.0,0.00499725341796875
42.0,8.0,8.0,0.012866973876953125
58.0,7.0,7.0,0.015072345733642578
32.0,3.0,3.0,0.008968353271484375
21.0,3.0,3.0,0.004798173904418945
54.0,11.0,11.0,0.017369985580444336
44.0,9.0,9.0,0.013962268829345703
31.0,15.0,15.0,0.007315874099731445
13.0,2.0,2.0,0.003515958786010742
41.0,7.0,7.0,0.010533809661865234
31.0,7.0,7.0,0.009047746658325195
20.0,6.0,6.0,0.004709005355834961
24.0,1.0,1.0,0.006020307540893555
49.0,9.0,9.0,0.015819549560546875
44.0,5.0,5.0,0.012767791748046875
19.0,2.0,2.0,0.006341695785522461
22.0,4.0,4.0,0.007167816162109375
42.0,8.0,8.0,0.011096954345703125
64.0,6.0,6.0,0.01731276512145996
18.0,3.0,3.0,0.005848407745361328
16.0,5.0,5.0,0.0040018558502197266
71.0,9.0,9.0,0.0207827091217041
31.0,11.0,11.0,0.007973194122314453
48.0,8.0,8.0,0.014493465423583984
97.0,7.0,7.0,0.02412104606628418
44.0,3.0,3.0,0.01065373420715332
29.0,3.0,3.0,0.0065212249755859375
24.0,2.0,2.0,0.004998445510864258
26.0,3.0,3.0,0.006031036376953125
18.0,3.0,3.0,0.0045146942138671875
32.0,5.0,5.0,0.009022235870361328
17.0,5.0,5.0,0.003999471664428711
13.0,2.0,2.0,0.0042531490325927734
16.0,5.0,5.0,0.005980491638183594
178.0,12.0,12.0,0.049878597259521484
25.0,2.0,2.0,0.007593631744384766
24.0,2.0,2.0,0.009542703628540039
59.0,8.0,8.0,0.01824808120727539
89.0,13.0,13.0,0.031089067459106445
36.0,3.0,3.0,0.008228540420532227
35.0,3.0,3.0,0.008083581924438477
17.0,5.0,5.0,0.0045430660247802734
76.0,5.0,5.0,0.020495891571044922
14.0,3.0,3.0,0.003551483154296875
36.0,6.0,6.0,0.00832986831665039
27.0,3.0,3.0,0.0058078765869140625
32.0,2.0,2.0,0.006239652633666992
16.0,2.0,2.0,0.003616809844970703
15.0,4.0,4.0,0.0027065277099609375
21.0,3.0,3.0,0.005001068115234375
24.0,10.0,10.0,0.006051301956176758
43.0,7.0,7.0,0.010305166244506836
29.0,7.0,7.0,0.008115291595458984
28.0,7.0,7.0,0.008462905883789062
18.0,6.0,6.0,0.007373332977294922
21.0,2.0,2.0,0.007473468780517578
15.0,4.0,4.0,0.0035293102264404297
19.0,5.0,5.0,0.0063817501068115234
34.0,5.0,5.0,0.012354850769042969
18.0,4.0,4.0,0.006043195724487305
15.0,0.0,0.0,0.006183624267578125
13.0,2.0,2.0,0.005010366439819336
33.0,8.0,8.0,0.009658575057983398
15.0,4.0,4.0,0.005009174346923828
16.0,5.0,5.0,0.005217790603637695
41.0,10.0,10.0,0.011013269424438477
132.0,17.0,17.0,0.03688168525695801
108.0,15.0,15.0,0.03215479850769043
18.0,3.0,3.0,0.0068089962005615234
38.0,5.0,5.0,0.013439416885375977
45.0,2.0,2.0,0.013946771621704102
35.0,6.0,6.0,0.01104593276977539
16.0,5.0,5.0,0.00506281852722168
30.0,5.0,5.0,0.00690007209777832
17.0,1.0,1.0,0.005533456802368164
27.0,1.0,1.0,0.007700204849243164
67.0,10.0,10.0,0.024121761322021484
96.0,17.0,17.0,0.028925657272338867
20.0,2.0,2.0,0.0069348812103271484
42.0,6.0,6.0,0.013703107833862305
72.0,11.0,11.0,0.020059823989868164
70.0,6.0,6.0,0.021136760711669922
36.0,7.0,7.0,0.011632680892944336
57.0,7.0,7.0,0.017362356185913086
157.0,16.0,16.0,0.05095839500427246
23.0,0.0,0.0,0.00815129280090332
32.0,8.0,8.0,0.015515327453613281
62.0,5.0,5.0,0.017397642135620117
33.0,2.0,2.0,0.01009678840637207
53.0,3.0,3.0,0.015095710754394531
14.0,2.0,2.0,0.004819393157958984
103.0,8.0,8.0,0.029677867889404297
15.0,1.0,1.0,0.0055162906646728516
23.0,5.0,5.0,0.0070133209228515625
72.0,11.0,11.0,0.02650141716003418
19.0,3.0,3.0,0.004881858825683594
19.0,8.0,8.0,0.0054509639739990234
39.0,7.0,7.0,0.015438556671142578
98.0,11.0,11.0,0.02855515480041504
35.0,2.0,2.0,0.008706331253051758
33.0,5.0,5.0,0.008538246154785156
17.0,6.0,6.0,0.004329681396484375
36.0,6.0,6.0,0.011968374252319336
33.0,6.0,6.0,0.009872674942016602
47.0,10.0,10.0,0.01396036148071289
29.0,2.0,2.0,0.009102344512939453
22.0,4.0,4.0,0.007475614547729492
23.0,12.0,12.0,0.008678197860717773
33.0,5.0,5.0,0.010134696960449219
19.0,5.0,5.0,0.005062580108642578
55.0,6.0,6.0,0.014274835586547852
50.0,12.0,12.0,0.013178348541259766
27.0,9.0,9.0,0.008269786834716797
20.0,5.0,5.0,0.005000114440917969
89.0,9.0,9.0,0.02151799201965332
183.0,18.0,18.0,0.05121922492980957
32.0,4.0,4.0,0.007825613021850586
155.0,13.0,13.0,0.04404759407043457
86.0,6.0,6.0,0.02550959587097168
127.0,12.0,12.0,0.0312809944152832
16.0,2.0,2.0,0.004948854446411133
42.0,10.0,10.0,0.01591348648071289
66.0,4.0,4.0,0.0191953182220459
38.0,5.0,5.0,0.011892557144165039
53.0,5.0,5.0,0.014413118362426758
50.0,13.0,13.0,0.013242483139038086
56.0,3.0,3.0,0.02219700813293457
60.0,11.0,11.0,0.020704030990600586
21.0,3.0,3.0,0.00500941276550293
21.0,4.0,4.0,0.0048389434814453125
20.0,4.0,4.0,0.004691123962402344
50.0,8.0,8.0,0.012241840362548828
39.0,6.0,6.0,0.011807441711425781
23.0,6.0,6.0,0.005968332290649414
91.0,8.0,8.0,0.03270983695983887
64.0,2.0,2.0,0.019817829132080078
27.0,4.0,4.0,0.00917506217956543
15.0,4.0,4.0,0.004576206207275391
90.0,21.0,21.0,0.03094768524169922
21.0,5.0,5.0,0.006997823715209961
150.0,17.0,17.0,0.04999804496765137
33.0,5.0,5.0,0.009144306182861328
30.0,8.0,8.0,0.009047746658325195
54.0,6.0,6.0,0.020186424255371094
20.0,6.0,6.0,0.005089998245239258
71.0,10.0,10.0,0.019142627716064453
55.0,8.0,8.0,0.016531944274902344
20.0,6.0,6.0,0.005999565124511719
102.0,15.0,15.0,0.02953481674194336
19.0,3.0,3.0,0.004651308059692383
18.0,5.0,5.0,0.0042002201080322266
32.0,3.0,3.0,0.011297464370727539
66.0,9.0,9.0,0.01769566535949707
23.0,4.0,4.0,0.009891986846923828
17.0,4.0,4.0,0.0070188045501708984
23.0,1.0,1.0,0.008245229721069336
47.0,5.0,5.0,0.013338088989257812
28.0,9.0,9.0,0.007153987884521484
47.0,16.0,16.0,0.01419830322265625
14.0,3.0,3.0,0.005207538604736328
30.0,5.0,5.0,0.012534618377685547
18.0,2.0,2.0,0.0048558712005615234
137.0,19.0,19.0,0.03715062141418457
12.0,1.0,1.0,0.002504110336303711
34.0,9.0,9.0,0.009001731872558594
21.0,4.0,4.0,0.007086992263793945
90.0,12.0,12.0,0.025607585906982422
33.0,6.0,6.0,0.011816263198852539
24.0,9.0,9.0,0.00894308090209961
61.0,17.0,17.0,0.019183635711669922
45.0,4.0,4.0,0.012309551239013672
52.0,9.0,9.0,0.014352560043334961
35.0,2.0,2.0,0.013183832168579102
55.0,6.0,6.0,0.02064967155456543
17.0,3.0,3.0,0.00525212287902832
16.0,3.0,3.0,0.004541158676147461
74.0,17.0,17.0,0.021297693252563477
61.0,13.0,13.0,0.01941990852355957
26.0,4.0,4.0,0.007192373275756836
33.0,2.0,2.0,0.008936166763305664
35.0,6.0,6.0,0.010282039642333984
160.0,25.0,25.0,0.044498443603515625
26.0,5.0,5.0,0.00662541389465332
73.0,13.0,13.0,0.020970821380615234
31.0,7.0,7.0,0.013065099716186523
121.0,10.0,10.0,0.04592275619506836
54.0,7.0,7.0,0.023228883743286133
38.0,12.0,12.0,0.0092010498046875
45.0,5.0,5.0,0.012735366821289062
41.0,1.0,1.0,0.014491558074951172
47.0,9.0,9.0,0.01398158073425293
103.0,8.0,8.0,0.03884267807006836
17.0,5.0,5.0,0.005717754364013672
38.0,5.0,5.0,0.01268458366394043
70.0,15.0,15.0,0.018590688705444336
26.0,2.0,2.0,0.016846179962158203
21.0,2.0,2.0,0.014869213104248047
15.0,4.0,4.0,0.006165742874145508
43.0,6.0,6.0,0.012050151824951172
63.0,9.0,9.0,0.02048969268798828
25.0,5.0,5.0,0.007672309875488281
33.0,9.0,9.0,0.010087966918945312
19.0,4.0,4.0,0.003998994827270508
17.0,4.0,4.0,0.005796670913696289
91.0,9.0,9.0,0.024028778076171875
15.0,4.0,4.0,0.005275249481201172
40.0,8.0,8.0,0.011702775955200195
41.0,2.0,2.0,0.014623880386352539
23.0,5.0,5.0,0.006879091262817383
66.0,13.0,13.0,0.019060611724853516
39.0,7.0,7.0,0.010844945907592773
44.0,4.0,4.0,0.012786865234375
54.0,11.0,11.0,0.015813827514648438
30.0,3.0,3.0,0.007391691207885742
103.0,16.0,16.0,0.034078121185302734
13.0,1.0,1.0,0.005066633224487305
15.0,4.0,4.0,0.003622293472290039
14.0,1.0,1.0,0.003632783889770508
42.0,2.0,2.0,0.011714696884155273
26.0,4.0,4.0,0.010094642639160156
127.0,5.0,5.0,0.04138064384460449
53.0,11.0,11.0,0.0187530517578125
20.0,0.0,0.0,0.004547834396362305
18.0,4.0,4.0,0.0037021636962890625
23.0,8.0,8.0,0.007508039474487305
15.0,3.0,3.0,0.003717184066772461
30.0,5.0,5.0,0.007456779479980469
34.0,6.0,6.0,0.012711763381958008
27.0,7.0,7.0,0.010135889053344727
42.0,7.0,7.0,0.011135578155517578
18.0,5.0,5.0,0.004270315170288086
91.0,15.0,15.0,0.02131199836730957
21.0,5.0,5.0,0.00789785385131836
52.0,4.0,4.0,0.015410900115966797
74.0,13.0,13.0,0.0176699161529541
19.0,2.0,2.0,0.004614353179931641
49.0,9.0,9.0,0.014661788940429688
58.0,12.0,12.0,0.01357269287109375
32.0,4.0,4.0,0.008476734161376953
34.0,4.0,4.0,0.008781194686889648
70.0,14.0,14.0,0.015395164489746094
12.0,0.0,0.0,0.002611398696899414
20.0,5.0,5.0,0.004605531692504883
20.0,2.0,2.0,0.004878520965576172
64.0,6.0,6.0,0.015524625778198242
48.0,7.0,7.0,0.010804414749145508
44.0,9.0,9.0,0.009559869766235352
37.0,7.0,7.0,0.010007858276367188
37.0,3.0,3.0,0.010001659393310547
19.0,3.0,3.0,0.007376670837402344
39.0,3.0,3.0,0.015239477157592773
125.0,9.0,9.0,0.03823995590209961
16.0,1.0,1.0,0.0067043304443359375
16.0,2.0,2.0,0.006803750991821289
55.0,6.0,6.0,0.017845630645751953
32.0,7.0,7.0,0.008678436279296875
28.0,3.0,3.0,0.007006645202636719
37.0,3.0,3.0,0.012748956680297852
60.0,6.0,6.0,0.015206336975097656
89.0,6.0,6.0,0.022246360778808594
30.0,4.0,4.0,0.007491350173950195
20.0,3.0,3.0,0.005885124206542969
19.0,3.0,3.0,0.005155801773071289
51.0,11.0,11.0,0.017120361328125
45.0,8.0,8.0,0.013260841369628906
130.0,11.0,11.0,0.03566718101501465
34.0,5.0,5.0,0.009322404861450195
22.0,3.0,3.0,0.005997419357299805
73.0,9.0,9.0,0.02162003517150879
28.0,7.0,7.0,0.00829768180847168
60.0,7.0,7.0,0.0183255672454834
90.0,9.0,9.0,0.02402973175048828
37.0,6.0,6.0,0.010946273803710938
21.0,3.0,3.0,0.006109714508056641
20.0,3.0,3.0,0.00458979606628418
19.0,3.0,3.0,0.004997968673706055
77.0,10.0,10.0,0.021340370178222656
21.0,8.0,8.0,0.004354953765869141
25.0,2.0,2.0,0.005738258361816406
90.0,9.0,9.0,0.026889562606811523
30.0,4.0,4.0,0.0074310302734375
12.0,0.0,0.0,0.00416111946105957
44.0,6.0,6.0,0.016829967498779297
14.0,2.0,2.0,0.0041582584381103516
26.0,4.0,4.0,0.007978677749633789
14.0,4.0,4.0,0.0036017894744873047
19.0,8.0,8.0,0.00482177734375
47.0,13.0,13.0,0.011745214462280273
59.0,8.0,8.0,0.013166427612304688
31.0,5.0,5.0,0.00814509391784668
16.0,4.0,4.0,0.005930423736572266
50.0,7.0,7.0,0.012197732925415039
33.0,4.0,4.0,0.007035255432128906
98.0,13.0,13.0,0.023114919662475586
29.0,6.0,6.0,0.00700068473815918
18.0,5.0,5.0,0.004803180694580078
42.0,7.0,7.0,0.0084686279296875
21.0,5.0,5.0,0.004536628723144531
76.0,12.0,12.0,0.022357702255249023
134.0,17.0,17.0,0.03532099723815918
60.0,4.0,4.0,0.014777183532714844
135.0,18.0,18.0,0.04747939109802246
24.0,4.0,4.0,0.005639553070068359
18.0,2.0,2.0,0.0042493343353271484
62.0,4.0,4.0,0.019146203994750977
173.0,19.0,19.0,0.05302858352661133
25.0,1.0,1.0,0.0060002803802490234
53.0,6.0,6.0,0.015148401260375977
14.0,1.0,1.0,0.003520965576171875
61.0,9.0,9.0,0.013618946075439453
47.0,9.0,9.0,0.012464523315429688
31.0,10.0,10.0,0.008699893951416016
26.0,4.0,4.0,0.006010770797729492
28.0,4.0,4.0,0.006495237350463867
67.0,7.0,7.0,0.016191482543945312
27.0,3.0,3.0,0.007709503173828125
16.0,5.0,5.0,0.003001689910888672
147.0,15.0,15.0,0.05171942710876465
147.0,15.0,15.0,0.040204524993896484
22.0,3.0,3.0,0.005540609359741211
44.0,6.0,6.0,0.009908199310302734
41.0,5.0,5.0,0.009307861328125
31.0,8.0,8.0,0.008349180221557617
62.0,8.0,8.0,0.017371416091918945
47.0,5.0,5.0,0.011853933334350586
24.0,3.0,3.0,0.00565648078918457
45.0,5.0,5.0,0.01167750358581543
13.0,1.0,1.0,0.004046201705932617
21.0,5.0,5.0,0.007326841354370117
71.0,6.0,6.0,0.02087712287902832
45.0,3.0,3.0,0.014525413513183594
66.0,7.0,7.0,0.01719069480895996
17.0,2.0,2.0,0.006988525390625
24.0,8.0,8.0,0.0066874027252197266
57.0,4.0,4.0,0.013457775115966797
15.0,2.0,2.0,0.003999948501586914
24.0,4.0,4.0,0.0055162906646728516
21.0,5.0,5.0,0.0049991607666015625
38.0,14.0,14.0,0.009514331817626953
29.0,5.0,5.0,0.007218360900878906
28.0,6.0,6.0,0.006379127502441406
39.0,5.0,5.0,0.008332252502441406
44.0,9.0,9.0,0.01137852668762207
23.0,3.0,3.0,0.0059244632720947266
21.0,6.0,6.0,0.005086421966552734
50.0,6.0,6.0,0.011405706405639648
12.0,1.0,1.0,0.0030477046966552734
16.0,1.0,1.0,0.003519773483276367
74.0,13.0,13.0,0.022789478302001953
22.0,6.0,6.0,0.005640745162963867
18.0,6.0,6.0,0.003506898880004883
27.0,3.0,3.0,0.005659818649291992
31.0,5.0,5.0,0.008514404296875
23.0,6.0,6.0,0.00604701042175293
22.0,4.0,4.0,0.0054912567138671875
14.0,2.0,2.0,0.003629446029663086
34.0,6.0,6.0,0.009052753448486328
13.0,2.0,2.0,0.0031690597534179688
61.0,5.0,5.0,0.017612218856811523
14.0,3.0,3.0,0.004105329513549805
15.0,4.0,4.0,0.004383563995361328
50.0,15.0,15.0,0.011804819107055664
75.0,7.0,7.0,0.01766490936279297
26.0,2.0,2.0,0.0055539608001708984
21.0,5.0,5.0,0.005023956298828125
69.0,5.0,5.0,0.01502084732055664
52.0,3.0,3.0,0.01164698600769043
30.0,11.0,11.0,0.008077144622802734
13.0,1.0,1.0,0.0029990673065185547
26.0,5.0,5.0,0.005850315093994141
35.0,1.0,1.0,0.011954784393310547
24.0,5.0,5.0,0.009158849716186523
28.0,4.0,4.0,0.005312442779541016
93.0,20.0,20.0,0.031134843826293945
14.0,3.0,3.0,0.003081083297729492
55.0,10.0,10.0,0.013585567474365234
31.0,2.0,2.0,0.007923126220703125
29.0,8.0,8.0,0.01118016242980957
29.0,3.0,3.0,0.008516073226928711
89.0,12.0,12.0,0.02180933952331543
13.0,2.0,2.0,0.002536296844482422
31.0,5.0,5.0,0.009153604507446289
25.0,2.0,2.0,0.00863957405090332
31.0,7.0,7.0,0.010000467300415039
50.0,6.0,6.0,0.01200103759765625
16.0,2.0,2.0,0.005570888519287109
15.0,4.0,4.0,0.005241870880126953
18.0,3.0,3.0,0.005995750427246094
29.0,6.0,6.0,0.008991479873657227
49.0,4.0,4.0,0.017494678497314453
53.0,10.0,10.0,0.016336441040039062
49.0,4.0,4.0,0.012157917022705078
33.0,6.0,6.0,0.008569955825805664
29.0,4.0,4.0,0.00848698616027832
15.0,4.0,4.0,0.0031723976135253906
175.0,23.0,23.0,0.04857587814331055
90.0,9.0,9.0,0.02562260627746582
14.0,3.0,3.0,0.0029973983764648438
14.0,3.0,3.0,0.0065538883209228516
16.0,0.0,0.0,0.004733562469482422
32.0,4.0,4.0,0.010519981384277344
40.0,4.0,4.0,0.01964402198791504
22.0,5.0,5.0,0.009061098098754883
47.0,1.0,1.0,0.019296884536743164
65.0,18.0,18.0,0.024049997329711914
52.0,11.0,11.0,0.017825841903686523
50.0,7.0,7.0,0.014798641204833984
73.0,17.0,17.0,0.019019603729248047
48.0,4.0,4.0,0.014479637145996094
126.0,10.0,10.0,0.032224178314208984
19.0,5.0,5.0,0.005289793014526367
40.0,7.0,7.0,0.011580705642700195
47.0,13.0,13.0,0.014995098114013672
35.0,5.0,5.0,0.009245157241821289
53.0,5.0,5.0,0.011140108108520508
116.0,10.0,10.0,0.024724721908569336
18.0,6.0,6.0,0.007116079330444336
73.0,8.0,8.0,0.025867938995361328
34.0,7.0,7.0,0.00780487060546875
24.0,2.0,2.0,0.005244016647338867
33.0,3.0,3.0,0.007232666015625
53.0,6.0,6.0,0.01274561882019043
25.0,5.0,5.0,0.006663799285888672
89.0,10.0,10.0,0.026801586151123047
22.0,4.0,4.0,0.006186246871948242
11.0,0.0,0.0,0.0040073394775390625
40.0,5.0,5.0,0.018895387649536133
17.0,4.0,4.0,0.0038330554962158203
25.0,3.0,3.0,0.008006572723388672
53.0,11.0,11.0,0.019206762313842773
25.0,3.0,3.0,0.008296966552734375
75.0,9.0,9.0,0.022715330123901367
161.0,14.0,14.0,0.05024313926696777
91.0,16.0,16.0,0.0260622501373291
55.0,10.0,10.0,0.013661861419677734
31.0,11.0,11.0,0.006945133209228516
18.0,2.0,2.0,0.0035758018493652344
21.0,8.0,8.0,0.004674196243286133
98.0,11.0,11.0,0.02223682403564453
19.0,1.0,1.0,0.004899501800537109
39.0,5.0,5.0,0.008723020553588867
50.0,4.0,4.0,0.011096954345703125
32.0,3.0,3.0,0.006745815277099609
13.0,1.0,1.0,0.0021398067474365234
30.0,9.0,9.0,0.006799936294555664
67.0,9.0,9.0,0.013951539993286133
63.0,7.0,7.0,0.013263225555419922
70.0,9.0,9.0,0.0181272029876709
75.0,17.0,17.0,0.018645048141479492
37.0,5.0,5.0,0.010919332504272461
58.0,14.0,14.0,0.020880460739135742
26.0,4.0,4.0,0.010402679443359375
21.0,3.0,3.0,0.007459402084350586
49.0,4.0,4.0,0.013843774795532227
18.0,3.0,3.0,0.005166769027709961
66.0,3.0,3.0,0.018537521362304688
16.0,2.0,2.0,0.006840229034423828
11.0,0.0,0.0,0.0020532608032226562
34.0,7.0,7.0,0.009214401245117188
36.0,6.0,6.0,0.01309823989868164
67.0,3.0,3.0,0.02097034454345703
97.0,12.0,12.0,0.028202056884765625
60.0,11.0,11.0,0.017151355743408203
16.0,1.0,1.0,0.00359344482421875
124.0,9.0,9.0,0.028512001037597656
28.0,4.0,4.0,0.010519027709960938
46.0,9.0,9.0,0.011310577392578125
37.0,5.0,5.0,0.009287118911743164
54.0,6.0,6.0,0.014195442199707031
45.0,5.0,5.0,0.010740995407104492
50.0,11.0,11.0,0.010519266128540039
19.0,5.0,5.0,0.007103681564331055
57.0,11.0,11.0,0.018329143524169922
30.0,9.0,9.0,0.007013797760009766
34.0,7.0,7.0,0.009328603744506836
60.0,8.0,8.0,0.013628482818603516
94.0,9.0,9.0,0.024138927459716797
42.0,8.0,8.0,0.009219884872436523
22.0,7.0,7.0,0.008597612380981445
146.0,13.0,13.0,0.04182720184326172
25.0,5.0,5.0,0.008975505828857422
24.0,2.0,2.0,0.008454322814941406
45.0,5.0,5.0,0.012514829635620117
16.0,3.0,3.0,0.0043942928314208984
30.0,1.0,1.0,0.01060938835144043
46.0,11.0,11.0,0.013999462127685547
28.0,8.0,8.0,0.006942033767700195
38.0,4.0,4.0,0.008343696594238281
53.0,7.0,7.0,0.012790203094482422
112.0,13.0,13.0,0.03349018096923828
17.0,3.0,3.0,0.006512641906738281
134.0,9.0,9.0,0.04340362548828125
20.0,8.0,8.0,0.004996299743652344
43.0,2.0,2.0,0.010006189346313477
56.0,4.0,4.0,0.014738798141479492
71.0,9.0,9.0,0.017912864685058594
26.0,5.0,5.0,0.007194995880126953
25.0,5.0,5.0,0.006937503814697266
53.0,19.0,19.0,0.013843059539794922
29.0,6.0,6.0,0.006166696548461914
50.0,10.0,10.0,0.010722160339355469
24.0,3.0,3.0,0.0051000118255615234
73.0,6.0,6.0,0.01591777801513672
69.0,7.0,7.0,0.014513969421386719
43.0,19.0,19.0,0.009039163589477539
21.0,3.0,3.0,0.004740476608276367
34.0,9.0,9.0,0.007506608963012695
20.0,1.0,1.0,0.004669189453125
73.0,4.0,4.0,0.0174868106842041
20.0,2.0,2.0,0.008247852325439453
60.0,6.0,6.0,0.022073984146118164
41.0,2.0,2.0,0.010667085647583008
141.0,14.0,14.0,0.03222227096557617
46.0,9.0,9.0,0.010874748229980469
75.0,20.0,20.0,0.016669034957885742
15.0,2.0,2.0,0.004513263702392578
46.0,7.0,7.0,0.01030421257019043
153.0,13.0,13.0,0.03588438034057617
27.0,6.0,6.0,0.006036043167114258
16.0,5.0,5.0,0.0035784244537353516
28.0,7.0,7.0,0.005934476852416992
45.0,14.0,14.0,0.010145187377929688
30.0,6.0,6.0,0.005999565124511719
64.0,6.0,6.0,0.013867378234863281
69.0,17.0,17.0,0.017537832260131836
15.0,4.0,4.0,0.005214691162109375
31.0,5.0,5.0,0.006791353225708008
50.0,5.0,5.0,0.016832590103149414
24.0,1.0,1.0,0.007680177688598633
20.0,2.0,2.0,0.006834745407104492
18.0,3.0,3.0,0.005944013595581055
38.0,1.0,1.0,0.012842178344726562
28.0,1.0,1.0,0.00807046890258789
51.0,15.0,15.0,0.014298439025878906
108.0,9.0,9.0,0.024316072463989258
21.0,6.0,6.0,0.006533145904541016
34.0,9.0,9.0,0.007596015930175781
22.0,3.0,3.0,0.00594782829284668
63.0,15.0,15.0,0.016209125518798828
62.0,7.0,7.0,0.017647266387939453
30.0,5.0,5.0,0.009855985641479492
15.0,3.0,3.0,0.0031347274780273438
36.0,11.0,11.0,0.013078689575195312
60.0,7.0,7.0,0.01508641242980957
19.0,2.0,2.0,0.004736661911010742
51.0,6.0,6.0,0.012193679809570312
15.0,2.0,2.0,0.005728244781494141
24.0,4.0,4.0,0.005803108215332031
150.0,42.0,42.0,0.052979230880737305
70.0,11.0,11.0,0.0244596004486084
15.0,3.0,3.0,0.005114078521728516
64.0,7.0,7.0,0.015190601348876953
63.0,4.0,4.0,0.016887903213500977
34.0,7.0,7.0,0.008272886276245117
25.0,9.0,9.0,0.005380153656005859
20.0,3.0,3.0,0.0059702396392822266
37.0,4.0,4.0,0.01040506362915039
18.0,2.0,2.0,0.0051424503326416016
22.0,4.0,4.0,0.006829738616943359
94.0,8.0,8.0,0.022776126861572266
43.0,7.0,7.0,0.010454416275024414
45.0,6.0,6.0,0.010231971740722656
23.0,2.0,2.0,0.004970073699951172
37.0,1.0,1.0,0.013262748718261719
29.0,4.0,4.0,0.011235237121582031
23.0,5.0,5.0,0.011698007583618164
34.0,3.0,3.0,0.009367942810058594
15.0,4.0,4.0,0.005539655685424805
17.0,5.0,5.0,0.00411677360534668
26.0,1.0,1.0,0.0061168670654296875
44.0,3.0,3.0,0.010251522064208984
20.0,5.0,5.0,0.004492998123168945
50.0,4.0,4.0,0.013399839401245117
48.0,6.0,6.0,0.010568380355834961
16.0,5.0,5.0,0.003067493438720703
44.0,9.0,9.0,0.0093994140625
42.0,8.0,8.0,0.010983467102050781
49.0,6.0,6.0,0.012292146682739258
13.0,2.0,2.0,0.003060579299926758
14.0,0.0,0.0,0.0030183792114257812
66.0,8.0,8.0,0.018499374389648438
28.0,7.0,7.0,0.007000446319580078
43.0,5.0,5.0,0.009540319442749023
14.0,2.0,2.0,0.004696369171142578
32.0,7.0,7.0,0.0078084468841552734
44.0,6.0,6.0,0.009689569473266602
31.0,1.0,1.0,0.007523298263549805
25.0,2.0,2.0,0.0056264400482177734
49.0,6.0,6.0,0.012545347213745117
32.0,5.0,5.0,0.00700068473815918
65.0,9.0,9.0,0.015981674194335938
14.0,3.0,3.0,0.0033750534057617188
50.0,10.0,10.0,0.01244807243347168
26.0,1.0,1.0,0.0061490535736083984
75.0,10.0,10.0,0.01653146743774414
18.0,4.0,4.0,0.004342317581176758
52.0,4.0,4.0,0.012052059173583984
46.0,5.0,5.0,0.012144327163696289
22.0,3.0,3.0,0.006388425827026367
34.0,4.0,4.0,0.00817108154296875
25.0,4.0,4.0,0.005716800689697266
44.0,6.0,6.0,0.009914159774780273
154.0,3.0,3.0,0.035402774810791016
35.0,11.0,11.0,0.009546756744384766
48.0,4.0,4.0,0.011434793472290039
83.0,35.0,35.0,0.02449798583984375
60.0,4.0,4.0,0.012613773345947266
14.0,3.0,3.0,0.0031223297119140625
15.0,3.0,3.0,0.004067659378051758
47.0,4.0,4.0,0.010771512985229492
17.0,4.0,4.0,0.004424095153808594
100.0,8.0,8.0,0.02444148063659668
16.0,5.0,5.0,0.0039958953857421875
45.0,10.0,10.0,0.011517524719238281
17.0,3.0,3.0,0.0029985904693603516
48.0,6.0,6.0,0.01253819465637207
25.0,6.0,6.0,0.007782459259033203
22.0,4.0,4.0,0.005620002746582031
15.0,3.0,3.0,0.004251241683959961
31.0,4.0,4.0,0.007511138916015625
18.0,3.0,3.0,0.003013134002685547
15.0,3.0,3.0,0.0037872791290283203
35.0,2.0,2.0,0.009151458740234375
18.0,2.0,2.0,0.004630565643310547
25.0,4.0,4.0,0.00661015510559082
101.0,22.0,22.0,0.02371668815612793
24.0,4.0,4.0,0.007086277008056641
99.0,10.0,10.0,0.030141115188598633
31.0,2.0,2.0,0.007901191711425781
50.0,9.0,9.0,0.012163877487182617
85.0,9.0,9.0,0.025088787078857422
42.0,6.0,6.0,0.01253199577331543
27.0,11.0,11.0,0.006788969039916992
95.0,10.0,10.0,0.028048276901245117
18.0,2.0,2.0,0.005263328552246094
102.0,5.0,5.0,0.03294849395751953
76.0,9.0,9.0,0.02381134033203125
24.0,5.0,5.0,0.008239269256591797
27.0,7.0,7.0,0.007128715515136719
24.0,4.0,4.0,0.00787496566772461
102.0,16.0,16.0,0.024700164794921875
34.0,4.0,4.0,0.009450435638427734
59.0,5.0,5.0,0.017778873443603516
60.0,4.0,4.0,0.01444864273071289
31.0,7.0,7.0,0.010570764541625977
15.0,2.0,2.0,0.005144357681274414
46.0,6.0,6.0,0.013635635375976562
20.0,7.0,7.0,0.0059778690338134766
57.0,8.0,8.0,0.014264583587646484
31.0,2.0,2.0,0.0071697235107421875
50.0,6.0,6.0,0.01127767562866211
17.0,3.0,3.0,0.0039975643157958984
21.0,8.0,8.0,0.004998445510864258
27.0,6.0,6.0,0.008088827133178711
37.0,7.0,7.0,0.010086774826049805
120.0,26.0,26.0,0.029204130172729492
86.0,11.0,11.0,0.020522594451904297
55.0,8.0,8.0,0.01696157455444336
26.0,6.0,6.0,0.00725555419921875
58.0,5.0,5.0,0.01741623878479004
56.0,10.0,10.0,0.01473236083984375
28.0,6.0,6.0,0.005998373031616211
35.0,6.0,6.0,0.0084228515625
67.0,8.0,8.0,0.01479959487915039
14.0,2.0,2.0,0.0030257701873779297
87.0,17.0,17.0,0.022017240524291992
32.0,4.0,4.0,0.008420228958129883
46.0,7.0,7.0,0.010118961334228516
24.0,5.0,5.0,0.0055043697357177734
41.0,10.0,10.0,0.009251117706298828
60.0,9.0,9.0,0.012979507446289062
72.0,7.0,7.0,0.015139341354370117
17.0,4.0,4.0,0.003000020980834961
59.0,16.0,16.0,0.013443708419799805
30.0,8.0,8.0,0.0069463253021240234
23.0,6.0,6.0,0.0048482418060302734
29.0,5.0,5.0,0.00840449333190918
36.0,5.0,5.0,0.01225733757019043
70.0,11.0,11.0,0.015512704849243164
20.0,3.0,3.0,0.004515647888183594
13.0,2.0,2.0,0.0029969215393066406
44.0,4.0,4.0,0.010522603988647461
40.0,5.0,5.0,0.008647680282592773
34.0,3.0,3.0,0.007962465286254883
50.0,5.0,5.0,0.012579202651977539
31.0,5.0,5.0,0.007112979888916016
75.0,7.0,7.0,0.01730942726135254
24.0,5.0,5.0,0.005568742752075195
27.0,5.0,5.0,0.006014108657836914
65.0,9.0,9.0,0.013306856155395508
22.0,5.0,5.0,0.0045545101165771484
93.0,9.0,9.0,0.02068781852722168
28.0,1.0,1.0,0.006365060806274414
73.0,3.0,3.0,0.015918731689453125
57.0,7.0,7.0,0.014862537384033203
14.0,2.0,2.0,0.0037064552307128906
39.0,4.0,4.0,0.009184122085571289
59.0,3.0,3.0,0.017556190490722656
24.0,4.0,4.0,0.008815526962280273
73.0,8.0,8.0,0.017395973205566406
14.0,1.0,1.0,0.003203868865966797
26.0,2.0,2.0,0.005259990692138672
23.0,3.0,3.0,0.004343986511230469
23.0,2.0,2.0,0.005264759063720703
20.0,3.0,3.0,0.00468134880065918
15.0,0.0,0.0,0.003064393997192383
18.0,5.0,5.0,0.003718137741088867
14.0,2.0,2.0,0.0032634735107421875
29.0,6.0,6.0,0.006373167037963867
60.0,7.0,7.0,0.013219118118286133
20.0,4.0,4.0,0.004770040512084961
19.0,4.0,4.0,0.005281209945678711
205.0,14.0,14.0,0.04401969909667969
19.0,3.0,3.0,0.004029989242553711
108.0,6.0,6.0,0.024843454360961914
24.0,4.0,4.0,0.006002902984619141
19.0,3.0,3.0,0.004754543304443359
113.0,10.0,10.0,0.028865814208984375
26.0,11.0,11.0,0.0056493282318115234
17.0,5.0,5.0,0.004143476486206055
19.0,3.0,3.0,0.005080461502075195
30.0,6.0,6.0,0.006563425064086914
18.0,4.0,4.0,0.0035228729248046875
88.0,7.0,7.0,0.01933455467224121
25.0,14.0,14.0,0.006199359893798828
102.0,11.0,11.0,0.0233156681060791
64.0,14.0,14.0,0.015034198760986328
16.0,4.0,4.0,0.006000041961669922
24.0,7.0,7.0,0.01848769187927246
40.0,3.0,3.0,0.016878366470336914
31.0,9.0,9.0,0.016639232635498047
59.0,12.0,12.0,0.022998571395874023
57.0,4.0,4.0,0.016765356063842773
26.0,8.0,8.0,0.006259441375732422
42.0,8.0,8.0,0.009676933288574219
24.0,4.0,4.0,0.005082130432128906
23.0,2.0,2.0,0.00566411018371582
25.0,3.0,3.0,0.00556635856628418
19.0,2.0,2.0,0.004070758819580078
65.0,5.0,5.0,0.0203096866607666
48.0,4.0,4.0,0.018197298049926758
23.0,5.0,5.0,0.006944179534912109
26.0,5.0,5.0,0.009276390075683594
56.0,2.0,2.0,0.019060373306274414
31.0,9.0,9.0,0.007513999938964844
63.0,10.0,10.0,0.026271581649780273
18.0,5.0,5.0,0.005911588668823242
17.0,5.0,5.0,0.005077362060546875
16.0,5.0,5.0,0.0035724639892578125
15.0,2.0,2.0,0.0032501220703125
43.0,7.0,7.0,0.009486675262451172
16.0,4.0,4.0,0.0037336349487304688
39.0,7.0,7.0,0.008394479751586914
23.0,8.0,8.0,0.004930019378662109
32.0,8.0,8.0,0.009501218795776367
55.0,7.0,7.0,0.014869213104248047
73.0,15.0,15.0,0.0165860652923584
43.0,6.0,6.0,0.009939193725585938
20.0,3.0,3.0,0.003514528274536133
197.0,17.0,17.0,0.041518211364746094
17.0,3.0,3.0,0.004033088684082031
31.0,3.0,3.0,0.009999990463256836
49.0,11.0,11.0,0.012000083923339844
73.0,8.0,8.0,0.021968841552734375
60.0,10.0,10.0,0.015538215637207031
85.0,8.0,8.0,0.020323514938354492
18.0,2.0,2.0,0.00451207160949707
33.0,7.0,7.0,0.00716090202331543
40.0,9.0,9.0,0.008461713790893555
95.0,12.0,12.0,0.022037982940673828
43.0,4.0,4.0,0.009507894515991211
64.0,12.0,12.0,0.013240575790405273
21.0,6.0,6.0,0.0048062801361083984
29.0,4.0,4.0,0.00623631477355957
54.0,6.0,6.0,0.01299428939819336
60.0,4.0,4.0,0.013033866882324219
93.0,13.0,13.0,0.023000240325927734
55.0,15.0,15.0,0.014999866485595703
85.0,7.0,7.0,0.02058577537536621
37.0,9.0,9.0,0.007999897003173828
56.0,16.0,16.0,0.011999845504760742
24.0,11.0,11.0,0.005999565124511719
50.0,10.0,10.0,0.010000228881835938
35.0,3.0,3.0,0.007999658584594727
20.0,5.0,5.0,0.00500035285949707
44.0,6.0,6.0,0.008999824523925781
28.0,2.0,2.0,0.006000041961669922
38.0,5.0,5.0,0.007999897003173828
77.0,4.0,4.0,0.016585588455200195
189.0,25.0,25.0,0.03999972343444824
84.0,5.0,5.0,0.017999887466430664
25.0,3.0,3.0,0.004999876022338867
21.0,2.0,2.0,0.005000114440917969
15.0,4.0,4.0,0.0032806396484375
49.0,12.0,12.0,0.012000083923339844
55.0,8.0,8.0,0.013045310974121094
74.0,10.0,10.0,0.022107839584350586
52.0,6.0,6.0,0.011522054672241211
66.0,15.0,15.0,0.01436924934387207
26.0,7.0,7.0,0.005565166473388672
55.0,5.0,5.0,0.014001131057739258
18.0,2.0,2.0,0.005361795425415039
25.0,2.0,2.0,0.00629425048828125
61.0,13.0,13.0,0.015422821044921875
21.0,6.0,6.0,0.007865667343139648
65.0,10.0,10.0,0.019701242446899414
38.0,4.0,4.0,0.008520126342773438
26.0,4.0,4.0,0.0048749446868896484
27.0,2.0,2.0,0.005471467971801758
23.0,11.0,11.0,0.004934549331665039
21.0,6.0,6.0,0.004038333892822266
22.0,5.0,5.0,0.0050868988037109375
52.0,9.0,9.0,0.010617494583129883
50.0,7.0,7.0,0.011328697204589844
130.0,20.0,20.0,0.028907060623168945
21.0,4.0,4.0,0.006680965423583984
30.0,6.0,6.0,0.006730794906616211
28.0,4.0,4.0,0.006738185882568359
30.0,6.0,6.0,0.0066640377044677734
28.0,3.0,3.0,0.006098270416259766
67.0,12.0,12.0,0.014568090438842773
28.0,3.0,3.0,0.005019187927246094
26.0,3.0,3.0,0.005520820617675781
62.0,10.0,10.0,0.014369010925292969
50.0,27.0,27.0,0.013582229614257812
45.0,6.0,6.0,0.011286497116088867
77.0,3.0,3.0,0.017476797103881836
75.0,13.0,13.0,0.016613245010375977
50.0,2.0,2.0,0.011182069778442383
49.0,5.0,5.0,0.010635137557983398
27.0,8.0,8.0,0.005659341812133789
67.0,3.0,3.0,0.01756143569946289
18.0,7.0,7.0,0.003997325897216797
91.0,12.0,12.0,0.020354032516479492
57.0,6.0,6.0,0.014558553695678711
56.0,9.0,9.0,0.012798070907592773
28.0,2.0,2.0,0.005579710006713867
28.0,15.0,15.0,0.006998300552368164
45.0,10.0,10.0,0.010999202728271484
58.0,4.0,4.0,0.01251673698425293
21.0,5.0,5.0,0.004999637603759766
33.0,3.0,3.0,0.007600069046020508
23.0,3.0,3.0,0.004519224166870117
11.0,0.0,0.0,0.0023920536041259766
15.0,3.0,3.0,0.0035195350646972656
20.0,4.0,4.0,0.004793882369995117
44.0,11.0,11.0,0.009990215301513672
42.0,10.0,10.0,0.01127004623413086
20.0,2.0,2.0,0.004394054412841797
46.0,3.0,3.0,0.009711980819702148
66.0,8.0,8.0,0.016000032424926758
38.0,4.0,4.0,0.011683940887451172
56.0,8.0,8.0,0.016652584075927734
19.0,2.0,2.0,0.006434440612792969
17.0,3.0,3.0,0.003793001174926758
56.0,14.0,14.0,0.011662721633911133
43.0,9.0,9.0,0.011269807815551758
55.0,14.0,14.0,0.01175832748413086
55.0,8.0,8.0,0.013613462448120117
46.0,6.0,6.0,0.011241436004638672
42.0,13.0,13.0,0.008939027786254883
29.0,5.0,5.0,0.008605718612670898
32.0,5.0,5.0,0.00928187370300293
65.0,10.0,10.0,0.016849994659423828
28.0,7.0,7.0,0.0072095394134521484
18.0,5.0,5.0,0.005998849868774414
61.0,7.0,7.0,0.017028331756591797
46.0,9.0,9.0,0.010243415832519531
17.0,5.0,5.0,0.005248308181762695
75.0,17.0,17.0,0.01816558837890625
49.0,16.0,16.0,0.011967182159423828
15.0,3.0,3.0,0.0042955875396728516
22.0,6.0,6.0,0.005615711212158203
25.0,8.0,8.0,0.006975889205932617
20.0,9.0,9.0,0.004268169403076172
46.0,1.0,1.0,0.011512994766235352
43.0,5.0,5.0,0.014301300048828125
16.0,3.0,3.0,0.004094600677490234
51.0,9.0,9.0,0.017596006393432617
12.0,1.0,1.0,0.0032379627227783203
13.0,3.0,3.0,0.0030138492584228516
18.0,6.0,6.0,0.0048258304595947266
79.0,19.0,19.0,0.02120351791381836
59.0,5.0,5.0,0.015506982803344727
12.0,1.0,1.0,0.004571676254272461
25.0,4.0,4.0,0.0060002803802490234
23.0,5.0,5.0,0.0070018768310546875
14.0,1.0,1.0,0.0045375823974609375
67.0,8.0,8.0,0.014772653579711914
80.0,12.0,12.0,0.018012285232543945
19.0,5.0,5.0,0.004007577896118164
32.0,14.0,14.0,0.006998300552368164
78.0,4.0,4.0,0.016999244689941406
53.0,6.0,6.0,0.011998414993286133
70.0,13.0,13.0,0.014996767044067383
14.0,4.0,4.0,0.003551959991455078
28.0,4.0,4.0,0.00651240348815918
117.0,6.0,6.0,0.025791645050048828
70.0,15.0,15.0,0.014753341674804688
45.0,10.0,10.0,0.00988316535949707
22.0,5.0,5.0,0.005059003829956055
44.0,5.0,5.0,0.016467571258544922
44.0,5.0,5.0,0.02182316780090332
13.0,2.0,2.0,0.0030028820037841797
44.0,6.0,6.0,0.013518095016479492
15.0,3.0,3.0,0.0029878616333007812
15.0,3.0,3.0,0.006842374801635742
18.0,4.0,4.0,0.0067937374114990234
18.0,3.0,3.0,0.005185365676879883
22.0,5.0,5.0,0.008214473724365234
29.0,5.0,5.0,0.007964611053466797
26.0,4.0,4.0,0.0060155391693115234
44.0,12.0,12.0,0.014992475509643555
63.0,11.0,11.0,0.015784263610839844
53.0,9.0,9.0,0.013504505157470703
27.0,6.0,6.0,0.006751537322998047
32.0,6.0,6.0,0.009028434753417969
65.0,6.0,6.0,0.028632164001464844
68.0,7.0,7.0,0.017281770706176758
43.0,4.0,4.0,0.011620283126831055
29.0,16.0,16.0,0.008204460144042969
38.0,5.0,5.0,0.010897636413574219
21.0,2.0,2.0,0.005372524261474609
53.0,11.0,11.0,0.011276483535766602
42.0,9.0,9.0,0.00999760627746582
45.0,7.0,7.0,0.00995492935180664
23.0,3.0,3.0,0.00551915168762207
56.0,3.0,3.0,0.015008211135864258
70.0,11.0,11.0,0.019323110580444336
25.0,5.0,5.0,0.005509614944458008
226.0,35.0,35.0,0.0538487434387207
18.0,1.0,1.0,0.0039997100830078125
32.0,4.0,4.0,0.00704193115234375
46.0,4.0,4.0,0.010023355484008789
51.0,5.0,5.0,0.011994600296020508
27.0,8.0,8.0,0.00751948356628418
36.0,11.0,11.0,0.007509946823120117
30.0,4.0,4.0,0.012316226959228516
15.0,3.0,3.0,0.006999969482421875
26.0,1.0,1.0,0.005997419357299805
93.0,11.0,11.0,0.021188020706176758
71.0,12.0,12.0,0.016519546508789062
27.0,6.0,6.0,0.005998849868774414
61.0,8.0,8.0,0.015346050262451172
62.0,9.0,9.0,0.018635988235473633
27.0,7.0,7.0,0.006803989410400391
55.0,4.0,4.0,0.0175018310546875
17.0,2.0,2.0,0.004677772521972656
42.0,6.0,6.0,0.015295267105102539
33.0,6.0,6.0,0.008256912231445312
23.0,9.0,9.0,0.005647420883178711
29.0,5.0,5.0,0.007045745849609375
79.0,9.0,9.0,0.019069194793701172
18.0,5.0,5.0,0.004925251007080078
32.0,11.0,11.0,0.013506174087524414
56.0,4.0,4.0,0.02457904815673828
45.0,2.0,2.0,0.01513528823852539
116.0,22.0,22.0,0.028076648712158203
84.0,10.0,10.0,0.01789069175720215
16.0,5.0,5.0,0.006979465484619141
44.0,2.0,2.0,0.012786865234375
31.0,8.0,8.0,0.011222600936889648
23.0,4.0,4.0,0.00946354866027832
26.0,1.0,1.0,0.00909566879272461
39.0,9.0,9.0,0.00962066650390625
37.0,5.0,5.0,0.007906913757324219
36.0,2.0,2.0,0.007095813751220703
29.0,5.0,5.0,0.0062601566314697266
56.0,9.0,9.0,0.012619495391845703
66.0,13.0,13.0,0.022176027297973633
92.0,11.0,11.0,0.027277708053588867
18.0,6.0,6.0,0.0036385059356689453
55.0,4.0,4.0,0.011799097061157227
32.0,9.0,9.0,0.0068950653076171875
28.0,3.0,3.0,0.0067901611328125
43.0,12.0,12.0,0.009034872055053711
16.0,3.0,3.0,0.003518342971801758
24.0,4.0,4.0,0.004998922348022461
22.0,5.0,5.0,0.004999876022338867
28.0,2.0,2.0,0.00653076171875
56.0,7.0,7.0,0.012221574783325195
81.0,10.0,10.0,0.017844200134277344
37.0,8.0,8.0,0.012986421585083008
27.0,4.0,4.0,0.005838632583618164
34.0,2.0,2.0,0.008052825927734375
54.0,11.0,11.0,0.012912750244140625
75.0,19.0,19.0,0.016715526580810547
50.0,11.0,11.0,0.014912843704223633
41.0,6.0,6.0,0.011435270309448242
19.0,6.0,6.0,0.004622220993041992
15.0,2.0,2.0,0.0031201839447021484
32.0,10.0,10.0,0.007535219192504883
35.0,4.0,4.0,0.009582042694091797
11.0,0.0,0.0,0.005101442337036133
43.0,8.0,8.0,0.009768486022949219
22.0,4.0,4.0,0.007272958755493164
23.0,5.0,5.0,0.007664918899536133
16.0,4.0,4.0,0.005059242248535156
61.0,4.0,4.0,0.017464876174926758
48.0,6.0,6.0,0.009998083114624023
27.0,9.0,9.0,0.00599980354309082
26.0,4.0,4.0,0.005074262619018555
18.0,7.0,7.0,0.004537343978881836
25.0,3.0,3.0,0.005000114440917969
79.0,14.0,14.0,0.019239425659179688
18.0,1.0,1.0,0.006060361862182617
18.0,2.0,2.0,0.004906177520751953
130.0,12.0,12.0,0.03690528869628906
28.0,1.0,1.0,0.00848698616027832
11.0,0.0,0.0,0.003530263900756836
25.0,1.0,1.0,0.009799957275390625
20.0,5.0,5.0,0.008314371109008789
35.0,9.0,9.0,0.017122268676757812
48.0,6.0,6.0,0.013987064361572266
19.0,5.0,5.0,0.0055637359619140625
99.0,14.0,14.0,0.03642606735229492
20.0,5.0,5.0,0.0048885345458984375
59.0,6.0,6.0,0.02146005630493164
21.0,3.0,3.0,0.00710606575012207
58.0,12.0,12.0,0.015603065490722656
59.0,6.0,6.0,0.018755674362182617
53.0,11.0,11.0,0.015212535858154297
32.0,7.0,7.0,0.008043289184570312
27.0,5.0,5.0,0.011100053787231445
79.0,7.0,7.0,0.018712759017944336
50.0,15.0,15.0,0.011795282363891602
69.0,21.0,21.0,0.022600650787353516
41.0,7.0,7.0,0.013519763946533203
23.0,2.0,2.0,0.007505893707275391
65.0,14.0,14.0,0.015220403671264648
72.0,11.0,11.0,0.018002748489379883
23.0,4.0,4.0,0.004996776580810547
34.0,7.0,7.0,0.010276079177856445
32.0,5.0,5.0,0.010278463363647461
21.0,7.0,7.0,0.008699893951416016
15.0,1.0,1.0,0.005520820617675781
21.0,7.0,7.0,0.007998466491699219
29.0,3.0,3.0,0.00948476791381836
13.0,2.0,2.0,0.006869316101074219
23.0,4.0,4.0,0.007623195648193359
181.0,24.0,24.0,0.0748295783996582
34.0,7.0,7.0,0.011871099472045898
29.0,4.0,4.0,0.010908126831054688
26.0,4.0,4.0,0.008625507354736328
28.0,9.0,9.0,0.009962320327758789
35.0,6.0,6.0,0.011762380599975586
18.0,6.0,6.0,0.004629850387573242
16.0,4.0,4.0,0.004443645477294922
54.0,8.0,8.0,0.016976118087768555
64.0,9.0,9.0,0.015599250793457031
59.0,10.0,10.0,0.019187450408935547
32.0,2.0,2.0,0.010709762573242188
22.0,8.0,8.0,0.0046198368072509766
18.0,2.0,2.0,0.004671573638916016
14.0,2.0,2.0,0.003870725631713867
84.0,14.0,14.0,0.02091693878173828
59.0,4.0,4.0,0.013978004455566406
37.0,7.0,7.0,0.01069498062133789
47.0,4.0,4.0,0.014832496643066406
22.0,5.0,5.0,0.006993770599365234
94.0,10.0,10.0,0.027827739715576172
29.0,4.0,4.0,0.008034467697143555
47.0,7.0,7.0,0.019067764282226562
41.0,5.0,5.0,0.016018152236938477
27.0,8.0,8.0,0.008001565933227539
16.0,3.0,3.0,0.005185365676879883
25.0,5.0,5.0,0.008677959442138672
19.0,5.0,5.0,0.00765538215637207
21.0,5.0,5.0,0.00812530517578125
99.0,10.0,10.0,0.02976822853088379
38.0,4.0,4.0,0.01244354248046875
37.0,4.0,4.0,0.012908458709716797
15.0,4.0,4.0,0.003321409225463867
39.0,4.0,4.0,0.009688377380371094
35.0,6.0,6.0,0.008772611618041992
20.0,5.0,5.0,0.004255771636962891
33.0,4.0,4.0,0.0073773860931396484
27.0,1.0,1.0,0.006207704544067383
201.0,23.0,23.0,0.06411528587341309
68.0,5.0,5.0,0.024286508560180664
133.0,10.0,10.0,0.031048297882080078
16.0,4.0,4.0,0.004114866256713867
14.0,2.0,2.0,0.0031282901763916016
27.0,2.0,2.0,0.009043455123901367
17.0,5.0,5.0,0.004656791687011719
51.0,5.0,5.0,0.010852336883544922
39.0,4.0,4.0,0.009502887725830078
36.0,9.0,9.0,0.00946664810180664
26.0,6.0,6.0,0.006565570831298828
58.0,11.0,11.0,0.012886524200439453
20.0,5.0,5.0,0.004256248474121094
32.0,4.0,4.0,0.006741046905517578
16.0,4.0,4.0,0.008511781692504883
64.0,4.0,4.0,0.026343584060668945
53.0,3.0,3.0,0.020218610763549805
23.0,1.0,1.0,0.009006023406982422
63.0,12.0,12.0,0.01999688148498535
43.0,10.0,10.0,0.01292276382446289
33.0,6.0,6.0,0.007504463195800781
16.0,3.0,3.0,0.004161357879638672
154.0,18.0,18.0,0.037404537200927734
35.0,7.0,7.0,0.012627363204956055
43.0,3.0,3.0,0.018504619598388672
26.0,14.0,14.0,0.007906675338745117
115.0,11.0,11.0,0.024457216262817383
39.0,7.0,7.0,0.008526802062988281
19.0,7.0,7.0,0.00420379638671875
25.0,6.0,6.0,0.005009889602661133
22.0,3.0,3.0,0.0041162967681884766
59.0,6.0,6.0,0.012327194213867188
27.0,5.0,5.0,0.005998134613037109
13.0,2.0,2.0,0.0025010108947753906
29.0,0.0,0.0,0.006003618240356445
16.0,4.0,4.0,0.0029954910278320312
114.0,15.0,15.0,0.02364039421081543
16.0,2.0,2.0,0.002997159957885742
47.0,2.0,2.0,0.01009368896484375
28.0,9.0,9.0,0.00551915168762207
51.0,11.0,11.0,0.01182413101196289
19.0,2.0,2.0,0.0035600662231445312
28.0,6.0,6.0,0.006560087203979492
63.0,12.0,12.0,0.02031731605529785
16.0,3.0,3.0,0.004294157028198242
61.0,7.0,7.0,0.01282048225402832
30.0,7.0,7.0,0.0070040225982666016
48.0,3.0,3.0,0.011404275894165039
16.0,3.0,3.0,0.005385160446166992
186.0,14.0,14.0,0.04673957824707031
61.0,7.0,7.0,0.02069091796875
23.0,6.0,6.0,0.004000425338745117
30.0,4.0,4.0,0.00599980354309082
21.0,5.0,5.0,0.0055141448974609375
142.0,17.0,17.0,0.033814430236816406
17.0,4.0,4.0,0.0050961971282958984
17.0,4.0,4.0,0.004998922348022461
36.0,12.0,12.0,0.011434078216552734
54.0,7.0,7.0,0.01402735710144043
30.0,2.0,2.0,0.011691808700561523
25.0,5.0,5.0,0.009020566940307617
28.0,4.0,4.0,0.00699925422668457
71.0,11.0,11.0,0.020613431930541992
86.0,11.0,11.0,0.030555248260498047
58.0,6.0,6.0,0.020672082901000977
29.0,6.0,6.0,0.006526470184326172
29.0,10.0,10.0,0.00604248046875
23.0,4.0,4.0,0.005598545074462891
84.0,7.0,7.0,0.018934965133666992
25.0,6.0,6.0,0.005406379699707031
37.0,6.0,6.0,0.00817561149597168
15.0,3.0,3.0,0.003625631332397461
53.0,2.0,2.0,0.02220916748046875
25.0,5.0,5.0,0.008313655853271484
89.0,13.0,13.0,0.01858663558959961
22.0,2.0,2.0,0.005153656005859375
25.0,2.0,2.0,0.0050106048583984375
92.0,14.0,14.0,0.022034883499145508
22.0,5.0,5.0,0.0061948299407958984
21.0,5.0,5.0,0.005507707595825195
29.0,8.0,8.0,0.00599980354309082
55.0,12.0,12.0,0.013998270034790039
47.0,6.0,6.0,0.010026693344116211
23.0,3.0,3.0,0.004999399185180664
16.0,2.0,2.0,0.003997802734375
16.0,5.0,5.0,0.004012107849121094
26.0,7.0,7.0,0.0059986114501953125
36.0,8.0,8.0,0.007512092590332031
16.0,5.0,5.0,0.0029973983764648438
18.0,7.0,7.0,0.0039997100830078125
88.0,6.0,6.0,0.020516633987426758
21.0,5.0,5.0,0.006437778472900391
18.0,7.0,7.0,0.0036230087280273438
21.0,4.0,4.0,0.004640817642211914
16.0,0.0,0.0,0.004032611846923828
59.0,8.0,8.0,0.012346267700195312
53.0,8.0,8.0,0.010763406753540039
83.0,5.0,5.0,0.01671910285949707
15.0,4.0,4.0,0.002682924270629883
122.0,21.0,21.0,0.024790525436401367
89.0,7.0,7.0,0.020850658416748047
22.0,7.0,7.0,0.004999876022338867
32.0,2.0,2.0,0.007000923156738281
26.0,7.0,7.0,0.0065157413482666016
82.0,7.0,7.0,0.019844770431518555
15.0,4.0,4.0,0.0037436485290527344
48.0,12.0,12.0,0.010300874710083008
14.0,2.0,2.0,0.003377676010131836
27.0,8.0,8.0,0.007999658584594727
19.0,2.0,2.0,0.005570650100708008
54.0,6.0,6.0,0.011037588119506836
78.0,17.0,17.0,0.018504858016967773
139.0,20.0,20.0,0.0290219783782959
32.0,2.0,2.0,0.006997823715209961
26.0,6.0,6.0,0.007634162902832031
19.0,5.0,5.0,0.003857135772705078
30.0,5.0,5.0,0.005972146987915039
28.0,3.0,3.0,0.006056308746337891
32.0,4.0,4.0,0.00728917121887207
27.0,9.0,9.0,0.0054836273193359375
32.0,5.0,5.0,0.007539987564086914
26.0,5.0,5.0,0.005517005920410156
35.0,5.0,5.0,0.008512735366821289
20.0,0.0,0.0,0.011250019073486328
23.0,7.0,7.0,0.009905815124511719
20.0,6.0,6.0,0.007657527923583984
84.0,6.0,6.0,0.02440500259399414
31.0,2.0,2.0,0.008697748184204102
117.0,13.0,13.0,0.032119035720825195
18.0,3.0,3.0,0.004553079605102539
18.0,5.0,5.0,0.00400090217590332
116.0,8.0,8.0,0.029752254486083984
79.0,8.0,8.0,0.017287254333496094
57.0,11.0,11.0,0.013719797134399414
75.0,6.0,6.0,0.017859935760498047
39.0,3.0,3.0,0.010360240936279297
34.0,3.0,3.0,0.008898258209228516
34.0,2.0,2.0,0.00934147834777832
57.0,6.0,6.0,0.013653278350830078
36.0,10.0,10.0,0.009178638458251953
30.0,4.0,4.0,0.0076961517333984375
16.0,1.0,1.0,0.003086090087890625
19.0,4.0,4.0,0.004733085632324219
28.0,5.0,5.0,0.008377313613891602
18.0,7.0,7.0,0.0060040950775146484
24.0,5.0,5.0,0.006661653518676758
16.0,2.0,2.0,0.0052683353424072266
52.0,6.0,6.0,0.013602018356323242
17.0,3.0,3.0,0.0043888092041015625
22.0,2.0,2.0,0.005306243896484375
27.0,9.0,9.0,0.007075071334838867
31.0,2.0,2.0,0.007632732391357422
24.0,3.0,3.0,0.006823539733886719
48.0,9.0,9.0,0.012340784072875977
22.0,5.0,5.0,0.0046100616455078125
18.0,5.0,5.0,0.004137754440307617
66.0,5.0,5.0,0.015854597091674805
50.0,3.0,3.0,0.013535499572753906
19.0,5.0,5.0,0.0059680938720703125
21.0,5.0,5.0,0.005192279815673828
24.0,6.0,6.0,0.007342815399169922
33.0,2.0,2.0,0.008775711059570312
26.0,5.0,5.0,0.006846904754638672
16.0,4.0,4.0,0.005312442779541016
18.0,1.0,1.0,0.004626750946044922
131.0,11.0,11.0,0.03519916534423828
31.0,3.0,3.0,0.007996559143066406
16.0,4.0,4.0,0.003998517990112305
60.0,3.0,3.0,0.01251363754272461
53.0,7.0,7.0,0.011475324630737305
25.0,3.0,3.0,0.0049974918365478516
73.0,6.0,6.0,0.01703333854675293
14.0,3.0,3.0,0.003298044204711914
19.0,3.0,3.0,0.0037696361541748047
25.0,1.0,1.0,0.0050165653228759766
42.0,6.0,6.0,0.009915828704833984
16.0,2.0,2.0,0.0035152435302734375
19.0,3.0,3.0,0.004593610763549805
65.0,11.0,11.0,0.012980461120605469
20.0,2.0,2.0,0.003997325897216797
78.0,4.0,4.0,0.018260955810546875
47.0,3.0,3.0,0.00970911979675293
57.0,5.0,5.0,0.01257944107055664
79.0,7.0,7.0,0.019499540328979492
43.0,6.0,6.0,0.008915424346923828
16.0,1.0,1.0,0.004422187805175781
36.0,5.0,5.0,0.008357524871826172
34.0,3.0,3.0,0.007903575897216797
19.0,3.0,3.0,0.00441431999206543
30.0,5.0,5.0,0.006645917892456055
78.0,7.0,7.0,0.018931150436401367
27.0,5.0,5.0,0.0058476924896240234
23.0,7.0,7.0,0.006019115447998047
18.0,5.0,5.0,0.0036509037017822266
58.0,7.0,7.0,0.014997005462646484
78.0,4.0,4.0,0.019880294799804688
37.0,5.0,5.0,0.00942230224609375
47.0,7.0,7.0,0.012599945068359375
23.0,5.0,5.0,0.005864858627319336
24.0,5.0,5.0,0.006304502487182617
15.0,2.0,2.0,0.004098176956176758
26.0,8.0,8.0,0.007245540618896484
22.0,5.0,5.0,0.0050237178802490234
76.0,9.0,9.0,0.016764163970947266
83.0,7.0,7.0,0.01871776580810547
52.0,3.0,3.0,0.011276960372924805
14.0,1.0,1.0,0.0025141239166259766
21.0,5.0,5.0,0.004567623138427734
55.0,4.0,4.0,0.011165618896484375
15.0,3.0,3.0,0.0029976367950439453
30.0,7.0,7.0,0.007225513458251953
29.0,3.0,3.0,0.005995035171508789
88.0,4.0,4.0,0.02179861068725586
22.0,2.0,2.0,0.004675388336181641
24.0,8.0,8.0,0.005993366241455078
54.0,3.0,3.0,0.01399087905883789
21.0,2.0,2.0,0.006024599075317383
55.0,7.0,7.0,0.01220846176147461
75.0,6.0,6.0,0.01657724380493164
17.0,5.0,5.0,0.003995656967163086
35.0,5.0,5.0,0.007258415222167969
61.0,6.0,6.0,0.012679576873779297
43.0,8.0,8.0,0.01000523567199707
21.0,5.0,5.0,0.004575490951538086
48.0,6.0,6.0,0.011028051376342773
17.0,6.0,6.0,0.0029985904693603516
25.0,4.0,4.0,0.0050411224365234375
27.0,1.0,1.0,0.006323099136352539
43.0,11.0,11.0,0.00953221321105957
19.0,6.0,6.0,0.004163026809692383
75.0,8.0,8.0,0.016152143478393555
30.0,4.0,4.0,0.0069980621337890625
31.0,4.0,4.0,0.0075206756591796875
83.0,8.0,8.0,0.018820524215698242
24.0,9.0,9.0,0.0060007572174072266
44.0,13.0,13.0,0.0126190185546875
73.0,9.0,9.0,0.023956298828125
109.0,15.0,15.0,0.026297569274902344
18.0,4.0,4.0,0.003997802734375
29.0,7.0,7.0,0.005998849868774414
29.0,11.0,11.0,0.0065190792083740234
63.0,9.0,9.0,0.01396036148071289
89.0,9.0,9.0,0.019469738006591797
16.0,4.0,4.0,0.003996133804321289
54.0,7.0,7.0,0.015146493911743164
38.0,4.0,4.0,0.009825944900512695
17.0,5.0,5.0,0.004217386245727539
95.0,11.0,11.0,0.0244600772857666
13.0,0.0,0.0,0.0032024383544921875
79.0,3.0,3.0,0.018616914749145508
201.0,26.0,26.0,0.04848003387451172
24.0,4.0,4.0,0.0063610076904296875
56.0,4.0,4.0,0.015629053115844727
20.0,3.0,3.0,0.004662036895751953
27.0,13.0,13.0,0.006514787673950195
26.0,4.0,4.0,0.005857706069946289
22.0,8.0,8.0,0.004513263702392578
27.0,5.0,5.0,0.0065762996673583984
42.0,4.0,4.0,0.009429454803466797
80.0,5.0,5.0,0.018507719039916992
18.0,5.0,5.0,0.0036497116088867188
20.0,5.0,5.0,0.005350351333618164
15.0,4.0,4.0,0.003116130828857422
24.0,3.0,3.0,0.004996776580810547
15.0,1.0,1.0,0.0055925846099853516
90.0,5.0,5.0,0.021162033081054688
13.0,3.0,3.0,0.004101991653442383
16.0,2.0,2.0,0.00400233268737793
25.0,8.0,8.0,0.0064046382904052734
43.0,8.0,8.0,0.009537696838378906
60.0,4.0,4.0,0.013077497482299805
14.0,2.0,2.0,0.0029976367950439453
29.0,4.0,4.0,0.007211446762084961
54.0,3.0,3.0,0.012630939483642578
70.0,9.0,9.0,0.016438961029052734
20.0,2.0,2.0,0.0049059391021728516
112.0,13.0,13.0,0.02582573890686035
102.0,10.0,10.0,0.028742074966430664
98.0,8.0,8.0,0.023299455642700195
18.0,4.0,4.0,0.005028724670410156
14.0,3.0,3.0,0.004999399185180664
37.0,13.0,13.0,0.01086282730102539
47.0,5.0,5.0,0.013651371002197266
34.0,11.0,11.0,0.008677244186401367
21.0,6.0,6.0,0.0055751800537109375
62.0,13.0,13.0,0.014443159103393555
29.0,5.0,5.0,0.006513357162475586
29.0,8.0,8.0,0.005991697311401367
30.0,11.0,11.0,0.006559610366821289
23.0,6.0,6.0,0.00506138801574707
40.0,11.0,11.0,0.008511066436767578
51.0,11.0,11.0,0.011954784393310547
17.0,3.0,3.0,0.004033327102661133
29.0,5.0,5.0,0.009326457977294922
31.0,6.0,6.0,0.00822901725769043
30.0,5.0,5.0,0.007812023162841797
15.0,5.0,5.0,0.004003047943115234
91.0,12.0,12.0,0.02213287353515625
49.0,9.0,9.0,0.012529850006103516
14.0,3.0,3.0,0.003504037857055664
19.0,3.0,3.0,0.004724740982055664
39.0,2.0,2.0,0.008997917175292969
16.0,4.0,4.0,0.0034666061401367188
79.0,13.0,13.0,0.018455982208251953
44.0,5.0,5.0,0.008997917175292969
27.0,4.0,4.0,0.008471012115478516
78.0,11.0,11.0,0.018253803253173828
43.0,3.0,3.0,0.009181499481201172
88.0,10.0,10.0,0.017374515533447266
88.0,9.0,9.0,0.017516613006591797
15.0,3.0,3.0,0.002599000930786133
28.0,4.0,4.0,0.0058553218841552734
47.0,4.0,4.0,0.009467363357543945
43.0,4.0,4.0,0.008841514587402344
38.0,3.0,3.0,0.01000523567199707
36.0,5.0,5.0,0.00902700424194336
29.0,10.0,10.0,0.006432294845581055
26.0,3.0,3.0,0.005915641784667969
39.0,6.0,6.0,0.00811624526977539
45.0,12.0,12.0,0.014713764190673828
69.0,6.0,6.0,0.01656794548034668
82.0,8.0,8.0,0.01883220672607422
37.0,9.0,9.0,0.007996082305908203
20.0,6.0,6.0,0.004293203353881836
21.0,6.0,6.0,0.004227399826049805
37.0,10.0,10.0,0.007625102996826172
73.0,12.0,12.0,0.014594316482543945
21.0,7.0,7.0,0.004507541656494141
12.0,1.0,1.0,0.0030319690704345703
48.0,5.0,5.0,0.009810209274291992
22.0,6.0,6.0,0.004567623138427734
40.0,5.0,5.0,0.009557723999023438
18.0,7.0,7.0,0.0039980411529541016
33.0,4.0,4.0,0.0069980621337890625
67.0,15.0,15.0,0.0161895751953125
64.0,10.0,10.0,0.015833377838134766
13.0,1.0,1.0,0.003999948501586914
21.0,7.0,7.0,0.005000114440917969
20.0,2.0,2.0,0.0039997100830078125
48.0,6.0,6.0,0.009999990463256836
39.0,8.0,8.0,0.00800013542175293
40.0,13.0,13.0,0.009000062942504883
82.0,14.0,14.0,0.01699995994567871
23.0,8.0,8.0,0.005000114440917969
72.0,7.0,7.0,0.015585899353027344
35.0,4.0,4.0,0.00800013542175293
21.0,7.0,7.0,0.0039997100830078125
27.0,3.0,3.0,0.004999637603759766
36.0,7.0,7.0,0.01100015640258789
22.0,3.0,3.0,0.005000114440917969
29.0,7.0,7.0,0.006000041961669922
28.0,5.0,5.0,0.004999876022338867
73.0,7.0,7.0,0.015999794006347656
14.0,2.0,2.0,0.003000020980834961
13.0,1.0,1.0,0.002999544143676758
34.0,9.0,9.0,0.006999492645263672
61.0,7.0,7.0,0.015586137771606445
13.0,1.0,1.0,0.003000020980834961
31.0,1.0,1.0,0.007999897003173828
68.0,8.0,8.0,0.01399993896484375
30.0,3.0,3.0,0.008000373840332031
120.0,10.0,10.0,0.028006553649902344
66.0,2.0,2.0,0.01399993896484375
35.0,6.0,6.0,0.00800013542175293
81.0,4.0,4.0,0.01804518699645996
29.0,12.0,12.0,0.008162736892700195
42.0,12.0,12.0,0.011044740676879883
17.0,3.0,3.0,0.0039997100830078125
42.0,4.0,4.0,0.009999990463256836
19.0,3.0,3.0,0.004999876022338867
18.0,4.0,4.0,0.005000114440917969
66.0,11.0,11.0,0.014240264892578125
112.0,15.0,15.0,0.022585153579711914
22.0,3.0,3.0,0.005000114440917969
57.0,5.0,5.0,0.014000177383422852
74.0,6.0,6.0,0.023999929428100586
45.0,7.0,7.0,0.013000011444091797
24.0,9.0,9.0,0.009264707565307617
59.0,7.0,7.0,0.014780998229980469
36.0,4.0,4.0,0.008127689361572266
17.0,5.0,5.0,0.005006074905395508
60.0,10.0,10.0,0.01856088638305664
95.0,12.0,12.0,0.021994829177856445
17.0,2.0,2.0,0.003993511199951172
66.0,8.0,8.0,0.0157320499420166
55.0,3.0,3.0,0.012908697128295898
16.0,4.0,4.0,0.004009723663330078
35.0,5.0,5.0,0.00800180435180664
66.0,11.0,11.0,0.017000675201416016
32.0,9.0,9.0,0.008033514022827148
36.0,6.0,6.0,0.009999990463256836
20.0,4.0,4.0,0.004999876022338867
44.0,3.0,3.0,0.012000083923339844
17.0,5.0,5.0,0.00500035285949707
75.0,5.0,5.0,0.017586231231689453
53.0,7.0,7.0,0.015999555587768555
16.0,1.0,1.0,0.003000020980834961
30.0,3.0,3.0,0.006000041961669922
71.0,7.0,7.0,0.016000032424926758
88.0,12.0,12.0,0.018000125885009766
154.0,23.0,23.0,0.035574913024902344
17.0,3.0,3.0,0.003000020980834961
64.0,5.0,5.0,0.015000104904174805
43.0,2.0,2.0,0.009999752044677734
28.0,6.0,6.0,0.0069997310638427734
18.0,5.0,5.0,0.003999948501586914
23.0,8.0,8.0,0.005001068115234375
40.0,4.0,4.0,0.009000062942504883
20.0,2.0,2.0,0.005000114440917969
24.0,5.0,5.0,0.005000114440917969
58.0,9.0,9.0,0.012586116790771484
14.0,2.0,2.0,0.003000020980834961
16.0,5.0,5.0,0.0029997825622558594
16.0,5.0,5.0,0.004000186920166016
15.0,4.0,4.0,0.003000020980834961
15.0,4.0,4.0,0.003751039505004883
50.0,8.0,8.0,0.009999752044677734
33.0,14.0,14.0,0.006000041961669922
116.0,15.0,15.0,0.026999950408935547
60.0,4.0,4.0,0.01399993896484375
43.0,8.0,8.0,0.008748769760131836
71.0,14.0,14.0,0.015045166015625
60.0,9.0,9.0,0.012000083923339844
14.0,1.0,1.0,0.0029997825622558594
54.0,9.0,9.0,0.010999917984008789
60.0,12.0,12.0,0.012999773025512695
54.0,16.0,16.0,0.011999845504760742
18.0,4.0,4.0,0.0039997100830078125
111.0,12.0,12.0,0.02558612823486328
20.0,4.0,4.0,0.00422358512878418
53.0,8.0,8.0,0.011534452438354492
38.0,6.0,6.0,0.008533954620361328
23.0,5.0,5.0,0.004881381988525391
44.0,7.0,7.0,0.010567426681518555
74.0,7.0,7.0,0.01695537567138672
16.0,4.0,4.0,0.005245208740234375
19.0,6.0,6.0,0.006977081298828125
16.0,3.0,3.0,0.0059356689453125
47.0,5.0,5.0,0.01472926139831543
34.0,3.0,3.0,0.011029958724975586
14.0,1.0,1.0,0.004094600677490234
28.0,1.0,1.0,0.0070171356201171875
36.0,2.0,2.0,0.008514881134033203
59.0,7.0,7.0,0.013729095458984375
30.0,4.0,4.0,0.007424831390380859
54.0,4.0,4.0,0.011749744415283203
46.0,4.0,4.0,0.011257648468017578
22.0,4.0,4.0,0.005796909332275391
35.0,4.0,4.0,0.00812387466430664
26.0,4.0,4.0,0.005000114440917969
29.0,3.0,3.0,0.0059969425201416016
59.0,5.0,5.0,0.013653993606567383
15.0,1.0,1.0,0.0035169124603271484
77.0,6.0,6.0,0.0166776180267334
19.0,5.0,5.0,0.004514455795288086
53.0,5.0,5.0,0.010807991027832031
24.0,6.0,6.0,0.004610776901245117
17.0,6.0,6.0,0.003502368927001953
20.0,4.0,4.0,0.004513263702392578
113.0,20.0,20.0,0.02723073959350586
41.0,5.0,5.0,0.00839376449584961
27.0,14.0,14.0,0.00551295280456543
16.0,5.0,5.0,0.0035173892974853516
69.0,4.0,4.0,0.014518260955810547
100.0,12.0,12.0,0.02120041847229004
30.0,6.0,6.0,0.006516456604003906
59.0,11.0,11.0,0.012815713882446289
73.0,6.0,6.0,0.01898336410522461
24.0,9.0,9.0,0.006261587142944336
34.0,7.0,7.0,0.007767677307128906
38.0,10.0,10.0,0.008538961410522461
15.0,3.0,3.0,0.002513408660888672
47.0,4.0,4.0,0.009510517120361328
84.0,6.0,6.0,0.01903247833251953
50.0,5.0,5.0,0.009998321533203125
45.0,7.0,7.0,0.009998798370361328
28.0,9.0,9.0,0.005510807037353516
17.0,4.0,4.0,0.0036106109619140625
33.0,3.0,3.0,0.0069048404693603516
13.0,1.0,1.0,0.003782510757446289
62.0,29.0,29.0,0.016030073165893555
45.0,4.0,4.0,0.008829116821289062
24.0,5.0,5.0,0.005120277404785156
33.0,9.0,9.0,0.0070035457611083984
35.0,12.0,12.0,0.008031368255615234
23.0,3.0,3.0,0.00451207160949707
34.0,6.0,6.0,0.009107351303100586
69.0,5.0,5.0,0.015542984008789062
18.0,2.0,2.0,0.00400233268737793
36.0,7.0,7.0,0.007596015930175781
45.0,7.0,7.0,0.010460853576660156
20.0,6.0,6.0,0.005322933197021484
32.0,3.0,3.0,0.009649991989135742
45.0,9.0,9.0,0.011275053024291992
26.0,8.0,8.0,0.0061719417572021484
50.0,4.0,4.0,0.010455846786499023
121.0,16.0,16.0,0.02533698081970215
13.0,3.0,3.0,0.001997232437133789
143.0,19.0,19.0,0.031194448471069336
76.0,8.0,8.0,0.01722860336303711
37.0,15.0,15.0,0.009001016616821289
90.0,12.0,12.0,0.021101713180541992
47.0,7.0,7.0,0.012271881103515625
18.0,6.0,6.0,0.004589080810546875
34.0,2.0,2.0,0.00951695442199707
21.0,1.0,1.0,0.004276275634765625
98.0,11.0,11.0,0.025665998458862305
16.0,4.0,4.0,0.00404667854309082
203.0,17.0,17.0,0.05540895462036133
37.0,1.0,1.0,0.009088754653930664
26.0,8.0,8.0,0.006166219711303711
17.0,2.0,2.0,0.0036056041717529297
19.0,1.0,1.0,0.0046634674072265625
33.0,4.0,4.0,0.008696556091308594
61.0,4.0,4.0,0.013998270034790039
23.0,6.0,6.0,0.00599980354309082
51.0,3.0,3.0,0.010997533798217773
41.0,7.0,7.0,0.009420633316040039
62.0,8.0,8.0,0.013765811920166016
21.0,6.0,6.0,0.004996299743652344
53.0,6.0,6.0,0.010621309280395508
143.0,24.0,24.0,0.030144929885864258
116.0,19.0,19.0,0.024799346923828125
69.0,5.0,5.0,0.014872550964355469
25.0,3.0,3.0,0.006398677825927734
14.0,2.0,2.0,0.005501985549926758
64.0,17.0,17.0,0.017286062240600586
20.0,7.0,7.0,0.008097410202026367
113.0,15.0,15.0,0.024529457092285156
43.0,6.0,6.0,0.008676528930664062
44.0,10.0,10.0,0.009346961975097656
59.0,12.0,12.0,0.015045404434204102
82.0,12.0,12.0,0.0175631046295166
45.0,11.0,11.0,0.009845256805419922
20.0,4.0,4.0,0.004998922348022461
64.0,9.0,9.0,0.014546871185302734
19.0,3.0,3.0,0.004000186920166016
47.0,7.0,7.0,0.010159730911254883
15.0,4.0,4.0,0.0026428699493408203
36.0,4.0,4.0,0.00838160514831543
56.0,3.0,3.0,0.013032913208007812
28.0,0.0,0.0,0.006518840789794922
23.0,2.0,2.0,0.006320476531982422
14.0,2.0,2.0,0.004045248031616211
45.0,8.0,8.0,0.009917736053466797
21.0,1.0,1.0,0.004504680633544922
26.0,4.0,4.0,0.006003141403198242
76.0,8.0,8.0,0.016225099563598633
50.0,6.0,6.0,0.010754585266113281
18.0,5.0,5.0,0.0035157203674316406
14.0,3.0,3.0,0.003000497817993164
47.0,16.0,16.0,0.009871244430541992
18.0,3.0,3.0,0.002996683120727539
65.0,14.0,14.0,0.014000177383422852
20.0,3.0,3.0,0.004000186920166016
22.0,3.0,3.0,0.006134986877441406
15.0,3.0,3.0,0.003508329391479492
31.0,6.0,6.0,0.0070002079010009766
51.0,4.0,4.0,0.011004924774169922
103.0,16.0,16.0,0.021595478057861328
96.0,8.0,8.0,0.020517587661743164
20.0,6.0,6.0,0.006630420684814453
52.0,6.0,6.0,0.013838768005371094
48.0,15.0,15.0,0.012073755264282227
22.0,9.0,9.0,0.0069997310638427734
40.0,9.0,9.0,0.012322187423706055
33.0,7.0,7.0,0.006605386734008789
100.0,14.0,14.0,0.023522615432739258
66.0,5.0,5.0,0.014994382858276367
29.0,4.0,4.0,0.006607770919799805
17.0,3.0,3.0,0.003998756408691406
26.0,4.0,4.0,0.005758047103881836
24.0,5.0,5.0,0.0046062469482421875
41.0,3.0,3.0,0.009032487869262695
85.0,6.0,6.0,0.017681598663330078
15.0,3.0,3.0,0.005336284637451172
22.0,2.0,2.0,0.0051076412200927734
18.0,6.0,6.0,0.005080699920654297
17.0,4.0,4.0,0.0035843849182128906
40.0,5.0,5.0,0.00818490982055664
18.0,5.0,5.0,0.0039806365966796875
64.0,6.0,6.0,0.01351308822631836
29.0,3.0,3.0,0.007460594177246094
32.0,3.0,3.0,0.008331060409545898
13.0,2.0,2.0,0.003000497817993164
34.0,6.0,6.0,0.012998819351196289
20.0,4.0,4.0,0.007514476776123047
91.0,22.0,22.0,0.023400306701660156
33.0,11.0,11.0,0.006509065628051758
37.0,10.0,10.0,0.008198976516723633
68.0,5.0,5.0,0.014056921005249023
67.0,8.0,8.0,0.015494823455810547
15.0,3.0,3.0,0.002999544143676758
33.0,6.0,6.0,0.007002115249633789
125.0,15.0,15.0,0.026505231857299805
41.0,8.0,8.0,0.00955057144165039
115.0,26.0,26.0,0.027003765106201172
56.0,7.0,7.0,0.012071371078491211
38.0,3.0,3.0,0.015548467636108398
22.0,6.0,6.0,0.00695347785949707
31.0,4.0,4.0,0.007654428482055664
33.0,4.0,4.0,0.006948232650756836
81.0,20.0,20.0,0.018757104873657227
52.0,11.0,11.0,0.011931180953979492
21.0,5.0,5.0,0.006013154983520508
89.0,9.0,9.0,0.031131744384765625
20.0,4.0,4.0,0.0035238265991210938
18.0,4.0,4.0,0.003753662109375
93.0,16.0,16.0,0.01999640464782715
72.0,8.0,8.0,0.014511585235595703
33.0,6.0,6.0,0.006824970245361328
14.0,1.0,1.0,0.0025191307067871094
64.0,8.0,8.0,0.013517141342163086
16.0,4.0,4.0,0.003935337066650391
41.0,2.0,2.0,0.01000213623046875
14.0,2.0,2.0,0.003000497817993164
36.0,3.0,3.0,0.008000373840332031
97.0,13.0,13.0,0.019617795944213867
34.0,11.0,11.0,0.007435798645019531
30.0,5.0,5.0,0.005669593811035156
39.0,8.0,8.0,0.008475303649902344
28.0,6.0,6.0,0.005959749221801758
17.0,5.0,5.0,0.0038461685180664062
161.0,16.0,16.0,0.03396296501159668
30.0,9.0,9.0,0.009047746658325195
79.0,11.0,11.0,0.021736860275268555
31.0,2.0,2.0,0.009000778198242188
62.0,6.0,6.0,0.015006065368652344
35.0,3.0,3.0,0.008461475372314453
90.0,9.0,9.0,0.022791385650634766
56.0,11.0,11.0,0.010892391204833984
45.0,3.0,3.0,0.010469198226928711
70.0,4.0,4.0,0.018129825592041016
28.0,4.0,4.0,0.005872249603271484
41.0,8.0,8.0,0.008542776107788086
25.0,4.0,4.0,0.004761457443237305
199.0,22.0,22.0,0.04016590118408203
83.0,5.0,5.0,0.018077373504638672
22.0,2.0,2.0,0.004014253616333008
24.0,5.0,5.0,0.006516218185424805
14.0,2.0,2.0,0.003506898880004883
52.0,3.0,3.0,0.011990070343017578
24.0,7.0,7.0,0.0050694942474365234
100.0,4.0,4.0,0.020656585693359375
14.0,1.0,1.0,0.0031783580780029297
122.0,20.0,20.0,0.026868820190429688
27.0,5.0,5.0,0.005509376525878906
17.0,6.0,6.0,0.003904104232788086
44.0,11.0,11.0,0.008667230606079102
53.0,9.0,9.0,0.011647224426269531
30.0,4.0,4.0,0.008053064346313477
45.0,11.0,11.0,0.012330770492553711
27.0,3.0,3.0,0.006868600845336914
23.0,3.0,3.0,0.0048940181732177734
27.0,4.0,4.0,0.006331443786621094
22.0,6.0,6.0,0.00403904914855957
15.0,3.0,3.0,0.0026769638061523438
25.0,5.0,5.0,0.006000518798828125
16.0,1.0,1.0,0.003998279571533203
76.0,6.0,6.0,0.017001628875732422
80.0,15.0,15.0,0.01657700538635254
21.0,5.0,5.0,0.004195690155029297
14.0,3.0,3.0,0.003000974655151367
17.0,4.0,4.0,0.0035097599029541016
72.0,9.0,9.0,0.01602339744567871
37.0,8.0,8.0,0.007599592208862305
21.0,6.0,6.0,0.003954172134399414
18.0,6.0,6.0,0.004271507263183594
16.0,4.0,4.0,0.0035254955291748047
19.0,4.0,4.0,0.004000425338745117
22.0,5.0,5.0,0.00513911247253418
23.0,5.0,5.0,0.004879474639892578
35.0,2.0,2.0,0.007442474365234375
57.0,6.0,6.0,0.011310577392578125
62.0,4.0,4.0,0.013127803802490234
24.0,2.0,2.0,0.005470752716064453
16.0,4.0,4.0,0.004000186920166016
21.0,2.0,2.0,0.0040280818939208984
17.0,6.0,6.0,0.0035059452056884766
56.0,9.0,9.0,0.013232946395874023
15.0,2.0,2.0,0.004599809646606445
59.0,3.0,3.0,0.013025760650634766
17.0,5.0,5.0,0.0029854774475097656
67.0,7.0,7.0,0.01885199546813965
52.0,7.0,7.0,0.012669801712036133
70.0,8.0,8.0,0.016668081283569336
18.0,3.0,3.0,0.004521608352661133
32.0,3.0,3.0,0.007065534591674805
159.0,9.0,9.0,0.048125267028808594
28.0,6.0,6.0,0.0074918270111083984
20.0,4.0,4.0,0.0049703121185302734
50.0,3.0,3.0,0.014286279678344727
34.0,3.0,3.0,0.011878013610839844
22.0,5.0,5.0,0.006108760833740234
41.0,7.0,7.0,0.00875544548034668
15.0,4.0,4.0,0.0034215450286865234
22.0,5.0,5.0,0.004947662353515625
19.0,5.0,5.0,0.0042896270751953125
65.0,8.0,8.0,0.015917062759399414
53.0,12.0,12.0,0.01149749755859375
37.0,10.0,10.0,0.008156776428222656
40.0,6.0,6.0,0.009759902954101562
84.0,9.0,9.0,0.0175936222076416
26.0,5.0,5.0,0.00525975227355957
39.0,9.0,9.0,0.008508920669555664
50.0,6.0,6.0,0.010999917984008789
45.0,2.0,2.0,0.009568214416503906
18.0,2.0,2.0,0.0029571056365966797
46.0,4.0,4.0,0.012265443801879883
63.0,9.0,9.0,0.013621330261230469
59.0,7.0,7.0,0.012462139129638672
62.0,5.0,5.0,0.013576269149780273
30.0,4.0,4.0,0.0069980621337890625
27.0,4.0,4.0,0.006002187728881836
13.0,2.0,2.0,0.0025072097778320312
47.0,15.0,15.0,0.01029062271118164
24.0,7.0,7.0,0.004522085189819336
58.0,11.0,11.0,0.012954473495483398
32.0,6.0,6.0,0.006997585296630859
17.0,4.0,4.0,0.003514528274536133
35.0,5.0,5.0,0.010120630264282227
38.0,4.0,4.0,0.008957624435424805
35.0,7.0,7.0,0.009551763534545898
72.0,15.0,15.0,0.01741790771484375
15.0,1.0,1.0,0.004556179046630859
101.0,15.0,15.0,0.021370410919189453
49.0,3.0,3.0,0.010684490203857422
22.0,5.0,5.0,0.00443577766418457
21.0,4.0,4.0,0.005254507064819336
34.0,1.0,1.0,0.007063865661621094
52.0,8.0,8.0,0.017724037170410156
75.0,16.0,16.0,0.016669034957885742
25.0,2.0,2.0,0.00592494010925293
34.0,6.0,6.0,0.0067234039306640625
20.0,4.0,4.0,0.004000425338745117
45.0,12.0,12.0,0.009157657623291016
53.0,8.0,8.0,0.012569665908813477
41.0,8.0,8.0,0.008510828018188477
59.0,6.0,6.0,0.01347208023071289
148.0,12.0,12.0,0.03625750541687012
43.0,13.0,13.0,0.010057687759399414
35.0,2.0,2.0,0.007964849472045898
69.0,10.0,10.0,0.015227556228637695
63.0,10.0,10.0,0.013339996337890625
18.0,4.0,4.0,0.00455927848815918
73.0,13.0,13.0,0.018269062042236328
30.0,8.0,8.0,0.008270978927612305
53.0,15.0,15.0,0.01313018798828125
40.0,4.0,4.0,0.009990453720092773
79.0,11.0,11.0,0.019521474838256836
77.0,10.0,10.0,0.01880168914794922
16.0,4.0,4.0,0.0035076141357421875
38.0,8.0,8.0,0.00921010971069336
22.0,7.0,7.0,0.005437612533569336
43.0,8.0,8.0,0.009772539138793945
20.0,3.0,3.0,0.0049779415130615234
22.0,5.0,5.0,0.00459742546081543
30.0,5.0,5.0,0.008533000946044922
24.0,3.0,3.0,0.006306886672973633
18.0,3.0,3.0,0.0036592483520507812
33.0,5.0,5.0,0.0077648162841796875
16.0,3.0,3.0,0.0035860538482666016
17.0,3.0,3.0,0.005136728286743164
165.0,15.0,15.0,0.037224769592285156
27.0,2.0,2.0,0.0063533782958984375
45.0,6.0,6.0,0.010572195053100586
74.0,1.0,1.0,0.018622159957885742
16.0,2.0,2.0,0.00400233268737793
25.0,3.0,3.0,0.007117271423339844
62.0,10.0,10.0,0.014343738555908203
25.0,4.0,4.0,0.005211591720581055
116.0,10.0,10.0,0.025566816329956055
47.0,3.0,3.0,0.010278940200805664
60.0,8.0,8.0,0.013623237609863281
16.0,2.0,2.0,0.0035440921783447266
86.0,6.0,6.0,0.022464513778686523
124.0,12.0,12.0,0.029047012329101562
65.0,13.0,13.0,0.013924121856689453
22.0,5.0,5.0,0.0051174163818359375
48.0,6.0,6.0,0.010301589965820312
22.0,10.0,10.0,0.00511479377746582
26.0,5.0,5.0,0.006040334701538086
66.0,5.0,5.0,0.01503443717956543
34.0,8.0,8.0,0.007029056549072266
14.0,1.0,1.0,0.0031387805938720703
46.0,8.0,8.0,0.01516866683959961
38.0,5.0,5.0,0.008261442184448242
38.0,5.0,5.0,0.008231163024902344
70.0,10.0,10.0,0.015255212783813477
153.0,11.0,11.0,0.036191463470458984
45.0,10.0,10.0,0.010115385055541992
99.0,9.0,9.0,0.022908687591552734
13.0,1.0,1.0,0.004110097885131836
17.0,3.0,3.0,0.00457000732421875
23.0,4.0,4.0,0.005243778228759766
22.0,1.0,1.0,0.004807710647583008
116.0,10.0,10.0,0.023987531661987305
124.0,15.0,15.0,0.02632617950439453
86.0,8.0,8.0,0.02156996726989746
35.0,10.0,10.0,0.007161617279052734
43.0,10.0,10.0,0.011023998260498047
14.0,2.0,2.0,0.0030684471130371094
49.0,6.0,6.0,0.01176142692565918
46.0,5.0,5.0,0.010219573974609375
28.0,5.0,5.0,0.005502939224243164
14.0,3.0,3.0,0.0029985904693603516
60.0,4.0,4.0,0.01589035987854004
55.0,6.0,6.0,0.016139507293701172
18.0,4.0,4.0,0.0065708160400390625
25.0,5.0,5.0,0.007214546203613281
51.0,13.0,13.0,0.015210628509521484
26.0,2.0,2.0,0.00637364387512207
17.0,5.0,5.0,0.0041425228118896484
60.0,4.0,4.0,0.0171048641204834
24.0,4.0,4.0,0.006005287170410156
15.0,4.0,4.0,0.00498199462890625
88.0,11.0,11.0,0.025035858154296875
14.0,2.0,2.0,0.004040718078613281
44.0,8.0,8.0,0.009591817855834961
64.0,5.0,5.0,0.014947652816772461
36.0,5.0,5.0,0.007994890213012695
26.0,4.0,4.0,0.007238626480102539
18.0,1.0,1.0,0.0036122798919677734
21.0,5.0,5.0,0.004095315933227539
22.0,7.0,7.0,0.005701541900634766
44.0,7.0,7.0,0.01051950454711914
21.0,3.0,3.0,0.00527644157409668
69.0,15.0,15.0,0.021392345428466797
62.0,9.0,9.0,0.01728343963623047
32.0,6.0,6.0,0.008769750595092773
15.0,1.0,1.0,0.005504131317138672
32.0,0.0,0.0,0.009632110595703125
40.0,5.0,5.0,0.011105060577392578
38.0,4.0,4.0,0.008751392364501953
176.0,10.0,10.0,0.04533648490905762
21.0,9.0,9.0,0.006356239318847656
18.0,7.0,7.0,0.004164934158325195
43.0,4.0,4.0,0.009439706802368164
54.0,5.0,5.0,0.012439250946044922
24.0,3.0,3.0,0.004869937896728516
15.0,2.0,2.0,0.003761768341064453
25.0,4.0,4.0,0.005124330520629883
31.0,7.0,7.0,0.00847005844116211
102.0,14.0,14.0,0.0217287540435791
66.0,8.0,8.0,0.014186382293701172
42.0,6.0,6.0,0.010511159896850586
80.0,15.0,15.0,0.017511367797851562
24.0,4.0,4.0,0.006999015808105469
22.0,9.0,9.0,0.004893064498901367
102.0,7.0,7.0,0.02379465103149414
17.0,4.0,4.0,0.0035715103149414062
24.0,7.0,7.0,0.005249500274658203
35.0,2.0,2.0,0.007548809051513672
16.0,0.0,0.0,0.004155158996582031
73.0,13.0,13.0,0.015369176864624023
17.0,4.0,4.0,0.003284454345703125
55.0,9.0,9.0,0.010996103286743164
48.0,6.0,6.0,0.012033224105834961
33.0,7.0,7.0,0.006999969482421875
19.0,8.0,8.0,0.004072904586791992
92.0,14.0,14.0,0.022979736328125
25.0,4.0,4.0,0.005518198013305664
13.0,2.0,2.0,0.0024945735931396484
54.0,10.0,10.0,0.0117340087890625
116.0,15.0,15.0,0.04185986518859863
64.0,7.0,7.0,0.01996922492980957
46.0,7.0,7.0,0.012290477752685547
45.0,6.0,6.0,0.012140750885009766
18.0,4.0,4.0,0.00399470329284668
17.0,2.0,2.0,0.005247354507446289
32.0,7.0,7.0,0.0065190792083740234
17.0,0.0,0.0,0.003779888153076172
19.0,4.0,4.0,0.007460117340087891
44.0,5.0,5.0,0.01797342300415039
21.0,6.0,6.0,0.0053005218505859375
35.0,8.0,8.0,0.008648157119750977
44.0,7.0,7.0,0.009412527084350586
18.0,6.0,6.0,0.004251003265380859
21.0,3.0,3.0,0.00426793098449707
24.0,2.0,2.0,0.006264209747314453
44.0,8.0,8.0,0.011670351028442383
57.0,12.0,12.0,0.012340307235717773
24.0,2.0,2.0,0.0047800540924072266
53.0,6.0,6.0,0.011100053787231445
28.0,7.0,7.0,0.00599980354309082
16.0,2.0,2.0,0.0030078887939453125
59.0,10.0,10.0,0.012518882751464844
17.0,4.0,4.0,0.0036165714263916016
88.0,7.0,7.0,0.017508268356323242
32.0,2.0,2.0,0.0070002079010009766
30.0,5.0,5.0,0.0066547393798828125
25.0,2.0,2.0,0.005007505416870117
50.0,9.0,9.0,0.011313438415527344
30.0,5.0,5.0,0.006566524505615234
99.0,10.0,10.0,0.020656585693359375
50.0,16.0,16.0,0.010587453842163086
45.0,2.0,2.0,0.009519100189208984
49.0,9.0,9.0,0.011506795883178711
47.0,2.0,2.0,0.009737014770507812
64.0,5.0,5.0,0.013440132141113281
43.0,9.0,9.0,0.00936579704284668
31.0,4.0,4.0,0.006256818771362305
32.0,3.0,3.0,0.010519742965698242
37.0,0.0,0.0,0.007836341857910156
17.0,2.0,2.0,0.0035619735717773438
41.0,1.0,1.0,0.00850534439086914
19.0,3.0,3.0,0.005009651184082031
46.0,6.0,6.0,0.010156869888305664
75.0,10.0,10.0,0.014925479888916016
104.0,17.0,17.0,0.021976709365844727
22.0,3.0,3.0,0.004628896713256836
60.0,13.0,13.0,0.015223503112792969
16.0,2.0,2.0,0.0040073394775390625
49.0,12.0,12.0,0.011683225631713867
19.0,5.0,5.0,0.0040683746337890625
59.0,9.0,9.0,0.01196908950805664
32.0,8.0,8.0,0.0065135955810546875
17.0,3.0,3.0,0.0035288333892822266
24.0,5.0,5.0,0.005007505416870117
106.0,16.0,16.0,0.024021625518798828
46.0,6.0,6.0,0.008832693099975586
36.0,7.0,7.0,0.00750732421875
66.0,12.0,12.0,0.013160228729248047
17.0,2.0,2.0,0.004511594772338867
42.0,4.0,4.0,0.00867152214050293
14.0,4.0,4.0,0.003513336181640625
91.0,10.0,10.0,0.019307374954223633
25.0,2.0,2.0,0.006040096282958984
67.0,10.0,10.0,0.013724327087402344
55.0,5.0,5.0,0.012590169906616211
41.0,3.0,3.0,0.009339332580566406
142.0,6.0,6.0,0.02924060821533203
51.0,18.0,18.0,0.011539459228515625
128.0,12.0,12.0,0.025975465774536133
