Timesteps,Collisions,Steps Waited,Real-Time Elapsed
79.0,19.0,19.0,0.07143640518188477
78.0,32.0,32.0,0.06259369850158691
57.0,18.0,18.0,0.04250001907348633
27.0,7.0,7.0,0.021081924438476562
223.0,65.0,65.0,0.17863011360168457
46.0,20.0,20.0,0.04098963737487793
30.0,14.0,14.0,0.05858206748962402
72.0,36.0,36.0,0.08825087547302246
49.0,24.0,24.0,0.046492815017700195
108.0,41.0,41.0,0.10610461235046387
22.0,10.0,10.0,0.01766228675842285
41.0,16.0,16.0,0.03088998794555664
21.0,8.0,8.0,0.015251398086547852
36.0,16.0,16.0,0.028580427169799805
32.0,19.0,19.0,0.025658369064331055
56.0,21.0,21.0,0.041420698165893555
65.0,35.0,35.0,0.04937386512756348
32.0,14.0,14.0,0.02501058578491211
63.0,29.0,29.0,0.04986739158630371
24.0,12.0,12.0,0.02410435676574707
34.0,13.0,13.0,0.029704570770263672
30.0,10.0,10.0,0.028720855712890625
143.0,52.0,52.0,0.17533063888549805
117.0,46.0,46.0,0.09294605255126953
55.0,29.0,29.0,0.04500842094421387
86.0,36.0,36.0,0.06809258460998535
112.0,41.0,41.0,0.08481812477111816
26.0,14.0,14.0,0.018697261810302734
61.0,28.0,28.0,0.04914712905883789
79.0,34.0,34.0,0.09981870651245117
69.0,32.0,32.0,0.06879496574401855
43.0,18.0,18.0,0.03489828109741211
30.0,9.0,9.0,0.02663135528564453
75.0,18.0,18.0,0.06529951095581055
72.0,32.0,32.0,0.05677509307861328
39.0,15.0,15.0,0.028532028198242188
50.0,24.0,24.0,0.03745675086975098
26.0,13.0,13.0,0.020439624786376953
26.0,15.0,15.0,0.02024221420288086
47.0,21.0,21.0,0.034596920013427734
60.0,36.0,36.0,0.044199466705322266
69.0,29.0,29.0,0.05656743049621582
45.0,22.0,22.0,0.039688825607299805
116.0,27.0,27.0,0.09702324867248535
82.0,21.0,21.0,0.07121992111206055
43.0,11.0,11.0,0.031000137329101562
30.0,15.0,15.0,0.02500009536743164
36.0,18.0,18.0,0.028897523880004883
81.0,34.0,34.0,0.07021212577819824
49.0,21.0,21.0,0.04618644714355469
24.0,10.0,10.0,0.022456884384155273
56.0,23.0,23.0,0.051553964614868164
42.0,15.0,15.0,0.036051034927368164
42.0,11.0,11.0,0.03452348709106445
19.0,6.0,6.0,0.01343846321105957
69.0,30.0,30.0,0.053664445877075195
93.0,46.0,46.0,0.0774083137512207
57.0,33.0,33.0,0.04469442367553711
36.0,17.0,17.0,0.02863621711730957
28.0,17.0,17.0,0.022214889526367188
138.0,53.0,53.0,0.10710644721984863
95.0,42.0,42.0,0.07860064506530762
72.0,51.0,51.0,0.06017327308654785
53.0,20.0,20.0,0.042824506759643555
74.0,30.0,30.0,0.0722198486328125
93.0,24.0,24.0,0.07721734046936035
51.0,18.0,18.0,0.03757143020629883
79.0,40.0,40.0,0.06019306182861328
82.0,18.0,18.0,0.06250548362731934
50.0,34.0,34.0,0.040268659591674805
53.0,27.0,27.0,0.04263019561767578
67.0,23.0,23.0,0.05366039276123047
48.0,26.0,26.0,0.04555630683898926
94.0,37.0,37.0,0.07629776000976562
60.0,26.0,26.0,0.04848623275756836
150.0,51.0,51.0,0.11850285530090332
49.0,20.0,20.0,0.03585362434387207
60.0,28.0,28.0,0.04759621620178223
51.0,17.0,17.0,0.038590431213378906
72.0,31.0,31.0,0.0513606071472168
25.0,14.0,14.0,0.026922941207885742
86.0,22.0,22.0,0.08233022689819336
101.0,30.0,30.0,0.09636807441711426
29.0,12.0,12.0,0.019776344299316406
35.0,15.0,15.0,0.029905080795288086
72.0,27.0,27.0,0.056147098541259766
96.0,36.0,36.0,0.10029220581054688
46.0,24.0,24.0,0.03988313674926758
26.0,12.0,12.0,0.021121740341186523
32.0,16.0,16.0,0.025304079055786133
39.0,17.0,17.0,0.03078293800354004
61.0,30.0,30.0,0.06035637855529785
101.0,33.0,33.0,0.09250783920288086
34.0,12.0,12.0,0.025646448135375977
56.0,26.0,26.0,0.04060006141662598
33.0,15.0,15.0,0.03339362144470215
20.0,4.0,4.0,0.01792454719543457
25.0,10.0,10.0,0.02118992805480957
78.0,23.0,23.0,0.06021523475646973
57.0,22.0,22.0,0.05577898025512695
95.0,44.0,44.0,0.08762407302856445
45.0,16.0,16.0,0.04506802558898926
85.0,32.0,32.0,0.08565139770507812
225.0,71.0,71.0,0.20662283897399902
139.0,41.0,41.0,0.1087636947631836
77.0,19.0,19.0,0.061742305755615234
115.0,32.0,32.0,0.09428620338439941
58.0,25.0,25.0,0.0651845932006836
31.0,9.0,9.0,0.03420758247375488
78.0,41.0,41.0,0.0685732364654541
29.0,10.0,10.0,0.026525497436523438
39.0,13.0,13.0,0.03489518165588379
36.0,18.0,18.0,0.03205108642578125
45.0,19.0,19.0,0.032866716384887695
63.0,32.0,32.0,0.05037379264831543
38.0,19.0,19.0,0.027536869049072266
123.0,37.0,37.0,0.09450268745422363
56.0,21.0,21.0,0.05202007293701172
148.0,73.0,73.0,0.11193513870239258
71.0,20.0,20.0,0.05506563186645508
70.0,35.0,35.0,0.05307650566101074
73.0,30.0,30.0,0.052544593811035156
132.0,43.0,43.0,0.11112713813781738
80.0,40.0,40.0,0.06674838066101074
102.0,26.0,26.0,0.08048272132873535
35.0,17.0,17.0,0.024971961975097656
27.0,15.0,15.0,0.019758224487304688
37.0,18.0,18.0,0.028674602508544922
42.0,17.0,17.0,0.03901195526123047
61.0,29.0,29.0,0.04853534698486328
38.0,20.0,20.0,0.03314328193664551
28.0,6.0,6.0,0.024605512619018555
45.0,32.0,32.0,0.0386652946472168
52.0,17.0,17.0,0.041109561920166016
34.0,19.0,19.0,0.027730226516723633
22.0,11.0,11.0,0.015720605850219727
24.0,10.0,10.0,0.018874168395996094
43.0,17.0,17.0,0.032660722732543945
33.0,14.0,14.0,0.0317690372467041
71.0,34.0,34.0,0.057659149169921875
39.0,15.0,15.0,0.030736684799194336
32.0,13.0,13.0,0.026955842971801758
47.0,15.0,15.0,0.04190254211425781
82.0,23.0,23.0,0.0859229564666748
67.0,18.0,18.0,0.06495833396911621
129.0,74.0,74.0,0.1060950756072998
103.0,28.0,28.0,0.07596683502197266
54.0,19.0,19.0,0.04082965850830078
28.0,14.0,14.0,0.02270030975341797
23.0,11.0,11.0,0.01870274543762207
57.0,27.0,27.0,0.04215049743652344
50.0,26.0,26.0,0.038434505462646484
43.0,25.0,25.0,0.034371137619018555
19.0,7.0,7.0,0.014452457427978516
37.0,19.0,19.0,0.028368234634399414
40.0,21.0,21.0,0.03723311424255371
161.0,59.0,59.0,0.13855719566345215
134.0,45.0,45.0,0.13332319259643555
120.0,47.0,47.0,0.10829901695251465
88.0,73.0,73.0,0.07193827629089355
49.0,17.0,17.0,0.038535118103027344
157.0,55.0,55.0,0.12301135063171387
45.0,25.0,25.0,0.03538823127746582
75.0,28.0,28.0,0.05736112594604492
103.0,26.0,26.0,0.08626627922058105
29.0,6.0,6.0,0.02847433090209961
36.0,20.0,20.0,0.034621238708496094
34.0,23.0,23.0,0.029599428176879883
27.0,14.0,14.0,0.023718833923339844
24.0,10.0,10.0,0.0187375545501709
39.0,12.0,12.0,0.031586647033691406
24.0,11.0,11.0,0.01869368553161621
95.0,40.0,40.0,0.0854649543762207
30.0,14.0,14.0,0.026428699493408203
209.0,87.0,87.0,0.16367626190185547
92.0,34.0,34.0,0.07395625114440918
32.0,12.0,12.0,0.02421402931213379
82.0,37.0,37.0,0.06540513038635254
129.0,53.0,53.0,0.09961962699890137
57.0,33.0,33.0,0.04539132118225098
39.0,18.0,18.0,0.033605337142944336
41.0,16.0,16.0,0.0439302921295166
15.0,4.0,4.0,0.015172958374023438
72.0,27.0,27.0,0.06006646156311035
81.0,33.0,33.0,0.06505084037780762
75.0,23.0,23.0,0.06129097938537598
35.0,21.0,21.0,0.02810359001159668
22.0,10.0,10.0,0.016396522521972656
28.0,15.0,15.0,0.022545814514160156
32.0,11.0,11.0,0.024664640426635742
87.0,38.0,38.0,0.07048177719116211
181.0,78.0,78.0,0.14118504524230957
35.0,20.0,20.0,0.025587081909179688
37.0,14.0,14.0,0.03273129463195801
81.0,24.0,24.0,0.06648516654968262
61.0,18.0,18.0,0.05786848068237305
146.0,40.0,40.0,0.13277530670166016
41.0,19.0,19.0,0.038426876068115234
42.0,24.0,24.0,0.042192697525024414
41.0,30.0,30.0,0.03294801712036133
58.0,41.0,41.0,0.04381728172302246
67.0,30.0,30.0,0.05070853233337402
25.0,13.0,13.0,0.019728899002075195
91.0,40.0,40.0,0.06907415390014648
29.0,11.0,11.0,0.021809816360473633
156.0,63.0,63.0,0.12478899955749512
35.0,17.0,17.0,0.02774667739868164
40.0,19.0,19.0,0.028735637664794922
83.0,34.0,34.0,0.06689906120300293
56.0,17.0,17.0,0.04257607460021973
41.0,28.0,28.0,0.03641986846923828
95.0,62.0,62.0,0.06903290748596191
17.0,6.0,6.0,0.011666536331176758
26.0,14.0,14.0,0.019710540771484375
30.0,12.0,12.0,0.02136063575744629
67.0,35.0,35.0,0.048337459564208984
28.0,17.0,17.0,0.020362138748168945
36.0,14.0,14.0,0.028690338134765625
31.0,13.0,13.0,0.022716522216796875
168.0,62.0,62.0,0.12852954864501953
41.0,6.0,6.0,0.03516888618469238
39.0,17.0,17.0,0.03520011901855469
83.0,33.0,33.0,0.0764918327331543
39.0,14.0,14.0,0.0375823974609375
51.0,12.0,12.0,0.04308652877807617
21.0,6.0,6.0,0.02009868621826172
39.0,28.0,28.0,0.037139177322387695
39.0,20.0,20.0,0.03201889991760254
38.0,12.0,12.0,0.03271222114562988
100.0,38.0,38.0,0.07795548439025879
26.0,15.0,15.0,0.017777204513549805
37.0,19.0,19.0,0.025337696075439453
93.0,45.0,45.0,0.07309269905090332
44.0,17.0,17.0,0.03613448143005371
99.0,45.0,45.0,0.07733774185180664
28.0,8.0,8.0,0.020766735076904297
43.0,24.0,24.0,0.031792640686035156
105.0,30.0,30.0,0.08134865760803223
23.0,11.0,11.0,0.01706719398498535
175.0,55.0,55.0,0.13365507125854492
29.0,10.0,10.0,0.02653789520263672
71.0,27.0,27.0,0.057356834411621094
34.0,10.0,10.0,0.027591466903686523
41.0,23.0,23.0,0.030771970748901367
22.0,10.0,10.0,0.015817880630493164
49.0,11.0,11.0,0.03699445724487305
27.0,14.0,14.0,0.02171802520751953
27.0,12.0,12.0,0.020948171615600586
98.0,35.0,35.0,0.08239078521728516
70.0,37.0,37.0,0.05375528335571289
50.0,31.0,31.0,0.04848837852478027
74.0,30.0,30.0,0.058817386627197266
35.0,12.0,12.0,0.028927326202392578
117.0,48.0,48.0,0.08979320526123047
186.0,67.0,67.0,0.14922070503234863
34.0,21.0,21.0,0.02750682830810547
50.0,17.0,17.0,0.03903388977050781
154.0,48.0,48.0,0.12075996398925781
36.0,16.0,16.0,0.027277231216430664
29.0,14.0,14.0,0.021888017654418945
127.0,44.0,44.0,0.11052751541137695
50.0,25.0,25.0,0.038973093032836914
118.0,45.0,45.0,0.10242128372192383
21.0,10.0,10.0,0.015999555587768555
106.0,42.0,42.0,0.08352851867675781
97.0,44.0,44.0,0.08211708068847656
18.0,6.0,6.0,0.015647411346435547
81.0,40.0,40.0,0.07094049453735352
75.0,27.0,27.0,0.06466555595397949
27.0,8.0,8.0,0.021205902099609375
148.0,49.0,49.0,0.1198430061340332
103.0,37.0,37.0,0.07476568222045898
27.0,11.0,11.0,0.019686222076416016
78.0,18.0,18.0,0.06229209899902344
27.0,10.0,10.0,0.023307323455810547
49.0,14.0,14.0,0.039464712142944336
37.0,11.0,11.0,0.03056049346923828
61.0,27.0,27.0,0.04712319374084473
57.0,35.0,35.0,0.043802499771118164
31.0,17.0,17.0,0.025553464889526367
23.0,13.0,13.0,0.01718759536743164
23.0,11.0,11.0,0.017908096313476562
37.0,19.0,19.0,0.03077220916748047
29.0,9.0,9.0,0.02529430389404297
62.0,28.0,28.0,0.054537057876586914
93.0,32.0,32.0,0.08132028579711914
36.0,23.0,23.0,0.030046463012695312
25.0,10.0,10.0,0.02264547348022461
72.0,14.0,14.0,0.06396293640136719
20.0,9.0,9.0,0.015999794006347656
33.0,9.0,9.0,0.02562713623046875
54.0,25.0,25.0,0.04200005531311035
48.0,16.0,16.0,0.04004359245300293
45.0,14.0,14.0,0.04159045219421387
33.0,15.0,15.0,0.03000044822692871
97.0,48.0,48.0,0.08378958702087402
43.0,16.0,16.0,0.04458880424499512
39.0,19.0,19.0,0.03500008583068848
122.0,42.0,42.0,0.09962940216064453
36.0,19.0,19.0,0.026999473571777344
57.0,24.0,24.0,0.04763460159301758
70.0,34.0,34.0,0.056999921798706055
76.0,22.0,22.0,0.06062817573547363
97.0,40.0,40.0,0.07763242721557617
67.0,27.0,27.0,0.05099964141845703
29.0,14.0,14.0,0.025043010711669922
75.0,21.0,21.0,0.05558633804321289
51.0,23.0,23.0,0.044588565826416016
18.0,7.0,7.0,0.01416921615600586
62.0,28.0,28.0,0.04900002479553223
45.0,13.0,13.0,0.03462815284729004
54.0,29.0,29.0,0.04699993133544922
44.0,21.0,21.0,0.05339479446411133
82.0,42.0,42.0,0.07879137992858887
90.0,25.0,25.0,0.07089996337890625
26.0,15.0,15.0,0.019033432006835938
41.0,29.0,29.0,0.031589508056640625
40.0,13.0,13.0,0.03099989891052246
109.0,35.0,35.0,0.08662891387939453
129.0,40.0,40.0,0.11963272094726562
28.0,16.0,16.0,0.029042720794677734
26.0,14.0,14.0,0.02695012092590332
53.0,23.0,23.0,0.040999650955200195
70.0,16.0,16.0,0.053632497787475586
31.0,9.0,9.0,0.026000022888183594
27.0,13.0,13.0,0.020005464553833008
39.0,19.0,19.0,0.035628557205200195
122.0,32.0,32.0,0.10903739929199219
20.0,6.0,6.0,0.014999628067016602
92.0,22.0,22.0,0.07663249969482422
68.0,23.0,23.0,0.05000019073486328
24.0,9.0,9.0,0.02504253387451172
39.0,25.0,25.0,0.029585838317871094
57.0,19.0,19.0,0.0410001277923584
57.0,19.0,19.0,0.04363226890563965
65.0,25.0,25.0,0.04900002479553223
95.0,47.0,47.0,0.08462810516357422
27.0,14.0,14.0,0.02499985694885254
68.0,18.0,18.0,0.059162139892578125
47.0,21.0,21.0,0.03699994087219238
35.0,17.0,17.0,0.02663278579711914
46.0,7.0,7.0,0.03599977493286133
32.0,20.0,20.0,0.026999711990356445
109.0,54.0,54.0,0.08962869644165039
45.0,10.0,10.0,0.0426325798034668
19.0,8.0,8.0,0.016000032424926758
71.0,34.0,34.0,0.06704282760620117
44.0,22.0,22.0,0.04558563232421875
26.0,9.0,9.0,0.023999691009521484
16.0,5.0,5.0,0.013000011444091797
63.0,13.0,13.0,0.05362129211425781
66.0,17.0,17.0,0.04804229736328125
68.0,26.0,26.0,0.0595858097076416
20.0,7.0,7.0,0.014999866485595703
26.0,15.0,15.0,0.023042678833007812
51.0,31.0,31.0,0.04058980941772461
104.0,36.0,36.0,0.08062863349914551
39.0,21.0,21.0,0.029000043869018555
53.0,26.0,26.0,0.05363297462463379
26.0,15.0,15.0,0.02742934226989746
119.0,33.0,33.0,0.11420416831970215
133.0,38.0,38.0,0.10776615142822266
20.0,8.0,8.0,0.01399993896484375
61.0,29.0,29.0,0.04863381385803223
130.0,42.0,42.0,0.10595893859863281
20.0,8.0,8.0,0.01399993896484375
97.0,40.0,40.0,0.07162857055664062
37.0,16.0,16.0,0.0279998779296875
41.0,19.0,19.0,0.032000064849853516
48.0,24.0,24.0,0.03859090805053711
69.0,20.0,20.0,0.051999807357788086
30.0,17.0,17.0,0.022633790969848633
21.0,11.0,11.0,0.017000198364257812
68.0,21.0,21.0,0.05500006675720215
44.0,23.0,23.0,0.03763270378112793
73.0,27.0,27.0,0.056999921798706055
47.0,25.0,25.0,0.037628889083862305
71.0,31.0,31.0,0.05200004577636719
138.0,41.0,41.0,0.1172034740447998
57.0,23.0,23.0,0.052590131759643555
46.0,23.0,23.0,0.03600001335144043
69.0,29.0,29.0,0.053629159927368164
23.0,9.0,9.0,0.018000125885009766
51.0,18.0,18.0,0.04204201698303223
128.0,45.0,45.0,0.10767197608947754
77.0,27.0,27.0,0.05800008773803711
48.0,30.0,30.0,0.03863382339477539
30.0,17.0,17.0,0.0279996395111084
20.0,6.0,6.0,0.020999908447265625
27.0,15.0,15.0,0.02404308319091797
127.0,52.0,52.0,0.16137194633483887
22.0,9.0,9.0,0.01637744903564453
49.0,26.0,26.0,0.039794206619262695
29.0,12.0,12.0,0.021649837493896484
21.0,9.0,9.0,0.0259554386138916
73.0,36.0,36.0,0.08271050453186035
142.0,46.0,46.0,0.11529684066772461
86.0,34.0,34.0,0.06855487823486328
123.0,47.0,47.0,0.10614967346191406
41.0,13.0,13.0,0.040177106857299805
250.0,61.0,61.0,0.23342657089233398
59.0,21.0,21.0,0.055999755859375
25.0,13.0,13.0,0.024715423583984375
58.0,25.0,25.0,0.04825901985168457
30.0,20.0,20.0,0.023000240325927734
123.0,47.0,47.0,0.11767339706420898
171.0,103.0,103.0,0.17862939834594727
33.0,8.0,8.0,0.023633241653442383
89.0,28.0,28.0,0.06399989128112793
51.0,24.0,24.0,0.036632537841796875
58.0,20.0,20.0,0.043000221252441406
107.0,41.0,41.0,0.09563279151916504
111.0,34.0,34.0,0.09562873840332031
38.0,16.0,16.0,0.028999805450439453
33.0,20.0,20.0,0.02463245391845703
101.0,39.0,39.0,0.07499980926513672
96.0,37.0,37.0,0.09559178352355957
29.0,16.0,16.0,0.02863287925720215
25.0,9.0,9.0,0.026999950408935547
40.0,13.0,13.0,0.029000043869018555
85.0,39.0,39.0,0.06329154968261719
70.0,27.0,27.0,0.051042795181274414
39.0,22.0,22.0,0.027585506439208984
20.0,6.0,6.0,0.013999462127685547
41.0,10.0,10.0,0.029999971389770508
43.0,13.0,13.0,0.031632423400878906
50.0,22.0,22.0,0.039999961853027344
210.0,77.0,77.0,0.18726205825805664
66.0,46.0,46.0,0.062042236328125
150.0,70.0,70.0,0.14263319969177246
27.0,9.0,9.0,0.025000333786010742
40.0,16.0,16.0,0.03763008117675781
56.0,21.0,21.0,0.04642343521118164
33.0,11.0,11.0,0.02586817741394043
286.0,127.0,127.0,0.22405409812927246
172.0,58.0,58.0,0.12562775611877441
41.0,22.0,22.0,0.032999515533447266
24.0,10.0,10.0,0.01804375648498535
132.0,64.0,64.0,0.10619306564331055
53.0,28.0,28.0,0.0440065860748291
32.0,18.0,18.0,0.02500009536743164
111.0,30.0,30.0,0.0856015682220459
74.0,28.0,28.0,0.05862927436828613
25.0,9.0,9.0,0.021999835968017578
59.0,21.0,21.0,0.0470426082611084
74.0,34.0,34.0,0.06104326248168945
40.0,19.0,19.0,0.0340428352355957
86.0,33.0,33.0,0.08411550521850586
107.0,37.0,37.0,0.0896298885345459
99.0,53.0,53.0,0.0856328010559082
52.0,32.0,32.0,0.038628578186035156
41.0,19.0,19.0,0.029000043869018555
52.0,27.0,27.0,0.04199981689453125
99.0,33.0,33.0,0.08163309097290039
23.0,10.0,10.0,0.017000198364257812
40.0,23.0,23.0,0.029628753662109375
33.0,14.0,14.0,0.025999784469604492
21.0,9.0,9.0,0.014999866485595703
18.0,6.0,6.0,0.015000104904174805
63.0,34.0,34.0,0.050632476806640625
60.0,22.0,22.0,0.054000139236450195
58.0,25.0,25.0,0.04962897300720215
54.0,19.0,19.0,0.042999982833862305
61.0,36.0,36.0,0.04963231086730957
65.0,21.0,21.0,0.04799985885620117
20.0,7.0,7.0,0.01604294776916504
32.0,12.0,12.0,0.025032997131347656
129.0,40.0,40.0,0.10963201522827148
99.0,25.0,25.0,0.08316278457641602
135.0,36.0,36.0,0.12910151481628418
38.0,10.0,10.0,0.03163552284240723
117.0,28.0,28.0,0.10539555549621582
42.0,12.0,12.0,0.037592172622680664
70.0,31.0,31.0,0.057042837142944336
56.0,16.0,16.0,0.0445857048034668
31.0,14.0,14.0,0.02299976348876953
55.0,26.0,26.0,0.04004263877868652
73.0,27.0,27.0,0.05344390869140625
44.0,19.0,19.0,0.03462791442871094
71.0,43.0,43.0,0.050585269927978516
96.0,42.0,42.0,0.07563209533691406
153.0,50.0,50.0,0.13362765312194824
41.0,20.0,20.0,0.03304266929626465
42.0,20.0,20.0,0.03458976745605469
51.0,29.0,29.0,0.045000314712524414
60.0,34.0,34.0,0.04662775993347168
124.0,62.0,62.0,0.09513998031616211
72.0,28.0,28.0,0.06034994125366211
34.0,21.0,21.0,0.02494359016418457
80.0,24.0,24.0,0.06200003623962402
55.0,12.0,12.0,0.039632558822631836
31.0,14.0,14.0,0.023000001907348633
45.0,18.0,18.0,0.040000200271606445
32.0,17.0,17.0,0.022628307342529297
70.0,32.0,32.0,0.059999704360961914
21.0,8.0,8.0,0.021042585372924805
25.0,12.0,12.0,0.020590782165527344
54.0,17.0,17.0,0.04400014877319336
51.0,31.0,31.0,0.04493260383605957
46.0,32.0,32.0,0.03599977493286133
99.0,35.0,35.0,0.08563232421875
35.0,20.0,20.0,0.0279998779296875
62.0,28.0,28.0,0.04962897300720215
57.0,23.0,23.0,0.0409998893737793
25.0,9.0,9.0,0.01900005340576172
31.0,16.0,16.0,0.02204275131225586
21.0,9.0,9.0,0.014589786529541016
36.0,23.0,23.0,0.028000593185424805
122.0,39.0,39.0,0.09595465660095215
27.0,14.0,14.0,0.01999974250793457
19.0,8.0,8.0,0.01399993896484375
19.0,6.0,6.0,0.01404261589050293
165.0,65.0,65.0,0.1322183609008789
43.0,25.0,25.0,0.034999847412109375
96.0,36.0,36.0,0.09174609184265137
177.0,78.0,78.0,0.14447259902954102
91.0,57.0,57.0,0.07399988174438477
68.0,34.0,34.0,0.05662870407104492
26.0,12.0,12.0,0.021999835968017578
33.0,10.0,10.0,0.027527809143066406
163.0,58.0,58.0,0.13422036170959473
34.0,18.0,18.0,0.026999950408935547
50.0,19.0,19.0,0.041628122329711914
67.0,45.0,45.0,0.05500006675720215
23.0,10.0,10.0,0.018000125885009766
43.0,22.0,22.0,0.03563332557678223
46.0,12.0,12.0,0.03896141052246094
57.0,25.0,25.0,0.05690908432006836
82.0,30.0,30.0,0.0762171745300293
74.0,35.0,35.0,0.0705873966217041
141.0,52.0,52.0,0.1196753978729248
47.0,29.0,29.0,0.03458547592163086
99.0,39.0,39.0,0.07404255867004395
71.0,24.0,24.0,0.05300021171569824
70.0,21.0,21.0,0.055628299713134766
119.0,54.0,54.0,0.09363317489624023
39.0,27.0,27.0,0.029000043869018555
22.0,9.0,9.0,0.01699995994567871
43.0,14.0,14.0,0.031042814254760742
51.0,17.0,17.0,0.036585092544555664
56.0,28.0,28.0,0.04600024223327637
29.0,10.0,10.0,0.021042346954345703
18.0,7.0,7.0,0.016043901443481445
17.0,6.0,6.0,0.013362884521484375
43.0,19.0,19.0,0.03804469108581543
109.0,28.0,28.0,0.08663272857666016
86.0,34.0,34.0,0.06962823867797852
93.0,32.0,32.0,0.07863235473632812
33.0,5.0,5.0,0.026000022888183594
66.0,21.0,21.0,0.049042701721191406
218.0,92.0,92.0,0.16921782493591309
95.0,36.0,36.0,0.1017451286315918
42.0,21.0,21.0,0.03699207305908203
29.0,13.0,13.0,0.030729293823242188
39.0,25.0,25.0,0.037036895751953125
163.0,57.0,57.0,0.1242985725402832
27.0,17.0,17.0,0.020999908447265625
65.0,28.0,28.0,0.053999900817871094
31.0,15.0,15.0,0.02759075164794922
35.0,21.0,21.0,0.0280001163482666
35.0,16.0,16.0,0.026999711990356445
152.0,56.0,56.0,0.12167024612426758
197.0,74.0,74.0,0.16190576553344727
25.0,14.0,14.0,0.018000125885009766
70.0,32.0,32.0,0.05262947082519531
23.0,11.0,11.0,0.01699972152709961
98.0,40.0,40.0,0.08215999603271484
51.0,16.0,16.0,0.04196572303771973
39.0,26.0,26.0,0.030630826950073242
114.0,42.0,42.0,0.08358335494995117
110.0,25.0,25.0,0.09963226318359375
38.0,23.0,23.0,0.028999805450439453
27.0,14.0,14.0,0.02200007438659668
29.0,11.0,11.0,0.020999908447265625
47.0,22.0,22.0,0.03462982177734375
99.0,43.0,43.0,0.07504820823669434
68.0,25.0,25.0,0.050589799880981445
95.0,32.0,32.0,0.07462811470031738
85.0,43.0,43.0,0.06304311752319336
51.0,25.0,25.0,0.03758955001831055
13.0,3.0,3.0,0.008999824523925781
111.0,36.0,36.0,0.0914924144744873
38.0,24.0,24.0,0.0280001163482666
58.0,29.0,29.0,0.041632890701293945
31.0,17.0,17.0,0.02499985694885254
27.0,11.0,11.0,0.019999980926513672
55.0,15.0,15.0,0.04004263877868652
47.0,19.0,19.0,0.03658652305603027
88.0,41.0,41.0,0.06863236427307129
28.0,14.0,14.0,0.023000240325927734
44.0,9.0,9.0,0.03300023078918457
93.0,30.0,30.0,0.07362771034240723
27.0,7.0,7.0,0.023999691009521484
36.0,13.0,13.0,0.02852797508239746
122.0,52.0,52.0,0.1447737216949463
60.0,29.0,29.0,0.04380059242248535
162.0,54.0,54.0,0.11887001991271973
53.0,19.0,19.0,0.04199981689453125
33.0,20.0,20.0,0.026000261306762695
97.0,35.0,35.0,0.07378220558166504
13.0,1.0,1.0,0.011000394821166992
96.0,49.0,49.0,0.0771334171295166
62.0,23.0,23.0,0.04804253578186035
77.0,44.0,44.0,0.058589935302734375
168.0,51.0,51.0,0.13444042205810547
57.0,18.0,18.0,0.042589664459228516
135.0,58.0,58.0,0.10362815856933594
21.0,10.0,10.0,0.015999794006347656
30.0,13.0,13.0,0.023999929428100586
83.0,25.0,25.0,0.06259036064147949
63.0,26.0,26.0,0.0485835075378418
112.0,30.0,30.0,0.08604264259338379
51.0,22.0,22.0,0.0385899543762207
56.0,21.0,21.0,0.04199981689453125
42.0,26.0,26.0,0.030629396438598633
83.0,37.0,37.0,0.059999704360961914
75.0,21.0,21.0,0.06063246726989746
47.0,22.0,22.0,0.036031246185302734
54.0,19.0,19.0,0.04162788391113281
27.0,8.0,8.0,0.021999835968017578
34.0,11.0,11.0,0.03299999237060547
140.0,54.0,54.0,0.10767650604248047
50.0,13.0,13.0,0.03858590126037598
34.0,14.0,14.0,0.023992061614990234
44.0,23.0,23.0,0.032042503356933594
31.0,13.0,13.0,0.02158975601196289
146.0,62.0,62.0,0.10897421836853027
39.0,23.0,23.0,0.029999971389770508
44.0,25.0,25.0,0.035042524337768555
19.0,6.0,6.0,0.014590024948120117
224.0,85.0,85.0,0.17463326454162598
34.0,20.0,20.0,0.027632474899291992
33.0,10.0,10.0,0.029999494552612305
97.0,27.0,27.0,0.08945059776306152
57.0,15.0,15.0,0.04274344444274902
83.0,34.0,34.0,0.06363034248352051
32.0,17.0,17.0,0.026000022888183594
72.0,28.0,28.0,0.05562901496887207
59.0,32.0,32.0,0.04800009727478027
253.0,67.0,67.0,0.1922602653503418
29.0,16.0,16.0,0.02345442771911621
26.0,9.0,9.0,0.022044897079467773
22.0,9.0,9.0,0.01699995994567871
47.0,20.0,20.0,0.03399991989135742
67.0,23.0,23.0,0.05463242530822754
110.0,39.0,39.0,0.09562849998474121
31.0,13.0,13.0,0.02500009536743164
65.0,27.0,27.0,0.04663252830505371
37.0,12.0,12.0,0.02599954605102539
37.0,14.0,14.0,0.0280001163482666
45.0,20.0,20.0,0.0340425968170166
42.0,15.0,15.0,0.039299964904785156
47.0,22.0,22.0,0.04304385185241699
35.0,8.0,8.0,0.024585485458374023
77.0,25.0,25.0,0.05499982833862305
62.0,30.0,30.0,0.047629356384277344
50.0,29.0,29.0,0.03900003433227539
149.0,32.0,32.0,0.12262725830078125
39.0,24.0,24.0,0.030632972717285156
79.0,27.0,27.0,0.06430578231811523
22.0,8.0,8.0,0.016042470932006836
73.0,23.0,23.0,0.05604410171508789
113.0,43.0,43.0,0.08662843704223633
38.0,18.0,18.0,0.028999805450439453
40.0,26.0,26.0,0.029632091522216797
30.0,15.0,15.0,0.023000240325927734
111.0,23.0,23.0,0.09062862396240234
40.0,25.0,25.0,0.03399968147277832
112.0,48.0,48.0,0.09385275840759277
53.0,15.0,15.0,0.04267740249633789
46.0,22.0,22.0,0.03600001335144043
34.0,11.0,11.0,0.029000043869018555
46.0,22.0,22.0,0.03362774848937988
71.0,32.0,32.0,0.07500004768371582
53.0,17.0,17.0,0.0625908374786377
58.0,39.0,39.0,0.061187028884887695
45.0,20.0,20.0,0.03839254379272461
30.0,19.0,19.0,0.02288055419921875
32.0,21.0,21.0,0.025756359100341797
38.0,22.0,22.0,0.029000043869018555
136.0,55.0,55.0,0.10562825202941895
100.0,27.0,27.0,0.08963251113891602
266.0,91.0,91.0,0.23926186561584473
42.0,16.0,16.0,0.0340418815612793
35.0,13.0,13.0,0.03899979591369629
28.0,12.0,12.0,0.023999929428100586
51.0,27.0,27.0,0.04063296318054199
73.0,27.0,27.0,0.059000253677368164
52.0,23.0,23.0,0.04662942886352539
17.0,5.0,5.0,0.0290069580078125
88.0,29.0,29.0,0.0706326961517334
25.0,7.0,7.0,0.018999814987182617
39.0,12.0,12.0,0.029042720794677734
53.0,22.0,22.0,0.046083927154541016
86.0,40.0,40.0,0.06562995910644531
22.0,10.0,10.0,0.015999794006347656
21.0,8.0,8.0,0.016000032424926758
36.0,13.0,13.0,0.02899956703186035
21.0,10.0,10.0,0.018042564392089844
31.0,16.0,16.0,0.024590253829956055
38.0,21.0,21.0,0.02899956703186035
207.0,66.0,66.0,0.18526101112365723
61.0,20.0,20.0,0.04400014877319336
34.0,11.0,11.0,0.029628753662109375
46.0,21.0,21.0,0.03500008583068848
121.0,49.0,49.0,0.11963224411010742
116.0,33.0,33.0,0.09462904930114746
24.0,10.0,10.0,0.022042274475097656
47.0,27.0,27.0,0.038590192794799805
27.0,14.0,14.0,0.028413057327270508
44.0,26.0,26.0,0.049309492111206055
44.0,11.0,11.0,0.03499960899353027
88.0,28.0,28.0,0.06962966918945312
20.0,9.0,9.0,0.015000104904174805
59.0,16.0,16.0,0.04600024223327637
91.0,36.0,36.0,0.07929039001464844
137.0,44.0,44.0,0.1250169277191162
20.0,8.0,8.0,0.017622709274291992
39.0,19.0,19.0,0.028999805450439453
28.0,11.0,11.0,0.019999980926513672
54.0,24.0,24.0,0.0471644401550293
29.0,9.0,9.0,0.03000020980834961
121.0,52.0,52.0,0.09062814712524414
152.0,68.0,68.0,0.11963510513305664
54.0,18.0,18.0,0.047628164291381836
57.0,14.0,14.0,0.043999671936035156
21.0,9.0,9.0,0.018000125885009766
52.0,29.0,29.0,0.047502994537353516
60.0,28.0,28.0,0.051000118255615234
21.0,7.0,7.0,0.01604294776916504
26.0,7.0,7.0,0.020589828491210938
89.0,34.0,34.0,0.07204318046569824
31.0,20.0,20.0,0.02358531951904297
179.0,68.0,68.0,0.1436326503753662
39.0,13.0,13.0,0.029042959213256836
63.0,40.0,40.0,0.04688620567321777
37.0,17.0,17.0,0.028999805450439453
60.0,27.0,27.0,0.049817562103271484
89.0,30.0,30.0,0.0726325511932373
49.0,22.0,22.0,0.04058551788330078
29.0,13.0,13.0,0.024000167846679688
48.0,26.0,26.0,0.03763222694396973
71.0,21.0,21.0,0.054000139236450195
42.0,11.0,11.0,0.032042503356933594
80.0,29.0,29.0,0.06358647346496582
138.0,48.0,48.0,0.11180591583251953
19.0,8.0,8.0,0.016042709350585938
96.0,45.0,45.0,0.08158564567565918
77.0,30.0,30.0,0.05863332748413086
18.0,7.0,7.0,0.014999866485595703
49.0,21.0,21.0,0.041042327880859375
96.0,43.0,43.0,0.08358550071716309
63.0,21.0,21.0,0.050632476806640625
23.0,8.0,8.0,0.01699972152709961
31.0,13.0,13.0,0.023000240325927734
40.0,13.0,13.0,0.030629873275756836
50.0,27.0,27.0,0.03699994087219238
87.0,26.0,26.0,0.08663272857666016
26.0,13.0,13.0,0.0230712890625
15.0,5.0,5.0,0.014357328414916992
51.0,19.0,19.0,0.04704761505126953
69.0,35.0,35.0,0.055992841720581055
54.0,14.0,14.0,0.05022430419921875
50.0,17.0,17.0,0.0429997444152832
18.0,6.0,6.0,0.014586687088012695
38.0,15.0,15.0,0.03000020980834961
21.0,10.0,10.0,0.015999555587768555
28.0,17.0,17.0,0.023000478744506836
31.0,15.0,15.0,0.02463245391845703
117.0,39.0,39.0,0.09663081169128418
28.0,11.0,11.0,0.023999929428100586
102.0,34.0,34.0,0.08663225173950195
40.0,14.0,14.0,0.03500032424926758
49.0,23.0,23.0,0.04562878608703613
89.0,36.0,36.0,0.07699990272521973
124.0,49.0,49.0,0.10159015655517578
134.0,53.0,53.0,0.10562777519226074
30.0,13.0,13.0,0.02258920669555664
70.0,17.0,17.0,0.051999807357788086
282.0,83.0,83.0,0.22130465507507324
100.0,30.0,30.0,0.08058619499206543
38.0,12.0,12.0,0.03263235092163086
25.0,11.0,11.0,0.021999835968017578
49.0,26.0,26.0,0.037999868392944336
35.0,24.0,24.0,0.027628660202026367
71.0,16.0,16.0,0.06148552894592285
45.0,28.0,28.0,0.03862810134887695
195.0,82.0,82.0,0.14663243293762207
34.0,13.0,13.0,0.026042461395263672
54.0,20.0,20.0,0.04104351997375488
53.0,18.0,18.0,0.03900003433227539
69.0,19.0,19.0,0.05287289619445801
43.0,19.0,19.0,0.03299999237060547
134.0,53.0,53.0,0.10562777519226074
61.0,24.0,24.0,0.045632362365722656
47.0,25.0,25.0,0.038546085357666016
147.0,51.0,51.0,0.1429288387298584
41.0,20.0,20.0,0.02938699722290039
167.0,76.0,76.0,0.12870526313781738
105.0,23.0,23.0,0.08063244819641113
54.0,19.0,19.0,0.043042898178100586
35.0,15.0,15.0,0.03059220314025879
23.0,12.0,12.0,0.017999887466430664
68.0,36.0,36.0,0.05463290214538574
44.0,21.0,21.0,0.039999961853027344
165.0,66.0,66.0,0.16726303100585938
44.0,19.0,19.0,0.0670003890991211
23.0,12.0,12.0,0.025586366653442383
95.0,34.0,34.0,0.09663248062133789
97.0,36.0,36.0,0.10013890266418457
46.0,19.0,19.0,0.038057565689086914
71.0,31.0,31.0,0.05641674995422363
65.0,35.0,35.0,0.05114102363586426
31.0,20.0,20.0,0.026076793670654297
32.0,17.0,17.0,0.02758622169494629
70.0,35.0,35.0,0.05799984931945801
61.0,28.0,28.0,0.049162864685058594
93.0,34.0,34.0,0.08263421058654785
23.0,12.0,12.0,0.02200007438659668
89.0,37.0,37.0,0.11263227462768555
118.0,48.0,48.0,0.10363125801086426
184.0,70.0,70.0,0.13826584815979004
27.0,15.0,15.0,0.021000146865844727
22.0,7.0,7.0,0.016000032424926758
29.0,15.0,15.0,0.023999452590942383
65.0,37.0,37.0,0.047628164291381836
29.0,15.0,15.0,0.02499985694885254
113.0,36.0,36.0,0.0856328010559082
46.0,13.0,13.0,0.03499960899353027
58.0,39.0,39.0,0.04862856864929199
44.0,22.0,22.0,0.039999961853027344
45.0,20.0,20.0,0.050634145736694336
25.0,7.0,7.0,0.024998903274536133
93.0,32.0,32.0,0.08086061477661133
91.0,42.0,42.0,0.0881204605102539
79.0,24.0,24.0,0.06713986396789551
41.0,20.0,20.0,0.03358721733093262
27.0,15.0,15.0,0.021999359130859375
35.0,20.0,20.0,0.026999711990356445
62.0,26.0,26.0,0.04963231086730957
57.0,20.0,20.0,0.07104372978210449
29.0,16.0,16.0,0.028045654296875
50.0,7.0,7.0,0.05804300308227539
23.0,12.0,12.0,0.01858973503112793
23.0,9.0,9.0,0.019000768661499023
23.0,12.0,12.0,0.019998550415039062
188.0,84.0,84.0,0.16226696968078613
31.0,12.0,12.0,0.023999929428100586
98.0,30.0,30.0,0.0806283950805664
58.0,32.0,32.0,0.04399991035461426
89.0,33.0,33.0,0.06763291358947754
44.0,21.0,21.0,0.03400015830993652
27.0,14.0,14.0,0.019042491912841797
93.0,29.0,29.0,0.0725862979888916
34.0,13.0,13.0,0.027036666870117188
33.0,22.0,22.0,0.02700638771057129
167.0,64.0,64.0,0.13962793350219727
26.0,13.0,13.0,0.027042627334594727
31.0,15.0,15.0,0.032000064849853516
32.0,17.0,17.0,0.024999618530273438
26.0,14.0,14.0,0.019998788833618164
134.0,52.0,52.0,0.10709834098815918
82.0,24.0,24.0,0.06858587265014648
50.0,21.0,21.0,0.038632869720458984
41.0,22.0,22.0,0.032999515533447266
36.0,12.0,12.0,0.029999971389770508
35.0,15.0,15.0,0.02962779998779297
32.0,8.0,8.0,0.029999971389770508
26.0,15.0,15.0,0.03565073013305664
99.0,28.0,28.0,0.08562827110290527
55.0,21.0,21.0,0.042632102966308594
83.0,26.0,26.0,0.06599974632263184
76.0,39.0,39.0,0.06415748596191406
24.0,10.0,10.0,0.018999814987182617
88.0,38.0,38.0,0.0780029296875
42.0,15.0,15.0,0.03300023078918457
45.0,13.0,13.0,0.04151415824890137
32.0,20.0,20.0,0.02597641944885254
37.0,14.0,14.0,0.03336143493652344
33.0,9.0,9.0,0.0264742374420166
162.0,45.0,45.0,0.12166237831115723
43.0,14.0,14.0,0.037999629974365234
27.0,13.0,13.0,0.024043798446655273
27.0,12.0,12.0,0.02304387092590332
82.0,29.0,29.0,0.06304240226745605
37.0,13.0,13.0,0.03258562088012695
117.0,56.0,56.0,0.09263253211975098
41.0,15.0,15.0,0.03399944305419922
59.0,15.0,15.0,0.0486297607421875
32.0,18.0,18.0,0.023000001907348633
176.0,64.0,64.0,0.14287257194519043
21.0,9.0,9.0,0.018042325973510742
28.0,14.0,14.0,0.024585962295532227
91.0,31.0,31.0,0.07104277610778809
36.0,25.0,25.0,0.02758955955505371
36.0,12.0,12.0,0.02499985694885254
30.0,18.0,18.0,0.023999691009521484
66.0,33.0,33.0,0.05462813377380371
192.0,80.0,80.0,0.15167474746704102
22.0,11.0,11.0,0.0165860652923584
100.0,30.0,30.0,0.07699990272521973
51.0,27.0,27.0,0.03963208198547363
27.0,13.0,13.0,0.024000167846679688
60.0,35.0,35.0,0.055628299713134766
21.0,9.0,9.0,0.017999887466430664
49.0,25.0,25.0,0.04799985885620117
75.0,20.0,20.0,0.07263302803039551
16.0,4.0,4.0,0.014999628067016602
49.0,26.0,26.0,0.04862833023071289
70.0,28.0,28.0,0.05899977684020996
79.0,19.0,19.0,0.07763242721557617
49.0,27.0,27.0,0.04462909698486328
34.0,21.0,21.0,0.0279998779296875
29.0,15.0,15.0,0.02500009536743164
69.0,17.0,17.0,0.06263256072998047
30.0,15.0,15.0,0.026000022888183594
61.0,31.0,31.0,0.047628164291381836
123.0,39.0,39.0,0.09264874458312988
48.0,15.0,15.0,0.057000160217285156
25.0,9.0,9.0,0.02572941780090332
64.0,29.0,29.0,0.05257725715637207
30.0,14.0,14.0,0.024216890335083008
24.0,9.0,9.0,0.01998615264892578
57.0,20.0,20.0,0.042643070220947266
122.0,44.0,44.0,0.09762787818908691
41.0,22.0,22.0,0.029999971389770508
71.0,26.0,26.0,0.05162763595581055
27.0,12.0,12.0,0.019999980926513672
70.0,28.0,28.0,0.05304312705993652
48.0,24.0,24.0,0.043999671936035156
49.0,16.0,16.0,0.03904271125793457
50.0,22.0,22.0,0.03911781311035156
110.0,32.0,32.0,0.08562755584716797
112.0,41.0,41.0,0.09163355827331543
39.0,17.0,17.0,0.02899956703186035
102.0,31.0,31.0,0.08162856101989746
90.0,45.0,45.0,0.06404304504394531
56.0,28.0,28.0,0.04059028625488281
41.0,22.0,22.0,0.03000020980834961
21.0,7.0,7.0,0.017999887466430664
121.0,47.0,47.0,0.09358572959899902
38.0,13.0,13.0,0.027632951736450195
42.0,14.0,14.0,0.03399991989135742
29.0,18.0,18.0,0.023000001907348633
119.0,37.0,37.0,0.10162854194641113
70.0,20.0,20.0,0.06463241577148438
88.0,33.0,33.0,0.07562828063964844
48.0,24.0,24.0,0.03603410720825195
269.0,100.0,100.0,0.23130488395690918
84.0,22.0,22.0,0.0745854377746582
88.0,17.0,17.0,0.06363296508789062
68.0,27.0,27.0,0.05104231834411621
72.0,49.0,49.0,0.055585384368896484
39.0,15.0,15.0,0.03399991989135742
36.0,25.0,25.0,0.03058934211730957
35.0,14.0,14.0,0.026993989944458008
44.0,15.0,15.0,0.03500485420227051
35.0,18.0,18.0,0.028629779815673828
32.0,13.0,13.0,0.025000572204589844
128.0,45.0,45.0,0.11176276206970215
42.0,30.0,30.0,0.031159639358520508
79.0,36.0,36.0,0.05887961387634277
37.0,18.0,18.0,0.02700042724609375
40.0,24.0,24.0,0.029635906219482422
109.0,35.0,35.0,0.0900428295135498
45.0,28.0,28.0,0.037000179290771484
57.0,22.0,22.0,0.05506181716918945
34.0,17.0,17.0,0.029590368270874023
206.0,79.0,79.0,0.17020606994628906
48.0,24.0,24.0,0.040000200271606445
44.0,19.0,19.0,0.0409998893737793
88.0,43.0,43.0,0.07259058952331543
52.0,22.0,22.0,0.04462862014770508
36.0,16.0,16.0,0.03699994087219238
38.0,18.0,18.0,0.04104328155517578
172.0,62.0,62.0,0.1432180404663086
73.0,28.0,28.0,0.06104278564453125
82.0,27.0,27.0,0.06558990478515625
60.0,24.0,24.0,0.051629066467285156
62.0,28.0,28.0,0.04952812194824219
25.0,7.0,7.0,0.021042823791503906
48.0,20.0,20.0,0.04657173156738281
22.0,11.0,11.0,0.01700592041015625
23.0,8.0,8.0,0.01900005340576172
79.0,21.0,21.0,0.06963276863098145
122.0,41.0,41.0,0.09062790870666504
106.0,37.0,37.0,0.09663248062133789
42.0,17.0,17.0,0.03900003433227539
26.0,9.0,9.0,0.027628183364868164
31.0,16.0,16.0,0.02499985694885254
50.0,34.0,34.0,0.0409998893737793
26.0,14.0,14.0,0.027632474899291992
123.0,51.0,51.0,0.11981916427612305
73.0,19.0,19.0,0.05504250526428223
70.0,47.0,47.0,0.055590152740478516
24.0,13.0,13.0,0.01699995994567871
55.0,19.0,19.0,0.04062819480895996
65.0,35.0,35.0,0.07307291030883789
23.0,9.0,9.0,0.025506973266601562
26.0,11.0,11.0,0.024891138076782227
24.0,12.0,12.0,0.03179049491882324
67.0,17.0,17.0,0.06446433067321777
34.0,6.0,6.0,0.03000020980834961
67.0,40.0,40.0,0.05262875556945801
65.0,24.0,24.0,0.05432271957397461
76.0,21.0,21.0,0.06862831115722656
33.0,14.0,14.0,0.026999950408935547
77.0,24.0,24.0,0.06963253021240234
24.0,7.0,7.0,0.01799941062927246
46.0,14.0,14.0,0.04062938690185547
46.0,23.0,23.0,0.03900003433227539
55.0,25.0,25.0,0.05363297462463379
59.0,26.0,26.0,0.051999807357788086
62.0,36.0,36.0,0.05062747001647949
47.0,28.0,28.0,0.0410001277923584
90.0,30.0,30.0,0.08563470840454102
66.0,27.0,27.0,0.06062817573547363
36.0,14.0,14.0,0.03200030326843262
104.0,41.0,41.0,0.09363245964050293
50.0,19.0,19.0,0.05404520034790039
43.0,19.0,19.0,0.03357505798339844
42.0,21.0,21.0,0.049506425857543945
15.0,4.0,4.0,0.010512828826904297
81.0,27.0,27.0,0.05899691581726074
64.0,26.0,26.0,0.04811716079711914
198.0,62.0,62.0,0.16094708442687988
115.0,38.0,38.0,0.08900809288024902
95.0,19.0,19.0,0.08163332939147949
38.0,15.0,15.0,0.029999732971191406
45.0,19.0,19.0,0.033585548400878906
18.0,8.0,8.0,0.01399993896484375
79.0,33.0,33.0,0.05904269218444824
87.0,24.0,24.0,0.0665895938873291
87.0,45.0,45.0,0.0769495964050293
150.0,70.0,70.0,0.12463235855102539
111.0,38.0,38.0,0.10562849044799805
25.0,13.0,13.0,0.019257068634033203
24.0,14.0,14.0,0.018068313598632812
88.0,39.0,39.0,0.0753321647644043
45.0,24.0,24.0,0.03419756889343262
42.0,25.0,25.0,0.03300023078918457
114.0,31.0,31.0,0.09719181060791016
57.0,26.0,26.0,0.04667210578918457
92.0,28.0,28.0,0.07904243469238281
90.0,24.0,24.0,0.07258963584899902
53.0,28.0,28.0,0.040628671646118164
99.0,47.0,47.0,0.0770425796508789
48.0,21.0,21.0,0.04158973693847656
41.0,20.0,20.0,0.03699994087219238
22.0,9.0,9.0,0.022628068923950195
61.0,20.0,20.0,0.04699969291687012
31.0,12.0,12.0,0.024001121520996094
33.0,14.0,14.0,0.025633573532104492
100.0,36.0,36.0,0.07299995422363281
69.0,23.0,23.0,0.054982900619506836
32.0,13.0,13.0,0.02499985694885254
88.0,39.0,39.0,0.06363201141357422
35.0,17.0,17.0,0.02700018882751465
101.0,33.0,33.0,0.0786294937133789
68.0,35.0,35.0,0.059042930603027344
95.0,36.0,36.0,0.07359004020690918
57.0,14.0,14.0,0.043923139572143555
26.0,14.0,14.0,0.019999980926513672
111.0,34.0,34.0,0.09363222122192383
28.0,13.0,13.0,0.023000001907348633
70.0,20.0,20.0,0.0636281967163086
96.0,37.0,37.0,0.0836329460144043
85.0,34.0,34.0,0.07152819633483887
50.0,17.0,17.0,0.0365900993347168
37.0,16.0,16.0,0.031000137329101562
128.0,75.0,75.0,0.12462782859802246
85.0,32.0,32.0,0.07163286209106445
23.0,6.0,6.0,0.018000364303588867
80.0,26.0,26.0,0.07140588760375977
28.0,11.0,11.0,0.021000146865844727
62.0,34.0,34.0,0.05862879753112793
98.0,53.0,53.0,0.09444141387939453
89.0,40.0,40.0,0.06749129295349121
76.0,22.0,22.0,0.05903458595275879
49.0,23.0,23.0,0.04062819480895996
74.0,20.0,20.0,0.06897711753845215
60.0,15.0,15.0,0.05135297775268555
27.0,16.0,16.0,0.023000240325927734
69.0,21.0,21.0,0.05862879753112793
78.0,20.0,20.0,0.059000253677368164
175.0,43.0,43.0,0.16126036643981934
56.0,31.0,31.0,0.04804229736328125
60.0,33.0,33.0,0.04658985137939453
52.0,13.0,13.0,0.04452991485595703
32.0,9.0,9.0,0.027590513229370117
81.0,40.0,40.0,0.0700521469116211
77.0,34.0,34.0,0.05658602714538574
25.0,8.0,8.0,0.021999835968017578
68.0,30.0,30.0,0.04863309860229492
72.0,20.0,20.0,0.05800008773803711
38.0,22.0,22.0,0.02897167205810547
88.0,25.0,25.0,0.0710000991821289
35.0,21.0,21.0,0.03367447853088379
131.0,47.0,47.0,0.11962771415710449
37.0,18.0,18.0,0.03600001335144043
163.0,50.0,50.0,0.13926029205322266
116.0,55.0,55.0,0.09563279151916504
38.0,13.0,13.0,0.028999805450439453
33.0,14.0,14.0,0.032093048095703125
87.0,46.0,46.0,0.0636281967163086
67.0,27.0,27.0,0.052632808685302734
46.0,18.0,18.0,0.037999868392944336
31.0,17.0,17.0,0.03000020980834961
31.0,13.0,13.0,0.023582935333251953
31.0,11.0,11.0,0.023999452590942383
81.0,44.0,44.0,0.06504321098327637
94.0,39.0,39.0,0.07659101486206055
72.0,26.0,26.0,0.05962800979614258
46.0,19.0,19.0,0.04461312294006348
35.0,8.0,8.0,0.030874967575073242
60.0,24.0,24.0,0.052793025970458984
87.0,40.0,40.0,0.08181381225585938
51.0,18.0,18.0,0.04562807083129883
42.0,20.0,20.0,0.037000179290771484
65.0,39.0,39.0,0.053043365478515625
151.0,38.0,38.0,0.13553452491760254
23.0,11.0,11.0,0.018000125885009766
61.0,25.0,25.0,0.04404258728027344
81.0,31.0,31.0,0.06404399871826172
54.0,26.0,26.0,0.04362773895263672
18.0,7.0,7.0,0.01199960708618164
36.0,22.0,22.0,0.029999971389770508
66.0,35.0,35.0,0.049633026123046875
59.0,16.0,16.0,0.042999982833862305
100.0,33.0,33.0,0.08592438697814941
21.0,10.0,10.0,0.017000198364257812
38.0,20.0,20.0,0.03604245185852051
28.0,16.0,16.0,0.02458977699279785
82.0,38.0,38.0,0.07057690620422363
23.0,3.0,3.0,0.016589641571044922
23.0,13.0,13.0,0.018000125885009766
63.0,31.0,31.0,0.0490422248840332
33.0,9.0,9.0,0.023586034774780273
20.0,6.0,6.0,0.015000104904174805
83.0,22.0,22.0,0.0620424747467041
50.0,20.0,20.0,0.03759026527404785
44.0,19.0,19.0,0.034999847412109375
35.0,16.0,16.0,0.027042865753173828
108.0,36.0,36.0,0.09718179702758789
69.0,21.0,21.0,0.04904365539550781
22.0,8.0,8.0,0.01900029182434082
61.0,24.0,24.0,0.05060386657714844
30.0,17.0,17.0,0.025000333786010742
22.0,9.0,9.0,0.01600027084350586
73.0,40.0,40.0,0.058632612228393555
73.0,27.0,27.0,0.0535280704498291
49.0,23.0,23.0,0.04059004783630371
42.0,13.0,13.0,0.03399991989135742
46.0,15.0,15.0,0.037628173828125
91.0,36.0,36.0,0.07400012016296387
81.0,30.0,30.0,0.06563234329223633
40.0,21.0,21.0,0.03299975395202637
92.0,27.0,27.0,0.06962800025939941
124.0,31.0,31.0,0.11892962455749512
23.0,11.0,11.0,0.021639108657836914
79.0,36.0,36.0,0.06283402442932129
69.0,22.0,22.0,0.0569615364074707
100.0,47.0,47.0,0.0785975456237793
51.0,36.0,36.0,0.03800034523010254
30.0,16.0,16.0,0.02500009536743164
63.0,26.0,26.0,0.05363941192626953
237.0,90.0,90.0,0.18644976615905762
85.0,31.0,31.0,0.06599974632263184
34.0,20.0,20.0,0.024633169174194336
62.0,18.0,18.0,0.045999765396118164
92.0,30.0,30.0,0.07262682914733887
32.0,14.0,14.0,0.023000001907348633
95.0,25.0,25.0,0.07363271713256836
24.0,10.0,10.0,0.018000125885009766
78.0,43.0,43.0,0.06062769889831543
37.0,19.0,19.0,0.028999805450439453
41.0,17.0,17.0,0.03000020980834961
48.0,22.0,22.0,0.036633968353271484
23.0,9.0,9.0,0.01699995994567871
69.0,38.0,38.0,0.05504274368286133
23.0,11.0,11.0,0.01758551597595215
28.0,10.0,10.0,0.01999974250793457
42.0,24.0,24.0,0.035001277923583984
24.0,10.0,10.0,0.01799941062927246
121.0,63.0,63.0,0.10263323783874512
26.0,13.0,13.0,0.020586013793945312
29.0,11.0,11.0,0.024000167846679688
47.0,27.0,27.0,0.03500008583068848
33.0,21.0,21.0,0.027632474899291992
31.0,15.0,15.0,0.023999691009521484
24.0,11.0,11.0,0.023000240325927734
21.0,7.0,7.0,0.01699972152709961
83.0,28.0,28.0,0.0671091079711914
23.0,9.0,9.0,0.01699995994567871
262.0,70.0,70.0,0.21453285217285156
74.0,26.0,26.0,0.060660600662231445
29.0,13.0,13.0,0.023999929428100586
21.0,10.0,10.0,0.01600027084350586
122.0,39.0,39.0,0.0916292667388916
21.0,7.0,7.0,0.017042875289916992
38.0,12.0,12.0,0.03258967399597168
17.0,5.0,5.0,0.01399993896484375
74.0,28.0,28.0,0.06389808654785156
229.0,92.0,92.0,0.20027804374694824
206.0,94.0,94.0,0.16463255882263184
107.0,54.0,54.0,0.09524178504943848
68.0,30.0,30.0,0.057628631591796875
93.0,40.0,40.0,0.08263278007507324
103.0,31.0,31.0,0.09862852096557617
52.0,21.0,21.0,0.03699994087219238
95.0,34.0,34.0,0.0706319808959961
85.0,26.0,26.0,0.06203293800354004
28.0,17.0,17.0,0.021585464477539062
180.0,62.0,62.0,0.13363289833068848
38.0,12.0,12.0,0.032042741775512695
81.0,28.0,28.0,0.05752825736999512
30.0,14.0,14.0,0.021000385284423828
91.0,40.0,40.0,0.06963253021240234
22.0,10.0,10.0,0.016000032424926758
52.0,25.0,25.0,0.047951459884643555
89.0,35.0,35.0,0.06872797012329102
52.0,14.0,14.0,0.03862881660461426
127.0,37.0,37.0,0.11663317680358887
41.0,21.0,21.0,0.044042348861694336
30.0,19.0,19.0,0.024585962295532227
53.0,19.0,19.0,0.04799962043762207
37.0,18.0,18.0,0.0320429801940918
35.0,21.0,21.0,0.027043819427490234
30.0,5.0,5.0,0.023999929428100586
33.0,15.0,15.0,0.02700018882751465
15.0,4.0,4.0,0.013042449951171875
23.0,11.0,11.0,0.01758599281311035
158.0,63.0,63.0,0.12363266944885254
48.0,17.0,17.0,0.039999961853027344
40.0,14.0,14.0,0.03463029861450195
48.0,22.0,22.0,0.03599953651428223
62.0,22.0,22.0,0.04763197898864746
38.0,12.0,12.0,0.027042388916015625
28.0,10.0,10.0,0.023714780807495117
52.0,23.0,23.0,0.059421539306640625
30.0,12.0,12.0,0.03686642646789551
51.0,22.0,22.0,0.04738330841064453
29.0,11.0,11.0,0.023713111877441406
168.0,46.0,46.0,0.12833213806152344
29.0,15.0,15.0,0.024042844772338867
59.0,25.0,25.0,0.04358959197998047
21.0,8.0,8.0,0.016000032424926758
33.0,11.0,11.0,0.02700018882751465
33.0,13.0,13.0,0.029628515243530273
57.0,16.0,16.0,0.048000335693359375
114.0,46.0,46.0,0.10163259506225586
28.0,12.0,12.0,0.024042606353759766
28.0,14.0,14.0,0.025585174560546875
124.0,54.0,54.0,0.10763263702392578
32.0,16.0,16.0,0.03000020980834961
36.0,17.0,17.0,0.02704310417175293
41.0,18.0,18.0,0.0315854549407959
88.0,31.0,31.0,0.07004261016845703
134.0,62.0,62.0,0.11721205711364746
45.0,19.0,19.0,0.0410001277923584
95.0,21.0,21.0,0.09363436698913574
27.0,13.0,13.0,0.023000478744506836
34.0,9.0,9.0,0.028628826141357422
35.0,12.0,12.0,0.0299990177154541
35.0,14.0,14.0,0.02899956703186035
142.0,37.0,37.0,0.12626099586486816
23.0,10.0,10.0,0.018999338150024414
32.0,11.0,11.0,0.03199958801269531
105.0,45.0,45.0,0.10063385963439941
101.0,41.0,41.0,0.09065914154052734
48.0,18.0,18.0,0.04363274574279785
107.0,37.0,37.0,0.08104205131530762
28.0,17.0,17.0,0.021585464477539062
108.0,48.0,48.0,0.1006326675415039
79.0,37.0,37.0,0.08357119560241699
48.0,22.0,22.0,0.04804372787475586
125.0,43.0,43.0,0.11162924766540527
60.0,21.0,21.0,0.058632612228393555
73.0,26.0,26.0,0.06226849555969238
60.0,14.0,14.0,0.04925060272216797
79.0,63.0,63.0,0.06263065338134766
157.0,49.0,49.0,0.12363362312316895
76.0,33.0,33.0,0.06104278564453125
27.0,16.0,16.0,0.022585153579711914
27.0,13.0,13.0,0.023000240325927734
26.0,13.0,13.0,0.021999597549438477
64.0,27.0,27.0,0.05863237380981445
58.0,23.0,23.0,0.051999807357788086
41.0,21.0,21.0,0.039627790451049805
111.0,57.0,57.0,0.0966339111328125
70.0,24.0,24.0,0.05799984931945801
65.0,30.0,30.0,0.055939674377441406
83.0,49.0,49.0,0.06262850761413574
74.0,16.0,16.0,0.06700015068054199
33.0,12.0,12.0,0.03263401985168457
19.0,9.0,9.0,0.02200007438659668
76.0,31.0,31.0,0.06862831115722656
27.0,13.0,13.0,0.021000146865844727
51.0,27.0,27.0,0.042999982833862305
97.0,34.0,34.0,0.07763290405273438
56.0,26.0,26.0,0.04762887954711914
76.0,39.0,39.0,0.0689997673034668
30.0,14.0,14.0,0.028632164001464844
114.0,41.0,41.0,0.09993243217468262
30.0,8.0,8.0,0.025000333786010742
57.0,25.0,25.0,0.042999982833862305
48.0,19.0,19.0,0.03687167167663574
18.0,7.0,7.0,0.016000032424926758
105.0,51.0,51.0,0.07962775230407715
25.0,12.0,12.0,0.01900005340576172
80.0,43.0,43.0,0.060588836669921875
30.0,13.0,13.0,0.02200007438659668
36.0,13.0,13.0,0.026999950408935547
62.0,13.0,13.0,0.0448603630065918
106.0,53.0,53.0,0.07900023460388184
60.0,18.0,18.0,0.045632123947143555
28.0,12.0,12.0,0.02299976348876953
28.0,10.0,10.0,0.020999670028686523
28.0,16.0,16.0,0.023583173751831055
79.0,24.0,24.0,0.06552815437316895
26.0,10.0,10.0,0.024042844772338867
26.0,10.0,10.0,0.021585702896118164
107.0,54.0,54.0,0.09485554695129395
68.0,29.0,29.0,0.05553126335144043
32.0,18.0,18.0,0.024075746536254883
31.0,12.0,12.0,0.022585391998291016
45.0,25.0,25.0,0.03399968147277832
35.0,16.0,16.0,0.025999784469604492
90.0,41.0,41.0,0.07458996772766113
143.0,39.0,39.0,0.11804032325744629
80.0,15.0,15.0,0.06063222885131836
118.0,54.0,54.0,0.09262800216674805
38.0,24.0,24.0,0.029000282287597656
176.0,82.0,82.0,0.1487884521484375
46.0,23.0,23.0,0.03699994087219238
32.0,17.0,17.0,0.023999929428100586
30.0,14.0,14.0,0.022628068923950195
31.0,18.0,18.0,0.02499985694885254
59.0,29.0,29.0,0.04600024223327637
77.0,20.0,20.0,0.06087303161621094
59.0,32.0,32.0,0.049042701721191406
72.0,23.0,23.0,0.058585405349731445
16.0,2.0,2.0,0.013000011444091797
53.0,26.0,26.0,0.04063272476196289
27.0,15.0,15.0,0.020999908447265625
28.0,14.0,14.0,0.021999597549438477
43.0,9.0,9.0,0.031043052673339844
40.0,20.0,20.0,0.0291135311126709
36.0,15.0,15.0,0.026999711990356445
39.0,22.0,22.0,0.028000354766845703
74.0,20.0,20.0,0.05605483055114746
75.0,28.0,28.0,0.05758833885192871
29.0,19.0,19.0,0.021999835968017578
44.0,22.0,22.0,0.03399991989135742
32.0,18.0,18.0,0.02404308319091797
95.0,25.0,25.0,0.07658505439758301
28.0,10.0,10.0,0.020043134689331055
40.0,19.0,19.0,0.029590129852294922
39.0,14.0,14.0,0.028999805450439453
32.0,17.0,17.0,0.026000022888183594
54.0,18.0,18.0,0.040949344635009766
54.0,29.0,29.0,0.0410001277923584
107.0,41.0,41.0,0.08963346481323242
111.0,50.0,50.0,0.08462858200073242
129.0,44.0,44.0,0.0986323356628418
23.0,11.0,11.0,0.018000125885009766
145.0,48.0,48.0,0.12325477600097656
95.0,36.0,36.0,0.0718529224395752
67.0,24.0,24.0,0.06080055236816406
42.0,24.0,24.0,0.034999847412109375
114.0,52.0,52.0,0.09763336181640625
40.0,26.0,26.0,0.03604269027709961
32.0,15.0,15.0,0.031045198440551758
49.0,26.0,26.0,0.04219508171081543
78.0,31.0,31.0,0.06863212585449219
53.0,20.0,20.0,0.04504275321960449
80.0,32.0,32.0,0.060585975646972656
34.0,16.0,16.0,0.023999929428100586
28.0,13.0,13.0,0.020632266998291016
38.0,15.0,15.0,0.03000020980834961
22.0,11.0,11.0,0.018000125885009766
25.0,11.0,11.0,0.018000125885009766
57.0,19.0,19.0,0.04362773895263672
54.0,25.0,25.0,0.04199981689453125
25.0,15.0,15.0,0.022042274475097656
62.0,32.0,32.0,0.04659008979797363
53.0,40.0,40.0,0.042999982833862305
57.0,29.0,29.0,0.04862833023071289
57.0,25.0,25.0,0.0429997444152832
96.0,20.0,20.0,0.07863259315490723
40.0,17.0,17.0,0.032042741775512695
34.0,14.0,14.0,0.027585744857788086
105.0,50.0,50.0,0.08263206481933594
53.0,19.0,19.0,0.043000221252441406
33.0,19.0,19.0,0.026999950408935547
48.0,23.0,23.0,0.03662848472595215
46.0,24.0,24.0,0.034999847412109375
39.0,17.0,17.0,0.03304338455200195
37.0,15.0,15.0,0.02758955955505371
106.0,33.0,33.0,0.0806279182434082
63.0,31.0,31.0,0.04900026321411133
50.0,22.0,22.0,0.03823494911193848
63.0,22.0,22.0,0.04758954048156738
107.0,52.0,52.0,0.08662819862365723
114.0,28.0,28.0,0.09163260459899902
22.0,8.0,8.0,0.017999649047851562
30.0,14.0,14.0,0.024000167846679688
49.0,14.0,14.0,0.035628557205200195
150.0,55.0,55.0,0.11663269996643066
24.0,11.0,11.0,0.020999670028686523
20.0,5.0,5.0,0.01900005340576172
22.0,11.0,11.0,0.031000375747680664
66.0,34.0,34.0,0.07834911346435547
18.0,7.0,7.0,0.017025470733642578
22.0,11.0,11.0,0.026100635528564453
25.0,11.0,11.0,0.025280475616455078
128.0,43.0,43.0,0.11333394050598145
43.0,25.0,25.0,0.04394984245300293
20.0,9.0,9.0,0.019722938537597656
87.0,32.0,32.0,0.07863068580627441
49.0,19.0,19.0,0.03800010681152344
28.0,14.0,14.0,0.021042346954345703
19.0,7.0,7.0,0.015589714050292969
55.0,30.0,30.0,0.04499983787536621
48.0,29.0,29.0,0.03904271125793457
59.0,19.0,19.0,0.044586896896362305
76.0,28.0,28.0,0.06263279914855957
32.0,17.0,17.0,0.02299976348876953
211.0,82.0,82.0,0.16567111015319824
68.0,31.0,31.0,0.06559085845947266
64.0,23.0,23.0,0.05674099922180176
63.0,18.0,18.0,0.051999807357788086
38.0,18.0,18.0,0.03563261032104492
33.0,10.0,10.0,0.029999732971191406
248.0,96.0,96.0,0.2047438621520996
32.0,14.0,14.0,0.023999929428100586
248.0,70.0,70.0,0.2137894630432129
63.0,15.0,15.0,0.05258965492248535
30.0,18.0,18.0,0.020999908447265625
26.0,11.0,11.0,0.019042491912841797
91.0,25.0,25.0,0.08058595657348633
49.0,15.0,15.0,0.03863263130187988
48.0,27.0,27.0,0.04199981689453125
95.0,40.0,40.0,0.07392454147338867
35.0,18.0,18.0,0.0279996395111084
54.0,20.0,20.0,0.04279804229736328
25.0,12.0,12.0,0.020999908447265625
27.0,8.0,8.0,0.023000001907348633
25.0,14.0,14.0,0.01999974250793457
49.0,26.0,26.0,0.04362821578979492
48.0,11.0,11.0,0.03899979591369629
117.0,35.0,35.0,0.11012864112854004
32.0,12.0,12.0,0.03216361999511719
168.0,57.0,57.0,0.15232419967651367
94.0,27.0,27.0,0.06862807273864746
37.0,17.0,17.0,0.0279998779296875
24.0,9.0,9.0,0.01900029182434082
43.0,14.0,14.0,0.03463339805603027
99.0,42.0,42.0,0.0806279182434082
22.0,8.0,8.0,0.018000125885009766
103.0,35.0,35.0,0.09463238716125488
43.0,25.0,25.0,0.03300023078918457
23.0,10.0,10.0,0.018999814987182617
53.0,23.0,23.0,0.039628028869628906
37.0,20.0,20.0,0.028999805450439453
87.0,23.0,23.0,0.06463241577148438
30.0,10.0,10.0,0.028000354766845703
58.0,13.0,13.0,0.04304242134094238
84.0,37.0,37.0,0.06458520889282227
22.0,8.0,8.0,0.01699972152709961
58.0,22.0,22.0,0.048632144927978516
23.0,13.0,13.0,0.02499985694885254
72.0,12.0,12.0,0.05862903594970703
36.0,23.0,23.0,0.02500009536743164
104.0,36.0,36.0,0.07863426208496094
43.0,11.0,11.0,0.0410001277923584
108.0,29.0,29.0,0.09462857246398926
98.0,46.0,46.0,0.07763290405273438
117.0,52.0,52.0,0.10825705528259277
32.0,16.0,16.0,0.0279998779296875
21.0,9.0,9.0,0.017586946487426758
39.0,20.0,20.0,0.03299975395202637
28.0,7.0,7.0,0.02200007438659668
57.0,18.0,18.0,0.04063224792480469
42.0,22.0,22.0,0.03000020980834961
43.0,19.0,19.0,0.03200030326843262
47.0,17.0,17.0,0.033629417419433594
39.0,21.0,21.0,0.0279996395111084
74.0,27.0,27.0,0.05304265022277832
37.0,12.0,12.0,0.02658987045288086
28.0,14.0,14.0,0.023000001907348633
48.0,12.0,12.0,0.03699970245361328
47.0,18.0,18.0,0.0376279354095459
54.0,16.0,16.0,0.04903364181518555
22.0,10.0,10.0,0.02004408836364746
20.0,7.0,7.0,0.014580488204956055
110.0,30.0,30.0,0.09363889694213867
22.0,12.0,12.0,0.018999576568603516
26.0,10.0,10.0,0.023999929428100586
37.0,11.0,11.0,0.03362536430358887
109.0,31.0,31.0,0.0970304012298584
15.0,4.0,4.0,0.01352548599243164
28.0,12.0,12.0,0.021999835968017578
34.0,21.0,21.0,0.026999711990356445
170.0,57.0,57.0,0.13567495346069336
31.0,10.0,10.0,0.02658557891845703
130.0,50.0,50.0,0.11963224411010742
55.0,22.0,22.0,0.04404258728027344
25.0,6.0,6.0,0.01958608627319336
57.0,37.0,37.0,0.050087690353393555
31.0,15.0,15.0,0.02335214614868164
59.0,26.0,26.0,0.0445857048034668
54.0,20.0,20.0,0.04200005531311035
155.0,47.0,47.0,0.12626099586486816
79.0,26.0,26.0,0.06200003623962402
48.0,32.0,32.0,0.04063272476196289
40.0,26.0,26.0,0.03000020980834961
30.0,12.0,12.0,0.023999452590942383
36.0,21.0,21.0,0.02862834930419922
19.0,6.0,6.0,0.016000032424926758
36.0,15.0,15.0,0.030999422073364258
45.0,21.0,21.0,0.03504228591918945
175.0,56.0,56.0,0.14321374893188477
45.0,25.0,25.0,0.03699970245361328
40.0,18.0,18.0,0.03163313865661621
45.0,16.0,16.0,0.03500032424926758
156.0,59.0,59.0,0.12562847137451172
47.0,15.0,15.0,0.0426325798034668
33.0,19.0,19.0,0.03299999237060547
42.0,15.0,15.0,0.04104304313659668
47.0,12.0,12.0,0.04004406929016113
165.0,59.0,59.0,0.13162922859191895
156.0,52.0,52.0,0.12726068496704102
104.0,34.0,34.0,0.07994246482849121
33.0,12.0,12.0,0.025589942932128906
115.0,47.0,47.0,0.09762954711914062
103.0,59.0,59.0,0.09224748611450195
60.0,21.0,21.0,0.05217862129211426
27.0,14.0,14.0,0.02120232582092285
97.0,45.0,45.0,0.08280324935913086
26.0,12.0,12.0,0.0190427303314209
20.0,8.0,8.0,0.014589548110961914
113.0,49.0,49.0,0.08504223823547363
54.0,27.0,27.0,0.040586233139038086
97.0,45.0,45.0,0.07263374328613281
110.0,26.0,26.0,0.08404207229614258
49.0,31.0,31.0,0.035585641860961914
56.0,18.0,18.0,0.0409998893737793
45.0,19.0,19.0,0.03563237190246582
31.0,19.0,19.0,0.021999835968017578
79.0,30.0,30.0,0.057042837142944336
86.0,38.0,38.0,0.07058596611022949
41.0,13.0,13.0,0.030042648315429688
195.0,70.0,70.0,0.1475541591644287
43.0,14.0,14.0,0.032000064849853516
39.0,17.0,17.0,0.029632091522216797
61.0,23.0,23.0,0.04900002479553223
19.0,7.0,7.0,0.013999700546264648
91.0,34.0,34.0,0.070159912109375
46.0,30.0,30.0,0.037042856216430664
59.0,18.0,18.0,0.043586015701293945
42.0,18.0,18.0,0.03099989891052246
55.0,27.0,27.0,0.04063248634338379
52.0,27.0,27.0,0.03900003433227539
37.0,17.0,17.0,0.026999711990356445
83.0,18.0,18.0,0.0656275749206543
42.0,16.0,16.0,0.031998634338378906
50.0,19.0,19.0,0.041632652282714844
50.0,22.0,22.0,0.04800009727478027
128.0,62.0,62.0,0.10716485977172852
61.0,20.0,20.0,0.04358553886413574
89.0,24.0,24.0,0.07663226127624512
99.0,42.0,42.0,0.0880422592163086
91.0,46.0,46.0,0.07500028610229492
36.0,17.0,17.0,0.03163313865661621
33.0,18.0,18.0,0.028000354766845703
54.0,27.0,27.0,0.057042837142944336
42.0,10.0,10.0,0.06604528427124023
89.0,41.0,41.0,0.09574270248413086
22.0,10.0,10.0,0.020778179168701172
60.0,29.0,29.0,0.04251861572265625
45.0,14.0,14.0,0.03303241729736328
32.0,16.0,16.0,0.023043155670166016
93.0,28.0,28.0,0.07411909103393555
54.0,22.0,22.0,0.04662775993347168
208.0,85.0,85.0,0.16867518424987793
17.0,6.0,6.0,0.021585464477539062
27.0,12.0,12.0,0.032000064849853516
187.0,91.0,91.0,0.16477346420288086
89.0,44.0,44.0,0.08304286003112793
53.0,19.0,19.0,0.04404568672180176
70.0,41.0,41.0,0.06163287162780762
97.0,38.0,38.0,0.08404421806335449
46.0,24.0,24.0,0.03458404541015625
95.0,36.0,36.0,0.10821175575256348
32.0,18.0,18.0,0.03338789939880371
21.0,11.0,11.0,0.02503824234008789
180.0,44.0,44.0,0.16212773323059082
59.0,25.0,25.0,0.0621640682220459
106.0,39.0,39.0,0.12859463691711426
86.0,33.0,33.0,0.07215762138366699
68.0,33.0,33.0,0.05739188194274902
25.0,14.0,14.0,0.024999618530273438
92.0,26.0,26.0,0.0690774917602539
33.0,16.0,16.0,0.03004598617553711
170.0,59.0,59.0,0.1446366310119629
90.0,32.0,32.0,0.0916299819946289
37.0,8.0,8.0,0.033158063888549805
20.0,8.0,8.0,0.024001359939575195
121.0,41.0,41.0,0.12140679359436035
50.0,21.0,21.0,0.05420064926147461
30.0,12.0,12.0,0.022409915924072266
36.0,18.0,18.0,0.04219484329223633
39.0,20.0,20.0,0.03563261032104492
36.0,19.0,19.0,0.0279998779296875
51.0,10.0,10.0,0.0486149787902832
143.0,42.0,42.0,0.10963296890258789
40.0,13.0,13.0,0.03500008583068848
108.0,41.0,41.0,0.0936279296875
157.0,57.0,57.0,0.1266331672668457
42.0,17.0,17.0,0.038628339767456055
24.0,9.0,9.0,0.01999974250793457
29.0,9.0,9.0,0.02299976348876953
26.0,10.0,10.0,0.024144649505615234
86.0,41.0,41.0,0.07558989524841309
100.0,31.0,31.0,0.08862876892089844
35.0,17.0,17.0,0.029042720794677734
46.0,21.0,21.0,0.03459024429321289
16.0,5.0,5.0,0.019999980926513672
51.0,18.0,18.0,0.04104280471801758
55.0,14.0,14.0,0.042585134506225586
78.0,37.0,37.0,0.06658792495727539
69.0,25.0,25.0,0.05900001525878906
86.0,37.0,37.0,0.07162833213806152
118.0,39.0,39.0,0.09163212776184082
64.0,22.0,22.0,0.046991825103759766
68.0,30.0,30.0,0.04962778091430664
26.0,12.0,12.0,0.01900005340576172
73.0,36.0,36.0,0.05363273620605469
44.0,14.0,14.0,0.03400015830993652
56.0,15.0,15.0,0.04304242134094238
31.0,19.0,19.0,0.024585247039794922
43.0,19.0,19.0,0.03699970245361328
37.0,13.0,13.0,0.02700018882751465
99.0,36.0,36.0,0.07663249969482422
49.0,14.0,14.0,0.03604292869567871
32.0,13.0,13.0,0.02292656898498535
105.0,39.0,39.0,0.07958865165710449
44.0,14.0,14.0,0.03399991989135742
47.0,25.0,25.0,0.03600001335144043
79.0,29.0,29.0,0.05988454818725586
70.0,30.0,30.0,0.08669424057006836
20.0,9.0,9.0,0.018337011337280273
100.0,35.0,35.0,0.08696866035461426
51.0,10.0,10.0,0.03803396224975586
62.0,18.0,18.0,0.04762744903564453
26.0,7.0,7.0,0.019999980926513672
35.0,24.0,24.0,0.03000020980834961
44.0,17.0,17.0,0.031633615493774414
212.0,63.0,63.0,0.15862822532653809
26.0,10.0,10.0,0.01804184913635254
150.0,55.0,55.0,0.11421823501586914
47.0,19.0,19.0,0.03900027275085449
53.0,25.0,25.0,0.04004263877868652
81.0,27.0,27.0,0.06358218193054199
38.0,20.0,20.0,0.029042720794677734
21.0,8.0,8.0,0.016590118408203125
61.0,20.0,20.0,0.04799985885620117
31.0,18.0,18.0,0.026042938232421875
79.0,24.0,24.0,0.06258606910705566
43.0,22.0,22.0,0.03204202651977539
72.0,30.0,30.0,0.05783867835998535
21.0,9.0,9.0,0.014999628067016602
33.0,15.0,15.0,0.026042938232421875
50.0,15.0,15.0,0.03658556938171387
50.0,11.0,11.0,0.037999868392944336
74.0,33.0,33.0,0.055222511291503906
189.0,79.0,79.0,0.1526336669921875
28.0,15.0,15.0,0.024628162384033203
37.0,21.0,21.0,0.03399968147277832
43.0,21.0,21.0,0.03600025177001953
26.0,11.0,11.0,0.021633625030517578
33.0,13.0,13.0,0.029999971389770508
93.0,44.0,44.0,0.0786285400390625
59.0,25.0,25.0,0.05500006675720215
26.0,12.0,12.0,0.01904296875
44.0,13.0,13.0,0.03158998489379883
56.0,20.0,20.0,0.04153132438659668
51.0,17.0,17.0,0.03763270378112793
67.0,32.0,32.0,0.05299997329711914
27.0,15.0,15.0,0.02504277229309082
59.0,35.0,35.0,0.04358553886413574
33.0,10.0,10.0,0.02499985694885254
54.0,20.0,20.0,0.037631988525390625
53.0,29.0,29.0,0.04200005531311035
92.0,39.0,39.0,0.06962823867797852
35.0,15.0,15.0,0.032000064849853516
26.0,10.0,10.0,0.020999908447265625
41.0,17.0,17.0,0.03391718864440918
66.0,23.0,23.0,0.061180830001831055
96.0,41.0,41.0,0.07654094696044922
26.0,15.0,15.0,0.020999908447265625
51.0,18.0,18.0,0.03663277626037598
67.0,41.0,41.0,0.05200028419494629
155.0,55.0,55.0,0.12721729278564453
41.0,24.0,24.0,0.030528545379638672
25.0,9.0,9.0,0.021000146865844727
42.0,22.0,22.0,0.040042877197265625
57.0,12.0,12.0,0.05658984184265137
49.0,21.0,21.0,0.04004263877868652
59.0,33.0,33.0,0.04999995231628418
28.0,13.0,13.0,0.023000001907348633
36.0,15.0,15.0,0.03462791442871094
32.0,13.0,13.0,0.029999971389770508
58.0,30.0,30.0,0.05004286766052246
62.0,46.0,46.0,0.05122494697570801
179.0,65.0,65.0,0.1339435577392578
72.0,33.0,33.0,0.055576324462890625
146.0,45.0,45.0,0.11862945556640625
49.0,12.0,12.0,0.03763437271118164
91.0,54.0,54.0,0.0690000057220459
120.0,37.0,37.0,0.1019449234008789
75.0,32.0,32.0,0.07363295555114746
26.0,12.0,12.0,0.023999691009521484
27.0,11.0,11.0,0.020583629608154297
40.0,10.0,10.0,0.034999847412109375
46.0,23.0,23.0,0.03600001335144043
31.0,19.0,19.0,0.026632308959960938
220.0,59.0,59.0,0.18467140197753906
52.0,20.0,20.0,0.0448145866394043
88.0,29.0,29.0,0.07663226127624512
26.0,11.0,11.0,0.02200007438659668
59.0,33.0,33.0,0.05404305458068848
34.0,23.0,23.0,0.028586864471435547
34.0,17.0,17.0,0.03710055351257324
53.0,14.0,14.0,0.046633243560791016
72.0,26.0,26.0,0.06199979782104492
31.0,13.0,13.0,0.03034663200378418
33.0,21.0,21.0,0.02950739860534668
103.0,25.0,25.0,0.09233474731445312
121.0,63.0,63.0,0.10901141166687012
55.0,17.0,17.0,0.049044132232666016
111.0,44.0,44.0,0.09304285049438477
28.0,16.0,16.0,0.024585962295532227
90.0,37.0,37.0,0.0856325626373291
156.0,47.0,47.0,0.1326279640197754
26.0,12.0,12.0,0.020999670028686523
86.0,19.0,19.0,0.06663250923156738
23.0,13.0,13.0,0.019000530242919922
28.0,12.0,12.0,0.023530960083007812
55.0,10.0,10.0,0.04563283920288086
103.0,48.0,48.0,0.08462905883789062
33.0,11.0,11.0,0.03000044822692871
57.0,16.0,16.0,0.050588369369506836
88.0,36.0,36.0,0.0689997673034668
33.0,17.0,17.0,0.02504253387451172
82.0,44.0,44.0,0.06500029563903809
52.0,21.0,21.0,0.042632341384887695
52.0,41.0,41.0,0.04500007629394531
113.0,37.0,37.0,0.10062861442565918
85.0,35.0,35.0,0.07963323593139648
94.0,36.0,36.0,0.09136223793029785
103.0,33.0,33.0,0.0872030258178711
22.0,9.0,9.0,0.01963186264038086
61.0,25.0,25.0,0.05158400535583496
102.0,28.0,28.0,0.08382534980773926
55.0,34.0,34.0,0.05727696418762207
123.0,53.0,53.0,0.11271119117736816
98.0,38.0,38.0,0.07735419273376465
158.0,41.0,41.0,0.13032197952270508
21.0,8.0,8.0,0.01775336265563965
30.0,12.0,12.0,0.0394132137298584
32.0,15.0,15.0,0.05289721488952637
43.0,27.0,27.0,0.06605696678161621
35.0,19.0,19.0,0.06491756439208984
101.0,42.0,42.0,0.11980462074279785
128.0,54.0,54.0,0.15979909896850586
33.0,10.0,10.0,0.030855655670166016
68.0,30.0,30.0,0.05921483039855957
71.0,29.0,29.0,0.058737754821777344
81.0,45.0,45.0,0.07393956184387207
27.0,14.0,14.0,0.020345687866210938
56.0,26.0,26.0,0.04391360282897949
107.0,38.0,38.0,0.08156156539916992
58.0,14.0,14.0,0.049727439880371094
49.0,24.0,24.0,0.04304218292236328
27.0,11.0,11.0,0.021590471267700195
204.0,87.0,87.0,0.17864298820495605
39.0,28.0,28.0,0.03300023078918457
202.0,91.0,91.0,0.17612385749816895
69.0,38.0,38.0,0.05899977684020996
27.0,7.0,7.0,0.021043062210083008
68.0,39.0,39.0,0.06711959838867188
75.0,22.0,22.0,0.07162594795227051
46.0,28.0,28.0,0.0410001277923584
23.0,12.0,12.0,0.020630598068237305
122.0,56.0,56.0,0.09963274002075195
113.0,38.0,38.0,0.09762835502624512
48.0,18.0,18.0,0.04199957847595215
39.0,19.0,19.0,0.03904366493225098
101.0,30.0,30.0,0.10063433647155762
45.0,29.0,29.0,0.04355263710021973
144.0,53.0,53.0,0.14557933807373047
27.0,12.0,12.0,0.0345768928527832
65.0,34.0,34.0,0.06280183792114258
114.0,44.0,44.0,0.11643695831298828
19.0,4.0,4.0,0.018033981323242188
48.0,21.0,21.0,0.03763937950134277
69.0,37.0,37.0,0.05267333984375
61.0,30.0,30.0,0.05471515655517578
118.0,53.0,53.0,0.10815858840942383
67.0,25.0,25.0,0.057585954666137695
108.0,34.0,34.0,0.09063267707824707
81.0,17.0,17.0,0.07163000106811523
120.0,49.0,49.0,0.09663271903991699
45.0,28.0,28.0,0.03600001335144043
73.0,40.0,40.0,0.0636296272277832
141.0,30.0,30.0,0.1318492889404297
39.0,25.0,25.0,0.0340423583984375
59.0,31.0,31.0,0.05683588981628418
74.0,40.0,40.0,0.06215858459472656
48.0,19.0,19.0,0.03991866111755371
62.0,20.0,20.0,0.052320003509521484
47.0,18.0,18.0,0.0409998893737793
31.0,14.0,14.0,0.024000167846679688
39.0,19.0,19.0,0.033590078353881836
49.0,22.0,22.0,0.03819012641906738
26.0,15.0,15.0,0.02804255485534668
47.0,24.0,24.0,0.0445857048034668
35.0,15.0,15.0,0.025000333786010742
76.0,26.0,26.0,0.059632301330566406
33.0,14.0,14.0,0.02299976348876953
28.0,14.0,14.0,0.023999691009521484
55.0,17.0,17.0,0.04562854766845703
217.0,76.0,76.0,0.1792607307434082
54.0,18.0,18.0,0.05652904510498047
66.0,18.0,18.0,0.05262875556945801
113.0,50.0,50.0,0.10363483428955078
32.0,13.0,13.0,0.024000167846679688
138.0,66.0,66.0,0.13243961334228516
67.0,27.0,27.0,0.07436990737915039
78.0,27.0,27.0,0.08377552032470703
166.0,50.0,50.0,0.13303375244140625
25.0,13.0,13.0,0.019382715225219727
50.0,17.0,17.0,0.04003429412841797
113.0,45.0,45.0,0.0936284065246582
19.0,8.0,8.0,0.016000032424926758
40.0,18.0,18.0,0.042634010314941406
77.0,29.0,29.0,0.0709998607635498
81.0,29.0,29.0,0.06663012504577637
34.0,21.0,21.0,0.03800010681152344
35.0,18.0,18.0,0.032590389251708984
51.0,24.0,24.0,0.04200005531311035
37.0,20.0,20.0,0.027042865753173828
59.0,13.0,13.0,0.041585445404052734
72.0,41.0,41.0,0.0640101432800293
31.0,19.0,19.0,0.023041963577270508
75.0,28.0,28.0,0.06104278564453125
129.0,35.0,35.0,0.10299253463745117
74.0,26.0,26.0,0.05716586112976074
24.0,13.0,13.0,0.017421245574951172
38.0,18.0,18.0,0.033130645751953125
22.0,9.0,9.0,0.015997648239135742
39.0,12.0,12.0,0.03099679946899414
46.0,23.0,23.0,0.042520999908447266
173.0,58.0,58.0,0.15355777740478516
24.0,13.0,13.0,0.017000198364257812
143.0,59.0,59.0,0.10867142677307129
21.0,7.0,7.0,0.025590181350708008
53.0,15.0,15.0,0.05396580696105957
39.0,22.0,22.0,0.03752422332763672
85.0,36.0,36.0,0.07181191444396973
76.0,27.0,27.0,0.06041455268859863
45.0,6.0,6.0,0.037729740142822266
89.0,36.0,36.0,0.08054757118225098
52.0,20.0,20.0,0.03859853744506836
62.0,21.0,21.0,0.04799962043762207
62.0,28.0,28.0,0.05162835121154785
140.0,68.0,68.0,0.1276395320892334
22.0,10.0,10.0,0.018030166625976562
140.0,51.0,51.0,0.11195635795593262
30.0,8.0,8.0,0.024750947952270508
48.0,24.0,24.0,0.0410001277923584
21.0,10.0,10.0,0.01900005340576172
95.0,31.0,31.0,0.08362889289855957
38.0,14.0,14.0,0.031043291091918945
20.0,7.0,7.0,0.01659226417541504
100.0,45.0,45.0,0.08104252815246582
118.0,68.0,68.0,0.09262919425964355
39.0,17.0,17.0,0.02958965301513672
140.0,58.0,58.0,0.1066293716430664
118.0,59.0,59.0,0.09163236618041992
19.0,8.0,8.0,0.012999773025512695
23.0,8.0,8.0,0.01900005340576172
141.0,40.0,40.0,0.11462187767028809
189.0,66.0,66.0,0.15626096725463867
21.0,10.0,10.0,0.016000032424926758
28.0,12.0,12.0,0.019999980926513672
90.0,44.0,44.0,0.07363247871398926
30.0,19.0,19.0,0.023999929428100586
82.0,53.0,53.0,0.07462906837463379
40.0,13.0,13.0,0.03204202651977539
36.0,24.0,24.0,0.03458452224731445
44.0,15.0,15.0,0.03400611877441406
48.0,24.0,24.0,0.04463052749633789
39.0,18.0,18.0,0.03152966499328613
26.0,14.0,14.0,0.023999929428100586
37.0,19.0,19.0,0.03358340263366699
110.0,41.0,41.0,0.09304261207580566
87.0,42.0,42.0,0.08158993721008301
98.0,46.0,46.0,0.08562827110290527
27.0,12.0,12.0,0.021043062210083008
183.0,59.0,59.0,0.13921809196472168
28.0,15.0,15.0,0.023000240325927734
103.0,28.0,28.0,0.08063268661499023
38.0,16.0,16.0,0.028999805450439453
68.0,27.0,27.0,0.05962824821472168
66.0,25.0,25.0,0.057126760482788086
52.0,14.0,14.0,0.050093889236450195
35.0,18.0,18.0,0.027469873428344727
99.0,30.0,30.0,0.0802145004272461
60.0,13.0,13.0,0.04504251480102539
56.0,30.0,30.0,0.04404401779174805
112.0,34.0,34.0,0.08562803268432617
50.0,26.0,26.0,0.0379941463470459
62.0,20.0,20.0,0.054639339447021484
28.0,8.0,8.0,0.02299952507019043
28.0,16.0,16.0,0.02499985694885254
53.0,14.0,14.0,0.04062819480895996
46.0,31.0,31.0,0.03904461860656738
98.0,26.0,26.0,0.08162856101989746
29.0,13.0,13.0,0.025000333786010742
36.0,23.0,23.0,0.033632755279541016
27.0,8.0,8.0,0.021999835968017578
52.0,22.0,22.0,0.04604291915893555
117.0,33.0,33.0,0.10562849044799805
60.0,32.0,32.0,0.05704498291015625
75.0,27.0,27.0,0.07062792778015137
42.0,28.0,28.0,0.042999982833862305
69.0,30.0,30.0,0.0546112060546875
45.0,18.0,18.0,0.03899979591369629
36.0,14.0,14.0,0.026628494262695312
36.0,19.0,19.0,0.0279996395111084
33.0,13.0,13.0,0.02499985694885254
32.0,18.0,18.0,0.027392864227294922
51.0,22.0,22.0,0.04258584976196289
106.0,45.0,45.0,0.09563207626342773
120.0,46.0,46.0,0.1066291332244873
55.0,21.0,21.0,0.047525644302368164
33.0,8.0,8.0,0.02958512306213379
171.0,70.0,70.0,0.1416327953338623
43.0,15.0,15.0,0.03863096237182617
64.0,20.0,20.0,0.06100058555603027
106.0,30.0,30.0,0.08916354179382324
94.0,31.0,31.0,0.09559965133666992
30.0,10.0,10.0,0.027010440826416016
19.0,8.0,8.0,0.02050924301147461
59.0,28.0,28.0,0.08069968223571777
69.0,44.0,44.0,0.08445501327514648
127.0,45.0,45.0,0.11132955551147461
28.0,9.0,9.0,0.02994561195373535
78.0,33.0,33.0,0.06533455848693848
49.0,15.0,15.0,0.03465080261230469
109.0,33.0,33.0,0.11123299598693848
92.0,45.0,45.0,0.0706334114074707
63.0,27.0,27.0,0.048999786376953125
226.0,103.0,103.0,0.18926095962524414
50.0,19.0,19.0,0.04362988471984863
76.0,36.0,36.0,0.06299972534179688
24.0,9.0,9.0,0.01704239845275879
46.0,17.0,17.0,0.035590171813964844
119.0,47.0,47.0,0.09762835502624512
98.0,41.0,41.0,0.09216070175170898
33.0,23.0,23.0,0.02700018882751465
54.0,31.0,31.0,0.05162692070007324
29.0,16.0,16.0,0.023999691009521484
26.0,9.0,9.0,0.023000001907348633
93.0,38.0,38.0,0.07062816619873047
30.0,19.0,19.0,0.02400040626525879
70.0,25.0,25.0,0.05563235282897949
36.0,17.0,17.0,0.029999971389770508
48.0,14.0,14.0,0.03899979591369629
22.0,7.0,7.0,0.018628835678100586
26.0,9.0,9.0,0.022000551223754883
54.0,18.0,18.0,0.04499936103820801
43.0,20.0,20.0,0.03163313865661621
89.0,30.0,30.0,0.07903814315795898
57.0,25.0,25.0,0.05658721923828125
49.0,18.0,18.0,0.04604220390319824
179.0,46.0,46.0,0.16521930694580078
40.0,14.0,14.0,0.03863334655761719
32.0,18.0,18.0,0.02899932861328125
61.0,17.0,17.0,0.05304265022277832
15.0,4.0,4.0,0.0125885009765625
73.0,21.0,21.0,0.08792805671691895
51.0,32.0,32.0,0.05156111717224121
108.0,50.0,50.0,0.10126113891601562
77.0,23.0,23.0,0.06662845611572266
71.0,24.0,24.0,0.06363344192504883
23.0,11.0,11.0,0.022587060928344727
71.0,31.0,31.0,0.07204365730285645
21.0,10.0,10.0,0.02158951759338379
107.0,26.0,26.0,0.08758354187011719
68.0,28.0,28.0,0.057410240173339844
130.0,46.0,46.0,0.11863064765930176
42.0,16.0,16.0,0.03863263130187988
20.0,7.0,7.0,0.01900005340576172
22.0,10.0,10.0,0.03200030326843262
64.0,38.0,38.0,0.07862663269042969
37.0,19.0,19.0,0.038590192794799805
49.0,20.0,20.0,0.049712181091308594
29.0,13.0,13.0,0.04107546806335449
54.0,34.0,34.0,0.04404759407043457
42.0,14.0,14.0,0.03609752655029297
223.0,62.0,62.0,0.20005011558532715
96.0,41.0,41.0,0.09638118743896484
24.0,14.0,14.0,0.024762630462646484
42.0,17.0,17.0,0.04018425941467285
53.0,22.0,22.0,0.04135394096374512
46.0,15.0,15.0,0.03708219528198242
44.0,18.0,18.0,0.03528261184692383
53.0,23.0,23.0,0.04406332969665527
33.0,16.0,16.0,0.023999691009521484
50.0,25.0,25.0,0.04607725143432617
22.0,8.0,8.0,0.015589714050292969
32.0,10.0,10.0,0.023999929428100586
29.0,12.0,12.0,0.026000022888183594
46.0,18.0,18.0,0.04262065887451172
49.0,20.0,20.0,0.0409998893737793
24.0,9.0,9.0,0.019999980926513672
52.0,31.0,31.0,0.04063296318054199
63.0,25.0,25.0,0.06403708457946777
45.0,12.0,12.0,0.046586036682128906
71.0,22.0,22.0,0.06204080581665039
50.0,30.0,30.0,0.04800009727478027
85.0,33.0,33.0,0.10344886779785156
54.0,32.0,32.0,0.05021238327026367
38.0,14.0,14.0,0.033185482025146484
34.0,16.0,16.0,0.025792598724365234
114.0,50.0,50.0,0.08294057846069336
26.0,8.0,8.0,0.021033048629760742
53.0,16.0,16.0,0.057628631591796875
28.0,14.0,14.0,0.031000375747680664
80.0,36.0,36.0,0.05864310264587402
23.0,10.0,10.0,0.01699972152709961
51.0,33.0,33.0,0.04404306411743164
36.0,7.0,7.0,0.031585693359375
32.0,15.0,15.0,0.037000179290771484
82.0,37.0,37.0,0.07463288307189941
73.0,28.0,28.0,0.06739115715026855
36.0,18.0,18.0,0.032000064849853516
21.0,7.0,7.0,0.018999814987182617
47.0,26.0,26.0,0.04563283920288086
51.0,21.0,21.0,0.04900002479553223
27.0,15.0,15.0,0.026042938232421875
95.0,36.0,36.0,0.0745856761932373
29.0,10.0,10.0,0.031632423400878906
54.0,33.0,33.0,0.052308082580566406
23.0,8.0,8.0,0.017999887466430664
44.0,17.0,17.0,0.03463292121887207
77.0,34.0,34.0,0.062000274658203125
83.0,33.0,33.0,0.07562828063964844
83.0,34.0,34.0,0.10063338279724121
34.0,16.0,16.0,0.02504277229309082
40.0,23.0,23.0,0.03458738327026367
57.0,14.0,14.0,0.043000221252441406
35.0,19.0,19.0,0.02504253387451172
28.0,10.0,10.0,0.024590253829956055
34.0,20.0,20.0,0.026999711990356445
104.0,34.0,34.0,0.07762861251831055
33.0,8.0,8.0,0.026999950408935547
183.0,67.0,67.0,0.15926098823547363
52.0,20.0,20.0,0.03999948501586914
35.0,21.0,21.0,0.03398847579956055
54.0,20.0,20.0,0.03904438018798828
98.0,61.0,61.0,0.07260751724243164
28.0,11.0,11.0,0.024000167846679688
38.0,15.0,15.0,0.037999868392944336
32.0,12.0,12.0,0.02663254737854004
53.0,25.0,25.0,0.04252982139587402
55.0,21.0,21.0,0.04463362693786621
38.0,14.0,14.0,0.03291153907775879
31.0,18.0,18.0,0.027462244033813477
91.0,38.0,38.0,0.07906579971313477
27.0,16.0,16.0,0.020600318908691406
53.0,10.0,10.0,0.03784894943237305
67.0,33.0,33.0,0.0470118522644043
29.0,15.0,15.0,0.023581504821777344
23.0,12.0,12.0,0.016525745391845703
30.0,16.0,16.0,0.02103400230407715
35.0,11.0,11.0,0.024209022521972656
42.0,15.0,15.0,0.030250072479248047
32.0,18.0,18.0,0.023525714874267578
118.0,43.0,43.0,0.0988912582397461
91.0,42.0,42.0,0.06699991226196289
32.0,16.0,16.0,0.024623870849609375
62.0,19.0,19.0,0.04799985885620117
42.0,28.0,28.0,0.035042762756347656
56.0,31.0,31.0,0.043598175048828125
36.0,18.0,18.0,0.03299999237060547
36.0,13.0,13.0,0.03262829780578613
60.0,26.0,26.0,0.054000139236450195
33.0,12.0,12.0,0.030112266540527344
22.0,8.0,8.0,0.017589807510375977
71.0,26.0,26.0,0.054000139236450195
45.0,26.0,26.0,0.03662919998168945
61.0,27.0,27.0,0.04900002479553223
44.0,20.0,20.0,0.03558850288391113
65.0,11.0,11.0,0.056999921798706055
78.0,19.0,19.0,0.07062768936157227
90.0,28.0,28.0,0.06984877586364746
99.0,43.0,43.0,0.09067797660827637
48.0,8.0,8.0,0.03958487510681152
24.0,13.0,13.0,0.02499985694885254
32.0,18.0,18.0,0.02804279327392578
91.0,28.0,28.0,0.07159018516540527
34.0,16.0,16.0,0.030631065368652344
37.0,17.0,17.0,0.032025814056396484
36.0,11.0,11.0,0.03500008583068848
49.0,26.0,26.0,0.03763294219970703
86.0,27.0,27.0,0.06499981880187988
45.0,20.0,20.0,0.03562808036804199
32.0,15.0,15.0,0.02700018882751465
36.0,21.0,21.0,0.03300023078918457
72.0,32.0,32.0,0.06863284111022949
84.0,30.0,30.0,0.07462859153747559
34.0,9.0,9.0,0.0280001163482666
60.0,19.0,19.0,0.047632694244384766
32.0,15.0,15.0,0.023000001907348633
33.0,12.0,12.0,0.02599954605102539
126.0,35.0,35.0,0.12466192245483398
46.0,32.0,32.0,0.03969597816467285
89.0,41.0,41.0,0.06958127021789551
111.0,44.0,44.0,0.09963250160217285
42.0,19.0,19.0,0.030999183654785156
132.0,52.0,52.0,0.11262845993041992
42.0,18.0,18.0,0.03904294967651367
90.0,34.0,34.0,0.07355594635009766
68.0,35.0,35.0,0.05252528190612793
106.0,51.0,51.0,0.0895233154296875
34.0,14.0,14.0,0.027001142501831055
95.0,35.0,35.0,0.06962704658508301
52.0,15.0,15.0,0.041033267974853516
88.0,23.0,23.0,0.08763265609741211
36.0,10.0,10.0,0.029999732971191406
24.0,9.0,9.0,0.025628328323364258
97.0,40.0,40.0,0.0830085277557373
49.0,17.0,17.0,0.04355621337890625
124.0,53.0,53.0,0.10410761833190918
91.0,27.0,27.0,0.08064055442810059
129.0,37.0,37.0,0.1050572395324707
37.0,14.0,14.0,0.03900432586669922
74.0,27.0,27.0,0.07646560668945312
30.0,18.0,18.0,0.026534557342529297
30.0,13.0,13.0,0.023745298385620117
139.0,50.0,50.0,0.10932660102844238
43.0,9.0,9.0,0.03200030326843262
85.0,29.0,29.0,0.06563210487365723
97.0,32.0,32.0,0.07557129859924316
34.0,11.0,11.0,0.025043964385986328
54.0,22.0,22.0,0.05299997329711914
28.0,15.0,15.0,0.02362823486328125
72.0,21.0,21.0,0.06400036811828613
54.0,24.0,24.0,0.04663348197937012
48.0,19.0,19.0,0.04399991035461426
46.0,17.0,17.0,0.03362846374511719
28.0,10.0,10.0,0.029430627822875977
37.0,15.0,15.0,0.04937338829040527
45.0,24.0,24.0,0.05844926834106445
38.0,20.0,20.0,0.05733799934387207
39.0,18.0,18.0,0.0395817756652832
30.0,19.0,19.0,0.022236108779907227
37.0,19.0,19.0,0.02839803695678711
31.0,19.0,19.0,0.02400374412536621
59.0,22.0,22.0,0.04815554618835449
21.0,9.0,9.0,0.021633625030517578
122.0,52.0,52.0,0.13263297080993652
43.0,31.0,31.0,0.050043582916259766
145.0,53.0,53.0,0.11165332794189453
49.0,20.0,20.0,0.037999868392944336
55.0,30.0,30.0,0.05104255676269531
52.0,18.0,18.0,0.03999924659729004
38.0,24.0,24.0,0.031000137329101562
51.0,22.0,22.0,0.03563284873962402
65.0,20.0,20.0,0.04900026321411133
57.0,35.0,35.0,0.04511833190917969
47.0,18.0,18.0,0.03600001335144043
28.0,18.0,18.0,0.02200007438659668
66.0,23.0,23.0,0.04862833023071289
30.0,12.0,12.0,0.023999929428100586
62.0,20.0,20.0,0.049042701721191406
22.0,11.0,11.0,0.01759052276611328
58.0,21.0,21.0,0.04800009727478027
27.0,6.0,6.0,0.04462909698486328
19.0,8.0,8.0,0.01600050926208496
77.0,32.0,32.0,0.06004214286804199
43.0,21.0,21.0,0.03258967399597168
144.0,44.0,44.0,0.1196293830871582
34.0,19.0,19.0,0.02599930763244629
45.0,20.0,20.0,0.03963303565979004
28.0,15.0,15.0,0.020999670028686523
344.0,99.0,99.0,0.2888908386230469
29.0,16.0,16.0,0.02500009536743164
58.0,16.0,16.0,0.04606294631958008
27.0,16.0,16.0,0.02043914794921875
157.0,47.0,47.0,0.15667510032653809
41.0,18.0,18.0,0.04058575630187988
24.0,12.0,12.0,0.029999971389770508
95.0,37.0,37.0,0.09195947647094727
37.0,15.0,15.0,0.03232097625732422
51.0,20.0,20.0,0.040999412536621094
62.0,48.0,48.0,0.04707598686218262
72.0,30.0,30.0,0.05358576774597168
37.0,10.0,10.0,0.0280001163482666
42.0,16.0,16.0,0.03463268280029297
62.0,25.0,25.0,0.04999995231628418
97.0,29.0,29.0,0.07562875747680664
30.0,10.0,10.0,0.02200031280517578
89.0,33.0,33.0,0.0706319808959961
90.0,27.0,27.0,0.07062816619873047
68.0,28.0,28.0,0.05200004577636719
40.0,21.0,21.0,0.030042648315429688
67.0,38.0,38.0,0.05658984184265137
67.0,18.0,18.0,0.053627729415893555
58.0,22.0,22.0,0.045000553131103516
18.0,6.0,6.0,0.015528678894042969
43.0,18.0,18.0,0.0376279354095459
84.0,33.0,33.0,0.06399989128112793
31.0,14.0,14.0,0.022632837295532227
187.0,78.0,78.0,0.14862799644470215
62.0,25.0,25.0,0.044588565826416016
63.0,28.0,28.0,0.0515284538269043
85.0,45.0,45.0,0.06963205337524414
98.0,43.0,43.0,0.08162832260131836
30.0,15.0,15.0,0.02199840545654297
72.0,32.0,32.0,0.056043148040771484
87.0,32.0,32.0,0.06558966636657715
36.0,13.0,13.0,0.028042316436767578
247.0,65.0,65.0,0.1882171630859375
135.0,44.0,44.0,0.09918785095214844
72.0,22.0,22.0,0.05398845672607422
73.0,32.0,32.0,0.06104230880737305
53.0,16.0,16.0,0.04559016227722168
46.0,20.0,20.0,0.03800010681152344
23.0,10.0,10.0,0.01758551597595215
31.0,10.0,10.0,0.02500009536743164
46.0,23.0,23.0,0.060042619705200195
68.0,23.0,23.0,0.06278181076049805
49.0,22.0,22.0,0.044672250747680664
25.0,6.0,6.0,0.020908355712890625
213.0,74.0,74.0,0.22443699836730957
54.0,18.0,18.0,0.04401087760925293
39.0,17.0,17.0,0.03299999237060547
63.0,11.0,11.0,0.050005435943603516
19.0,6.0,6.0,0.016516923904418945
31.0,16.0,16.0,0.02399921417236328
69.0,39.0,39.0,0.05809354782104492
40.0,13.0,13.0,0.029622793197631836
65.0,19.0,19.0,0.04900002479553223
46.0,32.0,32.0,0.04162931442260742
26.0,13.0,13.0,0.01999950408935547
33.0,21.0,21.0,0.0279996395111084
154.0,55.0,55.0,0.12967491149902344
51.0,16.0,16.0,0.04199934005737305
54.0,27.0,27.0,0.0450441837310791
27.0,14.0,14.0,0.0215911865234375
68.0,30.0,30.0,0.05499982833862305
29.0,10.0,10.0,0.023043155670166016
36.0,13.0,13.0,0.026586055755615234
50.0,24.0,24.0,0.04400038719177246
23.0,9.0,9.0,0.01704263687133789
53.0,18.0,18.0,0.04259014129638672
32.0,11.0,11.0,0.02499985694885254
71.0,32.0,32.0,0.05863022804260254
76.0,29.0,29.0,0.059999704360961914
16.0,5.0,5.0,0.01404261589050293
61.0,24.0,24.0,0.05104398727416992
67.0,39.0,39.0,0.05362844467163086
65.0,25.0,25.0,0.05300021171569824
104.0,40.0,40.0,0.07689070701599121
53.0,17.0,17.0,0.039999961853027344
69.0,21.0,21.0,0.052628278732299805
74.0,31.0,31.0,0.05704188346862793
102.0,35.0,35.0,0.07959866523742676
65.0,16.0,16.0,0.053893089294433594
58.0,24.0,24.0,0.04404497146606445
42.0,31.0,31.0,0.03562808036804199
145.0,48.0,48.0,0.10763216018676758
36.0,13.0,13.0,0.026999711990356445
90.0,51.0,51.0,0.08962774276733398
34.0,20.0,20.0,0.037016868591308594
18.0,7.0,7.0,0.014833927154541016
24.0,10.0,10.0,0.02498602867126465
76.0,25.0,25.0,0.0639498233795166
89.0,52.0,52.0,0.07367396354675293
57.0,34.0,34.0,0.04563260078430176
139.0,29.0,29.0,0.11262798309326172
44.0,26.0,26.0,0.037000179290771484
104.0,32.0,32.0,0.07763266563415527
36.0,10.0,10.0,0.030042409896850586
64.0,15.0,15.0,0.05258536338806152
58.0,21.0,21.0,0.04404306411743164
105.0,43.0,43.0,0.08258962631225586
80.0,34.0,34.0,0.05701255798339844
53.0,32.0,32.0,0.040000200271606445
36.0,16.0,16.0,0.0275881290435791
26.0,5.0,5.0,0.020999908447265625
65.0,17.0,17.0,0.04900002479553223
26.0,12.0,12.0,0.019042491912841797
56.0,20.0,20.0,0.041585683822631836
29.0,16.0,16.0,0.025999784469604492
33.0,18.0,18.0,0.026394128799438477
68.0,33.0,33.0,0.05163002014160156
48.0,19.0,19.0,0.040042877197265625
68.0,46.0,46.0,0.053589582443237305
26.0,10.0,10.0,0.018999814987182617
42.0,17.0,17.0,0.03162717819213867
100.0,35.0,35.0,0.08304286003112793
50.0,31.0,31.0,0.03759050369262695
43.0,29.0,29.0,0.03399991989135742
37.0,11.0,11.0,0.02804255485534668
91.0,29.0,29.0,0.0725855827331543
28.0,4.0,4.0,0.022043228149414062
50.0,23.0,23.0,0.03959059715270996
23.0,13.0,13.0,0.01699995994567871
27.0,11.0,11.0,0.020999908447265625
24.0,12.0,12.0,0.021042585372924805
49.0,14.0,14.0,0.04058527946472168
31.0,12.0,12.0,0.023000240325927734
112.0,29.0,29.0,0.08410882949829102
120.0,43.0,43.0,0.09463381767272949
159.0,46.0,46.0,0.12262821197509766
96.0,32.0,32.0,0.07563209533691406
63.0,18.0,18.0,0.05304360389709473
27.0,13.0,13.0,0.01999974250793457
40.0,15.0,15.0,0.04219627380371094
61.0,28.0,28.0,0.05747199058532715
62.0,18.0,18.0,0.057851552963256836
72.0,22.0,22.0,0.05652785301208496
24.0,11.0,11.0,0.020999908447265625
36.0,24.0,24.0,0.026043415069580078
47.0,24.0,24.0,0.04004645347595215
114.0,38.0,38.0,0.09363269805908203
46.0,28.0,28.0,0.039999961853027344
52.0,17.0,17.0,0.0376284122467041
93.0,37.0,37.0,0.07004547119140625
37.0,18.0,18.0,0.02958989143371582
43.0,17.0,17.0,0.03399991989135742
49.0,21.0,21.0,0.04004216194152832
25.0,10.0,10.0,0.01804375648498535
43.0,27.0,27.0,0.03099989891052246
96.0,36.0,36.0,0.06963205337524414
36.0,15.0,15.0,0.0279998779296875
50.0,16.0,16.0,0.04004240036010742
96.0,34.0,34.0,0.07459044456481934
41.0,18.0,18.0,0.03262829780578613
166.0,42.0,42.0,0.13163256645202637
51.0,13.0,13.0,0.0421597957611084
79.0,25.0,25.0,0.061628103256225586
32.0,9.0,9.0,0.023000240325927734
25.0,13.0,13.0,0.018042564392089844
58.0,18.0,18.0,0.044589996337890625
18.0,8.0,8.0,0.013000249862670898
102.0,35.0,35.0,0.07762885093688965
52.0,14.0,14.0,0.037999868392944336
57.0,23.0,23.0,0.04963231086730957
76.0,24.0,24.0,0.05500006675720215
103.0,22.0,22.0,0.07716822624206543
86.0,33.0,33.0,0.06693196296691895
41.0,16.0,16.0,0.03699994087219238
24.0,12.0,12.0,0.018042802810668945
87.0,36.0,36.0,0.06959009170532227
29.0,18.0,18.0,0.02804255485534668
49.0,16.0,16.0,0.03758502006530762
23.0,12.0,12.0,0.016000032424926758
75.0,38.0,38.0,0.05663251876831055
148.0,53.0,53.0,0.11790227890014648
98.0,46.0,46.0,0.07863330841064453
42.0,18.0,18.0,0.04400014877319336
94.0,36.0,36.0,0.103240966796875
54.0,28.0,28.0,0.04229116439819336
91.0,43.0,43.0,0.06923508644104004
24.0,12.0,12.0,0.018042325973510742
48.0,15.0,15.0,0.03959083557128906
51.0,25.0,25.0,0.042999982833862305
51.0,23.0,23.0,0.037628173828125
29.0,15.0,15.0,0.020999908447265625
37.0,14.0,14.0,0.029999971389770508
61.0,27.0,27.0,0.04563260078430176
58.0,32.0,32.0,0.05299997329711914
62.0,20.0,20.0,0.05462908744812012
72.0,24.0,24.0,0.05504250526428223
38.0,19.0,19.0,0.035590171813964844
105.0,37.0,37.0,0.0818026065826416
85.0,29.0,29.0,0.06100010871887207
43.0,25.0,25.0,0.03264284133911133
80.0,25.0,25.0,0.06499981880187988
60.0,32.0,32.0,0.04662823677062988
15.0,4.0,4.0,0.010999917984008789
87.0,34.0,34.0,0.06863212585449219
35.0,19.0,19.0,0.026000261306762695
56.0,19.0,19.0,0.045999765396118164
35.0,11.0,11.0,0.027083396911621094
39.0,14.0,14.0,0.03099966049194336
80.0,25.0,25.0,0.061632633209228516
94.0,33.0,33.0,0.07499980926513672
40.0,14.0,14.0,0.029628276824951172
32.0,11.0,11.0,0.023000001907348633
116.0,24.0,24.0,0.08763241767883301
69.0,39.0,39.0,0.055999755859375
27.0,7.0,7.0,0.020585060119628906
53.0,21.0,21.0,0.04499983787536621
28.0,14.0,14.0,0.023000001907348633
31.0,13.0,13.0,0.02463221549987793
44.0,24.0,24.0,0.03399991989135742
65.0,34.0,34.0,0.05404257774353027
96.0,38.0,38.0,0.07404494285583496
64.0,35.0,35.0,0.05163240432739258
79.0,34.0,34.0,0.06304287910461426
36.0,10.0,10.0,0.02858567237854004
35.0,11.0,11.0,0.0280001163482666
39.0,17.0,17.0,0.03204226493835449
82.0,21.0,21.0,0.06811809539794922
63.0,26.0,26.0,0.04663228988647461
27.0,15.0,15.0,0.021000146865844727
30.0,16.0,16.0,0.026000022888183594
67.0,36.0,36.0,0.05973625183105469
52.0,23.0,23.0,0.04269528388977051
113.0,48.0,48.0,0.08957934379577637
67.0,24.0,24.0,0.052973031997680664
75.0,27.0,27.0,0.056999921798706055
36.0,12.0,12.0,0.029042482376098633
71.0,24.0,24.0,0.05359005928039551
37.0,18.0,18.0,0.0279998779296875
28.0,15.0,15.0,0.027777671813964844
23.0,12.0,12.0,0.01900029182434082
56.0,29.0,29.0,0.04500007629394531
58.0,18.0,18.0,0.04862642288208008
35.0,17.0,17.0,0.0280001163482666
101.0,32.0,32.0,0.0936284065246582
177.0,55.0,55.0,0.13867640495300293
57.0,21.0,21.0,0.04858565330505371
41.0,17.0,17.0,0.029999494552612305
176.0,75.0,75.0,0.16726112365722656
17.0,6.0,6.0,0.014000177383422852
100.0,31.0,31.0,0.07563447952270508
42.0,16.0,16.0,0.029999971389770508
39.0,23.0,23.0,0.031545162200927734
21.0,7.0,7.0,0.02200031280517578
65.0,41.0,41.0,0.06863188743591309
55.0,21.0,21.0,0.04499983787536621
58.0,17.0,17.0,0.05363011360168457
53.0,21.0,21.0,0.0409998893737793
103.0,27.0,27.0,0.08463287353515625
180.0,89.0,89.0,0.14052820205688477
40.0,24.0,24.0,0.03152871131896973
54.0,19.0,19.0,0.039034366607666016
36.0,19.0,19.0,0.026999950408935547
71.0,31.0,31.0,0.05653810501098633
28.0,14.0,14.0,0.029000043869018555
135.0,72.0,72.0,0.10852384567260742
53.0,22.0,22.0,0.04352402687072754
119.0,41.0,41.0,0.1651298999786377
56.0,19.0,19.0,0.05706381797790527
29.0,7.0,7.0,0.024861574172973633
80.0,66.0,66.0,0.0720667839050293
21.0,8.0,8.0,0.015207529067993164
54.0,20.0,20.0,0.061663150787353516
32.0,15.0,15.0,0.021999835968017578
30.0,17.0,17.0,0.023000240325927734
40.0,17.0,17.0,0.0296328067779541
201.0,76.0,76.0,0.15938949584960938
52.0,21.0,21.0,0.0426325798034668
63.0,24.0,24.0,0.05000019073486328
49.0,23.0,23.0,0.04262852668762207
50.0,21.0,21.0,0.03899979591369629
47.0,25.0,25.0,0.03904247283935547
63.0,23.0,23.0,0.0515902042388916
62.0,38.0,38.0,0.049042701721191406
51.0,14.0,14.0,0.039999961853027344
49.0,15.0,15.0,0.03600001335144043
97.0,36.0,36.0,0.07763314247131348
67.0,22.0,22.0,0.04762887954711914
36.0,12.0,12.0,0.026999711990356445
58.0,19.0,19.0,0.045000553131103516
128.0,61.0,61.0,0.10064435005187988
41.0,21.0,21.0,0.032013654708862305
69.0,35.0,35.0,0.0559999942779541
75.0,27.0,27.0,0.0576329231262207
124.0,40.0,40.0,0.10262799263000488
98.0,42.0,42.0,0.08095645904541016
40.0,16.0,16.0,0.03399991989135742
80.0,37.0,37.0,0.06763291358947754
125.0,63.0,63.0,0.10616135597229004
33.0,16.0,16.0,0.0279998779296875
18.0,5.0,5.0,0.01399993896484375
52.0,20.0,20.0,0.039627790451049805
36.0,16.0,16.0,0.026000022888183594
95.0,26.0,26.0,0.07363247871398926
37.0,18.0,18.0,0.0280001163482666
44.0,19.0,19.0,0.04262828826904297
21.0,9.0,9.0,0.018999814987182617
97.0,21.0,21.0,0.08163237571716309
93.0,43.0,43.0,0.06999993324279785
37.0,13.0,13.0,0.029628276824951172
58.0,13.0,13.0,0.05565667152404785
24.0,9.0,9.0,0.02658843994140625
56.0,32.0,32.0,0.053598880767822266
107.0,55.0,55.0,0.08416962623596191
28.0,15.0,15.0,0.0255279541015625
34.0,17.0,17.0,0.030042648315429688
101.0,34.0,34.0,0.08863377571105957
183.0,70.0,70.0,0.1522200107574463
177.0,51.0,51.0,0.14767074584960938
98.0,54.0,54.0,0.08212065696716309
101.0,44.0,44.0,0.08263230323791504
59.0,25.0,25.0,0.04562807083129883
73.0,30.0,30.0,0.06399989128112793
196.0,68.0,68.0,0.1662607192993164
48.0,24.0,24.0,0.048043012619018555
38.0,15.0,15.0,0.034265995025634766
20.0,8.0,8.0,0.01800060272216797
27.0,16.0,16.0,0.023999929428100586
30.0,18.0,18.0,0.021042585372924805
108.0,30.0,30.0,0.08963322639465332
116.0,41.0,41.0,0.09762787818908691
32.0,16.0,16.0,0.022589921951293945
23.0,10.0,10.0,0.016000032424926758
75.0,22.0,22.0,0.060042619705200195
101.0,36.0,36.0,0.08358526229858398
18.0,7.0,7.0,0.013042449951171875
32.0,13.0,13.0,0.023589372634887695
65.0,33.0,33.0,0.04900050163269043
69.0,16.0,16.0,0.05762791633605957
77.0,31.0,31.0,0.05499982833862305
27.0,11.0,11.0,0.022632598876953125
94.0,29.0,29.0,0.07300019264221191
126.0,38.0,38.0,0.09962821006774902
62.0,36.0,36.0,0.054590463638305664
97.0,32.0,32.0,0.10953760147094727
93.0,22.0,22.0,0.0875091552734375
95.0,38.0,38.0,0.07241702079772949
54.0,21.0,21.0,0.0410001277923584
78.0,25.0,25.0,0.05962824821472168
23.0,10.0,10.0,0.016000032424926758
26.0,12.0,12.0,0.019999980926513672
83.0,36.0,36.0,0.06363272666931152
28.0,16.0,16.0,0.019999980926513672
20.0,6.0,6.0,0.015000104904174805
71.0,38.0,38.0,0.05362844467163086
30.0,13.0,13.0,0.023999929428100586
27.0,7.0,7.0,0.019999980926513672
43.0,15.0,15.0,0.031632423400878906
99.0,40.0,40.0,0.07500052452087402
120.0,43.0,43.0,0.09662866592407227
30.0,13.0,13.0,0.02242279052734375
69.0,22.0,22.0,0.05099940299987793
37.0,14.0,14.0,0.033007144927978516
58.0,32.0,32.0,0.05151557922363281
124.0,44.0,44.0,0.10425662994384766
89.0,45.0,45.0,0.0656442642211914
62.0,19.0,19.0,0.045999765396118164
33.0,12.0,12.0,0.024042367935180664
89.0,29.0,29.0,0.07058548927307129
120.0,48.0,48.0,0.08863377571105957
116.0,55.0,55.0,0.0891566276550293
148.0,62.0,62.0,0.11562919616699219
29.0,18.0,18.0,0.025043487548828125
30.0,16.0,16.0,0.022591114044189453
36.0,17.0,17.0,0.0279998779296875
94.0,43.0,43.0,0.06962823867797852
62.0,29.0,29.0,0.048999786376953125
115.0,35.0,35.0,0.08763241767883301
63.0,26.0,26.0,0.05162978172302246
24.0,13.0,13.0,0.020999908447265625
100.0,39.0,39.0,0.07863306999206543
23.0,10.0,10.0,0.01699972152709961
23.0,13.0,13.0,0.01713252067565918
40.0,20.0,20.0,0.032853126525878906
16.0,5.0,5.0,0.012540340423583984
73.0,32.0,32.0,0.057000160217285156
51.0,23.0,23.0,0.05263257026672363
75.0,18.0,18.0,0.08203911781311035
31.0,17.0,17.0,0.02352738380432129
83.0,37.0,37.0,0.06971168518066406
37.0,17.0,17.0,0.028926372528076172
69.0,24.0,24.0,0.04999685287475586
94.0,33.0,33.0,0.07326054573059082
63.0,20.0,20.0,0.04658865928649902
120.0,26.0,26.0,0.09304261207580566
103.0,36.0,36.0,0.07886052131652832
23.0,8.0,8.0,0.019043445587158203
67.0,36.0,36.0,0.05207371711730957
42.0,12.0,12.0,0.031000137329101562
42.0,21.0,21.0,0.037631988525390625
22.0,10.0,10.0,0.018000125885009766
101.0,30.0,30.0,0.07762813568115234
93.0,47.0,47.0,0.06704211235046387
121.0,36.0,36.0,0.09286761283874512
74.0,28.0,28.0,0.05759024620056152
44.0,20.0,20.0,0.03399968147277832
43.0,17.0,17.0,0.03262805938720703
145.0,45.0,45.0,0.11463212966918945
23.0,10.0,10.0,0.01900005340576172
64.0,32.0,32.0,0.056629180908203125
129.0,40.0,40.0,0.10604262351989746
225.0,75.0,75.0,0.19126081466674805
53.0,17.0,17.0,0.0409998893737793
29.0,16.0,16.0,0.02200007438659668
78.0,17.0,17.0,0.06163215637207031
31.0,9.0,9.0,0.031999826431274414
101.0,46.0,46.0,0.08962869644165039
37.0,17.0,17.0,0.030042648315429688
39.0,20.0,20.0,0.028809309005737305
59.0,20.0,20.0,0.048001766204833984
52.0,19.0,19.0,0.038027286529541016
67.0,26.0,26.0,0.05300021171569824
96.0,34.0,34.0,0.07363271713256836
30.0,17.0,17.0,0.02499985694885254
110.0,36.0,36.0,0.0978994369506836
32.0,21.0,21.0,0.03191733360290527
95.0,37.0,37.0,0.08395600318908691
38.0,17.0,17.0,0.026694059371948242
47.0,23.0,23.0,0.03351116180419922
21.0,11.0,11.0,0.014997482299804688
19.0,6.0,6.0,0.01452016830444336
112.0,32.0,32.0,0.08727025985717773
35.0,16.0,16.0,0.029181957244873047
87.0,34.0,34.0,0.0690000057220459
29.0,18.0,18.0,0.02259063720703125
54.0,18.0,18.0,0.03999972343444824
65.0,26.0,26.0,0.0636289119720459
25.0,6.0,6.0,0.020999670028686523
15.0,3.0,3.0,0.011999845504760742
88.0,69.0,69.0,0.0726323127746582
95.0,35.0,35.0,0.07562804222106934
86.0,32.0,32.0,0.06800007820129395
22.0,10.0,10.0,0.017043590545654297
30.0,11.0,11.0,0.02259063720703125
31.0,13.0,13.0,0.023000001907348633
74.0,36.0,36.0,0.0656285285949707
35.0,20.0,20.0,0.026999950408935547
57.0,19.0,19.0,0.04848361015319824
81.0,22.0,22.0,0.06458568572998047
54.0,24.0,24.0,0.039043426513671875
73.0,23.0,23.0,0.05759024620056152
62.0,38.0,38.0,0.04862809181213379
27.0,12.0,12.0,0.021999835968017578
91.0,29.0,29.0,0.07163572311401367
190.0,80.0,80.0,0.15462946891784668
35.0,20.0,20.0,0.032042741775512695
68.0,23.0,23.0,0.06066155433654785
28.0,13.0,13.0,0.023999691009521484
62.0,35.0,35.0,0.052628278732299805
31.0,17.0,17.0,0.024999618530273438
37.0,20.0,20.0,0.03104233741760254
106.0,66.0,66.0,0.08058953285217285
43.0,14.0,14.0,0.03462839126586914
142.0,62.0,62.0,0.11063241958618164
33.0,13.0,13.0,0.025999784469604492
140.0,53.0,53.0,0.11962890625
46.0,27.0,27.0,0.033632516860961914
25.0,10.0,10.0,0.01900029182434082
64.0,30.0,30.0,0.05506110191345215
166.0,64.0,64.0,0.14124608039855957
33.0,18.0,18.0,0.024086952209472656
66.0,27.0,27.0,0.04894113540649414
40.0,15.0,15.0,0.028999805450439453
20.0,9.0,9.0,0.01399993896484375
28.0,9.0,9.0,0.024000167846679688
33.0,13.0,13.0,0.02859044075012207
16.0,5.0,5.0,0.013999700546264648
52.0,22.0,22.0,0.03699970245361328
137.0,69.0,69.0,0.09862780570983887
35.0,14.0,14.0,0.02504277229309082
29.0,15.0,15.0,0.023589611053466797
69.0,34.0,34.0,0.051000118255615234
53.0,20.0,20.0,0.0376276969909668
39.0,13.0,13.0,0.03400015830993652
73.0,28.0,28.0,0.058632850646972656
55.0,42.0,42.0,0.042999982833862305
43.0,22.0,22.0,0.03704261779785156
42.0,23.0,23.0,0.03304433822631836
34.0,14.0,14.0,0.03099966049194336
34.0,13.0,13.0,0.02804112434387207
26.0,14.0,14.0,0.0235898494720459
26.0,12.0,12.0,0.023999691009521484
34.0,10.0,10.0,0.026999711990356445
113.0,42.0,42.0,0.09062886238098145
64.0,41.0,41.0,0.04963231086730957
30.0,19.0,19.0,0.023000240325927734
22.0,11.0,11.0,0.016000032424926758
34.0,16.0,16.0,0.024999380111694336
34.0,15.0,15.0,0.027627944946289062
65.0,33.0,33.0,0.04900002479553223
31.0,18.0,18.0,0.028042316436767578
51.0,20.0,20.0,0.04019570350646973
103.0,31.0,31.0,0.0802161693572998
25.0,5.0,5.0,0.020993471145629883
18.0,8.0,8.0,0.014000177383422852
29.0,13.0,13.0,0.029042959213256836
67.0,30.0,30.0,0.05058550834655762
230.0,73.0,73.0,0.17826104164123535
81.0,16.0,16.0,0.06404256820678711
56.0,24.0,24.0,0.04058980941772461
121.0,33.0,33.0,0.09919357299804688
58.0,19.0,19.0,0.04900002479553223
30.0,13.0,13.0,0.02162933349609375
32.0,10.0,10.0,0.023999691009521484
26.0,12.0,12.0,0.019002914428710938
55.0,23.0,23.0,0.045042991638183594
37.0,18.0,18.0,0.03900003433227539
39.0,14.0,14.0,0.03899979591369629
90.0,38.0,38.0,0.08241152763366699
41.0,20.0,20.0,0.03762674331665039
79.0,17.0,17.0,0.06603455543518066
38.0,21.0,21.0,0.028628110885620117
67.0,31.0,31.0,0.05300021171569824
24.0,10.0,10.0,0.017999649047851562
61.0,22.0,22.0,0.04563307762145996
26.0,16.0,16.0,0.020000219345092773
59.0,20.0,20.0,0.043042898178100586
116.0,35.0,35.0,0.0916287899017334
33.0,11.0,11.0,0.02458953857421875
28.0,15.0,15.0,0.020999908447265625
155.0,68.0,68.0,0.12362790107727051
61.0,23.0,23.0,0.048662424087524414
75.0,21.0,21.0,0.0560002326965332
132.0,40.0,40.0,0.10162878036499023
49.0,25.0,25.0,0.03763246536254883
24.0,14.0,14.0,0.01699995994567871
85.0,33.0,33.0,0.06762862205505371
124.0,49.0,49.0,0.1136329174041748
41.0,17.0,17.0,0.03900003433227539
21.0,10.0,10.0,0.01900005340576172
110.0,41.0,41.0,0.09462809562683105
90.0,39.0,39.0,0.07963252067565918
131.0,40.0,40.0,0.11862826347351074
45.0,32.0,32.0,0.03363299369812012
41.0,16.0,16.0,0.04202914237976074
37.0,16.0,16.0,0.03862810134887695
34.0,13.0,13.0,0.02899956703186035
30.0,19.0,19.0,0.0280001163482666
21.0,10.0,10.0,0.017000198364257812
81.0,33.0,33.0,0.0706329345703125
41.0,13.0,13.0,0.03904366493225098
72.0,36.0,36.0,0.06304502487182617
82.0,33.0,33.0,0.06663298606872559
24.0,10.0,10.0,0.018999814987182617
22.0,10.0,10.0,0.01996612548828125
25.0,12.0,12.0,0.024007081985473633
151.0,64.0,64.0,0.13268828392028809
105.0,40.0,40.0,0.10209369659423828
34.0,19.0,19.0,0.027969837188720703
170.0,75.0,75.0,0.14635729789733887
43.0,21.0,21.0,0.03399991989135742
34.0,19.0,19.0,0.02700018882751465
45.0,25.0,25.0,0.04762864112854004
34.0,8.0,8.0,0.0410003662109375
93.0,31.0,31.0,0.09925389289855957
43.0,25.0,25.0,0.03862762451171875
65.0,26.0,26.0,0.0625605583190918
91.0,46.0,46.0,0.09615230560302734
55.0,20.0,20.0,0.05163240432739258
34.0,13.0,13.0,0.03400111198425293
71.0,42.0,42.0,0.06956624984741211
153.0,49.0,49.0,0.12489080429077148
68.0,28.0,28.0,0.06212949752807617
20.0,10.0,10.0,0.01504373550415039
27.0,16.0,16.0,0.020601749420166016
120.0,28.0,28.0,0.09900593757629395
41.0,17.0,17.0,0.030338287353515625
30.0,16.0,16.0,0.023999691009521484
60.0,15.0,15.0,0.044033050537109375
39.0,16.0,16.0,0.029633045196533203
45.0,18.0,18.0,0.03599977493286133
68.0,19.0,19.0,0.054628849029541016
70.0,13.0,13.0,0.06199979782104492
51.0,26.0,26.0,0.04063296318054199
59.0,25.0,25.0,0.0429997444152832
87.0,25.0,25.0,0.07762789726257324
124.0,54.0,54.0,0.10563254356384277
227.0,79.0,79.0,0.17722082138061523
31.0,17.0,17.0,0.023999929428100586
135.0,59.0,59.0,0.09762907028198242
27.0,14.0,14.0,0.020999670028686523
23.0,7.0,7.0,0.01704263687133789
38.0,14.0,14.0,0.027590274810791016
75.0,36.0,36.0,0.057999610900878906
76.0,29.0,29.0,0.06530117988586426
51.0,20.0,20.0,0.04373502731323242
43.0,12.0,12.0,0.0337369441986084
48.0,16.0,16.0,0.03503274917602539
58.0,17.0,17.0,0.044628143310546875
128.0,58.0,58.0,0.10157132148742676
76.0,24.0,24.0,0.056999921798706055
103.0,35.0,35.0,0.07562851905822754
96.0,46.0,46.0,0.07463264465332031
36.0,24.0,24.0,0.028999805450439453
35.0,23.0,23.0,0.026043415069580078
70.0,23.0,23.0,0.05358624458312988
49.0,17.0,17.0,0.03899979591369629
25.0,12.0,12.0,0.02063274383544922
55.0,29.0,29.0,0.05076169967651367
37.0,14.0,14.0,0.029042959213256836
59.0,36.0,36.0,0.04604458808898926
183.0,74.0,74.0,0.15167522430419922
73.0,25.0,25.0,0.05458521842956543
54.0,15.0,15.0,0.04004263877868652
41.0,19.0,19.0,0.030589580535888672
46.0,16.0,16.0,0.040999650955200195
85.0,26.0,26.0,0.06695771217346191
18.0,7.0,7.0,0.015000104904174805
90.0,33.0,33.0,0.07663273811340332
96.0,33.0,33.0,0.07362818717956543
45.0,24.0,24.0,0.03400015830993652
59.0,16.0,16.0,0.049041748046875
70.0,32.0,32.0,0.05659008026123047
104.0,42.0,42.0,0.08262085914611816
114.0,46.0,46.0,0.08922743797302246
46.0,17.0,17.0,0.03700065612792969
130.0,55.0,55.0,0.11463451385498047
58.0,20.0,20.0,0.05162858963012695
37.0,24.0,24.0,0.029999971389770508
30.0,19.0,19.0,0.025048255920410156
49.0,22.0,22.0,0.042589664459228516
48.0,27.0,27.0,0.0410001277923584
136.0,49.0,49.0,0.13844680786132812
26.0,12.0,12.0,0.018758535385131836
77.0,31.0,31.0,0.06788754463195801
52.0,33.0,33.0,0.042034149169921875
87.0,37.0,37.0,0.06262898445129395
84.0,42.0,42.0,0.06504249572753906
24.0,9.0,9.0,0.018590211868286133
60.0,22.0,22.0,0.04699993133544922
44.0,26.0,26.0,0.03504228591918945
86.0,26.0,26.0,0.06857919692993164
25.0,11.0,11.0,0.018042564392089844
85.0,33.0,33.0,0.07758951187133789
19.0,7.0,7.0,0.01399993896484375
36.0,10.0,10.0,0.028628826141357422
56.0,26.0,26.0,0.0409998893737793
63.0,31.0,31.0,0.04663205146789551
65.0,21.0,21.0,0.04699993133544922
47.0,31.0,31.0,0.03604292869567871
132.0,57.0,57.0,0.104156494140625
44.0,18.0,18.0,0.03958559036254883
22.0,11.0,11.0,0.017000198364257812
25.0,13.0,13.0,0.018999814987182617
35.0,18.0,18.0,0.027632951736450195
34.0,19.0,19.0,0.023999929428100586
61.0,16.0,16.0,0.04399991035461426
53.0,31.0,31.0,0.04062771797180176
96.0,36.0,36.0,0.08063292503356934
63.0,17.0,17.0,0.06100201606750488
52.0,12.0,12.0,0.04549241065979004
21.0,9.0,9.0,0.016999244689941406
29.0,16.0,16.0,0.021999835968017578
24.0,14.0,14.0,0.02399897575378418
64.0,33.0,33.0,0.05152487754821777
49.0,13.0,13.0,0.048009634017944336
103.0,28.0,28.0,0.08254671096801758
65.0,23.0,23.0,0.05063295364379883
27.0,16.0,16.0,0.01900029182434082
108.0,43.0,43.0,0.0857706069946289
158.0,48.0,48.0,0.1226344108581543
134.0,46.0,46.0,0.11362838745117188
56.0,19.0,19.0,0.04163241386413574
72.0,33.0,33.0,0.06100010871887207
40.0,22.0,22.0,0.02962970733642578
143.0,39.0,39.0,0.14456605911254883
21.0,9.0,9.0,0.014964818954467773
50.0,23.0,23.0,0.0467226505279541
48.0,21.0,21.0,0.034604549407958984
64.0,24.0,24.0,0.0477290153503418
155.0,54.0,54.0,0.1312558650970459
36.0,17.0,17.0,0.029999971389770508
22.0,8.0,8.0,0.018042564392089844
68.0,23.0,23.0,0.06758999824523926
21.0,9.0,9.0,0.01900005340576172
68.0,22.0,22.0,0.05567288398742676
67.0,18.0,18.0,0.05504274368286133
150.0,56.0,56.0,0.1172184944152832
28.0,11.0,11.0,0.021000146865844727
136.0,37.0,37.0,0.10263252258300781
44.0,18.0,18.0,0.03499913215637207
36.0,18.0,18.0,0.02662801742553711
77.0,28.0,28.0,0.06142425537109375
36.0,10.0,10.0,0.028628110885620117
68.0,52.0,52.0,0.06299996376037598
55.0,36.0,36.0,0.03963279724121094
14.0,3.0,3.0,0.011999845504760742
63.0,24.0,24.0,0.04999995231628418
24.0,8.0,8.0,0.019042491912841797
25.0,13.0,13.0,0.018591642379760742
21.0,7.0,7.0,0.021000146865844727
34.0,13.0,13.0,0.03200030326843262
58.0,14.0,14.0,0.051633358001708984
35.0,15.0,15.0,0.0280001163482666
145.0,53.0,53.0,0.12015652656555176
60.0,33.0,33.0,0.05662989616394043
122.0,56.0,56.0,0.10663270950317383
37.0,21.0,21.0,0.043044328689575195
114.0,67.0,67.0,0.11821842193603516
52.0,25.0,25.0,0.04600048065185547
71.0,23.0,23.0,0.060628414154052734
53.0,37.0,37.0,0.046000003814697266
117.0,43.0,43.0,0.08663296699523926
106.0,43.0,43.0,0.08962774276733398
79.0,41.0,41.0,0.08862757682800293
133.0,49.0,49.0,0.12342596054077148
69.0,32.0,32.0,0.05566263198852539
40.0,9.0,9.0,0.037000179290771484
63.0,20.0,20.0,0.06263327598571777
22.0,11.0,11.0,0.017999887466430664
35.0,9.0,9.0,0.03399991989135742
200.0,75.0,75.0,0.16721773147583008
51.0,26.0,26.0,0.04449725151062012
66.0,42.0,42.0,0.04804396629333496
28.0,17.0,17.0,0.020999908447265625
42.0,11.0,11.0,0.04262876510620117
41.0,16.0,16.0,0.03000020980834961
75.0,44.0,44.0,0.05663251876831055
85.0,34.0,34.0,0.06697893142700195
53.0,34.0,34.0,0.043630123138427734
24.0,14.0,14.0,0.01699995994567871
108.0,48.0,48.0,0.07963252067565918
38.0,23.0,23.0,0.029000282287597656
27.0,16.0,16.0,0.020999670028686523
67.0,38.0,38.0,0.0509035587310791
103.0,44.0,44.0,0.0836324691772461
171.0,60.0,60.0,0.14062809944152832
84.0,43.0,43.0,0.07463407516479492
135.0,47.0,47.0,0.11394739151000977
63.0,25.0,25.0,0.04504251480102539
96.0,36.0,36.0,0.07459020614624023
36.0,15.0,15.0,0.02863001823425293
27.0,13.0,13.0,0.021000146865844727
59.0,24.0,24.0,0.04900002479553223
60.0,23.0,23.0,0.05163264274597168
49.0,21.0,21.0,0.03999948501586914
47.0,22.0,22.0,0.03690338134765625
29.0,13.0,13.0,0.022528648376464844
27.0,5.0,5.0,0.01900029182434082
25.0,14.0,14.0,0.020999908447265625
137.0,61.0,61.0,0.13526225090026855
123.0,29.0,29.0,0.0936286449432373
62.0,26.0,26.0,0.0600278377532959
36.0,15.0,15.0,0.031557321548461914
78.0,22.0,22.0,0.07623529434204102
22.0,11.0,11.0,0.020586252212524414
239.0,95.0,95.0,0.1866757869720459
25.0,13.0,13.0,0.018585920333862305
127.0,46.0,46.0,0.09742283821105957
52.0,20.0,20.0,0.04000043869018555
57.0,18.0,18.0,0.04662823677062988
90.0,40.0,40.0,0.07599997520446777
28.0,14.0,14.0,0.020632266998291016
94.0,27.0,27.0,0.07299995422363281
50.0,19.0,19.0,0.04062819480895996
34.0,23.0,23.0,0.03000020980834961
45.0,24.0,24.0,0.03304266929626465
16.0,3.0,3.0,0.011590003967285156
106.0,37.0,37.0,0.08404254913330078
63.0,36.0,36.0,0.0465853214263916
25.0,13.0,13.0,0.01900005340576172
169.0,70.0,70.0,0.13915729522705078
79.0,36.0,36.0,0.06300020217895508
37.0,25.0,25.0,0.032582759857177734
29.0,14.0,14.0,0.02500009536743164
27.0,15.0,15.0,0.02200007438659668
40.0,19.0,19.0,0.03304266929626465
75.0,21.0,21.0,0.0645899772644043
45.0,12.0,12.0,0.03907418251037598
47.0,12.0,12.0,0.03762936592102051
70.0,48.0,48.0,0.05704236030578613
48.0,37.0,37.0,0.04259014129638672
28.0,14.0,14.0,0.020000219345092773
17.0,4.0,4.0,0.013999700546264648
57.0,13.0,13.0,0.04462766647338867
30.0,7.0,7.0,0.03000020980834961
110.0,36.0,36.0,0.09663248062133789
40.0,16.0,16.0,0.03104233741760254
61.0,20.0,20.0,0.04858589172363281
105.0,36.0,36.0,0.08463287353515625
24.0,11.0,11.0,0.019999980926513672
37.0,17.0,17.0,0.03600001335144043
33.0,14.0,14.0,0.025585651397705078
245.0,75.0,75.0,0.21605515480041504
115.0,36.0,36.0,0.08704876899719238
107.0,42.0,42.0,0.08282279968261719
67.0,27.0,27.0,0.04700016975402832
40.0,15.0,15.0,0.0646355152130127
51.0,21.0,21.0,0.03799939155578613
46.0,20.0,20.0,0.03304266929626465
24.0,11.0,11.0,0.017585277557373047
54.0,18.0,18.0,0.0410003662109375
56.0,31.0,31.0,0.04363250732421875
68.0,24.0,24.0,0.06000018119812012
20.0,7.0,7.0,0.016000032424926758
