Timesteps,Collisions,Steps Waited,Real-Time Elapsed
17.0,7.0,7.0,0.005997896194458008
12.0,0.0,0.0,0.004250049591064453
32.0,3.0,3.0,0.022487163543701172
28.0,7.0,7.0,0.023412227630615234
71.0,17.0,17.0,0.02567291259765625
57.0,5.0,5.0,0.02049088478088379
66.0,6.0,6.0,0.020984411239624023
59.0,9.0,9.0,0.01822638511657715
66.0,12.0,12.0,0.022064208984375
11.0,0.0,0.0,0.004038333892822266
14.0,1.0,1.0,0.004678487777709961
36.0,5.0,5.0,0.012122631072998047
16.0,4.0,4.0,0.005120515823364258
37.0,1.0,1.0,0.012516975402832031
15.0,0.0,0.0,0.006088972091674805
53.0,11.0,11.0,0.018630504608154297
22.0,3.0,3.0,0.013705730438232422
84.0,10.0,10.0,0.03300309181213379
31.0,6.0,6.0,0.010113239288330078
25.0,3.0,3.0,0.008319616317749023
38.0,4.0,4.0,0.016520023345947266
19.0,1.0,1.0,0.008698463439941406
19.0,5.0,5.0,0.00803232192993164
46.0,2.0,2.0,0.02047872543334961
28.0,3.0,3.0,0.016060590744018555
92.0,19.0,19.0,0.03715801239013672
75.0,12.0,12.0,0.024976015090942383
66.0,11.0,11.0,0.02328038215637207
164.0,18.0,18.0,0.05992722511291504
45.0,4.0,4.0,0.01598072052001953
32.0,6.0,6.0,0.012220621109008789
30.0,4.0,4.0,0.009889364242553711
105.0,8.0,8.0,0.04449176788330078
100.0,11.0,11.0,0.04054880142211914
12.0,1.0,1.0,0.0035834312438964844
26.0,4.0,4.0,0.011981964111328125
35.0,6.0,6.0,0.012511730194091797
19.0,0.0,0.0,0.007310390472412109
28.0,2.0,2.0,0.012641191482543945
36.0,8.0,8.0,0.014348745346069336
36.0,7.0,7.0,0.017157554626464844
65.0,4.0,4.0,0.03426313400268555
91.0,17.0,17.0,0.0418853759765625
39.0,2.0,2.0,0.0186159610748291
17.0,3.0,3.0,0.009435176849365234
16.0,0.0,0.0,0.00726318359375
16.0,0.0,0.0,0.008068561553955078
58.0,13.0,13.0,0.029868364334106445
19.0,2.0,2.0,0.009122610092163086
98.0,7.0,7.0,0.04878997802734375
69.0,7.0,7.0,0.02561211585998535
12.0,0.0,0.0,0.006041288375854492
20.0,0.0,0.0,0.007625102996826172
13.0,1.0,1.0,0.006747722625732422
20.0,2.0,2.0,0.01355433464050293
21.0,2.0,2.0,0.010088205337524414
14.0,0.0,0.0,0.007426738739013672
38.0,6.0,6.0,0.016153812408447266
17.0,2.0,2.0,0.006024837493896484
16.0,3.0,3.0,0.006239891052246094
20.0,0.0,0.0,0.006516933441162109
31.0,2.0,2.0,0.010818004608154297
15.0,0.0,0.0,0.004503965377807617
23.0,1.0,1.0,0.006920337677001953
18.0,4.0,4.0,0.005079030990600586
41.0,4.0,4.0,0.013914108276367188
11.0,0.0,0.0,0.0040247440338134766
211.0,30.0,30.0,0.0732264518737793
35.0,8.0,8.0,0.012200355529785156
60.0,7.0,7.0,0.02071523666381836
145.0,9.0,9.0,0.055933237075805664
99.0,26.0,26.0,0.04565548896789551
13.0,1.0,1.0,0.005658864974975586
23.0,3.0,3.0,0.011884927749633789
151.0,25.0,25.0,0.06359004974365234
28.0,6.0,6.0,0.010995626449584961
21.0,0.0,0.0,0.008008480072021484
25.0,7.0,7.0,0.009004592895507812
75.0,9.0,9.0,0.027570486068725586
12.0,1.0,1.0,0.003523111343383789
14.0,1.0,1.0,0.006493330001831055
28.0,0.0,0.0,0.012360334396362305
23.0,3.0,3.0,0.00940394401550293
12.0,1.0,1.0,0.006463766098022461
38.0,4.0,4.0,0.017667055130004883
19.0,1.0,1.0,0.0075719356536865234
32.0,5.0,5.0,0.011386632919311523
103.0,19.0,19.0,0.0402531623840332
16.0,2.0,2.0,0.005373239517211914
44.0,7.0,7.0,0.015522956848144531
53.0,5.0,5.0,0.01882147789001465
125.0,7.0,7.0,0.0436708927154541
64.0,3.0,3.0,0.020784378051757812
31.0,2.0,2.0,0.010607242584228516
21.0,1.0,1.0,0.0069484710693359375
56.0,5.0,5.0,0.020617008209228516
15.0,1.0,1.0,0.0055255889892578125
20.0,5.0,5.0,0.0074405670166015625
104.0,11.0,11.0,0.033287763595581055
46.0,11.0,11.0,0.015781641006469727
15.0,0.0,0.0,0.004008054733276367
17.0,4.0,4.0,0.005972623825073242
16.0,2.0,2.0,0.005997896194458008
15.0,2.0,2.0,0.00598454475402832
24.0,2.0,2.0,0.008098840713500977
68.0,7.0,7.0,0.02435016632080078
27.0,3.0,3.0,0.00916600227355957
85.0,7.0,7.0,0.031107664108276367
62.0,23.0,23.0,0.024277448654174805
228.0,37.0,37.0,0.09494900703430176
28.0,2.0,2.0,0.011425256729125977
135.0,13.0,13.0,0.04655265808105469
80.0,20.0,20.0,0.02629399299621582
20.0,0.0,0.0,0.0068471431732177734
113.0,11.0,11.0,0.0407712459564209
52.0,5.0,5.0,0.019775390625
37.0,4.0,4.0,0.015057563781738281
22.0,3.0,3.0,0.008574962615966797
17.0,3.0,3.0,0.0060253143310546875
35.0,6.0,6.0,0.01319575309753418
41.0,6.0,6.0,0.019403696060180664
72.0,15.0,15.0,0.024994611740112305
19.0,0.0,0.0,0.009478092193603516
72.0,6.0,6.0,0.03553915023803711
16.0,2.0,2.0,0.006289005279541016
49.0,11.0,11.0,0.017520666122436523
15.0,3.0,3.0,0.007022857666015625
40.0,7.0,7.0,0.013712167739868164
43.0,9.0,9.0,0.014729738235473633
56.0,3.0,3.0,0.019251346588134766
42.0,8.0,8.0,0.013370275497436523
15.0,1.0,1.0,0.005818367004394531
46.0,5.0,5.0,0.022066831588745117
35.0,4.0,4.0,0.013010025024414062
93.0,8.0,8.0,0.03231072425842285
111.0,11.0,11.0,0.04198503494262695
13.0,2.0,2.0,0.004245281219482422
70.0,8.0,8.0,0.029575586318969727
12.0,1.0,1.0,0.004732847213745117
62.0,6.0,6.0,0.02365565299987793
49.0,4.0,4.0,0.01664280891418457
27.0,2.0,2.0,0.009023904800415039
49.0,5.0,5.0,0.017521142959594727
38.0,2.0,2.0,0.013484001159667969
45.0,8.0,8.0,0.015888214111328125
28.0,3.0,3.0,0.011348247528076172
14.0,1.0,1.0,0.0044918060302734375
47.0,4.0,4.0,0.020634174346923828
28.0,4.0,4.0,0.010001897811889648
20.0,2.0,2.0,0.007264614105224609
22.0,3.0,3.0,0.008998870849609375
39.0,6.0,6.0,0.015782833099365234
31.0,4.0,4.0,0.01016855239868164
48.0,12.0,12.0,0.017496347427368164
11.0,0.0,0.0,0.004809141159057617
25.0,3.0,3.0,0.010128974914550781
36.0,7.0,7.0,0.015351295471191406
16.0,1.0,1.0,0.00600886344909668
34.0,4.0,4.0,0.013206005096435547
12.0,0.0,0.0,0.004017353057861328
102.0,11.0,11.0,0.03861570358276367
41.0,0.0,0.0,0.020026206970214844
14.0,2.0,2.0,0.005391597747802734
22.0,1.0,1.0,0.007153749465942383
28.0,2.0,2.0,0.010562896728515625
23.0,4.0,4.0,0.007004499435424805
28.0,2.0,2.0,0.008997678756713867
25.0,3.0,3.0,0.008517026901245117
94.0,16.0,16.0,0.030275344848632812
12.0,1.0,1.0,0.004213809967041016
53.0,2.0,2.0,0.017989397048950195
44.0,3.0,3.0,0.016205310821533203
15.0,2.0,2.0,0.005485057830810547
24.0,2.0,2.0,0.008107185363769531
34.0,10.0,10.0,0.012126445770263672
16.0,1.0,1.0,0.0048329830169677734
136.0,16.0,16.0,0.052468299865722656
17.0,3.0,3.0,0.007508993148803711
60.0,10.0,10.0,0.021512746810913086
32.0,11.0,11.0,0.010000944137573242
27.0,3.0,3.0,0.011099100112915039
37.0,5.0,5.0,0.011714935302734375
97.0,10.0,10.0,0.04038500785827637
54.0,5.0,5.0,0.0267789363861084
123.0,10.0,10.0,0.041937828063964844
100.0,15.0,15.0,0.03337717056274414
54.0,13.0,13.0,0.037155866622924805
51.0,13.0,13.0,0.03461313247680664
23.0,6.0,6.0,0.012800216674804688
42.0,14.0,14.0,0.020582199096679688
43.0,5.0,5.0,0.028336763381958008
41.0,7.0,7.0,0.012300968170166016
15.0,2.0,2.0,0.004622220993041992
15.0,3.0,3.0,0.00499415397644043
14.0,1.0,1.0,0.004866838455200195
70.0,3.0,3.0,0.027925729751586914
44.0,4.0,4.0,0.015021085739135742
21.0,1.0,1.0,0.009121417999267578
33.0,4.0,4.0,0.013681411743164062
14.0,1.0,1.0,0.0074920654296875
55.0,14.0,14.0,0.028270244598388672
55.0,9.0,9.0,0.0205230712890625
54.0,1.0,1.0,0.02296924591064453
27.0,8.0,8.0,0.010231256484985352
25.0,1.0,1.0,0.01130223274230957
14.0,2.0,2.0,0.00592350959777832
17.0,4.0,4.0,0.0058422088623046875
15.0,2.0,2.0,0.005412578582763672
26.0,3.0,3.0,0.011735200881958008
20.0,1.0,1.0,0.009476661682128906
32.0,8.0,8.0,0.010739564895629883
14.0,1.0,1.0,0.004665374755859375
44.0,7.0,7.0,0.015676498413085938
18.0,4.0,4.0,0.006323575973510742
25.0,2.0,2.0,0.008516073226928711
43.0,5.0,5.0,0.015235185623168945
22.0,2.0,2.0,0.007407665252685547
17.0,4.0,4.0,0.006239175796508789
21.0,3.0,3.0,0.007623195648193359
28.0,3.0,3.0,0.009496212005615234
12.0,1.0,1.0,0.004362821578979492
13.0,0.0,0.0,0.0038492679595947266
117.0,16.0,16.0,0.037551164627075195
50.0,5.0,5.0,0.016152381896972656
77.0,7.0,7.0,0.03171730041503906
17.0,0.0,0.0,0.0051805973052978516
68.0,8.0,8.0,0.022562265396118164
21.0,1.0,1.0,0.0073587894439697266
62.0,8.0,8.0,0.022015094757080078
45.0,1.0,1.0,0.020572185516357422
21.0,0.0,0.0,0.008228302001953125
70.0,8.0,8.0,0.02525043487548828
46.0,4.0,4.0,0.015582799911499023
49.0,7.0,7.0,0.017584562301635742
62.0,6.0,6.0,0.023105382919311523
102.0,4.0,4.0,0.03999614715576172
38.0,4.0,4.0,0.013360977172851562
28.0,8.0,8.0,0.012188434600830078
64.0,10.0,10.0,0.022580385208129883
38.0,6.0,6.0,0.012421369552612305
94.0,15.0,15.0,0.04526877403259277
84.0,15.0,15.0,0.03969597816467285
28.0,4.0,4.0,0.017075300216674805
59.0,8.0,8.0,0.03392219543457031
26.0,0.0,0.0,0.013714790344238281
36.0,7.0,7.0,0.012205362319946289
22.0,8.0,8.0,0.007054805755615234
17.0,2.0,2.0,0.0062847137451171875
21.0,0.0,0.0,0.00711512565612793
21.0,1.0,1.0,0.007328987121582031
40.0,2.0,2.0,0.014000177383422852
21.0,4.0,4.0,0.006998777389526367
48.0,6.0,6.0,0.016002178192138672
33.0,7.0,7.0,0.012008905410766602
18.0,3.0,3.0,0.005505084991455078
18.0,0.0,0.0,0.006107330322265625
125.0,22.0,22.0,0.03875541687011719
22.0,5.0,5.0,0.0076313018798828125
75.0,11.0,11.0,0.023324251174926758
24.0,2.0,2.0,0.007616996765136719
25.0,2.0,2.0,0.00812673568725586
16.0,3.0,3.0,0.0046346187591552734
46.0,3.0,3.0,0.014007329940795898
87.0,10.0,10.0,0.027269840240478516
57.0,13.0,13.0,0.019049406051635742
33.0,0.0,0.0,0.010773181915283203
28.0,3.0,3.0,0.009015560150146484
28.0,2.0,2.0,0.01009368896484375
17.0,2.0,2.0,0.006939411163330078
57.0,7.0,7.0,0.02088141441345215
11.0,1.0,1.0,0.0035114288330078125
74.0,10.0,10.0,0.023777246475219727
47.0,14.0,14.0,0.014467477798461914
14.0,0.0,0.0,0.003999233245849609
15.0,0.0,0.0,0.004534482955932617
72.0,7.0,7.0,0.02317214012145996
16.0,3.0,3.0,0.005033254623413086
43.0,14.0,14.0,0.015000104904174805
12.0,1.0,1.0,0.005000114440917969
34.0,3.0,3.0,0.013000011444091797
19.0,4.0,4.0,0.006999969482421875
42.0,5.0,5.0,0.015042304992675781
182.0,19.0,19.0,0.06058502197265625
86.0,8.0,8.0,0.0300445556640625
18.0,1.0,1.0,0.009999752044677734
37.0,4.0,4.0,0.018016815185546875
35.0,3.0,3.0,0.01325678825378418
51.0,9.0,9.0,0.018518686294555664
28.0,1.0,1.0,0.009362936019897461
11.0,0.0,0.0,0.0037419795989990234
75.0,13.0,13.0,0.028362274169921875
18.0,5.0,5.0,0.00766754150390625
63.0,5.0,5.0,0.023905515670776367
18.0,7.0,7.0,0.0076084136962890625
87.0,12.0,12.0,0.030550718307495117
59.0,18.0,18.0,0.022242307662963867
25.0,4.0,4.0,0.008336544036865234
12.0,1.0,1.0,0.0046231746673583984
49.0,0.0,0.0,0.017702579498291016
22.0,2.0,2.0,0.008609294891357422
106.0,8.0,8.0,0.03712058067321777
34.0,4.0,4.0,0.012627363204956055
94.0,14.0,14.0,0.05855250358581543
49.0,8.0,8.0,0.0265195369720459
34.0,9.0,9.0,0.018053293228149414
76.0,6.0,6.0,0.03537178039550781
16.0,0.0,0.0,0.007492780685424805
17.0,5.0,5.0,0.006998300552368164
212.0,14.0,14.0,0.07520699501037598
59.0,13.0,13.0,0.02320098876953125
62.0,7.0,7.0,0.026149988174438477
39.0,3.0,3.0,0.015572071075439453
37.0,1.0,1.0,0.014234304428100586
25.0,3.0,3.0,0.007723569869995117
16.0,4.0,4.0,0.005385637283325195
69.0,9.0,9.0,0.022673845291137695
23.0,6.0,6.0,0.008547067642211914
80.0,17.0,17.0,0.026839494705200195
41.0,6.0,6.0,0.01596522331237793
67.0,8.0,8.0,0.023967504501342773
24.0,3.0,3.0,0.008298873901367188
53.0,7.0,7.0,0.020807981491088867
27.0,5.0,5.0,0.013349533081054688
58.0,8.0,8.0,0.021196842193603516
13.0,0.0,0.0,0.004513978958129883
16.0,4.0,4.0,0.0051538944244384766
41.0,13.0,13.0,0.012876272201538086
45.0,5.0,5.0,0.0148468017578125
17.0,1.0,1.0,0.005768299102783203
41.0,6.0,6.0,0.013185501098632812
15.0,4.0,4.0,0.005527973175048828
53.0,8.0,8.0,0.016987323760986328
19.0,0.0,0.0,0.0058634281158447266
18.0,1.0,1.0,0.006012916564941406
59.0,1.0,1.0,0.019576549530029297
27.0,8.0,8.0,0.008824825286865234
17.0,1.0,1.0,0.00855565071105957
38.0,1.0,1.0,0.0160672664642334
16.0,4.0,4.0,0.005515098571777344
24.0,3.0,3.0,0.009357690811157227
29.0,1.0,1.0,0.011631011962890625
19.0,3.0,3.0,0.006532192230224609
22.0,3.0,3.0,0.010005712509155273
43.0,3.0,3.0,0.020519733428955078
57.0,8.0,8.0,0.020682334899902344
30.0,2.0,2.0,0.01178741455078125
33.0,3.0,3.0,0.010035991668701172
14.0,0.0,0.0,0.005429744720458984
65.0,13.0,13.0,0.022193193435668945
57.0,4.0,4.0,0.02389979362487793
76.0,10.0,10.0,0.028673648834228516
14.0,1.0,1.0,0.007956743240356445
55.0,3.0,3.0,0.028036117553710938
25.0,3.0,3.0,0.013850688934326172
124.0,20.0,20.0,0.051914215087890625
39.0,6.0,6.0,0.012953996658325195
92.0,13.0,13.0,0.02929830551147461
18.0,1.0,1.0,0.006556987762451172
14.0,0.0,0.0,0.004105806350708008
22.0,6.0,6.0,0.008011579513549805
14.0,0.0,0.0,0.006049156188964844
58.0,3.0,3.0,0.018079757690429688
12.0,0.0,0.0,0.004056692123413086
95.0,13.0,13.0,0.0354313850402832
19.0,0.0,0.0,0.0070323944091796875
61.0,1.0,1.0,0.02004241943359375
102.0,15.0,15.0,0.03458571434020996
17.0,0.0,0.0,0.0060002803802490234
94.0,13.0,13.0,0.03000020980834961
26.0,4.0,4.0,0.007999897003173828
12.0,1.0,1.0,0.003999948501586914
34.0,3.0,3.0,0.013042688369750977
66.0,2.0,2.0,0.025589942932128906
86.0,8.0,8.0,0.028000354766845703
14.0,0.0,0.0,0.006000041961669922
22.0,0.0,0.0,0.007518768310546875
22.0,4.0,4.0,0.007080793380737305
30.0,8.0,8.0,0.009970426559448242
24.0,4.0,4.0,0.008484601974487305
50.0,7.0,7.0,0.01599407196044922
42.0,2.0,2.0,0.014031410217285156
42.0,7.0,7.0,0.014963150024414062
13.0,0.0,0.0,0.0042340755462646484
47.0,3.0,3.0,0.014661073684692383
65.0,8.0,8.0,0.021092653274536133
29.0,4.0,4.0,0.009011983871459961
14.0,0.0,0.0,0.004996776580810547
26.0,2.0,2.0,0.009996414184570312
24.0,2.0,2.0,0.008001089096069336
12.0,1.0,1.0,0.0039997100830078125
13.0,1.0,1.0,0.006000041961669922
60.0,7.0,7.0,0.02500009536743164
21.0,6.0,6.0,0.008999824523925781
54.0,15.0,15.0,0.020006656646728516
58.0,8.0,8.0,0.02200031280517578
59.0,2.0,2.0,0.019999980926513672
58.0,5.0,5.0,0.018999814987182617
35.0,9.0,9.0,0.01300048828125
54.0,8.0,8.0,0.019589662551879883
21.0,5.0,5.0,0.00799417495727539
18.0,6.0,6.0,0.006999969482421875
12.0,0.0,0.0,0.003999948501586914
30.0,4.0,4.0,0.009999990463256836
19.0,1.0,1.0,0.006000041961669922
206.0,39.0,39.0,0.07709336280822754
12.0,2.0,2.0,0.003999948501586914
107.0,16.0,16.0,0.0380396842956543
77.0,13.0,13.0,0.027219533920288086
66.0,9.0,9.0,0.022606849670410156
27.0,7.0,7.0,0.008001089096069336
13.0,1.0,1.0,0.003520965576171875
123.0,14.0,14.0,0.039464473724365234
37.0,0.0,0.0,0.011518478393554688
43.0,8.0,8.0,0.016152143478393555
79.0,10.0,10.0,0.02954864501953125
27.0,1.0,1.0,0.010387659072875977
37.0,2.0,2.0,0.011834859848022461
72.0,13.0,13.0,0.024449586868286133
33.0,3.0,3.0,0.01051020622253418
65.0,11.0,11.0,0.021794795989990234
11.0,0.0,0.0,0.0037267208099365234
25.0,3.0,3.0,0.010811328887939453
37.0,8.0,8.0,0.01250767707824707
29.0,4.0,4.0,0.009999275207519531
19.0,2.0,2.0,0.005998134613037109
125.0,7.0,7.0,0.04202771186828613
83.0,5.0,5.0,0.028242826461791992
67.0,8.0,8.0,0.02364206314086914
14.0,1.0,1.0,0.004213571548461914
69.0,18.0,18.0,0.021434307098388672
19.0,7.0,7.0,0.006741762161254883
29.0,4.0,4.0,0.010396957397460938
31.0,3.0,3.0,0.009159564971923828
53.0,15.0,15.0,0.018549442291259766
62.0,6.0,6.0,0.020999670028686523
123.0,10.0,10.0,0.04562783241271973
13.0,1.0,1.0,0.004999876022338867
106.0,10.0,10.0,0.036525726318359375
92.0,9.0,9.0,0.03194713592529297
59.0,9.0,9.0,0.02200007438659668
23.0,4.0,4.0,0.008000373840332031
31.0,2.0,2.0,0.010999679565429688
47.0,4.0,4.0,0.016000032424926758
44.0,6.0,6.0,0.01404261589050293
54.0,9.0,9.0,0.02158975601196289
37.0,5.0,5.0,0.019866943359375
56.0,9.0,9.0,0.022851943969726562
23.0,1.0,1.0,0.0097198486328125
17.0,1.0,1.0,0.006303310394287109
20.0,2.0,2.0,0.007897377014160156
25.0,0.0,0.0,0.01178884506225586
107.0,12.0,12.0,0.03522491455078125
11.0,0.0,0.0,0.004171609878540039
44.0,4.0,4.0,0.016373157501220703
113.0,13.0,13.0,0.0366976261138916
27.0,0.0,0.0,0.009260416030883789
15.0,2.0,2.0,0.0049991607666015625
18.0,2.0,2.0,0.005997896194458008
43.0,8.0,8.0,0.015986919403076172
32.0,8.0,8.0,0.01107025146484375
19.0,1.0,1.0,0.006590604782104492
61.0,18.0,18.0,0.023433923721313477
62.0,9.0,9.0,0.020633459091186523
38.0,1.0,1.0,0.012882232666015625
62.0,8.0,8.0,0.020606279373168945
15.0,2.0,2.0,0.004873991012573242
102.0,7.0,7.0,0.03626298904418945
47.0,2.0,2.0,0.016081809997558594
18.0,2.0,2.0,0.009001493453979492
44.0,7.0,7.0,0.01803302764892578
25.0,5.0,5.0,0.009000301361083984
121.0,13.0,13.0,0.0465700626373291
17.0,5.0,5.0,0.006585836410522461
51.0,7.0,7.0,0.018615245819091797
38.0,3.0,3.0,0.01231694221496582
29.0,2.0,2.0,0.009027957916259766
46.0,10.0,10.0,0.014655590057373047
27.0,3.0,3.0,0.009068489074707031
34.0,4.0,4.0,0.012418985366821289
12.0,1.0,1.0,0.0039958953857421875
17.0,0.0,0.0,0.007070302963256836
31.0,4.0,4.0,0.011013507843017578
17.0,1.0,1.0,0.004917621612548828
42.0,7.0,7.0,0.01488494873046875
17.0,4.0,4.0,0.005525350570678711
33.0,7.0,7.0,0.010870695114135742
13.0,2.0,2.0,0.004995822906494141
33.0,1.0,1.0,0.01107025146484375
71.0,4.0,4.0,0.03590893745422363
146.0,22.0,22.0,0.07637619972229004
101.0,9.0,9.0,0.047547101974487305
79.0,13.0,13.0,0.025487422943115234
76.0,4.0,4.0,0.02383255958557129
20.0,3.0,3.0,0.006411075592041016
15.0,3.0,3.0,0.0050923824310302734
23.0,6.0,6.0,0.007128000259399414
51.0,5.0,5.0,0.01671910285949707
89.0,15.0,15.0,0.031423330307006836
18.0,3.0,3.0,0.006999492645263672
13.0,2.0,2.0,0.0050427913665771484
17.0,1.0,1.0,0.006000041961669922
33.0,5.0,5.0,0.010585308074951172
12.0,0.0,0.0,0.004999876022338867
66.0,7.0,7.0,0.027994155883789062
18.0,1.0,1.0,0.006517887115478516
18.0,4.0,4.0,0.006092071533203125
32.0,5.0,5.0,0.010374069213867188
31.0,1.0,1.0,0.012598752975463867
249.0,29.0,29.0,0.08814501762390137
42.0,3.0,3.0,0.016007661819458008
69.0,8.0,8.0,0.022977590560913086
71.0,17.0,17.0,0.026000022888183594
37.0,3.0,3.0,0.013000249862670898
27.0,1.0,1.0,0.009000062942504883
51.0,5.0,5.0,0.016042470932006836
30.0,3.0,3.0,0.009585142135620117
26.0,1.0,1.0,0.009000301361083984
45.0,4.0,4.0,0.017000198364257812
17.0,3.0,3.0,0.006000041961669922
13.0,2.0,2.0,0.005000114440917969
72.0,12.0,12.0,0.024000167846679688
37.0,6.0,6.0,0.012042522430419922
133.0,14.0,14.0,0.04658937454223633
48.0,6.0,6.0,0.016000032424926758
32.0,8.0,8.0,0.01100015640258789
55.0,8.0,8.0,0.017999887466430664
24.0,5.0,5.0,0.009000301361083984
24.0,5.0,5.0,0.0075855255126953125
17.0,3.0,3.0,0.006000041961669922
40.0,7.0,7.0,0.013000249862670898
23.0,1.0,1.0,0.009999752044677734
95.0,12.0,12.0,0.03899979591369629
12.0,1.0,1.0,0.006042003631591797
111.0,21.0,21.0,0.04258918762207031
100.0,12.0,12.0,0.037999868392944336
49.0,3.0,3.0,0.019042253494262695
106.0,15.0,15.0,0.03754830360412598
67.0,7.0,7.0,0.023187637329101562
28.0,6.0,6.0,0.01113581657409668
94.0,11.0,11.0,0.03183698654174805
18.0,0.0,0.0,0.006598949432373047
48.0,3.0,3.0,0.018415212631225586
15.0,0.0,0.0,0.006898641586303711
33.0,10.0,10.0,0.011501073837280273
87.0,9.0,9.0,0.02843761444091797
60.0,10.0,10.0,0.02215099334716797
25.0,2.0,2.0,0.010323286056518555
14.0,0.0,0.0,0.0049974918365478516
25.0,4.0,4.0,0.009019851684570312
30.0,5.0,5.0,0.01209878921508789
21.0,2.0,2.0,0.007727861404418945
38.0,1.0,1.0,0.013302326202392578
120.0,19.0,19.0,0.04405403137207031
60.0,4.0,4.0,0.022436857223510742
48.0,9.0,9.0,0.01858663558959961
23.0,0.0,0.0,0.009008169174194336
23.0,3.0,3.0,0.010135173797607422
47.0,6.0,6.0,0.01596999168395996
15.0,1.0,1.0,0.005805492401123047
33.0,5.0,5.0,0.012740850448608398
75.0,3.0,3.0,0.02501392364501953
72.0,7.0,7.0,0.026577472686767578
63.0,9.0,9.0,0.0203249454498291
17.0,4.0,4.0,0.006445169448852539
29.0,1.0,1.0,0.01381373405456543
19.0,1.0,1.0,0.011258363723754883
49.0,8.0,8.0,0.022172927856445312
11.0,0.0,0.0,0.006135225296020508
84.0,14.0,14.0,0.032390594482421875
96.0,13.0,13.0,0.032436370849609375
49.0,3.0,3.0,0.016289949417114258
20.0,1.0,1.0,0.00707554817199707
13.0,2.0,2.0,0.005136251449584961
58.0,2.0,2.0,0.020109891891479492
40.0,4.0,4.0,0.013736248016357422
29.0,0.0,0.0,0.009998559951782227
49.0,7.0,7.0,0.01599884033203125
13.0,0.0,0.0,0.003998517990112305
29.0,5.0,5.0,0.009002685546875
51.0,5.0,5.0,0.015996932983398438
22.0,0.0,0.0,0.007008075714111328
67.0,6.0,6.0,0.022996902465820312
76.0,10.0,10.0,0.02316761016845703
16.0,1.0,1.0,0.004998922348022461
59.0,6.0,6.0,0.01964712142944336
27.0,2.0,2.0,0.008359193801879883
66.0,16.0,16.0,0.020915746688842773
26.0,5.0,5.0,0.012061119079589844
18.0,0.0,0.0,0.008100271224975586
75.0,10.0,10.0,0.02951359748840332
33.0,4.0,4.0,0.010547637939453125
49.0,8.0,8.0,0.016623973846435547
27.0,5.0,5.0,0.008438348770141602
37.0,6.0,6.0,0.020556926727294922
14.0,3.0,3.0,0.006999969482421875
23.0,1.0,1.0,0.013000011444091797
20.0,3.0,3.0,0.013000011444091797
35.0,9.0,9.0,0.015000104904174805
50.0,7.0,7.0,0.02320241928100586
73.0,5.0,5.0,0.027009010314941406
33.0,6.0,6.0,0.015883922576904297
24.0,1.0,1.0,0.009336233139038086
31.0,3.0,3.0,0.012569189071655273
48.0,5.0,5.0,0.01616072654724121
14.0,2.0,2.0,0.004930973052978516
43.0,4.0,4.0,0.0157012939453125
50.0,7.0,7.0,0.018731355667114258
32.0,2.0,2.0,0.015182971954345703
23.0,5.0,5.0,0.011928081512451172
16.0,4.0,4.0,0.009032964706420898
24.0,2.0,2.0,0.015042304992675781
16.0,2.0,2.0,0.008540153503417969
28.0,2.0,2.0,0.012633562088012695
60.0,14.0,14.0,0.01946711540222168
243.0,38.0,38.0,0.08490848541259766
14.0,2.0,2.0,0.005671977996826172
12.0,1.0,1.0,0.0046422481536865234
29.0,2.0,2.0,0.008741378784179688
56.0,8.0,8.0,0.0202329158782959
120.0,12.0,12.0,0.06266617774963379
44.0,2.0,2.0,0.019000530242919922
118.0,15.0,15.0,0.041042327880859375
34.0,7.0,7.0,0.014585494995117188
31.0,3.0,3.0,0.017999887466430664
48.0,7.0,7.0,0.019999980926513672
37.0,3.0,3.0,0.020000219345092773
49.0,10.0,10.0,0.01904296875
61.0,4.0,4.0,0.03158974647521973
11.0,0.0,0.0,0.0070002079010009766
16.0,3.0,3.0,0.005980491638183594
169.0,16.0,16.0,0.06295275688171387
21.0,1.0,1.0,0.007608652114868164
28.0,1.0,1.0,0.008998632431030273
83.0,9.0,9.0,0.027585983276367188
28.0,4.0,4.0,0.012623071670532227
27.0,2.0,2.0,0.00900721549987793
39.0,1.0,1.0,0.014355182647705078
11.0,0.0,0.0,0.004042387008666992
18.0,6.0,6.0,0.0055179595947265625
77.0,11.0,11.0,0.02494668960571289
23.0,4.0,4.0,0.008128643035888672
22.0,1.0,1.0,0.013022184371948242
26.0,1.0,1.0,0.009483814239501953
46.0,5.0,5.0,0.014594554901123047
17.0,5.0,5.0,0.0061473846435546875
47.0,10.0,10.0,0.015770435333251953
78.0,8.0,8.0,0.026331663131713867
54.0,10.0,10.0,0.0169985294342041
25.0,4.0,4.0,0.006997108459472656
39.0,6.0,6.0,0.013004779815673828
36.0,6.0,6.0,0.01390385627746582
15.0,3.0,3.0,0.004201412200927734
47.0,4.0,4.0,0.015390634536743164
55.0,6.0,6.0,0.02159738540649414
17.0,2.0,2.0,0.007010221481323242
19.0,4.0,4.0,0.0060002803802490234
88.0,10.0,10.0,0.029006242752075195
38.0,0.0,0.0,0.013518333435058594
13.0,1.0,1.0,0.006163597106933594
15.0,1.0,1.0,0.005299568176269531
56.0,4.0,4.0,0.02078104019165039
120.0,17.0,17.0,0.043530941009521484
23.0,2.0,2.0,0.008523941040039062
11.0,0.0,0.0,0.003997802734375
45.0,6.0,6.0,0.014393806457519531
75.0,12.0,12.0,0.025586366653442383
19.0,3.0,3.0,0.006010532379150391
19.0,8.0,8.0,0.0059986114501953125
21.0,1.0,1.0,0.0059986114501953125
12.0,0.0,0.0,0.003042936325073242
12.0,0.0,0.0,0.004263162612915039
13.0,2.0,2.0,0.007008552551269531
40.0,8.0,8.0,0.021548986434936523
11.0,0.0,0.0,0.004999876022338867
21.0,5.0,5.0,0.008999824523925781
16.0,1.0,1.0,0.010000228881835938
31.0,1.0,1.0,0.01596689224243164
60.0,13.0,13.0,0.02112102508544922
62.0,7.0,7.0,0.020511388778686523
42.0,6.0,6.0,0.01702713966369629
21.0,2.0,2.0,0.0070514678955078125
24.0,2.0,2.0,0.009144783020019531
57.0,3.0,3.0,0.020000457763671875
33.0,2.0,2.0,0.013370275497436523
30.0,1.0,1.0,0.011986255645751953
136.0,19.0,19.0,0.041829824447631836
73.0,15.0,15.0,0.022646188735961914
31.0,4.0,4.0,0.010219812393188477
19.0,2.0,2.0,0.006787300109863281
30.0,8.0,8.0,0.010442972183227539
96.0,22.0,22.0,0.03337597846984863
45.0,3.0,3.0,0.023242473602294922
31.0,2.0,2.0,0.015849590301513672
38.0,0.0,0.0,0.017709016799926758
59.0,18.0,18.0,0.03203630447387695
23.0,7.0,7.0,0.008157014846801758
17.0,1.0,1.0,0.008104801177978516
51.0,9.0,9.0,0.01763606071472168
13.0,0.0,0.0,0.0047991275787353516
15.0,2.0,2.0,0.00472712516784668
51.0,6.0,6.0,0.017815113067626953
32.0,6.0,6.0,0.011029243469238281
17.0,0.0,0.0,0.007840394973754883
62.0,8.0,8.0,0.024446487426757812
55.0,6.0,6.0,0.01784372329711914
26.0,0.0,0.0,0.007999658584594727
23.0,1.0,1.0,0.007523059844970703
46.0,3.0,3.0,0.016470670700073242
18.0,6.0,6.0,0.006518125534057617
23.0,11.0,11.0,0.010879039764404297
17.0,2.0,2.0,0.006373882293701172
11.0,0.0,0.0,0.004556417465209961
45.0,6.0,6.0,0.01671576499938965
49.0,13.0,13.0,0.015122413635253906
37.0,7.0,7.0,0.01691126823425293
33.0,6.0,6.0,0.010061502456665039
48.0,5.0,5.0,0.015013933181762695
38.0,0.0,0.0,0.012001276016235352
29.0,2.0,2.0,0.013033151626586914
75.0,8.0,8.0,0.023999691009521484
35.0,6.0,6.0,0.012042522430419922
51.0,4.0,4.0,0.016589879989624023
15.0,3.0,3.0,0.004999637603759766
42.0,5.0,5.0,0.01399993896484375
29.0,5.0,5.0,0.013000011444091797
167.0,12.0,12.0,0.05581235885620117
25.0,3.0,3.0,0.007997751235961914
81.0,4.0,4.0,0.026998281478881836
49.0,8.0,8.0,0.016887426376342773
92.0,10.0,10.0,0.03214430809020996
14.0,2.0,2.0,0.005511760711669922
63.0,4.0,4.0,0.02115917205810547
15.0,1.0,1.0,0.007421731948852539
28.0,6.0,6.0,0.009858846664428711
50.0,7.0,7.0,0.017033815383911133
14.0,1.0,1.0,0.004999637603759766
58.0,14.0,14.0,0.0210421085357666
47.0,5.0,5.0,0.014589786529541016
60.0,8.0,8.0,0.02200007438659668
54.0,5.0,5.0,0.016365766525268555
21.0,3.0,3.0,0.006201744079589844
37.0,5.0,5.0,0.012917041778564453
84.0,9.0,9.0,0.029410362243652344
12.0,0.0,0.0,0.004962921142578125
19.0,1.0,1.0,0.006102561950683594
39.0,2.0,2.0,0.01461648941040039
49.0,10.0,10.0,0.015142440795898438
41.0,3.0,3.0,0.012883901596069336
33.0,3.0,3.0,0.010873556137084961
28.0,1.0,1.0,0.010184288024902344
37.0,4.0,4.0,0.013869047164916992
26.0,3.0,3.0,0.012257575988769531
35.0,6.0,6.0,0.01505732536315918
22.0,3.0,3.0,0.008784294128417969
37.0,4.0,4.0,0.01605844497680664
40.0,7.0,7.0,0.01348257064819336
49.0,1.0,1.0,0.01664280891418457
40.0,3.0,3.0,0.01413583755493164
51.0,5.0,5.0,0.018357038497924805
45.0,4.0,4.0,0.01478719711303711
17.0,5.0,5.0,0.006844758987426758
113.0,17.0,17.0,0.03780817985534668
23.0,6.0,6.0,0.007939338684082031
59.0,7.0,7.0,0.022183656692504883
20.0,1.0,1.0,0.006817817687988281
13.0,0.0,0.0,0.005334377288818359
29.0,0.0,0.0,0.009285211563110352
65.0,10.0,10.0,0.0221710205078125
34.0,1.0,1.0,0.011193990707397461
32.0,7.0,7.0,0.00916600227355957
18.0,4.0,4.0,0.007276058197021484
15.0,0.0,0.0,0.0046694278717041016
57.0,12.0,12.0,0.01838374137878418
42.0,6.0,6.0,0.014504671096801758
50.0,7.0,7.0,0.015740394592285156
49.0,10.0,10.0,0.01587843894958496
12.0,0.0,0.0,0.0036232471466064453
16.0,4.0,4.0,0.004897117614746094
43.0,6.0,6.0,0.017784833908081055
32.0,0.0,0.0,0.013390302658081055
62.0,8.0,8.0,0.020641565322875977
63.0,7.0,7.0,0.019585132598876953
12.0,0.0,0.0,0.0035085678100585938
25.0,3.0,3.0,0.007528066635131836
22.0,5.0,5.0,0.007402896881103516
70.0,6.0,6.0,0.026177406311035156
63.0,15.0,15.0,0.022888660430908203
63.0,11.0,11.0,0.02244400978088379
38.0,6.0,6.0,0.01289677619934082
73.0,12.0,12.0,0.027047395706176758
18.0,3.0,3.0,0.008874654769897461
24.0,6.0,6.0,0.010253667831420898
24.0,1.0,1.0,0.00910329818725586
74.0,5.0,5.0,0.025155067443847656
23.0,4.0,4.0,0.00824594497680664
28.0,3.0,3.0,0.010778188705444336
11.0,1.0,1.0,0.004716396331787109
44.0,5.0,5.0,0.015860795974731445
99.0,19.0,19.0,0.03760695457458496
41.0,4.0,4.0,0.016063928604125977
15.0,3.0,3.0,0.004998683929443359
25.0,1.0,1.0,0.008096694946289062
15.0,2.0,2.0,0.004624366760253906
27.0,1.0,1.0,0.010349512100219727
64.0,20.0,20.0,0.023596525192260742
18.0,4.0,4.0,0.008186817169189453
39.0,5.0,5.0,0.013474464416503906
37.0,2.0,2.0,0.011544227600097656
31.0,5.0,5.0,0.010422706604003906
95.0,19.0,19.0,0.03234672546386719
22.0,1.0,1.0,0.008170843124389648
13.0,1.0,1.0,0.006012678146362305
66.0,11.0,11.0,0.02549147605895996
86.0,15.0,15.0,0.030600786209106445
32.0,2.0,2.0,0.010838747024536133
51.0,7.0,7.0,0.01863574981689453
30.0,5.0,5.0,0.011945247650146484
18.0,1.0,1.0,0.006719112396240234
13.0,0.0,0.0,0.0040035247802734375
51.0,8.0,8.0,0.018839359283447266
33.0,3.0,3.0,0.01246786117553711
27.0,3.0,3.0,0.010114669799804688
28.0,8.0,8.0,0.010943889617919922
43.0,2.0,2.0,0.01570272445678711
68.0,6.0,6.0,0.024487018585205078
11.0,0.0,0.0,0.004008769989013672
68.0,8.0,8.0,0.026247024536132812
23.0,3.0,3.0,0.009827613830566406
53.0,6.0,6.0,0.029128313064575195
15.0,2.0,2.0,0.005649566650390625
47.0,10.0,10.0,0.02111077308654785
39.0,8.0,8.0,0.01775074005126953
12.0,0.0,0.0,0.0036983489990234375
27.0,6.0,6.0,0.009182453155517578
19.0,1.0,1.0,0.0077860355377197266
13.0,2.0,2.0,0.004186153411865234
17.0,5.0,5.0,0.005296230316162109
29.0,1.0,1.0,0.00923466682434082
31.0,2.0,2.0,0.011106729507446289
20.0,3.0,3.0,0.006322622299194336
28.0,8.0,8.0,0.009167909622192383
45.0,7.0,7.0,0.01637125015258789
31.0,6.0,6.0,0.00967550277709961
26.0,0.0,0.0,0.008905172348022461
60.0,14.0,14.0,0.01827716827392578
25.0,3.0,3.0,0.011528968811035156
72.0,8.0,8.0,0.024361848831176758
76.0,9.0,9.0,0.030154943466186523
39.0,2.0,2.0,0.012470245361328125
75.0,13.0,13.0,0.02352762222290039
15.0,1.0,1.0,0.005673885345458984
45.0,6.0,6.0,0.017639636993408203
20.0,3.0,3.0,0.007533550262451172
88.0,12.0,12.0,0.02888321876525879
50.0,0.0,0.0,0.017241477966308594
58.0,8.0,8.0,0.018690824508666992
68.0,10.0,10.0,0.0207366943359375
64.0,12.0,12.0,0.020792484283447266
25.0,2.0,2.0,0.009302854537963867
28.0,9.0,9.0,0.00975656509399414
11.0,1.0,1.0,0.004079580307006836
51.0,6.0,6.0,0.017300128936767578
34.0,4.0,4.0,0.013075590133666992
33.0,2.0,2.0,0.010564327239990234
162.0,19.0,19.0,0.05117082595825195
26.0,1.0,1.0,0.007627725601196289
93.0,12.0,12.0,0.029361963272094727
45.0,8.0,8.0,0.013395547866821289
12.0,1.0,1.0,0.004149436950683594
31.0,4.0,4.0,0.009893417358398438
36.0,5.0,5.0,0.011174678802490234
18.0,0.0,0.0,0.006720066070556641
28.0,1.0,1.0,0.01024937629699707
90.0,4.0,4.0,0.030158281326293945
34.0,2.0,2.0,0.010567188262939453
19.0,0.0,0.0,0.00734257698059082
28.0,1.0,1.0,0.01085209846496582
45.0,1.0,1.0,0.01586174964904785
27.0,2.0,2.0,0.008489608764648438
26.0,3.0,3.0,0.009256362915039062
18.0,1.0,1.0,0.009358882904052734
53.0,4.0,4.0,0.01980447769165039
19.0,4.0,4.0,0.007475137710571289
18.0,1.0,1.0,0.006673574447631836
25.0,5.0,5.0,0.00862264633178711
61.0,8.0,8.0,0.021431446075439453
24.0,5.0,5.0,0.009028196334838867
18.0,3.0,3.0,0.006659507751464844
46.0,4.0,4.0,0.015071630477905273
40.0,2.0,2.0,0.017136096954345703
34.0,5.0,5.0,0.01427459716796875
38.0,2.0,2.0,0.011853456497192383
23.0,0.0,0.0,0.0076141357421875
87.0,7.0,7.0,0.02849888801574707
89.0,9.0,9.0,0.034267425537109375
24.0,4.0,4.0,0.008553743362426758
17.0,0.0,0.0,0.006041288375854492
59.0,6.0,6.0,0.021107196807861328
26.0,4.0,4.0,0.008026361465454102
32.0,5.0,5.0,0.011021614074707031
39.0,8.0,8.0,0.012293577194213867
16.0,2.0,2.0,0.008024215698242188
65.0,6.0,6.0,0.020933151245117188
48.0,3.0,3.0,0.014811992645263672
54.0,3.0,3.0,0.018658161163330078
25.0,0.0,0.0,0.008470535278320312
17.0,2.0,2.0,0.00742340087890625
13.0,0.0,0.0,0.005691051483154297
143.0,23.0,23.0,0.05034351348876953
30.0,4.0,4.0,0.01018071174621582
116.0,12.0,12.0,0.03951549530029297
19.0,1.0,1.0,0.006676912307739258
25.0,8.0,8.0,0.008835792541503906
123.0,18.0,18.0,0.04113888740539551
20.0,0.0,0.0,0.007399320602416992
71.0,6.0,6.0,0.026287555694580078
45.0,2.0,2.0,0.018442392349243164
73.0,11.0,11.0,0.022810935974121094
14.0,0.0,0.0,0.0058155059814453125
62.0,6.0,6.0,0.019910812377929688
25.0,2.0,2.0,0.008956193923950195
33.0,2.0,2.0,0.010725736618041992
74.0,8.0,8.0,0.02578139305114746
35.0,5.0,5.0,0.012220621109008789
37.0,8.0,8.0,0.011338472366333008
32.0,0.0,0.0,0.01089930534362793
13.0,1.0,1.0,0.004998683929443359
28.0,2.0,2.0,0.009000778198242188
11.0,0.0,0.0,0.004682064056396484
49.0,6.0,6.0,0.017838239669799805
53.0,4.0,4.0,0.016361236572265625
92.0,13.0,13.0,0.032295942306518555
101.0,7.0,7.0,0.033220529556274414
16.0,0.0,0.0,0.0055201053619384766
57.0,4.0,4.0,0.01739048957824707
32.0,3.0,3.0,0.013006925582885742
77.0,10.0,10.0,0.0260009765625
106.0,9.0,9.0,0.04036903381347656
18.0,4.0,4.0,0.0060329437255859375
31.0,2.0,2.0,0.0102081298828125
68.0,6.0,6.0,0.023382186889648438
26.0,3.0,3.0,0.008635997772216797
23.0,2.0,2.0,0.0072672367095947266
12.0,1.0,1.0,0.004800081253051758
32.0,3.0,3.0,0.012897014617919922
46.0,7.0,7.0,0.019311189651489258
22.0,1.0,1.0,0.0068683624267578125
31.0,2.0,2.0,0.00948786735534668
52.0,6.0,6.0,0.016178607940673828
15.0,1.0,1.0,0.005470752716064453
23.0,7.0,7.0,0.006737709045410156
29.0,2.0,2.0,0.008643627166748047
25.0,2.0,2.0,0.008151531219482422
18.0,2.0,2.0,0.006124734878540039
30.0,2.0,2.0,0.010256290435791016
32.0,6.0,6.0,0.01184844970703125
87.0,10.0,10.0,0.028416872024536133
16.0,0.0,0.0,0.0048313140869140625
35.0,5.0,5.0,0.011950969696044922
14.0,2.0,2.0,0.004514455795288086
13.0,1.0,1.0,0.004007577896118164
38.0,5.0,5.0,0.015225648880004883
25.0,1.0,1.0,0.012849807739257812
65.0,8.0,8.0,0.023253917694091797
29.0,1.0,1.0,0.008647680282592773
17.0,1.0,1.0,0.006241798400878906
12.0,0.0,0.0,0.0038187503814697266
38.0,3.0,3.0,0.019724130630493164
60.0,10.0,10.0,0.03548884391784668
18.0,0.0,0.0,0.009515523910522461
52.0,8.0,8.0,0.02393507957458496
13.0,1.0,1.0,0.006185293197631836
16.0,1.0,1.0,0.005069732666015625
14.0,0.0,0.0,0.005454063415527344
45.0,7.0,7.0,0.014441251754760742
16.0,3.0,3.0,0.010650873184204102
47.0,2.0,2.0,0.018438100814819336
14.0,0.0,0.0,0.004269838333129883
23.0,2.0,2.0,0.007675886154174805
29.0,3.0,3.0,0.01053476333618164
57.0,6.0,6.0,0.02146434783935547
79.0,10.0,10.0,0.02660393714904785
19.0,0.0,0.0,0.0070307254791259766
36.0,9.0,9.0,0.011700868606567383
156.0,25.0,25.0,0.05390214920043945
14.0,1.0,1.0,0.004528999328613281
82.0,8.0,8.0,0.02644205093383789
12.0,0.0,0.0,0.0037882328033447266
29.0,1.0,1.0,0.009459972381591797
39.0,5.0,5.0,0.012626886367797852
20.0,2.0,2.0,0.005604743957519531
98.0,9.0,9.0,0.03086400032043457
15.0,1.0,1.0,0.006064653396606445
25.0,10.0,10.0,0.008766889572143555
97.0,17.0,17.0,0.031332969665527344
23.0,4.0,4.0,0.007022380828857422
219.0,35.0,35.0,0.0722355842590332
21.0,0.0,0.0,0.006951332092285156
45.0,3.0,3.0,0.015148639678955078
34.0,3.0,3.0,0.010792732238769531
171.0,19.0,19.0,0.06673049926757812
14.0,2.0,2.0,0.006239175796508789
27.0,2.0,2.0,0.010749101638793945
98.0,9.0,9.0,0.03520035743713379
88.0,13.0,13.0,0.03151345252990723
20.0,1.0,1.0,0.006905078887939453
23.0,2.0,2.0,0.00762629508972168
21.0,4.0,4.0,0.006937265396118164
19.0,2.0,2.0,0.006714344024658203
49.0,1.0,1.0,0.018454790115356445
90.0,12.0,12.0,0.028077363967895508
47.0,5.0,5.0,0.014734983444213867
36.0,2.0,2.0,0.01113748550415039
17.0,0.0,0.0,0.004529476165771484
21.0,1.0,1.0,0.007156848907470703
16.0,0.0,0.0,0.005632162094116211
12.0,0.0,0.0,0.004000425338745117
36.0,6.0,6.0,0.013216495513916016
33.0,2.0,2.0,0.011188030242919922
55.0,6.0,6.0,0.0191342830657959
51.0,4.0,4.0,0.019290924072265625
18.0,1.0,1.0,0.006615161895751953
28.0,1.0,1.0,0.009199380874633789
28.0,2.0,2.0,0.008678913116455078
24.0,2.0,2.0,0.0071637630462646484
43.0,4.0,4.0,0.015496969223022461
26.0,2.0,2.0,0.010389566421508789
65.0,2.0,2.0,0.02301931381225586
59.0,7.0,7.0,0.02165985107421875
14.0,1.0,1.0,0.004523754119873047
22.0,1.0,1.0,0.009679555892944336
45.0,10.0,10.0,0.021047353744506836
15.0,1.0,1.0,0.006008625030517578
16.0,1.0,1.0,0.006649494171142578
12.0,0.0,0.0,0.0037038326263427734
82.0,28.0,28.0,0.0328526496887207
54.0,7.0,7.0,0.019893884658813477
41.0,3.0,3.0,0.014450311660766602
37.0,10.0,10.0,0.011972665786743164
29.0,3.0,3.0,0.009708881378173828
37.0,7.0,7.0,0.012495756149291992
63.0,8.0,8.0,0.023923873901367188
43.0,5.0,5.0,0.015792131423950195
37.0,7.0,7.0,0.012890100479125977
29.0,1.0,1.0,0.009749889373779297
74.0,7.0,7.0,0.0243985652923584
87.0,7.0,7.0,0.029872417449951172
39.0,2.0,2.0,0.014540672302246094
128.0,13.0,13.0,0.0444951057434082
12.0,0.0,0.0,0.004925727844238281
202.0,33.0,33.0,0.07419633865356445
58.0,11.0,11.0,0.02006244659423828
33.0,3.0,3.0,0.012447595596313477
15.0,0.0,0.0,0.006245851516723633
37.0,8.0,8.0,0.012460470199584961
104.0,19.0,19.0,0.04029059410095215
41.0,7.0,7.0,0.013322591781616211
34.0,6.0,6.0,0.012591123580932617
13.0,2.0,2.0,0.005353450775146484
27.0,5.0,5.0,0.009086370468139648
46.0,9.0,9.0,0.016710996627807617
19.0,0.0,0.0,0.006510734558105469
11.0,0.0,0.0,0.0043506622314453125
96.0,6.0,6.0,0.03560352325439453
23.0,1.0,1.0,0.008138895034790039
44.0,7.0,7.0,0.015540122985839844
24.0,0.0,0.0,0.0072705745697021484
20.0,1.0,1.0,0.006164073944091797
13.0,1.0,1.0,0.003514528274536133
68.0,10.0,10.0,0.02278900146484375
14.0,0.0,0.0,0.005297422409057617
18.0,3.0,3.0,0.008509635925292969
60.0,13.0,13.0,0.022564172744750977
94.0,10.0,10.0,0.03146624565124512
63.0,10.0,10.0,0.02169346809387207
77.0,9.0,9.0,0.025383949279785156
53.0,6.0,6.0,0.01953577995300293
12.0,1.0,1.0,0.006014347076416016
65.0,24.0,24.0,0.025418519973754883
18.0,0.0,0.0,0.0060122013092041016
49.0,5.0,5.0,0.016271591186523438
67.0,10.0,10.0,0.020392894744873047
24.0,5.0,5.0,0.006685018539428711
14.0,2.0,2.0,0.004636526107788086
61.0,6.0,6.0,0.01973867416381836
58.0,8.0,8.0,0.019666671752929688
24.0,0.0,0.0,0.008730173110961914
47.0,1.0,1.0,0.016574382781982422
44.0,8.0,8.0,0.014226436614990234
27.0,2.0,2.0,0.009320974349975586
59.0,4.0,4.0,0.019360780715942383
35.0,1.0,1.0,0.013143301010131836
13.0,0.0,0.0,0.005743980407714844
47.0,2.0,2.0,0.015602350234985352
32.0,6.0,6.0,0.010788917541503906
12.0,0.0,0.0,0.004246234893798828
19.0,4.0,4.0,0.005277395248413086
29.0,3.0,3.0,0.010863542556762695
25.0,2.0,2.0,0.008742332458496094
22.0,3.0,3.0,0.008657217025756836
39.0,4.0,4.0,0.015604972839355469
59.0,7.0,7.0,0.023186922073364258
48.0,7.0,7.0,0.01922750473022461
14.0,1.0,1.0,0.0038242340087890625
17.0,2.0,2.0,0.006669044494628906
35.0,5.0,5.0,0.0161590576171875
47.0,7.0,7.0,0.016509056091308594
56.0,4.0,4.0,0.01891160011291504
62.0,5.0,5.0,0.02085089683532715
49.0,6.0,6.0,0.01723480224609375
26.0,4.0,4.0,0.008148431777954102
36.0,4.0,4.0,0.011834383010864258
68.0,10.0,10.0,0.023133039474487305
21.0,2.0,2.0,0.0070323944091796875
30.0,5.0,5.0,0.010867595672607422
17.0,4.0,4.0,0.005528450012207031
13.0,1.0,1.0,0.004114866256713867
39.0,6.0,6.0,0.013097524642944336
90.0,13.0,13.0,0.030874013900756836
33.0,5.0,5.0,0.01209402084350586
116.0,15.0,15.0,0.03926897048950195
52.0,9.0,9.0,0.020000219345092773
24.0,1.0,1.0,0.007670879364013672
19.0,1.0,1.0,0.005746603012084961
17.0,0.0,0.0,0.006006956100463867
18.0,1.0,1.0,0.0065686702728271484
26.0,3.0,3.0,0.010362386703491211
41.0,2.0,2.0,0.013273239135742188
39.0,3.0,3.0,0.014278411865234375
14.0,3.0,3.0,0.004671812057495117
51.0,6.0,6.0,0.017766237258911133
66.0,18.0,18.0,0.01999187469482422
29.0,8.0,8.0,0.012041091918945312
51.0,4.0,4.0,0.016718387603759766
16.0,2.0,2.0,0.005875587463378906
30.0,5.0,5.0,0.010575294494628906
24.0,6.0,6.0,0.007737874984741211
18.0,2.0,2.0,0.005105018615722656
86.0,11.0,11.0,0.028908252716064453
18.0,2.0,2.0,0.006850242614746094
28.0,4.0,4.0,0.01065516471862793
103.0,13.0,13.0,0.0364832878112793
41.0,6.0,6.0,0.01366567611694336
65.0,6.0,6.0,0.021313190460205078
15.0,0.0,0.0,0.006318569183349609
32.0,7.0,7.0,0.012003898620605469
12.0,0.0,0.0,0.00467228889465332
70.0,2.0,2.0,0.02216792106628418
37.0,9.0,9.0,0.012853622436523438
50.0,5.0,5.0,0.018872737884521484
63.0,4.0,4.0,0.01993393898010254
25.0,3.0,3.0,0.007770538330078125
20.0,5.0,5.0,0.006659269332885742
16.0,2.0,2.0,0.004971981048583984
28.0,9.0,9.0,0.009167909622192383
57.0,13.0,13.0,0.022515296936035156
13.0,1.0,1.0,0.0050008296966552734
32.0,8.0,8.0,0.013867855072021484
38.0,1.0,1.0,0.01266622543334961
19.0,0.0,0.0,0.005635499954223633
12.0,0.0,0.0,0.003797292709350586
57.0,8.0,8.0,0.0179290771484375
15.0,3.0,3.0,0.005057573318481445
24.0,3.0,3.0,0.007885217666625977
18.0,1.0,1.0,0.006177425384521484
58.0,2.0,2.0,0.018763065338134766
43.0,3.0,3.0,0.015048980712890625
25.0,4.0,4.0,0.00998997688293457
75.0,15.0,15.0,0.028064727783203125
24.0,1.0,1.0,0.008211612701416016
15.0,2.0,2.0,0.005647182464599609
13.0,0.0,0.0,0.005720376968383789
84.0,11.0,11.0,0.029926061630249023
122.0,19.0,19.0,0.03822612762451172
45.0,5.0,5.0,0.017840147018432617
22.0,3.0,3.0,0.007236003875732422
39.0,3.0,3.0,0.013592243194580078
36.0,1.0,1.0,0.014679431915283203
20.0,4.0,4.0,0.005631208419799805
33.0,7.0,7.0,0.013268709182739258
17.0,0.0,0.0,0.00516819953918457
30.0,1.0,1.0,0.011824369430541992
31.0,5.0,5.0,0.011239051818847656
15.0,2.0,2.0,0.00500178337097168
32.0,1.0,1.0,0.010758399963378906
34.0,3.0,3.0,0.012196540832519531
12.0,1.0,1.0,0.003973245620727539
19.0,1.0,1.0,0.006665229797363281
21.0,5.0,5.0,0.00620579719543457
22.0,3.0,3.0,0.006677389144897461
120.0,18.0,18.0,0.038329362869262695
40.0,6.0,6.0,0.012654304504394531
18.0,0.0,0.0,0.006596088409423828
130.0,21.0,21.0,0.04340195655822754
93.0,5.0,5.0,0.029282331466674805
42.0,6.0,6.0,0.014055252075195312
77.0,8.0,8.0,0.028858423233032227
44.0,3.0,3.0,0.015704870223999023
26.0,2.0,2.0,0.007854938507080078
20.0,3.0,3.0,0.006510019302368164
13.0,2.0,2.0,0.0037915706634521484
22.0,5.0,5.0,0.008718252182006836
32.0,3.0,3.0,0.010588884353637695
17.0,4.0,4.0,0.005665779113769531
91.0,14.0,14.0,0.030904769897460938
24.0,7.0,7.0,0.007570028305053711
114.0,15.0,15.0,0.041445016860961914
30.0,2.0,2.0,0.009167194366455078
63.0,7.0,7.0,0.021159648895263672
34.0,7.0,7.0,0.011162757873535156
16.0,2.0,2.0,0.004639387130737305
15.0,2.0,2.0,0.005115985870361328
17.0,2.0,2.0,0.005587100982666016
120.0,15.0,15.0,0.041780710220336914
28.0,1.0,1.0,0.008719444274902344
16.0,3.0,3.0,0.0052225589752197266
33.0,8.0,8.0,0.010324954986572266
60.0,9.0,9.0,0.01828312873840332
37.0,1.0,1.0,0.0138702392578125
60.0,4.0,4.0,0.020366430282592773
21.0,3.0,3.0,0.007577419281005859
14.0,3.0,3.0,0.004190206527709961
23.0,6.0,6.0,0.008287429809570312
31.0,5.0,5.0,0.009324312210083008
46.0,5.0,5.0,0.01598525047302246
28.0,1.0,1.0,0.008991003036499023
97.0,7.0,7.0,0.03332948684692383
18.0,0.0,0.0,0.00785517692565918
14.0,1.0,1.0,0.005189657211303711
11.0,0.0,0.0,0.004004478454589844
79.0,12.0,12.0,0.02520918846130371
43.0,14.0,14.0,0.0145721435546875
53.0,1.0,1.0,0.020956993103027344
25.0,3.0,3.0,0.011774539947509766
35.0,2.0,2.0,0.01622462272644043
15.0,3.0,3.0,0.004316568374633789
41.0,2.0,2.0,0.014204978942871094
26.0,1.0,1.0,0.008517980575561523
48.0,9.0,9.0,0.01668548583984375
40.0,3.0,3.0,0.013274431228637695
44.0,4.0,4.0,0.014367341995239258
18.0,2.0,2.0,0.005609750747680664
37.0,10.0,10.0,0.011435508728027344
15.0,3.0,3.0,0.006607532501220703
36.0,8.0,8.0,0.013298988342285156
83.0,17.0,17.0,0.03277945518493652
33.0,5.0,5.0,0.016526460647583008
28.0,2.0,2.0,0.010424375534057617
29.0,2.0,2.0,0.009363889694213867
32.0,4.0,4.0,0.017900705337524414
15.0,1.0,1.0,0.006139278411865234
16.0,3.0,3.0,0.009546756744384766
26.0,1.0,1.0,0.012735366821289062
12.0,0.0,0.0,0.004296541213989258
29.0,1.0,1.0,0.011088848114013672
29.0,3.0,3.0,0.010873556137084961
30.0,3.0,3.0,0.009259700775146484
24.0,1.0,1.0,0.008335351943969727
15.0,0.0,0.0,0.005027294158935547
135.0,18.0,18.0,0.049497127532958984
90.0,16.0,16.0,0.03211522102355957
77.0,6.0,6.0,0.026043176651000977
30.0,1.0,1.0,0.009845495223999023
46.0,5.0,5.0,0.014197826385498047
22.0,2.0,2.0,0.007401227951049805
42.0,4.0,4.0,0.016784191131591797
188.0,25.0,25.0,0.06473183631896973
50.0,10.0,10.0,0.018065929412841797
50.0,10.0,10.0,0.017142772674560547
61.0,9.0,9.0,0.021877288818359375
11.0,0.0,0.0,0.004988670349121094
12.0,1.0,1.0,0.003996133804321289
55.0,2.0,2.0,0.01803755760192871
27.0,1.0,1.0,0.009282112121582031
72.0,5.0,5.0,0.026723146438598633
55.0,7.0,7.0,0.017910242080688477
44.0,3.0,3.0,0.01824045181274414
41.0,4.0,4.0,0.014632225036621094
39.0,3.0,3.0,0.013315200805664062
124.0,17.0,17.0,0.04612278938293457
63.0,7.0,7.0,0.027727365493774414
53.0,1.0,1.0,0.022965431213378906
97.0,11.0,11.0,0.03440737724304199
18.0,2.0,2.0,0.005852699279785156
33.0,6.0,6.0,0.012891292572021484
32.0,4.0,4.0,0.01080465316772461
41.0,4.0,4.0,0.016388654708862305
44.0,6.0,6.0,0.01719808578491211
29.0,4.0,4.0,0.01034092903137207
42.0,4.0,4.0,0.017033815383911133
25.0,5.0,5.0,0.011788606643676758
64.0,7.0,7.0,0.0306551456451416
27.0,2.0,2.0,0.012629032135009766
81.0,16.0,16.0,0.03731226921081543
73.0,10.0,10.0,0.026558876037597656
73.0,17.0,17.0,0.02973151206970215
24.0,2.0,2.0,0.0076944828033447266
100.0,13.0,13.0,0.03270673751831055
62.0,2.0,2.0,0.022655248641967773
47.0,2.0,2.0,0.015820980072021484
17.0,1.0,1.0,0.006023883819580078
40.0,5.0,5.0,0.01370096206665039
28.0,0.0,0.0,0.008504152297973633
14.0,0.0,0.0,0.004248619079589844
48.0,3.0,3.0,0.01566934585571289
41.0,8.0,8.0,0.015252351760864258
37.0,4.0,4.0,0.012614727020263672
109.0,7.0,7.0,0.03581738471984863
46.0,11.0,11.0,0.015768051147460938
96.0,13.0,13.0,0.03698873519897461
47.0,6.0,6.0,0.016039609909057617
45.0,5.0,5.0,0.015660762786865234
16.0,0.0,0.0,0.004858732223510742
18.0,4.0,4.0,0.006014585494995117
71.0,10.0,10.0,0.028285503387451172
189.0,41.0,41.0,0.06918764114379883
49.0,7.0,7.0,0.017957210540771484
12.0,1.0,1.0,0.004126310348510742
23.0,3.0,3.0,0.007864713668823242
49.0,3.0,3.0,0.015149116516113281
38.0,5.0,5.0,0.012247562408447266
49.0,9.0,9.0,0.01770305633544922
39.0,3.0,3.0,0.011804580688476562
30.0,6.0,6.0,0.009730815887451172
29.0,3.0,3.0,0.009685277938842773
96.0,18.0,18.0,0.030907869338989258
35.0,4.0,4.0,0.012188434600830078
27.0,3.0,3.0,0.008231878280639648
26.0,4.0,4.0,0.009028196334838867
130.0,17.0,17.0,0.042502403259277344
36.0,2.0,2.0,0.010367870330810547
36.0,4.0,4.0,0.0126800537109375
164.0,35.0,35.0,0.059191226959228516
36.0,2.0,2.0,0.013858556747436523
38.0,6.0,6.0,0.011652231216430664
66.0,5.0,5.0,0.021045446395874023
33.0,11.0,11.0,0.013976573944091797
76.0,8.0,8.0,0.027818679809570312
45.0,3.0,3.0,0.016753435134887695
20.0,0.0,0.0,0.0073697566986083984
15.0,2.0,2.0,0.00500178337097168
31.0,5.0,5.0,0.01080775260925293
12.0,1.0,1.0,0.0040395259857177734
183.0,34.0,34.0,0.060315847396850586
49.0,3.0,3.0,0.015418529510498047
57.0,6.0,6.0,0.020758628845214844
74.0,5.0,5.0,0.025112628936767578
22.0,2.0,2.0,0.006844043731689453
77.0,10.0,10.0,0.026723861694335938
75.0,6.0,6.0,0.026256799697875977
16.0,3.0,3.0,0.006181478500366211
65.0,10.0,10.0,0.023857831954956055
15.0,4.0,4.0,0.005667924880981445
55.0,6.0,6.0,0.018245697021484375
37.0,6.0,6.0,0.01286458969116211
24.0,1.0,1.0,0.014488458633422852
69.0,13.0,13.0,0.0417938232421875
71.0,2.0,2.0,0.03526878356933594
23.0,4.0,4.0,0.00928497314453125
18.0,1.0,1.0,0.0059354305267333984
36.0,2.0,2.0,0.012465953826904297
39.0,4.0,4.0,0.015331268310546875
87.0,14.0,14.0,0.03161907196044922
62.0,6.0,6.0,0.022951602935791016
35.0,0.0,0.0,0.012208700180053711
82.0,12.0,12.0,0.02754521369934082
16.0,0.0,0.0,0.008064746856689453
15.0,0.0,0.0,0.005438327789306641
16.0,1.0,1.0,0.0047457218170166016
43.0,8.0,8.0,0.015413045883178711
29.0,12.0,12.0,0.010193109512329102
111.0,16.0,16.0,0.03970932960510254
45.0,9.0,9.0,0.013895034790039062
16.0,4.0,4.0,0.005625724792480469
34.0,2.0,2.0,0.010593891143798828
45.0,8.0,8.0,0.016578197479248047
50.0,10.0,10.0,0.01911306381225586
37.0,3.0,3.0,0.012222051620483398
19.0,1.0,1.0,0.007727622985839844
29.0,6.0,6.0,0.009676694869995117
88.0,11.0,11.0,0.028914213180541992
18.0,6.0,6.0,0.005594968795776367
51.0,6.0,6.0,0.017988920211791992
18.0,5.0,5.0,0.007279396057128906
117.0,12.0,12.0,0.0473783016204834
17.0,3.0,3.0,0.005999326705932617
54.0,5.0,5.0,0.017918109893798828
30.0,0.0,0.0,0.00937032699584961
12.0,1.0,1.0,0.004224300384521484
63.0,1.0,1.0,0.02083730697631836
91.0,13.0,13.0,0.03338265419006348
22.0,3.0,3.0,0.008159399032592773
21.0,5.0,5.0,0.0070934295654296875
13.0,1.0,1.0,0.0040340423583984375
54.0,7.0,7.0,0.018256425857543945
35.0,7.0,7.0,0.013379812240600586
95.0,10.0,10.0,0.03365921974182129
13.0,2.0,2.0,0.0046694278717041016
19.0,2.0,2.0,0.0070002079010009766
29.0,5.0,5.0,0.010624885559082031
20.0,0.0,0.0,0.008963584899902344
20.0,1.0,1.0,0.0063397884368896484
17.0,1.0,1.0,0.006944179534912109
68.0,7.0,7.0,0.028447628021240234
16.0,3.0,3.0,0.007158041000366211
47.0,5.0,5.0,0.01580667495727539
28.0,3.0,3.0,0.01050877571105957
40.0,10.0,10.0,0.015630483627319336
58.0,4.0,4.0,0.018702268600463867
78.0,5.0,5.0,0.024817466735839844
45.0,2.0,2.0,0.014223814010620117
18.0,1.0,1.0,0.006621122360229492
36.0,0.0,0.0,0.011487722396850586
27.0,5.0,5.0,0.008167505264282227
13.0,1.0,1.0,0.005047798156738281
30.0,5.0,5.0,0.00928354263305664
34.0,5.0,5.0,0.010628938674926758
30.0,1.0,1.0,0.009246587753295898
91.0,12.0,12.0,0.0295107364654541
65.0,2.0,2.0,0.021829605102539062
40.0,8.0,8.0,0.012691497802734375
28.0,0.0,0.0,0.008949518203735352
29.0,9.0,9.0,0.009632587432861328
112.0,23.0,23.0,0.03930354118347168
15.0,1.0,1.0,0.0056133270263671875
17.0,0.0,0.0,0.0060236454010009766
14.0,0.0,0.0,0.003782510757446289
37.0,14.0,14.0,0.012742757797241211
34.0,2.0,2.0,0.012119531631469727
47.0,9.0,9.0,0.015426874160766602
36.0,6.0,6.0,0.013931512832641602
17.0,1.0,1.0,0.005570173263549805
11.0,0.0,0.0,0.003000020980834961
28.0,0.0,0.0,0.009123086929321289
48.0,3.0,3.0,0.017364025115966797
41.0,7.0,7.0,0.01364445686340332
17.0,2.0,2.0,0.0066738128662109375
19.0,2.0,2.0,0.006983518600463867
11.0,0.0,0.0,0.003586292266845703
72.0,4.0,4.0,0.02402186393737793
26.0,2.0,2.0,0.008653402328491211
37.0,4.0,4.0,0.012204885482788086
25.0,3.0,3.0,0.008420705795288086
26.0,8.0,8.0,0.011350631713867188
17.0,1.0,1.0,0.005538463592529297
36.0,7.0,7.0,0.016156673431396484
122.0,14.0,14.0,0.04001951217651367
12.0,0.0,0.0,0.004274845123291016
47.0,8.0,8.0,0.01705455780029297
138.0,23.0,23.0,0.04506802558898926
14.0,1.0,1.0,0.004609107971191406
24.0,2.0,2.0,0.007097482681274414
74.0,10.0,10.0,0.023257970809936523
26.0,2.0,2.0,0.00966954231262207
28.0,7.0,7.0,0.008632421493530273
29.0,3.0,3.0,0.008692026138305664
33.0,7.0,7.0,0.011293649673461914
18.0,2.0,2.0,0.00550532341003418
31.0,1.0,1.0,0.011818408966064453
33.0,3.0,3.0,0.010721445083618164
11.0,0.0,0.0,0.00299072265625
11.0,0.0,0.0,0.0037140846252441406
80.0,24.0,24.0,0.028522968292236328
39.0,8.0,8.0,0.012869596481323242
27.0,1.0,1.0,0.011484622955322266
132.0,13.0,13.0,0.04723048210144043
66.0,9.0,9.0,0.020663976669311523
54.0,5.0,5.0,0.01685357093811035
27.0,5.0,5.0,0.010241031646728516
27.0,1.0,1.0,0.008557319641113281
48.0,6.0,6.0,0.019411087036132812
27.0,0.0,0.0,0.008741140365600586
24.0,6.0,6.0,0.007706880569458008
19.0,6.0,6.0,0.007366657257080078
68.0,8.0,8.0,0.022801876068115234
67.0,18.0,18.0,0.023165464401245117
13.0,1.0,1.0,0.005000591278076172
72.0,12.0,12.0,0.024561405181884766
17.0,4.0,4.0,0.005412101745605469
251.0,29.0,29.0,0.08195781707763672
38.0,2.0,2.0,0.013828039169311523
23.0,5.0,5.0,0.007646799087524414
23.0,3.0,3.0,0.007007598876953125
27.0,3.0,3.0,0.009278297424316406
65.0,11.0,11.0,0.02365708351135254
85.0,9.0,9.0,0.027436494827270508
64.0,5.0,5.0,0.020420551300048828
14.0,0.0,0.0,0.004656791687011719
20.0,2.0,2.0,0.0073566436767578125
31.0,1.0,1.0,0.009666919708251953
145.0,23.0,23.0,0.06438589096069336
77.0,5.0,5.0,0.02800726890563965
66.0,8.0,8.0,0.02194380760192871
14.0,2.0,2.0,0.006810426712036133
11.0,0.0,0.0,0.0056836605072021484
24.0,2.0,2.0,0.009386301040649414
80.0,16.0,16.0,0.03516650199890137
23.0,2.0,2.0,0.009005069732666016
22.0,0.0,0.0,0.0066986083984375
27.0,5.0,5.0,0.009780168533325195
14.0,1.0,1.0,0.005316257476806641
111.0,4.0,4.0,0.04357433319091797
51.0,3.0,3.0,0.018442869186401367
57.0,3.0,3.0,0.02096867561340332
27.0,6.0,6.0,0.009126663208007812
24.0,8.0,8.0,0.009061336517333984
61.0,13.0,13.0,0.024772167205810547
26.0,1.0,1.0,0.01073908805847168
92.0,11.0,11.0,0.0350341796875
43.0,7.0,7.0,0.01327061653137207
98.0,19.0,19.0,0.03028273582458496
96.0,10.0,10.0,0.03362226486206055
45.0,5.0,5.0,0.014551639556884766
34.0,10.0,10.0,0.011082172393798828
46.0,1.0,1.0,0.01462244987487793
13.0,1.0,1.0,0.0045397281646728516
180.0,30.0,30.0,0.07070016860961914
20.0,3.0,3.0,0.00670313835144043
17.0,2.0,2.0,0.005646705627441406
23.0,0.0,0.0,0.00738835334777832
49.0,8.0,8.0,0.015464067459106445
13.0,1.0,1.0,0.00365447998046875
36.0,1.0,1.0,0.012217044830322266
33.0,2.0,2.0,0.011023998260498047
13.0,2.0,2.0,0.003999948501586914
42.0,8.0,8.0,0.01415872573852539
39.0,4.0,4.0,0.012909173965454102
22.0,2.0,2.0,0.008685588836669922
18.0,1.0,1.0,0.007100343704223633
29.0,3.0,3.0,0.009636402130126953
42.0,4.0,4.0,0.015532255172729492
51.0,5.0,5.0,0.01882481575012207
53.0,5.0,5.0,0.017804384231567383
40.0,6.0,6.0,0.013843774795532227
56.0,17.0,17.0,0.019888877868652344
11.0,0.0,0.0,0.003653287887573242
66.0,9.0,9.0,0.02188253402709961
17.0,0.0,0.0,0.00651240348815918
79.0,8.0,8.0,0.029793262481689453
18.0,6.0,6.0,0.005568027496337891
56.0,13.0,13.0,0.019292593002319336
17.0,1.0,1.0,0.00713658332824707
14.0,1.0,1.0,0.0055789947509765625
22.0,2.0,2.0,0.007637739181518555
23.0,2.0,2.0,0.007538318634033203
47.0,3.0,3.0,0.016321659088134766
13.0,0.0,0.0,0.006311655044555664
78.0,9.0,9.0,0.03274822235107422
24.0,5.0,5.0,0.008580207824707031
18.0,0.0,0.0,0.005931377410888672
35.0,3.0,3.0,0.014105558395385742
84.0,10.0,10.0,0.030808687210083008
14.0,0.0,0.0,0.004664897918701172
63.0,2.0,2.0,0.020771026611328125
35.0,4.0,4.0,0.012065410614013672
19.0,0.0,0.0,0.006615638732910156
16.0,4.0,4.0,0.0061261653900146484
51.0,1.0,1.0,0.01949310302734375
24.0,4.0,4.0,0.0095367431640625
22.0,4.0,4.0,0.00852823257446289
16.0,3.0,3.0,0.006223440170288086
15.0,2.0,2.0,0.005812883377075195
13.0,0.0,0.0,0.005202054977416992
11.0,0.0,0.0,0.0025818347930908203
112.0,19.0,19.0,0.03786873817443848
19.0,1.0,1.0,0.007341623306274414
46.0,5.0,5.0,0.018505573272705078
28.0,1.0,1.0,0.010284662246704102
54.0,3.0,3.0,0.01878046989440918
33.0,4.0,4.0,0.011452436447143555
21.0,3.0,3.0,0.007309675216674805
38.0,7.0,7.0,0.013091564178466797
32.0,3.0,3.0,0.013788938522338867
58.0,6.0,6.0,0.020643234252929688
22.0,4.0,4.0,0.008188724517822266
12.0,0.0,0.0,0.00543665885925293
45.0,10.0,10.0,0.016181230545043945
36.0,4.0,4.0,0.013863086700439453
70.0,6.0,6.0,0.023497343063354492
70.0,15.0,15.0,0.026695728302001953
26.0,12.0,12.0,0.010958433151245117
22.0,6.0,6.0,0.008673429489135742
60.0,13.0,13.0,0.02044534683227539
149.0,42.0,42.0,0.04768967628479004
51.0,5.0,5.0,0.015032052993774414
19.0,1.0,1.0,0.006587028503417969
73.0,9.0,9.0,0.024773359298706055
17.0,1.0,1.0,0.0052106380462646484
29.0,3.0,3.0,0.009032487869262695
76.0,7.0,7.0,0.024946212768554688
45.0,5.0,5.0,0.014241695404052734
22.0,9.0,9.0,0.010368824005126953
11.0,0.0,0.0,0.003003358840942383
33.0,5.0,5.0,0.016382694244384766
162.0,21.0,21.0,0.06078934669494629
43.0,4.0,4.0,0.014189481735229492
50.0,4.0,4.0,0.021528959274291992
39.0,3.0,3.0,0.015447139739990234
129.0,18.0,18.0,0.04565262794494629
20.0,5.0,5.0,0.006448030471801758
11.0,0.0,0.0,0.005152225494384766
45.0,3.0,3.0,0.015817880630493164
20.0,3.0,3.0,0.00721287727355957
74.0,7.0,7.0,0.026823997497558594
23.0,6.0,6.0,0.007706880569458008
50.0,9.0,9.0,0.02210688591003418
28.0,5.0,5.0,0.00914621353149414
30.0,3.0,3.0,0.009037017822265625
28.0,1.0,1.0,0.009910345077514648
66.0,17.0,17.0,0.020540475845336914
78.0,11.0,11.0,0.025430679321289062
20.0,3.0,3.0,0.006792545318603516
225.0,32.0,32.0,0.07668328285217285
23.0,1.0,1.0,0.010542154312133789
91.0,8.0,8.0,0.03632545471191406
36.0,5.0,5.0,0.013465642929077148
149.0,14.0,14.0,0.052162885665893555
38.0,1.0,1.0,0.013817310333251953
20.0,6.0,6.0,0.009569644927978516
31.0,6.0,6.0,0.012964010238647461
52.0,4.0,4.0,0.027569293975830078
78.0,13.0,13.0,0.03369498252868652
19.0,0.0,0.0,0.006339550018310547
45.0,7.0,7.0,0.014361858367919922
16.0,1.0,1.0,0.006039857864379883
154.0,17.0,17.0,0.05162858963012695
27.0,3.0,3.0,0.009215593338012695
13.0,2.0,2.0,0.004288434982299805
25.0,1.0,1.0,0.009289979934692383
45.0,2.0,2.0,0.015322446823120117
104.0,9.0,9.0,0.04526686668395996
24.0,5.0,5.0,0.01086735725402832
52.0,3.0,3.0,0.018326282501220703
63.0,6.0,6.0,0.021504640579223633
28.0,6.0,6.0,0.008163928985595703
34.0,4.0,4.0,0.01255941390991211
181.0,27.0,27.0,0.06021571159362793
24.0,1.0,1.0,0.007349729537963867
51.0,4.0,4.0,0.016333580017089844
15.0,1.0,1.0,0.006119489669799805
31.0,3.0,3.0,0.010097503662109375
29.0,2.0,2.0,0.011272668838500977
81.0,16.0,16.0,0.03511691093444824
23.0,1.0,1.0,0.008990049362182617
97.0,16.0,16.0,0.032469987869262695
15.0,4.0,4.0,0.007122516632080078
37.0,7.0,7.0,0.015531063079833984
100.0,10.0,10.0,0.04247307777404785
20.0,1.0,1.0,0.007225751876831055
20.0,3.0,3.0,0.008669137954711914
33.0,10.0,10.0,0.011763334274291992
24.0,2.0,2.0,0.007688760757446289
49.0,2.0,2.0,0.018618345260620117
14.0,1.0,1.0,0.005100727081298828
21.0,1.0,1.0,0.010926961898803711
21.0,0.0,0.0,0.0075070858001708984
12.0,0.0,0.0,0.0041046142578125
16.0,0.0,0.0,0.0072171688079833984
13.0,2.0,2.0,0.0069997310638427734
46.0,7.0,7.0,0.016386747360229492
84.0,17.0,17.0,0.028677940368652344
35.0,3.0,3.0,0.012553930282592773
129.0,18.0,18.0,0.04744315147399902
40.0,7.0,7.0,0.012355804443359375
45.0,6.0,6.0,0.019484758377075195
67.0,13.0,13.0,0.021429777145385742
74.0,16.0,16.0,0.023199081420898438
46.0,8.0,8.0,0.014168500900268555
12.0,1.0,1.0,0.004130125045776367
16.0,1.0,1.0,0.006472587585449219
43.0,6.0,6.0,0.013311386108398438
17.0,2.0,2.0,0.0046215057373046875
87.0,6.0,6.0,0.030474185943603516
35.0,7.0,7.0,0.011498689651489258
85.0,19.0,19.0,0.026914596557617188
25.0,2.0,2.0,0.00976419448852539
26.0,2.0,2.0,0.008942365646362305
15.0,5.0,5.0,0.0058057308197021484
100.0,10.0,10.0,0.03337240219116211
122.0,19.0,19.0,0.04170799255371094
31.0,4.0,4.0,0.011345863342285156
20.0,2.0,2.0,0.0056345462799072266
21.0,3.0,3.0,0.007340908050537109
37.0,8.0,8.0,0.011896133422851562
13.0,2.0,2.0,0.004557132720947266
29.0,4.0,4.0,0.011358261108398438
190.0,22.0,22.0,0.06417059898376465
95.0,20.0,20.0,0.03500247001647949
16.0,0.0,0.0,0.006094217300415039
105.0,15.0,15.0,0.03765296936035156
33.0,6.0,6.0,0.009961128234863281
102.0,7.0,7.0,0.03387951850891113
70.0,12.0,12.0,0.026320934295654297
14.0,1.0,1.0,0.006281614303588867
14.0,2.0,2.0,0.005310535430908203
14.0,3.0,3.0,0.004515647888183594
20.0,1.0,1.0,0.0068395137786865234
16.0,4.0,4.0,0.005627632141113281
36.0,3.0,3.0,0.012201309204101562
42.0,6.0,6.0,0.012932062149047852
55.0,9.0,9.0,0.018889188766479492
18.0,0.0,0.0,0.005904436111450195
18.0,2.0,2.0,0.006827831268310547
17.0,2.0,2.0,0.006140232086181641
25.0,5.0,5.0,0.009705305099487305
75.0,4.0,4.0,0.026209354400634766
14.0,2.0,2.0,0.00423741340637207
60.0,3.0,3.0,0.019316673278808594
38.0,7.0,7.0,0.01513981819152832
21.0,1.0,1.0,0.007291555404663086
58.0,10.0,10.0,0.0252230167388916
38.0,2.0,2.0,0.011068582534790039
13.0,2.0,2.0,0.004399538040161133
14.0,0.0,0.0,0.0055084228515625
14.0,1.0,1.0,0.005735874176025391
23.0,3.0,3.0,0.0077974796295166016
42.0,1.0,1.0,0.013658523559570312
72.0,8.0,8.0,0.02309560775756836
34.0,6.0,6.0,0.010509729385375977
32.0,7.0,7.0,0.010568618774414062
15.0,1.0,1.0,0.005141019821166992
60.0,6.0,6.0,0.01939535140991211
30.0,3.0,3.0,0.011998176574707031
38.0,5.0,5.0,0.011602640151977539
13.0,0.0,0.0,0.0046405792236328125
48.0,7.0,7.0,0.01770305633544922
55.0,6.0,6.0,0.02114248275756836
24.0,2.0,2.0,0.008100509643554688
17.0,2.0,2.0,0.006415367126464844
26.0,1.0,1.0,0.007840156555175781
62.0,4.0,4.0,0.023853778839111328
59.0,9.0,9.0,0.018399715423583984
33.0,2.0,2.0,0.011333942413330078
19.0,5.0,5.0,0.006562232971191406
145.0,21.0,21.0,0.047084808349609375
135.0,17.0,17.0,0.04764962196350098
53.0,18.0,18.0,0.02075791358947754
41.0,5.0,5.0,0.016292095184326172
24.0,5.0,5.0,0.009531974792480469
70.0,7.0,7.0,0.031139850616455078
64.0,3.0,3.0,0.021977901458740234
15.0,1.0,1.0,0.008020877838134766
21.0,2.0,2.0,0.007450103759765625
98.0,19.0,19.0,0.03515267372131348
15.0,1.0,1.0,0.0050811767578125
129.0,19.0,19.0,0.045209407806396484
17.0,0.0,0.0,0.0055696964263916016
25.0,1.0,1.0,0.008047103881835938
16.0,3.0,3.0,0.005624532699584961
18.0,3.0,3.0,0.005646705627441406
126.0,12.0,12.0,0.04521584510803223
36.0,10.0,10.0,0.014862775802612305
55.0,8.0,8.0,0.021579980850219727
34.0,4.0,4.0,0.013277292251586914
25.0,2.0,2.0,0.009266853332519531
29.0,2.0,2.0,0.010371685028076172
15.0,4.0,4.0,0.005707740783691406
31.0,3.0,3.0,0.011089563369750977
39.0,3.0,3.0,0.013671159744262695
23.0,0.0,0.0,0.006985902786254883
27.0,2.0,2.0,0.009601116180419922
30.0,6.0,6.0,0.009677648544311523
48.0,6.0,6.0,0.016254663467407227
49.0,4.0,4.0,0.016476154327392578
16.0,1.0,1.0,0.005123138427734375
31.0,3.0,3.0,0.01024627685546875
18.0,1.0,1.0,0.005873441696166992
24.0,7.0,7.0,0.007620334625244141
23.0,3.0,3.0,0.007711648941040039
20.0,0.0,0.0,0.006139516830444336
15.0,0.0,0.0,0.005282878875732422
20.0,0.0,0.0,0.007784366607666016
60.0,6.0,6.0,0.02091193199157715
17.0,2.0,2.0,0.0060214996337890625
54.0,7.0,7.0,0.016438961029052734
26.0,3.0,3.0,0.008627176284790039
23.0,1.0,1.0,0.007617473602294922
46.0,4.0,4.0,0.01462101936340332
15.0,1.0,1.0,0.006291866302490234
22.0,0.0,0.0,0.007118940353393555
43.0,4.0,4.0,0.014604568481445312
20.0,1.0,1.0,0.006529331207275391
19.0,4.0,4.0,0.00766301155090332
18.0,3.0,3.0,0.006735086441040039
12.0,0.0,0.0,0.0029952526092529297
28.0,2.0,2.0,0.009758949279785156
25.0,0.0,0.0,0.008114337921142578
11.0,1.0,1.0,0.0038328170776367188
12.0,0.0,0.0,0.004006385803222656
20.0,6.0,6.0,0.006647586822509766
135.0,21.0,21.0,0.04320502281188965
14.0,2.0,2.0,0.005240201950073242
22.0,0.0,0.0,0.008068084716796875
62.0,13.0,13.0,0.02424788475036621
36.0,8.0,8.0,0.015928030014038086
24.0,1.0,1.0,0.008502721786499023
65.0,2.0,2.0,0.02387547492980957
35.0,12.0,12.0,0.013056755065917969
48.0,6.0,6.0,0.018535375595092773
32.0,2.0,2.0,0.010231256484985352
15.0,1.0,1.0,0.00664520263671875
57.0,12.0,12.0,0.021689176559448242
14.0,1.0,1.0,0.005277872085571289
68.0,14.0,14.0,0.024694204330444336
43.0,3.0,3.0,0.017450809478759766
19.0,3.0,3.0,0.00861978530883789
122.0,22.0,22.0,0.04731440544128418
91.0,3.0,3.0,0.03728127479553223
58.0,9.0,9.0,0.02055954933166504
68.0,9.0,9.0,0.024933338165283203
47.0,6.0,6.0,0.020337343215942383
49.0,12.0,12.0,0.017502784729003906
40.0,8.0,8.0,0.013945817947387695
47.0,8.0,8.0,0.016965866088867188
40.0,6.0,6.0,0.014152288436889648
20.0,0.0,0.0,0.008179426193237305
80.0,4.0,4.0,0.027753829956054688
75.0,11.0,11.0,0.026508569717407227
19.0,2.0,2.0,0.007487773895263672
46.0,5.0,5.0,0.016051530838012695
37.0,4.0,4.0,0.014050722122192383
18.0,4.0,4.0,0.006426811218261719
47.0,7.0,7.0,0.016453981399536133
21.0,3.0,3.0,0.006963014602661133
31.0,4.0,4.0,0.00946497917175293
35.0,7.0,7.0,0.01136016845703125
105.0,13.0,13.0,0.03516554832458496
11.0,0.0,0.0,0.004117488861083984
50.0,3.0,3.0,0.01717066764831543
16.0,4.0,4.0,0.006186723709106445
18.0,0.0,0.0,0.0053136348724365234
28.0,9.0,9.0,0.01010441780090332
14.0,0.0,0.0,0.0054438114166259766
26.0,3.0,3.0,0.008831501007080078
26.0,5.0,5.0,0.009082317352294922
79.0,7.0,7.0,0.027985572814941406
14.0,1.0,1.0,0.006314277648925781
31.0,3.0,3.0,0.011134862899780273
60.0,4.0,4.0,0.02385568618774414
29.0,0.0,0.0,0.009828329086303711
17.0,1.0,1.0,0.006478309631347656
50.0,8.0,8.0,0.015731334686279297
28.0,3.0,3.0,0.008947610855102539
54.0,3.0,3.0,0.01831340789794922
15.0,2.0,2.0,0.004901409149169922
66.0,9.0,9.0,0.022248029708862305
52.0,10.0,10.0,0.018561363220214844
17.0,1.0,1.0,0.006457090377807617
16.0,1.0,1.0,0.004656553268432617
42.0,5.0,5.0,0.013622283935546875
118.0,15.0,15.0,0.03774857521057129
106.0,15.0,15.0,0.041884660720825195
28.0,5.0,5.0,0.008447647094726562
42.0,1.0,1.0,0.013733148574829102
24.0,1.0,1.0,0.009639978408813477
24.0,3.0,3.0,0.007550954818725586
118.0,17.0,17.0,0.03979635238647461
16.0,3.0,3.0,0.005106449127197266
14.0,1.0,1.0,0.00455164909362793
21.0,3.0,3.0,0.00612187385559082
61.0,3.0,3.0,0.021648883819580078
12.0,1.0,1.0,0.004683256149291992
50.0,9.0,9.0,0.015816211700439453
31.0,3.0,3.0,0.009847640991210938
76.0,4.0,4.0,0.028336048126220703
126.0,7.0,7.0,0.04491019248962402
55.0,9.0,9.0,0.018910884857177734
27.0,3.0,3.0,0.00800776481628418
13.0,2.0,2.0,0.004023313522338867
40.0,4.0,4.0,0.012664794921875
26.0,0.0,0.0,0.008132219314575195
76.0,11.0,11.0,0.025026798248291016
69.0,3.0,3.0,0.031633853912353516
141.0,10.0,10.0,0.059890031814575195
15.0,0.0,0.0,0.005471944808959961
51.0,14.0,14.0,0.018163204193115234
87.0,14.0,14.0,0.03828835487365723
31.0,5.0,5.0,0.014830589294433594
16.0,3.0,3.0,0.005162239074707031
14.0,3.0,3.0,0.004034996032714844
41.0,5.0,5.0,0.015292644500732422
18.0,3.0,3.0,0.0076944828033447266
143.0,18.0,18.0,0.050464630126953125
35.0,3.0,3.0,0.010608196258544922
87.0,12.0,12.0,0.028482913970947266
38.0,1.0,1.0,0.014374732971191406
29.0,5.0,5.0,0.009299039840698242
14.0,1.0,1.0,0.004517793655395508
16.0,1.0,1.0,0.005009651184082031
18.0,0.0,0.0,0.007000446319580078
29.0,4.0,4.0,0.013185262680053711
23.0,1.0,1.0,0.008110523223876953
13.0,1.0,1.0,0.0038526058197021484
24.0,4.0,4.0,0.008566856384277344
23.0,3.0,3.0,0.008206605911254883
52.0,7.0,7.0,0.016937732696533203
59.0,9.0,9.0,0.0210418701171875
59.0,12.0,12.0,0.021486997604370117
74.0,11.0,11.0,0.025977134704589844
68.0,9.0,9.0,0.021336078643798828
32.0,6.0,6.0,0.010991811752319336
57.0,0.0,0.0,0.017253398895263672
21.0,8.0,8.0,0.008224010467529297
15.0,3.0,3.0,0.004734992980957031
19.0,4.0,4.0,0.006014585494995117
135.0,20.0,20.0,0.047983407974243164
44.0,1.0,1.0,0.015038251876831055
28.0,1.0,1.0,0.009023904800415039
19.0,0.0,0.0,0.006532192230224609
39.0,1.0,1.0,0.01348733901977539
17.0,3.0,3.0,0.0056133270263671875
16.0,3.0,3.0,0.005052328109741211
43.0,9.0,9.0,0.016550302505493164
25.0,10.0,10.0,0.010807275772094727
61.0,3.0,3.0,0.02087998390197754
23.0,2.0,2.0,0.006691932678222656
23.0,2.0,2.0,0.007701873779296875
25.0,5.0,5.0,0.008209943771362305
15.0,0.0,0.0,0.0046193599700927734
27.0,2.0,2.0,0.0082855224609375
16.0,0.0,0.0,0.004995822906494141
12.0,0.0,0.0,0.003974199295043945
38.0,8.0,8.0,0.012801885604858398
46.0,7.0,7.0,0.01523280143737793
61.0,7.0,7.0,0.019014358520507812
21.0,3.0,3.0,0.008545875549316406
30.0,7.0,7.0,0.010449647903442383
21.0,7.0,7.0,0.0061588287353515625
93.0,10.0,10.0,0.02982306480407715
47.0,4.0,4.0,0.014541149139404297
30.0,3.0,3.0,0.009665489196777344
24.0,0.0,0.0,0.008171796798706055
33.0,4.0,4.0,0.012374639511108398
56.0,3.0,3.0,0.019013643264770508
58.0,17.0,17.0,0.017628192901611328
31.0,3.0,3.0,0.010261297225952148
48.0,3.0,3.0,0.016002178192138672
15.0,1.0,1.0,0.004997968673706055
42.0,3.0,3.0,0.017247438430786133
31.0,3.0,3.0,0.012009620666503906
130.0,24.0,24.0,0.04283952713012695
36.0,2.0,2.0,0.01085972785949707
16.0,1.0,1.0,0.005523204803466797
67.0,10.0,10.0,0.020485877990722656
11.0,0.0,0.0,0.003713369369506836
15.0,0.0,0.0,0.005006313323974609
24.0,3.0,3.0,0.009661197662353516
24.0,2.0,2.0,0.006898403167724609
11.0,0.0,0.0,0.003770112991333008
14.0,3.0,3.0,0.005517244338989258
33.0,2.0,2.0,0.010616064071655273
12.0,1.0,1.0,0.005038022994995117
64.0,8.0,8.0,0.025840282440185547
25.0,6.0,6.0,0.00828409194946289
13.0,0.0,0.0,0.004103899002075195
22.0,0.0,0.0,0.007010459899902344
34.0,10.0,10.0,0.011138439178466797
16.0,1.0,1.0,0.004996061325073242
29.0,5.0,5.0,0.008638143539428711
73.0,4.0,4.0,0.02361273765563965
46.0,8.0,8.0,0.015318155288696289
29.0,5.0,5.0,0.010606527328491211
22.0,6.0,6.0,0.007241249084472656
17.0,3.0,3.0,0.007113218307495117
21.0,0.0,0.0,0.006892681121826172
20.0,7.0,7.0,0.006516218185424805
12.0,1.0,1.0,0.0039997100830078125
13.0,2.0,2.0,0.0037147998809814453
38.0,1.0,1.0,0.012186050415039062
48.0,3.0,3.0,0.014585494995117188
18.0,0.0,0.0,0.0066678524017333984
18.0,1.0,1.0,0.006829977035522461
62.0,10.0,10.0,0.020152807235717773
19.0,5.0,5.0,0.007634162902832031
36.0,1.0,1.0,0.012452125549316406
16.0,1.0,1.0,0.00500035285949707
47.0,3.0,3.0,0.016188859939575195
211.0,16.0,16.0,0.07460856437683105
13.0,1.0,1.0,0.005000114440917969
120.0,12.0,12.0,0.038423776626586914
66.0,24.0,24.0,0.022045135498046875
28.0,1.0,1.0,0.010183572769165039
59.0,5.0,5.0,0.020737171173095703
52.0,16.0,16.0,0.019457340240478516
76.0,4.0,4.0,0.02431201934814453
77.0,16.0,16.0,0.023293733596801758
13.0,0.0,0.0,0.004548788070678711
20.0,2.0,2.0,0.007254838943481445
25.0,6.0,6.0,0.007634639739990234
78.0,12.0,12.0,0.028104305267333984
15.0,3.0,3.0,0.004881858825683594
39.0,4.0,4.0,0.011996030807495117
95.0,9.0,9.0,0.0325617790222168
31.0,3.0,3.0,0.01012873649597168
45.0,11.0,11.0,0.01730799674987793
77.0,12.0,12.0,0.026870012283325195
66.0,5.0,5.0,0.020940780639648438
21.0,0.0,0.0,0.007100343704223633
29.0,3.0,3.0,0.009670734405517578
36.0,3.0,3.0,0.012993574142456055
17.0,4.0,4.0,0.006670951843261719
45.0,8.0,8.0,0.020624876022338867
87.0,5.0,5.0,0.0377802848815918
15.0,0.0,0.0,0.005283355712890625
39.0,6.0,6.0,0.016968727111816406
66.0,16.0,16.0,0.02465033531188965
15.0,2.0,2.0,0.00466156005859375
38.0,4.0,4.0,0.013785839080810547
14.0,0.0,0.0,0.0052869319915771484
29.0,1.0,1.0,0.009498834609985352
53.0,7.0,7.0,0.016329288482666016
59.0,9.0,9.0,0.019519329071044922
41.0,5.0,5.0,0.015350103378295898
37.0,1.0,1.0,0.022037744522094727
27.0,8.0,8.0,0.016688823699951172
98.0,9.0,9.0,0.04490375518798828
70.0,8.0,8.0,0.027912616729736328
26.0,8.0,8.0,0.007669210433959961
57.0,7.0,7.0,0.021956205368041992
13.0,0.0,0.0,0.005972623825073242
98.0,10.0,10.0,0.04242515563964844
18.0,1.0,1.0,0.008390188217163086
19.0,1.0,1.0,0.00887751579284668
31.0,8.0,8.0,0.010385990142822266
21.0,1.0,1.0,0.007933855056762695
19.0,1.0,1.0,0.007033348083496094
55.0,5.0,5.0,0.01884150505065918
12.0,0.0,0.0,0.004136562347412109
23.0,7.0,7.0,0.007803916931152344
66.0,3.0,3.0,0.02085423469543457
63.0,8.0,8.0,0.028454303741455078
79.0,7.0,7.0,0.028694629669189453
31.0,6.0,6.0,0.011701583862304688
34.0,3.0,3.0,0.012754678726196289
12.0,1.0,1.0,0.0035164356231689453
27.0,7.0,7.0,0.011996030807495117
31.0,2.0,2.0,0.01142740249633789
18.0,2.0,2.0,0.005304098129272461
60.0,13.0,13.0,0.023316383361816406
13.0,1.0,1.0,0.005303859710693359
30.0,4.0,4.0,0.012218713760375977
141.0,9.0,9.0,0.048007965087890625
122.0,14.0,14.0,0.04519772529602051
40.0,14.0,14.0,0.013710260391235352
19.0,5.0,5.0,0.007193803787231445
55.0,15.0,15.0,0.020565032958984375
18.0,0.0,0.0,0.006778240203857422
25.0,3.0,3.0,0.010436058044433594
24.0,2.0,2.0,0.010070323944091797
19.0,3.0,3.0,0.009133577346801758
35.0,2.0,2.0,0.013117074966430664
12.0,0.0,0.0,0.004774808883666992
24.0,7.0,7.0,0.009060382843017578
15.0,0.0,0.0,0.005781888961791992
28.0,2.0,2.0,0.011401891708374023
28.0,7.0,7.0,0.011186599731445312
39.0,1.0,1.0,0.014290094375610352
34.0,5.0,5.0,0.01131439208984375
49.0,6.0,6.0,0.021189212799072266
18.0,1.0,1.0,0.00616908073425293
34.0,8.0,8.0,0.01260995864868164
68.0,18.0,18.0,0.024130821228027344
12.0,0.0,0.0,0.003615856170654297
22.0,0.0,0.0,0.008689403533935547
139.0,20.0,20.0,0.047843217849731445
32.0,1.0,1.0,0.011700153350830078
94.0,7.0,7.0,0.033972740173339844
68.0,17.0,17.0,0.02439427375793457
15.0,2.0,2.0,0.004524707794189453
19.0,2.0,2.0,0.00759434700012207
29.0,0.0,0.0,0.013049602508544922
82.0,8.0,8.0,0.027727842330932617
53.0,5.0,5.0,0.017683982849121094
19.0,1.0,1.0,0.006351470947265625
114.0,15.0,15.0,0.03780388832092285
25.0,3.0,3.0,0.0072727203369140625
38.0,6.0,6.0,0.012173652648925781
17.0,2.0,2.0,0.006809711456298828
18.0,0.0,0.0,0.0050241947174072266
143.0,15.0,15.0,0.04505276679992676
11.0,1.0,1.0,0.0037429332733154297
11.0,0.0,0.0,0.0031616687774658203
28.0,5.0,5.0,0.009214639663696289
25.0,2.0,2.0,0.00818014144897461
108.0,25.0,25.0,0.035648345947265625
38.0,3.0,3.0,0.012553691864013672
31.0,5.0,5.0,0.010277509689331055
37.0,1.0,1.0,0.011650562286376953
17.0,0.0,0.0,0.005199909210205078
14.0,2.0,2.0,0.00612640380859375
60.0,2.0,2.0,0.020429611206054688
22.0,2.0,2.0,0.007915258407592773
42.0,4.0,4.0,0.015366554260253906
40.0,5.0,5.0,0.014719724655151367
32.0,1.0,1.0,0.010271787643432617
149.0,20.0,20.0,0.05240201950073242
52.0,4.0,4.0,0.017894744873046875
23.0,4.0,4.0,0.009652137756347656
38.0,5.0,5.0,0.013201475143432617
13.0,0.0,0.0,0.005484342575073242
36.0,3.0,3.0,0.014232873916625977
18.0,1.0,1.0,0.007124900817871094
13.0,0.0,0.0,0.00419306755065918
56.0,7.0,7.0,0.0188748836517334
17.0,3.0,3.0,0.005330324172973633
110.0,9.0,9.0,0.037183523178100586
25.0,5.0,5.0,0.009474992752075195
20.0,3.0,3.0,0.007147073745727539
45.0,5.0,5.0,0.01429295539855957
36.0,0.0,0.0,0.010956525802612305
30.0,5.0,5.0,0.012004852294921875
27.0,7.0,7.0,0.009619474411010742
16.0,0.0,0.0,0.0051577091217041016
23.0,2.0,2.0,0.007300615310668945
18.0,1.0,1.0,0.005137920379638672
16.0,2.0,2.0,0.005827665328979492
33.0,10.0,10.0,0.011972188949584961
17.0,4.0,4.0,0.005619525909423828
32.0,4.0,4.0,0.011220216751098633
50.0,8.0,8.0,0.018416166305541992
42.0,8.0,8.0,0.014106512069702148
19.0,3.0,3.0,0.0054819583892822266
66.0,5.0,5.0,0.024950265884399414
39.0,0.0,0.0,0.013843774795532227
21.0,1.0,1.0,0.010266780853271484
15.0,2.0,2.0,0.007055044174194336
105.0,15.0,15.0,0.03777360916137695
16.0,0.0,0.0,0.005247354507446289
28.0,7.0,7.0,0.008695125579833984
17.0,0.0,0.0,0.005525350570678711
24.0,3.0,3.0,0.0077075958251953125
12.0,1.0,1.0,0.003818511962890625
42.0,3.0,3.0,0.012822628021240234
122.0,1.0,1.0,0.041040658950805664
34.0,8.0,8.0,0.010670661926269531
15.0,0.0,0.0,0.004541635513305664
36.0,3.0,3.0,0.010824441909790039
63.0,7.0,7.0,0.02091217041015625
65.0,8.0,8.0,0.02183818817138672
29.0,7.0,7.0,0.008806467056274414
17.0,2.0,2.0,0.0068666934967041016
104.0,10.0,10.0,0.0347142219543457
96.0,16.0,16.0,0.0312960147857666
24.0,5.0,5.0,0.007897138595581055
16.0,0.0,0.0,0.0051422119140625
41.0,5.0,5.0,0.012531518936157227
22.0,4.0,4.0,0.0066356658935546875
12.0,0.0,0.0,0.004729747772216797
36.0,3.0,3.0,0.013756990432739258
13.0,1.0,1.0,0.004337787628173828
28.0,6.0,6.0,0.010101079940795898
16.0,1.0,1.0,0.005011796951293945
11.0,0.0,0.0,0.0061452388763427734
37.0,7.0,7.0,0.022949695587158203
13.0,2.0,2.0,0.008138895034790039
107.0,6.0,6.0,0.050902366638183594
20.0,0.0,0.0,0.0058214664459228516
12.0,0.0,0.0,0.004560708999633789
62.0,14.0,14.0,0.02296733856201172
19.0,1.0,1.0,0.006184101104736328
40.0,9.0,9.0,0.014319896697998047
12.0,1.0,1.0,0.004938840866088867
24.0,5.0,5.0,0.007763862609863281
18.0,1.0,1.0,0.006828784942626953
158.0,13.0,13.0,0.0533289909362793
112.0,19.0,19.0,0.03666090965270996
27.0,2.0,2.0,0.010663986206054688
22.0,7.0,7.0,0.007360696792602539
25.0,2.0,2.0,0.010406970977783203
42.0,5.0,5.0,0.014857292175292969
29.0,3.0,3.0,0.009650468826293945
106.0,10.0,10.0,0.03598213195800781
33.0,9.0,9.0,0.011327981948852539
43.0,10.0,10.0,0.013533830642700195
56.0,5.0,5.0,0.01775074005126953
30.0,6.0,6.0,0.010106563568115234
37.0,6.0,6.0,0.011002063751220703
35.0,3.0,3.0,0.014087677001953125
21.0,2.0,2.0,0.0065691471099853516
15.0,4.0,4.0,0.004999637603759766
13.0,0.0,0.0,0.005038738250732422
24.0,2.0,2.0,0.008084535598754883
35.0,4.0,4.0,0.010633468627929688
66.0,10.0,10.0,0.021433591842651367
63.0,3.0,3.0,0.019701480865478516
38.0,3.0,3.0,0.012178897857666016
24.0,2.0,2.0,0.007696390151977539
48.0,7.0,7.0,0.015470266342163086
39.0,8.0,8.0,0.013657331466674805
34.0,7.0,7.0,0.010367393493652344
60.0,16.0,16.0,0.02085113525390625
13.0,1.0,1.0,0.00600123405456543
31.0,5.0,5.0,0.01084280014038086
55.0,3.0,3.0,0.018074512481689453
21.0,1.0,1.0,0.012505054473876953
12.0,0.0,0.0,0.0046367645263671875
24.0,2.0,2.0,0.008018970489501953
68.0,12.0,12.0,0.021820783615112305
21.0,3.0,3.0,0.0066339969635009766
29.0,0.0,0.0,0.010339736938476562
20.0,2.0,2.0,0.006289958953857422
87.0,10.0,10.0,0.028453588485717773
39.0,2.0,2.0,0.013724088668823242
79.0,11.0,11.0,0.02754831314086914
81.0,10.0,10.0,0.028140544891357422
37.0,4.0,4.0,0.014552831649780273
12.0,1.0,1.0,0.003520488739013672
19.0,0.0,0.0,0.00653076171875
19.0,3.0,3.0,0.0061092376708984375
72.0,11.0,11.0,0.023663043975830078
23.0,2.0,2.0,0.007298469543457031
13.0,0.0,0.0,0.00470423698425293
15.0,4.0,4.0,0.006299495697021484
29.0,2.0,2.0,0.009533882141113281
71.0,6.0,6.0,0.02858710289001465
81.0,15.0,15.0,0.028629541397094727
60.0,4.0,4.0,0.020842790603637695
15.0,0.0,0.0,0.005968809127807617
66.0,13.0,13.0,0.021636962890625
25.0,7.0,7.0,0.00814199447631836
19.0,1.0,1.0,0.006658077239990234
26.0,1.0,1.0,0.008637189865112305
24.0,2.0,2.0,0.008809089660644531
18.0,3.0,3.0,0.0055103302001953125
46.0,8.0,8.0,0.01491856575012207
23.0,2.0,2.0,0.008172988891601562
24.0,1.0,1.0,0.008625507354736328
13.0,0.0,0.0,0.003930568695068359
12.0,1.0,1.0,0.0038509368896484375
12.0,1.0,1.0,0.004106283187866211
90.0,8.0,8.0,0.02984166145324707
97.0,16.0,16.0,0.034432411193847656
104.0,9.0,9.0,0.03282427787780762
15.0,0.0,0.0,0.004952192306518555
49.0,6.0,6.0,0.01838970184326172
34.0,5.0,5.0,0.010727405548095703
14.0,2.0,2.0,0.006662130355834961
17.0,3.0,3.0,0.006891965866088867
16.0,2.0,2.0,0.005094766616821289
52.0,5.0,5.0,0.01902174949645996
45.0,2.0,2.0,0.014906167984008789
27.0,1.0,1.0,0.008927583694458008
116.0,26.0,26.0,0.036510467529296875
18.0,1.0,1.0,0.0056171417236328125
92.0,12.0,12.0,0.029049158096313477
17.0,2.0,2.0,0.0056231021881103516
21.0,2.0,2.0,0.006674766540527344
37.0,1.0,1.0,0.014319658279418945
40.0,5.0,5.0,0.013797283172607422
34.0,4.0,4.0,0.01097559928894043
43.0,8.0,8.0,0.017351627349853516
20.0,1.0,1.0,0.008893966674804688
65.0,15.0,15.0,0.025104284286499023
25.0,3.0,3.0,0.008671283721923828
63.0,9.0,9.0,0.02587723731994629
54.0,11.0,11.0,0.02330470085144043
15.0,2.0,2.0,0.005199432373046875
25.0,3.0,3.0,0.010439157485961914
14.0,0.0,0.0,0.005253314971923828
18.0,3.0,3.0,0.007003307342529297
13.0,1.0,1.0,0.004530191421508789
22.0,1.0,1.0,0.006544589996337891
59.0,7.0,7.0,0.019655704498291016
36.0,5.0,5.0,0.0113067626953125
149.0,14.0,14.0,0.05051708221435547
11.0,0.0,0.0,0.0029478073120117188
54.0,3.0,3.0,0.018275976181030273
39.0,14.0,14.0,0.012772560119628906
48.0,2.0,2.0,0.014486551284790039
68.0,13.0,13.0,0.025100231170654297
79.0,8.0,8.0,0.02989506721496582
74.0,12.0,12.0,0.024161577224731445
135.0,15.0,15.0,0.04233217239379883
61.0,8.0,8.0,0.01971125602722168
16.0,4.0,4.0,0.005632877349853516
47.0,6.0,6.0,0.017601966857910156
71.0,11.0,11.0,0.022815227508544922
21.0,4.0,4.0,0.007142543792724609
85.0,7.0,7.0,0.03031611442565918
38.0,1.0,1.0,0.018151044845581055
30.0,3.0,3.0,0.011704206466674805
26.0,5.0,5.0,0.011719942092895508
21.0,9.0,9.0,0.007662773132324219
29.0,0.0,0.0,0.009718179702758789
82.0,3.0,3.0,0.031218528747558594
12.0,1.0,1.0,0.005297422409057617
26.0,6.0,6.0,0.008841991424560547
99.0,12.0,12.0,0.0362706184387207
46.0,6.0,6.0,0.018171310424804688
19.0,0.0,0.0,0.007773160934448242
49.0,4.0,4.0,0.021213769912719727
16.0,2.0,2.0,0.007722377777099609
16.0,5.0,5.0,0.0059888362884521484
39.0,11.0,11.0,0.01660323143005371
77.0,14.0,14.0,0.027263164520263672
22.0,4.0,4.0,0.008482933044433594
21.0,0.0,0.0,0.013062000274658203
18.0,0.0,0.0,0.007761716842651367
84.0,7.0,7.0,0.030148983001708984
17.0,2.0,2.0,0.005157947540283203
13.0,2.0,2.0,0.003012418746948242
12.0,1.0,1.0,0.003526926040649414
11.0,0.0,0.0,0.006618022918701172
21.0,2.0,2.0,0.007554531097412109
36.0,8.0,8.0,0.010743141174316406
95.0,21.0,21.0,0.03098464012145996
54.0,7.0,7.0,0.01975107192993164
22.0,5.0,5.0,0.007451534271240234
51.0,6.0,6.0,0.016570329666137695
58.0,3.0,3.0,0.018676280975341797
26.0,3.0,3.0,0.009681224822998047
20.0,0.0,0.0,0.007103919982910156
21.0,1.0,1.0,0.007851839065551758
29.0,3.0,3.0,0.010343551635742188
37.0,2.0,2.0,0.011693000793457031
15.0,0.0,0.0,0.005155324935913086
33.0,8.0,8.0,0.012798070907592773
22.0,2.0,2.0,0.008939504623413086
12.0,0.0,0.0,0.006044626235961914
155.0,20.0,20.0,0.05377364158630371
72.0,15.0,15.0,0.026610374450683594
51.0,3.0,3.0,0.016350984573364258
20.0,2.0,2.0,0.0058286190032958984
30.0,3.0,3.0,0.011594533920288086
39.0,4.0,4.0,0.014769315719604492
49.0,7.0,7.0,0.02140021324157715
21.0,1.0,1.0,0.0074007511138916016
33.0,6.0,6.0,0.01124262809753418
110.0,12.0,12.0,0.03841733932495117
35.0,2.0,2.0,0.011042594909667969
18.0,0.0,0.0,0.0058901309967041016
44.0,5.0,5.0,0.014880180358886719
16.0,0.0,0.0,0.005608081817626953
36.0,9.0,9.0,0.01286768913269043
111.0,10.0,10.0,0.0386049747467041
14.0,1.0,1.0,0.006083965301513672
88.0,11.0,11.0,0.031126022338867188
15.0,0.0,0.0,0.004999876022338867
34.0,9.0,9.0,0.01176595687866211
14.0,2.0,2.0,0.004999876022338867
38.0,6.0,6.0,0.012800931930541992
88.0,11.0,11.0,0.028794050216674805
60.0,11.0,11.0,0.01916193962097168
45.0,11.0,11.0,0.015682458877563477
45.0,5.0,5.0,0.01487112045288086
20.0,3.0,3.0,0.00657963752746582
20.0,1.0,1.0,0.008283853530883789
143.0,14.0,14.0,0.047139883041381836
29.0,2.0,2.0,0.010847330093383789
27.0,3.0,3.0,0.008706092834472656
16.0,3.0,3.0,0.004589080810546875
17.0,3.0,3.0,0.005957365036010742
95.0,10.0,10.0,0.030605077743530273
19.0,2.0,2.0,0.007025957107543945
14.0,1.0,1.0,0.006000041961669922
30.0,5.0,5.0,0.009997129440307617
58.0,3.0,3.0,0.020786523818969727
34.0,2.0,2.0,0.010854005813598633
53.0,5.0,5.0,0.019420385360717773
24.0,1.0,1.0,0.008607864379882812
138.0,19.0,19.0,0.049892425537109375
20.0,0.0,0.0,0.0060002803802490234
34.0,2.0,2.0,0.012867212295532227
104.0,19.0,19.0,0.0379641056060791
54.0,5.0,5.0,0.02757430076599121
34.0,2.0,2.0,0.012873172760009766
30.0,2.0,2.0,0.011862993240356445
56.0,4.0,4.0,0.021320104598999023
81.0,8.0,8.0,0.026998281478881836
36.0,1.0,1.0,0.011884927749633789
18.0,1.0,1.0,0.006907939910888672
51.0,3.0,3.0,0.01784491539001465
20.0,6.0,6.0,0.007145881652832031
18.0,1.0,1.0,0.005586147308349609
17.0,2.0,2.0,0.0068929195404052734
27.0,4.0,4.0,0.009839296340942383
84.0,12.0,12.0,0.030717849731445312
31.0,3.0,3.0,0.010897397994995117
91.0,10.0,10.0,0.033632755279541016
29.0,3.0,3.0,0.0112152099609375
21.0,5.0,5.0,0.006585597991943359
46.0,5.0,5.0,0.016907691955566406
16.0,4.0,4.0,0.005410909652709961
33.0,3.0,3.0,0.01087641716003418
16.0,2.0,2.0,0.007296323776245117
13.0,1.0,1.0,0.00500035285949707
65.0,16.0,16.0,0.02146005630493164
96.0,11.0,11.0,0.03487420082092285
39.0,2.0,2.0,0.012685298919677734
19.0,3.0,3.0,0.006427764892578125
79.0,9.0,9.0,0.027367591857910156
16.0,1.0,1.0,0.006413936614990234
54.0,8.0,8.0,0.01796865463256836
33.0,1.0,1.0,0.01014399528503418
30.0,10.0,10.0,0.010002851486206055
71.0,11.0,11.0,0.025899171829223633
13.0,1.0,1.0,0.004075765609741211
46.0,9.0,9.0,0.014749288558959961
38.0,3.0,3.0,0.012719869613647461
49.0,1.0,1.0,0.015902996063232422
22.0,0.0,0.0,0.006951332092285156
49.0,5.0,5.0,0.015304327011108398
70.0,10.0,10.0,0.02603292465209961
13.0,0.0,0.0,0.0040242671966552734
118.0,30.0,30.0,0.03753495216369629
58.0,18.0,18.0,0.01939988136291504
22.0,0.0,0.0,0.007224321365356445
46.0,5.0,5.0,0.015271186828613281
15.0,1.0,1.0,0.0050280094146728516
44.0,5.0,5.0,0.01343393325805664
12.0,0.0,0.0,0.005709648132324219
36.0,3.0,3.0,0.012454986572265625
15.0,2.0,2.0,0.0049953460693359375
82.0,9.0,9.0,0.029079675674438477
51.0,8.0,8.0,0.016108989715576172
58.0,10.0,10.0,0.020868778228759766
19.0,2.0,2.0,0.007029294967651367
12.0,0.0,0.0,0.005096912384033203
103.0,11.0,11.0,0.03689289093017578
31.0,5.0,5.0,0.010071277618408203
16.0,2.0,2.0,0.00474095344543457
47.0,8.0,8.0,0.025217056274414062
41.0,9.0,9.0,0.026074647903442383
31.0,5.0,5.0,0.013242244720458984
53.0,9.0,9.0,0.024370193481445312
96.0,10.0,10.0,0.040641069412231445
14.0,2.0,2.0,0.007879257202148438
11.0,0.0,0.0,0.0033235549926757812
23.0,3.0,3.0,0.010047197341918945
127.0,22.0,22.0,0.04527568817138672
55.0,5.0,5.0,0.020304203033447266
36.0,3.0,3.0,0.013086557388305664
74.0,10.0,10.0,0.02331233024597168
17.0,0.0,0.0,0.005711793899536133
37.0,6.0,6.0,0.013991117477416992
31.0,5.0,5.0,0.011166095733642578
36.0,1.0,1.0,0.011730432510375977
15.0,1.0,1.0,0.004843235015869141
17.0,2.0,2.0,0.007318019866943359
39.0,3.0,3.0,0.01288461685180664
35.0,5.0,5.0,0.011045455932617188
100.0,14.0,14.0,0.034606218338012695
27.0,2.0,2.0,0.009577035903930664
15.0,2.0,2.0,0.006213188171386719
13.0,1.0,1.0,0.0047092437744140625
32.0,1.0,1.0,0.01193094253540039
17.0,5.0,5.0,0.006117820739746094
33.0,3.0,3.0,0.011191606521606445
37.0,3.0,3.0,0.013322591781616211
26.0,3.0,3.0,0.007910966873168945
51.0,6.0,6.0,0.01927804946899414
22.0,5.0,5.0,0.006671428680419922
12.0,1.0,1.0,0.004518270492553711
23.0,3.0,3.0,0.010097265243530273
38.0,10.0,10.0,0.013960599899291992
18.0,0.0,0.0,0.006130695343017578
19.0,2.0,2.0,0.005896091461181641
52.0,7.0,7.0,0.0198211669921875
18.0,1.0,1.0,0.005528926849365234
88.0,10.0,10.0,0.030215978622436523
73.0,9.0,9.0,0.025467872619628906
67.0,16.0,16.0,0.02306652069091797
21.0,0.0,0.0,0.007230281829833984
71.0,17.0,17.0,0.02204608917236328
33.0,4.0,4.0,0.010382890701293945
21.0,4.0,4.0,0.006169319152832031
69.0,9.0,9.0,0.022246837615966797
45.0,4.0,4.0,0.014516830444335938
28.0,2.0,2.0,0.009378433227539062
11.0,0.0,0.0,0.0040128231048583984
60.0,4.0,4.0,0.020885229110717773
43.0,3.0,3.0,0.013870000839233398
38.0,2.0,2.0,0.01273965835571289
16.0,2.0,2.0,0.0052111148834228516
23.0,5.0,5.0,0.007771015167236328
50.0,6.0,6.0,0.01699662208557129
47.0,12.0,12.0,0.015683889389038086
14.0,0.0,0.0,0.005346059799194336
64.0,7.0,7.0,0.022023916244506836
20.0,0.0,0.0,0.005843400955200195
37.0,8.0,8.0,0.011820316314697266
14.0,1.0,1.0,0.004628658294677734
19.0,5.0,5.0,0.006017923355102539
31.0,3.0,3.0,0.009768486022949219
38.0,9.0,9.0,0.01273488998413086
15.0,1.0,1.0,0.005636692047119141
15.0,3.0,3.0,0.0040950775146484375
17.0,4.0,4.0,0.007126569747924805
21.0,1.0,1.0,0.007056474685668945
50.0,7.0,7.0,0.0168149471282959
18.0,0.0,0.0,0.005892753601074219
11.0,0.0,0.0,0.003439664840698242
84.0,10.0,10.0,0.028666019439697266
42.0,9.0,9.0,0.016844511032104492
22.0,1.0,1.0,0.007504463195800781
73.0,8.0,8.0,0.024884462356567383
26.0,3.0,3.0,0.008873224258422852
32.0,1.0,1.0,0.014711380004882812
21.0,1.0,1.0,0.00742340087890625
31.0,2.0,2.0,0.01089620590209961
20.0,3.0,3.0,0.006534099578857422
64.0,7.0,7.0,0.026369094848632812
24.0,1.0,1.0,0.010384798049926758
77.0,8.0,8.0,0.03050827980041504
34.0,3.0,3.0,0.014001131057739258
38.0,11.0,11.0,0.014184236526489258
30.0,3.0,3.0,0.009206771850585938
23.0,6.0,6.0,0.007684230804443359
60.0,7.0,7.0,0.020276308059692383
71.0,9.0,9.0,0.02223491668701172
56.0,6.0,6.0,0.01847100257873535
18.0,3.0,3.0,0.005280017852783203
36.0,3.0,3.0,0.012128114700317383
29.0,7.0,7.0,0.008540868759155273
21.0,1.0,1.0,0.008070707321166992
45.0,7.0,7.0,0.013616800308227539
28.0,6.0,6.0,0.009629964828491211
12.0,0.0,0.0,0.003991603851318359
14.0,0.0,0.0,0.005094766616821289
82.0,14.0,14.0,0.026949405670166016
92.0,18.0,18.0,0.0305173397064209
41.0,6.0,6.0,0.014193534851074219
78.0,12.0,12.0,0.025420427322387695
19.0,3.0,3.0,0.005616903305053711
21.0,3.0,3.0,0.007268428802490234
41.0,6.0,6.0,0.014806747436523438
35.0,4.0,4.0,0.01346445083618164
19.0,4.0,4.0,0.008908271789550781
83.0,7.0,7.0,0.03441739082336426
148.0,16.0,16.0,0.04903745651245117
15.0,0.0,0.0,0.005543231964111328
20.0,2.0,2.0,0.006314992904663086
14.0,2.0,2.0,0.005203723907470703
28.0,1.0,1.0,0.012995243072509766
14.0,1.0,1.0,0.007019758224487305
25.0,4.0,4.0,0.010236978530883789
29.0,5.0,5.0,0.012402534484863281
30.0,2.0,2.0,0.012854337692260742
81.0,14.0,14.0,0.026417970657348633
38.0,5.0,5.0,0.012594938278198242
39.0,8.0,8.0,0.015967130661010742
24.0,9.0,9.0,0.008625030517578125
24.0,10.0,10.0,0.00780487060546875
50.0,4.0,4.0,0.0170745849609375
27.0,2.0,2.0,0.009321928024291992
46.0,4.0,4.0,0.016284942626953125
64.0,5.0,5.0,0.022653818130493164
11.0,0.0,0.0,0.004537343978881836
35.0,2.0,2.0,0.013491153717041016
36.0,4.0,4.0,0.012907266616821289
100.0,13.0,13.0,0.036089420318603516
84.0,7.0,7.0,0.03163504600524902
21.0,1.0,1.0,0.006755352020263672
19.0,5.0,5.0,0.007136821746826172
73.0,11.0,11.0,0.02593827247619629
77.0,9.0,9.0,0.0259552001953125
81.0,18.0,18.0,0.027155637741088867
29.0,1.0,1.0,0.011199474334716797
24.0,4.0,4.0,0.007996559143066406
83.0,10.0,10.0,0.02964329719543457
36.0,4.0,4.0,0.01697683334350586
44.0,9.0,9.0,0.018723726272583008
45.0,5.0,5.0,0.018165111541748047
12.0,0.0,0.0,0.005990266799926758
39.0,6.0,6.0,0.019216299057006836
46.0,20.0,20.0,0.024189472198486328
19.0,2.0,2.0,0.010271787643432617
111.0,13.0,13.0,0.050864219665527344
91.0,17.0,17.0,0.036226749420166016
26.0,3.0,3.0,0.01014089584350586
26.0,4.0,4.0,0.00935053825378418
19.0,0.0,0.0,0.007758617401123047
16.0,3.0,3.0,0.0065076351165771484
12.0,1.0,1.0,0.005535125732421875
17.0,1.0,1.0,0.006192684173583984
16.0,0.0,0.0,0.00668025016784668
21.0,0.0,0.0,0.0076100826263427734
18.0,5.0,5.0,0.00654911994934082
80.0,17.0,17.0,0.027117013931274414
41.0,4.0,4.0,0.014684200286865234
18.0,2.0,2.0,0.006132602691650391
29.0,5.0,5.0,0.008778572082519531
30.0,7.0,7.0,0.00935220718383789
15.0,0.0,0.0,0.0049991607666015625
12.0,1.0,1.0,0.004058122634887695
16.0,2.0,2.0,0.005160093307495117
89.0,6.0,6.0,0.028855323791503906
67.0,22.0,22.0,0.021837234497070312
37.0,2.0,2.0,0.015161752700805664
34.0,3.0,3.0,0.010291576385498047
22.0,3.0,3.0,0.007640838623046875
39.0,2.0,2.0,0.011535406112670898
94.0,6.0,6.0,0.030037879943847656
173.0,14.0,14.0,0.05679893493652344
49.0,9.0,9.0,0.015572547912597656
57.0,5.0,5.0,0.01859259605407715
95.0,8.0,8.0,0.03204154968261719
35.0,2.0,2.0,0.012561559677124023
17.0,2.0,2.0,0.005318164825439453
23.0,2.0,2.0,0.008356571197509766
143.0,23.0,23.0,0.04886960983276367
39.0,3.0,3.0,0.01316070556640625
38.0,1.0,1.0,0.012090682983398438
41.0,5.0,5.0,0.012832880020141602
23.0,0.0,0.0,0.0070209503173828125
46.0,7.0,7.0,0.017394542694091797
48.0,9.0,9.0,0.01869058609008789
29.0,3.0,3.0,0.010534048080444336
21.0,3.0,3.0,0.007020235061645508
68.0,7.0,7.0,0.022897958755493164
102.0,12.0,12.0,0.0395965576171875
188.0,28.0,28.0,0.06518340110778809
13.0,1.0,1.0,0.004477262496948242
60.0,5.0,5.0,0.021731853485107422
127.0,11.0,11.0,0.06145191192626953
44.0,4.0,4.0,0.01615595817565918
40.0,6.0,6.0,0.019891977310180664
13.0,1.0,1.0,0.003509998321533203
31.0,6.0,6.0,0.010900735855102539
138.0,22.0,22.0,0.047739267349243164
18.0,2.0,2.0,0.010201454162597656
36.0,7.0,7.0,0.01799488067626953
17.0,5.0,5.0,0.00632929801940918
52.0,9.0,9.0,0.016318798065185547
14.0,0.0,0.0,0.0046007633209228516
40.0,3.0,3.0,0.013649940490722656
100.0,7.0,7.0,0.040608882904052734
66.0,6.0,6.0,0.028629541397094727
87.0,17.0,17.0,0.030312538146972656
35.0,3.0,3.0,0.010686874389648438
36.0,7.0,7.0,0.012141704559326172
38.0,2.0,2.0,0.012171745300292969
25.0,6.0,6.0,0.01026296615600586
90.0,11.0,11.0,0.03211259841918945
14.0,3.0,3.0,0.0058901309967041016
30.0,9.0,9.0,0.009702444076538086
27.0,1.0,1.0,0.009726524353027344
73.0,8.0,8.0,0.0264127254486084
55.0,6.0,6.0,0.017930030822753906
33.0,10.0,10.0,0.009640932083129883
17.0,0.0,0.0,0.005789518356323242
68.0,3.0,3.0,0.020953655242919922
32.0,6.0,6.0,0.011380434036254883
15.0,1.0,1.0,0.004097938537597656
47.0,10.0,10.0,0.020027875900268555
14.0,1.0,1.0,0.006696462631225586
101.0,12.0,12.0,0.04048037528991699
20.0,2.0,2.0,0.010085821151733398
24.0,1.0,1.0,0.007878541946411133
32.0,4.0,4.0,0.010876655578613281
75.0,6.0,6.0,0.0239412784576416
40.0,8.0,8.0,0.012647628784179688
20.0,1.0,1.0,0.007527351379394531
34.0,3.0,3.0,0.012209653854370117
14.0,2.0,2.0,0.006197452545166016
25.0,1.0,1.0,0.009185075759887695
178.0,15.0,15.0,0.09183692932128906
15.0,4.0,4.0,0.011029481887817383
27.0,6.0,6.0,0.0089874267578125
88.0,12.0,12.0,0.0271761417388916
36.0,4.0,4.0,0.01119375228881836
122.0,16.0,16.0,0.03878188133239746
31.0,3.0,3.0,0.009729146957397461
24.0,2.0,2.0,0.007124900817871094
58.0,6.0,6.0,0.018702983856201172
24.0,4.0,4.0,0.006927490234375
18.0,5.0,5.0,0.005362272262573242
95.0,16.0,16.0,0.030850648880004883
46.0,2.0,2.0,0.015719175338745117
30.0,1.0,1.0,0.010044574737548828
30.0,1.0,1.0,0.011600971221923828
35.0,11.0,11.0,0.011368513107299805
13.0,0.0,0.0,0.004000425338745117
13.0,0.0,0.0,0.007360696792602539
26.0,5.0,5.0,0.010148763656616211
16.0,3.0,3.0,0.006017208099365234
15.0,1.0,1.0,0.004610538482666016
26.0,3.0,3.0,0.008159875869750977
72.0,3.0,3.0,0.023370027542114258
86.0,14.0,14.0,0.02696371078491211
23.0,2.0,2.0,0.009326934814453125
19.0,2.0,2.0,0.006143808364868164
72.0,11.0,11.0,0.025293827056884766
42.0,10.0,10.0,0.014293670654296875
160.0,20.0,20.0,0.06422686576843262
18.0,0.0,0.0,0.0054781436920166016
14.0,0.0,0.0,0.00519561767578125
16.0,5.0,5.0,0.006317138671875
14.0,0.0,0.0,0.006421804428100586
11.0,0.0,0.0,0.005365848541259766
39.0,3.0,3.0,0.01368403434753418
33.0,4.0,4.0,0.011837244033813477
21.0,2.0,2.0,0.006526947021484375
66.0,8.0,8.0,0.022876977920532227
38.0,2.0,2.0,0.012689352035522461
68.0,13.0,13.0,0.02554035186767578
27.0,6.0,6.0,0.010702133178710938
73.0,13.0,13.0,0.027150630950927734
53.0,4.0,4.0,0.01660442352294922
57.0,5.0,5.0,0.020641088485717773
70.0,7.0,7.0,0.026353836059570312
30.0,5.0,5.0,0.010365009307861328
12.0,0.0,0.0,0.0034317970275878906
32.0,2.0,2.0,0.010707378387451172
19.0,2.0,2.0,0.006046295166015625
38.0,5.0,5.0,0.011847496032714844
23.0,4.0,4.0,0.007011890411376953
48.0,13.0,13.0,0.01754903793334961
12.0,0.0,0.0,0.0047800540924072266
16.0,0.0,0.0,0.005041599273681641
117.0,20.0,20.0,0.04537081718444824
61.0,8.0,8.0,0.018599271774291992
25.0,0.0,0.0,0.00771641731262207
71.0,7.0,7.0,0.023348093032836914
17.0,3.0,3.0,0.005716800689697266
38.0,1.0,1.0,0.013330221176147461
61.0,3.0,3.0,0.020730972290039062
32.0,4.0,4.0,0.010190248489379883
58.0,11.0,11.0,0.020204544067382812
42.0,5.0,5.0,0.012798070907592773
177.0,21.0,21.0,0.062111854553222656
31.0,4.0,4.0,0.01147150993347168
15.0,2.0,2.0,0.006525278091430664
21.0,6.0,6.0,0.007142782211303711
14.0,1.0,1.0,0.005631923675537109
11.0,0.0,0.0,0.004185676574707031
32.0,3.0,3.0,0.010528087615966797
16.0,0.0,0.0,0.006623029708862305
62.0,4.0,4.0,0.022493362426757812
40.0,3.0,3.0,0.017246007919311523
15.0,1.0,1.0,0.0056684017181396484
97.0,16.0,16.0,0.03565835952758789
32.0,1.0,1.0,0.010006904602050781
67.0,9.0,9.0,0.0221710205078125
60.0,7.0,7.0,0.018343210220336914
76.0,6.0,6.0,0.030089139938354492
72.0,8.0,8.0,0.024975061416625977
71.0,6.0,6.0,0.02246880531311035
11.0,0.0,0.0,0.0033402442932128906
48.0,6.0,6.0,0.015671968460083008
67.0,13.0,13.0,0.020856618881225586
68.0,13.0,13.0,0.020982027053833008
107.0,10.0,10.0,0.0363311767578125
56.0,3.0,3.0,0.017861604690551758
67.0,3.0,3.0,0.021335840225219727
30.0,3.0,3.0,0.010718345642089844
107.0,19.0,19.0,0.039984941482543945
23.0,3.0,3.0,0.007126569747924805
29.0,1.0,1.0,0.01184701919555664
26.0,1.0,1.0,0.008638620376586914
60.0,6.0,6.0,0.022129535675048828
16.0,3.0,3.0,0.007063150405883789
15.0,3.0,3.0,0.009344339370727539
91.0,12.0,12.0,0.0362393856048584
13.0,1.0,1.0,0.005652666091918945
89.0,8.0,8.0,0.038976192474365234
98.0,22.0,22.0,0.03760695457458496
79.0,9.0,9.0,0.026224374771118164
130.0,14.0,14.0,0.0441586971282959
61.0,10.0,10.0,0.02371835708618164
36.0,0.0,0.0,0.014472484588623047
21.0,1.0,1.0,0.00775456428527832
102.0,10.0,10.0,0.039862632751464844
23.0,3.0,3.0,0.009566545486450195
43.0,5.0,5.0,0.016895771026611328
118.0,17.0,17.0,0.046498775482177734
13.0,0.0,0.0,0.004546642303466797
14.0,0.0,0.0,0.007136821746826172
111.0,21.0,21.0,0.035715341567993164
24.0,9.0,9.0,0.007413148880004883
11.0,0.0,0.0,0.0035181045532226562
26.0,8.0,8.0,0.008137226104736328
53.0,6.0,6.0,0.017336368560791016
62.0,4.0,4.0,0.02254629135131836
166.0,19.0,19.0,0.06853604316711426
94.0,14.0,14.0,0.04047060012817383
24.0,0.0,0.0,0.010354042053222656
189.0,20.0,20.0,0.07202982902526855
139.0,29.0,29.0,0.0498347282409668
32.0,4.0,4.0,0.012141227722167969
103.0,7.0,7.0,0.03264355659484863
18.0,2.0,2.0,0.007521152496337891
91.0,10.0,10.0,0.035045623779296875
37.0,3.0,3.0,0.015300750732421875
17.0,2.0,2.0,0.006513118743896484
61.0,12.0,12.0,0.023354768753051758
96.0,13.0,13.0,0.03504323959350586
18.0,4.0,4.0,0.007706642150878906
31.0,3.0,3.0,0.011034965515136719
42.0,1.0,1.0,0.018352031707763672
110.0,14.0,14.0,0.04943132400512695
55.0,9.0,9.0,0.019337177276611328
38.0,2.0,2.0,0.013372182846069336
35.0,3.0,3.0,0.014712810516357422
28.0,2.0,2.0,0.00971364974975586
16.0,2.0,2.0,0.008403539657592773
38.0,4.0,4.0,0.013233661651611328
39.0,4.0,4.0,0.014898300170898438
87.0,16.0,16.0,0.03244137763977051
12.0,1.0,1.0,0.004511833190917969
66.0,7.0,7.0,0.024205923080444336
89.0,7.0,7.0,0.03424692153930664
29.0,2.0,2.0,0.011420965194702148
79.0,11.0,11.0,0.028417110443115234
66.0,4.0,4.0,0.02327728271484375
36.0,5.0,5.0,0.012221813201904297
133.0,8.0,8.0,0.04839277267456055
17.0,0.0,0.0,0.006795167922973633
44.0,4.0,4.0,0.035082340240478516
75.0,7.0,7.0,0.031465768814086914
21.0,2.0,2.0,0.01904296875
29.0,0.0,0.0,0.013779401779174805
68.0,32.0,32.0,0.03317427635192871
38.0,3.0,3.0,0.020560026168823242
48.0,12.0,12.0,0.02070474624633789
39.0,5.0,5.0,0.017542362213134766
72.0,5.0,5.0,0.023311614990234375
65.0,12.0,12.0,0.021448850631713867
43.0,7.0,7.0,0.014917373657226562
26.0,0.0,0.0,0.008341550827026367
21.0,1.0,1.0,0.00674128532409668
18.0,1.0,1.0,0.005423784255981445
41.0,5.0,5.0,0.014725446701049805
32.0,5.0,5.0,0.010834693908691406
29.0,6.0,6.0,0.010857582092285156
43.0,9.0,9.0,0.016106843948364258
48.0,6.0,6.0,0.0176241397857666
76.0,10.0,10.0,0.024497270584106445
28.0,3.0,3.0,0.009173393249511719
18.0,1.0,1.0,0.006669044494628906
22.0,2.0,2.0,0.007172584533691406
27.0,4.0,4.0,0.008934736251831055
19.0,0.0,0.0,0.005677461624145508
25.0,3.0,3.0,0.008095502853393555
36.0,5.0,5.0,0.012115716934204102
17.0,5.0,5.0,0.006012439727783203
57.0,7.0,7.0,0.019346952438354492
12.0,1.0,1.0,0.003993034362792969
77.0,12.0,12.0,0.027430295944213867
77.0,10.0,10.0,0.024643421173095703
96.0,21.0,21.0,0.03209352493286133
59.0,5.0,5.0,0.023769378662109375
29.0,6.0,6.0,0.009442567825317383
87.0,14.0,14.0,0.03242778778076172
59.0,6.0,6.0,0.01962733268737793
21.0,3.0,3.0,0.007170200347900391
42.0,4.0,4.0,0.01430201530456543
47.0,4.0,4.0,0.01527094841003418
17.0,1.0,1.0,0.005694389343261719
33.0,5.0,5.0,0.009528636932373047
37.0,5.0,5.0,0.012642621994018555
82.0,8.0,8.0,0.028507232666015625
35.0,2.0,2.0,0.014281749725341797
93.0,11.0,11.0,0.03136134147644043
21.0,0.0,0.0,0.006658792495727539
31.0,1.0,1.0,0.010593414306640625
17.0,0.0,0.0,0.00538945198059082
14.0,1.0,1.0,0.006525516510009766
104.0,13.0,13.0,0.037481069564819336
19.0,1.0,1.0,0.006314992904663086
37.0,4.0,4.0,0.01298666000366211
11.0,0.0,0.0,0.004137277603149414
21.0,5.0,5.0,0.0066487789154052734
127.0,10.0,10.0,0.04703092575073242
86.0,12.0,12.0,0.032402753829956055
56.0,10.0,10.0,0.017727375030517578
88.0,11.0,11.0,0.029979467391967773
11.0,0.0,0.0,0.003998756408691406
57.0,17.0,17.0,0.018620967864990234
26.0,2.0,2.0,0.009190082550048828
13.0,1.0,1.0,0.0045506954193115234
26.0,6.0,6.0,0.009459972381591797
25.0,0.0,0.0,0.008941888809204102
17.0,0.0,0.0,0.0056610107421875
40.0,4.0,4.0,0.017111778259277344
24.0,3.0,3.0,0.008835315704345703
70.0,5.0,5.0,0.02575087547302246
34.0,0.0,0.0,0.012264251708984375
28.0,3.0,3.0,0.010152101516723633
66.0,8.0,8.0,0.02534008026123047
12.0,1.0,1.0,0.0039997100830078125
30.0,6.0,6.0,0.009896516799926758
15.0,0.0,0.0,0.005534172058105469
53.0,15.0,15.0,0.017755985260009766
130.0,7.0,7.0,0.047820091247558594
18.0,4.0,4.0,0.006399393081665039
21.0,2.0,2.0,0.007199525833129883
21.0,1.0,1.0,0.006644248962402344
47.0,3.0,3.0,0.01605367660522461
36.0,6.0,6.0,0.011707544326782227
13.0,1.0,1.0,0.005003452301025391
120.0,19.0,19.0,0.04104042053222656
39.0,3.0,3.0,0.01593756675720215
26.0,1.0,1.0,0.009663820266723633
58.0,5.0,5.0,0.01822638511657715
29.0,6.0,6.0,0.010877609252929688
42.0,8.0,8.0,0.013926267623901367
115.0,15.0,15.0,0.03845930099487305
111.0,14.0,14.0,0.04189705848693848
36.0,3.0,3.0,0.015323162078857422
37.0,5.0,5.0,0.012432336807250977
24.0,5.0,5.0,0.011238336563110352
47.0,6.0,6.0,0.018712997436523438
30.0,0.0,0.0,0.011635780334472656
50.0,4.0,4.0,0.017418384552001953
58.0,10.0,10.0,0.0187225341796875
20.0,2.0,2.0,0.006433725357055664
33.0,2.0,2.0,0.012086629867553711
22.0,5.0,5.0,0.007493019104003906
16.0,3.0,3.0,0.005335092544555664
15.0,2.0,2.0,0.0052032470703125
17.0,3.0,3.0,0.006554841995239258
12.0,1.0,1.0,0.004425764083862305
26.0,3.0,3.0,0.010617494583129883
19.0,4.0,4.0,0.007441282272338867
22.0,5.0,5.0,0.009700536727905273
12.0,2.0,2.0,0.0057756900787353516
29.0,2.0,2.0,0.011510133743286133
77.0,3.0,3.0,0.03711104393005371
46.0,5.0,5.0,0.020313739776611328
25.0,1.0,1.0,0.010800838470458984
24.0,9.0,9.0,0.008689403533935547
26.0,6.0,6.0,0.009108543395996094
18.0,0.0,0.0,0.005635499954223633
50.0,11.0,11.0,0.01893305778503418
59.0,7.0,7.0,0.01945781707763672
29.0,2.0,2.0,0.008718013763427734
22.0,2.0,2.0,0.007600069046020508
32.0,7.0,7.0,0.010591745376586914
43.0,2.0,2.0,0.014761686325073242
31.0,5.0,5.0,0.010645389556884766
38.0,9.0,9.0,0.013957738876342773
48.0,8.0,8.0,0.015806198120117188
55.0,7.0,7.0,0.017925739288330078
79.0,7.0,7.0,0.031140565872192383
45.0,8.0,8.0,0.01575446128845215
27.0,1.0,1.0,0.009233713150024414
32.0,4.0,4.0,0.010669231414794922
38.0,13.0,13.0,0.014417171478271484
17.0,0.0,0.0,0.005678415298461914
19.0,1.0,1.0,0.006262063980102539
35.0,1.0,1.0,0.010328292846679688
46.0,3.0,3.0,0.015150785446166992
12.0,0.0,0.0,0.003690004348754883
26.0,0.0,0.0,0.008298635482788086
31.0,3.0,3.0,0.010576963424682617
29.0,2.0,2.0,0.013631343841552734
51.0,7.0,7.0,0.027902603149414062
13.0,0.0,0.0,0.004881858825683594
26.0,7.0,7.0,0.010856866836547852
51.0,9.0,9.0,0.017670392990112305
56.0,10.0,10.0,0.02071356773376465
25.0,6.0,6.0,0.009016990661621094
62.0,4.0,4.0,0.02364516258239746
31.0,3.0,3.0,0.012149810791015625
38.0,2.0,2.0,0.01510477066040039
30.0,2.0,2.0,0.010164737701416016
25.0,5.0,5.0,0.01092672348022461
186.0,22.0,22.0,0.06377768516540527
63.0,11.0,11.0,0.022409439086914062
67.0,9.0,9.0,0.02143692970275879
29.0,1.0,1.0,0.009989738464355469
42.0,5.0,5.0,0.012819766998291016
48.0,5.0,5.0,0.020729541778564453
41.0,4.0,4.0,0.016561269760131836
127.0,17.0,17.0,0.0466156005859375
36.0,0.0,0.0,0.011545658111572266
72.0,7.0,7.0,0.023046255111694336
66.0,6.0,6.0,0.022420644760131836
100.0,10.0,10.0,0.03348422050476074
16.0,2.0,2.0,0.006001710891723633
41.0,10.0,10.0,0.013714313507080078
19.0,2.0,2.0,0.007965087890625
23.0,4.0,4.0,0.009710550308227539
48.0,4.0,4.0,0.018994569778442383
18.0,3.0,3.0,0.00808262825012207
148.0,22.0,22.0,0.05478620529174805
24.0,1.0,1.0,0.010169744491577148
23.0,3.0,3.0,0.009592294692993164
31.0,3.0,3.0,0.014258384704589844
61.0,7.0,7.0,0.02243804931640625
37.0,7.0,7.0,0.015326499938964844
55.0,8.0,8.0,0.020400047302246094
26.0,2.0,2.0,0.007415056228637695
88.0,6.0,6.0,0.03250622749328613
16.0,0.0,0.0,0.005695343017578125
155.0,26.0,26.0,0.055233001708984375
74.0,6.0,6.0,0.02364349365234375
29.0,3.0,3.0,0.00929713249206543
47.0,4.0,4.0,0.014658212661743164
74.0,9.0,9.0,0.023987770080566406
37.0,5.0,5.0,0.011956214904785156
55.0,6.0,6.0,0.020531177520751953
45.0,5.0,5.0,0.015837907791137695
23.0,3.0,3.0,0.0075702667236328125
13.0,1.0,1.0,0.0045490264892578125
13.0,1.0,1.0,0.006018638610839844
67.0,8.0,8.0,0.02610015869140625
45.0,3.0,3.0,0.01483011245727539
24.0,2.0,2.0,0.007645130157470703
